date,city,movie_title,cinema_name,time,format,language,event_type,availability,booking_url,scraped_at
2026-08-08,podlaska,Minionki i straszydła,Biała Podlaska,10:40,2D,,regular,1.0,https://tickets.cinema-city.pl/api/order/1611274?lang=pl,2026-08-08T08:43:21.080906
2026-08-08,podlaska,Toy Story 5,Biała Podlaska,11:10,2D,original,regular,1.0,https://tickets.cinema-city.pl/api/order/1611272?lang=pl,2026-08-08T08:43:21.080936
2026-08-08,podlaska,Psi patrol i dinozaury,Biała Podlaska,12:10,2D,,regular,1.0,https://tickets.cinema-city.pl/api/order/1597720?lang=pl,2026-08-08T08:43:21.080947
2026-08-08,podlaska,Spider-Man: Całkiem nowy dzień,Biała Podlaska,12:10,2D,original,regular,1.0,https://tickets.cinema-city.pl/api/order/1611264?lang=pl,2026-08-08T08:43:21.080958
2026-08-08,podlaska,Vaiana,Biała Podlaska,12:50,2D,original,regular,1.0,https://tickets.cinema-city.pl/api/order/1611276?lang=pl,2026-08-08T08:43:21.080967
2026-08-08,podlaska,Spider-Man: Całkiem nowy dzień,Biała Podlaska,13:40,3D,original,regular,1.0,https://tickets.cinema-city.pl/api/order/1611258?lang=pl,2026-08-08T08:43:21.080976
2026-08-08,podlaska,Psi patrol i dinozaury,Biała Podlaska,14:20,2D,,regular,1.0,https://tickets.cinema-city.pl/api/order/1597721?lang=pl,2026-08-08T08:43:21.080984
2026-08-08,podlaska,Spider-Man: Całkiem nowy dzień,Biała Podlaska,15:20,2D,original,regular,1.0,https://tickets.cinema-city.pl/api/order/1611266?lang=pl,2026-08-08T08:43:21.081007
2026-08-08,podlaska,Minionki i straszydła,Biała Podlaska,15:30,2D,,regular,1.0,https://tickets.cinema-city.pl/api/order/1611278?lang=pl,2026-08-08T08:43:21.081022
2026-08-08,podlaska,Psi patrol i dinozaury,Biała Podlaska,16:30,2D,,regular,1.0,https://tickets.cinema-city.pl/api/order/1597722?lang=pl,2026-08-08T08:43:21.081033
2026-08-08,podlaska,Spider-Man: Całkiem nowy dzień,Biała Podlaska,16:50,3D,original,regular,1.0,https://tickets.cinema-city.pl/api/order/1611260?lang=pl,2026-08-08T08:43:21.081041
2026-08-08,podlaska,Ice Cream Man,Biała Podlaska,17:40,2D,original,regular,1.0,https://tickets.cinema-city.pl/api/order/1611280?lang=pl,2026-08-08T08:43:21.081049
2026-08-08,podlaska,Spider-Man: Całkiem nowy dzień,Biała Podlaska,18:30,2D,original,regular,1.0,https://tickets.cinema-city.pl/api/order/1611268?lang=pl,2026-08-08T08:43:21.081056
2026-08-08,podlaska,Psi patrol i dinozaury,Biała Podlaska,18:40,2D,,regular,1.0,https://tickets.cinema-city.pl/api/order/1597723?lang=pl,2026-08-08T08:43:21.081063
2026-08-08,podlaska,Władca Pierścieni: Dwie wieże (wersja rozszerzona),Biała Podlaska,20:00,2D,original,regular,1.0,https://tickets.cinema-city.pl/api/order/1568099?lang=pl,2026-08-08T08:43:21.081072
2026-08-08,podlaska,Odyseja,Biała Podlaska,20:15,2D,original,regular,1.0,https://tickets.cinema-city.pl/api/order/1611282?lang=pl,2026-08-08T08:43:21.081080
2026-08-08,podlaska,Spider-Man: Całkiem nowy dzień,Biała Podlaska,20:50,2D,original,regular,1.0,https://tickets.cinema-city.pl/api/order/1611455?lang=pl,2026-08-08T08:43:21.081087
2026-08-08,podlaska,Ice Cream Man,Biała Podlaska,21:40,2D,original,regular,1.0,https://tickets.cinema-city.pl/api/order/1611270?lang=pl,2026-08-08T08:43:21.081093
2026-08-08,bielsko-biała,Spider-Man: Całkiem nowy dzień,Bielsko-Biała,10:30,2D,original,regular,1.0,https://tickets.cinema-city.pl/api/order/1612107?lang=pl,2026-08-08T08:43:23.366854
2026-08-08,bielsko-biała,Toy Story 5,Bielsko-Biała,10:40,2D,original,regular,1.0,https://tickets.cinema-city.pl/api/order/1614993?lang=pl,2026-08-08T08:43:23.366879
2026-08-08,bielsko-biała,Psi patrol i dinozaury,Bielsko-Biała,11:20,2D,,regular,1.0,https://tickets.cinema-city.pl/api/order/1596635?lang=pl,2026-08-08T08:43:23.366888
2026-08-08,bielsko-biała,Spider-Man: Całkiem nowy dzień,Bielsko-Biała,11:20,2D,original,regular,1.0,https://tickets.cinema-city.pl/api/order/1612883?lang=pl,2026-08-08T08:43:23.366896
2026-08-08,bielsko-biała,Odyseja,Bielsko-Biała,11:30,2D,original,regular,1.0,https://tickets.cinema-city.pl/api/order/1611910?lang=pl,2026-08-08T08:43:23.366904
2026-08-08,bielsko-biała,Minionki i straszydła,Bielsko-Biała,11:40,2D,,regular,1.0,https://tickets.cinema-city.pl/api/order/1614963?lang=pl,2026-08-08T08:43:23.366911
2026-08-08,bielsko-biała,Spider-Man: Całkiem nowy dzień,Bielsko-Biała,12:10,2D,original,regular,1.0,https://tickets.cinema-city.pl/api/order/1614029?lang=pl,2026-08-08T08:43:23.366918
2026-08-08,bielsko-biała,Psi patrol i dinozaury,Bielsko-Biała,12:30,2D,,regular,1.0,https://tickets.cinema-city.pl/api/order/1596654?lang=pl,2026-08-08T08:43:23.366925
2026-08-08,bielsko-biała,Odyseja,Bielsko-Biała,12:30,2D,original,regular,1.0,https://tickets.cinema-city.pl/api/order/1613121?lang=pl,2026-08-08T08:43:23.366932
2026-08-08,bielsko-biała,Vaiana,Bielsko-Biała,12:50,2D,original,regular,1.0,https://tickets.cinema-city.pl/api/order/1614562?lang=pl,2026-08-08T08:43:23.366940
2026-08-08,bielsko-biała,Toy Story 5,Bielsko-Biała,13:10,2D,original,regular,1.0,https://tickets.cinema-city.pl/api/order/1614999?lang=pl,2026-08-08T08:43:23.366948
2026-08-08,bielsko-biała,Psi patrol i dinozaury,Bielsko-Biała,13:30,2D,,regular,1.0,https://tickets.cinema-city.pl/api/order/1596636?lang=pl,2026-08-08T08:43:23.366954
2026-08-08,bielsko-biała,Spider-Man: Całkiem nowy dzień,Bielsko-Biała,13:40,2D,original,regular,1.0,https://tickets.cinema-city.pl/api/order/1612130?lang=pl,2026-08-08T08:43:23.366962
2026-08-08,bielsko-biała,Minionki i straszydła,Bielsko-Biała,13:50,2D,,regular,1.0,https://tickets.cinema-city.pl/api/order/1614969?lang=pl,2026-08-08T08:43:23.366968
2026-08-08,bielsko-biała,Spider-Man: Całkiem nowy dzień,Bielsko-Biała,14:30,3D,original,regular,1.0,https://tickets.cinema-city.pl/api/order/1612889?lang=pl,2026-08-08T08:43:23.366975
2026-08-08,bielsko-biała,Psi patrol i dinozaury,Bielsko-Biała,14:40,2D,,regular,1.0,https://tickets.cinema-city.pl/api/order/1596651?lang=pl,2026-08-08T08:43:23.366982
2026-08-08,bielsko-biała,Odyseja,Bielsko-Biała,15:15,2D,original,regular,1.0,https://tickets.cinema-city.pl/api/order/1611917?lang=pl,2026-08-08T08:43:23.366989
2026-08-08,bielsko-biała,Spider-Man: Całkiem nowy dzień,Bielsko-Biała,15:20,2D,original,regular,1.0,https://tickets.cinema-city.pl/api/order/1614035?lang=pl,2026-08-08T08:43:23.366996
2026-08-08,bielsko-biała,Ice Cream Man,Bielsko-Biała,15:30,2D,original,regular,1.0,https://tickets.cinema-city.pl/api/order/1614568?lang=pl,2026-08-08T08:43:23.367002
2026-08-08,bielsko-biała,Psi patrol i dinozaury,Bielsko-Biała,15:40,2D,,regular,1.0,https://tickets.cinema-city.pl/api/order/1596638?lang=pl,2026-08-08T08:43:23.367009
2026-08-08,bielsko-biała,Toy Story 5,Bielsko-Biała,15:40,2D,original,regular,1.0,https://tickets.cinema-city.pl/api/order/1615005?lang=pl,2026-08-08T08:43:23.367016
2026-08-08,bielsko-biała,Minionki i straszydła,Bielsko-Biała,16:10,2D,,regular,1.0,https://tickets.cinema-city.pl/api/order/1614975?lang=pl,2026-08-08T08:43:23.367023
2026-08-08,bielsko-biała,Odyseja,Bielsko-Biała,16:15,2D,original,regular,1.0,https://tickets.cinema-city.pl/api/order/1613123?lang=pl,2026-08-08T08:43:23.367029
2026-08-08,bielsko-biała,Psi patrol i dinozaury,Bielsko-Biała,16:50,2D,,regular,1.0,https://tickets.cinema-city.pl/api/order/1596646?lang=pl,2026-08-08T08:43:23.367036
2026-08-08,bielsko-biała,Spider-Man: Całkiem nowy dzień,Bielsko-Biała,16:50,2D,original,regular,1.0,https://tickets.cinema-city.pl/api/order/1612143?lang=pl,2026-08-08T08:43:23.367043
2026-08-08,bielsko-biała,Spider-Man: Całkiem nowy dzień,Bielsko-Biała,17:40,3D,original,regular,1.0,https://tickets.cinema-city.pl/api/order/1612896?lang=pl,2026-08-08T08:43:23.367049
2026-08-08,bielsko-biała,Psi patrol i dinozaury,Bielsko-Biała,17:50,2D,,regular,1.0,https://tickets.cinema-city.pl/api/order/1596639?lang=pl,2026-08-08T08:43:23.367056
2026-08-08,bielsko-biała,Ice Cream Man,Bielsko-Biała,18:00,2D,original,regular,1.0,https://tickets.cinema-city.pl/api/order/1614574?lang=pl,2026-08-08T08:43:23.367063
2026-08-08,bielsko-biała,Odyseja,Bielsko-Biała,18:00,2D,original,regular,1.0,https://tickets.cinema-city.pl/api/order/1615011?lang=pl,2026-08-08T08:43:23.367069
2026-08-08,bielsko-biała,Kandydaci śmierci,Bielsko-Biała,18:20,2D,original,regular,1.0,https://tickets.cinema-city.pl/api/order/1614981?lang=pl,2026-08-08T08:43:23.367076
2026-08-08,bielsko-biała,Spider-Man: Całkiem nowy dzień,Bielsko-Biała,18:30,2D,original,regular,1.0,https://tickets.cinema-city.pl/api/order/1614041?lang=pl,2026-08-08T08:43:23.367083
2026-08-08,bielsko-biała,Psi patrol i dinozaury,Bielsko-Biała,19:00,2D,,regular,1.0,https://tickets.cinema-city.pl/api/order/1596643?lang=pl,2026-08-08T08:43:23.367089
2026-08-08,bielsko-biała,Odyseja,Bielsko-Biała,19:00,2D,original,regular,1.0,https://tickets.cinema-city.pl/api/order/1611935?lang=pl,2026-08-08T08:43:23.367096
2026-08-08,bielsko-biała,Władca Pierścieni: Dwie wieże (wersja rozszerzona),Bielsko-Biała,20:00,2D,original,regular,1.0,https://tickets.cinema-city.pl/api/order/1568018?lang=pl,2026-08-08T08:43:23.367104
2026-08-08,bielsko-biała,Psi patrol i dinozaury,Bielsko-Biała,20:00,2D,,regular,1.0,https://tickets.cinema-city.pl/api/order/1596641?lang=pl,2026-08-08T08:43:23.367110
2026-08-08,bielsko-biała,Spider-Man: Całkiem nowy dzień,Bielsko-Biała,20:00,2D,original,regular,1.0,https://tickets.cinema-city.pl/api/order/1612163?lang=pl,2026-08-08T08:43:23.367118
2026-08-08,bielsko-biała,Tylko jedna noc,Bielsko-Biała,20:30,2D,original,regular,1.0,https://tickets.cinema-city.pl/api/order/1620641?lang=pl,2026-08-08T08:43:23.367125
2026-08-08,bielsko-biała,Backrooms. Bez wyjścia - wersja rozszerzona,Bielsko-Biała,20:45,2D,original,regular,1.0,https://tickets.cinema-city.pl/api/order/1620642?lang=pl,2026-08-08T08:43:23.367133
2026-08-08,bielsko-biała,Spider-Man: Całkiem nowy dzień,Bielsko-Biała,20:50,2D,original,regular,1.0,https://tickets.cinema-city.pl/api/order/1612902?lang=pl,2026-08-08T08:43:23.367140
2026-08-08,bielsko-biała,Ice Cream Man,Bielsko-Biała,21:20,2D,original,regular,1.0,https://tickets.cinema-city.pl/api/order/1613676?lang=pl,2026-08-08T08:43:23.367147
2026-08-08,bielsko-biała,Odyseja,Bielsko-Biała,21:40,2D,original,regular,1.0,https://tickets.cinema-city.pl/api/order/1615017?lang=pl,2026-08-08T08:43:23.367153
2026-08-08,bielsko-biała,Spider-Man: Całkiem nowy dzień,Bielsko-Biała,21:45,2D,original,regular,1.0,https://tickets.cinema-city.pl/api/order/1614047?lang=pl,2026-08-08T08:43:23.367160
2026-08-08,bielsko-biała,Zaproszenie,Bielsko-Biała,22:10,2D,original,regular,1.0,https://tickets.cinema-city.pl/api/order/1613349?lang=pl,2026-08-08T08:43:23.367167
2026-08-08,bydgoszcz,Spider-Man: Całkiem nowy dzień,Bydgoszcz,10:30,2D,original,regular,1.0,https://tickets.cinema-city.pl/api/order/1618578?lang=pl,2026-08-08T08:43:25.618881
2026-08-08,bydgoszcz,Minionki i straszydła,Bydgoszcz,10:40,2D,,regular,1.0,https://tickets.cinema-city.pl/api/order/1619277?lang=pl,2026-08-08T08:43:25.618905
2026-08-08,bydgoszcz,Ekipa zwierzaków,Bydgoszcz,10:45,2D,,regular,1.0,https://tickets.cinema-city.pl/api/order/1618287?lang=pl,2026-08-08T08:43:25.618915
2026-08-08,bydgoszcz,Spider-Man: Całkiem nowy dzień,Bydgoszcz,11:00,4DX,original,regular,1.0,https://tickets.cinema-city.pl/api/order/1620254?lang=pl,2026-08-08T08:43:25.618923
2026-08-08,bydgoszcz,Psi patrol i dinozaury,Bydgoszcz,11:20,2D,,regular,1.0,https://tickets.cinema-city.pl/api/order/1597545?lang=pl,2026-08-08T08:43:25.618932
2026-08-08,bydgoszcz,Odyseja,Bydgoszcz,11:30,2D,original,regular,1.0,https://tickets.cinema-city.pl/api/order/1618868?lang=pl,2026-08-08T08:43:25.618940
2026-08-08,bydgoszcz,Minionki i straszydła,Bydgoszcz,11:40,2D,,regular,1.0,https://tickets.cinema-city.pl/api/order/1620179?lang=pl,2026-08-08T08:43:25.618946
2026-08-08,bydgoszcz,Toy Story 5,Bydgoszcz,12:00,2D,original,regular,1.0,https://tickets.cinema-city.pl/api/order/1620002?lang=pl,2026-08-08T08:43:25.618955
2026-08-08,bydgoszcz,Spider-Man: Całkiem nowy dzień,Bydgoszcz,12:10,2D,original,regular,1.0,https://tickets.cinema-city.pl/api/order/1619516?lang=pl,2026-08-08T08:43:25.618962
2026-08-08,bydgoszcz,Vaiana,Bydgoszcz,12:10,2D,original,regular,1.0,https://tickets.cinema-city.pl/api/order/1620056?lang=pl,2026-08-08T08:43:25.618970
2026-08-08,bydgoszcz,Psi patrol i dinozaury,Bydgoszcz,12:30,2D,,regular,1.0,https://tickets.cinema-city.pl/api/order/1597537?lang=pl,2026-08-08T08:43:25.618976
2026-08-08,bydgoszcz,Spider-Man: Całkiem nowy dzień ukraiński dubbing,Bydgoszcz,12:50,2D,dubbing,regular,1.0,https://tickets.cinema-city.pl/api/order/1618160?lang=pl,2026-08-08T08:43:25.618984
2026-08-08,bydgoszcz,Minionki i straszydła,Bydgoszcz,12:50,2D,,regular,1.0,https://tickets.cinema-city.pl/api/order/1619283?lang=pl,2026-08-08T08:43:25.618991
2026-08-08,bydgoszcz,Spider-Man: Całkiem nowy dzień,Bydgoszcz,13:15,2D,original,regular,1.0,https://tickets.cinema-city.pl/api/order/1619418?lang=pl,2026-08-08T08:43:25.618997
2026-08-08,bydgoszcz,Psi patrol i dinozaury,Bydgoszcz,13:30,2D,,regular,1.0,https://tickets.cinema-city.pl/api/order/1597547?lang=pl,2026-08-08T08:43:25.619004
2026-08-08,bydgoszcz,Spider-Man: Całkiem nowy dzień,Bydgoszcz,13:40,2D,original,regular,1.0,https://tickets.cinema-city.pl/api/order/1618602?lang=pl,2026-08-08T08:43:25.619012
2026-08-08,bydgoszcz,Odyseja,Bydgoszcz,13:45,2D,original,regular,1.0,https://tickets.cinema-city.pl/api/order/1620213?lang=pl,2026-08-08T08:43:25.619020
2026-08-08,bydgoszcz,Ice Cream Man,Bydgoszcz,14:00,2D,original,regular,1.0,https://tickets.cinema-city.pl/api/order/1620184?lang=pl,2026-08-08T08:43:25.619028
2026-08-08,bydgoszcz,Spider-Man: Całkiem nowy dzień,Bydgoszcz,14:10,4DX,original,regular,1.0,https://tickets.cinema-city.pl/api/order/1620266?lang=pl,2026-08-08T08:43:25.619035
2026-08-08,bydgoszcz,Toy Story 5,Bydgoszcz,14:30,2D,original,regular,1.0,https://tickets.cinema-city.pl/api/order/1620008?lang=pl,2026-08-08T08:43:25.619043
2026-08-08,bydgoszcz,Psi patrol i dinozaury,Bydgoszcz,14:40,2D,,regular,1.0,https://tickets.cinema-city.pl/api/order/1597539?lang=pl,2026-08-08T08:43:25.619049
2026-08-08,bydgoszcz,Spider-Man: Całkiem nowy dzień,Bydgoszcz,14:50,3D,original,regular,1.0,https://tickets.cinema-city.pl/api/order/1620044?lang=pl,2026-08-08T08:43:25.619055
2026-08-08,bydgoszcz,Minionki i straszydła,Bydgoszcz,15:00,2D,,regular,1.0,https://tickets.cinema-city.pl/api/order/1619289?lang=pl,2026-08-08T08:43:25.619062
2026-08-08,bydgoszcz,Odyseja,Bydgoszcz,15:15,2D,original,regular,1.0,https://tickets.cinema-city.pl/api/order/1618871?lang=pl,2026-08-08T08:43:25.619069
2026-08-08,bydgoszcz,Spider-Man: Całkiem nowy dzień,Bydgoszcz,15:20,2D,original,regular,1.0,https://tickets.cinema-city.pl/api/order/1619522?lang=pl,2026-08-08T08:43:25.619075
2026-08-08,bydgoszcz,Psi patrol i dinozaury,Bydgoszcz,15:40,2D,,regular,1.0,https://tickets.cinema-city.pl/api/order/1597549?lang=pl,2026-08-08T08:43:25.619082
2026-08-08,bydgoszcz,Psi patrol i dinozaury ukraiński dubbing,Bydgoszcz,16:00,2D,dubbing,regular,1.0,https://tickets.cinema-city.pl/api/order/1597514?lang=pl,2026-08-08T08:43:25.619089
2026-08-08,bydgoszcz,Spider-Man: Całkiem nowy dzień,Bydgoszcz,16:30,2D,original,regular,1.0,https://tickets.cinema-city.pl/api/order/1619424?lang=pl,2026-08-08T08:43:25.619096
2026-08-08,bydgoszcz,Ice Cream Man,Bydgoszcz,16:30,2D,original,regular,1.0,https://tickets.cinema-city.pl/api/order/1620189?lang=pl,2026-08-08T08:43:25.619102
2026-08-08,bydgoszcz,Psi patrol i dinozaury,Bydgoszcz,16:50,2D,,regular,1.0,https://tickets.cinema-city.pl/api/order/1597541?lang=pl,2026-08-08T08:43:25.619108
2026-08-08,bydgoszcz,Spider-Man: Całkiem nowy dzień,Bydgoszcz,16:50,2D,original,regular,1.0,https://tickets.cinema-city.pl/api/order/1618797?lang=pl,2026-08-08T08:43:25.619115
2026-08-08,bydgoszcz,Kandydaci śmierci,Bydgoszcz,16:50,2D,original,regular,1.0,https://tickets.cinema-city.pl/api/order/1620020?lang=pl,2026-08-08T08:43:25.619123
2026-08-08,bydgoszcz,Minionki i straszydła,Bydgoszcz,17:10,2D,,regular,1.0,https://tickets.cinema-city.pl/api/order/1619295?lang=pl,2026-08-08T08:43:25.619129
2026-08-08,bydgoszcz,Spider-Man: Całkiem nowy dzień,Bydgoszcz,17:20,4DX,original,regular,1.0,https://tickets.cinema-city.pl/api/order/1620260?lang=pl,2026-08-08T08:43:25.619135
2026-08-08,bydgoszcz,Odyseja,Bydgoszcz,17:30,2D,original,regular,1.0,https://tickets.cinema-city.pl/api/order/1620214?lang=pl,2026-08-08T08:43:25.619142
2026-08-08,bydgoszcz,Psi patrol i dinozaury,Bydgoszcz,17:50,2D,,regular,1.0,https://tickets.cinema-city.pl/api/order/1597551?lang=pl,2026-08-08T08:43:25.619148
2026-08-08,bydgoszcz,Spider-Man: Całkiem nowy dzień,Bydgoszcz,18:00,3D,original,regular,1.0,https://tickets.cinema-city.pl/api/order/1620050?lang=pl,2026-08-08T08:43:25.619154
2026-08-08,bydgoszcz,Do utraty tchu (re-release),Bydgoszcz,18:10,2D,original,regular,1.0,https://tickets.cinema-city.pl/api/order/1617882?lang=pl,2026-08-08T08:43:25.619162
2026-08-08,bydgoszcz,Spider-Man: Całkiem nowy dzień,Bydgoszcz,18:30,2D,original,regular,1.0,https://tickets.cinema-city.pl/api/order/1619529?lang=pl,2026-08-08T08:43:25.619169
2026-08-08,bydgoszcz,Psi patrol i dinozaury,Bydgoszcz,19:00,2D,,regular,1.0,https://tickets.cinema-city.pl/api/order/1597543?lang=pl,2026-08-08T08:43:25.619175
2026-08-08,bydgoszcz,Odyseja,Bydgoszcz,19:00,2D,original,regular,1.0,https://tickets.cinema-city.pl/api/order/1618873?lang=pl,2026-08-08T08:43:25.619182
2026-08-08,bydgoszcz,Ice Cream Man,Bydgoszcz,19:00,2D,original,regular,1.0,https://tickets.cinema-city.pl/api/order/1620194?lang=pl,2026-08-08T08:43:25.619189
2026-08-08,bydgoszcz,Umamusume: Pretty Derby - Beginning of a New Era,Bydgoszcz,19:10,2D,original,regular,1.0,https://tickets.cinema-city.pl/api/order/1619356?lang=pl,2026-08-08T08:43:25.619196
2026-08-08,bydgoszcz,Pejzaż w kolorze sepii,Bydgoszcz,19:10,2D,original,regular,1.0,https://tickets.cinema-city.pl/api/order/1620028?lang=pl,2026-08-08T08:43:25.619204
2026-08-08,bydgoszcz,Władca Pierścieni: Dwie wieże (wersja rozszerzona),Bydgoszcz,20:00,2D,original,regular,1.0,https://tickets.cinema-city.pl/api/order/1568071?lang=pl,2026-08-08T08:43:25.619212
2026-08-08,bydgoszcz,Psi patrol i dinozaury,Bydgoszcz,20:00,2D,,regular,1.0,https://tickets.cinema-city.pl/api/order/1597553?lang=pl,2026-08-08T08:43:25.619219
2026-08-08,bydgoszcz,Spider-Man: Całkiem nowy dzień,Bydgoszcz,20:00,2D,original,regular,1.0,https://tickets.cinema-city.pl/api/order/1618798?lang=pl,2026-08-08T08:43:25.619226
2026-08-08,bydgoszcz,Tylko jedna noc,Bydgoszcz,20:30,2D,original,regular,1.0,https://tickets.cinema-city.pl/api/order/1617815?lang=pl,2026-08-08T08:43:25.619232
2026-08-08,bydgoszcz,Spider-Man: Całkiem nowy dzień,Bydgoszcz,20:30,4DX,original,regular,1.0,https://tickets.cinema-city.pl/api/order/1620272?lang=pl,2026-08-08T08:43:25.619238
2026-08-08,bydgoszcz,Martwe zło: Ogień,Bydgoszcz,21:00,2D,original,regular,1.0,https://tickets.cinema-city.pl/api/order/1620062?lang=pl,2026-08-08T08:43:25.619245
2026-08-08,bydgoszcz,Odyseja,Bydgoszcz,21:10,2D,original,regular,1.0,https://tickets.cinema-city.pl/api/order/1619171?lang=pl,2026-08-08T08:43:25.619252
2026-08-08,bydgoszcz,Backrooms. Bez wyjścia,Bydgoszcz,21:10,2D,original,regular,1.0,https://tickets.cinema-city.pl/api/order/1620216?lang=pl,2026-08-08T08:43:25.619259
2026-08-08,bydgoszcz,Ice Cream Man,Bydgoszcz,21:30,2D,original,regular,1.0,https://tickets.cinema-city.pl/api/order/1620199?lang=pl,2026-08-08T08:43:25.619266
2026-08-08,bydgoszcz,Obsesja,Bydgoszcz,21:45,2D,original,regular,1.0,https://tickets.cinema-city.pl/api/order/1619301?lang=pl,2026-08-08T08:43:25.619272
2026-08-08,bydgoszcz,Odyseja,Bydgoszcz,21:50,2D,original,regular,1.0,https://tickets.cinema-city.pl/api/order/1620034?lang=pl,2026-08-08T08:43:25.619279
2026-08-08,bydgoszcz,Zaproszenie,Bydgoszcz,22:00,2D,original,regular,1.0,https://tickets.cinema-city.pl/api/order/1619535?lang=pl,2026-08-08T08:43:25.619286
2026-08-08,bytom,Spider-Man: Całkiem nowy dzień,Bytom,10:30,2D,original,regular,1.0,https://tickets.cinema-city.pl/api/order/1619666?lang=pl,2026-08-08T08:43:26.810744
2026-08-08,bytom,Psi patrol i dinozaury,Bytom,11:20,2D,,regular,1.0,https://tickets.cinema-city.pl/api/order/1597428?lang=pl,2026-08-08T08:43:26.810768
2026-08-08,bytom,Spider-Man: Całkiem nowy dzień,Bytom,11:20,2D,original,regular,1.0,https://tickets.cinema-city.pl/api/order/1618139?lang=pl,2026-08-08T08:43:26.810777
2026-08-08,bytom,Minionki i straszydła,Bytom,11:50,2D,,regular,1.0,https://tickets.cinema-city.pl/api/order/1618478?lang=pl,2026-08-08T08:43:26.810785
2026-08-08,bytom,Spider-Man: Całkiem nowy dzień,Bytom,12:10,2D,original,regular,1.0,https://tickets.cinema-city.pl/api/order/1617539?lang=pl,2026-08-08T08:43:26.810793
2026-08-08,bytom,Vaiana,Bytom,12:20,2D,original,regular,1.0,https://tickets.cinema-city.pl/api/order/1619570?lang=pl,2026-08-08T08:43:26.810801
2026-08-08,bytom,Psi patrol i dinozaury,Bytom,12:30,2D,,regular,1.0,https://tickets.cinema-city.pl/api/order/1597438?lang=pl,2026-08-08T08:43:26.810808
2026-08-08,bytom,Odyseja,Bytom,12:30,2D,original,regular,1.0,https://tickets.cinema-city.pl/api/order/1619630?lang=pl,2026-08-08T08:43:26.810816
2026-08-08,bytom,Psi patrol i dinozaury,Bytom,13:30,2D,,regular,1.0,https://tickets.cinema-city.pl/api/order/1597430?lang=pl,2026-08-08T08:43:26.810823
2026-08-08,bytom,Spider-Man: Całkiem nowy dzień,Bytom,13:40,2D,original,regular,1.0,https://tickets.cinema-city.pl/api/order/1619668?lang=pl,2026-08-08T08:43:26.810831
2026-08-08,bytom,Toy Story 5,Bytom,13:50,2D,original,regular,1.0,https://tickets.cinema-city.pl/api/order/1618489?lang=pl,2026-08-08T08:43:26.810840
2026-08-08,bytom,Spider-Man: Całkiem nowy dzień,Bytom,14:30,3D,original,regular,1.0,https://tickets.cinema-city.pl/api/order/1618260?lang=pl,2026-08-08T08:43:26.810847
2026-08-08,bytom,Psi patrol i dinozaury,Bytom,14:40,2D,,regular,1.0,https://tickets.cinema-city.pl/api/order/1597440?lang=pl,2026-08-08T08:43:26.810854
2026-08-08,bytom,Ice Cream Man,Bytom,15:00,2D,original,regular,1.0,https://tickets.cinema-city.pl/api/order/1619571?lang=pl,2026-08-08T08:43:26.810862
2026-08-08,bytom,Spider-Man: Całkiem nowy dzień,Bytom,15:20,2D,original,regular,1.0,https://tickets.cinema-city.pl/api/order/1617545?lang=pl,2026-08-08T08:43:26.810869
2026-08-08,bytom,Psi patrol i dinozaury,Bytom,15:40,2D,,regular,1.0,https://tickets.cinema-city.pl/api/order/1597432?lang=pl,2026-08-08T08:43:26.810876
2026-08-08,bytom,Odyseja,Bytom,16:00,2D,original,regular,1.0,https://tickets.cinema-city.pl/api/order/1619632?lang=pl,2026-08-08T08:43:26.810883
2026-08-08,bytom,Gorzkie święta,Bytom,16:15,2D,original,regular,1.0,https://tickets.cinema-city.pl/api/order/1618576?lang=pl,2026-08-08T08:43:26.810890
2026-08-08,bytom,Psi patrol i dinozaury,Bytom,16:50,2D,,regular,1.0,https://tickets.cinema-city.pl/api/order/1597442?lang=pl,2026-08-08T08:43:26.810896
2026-08-08,bytom,Spider-Man: Całkiem nowy dzień,Bytom,16:50,2D,original,regular,1.0,https://tickets.cinema-city.pl/api/order/1619670?lang=pl,2026-08-08T08:43:26.810904
2026-08-08,bytom,Tylko jedna noc,Bytom,17:30,2D,original,regular,1.0,https://tickets.cinema-city.pl/api/order/1619589?lang=pl,2026-08-08T08:43:26.810910
2026-08-08,bytom,Spider-Man: Całkiem nowy dzień,Bytom,17:40,3D,original,regular,1.0,https://tickets.cinema-city.pl/api/order/1618268?lang=pl,2026-08-08T08:43:26.810917
2026-08-08,bytom,Psi patrol i dinozaury,Bytom,17:50,2D,,regular,1.0,https://tickets.cinema-city.pl/api/order/1597434?lang=pl,2026-08-08T08:43:26.810923
2026-08-08,bytom,Spider-Man: Całkiem nowy dzień,Bytom,18:30,2D,original,regular,1.0,https://tickets.cinema-city.pl/api/order/1617551?lang=pl,2026-08-08T08:43:26.810930
2026-08-08,bytom,Minionki i straszydła,Bytom,18:50,2D,,regular,1.0,https://tickets.cinema-city.pl/api/order/1618552?lang=pl,2026-08-08T08:43:26.810936
2026-08-08,bytom,Psi patrol i dinozaury,Bytom,19:00,2D,,regular,1.0,https://tickets.cinema-city.pl/api/order/1597444?lang=pl,2026-08-08T08:43:26.810943
2026-08-08,bytom,Odyseja,Bytom,19:40,2D,original,regular,1.0,https://tickets.cinema-city.pl/api/order/1619633?lang=pl,2026-08-08T08:43:26.810949
2026-08-08,bytom,Władca Pierścieni: Dwie wieże (wersja rozszerzona),Bytom,20:00,2D,original,regular,1.0,https://tickets.cinema-city.pl/api/order/1568022?lang=pl,2026-08-08T08:43:26.810958
2026-08-08,bytom,Ice Cream Man,Bytom,20:00,2D,original,regular,1.0,https://tickets.cinema-city.pl/api/order/1617776?lang=pl,2026-08-08T08:43:26.810965
2026-08-08,bytom,Spider-Man: Całkiem nowy dzień,Bytom,20:10,2D,original,regular,1.0,https://tickets.cinema-city.pl/api/order/1619596?lang=pl,2026-08-08T08:43:26.810971
2026-08-08,bytom,Spider-Man: Całkiem nowy dzień,Bytom,20:50,2D,original,regular,1.0,https://tickets.cinema-city.pl/api/order/1618270?lang=pl,2026-08-08T08:43:26.810978
2026-08-08,bytom,Pejzaż w kolorze sepii,Bytom,21:10,2D,original,regular,1.0,https://tickets.cinema-city.pl/api/order/1617361?lang=pl,2026-08-08T08:43:26.810985
2026-08-08,bytom,Młody Waszyngton,Bytom,21:10,2D,original,regular,1.0,https://tickets.cinema-city.pl/api/order/1618554?lang=pl,2026-08-08T08:43:26.810994
2026-08-08,bytom,Spider-Man: Całkiem nowy dzień,Bytom,21:40,2D,original,regular,1.0,https://tickets.cinema-city.pl/api/order/1617557?lang=pl,2026-08-08T08:43:26.811001
2026-08-08,bytom,Ice Cream Man,Bytom,22:30,2D,original,regular,1.0,https://tickets.cinema-city.pl/api/order/1617781?lang=pl,2026-08-08T08:43:26.811009
2026-08-08,cieszyn,Minionki i straszydła,Cieszyn,10:30,2D,,regular,1.0,https://tickets.cinema-city.pl/api/order/1614113?lang=pl,2026-08-08T08:43:28.831676
2026-08-08,cieszyn,Spider-Man: Całkiem nowy dzień,Cieszyn,10:50,2D,original,regular,1.0,https://tickets.cinema-city.pl/api/order/1609483?lang=pl,2026-08-08T08:43:28.831699
2026-08-08,cieszyn,Vaiana,Cieszyn,11:10,2D,original,regular,1.0,https://tickets.cinema-city.pl/api/order/1612711?lang=pl,2026-08-08T08:43:28.831709
2026-08-08,cieszyn,Psi patrol i dinozaury,Cieszyn,12:10,2D,,regular,1.0,https://tickets.cinema-city.pl/api/order/1596480?lang=pl,2026-08-08T08:43:28.831717
2026-08-08,cieszyn,Ice Cream Man,Cieszyn,12:40,2D,original,regular,1.0,https://tickets.cinema-city.pl/api/order/1614118?lang=pl,2026-08-08T08:43:28.831725
2026-08-08,cieszyn,Odyseja,Cieszyn,13:45,2D,original,regular,1.0,https://tickets.cinema-city.pl/api/order/1612742?lang=pl,2026-08-08T08:43:28.831733
2026-08-08,cieszyn,Spider-Man: Całkiem nowy dzień,Cieszyn,14:00,2D,original,regular,1.0,https://tickets.cinema-city.pl/api/order/1609489?lang=pl,2026-08-08T08:43:28.831741
2026-08-08,cieszyn,Psi patrol i dinozaury,Cieszyn,14:20,2D,,regular,1.0,https://tickets.cinema-city.pl/api/order/1596482?lang=pl,2026-08-08T08:43:28.831748
2026-08-08,cieszyn,Spider-Man: Całkiem nowy dzień,Cieszyn,15:10,3D,original,regular,1.0,https://tickets.cinema-city.pl/api/order/1614123?lang=pl,2026-08-08T08:43:28.831755
2026-08-08,cieszyn,Psi patrol i dinozaury,Cieszyn,16:30,2D,,regular,1.0,https://tickets.cinema-city.pl/api/order/1596484?lang=pl,2026-08-08T08:43:28.831762
2026-08-08,cieszyn,Spider-Man: Całkiem nowy dzień,Cieszyn,17:15,2D,original,regular,1.0,https://tickets.cinema-city.pl/api/order/1609495?lang=pl,2026-08-08T08:43:28.831770
2026-08-08,cieszyn,Ice Cream Man,Cieszyn,17:30,2D,original,regular,1.0,https://tickets.cinema-city.pl/api/order/1612800?lang=pl,2026-08-08T08:43:28.831777
2026-08-08,cieszyn,Spider-Man: Całkiem nowy dzień,Cieszyn,18:20,3D,original,regular,1.0,https://tickets.cinema-city.pl/api/order/1614128?lang=pl,2026-08-08T08:43:28.831784
2026-08-08,cieszyn,Psi patrol i dinozaury,Cieszyn,18:40,2D,,regular,1.0,https://tickets.cinema-city.pl/api/order/1596486?lang=pl,2026-08-08T08:43:28.831790
2026-08-08,cieszyn,Władca Pierścieni: Dwie wieże (wersja rozszerzona),Cieszyn,20:00,2D,original,regular,1.0,https://tickets.cinema-city.pl/api/order/1568097?lang=pl,2026-08-08T08:43:28.831799
2026-08-08,cieszyn,Spider-Man: Całkiem nowy dzień,Cieszyn,20:30,2D,original,regular,1.0,https://tickets.cinema-city.pl/api/order/1609501?lang=pl,2026-08-08T08:43:28.831807
2026-08-08,cieszyn,Odyseja,Cieszyn,20:50,2D,original,regular,1.0,https://tickets.cinema-city.pl/api/order/1609597?lang=pl,2026-08-08T08:43:28.831814
2026-08-08,cieszyn,Spider-Man: Całkiem nowy dzień,Cieszyn,21:20,3D,original,regular,1.0,https://tickets.cinema-city.pl/api/order/1620826?lang=pl,2026-08-08T08:43:28.831820
2026-08-08,częstochowa,Spider-Man: Całkiem nowy dzień,Częstochowa - Galeria Jurajska,10:30,2D,original,regular,1.0,https://tickets.cinema-city.pl/api/order/1613088?lang=pl,2026-08-08T08:43:30.897939
2026-08-08,częstochowa,Minionki i straszydła,Częstochowa - Galeria Jurajska,10:30,2D,,regular,1.0,https://tickets.cinema-city.pl/api/order/1614902?lang=pl,2026-08-08T08:43:30.897965
2026-08-08,częstochowa,Psi patrol i dinozaury,Częstochowa - Galeria Jurajska,10:50,2D,,regular,1.0,https://tickets.cinema-city.pl/api/order/1597214?lang=pl,2026-08-08T08:43:30.897974
2026-08-08,częstochowa,Spider-Man: Całkiem nowy dzień,Częstochowa - Galeria Jurajska,11:10,3D,original,regular,1.0,https://tickets.cinema-city.pl/api/order/1614007?lang=pl,2026-08-08T08:43:30.897983
2026-08-08,częstochowa,Vaiana,Częstochowa - Galeria Jurajska,11:30,2D,original,regular,1.0,https://tickets.cinema-city.pl/api/order/1613455?lang=pl,2026-08-08T08:43:30.897991
2026-08-08,częstochowa,Psi patrol i dinozaury,Częstochowa - Galeria Jurajska,11:50,2D,,regular,1.0,https://tickets.cinema-city.pl/api/order/1597238?lang=pl,2026-08-08T08:43:30.897998
2026-08-08,częstochowa,Spider-Man: Całkiem nowy dzień,Częstochowa - Galeria Jurajska,11:50,2D,original,regular,1.0,https://tickets.cinema-city.pl/api/order/1612105?lang=pl,2026-08-08T08:43:30.898006
2026-08-08,częstochowa,Toy Story 5,Częstochowa - Galeria Jurajska,12:00,2D,original,regular,1.0,https://tickets.cinema-city.pl/api/order/1614591?lang=pl,2026-08-08T08:43:30.898015
2026-08-08,częstochowa,Ekipa zwierzaków,Częstochowa - Galeria Jurajska,12:40,2D,,regular,1.0,https://tickets.cinema-city.pl/api/order/1614908?lang=pl,2026-08-08T08:43:30.898023
2026-08-08,częstochowa,Psi patrol i dinozaury,Częstochowa - Galeria Jurajska,13:00,2D,,regular,1.0,https://tickets.cinema-city.pl/api/order/1597216?lang=pl,2026-08-08T08:43:30.898030
2026-08-08,częstochowa,Spider-Man: Całkiem nowy dzień,Częstochowa - Galeria Jurajska,13:40,2D,original,regular,1.0,https://tickets.cinema-city.pl/api/order/1613094?lang=pl,2026-08-08T08:43:30.898037
2026-08-08,częstochowa,Psi patrol i dinozaury,Częstochowa - Galeria Jurajska,14:00,2D,,regular,1.0,https://tickets.cinema-city.pl/api/order/1597239?lang=pl,2026-08-08T08:43:30.898044
2026-08-08,częstochowa,Minionki i straszydła,Częstochowa - Galeria Jurajska,14:15,2D,,regular,1.0,https://tickets.cinema-city.pl/api/order/1613461?lang=pl,2026-08-08T08:43:30.898051
2026-08-08,częstochowa,Spider-Man: Całkiem nowy dzień,Częstochowa - Galeria Jurajska,14:20,3D,original,regular,1.0,https://tickets.cinema-city.pl/api/order/1614009?lang=pl,2026-08-08T08:43:30.898057
2026-08-08,częstochowa,Odyseja,Częstochowa - Galeria Jurajska,14:30,2D,original,regular,1.0,https://tickets.cinema-city.pl/api/order/1614597?lang=pl,2026-08-08T08:43:30.898065
2026-08-08,częstochowa,Toy Story 5,Częstochowa - Galeria Jurajska,14:45,2D,original,regular,1.0,https://tickets.cinema-city.pl/api/order/1614914?lang=pl,2026-08-08T08:43:30.898073
2026-08-08,częstochowa,Spider-Man: Całkiem nowy dzień,Częstochowa - Galeria Jurajska,15:00,2D,original,regular,1.0,https://tickets.cinema-city.pl/api/order/1612112?lang=pl,2026-08-08T08:43:30.898081
2026-08-08,częstochowa,Psi patrol i dinozaury,Częstochowa - Galeria Jurajska,15:10,2D,,regular,1.0,https://tickets.cinema-city.pl/api/order/1597220?lang=pl,2026-08-08T08:43:30.898087
2026-08-08,częstochowa,Psi patrol i dinozaury,Częstochowa - Galeria Jurajska,16:10,2D,,regular,1.0,https://tickets.cinema-city.pl/api/order/1597242?lang=pl,2026-08-08T08:43:30.898094
2026-08-08,częstochowa,Ice Cream Man,Częstochowa - Galeria Jurajska,16:30,2D,original,regular,1.0,https://tickets.cinema-city.pl/api/order/1613467?lang=pl,2026-08-08T08:43:30.898102
2026-08-08,częstochowa,Spider-Man: Całkiem nowy dzień,Częstochowa - Galeria Jurajska,16:50,2D,original,regular,1.0,https://tickets.cinema-city.pl/api/order/1613100?lang=pl,2026-08-08T08:43:30.898130
2026-08-08,częstochowa,Minionki i straszydła,Częstochowa - Galeria Jurajska,17:10,2D,,regular,1.0,https://tickets.cinema-city.pl/api/order/1614920?lang=pl,2026-08-08T08:43:30.898141
2026-08-08,częstochowa,Psi patrol i dinozaury,Częstochowa - Galeria Jurajska,17:20,2D,,regular,1.0,https://tickets.cinema-city.pl/api/order/1597223?lang=pl,2026-08-08T08:43:30.898150
2026-08-08,częstochowa,Spider-Man: Całkiem nowy dzień,Częstochowa - Galeria Jurajska,17:30,2D,original,regular,1.0,https://tickets.cinema-city.pl/api/order/1620833?lang=pl,2026-08-08T08:43:30.898162
2026-08-08,częstochowa,Odyseja,Częstochowa - Galeria Jurajska,18:00,2D,original,regular,1.0,https://tickets.cinema-city.pl/api/order/1614603?lang=pl,2026-08-08T08:43:30.898173
2026-08-08,częstochowa,Spider-Man: Całkiem nowy dzień,Częstochowa - Galeria Jurajska,18:10,2D,original,regular,1.0,https://tickets.cinema-city.pl/api/order/1612118?lang=pl,2026-08-08T08:43:30.898180
2026-08-08,częstochowa,Psi patrol i dinozaury,Częstochowa - Galeria Jurajska,18:20,2D,,regular,1.0,https://tickets.cinema-city.pl/api/order/1597243?lang=pl,2026-08-08T08:43:30.898186
2026-08-08,częstochowa,Ice Cream Man,Częstochowa - Galeria Jurajska,19:00,2D,original,regular,1.0,https://tickets.cinema-city.pl/api/order/1613473?lang=pl,2026-08-08T08:43:30.898193
2026-08-08,częstochowa,Pejzaż w kolorze sepii,Częstochowa - Galeria Jurajska,19:15,2D,original,regular,1.0,https://tickets.cinema-city.pl/api/order/1614926?lang=pl,2026-08-08T08:43:30.898200
2026-08-08,częstochowa,Psi patrol i dinozaury,Częstochowa - Galeria Jurajska,19:30,2D,,regular,1.0,https://tickets.cinema-city.pl/api/order/1597225?lang=pl,2026-08-08T08:43:30.898207
2026-08-08,częstochowa,Spider-Man: Całkiem nowy dzień,Częstochowa - Galeria Jurajska,20:00,2D,original,regular,1.0,https://tickets.cinema-city.pl/api/order/1613106?lang=pl,2026-08-08T08:43:30.898214
2026-08-08,częstochowa,Spider-Man: Całkiem nowy dzień,Częstochowa - Galeria Jurajska,20:30,2D,original,regular,1.0,https://tickets.cinema-city.pl/api/order/1620706?lang=pl,2026-08-08T08:43:30.898221
2026-08-08,częstochowa,Tylko jedna noc,Częstochowa - Galeria Jurajska,20:40,2D,original,regular,1.0,https://tickets.cinema-city.pl/api/order/1614013?lang=pl,2026-08-08T08:43:30.898228
2026-08-08,częstochowa,Spider-Man: Całkiem nowy dzień,Częstochowa - Galeria Jurajska,21:20,2D,original,regular,1.0,https://tickets.cinema-city.pl/api/order/1612124?lang=pl,2026-08-08T08:43:30.898236
2026-08-08,częstochowa,Ice Cream Man,Częstochowa - Galeria Jurajska,21:30,2D,original,regular,1.0,https://tickets.cinema-city.pl/api/order/1613479?lang=pl,2026-08-08T08:43:30.898243
2026-08-08,częstochowa,Odyseja,Częstochowa - Galeria Jurajska,21:30,2D,original,regular,1.0,https://tickets.cinema-city.pl/api/order/1620710?lang=pl,2026-08-08T08:43:30.898249
2026-08-08,częstochowa,Spider-Man: Całkiem nowy dzień,Częstochowa - Galeria Jurajska,21:40,2D,original,regular,1.0,https://tickets.cinema-city.pl/api/order/1620705?lang=pl,2026-08-08T08:43:30.898256
2026-08-08,częstochowa,Obsesja,Częstochowa - Galeria Jurajska,22:00,2D,original,regular,1.0,https://tickets.cinema-city.pl/api/order/1614932?lang=pl,2026-08-08T08:43:30.898263
2026-08-08,częstochowa,Toy Story 5,Częstochowa - Wolność,10:30,2D,original,regular,1.0,https://tickets.cinema-city.pl/api/order/1611010?lang=pl,2026-08-08T08:43:32.550922
2026-08-08,częstochowa,Pucio,Częstochowa - Wolność,10:30,2D,,regular,1.0,https://tickets.cinema-city.pl/api/order/1611569?lang=pl,2026-08-08T08:43:32.550945
2026-08-08,częstochowa,Vaiana,Częstochowa - Wolność,10:40,2D,original,regular,1.0,https://tickets.cinema-city.pl/api/order/1610495?lang=pl,2026-08-08T08:43:32.550954
2026-08-08,częstochowa,Spider-Man: Całkiem nowy dzień,Częstochowa - Wolność,11:00,2D,original,regular,1.0,https://tickets.cinema-city.pl/api/order/1611291?lang=pl,2026-08-08T08:43:32.550966
2026-08-08,częstochowa,Psi patrol i dinozaury,Częstochowa - Wolność,11:20,2D,,regular,1.0,https://tickets.cinema-city.pl/api/order/1611362?lang=pl,2026-08-08T08:43:32.550974
2026-08-08,częstochowa,Spider-Man: Całkiem nowy dzień,Częstochowa - Wolność,11:50,2D,original,regular,1.0,https://tickets.cinema-city.pl/api/order/1611218?lang=pl,2026-08-08T08:43:32.550982
2026-08-08,częstochowa,Odyseja,Częstochowa - Wolność,12:00,2D,original,regular,1.0,https://tickets.cinema-city.pl/api/order/1611573?lang=pl,2026-08-08T08:43:32.550990
2026-08-08,częstochowa,Psi patrol i dinozaury,Częstochowa - Wolność,12:30,2D,,regular,1.0,https://tickets.cinema-city.pl/api/order/1611134?lang=pl,2026-08-08T08:43:32.550996
2026-08-08,częstochowa,Spider-Man: Całkiem nowy dzień,Częstochowa - Wolność,12:40,2D,original,regular,1.0,https://tickets.cinema-city.pl/api/order/1610228?lang=pl,2026-08-08T08:43:32.551003
2026-08-08,częstochowa,Minionki i straszydła,Częstochowa - Wolność,13:00,2D,,regular,1.0,https://tickets.cinema-city.pl/api/order/1611032?lang=pl,2026-08-08T08:43:32.551010
2026-08-08,częstochowa,Vaiana,Częstochowa - Wolność,13:20,2D,original,regular,1.0,https://tickets.cinema-city.pl/api/order/1610496?lang=pl,2026-08-08T08:43:32.551017
2026-08-08,częstochowa,Psi patrol i dinozaury,Częstochowa - Wolność,13:30,2D,,regular,1.0,https://tickets.cinema-city.pl/api/order/1611364?lang=pl,2026-08-08T08:43:32.551023
2026-08-08,częstochowa,Spider-Man: Całkiem nowy dzień,Częstochowa - Wolność,14:10,2D,original,regular,1.0,https://tickets.cinema-city.pl/api/order/1611293?lang=pl,2026-08-08T08:43:32.551030
2026-08-08,częstochowa,Psi patrol i dinozaury,Częstochowa - Wolność,14:40,2D,,regular,1.0,https://tickets.cinema-city.pl/api/order/1611135?lang=pl,2026-08-08T08:43:32.551037
2026-08-08,częstochowa,Spider-Man: Całkiem nowy dzień,Częstochowa - Wolność,15:00,3D,original,regular,1.0,https://tickets.cinema-city.pl/api/order/1611221?lang=pl,2026-08-08T08:43:32.551043
2026-08-08,częstochowa,Toy Story 5,Częstochowa - Wolność,15:10,2D,original,regular,1.0,https://tickets.cinema-city.pl/api/order/1611025?lang=pl,2026-08-08T08:43:32.551051
2026-08-08,częstochowa,Odyseja,Częstochowa - Wolność,15:30,2D,original,regular,1.0,https://tickets.cinema-city.pl/api/order/1611576?lang=pl,2026-08-08T08:43:32.551058
2026-08-08,częstochowa,Psi patrol i dinozaury,Częstochowa - Wolność,15:40,2D,,regular,1.0,https://tickets.cinema-city.pl/api/order/1611365?lang=pl,2026-08-08T08:43:32.551064
2026-08-08,częstochowa,Spider-Man: Całkiem nowy dzień,Częstochowa - Wolność,15:50,2D,original,regular,1.0,https://tickets.cinema-city.pl/api/order/1610234?lang=pl,2026-08-08T08:43:32.551071
2026-08-08,częstochowa,Tylko jedna noc,Częstochowa - Wolność,16:10,2D,original,regular,1.0,https://tickets.cinema-city.pl/api/order/1610521?lang=pl,2026-08-08T08:43:32.551078
2026-08-08,częstochowa,Psi patrol i dinozaury,Częstochowa - Wolność,16:50,2D,,regular,1.0,https://tickets.cinema-city.pl/api/order/1611136?lang=pl,2026-08-08T08:43:32.551084
2026-08-08,częstochowa,Spider-Man: Całkiem nowy dzień,Częstochowa - Wolność,17:20,2D,original,regular,1.0,https://tickets.cinema-city.pl/api/order/1611298?lang=pl,2026-08-08T08:43:32.551091
2026-08-08,częstochowa,Ice Cream Man,Częstochowa - Wolność,17:30,2D,original,regular,1.0,https://tickets.cinema-city.pl/api/order/1611039?lang=pl,2026-08-08T08:43:32.551099
2026-08-08,częstochowa,Psi patrol i dinozaury,Częstochowa - Wolność,17:50,2D,,regular,1.0,https://tickets.cinema-city.pl/api/order/1611390?lang=pl,2026-08-08T08:43:32.551105
2026-08-08,częstochowa,Spider-Man: Całkiem nowy dzień,Częstochowa - Wolność,18:10,2D,original,regular,1.0,https://tickets.cinema-city.pl/api/order/1611225?lang=pl,2026-08-08T08:43:32.551112
2026-08-08,częstochowa,Minionki i straszydła,Częstochowa - Wolność,18:40,2D,,regular,1.0,https://tickets.cinema-city.pl/api/order/1610553?lang=pl,2026-08-08T08:43:32.551120
2026-08-08,częstochowa,Spider-Man: Całkiem nowy dzień,Częstochowa - Wolność,19:00,2D,original,regular,1.0,https://tickets.cinema-city.pl/api/order/1610240?lang=pl,2026-08-08T08:43:32.551127
2026-08-08,częstochowa,Psi patrol i dinozaury,Częstochowa - Wolność,19:00,2D,,regular,1.0,https://tickets.cinema-city.pl/api/order/1611138?lang=pl,2026-08-08T08:43:32.551133
2026-08-08,częstochowa,Odyseja,Częstochowa - Wolność,19:15,2D,original,regular,1.0,https://tickets.cinema-city.pl/api/order/1611581?lang=pl,2026-08-08T08:43:32.551141
2026-08-08,częstochowa,Władca Pierścieni: Dwie wieże (wersja rozszerzona),Częstochowa - Wolność,20:00,2D,original,regular,1.0,https://tickets.cinema-city.pl/api/order/1568046?lang=pl,2026-08-08T08:43:32.551149
2026-08-08,częstochowa,Ice Cream Man,Częstochowa - Wolność,20:00,2D,original,regular,1.0,https://tickets.cinema-city.pl/api/order/1611043?lang=pl,2026-08-08T08:43:32.551156
2026-08-08,częstochowa,Spider-Man: Całkiem nowy dzień,Częstochowa - Wolność,20:30,2D,original,regular,1.0,https://tickets.cinema-city.pl/api/order/1611300?lang=pl,2026-08-08T08:43:32.551163
2026-08-08,częstochowa,Obsesja,Częstochowa - Wolność,20:50,2D,original,regular,1.0,https://tickets.cinema-city.pl/api/order/1610556?lang=pl,2026-08-08T08:43:32.551170
2026-08-08,częstochowa,Backrooms. Bez wyjścia - wersja rozszerzona,Częstochowa - Wolność,21:10,2D,original,regular,1.0,https://tickets.cinema-city.pl/api/order/1611141?lang=pl,2026-08-08T08:43:32.551178
2026-08-08,częstochowa,Spider-Man: Całkiem nowy dzień,Częstochowa - Wolność,21:20,2D,original,regular,1.0,https://tickets.cinema-city.pl/api/order/1611229?lang=pl,2026-08-08T08:43:32.551185
2026-08-08,częstochowa,Spider-Man: Całkiem nowy dzień,Częstochowa - Wolność,22:10,2D,original,regular,1.0,https://tickets.cinema-city.pl/api/order/1610246?lang=pl,2026-08-08T08:43:32.551192
2026-08-08,częstochowa,Ice Cream Man,Częstochowa - Wolność,22:30,2D,original,regular,1.0,https://tickets.cinema-city.pl/api/order/1611046?lang=pl,2026-08-08T08:43:32.551199
2026-08-08,elbląg,Odyseja,Elbląg,10:30,2D,original,regular,1.0,https://tickets.cinema-city.pl/api/order/1615595?lang=pl,2026-08-08T08:43:34.169907
2026-08-08,elbląg,Spider-Man: Całkiem nowy dzień,Elbląg,10:30,2D,original,regular,1.0,https://tickets.cinema-city.pl/api/order/1616073?lang=pl,2026-08-08T08:43:34.169935
2026-08-08,elbląg,Minionki i straszydła,Elbląg,10:50,2D,,regular,1.0,https://tickets.cinema-city.pl/api/order/1616160?lang=pl,2026-08-08T08:43:34.169944
2026-08-08,elbląg,Psi patrol i dinozaury,Elbląg,12:10,2D,,regular,1.0,https://tickets.cinema-city.pl/api/order/1596860?lang=pl,2026-08-08T08:43:34.169952
2026-08-08,elbląg,Toy Story 5,Elbląg,12:10,2D,original,regular,1.0,https://tickets.cinema-city.pl/api/order/1616541?lang=pl,2026-08-08T08:43:34.169961
2026-08-08,elbląg,Vaiana,Elbląg,12:40,2D,original,regular,1.0,https://tickets.cinema-city.pl/api/order/1616054?lang=pl,2026-08-08T08:43:34.169969
2026-08-08,elbląg,Minionki i straszydła,Elbląg,13:00,2D,,regular,1.0,https://tickets.cinema-city.pl/api/order/1616448?lang=pl,2026-08-08T08:43:34.169977
2026-08-08,elbląg,Spider-Man: Całkiem nowy dzień,Elbląg,13:40,2D,original,regular,1.0,https://tickets.cinema-city.pl/api/order/1616076?lang=pl,2026-08-08T08:43:34.169984
2026-08-08,elbląg,Odyseja,Elbląg,14:10,2D,original,regular,1.0,https://tickets.cinema-city.pl/api/order/1615601?lang=pl,2026-08-08T08:43:34.169991
2026-08-08,elbląg,Psi patrol i dinozaury,Elbląg,14:20,2D,,regular,1.0,https://tickets.cinema-city.pl/api/order/1596864?lang=pl,2026-08-08T08:43:34.169998
2026-08-08,elbląg,Spider-Man: Całkiem nowy dzień,Elbląg,14:30,3D,original,regular,1.0,https://tickets.cinema-city.pl/api/order/1616526?lang=pl,2026-08-08T08:43:34.170005
2026-08-08,elbląg,Minionki i straszydła,Elbląg,15:10,2D,,regular,1.0,https://tickets.cinema-city.pl/api/order/1616455?lang=pl,2026-08-08T08:43:34.170011
2026-08-08,elbląg,Spider-Man: Całkiem nowy dzień,Elbląg,15:20,2D,original,regular,1.0,https://tickets.cinema-city.pl/api/order/1616062?lang=pl,2026-08-08T08:43:34.170018
2026-08-08,elbląg,Psi patrol i dinozaury,Elbląg,16:30,2D,,regular,1.0,https://tickets.cinema-city.pl/api/order/1596865?lang=pl,2026-08-08T08:43:34.170024
2026-08-08,elbląg,Spider-Man: Całkiem nowy dzień,Elbląg,16:50,2D,original,regular,1.0,https://tickets.cinema-city.pl/api/order/1616085?lang=pl,2026-08-08T08:43:34.170032
2026-08-08,elbląg,Ice Cream Man,Elbląg,17:20,2D,original,regular,1.0,https://tickets.cinema-city.pl/api/order/1616458?lang=pl,2026-08-08T08:43:34.170039
2026-08-08,elbląg,Spider-Man: Całkiem nowy dzień,Elbląg,17:40,3D,original,regular,1.0,https://tickets.cinema-city.pl/api/order/1616531?lang=pl,2026-08-08T08:43:34.170045
2026-08-08,elbląg,Odyseja,Elbląg,17:50,2D,original,regular,1.0,https://tickets.cinema-city.pl/api/order/1615607?lang=pl,2026-08-08T08:43:34.170052
2026-08-08,elbląg,Spider-Man: Całkiem nowy dzień,Elbląg,18:30,2D,original,regular,1.0,https://tickets.cinema-city.pl/api/order/1616065?lang=pl,2026-08-08T08:43:34.170059
2026-08-08,elbląg,Psi patrol i dinozaury,Elbląg,18:40,2D,,regular,1.0,https://tickets.cinema-city.pl/api/order/1596866?lang=pl,2026-08-08T08:43:34.170066
2026-08-08,elbląg,Władca Pierścieni: Dwie wieże (wersja rozszerzona),Elbląg,20:00,2D,original,regular,1.0,https://tickets.cinema-city.pl/api/order/1568047?lang=pl,2026-08-08T08:43:34.170074
2026-08-08,elbląg,Spider-Man: Całkiem nowy dzień,Elbląg,20:00,2D,original,regular,1.0,https://tickets.cinema-city.pl/api/order/1616086?lang=pl,2026-08-08T08:43:34.170081
2026-08-08,elbląg,Spider-Man: Całkiem nowy dzień,Elbląg,20:50,2D,original,regular,1.0,https://tickets.cinema-city.pl/api/order/1616546?lang=pl,2026-08-08T08:43:34.170088
2026-08-08,elbląg,Backrooms. Bez wyjścia,Elbląg,21:00,2D,original,regular,1.0,https://tickets.cinema-city.pl/api/order/1616470?lang=pl,2026-08-08T08:43:34.170096
2026-08-08,elbląg,Odyseja,Elbląg,21:30,2D,original,regular,1.0,https://tickets.cinema-city.pl/api/order/1615613?lang=pl,2026-08-08T08:43:34.170103
2026-08-08,elbląg,Ice Cream Man,Elbląg,21:40,2D,original,regular,1.0,https://tickets.cinema-city.pl/api/order/1616071?lang=pl,2026-08-08T08:43:34.170110
2026-08-08,gliwice,Minionki i straszydła,Gliwice,10:50,2D,,regular,1.0,https://tickets.cinema-city.pl/api/order/1618791?lang=pl,2026-08-08T08:43:36.106365
2026-08-08,gliwice,Odyseja,Gliwice,11:00,2D,original,regular,1.0,https://tickets.cinema-city.pl/api/order/1618767?lang=pl,2026-08-08T08:43:36.106414
2026-08-08,gliwice,Spider-Man: Całkiem nowy dzień,Gliwice,11:10,2D,original,regular,1.0,https://tickets.cinema-city.pl/api/order/1618892?lang=pl,2026-08-08T08:43:36.106424
2026-08-08,gliwice,Psi patrol i dinozaury,Gliwice,11:20,2D,,regular,1.0,https://tickets.cinema-city.pl/api/order/1596667?lang=pl,2026-08-08T08:43:36.106432
2026-08-08,gliwice,Toy Story 5,Gliwice,11:20,2D,original,regular,1.0,https://tickets.cinema-city.pl/api/order/1619566?lang=pl,2026-08-08T08:43:36.106441
2026-08-08,gliwice,Minionki i straszydła,Gliwice,12:10,2D,,regular,1.0,https://tickets.cinema-city.pl/api/order/1618653?lang=pl,2026-08-08T08:43:36.106449
2026-08-08,gliwice,Spider-Man: Całkiem nowy dzień,Gliwice,12:10,2D,original,regular,1.0,https://tickets.cinema-city.pl/api/order/1618725?lang=pl,2026-08-08T08:43:36.106456
2026-08-08,gliwice,Góra mocy LEKTOR,Gliwice,12:20,2D,,regular,1.0,https://tickets.cinema-city.pl/api/order/1618749?lang=pl,2026-08-08T08:43:36.106463
2026-08-08,gliwice,Psi patrol i dinozaury,Gliwice,12:30,2D,,regular,1.0,https://tickets.cinema-city.pl/api/order/1596659?lang=pl,2026-08-08T08:43:36.106470
2026-08-08,gliwice,Vaiana,Gliwice,12:30,2D,original,regular,1.0,https://tickets.cinema-city.pl/api/order/1618605?lang=pl,2026-08-08T08:43:36.106477
2026-08-08,gliwice,Ekipa zwierzaków,Gliwice,12:30,2D,,regular,1.0,https://tickets.cinema-city.pl/api/order/1618755?lang=pl,2026-08-08T08:43:36.106485
2026-08-08,gliwice,Minionki i straszydła,Gliwice,13:00,2D,,regular,1.0,https://tickets.cinema-city.pl/api/order/1618701?lang=pl,2026-08-08T08:43:36.106491
2026-08-08,gliwice,Spider-Man: Całkiem nowy dzień,Gliwice,13:05,2D,original,regular,1.0,https://tickets.cinema-city.pl/api/order/1616793?lang=pl,2026-08-08T08:43:36.106499
2026-08-08,gliwice,Psi patrol i dinozaury,Gliwice,13:30,2D,,regular,1.0,https://tickets.cinema-city.pl/api/order/1596669?lang=pl,2026-08-08T08:43:36.106506
2026-08-08,gliwice,Odyseja,Gliwice,13:45,2D,original,regular,1.0,https://tickets.cinema-city.pl/api/order/1619446?lang=pl,2026-08-08T08:43:36.106514
2026-08-08,gliwice,Toy Story 5,Gliwice,13:50,2D,original,regular,1.0,https://tickets.cinema-city.pl/api/order/1619567?lang=pl,2026-08-08T08:43:36.106522
2026-08-08,gliwice,Minionki i straszydła,Gliwice,14:20,2D,,regular,1.0,https://tickets.cinema-city.pl/api/order/1618671?lang=pl,2026-08-08T08:43:36.106529
2026-08-08,gliwice,Spider-Man: Całkiem nowy dzień,Gliwice,14:20,2D,original,regular,1.0,https://tickets.cinema-city.pl/api/order/1618894?lang=pl,2026-08-08T08:43:36.106536
2026-08-08,gliwice,Spider-Man: Całkiem nowy dzień,Gliwice,14:30,3D,original,regular,1.0,https://tickets.cinema-city.pl/api/order/1618586?lang=pl,2026-08-08T08:43:36.106544
2026-08-08,gliwice,Psi patrol i dinozaury,Gliwice,14:40,2D,,regular,1.0,https://tickets.cinema-city.pl/api/order/1596661?lang=pl,2026-08-08T08:43:36.106551
2026-08-08,gliwice,Góra mocy,Gliwice,14:40,2D,original,regular,1.0,https://tickets.cinema-city.pl/api/order/1618629?lang=pl,2026-08-08T08:43:36.106559
2026-08-08,gliwice,Odyseja,Gliwice,14:45,2D,original,regular,1.0,https://tickets.cinema-city.pl/api/order/1618773?lang=pl,2026-08-08T08:43:36.106566
2026-08-08,gliwice,Ice Cream Man,Gliwice,15:00,2D,original,regular,1.0,https://tickets.cinema-city.pl/api/order/1618611?lang=pl,2026-08-08T08:43:36.106574
2026-08-08,gliwice,Vaiana,Gliwice,15:10,2D,original,regular,1.0,https://tickets.cinema-city.pl/api/order/1618707?lang=pl,2026-08-08T08:43:36.106582
2026-08-08,gliwice,Spider-Man: Całkiem nowy dzień,Gliwice,15:20,2D,original,regular,1.0,https://tickets.cinema-city.pl/api/order/1618731?lang=pl,2026-08-08T08:43:36.106589
2026-08-08,gliwice,Psi patrol i dinozaury,Gliwice,15:40,2D,,regular,1.0,https://tickets.cinema-city.pl/api/order/1596671?lang=pl,2026-08-08T08:43:36.106597
2026-08-08,gliwice,Spider-Man: Całkiem nowy dzień,Gliwice,16:15,2D,original,regular,1.0,https://tickets.cinema-city.pl/api/order/1616799?lang=pl,2026-08-08T08:43:36.106605
2026-08-08,gliwice,Minionki i straszydła,Gliwice,16:30,2D,,regular,1.0,https://tickets.cinema-city.pl/api/order/1618677?lang=pl,2026-08-08T08:43:36.106612
2026-08-08,gliwice,Spider-Man: Całkiem nowy dzień,Gliwice,16:30,2D,original,regular,1.0,https://tickets.cinema-city.pl/api/order/1619565?lang=pl,2026-08-08T08:43:36.106620
2026-08-08,gliwice,Psi patrol i dinozaury,Gliwice,16:50,2D,,regular,1.0,https://tickets.cinema-city.pl/api/order/1596663?lang=pl,2026-08-08T08:43:36.106626
2026-08-08,gliwice,Pejzaż w kolorze sepii,Gliwice,17:00,2D,original,regular,1.0,https://tickets.cinema-city.pl/api/order/1618635?lang=pl,2026-08-08T08:43:36.106633
2026-08-08,gliwice,Ice Cream Man,Gliwice,17:25,2D,original,regular,1.0,https://tickets.cinema-city.pl/api/order/1618617?lang=pl,2026-08-08T08:43:36.106640
2026-08-08,gliwice,Spider-Man: Całkiem nowy dzień,Gliwice,17:30,2D,original,regular,1.0,https://tickets.cinema-city.pl/api/order/1618896?lang=pl,2026-08-08T08:43:36.106647
2026-08-08,gliwice,Odyseja,Gliwice,17:30,2D,original,regular,1.0,https://tickets.cinema-city.pl/api/order/1619451?lang=pl,2026-08-08T08:43:36.106654
2026-08-08,gliwice,Spider-Man: Całkiem nowy dzień,Gliwice,17:40,3D,original,regular,1.0,https://tickets.cinema-city.pl/api/order/1618580?lang=pl,2026-08-08T08:43:36.106660
2026-08-08,gliwice,Psi patrol i dinozaury,Gliwice,17:45,2D,,regular,1.0,https://tickets.cinema-city.pl/api/order/1596673?lang=pl,2026-08-08T08:43:36.106667
2026-08-08,gliwice,Backrooms. Bez wyjścia - wersja rozszerzona,Gliwice,18:00,2D,original,regular,1.0,https://tickets.cinema-city.pl/api/order/1618713?lang=pl,2026-08-08T08:43:36.106675
2026-08-08,gliwice,Gorzkie święta,Gliwice,18:30,2D,original,regular,1.0,https://tickets.cinema-city.pl/api/order/1618683?lang=pl,2026-08-08T08:43:36.106682
2026-08-08,gliwice,Spider-Man: Całkiem nowy dzień,Gliwice,18:30,2D,original,regular,1.0,https://tickets.cinema-city.pl/api/order/1618737?lang=pl,2026-08-08T08:43:36.106690
2026-08-08,gliwice,Odyseja,Gliwice,18:30,2D,original,regular,1.0,https://tickets.cinema-city.pl/api/order/1618779?lang=pl,2026-08-08T08:43:36.106697
2026-08-08,gliwice,Psi patrol i dinozaury,Gliwice,19:00,2D,,regular,1.0,https://tickets.cinema-city.pl/api/order/1596665?lang=pl,2026-08-08T08:43:36.106704
2026-08-08,gliwice,Spider-Man: Całkiem nowy dzień,Gliwice,19:25,2D,original,regular,1.0,https://tickets.cinema-city.pl/api/order/1616805?lang=pl,2026-08-08T08:43:36.106711
2026-08-08,gliwice,Spider-Man: Całkiem nowy dzień,Gliwice,19:45,2D,original,regular,1.0,https://tickets.cinema-city.pl/api/order/1620837?lang=pl,2026-08-08T08:43:36.106718
2026-08-08,gliwice,Kandydaci śmierci,Gliwice,19:50,2D,original,regular,1.0,https://tickets.cinema-city.pl/api/order/1618592?lang=pl,2026-08-08T08:43:36.106725
2026-08-08,gliwice,Ice Cream Man,Gliwice,19:50,2D,original,regular,1.0,https://tickets.cinema-city.pl/api/order/1618623?lang=pl,2026-08-08T08:43:36.106731
2026-08-08,gliwice,Władca Pierścieni: Dwie wieże (wersja rozszerzona),Gliwice,20:00,2D,original,regular,1.0,https://tickets.cinema-city.pl/api/order/1568062?lang=pl,2026-08-08T08:43:36.106740
2026-08-08,gliwice,Tylko jedna noc,Gliwice,20:40,2D,original,regular,1.0,https://tickets.cinema-city.pl/api/order/1618898?lang=pl,2026-08-08T08:43:36.106746
2026-08-08,gliwice,Odyseja,Gliwice,20:45,2D,original,regular,1.0,https://tickets.cinema-city.pl/api/order/1618761?lang=pl,2026-08-08T08:43:36.106753
2026-08-08,gliwice,Zaproszenie,Gliwice,21:00,2D,original,regular,1.0,https://tickets.cinema-city.pl/api/order/1618689?lang=pl,2026-08-08T08:43:36.106760
2026-08-08,gliwice,Obsesja,Gliwice,21:00,2D,original,regular,1.0,https://tickets.cinema-city.pl/api/order/1618719?lang=pl,2026-08-08T08:43:36.106766
2026-08-08,gliwice,Spider-Man: Całkiem nowy dzień,Gliwice,21:10,2D,original,regular,1.0,https://tickets.cinema-city.pl/api/order/1619510?lang=pl,2026-08-08T08:43:36.106773
2026-08-08,gliwice,Odyseja,Gliwice,21:15,2D,original,regular,1.0,https://tickets.cinema-city.pl/api/order/1619456?lang=pl,2026-08-08T08:43:36.106780
2026-08-08,gliwice,Spider-Man: Całkiem nowy dzień,Gliwice,21:40,2D,original,regular,1.0,https://tickets.cinema-city.pl/api/order/1618743?lang=pl,2026-08-08T08:43:36.106787
2026-08-08,gliwice,Odyseja,Gliwice,22:00,2D,original,regular,1.0,https://tickets.cinema-city.pl/api/order/1618785?lang=pl,2026-08-08T08:43:36.106793
2026-08-08,gliwice,Martwe zło: Ogień,Gliwice,22:15,2D,original,regular,1.0,https://tickets.cinema-city.pl/api/order/1618659?lang=pl,2026-08-08T08:43:36.106800
2026-08-08,gliwice,Ice Cream Man,Gliwice,22:15,2D,original,regular,1.0,https://tickets.cinema-city.pl/api/order/1618665?lang=pl,2026-08-08T08:43:36.106806
2026-08-08,gliwice,Spider-Man: Całkiem nowy dzień,Gliwice,22:30,2D,original,regular,1.0,https://tickets.cinema-city.pl/api/order/1616811?lang=pl,2026-08-08T08:43:36.106813
2026-08-08,gliwice,Backrooms. Bez wyjścia,Gliwice,22:40,2D,original,regular,1.0,https://tickets.cinema-city.pl/api/order/1616837?lang=pl,2026-08-08T08:43:36.106821
2026-08-08,katowice,Odyseja,Katowice - Punkt 44,10:30,IMAX,original,regular,1.0,https://tickets.cinema-city.pl/api/order/1608804?lang=pl,2026-08-08T08:43:38.490601
2026-08-08,katowice,Spider-Man: Całkiem nowy dzień,Katowice - Punkt 44,10:30,2D,original,regular,1.0,https://tickets.cinema-city.pl/api/order/1616192?lang=pl,2026-08-08T08:43:38.490629
2026-08-08,katowice,Vaiana,Katowice - Punkt 44,10:30,2D,original,regular,1.0,https://tickets.cinema-city.pl/api/order/1616323?lang=pl,2026-08-08T08:43:38.490639
2026-08-08,katowice,Odyseja,Katowice - Punkt 44,10:30,2D,original,regular,1.0,https://tickets.cinema-city.pl/api/order/1616392?lang=pl,2026-08-08T08:43:38.490647
2026-08-08,katowice,Psi patrol i dinozaury,Katowice - Punkt 44,10:45,2D,,regular,1.0,https://tickets.cinema-city.pl/api/order/1617145?lang=pl,2026-08-08T08:43:38.490655
2026-08-08,katowice,Spider-Man: Całkiem nowy dzień,Katowice - Punkt 44,10:50,2D,original,regular,1.0,https://tickets.cinema-city.pl/api/order/1616240?lang=pl,2026-08-08T08:43:38.490662
2026-08-08,katowice,Minionki i straszydła,Katowice - Punkt 44,10:50,2D,,regular,1.0,https://tickets.cinema-city.pl/api/order/1616287?lang=pl,2026-08-08T08:43:38.490670
2026-08-08,katowice,Psi patrol i dinozaury,Katowice - Punkt 44,11:20,2D,,regular,1.0,https://tickets.cinema-city.pl/api/order/1597460?lang=pl,2026-08-08T08:43:38.490676
2026-08-08,katowice,Góra mocy LEKTOR,Katowice - Punkt 44,12:10,2D,,regular,1.0,https://tickets.cinema-city.pl/api/order/1616380?lang=pl,2026-08-08T08:43:38.490685
2026-08-08,katowice,Spider-Man: Całkiem nowy dzień,Katowice - Punkt 44,12:10,2D,original,regular,1.0,https://tickets.cinema-city.pl/api/order/1616440?lang=pl,2026-08-08T08:43:38.490692
2026-08-08,katowice,Minionki i straszydła,Katowice - Punkt 44,12:20,2D,,regular,1.0,https://tickets.cinema-city.pl/api/order/1617155?lang=pl,2026-08-08T08:43:38.490699
2026-08-08,katowice,Psi patrol i dinozaury,Katowice - Punkt 44,12:30,2D,,regular,1.0,https://tickets.cinema-city.pl/api/order/1597472?lang=pl,2026-08-08T08:43:38.490707
2026-08-08,katowice,Toy Story 5,Katowice - Punkt 44,12:30,2D,original,regular,1.0,https://tickets.cinema-city.pl/api/order/1616210?lang=pl,2026-08-08T08:43:38.490715
2026-08-08,katowice,Spider-Man: Całkiem nowy dzień,Katowice - Punkt 44,13:00,2D,original,regular,1.0,https://tickets.cinema-city.pl/api/order/1616264?lang=pl,2026-08-08T08:43:38.490723
2026-08-08,katowice,Minionki i straszydła,Katowice - Punkt 44,13:00,2D,,regular,1.0,https://tickets.cinema-city.pl/api/order/1616293?lang=pl,2026-08-08T08:43:38.490729
2026-08-08,katowice,Ice Cream Man,Katowice - Punkt 44,13:00,2D,original,regular,1.0,https://tickets.cinema-city.pl/api/order/1617125?lang=pl,2026-08-08T08:43:38.490737
2026-08-08,katowice,Vaiana,Katowice - Punkt 44,13:10,2D,original,regular,1.0,https://tickets.cinema-city.pl/api/order/1616329?lang=pl,2026-08-08T08:43:38.490744
2026-08-08,katowice,Psi patrol i dinozaury,Katowice - Punkt 44,13:30,2D,,regular,1.0,https://tickets.cinema-city.pl/api/order/1597462?lang=pl,2026-08-08T08:43:38.490750
2026-08-08,katowice,Spider-Man: Całkiem nowy dzień,Katowice - Punkt 44,13:40,2D,original,regular,1.0,https://tickets.cinema-city.pl/api/order/1616186?lang=pl,2026-08-08T08:43:38.490758
2026-08-08,katowice,Spider-Man: Całkiem nowy dzień,Katowice - Punkt 44,14:00,2D,original,regular,1.0,https://tickets.cinema-city.pl/api/order/1616234?lang=pl,2026-08-08T08:43:38.490766
2026-08-08,katowice,Odyseja,Katowice - Punkt 44,14:10,2D,original,regular,1.0,https://tickets.cinema-city.pl/api/order/1616397?lang=pl,2026-08-08T08:43:38.490773
2026-08-08,katowice,Odyseja,Katowice - Punkt 44,14:15,IMAX,original,regular,1.0,https://tickets.cinema-city.pl/api/order/1608810?lang=pl,2026-08-08T08:43:38.490778
2026-08-08,katowice,Minionki i straszydła,Katowice - Punkt 44,14:20,2D,,regular,1.0,https://tickets.cinema-city.pl/api/order/1617160?lang=pl,2026-08-08T08:43:38.490785
2026-08-08,katowice,Spider-Man: Całkiem nowy dzień,Katowice - Punkt 44,14:30,3D,original,regular,1.0,https://tickets.cinema-city.pl/api/order/1616168?lang=pl,2026-08-08T08:43:38.490792
2026-08-08,katowice,Psi patrol i dinozaury,Katowice - Punkt 44,14:40,2D,,regular,1.0,https://tickets.cinema-city.pl/api/order/1597474?lang=pl,2026-08-08T08:43:38.490799
2026-08-08,katowice,Toy Story 5,Katowice - Punkt 44,14:50,2D,original,regular,1.0,https://tickets.cinema-city.pl/api/order/1616198?lang=pl,2026-08-08T08:43:38.490807
2026-08-08,katowice,Minionki i straszydła,Katowice - Punkt 44,15:10,2D,,regular,1.0,https://tickets.cinema-city.pl/api/order/1616299?lang=pl,2026-08-08T08:43:38.490813
2026-08-08,katowice,Spider-Man: Całkiem nowy dzień,Katowice - Punkt 44,15:20,2D,original,regular,1.0,https://tickets.cinema-city.pl/api/order/1616386?lang=pl,2026-08-08T08:43:38.490820
2026-08-08,katowice,Ice Cream Man,Katowice - Punkt 44,15:30,2D,original,regular,1.0,https://tickets.cinema-city.pl/api/order/1617130?lang=pl,2026-08-08T08:43:38.490826
2026-08-08,katowice,Psi patrol i dinozaury,Katowice - Punkt 44,15:40,2D,,regular,1.0,https://tickets.cinema-city.pl/api/order/1597464?lang=pl,2026-08-08T08:43:38.490833
2026-08-08,katowice,Vaiana,Katowice - Punkt 44,15:50,2D,original,regular,1.0,https://tickets.cinema-city.pl/api/order/1616335?lang=pl,2026-08-08T08:43:38.490839
2026-08-08,katowice,Spider-Man: Całkiem nowy dzień,Katowice - Punkt 44,16:10,2D,original,regular,1.0,https://tickets.cinema-city.pl/api/order/1616422?lang=pl,2026-08-08T08:43:38.490846
2026-08-08,katowice,Spider-Man: Całkiem nowy dzień,Katowice - Punkt 44,16:20,2D,original,regular,1.0,https://tickets.cinema-city.pl/api/order/1617165?lang=pl,2026-08-08T08:43:38.490853
2026-08-08,katowice,Psi patrol i dinozaury,Katowice - Punkt 44,16:50,2D,,regular,1.0,https://tickets.cinema-city.pl/api/order/1597476?lang=pl,2026-08-08T08:43:38.490859
2026-08-08,katowice,Spider-Man: Całkiem nowy dzień,Katowice - Punkt 44,16:50,2D,original,regular,1.0,https://tickets.cinema-city.pl/api/order/1616180?lang=pl,2026-08-08T08:43:38.490866
2026-08-08,katowice,Spider-Man: Całkiem nowy dzień,Katowice - Punkt 44,17:10,2D,original,regular,1.0,https://tickets.cinema-city.pl/api/order/1616228?lang=pl,2026-08-08T08:43:38.490873
2026-08-08,katowice,Toy Story 5,Katowice - Punkt 44,17:10,2D,original,regular,1.0,https://tickets.cinema-city.pl/api/order/1616246?lang=pl,2026-08-08T08:43:38.490880
2026-08-08,katowice,Tylko jedna noc,Katowice - Punkt 44,17:10,2D,original,regular,1.0,https://tickets.cinema-city.pl/api/order/1616281?lang=pl,2026-08-08T08:43:38.490887
2026-08-08,katowice,Spider-Man: Całkiem nowy dzień,Katowice - Punkt 44,17:40,3D,original,regular,1.0,https://tickets.cinema-city.pl/api/order/1616162?lang=pl,2026-08-08T08:43:38.490893
2026-08-08,katowice,Psi patrol i dinozaury,Katowice - Punkt 44,17:50,2D,,regular,1.0,https://tickets.cinema-city.pl/api/order/1597466?lang=pl,2026-08-08T08:43:38.490899
2026-08-08,katowice,Odyseja,Katowice - Punkt 44,17:50,2D,original,regular,1.0,https://tickets.cinema-city.pl/api/order/1616402?lang=pl,2026-08-08T08:43:38.490906
2026-08-08,katowice,Odyseja,Katowice - Punkt 44,18:00,IMAX,original,regular,1.0,https://tickets.cinema-city.pl/api/order/1608816?lang=pl,2026-08-08T08:43:38.490911
2026-08-08,katowice,Ice Cream Man,Katowice - Punkt 44,18:00,2D,original,regular,1.0,https://tickets.cinema-city.pl/api/order/1617135?lang=pl,2026-08-08T08:43:38.490918
2026-08-08,katowice,Backrooms. Bez wyjścia - wersja rozszerzona,Katowice - Punkt 44,18:20,2D,original,regular,1.0,https://tickets.cinema-city.pl/api/order/1616311?lang=pl,2026-08-08T08:43:38.490926
2026-08-08,katowice,Spider-Man: Całkiem nowy dzień,Katowice - Punkt 44,18:30,2D,original,regular,1.0,https://tickets.cinema-city.pl/api/order/1616204?lang=pl,2026-08-08T08:43:38.490933
2026-08-08,katowice,Psi patrol i dinozaury,Katowice - Punkt 44,19:00,2D,,regular,1.0,https://tickets.cinema-city.pl/api/order/1597478?lang=pl,2026-08-08T08:43:38.490939
2026-08-08,katowice,Dzień objawienia,Katowice - Punkt 44,19:20,2D,original,regular,1.0,https://tickets.cinema-city.pl/api/order/1616428?lang=pl,2026-08-08T08:43:38.490947
2026-08-08,katowice,Spider-Man: Całkiem nowy dzień,Katowice - Punkt 44,19:25,2D,original,regular,1.0,https://tickets.cinema-city.pl/api/order/1617170?lang=pl,2026-08-08T08:43:38.490954
2026-08-08,katowice,Odyseja,Katowice - Punkt 44,19:30,2D,original,regular,1.0,https://tickets.cinema-city.pl/api/order/1616305?lang=pl,2026-08-08T08:43:38.490961
2026-08-08,katowice,Zaproszenie,Katowice - Punkt 44,19:40,2D,original,regular,1.0,https://tickets.cinema-city.pl/api/order/1616252?lang=pl,2026-08-08T08:43:38.490968
2026-08-08,katowice,Psi patrol i dinozaury,Katowice - Punkt 44,20:00,2D,,regular,1.0,https://tickets.cinema-city.pl/api/order/1597468?lang=pl,2026-08-08T08:43:38.490974
2026-08-08,katowice,Spider-Man: Całkiem nowy dzień,Katowice - Punkt 44,20:00,2D,original,regular,1.0,https://tickets.cinema-city.pl/api/order/1616174?lang=pl,2026-08-08T08:43:38.490981
2026-08-08,katowice,Spider-Man: Całkiem nowy dzień,Katowice - Punkt 44,20:20,2D,original,regular,1.0,https://tickets.cinema-city.pl/api/order/1616222?lang=pl,2026-08-08T08:43:38.490988
2026-08-08,katowice,Ice Cream Man,Katowice - Punkt 44,20:40,2D,original,regular,1.0,https://tickets.cinema-city.pl/api/order/1617140?lang=pl,2026-08-08T08:43:38.490994
2026-08-08,katowice,Umamusume: Pretty Derby - Beginning of a New Era,Katowice - Punkt 44,20:50,2D,original,regular,1.0,https://tickets.cinema-city.pl/api/order/1616341?lang=pl,2026-08-08T08:43:38.491001
2026-08-08,katowice,Backrooms. Bez wyjścia - wersja rozszerzona,Katowice - Punkt 44,21:10,2D,original,regular,1.0,https://tickets.cinema-city.pl/api/order/1616317?lang=pl,2026-08-08T08:43:38.491008
2026-08-08,katowice,Spider-Man: Całkiem nowy dzień,Katowice - Punkt 44,21:20,2D,original,regular,1.0,https://tickets.cinema-city.pl/api/order/1620903?lang=pl,2026-08-08T08:43:38.491015
2026-08-08,katowice,Odyseja,Katowice - Punkt 44,21:30,2D,original,regular,1.0,https://tickets.cinema-city.pl/api/order/1616407?lang=pl,2026-08-08T08:43:38.491021
2026-08-08,katowice,Spider-Man: Całkiem nowy dzień,Katowice - Punkt 44,21:40,2D,original,regular,1.0,https://tickets.cinema-city.pl/api/order/1616258?lang=pl,2026-08-08T08:43:38.491028
2026-08-08,katowice,Odyseja,Katowice - Punkt 44,21:45,IMAX,original,regular,1.0,https://tickets.cinema-city.pl/api/order/1608822?lang=pl,2026-08-08T08:43:38.491033
2026-08-08,katowice,Toy Story 5,Katowice - Punkt 44,22:00,2D,original,regular,1.0,https://tickets.cinema-city.pl/api/order/1620902?lang=pl,2026-08-08T08:43:38.491040
2026-08-08,katowice,Zaproszenie,Katowice - Punkt 44,22:10,2D,original,regular,1.0,https://tickets.cinema-city.pl/api/order/1616270?lang=pl,2026-08-08T08:43:38.491047
2026-08-08,katowice,Straszny film,Katowice - Punkt 44,22:10,2D,original,regular,1.0,https://tickets.cinema-city.pl/api/order/1620900?lang=pl,2026-08-08T08:43:38.491054
2026-08-08,katowice,Spider-Man: Całkiem nowy dzień,Katowice - Punkt 44,22:30,2D,original,regular,1.0,https://tickets.cinema-city.pl/api/order/1617175?lang=pl,2026-08-08T08:43:38.491061
2026-08-08,katowice,Odyseja,Katowice - Silesia,10:40,2D,original,regular,1.0,https://tickets.cinema-city.pl/api/order/1617014?lang=pl,2026-08-08T08:43:40.630936
2026-08-08,katowice,Psi patrol i dinozaury,Katowice - Silesia,10:50,2D,,regular,1.0,https://tickets.cinema-city.pl/api/order/1597682?lang=pl,2026-08-08T08:43:40.630960
2026-08-08,katowice,Spider-Man: Całkiem nowy dzień,Katowice - Silesia,11:00,2D,original,regular,1.0,https://tickets.cinema-city.pl/api/order/1615931?lang=pl,2026-08-08T08:43:40.630973
2026-08-08,katowice,Toy Story 5,Katowice - Silesia,11:10,2D,original,regular,1.0,https://tickets.cinema-city.pl/api/order/1614401?lang=pl,2026-08-08T08:43:40.630982
2026-08-08,katowice,Ekipa zwierzaków,Katowice - Silesia,11:10,2D,,regular,1.0,https://tickets.cinema-city.pl/api/order/1615369?lang=pl,2026-08-08T08:43:40.630990
2026-08-08,katowice,Vaiana,Katowice - Silesia,11:20,2D,original,regular,1.0,https://tickets.cinema-city.pl/api/order/1617271?lang=pl,2026-08-08T08:43:40.630998
2026-08-08,katowice,Backrooms. Bez wyjścia,Katowice - Silesia,11:20,2D,original,regular,1.0,https://tickets.cinema-city.pl/api/order/1618063?lang=pl,2026-08-08T08:43:40.631006
2026-08-08,katowice,Minionki i straszydła,Katowice - Silesia,11:40,2D,,regular,1.0,https://tickets.cinema-city.pl/api/order/1616947?lang=pl,2026-08-08T08:43:40.631013
2026-08-08,katowice,Psi patrol i dinozaury,Katowice - Silesia,11:50,2D,,regular,1.0,https://tickets.cinema-city.pl/api/order/1597692?lang=pl,2026-08-08T08:43:40.631020
2026-08-08,katowice,Minionki i straszydła,Katowice - Silesia,12:20,2D,,regular,1.0,https://tickets.cinema-city.pl/api/order/1618207?lang=pl,2026-08-08T08:43:40.631027
2026-08-08,katowice,Toy Story 5,Katowice - Silesia,12:30,2D,original,regular,1.0,https://tickets.cinema-city.pl/api/order/1617905?lang=pl,2026-08-08T08:43:40.631035
2026-08-08,katowice,Spider-Man: Całkiem nowy dzień,Katowice - Silesia,12:40,2D,original,regular,1.0,https://tickets.cinema-city.pl/api/order/1615204?lang=pl,2026-08-08T08:43:40.631042
2026-08-08,katowice,Psi patrol i dinozaury,Katowice - Silesia,13:00,2D,,regular,1.0,https://tickets.cinema-city.pl/api/order/1597684?lang=pl,2026-08-08T08:43:40.631049
2026-08-08,katowice,Ekipa zwierzaków,Katowice - Silesia,13:20,2D,,regular,1.0,https://tickets.cinema-city.pl/api/order/1615375?lang=pl,2026-08-08T08:43:40.631056
2026-08-08,katowice,Spider-Man: Całkiem nowy dzień,Katowice - Silesia,13:30,2D,original,regular,1.0,https://tickets.cinema-city.pl/api/order/1616601?lang=pl,2026-08-08T08:43:40.631063
2026-08-08,katowice,Toy Story 5,Katowice - Silesia,13:40,2D,original,regular,1.0,https://tickets.cinema-city.pl/api/order/1614407?lang=pl,2026-08-08T08:43:40.631071
2026-08-08,katowice,Minionki i straszydła,Katowice - Silesia,13:50,2D,,regular,1.0,https://tickets.cinema-city.pl/api/order/1616953?lang=pl,2026-08-08T08:43:40.631078
2026-08-08,katowice,Backrooms. Bez wyjścia,Katowice - Silesia,13:50,2D,original,regular,1.0,https://tickets.cinema-city.pl/api/order/1618069?lang=pl,2026-08-08T08:43:40.631084
2026-08-08,katowice,Psi patrol i dinozaury,Katowice - Silesia,14:00,2D,,regular,1.0,https://tickets.cinema-city.pl/api/order/1597694?lang=pl,2026-08-08T08:43:40.631091
2026-08-08,katowice,Ice Cream Man,Katowice - Silesia,14:00,2D,original,regular,1.0,https://tickets.cinema-city.pl/api/order/1617277?lang=pl,2026-08-08T08:43:40.631098
2026-08-08,katowice,Spider-Man: Całkiem nowy dzień,Katowice - Silesia,14:10,2D,original,regular,1.0,https://tickets.cinema-city.pl/api/order/1615933?lang=pl,2026-08-08T08:43:40.631106
2026-08-08,katowice,Odyseja,Katowice - Silesia,14:20,2D,original,regular,1.0,https://tickets.cinema-city.pl/api/order/1617015?lang=pl,2026-08-08T08:43:40.631113
2026-08-08,katowice,Minionki i straszydła,Katowice - Silesia,14:30,2D,,regular,1.0,https://tickets.cinema-city.pl/api/order/1618213?lang=pl,2026-08-08T08:43:40.631119
2026-08-08,katowice,Spider-Man: Całkiem nowy dzień,Katowice - Silesia,15:00,3D,original,regular,1.0,https://tickets.cinema-city.pl/api/order/1617887?lang=pl,2026-08-08T08:43:40.631126
2026-08-08,katowice,Psi patrol i dinozaury,Katowice - Silesia,15:10,2D,,regular,1.0,https://tickets.cinema-city.pl/api/order/1597686?lang=pl,2026-08-08T08:43:40.631133
2026-08-08,katowice,Odyseja,Katowice - Silesia,15:40,2D,original,regular,1.0,https://tickets.cinema-city.pl/api/order/1615381?lang=pl,2026-08-08T08:43:40.631139
2026-08-08,katowice,Spider-Man: Całkiem nowy dzień,Katowice - Silesia,15:50,2D,original,regular,1.0,https://tickets.cinema-city.pl/api/order/1615210?lang=pl,2026-08-08T08:43:40.631146
2026-08-08,katowice,Toy Story 5,Katowice - Silesia,16:00,2D,original,regular,1.0,https://tickets.cinema-city.pl/api/order/1614414?lang=pl,2026-08-08T08:43:40.631154
2026-08-08,katowice,Minionki i straszydła,Katowice - Silesia,16:00,2D,,regular,1.0,https://tickets.cinema-city.pl/api/order/1616960?lang=pl,2026-08-08T08:43:40.631160
2026-08-08,katowice,Psi patrol i dinozaury,Katowice - Silesia,16:10,2D,,regular,1.0,https://tickets.cinema-city.pl/api/order/1597696?lang=pl,2026-08-08T08:43:40.631166
2026-08-08,katowice,Spider-Man: Całkiem nowy dzień,Katowice - Silesia,16:20,2D,original,regular,1.0,https://tickets.cinema-city.pl/api/order/1617283?lang=pl,2026-08-08T08:43:40.631174
2026-08-08,katowice,Kandydaci śmierci,Katowice - Silesia,16:20,2D,original,regular,1.0,https://tickets.cinema-city.pl/api/order/1618075?lang=pl,2026-08-08T08:43:40.631181
2026-08-08,katowice,Spider-Man: Całkiem nowy dzień,Katowice - Silesia,16:40,2D,original,regular,1.0,https://tickets.cinema-city.pl/api/order/1616607?lang=pl,2026-08-08T08:43:40.631188
2026-08-08,katowice,Ice Cream Man,Katowice - Silesia,16:40,2D,original,regular,1.0,https://tickets.cinema-city.pl/api/order/1618219?lang=pl,2026-08-08T08:43:40.631194
2026-08-08,katowice,Psi patrol i dinozaury,Katowice - Silesia,17:20,2D,,regular,1.0,https://tickets.cinema-city.pl/api/order/1597688?lang=pl,2026-08-08T08:43:40.631201
2026-08-08,katowice,Spider-Man: Całkiem nowy dzień,Katowice - Silesia,17:20,2D,original,regular,1.0,https://tickets.cinema-city.pl/api/order/1615955?lang=pl,2026-08-08T08:43:40.631209
2026-08-08,katowice,Odyseja,Katowice - Silesia,18:00,2D,original,regular,1.0,https://tickets.cinema-city.pl/api/order/1617019?lang=pl,2026-08-08T08:43:40.631216
2026-08-08,katowice,Do utraty tchu (re-release),Katowice - Silesia,18:10,2D,original,regular,1.0,https://tickets.cinema-city.pl/api/order/1616966?lang=pl,2026-08-08T08:43:40.631224
2026-08-08,katowice,Spider-Man: Całkiem nowy dzień,Katowice - Silesia,18:10,3D,original,regular,1.0,https://tickets.cinema-city.pl/api/order/1617893?lang=pl,2026-08-08T08:43:40.631231
2026-08-08,katowice,Psi patrol i dinozaury,Katowice - Silesia,18:20,2D,,regular,1.0,https://tickets.cinema-city.pl/api/order/1597698?lang=pl,2026-08-08T08:43:40.631237
2026-08-08,katowice,Tylko jedna noc,Katowice - Silesia,18:20,2D,original,regular,1.0,https://tickets.cinema-city.pl/api/order/1614810?lang=pl,2026-08-08T08:43:40.631244
2026-08-08,katowice,Pejzaż w kolorze sepii,Katowice - Silesia,18:40,2D,original,regular,1.0,https://tickets.cinema-city.pl/api/order/1618081?lang=pl,2026-08-08T08:43:40.631251
2026-08-08,katowice,Spider-Man: Całkiem nowy dzień,Katowice - Silesia,19:00,2D,original,regular,1.0,https://tickets.cinema-city.pl/api/order/1615216?lang=pl,2026-08-08T08:43:40.631257
2026-08-08,katowice,Ice Cream Man,Katowice - Silesia,19:10,2D,original,regular,1.0,https://tickets.cinema-city.pl/api/order/1618225?lang=pl,2026-08-08T08:43:40.631264
2026-08-08,katowice,Odyseja,Katowice - Silesia,19:20,2D,original,regular,1.0,https://tickets.cinema-city.pl/api/order/1615387?lang=pl,2026-08-08T08:43:40.631271
2026-08-08,katowice,Psi patrol i dinozaury,Katowice - Silesia,19:30,2D,,regular,1.0,https://tickets.cinema-city.pl/api/order/1597690?lang=pl,2026-08-08T08:43:40.631278
2026-08-08,katowice,Spider-Man: Całkiem nowy dzień,Katowice - Silesia,19:30,2D,original,regular,1.0,https://tickets.cinema-city.pl/api/order/1617289?lang=pl,2026-08-08T08:43:40.631285
2026-08-08,katowice,Władca Pierścieni: Dwie wieże (wersja rozszerzona),Katowice - Silesia,20:00,2D,original,regular,1.0,https://tickets.cinema-city.pl/api/order/1568088?lang=pl,2026-08-08T08:43:40.631293
2026-08-08,katowice,Zaproszenie,Katowice - Silesia,20:20,2D,original,regular,1.0,https://tickets.cinema-city.pl/api/order/1616972?lang=pl,2026-08-08T08:43:40.631300
2026-08-08,katowice,Spider-Man: Całkiem nowy dzień,Katowice - Silesia,20:30,2D,original,regular,1.0,https://tickets.cinema-city.pl/api/order/1615957?lang=pl,2026-08-08T08:43:40.631308
2026-08-08,katowice,Gorzkie święta,Katowice - Silesia,20:40,2D,original,regular,1.0,https://tickets.cinema-city.pl/api/order/1614812?lang=pl,2026-08-08T08:43:40.631314
2026-08-08,katowice,Backrooms. Bez wyjścia - wersja rozszerzona,Katowice - Silesia,20:45,2D,original,regular,1.0,https://tickets.cinema-city.pl/api/order/1616017?lang=pl,2026-08-08T08:43:40.631322
2026-08-08,katowice,Spider-Man: Całkiem nowy dzień,Katowice - Silesia,21:20,2D,original,regular,1.0,https://tickets.cinema-city.pl/api/order/1617911?lang=pl,2026-08-08T08:43:40.631329
2026-08-08,katowice,Obsesja,Katowice - Silesia,21:30,2D,original,regular,1.0,https://tickets.cinema-city.pl/api/order/1618087?lang=pl,2026-08-08T08:43:40.631336
2026-08-08,katowice,Martwe zło: Ogień,Katowice - Silesia,21:40,2D,original,regular,1.0,https://tickets.cinema-city.pl/api/order/1615454?lang=pl,2026-08-08T08:43:40.631344
2026-08-08,katowice,Spider-Man: Całkiem nowy dzień,Katowice - Silesia,21:40,2D,original,regular,1.0,https://tickets.cinema-city.pl/api/order/1617048?lang=pl,2026-08-08T08:43:40.631351
2026-08-08,katowice,Ice Cream Man,Katowice - Silesia,21:40,2D,original,regular,1.0,https://tickets.cinema-city.pl/api/order/1618231?lang=pl,2026-08-08T08:43:40.631357
2026-08-08,katowice,Straszny film,Katowice - Silesia,22:10,2D,original,regular,1.0,https://tickets.cinema-city.pl/api/order/1615222?lang=pl,2026-08-08T08:43:40.631365
2026-08-08,kraków,Spider-Man: Całkiem nowy dzień,Kraków - Bonarka,10:30,2D,original,regular,1.0,https://tickets.cinema-city.pl/api/order/1609507?lang=pl,2026-08-08T08:43:42.406755
2026-08-08,kraków,Minionki i straszydła,Kraków - Bonarka,10:30,2D,,regular,1.0,https://tickets.cinema-city.pl/api/order/1615876?lang=pl,2026-08-08T08:43:42.406779
2026-08-08,kraków,Ice Cream Man,Kraków - Bonarka,10:30,2D,original,regular,1.0,https://tickets.cinema-city.pl/api/order/1616850?lang=pl,2026-08-08T08:43:42.406789
2026-08-08,kraków,Góra mocy LEKTOR,Kraków - Bonarka,10:30,2D,,regular,1.0,https://tickets.cinema-city.pl/api/order/1618039?lang=pl,2026-08-08T08:43:42.406797
2026-08-08,kraków,Diabeł ubiera się u Prady 2,Kraków - Bonarka,10:40,2D,original,regular,1.0,https://tickets.cinema-city.pl/api/order/1615995?lang=pl,2026-08-08T08:43:42.406807
2026-08-08,kraków,Spider-Man: Całkiem nowy dzień,Kraków - Bonarka,10:50,2D,original,regular,1.0,https://tickets.cinema-city.pl/api/order/1612509?lang=pl,2026-08-08T08:43:42.406815
2026-08-08,kraków,Minionki i straszydła,Kraków - Bonarka,10:50,2D,,regular,1.0,https://tickets.cinema-city.pl/api/order/1614259?lang=pl,2026-08-08T08:43:42.406823
2026-08-08,kraków,Spider-Man: Całkiem nowy dzień,Kraków - Bonarka,11:00,4DX,original,regular,1.0,https://tickets.cinema-city.pl/api/order/1610349?lang=pl,2026-08-08T08:43:42.406830
2026-08-08,kraków,Obsesja,Kraków - Bonarka,11:10,2D,original,regular,1.0,https://tickets.cinema-city.pl/api/order/1610515?lang=pl,2026-08-08T08:43:42.406837
2026-08-08,kraków,Psi patrol i dinozaury,Kraków - Bonarka,11:20,2D,,regular,1.0,https://tickets.cinema-city.pl/api/order/1608980?lang=pl,2026-08-08T08:43:42.406845
2026-08-08,kraków,Odyseja,Kraków - Bonarka,11:40,2D,original,regular,1.0,https://tickets.cinema-city.pl/api/order/1613086?lang=pl,2026-08-08T08:43:42.406853
2026-08-08,kraków,Psi patrol i dinozaury,Kraków - Bonarka,11:50,2D,,regular,1.0,https://tickets.cinema-city.pl/api/order/1596781?lang=pl,2026-08-08T08:43:42.406860
2026-08-08,kraków,Spider-Man: Całkiem nowy dzień,Kraków - Bonarka,12:10,2D,original,regular,1.0,https://tickets.cinema-city.pl/api/order/1617191?lang=pl,2026-08-08T08:43:42.406868
2026-08-08,kraków,Psi patrol i dinozaury,Kraków - Bonarka,12:30,2D,,regular,1.0,https://tickets.cinema-city.pl/api/order/1596696?lang=pl,2026-08-08T08:43:42.406875
2026-08-08,kraków,Odyseja,Kraków - Bonarka,12:30,2D,original,regular,1.0,https://tickets.cinema-city.pl/api/order/1609991?lang=pl,2026-08-08T08:43:42.406882
2026-08-08,kraków,Vaiana,Kraków - Bonarka,12:30,2D,original,regular,1.0,https://tickets.cinema-city.pl/api/order/1616154?lang=pl,2026-08-08T08:43:42.406890
2026-08-08,kraków,Minionki i straszydła,Kraków - Bonarka,12:40,2D,,regular,1.0,https://tickets.cinema-city.pl/api/order/1615882?lang=pl,2026-08-08T08:43:42.406897
2026-08-08,kraków,Góra mocy,Kraków - Bonarka,12:40,2D,original,regular,1.0,https://tickets.cinema-city.pl/api/order/1618033?lang=pl,2026-08-08T08:43:42.406906
2026-08-08,kraków,Minionki i straszydła,Kraków - Bonarka,12:50,2D,,regular,1.0,https://tickets.cinema-city.pl/api/order/1614262?lang=pl,2026-08-08T08:43:42.406913
2026-08-08,kraków,Toy Story 5,Kraków - Bonarka,12:50,2D,original,regular,1.0,https://tickets.cinema-city.pl/api/order/1617435?lang=pl,2026-08-08T08:43:42.406921
2026-08-08,kraków,Spider-Man: Całkiem nowy dzień,Kraków - Bonarka,13:00,2D,original,regular,1.0,https://tickets.cinema-city.pl/api/order/1611661?lang=pl,2026-08-08T08:43:42.406929
2026-08-08,kraków,Odyseja ukraiński dubbing,Kraków - Bonarka,13:00,2D,dubbing,regular,1.0,https://tickets.cinema-city.pl/api/order/1613745?lang=pl,2026-08-08T08:43:42.406937
2026-08-08,kraków,Ice Cream Man,Kraków - Bonarka,13:00,2D,original,regular,1.0,https://tickets.cinema-city.pl/api/order/1616855?lang=pl,2026-08-08T08:43:42.406944
2026-08-08,kraków,Spider-Man: Całkiem nowy dzień,Kraków - Bonarka,13:20,2D,original,regular,1.0,https://tickets.cinema-city.pl/api/order/1615997?lang=pl,2026-08-08T08:43:42.406952
2026-08-08,kraków,Psi patrol i dinozaury,Kraków - Bonarka,13:30,2D,,regular,1.0,https://tickets.cinema-city.pl/api/order/1608972?lang=pl,2026-08-08T08:43:42.406958
2026-08-08,kraków,Spider-Man: Całkiem nowy dzień,Kraków - Bonarka,13:40,2D,original,regular,1.0,https://tickets.cinema-city.pl/api/order/1609510?lang=pl,2026-08-08T08:43:42.406966
2026-08-08,kraków,Obsesja,Kraków - Bonarka,13:40,2D,original,regular,1.0,https://tickets.cinema-city.pl/api/order/1610509?lang=pl,2026-08-08T08:43:42.406973
2026-08-08,kraków,Odyseja,Kraków - Bonarka,13:50,2D,original,regular,1.0,https://tickets.cinema-city.pl/api/order/1617027?lang=pl,2026-08-08T08:43:42.406980
2026-08-08,kraków,Psi patrol i dinozaury,Kraków - Bonarka,14:00,2D,,regular,1.0,https://tickets.cinema-city.pl/api/order/1596782?lang=pl,2026-08-08T08:43:42.406988
2026-08-08,kraków,Spider-Man: Całkiem nowy dzień,Kraków - Bonarka,14:00,2D,original,regular,1.0,https://tickets.cinema-city.pl/api/order/1612522?lang=pl,2026-08-08T08:43:42.406995
2026-08-08,kraków,Spider-Man: Całkiem nowy dzień,Kraków - Bonarka,14:10,4DX,original,regular,1.0,https://tickets.cinema-city.pl/api/order/1610361?lang=pl,2026-08-08T08:43:42.407001
2026-08-08,kraków,Psi patrol i dinozaury,Kraków - Bonarka,14:40,2D,,regular,1.0,https://tickets.cinema-city.pl/api/order/1596698?lang=pl,2026-08-08T08:43:42.407008
2026-08-08,kraków,Minionki i straszydła,Kraków - Bonarka,14:50,2D,,regular,1.0,https://tickets.cinema-city.pl/api/order/1615888?lang=pl,2026-08-08T08:43:42.407015
2026-08-08,kraków,Spider-Man: Całkiem nowy dzień,Kraków - Bonarka,14:50,3D,original,regular,1.0,https://tickets.cinema-city.pl/api/order/1618021?lang=pl,2026-08-08T08:43:42.407022
2026-08-08,kraków,Młody Waszyngton,Kraków - Bonarka,14:50,2D,original,regular,1.0,https://tickets.cinema-city.pl/api/order/1620747?lang=pl,2026-08-08T08:43:42.407031
2026-08-08,kraków,Spider-Man: Całkiem nowy dzień,Kraków - Bonarka,15:00,2D,original,regular,1.0,https://tickets.cinema-city.pl/api/order/1616144?lang=pl,2026-08-08T08:43:42.407038
2026-08-08,kraków,Toy Story 5,Kraków - Bonarka,15:10,2D,original,regular,1.0,https://tickets.cinema-city.pl/api/order/1617464?lang=pl,2026-08-08T08:43:42.407046
2026-08-08,kraków,Odyseja,Kraków - Bonarka,15:20,2D,original,regular,1.0,https://tickets.cinema-city.pl/api/order/1613114?lang=pl,2026-08-08T08:43:42.407053
2026-08-08,kraków,Spider-Man: Całkiem nowy dzień,Kraków - Bonarka,15:20,2D,original,regular,1.0,https://tickets.cinema-city.pl/api/order/1617197?lang=pl,2026-08-08T08:43:42.407061
2026-08-08,kraków,Pejzaż w kolorze sepii,Kraków - Bonarka,15:30,2D,original,regular,1.0,https://tickets.cinema-city.pl/api/order/1616860?lang=pl,2026-08-08T08:43:42.407069
2026-08-08,kraków,Psi patrol i dinozaury,Kraków - Bonarka,15:40,2D,,regular,1.0,https://tickets.cinema-city.pl/api/order/1608973?lang=pl,2026-08-08T08:43:42.407075
2026-08-08,kraków,Psi patrol i dinozaury,Kraków - Bonarka,16:10,2D,,regular,1.0,https://tickets.cinema-city.pl/api/order/1596785?lang=pl,2026-08-08T08:43:42.407082
2026-08-08,kraków,Odyseja,Kraków - Bonarka,16:10,2D,original,regular,1.0,https://tickets.cinema-city.pl/api/order/1609996?lang=pl,2026-08-08T08:43:42.407090
2026-08-08,kraków,Spider-Man: Całkiem nowy dzień,Kraków - Bonarka,16:10,2D,original,regular,1.0,https://tickets.cinema-city.pl/api/order/1611675?lang=pl,2026-08-08T08:43:42.407098
2026-08-08,kraków,Psi patrol i dinozaury ukraiński dubbing,Kraków - Bonarka,16:20,2D,dubbing,regular,1.0,https://tickets.cinema-city.pl/api/order/1596704?lang=pl,2026-08-08T08:43:42.407105
2026-08-08,kraków,Spider-Man: Całkiem nowy dzień,Kraków - Bonarka,16:20,2D,original,regular,1.0,https://tickets.cinema-city.pl/api/order/1610498?lang=pl,2026-08-08T08:43:42.407113
2026-08-08,kraków,Umamusume: Pretty Derby - Beginning of a New Era,Kraków - Bonarka,16:30,2D,original,regular,1.0,https://tickets.cinema-city.pl/api/order/1615999?lang=pl,2026-08-08T08:43:42.407120
2026-08-08,kraków,Psi patrol i dinozaury,Kraków - Bonarka,16:50,2D,,regular,1.0,https://tickets.cinema-city.pl/api/order/1596700?lang=pl,2026-08-08T08:43:42.407127
2026-08-08,kraków,Spider-Man: Całkiem nowy dzień,Kraków - Bonarka,16:50,2D,original,regular,1.0,https://tickets.cinema-city.pl/api/order/1609512?lang=pl,2026-08-08T08:43:42.407134
2026-08-08,kraków,Minionki i straszydła,Kraków - Bonarka,17:00,2D,,regular,1.0,https://tickets.cinema-city.pl/api/order/1615894?lang=pl,2026-08-08T08:43:42.407141
2026-08-08,kraków,Spider-Man: Całkiem nowy dzień,Kraków - Bonarka,17:10,2D,original,regular,1.0,https://tickets.cinema-city.pl/api/order/1612560?lang=pl,2026-08-08T08:43:42.407149
2026-08-08,kraków,Spider-Man: Całkiem nowy dzień,Kraków - Bonarka,17:20,4DX,original,regular,1.0,https://tickets.cinema-city.pl/api/order/1610355?lang=pl,2026-08-08T08:43:42.407155
2026-08-08,kraków,Zaproszenie,Kraków - Bonarka,17:30,2D,original,regular,1.0,https://tickets.cinema-city.pl/api/order/1614339?lang=pl,2026-08-08T08:43:42.407162
2026-08-08,kraków,Odyseja,Kraków - Bonarka,17:30,2D,original,regular,1.0,https://tickets.cinema-city.pl/api/order/1617033?lang=pl,2026-08-08T08:43:42.407170
2026-08-08,kraków,Spider-Man: Całkiem nowy dzień,Kraków - Bonarka,17:30,2D,original,regular,1.0,https://tickets.cinema-city.pl/api/order/1617480?lang=pl,2026-08-08T08:43:42.407177
2026-08-08,kraków,Psi patrol i dinozaury,Kraków - Bonarka,17:50,2D,,regular,1.0,https://tickets.cinema-city.pl/api/order/1608974?lang=pl,2026-08-08T08:43:42.407184
2026-08-08,kraków,Spider-Man: Całkiem nowy dzień,Kraków - Bonarka,18:00,3D,original,regular,1.0,https://tickets.cinema-city.pl/api/order/1618027?lang=pl,2026-08-08T08:43:42.407190
2026-08-08,kraków,Do utraty tchu (re-release),Kraków - Bonarka,18:10,2D,original,regular,1.0,https://tickets.cinema-city.pl/api/order/1616139?lang=pl,2026-08-08T08:43:42.407198
2026-08-08,kraków,Odyseja,Kraków - Bonarka,18:20,2D,original,regular,1.0,https://tickets.cinema-city.pl/api/order/1610786?lang=pl,2026-08-08T08:43:42.407206
2026-08-08,kraków,Kandydaci śmierci,Kraków - Bonarka,18:20,2D,original,regular,1.0,https://tickets.cinema-city.pl/api/order/1616870?lang=pl,2026-08-08T08:43:42.407214
2026-08-08,kraków,Spider-Man: Całkiem nowy dzień,Kraków - Bonarka,18:30,2D,original,regular,1.0,https://tickets.cinema-city.pl/api/order/1617203?lang=pl,2026-08-08T08:43:42.407222
2026-08-08,kraków,Spider-Man: Całkiem nowy dzień ukraiński dubbing,Kraków - Bonarka,18:35,2D,dubbing,regular,1.0,https://tickets.cinema-city.pl/api/order/1613734?lang=pl,2026-08-08T08:43:42.407230
2026-08-08,kraków,Psi patrol i dinozaury,Kraków - Bonarka,19:00,2D,,regular,1.0,https://tickets.cinema-city.pl/api/order/1596702?lang=pl,2026-08-08T08:43:42.407237
2026-08-08,kraków,Odyseja,Kraków - Bonarka,19:00,2D,original,regular,1.0,https://tickets.cinema-city.pl/api/order/1613127?lang=pl,2026-08-08T08:43:42.407244
2026-08-08,kraków,Tylko jedna noc,Kraków - Bonarka,19:00,2D,original,regular,1.0,https://tickets.cinema-city.pl/api/order/1616001?lang=pl,2026-08-08T08:43:42.407251
2026-08-08,kraków,Ice Cream Man,Kraków - Bonarka,19:10,2D,original,regular,1.0,https://tickets.cinema-city.pl/api/order/1615864?lang=pl,2026-08-08T08:43:42.407258
2026-08-08,kraków,Spider-Man: Całkiem nowy dzień,Kraków - Bonarka,19:20,2D,original,regular,1.0,https://tickets.cinema-city.pl/api/order/1611677?lang=pl,2026-08-08T08:43:42.407266
2026-08-08,kraków,Spider-Man: Całkiem nowy dzień,Kraków - Bonarka,19:30,2D,original,regular,1.0,https://tickets.cinema-city.pl/api/order/1610504?lang=pl,2026-08-08T08:43:42.407273
2026-08-08,kraków,Odyseja,Kraków - Bonarka,19:50,2D,original,regular,1.0,https://tickets.cinema-city.pl/api/order/1610000?lang=pl,2026-08-08T08:43:42.407281
2026-08-08,kraków,Backrooms. Bez wyjścia - wersja rozszerzona,Kraków - Bonarka,19:50,2D,original,regular,1.0,https://tickets.cinema-city.pl/api/order/1614399?lang=pl,2026-08-08T08:43:42.407289
2026-08-08,kraków,Władca Pierścieni: Dwie wieże (wersja rozszerzona),Kraków - Bonarka,20:00,2D,original,regular,1.0,https://tickets.cinema-city.pl/api/order/1568067?lang=pl,2026-08-08T08:43:42.407299
2026-08-08,kraków,Psi patrol i dinozaury,Kraków - Bonarka,20:00,2D,,regular,1.0,https://tickets.cinema-city.pl/api/order/1597578?lang=pl,2026-08-08T08:43:42.407306
2026-08-08,kraków,Władca Pierścieni: Dwie wieże (wersja rozszerzona),Kraków - Bonarka,20:20,2D,original,regular,1.0,https://tickets.cinema-city.pl/api/order/1568059?lang=pl,2026-08-08T08:43:42.407315
2026-08-08,kraków,Spider-Man: Całkiem nowy dzień,Kraków - Bonarka,20:30,4DX,original,regular,1.0,https://tickets.cinema-city.pl/api/order/1610367?lang=pl,2026-08-08T08:43:42.407322
2026-08-08,kraków,Gorzkie święta,Kraków - Bonarka,20:30,2D,original,regular,1.0,https://tickets.cinema-city.pl/api/order/1616134?lang=pl,2026-08-08T08:43:42.407329
2026-08-08,kraków,Thudakkam,Kraków - Bonarka,20:40,2D,original,regular,1.0,https://tickets.cinema-city.pl/api/order/1617524?lang=pl,2026-08-08T08:43:42.407339
2026-08-08,kraków,Pejzaż w kolorze sepii,Kraków - Bonarka,20:45,2D,original,regular,1.0,https://tickets.cinema-city.pl/api/order/1616865?lang=pl,2026-08-08T08:43:42.407346
2026-08-08,kraków,Odyseja,Kraków - Bonarka,21:10,2D,original,regular,1.0,https://tickets.cinema-city.pl/api/order/1617039?lang=pl,2026-08-08T08:43:42.407354
2026-08-08,kraków,Dzień objawienia,Kraków - Bonarka,21:10,2D,original,regular,1.0,https://tickets.cinema-city.pl/api/order/1618045?lang=pl,2026-08-08T08:43:42.407362
2026-08-08,kraków,Martwe zło: Ogień,Kraków - Bonarka,21:15,2D,original,regular,1.0,https://tickets.cinema-city.pl/api/order/1615431?lang=pl,2026-08-08T08:43:42.407379
2026-08-08,kraków,Spider-Man: Całkiem nowy dzień,Kraków - Bonarka,21:20,2D,original,regular,1.0,https://tickets.cinema-city.pl/api/order/1616003?lang=pl,2026-08-08T08:43:42.407387
2026-08-08,kraków,Ice Cream Man,Kraków - Bonarka,21:40,2D,original,regular,1.0,https://tickets.cinema-city.pl/api/order/1615870?lang=pl,2026-08-08T08:43:42.407394
2026-08-08,kraków,Spider-Man: Całkiem nowy dzień,Kraków - Bonarka,21:40,2D,original,regular,1.0,https://tickets.cinema-city.pl/api/order/1617209?lang=pl,2026-08-08T08:43:42.407401
2026-08-08,kraków,Spider-Man: Całkiem nowy dzień ukraiński dubbing,Kraków - Bonarka,21:50,2D,dubbing,regular,1.0,https://tickets.cinema-city.pl/api/order/1613739?lang=pl,2026-08-08T08:43:42.407408
2026-08-08,kraków,Spider-Man: Całkiem nowy dzień,Kraków - Bonarka,22:00,2D,original,regular,1.0,https://tickets.cinema-city.pl/api/order/1610897?lang=pl,2026-08-08T08:43:42.407416
2026-08-08,kraków,Spider-Man: Całkiem nowy dzień,Kraków - Bonarka,22:00,2D,original,regular,1.0,https://tickets.cinema-city.pl/api/order/1620140?lang=pl,2026-08-08T08:43:42.407423
2026-08-08,kraków,Spider-Man: Całkiem nowy dzień,Kraków - Bonarka,22:30,2D,original,regular,1.0,https://tickets.cinema-city.pl/api/order/1612282?lang=pl,2026-08-08T08:43:42.407430
2026-08-08,kraków,Backrooms. Bez wyjścia,Kraków - Bonarka,22:30,2D,original,regular,1.0,https://tickets.cinema-city.pl/api/order/1614443?lang=pl,2026-08-08T08:43:42.407438
2026-08-08,kraków,Ice Cream Man,Kraków - Bonarka,22:30,2D,original,regular,1.0,https://tickets.cinema-city.pl/api/order/1620166?lang=pl,2026-08-08T08:43:42.407445
2026-08-08,kraków,Obsesja,Kraków - Bonarka,22:30,2D,original,regular,1.0,https://tickets.cinema-city.pl/api/order/1620168?lang=pl,2026-08-08T08:43:42.407452
2026-08-08,kraków,Ekipa zwierzaków,Kraków - Galeria Kazimierz,10:30,2D,,regular,1.0,https://tickets.cinema-city.pl/api/order/1609599?lang=pl,2026-08-08T08:43:44.525650
2026-08-08,kraków,Vaiana,Kraków - Galeria Kazimierz,10:30,2D,original,regular,1.0,https://tickets.cinema-city.pl/api/order/1610434?lang=pl,2026-08-08T08:43:44.525674
2026-08-08,kraków,Spider-Man: Całkiem nowy dzień,Kraków - Galeria Kazimierz,10:40,2D,original,regular,1.0,https://tickets.cinema-city.pl/api/order/1610661?lang=pl,2026-08-08T08:43:44.525686
2026-08-08,kraków,Młody Waszyngton,Kraków - Galeria Kazimierz,10:50,2D,original,regular,1.0,https://tickets.cinema-city.pl/api/order/1610002?lang=pl,2026-08-08T08:43:44.525695
2026-08-08,kraków,Psi patrol i dinozaury,Kraków - Galeria Kazimierz,11:20,2D,,regular,1.0,https://tickets.cinema-city.pl/api/order/1596714?lang=pl,2026-08-08T08:43:44.525703
2026-08-08,kraków,O czym sobie nie mówimy,Kraków - Galeria Kazimierz,11:40,2D,original,regular,1.0,https://tickets.cinema-city.pl/api/order/1612979?lang=pl,2026-08-08T08:43:44.525711
2026-08-08,kraków,Minionki i straszydła,Kraków - Galeria Kazimierz,12:00,2D,,regular,1.0,https://tickets.cinema-city.pl/api/order/1609455?lang=pl,2026-08-08T08:43:44.525719
2026-08-08,kraków,Spider-Man: Całkiem nowy dzień,Kraków - Galeria Kazimierz,12:10,2D,original,regular,1.0,https://tickets.cinema-city.pl/api/order/1611470?lang=pl,2026-08-08T08:43:44.525727
2026-08-08,kraków,Psi patrol i dinozaury,Kraków - Galeria Kazimierz,12:30,2D,,regular,1.0,https://tickets.cinema-city.pl/api/order/1596726?lang=pl,2026-08-08T08:43:44.525734
2026-08-08,kraków,Odyseja,Kraków - Galeria Kazimierz,12:40,2D,original,regular,1.0,https://tickets.cinema-city.pl/api/order/1609601?lang=pl,2026-08-08T08:43:44.525743
2026-08-08,kraków,Toy Story 5,Kraków - Galeria Kazimierz,12:40,2D,original,regular,1.0,https://tickets.cinema-city.pl/api/order/1613188?lang=pl,2026-08-08T08:43:44.525751
2026-08-08,kraków,Vaiana,Kraków - Galeria Kazimierz,13:10,2D,original,regular,1.0,https://tickets.cinema-city.pl/api/order/1610440?lang=pl,2026-08-08T08:43:44.525758
2026-08-08,kraków,Psi patrol i dinozaury,Kraków - Galeria Kazimierz,13:30,2D,,regular,1.0,https://tickets.cinema-city.pl/api/order/1596716?lang=pl,2026-08-08T08:43:44.525765
2026-08-08,kraków,Spider-Man: Całkiem nowy dzień ukraiński dubbing,Kraków - Galeria Kazimierz,13:40,2D,dubbing,regular,1.0,https://tickets.cinema-city.pl/api/order/1610008?lang=pl,2026-08-08T08:43:44.525772
2026-08-08,kraków,Spider-Man: Całkiem nowy dzień,Kraków - Galeria Kazimierz,13:50,2D,original,regular,1.0,https://tickets.cinema-city.pl/api/order/1610664?lang=pl,2026-08-08T08:43:44.525780
2026-08-08,kraków,Psi patrol i dinozaury ukraiński dubbing,Kraków - Galeria Kazimierz,14:10,2D,dubbing,regular,1.0,https://tickets.cinema-city.pl/api/order/1596712?lang=pl,2026-08-08T08:43:44.525787
2026-08-08,kraków,Spider-Man: Całkiem nowy dzień,Kraków - Galeria Kazimierz,14:20,3D,original,regular,1.0,https://tickets.cinema-city.pl/api/order/1612946?lang=pl,2026-08-08T08:43:44.525794
2026-08-08,kraków,Psi patrol i dinozaury,Kraków - Galeria Kazimierz,14:40,2D,,regular,1.0,https://tickets.cinema-city.pl/api/order/1596728?lang=pl,2026-08-08T08:43:44.525801
2026-08-08,kraków,Toy Story 5,Kraków - Galeria Kazimierz,15:10,2D,original,regular,1.0,https://tickets.cinema-city.pl/api/order/1613194?lang=pl,2026-08-08T08:43:44.525808
2026-08-08,kraków,Spider-Man: Całkiem nowy dzień,Kraków - Galeria Kazimierz,15:20,2D,original,regular,1.0,https://tickets.cinema-city.pl/api/order/1611475?lang=pl,2026-08-08T08:43:44.525815
2026-08-08,kraków,Psi patrol i dinozaury,Kraków - Galeria Kazimierz,15:40,2D,,regular,1.0,https://tickets.cinema-city.pl/api/order/1596718?lang=pl,2026-08-08T08:43:44.525822
2026-08-08,kraków,Zaproszenie,Kraków - Galeria Kazimierz,15:45,2D,original,regular,1.0,https://tickets.cinema-city.pl/api/order/1610446?lang=pl,2026-08-08T08:43:44.525829
2026-08-08,kraków,Minionki i straszydła,Kraków - Galeria Kazimierz,16:15,2D,,regular,1.0,https://tickets.cinema-city.pl/api/order/1609461?lang=pl,2026-08-08T08:43:44.525836
2026-08-08,kraków,Odyseja,Kraków - Galeria Kazimierz,16:20,2D,original,regular,1.0,https://tickets.cinema-city.pl/api/order/1609603?lang=pl,2026-08-08T08:43:44.525843
2026-08-08,kraków,Ice Cream Man,Kraków - Galeria Kazimierz,16:45,2D,original,regular,1.0,https://tickets.cinema-city.pl/api/order/1610014?lang=pl,2026-08-08T08:43:44.525850
2026-08-08,kraków,Psi patrol i dinozaury,Kraków - Galeria Kazimierz,16:50,2D,,regular,1.0,https://tickets.cinema-city.pl/api/order/1596730?lang=pl,2026-08-08T08:43:44.525857
2026-08-08,kraków,Spider-Man: Całkiem nowy dzień,Kraków - Galeria Kazimierz,17:00,2D,original,regular,1.0,https://tickets.cinema-city.pl/api/order/1610668?lang=pl,2026-08-08T08:43:44.525865
2026-08-08,kraków,Spider-Man: Całkiem nowy dzień,Kraków - Galeria Kazimierz,17:30,3D,original,regular,1.0,https://tickets.cinema-city.pl/api/order/1612967?lang=pl,2026-08-08T08:43:44.525871
2026-08-08,kraków,Tylko jedna noc,Kraków - Galeria Kazimierz,17:40,2D,original,regular,1.0,https://tickets.cinema-city.pl/api/order/1613200?lang=pl,2026-08-08T08:43:44.525878
2026-08-08,kraków,Psi patrol i dinozaury,Kraków - Galeria Kazimierz,17:50,2D,,regular,1.0,https://tickets.cinema-city.pl/api/order/1596720?lang=pl,2026-08-08T08:43:44.525884
2026-08-08,kraków,Odyseja,Kraków - Galeria Kazimierz,18:15,2D,original,regular,1.0,https://tickets.cinema-city.pl/api/order/1610452?lang=pl,2026-08-08T08:43:44.525892
2026-08-08,kraków,Kandydaci śmierci,Kraków - Galeria Kazimierz,18:20,2D,original,regular,1.0,https://tickets.cinema-city.pl/api/order/1609467?lang=pl,2026-08-08T08:43:44.525899
2026-08-08,kraków,Spider-Man: Całkiem nowy dzień,Kraków - Galeria Kazimierz,18:30,2D,original,regular,1.0,https://tickets.cinema-city.pl/api/order/1611477?lang=pl,2026-08-08T08:43:44.525905
2026-08-08,kraków,Psi patrol i dinozaury,Kraków - Galeria Kazimierz,19:00,2D,,regular,1.0,https://tickets.cinema-city.pl/api/order/1596732?lang=pl,2026-08-08T08:43:44.525912
2026-08-08,kraków,Ice Cream Man,Kraków - Galeria Kazimierz,19:15,2D,original,regular,1.0,https://tickets.cinema-city.pl/api/order/1610020?lang=pl,2026-08-08T08:43:44.525919
2026-08-08,kraków,Władca Pierścieni: Dwie wieże (wersja rozszerzona),Kraków - Galeria Kazimierz,20:00,2D,original,regular,1.0,https://tickets.cinema-city.pl/api/order/1568103?lang=pl,2026-08-08T08:43:44.525928
2026-08-08,kraków,Psi patrol i dinozaury,Kraków - Galeria Kazimierz,20:00,2D,,regular,1.0,https://tickets.cinema-city.pl/api/order/1596722?lang=pl,2026-08-08T08:43:44.525934
2026-08-08,kraków,Spider-Man: Całkiem nowy dzień,Kraków - Galeria Kazimierz,20:10,2D,original,regular,1.0,https://tickets.cinema-city.pl/api/order/1610672?lang=pl,2026-08-08T08:43:44.525941
2026-08-08,kraków,Pejzaż w kolorze sepii,Kraków - Galeria Kazimierz,20:15,2D,original,regular,1.0,https://tickets.cinema-city.pl/api/order/1613206?lang=pl,2026-08-08T08:43:44.525948
2026-08-08,kraków,Gorzkie święta,Kraków - Galeria Kazimierz,20:40,2D,original,regular,1.0,https://tickets.cinema-city.pl/api/order/1609473?lang=pl,2026-08-08T08:43:44.525955
2026-08-08,kraków,Spider-Man: Całkiem nowy dzień,Kraków - Galeria Kazimierz,20:40,3D,original,regular,1.0,https://tickets.cinema-city.pl/api/order/1612973?lang=pl,2026-08-08T08:43:44.525962
2026-08-08,kraków,Odyseja,Kraków - Galeria Kazimierz,21:10,2D,original,regular,1.0,https://tickets.cinema-city.pl/api/order/1612847?lang=pl,2026-08-08T08:43:44.525969
2026-08-08,kraków,Zaproszenie,Kraków - Galeria Kazimierz,21:40,2D,original,regular,1.0,https://tickets.cinema-city.pl/api/order/1611531?lang=pl,2026-08-08T08:43:44.525975
2026-08-08,kraków,Ice Cream Man,Kraków - Galeria Kazimierz,21:45,2D,original,regular,1.0,https://tickets.cinema-city.pl/api/order/1610026?lang=pl,2026-08-08T08:43:44.525982
2026-08-08,kraków,Obsesja,Kraków - Galeria Kazimierz,21:50,2D,original,regular,1.0,https://tickets.cinema-city.pl/api/order/1610458?lang=pl,2026-08-08T08:43:44.525988
2026-08-08,kraków,Backrooms. Bez wyjścia - wersja rozszerzona,Kraków - Galeria Kazimierz,22:10,2D,original,regular,1.0,https://tickets.cinema-city.pl/api/order/1612582?lang=pl,2026-08-08T08:43:44.525996
2026-08-08,kraków,Odyseja,Kraków - Zakopianka,10:30,IMAX,original,regular,1.0,https://tickets.cinema-city.pl/api/order/1608886?lang=pl,2026-08-08T08:43:46.264956
2026-08-08,kraków,Ekipa zwierzaków,Kraków - Zakopianka,10:40,2D,,regular,1.0,https://tickets.cinema-city.pl/api/order/1619848?lang=pl,2026-08-08T08:43:46.264983
2026-08-08,kraków,Spider-Man: Całkiem nowy dzień,Kraków - Zakopianka,10:45,2D,original,regular,1.0,https://tickets.cinema-city.pl/api/order/1619732?lang=pl,2026-08-08T08:43:46.264996
2026-08-08,kraków,Psi patrol i dinozaury,Kraków - Zakopianka,10:50,2D,,regular,1.0,https://tickets.cinema-city.pl/api/order/1597759?lang=pl,2026-08-08T08:43:46.265004
2026-08-08,kraków,Minionki i straszydła,Kraków - Zakopianka,11:10,2D,,regular,1.0,https://tickets.cinema-city.pl/api/order/1619930?lang=pl,2026-08-08T08:43:46.265012
2026-08-08,kraków,Vaiana,Kraków - Zakopianka,11:40,2D,original,regular,1.0,https://tickets.cinema-city.pl/api/order/1619872?lang=pl,2026-08-08T08:43:46.265020
2026-08-08,kraków,Psi patrol i dinozaury,Kraków - Zakopianka,11:50,2D,,regular,1.0,https://tickets.cinema-city.pl/api/order/1597751?lang=pl,2026-08-08T08:43:46.265027
2026-08-08,kraków,Spider-Man: Całkiem nowy dzień,Kraków - Zakopianka,12:00,3D,original,regular,1.0,https://tickets.cinema-city.pl/api/order/1619774?lang=pl,2026-08-08T08:43:46.265035
2026-08-08,kraków,Odyseja,Kraków - Zakopianka,12:20,2D,original,regular,1.0,https://tickets.cinema-city.pl/api/order/1619912?lang=pl,2026-08-08T08:43:46.265042
2026-08-08,kraków,Spider-Man: Całkiem nowy dzień,Kraków - Zakopianka,12:30,2D,original,regular,1.0,https://tickets.cinema-city.pl/api/order/1619756?lang=pl,2026-08-08T08:43:46.265050
2026-08-08,kraków,Toy Story 5,Kraków - Zakopianka,12:50,2D,original,regular,1.0,https://tickets.cinema-city.pl/api/order/1619842?lang=pl,2026-08-08T08:43:46.265058
2026-08-08,kraków,Psi patrol i dinozaury,Kraków - Zakopianka,13:00,2D,,regular,1.0,https://tickets.cinema-city.pl/api/order/1597761?lang=pl,2026-08-08T08:43:46.265065
2026-08-08,kraków,Minionki i straszydła,Kraków - Zakopianka,13:20,2D,,regular,1.0,https://tickets.cinema-city.pl/api/order/1619936?lang=pl,2026-08-08T08:43:46.265072
2026-08-08,kraków,Spider-Man: Całkiem nowy dzień,Kraków - Zakopianka,13:50,2D,original,regular,1.0,https://tickets.cinema-city.pl/api/order/1619726?lang=pl,2026-08-08T08:43:46.265080
2026-08-08,kraków,Psi patrol i dinozaury,Kraków - Zakopianka,14:00,2D,,regular,1.0,https://tickets.cinema-city.pl/api/order/1597753?lang=pl,2026-08-08T08:43:46.265086
2026-08-08,kraków,Odyseja,Kraków - Zakopianka,14:15,IMAX,original,regular,1.0,https://tickets.cinema-city.pl/api/order/1608887?lang=pl,2026-08-08T08:43:46.265092
2026-08-08,kraków,Ekipa zwierzaków,Kraków - Zakopianka,14:20,2D,,regular,1.0,https://tickets.cinema-city.pl/api/order/1619866?lang=pl,2026-08-08T08:43:46.265098
2026-08-08,kraków,Psi patrol i dinozaury,Kraków - Zakopianka,15:10,2D,,regular,1.0,https://tickets.cinema-city.pl/api/order/1597763?lang=pl,2026-08-08T08:43:46.265105
2026-08-08,kraków,Spider-Man: Całkiem nowy dzień,Kraków - Zakopianka,15:15,3D,original,regular,1.0,https://tickets.cinema-city.pl/api/order/1619768?lang=pl,2026-08-08T08:43:46.265111
2026-08-08,kraków,Toy Story 5,Kraków - Zakopianka,15:20,2D,original,regular,1.0,https://tickets.cinema-city.pl/api/order/1619780?lang=pl,2026-08-08T08:43:46.265119
2026-08-08,kraków,Minionki i straszydła,Kraków - Zakopianka,15:30,2D,,regular,1.0,https://tickets.cinema-city.pl/api/order/1619942?lang=pl,2026-08-08T08:43:46.265125
2026-08-08,kraków,Spider-Man: Całkiem nowy dzień,Kraków - Zakopianka,15:40,2D,original,regular,1.0,https://tickets.cinema-city.pl/api/order/1619750?lang=pl,2026-08-08T08:43:46.265133
2026-08-08,kraków,Odyseja,Kraków - Zakopianka,16:00,2D,original,regular,1.0,https://tickets.cinema-city.pl/api/order/1619906?lang=pl,2026-08-08T08:43:46.265140
2026-08-08,kraków,Psi patrol i dinozaury,Kraków - Zakopianka,16:10,2D,,regular,1.0,https://tickets.cinema-city.pl/api/order/1597755?lang=pl,2026-08-08T08:43:46.265147
2026-08-08,kraków,Ice Cream Man,Kraków - Zakopianka,16:30,2D,original,regular,1.0,https://tickets.cinema-city.pl/api/order/1619860?lang=pl,2026-08-08T08:43:46.265154
2026-08-08,kraków,Spider-Man: Całkiem nowy dzień,Kraków - Zakopianka,17:00,2D,original,regular,1.0,https://tickets.cinema-city.pl/api/order/1619720?lang=pl,2026-08-08T08:43:46.265161
2026-08-08,kraków,Psi patrol i dinozaury,Kraków - Zakopianka,17:20,2D,,regular,1.0,https://tickets.cinema-city.pl/api/order/1597765?lang=pl,2026-08-08T08:43:46.265168
2026-08-08,kraków,Minionki i straszydła,Kraków - Zakopianka,17:40,2D,,regular,1.0,https://tickets.cinema-city.pl/api/order/1619948?lang=pl,2026-08-08T08:43:46.265174
2026-08-08,kraków,Toy Story 5,Kraków - Zakopianka,17:50,2D,original,regular,1.0,https://tickets.cinema-city.pl/api/order/1619792?lang=pl,2026-08-08T08:43:46.265181
2026-08-08,kraków,Odyseja,Kraków - Zakopianka,18:00,IMAX,original,regular,1.0,https://tickets.cinema-city.pl/api/order/1608888?lang=pl,2026-08-08T08:43:46.265186
2026-08-08,kraków,Psi patrol i dinozaury,Kraków - Zakopianka,18:20,2D,,regular,1.0,https://tickets.cinema-city.pl/api/order/1597757?lang=pl,2026-08-08T08:43:46.265192
2026-08-08,kraków,Spider-Man: Całkiem nowy dzień,Kraków - Zakopianka,18:30,3D,original,regular,1.0,https://tickets.cinema-city.pl/api/order/1619708?lang=pl,2026-08-08T08:43:46.265199
2026-08-08,kraków,Spider-Man: Całkiem nowy dzień,Kraków - Zakopianka,18:50,2D,original,regular,1.0,https://tickets.cinema-city.pl/api/order/1619744?lang=pl,2026-08-08T08:43:46.265206
2026-08-08,kraków,Ice Cream Man,Kraków - Zakopianka,19:00,2D,original,regular,1.0,https://tickets.cinema-city.pl/api/order/1619854?lang=pl,2026-08-08T08:43:46.265213
2026-08-08,kraków,Psi patrol i dinozaury,Kraków - Zakopianka,19:30,2D,,regular,1.0,https://tickets.cinema-city.pl/api/order/1597767?lang=pl,2026-08-08T08:43:46.265219
2026-08-08,kraków,Odyseja,Kraków - Zakopianka,19:40,2D,original,regular,1.0,https://tickets.cinema-city.pl/api/order/1619900?lang=pl,2026-08-08T08:43:46.265226
2026-08-08,kraków,Tylko jedna noc,Kraków - Zakopianka,19:50,2D,original,regular,1.0,https://tickets.cinema-city.pl/api/order/1619955?lang=pl,2026-08-08T08:43:46.265233
2026-08-08,kraków,Spider-Man: Całkiem nowy dzień,Kraków - Zakopianka,20:10,2D,original,regular,1.0,https://tickets.cinema-city.pl/api/order/1619714?lang=pl,2026-08-08T08:43:46.265240
2026-08-08,kraków,Gorzkie święta,Kraków - Zakopianka,20:20,2D,original,regular,1.0,https://tickets.cinema-city.pl/api/order/1619798?lang=pl,2026-08-08T08:43:46.265247
2026-08-08,kraków,Zaproszenie,Kraków - Zakopianka,20:30,2D,original,regular,1.0,https://tickets.cinema-city.pl/api/order/1619894?lang=pl,2026-08-08T08:43:46.265254
2026-08-08,kraków,Ice Cream Man,Kraków - Zakopianka,21:30,2D,original,regular,1.0,https://tickets.cinema-city.pl/api/order/1619786?lang=pl,2026-08-08T08:43:46.265260
2026-08-08,kraków,Obsesja,Kraków - Zakopianka,21:40,2D,original,regular,1.0,https://tickets.cinema-city.pl/api/order/1619820?lang=pl,2026-08-08T08:43:46.265267
2026-08-08,kraków,Martwe zło: Ogień,Kraków - Zakopianka,21:40,2D,original,regular,1.0,https://tickets.cinema-city.pl/api/order/1619878?lang=pl,2026-08-08T08:43:46.265274
2026-08-08,kraków,Odyseja,Kraków - Zakopianka,21:45,IMAX,original,regular,1.0,https://tickets.cinema-city.pl/api/order/1608889?lang=pl,2026-08-08T08:43:46.265279
2026-08-08,kraków,Spider-Man: Całkiem nowy dzień,Kraków - Zakopianka,22:00,2D,original,regular,1.0,https://tickets.cinema-city.pl/api/order/1619738?lang=pl,2026-08-08T08:43:46.265286
2026-08-08,kraków,Backrooms. Bez wyjścia - wersja rozszerzona,Kraków - Zakopianka,22:15,2D,original,regular,1.0,https://tickets.cinema-city.pl/api/order/1619963?lang=pl,2026-08-08T08:43:46.265294
2026-08-08,lublin,Spider-Man: Całkiem nowy dzień,Lublin - Felicity,10:30,2D,original,regular,1.0,https://tickets.cinema-city.pl/api/order/1619027?lang=pl,2026-08-08T08:43:47.889764
2026-08-08,lublin,Odyseja,Lublin - Felicity,11:10,2D,original,regular,1.0,https://tickets.cinema-city.pl/api/order/1619123?lang=pl,2026-08-08T08:43:47.889788
2026-08-08,lublin,Psi patrol i dinozaury,Lublin - Felicity,11:20,2D,,regular,1.0,https://tickets.cinema-city.pl/api/order/1596958?lang=pl,2026-08-08T08:43:47.889797
2026-08-08,lublin,Toy Story 5,Lublin - Felicity,11:50,2D,original,regular,1.0,https://tickets.cinema-city.pl/api/order/1613662?lang=pl,2026-08-08T08:43:47.889806
2026-08-08,lublin,Spider-Man: Całkiem nowy dzień,Lublin - Felicity,12:10,2D,original,regular,1.0,https://tickets.cinema-city.pl/api/order/1618997?lang=pl,2026-08-08T08:43:47.889814
2026-08-08,lublin,Młody Waszyngton,Lublin - Felicity,12:15,2D,original,regular,1.0,https://tickets.cinema-city.pl/api/order/1619129?lang=pl,2026-08-08T08:43:47.889823
2026-08-08,lublin,Psi patrol i dinozaury,Lublin - Felicity,12:30,2D,,regular,1.0,https://tickets.cinema-city.pl/api/order/1596968?lang=pl,2026-08-08T08:43:47.889830
2026-08-08,lublin,Spider-Man: Całkiem nowy dzień,Lublin - Felicity,13:05,4DX,original,regular,1.0,https://tickets.cinema-city.pl/api/order/1618961?lang=pl,2026-08-08T08:43:47.889836
2026-08-08,lublin,Odyseja,Lublin - Felicity,13:20,2D,original,regular,1.0,https://tickets.cinema-city.pl/api/order/1615939?lang=pl,2026-08-08T08:43:47.889844
2026-08-08,lublin,Psi patrol i dinozaury,Lublin - Felicity,13:30,2D,,regular,1.0,https://tickets.cinema-city.pl/api/order/1596960?lang=pl,2026-08-08T08:43:47.889850
2026-08-08,lublin,Spider-Man: Całkiem nowy dzień,Lublin - Felicity,13:40,2D,original,regular,1.0,https://tickets.cinema-city.pl/api/order/1619045?lang=pl,2026-08-08T08:43:47.889857
2026-08-08,lublin,Ice Cream Man,Lublin - Felicity,14:10,2D,original,regular,1.0,https://tickets.cinema-city.pl/api/order/1613647?lang=pl,2026-08-08T08:43:47.889864
2026-08-08,lublin,Psi patrol i dinozaury,Lublin - Felicity,14:40,2D,,regular,1.0,https://tickets.cinema-city.pl/api/order/1596970?lang=pl,2026-08-08T08:43:47.889871
2026-08-08,lublin,Spider-Man: Całkiem nowy dzień,Lublin - Felicity,14:50,2D,original,regular,1.0,https://tickets.cinema-city.pl/api/order/1619105?lang=pl,2026-08-08T08:43:47.889878
2026-08-08,lublin,Toy Story 5,Lublin - Felicity,15:00,2D,original,regular,1.0,https://tickets.cinema-city.pl/api/order/1618991?lang=pl,2026-08-08T08:43:47.889886
2026-08-08,lublin,Spider-Man: Całkiem nowy dzień,Lublin - Felicity,15:20,2D,original,regular,1.0,https://tickets.cinema-city.pl/api/order/1619003?lang=pl,2026-08-08T08:43:47.889893
2026-08-08,lublin,Psi patrol i dinozaury,Lublin - Felicity,15:40,2D,,regular,1.0,https://tickets.cinema-city.pl/api/order/1596962?lang=pl,2026-08-08T08:43:47.889899
2026-08-08,lublin,Spider-Man: Całkiem nowy dzień,Lublin - Felicity,16:10,4DX,original,regular,1.0,https://tickets.cinema-city.pl/api/order/1618967?lang=pl,2026-08-08T08:43:47.889905
2026-08-08,lublin,Vaiana,Lublin - Felicity,16:40,2D,original,regular,1.0,https://tickets.cinema-city.pl/api/order/1613652?lang=pl,2026-08-08T08:43:47.889912
2026-08-08,lublin,Psi patrol i dinozaury,Lublin - Felicity,16:50,2D,,regular,1.0,https://tickets.cinema-city.pl/api/order/1596972?lang=pl,2026-08-08T08:43:47.889918
2026-08-08,lublin,Spider-Man: Całkiem nowy dzień,Lublin - Felicity,16:50,2D,original,regular,1.0,https://tickets.cinema-city.pl/api/order/1618979?lang=pl,2026-08-08T08:43:47.889926
2026-08-08,lublin,Odyseja,Lublin - Felicity,17:00,2D,original,regular,1.0,https://tickets.cinema-city.pl/api/order/1615944?lang=pl,2026-08-08T08:43:47.889932
2026-08-08,lublin,Minionki i straszydła,Lublin - Felicity,17:20,2D,,regular,1.0,https://tickets.cinema-city.pl/api/order/1618985?lang=pl,2026-08-08T08:43:47.889940
2026-08-08,lublin,Psi patrol i dinozaury,Lublin - Felicity,17:50,2D,,regular,1.0,https://tickets.cinema-city.pl/api/order/1596964?lang=pl,2026-08-08T08:43:47.889946
2026-08-08,lublin,Spider-Man: Całkiem nowy dzień,Lublin - Felicity,18:00,2D,original,regular,1.0,https://tickets.cinema-city.pl/api/order/1619111?lang=pl,2026-08-08T08:43:47.889953
2026-08-08,lublin,Spider-Man: Całkiem nowy dzień,Lublin - Felicity,18:30,2D,original,regular,1.0,https://tickets.cinema-city.pl/api/order/1619009?lang=pl,2026-08-08T08:43:47.889960
2026-08-08,lublin,Psi patrol i dinozaury,Lublin - Felicity,19:00,2D,,regular,1.0,https://tickets.cinema-city.pl/api/order/1596974?lang=pl,2026-08-08T08:43:47.889966
2026-08-08,lublin,Spider-Man: Całkiem nowy dzień,Lublin - Felicity,19:15,4DX,original,regular,1.0,https://tickets.cinema-city.pl/api/order/1618955?lang=pl,2026-08-08T08:43:47.889972
2026-08-08,lublin,Tylko jedna noc,Lublin - Felicity,19:20,2D,original,regular,1.0,https://tickets.cinema-city.pl/api/order/1612310?lang=pl,2026-08-08T08:43:47.889979
2026-08-08,lublin,Odyseja,Lublin - Felicity,19:30,2D,original,regular,1.0,https://tickets.cinema-city.pl/api/order/1619135?lang=pl,2026-08-08T08:43:47.889985
2026-08-08,lublin,Spider-Man: Całkiem nowy dzień,Lublin - Felicity,20:00,2D,original,regular,1.0,https://tickets.cinema-city.pl/api/order/1619039?lang=pl,2026-08-08T08:43:47.889992
2026-08-08,lublin,Ice Cream Man,Lublin - Felicity,20:00,2D,original,regular,1.0,https://tickets.cinema-city.pl/api/order/1619057?lang=pl,2026-08-08T08:43:47.889998
2026-08-08,lublin,Odyseja,Lublin - Felicity,20:40,2D,original,regular,1.0,https://tickets.cinema-city.pl/api/order/1615949?lang=pl,2026-08-08T08:43:47.890005
2026-08-08,lublin,Spider-Man: Całkiem nowy dzień,Lublin - Felicity,21:10,2D,original,regular,1.0,https://tickets.cinema-city.pl/api/order/1619117?lang=pl,2026-08-08T08:43:47.890012
2026-08-08,lublin,Pejzaż w kolorze sepii,Lublin - Felicity,21:20,2D,original,regular,1.0,https://tickets.cinema-city.pl/api/order/1619051?lang=pl,2026-08-08T08:43:47.890019
2026-08-08,lublin,Spider-Man: Całkiem nowy dzień,Lublin - Felicity,21:45,2D,original,regular,1.0,https://tickets.cinema-city.pl/api/order/1619015?lang=pl,2026-08-08T08:43:47.890026
2026-08-08,lublin,Zaproszenie,Lublin - Felicity,21:50,2D,original,regular,1.0,https://tickets.cinema-city.pl/api/order/1613657?lang=pl,2026-08-08T08:43:47.890032
2026-08-08,lublin,Spider-Man: Całkiem nowy dzień,Lublin - Felicity,22:20,4DX,original,regular,1.0,https://tickets.cinema-city.pl/api/order/1618949?lang=pl,2026-08-08T08:43:47.890038
2026-08-08,lublin,Ice Cream Man,Lublin - Felicity,22:30,2D,original,regular,1.0,https://tickets.cinema-city.pl/api/order/1619099?lang=pl,2026-08-08T08:43:47.890044
2026-08-08,lublin,Psi patrol i dinozaury,Lublin - Plaza,10:50,2D,,regular,1.0,https://tickets.cinema-city.pl/api/order/1596833?lang=pl,2026-08-08T08:43:49.151772
2026-08-08,lublin,Spider-Man: Całkiem nowy dzień,Lublin - Plaza,10:50,2D,original,regular,1.0,https://tickets.cinema-city.pl/api/order/1612185?lang=pl,2026-08-08T08:43:49.151799
2026-08-08,lublin,Minionki i straszydła,Lublin - Plaza,11:20,2D,,regular,1.0,https://tickets.cinema-city.pl/api/order/1614054?lang=pl,2026-08-08T08:43:49.151809
2026-08-08,lublin,Psi patrol i dinozaury,Lublin - Plaza,11:50,2D,,regular,1.0,https://tickets.cinema-city.pl/api/order/1596825?lang=pl,2026-08-08T08:43:49.151816
2026-08-08,lublin,Spider-Man: Całkiem nowy dzień,Lublin - Plaza,11:50,2D,original,regular,1.0,https://tickets.cinema-city.pl/api/order/1612795?lang=pl,2026-08-08T08:43:49.151824
2026-08-08,lublin,Tylko jedna noc,Lublin - Plaza,12:20,2D,original,regular,1.0,https://tickets.cinema-city.pl/api/order/1613492?lang=pl,2026-08-08T08:43:49.151831
2026-08-08,lublin,Spider-Man: Całkiem nowy dzień,Lublin - Plaza,12:40,2D,original,regular,1.0,https://tickets.cinema-city.pl/api/order/1612482?lang=pl,2026-08-08T08:43:49.151838
2026-08-08,lublin,Psi patrol i dinozaury,Lublin - Plaza,13:00,2D,,regular,1.0,https://tickets.cinema-city.pl/api/order/1596835?lang=pl,2026-08-08T08:43:49.151845
2026-08-08,lublin,Odyseja,Lublin - Plaza,13:30,2D,original,regular,1.0,https://tickets.cinema-city.pl/api/order/1612231?lang=pl,2026-08-08T08:43:49.151854
2026-08-08,lublin,Spider-Man: Całkiem nowy dzień,Lublin - Plaza,13:30,2D,original,regular,1.0,https://tickets.cinema-city.pl/api/order/1614060?lang=pl,2026-08-08T08:43:49.151861
2026-08-08,lublin,Psi patrol i dinozaury,Lublin - Plaza,14:00,2D,,regular,1.0,https://tickets.cinema-city.pl/api/order/1596827?lang=pl,2026-08-08T08:43:49.151868
2026-08-08,lublin,Psi patrol i dinozaury ukraiński dubbing,Lublin - Plaza,14:30,2D,dubbing,regular,1.0,https://tickets.cinema-city.pl/api/order/1596843?lang=pl,2026-08-08T08:43:49.151875
2026-08-08,lublin,Ice Cream Man,Lublin - Plaza,14:50,2D,original,regular,1.0,https://tickets.cinema-city.pl/api/order/1613513?lang=pl,2026-08-08T08:43:49.151883
2026-08-08,lublin,Spider-Man: Całkiem nowy dzień,Lublin - Plaza,15:00,3D,original,regular,1.0,https://tickets.cinema-city.pl/api/order/1613160?lang=pl,2026-08-08T08:43:49.151890
2026-08-08,lublin,Psi patrol i dinozaury,Lublin - Plaza,15:10,2D,,regular,1.0,https://tickets.cinema-city.pl/api/order/1596837?lang=pl,2026-08-08T08:43:49.151897
2026-08-08,lublin,Spider-Man: Całkiem nowy dzień,Lublin - Plaza,15:50,2D,original,regular,1.0,https://tickets.cinema-city.pl/api/order/1612494?lang=pl,2026-08-08T08:43:49.151904
2026-08-08,lublin,Psi patrol i dinozaury,Lublin - Plaza,16:10,2D,,regular,1.0,https://tickets.cinema-city.pl/api/order/1596829?lang=pl,2026-08-08T08:43:49.151910
2026-08-08,lublin,Spider-Man: Całkiem nowy dzień ukraiński dubbing,Lublin - Plaza,16:40,2D,dubbing,regular,1.0,https://tickets.cinema-city.pl/api/order/1614066?lang=pl,2026-08-08T08:43:49.151917
2026-08-08,lublin,Toy Story 5,Lublin - Plaza,16:50,2D,original,regular,1.0,https://tickets.cinema-city.pl/api/order/1612190?lang=pl,2026-08-08T08:43:49.151926
2026-08-08,lublin,Odyseja,Lublin - Plaza,17:10,2D,original,regular,1.0,https://tickets.cinema-city.pl/api/order/1612239?lang=pl,2026-08-08T08:43:49.151933
2026-08-08,lublin,Psi patrol i dinozaury,Lublin - Plaza,17:20,2D,,regular,1.0,https://tickets.cinema-city.pl/api/order/1596839?lang=pl,2026-08-08T08:43:49.151939
2026-08-08,lublin,Spider-Man: Całkiem nowy dzień,Lublin - Plaza,17:20,2D,original,regular,1.0,https://tickets.cinema-city.pl/api/order/1613523?lang=pl,2026-08-08T08:43:49.151946
2026-08-08,lublin,Spider-Man: Całkiem nowy dzień,Lublin - Plaza,18:10,2D,original,regular,1.0,https://tickets.cinema-city.pl/api/order/1613169?lang=pl,2026-08-08T08:43:49.151953
2026-08-08,lublin,Psi patrol i dinozaury,Lublin - Plaza,18:20,2D,,regular,1.0,https://tickets.cinema-city.pl/api/order/1596831?lang=pl,2026-08-08T08:43:49.151959
2026-08-08,lublin,Spider-Man: Całkiem nowy dzień,Lublin - Plaza,19:00,2D,original,regular,1.0,https://tickets.cinema-city.pl/api/order/1612502?lang=pl,2026-08-08T08:43:49.151966
2026-08-08,lublin,Ice Cream Man,Lublin - Plaza,19:20,2D,original,regular,1.0,https://tickets.cinema-city.pl/api/order/1612175?lang=pl,2026-08-08T08:43:49.151973
2026-08-08,lublin,Psi patrol i dinozaury,Lublin - Plaza,19:30,2D,,regular,1.0,https://tickets.cinema-city.pl/api/order/1596841?lang=pl,2026-08-08T08:43:49.151979
2026-08-08,lublin,Władca Pierścieni: Dwie wieże (wersja rozszerzona),Lublin - Plaza,20:00,2D,original,regular,1.0,https://tickets.cinema-city.pl/api/order/1568118?lang=pl,2026-08-08T08:43:49.151987
2026-08-08,lublin,Spider-Man: Całkiem nowy dzień,Lublin - Plaza,20:30,2D,original,regular,1.0,https://tickets.cinema-city.pl/api/order/1613526?lang=pl,2026-08-08T08:43:49.151994
2026-08-08,lublin,Pejzaż w kolorze sepii,Lublin - Plaza,20:40,2D,original,regular,1.0,https://tickets.cinema-city.pl/api/order/1612594?lang=pl,2026-08-08T08:43:49.152001
2026-08-08,lublin,Odyseja,Lublin - Plaza,20:50,2D,original,regular,1.0,https://tickets.cinema-city.pl/api/order/1612245?lang=pl,2026-08-08T08:43:49.152008
2026-08-08,lublin,Spider-Man: Całkiem nowy dzień,Lublin - Plaza,21:20,2D,original,regular,1.0,https://tickets.cinema-city.pl/api/order/1613216?lang=pl,2026-08-08T08:43:49.152015
2026-08-08,lublin,Backrooms. Bez wyjścia - wersja rozszerzona,Lublin - Plaza,21:40,2D,original,regular,1.0,https://tickets.cinema-city.pl/api/order/1613370?lang=pl,2026-08-08T08:43:49.152023
2026-08-08,lublin,Ice Cream Man,Lublin - Plaza,21:50,2D,original,regular,1.0,https://tickets.cinema-city.pl/api/order/1612180?lang=pl,2026-08-08T08:43:49.152030
2026-08-08,lublin,Spider-Man: Całkiem nowy dzień,Lublin - Plaza,22:10,2D,original,regular,1.0,https://tickets.cinema-city.pl/api/order/1612508?lang=pl,2026-08-08T08:43:49.152037
2026-08-08,łódź,Odyseja,Łódź Manufaktura,10:30,IMAX,original,regular,1.0,https://tickets.cinema-city.pl/api/order/1608854?lang=pl,2026-08-08T08:43:51.522719
2026-08-08,łódź,Spider-Man: Całkiem nowy dzień,Łódź Manufaktura,10:30,2D,original,regular,1.0,https://tickets.cinema-city.pl/api/order/1609707?lang=pl,2026-08-08T08:43:51.522747
2026-08-08,łódź,Góra mocy LEKTOR,Łódź Manufaktura,10:30,2D,,regular,1.0,https://tickets.cinema-city.pl/api/order/1614209?lang=pl,2026-08-08T08:43:51.522757
2026-08-08,łódź,Vaiana,Łódź Manufaktura,10:30,2D,original,regular,1.0,https://tickets.cinema-city.pl/api/order/1614239?lang=pl,2026-08-08T08:43:51.522766
2026-08-08,łódź,Ekipa zwierzaków,Łódź Manufaktura,10:45,2D,,regular,1.0,https://tickets.cinema-city.pl/api/order/1612943?lang=pl,2026-08-08T08:43:51.522775
2026-08-08,łódź,Spider-Man: Całkiem nowy dzień,Łódź Manufaktura,11:00,4DX,original,regular,1.0,https://tickets.cinema-city.pl/api/order/1612801?lang=pl,2026-08-08T08:43:51.522782
2026-08-08,łódź,Psi patrol i dinozaury,Łódź Manufaktura,11:20,2D,,regular,1.0,https://tickets.cinema-city.pl/api/order/1597390?lang=pl,2026-08-08T08:43:51.522790
2026-08-08,łódź,Minionki i straszydła,Łódź Manufaktura,11:20,2D,,regular,1.0,https://tickets.cinema-city.pl/api/order/1614179?lang=pl,2026-08-08T08:43:51.522798
2026-08-08,łódź,Backrooms. Bez wyjścia,Łódź Manufaktura,11:30,2D,original,regular,1.0,https://tickets.cinema-city.pl/api/order/1610989?lang=pl,2026-08-08T08:43:51.522807
2026-08-08,łódź,Minionki i straszydła,Łódź Manufaktura,12:00,2D,,regular,1.0,https://tickets.cinema-city.pl/api/order/1610109?lang=pl,2026-08-08T08:43:51.522814
2026-08-08,łódź,Spider-Man: Całkiem nowy dzień,Łódź Manufaktura,12:10,2D,original,regular,1.0,https://tickets.cinema-city.pl/api/order/1611739?lang=pl,2026-08-08T08:43:51.522822
2026-08-08,łódź,Toy Story 5,Łódź Manufaktura,12:20,2D,original,regular,1.0,https://tickets.cinema-city.pl/api/order/1614203?lang=pl,2026-08-08T08:43:51.522831
2026-08-08,łódź,Psi patrol i dinozaury,Łódź Manufaktura,12:30,2D,,regular,1.0,https://tickets.cinema-city.pl/api/order/1597382?lang=pl,2026-08-08T08:43:51.522838
2026-08-08,łódź,Góra mocy,Łódź Manufaktura,12:40,2D,original,regular,1.0,https://tickets.cinema-city.pl/api/order/1614251?lang=pl,2026-08-08T08:43:51.522847
2026-08-08,łódź,Ice Cream Man,Łódź Manufaktura,13:00,2D,original,regular,1.0,https://tickets.cinema-city.pl/api/order/1612951?lang=pl,2026-08-08T08:43:51.522855
2026-08-08,łódź,Odyseja,Łódź Manufaktura,13:00,2D,original,regular,1.0,https://tickets.cinema-city.pl/api/order/1614647?lang=pl,2026-08-08T08:43:51.522862
2026-08-08,łódź,Vaiana,Łódź Manufaktura,13:10,2D,original,regular,1.0,https://tickets.cinema-city.pl/api/order/1614233?lang=pl,2026-08-08T08:43:51.522870
2026-08-08,łódź,Psi patrol i dinozaury,Łódź Manufaktura,13:30,2D,,regular,1.0,https://tickets.cinema-city.pl/api/order/1597392?lang=pl,2026-08-08T08:43:51.522877
2026-08-08,łódź,Minionki i straszydła,Łódź Manufaktura,13:30,2D,,regular,1.0,https://tickets.cinema-city.pl/api/order/1614173?lang=pl,2026-08-08T08:43:51.522883
2026-08-08,łódź,Spider-Man: Całkiem nowy dzień,Łódź Manufaktura,13:40,2D,original,regular,1.0,https://tickets.cinema-city.pl/api/order/1609766?lang=pl,2026-08-08T08:43:51.522892
2026-08-08,łódź,Backrooms. Bez wyjścia,Łódź Manufaktura,13:55,2D,original,regular,1.0,https://tickets.cinema-city.pl/api/order/1610994?lang=pl,2026-08-08T08:43:51.522899
2026-08-08,łódź,Odyseja,Łódź Manufaktura,14:00,2D,original,regular,1.0,https://tickets.cinema-city.pl/api/order/1611539?lang=pl,2026-08-08T08:43:51.522906
2026-08-08,łódź,Minionki i straszydła,Łódź Manufaktura,14:10,2D,,regular,1.0,https://tickets.cinema-city.pl/api/order/1610115?lang=pl,2026-08-08T08:43:51.522913
2026-08-08,łódź,Spider-Man: Całkiem nowy dzień,Łódź Manufaktura,14:10,4DX,original,regular,1.0,https://tickets.cinema-city.pl/api/order/1612807?lang=pl,2026-08-08T08:43:51.522919
2026-08-08,łódź,Odyseja,Łódź Manufaktura,14:15,IMAX,original,regular,1.0,https://tickets.cinema-city.pl/api/order/1608861?lang=pl,2026-08-08T08:43:51.522924
2026-08-08,łódź,Psi patrol i dinozaury,Łódź Manufaktura,14:40,2D,,regular,1.0,https://tickets.cinema-city.pl/api/order/1597384?lang=pl,2026-08-08T08:43:51.522931
2026-08-08,łódź,Toy Story 5,Łódź Manufaktura,14:40,2D,original,regular,1.0,https://tickets.cinema-city.pl/api/order/1614197?lang=pl,2026-08-08T08:43:51.522939
2026-08-08,łódź,Spider-Man: Całkiem nowy dzień,Łódź Manufaktura,14:50,3D,original,regular,1.0,https://tickets.cinema-city.pl/api/order/1614137?lang=pl,2026-08-08T08:43:51.522946
2026-08-08,łódź,Spider-Man: Całkiem nowy dzień,Łódź Manufaktura,15:20,2D,original,regular,1.0,https://tickets.cinema-city.pl/api/order/1611766?lang=pl,2026-08-08T08:43:51.522954
2026-08-08,łódź,Spider-Man: Całkiem nowy dzień ukraiński dubbing,Łódź Manufaktura,15:30,2D,dubbing,regular,1.0,https://tickets.cinema-city.pl/api/order/1612959?lang=pl,2026-08-08T08:43:51.522962
2026-08-08,łódź,Psi patrol i dinozaury,Łódź Manufaktura,15:40,2D,,regular,1.0,https://tickets.cinema-city.pl/api/order/1597394?lang=pl,2026-08-08T08:43:51.522968
2026-08-08,łódź,Minionki i straszydła,Łódź Manufaktura,15:40,2D,,regular,1.0,https://tickets.cinema-city.pl/api/order/1614167?lang=pl,2026-08-08T08:43:51.522975
2026-08-08,łódź,Ice Cream Man,Łódź Manufaktura,15:50,2D,original,regular,1.0,https://tickets.cinema-city.pl/api/order/1614227?lang=pl,2026-08-08T08:43:51.522982
2026-08-08,łódź,Psi patrol i dinozaury ukraiński dubbing,Łódź Manufaktura,16:20,2D,dubbing,regular,1.0,https://tickets.cinema-city.pl/api/order/1597400?lang=pl,2026-08-08T08:43:51.522990
2026-08-08,łódź,Minionki i straszydła,Łódź Manufaktura,16:20,2D,,regular,1.0,https://tickets.cinema-city.pl/api/order/1610121?lang=pl,2026-08-08T08:43:51.522996
2026-08-08,łódź,Odyseja,Łódź Manufaktura,16:30,2D,original,regular,1.0,https://tickets.cinema-city.pl/api/order/1614650?lang=pl,2026-08-08T08:43:51.523003
2026-08-08,łódź,Psi patrol i dinozaury,Łódź Manufaktura,16:50,2D,,regular,1.0,https://tickets.cinema-city.pl/api/order/1597386?lang=pl,2026-08-08T08:43:51.523010
2026-08-08,łódź,Spider-Man: Całkiem nowy dzień,Łódź Manufaktura,16:50,2D,original,regular,1.0,https://tickets.cinema-city.pl/api/order/1609767?lang=pl,2026-08-08T08:43:51.523017
2026-08-08,łódź,Odyseja ukraiński dubbing,Łódź Manufaktura,17:00,2D,dubbing,regular,1.0,https://tickets.cinema-city.pl/api/order/1614191?lang=pl,2026-08-08T08:43:51.523025
2026-08-08,łódź,Spider-Man: Całkiem nowy dzień,Łódź Manufaktura,17:20,4DX,original,regular,1.0,https://tickets.cinema-city.pl/api/order/1612813?lang=pl,2026-08-08T08:43:51.523031
2026-08-08,łódź,Odyseja,Łódź Manufaktura,17:45,2D,original,regular,1.0,https://tickets.cinema-city.pl/api/order/1611545?lang=pl,2026-08-08T08:43:51.523038
2026-08-08,łódź,Pejzaż w kolorze sepii,Łódź Manufaktura,17:45,2D,original,regular,1.0,https://tickets.cinema-city.pl/api/order/1614161?lang=pl,2026-08-08T08:43:51.523046
2026-08-08,łódź,Psi patrol i dinozaury,Łódź Manufaktura,17:50,2D,,regular,1.0,https://tickets.cinema-city.pl/api/order/1597396?lang=pl,2026-08-08T08:43:51.523053
2026-08-08,łódź,Odyseja,Łódź Manufaktura,18:00,IMAX,original,regular,1.0,https://tickets.cinema-city.pl/api/order/1608868?lang=pl,2026-08-08T08:43:51.523058
2026-08-08,łódź,Spider-Man: Całkiem nowy dzień,Łódź Manufaktura,18:00,3D,original,regular,1.0,https://tickets.cinema-city.pl/api/order/1614143?lang=pl,2026-08-08T08:43:51.523065
2026-08-08,łódź,Ice Cream Man,Łódź Manufaktura,18:20,2D,original,regular,1.0,https://tickets.cinema-city.pl/api/order/1614221?lang=pl,2026-08-08T08:43:51.523072
2026-08-08,łódź,Kandydaci śmierci,Łódź Manufaktura,18:30,2D,original,regular,1.0,https://tickets.cinema-city.pl/api/order/1610127?lang=pl,2026-08-08T08:43:51.523079
2026-08-08,łódź,Do utraty tchu (re-release),Łódź Manufaktura,18:30,2D,original,regular,1.0,https://tickets.cinema-city.pl/api/order/1610999?lang=pl,2026-08-08T08:43:51.523087
2026-08-08,łódź,Spider-Man: Całkiem nowy dzień,Łódź Manufaktura,18:30,2D,original,regular,1.0,https://tickets.cinema-city.pl/api/order/1611769?lang=pl,2026-08-08T08:43:51.523095
2026-08-08,łódź,Tylko jedna noc,Łódź Manufaktura,18:50,2D,original,regular,1.0,https://tickets.cinema-city.pl/api/order/1613275?lang=pl,2026-08-08T08:43:51.523103
2026-08-08,łódź,Psi patrol i dinozaury,Łódź Manufaktura,19:00,2D,,regular,1.0,https://tickets.cinema-city.pl/api/order/1597388?lang=pl,2026-08-08T08:43:51.523109
2026-08-08,łódź,Władca Pierścieni: Dwie wieże (wersja rozszerzona),Łódź Manufaktura,20:00,2D,original,regular,1.0,https://tickets.cinema-city.pl/api/order/1568030?lang=pl,2026-08-08T08:43:51.523119
2026-08-08,łódź,Psi patrol i dinozaury,Łódź Manufaktura,20:00,2D,,regular,1.0,https://tickets.cinema-city.pl/api/order/1597398?lang=pl,2026-08-08T08:43:51.523126
2026-08-08,łódź,Spider-Man: Całkiem nowy dzień,Łódź Manufaktura,20:00,2D,original,regular,1.0,https://tickets.cinema-city.pl/api/order/1609771?lang=pl,2026-08-08T08:43:51.523133
2026-08-08,łódź,Spider-Man: Całkiem nowy dzień,Łódź Manufaktura,20:30,4DX,original,regular,1.0,https://tickets.cinema-city.pl/api/order/1612819?lang=pl,2026-08-08T08:43:51.523140
2026-08-08,łódź,Pejzaż w kolorze sepii,Łódź Manufaktura,20:30,2D,original,regular,1.0,https://tickets.cinema-city.pl/api/order/1614155?lang=pl,2026-08-08T08:43:51.523147
2026-08-08,łódź,Odyseja ukraiński dubbing,Łódź Manufaktura,20:40,2D,dubbing,regular,1.0,https://tickets.cinema-city.pl/api/order/1614185?lang=pl,2026-08-08T08:43:51.523154
2026-08-08,łódź,Gorzkie święta,Łódź Manufaktura,20:45,2D,original,regular,1.0,https://tickets.cinema-city.pl/api/order/1610133?lang=pl,2026-08-08T08:43:51.523161
2026-08-08,łódź,Backrooms. Bez wyjścia - wersja rozszerzona,Łódź Manufaktura,20:50,2D,original,regular,1.0,https://tickets.cinema-city.pl/api/order/1611004?lang=pl,2026-08-08T08:43:51.523170
2026-08-08,łódź,Ice Cream Man,Łódź Manufaktura,20:50,2D,original,regular,1.0,https://tickets.cinema-city.pl/api/order/1614215?lang=pl,2026-08-08T08:43:51.523176
2026-08-08,łódź,Zaproszenie,Łódź Manufaktura,21:10,2D,original,regular,1.0,https://tickets.cinema-city.pl/api/order/1614245?lang=pl,2026-08-08T08:43:51.523183
2026-08-08,łódź,Backrooms. Bez wyjścia,Łódź Manufaktura,21:20,2D,original,regular,1.0,https://tickets.cinema-city.pl/api/order/1610336?lang=pl,2026-08-08T08:43:51.523190
2026-08-08,łódź,Odyseja,Łódź Manufaktura,21:30,2D,original,regular,1.0,https://tickets.cinema-city.pl/api/order/1611551?lang=pl,2026-08-08T08:43:51.523198
2026-08-08,łódź,Obsesja,Łódź Manufaktura,21:30,2D,original,regular,1.0,https://tickets.cinema-city.pl/api/order/1620759?lang=pl,2026-08-08T08:43:51.523205
2026-08-08,łódź,Spider-Man: Całkiem nowy dzień,Łódź Manufaktura,21:40,2D,original,regular,1.0,https://tickets.cinema-city.pl/api/order/1611777?lang=pl,2026-08-08T08:43:51.523213
2026-08-08,łódź,Odyseja,Łódź Manufaktura,21:45,IMAX,original,regular,1.0,https://tickets.cinema-city.pl/api/order/1608875?lang=pl,2026-08-08T08:43:51.523217
2026-08-08,poznań,Minionki i straszydła,Poznań - Kinepolis,10:30,2D,,regular,1.0,https://tickets.cinema-city.pl/api/order/1615551?lang=pl,2026-08-08T08:43:53.544902
2026-08-08,poznań,Odyseja,Poznań - Kinepolis,10:30,2D,original,regular,1.0,https://tickets.cinema-city.pl/api/order/1616995?lang=pl,2026-08-08T08:43:53.544926
2026-08-08,poznań,Spider-Man: Całkiem nowy dzień,Poznań - Kinepolis,10:30,2D,original,regular,1.0,https://tickets.cinema-city.pl/api/order/1617413?lang=pl,2026-08-08T08:43:53.544937
2026-08-08,poznań,Backrooms. Bez wyjścia,Poznań - Kinepolis,10:30,2D,original,regular,1.0,https://tickets.cinema-city.pl/api/order/1618141?lang=pl,2026-08-08T08:43:53.544946
2026-08-08,poznań,Ekipa zwierzaków,Poznań - Kinepolis,10:40,2D,,regular,1.0,https://tickets.cinema-city.pl/api/order/1616884?lang=pl,2026-08-08T08:43:53.544955
2026-08-08,poznań,Zaproszenie,Poznań - Kinepolis,10:40,2D,original,regular,1.0,https://tickets.cinema-city.pl/api/order/1616930?lang=pl,2026-08-08T08:43:53.544962
2026-08-08,poznań,Minionki i straszydła,Poznań - Kinepolis,10:50,2D,,regular,1.0,https://tickets.cinema-city.pl/api/order/1617051?lang=pl,2026-08-08T08:43:53.544969
2026-08-08,poznań,Vaiana,Poznań - Kinepolis,11:00,2D,original,regular,1.0,https://tickets.cinema-city.pl/api/order/1616847?lang=pl,2026-08-08T08:43:53.544978
2026-08-08,poznań,Odyseja,Poznań - Kinepolis,11:10,2D,original,regular,1.0,https://tickets.cinema-city.pl/api/order/1616899?lang=pl,2026-08-08T08:43:53.544985
2026-08-08,poznań,Psi patrol i dinozaury,Poznań - Kinepolis,11:20,2D,,regular,1.0,https://tickets.cinema-city.pl/api/order/1597123?lang=pl,2026-08-08T08:43:53.544993
2026-08-08,poznań,Minionki i straszydła,Poznań - Kinepolis,11:25,2D,,regular,1.0,https://tickets.cinema-city.pl/api/order/1618424?lang=pl,2026-08-08T08:43:53.545000
2026-08-08,poznań,Toy Story 5,Poznań - Kinepolis,11:30,2D,original,regular,1.0,https://tickets.cinema-city.pl/api/order/1617016?lang=pl,2026-08-08T08:43:53.545009
2026-08-08,poznań,Psi patrol i dinozaury,Poznań - Kinepolis,11:50,2D,,regular,1.0,https://tickets.cinema-city.pl/api/order/1597117?lang=pl,2026-08-08T08:43:53.545016
2026-08-08,poznań,Psi patrol i dinozaury,Poznań - Kinepolis,12:30,2D,,regular,1.0,https://tickets.cinema-city.pl/api/order/1597135?lang=pl,2026-08-08T08:43:53.545023
2026-08-08,poznań,Spider-Man: Całkiem nowy dzień,Poznań - Kinepolis,12:30,2D,original,regular,1.0,https://tickets.cinema-city.pl/api/order/1614711?lang=pl,2026-08-08T08:43:53.545031
2026-08-08,poznań,Odyseja,Poznań - Kinepolis,12:30,2D,original,regular,1.0,https://tickets.cinema-city.pl/api/order/1615515?lang=pl,2026-08-08T08:43:53.545040
2026-08-08,poznań,Ice Cream Man,Poznań - Kinepolis,12:40,2D,original,regular,1.0,https://tickets.cinema-city.pl/api/order/1615545?lang=pl,2026-08-08T08:43:53.545048
2026-08-08,poznań,Gwiezdne Wojny: Mandalorian i Grogu,Poznań - Kinepolis,12:50,2D,original,regular,1.0,https://tickets.cinema-city.pl/api/order/1616891?lang=pl,2026-08-08T08:43:53.545056
2026-08-08,poznań,Vaiana,Poznań - Kinepolis,13:00,2D,original,regular,1.0,https://tickets.cinema-city.pl/api/order/1615573?lang=pl,2026-08-08T08:43:53.545064
2026-08-08,poznań,Spider-Man: Całkiem nowy dzień,Poznań - Kinepolis,13:00,2D,original,regular,1.0,https://tickets.cinema-city.pl/api/order/1615648?lang=pl,2026-08-08T08:43:53.545072
2026-08-08,poznań,Backrooms. Bez wyjścia,Poznań - Kinepolis,13:00,2D,original,regular,1.0,https://tickets.cinema-city.pl/api/order/1618145?lang=pl,2026-08-08T08:43:53.545080
2026-08-08,poznań,Zaproszenie,Poznań - Kinepolis,13:10,2D,original,regular,1.0,https://tickets.cinema-city.pl/api/order/1616978?lang=pl,2026-08-08T08:43:53.545087
2026-08-08,poznań,Dzień objawienia,Poznań - Kinepolis,13:10,2D,original,regular,1.0,https://tickets.cinema-city.pl/api/order/1617055?lang=pl,2026-08-08T08:43:53.545095
2026-08-08,poznań,Psi patrol i dinozaury,Poznań - Kinepolis,13:30,2D,,regular,1.0,https://tickets.cinema-city.pl/api/order/1597125?lang=pl,2026-08-08T08:43:53.545102
2026-08-08,poznań,Minionki i straszydła,Poznań - Kinepolis,13:35,2D,,regular,1.0,https://tickets.cinema-city.pl/api/order/1618428?lang=pl,2026-08-08T08:43:53.545109
2026-08-08,poznań,Vaiana,Poznań - Kinepolis,13:40,2D,original,regular,1.0,https://tickets.cinema-city.pl/api/order/1616848?lang=pl,2026-08-08T08:43:53.545117
2026-08-08,poznań,Spider-Man: Całkiem nowy dzień,Poznań - Kinepolis,13:40,2D,original,regular,1.0,https://tickets.cinema-city.pl/api/order/1617411?lang=pl,2026-08-08T08:43:53.545125
2026-08-08,poznań,Psi patrol i dinozaury,Poznań - Kinepolis,14:00,2D,,regular,1.0,https://tickets.cinema-city.pl/api/order/1597119?lang=pl,2026-08-08T08:43:53.545132
2026-08-08,poznań,Toy Story 5,Poznań - Kinepolis,14:00,2D,original,regular,1.0,https://tickets.cinema-city.pl/api/order/1617020?lang=pl,2026-08-08T08:43:53.545140
2026-08-08,poznań,Odyseja,Poznań - Kinepolis,14:05,2D,original,regular,1.0,https://tickets.cinema-city.pl/api/order/1616997?lang=pl,2026-08-08T08:43:53.545148
2026-08-08,poznań,Psi patrol i dinozaury,Poznań - Kinepolis,14:40,2D,,regular,1.0,https://tickets.cinema-city.pl/api/order/1597137?lang=pl,2026-08-08T08:43:53.545154
2026-08-08,poznań,Supergirl,Poznań - Kinepolis,14:50,2D,original,regular,1.0,https://tickets.cinema-city.pl/api/order/1616906?lang=pl,2026-08-08T08:43:53.545162
2026-08-08,poznań,Ice Cream Man,Poznań - Kinepolis,15:10,2D,original,regular,1.0,https://tickets.cinema-city.pl/api/order/1615539?lang=pl,2026-08-08T08:43:53.545170
2026-08-08,poznań,Backrooms. Bez wyjścia - wersja rozszerzona,Poznań - Kinepolis,15:30,2D,original,regular,1.0,https://tickets.cinema-city.pl/api/order/1618131?lang=pl,2026-08-08T08:43:53.545178
2026-08-08,poznań,Psi patrol i dinozaury,Poznań - Kinepolis,15:40,2D,,regular,1.0,https://tickets.cinema-city.pl/api/order/1597127?lang=pl,2026-08-08T08:43:53.545184
2026-08-08,poznań,Spider-Man: Całkiem nowy dzień,Poznań - Kinepolis,15:40,2D,original,regular,1.0,https://tickets.cinema-city.pl/api/order/1614704?lang=pl,2026-08-08T08:43:53.545192
2026-08-08,poznań,Vaiana,Poznań - Kinepolis,15:40,2D,original,regular,1.0,https://tickets.cinema-city.pl/api/order/1615567?lang=pl,2026-08-08T08:43:53.545200
2026-08-08,poznań,Minionki i straszydła,Poznań - Kinepolis,15:45,2D,,regular,1.0,https://tickets.cinema-city.pl/api/order/1618435?lang=pl,2026-08-08T08:43:53.545207
2026-08-08,poznań,Zaproszenie,Poznań - Kinepolis,15:50,2D,original,regular,1.0,https://tickets.cinema-city.pl/api/order/1616722?lang=pl,2026-08-08T08:43:53.545213
2026-08-08,poznań,Pejzaż w kolorze sepii,Poznań - Kinepolis,15:50,2D,original,regular,1.0,https://tickets.cinema-city.pl/api/order/1616753?lang=pl,2026-08-08T08:43:53.545221
2026-08-08,poznań,Psi patrol i dinozaury,Poznań - Kinepolis,16:10,2D,,regular,1.0,https://tickets.cinema-city.pl/api/order/1597121?lang=pl,2026-08-08T08:43:53.545228
2026-08-08,poznań,Spider-Man: Całkiem nowy dzień,Poznań - Kinepolis,16:10,2D,original,regular,1.0,https://tickets.cinema-city.pl/api/order/1615632?lang=pl,2026-08-08T08:43:53.545236
2026-08-08,poznań,Odyseja,Poznań - Kinepolis,16:15,2D,original,regular,1.0,https://tickets.cinema-city.pl/api/order/1615509?lang=pl,2026-08-08T08:43:53.545243
2026-08-08,poznań,Vaiana,Poznań - Kinepolis,16:20,2D,original,regular,1.0,https://tickets.cinema-city.pl/api/order/1616656?lang=pl,2026-08-08T08:43:53.545251
2026-08-08,poznań,Dzień objawienia,Poznań - Kinepolis,16:20,2D,original,regular,1.0,https://tickets.cinema-city.pl/api/order/1617081?lang=pl,2026-08-08T08:43:53.545258
2026-08-08,poznań,Toy Story 5,Poznań - Kinepolis,16:30,2D,original,regular,1.0,https://tickets.cinema-city.pl/api/order/1616668?lang=pl,2026-08-08T08:43:53.545267
2026-08-08,poznań,Psi patrol i dinozaury,Poznań - Kinepolis,16:50,2D,,regular,1.0,https://tickets.cinema-city.pl/api/order/1597139?lang=pl,2026-08-08T08:43:53.545274
2026-08-08,poznań,Spider-Man: Całkiem nowy dzień,Poznań - Kinepolis,16:50,2D,original,regular,1.0,https://tickets.cinema-city.pl/api/order/1614729?lang=pl,2026-08-08T08:43:53.545281
2026-08-08,poznań,Kandydaci śmierci,Poznań - Kinepolis,17:30,2D,original,regular,1.0,https://tickets.cinema-city.pl/api/order/1616734?lang=pl,2026-08-08T08:43:53.545288
2026-08-08,poznań,Ice Cream Man,Poznań - Kinepolis,17:40,2D,original,regular,1.0,https://tickets.cinema-city.pl/api/order/1615533?lang=pl,2026-08-08T08:43:53.545296
2026-08-08,poznań,Odyseja,Poznań - Kinepolis,17:40,2D,original,regular,1.0,https://tickets.cinema-city.pl/api/order/1616686?lang=pl,2026-08-08T08:43:53.545303
2026-08-08,poznań,Psi patrol i dinozaury,Poznań - Kinepolis,17:50,2D,,regular,1.0,https://tickets.cinema-city.pl/api/order/1597129?lang=pl,2026-08-08T08:43:53.545310
2026-08-08,poznań,Minionki i straszydła,Poznań - Kinepolis,17:50,2D,,regular,1.0,https://tickets.cinema-city.pl/api/order/1618439?lang=pl,2026-08-08T08:43:53.545317
2026-08-08,poznań,Odyseja,Poznań - Kinepolis,18:10,2D,original,regular,1.0,https://tickets.cinema-city.pl/api/order/1615561?lang=pl,2026-08-08T08:43:53.545324
2026-08-08,poznań,Zaproszenie,Poznań - Kinepolis,18:10,2D,original,regular,1.0,https://tickets.cinema-city.pl/api/order/1616716?lang=pl,2026-08-08T08:43:53.545331
2026-08-08,poznań,Spider-Man: Całkiem nowy dzień,Poznań - Kinepolis,18:15,3D,original,regular,1.0,https://tickets.cinema-city.pl/api/order/1615485?lang=pl,2026-08-08T08:43:53.545338
2026-08-08,poznań,Tylko jedna noc,Poznań - Kinepolis,18:20,2D,original,regular,1.0,https://tickets.cinema-city.pl/api/order/1618127?lang=pl,2026-08-08T08:43:53.545345
2026-08-08,poznań,Pejzaż w kolorze sepii,Poznań - Kinepolis,18:30,2D,original,regular,1.0,https://tickets.cinema-city.pl/api/order/1616747?lang=pl,2026-08-08T08:43:53.545352
2026-08-08,poznań,Spider-Man: Całkiem nowy dzień,Poznań - Kinepolis,18:50,2D,original,regular,1.0,https://tickets.cinema-city.pl/api/order/1614697?lang=pl,2026-08-08T08:43:53.545359
2026-08-08,poznań,Do utraty tchu (re-release),Poznań - Kinepolis,18:50,2D,original,regular,1.0,https://tickets.cinema-city.pl/api/order/1616644?lang=pl,2026-08-08T08:43:53.545377
2026-08-08,poznań,Psi patrol i dinozaury,Poznań - Kinepolis,19:00,2D,,regular,1.0,https://tickets.cinema-city.pl/api/order/1597141?lang=pl,2026-08-08T08:43:53.545384
2026-08-08,poznań,Spider-Man: Całkiem nowy dzień,Poznań - Kinepolis,19:00,2D,original,regular,1.0,https://tickets.cinema-city.pl/api/order/1616662?lang=pl,2026-08-08T08:43:53.545391
2026-08-08,poznań,Spider-Man: Całkiem nowy dzień,Poznań - Kinepolis,19:20,2D,original,regular,1.0,https://tickets.cinema-city.pl/api/order/1615634?lang=pl,2026-08-08T08:43:53.545399
2026-08-08,poznań,Obsesja,Poznań - Kinepolis,19:30,2D,original,regular,1.0,https://tickets.cinema-city.pl/api/order/1617117?lang=pl,2026-08-08T08:43:53.545406
2026-08-08,poznań,Odyseja,Poznań - Kinepolis,19:50,2D,original,regular,1.0,https://tickets.cinema-city.pl/api/order/1616728?lang=pl,2026-08-08T08:43:53.545413
2026-08-08,poznań,Władca Pierścieni: Dwie wieże (wersja rozszerzona),Poznań - Kinepolis,20:00,2D,original,regular,1.0,https://tickets.cinema-city.pl/api/order/1568026?lang=pl,2026-08-08T08:43:53.545422
2026-08-08,poznań,Spider-Man: Całkiem nowy dzień,Poznań - Kinepolis,20:00,2D,original,regular,1.0,https://tickets.cinema-city.pl/api/order/1614723?lang=pl,2026-08-08T08:43:53.545429
2026-08-08,poznań,Odyseja,Poznań - Kinepolis,20:00,2D,original,regular,1.0,https://tickets.cinema-city.pl/api/order/1615503?lang=pl,2026-08-08T08:43:53.545436
2026-08-08,poznań,Jej piekło,Poznań - Kinepolis,20:00,2D,original,regular,1.0,https://tickets.cinema-city.pl/api/order/1620809?lang=pl,2026-08-08T08:43:53.545445
2026-08-08,poznań,Ice Cream Man,Poznań - Kinepolis,20:15,2D,original,regular,1.0,https://tickets.cinema-city.pl/api/order/1615527?lang=pl,2026-08-08T08:43:53.545452
2026-08-08,poznań,Umamusume: Pretty Derby - Beginning of a New Era,Poznań - Kinepolis,20:40,2D,original,regular,1.0,https://tickets.cinema-city.pl/api/order/1616710?lang=pl,2026-08-08T08:43:53.545459
2026-08-08,poznań,Thudakkam,Poznań - Kinepolis,20:45,2D,original,regular,1.0,https://tickets.cinema-city.pl/api/order/1618129?lang=pl,2026-08-08T08:43:53.545467
2026-08-08,poznań,Ostatni konsjerż,Poznań - Kinepolis,21:00,2D,original,regular,1.0,https://tickets.cinema-city.pl/api/order/1616650?lang=pl,2026-08-08T08:43:53.545475
2026-08-08,poznań,Spider-Man: Całkiem nowy dzień,Poznań - Kinepolis,21:10,2D,original,regular,1.0,https://tickets.cinema-city.pl/api/order/1614746?lang=pl,2026-08-08T08:43:53.545483
2026-08-08,poznań,Odyseja,Poznań - Kinepolis,21:20,2D,original,regular,1.0,https://tickets.cinema-city.pl/api/order/1616680?lang=pl,2026-08-08T08:43:53.545490
2026-08-08,poznań,Martwe zło: Ogień,Poznań - Kinepolis,21:20,2D,original,regular,1.0,https://tickets.cinema-city.pl/api/order/1616741?lang=pl,2026-08-08T08:43:53.545498
2026-08-08,poznań,Spider-Man: Całkiem nowy dzień,Poznań - Kinepolis,21:30,3D,original,regular,1.0,https://tickets.cinema-city.pl/api/order/1615491?lang=pl,2026-08-08T08:43:53.545505
2026-08-08,poznań,Odyseja,Poznań - Kinepolis,21:40,2D,original,regular,1.0,https://tickets.cinema-city.pl/api/order/1615497?lang=pl,2026-08-08T08:43:53.545512
2026-08-08,poznań,Spider-Man: Całkiem nowy dzień,Poznań - Kinepolis,22:00,2D,original,regular,1.0,https://tickets.cinema-city.pl/api/order/1614717?lang=pl,2026-08-08T08:43:53.545519
2026-08-08,poznań,Obsesja,Poznań - Kinepolis,22:00,2D,original,regular,1.0,https://tickets.cinema-city.pl/api/order/1616692?lang=pl,2026-08-08T08:43:53.545526
2026-08-08,poznań,Straszny film,Poznań - Kinepolis,22:10,2D,original,regular,1.0,https://tickets.cinema-city.pl/api/order/1616674?lang=pl,2026-08-08T08:43:53.545534
2026-08-08,poznań,Jej piekło,Poznań - Kinepolis,22:30,2D,original,regular,1.0,https://tickets.cinema-city.pl/api/order/1614691?lang=pl,2026-08-08T08:43:53.545542
2026-08-08,poznań,Obsesja,Poznań - Kinepolis,22:30,2D,original,regular,1.0,https://tickets.cinema-city.pl/api/order/1620625?lang=pl,2026-08-08T08:43:53.545549
2026-08-08,poznań,Odyseja,Poznań - Plaza,10:30,IMAX,original,regular,1.0,https://tickets.cinema-city.pl/api/order/1608829?lang=pl,2026-08-08T08:43:55.018006
2026-08-08,poznań,Minionki i straszydła,Poznań - Plaza,10:30,2D,,regular,1.0,https://tickets.cinema-city.pl/api/order/1619365?lang=pl,2026-08-08T08:43:55.018031
2026-08-08,poznań,Odyseja,Poznań - Plaza,10:40,2D,original,regular,1.0,https://tickets.cinema-city.pl/api/order/1619401?lang=pl,2026-08-08T08:43:55.018041
2026-08-08,poznań,Psi patrol i dinozaury,Poznań - Plaza,10:50,2D,,regular,1.0,https://tickets.cinema-city.pl/api/order/1597088?lang=pl,2026-08-08T08:43:55.018049
2026-08-08,poznań,Spider-Man: Całkiem nowy dzień,Poznań - Plaza,11:40,2D,original,regular,1.0,https://tickets.cinema-city.pl/api/order/1619590?lang=pl,2026-08-08T08:43:55.018058
2026-08-08,poznań,Psi patrol i dinozaury,Poznań - Plaza,11:50,2D,,regular,1.0,https://tickets.cinema-city.pl/api/order/1597086?lang=pl,2026-08-08T08:43:55.018065
2026-08-08,poznań,Ice Cream Man,Poznań - Plaza,12:00,2D,original,regular,1.0,https://tickets.cinema-city.pl/api/order/1614350?lang=pl,2026-08-08T08:43:55.018073
2026-08-08,poznań,Toy Story 5,Poznań - Plaza,12:30,2D,original,regular,1.0,https://tickets.cinema-city.pl/api/order/1619210?lang=pl,2026-08-08T08:43:55.018082
2026-08-08,poznań,Spider-Man: Całkiem nowy dzień,Poznań - Plaza,12:40,2D,original,regular,1.0,https://tickets.cinema-city.pl/api/order/1619371?lang=pl,2026-08-08T08:43:55.018090
2026-08-08,poznań,Psi patrol i dinozaury,Poznań - Plaza,13:00,2D,,regular,1.0,https://tickets.cinema-city.pl/api/order/1597090?lang=pl,2026-08-08T08:43:55.018097
2026-08-08,poznań,Spider-Man: Całkiem nowy dzień ukraiński dubbing,Poznań - Plaza,13:10,2D,dubbing,regular,1.0,https://tickets.cinema-city.pl/api/order/1615154?lang=pl,2026-08-08T08:43:55.018105
2026-08-08,poznań,Spider-Man: Całkiem nowy dzień,Poznań - Plaza,13:20,2D,original,regular,1.0,https://tickets.cinema-city.pl/api/order/1615393?lang=pl,2026-08-08T08:43:55.018113
2026-08-08,poznań,Psi patrol i dinozaury,Poznań - Plaza,14:00,2D,,regular,1.0,https://tickets.cinema-city.pl/api/order/1597092?lang=pl,2026-08-08T08:43:55.018120
2026-08-08,poznań,Odyseja,Poznań - Plaza,14:10,2D,original,regular,1.0,https://tickets.cinema-city.pl/api/order/1619404?lang=pl,2026-08-08T08:43:55.018128
2026-08-08,poznań,Odyseja,Poznań - Plaza,14:15,IMAX,original,regular,1.0,https://tickets.cinema-city.pl/api/order/1608835?lang=pl,2026-08-08T08:43:55.018133
2026-08-08,poznań,Psi patrol i dinozaury ukraiński dubbing,Poznań - Plaza,14:30,2D,dubbing,regular,1.0,https://tickets.cinema-city.pl/api/order/1597084?lang=pl,2026-08-08T08:43:55.018141
2026-08-08,poznań,Minionki i straszydła,Poznań - Plaza,15:00,2D,,regular,1.0,https://tickets.cinema-city.pl/api/order/1619213?lang=pl,2026-08-08T08:43:55.018148
2026-08-08,poznań,Spider-Man: Całkiem nowy dzień,Poznań - Plaza,15:00,3D,original,regular,1.0,https://tickets.cinema-city.pl/api/order/1620723?lang=pl,2026-08-08T08:43:55.018155
2026-08-08,poznań,Psi patrol i dinozaury,Poznań - Plaza,15:10,2D,,regular,1.0,https://tickets.cinema-city.pl/api/order/1597094?lang=pl,2026-08-08T08:43:55.018161
2026-08-08,poznań,Spider-Man: Całkiem nowy dzień,Poznań - Plaza,15:50,2D,original,regular,1.0,https://tickets.cinema-city.pl/api/order/1619377?lang=pl,2026-08-08T08:43:55.018168
2026-08-08,poznań,Psi patrol i dinozaury,Poznań - Plaza,16:10,2D,,regular,1.0,https://tickets.cinema-city.pl/api/order/1597096?lang=pl,2026-08-08T08:43:55.018175
2026-08-08,poznań,Vaiana,Poznań - Plaza,16:15,2D,original,regular,1.0,https://tickets.cinema-city.pl/api/order/1615159?lang=pl,2026-08-08T08:43:55.018183
2026-08-08,poznań,Spider-Man: Całkiem nowy dzień,Poznań - Plaza,16:30,2D,original,regular,1.0,https://tickets.cinema-city.pl/api/order/1615394?lang=pl,2026-08-08T08:43:55.018191
2026-08-08,poznań,Spider-Man: Całkiem nowy dzień,Poznań - Plaza,16:50,2D,original,regular,1.0,https://tickets.cinema-city.pl/api/order/1614353?lang=pl,2026-08-08T08:43:55.018198
2026-08-08,poznań,Odyseja,Poznań - Plaza,17:10,2D,original,regular,1.0,https://tickets.cinema-city.pl/api/order/1619221?lang=pl,2026-08-08T08:43:55.018205
2026-08-08,poznań,Psi patrol i dinozaury,Poznań - Plaza,17:20,2D,,regular,1.0,https://tickets.cinema-city.pl/api/order/1597098?lang=pl,2026-08-08T08:43:55.018212
2026-08-08,poznań,Minionki i straszydła,Poznań - Plaza,17:50,2D,,regular,1.0,https://tickets.cinema-city.pl/api/order/1619407?lang=pl,2026-08-08T08:43:55.018219
2026-08-08,poznań,Odyseja,Poznań - Plaza,18:00,IMAX,original,regular,1.0,https://tickets.cinema-city.pl/api/order/1608841?lang=pl,2026-08-08T08:43:55.018224
2026-08-08,poznań,Spider-Man: Całkiem nowy dzień,Poznań - Plaza,18:10,3D,original,regular,1.0,https://tickets.cinema-city.pl/api/order/1620724?lang=pl,2026-08-08T08:43:55.018230
2026-08-08,poznań,Psi patrol i dinozaury,Poznań - Plaza,18:20,2D,,regular,1.0,https://tickets.cinema-city.pl/api/order/1597100?lang=pl,2026-08-08T08:43:55.018237
2026-08-08,poznań,Odyseja,Poznań - Plaza,18:50,2D,original,regular,1.0,https://tickets.cinema-city.pl/api/order/1615164?lang=pl,2026-08-08T08:43:55.018244
2026-08-08,poznań,Spider-Man: Całkiem nowy dzień,Poznań - Plaza,19:00,2D,original,regular,1.0,https://tickets.cinema-city.pl/api/order/1619383?lang=pl,2026-08-08T08:43:55.018251
2026-08-08,poznań,Psi patrol i dinozaury,Poznań - Plaza,19:30,2D,,regular,1.0,https://tickets.cinema-city.pl/api/order/1597102?lang=pl,2026-08-08T08:43:55.018258
2026-08-08,poznań,Spider-Man: Całkiem nowy dzień,Poznań - Plaza,19:40,2D,original,regular,1.0,https://tickets.cinema-city.pl/api/order/1615395?lang=pl,2026-08-08T08:43:55.018265
2026-08-08,poznań,Władca Pierścieni: Dwie wieże (wersja rozszerzona),Poznań - Plaza,20:00,2D,original,regular,1.0,https://tickets.cinema-city.pl/api/order/1568155?lang=pl,2026-08-08T08:43:55.018274
2026-08-08,poznań,Ice Cream Man,Poznań - Plaza,20:00,2D,original,regular,1.0,https://tickets.cinema-city.pl/api/order/1614356?lang=pl,2026-08-08T08:43:55.018282
2026-08-08,poznań,Spider-Man: Całkiem nowy dzień,Poznań - Plaza,20:30,2D,original,regular,1.0,https://tickets.cinema-city.pl/api/order/1617422?lang=pl,2026-08-08T08:43:55.018289
2026-08-08,poznań,Tylko jedna noc,Poznań - Plaza,20:50,2D,original,regular,1.0,https://tickets.cinema-city.pl/api/order/1620742?lang=pl,2026-08-08T08:43:55.018297
2026-08-08,poznań,Spider-Man: Całkiem nowy dzień,Poznań - Plaza,21:20,3D,original,regular,1.0,https://tickets.cinema-city.pl/api/order/1620725?lang=pl,2026-08-08T08:43:55.018303
2026-08-08,poznań,Odyseja,Poznań - Plaza,21:45,IMAX,original,regular,1.0,https://tickets.cinema-city.pl/api/order/1608847?lang=pl,2026-08-08T08:43:55.018308
2026-08-08,poznań,Pejzaż w kolorze sepii,Poznań - Plaza,21:45,2D,original,regular,1.0,https://tickets.cinema-city.pl/api/order/1619318?lang=pl,2026-08-08T08:43:55.018316
2026-08-08,poznań,Spider-Man: Całkiem nowy dzień,Poznań - Plaza,22:10,2D,original,regular,1.0,https://tickets.cinema-city.pl/api/order/1619389?lang=pl,2026-08-08T08:43:55.018323
2026-08-08,poznań,Ice Cream Man,Poznań - Plaza,22:30,2D,original,regular,1.0,https://tickets.cinema-city.pl/api/order/1614359?lang=pl,2026-08-08T08:43:55.018330
2026-08-08,poznań,Zaproszenie,Poznań - Plaza,22:30,2D,original,regular,1.0,https://tickets.cinema-city.pl/api/order/1615169?lang=pl,2026-08-08T08:43:55.018337
2026-08-08,ruda-śląska,Spider-Man: Całkiem nowy dzień,Ruda Śląska,10:40,2D,original,regular,1.0,https://tickets.cinema-city.pl/api/order/1609238?lang=pl,2026-08-08T08:43:56.638294
2026-08-08,ruda-śląska,Toy Story 5,Ruda Śląska,10:50,2D,original,regular,1.0,https://tickets.cinema-city.pl/api/order/1609158?lang=pl,2026-08-08T08:43:56.638319
2026-08-08,ruda-śląska,Minionki i straszydła,Ruda Śląska,11:00,2D,,regular,1.0,https://tickets.cinema-city.pl/api/order/1609306?lang=pl,2026-08-08T08:43:56.638329
2026-08-08,ruda-śląska,Psi patrol i dinozaury,Ruda Śląska,11:20,2D,,regular,1.0,https://tickets.cinema-city.pl/api/order/1597293?lang=pl,2026-08-08T08:43:56.638337
2026-08-08,ruda-śląska,Spider-Man: Całkiem nowy dzień,Ruda Śląska,11:30,2D,original,regular,1.0,https://tickets.cinema-city.pl/api/order/1609534?lang=pl,2026-08-08T08:43:56.638344
2026-08-08,ruda-śląska,Spider-Man: Całkiem nowy dzień,Ruda Śląska,12:20,2D,original,regular,1.0,https://tickets.cinema-city.pl/api/order/1609139?lang=pl,2026-08-08T08:43:56.638351
2026-08-08,ruda-śląska,Psi patrol i dinozaury,Ruda Śląska,12:30,2D,,regular,1.0,https://tickets.cinema-city.pl/api/order/1597303?lang=pl,2026-08-08T08:43:56.638358
2026-08-08,ruda-śląska,Vaiana,Ruda Śląska,13:10,2D,original,regular,1.0,https://tickets.cinema-city.pl/api/order/1609313?lang=pl,2026-08-08T08:43:56.638365
2026-08-08,ruda-śląska,Spider-Man: Całkiem nowy dzień,Ruda Śląska,13:10,2D,original,regular,1.0,https://tickets.cinema-city.pl/api/order/1610594?lang=pl,2026-08-08T08:43:56.638401
2026-08-08,ruda-śląska,Ice Cream Man,Ruda Śląska,13:20,2D,original,regular,1.0,https://tickets.cinema-city.pl/api/order/1609164?lang=pl,2026-08-08T08:43:56.638413
2026-08-08,ruda-śląska,Psi patrol i dinozaury,Ruda Śląska,13:30,2D,,regular,1.0,https://tickets.cinema-city.pl/api/order/1597295?lang=pl,2026-08-08T08:43:56.638419
2026-08-08,ruda-śląska,Spider-Man: Całkiem nowy dzień,Ruda Śląska,13:50,2D,original,regular,1.0,https://tickets.cinema-city.pl/api/order/1609239?lang=pl,2026-08-08T08:43:56.638427
2026-08-08,ruda-śląska,Psi patrol i dinozaury,Ruda Śląska,14:40,2D,,regular,1.0,https://tickets.cinema-city.pl/api/order/1597305?lang=pl,2026-08-08T08:43:56.638433
2026-08-08,ruda-śląska,Spider-Man: Całkiem nowy dzień,Ruda Śląska,14:40,2D,original,regular,1.0,https://tickets.cinema-city.pl/api/order/1609537?lang=pl,2026-08-08T08:43:56.638440
2026-08-08,ruda-śląska,Spider-Man: Całkiem nowy dzień,Ruda Śląska,15:30,2D,original,regular,1.0,https://tickets.cinema-city.pl/api/order/1609145?lang=pl,2026-08-08T08:43:56.638448
2026-08-08,ruda-śląska,Psi patrol i dinozaury,Ruda Śląska,15:40,2D,,regular,1.0,https://tickets.cinema-city.pl/api/order/1597297?lang=pl,2026-08-08T08:43:56.638454
2026-08-08,ruda-śląska,Minionki i straszydła,Ruda Śląska,15:50,2D,,regular,1.0,https://tickets.cinema-city.pl/api/order/1609307?lang=pl,2026-08-08T08:43:56.638461
2026-08-08,ruda-śląska,Odyseja,Ruda Śląska,16:00,2D,original,regular,1.0,https://tickets.cinema-city.pl/api/order/1609170?lang=pl,2026-08-08T08:43:56.638468
2026-08-08,ruda-śląska,Toy Story 5,Ruda Śląska,16:20,2D,original,regular,1.0,https://tickets.cinema-city.pl/api/order/1610597?lang=pl,2026-08-08T08:43:56.638476
2026-08-08,ruda-śląska,Psi patrol i dinozaury,Ruda Śląska,16:50,2D,,regular,1.0,https://tickets.cinema-city.pl/api/order/1597307?lang=pl,2026-08-08T08:43:56.638482
2026-08-08,ruda-śląska,Spider-Man: Całkiem nowy dzień,Ruda Śląska,17:00,2D,original,regular,1.0,https://tickets.cinema-city.pl/api/order/1609241?lang=pl,2026-08-08T08:43:56.638490
2026-08-08,ruda-śląska,Psi patrol i dinozaury,Ruda Śląska,17:50,2D,,regular,1.0,https://tickets.cinema-city.pl/api/order/1597299?lang=pl,2026-08-08T08:43:56.638496
2026-08-08,ruda-śląska,Spider-Man: Całkiem nowy dzień,Ruda Śląska,17:50,2D,original,regular,1.0,https://tickets.cinema-city.pl/api/order/1609540?lang=pl,2026-08-08T08:43:56.638504
2026-08-08,ruda-śląska,Tylko jedna noc,Ruda Śląska,18:00,2D,original,regular,1.0,https://tickets.cinema-city.pl/api/order/1612365?lang=pl,2026-08-08T08:43:56.638511
2026-08-08,ruda-śląska,Spider-Man: Całkiem nowy dzień,Ruda Śląska,18:40,2D,original,regular,1.0,https://tickets.cinema-city.pl/api/order/1609151?lang=pl,2026-08-08T08:43:56.638517
2026-08-08,ruda-śląska,Ice Cream Man,Ruda Śląska,18:50,2D,original,regular,1.0,https://tickets.cinema-city.pl/api/order/1610600?lang=pl,2026-08-08T08:43:56.638524
2026-08-08,ruda-śląska,Psi patrol i dinozaury,Ruda Śląska,19:00,2D,,regular,1.0,https://tickets.cinema-city.pl/api/order/1597309?lang=pl,2026-08-08T08:43:56.638530
2026-08-08,ruda-śląska,Odyseja,Ruda Śląska,19:30,2D,original,regular,1.0,https://tickets.cinema-city.pl/api/order/1609176?lang=pl,2026-08-08T08:43:56.638537
2026-08-08,ruda-śląska,Władca Pierścieni: Dwie wieże (wersja rozszerzona),Ruda Śląska,20:00,2D,original,regular,1.0,https://tickets.cinema-city.pl/api/order/1608985?lang=pl,2026-08-08T08:43:56.638546
2026-08-08,ruda-śląska,Spider-Man: Całkiem nowy dzień,Ruda Śląska,20:10,2D,original,regular,1.0,https://tickets.cinema-city.pl/api/order/1609242?lang=pl,2026-08-08T08:43:56.638553
2026-08-08,ruda-śląska,Pejzaż w kolorze sepii,Ruda Śląska,20:30,2D,original,regular,1.0,https://tickets.cinema-city.pl/api/order/1612483?lang=pl,2026-08-08T08:43:56.638560
2026-08-08,ruda-śląska,Spider-Man: Całkiem nowy dzień,Ruda Śląska,21:00,2D,original,regular,1.0,https://tickets.cinema-city.pl/api/order/1609543?lang=pl,2026-08-08T08:43:56.638567
2026-08-08,ruda-śląska,Backrooms. Bez wyjścia - wersja rozszerzona,Ruda Śląska,21:10,2D,original,regular,1.0,https://tickets.cinema-city.pl/api/order/1611310?lang=pl,2026-08-08T08:43:56.638575
2026-08-08,ruda-śląska,Ice Cream Man,Ruda Śląska,21:20,2D,original,regular,1.0,https://tickets.cinema-city.pl/api/order/1610603?lang=pl,2026-08-08T08:43:56.638582
2026-08-08,rybnik,Spider-Man: Całkiem nowy dzień,Rybnik,10:40,2D,original,regular,1.0,https://tickets.cinema-city.pl/api/order/1612653?lang=pl,2026-08-08T08:43:58.174658
2026-08-08,rybnik,Minionki i straszydła,Rybnik,10:50,2D,,regular,1.0,https://tickets.cinema-city.pl/api/order/1612448?lang=pl,2026-08-08T08:43:58.174681
2026-08-08,rybnik,Psi patrol i dinozaury,Rybnik,11:20,2D,,regular,1.0,https://tickets.cinema-city.pl/api/order/1596899?lang=pl,2026-08-08T08:43:58.174690
2026-08-08,rybnik,Spider-Man: Całkiem nowy dzień,Rybnik,11:30,2D,original,regular,1.0,https://tickets.cinema-city.pl/api/order/1611696?lang=pl,2026-08-08T08:43:58.174698
2026-08-08,rybnik,Ekipa zwierzaków,Rybnik,11:40,2D,,regular,1.0,https://tickets.cinema-city.pl/api/order/1612356?lang=pl,2026-08-08T08:43:58.174706
2026-08-08,rybnik,Spider-Man: Całkiem nowy dzień,Rybnik,12:10,2D,original,regular,1.0,https://tickets.cinema-city.pl/api/order/1612224?lang=pl,2026-08-08T08:43:58.174713
2026-08-08,rybnik,Psi patrol i dinozaury,Rybnik,12:30,2D,,regular,1.0,https://tickets.cinema-city.pl/api/order/1596909?lang=pl,2026-08-08T08:43:58.174720
2026-08-08,rybnik,Toy Story 5,Rybnik,13:00,2D,original,regular,1.0,https://tickets.cinema-city.pl/api/order/1612477?lang=pl,2026-08-08T08:43:58.174729
2026-08-08,rybnik,Ice Cream Man,Rybnik,13:10,2D,original,regular,1.0,https://tickets.cinema-city.pl/api/order/1611925?lang=pl,2026-08-08T08:43:58.174736
2026-08-08,rybnik,Psi patrol i dinozaury,Rybnik,13:30,2D,,regular,1.0,https://tickets.cinema-city.pl/api/order/1596901?lang=pl,2026-08-08T08:43:58.174743
2026-08-08,rybnik,Spider-Man: Całkiem nowy dzień,Rybnik,13:50,2D,original,regular,1.0,https://tickets.cinema-city.pl/api/order/1612701?lang=pl,2026-08-08T08:43:58.174751
2026-08-08,rybnik,Odyseja,Rybnik,14:00,2D,original,regular,1.0,https://tickets.cinema-city.pl/api/order/1612371?lang=pl,2026-08-08T08:43:58.174758
2026-08-08,rybnik,Psi patrol i dinozaury,Rybnik,14:40,2D,,regular,1.0,https://tickets.cinema-city.pl/api/order/1596911?lang=pl,2026-08-08T08:43:58.174764
2026-08-08,rybnik,Spider-Man: Całkiem nowy dzień,Rybnik,14:40,2D,original,regular,1.0,https://tickets.cinema-city.pl/api/order/1611713?lang=pl,2026-08-08T08:43:58.174771
2026-08-08,rybnik,Spider-Man: Całkiem nowy dzień,Rybnik,15:20,2D,original,regular,1.0,https://tickets.cinema-city.pl/api/order/1612226?lang=pl,2026-08-08T08:43:58.174778
2026-08-08,rybnik,Vaiana,Rybnik,15:30,2D,original,regular,1.0,https://tickets.cinema-city.pl/api/order/1612491?lang=pl,2026-08-08T08:43:58.174785
2026-08-08,rybnik,Psi patrol i dinozaury,Rybnik,15:40,2D,,regular,1.0,https://tickets.cinema-city.pl/api/order/1596903?lang=pl,2026-08-08T08:43:58.174792
2026-08-08,rybnik,Odyseja,Rybnik,15:50,2D,original,regular,1.0,https://tickets.cinema-city.pl/api/order/1611928?lang=pl,2026-08-08T08:43:58.174799
2026-08-08,rybnik,Psi patrol i dinozaury,Rybnik,16:50,2D,,regular,1.0,https://tickets.cinema-city.pl/api/order/1596913?lang=pl,2026-08-08T08:43:58.174805
2026-08-08,rybnik,Spider-Man: Całkiem nowy dzień,Rybnik,17:00,2D,original,regular,1.0,https://tickets.cinema-city.pl/api/order/1612708?lang=pl,2026-08-08T08:43:58.174813
2026-08-08,rybnik,Tylko jedna noc,Rybnik,17:30,2D,original,regular,1.0,https://tickets.cinema-city.pl/api/order/1612419?lang=pl,2026-08-08T08:43:58.174820
2026-08-08,rybnik,Psi patrol i dinozaury,Rybnik,17:50,2D,,regular,1.0,https://tickets.cinema-city.pl/api/order/1596905?lang=pl,2026-08-08T08:43:58.174826
2026-08-08,rybnik,Spider-Man: Całkiem nowy dzień,Rybnik,17:50,2D,original,regular,1.0,https://tickets.cinema-city.pl/api/order/1611738?lang=pl,2026-08-08T08:43:58.174833
2026-08-08,rybnik,Minionki i straszydła,Rybnik,18:20,2D,,regular,1.0,https://tickets.cinema-city.pl/api/order/1612514?lang=pl,2026-08-08T08:43:58.174840
2026-08-08,rybnik,Spider-Man: Całkiem nowy dzień,Rybnik,18:30,2D,original,regular,1.0,https://tickets.cinema-city.pl/api/order/1612229?lang=pl,2026-08-08T08:43:58.174847
2026-08-08,rybnik,Psi patrol i dinozaury,Rybnik,19:00,2D,,regular,1.0,https://tickets.cinema-city.pl/api/order/1596915?lang=pl,2026-08-08T08:43:58.174853
2026-08-08,rybnik,Odyseja,Rybnik,19:30,2D,original,regular,1.0,https://tickets.cinema-city.pl/api/order/1611931?lang=pl,2026-08-08T08:43:58.174860
2026-08-08,rybnik,Władca Pierścieni: Dwie wieże (wersja rozszerzona),Rybnik,20:00,2D,original,regular,1.0,https://tickets.cinema-city.pl/api/order/1568039?lang=pl,2026-08-08T08:43:58.174869
2026-08-08,rybnik,Ice Cream Man,Rybnik,20:00,2D,original,regular,1.0,https://tickets.cinema-city.pl/api/order/1611349?lang=pl,2026-08-08T08:43:58.174876
2026-08-08,rybnik,Spider-Man: Całkiem nowy dzień,Rybnik,20:10,2D,original,regular,1.0,https://tickets.cinema-city.pl/api/order/1612713?lang=pl,2026-08-08T08:43:58.174884
2026-08-08,rybnik,Pejzaż w kolorze sepii,Rybnik,20:30,2D,original,regular,1.0,https://tickets.cinema-city.pl/api/order/1612529?lang=pl,2026-08-08T08:43:58.174891
2026-08-08,rybnik,Spider-Man: Całkiem nowy dzień,Rybnik,21:00,2D,original,regular,1.0,https://tickets.cinema-city.pl/api/order/1611771?lang=pl,2026-08-08T08:43:58.174899
2026-08-08,rybnik,Obsesja,Rybnik,21:20,2D,original,regular,1.0,https://tickets.cinema-city.pl/api/order/1611577?lang=pl,2026-08-08T08:43:58.174906
2026-08-08,rybnik,Spider-Man: Całkiem nowy dzień,Rybnik,21:45,2D,original,regular,1.0,https://tickets.cinema-city.pl/api/order/1612232?lang=pl,2026-08-08T08:43:58.174912
2026-08-08,rybnik,Ice Cream Man,Rybnik,22:30,2D,original,regular,1.0,https://tickets.cinema-city.pl/api/order/1611355?lang=pl,2026-08-08T08:43:58.174919
2026-08-08,sosnowiec,Spider-Man: Całkiem nowy dzień,Sosnowiec,10:30,2D,original,regular,1.0,https://tickets.cinema-city.pl/api/order/1609186?lang=pl,2026-08-08T08:43:59.951221
2026-08-08,sosnowiec,Vaiana,Sosnowiec,12:00,2D,original,regular,1.0,https://tickets.cinema-city.pl/api/order/1609199?lang=pl,2026-08-08T08:43:59.951246
2026-08-08,sosnowiec,Spider-Man: Całkiem nowy dzień,Sosnowiec,12:00,2D,original,regular,1.0,https://tickets.cinema-city.pl/api/order/1609267?lang=pl,2026-08-08T08:43:59.951255
2026-08-08,sosnowiec,Psi patrol i dinozaury,Sosnowiec,12:10,2D,,regular,1.0,https://tickets.cinema-city.pl/api/order/1597222?lang=pl,2026-08-08T08:43:59.951264
2026-08-08,sosnowiec,Toy Story 5,Sosnowiec,12:15,2D,original,regular,1.0,https://tickets.cinema-city.pl/api/order/1609481?lang=pl,2026-08-08T08:43:59.951275
2026-08-08,sosnowiec,Minionki i straszydła,Sosnowiec,12:30,2D,,regular,1.0,https://tickets.cinema-city.pl/api/order/1609305?lang=pl,2026-08-08T08:43:59.951283
2026-08-08,sosnowiec,Spider-Man: Całkiem nowy dzień,Sosnowiec,13:40,2D,original,regular,1.0,https://tickets.cinema-city.pl/api/order/1609188?lang=pl,2026-08-08T08:43:59.951290
2026-08-08,sosnowiec,Psi patrol i dinozaury,Sosnowiec,14:20,2D,,regular,1.0,https://tickets.cinema-city.pl/api/order/1597224?lang=pl,2026-08-08T08:43:59.951297
2026-08-08,sosnowiec,Odyseja,Sosnowiec,14:30,2D,original,regular,1.0,https://tickets.cinema-city.pl/api/order/1609308?lang=pl,2026-08-08T08:43:59.951304
2026-08-08,sosnowiec,Spider-Man: Całkiem nowy dzień,Sosnowiec,14:30,3D,original,regular,1.0,https://tickets.cinema-city.pl/api/order/1609482?lang=pl,2026-08-08T08:43:59.951311
2026-08-08,sosnowiec,Vaiana,Sosnowiec,14:45,2D,original,regular,1.0,https://tickets.cinema-city.pl/api/order/1609200?lang=pl,2026-08-08T08:43:59.951318
2026-08-08,sosnowiec,Spider-Man: Całkiem nowy dzień,Sosnowiec,15:10,2D,original,regular,1.0,https://tickets.cinema-city.pl/api/order/1609269?lang=pl,2026-08-08T08:43:59.951325
2026-08-08,sosnowiec,Psi patrol i dinozaury,Sosnowiec,16:30,2D,,regular,1.0,https://tickets.cinema-city.pl/api/order/1597226?lang=pl,2026-08-08T08:43:59.951331
2026-08-08,sosnowiec,Spider-Man: Całkiem nowy dzień,Sosnowiec,16:50,2D,original,regular,1.0,https://tickets.cinema-city.pl/api/order/1611692?lang=pl,2026-08-08T08:43:59.951338
2026-08-08,sosnowiec,Ice Cream Man,Sosnowiec,17:30,2D,original,regular,1.0,https://tickets.cinema-city.pl/api/order/1609245?lang=pl,2026-08-08T08:43:59.951345
2026-08-08,sosnowiec,Spider-Man: Całkiem nowy dzień,Sosnowiec,17:40,3D,original,regular,1.0,https://tickets.cinema-city.pl/api/order/1609508?lang=pl,2026-08-08T08:43:59.951352
2026-08-08,sosnowiec,Odyseja,Sosnowiec,18:00,2D,original,regular,1.0,https://tickets.cinema-city.pl/api/order/1609309?lang=pl,2026-08-08T08:43:59.951359
2026-08-08,sosnowiec,Spider-Man: Całkiem nowy dzień,Sosnowiec,18:20,2D,original,regular,1.0,https://tickets.cinema-city.pl/api/order/1609272?lang=pl,2026-08-08T08:43:59.951366
2026-08-08,sosnowiec,Obsesja,Sosnowiec,18:40,2D,original,regular,1.0,https://tickets.cinema-city.pl/api/order/1620783?lang=pl,2026-08-08T08:43:59.951395
2026-08-08,sosnowiec,Władca Pierścieni: Dwie wieże (wersja rozszerzona),Sosnowiec,20:00,2D,original,regular,1.0,https://tickets.cinema-city.pl/api/order/1568084?lang=pl,2026-08-08T08:43:59.951404
2026-08-08,sosnowiec,Spider-Man: Całkiem nowy dzień,Sosnowiec,20:00,2D,original,regular,1.0,https://tickets.cinema-city.pl/api/order/1609193?lang=pl,2026-08-08T08:43:59.951411
2026-08-08,sosnowiec,Backrooms. Bez wyjścia - wersja rozszerzona,Sosnowiec,20:50,2D,original,regular,1.0,https://tickets.cinema-city.pl/api/order/1609509?lang=pl,2026-08-08T08:43:59.951419
2026-08-08,sosnowiec,Ice Cream Man,Sosnowiec,21:00,2D,original,regular,1.0,https://tickets.cinema-city.pl/api/order/1609394?lang=pl,2026-08-08T08:43:59.951426
2026-08-08,sosnowiec,Spider-Man: Całkiem nowy dzień,Sosnowiec,21:30,2D,original,regular,1.0,https://tickets.cinema-city.pl/api/order/1609273?lang=pl,2026-08-08T08:43:59.951433
2026-08-08,sosnowiec,Odyseja,Sosnowiec,21:30,2D,original,regular,1.0,https://tickets.cinema-city.pl/api/order/1609311?lang=pl,2026-08-08T08:43:59.951441
2026-08-08,gdańsk,Psi patrol i dinozaury,Starogard Gdański,11:00,2D,,regular,1.0,https://tickets.cinema-city.pl/api/order/1613021?lang=pl,2026-08-08T08:44:01.686995
2026-08-08,gdańsk,Toy Story 5,Starogard Gdański,11:15,2D,original,regular,1.0,https://tickets.cinema-city.pl/api/order/1612744?lang=pl,2026-08-08T08:44:01.687020
2026-08-08,gdańsk,Spider-Man: Całkiem nowy dzień,Starogard Gdański,11:50,2D,original,regular,1.0,https://tickets.cinema-city.pl/api/order/1612518?lang=pl,2026-08-08T08:44:01.687033
2026-08-08,gdańsk,Psi patrol i dinozaury,Starogard Gdański,12:10,2D,,regular,1.0,https://tickets.cinema-city.pl/api/order/1596499?lang=pl,2026-08-08T08:44:01.687040
2026-08-08,gdańsk,Odyseja,Starogard Gdański,12:20,2D,original,regular,1.0,https://tickets.cinema-city.pl/api/order/1611487?lang=pl,2026-08-08T08:44:01.687048
2026-08-08,gdańsk,Minionki i straszydła,Starogard Gdański,12:30,2D,,regular,1.0,https://tickets.cinema-city.pl/api/order/1612133?lang=pl,2026-08-08T08:44:01.687055
2026-08-08,gdańsk,Vaiana,Starogard Gdański,13:10,2D,original,regular,1.0,https://tickets.cinema-city.pl/api/order/1613132?lang=pl,2026-08-08T08:44:01.687063
2026-08-08,gdańsk,Spider-Man: Całkiem nowy dzień,Starogard Gdański,13:40,2D,original,regular,1.0,https://tickets.cinema-city.pl/api/order/1612869?lang=pl,2026-08-08T08:44:01.687070
2026-08-08,gdańsk,Psi patrol i dinozaury,Starogard Gdański,14:20,2D,,regular,1.0,https://tickets.cinema-city.pl/api/order/1596501?lang=pl,2026-08-08T08:44:01.687077
2026-08-08,gdańsk,Minionki i straszydła,Starogard Gdański,14:40,2D,,regular,1.0,https://tickets.cinema-city.pl/api/order/1612135?lang=pl,2026-08-08T08:44:01.687084
2026-08-08,gdańsk,Spider-Man: Całkiem nowy dzień,Starogard Gdański,15:00,2D,original,regular,1.0,https://tickets.cinema-city.pl/api/order/1612527?lang=pl,2026-08-08T08:44:01.687091
2026-08-08,gdańsk,Spider-Man: Całkiem nowy dzień,Starogard Gdański,15:50,3D,original,regular,1.0,https://tickets.cinema-city.pl/api/order/1613165?lang=pl,2026-08-08T08:44:01.687098
2026-08-08,gdańsk,Odyseja,Starogard Gdański,16:00,2D,original,regular,1.0,https://tickets.cinema-city.pl/api/order/1611493?lang=pl,2026-08-08T08:44:01.687105
2026-08-08,gdańsk,Psi patrol i dinozaury,Starogard Gdański,16:30,2D,,regular,1.0,https://tickets.cinema-city.pl/api/order/1596503?lang=pl,2026-08-08T08:44:01.687112
2026-08-08,gdańsk,Ice Cream Man,Starogard Gdański,16:45,2D,original,regular,1.0,https://tickets.cinema-city.pl/api/order/1612137?lang=pl,2026-08-08T08:44:01.687120
2026-08-08,gdańsk,Spider-Man: Całkiem nowy dzień,Starogard Gdański,16:50,2D,original,regular,1.0,https://tickets.cinema-city.pl/api/order/1612878?lang=pl,2026-08-08T08:44:01.687126
2026-08-08,gdańsk,Spider-Man: Całkiem nowy dzień,Starogard Gdański,18:10,2D,original,regular,1.0,https://tickets.cinema-city.pl/api/order/1612589?lang=pl,2026-08-08T08:44:01.687133
2026-08-08,gdańsk,Psi patrol i dinozaury,Starogard Gdański,18:40,2D,,regular,1.0,https://tickets.cinema-city.pl/api/order/1596505?lang=pl,2026-08-08T08:44:01.687140
2026-08-08,gdańsk,Spider-Man: Całkiem nowy dzień,Starogard Gdański,19:00,3D,original,regular,1.0,https://tickets.cinema-city.pl/api/order/1613361?lang=pl,2026-08-08T08:44:01.687146
2026-08-08,gdańsk,Tylko jedna noc,Starogard Gdański,19:15,2D,original,regular,1.0,https://tickets.cinema-city.pl/api/order/1612139?lang=pl,2026-08-08T08:44:01.687153
2026-08-08,gdańsk,Odyseja,Starogard Gdański,19:40,2D,original,regular,1.0,https://tickets.cinema-city.pl/api/order/1611499?lang=pl,2026-08-08T08:44:01.687160
2026-08-08,gdańsk,Władca Pierścieni: Dwie wieże (wersja rozszerzona),Starogard Gdański,20:00,2D,original,regular,1.0,https://tickets.cinema-city.pl/api/order/1568137?lang=pl,2026-08-08T08:44:01.687169
2026-08-08,gdańsk,Ice Cream Man,Starogard Gdański,20:50,2D,original,regular,1.0,https://tickets.cinema-city.pl/api/order/1613419?lang=pl,2026-08-08T08:44:01.687176
2026-08-08,gdańsk,Spider-Man: Całkiem nowy dzień,Starogard Gdański,21:20,2D,original,regular,1.0,https://tickets.cinema-city.pl/api/order/1612593?lang=pl,2026-08-08T08:44:01.687184
2026-08-08,gdańsk,Backrooms. Bez wyjścia - wersja rozszerzona,Starogard Gdański,21:45,2D,original,regular,1.0,https://tickets.cinema-city.pl/api/order/1612368?lang=pl,2026-08-08T08:44:01.687193
2026-08-08,gdańsk,Spider-Man: Całkiem nowy dzień,Starogard Gdański,22:10,2D,original,regular,1.0,https://tickets.cinema-city.pl/api/order/1613876?lang=pl,2026-08-08T08:44:01.687200
2026-08-08,toruń,Vaiana,Toruń - Czerwona Droga,10:40,2D,original,regular,1.0,https://tickets.cinema-city.pl/api/order/1610830?lang=pl,2026-08-08T08:44:03.445430
2026-08-08,toruń,Góra mocy LEKTOR,Toruń - Czerwona Droga,10:40,2D,,regular,1.0,https://tickets.cinema-city.pl/api/order/1617565?lang=pl,2026-08-08T08:44:03.445456
2026-08-08,toruń,Minionki i straszydła,Toruń - Czerwona Droga,10:50,2D,,regular,1.0,https://tickets.cinema-city.pl/api/order/1618400?lang=pl,2026-08-08T08:44:03.445466
2026-08-08,toruń,Spider-Man: Całkiem nowy dzień,Toruń - Czerwona Droga,10:50,2D,original,regular,1.0,https://tickets.cinema-city.pl/api/order/1618497?lang=pl,2026-08-08T08:44:03.445477
2026-08-08,toruń,Niesamowite przygody skarpetek 3. Ale ko,Toruń - Czerwona Droga,11:00,2D,,regular,1.0,https://tickets.cinema-city.pl/api/order/1618803?lang=pl,2026-08-08T08:44:03.445485
2026-08-08,toruń,Psi patrol i dinozaury,Toruń - Czerwona Droga,11:20,2D,,regular,1.0,https://tickets.cinema-city.pl/api/order/1597175?lang=pl,2026-08-08T08:44:03.445493
2026-08-08,toruń,Spider-Man: Całkiem nowy dzień,Toruń - Czerwona Droga,11:50,3D,original,regular,1.0,https://tickets.cinema-city.pl/api/order/1615042?lang=pl,2026-08-08T08:44:03.445500
2026-08-08,toruń,Ekipa zwierzaków,Toruń - Czerwona Droga,12:00,2D,,regular,1.0,https://tickets.cinema-city.pl/api/order/1611868?lang=pl,2026-08-08T08:44:03.445508
2026-08-08,toruń,Ostatni konsjerż,Toruń - Czerwona Droga,12:15,2D,original,regular,1.0,https://tickets.cinema-city.pl/api/order/1617601?lang=pl,2026-08-08T08:44:03.445515
2026-08-08,toruń,Spider-Man: Całkiem nowy dzień,Toruń - Czerwona Droga,12:20,2D,original,regular,1.0,https://tickets.cinema-city.pl/api/order/1618940?lang=pl,2026-08-08T08:44:03.445523
2026-08-08,toruń,Psi patrol i dinozaury,Toruń - Czerwona Droga,12:30,2D,,regular,1.0,https://tickets.cinema-city.pl/api/order/1597183?lang=pl,2026-08-08T08:44:03.445529
2026-08-08,toruń,Toy Story 5,Toruń - Czerwona Droga,12:30,2D,original,regular,1.0,https://tickets.cinema-city.pl/api/order/1610866?lang=pl,2026-08-08T08:44:03.445538
2026-08-08,toruń,Odyseja,Toruń - Czerwona Droga,12:40,2D,original,regular,1.0,https://tickets.cinema-city.pl/api/order/1618809?lang=pl,2026-08-08T08:44:03.445546
2026-08-08,toruń,O czym sobie nie mówimy,Toruń - Czerwona Droga,12:50,2D,original,regular,1.0,https://tickets.cinema-city.pl/api/order/1617571?lang=pl,2026-08-08T08:44:03.445553
2026-08-08,toruń,Młody Waszyngton,Toruń - Czerwona Droga,13:00,2D,original,regular,1.0,https://tickets.cinema-city.pl/api/order/1618403?lang=pl,2026-08-08T08:44:03.445562
2026-08-08,toruń,Vaiana,Toruń - Czerwona Droga,13:20,2D,original,regular,1.0,https://tickets.cinema-city.pl/api/order/1610836?lang=pl,2026-08-08T08:44:03.445569
2026-08-08,toruń,Psi patrol i dinozaury,Toruń - Czerwona Droga,13:30,2D,,regular,1.0,https://tickets.cinema-city.pl/api/order/1597171?lang=pl,2026-08-08T08:44:03.445576
2026-08-08,toruń,Spider-Man: Całkiem nowy dzień,Toruń - Czerwona Droga,14:00,2D,original,regular,1.0,https://tickets.cinema-city.pl/api/order/1618518?lang=pl,2026-08-08T08:44:03.445584
2026-08-08,toruń,Minionki i straszydła,Toruń - Czerwona Droga,14:10,2D,,regular,1.0,https://tickets.cinema-city.pl/api/order/1611870?lang=pl,2026-08-08T08:44:03.445591
2026-08-08,toruń,Ice Cream Man,Toruń - Czerwona Droga,14:15,2D,original,regular,1.0,https://tickets.cinema-city.pl/api/order/1617607?lang=pl,2026-08-08T08:44:03.445598
2026-08-08,toruń,Psi patrol i dinozaury,Toruń - Czerwona Droga,14:40,2D,,regular,1.0,https://tickets.cinema-city.pl/api/order/1597184?lang=pl,2026-08-08T08:44:03.445604
2026-08-08,toruń,Toy Story 5,Toruń - Czerwona Droga,14:50,2D,original,regular,1.0,https://tickets.cinema-city.pl/api/order/1610872?lang=pl,2026-08-08T08:44:03.445612
2026-08-08,toruń,Spider-Man: Całkiem nowy dzień,Toruń - Czerwona Droga,15:00,3D,original,regular,1.0,https://tickets.cinema-city.pl/api/order/1615048?lang=pl,2026-08-08T08:44:03.445619
2026-08-08,toruń,Zaproszenie,Toruń - Czerwona Droga,15:30,2D,original,regular,1.0,https://tickets.cinema-city.pl/api/order/1617577?lang=pl,2026-08-08T08:44:03.445626
2026-08-08,toruń,Spider-Man: Całkiem nowy dzień,Toruń - Czerwona Droga,15:30,2D,original,regular,1.0,https://tickets.cinema-city.pl/api/order/1618943?lang=pl,2026-08-08T08:44:03.445632
2026-08-08,toruń,Psi patrol i dinozaury,Toruń - Czerwona Droga,15:40,2D,,regular,1.0,https://tickets.cinema-city.pl/api/order/1597169?lang=pl,2026-08-08T08:44:03.445639
2026-08-08,toruń,Umamusume: Pretty Derby - Beginning of a New Era,Toruń - Czerwona Droga,15:50,2D,original,regular,1.0,https://tickets.cinema-city.pl/api/order/1618406?lang=pl,2026-08-08T08:44:03.445646
2026-08-08,toruń,Vaiana,Toruń - Czerwona Droga,16:00,2D,original,regular,1.0,https://tickets.cinema-city.pl/api/order/1610842?lang=pl,2026-08-08T08:44:03.445653
2026-08-08,toruń,Minionki i straszydła,Toruń - Czerwona Droga,16:20,2D,,regular,1.0,https://tickets.cinema-city.pl/api/order/1611872?lang=pl,2026-08-08T08:44:03.445659
2026-08-08,toruń,Odyseja,Toruń - Czerwona Droga,16:20,2D,original,regular,1.0,https://tickets.cinema-city.pl/api/order/1618815?lang=pl,2026-08-08T08:44:03.445666
2026-08-08,toruń,Ice Cream Man,Toruń - Czerwona Droga,16:45,2D,original,regular,1.0,https://tickets.cinema-city.pl/api/order/1617613?lang=pl,2026-08-08T08:44:03.445672
2026-08-08,toruń,Psi patrol i dinozaury,Toruń - Czerwona Droga,16:50,2D,,regular,1.0,https://tickets.cinema-city.pl/api/order/1597188?lang=pl,2026-08-08T08:44:03.445679
2026-08-08,toruń,Spider-Man: Całkiem nowy dzień,Toruń - Czerwona Droga,17:10,2D,original,regular,1.0,https://tickets.cinema-city.pl/api/order/1618530?lang=pl,2026-08-08T08:44:03.445687
2026-08-08,toruń,Toy Story 5,Toruń - Czerwona Droga,17:20,2D,original,regular,1.0,https://tickets.cinema-city.pl/api/order/1610878?lang=pl,2026-08-08T08:44:03.445695
2026-08-08,toruń,Psi patrol i dinozaury,Toruń - Czerwona Droga,17:50,2D,,regular,1.0,https://tickets.cinema-city.pl/api/order/1597167?lang=pl,2026-08-08T08:44:03.445701
2026-08-08,toruń,Odyseja,Toruń - Czerwona Droga,18:00,2D,original,regular,1.0,https://tickets.cinema-city.pl/api/order/1617583?lang=pl,2026-08-08T08:44:03.445708
2026-08-08,toruń,Spider-Man: Całkiem nowy dzień,Toruń - Czerwona Droga,18:10,3D,original,regular,1.0,https://tickets.cinema-city.pl/api/order/1615054?lang=pl,2026-08-08T08:44:03.445715
2026-08-08,toruń,Do utraty tchu (re-release),Toruń - Czerwona Droga,18:20,2D,original,regular,1.0,https://tickets.cinema-city.pl/api/order/1618409?lang=pl,2026-08-08T08:44:03.445723
2026-08-08,toruń,Minionki i straszydła,Toruń - Czerwona Droga,18:30,2D,,regular,1.0,https://tickets.cinema-city.pl/api/order/1611874?lang=pl,2026-08-08T08:44:03.445729
2026-08-08,toruń,Spider-Man: Całkiem nowy dzień,Toruń - Czerwona Droga,18:40,2D,original,regular,1.0,https://tickets.cinema-city.pl/api/order/1618945?lang=pl,2026-08-08T08:44:03.445736
2026-08-08,toruń,Pejzaż w kolorze sepii,Toruń - Czerwona Droga,18:45,2D,original,regular,1.0,https://tickets.cinema-city.pl/api/order/1610848?lang=pl,2026-08-08T08:44:03.445743
2026-08-08,toruń,Psi patrol i dinozaury,Toruń - Czerwona Droga,19:00,2D,,regular,1.0,https://tickets.cinema-city.pl/api/order/1597191?lang=pl,2026-08-08T08:44:03.445750
2026-08-08,toruń,Ice Cream Man,Toruń - Czerwona Droga,19:15,2D,original,regular,1.0,https://tickets.cinema-city.pl/api/order/1617619?lang=pl,2026-08-08T08:44:03.445756
2026-08-08,toruń,Tylko jedna noc,Toruń - Czerwona Droga,19:45,2D,original,regular,1.0,https://tickets.cinema-city.pl/api/order/1610884?lang=pl,2026-08-08T08:44:03.445763
2026-08-08,toruń,Władca Pierścieni: Dwie wieże (wersja rozszerzona),Toruń - Czerwona Droga,20:00,2D,original,regular,1.0,https://tickets.cinema-city.pl/api/order/1568077?lang=pl,2026-08-08T08:44:03.445771
2026-08-08,toruń,Psi patrol i dinozaury,Toruń - Czerwona Droga,20:00,2D,,regular,1.0,https://tickets.cinema-city.pl/api/order/1597168?lang=pl,2026-08-08T08:44:03.445778
2026-08-08,toruń,Spider-Man: Całkiem nowy dzień,Toruń - Czerwona Droga,20:20,2D,original,regular,1.0,https://tickets.cinema-city.pl/api/order/1618537?lang=pl,2026-08-08T08:44:03.445786
2026-08-08,toruń,Gorzkie święta,Toruń - Czerwona Droga,20:30,2D,original,regular,1.0,https://tickets.cinema-city.pl/api/order/1618412?lang=pl,2026-08-08T08:44:03.445793
2026-08-08,toruń,Odyseja,Toruń - Czerwona Droga,20:40,2D,original,regular,1.0,https://tickets.cinema-city.pl/api/order/1612024?lang=pl,2026-08-08T08:44:03.445799
2026-08-08,toruń,Odyseja,Toruń - Czerwona Droga,21:10,2D,original,regular,1.0,https://tickets.cinema-city.pl/api/order/1619244?lang=pl,2026-08-08T08:44:03.445805
2026-08-08,toruń,Spider-Man: Całkiem nowy dzień,Toruń - Czerwona Droga,21:20,3D,original,regular,1.0,https://tickets.cinema-city.pl/api/order/1615059?lang=pl,2026-08-08T08:44:03.445812
2026-08-08,toruń,Zaproszenie,Toruń - Czerwona Droga,21:30,2D,original,regular,1.0,https://tickets.cinema-city.pl/api/order/1610854?lang=pl,2026-08-08T08:44:03.445818
2026-08-08,toruń,Backrooms. Bez wyjścia - wersja rozszerzona,Toruń - Czerwona Droga,21:40,2D,original,regular,1.0,https://tickets.cinema-city.pl/api/order/1617589?lang=pl,2026-08-08T08:44:03.445826
2026-08-08,toruń,Ice Cream Man,Toruń - Czerwona Droga,21:45,2D,original,regular,1.0,https://tickets.cinema-city.pl/api/order/1617625?lang=pl,2026-08-08T08:44:03.445833
2026-08-08,toruń,Spider-Man: Całkiem nowy dzień,Toruń - Czerwona Droga,21:50,2D,original,regular,1.0,https://tickets.cinema-city.pl/api/order/1619141?lang=pl,2026-08-08T08:44:03.445839
2026-08-08,toruń,Martwe zło: Ogień,Toruń - Czerwona Droga,22:10,2D,original,regular,1.0,https://tickets.cinema-city.pl/api/order/1617761?lang=pl,2026-08-08T08:44:03.445847
2026-08-08,toruń,Obsesja,Toruń - Czerwona Droga,22:15,2D,original,regular,1.0,https://tickets.cinema-city.pl/api/order/1610890?lang=pl,2026-08-08T08:44:03.445854
2026-08-08,toruń,Spider-Man: Całkiem nowy dzień,Toruń - Plaza,10:30,2D,original,regular,1.0,https://tickets.cinema-city.pl/api/order/1611574?lang=pl,2026-08-08T08:44:04.843011
2026-08-08,toruń,Vaiana,Toruń - Plaza,10:40,2D,original,regular,1.0,https://tickets.cinema-city.pl/api/order/1612074?lang=pl,2026-08-08T08:44:04.843034
2026-08-08,toruń,Psi patrol i dinozaury,Toruń - Plaza,10:50,2D,,regular,1.0,https://tickets.cinema-city.pl/api/order/1596998?lang=pl,2026-08-08T08:44:04.843043
2026-08-08,toruń,Ekipa zwierzaków,Toruń - Plaza,11:20,2D,,regular,1.0,https://tickets.cinema-city.pl/api/order/1612622?lang=pl,2026-08-08T08:44:04.843052
2026-08-08,toruń,Odyseja,Toruń - Plaza,11:30,2D,original,regular,1.0,https://tickets.cinema-city.pl/api/order/1611775?lang=pl,2026-08-08T08:44:04.843059
2026-08-08,toruń,Spider-Man: Całkiem nowy dzień,Toruń - Plaza,11:40,3D,original,regular,1.0,https://tickets.cinema-city.pl/api/order/1614838?lang=pl,2026-08-08T08:44:04.843066
2026-08-08,toruń,Psi patrol i dinozaury,Toruń - Plaza,11:50,2D,,regular,1.0,https://tickets.cinema-city.pl/api/order/1596990?lang=pl,2026-08-08T08:44:04.843073
2026-08-08,toruń,Spider-Man: Całkiem nowy dzień,Toruń - Plaza,12:50,2D,original,regular,1.0,https://tickets.cinema-city.pl/api/order/1615787?lang=pl,2026-08-08T08:44:04.843080
2026-08-08,toruń,Psi patrol i dinozaury,Toruń - Plaza,13:00,2D,,regular,1.0,https://tickets.cinema-city.pl/api/order/1597000?lang=pl,2026-08-08T08:44:04.843087
2026-08-08,toruń,Toy Story 5,Toruń - Plaza,13:20,2D,original,regular,1.0,https://tickets.cinema-city.pl/api/order/1612080?lang=pl,2026-08-08T08:44:04.843095
2026-08-08,toruń,Minionki i straszydła,Toruń - Plaza,13:30,2D,,regular,1.0,https://tickets.cinema-city.pl/api/order/1612628?lang=pl,2026-08-08T08:44:04.843102
2026-08-08,toruń,Spider-Man: Całkiem nowy dzień,Toruń - Plaza,13:40,2D,original,regular,1.0,https://tickets.cinema-city.pl/api/order/1611582?lang=pl,2026-08-08T08:44:04.843110
2026-08-08,toruń,Psi patrol i dinozaury,Toruń - Plaza,14:00,2D,,regular,1.0,https://tickets.cinema-city.pl/api/order/1596992?lang=pl,2026-08-08T08:44:04.843116
2026-08-08,toruń,Spider-Man: Całkiem nowy dzień,Toruń - Plaza,14:50,3D,original,regular,1.0,https://tickets.cinema-city.pl/api/order/1614841?lang=pl,2026-08-08T08:44:04.843122
2026-08-08,toruń,Psi patrol i dinozaury,Toruń - Plaza,15:10,2D,,regular,1.0,https://tickets.cinema-city.pl/api/order/1597002?lang=pl,2026-08-08T08:44:04.843129
2026-08-08,toruń,Odyseja,Toruń - Plaza,15:10,2D,original,regular,1.0,https://tickets.cinema-city.pl/api/order/1611781?lang=pl,2026-08-08T08:44:04.843135
2026-08-08,toruń,Minionki i straszydła,Toruń - Plaza,15:40,2D,,regular,1.0,https://tickets.cinema-city.pl/api/order/1612634?lang=pl,2026-08-08T08:44:04.843142
2026-08-08,toruń,Ice Cream Man,Toruń - Plaza,15:45,2D,original,regular,1.0,https://tickets.cinema-city.pl/api/order/1612086?lang=pl,2026-08-08T08:44:04.843149
2026-08-08,toruń,Spider-Man: Całkiem nowy dzień,Toruń - Plaza,16:00,2D,original,regular,1.0,https://tickets.cinema-city.pl/api/order/1615793?lang=pl,2026-08-08T08:44:04.843155
2026-08-08,toruń,Psi patrol i dinozaury,Toruń - Plaza,16:10,2D,,regular,1.0,https://tickets.cinema-city.pl/api/order/1596994?lang=pl,2026-08-08T08:44:04.843161
2026-08-08,toruń,Spider-Man: Całkiem nowy dzień,Toruń - Plaza,16:50,2D,original,regular,1.0,https://tickets.cinema-city.pl/api/order/1611584?lang=pl,2026-08-08T08:44:04.843168
2026-08-08,toruń,Psi patrol i dinozaury,Toruń - Plaza,17:20,2D,,regular,1.0,https://tickets.cinema-city.pl/api/order/1597004?lang=pl,2026-08-08T08:44:04.843174
2026-08-08,toruń,Tylko jedna noc,Toruń - Plaza,17:45,2D,original,regular,1.0,https://tickets.cinema-city.pl/api/order/1612793?lang=pl,2026-08-08T08:44:04.843181
2026-08-08,toruń,Spider-Man: Całkiem nowy dzień,Toruń - Plaza,18:00,3D,original,regular,1.0,https://tickets.cinema-city.pl/api/order/1614872?lang=pl,2026-08-08T08:44:04.843188
2026-08-08,toruń,Ice Cream Man,Toruń - Plaza,18:15,2D,original,regular,1.0,https://tickets.cinema-city.pl/api/order/1612092?lang=pl,2026-08-08T08:44:04.843195
2026-08-08,toruń,Psi patrol i dinozaury,Toruń - Plaza,18:20,2D,,regular,1.0,https://tickets.cinema-city.pl/api/order/1596996?lang=pl,2026-08-08T08:44:04.843202
2026-08-08,toruń,Odyseja,Toruń - Plaza,18:45,2D,original,regular,1.0,https://tickets.cinema-city.pl/api/order/1611786?lang=pl,2026-08-08T08:44:04.843208
2026-08-08,toruń,Spider-Man: Całkiem nowy dzień,Toruń - Plaza,19:10,2D,original,regular,1.0,https://tickets.cinema-city.pl/api/order/1615799?lang=pl,2026-08-08T08:44:04.843215
2026-08-08,toruń,Psi patrol i dinozaury,Toruń - Plaza,19:30,2D,,regular,1.0,https://tickets.cinema-city.pl/api/order/1597006?lang=pl,2026-08-08T08:44:04.843222
2026-08-08,toruń,Spider-Man: Całkiem nowy dzień,Toruń - Plaza,20:00,2D,original,regular,1.0,https://tickets.cinema-city.pl/api/order/1611587?lang=pl,2026-08-08T08:44:04.843229
2026-08-08,toruń,Pejzaż w kolorze sepii,Toruń - Plaza,20:10,2D,original,regular,1.0,https://tickets.cinema-city.pl/api/order/1612646?lang=pl,2026-08-08T08:44:04.843236
2026-08-08,toruń,Spider-Man: Całkiem nowy dzień,Toruń - Plaza,20:30,2D,original,regular,1.0,https://tickets.cinema-city.pl/api/order/1612228?lang=pl,2026-08-08T08:44:04.843243
2026-08-08,toruń,Ice Cream Man,Toruń - Plaza,20:45,2D,original,regular,1.0,https://tickets.cinema-city.pl/api/order/1612098?lang=pl,2026-08-08T08:44:04.843249
2026-08-08,toruń,Spider-Man: Całkiem nowy dzień,Toruń - Plaza,21:10,2D,original,regular,1.0,https://tickets.cinema-city.pl/api/order/1614876?lang=pl,2026-08-08T08:44:04.843256
2026-08-08,toruń,Backrooms. Bez wyjścia - wersja rozszerzona,Toruń - Plaza,21:40,2D,original,regular,1.0,https://tickets.cinema-city.pl/api/order/1615775?lang=pl,2026-08-08T08:44:04.843264
2026-08-08,wałbrzych,Spider-Man: Całkiem nowy dzień,Wałbrzych,10:30,2D,original,regular,1.0,https://tickets.cinema-city.pl/api/order/1617674?lang=pl,2026-08-08T08:44:06.305360
2026-08-08,wałbrzych,Toy Story 5,Wałbrzych,11:00,2D,original,regular,1.0,https://tickets.cinema-city.pl/api/order/1618382?lang=pl,2026-08-08T08:44:06.305409
2026-08-08,wałbrzych,Psi patrol i dinozaury,Wałbrzych,11:20,2D,,regular,1.0,https://tickets.cinema-city.pl/api/order/1597357?lang=pl,2026-08-08T08:44:06.305418
2026-08-08,wałbrzych,Vaiana,Wałbrzych,11:35,2D,original,regular,1.0,https://tickets.cinema-city.pl/api/order/1618158?lang=pl,2026-08-08T08:44:06.305427
2026-08-08,wałbrzych,Toy Story 5,Wałbrzych,12:00,2D,original,regular,1.0,https://tickets.cinema-city.pl/api/order/1616494?lang=pl,2026-08-08T08:44:06.305435
2026-08-08,wałbrzych,Spider-Man: Całkiem nowy dzień,Wałbrzych,12:10,2D,original,regular,1.0,https://tickets.cinema-city.pl/api/order/1616620?lang=pl,2026-08-08T08:44:06.305443
2026-08-08,wałbrzych,Psi patrol i dinozaury,Wałbrzych,12:30,2D,,regular,1.0,https://tickets.cinema-city.pl/api/order/1597349?lang=pl,2026-08-08T08:44:06.305450
2026-08-08,wałbrzych,Psi patrol i dinozaury,Wałbrzych,13:30,2D,,regular,1.0,https://tickets.cinema-city.pl/api/order/1597358?lang=pl,2026-08-08T08:44:06.305457
2026-08-08,wałbrzych,Minionki i straszydła,Wałbrzych,13:30,2D,,regular,1.0,https://tickets.cinema-city.pl/api/order/1618376?lang=pl,2026-08-08T08:44:06.305463
2026-08-08,wałbrzych,Spider-Man: Całkiem nowy dzień,Wałbrzych,13:40,2D,original,regular,1.0,https://tickets.cinema-city.pl/api/order/1617679?lang=pl,2026-08-08T08:44:06.305471
2026-08-08,wałbrzych,Odyseja,Wałbrzych,14:25,2D,original,regular,1.0,https://tickets.cinema-city.pl/api/order/1618137?lang=pl,2026-08-08T08:44:06.305479
2026-08-08,wałbrzych,Spider-Man: Całkiem nowy dzień,Wałbrzych,14:30,3D,original,regular,1.0,https://tickets.cinema-city.pl/api/order/1616476?lang=pl,2026-08-08T08:44:06.305485
2026-08-08,wałbrzych,Psi patrol i dinozaury,Wałbrzych,14:40,2D,,regular,1.0,https://tickets.cinema-city.pl/api/order/1597351?lang=pl,2026-08-08T08:44:06.305491
2026-08-08,wałbrzych,Spider-Man: Całkiem nowy dzień,Wałbrzych,15:20,2D,original,regular,1.0,https://tickets.cinema-city.pl/api/order/1616626?lang=pl,2026-08-08T08:44:06.305498
2026-08-08,wałbrzych,Psi patrol i dinozaury,Wałbrzych,15:40,2D,,regular,1.0,https://tickets.cinema-city.pl/api/order/1597359?lang=pl,2026-08-08T08:44:06.305504
2026-08-08,wałbrzych,Spider-Man: Całkiem nowy dzień,Wałbrzych,15:40,2D,original,regular,1.0,https://tickets.cinema-city.pl/api/order/1618370?lang=pl,2026-08-08T08:44:06.305511
2026-08-08,wałbrzych,Psi patrol i dinozaury,Wałbrzych,16:50,2D,,regular,1.0,https://tickets.cinema-city.pl/api/order/1597353?lang=pl,2026-08-08T08:44:06.305517
2026-08-08,wałbrzych,Spider-Man: Całkiem nowy dzień,Wałbrzych,16:50,2D,original,regular,1.0,https://tickets.cinema-city.pl/api/order/1617690?lang=pl,2026-08-08T08:44:06.305524
2026-08-08,wałbrzych,Spider-Man: Całkiem nowy dzień,Wałbrzych,17:40,3D,original,regular,1.0,https://tickets.cinema-city.pl/api/order/1616482?lang=pl,2026-08-08T08:44:06.305531
2026-08-08,wałbrzych,Psi patrol i dinozaury,Wałbrzych,17:50,2D,,regular,1.0,https://tickets.cinema-city.pl/api/order/1597360?lang=pl,2026-08-08T08:44:06.305537
2026-08-08,wałbrzych,Odyseja,Wałbrzych,18:00,2D,original,regular,1.0,https://tickets.cinema-city.pl/api/order/1618143?lang=pl,2026-08-08T08:44:06.305544
2026-08-08,wałbrzych,Spider-Man: Całkiem nowy dzień,Wałbrzych,18:30,2D,original,regular,1.0,https://tickets.cinema-city.pl/api/order/1616632?lang=pl,2026-08-08T08:44:06.305551
2026-08-08,wałbrzych,Ice Cream Man,Wałbrzych,18:45,2D,original,regular,1.0,https://tickets.cinema-city.pl/api/order/1618358?lang=pl,2026-08-08T08:44:06.305558
2026-08-08,wałbrzych,Psi patrol i dinozaury,Wałbrzych,19:00,2D,,regular,1.0,https://tickets.cinema-city.pl/api/order/1597355?lang=pl,2026-08-08T08:44:06.305565
2026-08-08,wałbrzych,Władca Pierścieni: Dwie wieże (wersja rozszerzona),Wałbrzych,20:00,2D,original,regular,1.0,https://tickets.cinema-city.pl/api/order/1568153?lang=pl,2026-08-08T08:44:06.305574
2026-08-08,wałbrzych,Spider-Man: Całkiem nowy dzień,Wałbrzych,20:00,2D,original,regular,1.0,https://tickets.cinema-city.pl/api/order/1617715?lang=pl,2026-08-08T08:44:06.305580
2026-08-08,wałbrzych,Spider-Man: Całkiem nowy dzień,Wałbrzych,20:50,2D,original,regular,1.0,https://tickets.cinema-city.pl/api/order/1616488?lang=pl,2026-08-08T08:44:06.305587
2026-08-08,wałbrzych,Backrooms. Bez wyjścia - wersja rozszerzona,Wałbrzych,21:10,2D,original,regular,1.0,https://tickets.cinema-city.pl/api/order/1617924?lang=pl,2026-08-08T08:44:06.305596
2026-08-08,wałbrzych,Ice Cream Man,Wałbrzych,21:20,2D,original,regular,1.0,https://tickets.cinema-city.pl/api/order/1618364?lang=pl,2026-08-08T08:44:06.305602
2026-08-08,wałbrzych,Odyseja,Wałbrzych,21:30,2D,original,regular,1.0,https://tickets.cinema-city.pl/api/order/1618149?lang=pl,2026-08-08T08:44:06.305609
2026-08-08,wałbrzych,Spider-Man: Całkiem nowy dzień,Wałbrzych,21:40,2D,original,regular,1.0,https://tickets.cinema-city.pl/api/order/1616638?lang=pl,2026-08-08T08:44:06.305616
2026-08-08,warszawa,Góra mocy LEKTOR,Warszawa -  Arkadia,10:30,2D,,regular,1.0,https://tickets.cinema-city.pl/api/order/1609905?lang=pl,2026-08-08T08:44:08.332783
2026-08-08,warszawa,Spider-Man: Całkiem nowy dzień,Warszawa -  Arkadia,10:30,2D,original,regular,1.0,https://tickets.cinema-city.pl/api/order/1611078?lang=pl,2026-08-08T08:44:08.332807
2026-08-08,warszawa,Minionki i straszydła,Warszawa -  Arkadia,10:50,2D,,regular,1.0,https://tickets.cinema-city.pl/api/order/1609079?lang=pl,2026-08-08T08:44:08.332816
2026-08-08,warszawa,Vaiana,Warszawa -  Arkadia,11:00,2D,original,regular,1.0,https://tickets.cinema-city.pl/api/order/1609364?lang=pl,2026-08-08T08:44:08.332825
2026-08-08,warszawa,Toy Story 5,Warszawa -  Arkadia,11:10,2D,original,regular,1.0,https://tickets.cinema-city.pl/api/order/1608991?lang=pl,2026-08-08T08:44:08.332834
2026-08-08,warszawa,Psi patrol i dinozaury,Warszawa -  Arkadia,11:20,2D,,regular,1.0,https://tickets.cinema-city.pl/api/order/1597647?lang=pl,2026-08-08T08:44:08.332842
2026-08-08,warszawa,Młody Waszyngton,Warszawa -  Arkadia,11:20,2D,original,regular,1.0,https://tickets.cinema-city.pl/api/order/1609052?lang=pl,2026-08-08T08:44:08.332851
2026-08-08,warszawa,Odyseja,Warszawa -  Arkadia,11:40,2D,original,regular,1.0,https://tickets.cinema-city.pl/api/order/1611366?lang=pl,2026-08-08T08:44:08.332859
2026-08-08,warszawa,Spider-Man: Całkiem nowy dzień,Warszawa -  Arkadia,12:10,2D,original,regular,1.0,https://tickets.cinema-city.pl/api/order/1610680?lang=pl,2026-08-08T08:44:08.332867
2026-08-08,warszawa,Psi patrol i dinozaury,Warszawa -  Arkadia,12:30,2D,,regular,1.0,https://tickets.cinema-city.pl/api/order/1597639?lang=pl,2026-08-08T08:44:08.332874
2026-08-08,warszawa,Góra mocy,Warszawa -  Arkadia,12:40,2D,original,regular,1.0,https://tickets.cinema-city.pl/api/order/1609911?lang=pl,2026-08-08T08:44:08.332882
2026-08-08,warszawa,Toy Story 5,Warszawa -  Arkadia,12:40,2D,original,regular,1.0,https://tickets.cinema-city.pl/api/order/1610392?lang=pl,2026-08-08T08:44:08.332890
2026-08-08,warszawa,Spider-Man: Całkiem nowy dzień ukraiński dubbing,Warszawa -  Arkadia,12:50,2D,dubbing,regular,1.0,https://tickets.cinema-city.pl/api/order/1609321?lang=pl,2026-08-08T08:44:08.332897
2026-08-08,warszawa,Minionki i straszydła,Warszawa -  Arkadia,13:00,2D,,regular,1.0,https://tickets.cinema-city.pl/api/order/1609085?lang=pl,2026-08-08T08:44:08.332904
2026-08-08,warszawa,Psi patrol i dinozaury,Warszawa -  Arkadia,13:30,2D,,regular,1.0,https://tickets.cinema-city.pl/api/order/1597648?lang=pl,2026-08-08T08:44:08.332911
2026-08-08,warszawa,Toy Story 5,Warszawa -  Arkadia,13:30,2D,original,regular,1.0,https://tickets.cinema-city.pl/api/order/1608993?lang=pl,2026-08-08T08:44:08.332919
2026-08-08,warszawa,Spider-Man: Całkiem nowy dzień,Warszawa -  Arkadia,13:30,4DX,original,regular,1.0,https://tickets.cinema-city.pl/api/order/1619545?lang=pl,2026-08-08T08:44:08.332925
2026-08-08,warszawa,Vaiana,Warszawa -  Arkadia,13:40,2D,original,regular,1.0,https://tickets.cinema-city.pl/api/order/1609368?lang=pl,2026-08-08T08:44:08.332932
2026-08-08,warszawa,Spider-Man: Całkiem nowy dzień,Warszawa -  Arkadia,13:40,2D,original,regular,1.0,https://tickets.cinema-city.pl/api/order/1611084?lang=pl,2026-08-08T08:44:08.332939
2026-08-08,warszawa,Odyseja,Warszawa -  Arkadia,13:50,2D,original,regular,1.0,https://tickets.cinema-city.pl/api/order/1609922?lang=pl,2026-08-08T08:44:08.332946
2026-08-08,warszawa,Psi patrol i dinozaury ukraiński dubbing,Warszawa -  Arkadia,14:00,2D,dubbing,regular,1.0,https://tickets.cinema-city.pl/api/order/1597496?lang=pl,2026-08-08T08:44:08.332954
2026-08-08,warszawa,Pejzaż w kolorze sepii,Warszawa -  Arkadia,14:15,2D,original,regular,1.0,https://tickets.cinema-city.pl/api/order/1609056?lang=pl,2026-08-08T08:44:08.332961
2026-08-08,warszawa,Psi patrol i dinozaury,Warszawa -  Arkadia,14:40,2D,,regular,1.0,https://tickets.cinema-city.pl/api/order/1597641?lang=pl,2026-08-08T08:44:08.332968
2026-08-08,warszawa,Spider-Man: Całkiem nowy dzień,Warszawa -  Arkadia,14:50,3D,original,regular,1.0,https://tickets.cinema-city.pl/api/order/1609887?lang=pl,2026-08-08T08:44:08.332975
2026-08-08,warszawa,Ice Cream Man,Warszawa -  Arkadia,15:00,2D,original,regular,1.0,https://tickets.cinema-city.pl/api/order/1610397?lang=pl,2026-08-08T08:44:08.332982
2026-08-08,warszawa,Minionki i straszydła,Warszawa -  Arkadia,15:10,2D,,regular,1.0,https://tickets.cinema-city.pl/api/order/1609091?lang=pl,2026-08-08T08:44:08.332989
2026-08-08,warszawa,Spider-Man: Całkiem nowy dzień,Warszawa -  Arkadia,15:20,2D,original,regular,1.0,https://tickets.cinema-city.pl/api/order/1610704?lang=pl,2026-08-08T08:44:08.332996
2026-08-08,warszawa,Odyseja,Warszawa -  Arkadia,15:20,2D,original,regular,1.0,https://tickets.cinema-city.pl/api/order/1611372?lang=pl,2026-08-08T08:44:08.333003
2026-08-08,warszawa,Psi patrol i dinozaury,Warszawa -  Arkadia,15:40,2D,,regular,1.0,https://tickets.cinema-city.pl/api/order/1597649?lang=pl,2026-08-08T08:44:08.333010
2026-08-08,warszawa,Odyseja ukraiński dubbing,Warszawa -  Arkadia,16:00,2D,dubbing,regular,1.0,https://tickets.cinema-city.pl/api/order/1608995?lang=pl,2026-08-08T08:44:08.333018
2026-08-08,warszawa,Spider-Man: Całkiem nowy dzień ukraiński dubbing,Warszawa -  Arkadia,16:00,2D,dubbing,regular,1.0,https://tickets.cinema-city.pl/api/order/1609327?lang=pl,2026-08-08T08:44:08.333024
2026-08-08,warszawa,Odyseja,Warszawa -  Arkadia,16:10,2D,original,regular,1.0,https://tickets.cinema-city.pl/api/order/1610066?lang=pl,2026-08-08T08:44:08.333031
2026-08-08,warszawa,Umamusume: Pretty Derby - Beginning of a New Era,Warszawa -  Arkadia,16:30,2D,original,regular,1.0,https://tickets.cinema-city.pl/api/order/1609390?lang=pl,2026-08-08T08:44:08.333038
2026-08-08,warszawa,Spider-Man: Całkiem nowy dzień,Warszawa -  Arkadia,16:30,4DX,original,regular,1.0,https://tickets.cinema-city.pl/api/order/1619547?lang=pl,2026-08-08T08:44:08.333044
2026-08-08,warszawa,Psi patrol i dinozaury,Warszawa -  Arkadia,16:50,2D,,regular,1.0,https://tickets.cinema-city.pl/api/order/1597643?lang=pl,2026-08-08T08:44:08.333051
2026-08-08,warszawa,Spider-Man: Całkiem nowy dzień,Warszawa -  Arkadia,16:50,2D,original,regular,1.0,https://tickets.cinema-city.pl/api/order/1611090?lang=pl,2026-08-08T08:44:08.333058
2026-08-08,warszawa,Kandydaci śmierci,Warszawa -  Arkadia,17:00,2D,original,regular,1.0,https://tickets.cinema-city.pl/api/order/1609060?lang=pl,2026-08-08T08:44:08.333065
2026-08-08,warszawa,Minionki i straszydła,Warszawa -  Arkadia,17:20,2D,,regular,1.0,https://tickets.cinema-city.pl/api/order/1609097?lang=pl,2026-08-08T08:44:08.333071
2026-08-08,warszawa,Odyseja,Warszawa -  Arkadia,17:30,2D,original,regular,1.0,https://tickets.cinema-city.pl/api/order/1609927?lang=pl,2026-08-08T08:44:08.333078
2026-08-08,warszawa,Ice Cream Man,Warszawa -  Arkadia,17:30,2D,original,regular,1.0,https://tickets.cinema-city.pl/api/order/1610402?lang=pl,2026-08-08T08:44:08.333084
2026-08-08,warszawa,Psi patrol i dinozaury,Warszawa -  Arkadia,17:50,2D,,regular,1.0,https://tickets.cinema-city.pl/api/order/1597650?lang=pl,2026-08-08T08:44:08.333091
2026-08-08,warszawa,Spider-Man: Całkiem nowy dzień,Warszawa -  Arkadia,18:00,3D,original,regular,1.0,https://tickets.cinema-city.pl/api/order/1609893?lang=pl,2026-08-08T08:44:08.333097
2026-08-08,warszawa,Spider-Man: Całkiem nowy dzień,Warszawa -  Arkadia,18:30,2D,original,regular,1.0,https://tickets.cinema-city.pl/api/order/1610731?lang=pl,2026-08-08T08:44:08.333104
2026-08-08,warszawa,Psi patrol i dinozaury,Warszawa -  Arkadia,19:00,2D,,regular,1.0,https://tickets.cinema-city.pl/api/order/1597645?lang=pl,2026-08-08T08:44:08.333111
2026-08-08,warszawa,Do utraty tchu (re-release),Warszawa -  Arkadia,19:00,2D,original,regular,1.0,https://tickets.cinema-city.pl/api/order/1609372?lang=pl,2026-08-08T08:44:08.333119
2026-08-08,warszawa,Odyseja,Warszawa -  Arkadia,19:00,2D,original,regular,1.0,https://tickets.cinema-city.pl/api/order/1611378?lang=pl,2026-08-08T08:44:08.333126
2026-08-08,warszawa,Spider-Man: Całkiem nowy dzień,Warszawa -  Arkadia,19:10,2D,original,regular,1.0,https://tickets.cinema-city.pl/api/order/1609333?lang=pl,2026-08-08T08:44:08.333133
2026-08-08,warszawa,Gorzkie święta,Warszawa -  Arkadia,19:20,2D,original,regular,1.0,https://tickets.cinema-city.pl/api/order/1609152?lang=pl,2026-08-08T08:44:08.333140
2026-08-08,warszawa,Pejzaż w kolorze sepii,Warszawa -  Arkadia,19:30,2D,original,regular,1.0,https://tickets.cinema-city.pl/api/order/1609064?lang=pl,2026-08-08T08:44:08.333147
2026-08-08,warszawa,Spider-Man: Całkiem nowy dzień,Warszawa -  Arkadia,19:30,4DX,original,regular,1.0,https://tickets.cinema-city.pl/api/order/1619549?lang=pl,2026-08-08T08:44:08.333153
2026-08-08,warszawa,Tylko jedna noc,Warszawa -  Arkadia,19:40,2D,original,regular,1.0,https://tickets.cinema-city.pl/api/order/1608997?lang=pl,2026-08-08T08:44:08.333159
2026-08-08,warszawa,Odyseja,Warszawa -  Arkadia,19:50,2D,original,regular,1.0,https://tickets.cinema-city.pl/api/order/1610072?lang=pl,2026-08-08T08:44:08.333166
2026-08-08,warszawa,Władca Pierścieni: Dwie wieże (wersja rozszerzona),Warszawa -  Arkadia,20:00,2D,original,regular,1.0,https://tickets.cinema-city.pl/api/order/1568025?lang=pl,2026-08-08T08:44:08.333174
2026-08-08,warszawa,Psi patrol i dinozaury,Warszawa -  Arkadia,20:00,2D,,regular,1.0,https://tickets.cinema-city.pl/api/order/1597651?lang=pl,2026-08-08T08:44:08.333182
2026-08-08,warszawa,Ice Cream Man,Warszawa -  Arkadia,20:00,2D,original,regular,1.0,https://tickets.cinema-city.pl/api/order/1610407?lang=pl,2026-08-08T08:44:08.333189
2026-08-08,warszawa,Spider-Man: Całkiem nowy dzień,Warszawa -  Arkadia,21:10,3D,original,regular,1.0,https://tickets.cinema-city.pl/api/order/1609899?lang=pl,2026-08-08T08:44:08.333195
2026-08-08,warszawa,Odyseja,Warszawa -  Arkadia,21:10,2D,original,regular,1.0,https://tickets.cinema-city.pl/api/order/1609932?lang=pl,2026-08-08T08:44:08.333202
2026-08-08,warszawa,Zaproszenie,Warszawa -  Arkadia,21:20,2D,original,regular,1.0,https://tickets.cinema-city.pl/api/order/1609376?lang=pl,2026-08-08T08:44:08.333209
2026-08-08,warszawa,Backrooms. Bez wyjścia - wersja rozszerzona,Warszawa -  Arkadia,21:20,2D,original,regular,1.0,https://tickets.cinema-city.pl/api/order/1611759?lang=pl,2026-08-08T08:44:08.333218
2026-08-08,warszawa,Spider-Man: Całkiem nowy dzień,Warszawa -  Arkadia,21:40,2D,original,regular,1.0,https://tickets.cinema-city.pl/api/order/1610737?lang=pl,2026-08-08T08:44:08.333225
2026-08-08,warszawa,Dzień objawienia,Warszawa -  Arkadia,22:00,2D,original,regular,1.0,https://tickets.cinema-city.pl/api/order/1609103?lang=pl,2026-08-08T08:44:08.333233
2026-08-08,warszawa,Obsesja,Warszawa -  Arkadia,22:10,2D,original,regular,1.0,https://tickets.cinema-city.pl/api/order/1608999?lang=pl,2026-08-08T08:44:08.333240
2026-08-08,warszawa,Spider-Man: Całkiem nowy dzień ukraiński dubbing,Warszawa -  Arkadia,22:15,2D,dubbing,regular,1.0,https://tickets.cinema-city.pl/api/order/1609068?lang=pl,2026-08-08T08:44:08.333246
2026-08-08,warszawa,Spider-Man: Całkiem nowy dzień,Warszawa -  Arkadia,22:15,2D,original,regular,1.0,https://tickets.cinema-city.pl/api/order/1609339?lang=pl,2026-08-08T08:44:08.333253
2026-08-08,warszawa,Spider-Man: Całkiem nowy dzień,Warszawa -  Arkadia,22:20,2D,original,regular,1.0,https://tickets.cinema-city.pl/api/order/1611561?lang=pl,2026-08-08T08:44:08.333261
2026-08-08,warszawa,Ice Cream Man,Warszawa -  Arkadia,22:30,2D,original,regular,1.0,https://tickets.cinema-city.pl/api/order/1610412?lang=pl,2026-08-08T08:44:08.333268
2026-08-08,warszawa,Odyseja,Warszawa -  Arkadia,22:30,2D,original,regular,1.0,https://tickets.cinema-city.pl/api/order/1611384?lang=pl,2026-08-08T08:44:08.333275
2026-08-08,warszawa,Spider-Man: Całkiem nowy dzień,Warszawa -  Arkadia,22:30,4DX,original,regular,1.0,https://tickets.cinema-city.pl/api/order/1619551?lang=pl,2026-08-08T08:44:08.333281
2026-08-08,warszawa,Toy Story 5,Warszawa - Bemowo,10:30,2D,original,regular,1.0,https://tickets.cinema-city.pl/api/order/1611737?lang=pl,2026-08-08T08:44:10.313720
2026-08-08,warszawa,Spider-Man: Całkiem nowy dzień,Warszawa - Bemowo,11:00,2D,original,regular,1.0,https://tickets.cinema-city.pl/api/order/1611454?lang=pl,2026-08-08T08:44:10.313747
2026-08-08,warszawa,Psi patrol i dinozaury,Warszawa - Bemowo,11:20,2D,,regular,1.0,https://tickets.cinema-city.pl/api/order/1596934?lang=pl,2026-08-08T08:44:10.313757
2026-08-08,warszawa,Minionki i straszydła,Warszawa - Bemowo,11:40,2D,,regular,1.0,https://tickets.cinema-city.pl/api/order/1614526?lang=pl,2026-08-08T08:44:10.313765
2026-08-08,warszawa,O czym sobie nie mówimy,Warszawa - Bemowo,11:50,2D,original,regular,1.0,https://tickets.cinema-city.pl/api/order/1610557?lang=pl,2026-08-08T08:44:10.313774
2026-08-08,warszawa,Vaiana,Warszawa - Bemowo,12:00,2D,original,regular,1.0,https://tickets.cinema-city.pl/api/order/1610260?lang=pl,2026-08-08T08:44:10.313782
2026-08-08,warszawa,Ekipa zwierzaków,Warszawa - Bemowo,12:10,2D,,regular,1.0,https://tickets.cinema-city.pl/api/order/1609401?lang=pl,2026-08-08T08:44:10.313790
2026-08-08,warszawa,Spider-Man: Całkiem nowy dzień,Warszawa - Bemowo,12:20,3D,original,regular,1.0,https://tickets.cinema-city.pl/api/order/1609840?lang=pl,2026-08-08T08:44:10.313797
2026-08-08,warszawa,Psi patrol i dinozaury,Warszawa - Bemowo,12:30,2D,,regular,1.0,https://tickets.cinema-city.pl/api/order/1596926?lang=pl,2026-08-08T08:44:10.313804
2026-08-08,warszawa,Odyseja,Warszawa - Bemowo,12:40,2D,original,regular,1.0,https://tickets.cinema-city.pl/api/order/1612985?lang=pl,2026-08-08T08:44:10.313811
2026-08-08,warszawa,Spider-Man: Całkiem nowy dzień,Warszawa - Bemowo,13:00,2D,original,regular,1.0,https://tickets.cinema-city.pl/api/order/1611770?lang=pl,2026-08-08T08:44:10.313818
2026-08-08,warszawa,Toy Story 5,Warszawa - Bemowo,13:20,2D,original,regular,1.0,https://tickets.cinema-city.pl/api/order/1613622?lang=pl,2026-08-08T08:44:10.313826
2026-08-08,warszawa,Psi patrol i dinozaury,Warszawa - Bemowo,13:30,2D,,regular,1.0,https://tickets.cinema-city.pl/api/order/1596935?lang=pl,2026-08-08T08:44:10.313834
2026-08-08,warszawa,Minionki i straszydła,Warszawa - Bemowo,13:50,2D,,regular,1.0,https://tickets.cinema-city.pl/api/order/1614532?lang=pl,2026-08-08T08:44:10.313840
2026-08-08,warszawa,Spider-Man: Całkiem nowy dzień,Warszawa - Bemowo,14:10,2D,original,regular,1.0,https://tickets.cinema-city.pl/api/order/1611457?lang=pl,2026-08-08T08:44:10.313847
2026-08-08,warszawa,Odyseja,Warszawa - Bemowo,14:20,2D,original,regular,1.0,https://tickets.cinema-city.pl/api/order/1609407?lang=pl,2026-08-08T08:44:10.313854
2026-08-08,warszawa,Ice Cream Man,Warszawa - Bemowo,14:30,2D,original,regular,1.0,https://tickets.cinema-city.pl/api/order/1610563?lang=pl,2026-08-08T08:44:10.313861
2026-08-08,warszawa,Psi patrol i dinozaury,Warszawa - Bemowo,14:40,2D,,regular,1.0,https://tickets.cinema-city.pl/api/order/1596927?lang=pl,2026-08-08T08:44:10.313868
2026-08-08,warszawa,Vaiana,Warszawa - Bemowo,14:40,2D,original,regular,1.0,https://tickets.cinema-city.pl/api/order/1610266?lang=pl,2026-08-08T08:44:10.313875
2026-08-08,warszawa,Spider-Man: Całkiem nowy dzień,Warszawa - Bemowo,15:30,3D,original,regular,1.0,https://tickets.cinema-city.pl/api/order/1609846?lang=pl,2026-08-08T08:44:10.313881
2026-08-08,warszawa,Psi patrol i dinozaury,Warszawa - Bemowo,15:40,2D,,regular,1.0,https://tickets.cinema-city.pl/api/order/1596936?lang=pl,2026-08-08T08:44:10.313888
2026-08-08,warszawa,Zaproszenie,Warszawa - Bemowo,15:50,2D,original,regular,1.0,https://tickets.cinema-city.pl/api/order/1613628?lang=pl,2026-08-08T08:44:10.313895
2026-08-08,warszawa,Minionki i straszydła,Warszawa - Bemowo,16:00,2D,,regular,1.0,https://tickets.cinema-city.pl/api/order/1614538?lang=pl,2026-08-08T08:44:10.313901
2026-08-08,warszawa,Spider-Man: Całkiem nowy dzień,Warszawa - Bemowo,16:10,2D,original,regular,1.0,https://tickets.cinema-city.pl/api/order/1611776?lang=pl,2026-08-08T08:44:10.313908
2026-08-08,warszawa,Odyseja,Warszawa - Bemowo,16:20,2D,original,regular,1.0,https://tickets.cinema-city.pl/api/order/1612988?lang=pl,2026-08-08T08:44:10.313914
2026-08-08,warszawa,Psi patrol i dinozaury,Warszawa - Bemowo,16:50,2D,,regular,1.0,https://tickets.cinema-city.pl/api/order/1596928?lang=pl,2026-08-08T08:44:10.313921
2026-08-08,warszawa,Ice Cream Man,Warszawa - Bemowo,17:00,2D,original,regular,1.0,https://tickets.cinema-city.pl/api/order/1610569?lang=pl,2026-08-08T08:44:10.313927
2026-08-08,warszawa,Toy Story 5,Warszawa - Bemowo,17:15,2D,original,regular,1.0,https://tickets.cinema-city.pl/api/order/1610272?lang=pl,2026-08-08T08:44:10.313935
2026-08-08,warszawa,Spider-Man: Całkiem nowy dzień,Warszawa - Bemowo,17:20,2D,original,regular,1.0,https://tickets.cinema-city.pl/api/order/1611465?lang=pl,2026-08-08T08:44:10.313942
2026-08-08,warszawa,Psi patrol i dinozaury,Warszawa - Bemowo,17:50,2D,,regular,1.0,https://tickets.cinema-city.pl/api/order/1596937?lang=pl,2026-08-08T08:44:10.313948
2026-08-08,warszawa,Odyseja,Warszawa - Bemowo,18:00,2D,original,regular,1.0,https://tickets.cinema-city.pl/api/order/1609413?lang=pl,2026-08-08T08:44:10.313955
2026-08-08,warszawa,Minionki i straszydła,Warszawa - Bemowo,18:10,2D,,regular,1.0,https://tickets.cinema-city.pl/api/order/1614544?lang=pl,2026-08-08T08:44:10.313962
2026-08-08,warszawa,Tylko jedna noc,Warszawa - Bemowo,18:20,2D,original,regular,1.0,https://tickets.cinema-city.pl/api/order/1613635?lang=pl,2026-08-08T08:44:10.313969
2026-08-08,warszawa,Spider-Man: Całkiem nowy dzień,Warszawa - Bemowo,18:40,3D,original,regular,1.0,https://tickets.cinema-city.pl/api/order/1609852?lang=pl,2026-08-08T08:44:10.313976
2026-08-08,warszawa,Psi patrol i dinozaury,Warszawa - Bemowo,19:00,2D,,regular,1.0,https://tickets.cinema-city.pl/api/order/1596929?lang=pl,2026-08-08T08:44:10.313982
2026-08-08,warszawa,Spider-Man: Całkiem nowy dzień,Warszawa - Bemowo,19:20,2D,original,regular,1.0,https://tickets.cinema-city.pl/api/order/1611785?lang=pl,2026-08-08T08:44:10.313989
2026-08-08,warszawa,Ice Cream Man,Warszawa - Bemowo,19:30,2D,original,regular,1.0,https://tickets.cinema-city.pl/api/order/1610575?lang=pl,2026-08-08T08:44:10.313995
2026-08-08,warszawa,Pejzaż w kolorze sepii,Warszawa - Bemowo,19:40,2D,original,regular,1.0,https://tickets.cinema-city.pl/api/order/1610278?lang=pl,2026-08-08T08:44:10.314002
2026-08-08,warszawa,Władca Pierścieni: Dwie wieże (wersja rozszerzona),Warszawa - Bemowo,20:00,2D,original,regular,1.0,https://tickets.cinema-city.pl/api/order/1568052?lang=pl,2026-08-08T08:44:10.314011
2026-08-08,warszawa,Psi patrol i dinozaury,Warszawa - Bemowo,20:00,2D,,regular,1.0,https://tickets.cinema-city.pl/api/order/1596938?lang=pl,2026-08-08T08:44:10.314018
2026-08-08,warszawa,Gorzkie święta,Warszawa - Bemowo,20:20,2D,original,regular,1.0,https://tickets.cinema-city.pl/api/order/1614550?lang=pl,2026-08-08T08:44:10.314024
2026-08-08,warszawa,Spider-Man: Całkiem nowy dzień,Warszawa - Bemowo,20:30,2D,original,regular,1.0,https://tickets.cinema-city.pl/api/order/1611467?lang=pl,2026-08-08T08:44:10.314031
2026-08-08,warszawa,Odyseja,Warszawa - Bemowo,20:45,2D,original,regular,1.0,https://tickets.cinema-city.pl/api/order/1613641?lang=pl,2026-08-08T08:44:10.314038
2026-08-08,warszawa,Spider-Man: Całkiem nowy dzień,Warszawa - Bemowo,21:10,2D,original,regular,1.0,https://tickets.cinema-city.pl/api/order/1614015?lang=pl,2026-08-08T08:44:10.314045
2026-08-08,warszawa,Backrooms. Bez wyjścia - wersja rozszerzona,Warszawa - Bemowo,21:30,2D,original,regular,1.0,https://tickets.cinema-city.pl/api/order/1609419?lang=pl,2026-08-08T08:44:10.314053
2026-08-08,warszawa,Obsesja,Warszawa - Bemowo,21:50,2D,original,regular,1.0,https://tickets.cinema-city.pl/api/order/1609864?lang=pl,2026-08-08T08:44:10.314060
2026-08-08,warszawa,Ice Cream Man,Warszawa - Bemowo,22:00,2D,original,regular,1.0,https://tickets.cinema-city.pl/api/order/1610581?lang=pl,2026-08-08T08:44:10.314066
2026-08-08,warszawa,Młody Waszyngton,Warszawa - Bemowo,22:15,2D,original,regular,1.0,https://tickets.cinema-city.pl/api/order/1610900?lang=pl,2026-08-08T08:44:10.314075
2026-08-08,warszawa,Zaproszenie,Warszawa - Bemowo,22:30,2D,original,regular,1.0,https://tickets.cinema-city.pl/api/order/1610284?lang=pl,2026-08-08T08:44:10.314081
2026-08-08,warszawa,Martwe zło: Ogień,Warszawa - Bemowo,22:30,2D,original,regular,1.0,https://tickets.cinema-city.pl/api/order/1611841?lang=pl,2026-08-08T08:44:10.314088
2026-08-08,warszawa,Minionki i straszydła,Warszawa - Białołęka Galeria Północna,10:50,2D,,regular,1.0,https://tickets.cinema-city.pl/api/order/1614649?lang=pl,2026-08-08T08:44:11.800263
2026-08-08,warszawa,Toy Story 5,Warszawa - Białołęka Galeria Północna,11:10,2D,original,regular,1.0,https://tickets.cinema-city.pl/api/order/1615298?lang=pl,2026-08-08T08:44:11.800287
2026-08-08,warszawa,Psi patrol i dinozaury,Warszawa - Białołęka Galeria Północna,11:20,2D,,regular,1.0,https://tickets.cinema-city.pl/api/order/1596587?lang=pl,2026-08-08T08:44:11.800296
2026-08-08,warszawa,Spider-Man: Całkiem nowy dzień,Warszawa - Białołęka Galeria Północna,11:20,3D,original,regular,1.0,https://tickets.cinema-city.pl/api/order/1615084?lang=pl,2026-08-08T08:44:11.800305
2026-08-08,warszawa,Gorzkie święta,Warszawa - Białołęka Galeria Północna,11:50,2D,original,regular,1.0,https://tickets.cinema-city.pl/api/order/1615421?lang=pl,2026-08-08T08:44:11.800313
2026-08-08,warszawa,Minionki i straszydła,Warszawa - Białołęka Galeria Północna,12:10,2D,,regular,1.0,https://tickets.cinema-city.pl/api/order/1614618?lang=pl,2026-08-08T08:44:11.800320
2026-08-08,warszawa,Spider-Man: Całkiem nowy dzień,Warszawa - Białołęka Galeria Północna,12:20,Dolby Atmos,original,regular,1.0,https://tickets.cinema-city.pl/api/order/1614072?lang=pl,2026-08-08T08:44:11.800329
2026-08-08,warszawa,Psi patrol i dinozaury,Warszawa - Białołęka Galeria Północna,12:30,2D,,regular,1.0,https://tickets.cinema-city.pl/api/order/1596568?lang=pl,2026-08-08T08:44:11.800336
2026-08-08,warszawa,Vaiana,Warszawa - Białołęka Galeria Północna,13:00,2D,original,regular,1.0,https://tickets.cinema-city.pl/api/order/1614835?lang=pl,2026-08-08T08:44:11.800344
2026-08-08,warszawa,Odyseja,Warszawa - Białołęka Galeria Północna,13:10,2D,original,regular,1.0,https://tickets.cinema-city.pl/api/order/1614672?lang=pl,2026-08-08T08:44:11.800352
2026-08-08,warszawa,Spider-Man: Całkiem nowy dzień ukraiński dubbing,Warszawa - Białołęka Galeria Północna,13:20,2D,dubbing,regular,1.0,https://tickets.cinema-city.pl/api/order/1615250?lang=pl,2026-08-08T08:44:11.800360
2026-08-08,warszawa,Psi patrol i dinozaury,Warszawa - Białołęka Galeria Północna,13:30,2D,,regular,1.0,https://tickets.cinema-city.pl/api/order/1596588?lang=pl,2026-08-08T08:44:11.800366
2026-08-08,warszawa,Spider-Man: Całkiem nowy dzień,Warszawa - Białołęka Galeria Północna,13:35,2D,original,regular,1.0,https://tickets.cinema-city.pl/api/order/1614457?lang=pl,2026-08-08T08:44:11.800396
2026-08-08,warszawa,Toy Story 5,Warszawa - Białołęka Galeria Północna,13:40,2D,original,regular,1.0,https://tickets.cinema-city.pl/api/order/1615314?lang=pl,2026-08-08T08:44:11.800404
2026-08-08,warszawa,Ice Cream Man,Warszawa - Białołęka Galeria Północna,14:10,2D,original,regular,1.0,https://tickets.cinema-city.pl/api/order/1615430?lang=pl,2026-08-08T08:44:11.800411
2026-08-08,warszawa,Minionki i straszydła,Warszawa - Białołęka Galeria Północna,14:20,2D,,regular,1.0,https://tickets.cinema-city.pl/api/order/1614621?lang=pl,2026-08-08T08:44:11.800418
2026-08-08,warszawa,Spider-Man: Całkiem nowy dzień,Warszawa - Białołęka Galeria Północna,14:30,3D,original,regular,1.0,https://tickets.cinema-city.pl/api/order/1615088?lang=pl,2026-08-08T08:44:11.800425
2026-08-08,warszawa,Psi patrol i dinozaury,Warszawa - Białołęka Galeria Północna,14:40,2D,,regular,1.0,https://tickets.cinema-city.pl/api/order/1596570?lang=pl,2026-08-08T08:44:11.800432
2026-08-08,warszawa,Spider-Man: Całkiem nowy dzień,Warszawa - Białołęka Galeria Północna,15:30,Dolby Atmos,original,regular,1.0,https://tickets.cinema-city.pl/api/order/1614079?lang=pl,2026-08-08T08:44:11.800440
2026-08-08,warszawa,Psi patrol i dinozaury,Warszawa - Białołęka Galeria Północna,15:40,2D,,regular,1.0,https://tickets.cinema-city.pl/api/order/1596593?lang=pl,2026-08-08T08:44:11.800447
2026-08-08,warszawa,Vaiana,Warszawa - Białołęka Galeria Północna,15:40,2D,original,regular,1.0,https://tickets.cinema-city.pl/api/order/1614840?lang=pl,2026-08-08T08:44:11.800454
2026-08-08,warszawa,Toy Story 5,Warszawa - Białołęka Galeria Północna,16:00,2D,original,regular,1.0,https://tickets.cinema-city.pl/api/order/1620318?lang=pl,2026-08-08T08:44:11.800462
2026-08-08,warszawa,Psi patrol i dinozaury ukraiński dubbing,Warszawa - Białołęka Galeria Północna,16:20,2D,dubbing,regular,1.0,https://tickets.cinema-city.pl/api/order/1596576?lang=pl,2026-08-08T08:44:11.800469
2026-08-08,warszawa,Minionki i straszydła,Warszawa - Białołęka Galeria Północna,16:30,2D,,regular,1.0,https://tickets.cinema-city.pl/api/order/1614624?lang=pl,2026-08-08T08:44:11.800476
2026-08-08,warszawa,Ice Cream Man,Warszawa - Białołęka Galeria Północna,16:40,2D,original,regular,1.0,https://tickets.cinema-city.pl/api/order/1615433?lang=pl,2026-08-08T08:44:11.800483
2026-08-08,warszawa,Spider-Man: Całkiem nowy dzień,Warszawa - Białołęka Galeria Północna,16:45,2D,original,regular,1.0,https://tickets.cinema-city.pl/api/order/1614464?lang=pl,2026-08-08T08:44:11.800490
2026-08-08,warszawa,Psi patrol i dinozaury,Warszawa - Białołęka Galeria Północna,16:50,2D,,regular,1.0,https://tickets.cinema-city.pl/api/order/1596572?lang=pl,2026-08-08T08:44:11.800496
2026-08-08,warszawa,Odyseja,Warszawa - Białołęka Galeria Północna,16:50,2D,original,regular,1.0,https://tickets.cinema-city.pl/api/order/1614795?lang=pl,2026-08-08T08:44:11.800503
2026-08-08,warszawa,Spider-Man: Całkiem nowy dzień,Warszawa - Białołęka Galeria Północna,17:40,3D,original,regular,1.0,https://tickets.cinema-city.pl/api/order/1615104?lang=pl,2026-08-08T08:44:11.800510
2026-08-08,warszawa,Psi patrol i dinozaury,Warszawa - Białołęka Galeria Północna,17:50,2D,,regular,1.0,https://tickets.cinema-city.pl/api/order/1596595?lang=pl,2026-08-08T08:44:11.800516
2026-08-08,warszawa,Pejzaż w kolorze sepii,Warszawa - Białołęka Galeria Północna,18:20,2D,original,regular,1.0,https://tickets.cinema-city.pl/api/order/1614867?lang=pl,2026-08-08T08:44:11.800523
2026-08-08,warszawa,Odyseja,Warszawa - Białołęka Galeria Północna,18:30,2D,original,regular,1.0,https://tickets.cinema-city.pl/api/order/1615360?lang=pl,2026-08-08T08:44:11.800530
2026-08-08,warszawa,Spider-Man: Całkiem nowy dzień,Warszawa - Białołęka Galeria Północna,18:40,Dolby Atmos,original,regular,1.0,https://tickets.cinema-city.pl/api/order/1614082?lang=pl,2026-08-08T08:44:11.800538
2026-08-08,warszawa,Tylko jedna noc,Warszawa - Białołęka Galeria Północna,18:45,2D,original,regular,1.0,https://tickets.cinema-city.pl/api/order/1615294?lang=pl,2026-08-08T08:44:11.800545
2026-08-08,warszawa,Spider-Man: Całkiem nowy dzień,Warszawa - Białołęka Galeria Północna,18:50,2D,original,regular,1.0,https://tickets.cinema-city.pl/api/order/1614630?lang=pl,2026-08-08T08:44:11.800552
2026-08-08,warszawa,Psi patrol i dinozaury,Warszawa - Białołęka Galeria Północna,19:00,2D,,regular,1.0,https://tickets.cinema-city.pl/api/order/1596574?lang=pl,2026-08-08T08:44:11.800558
2026-08-08,warszawa,Ice Cream Man,Warszawa - Białołęka Galeria Północna,19:10,2D,original,regular,1.0,https://tickets.cinema-city.pl/api/order/1615435?lang=pl,2026-08-08T08:44:11.800564
2026-08-08,warszawa,Władca Pierścieni: Dwie wieże (wersja rozszerzona),Warszawa - Białołęka Galeria Północna,20:00,2D,original,regular,1.0,https://tickets.cinema-city.pl/api/order/1568058?lang=pl,2026-08-08T08:44:11.800573
2026-08-08,warszawa,Psi patrol i dinozaury,Warszawa - Białołęka Galeria Północna,20:00,2D,,regular,1.0,https://tickets.cinema-city.pl/api/order/1596597?lang=pl,2026-08-08T08:44:11.800579
2026-08-08,warszawa,Odyseja,Warszawa - Białołęka Galeria Północna,20:30,2D,original,regular,1.0,https://tickets.cinema-city.pl/api/order/1614808?lang=pl,2026-08-08T08:44:11.800586
2026-08-08,warszawa,Spider-Man: Całkiem nowy dzień,Warszawa - Białołęka Galeria Północna,20:50,3D,original,regular,1.0,https://tickets.cinema-city.pl/api/order/1615108?lang=pl,2026-08-08T08:44:11.800593
2026-08-08,warszawa,Backrooms. Bez wyjścia - wersja rozszerzona,Warszawa - Białołęka Galeria Północna,21:10,2D,original,regular,1.0,https://tickets.cinema-city.pl/api/order/1615183?lang=pl,2026-08-08T08:44:11.800601
2026-08-08,warszawa,Odyseja,Warszawa - Białołęka Galeria Północna,21:20,2D,original,regular,1.0,https://tickets.cinema-city.pl/api/order/1614880?lang=pl,2026-08-08T08:44:11.800608
2026-08-08,warszawa,Odyseja ukraiński dubbing,Warszawa - Białołęka Galeria Północna,21:30,2D,dubbing,regular,1.0,https://tickets.cinema-city.pl/api/order/1615281?lang=pl,2026-08-08T08:44:11.800615
2026-08-08,warszawa,Ice Cream Man,Warszawa - Białołęka Galeria Północna,21:40,2D,original,regular,1.0,https://tickets.cinema-city.pl/api/order/1615440?lang=pl,2026-08-08T08:44:11.800621
2026-08-08,warszawa,Spider-Man: Całkiem nowy dzień,Warszawa - Białołęka Galeria Północna,21:50,Dolby Atmos,original,regular,1.0,https://tickets.cinema-city.pl/api/order/1614112?lang=pl,2026-08-08T08:44:11.800629
2026-08-08,warszawa,Spider-Man: Całkiem nowy dzień,Warszawa - Białołęka Galeria Północna,22:00,2D,original,regular,1.0,https://tickets.cinema-city.pl/api/order/1614636?lang=pl,2026-08-08T08:44:11.800636
2026-08-08,warszawa,Michael,Warszawa - Białołęka Galeria Północna,22:10,2D,original,regular,1.0,https://tickets.cinema-city.pl/api/order/1615367?lang=pl,2026-08-08T08:44:11.800644
2026-08-08,warszawa,Obsesja,Warszawa - Białołęka Galeria Północna,22:15,2D,original,regular,1.0,https://tickets.cinema-city.pl/api/order/1614365?lang=pl,2026-08-08T08:44:11.800651
2026-08-08,warszawa,Niesamowite przygody skarpetek 3. Ale ko,Warszawa - Janki,10:30,2D,,regular,1.0,https://tickets.cinema-city.pl/api/order/1613782?lang=pl,2026-08-08T08:44:13.427918
2026-08-08,warszawa,Spider-Man: Całkiem nowy dzień,Warszawa - Janki,10:40,2D,original,regular,1.0,https://tickets.cinema-city.pl/api/order/1612452?lang=pl,2026-08-08T08:44:13.427946
2026-08-08,warszawa,Spider-Man: Całkiem nowy dzień,Warszawa - Janki,11:10,3D,original,regular,1.0,https://tickets.cinema-city.pl/api/order/1613022?lang=pl,2026-08-08T08:44:13.427955
2026-08-08,warszawa,Psi patrol i dinozaury,Warszawa - Janki,11:20,2D,,regular,1.0,https://tickets.cinema-city.pl/api/order/1597788?lang=pl,2026-08-08T08:44:13.427963
2026-08-08,warszawa,Vaiana,Warszawa - Janki,11:30,2D,original,regular,1.0,https://tickets.cinema-city.pl/api/order/1614390?lang=pl,2026-08-08T08:44:13.427971
2026-08-08,warszawa,Góra mocy LEKTOR,Warszawa - Janki,11:40,2D,,regular,1.0,https://tickets.cinema-city.pl/api/order/1613921?lang=pl,2026-08-08T08:44:13.427979
2026-08-08,warszawa,Ekipa zwierzaków,Warszawa - Janki,11:50,2D,,regular,1.0,https://tickets.cinema-city.pl/api/order/1613506?lang=pl,2026-08-08T08:44:13.427987
2026-08-08,warszawa,Spider-Man: Całkiem nowy dzień,Warszawa - Janki,12:10,2D,original,regular,1.0,https://tickets.cinema-city.pl/api/order/1613758?lang=pl,2026-08-08T08:44:13.427995
2026-08-08,warszawa,Odyseja,Warszawa - Janki,12:20,2D,original,regular,1.0,https://tickets.cinema-city.pl/api/order/1612595?lang=pl,2026-08-08T08:44:13.428002
2026-08-08,warszawa,Toy Story 5,Warszawa - Janki,12:20,2D,original,regular,1.0,https://tickets.cinema-city.pl/api/order/1614301?lang=pl,2026-08-08T08:44:13.428011
2026-08-08,warszawa,Psi patrol i dinozaury,Warszawa - Janki,12:30,2D,,regular,1.0,https://tickets.cinema-city.pl/api/order/1597802?lang=pl,2026-08-08T08:44:13.428018
2026-08-08,warszawa,Psi patrol i dinozaury,Warszawa - Janki,13:30,2D,,regular,1.0,https://tickets.cinema-city.pl/api/order/1597790?lang=pl,2026-08-08T08:44:13.428024
2026-08-08,warszawa,Spider-Man: Całkiem nowy dzień,Warszawa - Janki,13:50,2D,original,regular,1.0,https://tickets.cinema-city.pl/api/order/1612458?lang=pl,2026-08-08T08:44:13.428032
2026-08-08,warszawa,Minionki i straszydła,Warszawa - Janki,13:50,2D,,regular,1.0,https://tickets.cinema-city.pl/api/order/1613927?lang=pl,2026-08-08T08:44:13.428039
2026-08-08,warszawa,Psi patrol i dinozaury ukraiński dubbing,Warszawa - Janki,14:00,2D,dubbing,regular,1.0,https://tickets.cinema-city.pl/api/order/1597798?lang=pl,2026-08-08T08:44:13.428047
2026-08-08,warszawa,Ice Cream Man,Warszawa - Janki,14:10,2D,original,regular,1.0,https://tickets.cinema-city.pl/api/order/1614366?lang=pl,2026-08-08T08:44:13.428054
2026-08-08,warszawa,Spider-Man: Całkiem nowy dzień,Warszawa - Janki,14:20,3D,original,regular,1.0,https://tickets.cinema-city.pl/api/order/1613028?lang=pl,2026-08-08T08:44:13.428061
2026-08-08,warszawa,Psi patrol i dinozaury,Warszawa - Janki,14:40,2D,,regular,1.0,https://tickets.cinema-city.pl/api/order/1597804?lang=pl,2026-08-08T08:44:13.428067
2026-08-08,warszawa,Toy Story 5,Warszawa - Janki,14:50,2D,original,regular,1.0,https://tickets.cinema-city.pl/api/order/1614307?lang=pl,2026-08-08T08:44:13.428075
2026-08-08,warszawa,Spider-Man: Całkiem nowy dzień,Warszawa - Janki,15:20,2D,original,regular,1.0,https://tickets.cinema-city.pl/api/order/1613764?lang=pl,2026-08-08T08:44:13.428082
2026-08-08,warszawa,Psi patrol i dinozaury,Warszawa - Janki,15:40,2D,,regular,1.0,https://tickets.cinema-city.pl/api/order/1597792?lang=pl,2026-08-08T08:44:13.428088
2026-08-08,warszawa,Odyseja,Warszawa - Janki,16:00,2D,original,regular,1.0,https://tickets.cinema-city.pl/api/order/1612601?lang=pl,2026-08-08T08:44:13.428094
2026-08-08,warszawa,Minionki i straszydła,Warszawa - Janki,16:00,2D,,regular,1.0,https://tickets.cinema-city.pl/api/order/1613933?lang=pl,2026-08-08T08:44:13.428101
2026-08-08,warszawa,Spider-Man: Całkiem nowy dzień ukraiński dubbing,Warszawa - Janki,16:15,2D,dubbing,regular,1.0,https://tickets.cinema-city.pl/api/order/1613500?lang=pl,2026-08-08T08:44:13.428108
2026-08-08,warszawa,Ice Cream Man,Warszawa - Janki,16:40,2D,original,regular,1.0,https://tickets.cinema-city.pl/api/order/1614372?lang=pl,2026-08-08T08:44:13.428115
2026-08-08,warszawa,Psi patrol i dinozaury,Warszawa - Janki,16:50,2D,,regular,1.0,https://tickets.cinema-city.pl/api/order/1597806?lang=pl,2026-08-08T08:44:13.428121
2026-08-08,warszawa,Spider-Man: Całkiem nowy dzień,Warszawa - Janki,17:00,2D,original,regular,1.0,https://tickets.cinema-city.pl/api/order/1612464?lang=pl,2026-08-08T08:44:13.428129
2026-08-08,warszawa,Odyseja,Warszawa - Janki,17:15,2D,original,regular,1.0,https://tickets.cinema-city.pl/api/order/1614289?lang=pl,2026-08-08T08:44:13.428135
2026-08-08,warszawa,Spider-Man: Całkiem nowy dzień,Warszawa - Janki,17:30,3D,original,regular,1.0,https://tickets.cinema-city.pl/api/order/1613034?lang=pl,2026-08-08T08:44:13.428142
2026-08-08,warszawa,Psi patrol i dinozaury,Warszawa - Janki,17:50,2D,,regular,1.0,https://tickets.cinema-city.pl/api/order/1597794?lang=pl,2026-08-08T08:44:13.428148
2026-08-08,warszawa,Minionki i straszydła,Warszawa - Janki,18:10,2D,,regular,1.0,https://tickets.cinema-city.pl/api/order/1613939?lang=pl,2026-08-08T08:44:13.428154
2026-08-08,warszawa,Spider-Man: Całkiem nowy dzień,Warszawa - Janki,18:30,2D,original,regular,1.0,https://tickets.cinema-city.pl/api/order/1613770?lang=pl,2026-08-08T08:44:13.428161
2026-08-08,warszawa,Psi patrol i dinozaury,Warszawa - Janki,19:00,2D,,regular,1.0,https://tickets.cinema-city.pl/api/order/1597808?lang=pl,2026-08-08T08:44:13.428167
2026-08-08,warszawa,Ice Cream Man,Warszawa - Janki,19:10,2D,original,regular,1.0,https://tickets.cinema-city.pl/api/order/1614378?lang=pl,2026-08-08T08:44:13.428173
2026-08-08,warszawa,Tylko jedna noc,Warszawa - Janki,19:25,2D,original,regular,1.0,https://tickets.cinema-city.pl/api/order/1613548?lang=pl,2026-08-08T08:44:13.428180
2026-08-08,warszawa,Odyseja,Warszawa - Janki,19:40,2D,original,regular,1.0,https://tickets.cinema-city.pl/api/order/1612607?lang=pl,2026-08-08T08:44:13.428187
2026-08-08,warszawa,Psi patrol i dinozaury,Warszawa - Janki,20:00,2D,,regular,1.0,https://tickets.cinema-city.pl/api/order/1597796?lang=pl,2026-08-08T08:44:13.428193
2026-08-08,warszawa,Spider-Man: Całkiem nowy dzień,Warszawa - Janki,20:10,2D,original,regular,1.0,https://tickets.cinema-city.pl/api/order/1612470?lang=pl,2026-08-08T08:44:13.428200
2026-08-08,warszawa,Zaproszenie,Warszawa - Janki,20:20,2D,original,regular,1.0,https://tickets.cinema-city.pl/api/order/1613979?lang=pl,2026-08-08T08:44:13.428208
2026-08-08,warszawa,Spider-Man: Całkiem nowy dzień,Warszawa - Janki,20:40,3D,original,regular,1.0,https://tickets.cinema-city.pl/api/order/1613040?lang=pl,2026-08-08T08:44:13.428214
2026-08-08,warszawa,Backrooms. Bez wyjścia - wersja rozszerzona,Warszawa - Janki,20:50,2D,original,regular,1.0,https://tickets.cinema-city.pl/api/order/1614283?lang=pl,2026-08-08T08:44:13.428222
2026-08-08,warszawa,Odyseja,Warszawa - Janki,21:10,2D,original,regular,1.0,https://tickets.cinema-city.pl/api/order/1613850?lang=pl,2026-08-08T08:44:13.428229
2026-08-08,warszawa,Spider-Man: Całkiem nowy dzień,Warszawa - Janki,21:40,2D,original,regular,1.0,https://tickets.cinema-city.pl/api/order/1613776?lang=pl,2026-08-08T08:44:13.428236
2026-08-08,warszawa,Ice Cream Man,Warszawa - Janki,21:40,2D,original,regular,1.0,https://tickets.cinema-city.pl/api/order/1614384?lang=pl,2026-08-08T08:44:13.428243
2026-08-08,warszawa,Obsesja,Warszawa - Janki,21:50,2D,original,regular,1.0,https://tickets.cinema-city.pl/api/order/1613550?lang=pl,2026-08-08T08:44:13.428249
2026-08-08,warszawa,Martwe zło: Ogień,Warszawa - Janki,22:10,2D,original,regular,1.0,https://tickets.cinema-city.pl/api/order/1612736?lang=pl,2026-08-08T08:44:13.428257
2026-08-08,warszawa,Minionki i straszydła,Warszawa - Mokotów,10:30,2D,,regular,1.0,https://tickets.cinema-city.pl/api/order/1620347?lang=pl,2026-08-08T08:44:15.129068
2026-08-08,warszawa,Spider-Man: Całkiem nowy dzień,Warszawa - Mokotów,10:30,ScreenX,original,regular,1.0,https://tickets.cinema-city.pl/api/order/1620506?lang=pl,2026-08-08T08:44:15.129092
2026-08-08,warszawa,Psi patrol i dinozaury,Warszawa - Mokotów,10:50,2D,,regular,1.0,https://tickets.cinema-city.pl/api/order/1597625?lang=pl,2026-08-08T08:44:15.129102
2026-08-08,warszawa,Spider-Man: Całkiem nowy dzień,Warszawa - Mokotów,11:00,2D,original,regular,1.0,https://tickets.cinema-city.pl/api/order/1620070?lang=pl,2026-08-08T08:44:15.129111
2026-08-08,warszawa,Minionki i straszydła,Warszawa - Mokotów,11:20,2D,,regular,1.0,https://tickets.cinema-city.pl/api/order/1620132?lang=pl,2026-08-08T08:44:15.129119
2026-08-08,warszawa,Vaiana,Warszawa - Mokotów,11:30,2D,original,regular,1.0,https://tickets.cinema-city.pl/api/order/1620319?lang=pl,2026-08-08T08:44:15.129127
2026-08-08,warszawa,Spider-Man: Całkiem nowy dzień,Warszawa - Mokotów,11:30,2D,original,regular,1.0,https://tickets.cinema-city.pl/api/order/1620467?lang=pl,2026-08-08T08:44:15.129135
2026-08-08,warszawa,Psi patrol i dinozaury,Warszawa - Mokotów,11:50,2D,,regular,1.0,https://tickets.cinema-city.pl/api/order/1597617?lang=pl,2026-08-08T08:44:15.129142
2026-08-08,warszawa,Zaproszenie,Warszawa - Mokotów,11:50,2D,original,regular,1.0,https://tickets.cinema-city.pl/api/order/1620102?lang=pl,2026-08-08T08:44:15.129150
2026-08-08,warszawa,Ice Cream Man,Warszawa - Mokotów,11:50,2D,original,regular,1.0,https://tickets.cinema-city.pl/api/order/1620561?lang=pl,2026-08-08T08:44:15.129157
2026-08-08,warszawa,Odyseja,Warszawa - Mokotów,12:00,2D,original,regular,1.0,https://tickets.cinema-city.pl/api/order/1620534?lang=pl,2026-08-08T08:44:15.129166
2026-08-08,warszawa,Toy Story 5,Warszawa - Mokotów,12:00,2D,original,regular,1.0,https://tickets.cinema-city.pl/api/order/1620594?lang=pl,2026-08-08T08:44:15.129175
2026-08-08,warszawa,Spider-Man: Całkiem nowy dzień,Warszawa - Mokotów,12:10,3D,original,regular,1.0,https://tickets.cinema-city.pl/api/order/1620290?lang=pl,2026-08-08T08:44:15.129182
2026-08-08,warszawa,Spider-Man: Całkiem nowy dzień,Warszawa - Mokotów,12:40,2D,original,regular,1.0,https://tickets.cinema-city.pl/api/order/1620426?lang=pl,2026-08-08T08:44:15.129189
2026-08-08,warszawa,Minionki i straszydła,Warszawa - Mokotów,12:50,2D,,regular,1.0,https://tickets.cinema-city.pl/api/order/1620348?lang=pl,2026-08-08T08:44:15.129196
2026-08-08,warszawa,Psi patrol i dinozaury,Warszawa - Mokotów,13:00,2D,,regular,1.0,https://tickets.cinema-city.pl/api/order/1597627?lang=pl,2026-08-08T08:44:15.129203
2026-08-08,warszawa,Minionki i straszydła,Warszawa - Mokotów,13:30,2D,,regular,1.0,https://tickets.cinema-city.pl/api/order/1620136?lang=pl,2026-08-08T08:44:15.129210
2026-08-08,warszawa,Spider-Man: Całkiem nowy dzień,Warszawa - Mokotów,13:40,ScreenX,original,regular,1.0,https://tickets.cinema-city.pl/api/order/1620507?lang=pl,2026-08-08T08:44:15.129217
2026-08-08,warszawa,Psi patrol i dinozaury,Warszawa - Mokotów,14:00,2D,,regular,1.0,https://tickets.cinema-city.pl/api/order/1597619?lang=pl,2026-08-08T08:44:15.129223
2026-08-08,warszawa,Spider-Man: Całkiem nowy dzień,Warszawa - Mokotów,14:10,2D,original,regular,1.0,https://tickets.cinema-city.pl/api/order/1620071?lang=pl,2026-08-08T08:44:15.129231
2026-08-08,warszawa,Odyseja,Warszawa - Mokotów,14:15,2D,original,regular,1.0,https://tickets.cinema-city.pl/api/order/1620322?lang=pl,2026-08-08T08:44:15.129238
2026-08-08,warszawa,Toy Story 5,Warszawa - Mokotów,14:20,2D,original,regular,1.0,https://tickets.cinema-city.pl/api/order/1620597?lang=pl,2026-08-08T08:44:15.129247
2026-08-08,warszawa,Psi patrol i dinozaury ukraiński dubbing,Warszawa - Mokotów,14:30,2D,dubbing,regular,1.0,https://tickets.cinema-city.pl/api/order/1597635?lang=pl,2026-08-08T08:44:15.129255
2026-08-08,warszawa,Zaproszenie,Warszawa - Mokotów,14:30,2D,original,regular,1.0,https://tickets.cinema-city.pl/api/order/1620108?lang=pl,2026-08-08T08:44:15.129262
2026-08-08,warszawa,Góra mocy,Warszawa - Mokotów,14:45,2D,original,regular,1.0,https://tickets.cinema-city.pl/api/order/1620469?lang=pl,2026-08-08T08:44:15.129271
2026-08-08,warszawa,Psi patrol i dinozaury,Warszawa - Mokotów,15:10,2D,,regular,1.0,https://tickets.cinema-city.pl/api/order/1597629?lang=pl,2026-08-08T08:44:15.129278
2026-08-08,warszawa,Minionki i straszydła,Warszawa - Mokotów,15:10,2D,,regular,1.0,https://tickets.cinema-city.pl/api/order/1620349?lang=pl,2026-08-08T08:44:15.129285
2026-08-08,warszawa,Spider-Man: Całkiem nowy dzień,Warszawa - Mokotów,15:20,3D,original,regular,1.0,https://tickets.cinema-city.pl/api/order/1620296?lang=pl,2026-08-08T08:44:15.129291
2026-08-08,warszawa,Minionki i straszydła,Warszawa - Mokotów,15:40,2D,,regular,1.0,https://tickets.cinema-city.pl/api/order/1620137?lang=pl,2026-08-08T08:44:15.129298
2026-08-08,warszawa,Odyseja,Warszawa - Mokotów,15:45,2D,original,regular,1.0,https://tickets.cinema-city.pl/api/order/1620536?lang=pl,2026-08-08T08:44:15.129305
2026-08-08,warszawa,Spider-Man: Całkiem nowy dzień,Warszawa - Mokotów,15:50,2D,original,regular,1.0,https://tickets.cinema-city.pl/api/order/1620428?lang=pl,2026-08-08T08:44:15.129313
2026-08-08,warszawa,Psi patrol i dinozaury,Warszawa - Mokotów,16:10,2D,,regular,1.0,https://tickets.cinema-city.pl/api/order/1597621?lang=pl,2026-08-08T08:44:15.129319
2026-08-08,warszawa,Toy Story 5,Warszawa - Mokotów,16:40,2D,original,regular,1.0,https://tickets.cinema-city.pl/api/order/1620600?lang=pl,2026-08-08T08:44:15.129327
2026-08-08,warszawa,Ice Cream Man,Warszawa - Mokotów,16:45,2D,original,regular,1.0,https://tickets.cinema-city.pl/api/order/1620562?lang=pl,2026-08-08T08:44:15.129334
2026-08-08,warszawa,Spider-Man: Całkiem nowy dzień,Warszawa - Mokotów,16:50,ScreenX,original,regular,1.0,https://tickets.cinema-city.pl/api/order/1620508?lang=pl,2026-08-08T08:44:15.129341
2026-08-08,warszawa,Umamusume: Pretty Derby - Beginning of a New Era,Warszawa - Mokotów,17:00,2D,original,regular,1.0,https://tickets.cinema-city.pl/api/order/1620471?lang=pl,2026-08-08T08:44:15.129348
2026-08-08,warszawa,Do utraty tchu (re-release),Warszawa - Mokotów,17:10,2D,original,regular,1.0,https://tickets.cinema-city.pl/api/order/1620114?lang=pl,2026-08-08T08:44:15.129357
2026-08-08,warszawa,Psi patrol i dinozaury,Warszawa - Mokotów,17:20,2D,,regular,1.0,https://tickets.cinema-city.pl/api/order/1597631?lang=pl,2026-08-08T08:44:15.129363
2026-08-08,warszawa,Spider-Man: Całkiem nowy dzień,Warszawa - Mokotów,17:20,2D,original,regular,1.0,https://tickets.cinema-city.pl/api/order/1620072?lang=pl,2026-08-08T08:44:15.129380
2026-08-08,warszawa,Tylko jedna noc,Warszawa - Mokotów,17:30,2D,original,regular,1.0,https://tickets.cinema-city.pl/api/order/1620751?lang=pl,2026-08-08T08:44:15.129388
2026-08-08,warszawa,Spider-Man: Całkiem nowy dzień ukraiński dubbing,Warszawa - Mokotów,17:45,2D,dubbing,regular,1.0,https://tickets.cinema-city.pl/api/order/1620138?lang=pl,2026-08-08T08:44:15.129396
2026-08-08,warszawa,Odyseja,Warszawa - Mokotów,18:00,2D,original,regular,1.0,https://tickets.cinema-city.pl/api/order/1620325?lang=pl,2026-08-08T08:44:15.129403
2026-08-08,warszawa,Psi patrol i dinozaury,Warszawa - Mokotów,18:20,2D,,regular,1.0,https://tickets.cinema-city.pl/api/order/1597623?lang=pl,2026-08-08T08:44:15.129410
2026-08-08,warszawa,Spider-Man: Całkiem nowy dzień,Warszawa - Mokotów,18:30,3D,original,regular,1.0,https://tickets.cinema-city.pl/api/order/1620302?lang=pl,2026-08-08T08:44:15.129417
2026-08-08,warszawa,Spider-Man: Całkiem nowy dzień,Warszawa - Mokotów,19:00,2D,original,regular,1.0,https://tickets.cinema-city.pl/api/order/1620430?lang=pl,2026-08-08T08:44:15.129424
2026-08-08,warszawa,Pejzaż w kolorze sepii,Warszawa - Mokotów,19:00,2D,original,regular,1.0,https://tickets.cinema-city.pl/api/order/1620603?lang=pl,2026-08-08T08:44:15.129432
2026-08-08,warszawa,Ice Cream Man,Warszawa - Mokotów,19:15,2D,original,regular,1.0,https://tickets.cinema-city.pl/api/order/1620563?lang=pl,2026-08-08T08:44:15.129438
2026-08-08,warszawa,Kandydaci śmierci,Warszawa - Mokotów,19:20,2D,original,regular,1.0,https://tickets.cinema-city.pl/api/order/1620120?lang=pl,2026-08-08T08:44:15.129447
2026-08-08,warszawa,Psi patrol i dinozaury,Warszawa - Mokotów,19:30,2D,,regular,1.0,https://tickets.cinema-city.pl/api/order/1597633?lang=pl,2026-08-08T08:44:15.129453
2026-08-08,warszawa,Thudakkam,Warszawa - Mokotów,19:30,2D,original,regular,1.0,https://tickets.cinema-city.pl/api/order/1620538?lang=pl,2026-08-08T08:44:15.129463
2026-08-08,warszawa,Backrooms. Bez wyjścia - wersja rozszerzona,Warszawa - Mokotów,19:40,2D,original,regular,1.0,https://tickets.cinema-city.pl/api/order/1620473?lang=pl,2026-08-08T08:44:15.129471
2026-08-08,warszawa,Władca Pierścieni: Dwie wieże (wersja rozszerzona),Warszawa - Mokotów,20:00,2D,original,regular,1.0,https://tickets.cinema-city.pl/api/order/1568149?lang=pl,2026-08-08T08:44:15.129481
2026-08-08,warszawa,Spider-Man: Całkiem nowy dzień,Warszawa - Mokotów,20:00,ScreenX,original,regular,1.0,https://tickets.cinema-city.pl/api/order/1620509?lang=pl,2026-08-08T08:44:15.129488
2026-08-08,warszawa,Spider-Man: Całkiem nowy dzień,Warszawa - Mokotów,20:30,2D,original,regular,1.0,https://tickets.cinema-city.pl/api/order/1620073?lang=pl,2026-08-08T08:44:15.129495
2026-08-08,warszawa,Gorzkie święta,Warszawa - Mokotów,20:50,2D,original,regular,1.0,https://tickets.cinema-city.pl/api/order/1620139?lang=pl,2026-08-08T08:44:15.129503
2026-08-08,warszawa,Spider-Man: Całkiem nowy dzień,Warszawa - Mokotów,20:50,2D,original,regular,1.0,https://tickets.cinema-city.pl/api/order/1620378?lang=pl,2026-08-08T08:44:15.129510
2026-08-08,warszawa,Odyseja ukraiński dubbing,Warszawa - Mokotów,21:40,2D,dubbing,regular,1.0,https://tickets.cinema-city.pl/api/order/1620308?lang=pl,2026-08-08T08:44:15.129518
2026-08-08,warszawa,Odyseja,Warszawa - Mokotów,21:45,2D,original,regular,1.0,https://tickets.cinema-city.pl/api/order/1620328?lang=pl,2026-08-08T08:44:15.129525
2026-08-08,warszawa,Ice Cream Man,Warszawa - Mokotów,21:45,2D,original,regular,1.0,https://tickets.cinema-city.pl/api/order/1620564?lang=pl,2026-08-08T08:44:15.129531
2026-08-08,warszawa,Spider-Man: Całkiem nowy dzień ukraiński dubbing,Warszawa - Mokotów,21:50,2D,dubbing,regular,1.0,https://tickets.cinema-city.pl/api/order/1620126?lang=pl,2026-08-08T08:44:15.129538
2026-08-08,warszawa,Zaproszenie,Warszawa - Mokotów,21:50,2D,original,regular,1.0,https://tickets.cinema-city.pl/api/order/1620436?lang=pl,2026-08-08T08:44:15.129545
2026-08-08,warszawa,Pejzaż w kolorze sepii,Warszawa - Mokotów,21:50,2D,original,regular,1.0,https://tickets.cinema-city.pl/api/order/1620606?lang=pl,2026-08-08T08:44:15.129552
2026-08-08,warszawa,Spider-Man: Całkiem nowy dzień,Warszawa - Mokotów,22:00,2D,original,regular,1.0,https://tickets.cinema-city.pl/api/order/1620432?lang=pl,2026-08-08T08:44:15.129559
2026-08-08,warszawa,Backrooms. Bez wyjścia - wersja rozszerzona,Warszawa - Mokotów,22:30,2D,original,regular,1.0,https://tickets.cinema-city.pl/api/order/1620475?lang=pl,2026-08-08T08:44:15.129566
2026-08-08,warszawa,Spider-Man: Całkiem nowy dzień,Warszawa - Promenada,10:40,2D,original,regular,1.0,https://tickets.cinema-city.pl/api/order/1612530?lang=pl,2026-08-08T08:44:16.718051
2026-08-08,warszawa,Ekipa zwierzaków,Warszawa - Promenada,11:00,2D,,regular,1.0,https://tickets.cinema-city.pl/api/order/1609208?lang=pl,2026-08-08T08:44:16.718073
2026-08-08,warszawa,Odyseja,Warszawa - Promenada,11:00,2D,original,regular,1.0,https://tickets.cinema-city.pl/api/order/1609426?lang=pl,2026-08-08T08:44:16.718083
2026-08-08,warszawa,Spider-Man: Całkiem nowy dzień,Warszawa - Promenada,11:10,3D,original,regular,1.0,https://tickets.cinema-city.pl/api/order/1610961?lang=pl,2026-08-08T08:44:16.718091
2026-08-08,warszawa,Psi patrol i dinozaury,Warszawa - Promenada,11:20,2D,,regular,1.0,https://tickets.cinema-city.pl/api/order/1596755?lang=pl,2026-08-08T08:44:16.718100
2026-08-08,warszawa,O czym sobie nie mówimy,Warszawa - Promenada,11:20,2D,original,regular,1.0,https://tickets.cinema-city.pl/api/order/1610292?lang=pl,2026-08-08T08:44:16.718108
2026-08-08,warszawa,Góra mocy LEKTOR,Warszawa - Promenada,11:30,2D,,regular,1.0,https://tickets.cinema-city.pl/api/order/1610523?lang=pl,2026-08-08T08:44:16.718116
2026-08-08,warszawa,Minionki i straszydła,Warszawa - Promenada,11:40,2D,,regular,1.0,https://tickets.cinema-city.pl/api/order/1609953?lang=pl,2026-08-08T08:44:16.718124
2026-08-08,warszawa,Vaiana,Warszawa - Promenada,11:50,2D,original,regular,1.0,https://tickets.cinema-city.pl/api/order/1610749?lang=pl,2026-08-08T08:44:16.718132
2026-08-08,warszawa,Spider-Man: Całkiem nowy dzień,Warszawa - Promenada,12:10,2D,original,regular,1.0,https://tickets.cinema-city.pl/api/order/1611393?lang=pl,2026-08-08T08:44:16.718140
2026-08-08,warszawa,Toy Story 5,Warszawa - Promenada,12:25,2D,original,regular,1.0,https://tickets.cinema-city.pl/api/order/1609557?lang=pl,2026-08-08T08:44:16.718149
2026-08-08,warszawa,Psi patrol i dinozaury,Warszawa - Promenada,12:30,2D,,regular,1.0,https://tickets.cinema-city.pl/api/order/1596767?lang=pl,2026-08-08T08:44:16.718156
2026-08-08,warszawa,Odyseja,Warszawa - Promenada,12:40,2D,original,regular,1.0,https://tickets.cinema-city.pl/api/order/1611789?lang=pl,2026-08-08T08:44:16.718163
2026-08-08,warszawa,Ekipa zwierzaków,Warszawa - Promenada,13:00,2D,,regular,1.0,https://tickets.cinema-city.pl/api/order/1609214?lang=pl,2026-08-08T08:44:16.718171
2026-08-08,warszawa,Psi patrol i dinozaury,Warszawa - Promenada,13:30,2D,,regular,1.0,https://tickets.cinema-city.pl/api/order/1596757?lang=pl,2026-08-08T08:44:16.718178
2026-08-08,warszawa,Zaproszenie,Warszawa - Promenada,13:40,2D,original,regular,1.0,https://tickets.cinema-city.pl/api/order/1610529?lang=pl,2026-08-08T08:44:16.718186
2026-08-08,warszawa,Minionki i straszydła,Warszawa - Promenada,13:50,2D,,regular,1.0,https://tickets.cinema-city.pl/api/order/1609959?lang=pl,2026-08-08T08:44:16.718193
2026-08-08,warszawa,Spider-Man: Całkiem nowy dzień,Warszawa - Promenada,13:50,2D,original,regular,1.0,https://tickets.cinema-city.pl/api/order/1612588?lang=pl,2026-08-08T08:44:16.718200
2026-08-08,warszawa,Ice Cream Man,Warszawa - Promenada,14:00,2D,original,regular,1.0,https://tickets.cinema-city.pl/api/order/1610298?lang=pl,2026-08-08T08:44:16.718208
2026-08-08,warszawa,Spider-Man: Całkiem nowy dzień,Warszawa - Promenada,14:20,3D,original,regular,1.0,https://tickets.cinema-city.pl/api/order/1610966?lang=pl,2026-08-08T08:44:16.718215
2026-08-08,warszawa,Vaiana,Warszawa - Promenada,14:30,2D,original,regular,1.0,https://tickets.cinema-city.pl/api/order/1610755?lang=pl,2026-08-08T08:44:16.718223
2026-08-08,warszawa,Psi patrol i dinozaury,Warszawa - Promenada,14:40,2D,,regular,1.0,https://tickets.cinema-city.pl/api/order/1596769?lang=pl,2026-08-08T08:44:16.718229
2026-08-08,warszawa,Odyseja,Warszawa - Promenada,14:40,2D,original,regular,1.0,https://tickets.cinema-city.pl/api/order/1609432?lang=pl,2026-08-08T08:44:16.718237
2026-08-08,warszawa,Ekipa zwierzaków,Warszawa - Promenada,14:50,2D,,regular,1.0,https://tickets.cinema-city.pl/api/order/1620801?lang=pl,2026-08-08T08:44:16.718243
2026-08-08,warszawa,Młody Waszyngton,Warszawa - Promenada,15:10,2D,original,regular,1.0,https://tickets.cinema-city.pl/api/order/1609220?lang=pl,2026-08-08T08:44:16.718252
2026-08-08,warszawa,Spider-Man: Całkiem nowy dzień,Warszawa - Promenada,15:20,2D,original,regular,1.0,https://tickets.cinema-city.pl/api/order/1611395?lang=pl,2026-08-08T08:44:16.718259
2026-08-08,warszawa,Psi patrol i dinozaury,Warszawa - Promenada,15:40,2D,,regular,1.0,https://tickets.cinema-city.pl/api/order/1596759?lang=pl,2026-08-08T08:44:16.718266
2026-08-08,warszawa,Minionki i straszydła,Warszawa - Promenada,16:00,2D,,regular,1.0,https://tickets.cinema-city.pl/api/order/1609965?lang=pl,2026-08-08T08:44:16.718273
2026-08-08,warszawa,Zaproszenie,Warszawa - Promenada,16:10,2D,original,regular,1.0,https://tickets.cinema-city.pl/api/order/1610535?lang=pl,2026-08-08T08:44:16.718279
2026-08-08,warszawa,Odyseja,Warszawa - Promenada,16:20,2D,original,regular,1.0,https://tickets.cinema-city.pl/api/order/1611823?lang=pl,2026-08-08T08:44:16.718286
2026-08-08,warszawa,Ice Cream Man,Warszawa - Promenada,16:30,2D,original,regular,1.0,https://tickets.cinema-city.pl/api/order/1610304?lang=pl,2026-08-08T08:44:16.718293
2026-08-08,warszawa,Psi patrol i dinozaury,Warszawa - Promenada,16:50,2D,,regular,1.0,https://tickets.cinema-city.pl/api/order/1596771?lang=pl,2026-08-08T08:44:16.718300
2026-08-08,warszawa,Spider-Man: Całkiem nowy dzień,Warszawa - Promenada,17:00,2D,original,regular,1.0,https://tickets.cinema-city.pl/api/order/1612592?lang=pl,2026-08-08T08:44:16.718307
2026-08-08,warszawa,Vaiana,Warszawa - Promenada,17:10,2D,original,regular,1.0,https://tickets.cinema-city.pl/api/order/1610761?lang=pl,2026-08-08T08:44:16.718314
2026-08-08,warszawa,Toy Story 5,Warszawa - Promenada,17:15,2D,original,regular,1.0,https://tickets.cinema-city.pl/api/order/1609570?lang=pl,2026-08-08T08:44:16.718323
2026-08-08,warszawa,Spider-Man: Całkiem nowy dzień,Warszawa - Promenada,17:30,3D,original,regular,1.0,https://tickets.cinema-city.pl/api/order/1610971?lang=pl,2026-08-08T08:44:16.718330
2026-08-08,warszawa,Psi patrol i dinozaury,Warszawa - Promenada,17:50,2D,,regular,1.0,https://tickets.cinema-city.pl/api/order/1596761?lang=pl,2026-08-08T08:44:16.718336
2026-08-08,warszawa,Kandydaci śmierci,Warszawa - Promenada,18:00,2D,original,regular,1.0,https://tickets.cinema-city.pl/api/order/1609226?lang=pl,2026-08-08T08:44:16.718344
2026-08-08,warszawa,Minionki i straszydła,Warszawa - Promenada,18:10,2D,,regular,1.0,https://tickets.cinema-city.pl/api/order/1609971?lang=pl,2026-08-08T08:44:16.718351
2026-08-08,warszawa,Odyseja,Warszawa - Promenada,18:20,2D,original,regular,1.0,https://tickets.cinema-city.pl/api/order/1609438?lang=pl,2026-08-08T08:44:16.718358
2026-08-08,warszawa,Spider-Man: Całkiem nowy dzień,Warszawa - Promenada,18:30,2D,original,regular,1.0,https://tickets.cinema-city.pl/api/order/1611456?lang=pl,2026-08-08T08:44:16.718365
2026-08-08,warszawa,Zaproszenie,Warszawa - Promenada,18:40,2D,original,regular,1.0,https://tickets.cinema-city.pl/api/order/1610541?lang=pl,2026-08-08T08:44:16.718382
2026-08-08,warszawa,Psi patrol i dinozaury,Warszawa - Promenada,19:00,2D,,regular,1.0,https://tickets.cinema-city.pl/api/order/1596773?lang=pl,2026-08-08T08:44:16.718389
2026-08-08,warszawa,Ice Cream Man,Warszawa - Promenada,19:00,2D,original,regular,1.0,https://tickets.cinema-city.pl/api/order/1610310?lang=pl,2026-08-08T08:44:16.718396
2026-08-08,warszawa,Tylko jedna noc,Warszawa - Promenada,19:40,2D,original,regular,1.0,https://tickets.cinema-city.pl/api/order/1609778?lang=pl,2026-08-08T08:44:16.718403
2026-08-08,warszawa,Pejzaż w kolorze sepii,Warszawa - Promenada,19:50,2D,original,regular,1.0,https://tickets.cinema-city.pl/api/order/1610767?lang=pl,2026-08-08T08:44:16.718411
2026-08-08,warszawa,Władca Pierścieni: Dwie wieże (wersja rozszerzona),Warszawa - Promenada,20:00,2D,original,regular,1.0,https://tickets.cinema-city.pl/api/order/1568091?lang=pl,2026-08-08T08:44:16.718420
2026-08-08,warszawa,Psi patrol i dinozaury,Warszawa - Promenada,20:00,2D,,regular,1.0,https://tickets.cinema-city.pl/api/order/1596763?lang=pl,2026-08-08T08:44:16.718426
2026-08-08,warszawa,Spider-Man: Całkiem nowy dzień,Warszawa - Promenada,20:10,2D,original,regular,1.0,https://tickets.cinema-city.pl/api/order/1612621?lang=pl,2026-08-08T08:44:16.718434
2026-08-08,warszawa,Gorzkie święta,Warszawa - Promenada,20:20,2D,original,regular,1.0,https://tickets.cinema-city.pl/api/order/1609232?lang=pl,2026-08-08T08:44:16.718441
2026-08-08,warszawa,Odyseja,Warszawa - Promenada,20:20,2D,original,regular,1.0,https://tickets.cinema-city.pl/api/order/1609997?lang=pl,2026-08-08T08:44:16.718448
2026-08-08,warszawa,Spider-Man: Całkiem nowy dzień,Warszawa - Promenada,20:40,3D,original,regular,1.0,https://tickets.cinema-city.pl/api/order/1610976?lang=pl,2026-08-08T08:44:16.718454
2026-08-08,warszawa,Zaproszenie,Warszawa - Promenada,21:10,2D,original,regular,1.0,https://tickets.cinema-city.pl/api/order/1610547?lang=pl,2026-08-08T08:44:16.718461
2026-08-08,warszawa,Obsesja,Warszawa - Promenada,21:10,2D,original,regular,1.0,https://tickets.cinema-city.pl/api/order/1612393?lang=pl,2026-08-08T08:44:16.718468
2026-08-08,warszawa,Ice Cream Man,Warszawa - Promenada,21:30,2D,original,regular,1.0,https://tickets.cinema-city.pl/api/order/1610316?lang=pl,2026-08-08T08:44:16.718474
2026-08-08,warszawa,Spider-Man: Całkiem nowy dzień,Warszawa - Promenada,21:40,2D,original,regular,1.0,https://tickets.cinema-city.pl/api/order/1611463?lang=pl,2026-08-08T08:44:16.718482
2026-08-08,warszawa,Martwe zło: Ogień,Warszawa - Promenada,22:00,2D,original,regular,1.0,https://tickets.cinema-city.pl/api/order/1609444?lang=pl,2026-08-08T08:44:16.718489
2026-08-08,warszawa,Backrooms. Bez wyjścia - wersja rozszerzona,Warszawa - Promenada,22:10,2D,original,regular,1.0,https://tickets.cinema-city.pl/api/order/1609576?lang=pl,2026-08-08T08:44:16.718497
2026-08-08,warszawa,Młody Waszyngton,Warszawa - Promenada,22:15,2D,original,regular,1.0,https://tickets.cinema-city.pl/api/order/1609295?lang=pl,2026-08-08T08:44:16.718505
2026-08-08,warszawa,Odyseja,Warszawa - Sadyba,10:30,IMAX,original,regular,1.0,https://tickets.cinema-city.pl/api/order/1608891?lang=pl,2026-08-08T08:44:18.369325
2026-08-08,warszawa,Minionki i straszydła,Warszawa - Sadyba,10:30,2D,,regular,1.0,https://tickets.cinema-city.pl/api/order/1616102?lang=pl,2026-08-08T08:44:18.369350
2026-08-08,warszawa,Spider-Man: Całkiem nowy dzień,Warszawa - Sadyba,10:30,2D,original,regular,1.0,https://tickets.cinema-city.pl/api/order/1618495?lang=pl,2026-08-08T08:44:18.369362
2026-08-08,warszawa,Vaiana,Warszawa - Sadyba,10:40,2D,original,regular,1.0,https://tickets.cinema-city.pl/api/order/1618194?lang=pl,2026-08-08T08:44:18.369394
2026-08-08,warszawa,Minionki i straszydła,Warszawa - Sadyba,11:00,2D,,regular,1.0,https://tickets.cinema-city.pl/api/order/1616928?lang=pl,2026-08-08T08:44:18.369402
2026-08-08,warszawa,Toy Story 5,Warszawa - Sadyba,11:15,2D,original,regular,1.0,https://tickets.cinema-city.pl/api/order/1617103?lang=pl,2026-08-08T08:44:18.369411
2026-08-08,warszawa,Psi patrol i dinozaury,Warszawa - Sadyba,11:20,2D,,regular,1.0,https://tickets.cinema-city.pl/api/order/1596869?lang=pl,2026-08-08T08:44:18.369418
2026-08-08,warszawa,Odyseja,Warszawa - Sadyba,11:30,2D,original,regular,1.0,https://tickets.cinema-city.pl/api/order/1617636?lang=pl,2026-08-08T08:44:18.369425
2026-08-08,warszawa,Vaiana,Warszawa - Sadyba,11:50,2D,original,regular,1.0,https://tickets.cinema-city.pl/api/order/1616519?lang=pl,2026-08-08T08:44:18.369432
2026-08-08,warszawa,Spider-Man: Całkiem nowy dzień,Warszawa - Sadyba,12:10,2D,original,regular,1.0,https://tickets.cinema-city.pl/api/order/1617963?lang=pl,2026-08-08T08:44:18.369440
2026-08-08,warszawa,Psi patrol i dinozaury,Warszawa - Sadyba,12:30,2D,,regular,1.0,https://tickets.cinema-city.pl/api/order/1596881?lang=pl,2026-08-08T08:44:18.369447
2026-08-08,warszawa,Minionki i straszydła,Warszawa - Sadyba,12:40,2D,,regular,1.0,https://tickets.cinema-city.pl/api/order/1616109?lang=pl,2026-08-08T08:44:18.369454
2026-08-08,warszawa,Minionki i straszydła,Warszawa - Sadyba,13:10,2D,,regular,1.0,https://tickets.cinema-city.pl/api/order/1616935?lang=pl,2026-08-08T08:44:18.369461
2026-08-08,warszawa,Spider-Man: Całkiem nowy dzień,Warszawa - Sadyba,13:20,2D,original,regular,1.0,https://tickets.cinema-city.pl/api/order/1617451?lang=pl,2026-08-08T08:44:18.369468
2026-08-08,warszawa,Ice Cream Man,Warszawa - Sadyba,13:20,2D,original,regular,1.0,https://tickets.cinema-city.pl/api/order/1618170?lang=pl,2026-08-08T08:44:18.369475
2026-08-08,warszawa,Psi patrol i dinozaury,Warszawa - Sadyba,13:30,2D,,regular,1.0,https://tickets.cinema-city.pl/api/order/1596871?lang=pl,2026-08-08T08:44:18.369482
2026-08-08,warszawa,Spider-Man: Całkiem nowy dzień,Warszawa - Sadyba,13:40,2D,original,regular,1.0,https://tickets.cinema-city.pl/api/order/1618503?lang=pl,2026-08-08T08:44:18.369490
2026-08-08,warszawa,Toy Story 5,Warszawa - Sadyba,13:45,2D,original,regular,1.0,https://tickets.cinema-city.pl/api/order/1617109?lang=pl,2026-08-08T08:44:18.369497
2026-08-08,warszawa,Odyseja,Warszawa - Sadyba,13:45,2D,original,regular,1.0,https://tickets.cinema-city.pl/api/order/1618102?lang=pl,2026-08-08T08:44:18.369504
2026-08-08,warszawa,Odyseja,Warszawa - Sadyba,14:15,IMAX,original,regular,1.0,https://tickets.cinema-city.pl/api/order/1608898?lang=pl,2026-08-08T08:44:18.369509
2026-08-08,warszawa,Spider-Man: Całkiem nowy dzień,Warszawa - Sadyba,14:30,3D,original,regular,1.0,https://tickets.cinema-city.pl/api/order/1616501?lang=pl,2026-08-08T08:44:18.369516
2026-08-08,warszawa,Psi patrol i dinozaury,Warszawa - Sadyba,14:40,2D,,regular,1.0,https://tickets.cinema-city.pl/api/order/1596883?lang=pl,2026-08-08T08:44:18.369523
2026-08-08,warszawa,Minionki i straszydła,Warszawa - Sadyba,14:50,2D,,regular,1.0,https://tickets.cinema-city.pl/api/order/1616115?lang=pl,2026-08-08T08:44:18.369529
2026-08-08,warszawa,Odyseja,Warszawa - Sadyba,15:15,2D,original,regular,1.0,https://tickets.cinema-city.pl/api/order/1617642?lang=pl,2026-08-08T08:44:18.369536
2026-08-08,warszawa,Minionki i straszydła,Warszawa - Sadyba,15:20,2D,,regular,1.0,https://tickets.cinema-city.pl/api/order/1616941?lang=pl,2026-08-08T08:44:18.369543
2026-08-08,warszawa,Spider-Man: Całkiem nowy dzień,Warszawa - Sadyba,15:20,2D,original,regular,1.0,https://tickets.cinema-city.pl/api/order/1617969?lang=pl,2026-08-08T08:44:18.369550
2026-08-08,warszawa,Psi patrol i dinozaury,Warszawa - Sadyba,15:40,2D,,regular,1.0,https://tickets.cinema-city.pl/api/order/1596873?lang=pl,2026-08-08T08:44:18.369556
2026-08-08,warszawa,Ice Cream Man,Warszawa - Sadyba,15:50,2D,original,regular,1.0,https://tickets.cinema-city.pl/api/order/1618176?lang=pl,2026-08-08T08:44:18.369562
2026-08-08,warszawa,Vaiana,Warszawa - Sadyba,16:10,2D,original,regular,1.0,https://tickets.cinema-city.pl/api/order/1617091?lang=pl,2026-08-08T08:44:18.369569
2026-08-08,warszawa,Spider-Man: Całkiem nowy dzień,Warszawa - Sadyba,16:30,2D,original,regular,1.0,https://tickets.cinema-city.pl/api/order/1617457?lang=pl,2026-08-08T08:44:18.369576
2026-08-08,warszawa,Psi patrol i dinozaury,Warszawa - Sadyba,16:50,2D,,regular,1.0,https://tickets.cinema-city.pl/api/order/1596885?lang=pl,2026-08-08T08:44:18.369583
2026-08-08,warszawa,Spider-Man: Całkiem nowy dzień,Warszawa - Sadyba,16:50,2D,original,regular,1.0,https://tickets.cinema-city.pl/api/order/1618510?lang=pl,2026-08-08T08:44:18.369591
2026-08-08,warszawa,Minionki i straszydła,Warszawa - Sadyba,17:00,2D,,regular,1.0,https://tickets.cinema-city.pl/api/order/1616121?lang=pl,2026-08-08T08:44:18.369597
2026-08-08,warszawa,Spider-Man: Całkiem nowy dzień,Warszawa - Sadyba,17:25,2D,original,regular,1.0,https://tickets.cinema-city.pl/api/order/1616916?lang=pl,2026-08-08T08:44:18.369604
2026-08-08,warszawa,Odyseja,Warszawa - Sadyba,17:30,2D,original,regular,1.0,https://tickets.cinema-city.pl/api/order/1618108?lang=pl,2026-08-08T08:44:18.369611
2026-08-08,warszawa,Spider-Man: Całkiem nowy dzień,Warszawa - Sadyba,17:40,3D,original,regular,1.0,https://tickets.cinema-city.pl/api/order/1616507?lang=pl,2026-08-08T08:44:18.369618
2026-08-08,warszawa,Psi patrol i dinozaury,Warszawa - Sadyba,17:50,2D,,regular,1.0,https://tickets.cinema-city.pl/api/order/1596875?lang=pl,2026-08-08T08:44:18.369624
2026-08-08,warszawa,Odyseja,Warszawa - Sadyba,18:00,IMAX,original,regular,1.0,https://tickets.cinema-city.pl/api/order/1608905?lang=pl,2026-08-08T08:44:18.369629
2026-08-08,warszawa,Ice Cream Man,Warszawa - Sadyba,18:20,2D,original,regular,1.0,https://tickets.cinema-city.pl/api/order/1618182?lang=pl,2026-08-08T08:44:18.369635
2026-08-08,warszawa,Spider-Man: Całkiem nowy dzień,Warszawa - Sadyba,18:30,2D,original,regular,1.0,https://tickets.cinema-city.pl/api/order/1617975?lang=pl,2026-08-08T08:44:18.369642
2026-08-08,warszawa,Backrooms. Bez wyjścia - wersja rozszerzona,Warszawa - Sadyba,18:40,2D,original,regular,1.0,https://tickets.cinema-city.pl/api/order/1617085?lang=pl,2026-08-08T08:44:18.369651
2026-08-08,warszawa,Tylko jedna noc,Warszawa - Sadyba,19:00,2D,original,regular,1.0,https://tickets.cinema-city.pl/api/order/1617855?lang=pl,2026-08-08T08:44:18.369658
2026-08-08,warszawa,Spider-Man: Całkiem nowy dzień,Warszawa - Sadyba,19:00,2D,original,regular,1.0,https://tickets.cinema-city.pl/api/order/1620774?lang=pl,2026-08-08T08:44:18.369665
2026-08-08,warszawa,Pejzaż w kolorze sepii,Warszawa - Sadyba,19:15,2D,original,regular,1.0,https://tickets.cinema-city.pl/api/order/1616090?lang=pl,2026-08-08T08:44:18.369672
2026-08-08,warszawa,Gorzkie święta,Warszawa - Sadyba,19:45,2D,original,regular,1.0,https://tickets.cinema-city.pl/api/order/1617439?lang=pl,2026-08-08T08:44:18.369680
2026-08-08,warszawa,Psi patrol i dinozaury,Warszawa - Sadyba,20:00,2D,,regular,1.0,https://tickets.cinema-city.pl/api/order/1596877?lang=pl,2026-08-08T08:44:18.369686
2026-08-08,warszawa,Spider-Man: Całkiem nowy dzień,Warszawa - Sadyba,20:00,2D,original,regular,1.0,https://tickets.cinema-city.pl/api/order/1618521?lang=pl,2026-08-08T08:44:18.369693
2026-08-08,warszawa,Spider-Man: Całkiem nowy dzień,Warszawa - Sadyba,20:30,2D,original,regular,1.0,https://tickets.cinema-city.pl/api/order/1616922?lang=pl,2026-08-08T08:44:18.369700
2026-08-08,warszawa,Spider-Man: Całkiem nowy dzień,Warszawa - Sadyba,20:45,2D,original,regular,1.0,https://tickets.cinema-city.pl/api/order/1616513?lang=pl,2026-08-08T08:44:18.369707
2026-08-08,warszawa,Ice Cream Man,Warszawa - Sadyba,20:50,2D,original,regular,1.0,https://tickets.cinema-city.pl/api/order/1618188?lang=pl,2026-08-08T08:44:18.369714
2026-08-08,warszawa,Odyseja,Warszawa - Sadyba,21:15,2D,original,regular,1.0,https://tickets.cinema-city.pl/api/order/1618114?lang=pl,2026-08-08T08:44:18.369720
2026-08-08,warszawa,Zaproszenie,Warszawa - Sadyba,21:20,2D,original,regular,1.0,https://tickets.cinema-city.pl/api/order/1617648?lang=pl,2026-08-08T08:44:18.369727
2026-08-08,warszawa,Backrooms. Bez wyjścia,Warszawa - Sadyba,21:30,2D,original,regular,1.0,https://tickets.cinema-city.pl/api/order/1617097?lang=pl,2026-08-08T08:44:18.369735
2026-08-08,warszawa,Spider-Man: Całkiem nowy dzień,Warszawa - Sadyba,21:40,2D,original,regular,1.0,https://tickets.cinema-city.pl/api/order/1617981?lang=pl,2026-08-08T08:44:18.369742
2026-08-08,warszawa,Odyseja,Warszawa - Sadyba,21:45,IMAX,original,regular,1.0,https://tickets.cinema-city.pl/api/order/1608912?lang=pl,2026-08-08T08:44:18.369747
2026-08-08,warszawa,Martwe zło: Ogień,Warszawa - Sadyba,22:00,2D,original,regular,1.0,https://tickets.cinema-city.pl/api/order/1616096?lang=pl,2026-08-08T08:44:18.369754
2026-08-08,warszawa,Obsesja,Warszawa - Sadyba,22:00,2D,original,regular,1.0,https://tickets.cinema-city.pl/api/order/1618276?lang=pl,2026-08-08T08:44:18.369761
2026-08-08,wrocław,Minionki i straszydła,Wrocław - Korona,10:30,2D,,regular,1.0,https://tickets.cinema-city.pl/api/order/1609822?lang=pl,2026-08-08T08:44:19.977908
2026-08-08,wrocław,Toy Story 5,Wrocław - Korona,10:30,2D,original,regular,1.0,https://tickets.cinema-city.pl/api/order/1613756?lang=pl,2026-08-08T08:44:19.977933
2026-08-08,wrocław,Vaiana,Wrocław - Korona,10:40,2D,original,regular,1.0,https://tickets.cinema-city.pl/api/order/1612040?lang=pl,2026-08-08T08:44:19.977942
2026-08-08,wrocław,Minionki i straszydła,Wrocław - Korona,11:00,2D,,regular,1.0,https://tickets.cinema-city.pl/api/order/1612993?lang=pl,2026-08-08T08:44:19.977950
2026-08-08,wrocław,Spider-Man: Całkiem nowy dzień,Wrocław - Korona,11:00,Dolby Atmos,original,regular,1.0,https://tickets.cinema-city.pl/api/order/1614018?lang=pl,2026-08-08T08:44:19.977960
2026-08-08,wrocław,Psi patrol i dinozaury,Wrocław - Korona,11:20,2D,,regular,1.0,https://tickets.cinema-city.pl/api/order/1597078?lang=pl,2026-08-08T08:44:19.977968
2026-08-08,wrocław,Vaiana,Wrocław - Korona,12:20,2D,original,regular,1.0,https://tickets.cinema-city.pl/api/order/1610928?lang=pl,2026-08-08T08:44:19.977975
2026-08-08,wrocław,Psi patrol i dinozaury,Wrocław - Korona,12:30,2D,,regular,1.0,https://tickets.cinema-city.pl/api/order/1597108?lang=pl,2026-08-08T08:44:19.977982
2026-08-08,wrocław,Odyseja,Wrocław - Korona,12:40,2D,original,regular,1.0,https://tickets.cinema-city.pl/api/order/1609834?lang=pl,2026-08-08T08:44:19.977989
2026-08-08,wrocław,Spider-Man: Całkiem nowy dzień,Wrocław - Korona,12:50,2D,original,regular,1.0,https://tickets.cinema-city.pl/api/order/1613822?lang=pl,2026-08-08T08:44:19.977997
2026-08-08,wrocław,Spider-Man: Całkiem nowy dzień,Wrocław - Korona,13:10,ScreenX,original,regular,1.0,https://tickets.cinema-city.pl/api/order/1609529?lang=pl,2026-08-08T08:44:19.978003
2026-08-08,wrocław,Minionki i straszydła,Wrocław - Korona,13:10,2D,,regular,1.0,https://tickets.cinema-city.pl/api/order/1612999?lang=pl,2026-08-08T08:44:19.978010
2026-08-08,wrocław,Toy Story 5,Wrocław - Korona,13:20,2D,original,regular,1.0,https://tickets.cinema-city.pl/api/order/1612046?lang=pl,2026-08-08T08:44:19.978018
2026-08-08,wrocław,Psi patrol i dinozaury,Wrocław - Korona,13:30,2D,,regular,1.0,https://tickets.cinema-city.pl/api/order/1597079?lang=pl,2026-08-08T08:44:19.978024
2026-08-08,wrocław,Spider-Man: Całkiem nowy dzień,Wrocław - Korona,14:10,Dolby Atmos,original,regular,1.0,https://tickets.cinema-city.pl/api/order/1614589?lang=pl,2026-08-08T08:44:19.978032
2026-08-08,wrocław,Psi patrol i dinozaury,Wrocław - Korona,14:40,2D,,regular,1.0,https://tickets.cinema-city.pl/api/order/1597109?lang=pl,2026-08-08T08:44:19.978038
2026-08-08,wrocław,Spider-Man: Całkiem nowy dzień,Wrocław - Korona,15:00,3D,original,regular,1.0,https://tickets.cinema-city.pl/api/order/1610909?lang=pl,2026-08-08T08:44:19.978044
2026-08-08,wrocław,Minionki i straszydła,Wrocław - Korona,15:30,2D,,regular,1.0,https://tickets.cinema-city.pl/api/order/1613005?lang=pl,2026-08-08T08:44:19.978051
2026-08-08,wrocław,Psi patrol i dinozaury,Wrocław - Korona,15:40,2D,,regular,1.0,https://tickets.cinema-city.pl/api/order/1597081?lang=pl,2026-08-08T08:44:19.978057
2026-08-08,wrocław,Ice Cream Man,Wrocław - Korona,15:50,2D,original,regular,1.0,https://tickets.cinema-city.pl/api/order/1612052?lang=pl,2026-08-08T08:44:19.978064
2026-08-08,wrocław,Spider-Man: Całkiem nowy dzień,Wrocław - Korona,16:00,2D,original,regular,1.0,https://tickets.cinema-city.pl/api/order/1613861?lang=pl,2026-08-08T08:44:19.978071
2026-08-08,wrocław,Spider-Man: Całkiem nowy dzień,Wrocław - Korona,16:20,ScreenX,original,regular,1.0,https://tickets.cinema-city.pl/api/order/1609550?lang=pl,2026-08-08T08:44:19.978077
2026-08-08,wrocław,Odyseja,Wrocław - Korona,16:20,2D,original,regular,1.0,https://tickets.cinema-city.pl/api/order/1609885?lang=pl,2026-08-08T08:44:19.978084
2026-08-08,wrocław,Psi patrol i dinozaury,Wrocław - Korona,16:50,2D,,regular,1.0,https://tickets.cinema-city.pl/api/order/1597110?lang=pl,2026-08-08T08:44:19.978090
2026-08-08,wrocław,Spider-Man: Całkiem nowy dzień,Wrocław - Korona,17:20,Dolby Atmos,original,regular,1.0,https://tickets.cinema-city.pl/api/order/1614626?lang=pl,2026-08-08T08:44:19.978098
2026-08-08,wrocław,Zaproszenie,Wrocław - Korona,17:40,2D,original,regular,1.0,https://tickets.cinema-city.pl/api/order/1613011?lang=pl,2026-08-08T08:44:19.978105
2026-08-08,wrocław,Psi patrol i dinozaury,Wrocław - Korona,17:50,2D,,regular,1.0,https://tickets.cinema-city.pl/api/order/1597083?lang=pl,2026-08-08T08:44:19.978111
2026-08-08,wrocław,Spider-Man: Całkiem nowy dzień,Wrocław - Korona,18:10,3D,original,regular,1.0,https://tickets.cinema-city.pl/api/order/1610916?lang=pl,2026-08-08T08:44:19.978117
2026-08-08,wrocław,Ice Cream Man,Wrocław - Korona,18:20,2D,original,regular,1.0,https://tickets.cinema-city.pl/api/order/1612058?lang=pl,2026-08-08T08:44:19.978124
2026-08-08,wrocław,Psi patrol i dinozaury,Wrocław - Korona,19:00,2D,,regular,1.0,https://tickets.cinema-city.pl/api/order/1597112?lang=pl,2026-08-08T08:44:19.978130
2026-08-08,wrocław,Spider-Man: Całkiem nowy dzień,Wrocław - Korona,19:10,2D,original,regular,1.0,https://tickets.cinema-city.pl/api/order/1613868?lang=pl,2026-08-08T08:44:19.978137
2026-08-08,wrocław,Spider-Man: Całkiem nowy dzień,Wrocław - Korona,19:30,ScreenX,original,regular,1.0,https://tickets.cinema-city.pl/api/order/1609594?lang=pl,2026-08-08T08:44:19.978143
2026-08-08,wrocław,Władca Pierścieni: Dwie wieże (wersja rozszerzona),Wrocław - Korona,20:00,2D,original,regular,1.0,https://tickets.cinema-city.pl/api/order/1568081?lang=pl,2026-08-08T08:44:19.978151
2026-08-08,wrocław,Odyseja,Wrocław - Korona,20:00,2D,original,regular,1.0,https://tickets.cinema-city.pl/api/order/1615068?lang=pl,2026-08-08T08:44:19.978158
2026-08-08,wrocław,Tylko jedna noc,Wrocław - Korona,20:15,2D,original,regular,1.0,https://tickets.cinema-city.pl/api/order/1620816?lang=pl,2026-08-08T08:44:19.978165
2026-08-08,wrocław,Spider-Man: Całkiem nowy dzień,Wrocław - Korona,20:30,Dolby Atmos,original,regular,1.0,https://tickets.cinema-city.pl/api/order/1614669?lang=pl,2026-08-08T08:44:19.978172
2026-08-08,wrocław,Ice Cream Man,Wrocław - Korona,20:50,2D,original,regular,1.0,https://tickets.cinema-city.pl/api/order/1612064?lang=pl,2026-08-08T08:44:19.978179
2026-08-08,wrocław,Obsesja,Wrocław - Korona,21:10,2D,original,regular,1.0,https://tickets.cinema-city.pl/api/order/1612218?lang=pl,2026-08-08T08:44:19.978185
2026-08-08,wrocław,Spider-Man: Całkiem nowy dzień,Wrocław - Korona,21:20,2D,original,regular,1.0,https://tickets.cinema-city.pl/api/order/1610934?lang=pl,2026-08-08T08:44:19.978192
2026-08-08,wrocław,Martwe zło: Ogień,Wrocław - Korona,22:20,2D,original,regular,1.0,https://tickets.cinema-city.pl/api/order/1613884?lang=pl,2026-08-08T08:44:19.978199
2026-08-08,wrocław,Spider-Man: Całkiem nowy dzień,Wrocław - Korona,22:30,ScreenX,original,regular,1.0,https://tickets.cinema-city.pl/api/order/1619974?lang=pl,2026-08-08T08:44:19.978205
2026-08-08,wrocław,Spider-Man: Całkiem nowy dzień,Wrocław - Korona,22:30,2D,original,regular,1.0,https://tickets.cinema-city.pl/api/order/1620648?lang=pl,2026-08-08T08:44:19.978212
2026-08-08,wrocław,Odyseja,Wrocław - Wroclavia,10:30,IMAX,original,regular,1.0,https://tickets.cinema-city.pl/api/order/1608777?lang=pl,2026-08-08T08:44:22.082778
2026-08-08,wrocław,Spider-Man: Całkiem nowy dzień,Wrocław - Wroclavia,10:30,Dolby Atmos,original,regular,1.0,https://tickets.cinema-city.pl/api/order/1610801?lang=pl,2026-08-08T08:44:22.082807
2026-08-08,wrocław,Toy Story 5,Wrocław - Wroclavia,10:30,2D,original,regular,1.0,https://tickets.cinema-city.pl/api/order/1615119?lang=pl,2026-08-08T08:44:22.082818
2026-08-08,wrocław,Psi patrol i dinozaury ukraiński dubbing,Wrocław - Wroclavia,10:35,2D,dubbing,regular,1.0,https://tickets.cinema-city.pl/api/order/1614501?lang=pl,2026-08-08T08:44:22.082827
2026-08-08,wrocław,Psi patrol i dinozaury,Wrocław - Wroclavia,10:35,2D,,regular,1.0,https://tickets.cinema-city.pl/api/order/1617693?lang=pl,2026-08-08T08:44:22.082835
2026-08-08,wrocław,Psi patrol i dinozaury,Wrocław - Wroclavia,10:50,2D,,regular,1.0,https://tickets.cinema-city.pl/api/order/1613427?lang=pl,2026-08-08T08:44:22.082843
2026-08-08,wrocław,Spider-Man: Całkiem nowy dzień,Wrocław - Wroclavia,11:00,2D,original,regular,1.0,https://tickets.cinema-city.pl/api/order/1613554?lang=pl,2026-08-08T08:44:22.082852
2026-08-08,wrocław,Spider-Man: Całkiem nowy dzień,Wrocław - Wroclavia,11:00,4DX,original,regular,1.0,https://tickets.cinema-city.pl/api/order/1615723?lang=pl,2026-08-08T08:44:22.082859
2026-08-08,wrocław,Minionki i straszydła,Wrocław - Wroclavia,11:00,2D,,regular,1.0,https://tickets.cinema-city.pl/api/order/1617486?lang=pl,2026-08-08T08:44:22.082866
2026-08-08,wrocław,Vaiana,Wrocław - Wroclavia,11:10,2D,original,regular,1.0,https://tickets.cinema-city.pl/api/order/1617301?lang=pl,2026-08-08T08:44:22.082874
2026-08-08,wrocław,Psi patrol i dinozaury,Wrocław - Wroclavia,11:20,2D,,regular,1.0,https://tickets.cinema-city.pl/api/order/1597615?lang=pl,2026-08-08T08:44:22.082882
2026-08-08,wrocław,Odyseja,Wrocław - Wroclavia,11:30,2D,original,regular,1.0,https://tickets.cinema-city.pl/api/order/1610710?lang=pl,2026-08-08T08:44:22.082889
2026-08-08,wrocław,Psi patrol i dinozaury,Wrocław - Wroclavia,11:50,2D,,regular,1.0,https://tickets.cinema-city.pl/api/order/1597561?lang=pl,2026-08-08T08:44:22.082897
2026-08-08,wrocław,Spider-Man: Całkiem nowy dzień,Wrocław - Wroclavia,12:10,2D,original,regular,1.0,https://tickets.cinema-city.pl/api/order/1611041?lang=pl,2026-08-08T08:44:22.082905
2026-08-08,wrocław,Zaproszenie,Wrocław - Wroclavia,12:10,2D,original,regular,1.0,https://tickets.cinema-city.pl/api/order/1611957?lang=pl,2026-08-08T08:44:22.082912
2026-08-08,wrocław,Psi patrol i dinozaury,Wrocław - Wroclavia,12:30,2D,,regular,1.0,https://tickets.cinema-city.pl/api/order/1597584?lang=pl,2026-08-08T08:44:22.082919
2026-08-08,wrocław,Góra mocy LEKTOR,Wrocław - Wroclavia,12:30,2D,,regular,1.0,https://tickets.cinema-city.pl/api/order/1613142?lang=pl,2026-08-08T08:44:22.082928
2026-08-08,wrocław,Odyseja,Wrocław - Wroclavia,12:40,2D,original,regular,1.0,https://tickets.cinema-city.pl/api/order/1617699?lang=pl,2026-08-08T08:44:22.082935
2026-08-08,wrocław,Odyseja,Wrocław - Wroclavia,12:45,2D,original,regular,1.0,https://tickets.cinema-city.pl/api/order/1614507?lang=pl,2026-08-08T08:44:22.082943
2026-08-08,wrocław,Odyseja,Wrocław - Wroclavia,12:45,2D,original,regular,1.0,https://tickets.cinema-city.pl/api/order/1617940?lang=pl,2026-08-08T08:44:22.082950
2026-08-08,wrocław,Spider-Man: Całkiem nowy dzień,Wrocław - Wroclavia,13:00,2D,original,regular,1.0,https://tickets.cinema-city.pl/api/order/1613432?lang=pl,2026-08-08T08:44:22.082959
2026-08-08,wrocław,Toy Story 5,Wrocław - Wroclavia,13:00,2D,original,regular,1.0,https://tickets.cinema-city.pl/api/order/1615125?lang=pl,2026-08-08T08:44:22.082967
2026-08-08,wrocław,Vaiana,Wrocław - Wroclavia,13:10,2D,original,regular,1.0,https://tickets.cinema-city.pl/api/order/1610148?lang=pl,2026-08-08T08:44:22.082975
2026-08-08,wrocław,Minionki i straszydła,Wrocław - Wroclavia,13:10,2D,,regular,1.0,https://tickets.cinema-city.pl/api/order/1617492?lang=pl,2026-08-08T08:44:22.082982
2026-08-08,wrocław,Psi patrol i dinozaury,Wrocław - Wroclavia,13:30,2D,,regular,1.0,https://tickets.cinema-city.pl/api/order/1597614?lang=pl,2026-08-08T08:44:22.082989
2026-08-08,wrocław,Ice Cream Man,Wrocław - Wroclavia,13:30,2D,original,regular,1.0,https://tickets.cinema-city.pl/api/order/1611426?lang=pl,2026-08-08T08:44:22.082997
2026-08-08,wrocław,Spider-Man: Całkiem nowy dzień,Wrocław - Wroclavia,13:40,Dolby Atmos,original,regular,1.0,https://tickets.cinema-city.pl/api/order/1610822?lang=pl,2026-08-08T08:44:22.083006
2026-08-08,wrocław,Vaiana,Wrocław - Wroclavia,13:50,2D,original,regular,1.0,https://tickets.cinema-city.pl/api/order/1617307?lang=pl,2026-08-08T08:44:22.083013
2026-08-08,wrocław,Spider-Man: Całkiem nowy dzień,Wrocław - Wroclavia,14:10,2D,original,regular,1.0,https://tickets.cinema-city.pl/api/order/1613560?lang=pl,2026-08-08T08:44:22.083021
2026-08-08,wrocław,Spider-Man: Całkiem nowy dzień,Wrocław - Wroclavia,14:10,4DX,original,regular,1.0,https://tickets.cinema-city.pl/api/order/1615729?lang=pl,2026-08-08T08:44:22.083027
2026-08-08,wrocław,Odyseja,Wrocław - Wroclavia,14:15,IMAX,original,regular,1.0,https://tickets.cinema-city.pl/api/order/1608783?lang=pl,2026-08-08T08:44:22.083032
2026-08-08,wrocław,Psi patrol i dinozaury,Wrocław - Wroclavia,14:40,2D,,regular,1.0,https://tickets.cinema-city.pl/api/order/1597586?lang=pl,2026-08-08T08:44:22.083040
2026-08-08,wrocław,Góra mocy,Wrocław - Wroclavia,14:40,2D,original,regular,1.0,https://tickets.cinema-city.pl/api/order/1613138?lang=pl,2026-08-08T08:44:22.083049
2026-08-08,wrocław,Spider-Man: Całkiem nowy dzień,Wrocław - Wroclavia,14:50,3D,original,regular,1.0,https://tickets.cinema-city.pl/api/order/1611942?lang=pl,2026-08-08T08:44:22.083057
2026-08-08,wrocław,Odyseja,Wrocław - Wroclavia,15:15,2D,original,regular,1.0,https://tickets.cinema-city.pl/api/order/1610715?lang=pl,2026-08-08T08:44:22.083064
2026-08-08,wrocław,Spider-Man: Całkiem nowy dzień,Wrocław - Wroclavia,15:20,2D,original,regular,1.0,https://tickets.cinema-city.pl/api/order/1611044?lang=pl,2026-08-08T08:44:22.083072
2026-08-08,wrocław,Minionki i straszydła,Wrocław - Wroclavia,15:20,2D,,regular,1.0,https://tickets.cinema-city.pl/api/order/1617498?lang=pl,2026-08-08T08:44:22.083080
2026-08-08,wrocław,Toy Story 5,Wrocław - Wroclavia,15:30,2D,original,regular,1.0,https://tickets.cinema-city.pl/api/order/1615131?lang=pl,2026-08-08T08:44:22.083089
2026-08-08,wrocław,Spider-Man: Całkiem nowy dzień,Wrocław - Wroclavia,15:30,2D,original,regular,1.0,https://tickets.cinema-city.pl/api/order/1620845?lang=pl,2026-08-08T08:44:22.083098
2026-08-08,wrocław,Psi patrol i dinozaury,Wrocław - Wroclavia,15:40,2D,,regular,1.0,https://tickets.cinema-city.pl/api/order/1597607?lang=pl,2026-08-08T08:44:22.083104
2026-08-08,wrocław,Ostatni konsjerż,Wrocław - Wroclavia,16:00,2D,original,regular,1.0,https://tickets.cinema-city.pl/api/order/1620713?lang=pl,2026-08-08T08:44:22.083113
2026-08-08,wrocław,Ice Cream Man,Wrocław - Wroclavia,16:10,2D,original,regular,1.0,https://tickets.cinema-city.pl/api/order/1611432?lang=pl,2026-08-08T08:44:22.083120
2026-08-08,wrocław,Spider-Man: Całkiem nowy dzień,Wrocław - Wroclavia,16:10,2D,original,regular,1.0,https://tickets.cinema-city.pl/api/order/1613437?lang=pl,2026-08-08T08:44:22.083128
2026-08-08,wrocław,Psi patrol i dinozaury ukraiński dubbing,Wrocław - Wroclavia,16:20,2D,dubbing,regular,1.0,https://tickets.cinema-city.pl/api/order/1597571?lang=pl,2026-08-08T08:44:22.083135
2026-08-08,wrocław,Odyseja,Wrocław - Wroclavia,16:20,2D,original,regular,1.0,https://tickets.cinema-city.pl/api/order/1617705?lang=pl,2026-08-08T08:44:22.083143
2026-08-08,wrocław,Spider-Man: Całkiem nowy dzień ukraiński dubbing,Wrocław - Wroclavia,16:30,2D,dubbing,regular,1.0,https://tickets.cinema-city.pl/api/order/1617313?lang=pl,2026-08-08T08:44:22.083150
2026-08-08,wrocław,Kandydaci śmierci,Wrocław - Wroclavia,16:30,2D,original,regular,1.0,https://tickets.cinema-city.pl/api/order/1617946?lang=pl,2026-08-08T08:44:22.083158
2026-08-08,wrocław,Psi patrol i dinozaury,Wrocław - Wroclavia,16:50,2D,,regular,1.0,https://tickets.cinema-city.pl/api/order/1597588?lang=pl,2026-08-08T08:44:22.083165
2026-08-08,wrocław,Spider-Man: Całkiem nowy dzień,Wrocław - Wroclavia,16:50,Dolby Atmos,original,regular,1.0,https://tickets.cinema-city.pl/api/order/1610815?lang=pl,2026-08-08T08:44:22.083173
2026-08-08,wrocław,Do utraty tchu (re-release),Wrocław - Wroclavia,17:10,2D,original,regular,1.0,https://tickets.cinema-city.pl/api/order/1613146?lang=pl,2026-08-08T08:44:22.083182
2026-08-08,wrocław,Spider-Man: Całkiem nowy dzień,Wrocław - Wroclavia,17:15,2D,original,regular,1.0,https://tickets.cinema-city.pl/api/order/1613566?lang=pl,2026-08-08T08:44:22.083190
2026-08-08,wrocław,Spider-Man: Całkiem nowy dzień,Wrocław - Wroclavia,17:20,4DX,original,regular,1.0,https://tickets.cinema-city.pl/api/order/1615735?lang=pl,2026-08-08T08:44:22.083196
2026-08-08,wrocław,Minionki i straszydła,Wrocław - Wroclavia,17:30,2D,,regular,1.0,https://tickets.cinema-city.pl/api/order/1617504?lang=pl,2026-08-08T08:44:22.083203
2026-08-08,wrocław,Psi patrol i dinozaury,Wrocław - Wroclavia,17:50,2D,,regular,1.0,https://tickets.cinema-city.pl/api/order/1597616?lang=pl,2026-08-08T08:44:22.083210
2026-08-08,wrocław,Odyseja,Wrocław - Wroclavia,18:00,IMAX,original,regular,1.0,https://tickets.cinema-city.pl/api/order/1608789?lang=pl,2026-08-08T08:44:22.083215
2026-08-08,wrocław,Spider-Man: Całkiem nowy dzień,Wrocław - Wroclavia,18:00,3D,original,regular,1.0,https://tickets.cinema-city.pl/api/order/1611950?lang=pl,2026-08-08T08:44:22.083222
2026-08-08,wrocław,Backrooms. Bez wyjścia,Wrocław - Wroclavia,18:00,2D,original,regular,1.0,https://tickets.cinema-city.pl/api/order/1615137?lang=pl,2026-08-08T08:44:22.083231
2026-08-08,wrocław,Pejzaż w kolorze sepii,Wrocław - Wroclavia,18:30,2D,original,regular,1.0,https://tickets.cinema-city.pl/api/order/1610160?lang=pl,2026-08-08T08:44:22.083239
2026-08-08,wrocław,Spider-Man: Całkiem nowy dzień,Wrocław - Wroclavia,18:30,2D,original,regular,1.0,https://tickets.cinema-city.pl/api/order/1611052?lang=pl,2026-08-08T08:44:22.083246
2026-08-08,wrocław,Odyseja,Wrocław - Wroclavia,18:30,2D,original,regular,1.0,https://tickets.cinema-city.pl/api/order/1614134?lang=pl,2026-08-08T08:44:22.083254
2026-08-08,wrocław,Zaproszenie,Wrocław - Wroclavia,18:30,2D,original,regular,1.0,https://tickets.cinema-city.pl/api/order/1614513?lang=pl,2026-08-08T08:44:22.083262
2026-08-08,wrocław,Ice Cream Man,Wrocław - Wroclavia,18:45,2D,original,regular,1.0,https://tickets.cinema-city.pl/api/order/1611438?lang=pl,2026-08-08T08:44:22.083269
2026-08-08,wrocław,Gorzkie święta,Wrocław - Wroclavia,18:45,2D,original,regular,1.0,https://tickets.cinema-city.pl/api/order/1617955?lang=pl,2026-08-08T08:44:22.083276
2026-08-08,wrocław,Psi patrol i dinozaury,Wrocław - Wroclavia,19:00,2D,,regular,1.0,https://tickets.cinema-city.pl/api/order/1597590?lang=pl,2026-08-08T08:44:22.083283
2026-08-08,wrocław,Odyseja,Wrocław - Wroclavia,19:00,2D,original,regular,1.0,https://tickets.cinema-city.pl/api/order/1610720?lang=pl,2026-08-08T08:44:22.083291
2026-08-08,wrocław,Spider-Man: Całkiem nowy dzień,Wrocław - Wroclavia,19:20,2D,original,regular,1.0,https://tickets.cinema-city.pl/api/order/1613442?lang=pl,2026-08-08T08:44:22.083299
2026-08-08,wrocław,Umamusume: Pretty Derby - Beginning of a New Era,Wrocław - Wroclavia,19:30,2D,original,regular,1.0,https://tickets.cinema-city.pl/api/order/1612887?lang=pl,2026-08-08T08:44:22.083306
2026-08-08,wrocław,Tylko jedna noc,Wrocław - Wroclavia,19:40,2D,original,regular,1.0,https://tickets.cinema-city.pl/api/order/1617371?lang=pl,2026-08-08T08:44:22.083313
2026-08-08,wrocław,Odyseja ukraiński dubbing,Wrocław - Wroclavia,19:50,2D,dubbing,regular,1.0,https://tickets.cinema-city.pl/api/order/1617219?lang=pl,2026-08-08T08:44:22.083321
2026-08-08,wrocław,Władca Pierścieni: Dwie wieże (wersja rozszerzona),Wrocław - Wroclavia,20:00,2D,original,regular,1.0,https://tickets.cinema-city.pl/api/order/1568127?lang=pl,2026-08-08T08:44:22.083330
2026-08-08,wrocław,Psi patrol i dinozaury,Wrocław - Wroclavia,20:00,2D,,regular,1.0,https://tickets.cinema-city.pl/api/order/1597657?lang=pl,2026-08-08T08:44:22.083337
2026-08-08,wrocław,Spider-Man: Całkiem nowy dzień,Wrocław - Wroclavia,20:00,Dolby Atmos,original,regular,1.0,https://tickets.cinema-city.pl/api/order/1610808?lang=pl,2026-08-08T08:44:22.083345
2026-08-08,wrocław,Władca Pierścieni: Dwie wieże (wersja rozszerzona),Wrocław - Wroclavia,20:20,2D,original,regular,1.0,https://tickets.cinema-city.pl/api/order/1568128?lang=pl,2026-08-08T08:44:22.083354
2026-08-08,wrocław,Backrooms. Bez wyjścia - wersja rozszerzona,Wrocław - Wroclavia,20:30,2D,original,regular,1.0,https://tickets.cinema-city.pl/api/order/1615143?lang=pl,2026-08-08T08:44:22.083363
2026-08-08,wrocław,Spider-Man: Całkiem nowy dzień,Wrocław - Wroclavia,20:30,4DX,original,regular,1.0,https://tickets.cinema-city.pl/api/order/1615741?lang=pl,2026-08-08T08:44:22.083380
2026-08-08,wrocław,Thudakkam,Wrocław - Wroclavia,21:00,2D,original,regular,1.0,https://tickets.cinema-city.pl/api/order/1620694?lang=pl,2026-08-08T08:44:22.083390
2026-08-08,wrocław,Obsesja,Wrocław - Wroclavia,21:00,2D,original,regular,1.0,https://tickets.cinema-city.pl/api/order/1620762?lang=pl,2026-08-08T08:44:22.083397
2026-08-08,wrocław,Pejzaż w kolorze sepii,Wrocław - Wroclavia,21:15,2D,original,regular,1.0,https://tickets.cinema-city.pl/api/order/1610166?lang=pl,2026-08-08T08:44:22.083404
2026-08-08,wrocław,Odyseja,Wrocław - Wroclavia,21:15,2D,original,regular,1.0,https://tickets.cinema-city.pl/api/order/1614897?lang=pl,2026-08-08T08:44:22.083412
2026-08-08,wrocław,Ice Cream Man,Wrocław - Wroclavia,21:20,2D,original,regular,1.0,https://tickets.cinema-city.pl/api/order/1611444?lang=pl,2026-08-08T08:44:22.083419
2026-08-08,wrocław,Młody Waszyngton,Wrocław - Wroclavia,21:25,2D,original,regular,1.0,https://tickets.cinema-city.pl/api/order/1617960?lang=pl,2026-08-08T08:44:22.083427
2026-08-08,wrocław,Spider-Man: Całkiem nowy dzień,Wrocław - Wroclavia,21:40,Dolby Atmos,original,regular,1.0,https://tickets.cinema-city.pl/api/order/1611075?lang=pl,2026-08-08T08:44:22.083435
2026-08-08,wrocław,Odyseja,Wrocław - Wroclavia,21:45,IMAX,original,regular,1.0,https://tickets.cinema-city.pl/api/order/1608795?lang=pl,2026-08-08T08:44:22.083440
2026-08-08,wrocław,Spider-Man: Całkiem nowy dzień,Wrocław - Wroclavia,22:00,2D,original,regular,1.0,https://tickets.cinema-city.pl/api/order/1620919?lang=pl,2026-08-08T08:44:22.083448
2026-08-08,wrocław,Obsesja,Wrocław - Wroclavia,22:05,2D,original,regular,1.0,https://tickets.cinema-city.pl/api/order/1620925?lang=pl,2026-08-08T08:44:22.083455
2026-08-08,wrocław,Robin Hood: Koniec legendy,Wrocław - Wroclavia,22:10,2D,original,regular,1.0,https://tickets.cinema-city.pl/api/order/1612909?lang=pl,2026-08-08T08:44:22.083463
2026-08-08,wrocław,Jej piekło,Wrocław - Wroclavia,22:10,2D,original,regular,1.0,https://tickets.cinema-city.pl/api/order/1617414?lang=pl,2026-08-08T08:44:22.083472
2026-08-08,wrocław,Backrooms. Bez wyjścia,Wrocław - Wroclavia,22:30,2D,original,regular,1.0,https://tickets.cinema-city.pl/api/order/1610725?lang=pl,2026-08-08T08:44:22.083480
2026-08-08,zielona-góra,Spider-Man: Całkiem nowy dzień,Zielona Góra,10:30,2D,original,regular,1.0,https://tickets.cinema-city.pl/api/order/1614809?lang=pl,2026-08-08T08:44:23.439955
2026-08-08,zielona-góra,Toy Story 5,Zielona Góra,10:50,2D,original,regular,1.0,https://tickets.cinema-city.pl/api/order/1613050?lang=pl,2026-08-08T08:44:23.439980
2026-08-08,zielona-góra,Vaiana,Zielona Góra,11:00,2D,original,regular,1.0,https://tickets.cinema-city.pl/api/order/1615629?lang=pl,2026-08-08T08:44:23.439990
2026-08-08,zielona-góra,Psi patrol i dinozaury,Zielona Góra,11:20,2D,,regular,1.0,https://tickets.cinema-city.pl/api/order/1597259?lang=pl,2026-08-08T08:44:23.439999
2026-08-08,zielona-góra,Spider-Man: Całkiem nowy dzień,Zielona Góra,11:20,2D,original,regular,1.0,https://tickets.cinema-city.pl/api/order/1615339?lang=pl,2026-08-08T08:44:23.440007
2026-08-08,zielona-góra,Minionki i straszydła,Zielona Góra,11:40,2D,,regular,1.0,https://tickets.cinema-city.pl/api/order/1613614?lang=pl,2026-08-08T08:44:23.440014
2026-08-08,zielona-góra,Góra mocy,Zielona Góra,12:00,2D,original,regular,1.0,https://tickets.cinema-city.pl/api/order/1615828?lang=pl,2026-08-08T08:44:23.440023
2026-08-08,zielona-góra,Spider-Man: Całkiem nowy dzień,Zielona Góra,12:10,2D,original,regular,1.0,https://tickets.cinema-city.pl/api/order/1611681?lang=pl,2026-08-08T08:44:23.440031
2026-08-08,zielona-góra,Psi patrol i dinozaury,Zielona Góra,12:30,2D,,regular,1.0,https://tickets.cinema-city.pl/api/order/1597269?lang=pl,2026-08-08T08:44:23.440037
2026-08-08,zielona-góra,Toy Story 5,Zielona Góra,13:20,2D,original,regular,1.0,https://tickets.cinema-city.pl/api/order/1613056?lang=pl,2026-08-08T08:44:23.440045
2026-08-08,zielona-góra,Psi patrol i dinozaury,Zielona Góra,13:30,2D,,regular,1.0,https://tickets.cinema-city.pl/api/order/1597261?lang=pl,2026-08-08T08:44:23.440051
2026-08-08,zielona-góra,Vaiana: wersja karaoke,Zielona Góra,13:30,2D,original,regular,1.0,https://tickets.cinema-city.pl/api/order/1615633?lang=pl,2026-08-08T08:44:23.440059
2026-08-08,zielona-góra,Spider-Man: Całkiem nowy dzień,Zielona Góra,13:40,2D,original,regular,1.0,https://tickets.cinema-city.pl/api/order/1614814?lang=pl,2026-08-08T08:44:23.440066
2026-08-08,zielona-góra,Minionki i straszydła,Zielona Góra,13:50,2D,,regular,1.0,https://tickets.cinema-city.pl/api/order/1613672?lang=pl,2026-08-08T08:44:23.440073
2026-08-08,zielona-góra,Psi patrol i dinozaury ukraiński dubbing,Zielona Góra,14:00,2D,dubbing,regular,1.0,https://tickets.cinema-city.pl/api/order/1597277?lang=pl,2026-08-08T08:44:23.440080
2026-08-08,zielona-góra,Spider-Man: Całkiem nowy dzień,Zielona Góra,14:30,3D,original,regular,1.0,https://tickets.cinema-city.pl/api/order/1615327?lang=pl,2026-08-08T08:44:23.440087
2026-08-08,zielona-góra,Psi patrol i dinozaury,Zielona Góra,14:40,2D,,regular,1.0,https://tickets.cinema-city.pl/api/order/1597271?lang=pl,2026-08-08T08:44:23.440093
2026-08-08,zielona-góra,Spider-Man: Całkiem nowy dzień,Zielona Góra,15:20,2D,original,regular,1.0,https://tickets.cinema-city.pl/api/order/1611694?lang=pl,2026-08-08T08:44:23.440100
2026-08-08,zielona-góra,Psi patrol i dinozaury,Zielona Góra,15:40,2D,,regular,1.0,https://tickets.cinema-city.pl/api/order/1597263?lang=pl,2026-08-08T08:44:23.440106
2026-08-08,zielona-góra,Ice Cream Man,Zielona Góra,15:45,2D,original,regular,1.0,https://tickets.cinema-city.pl/api/order/1613062?lang=pl,2026-08-08T08:44:23.440113
2026-08-08,zielona-góra,Minionki i straszydła,Zielona Góra,16:00,2D,,regular,1.0,https://tickets.cinema-city.pl/api/order/1613810?lang=pl,2026-08-08T08:44:23.440120
2026-08-08,zielona-góra,Spider-Man: Całkiem nowy dzień ukraiński dubbing,Zielona Góra,16:00,2D,dubbing,regular,1.0,https://tickets.cinema-city.pl/api/order/1615647?lang=pl,2026-08-08T08:44:23.440128
2026-08-08,zielona-góra,Gorzkie święta,Zielona Góra,16:10,2D,original,regular,1.0,https://tickets.cinema-city.pl/api/order/1615859?lang=pl,2026-08-08T08:44:23.440136
2026-08-08,zielona-góra,Psi patrol i dinozaury,Zielona Góra,16:50,2D,,regular,1.0,https://tickets.cinema-city.pl/api/order/1597273?lang=pl,2026-08-08T08:44:23.440142
2026-08-08,zielona-góra,Spider-Man: Całkiem nowy dzień,Zielona Góra,16:50,2D,original,regular,1.0,https://tickets.cinema-city.pl/api/order/1614834?lang=pl,2026-08-08T08:44:23.440150
2026-08-08,zielona-góra,Spider-Man: Całkiem nowy dzień,Zielona Góra,17:40,3D,original,regular,1.0,https://tickets.cinema-city.pl/api/order/1615333?lang=pl,2026-08-08T08:44:23.440157
2026-08-08,zielona-góra,Psi patrol i dinozaury,Zielona Góra,17:50,2D,,regular,1.0,https://tickets.cinema-city.pl/api/order/1597265?lang=pl,2026-08-08T08:44:23.440163
2026-08-08,zielona-góra,Odyseja,Zielona Góra,18:05,2D,original,regular,1.0,https://tickets.cinema-city.pl/api/order/1613815?lang=pl,2026-08-08T08:44:23.440170
2026-08-08,zielona-góra,Ice Cream Man,Zielona Góra,18:20,2D,original,regular,1.0,https://tickets.cinema-city.pl/api/order/1613068?lang=pl,2026-08-08T08:44:23.440177
2026-08-08,zielona-góra,Spider-Man: Całkiem nowy dzień,Zielona Góra,18:30,2D,original,regular,1.0,https://tickets.cinema-city.pl/api/order/1611704?lang=pl,2026-08-08T08:44:23.440184
2026-08-08,zielona-góra,Backrooms. Bez wyjścia - wersja rozszerzona,Zielona Góra,18:50,2D,original,regular,1.0,https://tickets.cinema-city.pl/api/order/1615840?lang=pl,2026-08-08T08:44:23.440192
2026-08-08,zielona-góra,Psi patrol i dinozaury,Zielona Góra,19:00,2D,,regular,1.0,https://tickets.cinema-city.pl/api/order/1597275?lang=pl,2026-08-08T08:44:23.440198
2026-08-08,zielona-góra,Pejzaż w kolorze sepii,Zielona Góra,19:00,2D,original,regular,1.0,https://tickets.cinema-city.pl/api/order/1615650?lang=pl,2026-08-08T08:44:23.440206
2026-08-08,zielona-góra,Władca Pierścieni: Dwie wieże (wersja rozszerzona),Zielona Góra,20:00,2D,original,regular,1.0,https://tickets.cinema-city.pl/api/order/1568042?lang=pl,2026-08-08T08:44:23.440215
2026-08-08,zielona-góra,Odyseja,Zielona Góra,20:10,2D,original,regular,1.0,https://tickets.cinema-city.pl/api/order/1612171?lang=pl,2026-08-08T08:44:23.440221
2026-08-08,zielona-góra,Ice Cream Man,Zielona Góra,20:50,2D,original,regular,1.0,https://tickets.cinema-city.pl/api/order/1613074?lang=pl,2026-08-08T08:44:23.440228
2026-08-08,zielona-góra,Spider-Man: Całkiem nowy dzień,Zielona Góra,20:50,2D,original,regular,1.0,https://tickets.cinema-city.pl/api/order/1615345?lang=pl,2026-08-08T08:44:23.440235
2026-08-08,zielona-góra,Tylko jedna noc,Zielona Góra,21:15,2D,original,regular,1.0,https://tickets.cinema-city.pl/api/order/1620744?lang=pl,2026-08-08T08:44:23.440241
2026-08-08,zielona-góra,Spider-Man: Całkiem nowy dzień,Zielona Góra,21:40,2D,original,regular,1.0,https://tickets.cinema-city.pl/api/order/1611733?lang=pl,2026-08-08T08:44:23.440248
2026-08-08,zielona-góra,Martwe zło: Ogień,Zielona Góra,21:40,2D,original,regular,1.0,https://tickets.cinema-city.pl/api/order/1615654?lang=pl,2026-08-08T08:44:23.440256
2026-08-08,zielona-góra,Odyseja,Zielona Góra,21:45,2D,original,regular,1.0,https://tickets.cinema-city.pl/api/order/1613820?lang=pl,2026-08-08T08:44:23.440263
2026-08-08,zielona-góra,Zaproszenie,Zielona Góra,21:50,2D,original,regular,1.0,https://tickets.cinema-city.pl/api/order/1615846?lang=pl,2026-08-08T08:44:23.440270
