date,day_name,city,movie_title,cinema_name,time,format,language,event_type,scraped_at
2026-08-01,sobota,warszawa,Absolwent,Kino Iluzjon - Muzeum Sztuki Filmowej w Warszawie,17:45,,,regular,2026-08-01T10:02:59.997184
2026-08-01,sobota,warszawa,Aftersun,U–jazdowski kino,20:15,,,regular,2026-08-01T10:02:59.997184
2026-08-01,sobota,warszawa,Backrooms. Bez wyjścia,Cinema City Warszawa Arkadia,22:30,,,regular,2026-08-01T10:02:59.997184
2026-08-01,sobota,warszawa,Backrooms. Bez wyjścia,Cinema City Warszawa Bemowo,22:10,,,regular,2026-08-01T10:02:59.997184
2026-08-01,sobota,warszawa,Backrooms. Bez wyjścia,Cinema City Warszawa Galeria Mokotów,17:50,,,regular,2026-08-01T10:02:59.997184
2026-08-01,sobota,warszawa,Backrooms. Bez wyjścia,Cinema City Warszawa Galeria Północna,22:00,,,regular,2026-08-01T10:02:59.997184
2026-08-01,sobota,warszawa,Backrooms. Bez wyjścia,Cinema City Warszawa Promenada,15:10,,,regular,2026-08-01T10:02:59.997184
2026-08-01,sobota,warszawa,Backrooms. Bez wyjścia,Cinema City Warszawa Sadyba,17:00,,,regular,2026-08-01T10:02:59.997184
2026-08-01,sobota,warszawa,Backrooms. Bez wyjścia,Cinema City Warszawa Sadyba,19:30,,,regular,2026-08-01T10:02:59.997184
2026-08-01,sobota,warszawa,Backrooms. Bez wyjścia,Cinema City Warszawa Sadyba,22:00,,,regular,2026-08-01T10:02:59.997184
2026-08-01,sobota,warszawa,Backrooms. Bez wyjścia,Helios Warszawa Blue City,14:10,,,regular,2026-08-01T10:02:59.997184
2026-08-01,sobota,warszawa,Backrooms. Bez wyjścia (wersja rozszerzona),Cinema City Warszawa Arkadia,15:40,,,regular,2026-08-01T10:02:59.997184
2026-08-01,sobota,warszawa,Backrooms. Bez wyjścia (wersja rozszerzona),Cinema City Warszawa Arkadia,18:30,,,regular,2026-08-01T10:02:59.997184
2026-08-01,sobota,warszawa,Backrooms. Bez wyjścia (wersja rozszerzona),Cinema City Warszawa Arkadia,21:20,,,regular,2026-08-01T10:02:59.997184
2026-08-01,sobota,warszawa,Backrooms. Bez wyjścia (wersja rozszerzona),Cinema City Warszawa Bemowo,19:15,,,regular,2026-08-01T10:02:59.997184
2026-08-01,sobota,warszawa,Backrooms. Bez wyjścia (wersja rozszerzona),Cinema City Warszawa Galeria Mokotów,20:20,,,regular,2026-08-01T10:02:59.997184
2026-08-01,sobota,warszawa,Backrooms. Bez wyjścia (wersja rozszerzona),Cinema City Warszawa Galeria Mokotów,22:25,,,regular,2026-08-01T10:02:59.997184
2026-08-01,sobota,warszawa,Backrooms. Bez wyjścia (wersja rozszerzona),Cinema City Warszawa Galeria Północna,19:10,,,regular,2026-08-01T10:02:59.997184
2026-08-01,sobota,warszawa,Backrooms. Bez wyjścia (wersja rozszerzona),Cinema City Warszawa Promenada,20:30,,,regular,2026-08-01T10:02:59.997184
2026-08-01,sobota,warszawa,Backrooms. Bez wyjścia (wersja rozszerzona),Cinema City Warszawa Sadyba,20:00,,,regular,2026-08-01T10:02:59.997184
2026-08-01,sobota,warszawa,Backrooms. Bez wyjścia (wersja rozszerzona),Kino Kultura w Warszawie,20:30,,,regular,2026-08-01T10:02:59.997184
2026-08-01,sobota,warszawa,Backrooms. Bez wyjścia (wersja rozszerzona),Kinoteka w Warszawie,15:30,,,regular,2026-08-01T10:02:59.997184
2026-08-01,sobota,warszawa,Backrooms. Bez wyjścia (wersja rozszerzona),Kinoteka w Warszawie,20:15,,,regular,2026-08-01T10:02:59.997184
2026-08-01,sobota,warszawa,Backrooms. Bez wyjścia (wersja rozszerzona),Multikino Atrium Reduta w Warszawie,20:15,,,regular,2026-08-01T10:02:59.997184
2026-08-01,sobota,warszawa,Backrooms. Bez wyjścia (wersja rozszerzona),Multikino Młociny,20:40,,,regular,2026-08-01T10:02:59.997184
2026-08-01,sobota,warszawa,Backrooms. Bez wyjścia (wersja rozszerzona),Multikino Targówek,19:30,,,regular,2026-08-01T10:02:59.997184
2026-08-01,sobota,warszawa,Backrooms. Bez wyjścia (wersja rozszerzona),Multikino Wola,21:35,,,regular,2026-08-01T10:02:59.997184
2026-08-01,sobota,warszawa,Backrooms. Bez wyjścia (wersja rozszerzona),Multikino Złote Tarasy,10:05,,,regular,2026-08-01T10:02:59.997184
2026-08-01,sobota,warszawa,Backrooms. Bez wyjścia (wersja rozszerzona),Multikino Złote Tarasy,20:15,,,regular,2026-08-01T10:02:59.997184
2026-08-01,sobota,warszawa,Biuro detektywistyczne Lassego i Mai. Licz do czterech,Kinokawiarnia Stacja Falenica w Warszawie,12:15,,,regular,2026-08-01T10:02:59.997184
2026-08-01,sobota,warszawa,Biuro Detektywistyczne Lassego i Mai. Rabuś z pociągu (dubbing),Kinokawiarnia Stacja Falenica w Warszawie,11:00,,dubbing,regular,2026-08-01T10:02:59.997184
2026-08-01,sobota,warszawa,Chłopiec na krańcach świata,Kino Luna w Warszawie,10:15,,,regular,2026-08-01T10:02:59.997184
2026-08-01,sobota,warszawa,Cinema Paradiso,AMONDO Kino w Warszawie,20:00,,,regular,2026-08-01T10:02:59.997184
2026-08-01,sobota,warszawa,Czarne dziury: nieznane horyzonty,Planetarium Centrum Nauki Kopernik w Warszawie,14:30,,,regular,2026-08-01T10:02:59.997184
2026-08-01,sobota,warszawa,Czas Apokalipsy: wersja reżyserska,NoveKino Wisła w Warszawie,19:00,,,regular,2026-08-01T10:02:59.997184
2026-08-01,sobota,warszawa,Diabeł ubiera się u Prady 2,Cinema City Warszawa Arkadia,10:10,,,regular,2026-08-01T10:02:59.997184
2026-08-01,sobota,warszawa,Dinozaury: Historia przetrwania,Planetarium Centrum Nauki Kopernik w Warszawie,10:30,,,regular,2026-08-01T10:02:59.997184
2026-08-01,sobota,warszawa,Do utraty tchu,Kinokawiarnia Stacja Falenica w Warszawie,20:45,,,regular,2026-08-01T10:02:59.997184
2026-08-01,sobota,warszawa,Drugie życie,Kino Atlantic w Warszawie,13:30,,,regular,2026-08-01T10:02:59.997184
2026-08-01,sobota,warszawa,Dyrygent,Kino Głębocka 66 w Warszawie,17:30,,,regular,2026-08-01T10:02:59.997184
2026-08-01,sobota,warszawa,Dyrygent,Kino na Boku - Białołęcki Ośrodek Kultury w Warszawie,17:30,,,regular,2026-08-01T10:02:59.997184
2026-08-01,sobota,warszawa,Dzień Objawienia,Cinema City Warszawa Arkadia,22:00,,,regular,2026-08-01T10:02:59.997184
2026-08-01,sobota,warszawa,Ekipa zwierzaków,Helios Warszawa Blue City,12:00,,,regular,2026-08-01T10:02:59.997184
2026-08-01,sobota,warszawa,Ekipa zwierzaków,Helios Warszawa Blue City,13:30,,,regular,2026-08-01T10:02:59.997184
2026-08-01,sobota,warszawa,Ekipa zwierzaków,NoveKino Wisła w Warszawie,12:15,,,regular,2026-08-01T10:02:59.997184
2026-08-01,sobota,warszawa,Ekipa zwierzaków (dubbing),Cinema City Warszawa Arkadia,11:10,,dubbing,regular,2026-08-01T10:02:59.997184
2026-08-01,sobota,warszawa,Ekipa zwierzaków (dubbing),Cinema City Warszawa Arkadia,13:30,,dubbing,regular,2026-08-01T10:02:59.997184
2026-08-01,sobota,warszawa,Ekipa zwierzaków (dubbing),Cinema City Warszawa Bemowo,11:40,,dubbing,regular,2026-08-01T10:02:59.997184
2026-08-01,sobota,warszawa,Ekipa zwierzaków (dubbing),Cinema City Warszawa Bemowo,13:50,,dubbing,regular,2026-08-01T10:02:59.997184
2026-08-01,sobota,warszawa,Ekipa zwierzaków (dubbing),Cinema City Warszawa Bemowo,16:00,,dubbing,regular,2026-08-01T10:02:59.997184
2026-08-01,sobota,warszawa,Ekipa zwierzaków (dubbing),Cinema City Warszawa Galeria Mokotów,10:50,,dubbing,regular,2026-08-01T10:02:59.997184
2026-08-01,sobota,warszawa,Ekipa zwierzaków (dubbing),Cinema City Warszawa Galeria Mokotów,13:00,,dubbing,regular,2026-08-01T10:02:59.997184
2026-08-01,sobota,warszawa,Ekipa zwierzaków (dubbing),Cinema City Warszawa Galeria Północna,11:50,,dubbing,regular,2026-08-01T10:02:59.997184
2026-08-01,sobota,warszawa,Ekipa zwierzaków (dubbing),Cinema City Warszawa Galeria Północna,14:00,,dubbing,regular,2026-08-01T10:02:59.997184
2026-08-01,sobota,warszawa,Ekipa zwierzaków (dubbing),Cinema City Warszawa Promenada,10:20,,dubbing,regular,2026-08-01T10:02:59.997184
2026-08-01,sobota,warszawa,Ekipa zwierzaków (dubbing),Cinema City Warszawa Promenada,12:30,,dubbing,regular,2026-08-01T10:02:59.997184
2026-08-01,sobota,warszawa,Ekipa zwierzaków (dubbing),Cinema City Warszawa Promenada,14:40,,dubbing,regular,2026-08-01T10:02:59.997184
2026-08-01,sobota,warszawa,Ekipa zwierzaków (dubbing),Cinema City Warszawa Promenada,16:30,,dubbing,regular,2026-08-01T10:02:59.997184
2026-08-01,sobota,warszawa,Ekipa zwierzaków (dubbing),Cinema City Warszawa Sadyba,11:15,,dubbing,regular,2026-08-01T10:02:59.997184
2026-08-01,sobota,warszawa,Ekipa zwierzaków (dubbing),Cinema City Warszawa Sadyba,17:50,,dubbing,regular,2026-08-01T10:02:59.997184
2026-08-01,sobota,warszawa,Ekipa zwierzaków (dubbing),Kino Głębocka 66 w Warszawie,13:00,,dubbing,regular,2026-08-01T10:02:59.997184
2026-08-01,sobota,warszawa,Ekipa zwierzaków (dubbing),Kino Głębocka 66 w Warszawie,15:00,,dubbing,regular,2026-08-01T10:02:59.997184
2026-08-01,sobota,warszawa,Ekipa zwierzaków (dubbing),Kino Luna w Warszawie,12:00,,dubbing,regular,2026-08-01T10:02:59.997184
2026-08-01,sobota,warszawa,Ekipa zwierzaków (dubbing),Kino na Boku - Białołęcki Ośrodek Kultury w Warszawie,13:00,,dubbing,regular,2026-08-01T10:02:59.997184
2026-08-01,sobota,warszawa,Ekipa zwierzaków (dubbing),Kino na Boku - Białołęcki Ośrodek Kultury w Warszawie,15:00,,dubbing,regular,2026-08-01T10:02:59.997184
2026-08-01,sobota,warszawa,Ekipa zwierzaków (dubbing),Multikino Atrium Reduta w Warszawie,10:20,,dubbing,regular,2026-08-01T10:02:59.997184
2026-08-01,sobota,warszawa,Ekipa zwierzaków (dubbing),Multikino Atrium Reduta w Warszawie,12:55,,dubbing,regular,2026-08-01T10:02:59.997184
2026-08-01,sobota,warszawa,Ekipa zwierzaków (dubbing),Multikino Młociny,10:20,,dubbing,regular,2026-08-01T10:02:59.997184
2026-08-01,sobota,warszawa,Ekipa zwierzaków (dubbing),Multikino Młociny,14:15,,dubbing,regular,2026-08-01T10:02:59.997184
2026-08-01,sobota,warszawa,Ekipa zwierzaków (dubbing),Multikino Targówek,10:00,,dubbing,regular,2026-08-01T10:02:59.997184
2026-08-01,sobota,warszawa,Ekipa zwierzaków (dubbing),Multikino Targówek,12:50,,dubbing,regular,2026-08-01T10:02:59.997184
2026-08-01,sobota,warszawa,Ekipa zwierzaków (dubbing),Multikino Targówek,14:55,,dubbing,regular,2026-08-01T10:02:59.997184
2026-08-01,sobota,warszawa,Ekipa zwierzaków (dubbing),Multikino Wola,10:00,,dubbing,regular,2026-08-01T10:02:59.997184
2026-08-01,sobota,warszawa,Ekipa zwierzaków (dubbing),Multikino Wola,16:00,,dubbing,regular,2026-08-01T10:02:59.997184
2026-08-01,sobota,warszawa,Ekipa zwierzaków (dubbing),Multikino Złote Tarasy,10:10,,dubbing,regular,2026-08-01T10:02:59.997184
2026-08-01,sobota,warszawa,Ekipa zwierzaków (dubbing),Multikino Złote Tarasy,14:55,,dubbing,regular,2026-08-01T10:02:59.997184
2026-08-01,sobota,warszawa,Fałszerz stulecia,Filmowa Stolica Lata - Metro Słodowiec,21:00,,,regular,2026-08-01T10:02:59.997184
2026-08-01,sobota,warszawa,Follemente. W tym szaleństwie jest metoda,Filmowa Stolica Lata - Dzielnicowy Ośrodek Kultury Ursynów,21:00,,,regular,2026-08-01T10:02:59.997184
2026-08-01,sobota,warszawa,Gdzie jest Dory? (dubbing),Cinema City Warszawa Arkadia,13:30,,dubbing,regular,2026-08-01T10:02:59.997184
2026-08-01,sobota,warszawa,Gdzie jest Dory? (dubbing),Cinema City Warszawa Bemowo,13:30,,dubbing,regular,2026-08-01T10:02:59.997184
2026-08-01,sobota,warszawa,Gdzie jest Dory? (dubbing),Cinema City Warszawa Galeria Mokotów,14:00,,dubbing,regular,2026-08-01T10:02:59.997184
2026-08-01,sobota,warszawa,Gdzie jest Dory? (dubbing),Cinema City Warszawa Galeria Północna,13:30,,dubbing,regular,2026-08-01T10:02:59.997184
2026-08-01,sobota,warszawa,Gdzie jest Dory? (dubbing),Cinema City Warszawa Promenada,13:30,,dubbing,regular,2026-08-01T10:02:59.997184
2026-08-01,sobota,warszawa,Gdzie jest Dory? (dubbing),Cinema City Warszawa Sadyba,13:30,,dubbing,regular,2026-08-01T10:02:59.997184
2026-08-01,sobota,warszawa,Gdzie jest Nemo? 3D (dubbing),Cinema City Warszawa Arkadia,11:00,3D,dubbing,regular,2026-08-01T10:02:59.997184
2026-08-01,sobota,warszawa,Gdzie jest Nemo? 3D (dubbing),Cinema City Warszawa Bemowo,11:00,3D,dubbing,regular,2026-08-01T10:02:59.997184
2026-08-01,sobota,warszawa,Gdzie jest Nemo? 3D (dubbing),Cinema City Warszawa Galeria Mokotów,11:30,3D,dubbing,regular,2026-08-01T10:02:59.997184
2026-08-01,sobota,warszawa,Gdzie jest Nemo? 3D (dubbing),Cinema City Warszawa Galeria Północna,11:00,3D,dubbing,regular,2026-08-01T10:02:59.997184
2026-08-01,sobota,warszawa,Gdzie jest Nemo? 3D (dubbing),Cinema City Warszawa Promenada,11:00,3D,dubbing,regular,2026-08-01T10:02:59.997184
2026-08-01,sobota,warszawa,Gdzie jest Nemo? 3D (dubbing),Cinema City Warszawa Sadyba,11:00,3D,dubbing,regular,2026-08-01T10:02:59.997184
2026-08-01,sobota,warszawa,Generał,Kino Iluzjon - Muzeum Sztuki Filmowej w Warszawie,11:00,,,regular,2026-08-01T10:02:59.997184
2026-08-01,sobota,warszawa,Ghost In the Shell,Cinema City Warszawa Arkadia,15:50,,,regular,2026-08-01T10:02:59.997184
2026-08-01,sobota,warszawa,Ghost In the Shell,Cinema City Warszawa Galeria Mokotów,18:40,,,regular,2026-08-01T10:02:59.997184
2026-08-01,sobota,warszawa,Ghost In the Shell,Cinema City Warszawa Promenada,18:00,,,regular,2026-08-01T10:02:59.997184
2026-08-01,sobota,warszawa,Ghost In the Shell,Kino Kultura w Warszawie,18:15,,,regular,2026-08-01T10:02:59.997184
2026-08-01,sobota,warszawa,Ghost in the shell,Kinoteka w Warszawie,18:15,,,regular,2026-08-01T10:02:59.997184
2026-08-01,sobota,warszawa,Ghost In the Shell,Multikino Targówek,11:00,,,regular,2026-08-01T10:02:59.997184
2026-08-01,sobota,warszawa,Góra mocy,Cinema City Warszawa Arkadia,12:40,,,regular,2026-08-01T10:02:59.997184
2026-08-01,sobota,warszawa,Góra mocy,Cinema City Warszawa Bemowo,13:00,,,regular,2026-08-01T10:02:59.997184
2026-08-01,sobota,warszawa,Góra mocy,Cinema City Warszawa Galeria Mokotów,15:10,,,regular,2026-08-01T10:02:59.997184
2026-08-01,sobota,warszawa,Góra mocy,Cinema City Warszawa Galeria Północna,16:20,,,regular,2026-08-01T10:02:59.997184
2026-08-01,sobota,warszawa,Góra mocy,Cinema City Warszawa Promenada,12:50,,,regular,2026-08-01T10:02:59.997184
2026-08-01,sobota,warszawa,Góra mocy,Cinema City Warszawa Sadyba,15:40,,,regular,2026-08-01T10:02:59.997184
2026-08-01,sobota,warszawa,Góra mocy (dubbing),Cinema City Warszawa Arkadia,10:30,,dubbing,regular,2026-08-01T10:02:59.997184
2026-08-01,sobota,warszawa,Góra mocy (dubbing),Cinema City Warszawa Bemowo,10:00,,dubbing,regular,2026-08-01T10:02:59.997184
2026-08-01,sobota,warszawa,Góra mocy (dubbing),Cinema City Warszawa Galeria Północna,10:20,,dubbing,regular,2026-08-01T10:02:59.997184
2026-08-01,sobota,warszawa,Góra mocy (dubbing),Cinema City Warszawa Promenada,10:30,,dubbing,regular,2026-08-01T10:02:59.997184
2026-08-01,sobota,warszawa,Góra mocy (dubbing),Cinema City Warszawa Sadyba,13:20,,dubbing,regular,2026-08-01T10:02:59.997184
2026-08-01,sobota,warszawa,Góra mocy (dubbing),Multikino Targówek,10:55,,dubbing,regular,2026-08-01T10:02:59.997184
2026-08-01,sobota,warszawa,Jej piekło,Cinema City Warszawa Arkadia,14:00,,,regular,2026-08-01T10:02:59.997184
2026-08-01,sobota,warszawa,Jej piekło,Cinema City Warszawa Galeria Mokotów,19:50,,,regular,2026-08-01T10:02:59.997184
2026-08-01,sobota,warszawa,Jej piekło,Cinema City Warszawa Promenada,16:50,,,regular,2026-08-01T10:02:59.997184
2026-08-01,sobota,warszawa,Jej piekło,Kino Praha w Warszawie,20:50,,,regular,2026-08-01T10:02:59.997184
2026-08-01,sobota,warszawa,Jej piekło,Kinoteka w Warszawie,16:30,,,regular,2026-08-01T10:02:59.997184
2026-08-01,sobota,warszawa,Jej piekło,Kinoteka w Warszawie,21:15,,,regular,2026-08-01T10:02:59.997184
2026-08-01,sobota,warszawa,Jej piekło,Multikino Atrium Reduta w Warszawie,20:00,,,regular,2026-08-01T10:02:59.997184
2026-08-01,sobota,warszawa,Jej piekło,Multikino Młociny,20:00,,,regular,2026-08-01T10:02:59.997184
2026-08-01,sobota,warszawa,Jej piekło,Multikino Targówek,20:00,,,regular,2026-08-01T10:02:59.997184
2026-08-01,sobota,warszawa,Jej piekło,Multikino Wola,20:00,,,regular,2026-08-01T10:02:59.997184
2026-08-01,sobota,warszawa,Jej piekło,Multikino Złote Tarasy,20:00,,,regular,2026-08-01T10:02:59.997184
2026-08-01,sobota,warszawa,Kandydaci śmierci,Kino Luna w Warszawie,20:30,,,regular,2026-08-01T10:02:59.997184
2026-08-01,sobota,warszawa,Kicia Kocia na pikniku (dubbing),Kinokawiarnia Stacja Falenica w Warszawie,13:00,,dubbing,regular,2026-08-01T10:02:59.997184
2026-08-01,sobota,warszawa,Kingsajz,NoveKino Wisła w Warszawie,20:15,,,regular,2026-08-01T10:02:59.997184
2026-08-01,sobota,warszawa,Kobiety na skraju załamania nerwowego,NoveKino Wisła w Warszawie,18:30,,,regular,2026-08-01T10:02:59.997184
2026-08-01,sobota,warszawa,Kokuho,Kinoteka w Warszawie,13:00,,,regular,2026-08-01T10:02:59.997184
2026-08-01,sobota,warszawa,Kontinental 25,AMONDO Kino w Warszawie,17:50,,,regular,2026-08-01T10:02:59.997184
2026-08-01,sobota,warszawa,Kumotry,Kinoteka w Warszawie,18:30,,,regular,2026-08-01T10:02:59.997184
2026-08-01,sobota,warszawa,Kurozając i świątynia Świstaka,Kino Luna w Warszawie,10:00,,,regular,2026-08-01T10:02:59.997184
2026-08-01,sobota,warszawa,Lecąc z płetwami,Kino letnie przy Centrum Myśli Jana Pawła II w Warszawie,20:15,,,regular,2026-08-01T10:02:59.997184
2026-08-01,sobota,warszawa,Martwe zło: Ogień,Cinema City Warszawa Arkadia,20:00,,,regular,2026-08-01T10:02:59.997184
2026-08-01,sobota,warszawa,Martwe zło: Ogień,Cinema City Warszawa Arkadia,22:30,,,regular,2026-08-01T10:02:59.997184
2026-08-01,sobota,warszawa,Martwe zło: Ogień,Cinema City Warszawa Galeria Mokotów,21:20,,,regular,2026-08-01T10:02:59.997184
2026-08-01,sobota,warszawa,Martwe zło: Ogień,Cinema City Warszawa Galeria Północna,18:20,,,regular,2026-08-01T10:02:59.997184
2026-08-01,sobota,warszawa,Martwe zło: Ogień,Cinema City Warszawa Promenada,20:40,,,regular,2026-08-01T10:02:59.997184
2026-08-01,sobota,warszawa,Martwe zło: Ogień,Cinema City Warszawa Promenada,22:10,,,regular,2026-08-01T10:02:59.997184
2026-08-01,sobota,warszawa,Martwe zło: Ogień,Cinema City Warszawa Sadyba,22:00,,,regular,2026-08-01T10:02:59.997184
2026-08-01,sobota,warszawa,Michael,Cinema City Warszawa Galeria Północna,21:10,,,regular,2026-08-01T10:02:59.997184
2026-08-01,sobota,warszawa,Miłość na pierwszą stronę,Filmowa Stolica Lata - Park Obwodu Praga AK,21:00,,,regular,2026-08-01T10:02:59.997184
2026-08-01,sobota,warszawa,Minionki i straszydła (dubbing),Cinema City Warszawa Arkadia,10:50,,dubbing,regular,2026-08-01T10:02:59.997184
2026-08-01,sobota,warszawa,Minionki i straszydła (dubbing),Cinema City Warszawa Arkadia,13:00,,dubbing,regular,2026-08-01T10:02:59.997184
2026-08-01,sobota,warszawa,Minionki i straszydła (dubbing),Cinema City Warszawa Arkadia,15:10,,dubbing,regular,2026-08-01T10:02:59.997184
2026-08-01,sobota,warszawa,Minionki i straszydła (dubbing),Cinema City Warszawa Arkadia,17:20,,dubbing,regular,2026-08-01T10:02:59.997184
2026-08-01,sobota,warszawa,Minionki i straszydła (dubbing),Cinema City Warszawa Bemowo,10:00,,dubbing,regular,2026-08-01T10:02:59.997184
2026-08-01,sobota,warszawa,Minionki i straszydła (dubbing),Cinema City Warszawa Bemowo,11:40,,dubbing,regular,2026-08-01T10:02:59.997184
2026-08-01,sobota,warszawa,Minionki i straszydła (dubbing),Cinema City Warszawa Bemowo,14:00,,dubbing,regular,2026-08-01T10:02:59.997184
2026-08-01,sobota,warszawa,Minionki i straszydła (dubbing),Cinema City Warszawa Bemowo,16:10,,dubbing,regular,2026-08-01T10:02:59.997184
2026-08-01,sobota,warszawa,Minionki i straszydła (dubbing),Cinema City Warszawa Bemowo,18:20,,dubbing,regular,2026-08-01T10:02:59.997184
2026-08-01,sobota,warszawa,Minionki i straszydła (dubbing),Cinema City Warszawa Galeria Mokotów,10:00,,dubbing,regular,2026-08-01T10:02:59.997184
2026-08-01,sobota,warszawa,Minionki i straszydła (dubbing),Cinema City Warszawa Galeria Mokotów,10:40,,dubbing,regular,2026-08-01T10:02:59.997184
2026-08-01,sobota,warszawa,Minionki i straszydła (dubbing),Cinema City Warszawa Galeria Mokotów,11:20,,dubbing,regular,2026-08-01T10:02:59.997184
2026-08-01,sobota,warszawa,Minionki i straszydła (dubbing),Cinema City Warszawa Galeria Mokotów,12:10,,dubbing,regular,2026-08-01T10:02:59.997184
2026-08-01,sobota,warszawa,Minionki i straszydła (dubbing),Cinema City Warszawa Galeria Mokotów,13:30,,dubbing,regular,2026-08-01T10:02:59.997184
2026-08-01,sobota,warszawa,Minionki i straszydła (dubbing),Cinema City Warszawa Galeria Mokotów,14:20,,dubbing,regular,2026-08-01T10:02:59.997184
2026-08-01,sobota,warszawa,Minionki i straszydła (dubbing),Cinema City Warszawa Galeria Mokotów,15:40,,dubbing,regular,2026-08-01T10:02:59.997184
2026-08-01,sobota,warszawa,Minionki i straszydła (dubbing),Cinema City Warszawa Galeria Mokotów,16:30,,dubbing,regular,2026-08-01T10:02:59.997184
2026-08-01,sobota,warszawa,Minionki i straszydła (dubbing),Cinema City Warszawa Galeria Północna,10:10,,dubbing,regular,2026-08-01T10:02:59.997184
2026-08-01,sobota,warszawa,Minionki i straszydła (dubbing),Cinema City Warszawa Galeria Północna,10:50,,dubbing,regular,2026-08-01T10:02:59.997184
2026-08-01,sobota,warszawa,Minionki i straszydła (dubbing),Cinema City Warszawa Galeria Północna,12:20,,dubbing,regular,2026-08-01T10:02:59.997184
2026-08-01,sobota,warszawa,Minionki i straszydła (dubbing),Cinema City Warszawa Galeria Północna,14:30,,dubbing,regular,2026-08-01T10:02:59.997184
2026-08-01,sobota,warszawa,Minionki i straszydła (dubbing),Cinema City Warszawa Galeria Północna,16:40,,dubbing,regular,2026-08-01T10:02:59.997184
2026-08-01,sobota,warszawa,Minionki i straszydła (dubbing),Cinema City Warszawa Promenada,10:00,,dubbing,regular,2026-08-01T10:02:59.997184
2026-08-01,sobota,warszawa,Minionki i straszydła (dubbing),Cinema City Warszawa Promenada,11:40,,dubbing,regular,2026-08-01T10:02:59.997184
2026-08-01,sobota,warszawa,Minionki i straszydła (dubbing),Cinema City Warszawa Promenada,13:50,,dubbing,regular,2026-08-01T10:02:59.997184
2026-08-01,sobota,warszawa,Minionki i straszydła (dubbing),Cinema City Warszawa Promenada,16:00,,dubbing,regular,2026-08-01T10:02:59.997184
2026-08-01,sobota,warszawa,Minionki i straszydła (dubbing),Cinema City Warszawa Promenada,18:10,,dubbing,regular,2026-08-01T10:02:59.997184
2026-08-01,sobota,warszawa,Minionki i straszydła (dubbing),Cinema City Warszawa Sadyba,10:30,,dubbing,regular,2026-08-01T10:02:59.997184
2026-08-01,sobota,warszawa,Minionki i straszydła (dubbing),Cinema City Warszawa Sadyba,11:00,,dubbing,regular,2026-08-01T10:02:59.997184
2026-08-01,sobota,warszawa,Minionki i straszydła (dubbing),Cinema City Warszawa Sadyba,12:40,,dubbing,regular,2026-08-01T10:02:59.997184
2026-08-01,sobota,warszawa,Minionki i straszydła (dubbing),Cinema City Warszawa Sadyba,13:10,,dubbing,regular,2026-08-01T10:02:59.997184
2026-08-01,sobota,warszawa,Minionki i straszydła (dubbing),Cinema City Warszawa Sadyba,14:50,,dubbing,regular,2026-08-01T10:02:59.997184
2026-08-01,sobota,warszawa,Minionki i straszydła (dubbing),Cinema City Warszawa Sadyba,15:20,,dubbing,regular,2026-08-01T10:02:59.997184
2026-08-01,sobota,warszawa,Minionki i straszydła (dubbing),Cinema City Warszawa Sadyba,17:00,,dubbing,regular,2026-08-01T10:02:59.997184
2026-08-01,sobota,warszawa,Minionki i straszydła (dubbing),Helios Warszawa Blue City,10:00,,dubbing,regular,2026-08-01T10:02:59.997184
2026-08-01,sobota,warszawa,Minionki i straszydła (dubbing),Helios Warszawa Blue City,10:40,,dubbing,regular,2026-08-01T10:02:59.997184
2026-08-01,sobota,warszawa,Minionki i straszydła (dubbing),Helios Warszawa Blue City,12:50,,dubbing,regular,2026-08-01T10:02:59.997184
2026-08-01,sobota,warszawa,Minionki i straszydła (dubbing),Helios Warszawa Blue City,14:00,,dubbing,regular,2026-08-01T10:02:59.997184
2026-08-01,sobota,warszawa,Minionki i straszydła (dubbing),Helios Warszawa Blue City,18:00,,dubbing,regular,2026-08-01T10:02:59.997184
2026-08-01,sobota,warszawa,Minionki i straszydła (dubbing),Kinokawiarnia Stacja Falenica w Warszawie,14:00,,dubbing,regular,2026-08-01T10:02:59.997184
2026-08-01,sobota,warszawa,Minionki i straszydła (dubbing),Multikino Atrium Reduta w Warszawie,11:00,,dubbing,regular,2026-08-01T10:02:59.997184
2026-08-01,sobota,warszawa,Minionki i straszydła (dubbing),Multikino Atrium Reduta w Warszawie,13:15,,dubbing,regular,2026-08-01T10:02:59.997184
2026-08-01,sobota,warszawa,Minionki i straszydła (dubbing),Multikino Atrium Reduta w Warszawie,15:45,,dubbing,regular,2026-08-01T10:02:59.997184
2026-08-01,sobota,warszawa,Minionki i straszydła (dubbing),Multikino Atrium Reduta w Warszawie,17:50,,dubbing,regular,2026-08-01T10:02:59.997184
2026-08-01,sobota,warszawa,Minionki i straszydła (dubbing),Multikino Młociny,10:00,,dubbing,regular,2026-08-01T10:02:59.997184
2026-08-01,sobota,warszawa,Minionki i straszydła (dubbing),Multikino Młociny,11:10,,dubbing,regular,2026-08-01T10:02:59.997184
2026-08-01,sobota,warszawa,Minionki i straszydła (dubbing),Multikino Młociny,12:10,,dubbing,regular,2026-08-01T10:02:59.997184
2026-08-01,sobota,warszawa,Minionki i straszydła (dubbing),Multikino Młociny,13:20,,dubbing,regular,2026-08-01T10:02:59.997184
2026-08-01,sobota,warszawa,Minionki i straszydła (dubbing),Multikino Młociny,15:35,,dubbing,regular,2026-08-01T10:02:59.997184
2026-08-01,sobota,warszawa,Minionki i straszydła (dubbing),Multikino Młociny,17:45,,dubbing,regular,2026-08-01T10:02:59.997184
2026-08-01,sobota,warszawa,Minionki i straszydła (dubbing),Multikino Targówek,10:15,,dubbing,regular,2026-08-01T10:02:59.997184
2026-08-01,sobota,warszawa,Minionki i straszydła (dubbing),Multikino Targówek,10:35,,dubbing,regular,2026-08-01T10:02:59.997184
2026-08-01,sobota,warszawa,Minionki i straszydła (dubbing),Multikino Targówek,12:25,,dubbing,regular,2026-08-01T10:02:59.997184
2026-08-01,sobota,warszawa,Minionki i straszydła (dubbing),Multikino Targówek,14:35,,dubbing,regular,2026-08-01T10:02:59.997184
2026-08-01,sobota,warszawa,Minionki i straszydła (dubbing),Multikino Targówek,16:45,,dubbing,regular,2026-08-01T10:02:59.997184
2026-08-01,sobota,warszawa,Minionki i straszydła (dubbing),Multikino Targówek,18:55,,dubbing,regular,2026-08-01T10:02:59.997184
2026-08-01,sobota,warszawa,Minionki i straszydła (dubbing),Multikino Wola,10:50,,dubbing,regular,2026-08-01T10:02:59.997184
2026-08-01,sobota,warszawa,Minionki i straszydła (dubbing),Multikino Wola,13:10,,dubbing,regular,2026-08-01T10:02:59.997184
2026-08-01,sobota,warszawa,Minionki i straszydła (dubbing),Multikino Wola,15:20,,dubbing,regular,2026-08-01T10:02:59.997184
2026-08-01,sobota,warszawa,Minionki i straszydła (dubbing),Multikino Wola,17:30,,dubbing,regular,2026-08-01T10:02:59.997184
2026-08-01,sobota,warszawa,Minionki i straszydła (dubbing),Multikino Złote Tarasy,11:10,,dubbing,regular,2026-08-01T10:02:59.997184
2026-08-01,sobota,warszawa,Minionki i straszydła (dubbing),Multikino Złote Tarasy,13:20,,dubbing,regular,2026-08-01T10:02:59.997184
2026-08-01,sobota,warszawa,Minionki i straszydła (dubbing),Multikino Złote Tarasy,15:35,,dubbing,regular,2026-08-01T10:02:59.997184
2026-08-01,sobota,warszawa,Minionki i straszydła (dubbing),Multikino Złote Tarasy,17:00,,dubbing,regular,2026-08-01T10:02:59.997184
2026-08-01,sobota,warszawa,Minionki i straszydła (dubbing),NoveKino Wisła w Warszawie,13:30,,dubbing,regular,2026-08-01T10:02:59.997184
2026-08-01,sobota,warszawa,Młody Waszyngton,Cinema City Warszawa Arkadia,11:20,,,regular,2026-08-01T10:02:59.997184
2026-08-01,sobota,warszawa,Młody Waszyngton,Cinema City Warszawa Arkadia,20:40,,,regular,2026-08-01T10:02:59.997184
2026-08-01,sobota,warszawa,Młody Waszyngton,Cinema City Warszawa Bemowo,18:00,,,regular,2026-08-01T10:02:59.997184
2026-08-01,sobota,warszawa,Młody Waszyngton,Cinema City Warszawa Bemowo,20:50,,,regular,2026-08-01T10:02:59.997184
2026-08-01,sobota,warszawa,Młody Waszyngton,Cinema City Warszawa Galeria Mokotów,11:50,,,regular,2026-08-01T10:02:59.997184
2026-08-01,sobota,warszawa,Młody Waszyngton,Cinema City Warszawa Galeria Mokotów,17:10,,,regular,2026-08-01T10:02:59.997184
2026-08-01,sobota,warszawa,Młody Waszyngton,Cinema City Warszawa Galeria Północna,18:40,,,regular,2026-08-01T10:02:59.997184
2026-08-01,sobota,warszawa,Młody Waszyngton,Cinema City Warszawa Promenada,19:20,,,regular,2026-08-01T10:02:59.997184
2026-08-01,sobota,warszawa,Młody Waszyngton,Cinema City Warszawa Promenada,21:00,,,regular,2026-08-01T10:02:59.997184
2026-08-01,sobota,warszawa,Młody Waszyngton,Cinema City Warszawa Sadyba,19:10,,,regular,2026-08-01T10:02:59.997184
2026-08-01,sobota,warszawa,Młody Waszyngton,Kino Luna w Warszawie,14:00,,,regular,2026-08-01T10:02:59.997184
2026-08-01,sobota,warszawa,Młody Waszyngton,Kino Luna w Warszawie,18:15,,,regular,2026-08-01T10:02:59.997184
2026-08-01,sobota,warszawa,Młody Waszyngton,Multikino Targówek,19:50,,,regular,2026-08-01T10:02:59.997184
2026-08-01,sobota,warszawa,Nienawiść,AMONDO Kino w Warszawie,20:15,,,regular,2026-08-01T10:02:59.997184
2026-08-01,sobota,warszawa,Niesamowite przygody skarpetek 3. Ale kosmos!,Cinema City Warszawa Bemowo,10:15,,,regular,2026-08-01T10:02:59.997184
2026-08-01,sobota,warszawa,Niesamowite przygody skarpetek 3. Ale kosmos!,Cinema City Warszawa Promenada,11:10,,,regular,2026-08-01T10:02:59.997184
2026-08-01,sobota,warszawa,Niewidzialny Wszechświat,Planetarium Centrum Nauki Kopernik w Warszawie,19:00,,,regular,2026-08-01T10:02:59.997184
2026-08-01,sobota,warszawa,O czym sobie nie mówimy,Cinema City Warszawa Bemowo,18:15,,,regular,2026-08-01T10:02:59.997184
2026-08-01,sobota,warszawa,O czym sobie nie mówimy,Cinema City Warszawa Promenada,11:50,,,regular,2026-08-01T10:02:59.997184
2026-08-01,sobota,warszawa,O czym sobie nie mówimy,Kino Atlantic w Warszawie,12:30,,,regular,2026-08-01T10:02:59.997184
2026-08-01,sobota,warszawa,O czym sobie nie mówimy,Kino Elektronik w Warszawie,20:15,,,regular,2026-08-01T10:02:59.997184
2026-08-01,sobota,warszawa,O czym sobie nie mówimy,Kino Luna w Warszawie,20:05,,,regular,2026-08-01T10:02:59.997184
2026-08-01,sobota,warszawa,O czym sobie nie mówimy,Kinokawiarnia Stacja Falenica w Warszawie,18:15,,,regular,2026-08-01T10:02:59.997184
2026-08-01,sobota,warszawa,O czym sobie nie mówimy,Kinoteka w Warszawie,11:30,,,regular,2026-08-01T10:02:59.997184
2026-08-01,sobota,warszawa,O czym sobie nie mówimy,Kinoteka w Warszawie,13:30,,,regular,2026-08-01T10:02:59.997184
2026-08-01,sobota,warszawa,Obsesja,Cinema City Warszawa Arkadia,19:30,,,regular,2026-08-01T10:02:59.997184
2026-08-01,sobota,warszawa,Obsesja,Cinema City Warszawa Bemowo,21:50,,,regular,2026-08-01T10:02:59.997184
2026-08-01,sobota,warszawa,Obsesja,Cinema City Warszawa Galeria Mokotów,17:20,,,regular,2026-08-01T10:02:59.997184
2026-08-01,sobota,warszawa,Obsesja,Cinema City Warszawa Galeria Mokotów,22:20,,,regular,2026-08-01T10:02:59.997184
2026-08-01,sobota,warszawa,Obsesja,Cinema City Warszawa Galeria Północna,21:00,,,regular,2026-08-01T10:02:59.997184
2026-08-01,sobota,warszawa,Obsesja,Cinema City Warszawa Promenada,18:45,,,regular,2026-08-01T10:02:59.997184
2026-08-01,sobota,warszawa,Obsesja,Cinema City Warszawa Sadyba,20:10,,,regular,2026-08-01T10:02:59.997184
2026-08-01,sobota,warszawa,Obsesja,Kino Atlantic w Warszawie,20:15,,,regular,2026-08-01T10:02:59.997184
2026-08-01,sobota,warszawa,Obsesja,Kinoteka w Warszawie,16:00,,,regular,2026-08-01T10:02:59.997184
2026-08-01,sobota,warszawa,Obsesja,Multikino Atrium Reduta w Warszawie,21:35,,,regular,2026-08-01T10:02:59.997184
2026-08-01,sobota,warszawa,Obsesja,Multikino Młociny,10:40,,,regular,2026-08-01T10:02:59.997184
2026-08-01,sobota,warszawa,Obsesja,Multikino Targówek,13:55,,,regular,2026-08-01T10:02:59.997184
2026-08-01,sobota,warszawa,Obsesja,Multikino Targówek,21:05,,,regular,2026-08-01T10:02:59.997184
2026-08-01,sobota,warszawa,Obsesja,Multikino Wola,13:30,,,regular,2026-08-01T10:02:59.997184
2026-08-01,sobota,warszawa,Obsesja,Multikino Złote Tarasy,17:45,,,regular,2026-08-01T10:02:59.997184
2026-08-01,sobota,warszawa,Obsesja,Multikino Złote Tarasy,21:30,,,regular,2026-08-01T10:02:59.997184
2026-08-01,sobota,warszawa,Odyseja,Cinema City Warszawa Arkadia,10:10,,,regular,2026-08-01T10:02:59.997184
2026-08-01,sobota,warszawa,Odyseja,Cinema City Warszawa Arkadia,11:40,,,regular,2026-08-01T10:02:59.997184
2026-08-01,sobota,warszawa,Odyseja,Cinema City Warszawa Arkadia,12:30,,,regular,2026-08-01T10:02:59.997184
2026-08-01,sobota,warszawa,Odyseja,Cinema City Warszawa Arkadia,13:50,,,regular,2026-08-01T10:02:59.997184
2026-08-01,sobota,warszawa,Odyseja,Cinema City Warszawa Arkadia,15:20,,,regular,2026-08-01T10:02:59.997184
2026-08-01,sobota,warszawa,Odyseja,Cinema City Warszawa Arkadia,16:10,,,regular,2026-08-01T10:02:59.997184
2026-08-01,sobota,warszawa,Odyseja,Cinema City Warszawa Arkadia,17:30,,,regular,2026-08-01T10:02:59.997184
2026-08-01,sobota,warszawa,Odyseja,Cinema City Warszawa Arkadia,19:00,,,regular,2026-08-01T10:02:59.997184
2026-08-01,sobota,warszawa,Odyseja,Cinema City Warszawa Arkadia,19:50,,,regular,2026-08-01T10:02:59.997184
2026-08-01,sobota,warszawa,Odyseja,Cinema City Warszawa Arkadia,21:10,,,regular,2026-08-01T10:02:59.997184
2026-08-01,sobota,warszawa,Odyseja,Cinema City Warszawa Bemowo,10:45,,,regular,2026-08-01T10:02:59.997184
2026-08-01,sobota,warszawa,Odyseja,Cinema City Warszawa Bemowo,11:30,,,regular,2026-08-01T10:02:59.997184
2026-08-01,sobota,warszawa,Odyseja,Cinema City Warszawa Bemowo,14:20,,,regular,2026-08-01T10:02:59.997184
2026-08-01,sobota,warszawa,Odyseja,Cinema City Warszawa Bemowo,15:10,,,regular,2026-08-01T10:02:59.997184
2026-08-01,sobota,warszawa,Odyseja,Cinema City Warszawa Bemowo,18:10,,,regular,2026-08-01T10:02:59.997184
2026-08-01,sobota,warszawa,Odyseja,Cinema City Warszawa Bemowo,19:00,,,regular,2026-08-01T10:02:59.997184
2026-08-01,sobota,warszawa,Odyseja,Cinema City Warszawa Bemowo,20:10,,,regular,2026-08-01T10:02:59.997184
2026-08-01,sobota,warszawa,Odyseja,Cinema City Warszawa Bemowo,21:00,,,regular,2026-08-01T10:02:59.997184
2026-08-01,sobota,warszawa,Odyseja,Cinema City Warszawa Galeria Mokotów,10:00,,,regular,2026-08-01T10:02:59.997184
2026-08-01,sobota,warszawa,Odyseja,Cinema City Warszawa Galeria Mokotów,12:40,,,regular,2026-08-01T10:02:59.997184
2026-08-01,sobota,warszawa,Odyseja,Cinema City Warszawa Galeria Mokotów,16:20,,,regular,2026-08-01T10:02:59.997184
2026-08-01,sobota,warszawa,Odyseja,Cinema City Warszawa Galeria Mokotów,18:50,,,regular,2026-08-01T10:02:59.997184
2026-08-01,sobota,warszawa,Odyseja,Cinema City Warszawa Galeria Mokotów,20:00,,,regular,2026-08-01T10:02:59.997184
2026-08-01,sobota,warszawa,Odyseja,Cinema City Warszawa Galeria Mokotów,21:10,,,regular,2026-08-01T10:02:59.997184
2026-08-01,sobota,warszawa,Odyseja,Cinema City Warszawa Galeria Północna,11:00,,,regular,2026-08-01T10:02:59.997184
2026-08-01,sobota,warszawa,Odyseja,Cinema City Warszawa Galeria Północna,12:30,,,regular,2026-08-01T10:02:59.997184
2026-08-01,sobota,warszawa,Odyseja,Cinema City Warszawa Galeria Północna,13:10,,,regular,2026-08-01T10:02:59.997184
2026-08-01,sobota,warszawa,Odyseja,Cinema City Warszawa Galeria Północna,16:50,,,regular,2026-08-01T10:02:59.997184
2026-08-01,sobota,warszawa,Odyseja,Cinema City Warszawa Galeria Północna,18:10,,,regular,2026-08-01T10:02:59.997184
2026-08-01,sobota,warszawa,Odyseja,Cinema City Warszawa Galeria Północna,20:30,,,regular,2026-08-01T10:02:59.997184
2026-08-01,sobota,warszawa,Odyseja,Cinema City Warszawa Galeria Północna,21:40,,,regular,2026-08-01T10:02:59.997184
2026-08-01,sobota,warszawa,Odyseja,Cinema City Warszawa Promenada,10:10,,,regular,2026-08-01T10:02:59.997184
2026-08-01,sobota,warszawa,Odyseja,Cinema City Warszawa Promenada,11:30,,,regular,2026-08-01T10:02:59.997184
2026-08-01,sobota,warszawa,Odyseja,Cinema City Warszawa Promenada,12:50,,,regular,2026-08-01T10:02:59.997184
2026-08-01,sobota,warszawa,Odyseja,Cinema City Warszawa Promenada,13:50,,,regular,2026-08-01T10:02:59.997184
2026-08-01,sobota,warszawa,Odyseja,Cinema City Warszawa Promenada,15:15,,,regular,2026-08-01T10:02:59.997184
2026-08-01,sobota,warszawa,Odyseja,Cinema City Warszawa Promenada,17:30,,,regular,2026-08-01T10:02:59.997184
2026-08-01,sobota,warszawa,Odyseja,Cinema City Warszawa Promenada,19:00,,,regular,2026-08-01T10:02:59.997184
2026-08-01,sobota,warszawa,Odyseja,Cinema City Warszawa Promenada,20:20,,,regular,2026-08-01T10:02:59.997184
2026-08-01,sobota,warszawa,Odyseja,Cinema City Warszawa Promenada,21:10,,,regular,2026-08-01T10:02:59.997184
2026-08-01,sobota,warszawa,Odyseja,Cinema City Warszawa Sadyba,10:00,,,regular,2026-08-01T10:02:59.997184
2026-08-01,sobota,warszawa,Odyseja,Cinema City Warszawa Sadyba,11:30,,,regular,2026-08-01T10:02:59.997184
2026-08-01,sobota,warszawa,Odyseja,Cinema City Warszawa Sadyba,13:45,,,regular,2026-08-01T10:02:59.997184
2026-08-01,sobota,warszawa,Odyseja,Cinema City Warszawa Sadyba,15:15,,,regular,2026-08-01T10:02:59.997184
2026-08-01,sobota,warszawa,Odyseja,Cinema City Warszawa Sadyba,17:30,,,regular,2026-08-01T10:02:59.997184
2026-08-01,sobota,warszawa,Odyseja,Cinema City Warszawa Sadyba,19:00,,,regular,2026-08-01T10:02:59.997184
2026-08-01,sobota,warszawa,Odyseja,Cinema City Warszawa Sadyba,21:15,,,regular,2026-08-01T10:02:59.997184
2026-08-01,sobota,warszawa,Odyseja,Cinema City Warszawa Sadyba IMAX,10:30,,,regular,2026-08-01T10:02:59.997184
2026-08-01,sobota,warszawa,Odyseja,Cinema City Warszawa Sadyba IMAX,14:15,,,regular,2026-08-01T10:02:59.997184
2026-08-01,sobota,warszawa,Odyseja,Cinema City Warszawa Sadyba IMAX,18:00,,,regular,2026-08-01T10:02:59.997184
2026-08-01,sobota,warszawa,Odyseja,Cinema City Warszawa Sadyba IMAX,21:45,,,regular,2026-08-01T10:02:59.997184
2026-08-01,sobota,warszawa,Odyseja,Helios Warszawa Blue City,10:30,,,regular,2026-08-01T10:02:59.997184
2026-08-01,sobota,warszawa,Odyseja,Helios Warszawa Blue City,15:10,,,regular,2026-08-01T10:02:59.997184
2026-08-01,sobota,warszawa,Odyseja,Helios Warszawa Blue City,19:15,,,regular,2026-08-01T10:02:59.997184
2026-08-01,sobota,warszawa,Odyseja,Helios Warszawa Blue City,20:15,,,regular,2026-08-01T10:02:59.997184
2026-08-01,sobota,warszawa,Odyseja,Kino Atlantic w Warszawie,15:30,,,regular,2026-08-01T10:02:59.997184
2026-08-01,sobota,warszawa,Odyseja,Kino Atlantic w Warszawie,19:00,,,regular,2026-08-01T10:02:59.997184
2026-08-01,sobota,warszawa,Odyseja,Kino Elektronik w Warszawie,20:00,,,regular,2026-08-01T10:02:59.997184
2026-08-01,sobota,warszawa,Odyseja,Kino Kultura w Warszawie,14:45,,,regular,2026-08-01T10:02:59.997184
2026-08-01,sobota,warszawa,Odyseja,KinoGram w Warszawie,16:30,,,regular,2026-08-01T10:02:59.997184
2026-08-01,sobota,warszawa,Odyseja,KinoGram w Warszawie,19:00,,,regular,2026-08-01T10:02:59.997184
2026-08-01,sobota,warszawa,Odyseja,KinoGram w Warszawie,20:15,,,regular,2026-08-01T10:02:59.997184
2026-08-01,sobota,warszawa,Odyseja,Kinoteka w Warszawie,13:30,,,regular,2026-08-01T10:02:59.997184
2026-08-01,sobota,warszawa,Odyseja,Kinoteka w Warszawie,15:00,,,regular,2026-08-01T10:02:59.997184
2026-08-01,sobota,warszawa,Odyseja,Kinoteka w Warszawie,17:00,,,regular,2026-08-01T10:02:59.997184
2026-08-01,sobota,warszawa,Odyseja,Kinoteka w Warszawie,18:30,,,regular,2026-08-01T10:02:59.997184
2026-08-01,sobota,warszawa,Odyseja,Kinoteka w Warszawie,20:30,,,regular,2026-08-01T10:02:59.997184
2026-08-01,sobota,warszawa,Odyseja,Multikino Atrium Reduta w Warszawie,10:45,,,regular,2026-08-01T10:02:59.997184
2026-08-01,sobota,warszawa,Odyseja,Multikino Atrium Reduta w Warszawie,14:20,,,regular,2026-08-01T10:02:59.997184
2026-08-01,sobota,warszawa,Odyseja,Multikino Atrium Reduta w Warszawie,16:25,,,regular,2026-08-01T10:02:59.997184
2026-08-01,sobota,warszawa,Odyseja,Multikino Atrium Reduta w Warszawie,18:00,,,regular,2026-08-01T10:02:59.997184
2026-08-01,sobota,warszawa,Odyseja,Multikino Atrium Reduta w Warszawie,20:00,,,regular,2026-08-01T10:02:59.997184
2026-08-01,sobota,warszawa,Odyseja,Multikino Młociny,10:45,,,regular,2026-08-01T10:02:59.997184
2026-08-01,sobota,warszawa,Odyseja,Multikino Młociny,13:15,,,regular,2026-08-01T10:02:59.997184
2026-08-01,sobota,warszawa,Odyseja,Multikino Młociny,14:15,,,regular,2026-08-01T10:02:59.997184
2026-08-01,sobota,warszawa,Odyseja,Multikino Młociny,16:15,,,regular,2026-08-01T10:02:59.997184
2026-08-01,sobota,warszawa,Odyseja,Multikino Młociny,17:20,,,regular,2026-08-01T10:02:59.997184
2026-08-01,sobota,warszawa,Odyseja,Multikino Młociny,17:55,,,regular,2026-08-01T10:02:59.997184
2026-08-01,sobota,warszawa,Odyseja,Multikino Młociny,19:50,,,regular,2026-08-01T10:02:59.997184
2026-08-01,sobota,warszawa,Odyseja,Multikino Młociny,20:50,,,regular,2026-08-01T10:02:59.997184
2026-08-01,sobota,warszawa,Odyseja,Multikino Targówek,11:30,,,regular,2026-08-01T10:02:59.997184
2026-08-01,sobota,warszawa,Odyseja,Multikino Targówek,12:50,,,regular,2026-08-01T10:02:59.997184
2026-08-01,sobota,warszawa,Odyseja,Multikino Targówek,15:10,,,regular,2026-08-01T10:02:59.997184
2026-08-01,sobota,warszawa,Odyseja,Multikino Targówek,16:30,,,regular,2026-08-01T10:02:59.997184
2026-08-01,sobota,warszawa,Odyseja,Multikino Targówek,17:30,,,regular,2026-08-01T10:02:59.997184
2026-08-01,sobota,warszawa,Odyseja,Multikino Targówek,19:05,,,regular,2026-08-01T10:02:59.997184
2026-08-01,sobota,warszawa,Odyseja,Multikino Targówek,20:30,,,regular,2026-08-01T10:02:59.997184
2026-08-01,sobota,warszawa,Odyseja,Multikino Targówek,21:00,,,regular,2026-08-01T10:02:59.997184
2026-08-01,sobota,warszawa,Odyseja,Multikino Wola,10:50,,,regular,2026-08-01T10:02:59.997184
2026-08-01,sobota,warszawa,Odyseja,Multikino Wola,14:25,,,regular,2026-08-01T10:02:59.997184
2026-08-01,sobota,warszawa,Odyseja,Multikino Wola,18:00,,,regular,2026-08-01T10:02:59.997184
2026-08-01,sobota,warszawa,Odyseja,Multikino Wola,20:20,,,regular,2026-08-01T10:02:59.997184
2026-08-01,sobota,warszawa,Odyseja,Multikino Złote Tarasy,11:35,,,regular,2026-08-01T10:02:59.997184
2026-08-01,sobota,warszawa,Odyseja,Multikino Złote Tarasy,12:55,,,regular,2026-08-01T10:02:59.997184
2026-08-01,sobota,warszawa,Odyseja,Multikino Złote Tarasy,15:20,,,regular,2026-08-01T10:02:59.997184
2026-08-01,sobota,warszawa,Odyseja,Multikino Złote Tarasy,19:35,,,regular,2026-08-01T10:02:59.997184
2026-08-01,sobota,warszawa,Odyseja,NoveKino Wisła w Warszawie,15:45,,,regular,2026-08-01T10:02:59.997184
2026-08-01,sobota,warszawa,Odyseja / Одіссея (ukr.),Cinema City Warszawa Arkadia,18:00,,,regular,2026-08-01T10:02:59.997184
2026-08-01,sobota,warszawa,Odyseja / Одіссея (ukr.),Cinema City Warszawa Galeria Mokotów,21:40,,,regular,2026-08-01T10:02:59.997184
2026-08-01,sobota,warszawa,Odyseja / Одіссея (ukr.),Cinema City Warszawa Galeria Północna,17:10,,,regular,2026-08-01T10:02:59.997184
2026-08-01,sobota,warszawa,Odyseja / Одіссея (ukr.),Cinema City Warszawa Galeria Północna,20:50,,,regular,2026-08-01T10:02:59.997184
2026-08-01,sobota,warszawa,Odyseja / Одіссея (ukr.),Helios Warszawa Blue City,18:15,,,regular,2026-08-01T10:02:59.997184
2026-08-01,sobota,warszawa,Ojczyzna,Kino Atlantic w Warszawie,11:45,,,regular,2026-08-01T10:02:59.997184
2026-08-01,sobota,warszawa,Ojczyzna,Kino Atlantic w Warszawie,13:30,,,regular,2026-08-01T10:02:59.997184
2026-08-01,sobota,warszawa,Ojczyzna,Kino Atlantic w Warszawie,18:00,,,regular,2026-08-01T10:02:59.997184
2026-08-01,sobota,warszawa,Ojczyzna,Kinoteka w Warszawie,18:30,,,regular,2026-08-01T10:02:59.997184
2026-08-01,sobota,warszawa,Ojczyzna,NoveKino Wisła w Warszawie,12:00,,,regular,2026-08-01T10:02:59.997184
2026-08-01,sobota,warszawa,Osiem i pół,Kino Praha w Warszawie,18:00,,,regular,2026-08-01T10:02:59.997184
2026-08-01,sobota,warszawa,"Oslo, 31 sierpnia",AMONDO Kino w Warszawie,18:15,,,regular,2026-08-01T10:02:59.997184
2026-08-01,sobota,warszawa,Ostatni konsjerż,Cinema City Warszawa Arkadia,18:40,,,regular,2026-08-01T10:02:59.997184
2026-08-01,sobota,warszawa,Ostatni konsjerż,Cinema City Warszawa Galeria Mokotów,19:10,,,regular,2026-08-01T10:02:59.997184
2026-08-01,sobota,warszawa,Ostatni konsjerż,Kino Atlantic w Warszawie,16:00,,,regular,2026-08-01T10:02:59.997184
2026-08-01,sobota,warszawa,Ostatni konsjerż,Kino Elektronik w Warszawie,18:30,,,regular,2026-08-01T10:02:59.997184
2026-08-01,sobota,warszawa,Ostatni konsjerż,Kino Kultura w Warszawie,16:30,,,regular,2026-08-01T10:02:59.997184
2026-08-01,sobota,warszawa,Ostatni konsjerż,Kino Luna w Warszawie,14:15,,,regular,2026-08-01T10:02:59.997184
2026-08-01,sobota,warszawa,Ostatni konsjerż,Kino Luna w Warszawie,18:30,,,regular,2026-08-01T10:02:59.997184
2026-08-01,sobota,warszawa,Ostatni konsjerż,Kino Praha w Warszawie,16:20,,,regular,2026-08-01T10:02:59.997184
2026-08-01,sobota,warszawa,Ostatni konsjerż,Kinokawiarnia Stacja Falenica w Warszawie,20:30,,,regular,2026-08-01T10:02:59.997184
2026-08-01,sobota,warszawa,Ostatni konsjerż,Kinomuzeum w Muzeum Sztuki Nowoczesnej w Warszawie,20:30,,,regular,2026-08-01T10:02:59.997184
2026-08-01,sobota,warszawa,Ostatni konsjerż,Kinoteka w Warszawie,14:00,,,regular,2026-08-01T10:02:59.997184
2026-08-01,sobota,warszawa,Ostatni konsjerż,NoveKino Wisła w Warszawie,14:00,,,regular,2026-08-01T10:02:59.997184
2026-08-01,sobota,warszawa,Parasolki z Cherbourga,Kino Iluzjon - Muzeum Sztuki Filmowej w Warszawie,17:30,,,regular,2026-08-01T10:02:59.997184
2026-08-01,sobota,warszawa,Polaris,Planetarium Centrum Nauki Kopernik w Warszawie,12:30,,,regular,2026-08-01T10:02:59.997184
2026-08-01,sobota,warszawa,Pucio,Cinema City Warszawa Galeria Północna,10:00,,,regular,2026-08-01T10:02:59.997184
2026-08-01,sobota,warszawa,Pucio,Cinema City Warszawa Promenada,10:15,,,regular,2026-08-01T10:02:59.997184
2026-08-01,sobota,warszawa,Pucio,Multikino Atrium Reduta w Warszawie,10:00,,,regular,2026-08-01T10:02:59.997184
2026-08-01,sobota,warszawa,Pucio,Multikino Młociny,10:20,,,regular,2026-08-01T10:02:59.997184
2026-08-01,sobota,warszawa,Pucio,Multikino Targówek,10:15,,,regular,2026-08-01T10:02:59.997184
2026-08-01,sobota,warszawa,Pucio,Multikino Wola,10:15,,,regular,2026-08-01T10:02:59.997184
2026-08-01,sobota,warszawa,Pucio,Multikino Złote Tarasy,10:30,,,regular,2026-08-01T10:02:59.997184
2026-08-01,sobota,warszawa,Requiem dla snu,Cinema City Warszawa Arkadia,21:30,,,regular,2026-08-01T10:02:59.997184
2026-08-01,sobota,warszawa,Requiem dla snu,Cinema City Warszawa Bemowo,20:30,,,regular,2026-08-01T10:02:59.997184
2026-08-01,sobota,warszawa,Requiem dla snu,Cinema City Warszawa Promenada,18:20,,,regular,2026-08-01T10:02:59.997184
2026-08-01,sobota,warszawa,Requiem dla snu,Cinema City Warszawa Sadyba,17:40,,,regular,2026-08-01T10:02:59.997184
2026-08-01,sobota,warszawa,Requiem dla snu,Kino Elektronik w Warszawie,18:00,,,regular,2026-08-01T10:02:59.997184
2026-08-01,sobota,warszawa,Requiem dla snu,Kino Luna w Warszawie,16:30,,,regular,2026-08-01T10:02:59.997184
2026-08-01,sobota,warszawa,Requiem dla snu,Kinoteka w Warszawie,20:30,,,regular,2026-08-01T10:02:59.997184
2026-08-01,sobota,warszawa,Requiem dla snu,NoveKino Wisła w Warszawie,16:20,,,regular,2026-08-01T10:02:59.997184
2026-08-01,sobota,warszawa,Sny o słoniach,Kinokawiarnia Stacja Falenica w Warszawie,16:15,,,regular,2026-08-01T10:02:59.997184
2026-08-01,sobota,warszawa,Spider-Man. Całkiem nowy dzień,Cinema City Warszawa Arkadia,10:30,,,regular,2026-08-01T10:02:59.997184
2026-08-01,sobota,warszawa,Spider-Man. Całkiem nowy dzień,Cinema City Warszawa Arkadia,13:40,,,regular,2026-08-01T10:02:59.997184
2026-08-01,sobota,warszawa,Spider-Man. Całkiem nowy dzień,Cinema City Warszawa Arkadia,16:50,,,regular,2026-08-01T10:02:59.997184
2026-08-01,sobota,warszawa,Spider-Man. Całkiem nowy dzień,Cinema City Warszawa Arkadia,18:20,,,regular,2026-08-01T10:02:59.997184
2026-08-01,sobota,warszawa,Spider-Man. Całkiem nowy dzień,Cinema City Warszawa Arkadia,19:10,,,regular,2026-08-01T10:02:59.997184
2026-08-01,sobota,warszawa,Spider-Man. Całkiem nowy dzień,Cinema City Warszawa Arkadia,20:00,,,regular,2026-08-01T10:02:59.997184
2026-08-01,sobota,warszawa,Spider-Man. Całkiem nowy dzień,Cinema City Warszawa Arkadia,21:30,,,regular,2026-08-01T10:02:59.997184
2026-08-01,sobota,warszawa,Spider-Man. Całkiem nowy dzień,Cinema City Warszawa Arkadia,22:15,,,regular,2026-08-01T10:02:59.997184
2026-08-01,sobota,warszawa,Spider-Man. Całkiem nowy dzień,Cinema City Warszawa Bemowo,10:30,,,regular,2026-08-01T10:02:59.997184
2026-08-01,sobota,warszawa,Spider-Man. Całkiem nowy dzień,Cinema City Warszawa Bemowo,13:40,,,regular,2026-08-01T10:02:59.997184
2026-08-01,sobota,warszawa,Spider-Man. Całkiem nowy dzień,Cinema City Warszawa Bemowo,16:50,,,regular,2026-08-01T10:02:59.997184
2026-08-01,sobota,warszawa,Spider-Man. Całkiem nowy dzień,Cinema City Warszawa Bemowo,20:00,,,regular,2026-08-01T10:02:59.997184
2026-08-01,sobota,warszawa,Spider-Man. Całkiem nowy dzień,Cinema City Warszawa Bemowo,20:45,,,regular,2026-08-01T10:02:59.997184
2026-08-01,sobota,warszawa,Spider-Man. Całkiem nowy dzień,Cinema City Warszawa Bemowo,21:40,,,regular,2026-08-01T10:02:59.997184
2026-08-01,sobota,warszawa,Spider-Man. Całkiem nowy dzień,Cinema City Warszawa Galeria Mokotów,11:00,,,regular,2026-08-01T10:02:59.997184
2026-08-01,sobota,warszawa,Spider-Man. Całkiem nowy dzień,Cinema City Warszawa Galeria Mokotów,13:40,,,regular,2026-08-01T10:02:59.997184
2026-08-01,sobota,warszawa,Spider-Man. Całkiem nowy dzień,Cinema City Warszawa Galeria Mokotów,14:10,,,regular,2026-08-01T10:02:59.997184
2026-08-01,sobota,warszawa,Spider-Man. Całkiem nowy dzień,Cinema City Warszawa Galeria Mokotów,17:20,,,regular,2026-08-01T10:02:59.997184
2026-08-01,sobota,warszawa,Spider-Man. Całkiem nowy dzień,Cinema City Warszawa Galeria Mokotów,19:40,,,regular,2026-08-01T10:02:59.997184
2026-08-01,sobota,warszawa,Spider-Man. Całkiem nowy dzień,Cinema City Warszawa Galeria Mokotów,20:00,,,regular,2026-08-01T10:02:59.997184
2026-08-01,sobota,warszawa,Spider-Man. Całkiem nowy dzień,Cinema City Warszawa Galeria Mokotów,20:30,,,regular,2026-08-01T10:02:59.997184
2026-08-01,sobota,warszawa,Spider-Man. Całkiem nowy dzień,Cinema City Warszawa Galeria Mokotów,21:00,,,regular,2026-08-01T10:02:59.997184
2026-08-01,sobota,warszawa,Spider-Man. Całkiem nowy dzień,Cinema City Warszawa Galeria Mokotów,22:00,,,regular,2026-08-01T10:02:59.997184
2026-08-01,sobota,warszawa,Spider-Man. Całkiem nowy dzień,Cinema City Warszawa Galeria Północna,10:30,,,regular,2026-08-01T10:02:59.997184
2026-08-01,sobota,warszawa,Spider-Man. Całkiem nowy dzień,Cinema City Warszawa Galeria Północna,13:40,,,regular,2026-08-01T10:02:59.997184
2026-08-01,sobota,warszawa,Spider-Man. Całkiem nowy dzień,Cinema City Warszawa Galeria Północna,16:50,,,regular,2026-08-01T10:02:59.997184
2026-08-01,sobota,warszawa,Spider-Man. Całkiem nowy dzień,Cinema City Warszawa Galeria Północna,19:00,,,regular,2026-08-01T10:02:59.997184
2026-08-01,sobota,warszawa,Spider-Man. Całkiem nowy dzień,Cinema City Warszawa Galeria Północna,20:00,,,regular,2026-08-01T10:02:59.997184
2026-08-01,sobota,warszawa,Spider-Man. Całkiem nowy dzień,Cinema City Warszawa Galeria Północna,21:40,,,regular,2026-08-01T10:02:59.997184
2026-08-01,sobota,warszawa,Spider-Man. Całkiem nowy dzień,Cinema City Warszawa Galeria Północna,22:10,,,regular,2026-08-01T10:02:59.997184
2026-08-01,sobota,warszawa,Spider-Man. Całkiem nowy dzień,Cinema City Warszawa Promenada,10:30,,,regular,2026-08-01T10:02:59.997184
2026-08-01,sobota,warszawa,Spider-Man. Całkiem nowy dzień,Cinema City Warszawa Promenada,13:40,,,regular,2026-08-01T10:02:59.997184
2026-08-01,sobota,warszawa,Spider-Man. Całkiem nowy dzień,Cinema City Warszawa Promenada,16:50,,,regular,2026-08-01T10:02:59.997184
2026-08-01,sobota,warszawa,Spider-Man. Całkiem nowy dzień,Cinema City Warszawa Promenada,20:00,,,regular,2026-08-01T10:02:59.997184
2026-08-01,sobota,warszawa,Spider-Man. Całkiem nowy dzień,Cinema City Warszawa Promenada,20:50,,,regular,2026-08-01T10:02:59.997184
2026-08-01,sobota,warszawa,Spider-Man. Całkiem nowy dzień,Cinema City Warszawa Promenada,21:40,,,regular,2026-08-01T10:02:59.997184
2026-08-01,sobota,warszawa,Spider-Man. Całkiem nowy dzień,Cinema City Warszawa Sadyba,10:30,,,regular,2026-08-01T10:02:59.997184
2026-08-01,sobota,warszawa,Spider-Man. Całkiem nowy dzień,Cinema City Warszawa Sadyba,13:40,,,regular,2026-08-01T10:02:59.997184
2026-08-01,sobota,warszawa,Spider-Man. Całkiem nowy dzień,Cinema City Warszawa Sadyba,14:10,,,regular,2026-08-01T10:02:59.997184
2026-08-01,sobota,warszawa,Spider-Man. Całkiem nowy dzień,Cinema City Warszawa Sadyba,16:50,,,regular,2026-08-01T10:02:59.997184
2026-08-01,sobota,warszawa,Spider-Man. Całkiem nowy dzień,Cinema City Warszawa Sadyba,20:00,,,regular,2026-08-01T10:02:59.997184
2026-08-01,sobota,warszawa,Spider-Man. Całkiem nowy dzień,Cinema City Warszawa Sadyba,20:45,,,regular,2026-08-01T10:02:59.997184
2026-08-01,sobota,warszawa,Spider-Man. Całkiem nowy dzień,Cinema City Warszawa Sadyba,21:40,,,regular,2026-08-01T10:02:59.997184
2026-08-01,sobota,warszawa,Spider-Man. Całkiem nowy dzień,Helios Warszawa Blue City,11:00,,,regular,2026-08-01T10:02:59.997184
2026-08-01,sobota,warszawa,Spider-Man. Całkiem nowy dzień,Helios Warszawa Blue City,11:40,,,regular,2026-08-01T10:02:59.997184
2026-08-01,sobota,warszawa,Spider-Man. Całkiem nowy dzień,Helios Warszawa Blue City,12:10,,,regular,2026-08-01T10:02:59.997184
2026-08-01,sobota,warszawa,Spider-Man. Całkiem nowy dzień,Helios Warszawa Blue City,15:00,,,regular,2026-08-01T10:02:59.997184
2026-08-01,sobota,warszawa,Spider-Man. Całkiem nowy dzień,Helios Warszawa Blue City,17:30,,,regular,2026-08-01T10:02:59.997184
2026-08-01,sobota,warszawa,Spider-Man. Całkiem nowy dzień,Helios Warszawa Blue City,18:30,,,regular,2026-08-01T10:02:59.997184
2026-08-01,sobota,warszawa,Spider-Man. Całkiem nowy dzień,Helios Warszawa Blue City,19:30,,,regular,2026-08-01T10:02:59.997184
2026-08-01,sobota,warszawa,Spider-Man. Całkiem nowy dzień,Helios Warszawa Blue City,20:45,,,regular,2026-08-01T10:02:59.997184
2026-08-01,sobota,warszawa,Spider-Man. Całkiem nowy dzień,Kino Atlantic w Warszawie,12:30,,,regular,2026-08-01T10:02:59.997184
2026-08-01,sobota,warszawa,Spider-Man. Całkiem nowy dzień,Kino Atlantic w Warszawie,15:00,,,regular,2026-08-01T10:02:59.997184
2026-08-01,sobota,warszawa,Spider-Man. Całkiem nowy dzień,Kino Atlantic w Warszawie,17:30,,,regular,2026-08-01T10:02:59.997184
2026-08-01,sobota,warszawa,Spider-Man. Całkiem nowy dzień,Kino Atlantic w Warszawie,20:00,,,regular,2026-08-01T10:02:59.997184
2026-08-01,sobota,warszawa,Spider-Man. Całkiem nowy dzień,Kino Kultura w Warszawie,20:00,,,regular,2026-08-01T10:02:59.997184
2026-08-01,sobota,warszawa,Spider-Man. Całkiem nowy dzień,KinoGram w Warszawie,15:30,,,regular,2026-08-01T10:02:59.997184
2026-08-01,sobota,warszawa,Spider-Man. Całkiem nowy dzień,KinoGram w Warszawie,17:30,,,regular,2026-08-01T10:02:59.997184
2026-08-01,sobota,warszawa,Spider-Man. Całkiem nowy dzień,KinoGram w Warszawie,20:30,,,regular,2026-08-01T10:02:59.997184
2026-08-01,sobota,warszawa,Spider-Man. Całkiem nowy dzień,Kinokawiarnia Stacja Falenica w Warszawie,18:00,,,regular,2026-08-01T10:02:59.997184
2026-08-01,sobota,warszawa,Spider-Man. Całkiem nowy dzień,Kinoteka w Warszawie,14:30,,,regular,2026-08-01T10:02:59.997184
2026-08-01,sobota,warszawa,Spider-Man. Całkiem nowy dzień,Kinoteka w Warszawie,17:30,,,regular,2026-08-01T10:02:59.997184
2026-08-01,sobota,warszawa,Spider-Man. Całkiem nowy dzień,Kinoteka w Warszawie,20:30,,,regular,2026-08-01T10:02:59.997184
2026-08-01,sobota,warszawa,Spider-Man. Całkiem nowy dzień,Multikino Atrium Reduta w Warszawie,12:30,,,regular,2026-08-01T10:02:59.997184
2026-08-01,sobota,warszawa,Spider-Man. Całkiem nowy dzień,Multikino Atrium Reduta w Warszawie,15:05,,,regular,2026-08-01T10:02:59.997184
2026-08-01,sobota,warszawa,Spider-Man. Całkiem nowy dzień,Multikino Atrium Reduta w Warszawie,17:00,,,regular,2026-08-01T10:02:59.997184
2026-08-01,sobota,warszawa,Spider-Man. Całkiem nowy dzień,Multikino Atrium Reduta w Warszawie,20:20,,,regular,2026-08-01T10:02:59.997184
2026-08-01,sobota,warszawa,Spider-Man. Całkiem nowy dzień,Multikino Atrium Reduta w Warszawie,21:20,,,regular,2026-08-01T10:02:59.997184
2026-08-01,sobota,warszawa,Spider-Man. Całkiem nowy dzień,Multikino Młociny,10:30,,,regular,2026-08-01T10:02:59.997184
2026-08-01,sobota,warszawa,Spider-Man. Całkiem nowy dzień,Multikino Młociny,12:30,,,regular,2026-08-01T10:02:59.997184
2026-08-01,sobota,warszawa,Spider-Man. Całkiem nowy dzień,Multikino Młociny,13:50,,,regular,2026-08-01T10:02:59.997184
2026-08-01,sobota,warszawa,Spider-Man. Całkiem nowy dzień,Multikino Młociny,15:45,,,regular,2026-08-01T10:02:59.997184
2026-08-01,sobota,warszawa,Spider-Man. Całkiem nowy dzień,Multikino Młociny,16:20,,,regular,2026-08-01T10:02:59.997184
2026-08-01,sobota,warszawa,Spider-Man. Całkiem nowy dzień,Multikino Młociny,17:10,,,regular,2026-08-01T10:02:59.997184
2026-08-01,sobota,warszawa,Spider-Man. Całkiem nowy dzień,Multikino Młociny,18:55,,,regular,2026-08-01T10:02:59.997184
2026-08-01,sobota,warszawa,Spider-Man. Całkiem nowy dzień,Multikino Młociny,20:00,,,regular,2026-08-01T10:02:59.997184
2026-08-01,sobota,warszawa,Spider-Man. Całkiem nowy dzień,Multikino Młociny,20:30,,,regular,2026-08-01T10:02:59.997184
2026-08-01,sobota,warszawa,Spider-Man. Całkiem nowy dzień,Multikino Młociny,21:15,,,regular,2026-08-01T10:02:59.997184
2026-08-01,sobota,warszawa,Spider-Man. Całkiem nowy dzień,Multikino Targówek,10:00,,,regular,2026-08-01T10:02:59.997184
2026-08-01,sobota,warszawa,Spider-Man. Całkiem nowy dzień,Multikino Targówek,11:05,,,regular,2026-08-01T10:02:59.997184
2026-08-01,sobota,warszawa,Spider-Man. Całkiem nowy dzień,Multikino Targówek,12:40,,,regular,2026-08-01T10:02:59.997184
2026-08-01,sobota,warszawa,Spider-Man. Całkiem nowy dzień,Multikino Targówek,14:30,,,regular,2026-08-01T10:02:59.997184
2026-08-01,sobota,warszawa,Spider-Man. Całkiem nowy dzień,Multikino Targówek,15:50,,,regular,2026-08-01T10:02:59.997184
2026-08-01,sobota,warszawa,Spider-Man. Całkiem nowy dzień,Multikino Targówek,17:40,,,regular,2026-08-01T10:02:59.997184
2026-08-01,sobota,warszawa,Spider-Man. Całkiem nowy dzień,Multikino Targówek,18:50,,,regular,2026-08-01T10:02:59.997184
2026-08-01,sobota,warszawa,Spider-Man. Całkiem nowy dzień,Multikino Targówek,20:30,,,regular,2026-08-01T10:02:59.997184
2026-08-01,sobota,warszawa,Spider-Man. Całkiem nowy dzień,Multikino Targówek,21:30,,,regular,2026-08-01T10:02:59.997184
2026-08-01,sobota,warszawa,Spider-Man. Całkiem nowy dzień,Multikino Wola,11:40,,,regular,2026-08-01T10:02:59.997184
2026-08-01,sobota,warszawa,Spider-Man. Całkiem nowy dzień,Multikino Wola,13:50,,,regular,2026-08-01T10:02:59.997184
2026-08-01,sobota,warszawa,Spider-Man. Całkiem nowy dzień,Multikino Wola,18:15,,,regular,2026-08-01T10:02:59.997184
2026-08-01,sobota,warszawa,Spider-Man. Całkiem nowy dzień,Multikino Wola,20:30,,,regular,2026-08-01T10:02:59.997184
2026-08-01,sobota,warszawa,Spider-Man. Całkiem nowy dzień,Multikino Wola,21:20,,,regular,2026-08-01T10:02:59.997184
2026-08-01,sobota,warszawa,Spider-Man. Całkiem nowy dzień,Multikino Złote Tarasy,10:20,,,regular,2026-08-01T10:02:59.997184
2026-08-01,sobota,warszawa,Spider-Man. Całkiem nowy dzień,Multikino Złote Tarasy,12:20,,,regular,2026-08-01T10:02:59.997184
2026-08-01,sobota,warszawa,Spider-Man. Całkiem nowy dzień,Multikino Złote Tarasy,13:40,,,regular,2026-08-01T10:02:59.997184
2026-08-01,sobota,warszawa,Spider-Man. Całkiem nowy dzień,Multikino Złote Tarasy,15:40,,,regular,2026-08-01T10:02:59.997184
2026-08-01,sobota,warszawa,Spider-Man. Całkiem nowy dzień,Multikino Złote Tarasy,17:00,,,regular,2026-08-01T10:02:59.997184
2026-08-01,sobota,warszawa,Spider-Man. Całkiem nowy dzień,Multikino Złote Tarasy,18:00,,,regular,2026-08-01T10:02:59.997184
2026-08-01,sobota,warszawa,Spider-Man. Całkiem nowy dzień,Multikino Złote Tarasy,19:00,,,regular,2026-08-01T10:02:59.997184
2026-08-01,sobota,warszawa,Spider-Man. Całkiem nowy dzień,Multikino Złote Tarasy,20:20,,,regular,2026-08-01T10:02:59.997184
2026-08-01,sobota,warszawa,Spider-Man. Całkiem nowy dzień,Multikino Złote Tarasy,21:20,,,regular,2026-08-01T10:02:59.997184
2026-08-01,sobota,warszawa,Spider-Man. Całkiem nowy dzień,NoveKino Wisła w Warszawie,13:35,,,regular,2026-08-01T10:02:59.997184
2026-08-01,sobota,warszawa,Spider-Man. Całkiem nowy dzień,NoveKino Wisła w Warszawie,17:30,,,regular,2026-08-01T10:02:59.997184
2026-08-01,sobota,warszawa,Spider-Man. Całkiem nowy dzień (dubbing),Cinema City Warszawa Arkadia,12:10,,dubbing,regular,2026-08-01T10:02:59.997184
2026-08-01,sobota,warszawa,Spider-Man. Całkiem nowy dzień (dubbing),Cinema City Warszawa Arkadia,15:20,,dubbing,regular,2026-08-01T10:02:59.997184
2026-08-01,sobota,warszawa,Spider-Man. Całkiem nowy dzień (dubbing),Cinema City Warszawa Arkadia,18:30,,dubbing,regular,2026-08-01T10:02:59.997184
2026-08-01,sobota,warszawa,Spider-Man. Całkiem nowy dzień (dubbing),Cinema City Warszawa Arkadia,21:40,,dubbing,regular,2026-08-01T10:02:59.997184
2026-08-01,sobota,warszawa,Spider-Man. Całkiem nowy dzień (dubbing),Cinema City Warszawa Bemowo,12:10,,dubbing,regular,2026-08-01T10:02:59.997184
2026-08-01,sobota,warszawa,Spider-Man. Całkiem nowy dzień (dubbing),Cinema City Warszawa Bemowo,15:20,,dubbing,regular,2026-08-01T10:02:59.997184
2026-08-01,sobota,warszawa,Spider-Man. Całkiem nowy dzień (dubbing),Cinema City Warszawa Bemowo,18:30,,dubbing,regular,2026-08-01T10:02:59.997184
2026-08-01,sobota,warszawa,Spider-Man. Całkiem nowy dzień (dubbing),Cinema City Warszawa Galeria Mokotów,10:30,,dubbing,regular,2026-08-01T10:02:59.997184
2026-08-01,sobota,warszawa,Spider-Man. Całkiem nowy dzień (dubbing),Cinema City Warszawa Galeria Mokotów,12:40,,dubbing,regular,2026-08-01T10:02:59.997184
2026-08-01,sobota,warszawa,Spider-Man. Całkiem nowy dzień (dubbing),Cinema City Warszawa Galeria Mokotów,13:30,,dubbing,regular,2026-08-01T10:02:59.997184
2026-08-01,sobota,warszawa,Spider-Man. Całkiem nowy dzień (dubbing),Cinema City Warszawa Galeria Mokotów,15:50,,dubbing,regular,2026-08-01T10:02:59.997184
2026-08-01,sobota,warszawa,Spider-Man. Całkiem nowy dzień (dubbing),Cinema City Warszawa Galeria Mokotów,16:30,,dubbing,regular,2026-08-01T10:02:59.997184
2026-08-01,sobota,warszawa,Spider-Man. Całkiem nowy dzień (dubbing),Cinema City Warszawa Galeria Mokotów,16:50,,dubbing,regular,2026-08-01T10:02:59.997184
2026-08-01,sobota,warszawa,Spider-Man. Całkiem nowy dzień (dubbing),Cinema City Warszawa Galeria Mokotów,19:00,,dubbing,regular,2026-08-01T10:02:59.997184
2026-08-01,sobota,warszawa,Spider-Man. Całkiem nowy dzień (dubbing),Cinema City Warszawa Galeria Północna,12:10,,dubbing,regular,2026-08-01T10:02:59.997184
2026-08-01,sobota,warszawa,Spider-Man. Całkiem nowy dzień (dubbing),Cinema City Warszawa Galeria Północna,15:20,,dubbing,regular,2026-08-01T10:02:59.997184
2026-08-01,sobota,warszawa,Spider-Man. Całkiem nowy dzień (dubbing),Cinema City Warszawa Galeria Północna,18:00,,dubbing,regular,2026-08-01T10:02:59.997184
2026-08-01,sobota,warszawa,Spider-Man. Całkiem nowy dzień (dubbing),Cinema City Warszawa Galeria Północna,18:30,,dubbing,regular,2026-08-01T10:02:59.997184
2026-08-01,sobota,warszawa,Spider-Man. Całkiem nowy dzień (dubbing),Cinema City Warszawa Promenada,11:20,,dubbing,regular,2026-08-01T10:02:59.997184
2026-08-01,sobota,warszawa,Spider-Man. Całkiem nowy dzień (dubbing),Cinema City Warszawa Promenada,12:10,,dubbing,regular,2026-08-01T10:02:59.997184
2026-08-01,sobota,warszawa,Spider-Man. Całkiem nowy dzień (dubbing),Cinema City Warszawa Promenada,15:20,,dubbing,regular,2026-08-01T10:02:59.997184
2026-08-01,sobota,warszawa,Spider-Man. Całkiem nowy dzień (dubbing),Cinema City Warszawa Promenada,18:30,,dubbing,regular,2026-08-01T10:02:59.997184
2026-08-01,sobota,warszawa,Spider-Man. Całkiem nowy dzień (dubbing),Cinema City Warszawa Sadyba,11:10,,dubbing,regular,2026-08-01T10:02:59.997184
2026-08-01,sobota,warszawa,Spider-Man. Całkiem nowy dzień (dubbing),Cinema City Warszawa Sadyba,12:10,,dubbing,regular,2026-08-01T10:02:59.997184
2026-08-01,sobota,warszawa,Spider-Man. Całkiem nowy dzień (dubbing),Cinema City Warszawa Sadyba,15:20,,dubbing,regular,2026-08-01T10:02:59.997184
2026-08-01,sobota,warszawa,Spider-Man. Całkiem nowy dzień (dubbing),Cinema City Warszawa Sadyba,17:20,,dubbing,regular,2026-08-01T10:02:59.997184
2026-08-01,sobota,warszawa,Spider-Man. Całkiem nowy dzień (dubbing),Cinema City Warszawa Sadyba,18:30,,dubbing,regular,2026-08-01T10:02:59.997184
2026-08-01,sobota,warszawa,Spider-Man. Całkiem nowy dzień (dubbing),Cinema City Warszawa Sadyba,20:30,,dubbing,regular,2026-08-01T10:02:59.997184
2026-08-01,sobota,warszawa,Spider-Man. Całkiem nowy dzień (dubbing),Multikino Atrium Reduta w Warszawie,10:20,,dubbing,regular,2026-08-01T10:02:59.997184
2026-08-01,sobota,warszawa,Spider-Man. Całkiem nowy dzień (dubbing),Multikino Atrium Reduta w Warszawie,18:10,,dubbing,regular,2026-08-01T10:02:59.997184
2026-08-01,sobota,warszawa,Spider-Man. Całkiem nowy dzień (dubbing),Multikino Młociny,10:00,,dubbing,regular,2026-08-01T10:02:59.997184
2026-08-01,sobota,warszawa,Spider-Man. Całkiem nowy dzień (dubbing),Multikino Młociny,11:30,,dubbing,regular,2026-08-01T10:02:59.997184
2026-08-01,sobota,warszawa,Spider-Man. Całkiem nowy dzień (dubbing),Multikino Młociny,13:10,,dubbing,regular,2026-08-01T10:02:59.997184
2026-08-01,sobota,warszawa,Spider-Man. Całkiem nowy dzień (dubbing),Multikino Młociny,16:50,,dubbing,regular,2026-08-01T10:02:59.997184
2026-08-01,sobota,warszawa,Spider-Man. Całkiem nowy dzień (dubbing),Multikino Młociny,18:00,,dubbing,regular,2026-08-01T10:02:59.997184
2026-08-01,sobota,warszawa,Spider-Man. Całkiem nowy dzień (dubbing),Multikino Młociny,19:30,,dubbing,regular,2026-08-01T10:02:59.997184
2026-08-01,sobota,warszawa,Spider-Man. Całkiem nowy dzień (dubbing),Multikino Targówek,10:30,,dubbing,regular,2026-08-01T10:02:59.997184
2026-08-01,sobota,warszawa,Spider-Man. Całkiem nowy dzień (dubbing),Multikino Targówek,11:30,,dubbing,regular,2026-08-01T10:02:59.997184
2026-08-01,sobota,warszawa,Spider-Man. Całkiem nowy dzień (dubbing),Multikino Targówek,13:20,,dubbing,regular,2026-08-01T10:02:59.997184
2026-08-01,sobota,warszawa,Spider-Man. Całkiem nowy dzień (dubbing),Multikino Targówek,14:50,,dubbing,regular,2026-08-01T10:02:59.997184
2026-08-01,sobota,warszawa,Spider-Man. Całkiem nowy dzień (dubbing),Multikino Targówek,16:30,,dubbing,regular,2026-08-01T10:02:59.997184
2026-08-01,sobota,warszawa,Spider-Man. Całkiem nowy dzień (dubbing),Multikino Targówek,17:10,,dubbing,regular,2026-08-01T10:02:59.997184
2026-08-01,sobota,warszawa,Spider-Man. Całkiem nowy dzień (dubbing),Multikino Targówek,18:10,,dubbing,regular,2026-08-01T10:02:59.997184
2026-08-01,sobota,warszawa,Spider-Man. Całkiem nowy dzień (dubbing),Multikino Targówek,19:35,,dubbing,regular,2026-08-01T10:02:59.997184
2026-08-01,sobota,warszawa,Spider-Man. Całkiem nowy dzień (dubbing),Multikino Targówek,20:50,,dubbing,regular,2026-08-01T10:02:59.997184
2026-08-01,sobota,warszawa,Spider-Man. Całkiem nowy dzień (dubbing),Multikino Wola,10:30,,dubbing,regular,2026-08-01T10:02:59.997184
2026-08-01,sobota,warszawa,Spider-Man. Całkiem nowy dzień (dubbing),Multikino Wola,17:10,,dubbing,regular,2026-08-01T10:02:59.997184
2026-08-01,sobota,warszawa,Spider-Man. Całkiem nowy dzień (dubbing),Multikino Wola,19:40,,dubbing,regular,2026-08-01T10:02:59.997184
2026-08-01,sobota,warszawa,Spider-Man. Całkiem nowy dzień (dubbing),Multikino Złote Tarasy,11:20,,dubbing,regular,2026-08-01T10:02:59.997184
2026-08-01,sobota,warszawa,Spider-Man. Całkiem nowy dzień (dubbing),Multikino Złote Tarasy,16:30,,dubbing,regular,2026-08-01T10:02:59.997184
2026-08-01,sobota,warszawa,Spider-Man. Całkiem nowy dzień 3D,Cinema City Warszawa Arkadia,14:10,3D,,regular,2026-08-01T10:02:59.997184
2026-08-01,sobota,warszawa,Spider-Man. Całkiem nowy dzień 3D,Cinema City Warszawa Arkadia,18:00,3D,,regular,2026-08-01T10:02:59.997184
2026-08-01,sobota,warszawa,Spider-Man. Całkiem nowy dzień 3D,Cinema City Warszawa Arkadia,20:30,3D,,regular,2026-08-01T10:02:59.997184
2026-08-01,sobota,warszawa,Spider-Man. Całkiem nowy dzień 3D,Cinema City Warszawa Arkadia,21:10,3D,,regular,2026-08-01T10:02:59.997184
2026-08-01,sobota,warszawa,Spider-Man. Całkiem nowy dzień 3D,Cinema City Warszawa Bemowo,17:40,3D,,regular,2026-08-01T10:02:59.997184
2026-08-01,sobota,warszawa,Spider-Man. Całkiem nowy dzień 3D,Cinema City Warszawa Galeria Mokotów,18:30,3D,,regular,2026-08-01T10:02:59.997184
2026-08-01,sobota,warszawa,Spider-Man. Całkiem nowy dzień 3D,Cinema City Warszawa Galeria Północna,17:40,3D,,regular,2026-08-01T10:02:59.997184
2026-08-01,sobota,warszawa,Spider-Man. Całkiem nowy dzień 3D,Cinema City Warszawa Galeria Północna,20:50,3D,,regular,2026-08-01T10:02:59.997184
2026-08-01,sobota,warszawa,Spider-Man. Całkiem nowy dzień 3D,Cinema City Warszawa Promenada,17:40,3D,,regular,2026-08-01T10:02:59.997184
2026-08-01,sobota,warszawa,Spider-Man. Całkiem nowy dzień 3D,Cinema City Warszawa Sadyba,17:40,3D,,regular,2026-08-01T10:02:59.997184
2026-08-01,sobota,warszawa,Spider-Man. Całkiem nowy dzień 3D (dubbing),Cinema City Warszawa Arkadia,11:00,3D,dubbing,regular,2026-08-01T10:02:59.997184
2026-08-01,sobota,warszawa,Spider-Man. Całkiem nowy dzień 3D (dubbing),Cinema City Warszawa Arkadia,14:50,3D,dubbing,regular,2026-08-01T10:02:59.997184
2026-08-01,sobota,warszawa,Spider-Man. Całkiem nowy dzień 3D (dubbing),Cinema City Warszawa Arkadia,17:20,3D,dubbing,regular,2026-08-01T10:02:59.997184
2026-08-01,sobota,warszawa,Spider-Man. Całkiem nowy dzień 3D (dubbing),Cinema City Warszawa Bemowo,11:20,3D,dubbing,regular,2026-08-01T10:02:59.997184
2026-08-01,sobota,warszawa,Spider-Man. Całkiem nowy dzień 3D (dubbing),Cinema City Warszawa Bemowo,14:30,3D,dubbing,regular,2026-08-01T10:02:59.997184
2026-08-01,sobota,warszawa,Spider-Man. Całkiem nowy dzień 3D (dubbing),Cinema City Warszawa Galeria Mokotów,12:10,3D,dubbing,regular,2026-08-01T10:02:59.997184
2026-08-01,sobota,warszawa,Spider-Man. Całkiem nowy dzień 3D (dubbing),Cinema City Warszawa Galeria Mokotów,15:20,3D,dubbing,regular,2026-08-01T10:02:59.997184
2026-08-01,sobota,warszawa,Spider-Man. Całkiem nowy dzień 3D (dubbing),Cinema City Warszawa Galeria Północna,11:20,3D,dubbing,regular,2026-08-01T10:02:59.997184
2026-08-01,sobota,warszawa,Spider-Man. Całkiem nowy dzień 3D (dubbing),Cinema City Warszawa Galeria Północna,14:30,3D,dubbing,regular,2026-08-01T10:02:59.997184
2026-08-01,sobota,warszawa,Spider-Man. Całkiem nowy dzień 3D (dubbing),Cinema City Warszawa Promenada,14:30,3D,dubbing,regular,2026-08-01T10:02:59.997184
2026-08-01,sobota,warszawa,Spider-Man. Całkiem nowy dzień 3D (dubbing),Cinema City Warszawa Sadyba,14:30,3D,dubbing,regular,2026-08-01T10:02:59.997184
2026-08-01,sobota,warszawa,Spider-Man. Całkiem nowy dzień 3D (dubbing),Multikino Atrium Reduta w Warszawie,13:40,3D,dubbing,regular,2026-08-01T10:02:59.997184
2026-08-01,sobota,warszawa,Spider-Man. Całkiem nowy dzień 3D (dubbing),Multikino Młociny,14:50,3D,dubbing,regular,2026-08-01T10:02:59.997184
2026-08-01,sobota,warszawa,Spider-Man. Całkiem nowy dzień 3D (dubbing),Multikino Targówek,13:50,3D,dubbing,regular,2026-08-01T10:02:59.997184
2026-08-01,sobota,warszawa,Spider-Man. Całkiem nowy dzień 3D (dubbing),Multikino Wola,14:50,3D,dubbing,regular,2026-08-01T10:02:59.997184
2026-08-01,sobota,warszawa,Spider-Man. Całkiem nowy dzień 3D (dubbing),Multikino Złote Tarasy,14:40,3D,dubbing,regular,2026-08-01T10:02:59.997184
2026-08-01,sobota,warszawa,Straszny film,Cinema City Warszawa Arkadia,16:30,,,regular,2026-08-01T10:02:59.997184
2026-08-01,sobota,warszawa,Ścieżki życia (lektor),Kinokawiarnia Stacja Falenica w Warszawie,14:00,,lektor,regular,2026-08-01T10:02:59.997184
2026-08-01,sobota,warszawa,Takie jest życie,Cinema City Warszawa Sadyba,19:00,,,regular,2026-08-01T10:02:59.997184
2026-08-01,sobota,warszawa,Takie jest życie,Kino Atlantic w Warszawie,15:30,,,regular,2026-08-01T10:02:59.997184
2026-08-01,sobota,warszawa,Tom i Jerry: Przygoda w muzeum (dubbing),Helios Warszawa Blue City,14:45,,dubbing,regular,2026-08-01T10:02:59.997184
2026-08-01,sobota,warszawa,Toy Story 5 (dubbing),Cinema City Warszawa Arkadia,10:20,,dubbing,regular,2026-08-01T10:02:59.997184
2026-08-01,sobota,warszawa,Toy Story 5 (dubbing),Cinema City Warszawa Arkadia,11:10,,dubbing,regular,2026-08-01T10:02:59.997184
2026-08-01,sobota,warszawa,Toy Story 5 (dubbing),Cinema City Warszawa Arkadia,12:50,,dubbing,regular,2026-08-01T10:02:59.997184
2026-08-01,sobota,warszawa,Toy Story 5 (dubbing),Cinema City Warszawa Arkadia,13:30,,dubbing,regular,2026-08-01T10:02:59.997184
2026-08-01,sobota,warszawa,Toy Story 5 (dubbing),Cinema City Warszawa Arkadia,15:10,,dubbing,regular,2026-08-01T10:02:59.997184
2026-08-01,sobota,warszawa,Toy Story 5 (dubbing),Cinema City Warszawa Bemowo,10:30,,dubbing,regular,2026-08-01T10:02:59.997184
2026-08-01,sobota,warszawa,Toy Story 5 (dubbing),Cinema City Warszawa Bemowo,11:50,,dubbing,regular,2026-08-01T10:02:59.997184
2026-08-01,sobota,warszawa,Toy Story 5 (dubbing),Cinema City Warszawa Bemowo,14:20,,dubbing,regular,2026-08-01T10:02:59.997184
2026-08-01,sobota,warszawa,Toy Story 5 (dubbing),Cinema City Warszawa Bemowo,16:50,,dubbing,regular,2026-08-01T10:02:59.997184
2026-08-01,sobota,warszawa,Toy Story 5 (dubbing),Cinema City Warszawa Galeria Mokotów,10:20,,dubbing,regular,2026-08-01T10:02:59.997184
2026-08-01,sobota,warszawa,Toy Story 5 (dubbing),Cinema City Warszawa Galeria Mokotów,12:00,,dubbing,regular,2026-08-01T10:02:59.997184
2026-08-01,sobota,warszawa,Toy Story 5 (dubbing),Cinema City Warszawa Galeria Mokotów,14:20,,dubbing,regular,2026-08-01T10:02:59.997184
2026-08-01,sobota,warszawa,Toy Story 5 (dubbing),Cinema City Warszawa Galeria Mokotów,16:40,,dubbing,regular,2026-08-01T10:02:59.997184
2026-08-01,sobota,warszawa,Toy Story 5 (dubbing),Cinema City Warszawa Galeria Północna,10:50,,dubbing,regular,2026-08-01T10:02:59.997184
2026-08-01,sobota,warszawa,Toy Story 5 (dubbing),Cinema City Warszawa Galeria Północna,13:20,,dubbing,regular,2026-08-01T10:02:59.997184
2026-08-01,sobota,warszawa,Toy Story 5 (dubbing),Cinema City Warszawa Galeria Północna,15:40,,dubbing,regular,2026-08-01T10:02:59.997184
2026-08-01,sobota,warszawa,Toy Story 5 (dubbing),Cinema City Warszawa Promenada,10:40,,dubbing,regular,2026-08-01T10:02:59.997184
2026-08-01,sobota,warszawa,Toy Story 5 (dubbing),Cinema City Warszawa Promenada,13:10,,dubbing,regular,2026-08-01T10:02:59.997184
2026-08-01,sobota,warszawa,Toy Story 5 (dubbing),Cinema City Warszawa Promenada,15:40,,dubbing,regular,2026-08-01T10:02:59.997184
2026-08-01,sobota,warszawa,Toy Story 5 (dubbing),Cinema City Warszawa Promenada,18:10,,dubbing,regular,2026-08-01T10:02:59.997184
2026-08-01,sobota,warszawa,Toy Story 5 (dubbing),Cinema City Warszawa Sadyba,10:00,,dubbing,regular,2026-08-01T10:02:59.997184
2026-08-01,sobota,warszawa,Toy Story 5 (dubbing),Cinema City Warszawa Sadyba,11:15,,dubbing,regular,2026-08-01T10:02:59.997184
2026-08-01,sobota,warszawa,Toy Story 5 (dubbing),Cinema City Warszawa Sadyba,12:20,,dubbing,regular,2026-08-01T10:02:59.997184
2026-08-01,sobota,warszawa,Toy Story 5 (dubbing),Cinema City Warszawa Sadyba,14:40,,dubbing,regular,2026-08-01T10:02:59.997184
2026-08-01,sobota,warszawa,Toy Story 5 (dubbing),Helios Warszawa Blue City,11:10,,dubbing,regular,2026-08-01T10:02:59.997184
2026-08-01,sobota,warszawa,Toy Story 5 (dubbing),Helios Warszawa Blue City,16:45,,dubbing,regular,2026-08-01T10:02:59.997184
2026-08-01,sobota,warszawa,Toy Story 5 (dubbing),Kinoteka w Warszawie,16:15,,dubbing,regular,2026-08-01T10:02:59.997184
2026-08-01,sobota,warszawa,Toy Story 5 (dubbing),Multikino Atrium Reduta w Warszawie,10:30,,dubbing,regular,2026-08-01T10:02:59.997184
2026-08-01,sobota,warszawa,Toy Story 5 (dubbing),Multikino Atrium Reduta w Warszawie,15:20,,dubbing,regular,2026-08-01T10:02:59.997184
2026-08-01,sobota,warszawa,Toy Story 5 (dubbing),Multikino Młociny,10:00,,dubbing,regular,2026-08-01T10:02:59.997184
2026-08-01,sobota,warszawa,Toy Story 5 (dubbing),Multikino Młociny,12:20,,dubbing,regular,2026-08-01T10:02:59.997184
2026-08-01,sobota,warszawa,Toy Story 5 (dubbing),Multikino Młociny,16:25,,dubbing,regular,2026-08-01T10:02:59.997184
2026-08-01,sobota,warszawa,Toy Story 5 (dubbing),Multikino Targówek,10:00,,dubbing,regular,2026-08-01T10:02:59.997184
2026-08-01,sobota,warszawa,Toy Story 5 (dubbing),Multikino Targówek,12:30,,dubbing,regular,2026-08-01T10:02:59.997184
2026-08-01,sobota,warszawa,Toy Story 5 (dubbing),Multikino Targówek,14:50,,dubbing,regular,2026-08-01T10:02:59.997184
2026-08-01,sobota,warszawa,Toy Story 5 (dubbing),Multikino Targówek,16:30,,dubbing,regular,2026-08-01T10:02:59.997184
2026-08-01,sobota,warszawa,Toy Story 5 (dubbing),Multikino Wola,14:55,,dubbing,regular,2026-08-01T10:02:59.997184
2026-08-01,sobota,warszawa,Toy Story 5 (dubbing),Multikino Wola,17:25,,dubbing,regular,2026-08-01T10:02:59.997184
2026-08-01,sobota,warszawa,Toy Story 5 (dubbing),Multikino Złote Tarasy,10:00,,dubbing,regular,2026-08-01T10:02:59.997184
2026-08-01,sobota,warszawa,Toy Story 5 (dubbing),Multikino Złote Tarasy,12:35,,dubbing,regular,2026-08-01T10:02:59.997184
2026-08-01,sobota,warszawa,Toy Story 5 (dubbing),Multikino Złote Tarasy,17:35,,dubbing,regular,2026-08-01T10:02:59.997184
2026-08-01,sobota,warszawa,Toy Story 5 (dubbing),NoveKino Wisła w Warszawie,11:30,,dubbing,regular,2026-08-01T10:02:59.997184
2026-08-01,sobota,warszawa,Vaiana,Cinema City Warszawa Promenada,20:10,,,regular,2026-08-01T10:02:59.997184
2026-08-01,sobota,warszawa,Vaiana,Helios Warszawa Blue City,10:10,,,regular,2026-08-01T10:02:59.997184
2026-08-01,sobota,warszawa,Vaiana,Helios Warszawa Blue City,12:45,,,regular,2026-08-01T10:02:59.997184
2026-08-01,sobota,warszawa,Vaiana,Helios Warszawa Blue City,15:40,,,regular,2026-08-01T10:02:59.997184
2026-08-01,sobota,warszawa,Vaiana,Helios Warszawa Blue City,18:45,,,regular,2026-08-01T10:02:59.997184
2026-08-01,sobota,warszawa,Vaiana,Kinokawiarnia Stacja Falenica w Warszawie,10:00,,,regular,2026-08-01T10:02:59.997184
2026-08-01,sobota,warszawa,Vaiana (dubbing),Cinema City Warszawa Arkadia,10:00,,dubbing,regular,2026-08-01T10:02:59.997184
2026-08-01,sobota,warszawa,Vaiana (dubbing),Cinema City Warszawa Arkadia,13:40,,dubbing,regular,2026-08-01T10:02:59.997184
2026-08-01,sobota,warszawa,Vaiana (dubbing),Cinema City Warszawa Arkadia,16:20,,dubbing,regular,2026-08-01T10:02:59.997184
2026-08-01,sobota,warszawa,Vaiana (dubbing),Cinema City Warszawa Bemowo,12:10,,dubbing,regular,2026-08-01T10:02:59.997184
2026-08-01,sobota,warszawa,Vaiana (dubbing),Cinema City Warszawa Bemowo,14:50,,dubbing,regular,2026-08-01T10:02:59.997184
2026-08-01,sobota,warszawa,Vaiana (dubbing),Cinema City Warszawa Bemowo,17:30,,dubbing,regular,2026-08-01T10:02:59.997184
2026-08-01,sobota,warszawa,Vaiana (dubbing),Cinema City Warszawa Galeria Mokotów,10:00,,dubbing,regular,2026-08-01T10:02:59.997184
2026-08-01,sobota,warszawa,Vaiana (dubbing),Cinema City Warszawa Galeria Mokotów,12:40,,dubbing,regular,2026-08-01T10:02:59.997184
2026-08-01,sobota,warszawa,Vaiana (dubbing),Cinema City Warszawa Galeria Mokotów,14:30,,dubbing,regular,2026-08-01T10:02:59.997184
2026-08-01,sobota,warszawa,Vaiana (dubbing),Cinema City Warszawa Galeria Mokotów,15:15,,dubbing,regular,2026-08-01T10:02:59.997184
2026-08-01,sobota,warszawa,Vaiana (dubbing),Cinema City Warszawa Galeria Północna,10:20,,dubbing,regular,2026-08-01T10:02:59.997184
2026-08-01,sobota,warszawa,Vaiana (dubbing),Cinema City Warszawa Galeria Północna,13:00,,dubbing,regular,2026-08-01T10:02:59.997184
2026-08-01,sobota,warszawa,Vaiana (dubbing),Cinema City Warszawa Galeria Północna,14:30,,dubbing,regular,2026-08-01T10:02:59.997184
2026-08-01,sobota,warszawa,Vaiana (dubbing),Cinema City Warszawa Galeria Północna,15:40,,dubbing,regular,2026-08-01T10:02:59.997184
2026-08-01,sobota,warszawa,Vaiana (dubbing),Cinema City Warszawa Promenada,10:00,,dubbing,regular,2026-08-01T10:02:59.997184
2026-08-01,sobota,warszawa,Vaiana (dubbing),Cinema City Warszawa Promenada,12:40,,dubbing,regular,2026-08-01T10:02:59.997184
2026-08-01,sobota,warszawa,Vaiana (dubbing),Cinema City Warszawa Promenada,15:20,,dubbing,regular,2026-08-01T10:02:59.997184
2026-08-01,sobota,warszawa,Vaiana (dubbing),Cinema City Warszawa Promenada,17:50,,dubbing,regular,2026-08-01T10:02:59.997184
2026-08-01,sobota,warszawa,Vaiana (dubbing),Cinema City Warszawa Sadyba,11:50,,dubbing,regular,2026-08-01T10:02:59.997184
2026-08-01,sobota,warszawa,Vaiana (dubbing),Cinema City Warszawa Sadyba,13:40,,dubbing,regular,2026-08-01T10:02:59.997184
2026-08-01,sobota,warszawa,Vaiana (dubbing),Cinema City Warszawa Sadyba,16:20,,dubbing,regular,2026-08-01T10:02:59.997184
2026-08-01,sobota,warszawa,Vaiana (dubbing),Multikino Atrium Reduta w Warszawie,13:45,,dubbing,regular,2026-08-01T10:02:59.997184
2026-08-01,sobota,warszawa,Vaiana (dubbing),Multikino Młociny,11:35,,dubbing,regular,2026-08-01T10:02:59.997184
2026-08-01,sobota,warszawa,Vaiana (dubbing),Multikino Targówek,10:00,,dubbing,regular,2026-08-01T10:02:59.997184
2026-08-01,sobota,warszawa,Vaiana (dubbing),Multikino Targówek,14:55,,dubbing,regular,2026-08-01T10:02:59.997184
2026-08-01,sobota,warszawa,Vaiana (dubbing),Multikino Targówek,17:15,,dubbing,regular,2026-08-01T10:02:59.997184
2026-08-01,sobota,warszawa,Vaiana (dubbing),Multikino Wola,10:00,,dubbing,regular,2026-08-01T10:02:59.997184
2026-08-01,sobota,warszawa,Vaiana (dubbing),Multikino Złote Tarasy,10:00,,dubbing,regular,2026-08-01T10:02:59.997184
2026-08-01,sobota,warszawa,Vaiana (dubbing),Multikino Złote Tarasy,15:00,,dubbing,regular,2026-08-01T10:02:59.997184
2026-08-01,sobota,warszawa,Vaiana (wersja karaoke),Multikino Atrium Reduta w Warszawie,11:10,,,regular,2026-08-01T10:02:59.997184
2026-08-01,sobota,warszawa,Vaiana (wersja karaoke),Multikino Młociny,14:45,,,regular,2026-08-01T10:02:59.997184
2026-08-01,sobota,warszawa,Vaiana (wersja karaoke),Multikino Targówek,12:10,,,regular,2026-08-01T10:02:59.997184
2026-08-01,sobota,warszawa,Vaiana (wersja karaoke),Multikino Wola,12:15,,,regular,2026-08-01T10:02:59.997184
2026-08-01,sobota,warszawa,Vaiana (wersja karaoke),Multikino Złote Tarasy,12:25,,,regular,2026-08-01T10:02:59.997184
2026-08-01,sobota,warszawa,Vaiana 2 (dubbing),KinoGram w Warszawie,15:00,,dubbing,regular,2026-08-01T10:02:59.997184
2026-08-01,sobota,warszawa,Voyager: Niekończąca się podróż,Planetarium Centrum Nauki Kopernik w Warszawie,11:30,,,regular,2026-08-01T10:02:59.997184
2026-08-01,sobota,warszawa,WALL-E (dubbing),Cinema City Warszawa Arkadia,15:50,,dubbing,regular,2026-08-01T10:02:59.997184
2026-08-01,sobota,warszawa,WALL-E (dubbing),Cinema City Warszawa Bemowo,15:50,,dubbing,regular,2026-08-01T10:02:59.997184
2026-08-01,sobota,warszawa,WALL-E (dubbing),Cinema City Warszawa Galeria Mokotów,16:20,,dubbing,regular,2026-08-01T10:02:59.997184
2026-08-01,sobota,warszawa,WALL-E (dubbing),Cinema City Warszawa Galeria Północna,15:50,,dubbing,regular,2026-08-01T10:02:59.997184
2026-08-01,sobota,warszawa,WALL-E (dubbing),Cinema City Warszawa Promenada,15:50,,dubbing,regular,2026-08-01T10:02:59.997184
2026-08-01,sobota,warszawa,WALL-E (dubbing),Cinema City Warszawa Sadyba,15:50,,dubbing,regular,2026-08-01T10:02:59.997184
2026-08-01,sobota,warszawa,Wędrówka na północ,Cinema City Warszawa Sadyba,21:40,,,regular,2026-08-01T10:02:59.997184
2026-08-01,sobota,warszawa,Wędrówka na północ,Kino Głębocka 66 w Warszawie,19:30,,,regular,2026-08-01T10:02:59.997184
2026-08-01,sobota,warszawa,Wędrówka na północ,Kino na Boku - Białołęcki Ośrodek Kultury w Warszawie,19:30,,,regular,2026-08-01T10:02:59.997184
2026-08-01,sobota,warszawa,Widmo wolności,Kino Kultura w Warszawie,18:00,,,regular,2026-08-01T10:02:59.997184
2026-08-01,sobota,warszawa,Wielki Łuk,Kinoteka w Warszawie,19:00,,,regular,2026-08-01T10:02:59.997184
2026-08-01,sobota,warszawa,Wierząca,Kino Iluzjon - Muzeum Sztuki Filmowej w Warszawie,20:00,,,regular,2026-08-01T10:02:59.997184
2026-08-01,sobota,warszawa,Wypadek fortepianowy,Kino Iluzjon - Muzeum Sztuki Filmowej w Warszawie,19:30,,,regular,2026-08-01T10:02:59.997184
2026-08-01,sobota,warszawa,Wyschnięci (dubbing),Kino Głębocka 66 w Warszawie,11:00,,dubbing,regular,2026-08-01T10:02:59.997184
2026-08-01,sobota,warszawa,Wyschnięci (dubbing),Kino na Boku - Białołęcki Ośrodek Kultury w Warszawie,11:00,,dubbing,regular,2026-08-01T10:02:59.997184
2026-08-01,sobota,warszawa,Zaproszenie,Cinema City Warszawa Arkadia,10:00,,,regular,2026-08-01T10:02:59.997184
2026-08-01,sobota,warszawa,Zaproszenie,Cinema City Warszawa Arkadia,17:30,,,regular,2026-08-01T10:02:59.997184
2026-08-01,sobota,warszawa,Zaproszenie,Cinema City Warszawa Arkadia,19:00,,,regular,2026-08-01T10:02:59.997184
2026-08-01,sobota,warszawa,Zaproszenie,Cinema City Warszawa Arkadia,21:30,,,regular,2026-08-01T10:02:59.997184
2026-08-01,sobota,warszawa,Zaproszenie,Cinema City Warszawa Bemowo,15:20,,,regular,2026-08-01T10:02:59.997184
2026-08-01,sobota,warszawa,Zaproszenie,Cinema City Warszawa Bemowo,17:50,,,regular,2026-08-01T10:02:59.997184
2026-08-01,sobota,warszawa,Zaproszenie,Cinema City Warszawa Bemowo,20:20,,,regular,2026-08-01T10:02:59.997184
2026-08-01,sobota,warszawa,Zaproszenie,Cinema City Warszawa Galeria Mokotów,11:30,,,regular,2026-08-01T10:02:59.997184
2026-08-01,sobota,warszawa,Zaproszenie,Cinema City Warszawa Galeria Mokotów,14:00,,,regular,2026-08-01T10:02:59.997184
2026-08-01,sobota,warszawa,Zaproszenie,Cinema City Warszawa Galeria Mokotów,16:30,,,regular,2026-08-01T10:02:59.997184
2026-08-01,sobota,warszawa,Zaproszenie,Cinema City Warszawa Galeria Mokotów,19:00,,,regular,2026-08-01T10:02:59.997184
2026-08-01,sobota,warszawa,Zaproszenie,Cinema City Warszawa Galeria Mokotów,21:30,,,regular,2026-08-01T10:02:59.997184
2026-08-01,sobota,warszawa,Zaproszenie,Cinema City Warszawa Galeria Północna,21:30,,,regular,2026-08-01T10:02:59.997184
2026-08-01,sobota,warszawa,Zaproszenie,Cinema City Warszawa Promenada,14:30,,,regular,2026-08-01T10:02:59.997184
2026-08-01,sobota,warszawa,Zaproszenie,Cinema City Warszawa Promenada,17:00,,,regular,2026-08-01T10:02:59.997184
2026-08-01,sobota,warszawa,Zaproszenie,Cinema City Warszawa Promenada,19:30,,,regular,2026-08-01T10:02:59.997184
2026-08-01,sobota,warszawa,Zaproszenie,Cinema City Warszawa Promenada,21:20,,,regular,2026-08-01T10:02:59.997184
2026-08-01,sobota,warszawa,Zaproszenie,Cinema City Warszawa Promenada,22:00,,,regular,2026-08-01T10:02:59.997184
2026-08-01,sobota,warszawa,Zaproszenie,Cinema City Warszawa Sadyba,18:20,,,regular,2026-08-01T10:02:59.997184
2026-08-01,sobota,warszawa,Zaproszenie,Cinema City Warszawa Sadyba,20:50,,,regular,2026-08-01T10:02:59.997184
2026-08-01,sobota,warszawa,Zaproszenie,Helios Warszawa Blue City,21:15,,,regular,2026-08-01T10:02:59.997184
2026-08-01,sobota,warszawa,Zaproszenie,Kino Atlantic w Warszawie,18:00,,,regular,2026-08-01T10:02:59.997184
2026-08-01,sobota,warszawa,Zaproszenie,Kino Atlantic w Warszawie,20:00,,,regular,2026-08-01T10:02:59.997184
2026-08-01,sobota,warszawa,Zaproszenie,Kino Luna w Warszawie,16:15,,,regular,2026-08-01T10:02:59.997184
2026-08-01,sobota,warszawa,Zaproszenie,KinoGram w Warszawie,15:00,,,regular,2026-08-01T10:02:59.997184
2026-08-01,sobota,warszawa,Zaproszenie,KinoGram w Warszawie,17:45,,,regular,2026-08-01T10:02:59.997184
2026-08-01,sobota,warszawa,Zaproszenie,KinoGram w Warszawie,20:15,,,regular,2026-08-01T10:02:59.997184
2026-08-01,sobota,warszawa,Zaproszenie,Kinoteka w Warszawie,13:00,,,regular,2026-08-01T10:02:59.997184
2026-08-01,sobota,warszawa,Zaproszenie,Kinoteka w Warszawie,15:20,,,regular,2026-08-01T10:02:59.997184
2026-08-01,sobota,warszawa,Zaproszenie,Kinoteka w Warszawie,17:45,,,regular,2026-08-01T10:02:59.997184
2026-08-01,sobota,warszawa,Zaproszenie,Kinoteka w Warszawie,20:15,,,regular,2026-08-01T10:02:59.997184
2026-08-01,sobota,warszawa,Zaproszenie,Multikino Atrium Reduta w Warszawie,17:50,,,regular,2026-08-01T10:02:59.997184
2026-08-01,sobota,warszawa,Zaproszenie,Multikino Młociny,21:30,,,regular,2026-08-01T10:02:59.997184
2026-08-01,sobota,warszawa,Zaproszenie,Multikino Targówek,17:00,,,regular,2026-08-01T10:02:59.997184
2026-08-01,sobota,warszawa,Zaproszenie,Multikino Targówek,21:55,,,regular,2026-08-01T10:02:59.997184
2026-08-01,sobota,warszawa,Zaproszenie,Multikino Wola,17:55,,,regular,2026-08-01T10:02:59.997184
2026-08-01,sobota,warszawa,Zaproszenie,Multikino Złote Tarasy,19:05,,,regular,2026-08-01T10:02:59.997184
2026-08-01,sobota,warszawa,Zaproszenie,NoveKino Wisła w Warszawie,15:20,,,regular,2026-08-01T10:02:59.997184
2026-08-01,sobota,warszawa,Zaproszenie,NoveKino Wisła w Warszawie,20:15,,,regular,2026-08-01T10:02:59.997184
2026-08-01,sobota,warszawa,"Ziemia, Księżyc i Słońce",Planetarium Centrum Nauki Kopernik w Warszawie,16:30,,,regular,2026-08-01T10:02:59.997184
2026-08-01,sobota,warszawa,Znaki Pana Śliwki,U–jazdowski kino,18:30,,,regular,2026-08-01T10:02:59.997184
2026-08-01,sobota,warszawa,Zorze – cudowne światła,Planetarium Centrum Nauki Kopernik w Warszawie,17:30,,,regular,2026-08-01T10:02:59.997184
2026-08-01,sobota,warszawa,Людина-павук: Абсолютно новий день / Spider-Man. Całkiem nowy dzień (ukr.),Cinema City Warszawa Arkadia,12:50,,,regular,2026-08-01T10:02:59.997184
2026-08-01,sobota,warszawa,Людина-павук: Абсолютно новий день / Spider-Man. Całkiem nowy dzień (ukr.),Cinema City Warszawa Arkadia,16:00,,,regular,2026-08-01T10:02:59.997184
2026-08-01,sobota,warszawa,Людина-павук: Абсолютно новий день / Spider-Man. Całkiem nowy dzień (ukr.),Cinema City Warszawa Galeria Mokotów,18:00,,,regular,2026-08-01T10:02:59.997184
2026-08-01,sobota,warszawa,Людина-павук: Абсолютно новий день / Spider-Man. Całkiem nowy dzień (ukr.),Cinema City Warszawa Galeria Mokotów,20:00,,,regular,2026-08-01T10:02:59.997184
2026-08-01,sobota,warszawa,Людина-павук: Абсолютно новий день / Spider-Man. Całkiem nowy dzień (ukr.),Cinema City Warszawa Galeria Północna,16:00,,,regular,2026-08-01T10:02:59.997184
2026-08-01,sobota,warszawa,Людина-павук: Абсолютно новий день / Spider-Man. Całkiem nowy dzień (ukr.),Helios Warszawa Blue City,14:15,,,regular,2026-08-01T10:02:59.997184
2026-08-01,sobota,warszawa,Людина-павук: Абсолютно новий день / Spider-Man. Całkiem nowy dzień (ukr.),Helios Warszawa Blue City,15:15,,,regular,2026-08-01T10:02:59.997184
2026-08-01,sobota,warszawa,Людина-павук: Абсолютно новий день / Spider-Man. Całkiem nowy dzień (ukr.),Helios Warszawa Blue City,16:15,,,regular,2026-08-01T10:02:59.997184
2026-08-01,sobota,warszawa,Людина-павук: Абсолютно новий день / Spider-Man. Całkiem nowy dzień (ukr.),Helios Warszawa Blue City,17:00,,,regular,2026-08-01T10:02:59.997184
2026-08-01,sobota,warszawa,Людина-павук: Абсолютно новий день / Spider-Man. Całkiem nowy dzień (ukr.),Helios Warszawa Blue City,20:00,,,regular,2026-08-01T10:02:59.997184
2026-08-01,sobota,warszawa,Людина-павук: Абсолютно новий день / Spider-Man. Całkiem nowy dzień (ukr.),Helios Warszawa Blue City,21:45,,,regular,2026-08-01T10:02:59.997184
2026-08-01,sobota,kraków,Akademia złoczyńców (dubbing),Kino Kijów w Krakowie,12:30,,dubbing,regular,2026-08-01T10:03:03.056203
2026-08-01,sobota,kraków,Akademia złoczyńców (dubbing),Kino Kijów w Krakowie,15:00,,dubbing,regular,2026-08-01T10:03:03.056203
2026-08-01,sobota,kraków,Backrooms. Bez wyjścia,Cinema City Kraków Bonarka,19:50,,,regular,2026-08-01T10:03:03.056203
2026-08-01,sobota,kraków,Backrooms. Bez wyjścia,Cinema City Kraków Bonarka,22:15,,,regular,2026-08-01T10:03:03.056203
2026-08-01,sobota,kraków,Backrooms. Bez wyjścia,Cinema City Kraków Zakopianka,22:00,,,regular,2026-08-01T10:03:03.056203
2026-08-01,sobota,kraków,Backrooms. Bez wyjścia (wersja rozszerzona),Cinema City Kraków Bonarka,17:30,,,regular,2026-08-01T10:03:03.056203
2026-08-01,sobota,kraków,Backrooms. Bez wyjścia (wersja rozszerzona),Cinema City Kraków Bonarka,20:20,,,regular,2026-08-01T10:03:03.056203
2026-08-01,sobota,kraków,Backrooms. Bez wyjścia (wersja rozszerzona),Cinema City Kraków Galeria Kazimierz,18:40,,,regular,2026-08-01T10:03:03.056203
2026-08-01,sobota,kraków,Backrooms. Bez wyjścia (wersja rozszerzona),Cinema City Kraków Zakopianka,19:10,,,regular,2026-08-01T10:03:03.056203
2026-08-01,sobota,kraków,Backrooms. Bez wyjścia (wersja rozszerzona),"Kino Pod Baranami w Małopolskim Ogrodzie Sztuki, czyli Barany w MOSie",21:00,,,regular,2026-08-01T10:03:03.056203
2026-08-01,sobota,kraków,Backrooms. Bez wyjścia (wersja rozszerzona),Multikino Kraków,19:30,,,regular,2026-08-01T10:03:03.056203
2026-08-01,sobota,kraków,Bez wyjścia,Kino Mikro w Krakowie,14:30,,,regular,2026-08-01T10:03:03.056203
2026-08-01,sobota,kraków,Biedne istoty,"Kino Pod Baranami w Małopolskim Ogrodzie Sztuki, czyli Barany w MOSie",13:15,,,regular,2026-08-01T10:03:03.056203
2026-08-01,sobota,kraków,Bogini Partenope,Kino Pod Baranami w Krakowie,16:00,,,regular,2026-08-01T10:03:03.056203
2026-08-01,sobota,kraków,Chłopi,Kino Pod Baranami w Krakowie,20:45,,,regular,2026-08-01T10:03:03.056203
2026-08-01,sobota,kraków,Chronologia wody,Kino Paradox w Krakowie,19:45,,,regular,2026-08-01T10:03:03.056203
2026-08-01,sobota,kraków,Diabeł ubiera się u Prady 2,Cinema City Kraków Bonarka,10:40,,,regular,2026-08-01T10:03:03.056203
2026-08-01,sobota,kraków,Diabeł ubiera się u Prady 2,Cinema City Kraków Bonarka,16:10,,,regular,2026-08-01T10:03:03.056203
2026-08-01,sobota,kraków,Diabeł ubiera się u Prady 2,Cinema City Kraków Bonarka,20:30,,,regular,2026-08-01T10:03:03.056203
2026-08-01,sobota,kraków,Diabeł ubiera się u Prady 2,"Kino Pod Baranami w Małopolskim Ogrodzie Sztuki, czyli Barany w MOSie",21:15,,,regular,2026-08-01T10:03:03.056203
2026-08-01,sobota,kraków,Drugie życie,Kino Kijów w Krakowie,18:00,,,regular,2026-08-01T10:03:03.056203
2026-08-01,sobota,kraków,Drugie życie,Kino Kijów w Krakowie,20:30,,,regular,2026-08-01T10:03:03.056203
2026-08-01,sobota,kraków,Dzień Objawienia,Cinema City Kraków Bonarka,21:40,,,regular,2026-08-01T10:03:03.056203
2026-08-01,sobota,kraków,Dziewczyna we mgle,Kino Kijów w Krakowie,20:30,,,regular,2026-08-01T10:03:03.056203
2026-08-01,sobota,kraków,Dziewczyna z igłą,"Kino Pod Baranami w Małopolskim Ogrodzie Sztuki, czyli Barany w MOSie",20:15,,,regular,2026-08-01T10:03:03.056203
2026-08-01,sobota,kraków,Ekipa zwierzaków (dubbing),Cinema City Kraków Bonarka,10:00,,dubbing,regular,2026-08-01T10:03:03.056203
2026-08-01,sobota,kraków,Ekipa zwierzaków (dubbing),Cinema City Kraków Galeria Kazimierz,10:10,,dubbing,regular,2026-08-01T10:03:03.056203
2026-08-01,sobota,kraków,Ekipa zwierzaków (dubbing),Cinema City Kraków Galeria Kazimierz,13:50,,dubbing,regular,2026-08-01T10:03:03.056203
2026-08-01,sobota,kraków,Ekipa zwierzaków (dubbing),Cinema City Kraków Galeria Kazimierz,16:30,,dubbing,regular,2026-08-01T10:03:03.056203
2026-08-01,sobota,kraków,Ekipa zwierzaków (dubbing),Cinema City Kraków Zakopianka,10:10,,dubbing,regular,2026-08-01T10:03:03.056203
2026-08-01,sobota,kraków,Ekipa zwierzaków (dubbing),Cinema City Kraków Zakopianka,12:20,,dubbing,regular,2026-08-01T10:03:03.056203
2026-08-01,sobota,kraków,Ekipa zwierzaków (dubbing),Cinema City Kraków Zakopianka,14:30,,dubbing,regular,2026-08-01T10:03:03.056203
2026-08-01,sobota,kraków,Ekipa zwierzaków (dubbing),Kino Kijów w Krakowie,10:30,,dubbing,regular,2026-08-01T10:03:03.056203
2026-08-01,sobota,kraków,Ekipa zwierzaków (dubbing),Kino Kijów w Krakowie,12:30,,dubbing,regular,2026-08-01T10:03:03.056203
2026-08-01,sobota,kraków,Ekipa zwierzaków (dubbing),Kino Kijów w Krakowie,16:15,,dubbing,regular,2026-08-01T10:03:03.056203
2026-08-01,sobota,kraków,Ekipa zwierzaków (dubbing),Multikino Kraków,10:00,,dubbing,regular,2026-08-01T10:03:03.056203
2026-08-01,sobota,kraków,Ekipa zwierzaków (dubbing),Multikino Kraków,14:55,,dubbing,regular,2026-08-01T10:03:03.056203
2026-08-01,sobota,kraków,Faworyta,"Kino Pod Baranami w Małopolskim Ogrodzie Sztuki, czyli Barany w MOSie",15:30,,,regular,2026-08-01T10:03:03.056203
2026-08-01,sobota,kraków,Gdzie jest Dory? (dubbing),Cinema City Kraków Bonarka,13:30,,dubbing,regular,2026-08-01T10:03:03.056203
2026-08-01,sobota,kraków,Gdzie jest Dory? (dubbing),Cinema City Kraków Galeria Kazimierz,13:30,,dubbing,regular,2026-08-01T10:03:03.056203
2026-08-01,sobota,kraków,Gdzie jest Dory? (dubbing),Cinema City Kraków Zakopianka,14:00,,dubbing,regular,2026-08-01T10:03:03.056203
2026-08-01,sobota,kraków,Gdzie jest Nemo? 3D (dubbing),Cinema City Kraków Bonarka,11:00,3D,dubbing,regular,2026-08-01T10:03:03.056203
2026-08-01,sobota,kraków,Gdzie jest Nemo? 3D (dubbing),Cinema City Kraków Galeria Kazimierz,11:00,3D,dubbing,regular,2026-08-01T10:03:03.056203
2026-08-01,sobota,kraków,Gdzie jest Nemo? 3D (dubbing),Cinema City Kraków Zakopianka,11:30,3D,dubbing,regular,2026-08-01T10:03:03.056203
2026-08-01,sobota,kraków,Ghost In the Shell,Cinema City Kraków Bonarka,21:20,,,regular,2026-08-01T10:03:03.056203
2026-08-01,sobota,kraków,Ghost In the Shell,Cinema City Kraków Galeria Kazimierz,19:10,,,regular,2026-08-01T10:03:03.056203
2026-08-01,sobota,kraków,Ghost In the Shell,Kino Mikro w Galerii Bronowice w Krakowie,18:00,,,regular,2026-08-01T10:03:03.056203
2026-08-01,sobota,kraków,Ghost In the Shell,Kino Paradox w Krakowie,18:10,,,regular,2026-08-01T10:03:03.056203
2026-08-01,sobota,kraków,Głos Hind Rajab,Kino Pod Baranami w Krakowie,21:15,,,regular,2026-08-01T10:03:03.056203
2026-08-01,sobota,kraków,Góra mocy,Cinema City Kraków Bonarka,12:40,,,regular,2026-08-01T10:03:03.056203
2026-08-01,sobota,kraków,Góra mocy,Cinema City Kraków Galeria Kazimierz,12:20,,,regular,2026-08-01T10:03:03.056203
2026-08-01,sobota,kraków,Góra mocy,Kino Paradox w Krakowie,16:30,,,regular,2026-08-01T10:03:03.056203
2026-08-01,sobota,kraków,Góra mocy (dubbing),Cinema City Kraków Bonarka,10:30,,dubbing,regular,2026-08-01T10:03:03.056203
2026-08-01,sobota,kraków,Góra mocy (dubbing),Cinema City Kraków Galeria Kazimierz,10:10,,dubbing,regular,2026-08-01T10:03:03.056203
2026-08-01,sobota,kraków,Góra mocy (dubbing),Cinema City Kraków Zakopianka,10:50,,dubbing,regular,2026-08-01T10:03:03.056203
2026-08-01,sobota,kraków,Góra mocy (dubbing),Kino Kijów w Krakowie,13:00,,dubbing,regular,2026-08-01T10:03:03.056203
2026-08-01,sobota,kraków,Góra mocy (dubbing),Multikino Kraków,12:40,,dubbing,regular,2026-08-01T10:03:03.056203
2026-08-01,sobota,kraków,Jej piekło,Cinema City Kraków Bonarka,21:20,,,regular,2026-08-01T10:03:03.056203
2026-08-01,sobota,kraków,Jej piekło,Cinema City Kraków Bonarka,21:50,,,regular,2026-08-01T10:03:03.056203
2026-08-01,sobota,kraków,Jej piekło,Cinema City Kraków Galeria Kazimierz,21:15,,,regular,2026-08-01T10:03:03.056203
2026-08-01,sobota,kraków,Jej piekło,Kino Mikro w Galerii Bronowice w Krakowie,19:30,,,regular,2026-08-01T10:03:03.056203
2026-08-01,sobota,kraków,Jej piekło,Multikino Kraków,10:00,,,regular,2026-08-01T10:03:03.056203
2026-08-01,sobota,kraków,Jej piekło,Multikino Kraków,20:00,,,regular,2026-08-01T10:03:03.056203
2026-08-01,sobota,kraków,Kumotry,Kino Mikro w Krakowie,13:00,,,regular,2026-08-01T10:03:03.056203
2026-08-01,sobota,kraków,Martwe zło: Ogień,Cinema City Kraków Bonarka,18:45,,,regular,2026-08-01T10:03:03.056203
2026-08-01,sobota,kraków,Martwe zło: Ogień,Cinema City Kraków Galeria Kazimierz,21:30,,,regular,2026-08-01T10:03:03.056203
2026-08-01,sobota,kraków,Martwe zło: Ogień,Cinema City Kraków Zakopianka,21:10,,,regular,2026-08-01T10:03:03.056203
2026-08-01,sobota,kraków,Martwe zło: Ogień,Multikino Kraków,22:00,,,regular,2026-08-01T10:03:03.056203
2026-08-01,sobota,kraków,Minionki i straszydła (dubbing),Cinema City Kraków Bonarka,10:00,,dubbing,regular,2026-08-01T10:03:03.056203
2026-08-01,sobota,kraków,Minionki i straszydła (dubbing),Cinema City Kraków Bonarka,10:30,,dubbing,regular,2026-08-01T10:03:03.056203
2026-08-01,sobota,kraków,Minionki i straszydła (dubbing),Cinema City Kraków Bonarka,10:50,,dubbing,regular,2026-08-01T10:03:03.056203
2026-08-01,sobota,kraków,Minionki i straszydła (dubbing),Cinema City Kraków Bonarka,11:00,,dubbing,regular,2026-08-01T10:03:03.056203
2026-08-01,sobota,kraków,Minionki i straszydła (dubbing),Cinema City Kraków Bonarka,12:40,,dubbing,regular,2026-08-01T10:03:03.056203
2026-08-01,sobota,kraków,Minionki i straszydła (dubbing),Cinema City Kraków Bonarka,13:10,,dubbing,regular,2026-08-01T10:03:03.056203
2026-08-01,sobota,kraków,Minionki i straszydła (dubbing),Cinema City Kraków Bonarka,14:50,,dubbing,regular,2026-08-01T10:03:03.056203
2026-08-01,sobota,kraków,Minionki i straszydła (dubbing),Cinema City Kraków Bonarka,15:20,,dubbing,regular,2026-08-01T10:03:03.056203
2026-08-01,sobota,kraków,Minionki i straszydła (dubbing),Cinema City Kraków Bonarka,17:00,,dubbing,regular,2026-08-01T10:03:03.056203
2026-08-01,sobota,kraków,Minionki i straszydła (dubbing),Cinema City Kraków Galeria Kazimierz,10:00,,dubbing,regular,2026-08-01T10:03:03.056203
2026-08-01,sobota,kraków,Minionki i straszydła (dubbing),Cinema City Kraków Galeria Kazimierz,11:40,,dubbing,regular,2026-08-01T10:03:03.056203
2026-08-01,sobota,kraków,Minionki i straszydła (dubbing),Cinema City Kraków Galeria Kazimierz,14:20,,dubbing,regular,2026-08-01T10:03:03.056203
2026-08-01,sobota,kraków,Minionki i straszydła (dubbing),Cinema City Kraków Zakopianka,10:20,,dubbing,regular,2026-08-01T10:03:03.056203
2026-08-01,sobota,kraków,Minionki i straszydła (dubbing),Cinema City Kraków Zakopianka,12:30,,dubbing,regular,2026-08-01T10:03:03.056203
2026-08-01,sobota,kraków,Minionki i straszydła (dubbing),Cinema City Kraków Zakopianka,14:40,,dubbing,regular,2026-08-01T10:03:03.056203
2026-08-01,sobota,kraków,Minionki i straszydła (dubbing),Cinema City Kraków Zakopianka,17:00,,dubbing,regular,2026-08-01T10:03:03.056203
2026-08-01,sobota,kraków,Minionki i straszydła (dubbing),Kino Kijów w Krakowie,11:00,,dubbing,regular,2026-08-01T10:03:03.056203
2026-08-01,sobota,kraków,Minionki i straszydła (dubbing),Kino Kijów w Krakowie,14:30,,dubbing,regular,2026-08-01T10:03:03.056203
2026-08-01,sobota,kraków,Minionki i straszydła (dubbing),Multikino Kraków,10:20,,dubbing,regular,2026-08-01T10:03:03.056203
2026-08-01,sobota,kraków,Minionki i straszydła (dubbing),Multikino Kraków,12:30,,dubbing,regular,2026-08-01T10:03:03.056203
2026-08-01,sobota,kraków,Minionki i straszydła (dubbing),Multikino Kraków,13:25,,dubbing,regular,2026-08-01T10:03:03.056203
2026-08-01,sobota,kraków,Minionki i straszydła (dubbing),Multikino Kraków,14:40,,dubbing,regular,2026-08-01T10:03:03.056203
2026-08-01,sobota,kraków,Minionki i straszydła (dubbing),Multikino Kraków,15:35,,dubbing,regular,2026-08-01T10:03:03.056203
2026-08-01,sobota,kraków,Minionki i straszydła (dubbing),Multikino Kraków,16:50,,dubbing,regular,2026-08-01T10:03:03.056203
2026-08-01,sobota,kraków,Minionki i straszydła (dubbing),Multikino Kraków,17:45,,dubbing,regular,2026-08-01T10:03:03.056203
2026-08-01,sobota,kraków,Młody Waszyngton,Cinema City Kraków Bonarka,13:00,,,regular,2026-08-01T10:03:03.056203
2026-08-01,sobota,kraków,Młody Waszyngton,Cinema City Kraków Bonarka,18:10,,,regular,2026-08-01T10:03:03.056203
2026-08-01,sobota,kraków,Młody Waszyngton,Cinema City Kraków Galeria Kazimierz,20:30,,,regular,2026-08-01T10:03:03.056203
2026-08-01,sobota,kraków,Młody Waszyngton,Cinema City Kraków Zakopianka,18:10,,,regular,2026-08-01T10:03:03.056203
2026-08-01,sobota,kraków,Młody Waszyngton,Multikino Kraków,20:40,,,regular,2026-08-01T10:03:03.056203
2026-08-01,sobota,kraków,Niesamowite przygody skarpetek 3. Ale kosmos!,Cinema City Kraków Zakopianka,10:30,,,regular,2026-08-01T10:03:03.056203
2026-08-01,sobota,kraków,O czym sobie nie mówimy,Cinema City Kraków Galeria Kazimierz,11:45,,,regular,2026-08-01T10:03:03.056203
2026-08-01,sobota,kraków,O czym sobie nie mówimy,Kino Kijów w Krakowie,16:30,,,regular,2026-08-01T10:03:03.056203
2026-08-01,sobota,kraków,O czym sobie nie mówimy,Kino Mikro w Krakowie,17:00,,,regular,2026-08-01T10:03:03.056203
2026-08-01,sobota,kraków,O czym sobie nie mówimy,"Kino Pod Baranami w Małopolskim Ogrodzie Sztuki, czyli Barany w MOSie",12:30,,,regular,2026-08-01T10:03:03.056203
2026-08-01,sobota,kraków,O czym sobie nie mówimy,"Kino Pod Baranami w Małopolskim Ogrodzie Sztuki, czyli Barany w MOSie",15:30,,,regular,2026-08-01T10:03:03.056203
2026-08-01,sobota,kraków,Obsesja,Cinema City Kraków Bonarka,11:10,,,regular,2026-08-01T10:03:03.056203
2026-08-01,sobota,kraków,Obsesja,Cinema City Kraków Bonarka,13:40,,,regular,2026-08-01T10:03:03.056203
2026-08-01,sobota,kraków,Obsesja,Cinema City Kraków Bonarka,19:10,,,regular,2026-08-01T10:03:03.056203
2026-08-01,sobota,kraków,Obsesja,Cinema City Kraków Bonarka,22:30,,,regular,2026-08-01T10:03:03.056203
2026-08-01,sobota,kraków,Obsesja,Cinema City Kraków Galeria Kazimierz,20:50,,,regular,2026-08-01T10:03:03.056203
2026-08-01,sobota,kraków,Obsesja,Cinema City Kraków Zakopianka,18:45,,,regular,2026-08-01T10:03:03.056203
2026-08-01,sobota,kraków,Obsesja,Multikino Kraków,10:25,,,regular,2026-08-01T10:03:03.056203
2026-08-01,sobota,kraków,Obsesja,Multikino Kraków,22:00,,,regular,2026-08-01T10:03:03.056203
2026-08-01,sobota,kraków,Odyseja,Cinema City Kraków Bonarka,10:10,,,regular,2026-08-01T10:03:03.056203
2026-08-01,sobota,kraków,Odyseja,Cinema City Kraków Bonarka,11:00,,,regular,2026-08-01T10:03:03.056203
2026-08-01,sobota,kraków,Odyseja,Cinema City Kraków Bonarka,11:10,,,regular,2026-08-01T10:03:03.056203
2026-08-01,sobota,kraków,Odyseja,Cinema City Kraków Bonarka,12:30,,,regular,2026-08-01T10:03:03.056203
2026-08-01,sobota,kraków,Odyseja,Cinema City Kraków Bonarka,13:50,,,regular,2026-08-01T10:03:03.056203
2026-08-01,sobota,kraków,Odyseja,Cinema City Kraków Bonarka,14:40,,,regular,2026-08-01T10:03:03.056203
2026-08-01,sobota,kraków,Odyseja,Cinema City Kraków Bonarka,16:10,,,regular,2026-08-01T10:03:03.056203
2026-08-01,sobota,kraków,Odyseja,Cinema City Kraków Bonarka,17:30,,,regular,2026-08-01T10:03:03.056203
2026-08-01,sobota,kraków,Odyseja,Cinema City Kraków Bonarka,18:10,,,regular,2026-08-01T10:03:03.056203
2026-08-01,sobota,kraków,Odyseja,Cinema City Kraków Bonarka,18:20,,,regular,2026-08-01T10:03:03.056203
2026-08-01,sobota,kraków,Odyseja,Cinema City Kraków Bonarka,19:50,,,regular,2026-08-01T10:03:03.056203
2026-08-01,sobota,kraków,Odyseja,Cinema City Kraków Bonarka,20:30,,,regular,2026-08-01T10:03:03.056203
2026-08-01,sobota,kraków,Odyseja,Cinema City Kraków Bonarka,21:00,,,regular,2026-08-01T10:03:03.056203
2026-08-01,sobota,kraków,Odyseja,Cinema City Kraków Bonarka,21:40,,,regular,2026-08-01T10:03:03.056203
2026-08-01,sobota,kraków,Odyseja,Cinema City Kraków Galeria Kazimierz,10:30,,,regular,2026-08-01T10:03:03.056203
2026-08-01,sobota,kraków,Odyseja,Cinema City Kraków Galeria Kazimierz,12:10,,,regular,2026-08-01T10:03:03.056203
2026-08-01,sobota,kraków,Odyseja,Cinema City Kraków Galeria Kazimierz,14:10,,,regular,2026-08-01T10:03:03.056203
2026-08-01,sobota,kraków,Odyseja,Cinema City Kraków Galeria Kazimierz,15:50,,,regular,2026-08-01T10:03:03.056203
2026-08-01,sobota,kraków,Odyseja,Cinema City Kraków Galeria Kazimierz,17:50,,,regular,2026-08-01T10:03:03.056203
2026-08-01,sobota,kraków,Odyseja,Cinema City Kraków Galeria Kazimierz,19:30,,,regular,2026-08-01T10:03:03.056203
2026-08-01,sobota,kraków,Odyseja,Cinema City Kraków Galeria Kazimierz,21:30,,,regular,2026-08-01T10:03:03.056203
2026-08-01,sobota,kraków,Odyseja,Cinema City Kraków Zakopianka,10:30,,,regular,2026-08-01T10:03:03.056203
2026-08-01,sobota,kraków,Odyseja,Cinema City Kraków Zakopianka,12:00,,,regular,2026-08-01T10:03:03.056203
2026-08-01,sobota,kraków,Odyseja,Cinema City Kraków Zakopianka,14:15,,,regular,2026-08-01T10:03:03.056203
2026-08-01,sobota,kraków,Odyseja,Cinema City Kraków Zakopianka,15:45,,,regular,2026-08-01T10:03:03.056203
2026-08-01,sobota,kraków,Odyseja,Cinema City Kraków Zakopianka,18:00,,,regular,2026-08-01T10:03:03.056203
2026-08-01,sobota,kraków,Odyseja,Cinema City Kraków Zakopianka,19:30,,,regular,2026-08-01T10:03:03.056203
2026-08-01,sobota,kraków,Odyseja,Cinema City Kraków Zakopianka,20:10,,,regular,2026-08-01T10:03:03.056203
2026-08-01,sobota,kraków,Odyseja,Cinema City Kraków Zakopianka,21:45,,,regular,2026-08-01T10:03:03.056203
2026-08-01,sobota,kraków,Odyseja,Kino Kijów w Krakowie,17:00,,,regular,2026-08-01T10:03:03.056203
2026-08-01,sobota,kraków,Odyseja,Kino Kijów w Krakowie,20:00,,,regular,2026-08-01T10:03:03.056203
2026-08-01,sobota,kraków,Odyseja,Kino Mikro w Galerii Bronowice w Krakowie,15:00,,,regular,2026-08-01T10:03:03.056203
2026-08-01,sobota,kraków,Odyseja,Kino Mikro w Krakowie,19:30,,,regular,2026-08-01T10:03:03.056203
2026-08-01,sobota,kraków,Odyseja,Kino Pod Baranami w Krakowie,14:45,,,regular,2026-08-01T10:03:03.056203
2026-08-01,sobota,kraków,Odyseja,"Kino Pod Baranami w Małopolskim Ogrodzie Sztuki, czyli Barany w MOSie",12:15,,,regular,2026-08-01T10:03:03.056203
2026-08-01,sobota,kraków,Odyseja,"Kino Pod Baranami w Małopolskim Ogrodzie Sztuki, czyli Barany w MOSie",18:00,,,regular,2026-08-01T10:03:03.056203
2026-08-01,sobota,kraków,Odyseja,Multikino Kraków,11:00,,,regular,2026-08-01T10:03:03.056203
2026-08-01,sobota,kraków,Odyseja,Multikino Kraków,14:40,,,regular,2026-08-01T10:03:03.056203
2026-08-01,sobota,kraków,Odyseja,Multikino Kraków,17:30,,,regular,2026-08-01T10:03:03.056203
2026-08-01,sobota,kraków,Odyseja,Multikino Kraków,18:20,,,regular,2026-08-01T10:03:03.056203
2026-08-01,sobota,kraków,Odyseja,Multikino Kraków,20:00,,,regular,2026-08-01T10:03:03.056203
2026-08-01,sobota,kraków,Odyseja,Multikino Kraków,21:10,,,regular,2026-08-01T10:03:03.056203
2026-08-01,sobota,kraków,Odyseja / Одіссея (ukr.),Cinema City Kraków Bonarka,12:10,,,regular,2026-08-01T10:03:03.056203
2026-08-01,sobota,kraków,Odyseja / Одіссея (ukr.),Cinema City Kraków Galeria Kazimierz,20:10,,,regular,2026-08-01T10:03:03.056203
2026-08-01,sobota,kraków,Odyseja / Одіссея (ukr.),Multikino Kraków,11:55,,,regular,2026-08-01T10:03:03.056203
2026-08-01,sobota,kraków,Odyseja / Одіссея (ukr.),Multikino Kraków,15:35,,,regular,2026-08-01T10:03:03.056203
2026-08-01,sobota,kraków,Odyseja / Одіссея (ukr.),Multikino Kraków,19:15,,,regular,2026-08-01T10:03:03.056203
2026-08-01,sobota,kraków,Odzyskany,Kino Kijów w Krakowie,13:00,,,regular,2026-08-01T10:03:03.056203
2026-08-01,sobota,kraków,Ojczyzna,Kino Kijów w Krakowie,18:45,,,regular,2026-08-01T10:03:03.056203
2026-08-01,sobota,kraków,Ojczyzna,Kino Mikro w Krakowie,14:00,,,regular,2026-08-01T10:03:03.056203
2026-08-01,sobota,kraków,Ojczyzna,"Kino Pod Baranami w Małopolskim Ogrodzie Sztuki, czyli Barany w MOSie",17:00,,,regular,2026-08-01T10:03:03.056203
2026-08-01,sobota,kraków,Ostatni konsjerż,Cinema City Kraków Bonarka,20:50,,,regular,2026-08-01T10:03:03.056203
2026-08-01,sobota,kraków,Ostatni konsjerż,Kino Mikro w Krakowie,12:30,,,regular,2026-08-01T10:03:03.056203
2026-08-01,sobota,kraków,Ostatni konsjerż,Kino Mikro w Krakowie,19:00,,,regular,2026-08-01T10:03:03.056203
2026-08-01,sobota,kraków,Ostatnia sesja w Paryżu,"Kino Pod Baranami w Małopolskim Ogrodzie Sztuki, czyli Barany w MOSie",16:00,,,regular,2026-08-01T10:03:03.056203
2026-08-01,sobota,kraków,Perfect Days,Kino Agrafka w Krakowie,21:00,,,regular,2026-08-01T10:03:03.056203
2026-08-01,sobota,kraków,Prawdziwa historia Tamary Łempickiej,Kino Pod Baranami w Krakowie,18:45,,,regular,2026-08-01T10:03:03.056203
2026-08-01,sobota,kraków,Przekleństwa niewinności,"Kino Pod Baranami w Małopolskim Ogrodzie Sztuki, czyli Barany w MOSie",18:15,,,regular,2026-08-01T10:03:03.056203
2026-08-01,sobota,kraków,Pucio,Cinema City Kraków Bonarka,10:00,,,regular,2026-08-01T10:03:03.056203
2026-08-01,sobota,kraków,Pucio,Multikino Kraków,10:15,,,regular,2026-08-01T10:03:03.056203
2026-08-01,sobota,kraków,Requiem dla snu,Cinema City Kraków Bonarka,15:50,,,regular,2026-08-01T10:03:03.056203
2026-08-01,sobota,kraków,Requiem dla snu,Cinema City Kraków Galeria Kazimierz,20:40,,,regular,2026-08-01T10:03:03.056203
2026-08-01,sobota,kraków,Requiem dla snu,Cinema City Kraków Zakopianka,21:00,,,regular,2026-08-01T10:03:03.056203
2026-08-01,sobota,kraków,Requiem dla snu,Kino Agrafka w Krakowie,16:30,,,regular,2026-08-01T10:03:03.056203
2026-08-01,sobota,kraków,Requiem dla snu,Kino Kijów w Krakowie,20:30,,,regular,2026-08-01T10:03:03.056203
2026-08-01,sobota,kraków,Requiem dla snu,Kino Mikro w Krakowie,15:30,,,regular,2026-08-01T10:03:03.056203
2026-08-01,sobota,kraków,Requiem dla snu,"Kino Pod Baranami w Małopolskim Ogrodzie Sztuki, czyli Barany w MOSie",18:45,,,regular,2026-08-01T10:03:03.056203
2026-08-01,sobota,kraków,Słodkie życie,Kino Pod Baranami w Krakowie,18:00,,,regular,2026-08-01T10:03:03.056203
2026-08-01,sobota,kraków,Sny o słoniach,Kino Pod Baranami w Krakowie,12:00,,,regular,2026-08-01T10:03:03.056203
2026-08-01,sobota,kraków,Spider-Man. Całkiem nowy dzień,Cinema City Kraków Bonarka,10:30,,,regular,2026-08-01T10:03:03.056203
2026-08-01,sobota,kraków,Spider-Man. Całkiem nowy dzień,Cinema City Kraków Bonarka,13:40,,,regular,2026-08-01T10:03:03.056203
2026-08-01,sobota,kraków,Spider-Man. Całkiem nowy dzień,Cinema City Kraków Bonarka,16:10,,,regular,2026-08-01T10:03:03.056203
2026-08-01,sobota,kraków,Spider-Man. Całkiem nowy dzień,Cinema City Kraków Bonarka,16:20,,,regular,2026-08-01T10:03:03.056203
2026-08-01,sobota,kraków,Spider-Man. Całkiem nowy dzień,Cinema City Kraków Bonarka,16:50,,,regular,2026-08-01T10:03:03.056203
2026-08-01,sobota,kraków,Spider-Man. Całkiem nowy dzień,Cinema City Kraków Bonarka,17:40,,,regular,2026-08-01T10:03:03.056203
2026-08-01,sobota,kraków,Spider-Man. Całkiem nowy dzień,Cinema City Kraków Bonarka,18:10,,,regular,2026-08-01T10:03:03.056203
2026-08-01,sobota,kraków,Spider-Man. Całkiem nowy dzień,Cinema City Kraków Bonarka,19:20,,,regular,2026-08-01T10:03:03.056203
2026-08-01,sobota,kraków,Spider-Man. Całkiem nowy dzień,Cinema City Kraków Bonarka,19:30,,,regular,2026-08-01T10:03:03.056203
2026-08-01,sobota,kraków,Spider-Man. Całkiem nowy dzień,Cinema City Kraków Bonarka,20:00,,,regular,2026-08-01T10:03:03.056203
2026-08-01,sobota,kraków,Spider-Man. Całkiem nowy dzień,Cinema City Kraków Bonarka,20:50,,,regular,2026-08-01T10:03:03.056203
2026-08-01,sobota,kraków,Spider-Man. Całkiem nowy dzień,Cinema City Kraków Bonarka,21:40,,,regular,2026-08-01T10:03:03.056203
2026-08-01,sobota,kraków,Spider-Man. Całkiem nowy dzień,Cinema City Kraków Galeria Kazimierz,10:30,,,regular,2026-08-01T10:03:03.056203
2026-08-01,sobota,kraków,Spider-Man. Całkiem nowy dzień,Cinema City Kraków Galeria Kazimierz,13:40,,,regular,2026-08-01T10:03:03.056203
2026-08-01,sobota,kraków,Spider-Man. Całkiem nowy dzień,Cinema City Kraków Galeria Kazimierz,16:50,,,regular,2026-08-01T10:03:03.056203
2026-08-01,sobota,kraków,Spider-Man. Całkiem nowy dzień,Cinema City Kraków Galeria Kazimierz,20:00,,,regular,2026-08-01T10:03:03.056203
2026-08-01,sobota,kraków,Spider-Man. Całkiem nowy dzień,Cinema City Kraków Galeria Kazimierz,21:40,,,regular,2026-08-01T10:03:03.056203
2026-08-01,sobota,kraków,Spider-Man. Całkiem nowy dzień,Cinema City Kraków Zakopianka,11:00,,,regular,2026-08-01T10:03:03.056203
2026-08-01,sobota,kraków,Spider-Man. Całkiem nowy dzień,Cinema City Kraków Zakopianka,14:10,,,regular,2026-08-01T10:03:03.056203
2026-08-01,sobota,kraków,Spider-Man. Całkiem nowy dzień,Cinema City Kraków Zakopianka,16:50,,,regular,2026-08-01T10:03:03.056203
2026-08-01,sobota,kraków,Spider-Man. Całkiem nowy dzień,Cinema City Kraków Zakopianka,17:20,,,regular,2026-08-01T10:03:03.056203
2026-08-01,sobota,kraków,Spider-Man. Całkiem nowy dzień,Cinema City Kraków Zakopianka,20:30,,,regular,2026-08-01T10:03:03.056203
2026-08-01,sobota,kraków,Spider-Man. Całkiem nowy dzień,Cinema City Kraków Zakopianka,22:10,,,regular,2026-08-01T10:03:03.056203
2026-08-01,sobota,kraków,Spider-Man. Całkiem nowy dzień,Kino Kijów w Krakowie,17:15,,,regular,2026-08-01T10:03:03.056203
2026-08-01,sobota,kraków,Spider-Man. Całkiem nowy dzień,Kino Kijów w Krakowie,20:15,,,regular,2026-08-01T10:03:03.056203
2026-08-01,sobota,kraków,Spider-Man. Całkiem nowy dzień,"Kino Pod Baranami w Małopolskim Ogrodzie Sztuki, czyli Barany w MOSie",17:45,,,regular,2026-08-01T10:03:03.056203
2026-08-01,sobota,kraków,Spider-Man. Całkiem nowy dzień,Multikino Kraków,11:30,,,regular,2026-08-01T10:03:03.056203
2026-08-01,sobota,kraków,Spider-Man. Całkiem nowy dzień,Multikino Kraków,12:30,,,regular,2026-08-01T10:03:03.056203
2026-08-01,sobota,kraków,Spider-Man. Całkiem nowy dzień,Multikino Kraków,15:40,,,regular,2026-08-01T10:03:03.056203
2026-08-01,sobota,kraków,Spider-Man. Całkiem nowy dzień,Multikino Kraków,17:10,,,regular,2026-08-01T10:03:03.056203
2026-08-01,sobota,kraków,Spider-Man. Całkiem nowy dzień,Multikino Kraków,18:50,,,regular,2026-08-01T10:03:03.056203
2026-08-01,sobota,kraków,Spider-Man. Całkiem nowy dzień,Multikino Kraków,19:30,,,regular,2026-08-01T10:03:03.056203
2026-08-01,sobota,kraków,Spider-Man. Całkiem nowy dzień,Multikino Kraków,20:30,,,regular,2026-08-01T10:03:03.056203
2026-08-01,sobota,kraków,Spider-Man. Całkiem nowy dzień,Multikino Kraków,21:30,,,regular,2026-08-01T10:03:03.056203
2026-08-01,sobota,kraków,Spider-Man. Całkiem nowy dzień (dubbing),Cinema City Kraków Bonarka,11:10,,dubbing,regular,2026-08-01T10:03:03.056203
2026-08-01,sobota,kraków,Spider-Man. Całkiem nowy dzień (dubbing),Cinema City Kraków Bonarka,11:20,,dubbing,regular,2026-08-01T10:03:03.056203
2026-08-01,sobota,kraków,Spider-Man. Całkiem nowy dzień (dubbing),Cinema City Kraków Bonarka,12:10,,dubbing,regular,2026-08-01T10:03:03.056203
2026-08-01,sobota,kraków,Spider-Man. Całkiem nowy dzień (dubbing),Cinema City Kraków Bonarka,13:00,,dubbing,regular,2026-08-01T10:03:03.056203
2026-08-01,sobota,kraków,Spider-Man. Całkiem nowy dzień (dubbing),Cinema City Kraków Bonarka,14:20,,dubbing,regular,2026-08-01T10:03:03.056203
2026-08-01,sobota,kraków,Spider-Man. Całkiem nowy dzień (dubbing),Cinema City Kraków Bonarka,14:30,,dubbing,regular,2026-08-01T10:03:03.056203
2026-08-01,sobota,kraków,Spider-Man. Całkiem nowy dzień (dubbing),Cinema City Kraków Bonarka,15:20,,dubbing,regular,2026-08-01T10:03:03.056203
2026-08-01,sobota,kraków,Spider-Man. Całkiem nowy dzień (dubbing),Cinema City Kraków Bonarka,18:30,,dubbing,regular,2026-08-01T10:03:03.056203
2026-08-01,sobota,kraków,Spider-Man. Całkiem nowy dzień (dubbing),Cinema City Kraków Bonarka,21:20,,dubbing,regular,2026-08-01T10:03:03.056203
2026-08-01,sobota,kraków,Spider-Man. Całkiem nowy dzień (dubbing),Cinema City Kraków Galeria Kazimierz,12:10,,dubbing,regular,2026-08-01T10:03:03.056203
2026-08-01,sobota,kraków,Spider-Man. Całkiem nowy dzień (dubbing),Cinema City Kraków Galeria Kazimierz,15:20,,dubbing,regular,2026-08-01T10:03:03.056203
2026-08-01,sobota,kraków,Spider-Man. Całkiem nowy dzień (dubbing),Cinema City Kraków Galeria Kazimierz,18:30,,dubbing,regular,2026-08-01T10:03:03.056203
2026-08-01,sobota,kraków,Spider-Man. Całkiem nowy dzień (dubbing),Cinema City Kraków Zakopianka,12:40,,dubbing,regular,2026-08-01T10:03:03.056203
2026-08-01,sobota,kraków,Spider-Man. Całkiem nowy dzień (dubbing),Cinema City Kraków Zakopianka,15:50,,dubbing,regular,2026-08-01T10:03:03.056203
2026-08-01,sobota,kraków,Spider-Man. Całkiem nowy dzień (dubbing),Cinema City Kraków Zakopianka,19:00,,dubbing,regular,2026-08-01T10:03:03.056203
2026-08-01,sobota,kraków,Spider-Man. Całkiem nowy dzień (dubbing),Kino Kijów w Krakowie,11:45,,dubbing,regular,2026-08-01T10:03:03.056203
2026-08-01,sobota,kraków,Spider-Man. Całkiem nowy dzień (dubbing),Kino Kijów w Krakowie,14:30,,dubbing,regular,2026-08-01T10:03:03.056203
2026-08-01,sobota,kraków,Spider-Man. Całkiem nowy dzień (dubbing),Multikino Kraków,10:30,,dubbing,regular,2026-08-01T10:03:03.056203
2026-08-01,sobota,kraków,Spider-Man. Całkiem nowy dzień (dubbing),Multikino Kraków,13:00,,dubbing,regular,2026-08-01T10:03:03.056203
2026-08-01,sobota,kraków,Spider-Man. Całkiem nowy dzień (dubbing),Multikino Kraków,14:50,,dubbing,regular,2026-08-01T10:03:03.056203
2026-08-01,sobota,kraków,Spider-Man. Całkiem nowy dzień (dubbing),Multikino Kraków,16:15,,dubbing,regular,2026-08-01T10:03:03.056203
2026-08-01,sobota,kraków,Spider-Man. Całkiem nowy dzień (dubbing),Multikino Kraków,18:10,,dubbing,regular,2026-08-01T10:03:03.056203
2026-08-01,sobota,kraków,Spider-Man. Całkiem nowy dzień 3D,Cinema City Kraków Bonarka,14:10,3D,,regular,2026-08-01T10:03:03.056203
2026-08-01,sobota,kraków,Spider-Man. Całkiem nowy dzień 3D,Cinema City Kraków Bonarka,18:00,3D,,regular,2026-08-01T10:03:03.056203
2026-08-01,sobota,kraków,Spider-Man. Całkiem nowy dzień 3D,Cinema City Kraków Bonarka,20:30,3D,,regular,2026-08-01T10:03:03.056203
2026-08-01,sobota,kraków,Spider-Man. Całkiem nowy dzień 3D,Cinema City Kraków Galeria Kazimierz,17:40,3D,,regular,2026-08-01T10:03:03.056203
2026-08-01,sobota,kraków,Spider-Man. Całkiem nowy dzień 3D,Cinema City Kraków Zakopianka,18:00,3D,,regular,2026-08-01T10:03:03.056203
2026-08-01,sobota,kraków,Spider-Man. Całkiem nowy dzień 3D (dubbing),Cinema City Kraków Bonarka,11:00,3D,dubbing,regular,2026-08-01T10:03:03.056203
2026-08-01,sobota,kraków,Spider-Man. Całkiem nowy dzień 3D (dubbing),Cinema City Kraków Bonarka,14:50,3D,dubbing,regular,2026-08-01T10:03:03.056203
2026-08-01,sobota,kraków,Spider-Man. Całkiem nowy dzień 3D (dubbing),Cinema City Kraków Bonarka,17:20,3D,dubbing,regular,2026-08-01T10:03:03.056203
2026-08-01,sobota,kraków,Spider-Man. Całkiem nowy dzień 3D (dubbing),Cinema City Kraków Galeria Kazimierz,14:30,3D,dubbing,regular,2026-08-01T10:03:03.056203
2026-08-01,sobota,kraków,Spider-Man. Całkiem nowy dzień 3D (dubbing),Cinema City Kraków Zakopianka,11:40,3D,dubbing,regular,2026-08-01T10:03:03.056203
2026-08-01,sobota,kraków,Spider-Man. Całkiem nowy dzień 3D (dubbing),Cinema City Kraków Zakopianka,14:50,3D,dubbing,regular,2026-08-01T10:03:03.056203
2026-08-01,sobota,kraków,Spider-Man. Całkiem nowy dzień 3D (dubbing),Multikino Kraków,13:50,3D,dubbing,regular,2026-08-01T10:03:03.056203
2026-08-01,sobota,kraków,Straszny film,Cinema City Kraków Zakopianka,21:20,,,regular,2026-08-01T10:03:03.056203
2026-08-01,sobota,kraków,Super Mario Galaxy Film (dubbing),Cinema City Kraków Bonarka,10:40,,dubbing,regular,2026-08-01T10:03:03.056203
2026-08-01,sobota,kraków,Tar,Kino Pod Baranami w Krakowie,13:00,,,regular,2026-08-01T10:03:03.056203
2026-08-01,sobota,kraków,Toy Story 5 (dubbing),Cinema City Kraków Bonarka,10:40,,dubbing,regular,2026-08-01T10:03:03.056203
2026-08-01,sobota,kraków,Toy Story 5 (dubbing),Cinema City Kraków Bonarka,13:10,,dubbing,regular,2026-08-01T10:03:03.056203
2026-08-01,sobota,kraków,Toy Story 5 (dubbing),Cinema City Kraków Bonarka,15:40,,dubbing,regular,2026-08-01T10:03:03.056203
2026-08-01,sobota,kraków,Toy Story 5 (dubbing),Cinema City Kraków Bonarka,18:10,,dubbing,regular,2026-08-01T10:03:03.056203
2026-08-01,sobota,kraków,Toy Story 5 (dubbing),Cinema City Kraków Galeria Kazimierz,10:30,,dubbing,regular,2026-08-01T10:03:03.056203
2026-08-01,sobota,kraków,Toy Story 5 (dubbing),Cinema City Kraków Galeria Kazimierz,13:00,,dubbing,regular,2026-08-01T10:03:03.056203
2026-08-01,sobota,kraków,Toy Story 5 (dubbing),Cinema City Kraków Galeria Kazimierz,15:30,,dubbing,regular,2026-08-01T10:03:03.056203
2026-08-01,sobota,kraków,Toy Story 5 (dubbing),Cinema City Kraków Galeria Kazimierz,18:00,,dubbing,regular,2026-08-01T10:03:03.056203
2026-08-01,sobota,kraków,Toy Story 5 (dubbing),Cinema City Kraków Zakopianka,10:00,,dubbing,regular,2026-08-01T10:03:03.056203
2026-08-01,sobota,kraków,Toy Story 5 (dubbing),Cinema City Kraków Zakopianka,13:10,,dubbing,regular,2026-08-01T10:03:03.056203
2026-08-01,sobota,kraków,Toy Story 5 (dubbing),Cinema City Kraków Zakopianka,15:40,,dubbing,regular,2026-08-01T10:03:03.056203
2026-08-01,sobota,kraków,Toy Story 5 (dubbing),Multikino Kraków,10:00,,dubbing,regular,2026-08-01T10:03:03.056203
2026-08-01,sobota,kraków,Toy Story 5 (dubbing),Multikino Kraków,12:25,,dubbing,regular,2026-08-01T10:03:03.056203
2026-08-01,sobota,kraków,Toy Story 5 (dubbing),Multikino Kraków,14:55,,dubbing,regular,2026-08-01T10:03:03.056203
2026-08-01,sobota,kraków,Vaiana (dubbing),Cinema City Kraków Bonarka,10:00,,dubbing,regular,2026-08-01T10:03:03.056203
2026-08-01,sobota,kraków,Vaiana (dubbing),Cinema City Kraków Bonarka,12:30,,dubbing,regular,2026-08-01T10:03:03.056203
2026-08-01,sobota,kraków,Vaiana (dubbing),Cinema City Kraków Bonarka,13:30,,dubbing,regular,2026-08-01T10:03:03.056203
2026-08-01,sobota,kraków,Vaiana (dubbing),Cinema City Kraków Bonarka,15:10,,dubbing,regular,2026-08-01T10:03:03.056203
2026-08-01,sobota,kraków,Vaiana (dubbing),Cinema City Kraków Bonarka,17:50,,dubbing,regular,2026-08-01T10:03:03.056203
2026-08-01,sobota,kraków,Vaiana (dubbing),Cinema City Kraków Galeria Kazimierz,12:20,,dubbing,regular,2026-08-01T10:03:03.056203
2026-08-01,sobota,kraków,Vaiana (dubbing),Cinema City Kraków Galeria Kazimierz,17:30,,dubbing,regular,2026-08-01T10:03:03.056203
2026-08-01,sobota,kraków,Vaiana (dubbing),Cinema City Kraków Zakopianka,12:10,,dubbing,regular,2026-08-01T10:03:03.056203
2026-08-01,sobota,kraków,Vaiana (dubbing),Cinema City Kraków Zakopianka,14:50,,dubbing,regular,2026-08-01T10:03:03.056203
2026-08-01,sobota,kraków,Vaiana (dubbing),Cinema City Kraków Zakopianka,17:30,,dubbing,regular,2026-08-01T10:03:03.056203
2026-08-01,sobota,kraków,Vaiana (dubbing),Kino Kijów w Krakowie,10:30,,dubbing,regular,2026-08-01T10:03:03.056203
2026-08-01,sobota,kraków,Vaiana (dubbing),Kino Kijów w Krakowie,15:30,,dubbing,regular,2026-08-01T10:03:03.056203
2026-08-01,sobota,kraków,Vaiana (dubbing),Multikino Kraków,10:00,,dubbing,regular,2026-08-01T10:03:03.056203
2026-08-01,sobota,kraków,Vaiana (dubbing),Multikino Kraków,14:50,,dubbing,regular,2026-08-01T10:03:03.056203
2026-08-01,sobota,kraków,Vaiana (dubbing),Multikino Kraków,17:20,,dubbing,regular,2026-08-01T10:03:03.056203
2026-08-01,sobota,kraków,Vaiana (wersja karaoke),Multikino Kraków,12:15,,,regular,2026-08-01T10:03:03.056203
2026-08-01,sobota,kraków,WALL-E (dubbing),Cinema City Kraków Bonarka,15:50,,dubbing,regular,2026-08-01T10:03:03.056203
2026-08-01,sobota,kraków,WALL-E (dubbing),Cinema City Kraków Galeria Kazimierz,15:50,,dubbing,regular,2026-08-01T10:03:03.056203
2026-08-01,sobota,kraków,WALL-E (dubbing),Cinema City Kraków Zakopianka,16:20,,dubbing,regular,2026-08-01T10:03:03.056203
2026-08-01,sobota,kraków,Willow i tajemniczy las (dubbing),Kino Mikro w Galerii Bronowice w Krakowie,13:15,,dubbing,regular,2026-08-01T10:03:03.056203
2026-08-01,sobota,kraków,Wyschnięci (dubbing),Kino Kijów w Krakowie,10:45,,dubbing,regular,2026-08-01T10:03:03.056203
2026-08-01,sobota,kraków,Wyschnięci (dubbing),Kino Kijów w Krakowie,14:30,,dubbing,regular,2026-08-01T10:03:03.056203
2026-08-01,sobota,kraków,Wyschnięci (dubbing),Kino Mikro w Galerii Bronowice w Krakowie,12:00,,dubbing,regular,2026-08-01T10:03:03.056203
2026-08-01,sobota,kraków,Zaproszenie,Cinema City Kraków Bonarka,17:30,,,regular,2026-08-01T10:03:03.056203
2026-08-01,sobota,kraków,Zaproszenie,Cinema City Kraków Galeria Kazimierz,15:00,,,regular,2026-08-01T10:03:03.056203
2026-08-01,sobota,kraków,Zaproszenie,Cinema City Kraków Galeria Kazimierz,18:10,,,regular,2026-08-01T10:03:03.056203
2026-08-01,sobota,kraków,Zaproszenie,Cinema City Kraków Zakopianka,20:20,,,regular,2026-08-01T10:03:03.056203
2026-08-01,sobota,kraków,Zaproszenie,Kino Agrafka w Krakowie,18:30,,,regular,2026-08-01T10:03:03.056203
2026-08-01,sobota,kraków,Zaproszenie,Kino Kijów w Krakowie,18:15,,,regular,2026-08-01T10:03:03.056203
2026-08-01,sobota,kraków,Zaproszenie,Kino Mikro w Krakowie,17:30,,,regular,2026-08-01T10:03:03.056203
2026-08-01,sobota,kraków,Zaproszenie,Kino Pod Baranami w Krakowie,11:00,,,regular,2026-08-01T10:03:03.056203
2026-08-01,sobota,kraków,Zaproszenie,"Kino Pod Baranami w Małopolskim Ogrodzie Sztuki, czyli Barany w MOSie",14:50,,,regular,2026-08-01T10:03:03.056203
2026-08-01,sobota,kraków,Zaproszenie,"Kino Pod Baranami w Małopolskim Ogrodzie Sztuki, czyli Barany w MOSie",20:30,,,regular,2026-08-01T10:03:03.056203
2026-08-01,sobota,kraków,Zaproszenie,Multikino Kraków,17:00,,,regular,2026-08-01T10:03:03.056203
2026-08-01,sobota,kraków,Zawieście czerwone latarnie,"Kino Pod Baranami w Małopolskim Ogrodzie Sztuki, czyli Barany w MOSie",13:00,,,regular,2026-08-01T10:03:03.056203
2026-08-01,sobota,kraków,Zniknięcie,Kino Mikro w Krakowie,20:30,,,regular,2026-08-01T10:03:03.056203
2026-08-01,sobota,kraków,Людина-павук: Абсолютно новий день / Spider-Man. Całkiem nowy dzień (ukr.),Cinema City Kraków Bonarka,15:50,,,regular,2026-08-01T10:03:03.056203
2026-08-01,sobota,kraków,Людина-павук: Абсолютно новий день / Spider-Man. Całkiem nowy dzień (ukr.),Cinema City Kraków Bonarka,18:50,,,regular,2026-08-01T10:03:03.056203
2026-08-01,sobota,kraków,Людина-павук: Абсолютно новий день / Spider-Man. Całkiem nowy dzień (ukr.),Cinema City Kraków Bonarka,21:50,,,regular,2026-08-01T10:03:03.056203
2026-08-01,sobota,kraków,Людина-павук: Абсолютно новий день / Spider-Man. Całkiem nowy dzień (ukr.),Cinema City Kraków Galeria Kazimierz,16:00,,,regular,2026-08-01T10:03:03.056203
2026-08-01,sobota,kraków,Людина-павук: Абсолютно новий день / Spider-Man. Całkiem nowy dzień (ukr.),Multikino Kraków,10:00,,,regular,2026-08-01T10:03:03.056203
2026-08-01,sobota,kraków,Людина-павук: Абсолютно новий день / Spider-Man. Całkiem nowy dzień (ukr.),Multikino Kraków,13:10,,,regular,2026-08-01T10:03:03.056203
2026-08-01,sobota,kraków,Людина-павук: Абсолютно новий день / Spider-Man. Całkiem nowy dzień (ukr.),Multikino Kraków,16:25,,,regular,2026-08-01T10:03:03.056203
2026-08-01,sobota,kraków,Людина-павук: Абсолютно новий день / Spider-Man. Całkiem nowy dzień (ukr.),Multikino Kraków,19:40,,,regular,2026-08-01T10:03:03.056203
2026-08-01,sobota,kraków,Посіпаки і Монстряки / Minionki i straszydła (ukr.),Cinema City Kraków Bonarka,10:20,,,regular,2026-08-01T10:03:03.056203
2026-08-01,sobota,wrocław,Backrooms. Bez wyjścia,Cinema City Wrocław Wroclavia,16:00,,,regular,2026-08-01T10:03:05.873726
2026-08-01,sobota,wrocław,Backrooms. Bez wyjścia,Cinema City Wrocław Wroclavia,18:00,,,regular,2026-08-01T10:03:05.873726
2026-08-01,sobota,wrocław,Backrooms. Bez wyjścia,Cinema City Wrocław Wroclavia,22:00,,,regular,2026-08-01T10:03:05.873726
2026-08-01,sobota,wrocław,Backrooms. Bez wyjścia,Helios Wrocław Magnolia Park,20:40,,,regular,2026-08-01T10:03:05.873726
2026-08-01,sobota,wrocław,Backrooms. Bez wyjścia,Kino Nowe Horyzonty we Wrocławiu,21:00,,,regular,2026-08-01T10:03:05.873726
2026-08-01,sobota,wrocław,Backrooms. Bez wyjścia (wersja rozszerzona),Cinema City Wrocław Korona,18:20,,,regular,2026-08-01T10:03:05.873726
2026-08-01,sobota,wrocław,Backrooms. Bez wyjścia (wersja rozszerzona),Cinema City Wrocław Wroclavia,20:30,,,regular,2026-08-01T10:03:05.873726
2026-08-01,sobota,wrocław,Backrooms. Bez wyjścia (wersja rozszerzona),Multikino Pasaż Grunwaldzki,20:40,,,regular,2026-08-01T10:03:05.873726
2026-08-01,sobota,wrocław,Chinatown,Dolnośląskie Centrum Filmowe (DCF) we Wrocławiu,19:00,,,regular,2026-08-01T10:03:05.873726
2026-08-01,sobota,wrocław,"David Hockney. Pejzaże, portrety i martwe natury",Kino Nowe Horyzonty we Wrocławiu,18:15,,,regular,2026-08-01T10:03:05.873726
2026-08-01,sobota,wrocław,Diabeł ubiera się u Prady 2,Kino Nowe Horyzonty we Wrocławiu,14:45,,,regular,2026-08-01T10:03:05.873726
2026-08-01,sobota,wrocław,Drugie życie,Dolnośląskie Centrum Filmowe (DCF) we Wrocławiu,12:15,,,regular,2026-08-01T10:03:05.873726
2026-08-01,sobota,wrocław,Dzień Objawienia,Cinema City Wrocław Wroclavia,21:10,,,regular,2026-08-01T10:03:05.873726
2026-08-01,sobota,wrocław,Ekipa zwierzaków,Helios Wrocław Magnolia Park,10:20,,,regular,2026-08-01T10:03:05.873726
2026-08-01,sobota,wrocław,Ekipa zwierzaków,Helios Wrocław Magnolia Park,13:50,,,regular,2026-08-01T10:03:05.873726
2026-08-01,sobota,wrocław,Ekipa zwierzaków (dubbing),Cinema City Wrocław Korona,10:30,,dubbing,regular,2026-08-01T10:03:05.873726
2026-08-01,sobota,wrocław,Ekipa zwierzaków (dubbing),Cinema City Wrocław Wroclavia,11:30,,dubbing,regular,2026-08-01T10:03:05.873726
2026-08-01,sobota,wrocław,Ekipa zwierzaków (dubbing),Cinema City Wrocław Wroclavia,13:40,,dubbing,regular,2026-08-01T10:03:05.873726
2026-08-01,sobota,wrocław,Ekipa zwierzaków (dubbing),Multikino Pasaż Grunwaldzki,10:00,,dubbing,regular,2026-08-01T10:03:05.873726
2026-08-01,sobota,wrocław,Ekipa zwierzaków (dubbing),Multikino Pasaż Grunwaldzki,15:10,,dubbing,regular,2026-08-01T10:03:05.873726
2026-08-01,sobota,wrocław,Gdzie jest Dory? (dubbing),Cinema City Wrocław Korona,13:30,,dubbing,regular,2026-08-01T10:03:05.873726
2026-08-01,sobota,wrocław,Gdzie jest Dory? (dubbing),Cinema City Wrocław Wroclavia,13:30,,dubbing,regular,2026-08-01T10:03:05.873726
2026-08-01,sobota,wrocław,Gdzie jest Nemo? 3D (dubbing),Cinema City Wrocław Korona,11:00,3D,dubbing,regular,2026-08-01T10:03:05.873726
2026-08-01,sobota,wrocław,Gdzie jest Nemo? 3D (dubbing),Cinema City Wrocław Wroclavia,11:00,3D,dubbing,regular,2026-08-01T10:03:05.873726
2026-08-01,sobota,wrocław,Ghost In the Shell,Cinema City Wrocław Wroclavia,18:00,,,regular,2026-08-01T10:03:05.873726
2026-08-01,sobota,wrocław,Ghost In the Shell,Cinema City Wrocław Wroclavia,20:00,,,regular,2026-08-01T10:03:05.873726
2026-08-01,sobota,wrocław,Ghost in the shell,Kino Nowe Horyzonty we Wrocławiu,18:10,,,regular,2026-08-01T10:03:05.873726
2026-08-01,sobota,wrocław,Góra mocy,Cinema City Wrocław Wroclavia,14:40,,,regular,2026-08-01T10:03:05.873726
2026-08-01,sobota,wrocław,Góra mocy,Kino Nowe Horyzonty we Wrocławiu,14:30,,,regular,2026-08-01T10:03:05.873726
2026-08-01,sobota,wrocław,Góra mocy,Kino Nowe Horyzonty we Wrocławiu,16:30,,,regular,2026-08-01T10:03:05.873726
2026-08-01,sobota,wrocław,Góra mocy (dubbing),Cinema City Wrocław Korona,10:20,,dubbing,regular,2026-08-01T10:03:05.873726
2026-08-01,sobota,wrocław,Góra mocy (dubbing),Cinema City Wrocław Wroclavia,12:30,,dubbing,regular,2026-08-01T10:03:05.873726
2026-08-01,sobota,wrocław,Góra mocy (dubbing),Multikino Pasaż Grunwaldzki,10:00,,dubbing,regular,2026-08-01T10:03:05.873726
2026-08-01,sobota,wrocław,Góra mocy (dubbing),Multikino Pasaż Grunwaldzki,12:10,,dubbing,regular,2026-08-01T10:03:05.873726
2026-08-01,sobota,wrocław,Jej piekło,Cinema City Wrocław Wroclavia,19:40,,,regular,2026-08-01T10:03:05.873726
2026-08-01,sobota,wrocław,Jej piekło,Cinema City Wrocław Wroclavia,22:10,,,regular,2026-08-01T10:03:05.873726
2026-08-01,sobota,wrocław,Jej piekło,Dolnośląskie Centrum Filmowe (DCF) we Wrocławiu,16:30,,,regular,2026-08-01T10:03:05.873726
2026-08-01,sobota,wrocław,Jej piekło,Dolnośląskie Centrum Filmowe (DCF) we Wrocławiu,20:30,,,regular,2026-08-01T10:03:05.873726
2026-08-01,sobota,wrocław,Jej piekło,Kino Nowe Horyzonty we Wrocławiu,12:30,,,regular,2026-08-01T10:03:05.873726
2026-08-01,sobota,wrocław,Jej piekło,Kino Nowe Horyzonty we Wrocławiu,19:00,,,regular,2026-08-01T10:03:05.873726
2026-08-01,sobota,wrocław,Jej piekło,Kino Nowe Horyzonty we Wrocławiu,21:15,,,regular,2026-08-01T10:03:05.873726
2026-08-01,sobota,wrocław,Jej piekło,Multikino Pasaż Grunwaldzki,10:10,,,regular,2026-08-01T10:03:05.873726
2026-08-01,sobota,wrocław,Jej piekło,Multikino Pasaż Grunwaldzki,20:00,,,regular,2026-08-01T10:03:05.873726
2026-08-01,sobota,wrocław,Kumotry,Kino Nowe Horyzonty we Wrocławiu,17:15,,,regular,2026-08-01T10:03:05.873726
2026-08-01,sobota,wrocław,Martwe zło: Ogień,Cinema City Wrocław Korona,22:10,,,regular,2026-08-01T10:03:05.873726
2026-08-01,sobota,wrocław,Martwe zło: Ogień,Cinema City Wrocław Wroclavia,22:00,,,regular,2026-08-01T10:03:05.873726
2026-08-01,sobota,wrocław,Martwe zło: Ogień,Helios Wrocław Magnolia Park,21:15,,,regular,2026-08-01T10:03:05.873726
2026-08-01,sobota,wrocław,Metro,Kino Nowe Horyzonty we Wrocławiu,20:00,,,regular,2026-08-01T10:03:05.873726
2026-08-01,sobota,wrocław,Minionki i straszydła (dubbing),Cinema City Wrocław Korona,10:40,,dubbing,regular,2026-08-01T10:03:05.873726
2026-08-01,sobota,wrocław,Minionki i straszydła (dubbing),Cinema City Wrocław Korona,12:50,,dubbing,regular,2026-08-01T10:03:05.873726
2026-08-01,sobota,wrocław,Minionki i straszydła (dubbing),Cinema City Wrocław Korona,18:00,,dubbing,regular,2026-08-01T10:03:05.873726
2026-08-01,sobota,wrocław,Minionki i straszydła (dubbing),Cinema City Wrocław Wroclavia,11:00,,dubbing,regular,2026-08-01T10:03:05.873726
2026-08-01,sobota,wrocław,Minionki i straszydła (dubbing),Cinema City Wrocław Wroclavia,13:10,,dubbing,regular,2026-08-01T10:03:05.873726
2026-08-01,sobota,wrocław,Minionki i straszydła (dubbing),Cinema City Wrocław Wroclavia,15:20,,dubbing,regular,2026-08-01T10:03:05.873726
2026-08-01,sobota,wrocław,Minionki i straszydła (dubbing),Cinema City Wrocław Wroclavia,17:30,,dubbing,regular,2026-08-01T10:03:05.873726
2026-08-01,sobota,wrocław,Minionki i straszydła (dubbing),Helios Wrocław Magnolia Park,10:30,,dubbing,regular,2026-08-01T10:03:05.873726
2026-08-01,sobota,wrocław,Minionki i straszydła (dubbing),Helios Wrocław Magnolia Park,11:30,,dubbing,regular,2026-08-01T10:03:05.873726
2026-08-01,sobota,wrocław,Minionki i straszydła (dubbing),Helios Wrocław Magnolia Park,12:45,,dubbing,regular,2026-08-01T10:03:05.873726
2026-08-01,sobota,wrocław,Minionki i straszydła (dubbing),Helios Wrocław Magnolia Park,13:40,,dubbing,regular,2026-08-01T10:03:05.873726
2026-08-01,sobota,wrocław,Minionki i straszydła (dubbing),Helios Wrocław Magnolia Park,16:00,,dubbing,regular,2026-08-01T10:03:05.873726
2026-08-01,sobota,wrocław,Minionki i straszydła (dubbing),Helios Wrocław Magnolia Park,18:20,,dubbing,regular,2026-08-01T10:03:05.873726
2026-08-01,sobota,wrocław,Minionki i straszydła (dubbing),Kino Nowe Horyzonty we Wrocławiu,11:45,,dubbing,regular,2026-08-01T10:03:05.873726
2026-08-01,sobota,wrocław,Minionki i straszydła (dubbing),Kino Nowe Horyzonty we Wrocławiu,16:00,,dubbing,regular,2026-08-01T10:03:05.873726
2026-08-01,sobota,wrocław,Minionki i straszydła (dubbing),Multikino Pasaż Grunwaldzki,10:30,,dubbing,regular,2026-08-01T10:03:05.873726
2026-08-01,sobota,wrocław,Minionki i straszydła (dubbing),Multikino Pasaż Grunwaldzki,11:30,,dubbing,regular,2026-08-01T10:03:05.873726
2026-08-01,sobota,wrocław,Minionki i straszydła (dubbing),Multikino Pasaż Grunwaldzki,13:40,,dubbing,regular,2026-08-01T10:03:05.873726
2026-08-01,sobota,wrocław,Minionki i straszydła (dubbing),Multikino Pasaż Grunwaldzki,15:50,,dubbing,regular,2026-08-01T10:03:05.873726
2026-08-01,sobota,wrocław,Minionki i straszydła (dubbing),Multikino Pasaż Grunwaldzki,18:00,,dubbing,regular,2026-08-01T10:03:05.873726
2026-08-01,sobota,wrocław,Młody Waszyngton,Cinema City Wrocław Korona,20:10,,,regular,2026-08-01T10:03:05.873726
2026-08-01,sobota,wrocław,Młody Waszyngton,Cinema City Wrocław Wroclavia,18:20,,,regular,2026-08-01T10:03:05.873726
2026-08-01,sobota,wrocław,Młody Waszyngton,Cinema City Wrocław Wroclavia,21:10,,,regular,2026-08-01T10:03:05.873726
2026-08-01,sobota,wrocław,Młody Waszyngton,Dolnośląskie Centrum Filmowe (DCF) we Wrocławiu,12:30,,,regular,2026-08-01T10:03:05.873726
2026-08-01,sobota,wrocław,Młody Waszyngton,Dolnośląskie Centrum Filmowe (DCF) we Wrocławiu,17:15,,,regular,2026-08-01T10:03:05.873726
2026-08-01,sobota,wrocław,Młody Waszyngton,Multikino Pasaż Grunwaldzki,17:15,,,regular,2026-08-01T10:03:05.873726
2026-08-01,sobota,wrocław,O czym sobie nie mówimy,Dolnośląskie Centrum Filmowe (DCF) we Wrocławiu,14:45,,,regular,2026-08-01T10:03:05.873726
2026-08-01,sobota,wrocław,O czym sobie nie mówimy,Kino Nowe Horyzonty we Wrocławiu,13:00,,,regular,2026-08-01T10:03:05.873726
2026-08-01,sobota,wrocław,O czym sobie nie mówimy,Kino Nowe Horyzonty we Wrocławiu,18:30,,,regular,2026-08-01T10:03:05.873726
2026-08-01,sobota,wrocław,Obsesja,Cinema City Wrocław Korona,21:10,,,regular,2026-08-01T10:03:05.873726
2026-08-01,sobota,wrocław,Obsesja,Cinema City Wrocław Wroclavia,18:30,,,regular,2026-08-01T10:03:05.873726
2026-08-01,sobota,wrocław,Obsesja,Kino Nowe Horyzonty we Wrocławiu,20:15,,,regular,2026-08-01T10:03:05.873726
2026-08-01,sobota,wrocław,Obsesja,Multikino Pasaż Grunwaldzki,21:55,,,regular,2026-08-01T10:03:05.873726
2026-08-01,sobota,wrocław,Odyseja,Cinema City Wrocław Korona,10:40,,,regular,2026-08-01T10:03:05.873726
2026-08-01,sobota,wrocław,Odyseja,Cinema City Wrocław Korona,13:10,,,regular,2026-08-01T10:03:05.873726
2026-08-01,sobota,wrocław,Odyseja,Cinema City Wrocław Korona,14:15,,,regular,2026-08-01T10:03:05.873726
2026-08-01,sobota,wrocław,Odyseja,Cinema City Wrocław Korona,16:45,,,regular,2026-08-01T10:03:05.873726
2026-08-01,sobota,wrocław,Odyseja,Cinema City Wrocław Korona,17:50,,,regular,2026-08-01T10:03:05.873726
2026-08-01,sobota,wrocław,Odyseja,Cinema City Wrocław Korona,19:10,,,regular,2026-08-01T10:03:05.873726
2026-08-01,sobota,wrocław,Odyseja,Cinema City Wrocław Korona,20:20,,,regular,2026-08-01T10:03:05.873726
2026-08-01,sobota,wrocław,Odyseja,Cinema City Wrocław Wroclavia,12:10,,,regular,2026-08-01T10:03:05.873726
2026-08-01,sobota,wrocław,Odyseja,Cinema City Wrocław Wroclavia,12:45,,,regular,2026-08-01T10:03:05.873726
2026-08-01,sobota,wrocław,Odyseja,Cinema City Wrocław Wroclavia,14:00,,,regular,2026-08-01T10:03:05.873726
2026-08-01,sobota,wrocław,Odyseja,Cinema City Wrocław Wroclavia,16:00,,,regular,2026-08-01T10:03:05.873726
2026-08-01,sobota,wrocław,Odyseja,Cinema City Wrocław Wroclavia,17:45,,,regular,2026-08-01T10:03:05.873726
2026-08-01,sobota,wrocław,Odyseja,Cinema City Wrocław Wroclavia,18:30,,,regular,2026-08-01T10:03:05.873726
2026-08-01,sobota,wrocław,Odyseja,Cinema City Wrocław Wroclavia,19:30,,,regular,2026-08-01T10:03:05.873726
2026-08-01,sobota,wrocław,Odyseja,Cinema City Wrocław Wroclavia,21:30,,,regular,2026-08-01T10:03:05.873726
2026-08-01,sobota,wrocław,Odyseja,Cinema City Wrocław Wroclavia IMAX,10:30,,,regular,2026-08-01T10:03:05.873726
2026-08-01,sobota,wrocław,Odyseja,Cinema City Wrocław Wroclavia IMAX,14:15,,,regular,2026-08-01T10:03:05.873726
2026-08-01,sobota,wrocław,Odyseja,Cinema City Wrocław Wroclavia IMAX,18:00,,,regular,2026-08-01T10:03:05.873726
2026-08-01,sobota,wrocław,Odyseja,Cinema City Wrocław Wroclavia IMAX,21:45,,,regular,2026-08-01T10:03:05.873726
2026-08-01,sobota,wrocław,Odyseja,Dolnośląskie Centrum Filmowe (DCF) we Wrocławiu,12:00,,,regular,2026-08-01T10:03:05.873726
2026-08-01,sobota,wrocław,Odyseja,Dolnośląskie Centrum Filmowe (DCF) we Wrocławiu,15:30,,,regular,2026-08-01T10:03:05.873726
2026-08-01,sobota,wrocław,Odyseja,Dolnośląskie Centrum Filmowe (DCF) we Wrocławiu,19:30,,,regular,2026-08-01T10:03:05.873726
2026-08-01,sobota,wrocław,Odyseja,Helios Wrocław Magnolia Park,10:00,,,regular,2026-08-01T10:03:05.873726
2026-08-01,sobota,wrocław,Odyseja,Helios Wrocław Magnolia Park,13:30,,,regular,2026-08-01T10:03:05.873726
2026-08-01,sobota,wrocław,Odyseja,Helios Wrocław Magnolia Park,15:00,,,regular,2026-08-01T10:03:05.873726
2026-08-01,sobota,wrocław,Odyseja,Helios Wrocław Magnolia Park,19:30,,,regular,2026-08-01T10:03:05.873726
2026-08-01,sobota,wrocław,Odyseja,Helios Wrocław Magnolia Park,20:30,,,regular,2026-08-01T10:03:05.873726
2026-08-01,sobota,wrocław,Odyseja,Kino Nowe Horyzonty we Wrocławiu,11:30,,,regular,2026-08-01T10:03:05.873726
2026-08-01,sobota,wrocław,Odyseja,Kino Nowe Horyzonty we Wrocławiu,13:00,,,regular,2026-08-01T10:03:05.873726
2026-08-01,sobota,wrocław,Odyseja,Kino Nowe Horyzonty we Wrocławiu,15:00,,,regular,2026-08-01T10:03:05.873726
2026-08-01,sobota,wrocław,Odyseja,Kino Nowe Horyzonty we Wrocławiu,16:30,,,regular,2026-08-01T10:03:05.873726
2026-08-01,sobota,wrocław,Odyseja,Kino Nowe Horyzonty we Wrocławiu,18:30,,,regular,2026-08-01T10:03:05.873726
2026-08-01,sobota,wrocław,Odyseja,Kino Nowe Horyzonty we Wrocławiu,20:00,,,regular,2026-08-01T10:03:05.873726
2026-08-01,sobota,wrocław,Odyseja,Multikino Pasaż Grunwaldzki,11:00,,,regular,2026-08-01T10:03:05.873726
2026-08-01,sobota,wrocław,Odyseja,Multikino Pasaż Grunwaldzki,12:25,,,regular,2026-08-01T10:03:05.873726
2026-08-01,sobota,wrocław,Odyseja,Multikino Pasaż Grunwaldzki,14:40,,,regular,2026-08-01T10:03:05.873726
2026-08-01,sobota,wrocław,Odyseja,Multikino Pasaż Grunwaldzki,16:05,,,regular,2026-08-01T10:03:05.873726
2026-08-01,sobota,wrocław,Odyseja,Multikino Pasaż Grunwaldzki,17:20,,,regular,2026-08-01T10:03:05.873726
2026-08-01,sobota,wrocław,Odyseja,Multikino Pasaż Grunwaldzki,18:20,,,regular,2026-08-01T10:03:05.873726
2026-08-01,sobota,wrocław,Odyseja,Multikino Pasaż Grunwaldzki,19:45,,,regular,2026-08-01T10:03:05.873726
2026-08-01,sobota,wrocław,Odyseja,Multikino Pasaż Grunwaldzki,21:00,,,regular,2026-08-01T10:03:05.873726
2026-08-01,sobota,wrocław,Odyseja / Одіссея (ukr.),Cinema City Wrocław Wroclavia,18:55,,,regular,2026-08-01T10:03:05.873726
2026-08-01,sobota,wrocław,Odyseja / Одіссея (ukr.),Multikino Pasaż Grunwaldzki,11:45,,,regular,2026-08-01T10:03:05.873726
2026-08-01,sobota,wrocław,Odyseja / Одіссея (ukr.),Multikino Pasaż Grunwaldzki,15:25,,,regular,2026-08-01T10:03:05.873726
2026-08-01,sobota,wrocław,Odyseja / Одіссея (ukr.),Multikino Pasaż Grunwaldzki,20:10,,,regular,2026-08-01T10:03:05.873726
2026-08-01,sobota,wrocław,Ojczyzna,Dolnośląskie Centrum Filmowe (DCF) we Wrocławiu,12:00,,,regular,2026-08-01T10:03:05.873726
2026-08-01,sobota,wrocław,Ojczyzna,Dolnośląskie Centrum Filmowe (DCF) we Wrocławiu,16:15,,,regular,2026-08-01T10:03:05.873726
2026-08-01,sobota,wrocław,Ojczyzna,Kino Nowe Horyzonty we Wrocławiu,14:50,,,regular,2026-08-01T10:03:05.873726
2026-08-01,sobota,wrocław,Ostatni konsjerż,Cinema City Wrocław Wroclavia,16:20,,,regular,2026-08-01T10:03:05.873726
2026-08-01,sobota,wrocław,Ostatni konsjerż,Dolnośląskie Centrum Filmowe (DCF) we Wrocławiu,14:45,,,regular,2026-08-01T10:03:05.873726
2026-08-01,sobota,wrocław,Ostatni konsjerż,Dolnośląskie Centrum Filmowe (DCF) we Wrocławiu,18:45,,,regular,2026-08-01T10:03:05.873726
2026-08-01,sobota,wrocław,Pierwszy i ostatni raz w kinie,Kino Popiół i Diament we Wrocławiu,18:00,,,regular,2026-08-01T10:03:05.873726
2026-08-01,sobota,wrocław,Pucio,Kino Nowe Horyzonty we Wrocławiu,11:00,,,regular,2026-08-01T10:03:05.873726
2026-08-01,sobota,wrocław,Pucio,Multikino Pasaż Grunwaldzki,10:15,,,regular,2026-08-01T10:03:05.873726
2026-08-01,sobota,wrocław,Requiem dla snu,Cinema City Wrocław Wroclavia,19:15,,,regular,2026-08-01T10:03:05.873726
2026-08-01,sobota,wrocław,Requiem dla snu,Dolnośląskie Centrum Filmowe (DCF) we Wrocławiu,20:30,,,regular,2026-08-01T10:03:05.873726
2026-08-01,sobota,wrocław,Requiem dla snu,Kino Nowe Horyzonty we Wrocławiu,20:30,,,regular,2026-08-01T10:03:05.873726
2026-08-01,sobota,wrocław,Robin Hood: Koniec legendy,Cinema City Wrocław Wroclavia,19:25,,,regular,2026-08-01T10:03:05.873726
2026-08-01,sobota,wrocław,Robin Hood: Koniec legendy,Cinema City Wrocław Wroclavia,22:10,,,regular,2026-08-01T10:03:05.873726
2026-08-01,sobota,wrocław,Spider-Man. Całkiem nowy dzień,Cinema City Wrocław Korona,11:00,,,regular,2026-08-01T10:03:05.873726
2026-08-01,sobota,wrocław,Spider-Man. Całkiem nowy dzień,Cinema City Wrocław Korona,13:00,,,regular,2026-08-01T10:03:05.873726
2026-08-01,sobota,wrocław,Spider-Man. Całkiem nowy dzień,Cinema City Wrocław Korona,13:40,,,regular,2026-08-01T10:03:05.873726
2026-08-01,sobota,wrocław,Spider-Man. Całkiem nowy dzień,Cinema City Wrocław Korona,14:10,,,regular,2026-08-01T10:03:05.873726
2026-08-01,sobota,wrocław,Spider-Man. Całkiem nowy dzień,Cinema City Wrocław Korona,16:10,,,regular,2026-08-01T10:03:05.873726
2026-08-01,sobota,wrocław,Spider-Man. Całkiem nowy dzień,Cinema City Wrocław Korona,17:20,,,regular,2026-08-01T10:03:05.873726
2026-08-01,sobota,wrocław,Spider-Man. Całkiem nowy dzień,Cinema City Wrocław Korona,20:00,,,regular,2026-08-01T10:03:05.873726
2026-08-01,sobota,wrocław,Spider-Man. Całkiem nowy dzień,Cinema City Wrocław Korona,20:30,,,regular,2026-08-01T10:03:05.873726
2026-08-01,sobota,wrocław,Spider-Man. Całkiem nowy dzień,Cinema City Wrocław Korona,21:20,,,regular,2026-08-01T10:03:05.873726
2026-08-01,sobota,wrocław,Spider-Man. Całkiem nowy dzień,Cinema City Wrocław Korona,22:30,,,regular,2026-08-01T10:03:05.873726
2026-08-01,sobota,wrocław,Spider-Man. Całkiem nowy dzień,Cinema City Wrocław Wroclavia,10:30,,,regular,2026-08-01T10:03:05.873726
2026-08-01,sobota,wrocław,Spider-Man. Całkiem nowy dzień,Cinema City Wrocław Wroclavia,11:40,,,regular,2026-08-01T10:03:05.873726
2026-08-01,sobota,wrocław,Spider-Man. Całkiem nowy dzień,Cinema City Wrocław Wroclavia,13:00,,,regular,2026-08-01T10:03:05.873726
2026-08-01,sobota,wrocław,Spider-Man. Całkiem nowy dzień,Cinema City Wrocław Wroclavia,13:40,,,regular,2026-08-01T10:03:05.873726
2026-08-01,sobota,wrocław,Spider-Man. Całkiem nowy dzień,Cinema City Wrocław Wroclavia,14:50,,,regular,2026-08-01T10:03:05.873726
2026-08-01,sobota,wrocław,Spider-Man. Całkiem nowy dzień,Cinema City Wrocław Wroclavia,16:10,,,regular,2026-08-01T10:03:05.873726
2026-08-01,sobota,wrocław,Spider-Man. Całkiem nowy dzień,Cinema City Wrocław Wroclavia,16:50,,,regular,2026-08-01T10:03:05.873726
2026-08-01,sobota,wrocław,Spider-Man. Całkiem nowy dzień,Cinema City Wrocław Wroclavia,17:40,,,regular,2026-08-01T10:03:05.873726
2026-08-01,sobota,wrocław,Spider-Man. Całkiem nowy dzień,Cinema City Wrocław Wroclavia,18:00,,,regular,2026-08-01T10:03:05.873726
2026-08-01,sobota,wrocław,Spider-Man. Całkiem nowy dzień,Cinema City Wrocław Wroclavia,19:20,,,regular,2026-08-01T10:03:05.873726
2026-08-01,sobota,wrocław,Spider-Man. Całkiem nowy dzień,Cinema City Wrocław Wroclavia,20:00,,,regular,2026-08-01T10:03:05.873726
2026-08-01,sobota,wrocław,Spider-Man. Całkiem nowy dzień,Cinema City Wrocław Wroclavia,20:50,,,regular,2026-08-01T10:03:05.873726
2026-08-01,sobota,wrocław,Spider-Man. Całkiem nowy dzień,Cinema City Wrocław Wroclavia,21:40,,,regular,2026-08-01T10:03:05.873726
2026-08-01,sobota,wrocław,Spider-Man. Całkiem nowy dzień,Cinema City Wrocław Wroclavia,22:20,,,regular,2026-08-01T10:03:05.873726
2026-08-01,sobota,wrocław,Spider-Man. Całkiem nowy dzień,Helios Wrocław Magnolia Park,10:10,,,regular,2026-08-01T10:03:05.873726
2026-08-01,sobota,wrocław,Spider-Man. Całkiem nowy dzień,Helios Wrocław Magnolia Park,13:15,,,regular,2026-08-01T10:03:05.873726
2026-08-01,sobota,wrocław,Spider-Man. Całkiem nowy dzień,Helios Wrocław Magnolia Park,14:15,,,regular,2026-08-01T10:03:05.873726
2026-08-01,sobota,wrocław,Spider-Man. Całkiem nowy dzień,Helios Wrocław Magnolia Park,15:50,,,regular,2026-08-01T10:03:05.873726
2026-08-01,sobota,wrocław,Spider-Man. Całkiem nowy dzień,Helios Wrocław Magnolia Park,16:30,,,regular,2026-08-01T10:03:05.873726
2026-08-01,sobota,wrocław,Spider-Man. Całkiem nowy dzień,Helios Wrocław Magnolia Park,17:30,,,regular,2026-08-01T10:03:05.873726
2026-08-01,sobota,wrocław,Spider-Man. Całkiem nowy dzień,Helios Wrocław Magnolia Park,19:00,,,regular,2026-08-01T10:03:05.873726
2026-08-01,sobota,wrocław,Spider-Man. Całkiem nowy dzień,Helios Wrocław Magnolia Park,19:45,,,regular,2026-08-01T10:03:05.873726
2026-08-01,sobota,wrocław,Spider-Man. Całkiem nowy dzień,Helios Wrocław Magnolia Park,20:50,,,regular,2026-08-01T10:03:05.873726
2026-08-01,sobota,wrocław,Spider-Man. Całkiem nowy dzień,Kino Nowe Horyzonty we Wrocławiu,13:30,,,regular,2026-08-01T10:03:05.873726
2026-08-01,sobota,wrocław,Spider-Man. Całkiem nowy dzień,Kino Nowe Horyzonty we Wrocławiu,16:20,,,regular,2026-08-01T10:03:05.873726
2026-08-01,sobota,wrocław,Spider-Man. Całkiem nowy dzień,Kino Nowe Horyzonty we Wrocławiu,19:30,,,regular,2026-08-01T10:03:05.873726
2026-08-01,sobota,wrocław,Spider-Man. Całkiem nowy dzień,Multikino Pasaż Grunwaldzki,12:45,,,regular,2026-08-01T10:03:05.873726
2026-08-01,sobota,wrocław,Spider-Man. Całkiem nowy dzień,Multikino Pasaż Grunwaldzki,13:50,,,regular,2026-08-01T10:03:05.873726
2026-08-01,sobota,wrocław,Spider-Man. Całkiem nowy dzień,Multikino Pasaż Grunwaldzki,16:00,,,regular,2026-08-01T10:03:05.873726
2026-08-01,sobota,wrocław,Spider-Man. Całkiem nowy dzień,Multikino Pasaż Grunwaldzki,17:10,,,regular,2026-08-01T10:03:05.873726
2026-08-01,sobota,wrocław,Spider-Man. Całkiem nowy dzień,Multikino Pasaż Grunwaldzki,18:10,,,regular,2026-08-01T10:03:05.873726
2026-08-01,sobota,wrocław,Spider-Man. Całkiem nowy dzień,Multikino Pasaż Grunwaldzki,19:15,,,regular,2026-08-01T10:03:05.873726
2026-08-01,sobota,wrocław,Spider-Man. Całkiem nowy dzień,Multikino Pasaż Grunwaldzki,20:30,,,regular,2026-08-01T10:03:05.873726
2026-08-01,sobota,wrocław,Spider-Man. Całkiem nowy dzień,Multikino Pasaż Grunwaldzki,21:30,,,regular,2026-08-01T10:03:05.873726
2026-08-01,sobota,wrocław,Spider-Man. Całkiem nowy dzień (dubbing),Cinema City Wrocław Korona,10:00,,dubbing,regular,2026-08-01T10:03:05.873726
2026-08-01,sobota,wrocław,Spider-Man. Całkiem nowy dzień (dubbing),Cinema City Wrocław Korona,10:30,,dubbing,regular,2026-08-01T10:03:05.873726
2026-08-01,sobota,wrocław,Spider-Man. Całkiem nowy dzień (dubbing),Cinema City Wrocław Korona,12:40,,dubbing,regular,2026-08-01T10:03:05.873726
2026-08-01,sobota,wrocław,Spider-Man. Całkiem nowy dzień (dubbing),Cinema City Wrocław Korona,15:50,,dubbing,regular,2026-08-01T10:03:05.873726
2026-08-01,sobota,wrocław,Spider-Man. Całkiem nowy dzień (dubbing),Cinema City Wrocław Korona,16:50,,dubbing,regular,2026-08-01T10:03:05.873726
2026-08-01,sobota,wrocław,Spider-Man. Całkiem nowy dzień (dubbing),Cinema City Wrocław Korona,19:00,,dubbing,regular,2026-08-01T10:03:05.873726
2026-08-01,sobota,wrocław,Spider-Man. Całkiem nowy dzień (dubbing),Cinema City Wrocław Wroclavia,09:55,,dubbing,regular,2026-08-01T10:03:05.873726
2026-08-01,sobota,wrocław,Spider-Man. Całkiem nowy dzień (dubbing),Cinema City Wrocław Wroclavia,10:00,,dubbing,regular,2026-08-01T10:03:05.873726
2026-08-01,sobota,wrocław,Spider-Man. Całkiem nowy dzień (dubbing),Cinema City Wrocław Wroclavia,11:20,,dubbing,regular,2026-08-01T10:03:05.873726
2026-08-01,sobota,wrocław,Spider-Man. Całkiem nowy dzień (dubbing),Cinema City Wrocław Wroclavia,11:50,,dubbing,regular,2026-08-01T10:03:05.873726
2026-08-01,sobota,wrocław,Spider-Man. Całkiem nowy dzień (dubbing),Cinema City Wrocław Wroclavia,12:10,,dubbing,regular,2026-08-01T10:03:05.873726
2026-08-01,sobota,wrocław,Spider-Man. Całkiem nowy dzień (dubbing),Cinema City Wrocław Wroclavia,13:00,,dubbing,regular,2026-08-01T10:03:05.873726
2026-08-01,sobota,wrocław,Spider-Man. Całkiem nowy dzień (dubbing),Cinema City Wrocław Wroclavia,14:30,,dubbing,regular,2026-08-01T10:03:05.873726
2026-08-01,sobota,wrocław,Spider-Man. Całkiem nowy dzień (dubbing),Cinema City Wrocław Wroclavia,15:20,,dubbing,regular,2026-08-01T10:03:05.873726
2026-08-01,sobota,wrocław,Spider-Man. Całkiem nowy dzień (dubbing),Cinema City Wrocław Wroclavia,18:30,,dubbing,regular,2026-08-01T10:03:05.873726
2026-08-01,sobota,wrocław,Spider-Man. Całkiem nowy dzień (dubbing),Kino Nowe Horyzonty we Wrocławiu,10:30,,dubbing,regular,2026-08-01T10:03:05.873726
2026-08-01,sobota,wrocław,Spider-Man. Całkiem nowy dzień (dubbing),Multikino Pasaż Grunwaldzki,10:30,,dubbing,regular,2026-08-01T10:03:05.873726
2026-08-01,sobota,wrocław,Spider-Man. Całkiem nowy dzień (dubbing),Multikino Pasaż Grunwaldzki,14:50,,dubbing,regular,2026-08-01T10:03:05.873726
2026-08-01,sobota,wrocław,Spider-Man. Całkiem nowy dzień 3D,Cinema City Wrocław Korona,18:10,3D,,regular,2026-08-01T10:03:05.873726
2026-08-01,sobota,wrocław,Spider-Man. Całkiem nowy dzień 3D,Cinema City Wrocław Wroclavia,18:00,3D,,regular,2026-08-01T10:03:05.873726
2026-08-01,sobota,wrocław,Spider-Man. Całkiem nowy dzień 3D (dubbing),Cinema City Wrocław Korona,15:00,3D,dubbing,regular,2026-08-01T10:03:05.873726
2026-08-01,sobota,wrocław,Spider-Man. Całkiem nowy dzień 3D (dubbing),Cinema City Wrocław Wroclavia,14:50,3D,dubbing,regular,2026-08-01T10:03:05.873726
2026-08-01,sobota,wrocław,Spider-Man. Całkiem nowy dzień 3D (dubbing),Multikino Pasaż Grunwaldzki,11:30,3D,dubbing,regular,2026-08-01T10:03:05.873726
2026-08-01,sobota,wrocław,Straszny film,Cinema City Wrocław Wroclavia,21:10,,,regular,2026-08-01T10:03:05.873726
2026-08-01,sobota,wrocław,Supergirl,Cinema City Wrocław Wroclavia,20:50,,,regular,2026-08-01T10:03:05.873726
2026-08-01,sobota,wrocław,Supergirl (dubbing),Cinema City Wrocław Wroclavia,10:10,,dubbing,regular,2026-08-01T10:03:05.873726
2026-08-01,sobota,wrocław,Takie jest życie,Kino Nowe Horyzonty we Wrocławiu,12:15,,,regular,2026-08-01T10:03:05.873726
2026-08-01,sobota,wrocław,Toy Story 5 (dubbing),Cinema City Wrocław Korona,10:45,,dubbing,regular,2026-08-01T10:03:05.873726
2026-08-01,sobota,wrocław,Toy Story 5 (dubbing),Cinema City Wrocław Korona,15:30,,dubbing,regular,2026-08-01T10:03:05.873726
2026-08-01,sobota,wrocław,Toy Story 5 (dubbing),Cinema City Wrocław Wroclavia,10:30,,dubbing,regular,2026-08-01T10:03:05.873726
2026-08-01,sobota,wrocław,Toy Story 5 (dubbing),Cinema City Wrocław Wroclavia,13:00,,dubbing,regular,2026-08-01T10:03:05.873726
2026-08-01,sobota,wrocław,Toy Story 5 (dubbing),Cinema City Wrocław Wroclavia,15:30,,dubbing,regular,2026-08-01T10:03:05.873726
2026-08-01,sobota,wrocław,Toy Story 5 (dubbing),Helios Wrocław Magnolia Park,10:50,,dubbing,regular,2026-08-01T10:03:05.873726
2026-08-01,sobota,wrocław,Toy Story 5 (dubbing),Helios Wrocław Magnolia Park,17:00,,dubbing,regular,2026-08-01T10:03:05.873726
2026-08-01,sobota,wrocław,Toy Story 5 (dubbing),Multikino Pasaż Grunwaldzki,10:00,,dubbing,regular,2026-08-01T10:03:05.873726
2026-08-01,sobota,wrocław,Toy Story 5 (dubbing),Multikino Pasaż Grunwaldzki,12:45,,dubbing,regular,2026-08-01T10:03:05.873726
2026-08-01,sobota,wrocław,Toy Story 5 (dubbing),Multikino Pasaż Grunwaldzki,14:50,,dubbing,regular,2026-08-01T10:03:05.873726
2026-08-01,sobota,wrocław,Umamusume: Pretty Derby - Beginning of a new era,Cinema City Wrocław Wroclavia,17:00,,,regular,2026-08-01T10:03:05.873726
2026-08-01,sobota,wrocław,Vaiana,Helios Wrocław Magnolia Park,12:30,,,regular,2026-08-01T10:03:05.873726
2026-08-01,sobota,wrocław,Vaiana,Helios Wrocław Magnolia Park,15:15,,,regular,2026-08-01T10:03:05.873726
2026-08-01,sobota,wrocław,Vaiana,Helios Wrocław Magnolia Park,17:50,,,regular,2026-08-01T10:03:05.873726
2026-08-01,sobota,wrocław,Vaiana (dubbing),Cinema City Wrocław Korona,12:45,,dubbing,regular,2026-08-01T10:03:05.873726
2026-08-01,sobota,wrocław,Vaiana (dubbing),Cinema City Wrocław Wroclavia,10:10,,dubbing,regular,2026-08-01T10:03:05.873726
2026-08-01,sobota,wrocław,Vaiana (dubbing),Cinema City Wrocław Wroclavia,10:30,,dubbing,regular,2026-08-01T10:03:05.873726
2026-08-01,sobota,wrocław,Vaiana (dubbing),Cinema City Wrocław Wroclavia,11:10,,dubbing,regular,2026-08-01T10:03:05.873726
2026-08-01,sobota,wrocław,Vaiana (dubbing),Cinema City Wrocław Wroclavia,12:50,,dubbing,regular,2026-08-01T10:03:05.873726
2026-08-01,sobota,wrocław,Vaiana (dubbing),Cinema City Wrocław Wroclavia,13:50,,dubbing,regular,2026-08-01T10:03:05.873726
2026-08-01,sobota,wrocław,Vaiana (dubbing),Cinema City Wrocław Wroclavia,15:30,,dubbing,regular,2026-08-01T10:03:05.873726
2026-08-01,sobota,wrocław,Vaiana (dubbing),Cinema City Wrocław Wroclavia,16:30,,dubbing,regular,2026-08-01T10:03:05.873726
2026-08-01,sobota,wrocław,Vaiana (dubbing),Kino Nowe Horyzonty we Wrocławiu,12:00,,dubbing,regular,2026-08-01T10:03:05.873726
2026-08-01,sobota,wrocław,Vaiana (dubbing),Kino Nowe Horyzonty we Wrocławiu,12:45,,dubbing,regular,2026-08-01T10:03:05.873726
2026-08-01,sobota,wrocław,Vaiana (dubbing),Kino Nowe Horyzonty we Wrocławiu,15:15,,dubbing,regular,2026-08-01T10:03:05.873726
2026-08-01,sobota,wrocław,Vaiana (dubbing),Kino Nowe Horyzonty we Wrocławiu,17:45,,dubbing,regular,2026-08-01T10:03:05.873726
2026-08-01,sobota,wrocław,Vaiana (dubbing),Multikino Pasaż Grunwaldzki,10:00,,dubbing,regular,2026-08-01T10:03:05.873726
2026-08-01,sobota,wrocław,Vaiana (wersja karaoke),Multikino Pasaż Grunwaldzki,12:10,,,regular,2026-08-01T10:03:05.873726
2026-08-01,sobota,wrocław,WALL-E (dubbing),Cinema City Wrocław Korona,15:50,,dubbing,regular,2026-08-01T10:03:05.873726
2026-08-01,sobota,wrocław,WALL-E (dubbing),Cinema City Wrocław Wroclavia,15:50,,dubbing,regular,2026-08-01T10:03:05.873726
2026-08-01,sobota,wrocław,Wędrówka na północ,Kino Nowe Horyzonty we Wrocławiu,15:30,,,regular,2026-08-01T10:03:05.873726
2026-08-01,sobota,wrocław,Zaproszenie,Cinema City Wrocław Korona,21:30,,,regular,2026-08-01T10:03:05.873726
2026-08-01,sobota,wrocław,Zaproszenie,Cinema City Wrocław Wroclavia,15:40,,,regular,2026-08-01T10:03:05.873726
2026-08-01,sobota,wrocław,Zaproszenie,Cinema City Wrocław Wroclavia,18:10,,,regular,2026-08-01T10:03:05.873726
2026-08-01,sobota,wrocław,Zaproszenie,Cinema City Wrocław Wroclavia,20:40,,,regular,2026-08-01T10:03:05.873726
2026-08-01,sobota,wrocław,Zaproszenie,Cinema City Wrocław Wroclavia,21:45,,,regular,2026-08-01T10:03:05.873726
2026-08-01,sobota,wrocław,Zaproszenie,Dolnośląskie Centrum Filmowe (DCF) we Wrocławiu,14:00,,,regular,2026-08-01T10:03:05.873726
2026-08-01,sobota,wrocław,Zaproszenie,Dolnośląskie Centrum Filmowe (DCF) we Wrocławiu,18:15,,,regular,2026-08-01T10:03:05.873726
2026-08-01,sobota,wrocław,Zaproszenie,Helios Wrocław Magnolia Park,18:45,,,regular,2026-08-01T10:03:05.873726
2026-08-01,sobota,wrocław,Zaproszenie,Kino Nowe Horyzonty we Wrocławiu,10:45,,,regular,2026-08-01T10:03:05.873726
2026-08-01,sobota,wrocław,Zaproszenie,Kino Nowe Horyzonty we Wrocławiu,13:45,,,regular,2026-08-01T10:03:05.873726
2026-08-01,sobota,wrocław,Zaproszenie,Kino Nowe Horyzonty we Wrocławiu,16:45,,,regular,2026-08-01T10:03:05.873726
2026-08-01,sobota,wrocław,Zaproszenie,Kino Nowe Horyzonty we Wrocławiu,20:15,,,regular,2026-08-01T10:03:05.873726
2026-08-01,sobota,wrocław,Людина-павук: Абсолютно новий день / Spider-Man. Całkiem nowy dzień (ukr.),Cinema City Wrocław Wroclavia,11:00,,,regular,2026-08-01T10:03:05.873726
2026-08-01,sobota,wrocław,Людина-павук: Абсолютно новий день / Spider-Man. Całkiem nowy dzień (ukr.),Cinema City Wrocław Wroclavia,15:50,,,regular,2026-08-01T10:03:05.873726
2026-08-01,sobota,wrocław,Людина-павук: Абсолютно новий день / Spider-Man. Całkiem nowy dzień (ukr.),Cinema City Wrocław Wroclavia,22:20,,,regular,2026-08-01T10:03:05.873726
2026-08-01,sobota,wrocław,Людина-павук: Абсолютно новий день / Spider-Man. Całkiem nowy dzień (ukr.),Multikino Pasaż Grunwaldzki,12:50,,,regular,2026-08-01T10:03:05.873726
2026-08-01,sobota,wrocław,Людина-павук: Абсолютно новий день / Spider-Man. Całkiem nowy dzień (ukr.),Multikino Pasaż Grunwaldzki,14:20,,,regular,2026-08-01T10:03:05.873726
2026-08-01,sobota,wrocław,Людина-павук: Абсолютно новий день / Spider-Man. Całkiem nowy dzień (ukr.),Multikino Pasaż Grunwaldzki,16:10,,,regular,2026-08-01T10:03:05.873726
2026-08-01,sobota,wrocław,Людина-павук: Абсолютно новий день / Spider-Man. Całkiem nowy dzień (ukr.),Multikino Pasaż Grunwaldzki,17:30,,,regular,2026-08-01T10:03:05.873726
2026-08-01,sobota,wrocław,Людина-павук: Абсолютно новий день / Spider-Man. Całkiem nowy dzień (ukr.),Multikino Pasaż Grunwaldzki,19:30,,,regular,2026-08-01T10:03:05.873726
2026-08-01,sobota,poznań,Backrooms. Bez wyjścia,Cinema City Poznań Kinepolis,21:20,,,regular,2026-08-01T10:03:08.722982
2026-08-01,sobota,poznań,Backrooms. Bez wyjścia,Cinema City Poznań Plaza,21:40,,,regular,2026-08-01T10:03:08.722982
2026-08-01,sobota,poznań,Backrooms. Bez wyjścia,Helios Poznań,21:20,,,regular,2026-08-01T10:03:08.722982
2026-08-01,sobota,poznań,Backrooms. Bez wyjścia (wersja rozszerzona),Cinema City Poznań Kinepolis,18:20,,,regular,2026-08-01T10:03:08.722982
2026-08-01,sobota,poznań,Backrooms. Bez wyjścia (wersja rozszerzona),Cinema City Poznań Kinepolis,21:10,,,regular,2026-08-01T10:03:08.722982
2026-08-01,sobota,poznań,Backrooms. Bez wyjścia (wersja rozszerzona),Cinema City Poznań Plaza,20:40,,,regular,2026-08-01T10:03:08.722982
2026-08-01,sobota,poznań,Backrooms. Bez wyjścia (wersja rozszerzona),Kino Pałacowe w Poznaniu,17:30,,,regular,2026-08-01T10:03:08.722982
2026-08-01,sobota,poznań,Backrooms. Bez wyjścia (wersja rozszerzona),Multikino Poznań Stary Browar,20:40,,,regular,2026-08-01T10:03:08.722982
2026-08-01,sobota,poznań,Diabeł ubiera się u Prady 2,Cinema City Poznań Kinepolis,19:50,,,regular,2026-08-01T10:03:08.722982
2026-08-01,sobota,poznań,Diabeł ubiera się u Prady 2,Cinema City Poznań Kinepolis,22:30,,,regular,2026-08-01T10:03:08.722982
2026-08-01,sobota,poznań,Drugie życie,Kino Bułgarska 19 w Poznaniu,16:00,,,regular,2026-08-01T10:03:08.722982
2026-08-01,sobota,poznań,Dzień Objawienia,Cinema City Poznań Kinepolis,16:20,,,regular,2026-08-01T10:03:08.722982
2026-08-01,sobota,poznań,Ekipa zwierzaków,Helios Poznań,10:40,,,regular,2026-08-01T10:03:08.722982
2026-08-01,sobota,poznań,Ekipa zwierzaków,Kino Rialto w Poznaniu,12:30,,,regular,2026-08-01T10:03:08.722982
2026-08-01,sobota,poznań,Ekipa zwierzaków (dubbing),Cinema City Poznań Kinepolis,13:20,,dubbing,regular,2026-08-01T10:03:08.722982
2026-08-01,sobota,poznań,Ekipa zwierzaków (dubbing),Cinema City Poznań Kinepolis,17:40,,dubbing,regular,2026-08-01T10:03:08.722982
2026-08-01,sobota,poznań,Ekipa zwierzaków (dubbing),Cinema City Poznań Plaza,10:30,,dubbing,regular,2026-08-01T10:03:08.722982
2026-08-01,sobota,poznań,Ekipa zwierzaków (dubbing),Multikino Poznań Stary Browar,09:20,,dubbing,regular,2026-08-01T10:03:08.722982
2026-08-01,sobota,poznań,Ekipa zwierzaków (dubbing),Multikino Poznań Stary Browar,11:30,,dubbing,regular,2026-08-01T10:03:08.722982
2026-08-01,sobota,poznań,Ekipa zwierzaków (dubbing),Multikino Poznań Stary Browar,15:55,,dubbing,regular,2026-08-01T10:03:08.722982
2026-08-01,sobota,poznań,Gdzie jest Dory? (dubbing),Cinema City Poznań Kinepolis,11:00,,dubbing,regular,2026-08-01T10:03:08.722982
2026-08-01,sobota,poznań,Gdzie jest Dory? (dubbing),Cinema City Poznań Plaza,13:30,,dubbing,regular,2026-08-01T10:03:08.722982
2026-08-01,sobota,poznań,Gdzie jest Nemo? 3D (dubbing),Cinema City Poznań Kinepolis,16:00,3D,dubbing,regular,2026-08-01T10:03:08.722982
2026-08-01,sobota,poznań,Gdzie jest Nemo? 3D (dubbing),Cinema City Poznań Plaza,11:00,3D,dubbing,regular,2026-08-01T10:03:08.722982
2026-08-01,sobota,poznań,Ghost In the Shell,Cinema City Poznań Plaza,22:20,,,regular,2026-08-01T10:03:08.722982
2026-08-01,sobota,poznań,Góra mocy,Cinema City Poznań Kinepolis,15:30,,,regular,2026-08-01T10:03:08.722982
2026-08-01,sobota,poznań,Góra mocy,Kino Bułgarska 19 w Poznaniu,14:30,,,regular,2026-08-01T10:03:08.722982
2026-08-01,sobota,poznań,Góra mocy (dubbing),Cinema City Poznań Kinepolis,11:10,,dubbing,regular,2026-08-01T10:03:08.722982
2026-08-01,sobota,poznań,Góra mocy (dubbing),Multikino Poznań Stary Browar,13:40,,dubbing,regular,2026-08-01T10:03:08.722982
2026-08-01,sobota,poznań,Hamnet,Kino Muza w Poznaniu,17:15,,,regular,2026-08-01T10:03:08.722982
2026-08-01,sobota,poznań,Homo sapiens?,Kino Bułgarska 19 w Poznaniu,20:00,,,regular,2026-08-01T10:03:08.722982
2026-08-01,sobota,poznań,Jej piekło,Kino Muza w Poznaniu,21:15,,,regular,2026-08-01T10:03:08.722982
2026-08-01,sobota,poznań,Jej piekło,Multikino Poznań Stary Browar,10:00,,,regular,2026-08-01T10:03:08.722982
2026-08-01,sobota,poznań,Jej piekło,Multikino Poznań Stary Browar,20:00,,,regular,2026-08-01T10:03:08.722982
2026-08-01,sobota,poznań,La Grazia,Kino Pałacowe w Poznaniu,18:00,,,regular,2026-08-01T10:03:08.722982
2026-08-01,sobota,poznań,Martwe zło: Ogień,Cinema City Poznań Kinepolis,21:20,,,regular,2026-08-01T10:03:08.722982
2026-08-01,sobota,poznań,Martwe zło: Ogień,Cinema City Poznań Plaza,22:30,,,regular,2026-08-01T10:03:08.722982
2026-08-01,sobota,poznań,Martwe zło: Ogień,Helios Poznań,20:20,,,regular,2026-08-01T10:03:08.722982
2026-08-01,sobota,poznań,Martwe zło: Ogień,Multikino Poznań Stary Browar,21:45,,,regular,2026-08-01T10:03:08.722982
2026-08-01,sobota,poznań,Michael,Cinema City Poznań Kinepolis,17:20,,,regular,2026-08-01T10:03:08.722982
2026-08-01,sobota,poznań,Minionki i straszydła (dubbing),Cinema City Poznań Kinepolis,16:10,,dubbing,regular,2026-08-01T10:03:08.722982
2026-08-01,sobota,poznań,Minionki i straszydła (dubbing),Cinema City Poznań Kinepolis,16:30,,dubbing,regular,2026-08-01T10:03:08.722982
2026-08-01,sobota,poznań,Minionki i straszydła (dubbing),Cinema City Poznań Kinepolis,18:40,,dubbing,regular,2026-08-01T10:03:08.722982
2026-08-01,sobota,poznań,Minionki i straszydła (dubbing),Cinema City Poznań Plaza,10:50,,dubbing,regular,2026-08-01T10:03:08.722982
2026-08-01,sobota,poznań,Minionki i straszydła (dubbing),Cinema City Poznań Plaza,13:10,,dubbing,regular,2026-08-01T10:03:08.722982
2026-08-01,sobota,poznań,Minionki i straszydła (dubbing),Cinema City Poznań Plaza,15:20,,dubbing,regular,2026-08-01T10:03:08.722982
2026-08-01,sobota,poznań,Minionki i straszydła (dubbing),Helios Poznań,10:00,,dubbing,regular,2026-08-01T10:03:08.722982
2026-08-01,sobota,poznań,Minionki i straszydła (dubbing),Helios Poznań,10:50,,dubbing,regular,2026-08-01T10:03:08.722982
2026-08-01,sobota,poznań,Minionki i straszydła (dubbing),Helios Poznań,13:45,,dubbing,regular,2026-08-01T10:03:08.722982
2026-08-01,sobota,poznań,Minionki i straszydła (dubbing),Helios Poznań,16:00,,dubbing,regular,2026-08-01T10:03:08.722982
2026-08-01,sobota,poznań,Minionki i straszydła (dubbing),Multikino Poznań Stary Browar,09:00,,dubbing,regular,2026-08-01T10:03:08.722982
2026-08-01,sobota,poznań,Minionki i straszydła (dubbing),Multikino Poznań Stary Browar,10:00,,dubbing,regular,2026-08-01T10:03:08.722982
2026-08-01,sobota,poznań,Minionki i straszydła (dubbing),Multikino Poznań Stary Browar,11:10,,dubbing,regular,2026-08-01T10:03:08.722982
2026-08-01,sobota,poznań,Minionki i straszydła (dubbing),Multikino Poznań Stary Browar,12:30,,dubbing,regular,2026-08-01T10:03:08.722982
2026-08-01,sobota,poznań,Minionki i straszydła (dubbing),Multikino Poznań Stary Browar,13:25,,dubbing,regular,2026-08-01T10:03:08.722982
2026-08-01,sobota,poznań,Minionki i straszydła (dubbing),Multikino Poznań Stary Browar,14:40,,dubbing,regular,2026-08-01T10:03:08.722982
2026-08-01,sobota,poznań,Minionki i straszydła (dubbing),Multikino Poznań Stary Browar,15:35,,dubbing,regular,2026-08-01T10:03:08.722982
2026-08-01,sobota,poznań,Minionki i straszydła (dubbing),Multikino Poznań Stary Browar,16:50,,dubbing,regular,2026-08-01T10:03:08.722982
2026-08-01,sobota,poznań,Minionki i straszydła (dubbing),Multikino Poznań Stary Browar,17:45,,dubbing,regular,2026-08-01T10:03:08.722982
2026-08-01,sobota,poznań,Młody Waszyngton,Cinema City Poznań Kinepolis,18:30,,,regular,2026-08-01T10:03:08.722982
2026-08-01,sobota,poznań,Młody Waszyngton,Cinema City Poznań Plaza,18:20,,,regular,2026-08-01T10:03:08.722982
2026-08-01,sobota,poznań,Młody Waszyngton,Kino Bułgarska 19 w Poznaniu,18:00,,,regular,2026-08-01T10:03:08.722982
2026-08-01,sobota,poznań,Młody Waszyngton,Kino Rialto w Poznaniu,17:00,,,regular,2026-08-01T10:03:08.722982
2026-08-01,sobota,poznań,Młody Waszyngton,Multikino Poznań Stary Browar,20:15,,,regular,2026-08-01T10:03:08.722982
2026-08-01,sobota,poznań,O czym sobie nie mówimy,Kino Bułgarska 19 w Poznaniu,17:50,,,regular,2026-08-01T10:03:08.722982
2026-08-01,sobota,poznań,O czym sobie nie mówimy,Kino Muza w Poznaniu,21:00,,,regular,2026-08-01T10:03:08.722982
2026-08-01,sobota,poznań,O czym sobie nie mówimy,Kino Rialto w Poznaniu,19:00,,,regular,2026-08-01T10:03:08.722982
2026-08-01,sobota,poznań,Obsesja,Cinema City Poznań Kinepolis,19:30,,,regular,2026-08-01T10:03:08.722982
2026-08-01,sobota,poznań,Obsesja,Cinema City Poznań Kinepolis,20:50,,,regular,2026-08-01T10:03:08.722982
2026-08-01,sobota,poznań,Obsesja,Cinema City Poznań Kinepolis,22:00,,,regular,2026-08-01T10:03:08.722982
2026-08-01,sobota,poznań,Obsesja,Cinema City Poznań Kinepolis,22:30,,,regular,2026-08-01T10:03:08.722982
2026-08-01,sobota,poznań,Obsesja,Cinema City Poznań Plaza,21:10,,,regular,2026-08-01T10:03:08.722982
2026-08-01,sobota,poznań,Obsesja,Helios Poznań,20:00,,,regular,2026-08-01T10:03:08.722982
2026-08-01,sobota,poznań,Obsesja,Multikino Poznań Stary Browar,21:55,,,regular,2026-08-01T10:03:08.722982
2026-08-01,sobota,poznań,Odyseja,Cinema City Poznań Kinepolis,10:30,,,regular,2026-08-01T10:03:08.722982
2026-08-01,sobota,poznań,Odyseja,Cinema City Poznań Kinepolis,12:30,,,regular,2026-08-01T10:03:08.722982
2026-08-01,sobota,poznań,Odyseja,Cinema City Poznań Kinepolis,14:15,,,regular,2026-08-01T10:03:08.722982
2026-08-01,sobota,poznań,Odyseja,Cinema City Poznań Kinepolis,16:15,,,regular,2026-08-01T10:03:08.722982
2026-08-01,sobota,poznań,Odyseja,Cinema City Poznań Kinepolis,17:50,,,regular,2026-08-01T10:03:08.722982
2026-08-01,sobota,poznań,Odyseja,Cinema City Poznań Kinepolis,18:10,,,regular,2026-08-01T10:03:08.722982
2026-08-01,sobota,poznań,Odyseja,Cinema City Poznań Kinepolis,19:10,,,regular,2026-08-01T10:03:08.722982
2026-08-01,sobota,poznań,Odyseja,Cinema City Poznań Kinepolis,20:00,,,regular,2026-08-01T10:03:08.722982
2026-08-01,sobota,poznań,Odyseja,Cinema City Poznań Kinepolis,20:20,,,regular,2026-08-01T10:03:08.722982
2026-08-01,sobota,poznań,Odyseja,Cinema City Poznań Kinepolis,21:30,,,regular,2026-08-01T10:03:08.722982
2026-08-01,sobota,poznań,Odyseja,Cinema City Poznań Kinepolis,21:40,,,regular,2026-08-01T10:03:08.722982
2026-08-01,sobota,poznań,Odyseja,Cinema City Poznań Plaza,11:30,,,regular,2026-08-01T10:03:08.722982
2026-08-01,sobota,poznań,Odyseja,Cinema City Poznań Plaza,15:10,,,regular,2026-08-01T10:03:08.722982
2026-08-01,sobota,poznań,Odyseja,Cinema City Poznań Plaza,17:20,,,regular,2026-08-01T10:03:08.722982
2026-08-01,sobota,poznań,Odyseja,Cinema City Poznań Plaza,18:50,,,regular,2026-08-01T10:03:08.722982
2026-08-01,sobota,poznań,Odyseja,Cinema City Poznań Plaza,21:00,,,regular,2026-08-01T10:03:08.722982
2026-08-01,sobota,poznań,Odyseja,Cinema City Poznań Plaza IMAX,10:30,,,regular,2026-08-01T10:03:08.722982
2026-08-01,sobota,poznań,Odyseja,Cinema City Poznań Plaza IMAX,14:15,,,regular,2026-08-01T10:03:08.722982
2026-08-01,sobota,poznań,Odyseja,Cinema City Poznań Plaza IMAX,18:00,,,regular,2026-08-01T10:03:08.722982
2026-08-01,sobota,poznań,Odyseja,Cinema City Poznań Plaza IMAX,21:45,,,regular,2026-08-01T10:03:08.722982
2026-08-01,sobota,poznań,Odyseja,Helios Poznań,11:20,,,regular,2026-08-01T10:03:08.722982
2026-08-01,sobota,poznań,Odyseja,Helios Poznań,12:50,,,regular,2026-08-01T10:03:08.722982
2026-08-01,sobota,poznań,Odyseja,Helios Poznań,13:30,,,regular,2026-08-01T10:03:08.722982
2026-08-01,sobota,poznań,Odyseja,Helios Poznań,15:50,,,regular,2026-08-01T10:03:08.722982
2026-08-01,sobota,poznań,Odyseja,Helios Poznań,17:15,,,regular,2026-08-01T10:03:08.722982
2026-08-01,sobota,poznań,Odyseja,Helios Poznań,19:45,,,regular,2026-08-01T10:03:08.722982
2026-08-01,sobota,poznań,Odyseja,Helios Poznań,21:00,,,regular,2026-08-01T10:03:08.722982
2026-08-01,sobota,poznań,Odyseja,Kino Muza w Poznaniu,14:00,,,regular,2026-08-01T10:03:08.722982
2026-08-01,sobota,poznań,Odyseja,Kino Muza w Poznaniu,17:15,,,regular,2026-08-01T10:03:08.722982
2026-08-01,sobota,poznań,Odyseja,Kino Muza w Poznaniu,20:30,,,regular,2026-08-01T10:03:08.722982
2026-08-01,sobota,poznań,Odyseja,Kino Pałacowe w Poznaniu,20:30,,,regular,2026-08-01T10:03:08.722982
2026-08-01,sobota,poznań,Odyseja,Multikino Poznań Stary Browar,11:05,,,regular,2026-08-01T10:03:08.722982
2026-08-01,sobota,poznań,Odyseja,Multikino Poznań Stary Browar,14:40,,,regular,2026-08-01T10:03:08.722982
2026-08-01,sobota,poznań,Odyseja,Multikino Poznań Stary Browar,17:30,,,regular,2026-08-01T10:03:08.722982
2026-08-01,sobota,poznań,Odyseja,Multikino Poznań Stary Browar,18:15,,,regular,2026-08-01T10:03:08.722982
2026-08-01,sobota,poznań,Odyseja,Multikino Poznań Stary Browar,20:00,,,regular,2026-08-01T10:03:08.722982
2026-08-01,sobota,poznań,Odyseja,Multikino Poznań Stary Browar,21:00,,,regular,2026-08-01T10:03:08.722982
2026-08-01,sobota,poznań,Odyseja / Одіссея (ukr.),Cinema City Poznań Plaza,11:20,,,regular,2026-08-01T10:03:08.722982
2026-08-01,sobota,poznań,Odyseja / Одіссея (ukr.),Multikino Poznań Stary Browar,12:50,,,regular,2026-08-01T10:03:08.722982
2026-08-01,sobota,poznań,Odyseja / Одіссея (ukr.),Multikino Poznań Stary Browar,16:30,,,regular,2026-08-01T10:03:08.722982
2026-08-01,sobota,poznań,Ojczyzna,Kino Bułgarska 19 w Poznaniu,13:30,,,regular,2026-08-01T10:03:08.722982
2026-08-01,sobota,poznań,Ojczyzna,Kino Muza w Poznaniu,14:45,,,regular,2026-08-01T10:03:08.722982
2026-08-01,sobota,poznań,Ostatni konsjerż,Cinema City Poznań Kinepolis,19:00,,,regular,2026-08-01T10:03:08.722982
2026-08-01,sobota,poznań,Ostatni konsjerż,Kino Muza w Poznaniu,19:30,,,regular,2026-08-01T10:03:08.722982
2026-08-01,sobota,poznań,Ostatni konsjerż,Kino Pałacowe w Poznaniu,16:15,,,regular,2026-08-01T10:03:08.722982
2026-08-01,sobota,poznań,Przekleństwa niewinności,Kino Bułgarska 19 w Poznaniu,16:10,,,regular,2026-08-01T10:03:08.722982
2026-08-01,sobota,poznań,Pucio,Multikino Poznań Stary Browar,10:15,,,regular,2026-08-01T10:03:08.722982
2026-08-01,sobota,poznań,Requiem dla snu,Cinema City Poznań Kinepolis,21:00,,,regular,2026-08-01T10:03:08.722982
2026-08-01,sobota,poznań,Requiem dla snu,Kino Pałacowe w Poznaniu,20:00,,,regular,2026-08-01T10:03:08.722982
2026-08-01,sobota,poznań,Savage House,Kino Muza w Poznaniu,15:00,,,regular,2026-08-01T10:03:08.722982
2026-08-01,sobota,poznań,Spider-Man. Całkiem nowy dzień,Cinema City Poznań Kinepolis,10:30,,,regular,2026-08-01T10:03:08.722982
2026-08-01,sobota,poznań,Spider-Man. Całkiem nowy dzień,Cinema City Poznań Kinepolis,13:40,,,regular,2026-08-01T10:03:08.722982
2026-08-01,sobota,poznań,Spider-Man. Całkiem nowy dzień,Cinema City Poznań Kinepolis,16:10,,,regular,2026-08-01T10:03:08.722982
2026-08-01,sobota,poznań,Spider-Man. Całkiem nowy dzień,Cinema City Poznań Kinepolis,16:50,,,regular,2026-08-01T10:03:08.722982
2026-08-01,sobota,poznań,Spider-Man. Całkiem nowy dzień,Cinema City Poznań Kinepolis,19:00,,,regular,2026-08-01T10:03:08.722982
2026-08-01,sobota,poznań,Spider-Man. Całkiem nowy dzień,Cinema City Poznań Kinepolis,19:20,,,regular,2026-08-01T10:03:08.722982
2026-08-01,sobota,poznań,Spider-Man. Całkiem nowy dzień,Cinema City Poznań Kinepolis,20:00,,,regular,2026-08-01T10:03:08.722982
2026-08-01,sobota,poznań,Spider-Man. Całkiem nowy dzień,Cinema City Poznań Kinepolis,21:00,,,regular,2026-08-01T10:03:08.722982
2026-08-01,sobota,poznań,Spider-Man. Całkiem nowy dzień,Cinema City Poznań Kinepolis,21:40,,,regular,2026-08-01T10:03:08.722982
2026-08-01,sobota,poznań,Spider-Man. Całkiem nowy dzień,Cinema City Poznań Plaza,10:30,,,regular,2026-08-01T10:03:08.722982
2026-08-01,sobota,poznań,Spider-Man. Całkiem nowy dzień,Cinema City Poznań Plaza,13:40,,,regular,2026-08-01T10:03:08.722982
2026-08-01,sobota,poznań,Spider-Man. Całkiem nowy dzień,Cinema City Poznań Plaza,16:15,,,regular,2026-08-01T10:03:08.722982
2026-08-01,sobota,poznań,Spider-Man. Całkiem nowy dzień,Cinema City Poznań Plaza,16:50,,,regular,2026-08-01T10:03:08.722982
2026-08-01,sobota,poznań,Spider-Man. Całkiem nowy dzień,Cinema City Poznań Plaza,19:20,,,regular,2026-08-01T10:03:08.722982
2026-08-01,sobota,poznań,Spider-Man. Całkiem nowy dzień,Cinema City Poznań Plaza,20:00,,,regular,2026-08-01T10:03:08.722982
2026-08-01,sobota,poznań,Spider-Man. Całkiem nowy dzień,Cinema City Poznań Plaza,22:10,,,regular,2026-08-01T10:03:08.722982
2026-08-01,sobota,poznań,Spider-Man. Całkiem nowy dzień,Helios Poznań,10:20,,,regular,2026-08-01T10:03:08.722982
2026-08-01,sobota,poznań,Spider-Man. Całkiem nowy dzień,Helios Poznań,11:00,,,regular,2026-08-01T10:03:08.722982
2026-08-01,sobota,poznań,Spider-Man. Całkiem nowy dzień,Helios Poznań,12:10,,,regular,2026-08-01T10:03:08.722982
2026-08-01,sobota,poznań,Spider-Man. Całkiem nowy dzień,Helios Poznań,13:00,,,regular,2026-08-01T10:03:08.722982
2026-08-01,sobota,poznań,Spider-Man. Całkiem nowy dzień,Helios Poznań,14:15,,,regular,2026-08-01T10:03:08.722982
2026-08-01,sobota,poznań,Spider-Man. Całkiem nowy dzień,Helios Poznań,15:20,,,regular,2026-08-01T10:03:08.722982
2026-08-01,sobota,poznań,Spider-Man. Całkiem nowy dzień,Helios Poznań,16:15,,,regular,2026-08-01T10:03:08.722982
2026-08-01,sobota,poznań,Spider-Man. Całkiem nowy dzień,Helios Poznań,16:50,,,regular,2026-08-01T10:03:08.722982
2026-08-01,sobota,poznań,Spider-Man. Całkiem nowy dzień,Helios Poznań,17:30,,,regular,2026-08-01T10:03:08.722982
2026-08-01,sobota,poznań,Spider-Man. Całkiem nowy dzień,Helios Poznań,18:30,,,regular,2026-08-01T10:03:08.722982
2026-08-01,sobota,poznań,Spider-Man. Całkiem nowy dzień,Helios Poznań,19:30,,,regular,2026-08-01T10:03:08.722982
2026-08-01,sobota,poznań,Spider-Man. Całkiem nowy dzień,Helios Poznań,20:45,,,regular,2026-08-01T10:03:08.722982
2026-08-01,sobota,poznań,Spider-Man. Całkiem nowy dzień,Helios Poznań,21:40,,,regular,2026-08-01T10:03:08.722982
2026-08-01,sobota,poznań,Spider-Man. Całkiem nowy dzień,Multikino Poznań Stary Browar,11:30,,,regular,2026-08-01T10:03:08.722982
2026-08-01,sobota,poznań,Spider-Man. Całkiem nowy dzień,Multikino Poznań Stary Browar,12:30,,,regular,2026-08-01T10:03:08.722982
2026-08-01,sobota,poznań,Spider-Man. Całkiem nowy dzień,Multikino Poznań Stary Browar,15:40,,,regular,2026-08-01T10:03:08.722982
2026-08-01,sobota,poznań,Spider-Man. Całkiem nowy dzień,Multikino Poznań Stary Browar,17:10,,,regular,2026-08-01T10:03:08.722982
2026-08-01,sobota,poznań,Spider-Man. Całkiem nowy dzień,Multikino Poznań Stary Browar,18:50,,,regular,2026-08-01T10:03:08.722982
2026-08-01,sobota,poznań,Spider-Man. Całkiem nowy dzień,Multikino Poznań Stary Browar,20:30,,,regular,2026-08-01T10:03:08.722982
2026-08-01,sobota,poznań,Spider-Man. Całkiem nowy dzień,Multikino Poznań Stary Browar,21:20,,,regular,2026-08-01T10:03:08.722982
2026-08-01,sobota,poznań,Spider-Man. Całkiem nowy dzień (dubbing),Cinema City Poznań Kinepolis,10:00,,dubbing,regular,2026-08-01T10:03:08.722982
2026-08-01,sobota,poznań,Spider-Man. Całkiem nowy dzień (dubbing),Cinema City Poznań Kinepolis,12:10,,dubbing,regular,2026-08-01T10:03:08.722982
2026-08-01,sobota,poznań,Spider-Man. Całkiem nowy dzień (dubbing),Cinema City Poznań Kinepolis,13:00,,dubbing,regular,2026-08-01T10:03:08.722982
2026-08-01,sobota,poznań,Spider-Man. Całkiem nowy dzień (dubbing),Cinema City Poznań Kinepolis,15:20,,dubbing,regular,2026-08-01T10:03:08.722982
2026-08-01,sobota,poznań,Spider-Man. Całkiem nowy dzień (dubbing),Cinema City Poznań Kinepolis,18:30,,dubbing,regular,2026-08-01T10:03:08.722982
2026-08-01,sobota,poznań,Spider-Man. Całkiem nowy dzień (dubbing),Cinema City Poznań Plaza,10:00,,dubbing,regular,2026-08-01T10:03:08.722982
2026-08-01,sobota,poznań,Spider-Man. Całkiem nowy dzień (dubbing),Cinema City Poznań Plaza,12:40,,dubbing,regular,2026-08-01T10:03:08.722982
2026-08-01,sobota,poznań,Spider-Man. Całkiem nowy dzień (dubbing),Cinema City Poznań Plaza,13:10,,dubbing,regular,2026-08-01T10:03:08.722982
2026-08-01,sobota,poznań,Spider-Man. Całkiem nowy dzień (dubbing),Cinema City Poznań Plaza,15:50,,dubbing,regular,2026-08-01T10:03:08.722982
2026-08-01,sobota,poznań,Spider-Man. Całkiem nowy dzień (dubbing),Cinema City Poznań Plaza,19:00,,dubbing,regular,2026-08-01T10:03:08.722982
2026-08-01,sobota,poznań,Spider-Man. Całkiem nowy dzień (dubbing),Multikino Poznań Stary Browar,14:50,,dubbing,regular,2026-08-01T10:03:08.722982
2026-08-01,sobota,poznań,Spider-Man. Całkiem nowy dzień (dubbing),Multikino Poznań Stary Browar,18:10,,dubbing,regular,2026-08-01T10:03:08.722982
2026-08-01,sobota,poznań,Spider-Man. Całkiem nowy dzień 3D,Cinema City Poznań Kinepolis,17:40,3D,,regular,2026-08-01T10:03:08.722982
2026-08-01,sobota,poznań,Spider-Man. Całkiem nowy dzień 3D,Cinema City Poznań Kinepolis,20:50,3D,,regular,2026-08-01T10:03:08.722982
2026-08-01,sobota,poznań,Spider-Man. Całkiem nowy dzień 3D,Cinema City Poznań Plaza,18:10,3D,,regular,2026-08-01T10:03:08.722982
2026-08-01,sobota,poznań,Spider-Man. Całkiem nowy dzień 3D,Cinema City Poznań Plaza,21:20,3D,,regular,2026-08-01T10:03:08.722982
2026-08-01,sobota,poznań,Spider-Man. Całkiem nowy dzień 3D (dubbing),Cinema City Poznań Kinepolis,11:20,3D,dubbing,regular,2026-08-01T10:03:08.722982
2026-08-01,sobota,poznań,Spider-Man. Całkiem nowy dzień 3D (dubbing),Cinema City Poznań Kinepolis,14:30,3D,dubbing,regular,2026-08-01T10:03:08.722982
2026-08-01,sobota,poznań,Spider-Man. Całkiem nowy dzień 3D (dubbing),Cinema City Poznań Plaza,15:00,3D,dubbing,regular,2026-08-01T10:03:08.722982
2026-08-01,sobota,poznań,Spider-Man. Całkiem nowy dzień 3D (dubbing),Multikino Poznań Stary Browar,10:35,3D,dubbing,regular,2026-08-01T10:03:08.722982
2026-08-01,sobota,poznań,Spider-Man. Całkiem nowy dzień 3D (dubbing),Multikino Poznań Stary Browar,13:50,3D,dubbing,regular,2026-08-01T10:03:08.722982
2026-08-01,sobota,poznań,Straszny film,Cinema City Poznań Kinepolis,22:10,,,regular,2026-08-01T10:03:08.722982
2026-08-01,sobota,poznań,Takie jest życie,Kino Muza w Poznaniu,16:30,,,regular,2026-08-01T10:03:08.722982
2026-08-01,sobota,poznań,Toy Story 5 (dubbing),Cinema City Poznań Kinepolis,10:00,,dubbing,regular,2026-08-01T10:03:08.722982
2026-08-01,sobota,poznań,Toy Story 5 (dubbing),Cinema City Poznań Kinepolis,16:30,,dubbing,regular,2026-08-01T10:03:08.722982
2026-08-01,sobota,poznań,Toy Story 5 (dubbing),Cinema City Poznań Kinepolis,18:40,,dubbing,regular,2026-08-01T10:03:08.722982
2026-08-01,sobota,poznań,Toy Story 5 (dubbing),Cinema City Poznań Plaza,10:00,,dubbing,regular,2026-08-01T10:03:08.722982
2026-08-01,sobota,poznań,Toy Story 5 (dubbing),Cinema City Poznań Plaza,12:30,,dubbing,regular,2026-08-01T10:03:08.722982
2026-08-01,sobota,poznań,Toy Story 5 (dubbing),Cinema City Poznań Plaza,15:00,,dubbing,regular,2026-08-01T10:03:08.722982
2026-08-01,sobota,poznań,Toy Story 5 (dubbing),Helios Poznań,10:30,,dubbing,regular,2026-08-01T10:03:08.722982
2026-08-01,sobota,poznań,Toy Story 5 (dubbing),Helios Poznań,13:15,,dubbing,regular,2026-08-01T10:03:08.722982
2026-08-01,sobota,poznań,Toy Story 5 (dubbing),Multikino Poznań Stary Browar,10:00,,dubbing,regular,2026-08-01T10:03:08.722982
2026-08-01,sobota,poznań,Toy Story 5 (dubbing),Multikino Poznań Stary Browar,12:25,,dubbing,regular,2026-08-01T10:03:08.722982
2026-08-01,sobota,poznań,Toy Story 5 (dubbing),Multikino Poznań Stary Browar,14:30,,dubbing,regular,2026-08-01T10:03:08.722982
2026-08-01,sobota,poznań,Vaiana,Helios Poznań,11:10,,,regular,2026-08-01T10:03:08.722982
2026-08-01,sobota,poznań,Vaiana,Helios Poznań,15:00,,,regular,2026-08-01T10:03:08.722982
2026-08-01,sobota,poznań,Vaiana,Helios Poznań,17:45,,,regular,2026-08-01T10:03:08.722982
2026-08-01,sobota,poznań,Vaiana (dubbing),Cinema City Poznań Kinepolis,10:20,,dubbing,regular,2026-08-01T10:03:08.722982
2026-08-01,sobota,poznań,Vaiana (dubbing),Cinema City Poznań Kinepolis,13:00,,dubbing,regular,2026-08-01T10:03:08.722982
2026-08-01,sobota,poznań,Vaiana (dubbing),Cinema City Poznań Kinepolis,15:40,,dubbing,regular,2026-08-01T10:03:08.722982
2026-08-01,sobota,poznań,Vaiana (dubbing),Cinema City Poznań Kinepolis,16:20,,dubbing,regular,2026-08-01T10:03:08.722982
2026-08-01,sobota,poznań,Vaiana (dubbing),Cinema City Poznań Plaza,11:20,,dubbing,regular,2026-08-01T10:03:08.722982
2026-08-01,sobota,poznań,Vaiana (dubbing),Cinema City Poznań Plaza,14:00,,dubbing,regular,2026-08-01T10:03:08.722982
2026-08-01,sobota,poznań,Vaiana (dubbing),Cinema City Poznań Plaza,16:40,,dubbing,regular,2026-08-01T10:03:08.722982
2026-08-01,sobota,poznań,Vaiana (dubbing),Multikino Poznań Stary Browar,11:00,,dubbing,regular,2026-08-01T10:03:08.722982
2026-08-01,sobota,poznań,Vaiana (dubbing),Multikino Poznań Stary Browar,17:20,,dubbing,regular,2026-08-01T10:03:08.722982
2026-08-01,sobota,poznań,Vaiana (wersja karaoke),Multikino Poznań Stary Browar,10:10,,,regular,2026-08-01T10:03:08.722982
2026-08-01,sobota,poznań,Vaiana (wersja karaoke),Multikino Poznań Stary Browar,14:50,,,regular,2026-08-01T10:03:08.722982
2026-08-01,sobota,poznań,WALL-E (dubbing),Cinema City Poznań Kinepolis,14:00,,dubbing,regular,2026-08-01T10:03:08.722982
2026-08-01,sobota,poznań,WALL-E (dubbing),Cinema City Poznań Plaza,15:50,,dubbing,regular,2026-08-01T10:03:08.722982
2026-08-01,sobota,poznań,Wędrówka na północ,Kino Muza w Poznaniu,18:45,,,regular,2026-08-01T10:03:08.722982
2026-08-01,sobota,poznań,Wielkie piękno,Kino Pałacowe w Poznaniu,21:00,,,regular,2026-08-01T10:03:08.722982
2026-08-01,sobota,poznań,Wyschnięci,Kino Bułgarska 19 w Poznaniu,13:10,,,regular,2026-08-01T10:03:08.722982
2026-08-01,sobota,poznań,Zaproszenie,Cinema City Poznań Kinepolis,16:00,,,regular,2026-08-01T10:03:08.722982
2026-08-01,sobota,poznań,Zaproszenie,Cinema City Poznań Kinepolis,18:30,,,regular,2026-08-01T10:03:08.722982
2026-08-01,sobota,poznań,Zaproszenie,Cinema City Poznań Plaza,19:10,,,regular,2026-08-01T10:03:08.722982
2026-08-01,sobota,poznań,Zaproszenie,Kino Bułgarska 19 w Poznaniu,19:50,,,regular,2026-08-01T10:03:08.722982
2026-08-01,sobota,poznań,Zaproszenie,Kino Pałacowe w Poznaniu,15:15,,,regular,2026-08-01T10:03:08.722982
2026-08-01,sobota,poznań,Zaproszenie,Kino Rialto w Poznaniu,21:00,,,regular,2026-08-01T10:03:08.722982
2026-08-01,sobota,poznań,Zaproszenie,Multikino Poznań Stary Browar,18:05,,,regular,2026-08-01T10:03:08.722982
2026-08-01,sobota,poznań,Людина-павук: Абсолютно новий день / Spider-Man. Całkiem nowy dzień (ukr.),Cinema City Poznań Plaza,17:30,,,regular,2026-08-01T10:03:08.722982
2026-08-01,sobota,poznań,Людина-павук: Абсолютно новий день / Spider-Man. Całkiem nowy dzień (ukr.),Helios Poznań,18:15,,,regular,2026-08-01T10:03:08.722982
2026-08-01,sobota,poznań,Людина-павук: Абсолютно новий день / Spider-Man. Całkiem nowy dzień (ukr.),Multikino Poznań Stary Browar,10:00,,,regular,2026-08-01T10:03:08.722982
2026-08-01,sobota,poznań,Людина-павук: Абсолютно новий день / Spider-Man. Całkiem nowy dzień (ukr.),Multikino Poznań Stary Browar,13:10,,,regular,2026-08-01T10:03:08.722982
2026-08-01,sobota,poznań,Людина-павук: Абсолютно новий день / Spider-Man. Całkiem nowy dzień (ukr.),Multikino Poznań Stary Browar,16:25,,,regular,2026-08-01T10:03:08.722982
2026-08-01,sobota,poznań,Людина-павук: Абсолютно новий день / Spider-Man. Całkiem nowy dzień (ukr.),Multikino Poznań Stary Browar,19:40,,,regular,2026-08-01T10:03:08.722982
2026-08-01,sobota,gdańsk,Backrooms. Bez wyjścia,Helios Gdańsk Forum,14:00,,,regular,2026-08-01T10:03:11.458239
2026-08-01,sobota,gdańsk,Backrooms. Bez wyjścia,Helios Gdańsk Forum,18:20,,,regular,2026-08-01T10:03:11.458239
2026-08-01,sobota,gdańsk,Backrooms. Bez wyjścia (wersja rozszerzona),Multikino Gdańsk,20:35,,,regular,2026-08-01T10:03:11.458239
2026-08-01,sobota,gdańsk,Co do… kury?,Kino Kameralne Cafe w Gdańsku,16:15,,,regular,2026-08-01T10:03:11.458239
2026-08-01,sobota,gdańsk,Czytając Lolitę w Teheranie,Kino Spektrum w Gdańsku,18:30,,,regular,2026-08-01T10:03:11.458239
2026-08-01,sobota,gdańsk,Ekipa zwierzaków,Helios Gdańsk Forum,10:20,,,regular,2026-08-01T10:03:11.458239
2026-08-01,sobota,gdańsk,Ekipa zwierzaków,Helios Gdańsk Forum,16:20,,,regular,2026-08-01T10:03:11.458239
2026-08-01,sobota,gdańsk,Ekipa zwierzaków,Helios Gdańsk Metropolia,10:00,,,regular,2026-08-01T10:03:11.458239
2026-08-01,sobota,gdańsk,Ekipa zwierzaków,Helios Gdańsk Metropolia,15:30,,,regular,2026-08-01T10:03:11.458239
2026-08-01,sobota,gdańsk,Ekipa zwierzaków (dubbing),Cinema1 w Gdańsku,09:15,,dubbing,regular,2026-08-01T10:03:11.458239
2026-08-01,sobota,gdańsk,Ekipa zwierzaków (dubbing),Cinema1 w Gdańsku,11:30,,dubbing,regular,2026-08-01T10:03:11.458239
2026-08-01,sobota,gdańsk,Ekipa zwierzaków (dubbing),Cinema1 w Gdańsku,13:45,,dubbing,regular,2026-08-01T10:03:11.458239
2026-08-01,sobota,gdańsk,Ekipa zwierzaków (dubbing),Cinema1 w Gdańsku,16:00,,dubbing,regular,2026-08-01T10:03:11.458239
2026-08-01,sobota,gdańsk,Ekipa zwierzaków (dubbing),Multikino Gdańsk,10:20,,dubbing,regular,2026-08-01T10:03:11.458239
2026-08-01,sobota,gdańsk,Ekipa zwierzaków (dubbing),Multikino Gdańsk,12:55,,dubbing,regular,2026-08-01T10:03:11.458239
2026-08-01,sobota,gdańsk,Ekipa zwierzaków (dubbing),Multikino Gdańsk,14:15,,dubbing,regular,2026-08-01T10:03:11.458239
2026-08-01,sobota,gdańsk,Jej piekło,Helios Gdańsk Forum,15:30,,,regular,2026-08-01T10:03:11.458239
2026-08-01,sobota,gdańsk,Jej piekło,Kino Żak w Gdańsku,20:00,,,regular,2026-08-01T10:03:11.458239
2026-08-01,sobota,gdańsk,Jej piekło,Multikino Gdańsk,10:35,,,regular,2026-08-01T10:03:11.458239
2026-08-01,sobota,gdańsk,Jej piekło,Multikino Gdańsk,20:00,,,regular,2026-08-01T10:03:11.458239
2026-08-01,sobota,gdańsk,Kicia Kocia na pikniku (dubbing),Cinema1 w Gdańsku,10:00,,dubbing,regular,2026-08-01T10:03:11.458239
2026-08-01,sobota,gdańsk,Kumotry,Kino Kameralne Cafe w Gdańsku,14:30,,,regular,2026-08-01T10:03:11.458239
2026-08-01,sobota,gdańsk,Kumotry,Kino Spektrum w Gdańsku,20:45,,,regular,2026-08-01T10:03:11.458239
2026-08-01,sobota,gdańsk,Martwe zło: Ogień,Helios Gdańsk Forum,21:30,,,regular,2026-08-01T10:03:11.458239
2026-08-01,sobota,gdańsk,Minionki i straszydła (dubbing),Cinema1 w Gdańsku,09:15,,dubbing,regular,2026-08-01T10:03:11.458239
2026-08-01,sobota,gdańsk,Minionki i straszydła (dubbing),Cinema1 w Gdańsku,10:15,,dubbing,regular,2026-08-01T10:03:11.458239
2026-08-01,sobota,gdańsk,Minionki i straszydła (dubbing),Cinema1 w Gdańsku,11:15,,dubbing,regular,2026-08-01T10:03:11.458239
2026-08-01,sobota,gdańsk,Minionki i straszydła (dubbing),Cinema1 w Gdańsku,13:30,,dubbing,regular,2026-08-01T10:03:11.458239
2026-08-01,sobota,gdańsk,Minionki i straszydła (dubbing),Cinema1 w Gdańsku,15:45,,dubbing,regular,2026-08-01T10:03:11.458239
2026-08-01,sobota,gdańsk,Minionki i straszydła (dubbing),Helios Gdańsk Forum,10:00,,dubbing,regular,2026-08-01T10:03:11.458239
2026-08-01,sobota,gdańsk,Minionki i straszydła (dubbing),Helios Gdańsk Forum,10:50,,dubbing,regular,2026-08-01T10:03:11.458239
2026-08-01,sobota,gdańsk,Minionki i straszydła (dubbing),Helios Gdańsk Forum,12:30,,dubbing,regular,2026-08-01T10:03:11.458239
2026-08-01,sobota,gdańsk,Minionki i straszydła (dubbing),Helios Gdańsk Forum,14:40,,dubbing,regular,2026-08-01T10:03:11.458239
2026-08-01,sobota,gdańsk,Minionki i straszydła (dubbing),Helios Gdańsk Forum,16:50,,dubbing,regular,2026-08-01T10:03:11.458239
2026-08-01,sobota,gdańsk,Minionki i straszydła (dubbing),Helios Gdańsk Metropolia,10:20,,dubbing,regular,2026-08-01T10:03:11.458239
2026-08-01,sobota,gdańsk,Minionki i straszydła (dubbing),Helios Gdańsk Metropolia,11:30,,dubbing,regular,2026-08-01T10:03:11.458239
2026-08-01,sobota,gdańsk,Minionki i straszydła (dubbing),Helios Gdańsk Metropolia,12:30,,dubbing,regular,2026-08-01T10:03:11.458239
2026-08-01,sobota,gdańsk,Minionki i straszydła (dubbing),Helios Gdańsk Metropolia,14:00,,dubbing,regular,2026-08-01T10:03:11.458239
2026-08-01,sobota,gdańsk,Minionki i straszydła (dubbing),Helios Gdańsk Metropolia,16:20,,dubbing,regular,2026-08-01T10:03:11.458239
2026-08-01,sobota,gdańsk,Minionki i straszydła (dubbing),Helios Gdańsk Metropolia,18:30,,dubbing,regular,2026-08-01T10:03:11.458239
2026-08-01,sobota,gdańsk,Minionki i straszydła (dubbing),Multikino Gdańsk,10:15,,dubbing,regular,2026-08-01T10:03:11.458239
2026-08-01,sobota,gdańsk,Minionki i straszydła (dubbing),Multikino Gdańsk,12:25,,dubbing,regular,2026-08-01T10:03:11.458239
2026-08-01,sobota,gdańsk,Minionki i straszydła (dubbing),Multikino Gdańsk,14:40,,dubbing,regular,2026-08-01T10:03:11.458239
2026-08-01,sobota,gdańsk,Minionki i straszydła (dubbing),Multikino Gdańsk,16:50,,dubbing,regular,2026-08-01T10:03:11.458239
2026-08-01,sobota,gdańsk,O czym sobie nie mówimy,Kino Spektrum w Gdańsku,20:30,,,regular,2026-08-01T10:03:11.458239
2026-08-01,sobota,gdańsk,Obsesja,Helios Gdańsk Forum,20:45,,,regular,2026-08-01T10:03:11.458239
2026-08-01,sobota,gdańsk,Obsesja,Helios Gdańsk Metropolia,21:00,,,regular,2026-08-01T10:03:11.458239
2026-08-01,sobota,gdańsk,Obsesja,Multikino Gdańsk,11:40,,,regular,2026-08-01T10:03:11.458239
2026-08-01,sobota,gdańsk,Obsesja,Multikino Gdańsk,17:30,,,regular,2026-08-01T10:03:11.458239
2026-08-01,sobota,gdańsk,Odyseja,Cinema1 w Gdańsku,15:15,,,regular,2026-08-01T10:03:11.458239
2026-08-01,sobota,gdańsk,Odyseja,Cinema1 w Gdańsku,16:30,,,regular,2026-08-01T10:03:11.458239
2026-08-01,sobota,gdańsk,Odyseja,Cinema1 w Gdańsku,18:00,,,regular,2026-08-01T10:03:11.458239
2026-08-01,sobota,gdańsk,Odyseja,Cinema1 w Gdańsku,19:00,,,regular,2026-08-01T10:03:11.458239
2026-08-01,sobota,gdańsk,Odyseja,Cinema1 w Gdańsku,20:00,,,regular,2026-08-01T10:03:11.458239
2026-08-01,sobota,gdańsk,Odyseja,Cinema1 w Gdańsku,20:45,,,regular,2026-08-01T10:03:11.458239
2026-08-01,sobota,gdańsk,Odyseja,Helios Gdańsk Forum,10:20,,,regular,2026-08-01T10:03:11.458239
2026-08-01,sobota,gdańsk,Odyseja,Helios Gdańsk Forum,12:10,,,regular,2026-08-01T10:03:11.458239
2026-08-01,sobota,gdańsk,Odyseja,Helios Gdańsk Forum,14:00,,,regular,2026-08-01T10:03:11.458239
2026-08-01,sobota,gdańsk,Odyseja,Helios Gdańsk Forum,15:45,,,regular,2026-08-01T10:03:11.458239
2026-08-01,sobota,gdańsk,Odyseja,Helios Gdańsk Forum,17:40,,,regular,2026-08-01T10:03:11.458239
2026-08-01,sobota,gdańsk,Odyseja,Helios Gdańsk Forum,19:30,,,regular,2026-08-01T10:03:11.458239
2026-08-01,sobota,gdańsk,Odyseja,Helios Gdańsk Forum,21:20,,,regular,2026-08-01T10:03:11.458239
2026-08-01,sobota,gdańsk,Odyseja,Helios Gdańsk Metropolia,12:00,,,regular,2026-08-01T10:03:11.458239
2026-08-01,sobota,gdańsk,Odyseja,Helios Gdańsk Metropolia,16:10,,,regular,2026-08-01T10:03:11.458239
2026-08-01,sobota,gdańsk,Odyseja,Helios Gdańsk Metropolia,17:20,,,regular,2026-08-01T10:03:11.458239
2026-08-01,sobota,gdańsk,Odyseja,Helios Gdańsk Metropolia,19:45,,,regular,2026-08-01T10:03:11.458239
2026-08-01,sobota,gdańsk,Odyseja,Helios Gdańsk Metropolia,20:30,,,regular,2026-08-01T10:03:11.458239
2026-08-01,sobota,gdańsk,Odyseja,Multikino Gdańsk,10:50,,,regular,2026-08-01T10:03:11.458239
2026-08-01,sobota,gdańsk,Odyseja,Multikino Gdańsk,13:15,,,regular,2026-08-01T10:03:11.458239
2026-08-01,sobota,gdańsk,Odyseja,Multikino Gdańsk,14:20,,,regular,2026-08-01T10:03:11.458239
2026-08-01,sobota,gdańsk,Odyseja,Multikino Gdańsk,16:15,,,regular,2026-08-01T10:03:11.458239
2026-08-01,sobota,gdańsk,Odyseja,Multikino Gdańsk,17:20,,,regular,2026-08-01T10:03:11.458239
2026-08-01,sobota,gdańsk,Odyseja,Multikino Gdańsk,18:00,,,regular,2026-08-01T10:03:11.458239
2026-08-01,sobota,gdańsk,Odyseja,Multikino Gdańsk,19:45,,,regular,2026-08-01T10:03:11.458239
2026-08-01,sobota,gdańsk,Odyseja,Multikino Gdańsk,20:50,,,regular,2026-08-01T10:03:11.458239
2026-08-01,sobota,gdańsk,Ojczyzna,Kino Spektrum w Gdańsku,14:30,,,regular,2026-08-01T10:03:11.458239
2026-08-01,sobota,gdańsk,Ostatni konsjerż,Kino Spektrum w Gdańsku,14:45,,,regular,2026-08-01T10:03:11.458239
2026-08-01,sobota,gdańsk,Ostatni konsjerż,Kino Spektrum w Gdańsku,18:45,,,regular,2026-08-01T10:03:11.458239
2026-08-01,sobota,gdańsk,"Powiedz mi, co czujesz",Kino Kameralne Cafe w Gdańsku,18:15,,,regular,2026-08-01T10:03:11.458239
2026-08-01,sobota,gdańsk,Przekleństwa niewinności,Kino Spektrum w Gdańsku,16:30,,,regular,2026-08-01T10:03:11.458239
2026-08-01,sobota,gdańsk,Pucio,Multikino Gdańsk,10:15,,,regular,2026-08-01T10:03:11.458239
2026-08-01,sobota,gdańsk,Spider-Man. Całkiem nowy dzień,Cinema1 w Gdańsku,14:00,,,regular,2026-08-01T10:03:11.458239
2026-08-01,sobota,gdańsk,Spider-Man. Całkiem nowy dzień,Cinema1 w Gdańsku,18:00,,,regular,2026-08-01T10:03:11.458239
2026-08-01,sobota,gdańsk,Spider-Man. Całkiem nowy dzień,Cinema1 w Gdańsku,20:00,,,regular,2026-08-01T10:03:11.458239
2026-08-01,sobota,gdańsk,Spider-Man. Całkiem nowy dzień,Cinema1 w Gdańsku,21:15,,,regular,2026-08-01T10:03:11.458239
2026-08-01,sobota,gdańsk,Spider-Man. Całkiem nowy dzień,Helios Gdańsk Forum,10:30,,,regular,2026-08-01T10:03:11.458239
2026-08-01,sobota,gdańsk,Spider-Man. Całkiem nowy dzień,Helios Gdańsk Forum,11:20,,,regular,2026-08-01T10:03:11.458239
2026-08-01,sobota,gdańsk,Spider-Man. Całkiem nowy dzień,Helios Gdańsk Forum,11:50,,,regular,2026-08-01T10:03:11.458239
2026-08-01,sobota,gdańsk,Spider-Man. Całkiem nowy dzień,Helios Gdańsk Forum,12:45,,,regular,2026-08-01T10:03:11.458239
2026-08-01,sobota,gdańsk,Spider-Man. Całkiem nowy dzień,Helios Gdańsk Forum,13:45,,,regular,2026-08-01T10:03:11.458239
2026-08-01,sobota,gdańsk,Spider-Man. Całkiem nowy dzień,Helios Gdańsk Forum,14:30,,,regular,2026-08-01T10:03:11.458239
2026-08-01,sobota,gdańsk,Spider-Man. Całkiem nowy dzień,Helios Gdańsk Forum,15:10,,,regular,2026-08-01T10:03:11.458239
2026-08-01,sobota,gdańsk,Spider-Man. Całkiem nowy dzień,Helios Gdańsk Forum,16:00,,,regular,2026-08-01T10:03:11.458239
2026-08-01,sobota,gdańsk,Spider-Man. Całkiem nowy dzień,Helios Gdańsk Forum,17:00,,,regular,2026-08-01T10:03:11.458239
2026-08-01,sobota,gdańsk,Spider-Man. Całkiem nowy dzień,Helios Gdańsk Forum,17:50,,,regular,2026-08-01T10:03:11.458239
2026-08-01,sobota,gdańsk,Spider-Man. Całkiem nowy dzień,Helios Gdańsk Forum,18:30,,,regular,2026-08-01T10:03:11.458239
2026-08-01,sobota,gdańsk,Spider-Man. Całkiem nowy dzień,Helios Gdańsk Forum,19:15,,,regular,2026-08-01T10:03:11.458239
2026-08-01,sobota,gdańsk,Spider-Man. Całkiem nowy dzień,Helios Gdańsk Forum,20:15,,,regular,2026-08-01T10:03:11.458239
2026-08-01,sobota,gdańsk,Spider-Man. Całkiem nowy dzień,Helios Gdańsk Forum,20:50,,,regular,2026-08-01T10:03:11.458239
2026-08-01,sobota,gdańsk,Spider-Man. Całkiem nowy dzień,Helios Gdańsk Forum,21:45,,,regular,2026-08-01T10:03:11.458239
2026-08-01,sobota,gdańsk,Spider-Man. Całkiem nowy dzień,Helios Gdańsk Metropolia,10:30,,,regular,2026-08-01T10:03:11.458239
2026-08-01,sobota,gdańsk,Spider-Man. Całkiem nowy dzień,Helios Gdańsk Metropolia,11:40,,,regular,2026-08-01T10:03:11.458239
2026-08-01,sobota,gdańsk,Spider-Man. Całkiem nowy dzień,Helios Gdańsk Metropolia,12:40,,,regular,2026-08-01T10:03:11.458239
2026-08-01,sobota,gdańsk,Spider-Man. Całkiem nowy dzień,Helios Gdańsk Metropolia,13:45,,,regular,2026-08-01T10:03:11.458239
2026-08-01,sobota,gdańsk,Spider-Man. Całkiem nowy dzień,Helios Gdańsk Metropolia,14:50,,,regular,2026-08-01T10:03:11.458239
2026-08-01,sobota,gdańsk,Spider-Man. Całkiem nowy dzień,Helios Gdańsk Metropolia,15:50,,,regular,2026-08-01T10:03:11.458239
2026-08-01,sobota,gdańsk,Spider-Man. Całkiem nowy dzień,Helios Gdańsk Metropolia,17:00,,,regular,2026-08-01T10:03:11.458239
2026-08-01,sobota,gdańsk,Spider-Man. Całkiem nowy dzień,Helios Gdańsk Metropolia,18:00,,,regular,2026-08-01T10:03:11.458239
2026-08-01,sobota,gdańsk,Spider-Man. Całkiem nowy dzień,Helios Gdańsk Metropolia,19:00,,,regular,2026-08-01T10:03:11.458239
2026-08-01,sobota,gdańsk,Spider-Man. Całkiem nowy dzień,Helios Gdańsk Metropolia,20:15,,,regular,2026-08-01T10:03:11.458239
2026-08-01,sobota,gdańsk,Spider-Man. Całkiem nowy dzień,Helios Gdańsk Metropolia,21:15,,,regular,2026-08-01T10:03:11.458239
2026-08-01,sobota,gdańsk,Spider-Man. Całkiem nowy dzień,Multikino Gdańsk,10:30,,,regular,2026-08-01T10:03:11.458239
2026-08-01,sobota,gdańsk,Spider-Man. Całkiem nowy dzień,Multikino Gdańsk,12:30,,,regular,2026-08-01T10:03:11.458239
2026-08-01,sobota,gdańsk,Spider-Man. Całkiem nowy dzień,Multikino Gdańsk,13:50,,,regular,2026-08-01T10:03:11.458239
2026-08-01,sobota,gdańsk,Spider-Man. Całkiem nowy dzień,Multikino Gdańsk,15:45,,,regular,2026-08-01T10:03:11.458239
2026-08-01,sobota,gdańsk,Spider-Man. Całkiem nowy dzień,Multikino Gdańsk,16:20,,,regular,2026-08-01T10:03:11.458239
2026-08-01,sobota,gdańsk,Spider-Man. Całkiem nowy dzień,Multikino Gdańsk,17:10,,,regular,2026-08-01T10:03:11.458239
2026-08-01,sobota,gdańsk,Spider-Man. Całkiem nowy dzień,Multikino Gdańsk,18:55,,,regular,2026-08-01T10:03:11.458239
2026-08-01,sobota,gdańsk,Spider-Man. Całkiem nowy dzień,Multikino Gdańsk,20:00,,,regular,2026-08-01T10:03:11.458239
2026-08-01,sobota,gdańsk,Spider-Man. Całkiem nowy dzień,Multikino Gdańsk,20:30,,,regular,2026-08-01T10:03:11.458239
2026-08-01,sobota,gdańsk,Spider-Man. Całkiem nowy dzień,Multikino Gdańsk,21:15,,,regular,2026-08-01T10:03:11.458239
2026-08-01,sobota,gdańsk,Spider-Man. Całkiem nowy dzień (dubbing),Cinema1 w Gdańsku,11:00,,dubbing,regular,2026-08-01T10:03:11.458239
2026-08-01,sobota,gdańsk,Spider-Man. Całkiem nowy dzień (dubbing),Cinema1 w Gdańsku,17:00,,dubbing,regular,2026-08-01T10:03:11.458239
2026-08-01,sobota,gdańsk,Spider-Man. Całkiem nowy dzień (dubbing),Multikino Gdańsk,10:00,,dubbing,regular,2026-08-01T10:03:11.458239
2026-08-01,sobota,gdańsk,Spider-Man. Całkiem nowy dzień (dubbing),Multikino Gdańsk,11:30,,dubbing,regular,2026-08-01T10:03:11.458239
2026-08-01,sobota,gdańsk,Spider-Man. Całkiem nowy dzień (dubbing),Multikino Gdańsk,13:10,,dubbing,regular,2026-08-01T10:03:11.458239
2026-08-01,sobota,gdańsk,Spider-Man. Całkiem nowy dzień (dubbing),Multikino Gdańsk,16:50,,dubbing,regular,2026-08-01T10:03:11.458239
2026-08-01,sobota,gdańsk,Spider-Man. Całkiem nowy dzień (dubbing),Multikino Gdańsk,18:10,,dubbing,regular,2026-08-01T10:03:11.458239
2026-08-01,sobota,gdańsk,Spider-Man. Całkiem nowy dzień (dubbing),Multikino Gdańsk,19:30,,dubbing,regular,2026-08-01T10:03:11.458239
2026-08-01,sobota,gdańsk,Spider-Man. Całkiem nowy dzień 3D (dubbing),Multikino Gdańsk,14:50,3D,dubbing,regular,2026-08-01T10:03:11.458239
2026-08-01,sobota,gdańsk,Toy Story 5 (dubbing),Cinema1 w Gdańsku,11:15,,dubbing,regular,2026-08-01T10:03:11.458239
2026-08-01,sobota,gdańsk,Toy Story 5 (dubbing),Cinema1 w Gdańsku,12:30,,dubbing,regular,2026-08-01T10:03:11.458239
2026-08-01,sobota,gdańsk,Toy Story 5 (dubbing),Cinema1 w Gdańsku,13:45,,dubbing,regular,2026-08-01T10:03:11.458239
2026-08-01,sobota,gdańsk,Toy Story 5 (dubbing),Cinema1 w Gdańsku,16:00,,dubbing,regular,2026-08-01T10:03:11.458239
2026-08-01,sobota,gdańsk,Toy Story 5 (dubbing),Helios Gdańsk Forum,10:10,,dubbing,regular,2026-08-01T10:03:11.458239
2026-08-01,sobota,gdańsk,Toy Story 5 (dubbing),Helios Gdańsk Forum,13:00,,dubbing,regular,2026-08-01T10:03:11.458239
2026-08-01,sobota,gdańsk,Toy Story 5 (dubbing),Helios Gdańsk Metropolia,10:10,,dubbing,regular,2026-08-01T10:03:11.458239
2026-08-01,sobota,gdańsk,Toy Story 5 (dubbing),Helios Gdańsk Metropolia,15:00,,dubbing,regular,2026-08-01T10:03:11.458239
2026-08-01,sobota,gdańsk,Toy Story 5 (dubbing),Multikino Gdańsk,10:00,,dubbing,regular,2026-08-01T10:03:11.458239
2026-08-01,sobota,gdańsk,Toy Story 5 (dubbing),Multikino Gdańsk,12:20,,dubbing,regular,2026-08-01T10:03:11.458239
2026-08-01,sobota,gdańsk,Toy Story 5 (dubbing),Multikino Gdańsk,15:05,,dubbing,regular,2026-08-01T10:03:11.458239
2026-08-01,sobota,gdańsk,Vaiana,Helios Gdańsk Forum,11:30,,,regular,2026-08-01T10:03:11.458239
2026-08-01,sobota,gdańsk,Vaiana,Helios Gdańsk Forum,18:00,,,regular,2026-08-01T10:03:11.458239
2026-08-01,sobota,gdańsk,Vaiana,Helios Gdańsk Metropolia,13:30,,,regular,2026-08-01T10:03:11.458239
2026-08-01,sobota,gdańsk,Vaiana (dubbing),Cinema1 w Gdańsku,11:15,,dubbing,regular,2026-08-01T10:03:11.458239
2026-08-01,sobota,gdańsk,Vaiana (dubbing),Multikino Gdańsk,10:15,,dubbing,regular,2026-08-01T10:03:11.458239
2026-08-01,sobota,gdańsk,Vaiana (wersja karaoke),Cinema1 w Gdańsku,14:00,,,regular,2026-08-01T10:03:11.458239
2026-08-01,sobota,gdańsk,Vaiana (wersja karaoke),Multikino Gdańsk,14:45,,,regular,2026-08-01T10:03:11.458239
2026-08-01,sobota,gdańsk,Wędrówka na północ,Kino Spektrum w Gdańsku,16:15,,,regular,2026-08-01T10:03:11.458239
2026-08-01,sobota,gdańsk,Willow i tajemniczy las (dubbing),Helios Gdańsk Metropolia,10:30,,dubbing,regular,2026-08-01T10:03:11.458239
2026-08-01,sobota,gdańsk,Wypadek fortepianowy,Kino Żak w Gdańsku,18:00,,,regular,2026-08-01T10:03:11.458239
2026-08-01,sobota,gdańsk,Zaproszenie,Cinema1 w Gdańsku,18:15,,,regular,2026-08-01T10:03:11.458239
2026-08-01,sobota,gdańsk,Zaproszenie,Cinema1 w Gdańsku,21:30,,,regular,2026-08-01T10:03:11.458239
2026-08-01,sobota,gdańsk,Zaproszenie,Helios Gdańsk Forum,19:00,,,regular,2026-08-01T10:03:11.458239
2026-08-01,sobota,gdańsk,Zaproszenie,Helios Gdańsk Metropolia,17:45,,,regular,2026-08-01T10:03:11.458239
2026-08-01,sobota,gdańsk,Zaproszenie,Kino Kameralne Cafe w Gdańsku,20:30,,,regular,2026-08-01T10:03:11.458239
2026-08-01,sobota,gdańsk,Zaproszenie,Multikino Gdańsk,21:30,,,regular,2026-08-01T10:03:11.458239
2026-08-01,sobota,gdańsk,Znaki Pana Śliwki,Kino Kameralne Cafe w Gdańsku,12:45,,,regular,2026-08-01T10:03:11.458239
2026-08-01,sobota,gdańsk,Людина-павук: Абсолютно новий день / Spider-Man. Całkiem nowy dzień (ukr.),Helios Gdańsk Forum,21:00,,,regular,2026-08-01T10:03:11.458239
2026-08-01,sobota,gdańsk,Людина-павук: Абсолютно новий день / Spider-Man. Całkiem nowy dzień (ukr.),Helios Gdańsk Metropolia,20:45,,,regular,2026-08-01T10:03:11.458239
2026-08-01,sobota,łódź,Backrooms. Bez wyjścia,Cinema City Łódź Manufaktura,16:40,,,regular,2026-08-01T10:03:15.373595
2026-08-01,sobota,łódź,Backrooms. Bez wyjścia,Cinema City Łódź Manufaktura,22:00,,,regular,2026-08-01T10:03:15.373595
2026-08-01,sobota,łódź,Backrooms. Bez wyjścia,Cinema City Łódź Manufaktura,22:10,,,regular,2026-08-01T10:03:15.373595
2026-08-01,sobota,łódź,Backrooms. Bez wyjścia,Helios Łódź,21:10,,,regular,2026-08-01T10:03:15.373595
2026-08-01,sobota,łódź,Backrooms. Bez wyjścia (wersja rozszerzona),Cinema City Łódź Manufaktura,19:10,,,regular,2026-08-01T10:03:15.373595
2026-08-01,sobota,łódź,Backrooms. Bez wyjścia (wersja rozszerzona),Multikino Silver Screen Łódź,21:15,,,regular,2026-08-01T10:03:15.373595
2026-08-01,sobota,łódź,Co do… kury?,Kino Charlie w Łodzi,20:30,,,regular,2026-08-01T10:03:15.373595
2026-08-01,sobota,łódź,Czytając Lolitę w Teheranie,Kino Charlie w Łodzi,18:05,,,regular,2026-08-01T10:03:15.373595
2026-08-01,sobota,łódź,Drugie życie,Kino Charlie w Łodzi,13:45,,,regular,2026-08-01T10:03:15.373595
2026-08-01,sobota,łódź,Dzień Objawienia,Cinema City Łódź Manufaktura,21:20,,,regular,2026-08-01T10:03:15.373595
2026-08-01,sobota,łódź,Ekipa zwierzaków,Helios Łódź,10:00,,,regular,2026-08-01T10:03:15.373595
2026-08-01,sobota,łódź,Ekipa zwierzaków,Helios Łódź,10:20,,,regular,2026-08-01T10:03:15.373595
2026-08-01,sobota,łódź,Ekipa zwierzaków,Helios Łódź,14:10,,,regular,2026-08-01T10:03:15.373595
2026-08-01,sobota,łódź,Ekipa zwierzaków,Kino Charlie w Łodzi,14:40,,,regular,2026-08-01T10:03:15.373595
2026-08-01,sobota,łódź,Ekipa zwierzaków (dubbing),Cinema City Łódź Manufaktura,11:00,,dubbing,regular,2026-08-01T10:03:15.373595
2026-08-01,sobota,łódź,Ekipa zwierzaków (dubbing),Cinema City Łódź Manufaktura,13:15,,dubbing,regular,2026-08-01T10:03:15.373595
2026-08-01,sobota,łódź,Ekipa zwierzaków (dubbing),Cinema City Łódź Manufaktura,15:30,,dubbing,regular,2026-08-01T10:03:15.373595
2026-08-01,sobota,łódź,Ekipa zwierzaków (dubbing),Multikino Silver Screen Łódź,10:20,,dubbing,regular,2026-08-01T10:03:15.373595
2026-08-01,sobota,łódź,Ekipa zwierzaków (dubbing),Multikino Silver Screen Łódź,12:35,,dubbing,regular,2026-08-01T10:03:15.373595
2026-08-01,sobota,łódź,Ekipa zwierzaków (dubbing),Multikino Silver Screen Łódź,17:00,,dubbing,regular,2026-08-01T10:03:15.373595
2026-08-01,sobota,łódź,Film o pszczołach,TME Polówka - Port Łódź,21:00,,,regular,2026-08-01T10:03:15.373595
2026-08-01,sobota,łódź,Gdzie jest Dory? (dubbing),Cinema City Łódź Manufaktura,13:30,,dubbing,regular,2026-08-01T10:03:15.373595
2026-08-01,sobota,łódź,Gdzie jest Nemo? 3D (dubbing),Cinema City Łódź Manufaktura,11:00,3D,dubbing,regular,2026-08-01T10:03:15.373595
2026-08-01,sobota,łódź,Generał,Kino Kinematograf w Muzeum Kinematografii w Łodzi,18:00,,,regular,2026-08-01T10:03:15.373595
2026-08-01,sobota,łódź,Ghost In the Shell,Cinema City Łódź Manufaktura,18:00,,,regular,2026-08-01T10:03:15.373595
2026-08-01,sobota,łódź,Ghost In the Shell,Kino Charlie w Łodzi,18:30,,,regular,2026-08-01T10:03:15.373595
2026-08-01,sobota,łódź,Góra mocy,Cinema City Łódź Manufaktura,12:40,,,regular,2026-08-01T10:03:15.373595
2026-08-01,sobota,łódź,Góra mocy,Kino Charlie w Łodzi,19:00,,,regular,2026-08-01T10:03:15.373595
2026-08-01,sobota,łódź,Góra mocy (dubbing),Cinema City Łódź Manufaktura,10:30,,dubbing,regular,2026-08-01T10:03:15.373595
2026-08-01,sobota,łódź,Jej piekło,Cinema City Łódź Manufaktura,19:45,,,regular,2026-08-01T10:03:15.373595
2026-08-01,sobota,łódź,Jej piekło,Cinema City Łódź Manufaktura,22:15,,,regular,2026-08-01T10:03:15.373595
2026-08-01,sobota,łódź,Jej piekło,Helios Łódź,16:15,,,regular,2026-08-01T10:03:15.373595
2026-08-01,sobota,łódź,Jej piekło,Kino Charlie w Łodzi,20:25,,,regular,2026-08-01T10:03:15.373595
2026-08-01,sobota,łódź,Jej piekło,Multikino Silver Screen Łódź,20:00,,,regular,2026-08-01T10:03:15.373595
2026-08-01,sobota,łódź,Kumotry,Kino Charlie w Łodzi,17:45,,,regular,2026-08-01T10:03:15.373595
2026-08-01,sobota,łódź,Martwe zło: Ogień,Cinema City Łódź Manufaktura,22:30,,,regular,2026-08-01T10:03:15.373595
2026-08-01,sobota,łódź,Martwe zło: Ogień,Helios Łódź,21:30,,,regular,2026-08-01T10:03:15.373595
2026-08-01,sobota,łódź,Milcząca przyjaciółka,Kino Charlie w Łodzi,15:00,,,regular,2026-08-01T10:03:15.373595
2026-08-01,sobota,łódź,Minionki i straszydła (dubbing),Cinema City Łódź Manufaktura,10:20,,dubbing,regular,2026-08-01T10:03:15.373595
2026-08-01,sobota,łódź,Minionki i straszydła (dubbing),Cinema City Łódź Manufaktura,11:20,,dubbing,regular,2026-08-01T10:03:15.373595
2026-08-01,sobota,łódź,Minionki i straszydła (dubbing),Cinema City Łódź Manufaktura,12:20,,dubbing,regular,2026-08-01T10:03:15.373595
2026-08-01,sobota,łódź,Minionki i straszydła (dubbing),Cinema City Łódź Manufaktura,13:30,,dubbing,regular,2026-08-01T10:03:15.373595
2026-08-01,sobota,łódź,Minionki i straszydła (dubbing),Cinema City Łódź Manufaktura,14:20,,dubbing,regular,2026-08-01T10:03:15.373595
2026-08-01,sobota,łódź,Minionki i straszydła (dubbing),Cinema City Łódź Manufaktura,15:40,,dubbing,regular,2026-08-01T10:03:15.373595
2026-08-01,sobota,łódź,Minionki i straszydła (dubbing),Helios Łódź,10:00,,dubbing,regular,2026-08-01T10:03:15.373595
2026-08-01,sobota,łódź,Minionki i straszydła (dubbing),Helios Łódź,10:50,,dubbing,regular,2026-08-01T10:03:15.373595
2026-08-01,sobota,łódź,Minionki i straszydła (dubbing),Helios Łódź,12:30,,dubbing,regular,2026-08-01T10:03:15.373595
2026-08-01,sobota,łódź,Minionki i straszydła (dubbing),Helios Łódź,14:40,,dubbing,regular,2026-08-01T10:03:15.373595
2026-08-01,sobota,łódź,Minionki i straszydła (dubbing),Helios Łódź,16:50,,dubbing,regular,2026-08-01T10:03:15.373595
2026-08-01,sobota,łódź,Minionki i straszydła (dubbing),Helios Łódź,18:45,,dubbing,regular,2026-08-01T10:03:15.373595
2026-08-01,sobota,łódź,Minionki i straszydła (dubbing),Multikino Silver Screen Łódź,10:20,,dubbing,regular,2026-08-01T10:03:15.373595
2026-08-01,sobota,łódź,Minionki i straszydła (dubbing),Multikino Silver Screen Łódź,13:25,,dubbing,regular,2026-08-01T10:03:15.373595
2026-08-01,sobota,łódź,Minionki i straszydła (dubbing),Multikino Silver Screen Łódź,15:35,,dubbing,regular,2026-08-01T10:03:15.373595
2026-08-01,sobota,łódź,Minionki i straszydła (dubbing),Multikino Silver Screen Łódź,17:45,,dubbing,regular,2026-08-01T10:03:15.373595
2026-08-01,sobota,łódź,Młody Waszyngton,Cinema City Łódź Manufaktura,18:30,,,regular,2026-08-01T10:03:15.373595
2026-08-01,sobota,łódź,Młody Waszyngton,Cinema City Łódź Manufaktura,21:20,,,regular,2026-08-01T10:03:15.373595
2026-08-01,sobota,łódź,Młody Waszyngton,Kino Charlie w Łodzi,14:00,,,regular,2026-08-01T10:03:15.373595
2026-08-01,sobota,łódź,Młody Waszyngton,Kino Charlie w Łodzi,16:15,,,regular,2026-08-01T10:03:15.373595
2026-08-01,sobota,łódź,Niesamowite przygody skarpetek 3. Ale kosmos!,Kino Charlie w Łodzi,14:45,,,regular,2026-08-01T10:03:15.373595
2026-08-01,sobota,łódź,O czym sobie nie mówimy,Kino Charlie w Łodzi,18:05,,,regular,2026-08-01T10:03:15.373595
2026-08-01,sobota,łódź,O czym sobie nie mówimy,Kino Charlie w Łodzi,20:05,,,regular,2026-08-01T10:03:15.373595
2026-08-01,sobota,łódź,Obsesja,Cinema City Łódź Manufaktura,21:10,,,regular,2026-08-01T10:03:15.373595
2026-08-01,sobota,łódź,Obsesja,Helios Łódź,20:45,,,regular,2026-08-01T10:03:15.373595
2026-08-01,sobota,łódź,Obsesja,Multikino Silver Screen Łódź,17:25,,,regular,2026-08-01T10:03:15.373595
2026-08-01,sobota,łódź,Odyseja,Cinema City Łódź Manufaktura,10:15,,,regular,2026-08-01T10:03:15.373595
2026-08-01,sobota,łódź,Odyseja,Cinema City Łódź Manufaktura,12:20,,,regular,2026-08-01T10:03:15.373595
2026-08-01,sobota,łódź,Odyseja,Cinema City Łódź Manufaktura,14:00,,,regular,2026-08-01T10:03:15.373595
2026-08-01,sobota,łódź,Odyseja,Cinema City Łódź Manufaktura,16:00,,,regular,2026-08-01T10:03:15.373595
2026-08-01,sobota,łódź,Odyseja,Cinema City Łódź Manufaktura,17:45,,,regular,2026-08-01T10:03:15.373595
2026-08-01,sobota,łódź,Odyseja,Cinema City Łódź Manufaktura,19:10,,,regular,2026-08-01T10:03:15.373595
2026-08-01,sobota,łódź,Odyseja,Cinema City Łódź Manufaktura,21:30,,,regular,2026-08-01T10:03:15.373595
2026-08-01,sobota,łódź,Odyseja,Cinema City Łódź Manufaktura IMAX,10:30,,,regular,2026-08-01T10:03:15.373595
2026-08-01,sobota,łódź,Odyseja,Cinema City Łódź Manufaktura IMAX,14:15,,,regular,2026-08-01T10:03:15.373595
2026-08-01,sobota,łódź,Odyseja,Cinema City Łódź Manufaktura IMAX,18:00,,,regular,2026-08-01T10:03:15.373595
2026-08-01,sobota,łódź,Odyseja,Cinema City Łódź Manufaktura IMAX,21:45,,,regular,2026-08-01T10:03:15.373595
2026-08-01,sobota,łódź,Odyseja,Helios Łódź,10:20,,,regular,2026-08-01T10:03:15.373595
2026-08-01,sobota,łódź,Odyseja,Helios Łódź,12:10,,,regular,2026-08-01T10:03:15.373595
2026-08-01,sobota,łódź,Odyseja,Helios Łódź,14:00,,,regular,2026-08-01T10:03:15.373595
2026-08-01,sobota,łódź,Odyseja,Helios Łódź,15:45,,,regular,2026-08-01T10:03:15.373595
2026-08-01,sobota,łódź,Odyseja,Helios Łódź,17:40,,,regular,2026-08-01T10:03:15.373595
2026-08-01,sobota,łódź,Odyseja,Helios Łódź,19:30,,,regular,2026-08-01T10:03:15.373595
2026-08-01,sobota,łódź,Odyseja,Helios Łódź,21:20,,,regular,2026-08-01T10:03:15.373595
2026-08-01,sobota,łódź,Odyseja,Kino Charlie w Łodzi,13:45,,,regular,2026-08-01T10:03:15.373595
2026-08-01,sobota,łódź,Odyseja,Kino Charlie w Łodzi,17:00,,,regular,2026-08-01T10:03:15.373595
2026-08-01,sobota,łódź,Odyseja,Kino Charlie w Łodzi,20:20,,,regular,2026-08-01T10:03:15.373595
2026-08-01,sobota,łódź,Odyseja,Multikino Silver Screen Łódź,11:35,,,regular,2026-08-01T10:03:15.373595
2026-08-01,sobota,łódź,Odyseja,Multikino Silver Screen Łódź,13:25,,,regular,2026-08-01T10:03:15.373595
2026-08-01,sobota,łódź,Odyseja,Multikino Silver Screen Łódź,15:20,,,regular,2026-08-01T10:03:15.373595
2026-08-01,sobota,łódź,Odyseja,Multikino Silver Screen Łódź,17:35,,,regular,2026-08-01T10:03:15.373595
2026-08-01,sobota,łódź,Odyseja,Multikino Silver Screen Łódź,20:00,,,regular,2026-08-01T10:03:15.373595
2026-08-01,sobota,łódź,Odyseja / Одіссея (ukr.),Cinema City Łódź Manufaktura,17:00,,,regular,2026-08-01T10:03:15.373595
2026-08-01,sobota,łódź,Odyseja / Одіссея (ukr.),Cinema City Łódź Manufaktura,20:40,,,regular,2026-08-01T10:03:15.373595
2026-08-01,sobota,łódź,Odyseja / Одіссея (ukr.),Multikino Silver Screen Łódź,19:10,,,regular,2026-08-01T10:03:15.373595
2026-08-01,sobota,łódź,Ojczyzna,Kino Charlie w Łodzi,16:30,,,regular,2026-08-01T10:03:15.373595
2026-08-01,sobota,łódź,Ojczyzna,Kino Charlie w Łodzi,18:20,,,regular,2026-08-01T10:03:15.373595
2026-08-01,sobota,łódź,Ojczyzna,Kino Charlie w Łodzi,20:05,,,regular,2026-08-01T10:03:15.373595
2026-08-01,sobota,łódź,Ostatni konsjerż,Cinema City Łódź Manufaktura,20:00,,,regular,2026-08-01T10:03:15.373595
2026-08-01,sobota,łódź,Ostatni konsjerż,Kino Charlie w Łodzi,18:30,,,regular,2026-08-01T10:03:15.373595
2026-08-01,sobota,łódź,Ostatni konsjerż,Kino Charlie w Łodzi,20:15,,,regular,2026-08-01T10:03:15.373595
2026-08-01,sobota,łódź,Ostatnia sesja w Paryżu,Kino Charlie w Łodzi,16:00,,,regular,2026-08-01T10:03:15.373595
2026-08-01,sobota,łódź,Ostatnia sesja w Paryżu,Kino Tatry w Łodzi,18:00,,,regular,2026-08-01T10:03:15.373595
2026-08-01,sobota,łódź,Pucio,Multikino Silver Screen Łódź,10:15,,,regular,2026-08-01T10:03:15.373595
2026-08-01,sobota,łódź,Requiem dla snu,Cinema City Łódź Manufaktura,21:00,,,regular,2026-08-01T10:03:15.373595
2026-08-01,sobota,łódź,Sny o słoniach,Kino Kinematograf w Muzeum Kinematografii w Łodzi,19:30,,,regular,2026-08-01T10:03:15.373595
2026-08-01,sobota,łódź,Spider-Man. Całkiem nowy dzień,Cinema City Łódź Manufaktura,10:30,,,regular,2026-08-01T10:03:15.373595
2026-08-01,sobota,łódź,Spider-Man. Całkiem nowy dzień,Cinema City Łódź Manufaktura,11:20,,,regular,2026-08-01T10:03:15.373595
2026-08-01,sobota,łódź,Spider-Man. Całkiem nowy dzień,Cinema City Łódź Manufaktura,13:40,,,regular,2026-08-01T10:03:15.373595
2026-08-01,sobota,łódź,Spider-Man. Całkiem nowy dzień,Cinema City Łódź Manufaktura,14:30,,,regular,2026-08-01T10:03:15.373595
2026-08-01,sobota,łódź,Spider-Man. Całkiem nowy dzień,Cinema City Łódź Manufaktura,16:50,,,regular,2026-08-01T10:03:15.373595
2026-08-01,sobota,łódź,Spider-Man. Całkiem nowy dzień,Cinema City Łódź Manufaktura,17:40,,,regular,2026-08-01T10:03:15.373595
2026-08-01,sobota,łódź,Spider-Man. Całkiem nowy dzień,Cinema City Łódź Manufaktura,20:00,,,regular,2026-08-01T10:03:15.373595
2026-08-01,sobota,łódź,Spider-Man. Całkiem nowy dzień,Cinema City Łódź Manufaktura,21:40,,,regular,2026-08-01T10:03:15.373595
2026-08-01,sobota,łódź,Spider-Man. Całkiem nowy dzień,Helios Łódź,10:30,,,regular,2026-08-01T10:03:15.373595
2026-08-01,sobota,łódź,Spider-Man. Całkiem nowy dzień,Helios Łódź,11:20,,,regular,2026-08-01T10:03:15.373595
2026-08-01,sobota,łódź,Spider-Man. Całkiem nowy dzień,Helios Łódź,11:50,,,regular,2026-08-01T10:03:15.373595
2026-08-01,sobota,łódź,Spider-Man. Całkiem nowy dzień,Helios Łódź,12:45,,,regular,2026-08-01T10:03:15.373595
2026-08-01,sobota,łódź,Spider-Man. Całkiem nowy dzień,Helios Łódź,13:45,,,regular,2026-08-01T10:03:15.373595
2026-08-01,sobota,łódź,Spider-Man. Całkiem nowy dzień,Helios Łódź,14:30,,,regular,2026-08-01T10:03:15.373595
2026-08-01,sobota,łódź,Spider-Man. Całkiem nowy dzień,Helios Łódź,15:10,,,regular,2026-08-01T10:03:15.373595
2026-08-01,sobota,łódź,Spider-Man. Całkiem nowy dzień,Helios Łódź,16:00,,,regular,2026-08-01T10:03:15.373595
2026-08-01,sobota,łódź,Spider-Man. Całkiem nowy dzień,Helios Łódź,17:00,,,regular,2026-08-01T10:03:15.373595
2026-08-01,sobota,łódź,Spider-Man. Całkiem nowy dzień,Helios Łódź,17:50,,,regular,2026-08-01T10:03:15.373595
2026-08-01,sobota,łódź,Spider-Man. Całkiem nowy dzień,Helios Łódź,18:30,,,regular,2026-08-01T10:03:15.373595
2026-08-01,sobota,łódź,Spider-Man. Całkiem nowy dzień,Helios Łódź,19:15,,,regular,2026-08-01T10:03:15.373595
2026-08-01,sobota,łódź,Spider-Man. Całkiem nowy dzień,Helios Łódź,20:15,,,regular,2026-08-01T10:03:15.373595
2026-08-01,sobota,łódź,Spider-Man. Całkiem nowy dzień,Helios Łódź,21:00,,,regular,2026-08-01T10:03:15.373595
2026-08-01,sobota,łódź,Spider-Man. Całkiem nowy dzień,Helios Łódź,21:45,,,regular,2026-08-01T10:03:15.373595
2026-08-01,sobota,łódź,Spider-Man. Całkiem nowy dzień,Multikino Silver Screen Łódź,10:00,,,regular,2026-08-01T10:03:15.373595
2026-08-01,sobota,łódź,Spider-Man. Całkiem nowy dzień,Multikino Silver Screen Łódź,12:30,,,regular,2026-08-01T10:03:15.373595
2026-08-01,sobota,łódź,Spider-Man. Całkiem nowy dzień,Multikino Silver Screen Łódź,13:50,,,regular,2026-08-01T10:03:15.373595
2026-08-01,sobota,łódź,Spider-Man. Całkiem nowy dzień,Multikino Silver Screen Łódź,15:50,,,regular,2026-08-01T10:03:15.373595
2026-08-01,sobota,łódź,Spider-Man. Całkiem nowy dzień,Multikino Silver Screen Łódź,17:10,,,regular,2026-08-01T10:03:15.373595
2026-08-01,sobota,łódź,Spider-Man. Całkiem nowy dzień,Multikino Silver Screen Łódź,19:10,,,regular,2026-08-01T10:03:15.373595
2026-08-01,sobota,łódź,Spider-Man. Całkiem nowy dzień,Multikino Silver Screen Łódź,20:30,,,regular,2026-08-01T10:03:15.373595
2026-08-01,sobota,łódź,Spider-Man. Całkiem nowy dzień,Multikino Silver Screen Łódź,21:20,,,regular,2026-08-01T10:03:15.373595
2026-08-01,sobota,łódź,Spider-Man. Całkiem nowy dzień (dubbing),Cinema City Łódź Manufaktura,12:10,,dubbing,regular,2026-08-01T10:03:15.373595
2026-08-01,sobota,łódź,Spider-Man. Całkiem nowy dzień (dubbing),Cinema City Łódź Manufaktura,15:20,,dubbing,regular,2026-08-01T10:03:15.373595
2026-08-01,sobota,łódź,Spider-Man. Całkiem nowy dzień (dubbing),Cinema City Łódź Manufaktura,18:30,,dubbing,regular,2026-08-01T10:03:15.373595
2026-08-01,sobota,łódź,Spider-Man. Całkiem nowy dzień (dubbing),Multikino Silver Screen Łódź,10:30,,dubbing,regular,2026-08-01T10:03:15.373595
2026-08-01,sobota,łódź,Spider-Man. Całkiem nowy dzień (dubbing),Multikino Silver Screen Łódź,13:15,,dubbing,regular,2026-08-01T10:03:15.373595
2026-08-01,sobota,łódź,Spider-Man. Całkiem nowy dzień (dubbing),Multikino Silver Screen Łódź,14:50,,dubbing,regular,2026-08-01T10:03:15.373595
2026-08-01,sobota,łódź,Spider-Man. Całkiem nowy dzień (dubbing),Multikino Silver Screen Łódź,16:30,,dubbing,regular,2026-08-01T10:03:15.373595
2026-08-01,sobota,łódź,Spider-Man. Całkiem nowy dzień (dubbing),Multikino Silver Screen Łódź,18:10,,dubbing,regular,2026-08-01T10:03:15.373595
2026-08-01,sobota,łódź,Spider-Man. Całkiem nowy dzień (dubbing),Multikino Silver Screen Łódź,19:45,,dubbing,regular,2026-08-01T10:03:15.373595
2026-08-01,sobota,łódź,Spider-Man. Całkiem nowy dzień 3D,Cinema City Łódź Manufaktura,14:10,3D,,regular,2026-08-01T10:03:15.373595
2026-08-01,sobota,łódź,Spider-Man. Całkiem nowy dzień 3D,Cinema City Łódź Manufaktura,18:00,3D,,regular,2026-08-01T10:03:15.373595
2026-08-01,sobota,łódź,Spider-Man. Całkiem nowy dzień 3D,Cinema City Łódź Manufaktura,20:30,3D,,regular,2026-08-01T10:03:15.373595
2026-08-01,sobota,łódź,Spider-Man. Całkiem nowy dzień 3D (dubbing),Cinema City Łódź Manufaktura,11:00,3D,dubbing,regular,2026-08-01T10:03:15.373595
2026-08-01,sobota,łódź,Spider-Man. Całkiem nowy dzień 3D (dubbing),Cinema City Łódź Manufaktura,14:50,3D,dubbing,regular,2026-08-01T10:03:15.373595
2026-08-01,sobota,łódź,Spider-Man. Całkiem nowy dzień 3D (dubbing),Cinema City Łódź Manufaktura,17:20,3D,dubbing,regular,2026-08-01T10:03:15.373595
2026-08-01,sobota,łódź,Spider-Man. Całkiem nowy dzień 3D (dubbing),Multikino Silver Screen Łódź,11:30,3D,dubbing,regular,2026-08-01T10:03:15.373595
2026-08-01,sobota,łódź,Takie jest życie,Kino Charlie w Łodzi,16:05,,,regular,2026-08-01T10:03:15.373595
2026-08-01,sobota,łódź,Toy Story 5 (dubbing),Cinema City Łódź Manufaktura,10:00,,dubbing,regular,2026-08-01T10:03:15.373595
2026-08-01,sobota,łódź,Toy Story 5 (dubbing),Cinema City Łódź Manufaktura,12:20,,dubbing,regular,2026-08-01T10:03:15.373595
2026-08-01,sobota,łódź,Toy Story 5 (dubbing),Cinema City Łódź Manufaktura,14:40,,dubbing,regular,2026-08-01T10:03:15.373595
2026-08-01,sobota,łódź,Toy Story 5 (dubbing),Helios Łódź,10:10,,dubbing,regular,2026-08-01T10:03:15.373595
2026-08-01,sobota,łódź,Toy Story 5 (dubbing),Helios Łódź,13:00,,dubbing,regular,2026-08-01T10:03:15.373595
2026-08-01,sobota,łódź,Toy Story 5 (dubbing),Multikino Silver Screen Łódź,10:30,,dubbing,regular,2026-08-01T10:03:15.373595
2026-08-01,sobota,łódź,Toy Story 5 (dubbing),Multikino Silver Screen Łódź,12:30,,dubbing,regular,2026-08-01T10:03:15.373595
2026-08-01,sobota,łódź,Toy Story 5 (dubbing),Multikino Silver Screen Łódź,14:55,,dubbing,regular,2026-08-01T10:03:15.373595
2026-08-01,sobota,łódź,Toy Story 5 (dubbing),Multikino Silver Screen Łódź,17:20,,dubbing,regular,2026-08-01T10:03:15.373595
2026-08-01,sobota,łódź,Vaiana,Helios Łódź,11:30,,,regular,2026-08-01T10:03:15.373595
2026-08-01,sobota,łódź,Vaiana,Helios Łódź,15:20,,,regular,2026-08-01T10:03:15.373595
2026-08-01,sobota,łódź,Vaiana,Helios Łódź,18:00,,,regular,2026-08-01T10:03:15.373595
2026-08-01,sobota,łódź,Vaiana (dubbing),Cinema City Łódź Manufaktura,10:30,,dubbing,regular,2026-08-01T10:03:15.373595
2026-08-01,sobota,łódź,Vaiana (dubbing),Cinema City Łódź Manufaktura,13:10,,dubbing,regular,2026-08-01T10:03:15.373595
2026-08-01,sobota,łódź,Vaiana (dubbing),Cinema City Łódź Manufaktura,15:50,,dubbing,regular,2026-08-01T10:03:15.373595
2026-08-01,sobota,łódź,Vaiana (dubbing),Cinema City Łódź Manufaktura,18:30,,dubbing,regular,2026-08-01T10:03:15.373595
2026-08-01,sobota,łódź,Vaiana (dubbing),Multikino Silver Screen Łódź,10:00,,dubbing,regular,2026-08-01T10:03:15.373595
2026-08-01,sobota,łódź,Vaiana (dubbing),Multikino Silver Screen Łódź,14:40,,dubbing,regular,2026-08-01T10:03:15.373595
2026-08-01,sobota,łódź,Vaiana (wersja karaoke),Multikino Silver Screen Łódź,11:45,,,regular,2026-08-01T10:03:15.373595
2026-08-01,sobota,łódź,WALL-E (dubbing),Cinema City Łódź Manufaktura,15:50,,dubbing,regular,2026-08-01T10:03:15.373595
2026-08-01,sobota,łódź,Wędrówka na północ,Kino Charlie w Łodzi,17:50,,,regular,2026-08-01T10:03:15.373595
2026-08-01,sobota,łódź,Wielki Łuk,Kino Charlie w Łodzi,15:45,,,regular,2026-08-01T10:03:15.373595
2026-08-01,sobota,łódź,Zaproszenie,Cinema City Łódź Manufaktura,17:30,,,regular,2026-08-01T10:03:15.373595
2026-08-01,sobota,łódź,Zaproszenie,Cinema City Łódź Manufaktura,20:00,,,regular,2026-08-01T10:03:15.373595
2026-08-01,sobota,łódź,Zaproszenie,Helios Łódź,19:00,,,regular,2026-08-01T10:03:15.373595
2026-08-01,sobota,łódź,Zaproszenie,Kino Charlie w Łodzi,13:40,,,regular,2026-08-01T10:03:15.373595
2026-08-01,sobota,łódź,Zaproszenie,Kino Charlie w Łodzi,15:55,,,regular,2026-08-01T10:03:15.373595
2026-08-01,sobota,łódź,Zaproszenie,Kino Charlie w Łodzi,20:25,,,regular,2026-08-01T10:03:15.373595
2026-08-01,sobota,łódź,Znaki Pana Śliwki,Kino Charlie w Łodzi,14:45,,,regular,2026-08-01T10:03:15.373595
2026-08-01,sobota,łódź,Zniknięcie,Kino Tatry w Łodzi,19:45,,,regular,2026-08-01T10:03:15.373595
2026-08-01,sobota,łódź,Людина-павук: Абсолютно новий день / Spider-Man. Całkiem nowy dzień (ukr.),Cinema City Łódź Manufaktura,10:00,,,regular,2026-08-01T10:03:15.373595
2026-08-01,sobota,łódź,Людина-павук: Абсолютно новий день / Spider-Man. Całkiem nowy dzień (ukr.),Cinema City Łódź Manufaktura,13:00,,,regular,2026-08-01T10:03:15.373595
2026-08-01,sobota,łódź,Людина-павук: Абсолютно новий день / Spider-Man. Całkiem nowy dzień (ukr.),Cinema City Łódź Manufaktura,16:00,,,regular,2026-08-01T10:03:15.373595
2026-08-01,sobota,łódź,Людина-павук: Абсолютно новий день / Spider-Man. Całkiem nowy dzień (ukr.),Multikino Silver Screen Łódź,10:15,,,regular,2026-08-01T10:03:15.373595
2026-08-01,sobota,łódź,Людина-павук: Абсолютно новий день / Spider-Man. Całkiem nowy dzień (ukr.),Multikino Silver Screen Łódź,14:25,,,regular,2026-08-01T10:03:15.373595
2026-08-01,sobota,łódź,Людина-павук: Абсолютно новий день / Spider-Man. Całkiem nowy dzień (ukr.),Multikino Silver Screen Łódź,19:50,,,regular,2026-08-01T10:03:15.373595
2026-08-01,sobota,szczecin,Backrooms. Bez wyjścia,Helios Szczecin Outlet Park,19:00,,,regular,2026-08-01T10:03:18.792105
2026-08-01,sobota,szczecin,Backrooms. Bez wyjścia (wersja rozszerzona),Multikino Szczecin,20:40,,,regular,2026-08-01T10:03:18.792105
2026-08-01,sobota,szczecin,Ekipa zwierzaków,Helios Szczecin CHR Kupiec,12:30,,,regular,2026-08-01T10:03:18.792105
2026-08-01,sobota,szczecin,Ekipa zwierzaków,Helios Szczecin Outlet Park,15:00,,,regular,2026-08-01T10:03:18.792105
2026-08-01,sobota,szczecin,Ekipa zwierzaków (dubbing),Multikino Szczecin,10:10,,dubbing,regular,2026-08-01T10:03:18.792105
2026-08-01,sobota,szczecin,Ekipa zwierzaków (dubbing),Multikino Szczecin,12:30,,dubbing,regular,2026-08-01T10:03:18.792105
2026-08-01,sobota,szczecin,Ekipa zwierzaków (dubbing),Multikino Szczecin,14:40,,dubbing,regular,2026-08-01T10:03:18.792105
2026-08-01,sobota,szczecin,Ekipa zwierzaków (dubbing),Multikino Szczecin,16:45,,dubbing,regular,2026-08-01T10:03:18.792105
2026-08-01,sobota,szczecin,Generał,Kino Pionier 1907 w Szczecinie,19:15,,,regular,2026-08-01T10:03:18.792105
2026-08-01,sobota,szczecin,Jej piekło,Multikino Szczecin,20:00,,,regular,2026-08-01T10:03:18.792105
2026-08-01,sobota,szczecin,"Kopnęłabym cię, gdybym mogła",Kino Pionier 1907 w Szczecinie,19:00,,,regular,2026-08-01T10:03:18.792105
2026-08-01,sobota,szczecin,Martwe zło: Ogień,Multikino Szczecin,21:50,,,regular,2026-08-01T10:03:18.792105
2026-08-01,sobota,szczecin,Minionki i straszydła (dubbing),Helios Szczecin CHR Kupiec,10:15,,dubbing,regular,2026-08-01T10:03:18.792105
2026-08-01,sobota,szczecin,Minionki i straszydła (dubbing),Helios Szczecin CHR Kupiec,14:45,,dubbing,regular,2026-08-01T10:03:18.792105
2026-08-01,sobota,szczecin,Minionki i straszydła (dubbing),Helios Szczecin CHR Kupiec,17:00,,dubbing,regular,2026-08-01T10:03:18.792105
2026-08-01,sobota,szczecin,Minionki i straszydła (dubbing),Helios Szczecin Outlet Park,10:40,,dubbing,regular,2026-08-01T10:03:18.792105
2026-08-01,sobota,szczecin,Minionki i straszydła (dubbing),Helios Szczecin Outlet Park,12:20,,dubbing,regular,2026-08-01T10:03:18.792105
2026-08-01,sobota,szczecin,Minionki i straszydła (dubbing),Helios Szczecin Outlet Park,13:20,,dubbing,regular,2026-08-01T10:03:18.792105
2026-08-01,sobota,szczecin,Minionki i straszydła (dubbing),Helios Szczecin Outlet Park,14:30,,dubbing,regular,2026-08-01T10:03:18.792105
2026-08-01,sobota,szczecin,Minionki i straszydła (dubbing),Helios Szczecin Outlet Park,16:45,,dubbing,regular,2026-08-01T10:03:18.792105
2026-08-01,sobota,szczecin,Minionki i straszydła (dubbing),Helios Szczecin Outlet Park,18:45,,dubbing,regular,2026-08-01T10:03:18.792105
2026-08-01,sobota,szczecin,Minionki i straszydła (dubbing),Multikino Szczecin,11:00,,dubbing,regular,2026-08-01T10:03:18.792105
2026-08-01,sobota,szczecin,Minionki i straszydła (dubbing),Multikino Szczecin,13:10,,dubbing,regular,2026-08-01T10:03:18.792105
2026-08-01,sobota,szczecin,Minionki i straszydła (dubbing),Multikino Szczecin,15:30,,dubbing,regular,2026-08-01T10:03:18.792105
2026-08-01,sobota,szczecin,Minionki i straszydła (dubbing),Multikino Szczecin,17:50,,dubbing,regular,2026-08-01T10:03:18.792105
2026-08-01,sobota,szczecin,O czym sobie nie mówimy,Kino Pionier 1907 w Szczecinie,16:45,,,regular,2026-08-01T10:03:18.792105
2026-08-01,sobota,szczecin,Obsesja,Helios Szczecin Outlet Park,21:30,,,regular,2026-08-01T10:03:18.792105
2026-08-01,sobota,szczecin,Obsesja,Multikino Szczecin,18:50,,,regular,2026-08-01T10:03:18.792105
2026-08-01,sobota,szczecin,Odyseja,Helios Szczecin CHR Kupiec,11:40,,,regular,2026-08-01T10:03:18.792105
2026-08-01,sobota,szczecin,Odyseja,Helios Szczecin CHR Kupiec,19:15,,,regular,2026-08-01T10:03:18.792105
2026-08-01,sobota,szczecin,Odyseja,Helios Szczecin CHR Kupiec,20:30,,,regular,2026-08-01T10:03:18.792105
2026-08-01,sobota,szczecin,Odyseja,Helios Szczecin Outlet Park,10:20,,,regular,2026-08-01T10:03:18.792105
2026-08-01,sobota,szczecin,Odyseja,Helios Szczecin Outlet Park,11:20,,,regular,2026-08-01T10:03:18.792105
2026-08-01,sobota,szczecin,Odyseja,Helios Szczecin Outlet Park,14:00,,,regular,2026-08-01T10:03:18.792105
2026-08-01,sobota,szczecin,Odyseja,Helios Szczecin Outlet Park,17:15,,,regular,2026-08-01T10:03:18.792105
2026-08-01,sobota,szczecin,Odyseja,Helios Szczecin Outlet Park,17:40,,,regular,2026-08-01T10:03:18.792105
2026-08-01,sobota,szczecin,Odyseja,Helios Szczecin Outlet Park,20:50,,,regular,2026-08-01T10:03:18.792105
2026-08-01,sobota,szczecin,Odyseja,Helios Szczecin Outlet Park,21:20,,,regular,2026-08-01T10:03:18.792105
2026-08-01,sobota,szczecin,Odyseja,Multikino Szczecin,11:40,,,regular,2026-08-01T10:03:18.792105
2026-08-01,sobota,szczecin,Odyseja,Multikino Szczecin,13:40,,,regular,2026-08-01T10:03:18.792105
2026-08-01,sobota,szczecin,Odyseja,Multikino Szczecin,15:20,,,regular,2026-08-01T10:03:18.792105
2026-08-01,sobota,szczecin,Odyseja,Multikino Szczecin,16:20,,,regular,2026-08-01T10:03:18.792105
2026-08-01,sobota,szczecin,Odyseja,Multikino Szczecin,17:20,,,regular,2026-08-01T10:03:18.792105
2026-08-01,sobota,szczecin,Odyseja,Multikino Szczecin,20:00,,,regular,2026-08-01T10:03:18.792105
2026-08-01,sobota,szczecin,Odyseja,Multikino Szczecin,21:00,,,regular,2026-08-01T10:03:18.792105
2026-08-01,sobota,szczecin,Ostatni konsjerż,Kino Pionier 1907 w Szczecinie,17:15,,,regular,2026-08-01T10:03:18.792105
2026-08-01,sobota,szczecin,Pucio,Multikino Szczecin,10:10,,,regular,2026-08-01T10:03:18.792105
2026-08-01,sobota,szczecin,Pucio,Multikino Szczecin,12:15,,,regular,2026-08-01T10:03:18.792105
2026-08-01,sobota,szczecin,Spider-Man. Całkiem nowy dzień,Helios Szczecin CHR Kupiec,11:15,,,regular,2026-08-01T10:03:18.792105
2026-08-01,sobota,szczecin,Spider-Man. Całkiem nowy dzień,Helios Szczecin CHR Kupiec,13:20,,,regular,2026-08-01T10:03:18.792105
2026-08-01,sobota,szczecin,Spider-Man. Całkiem nowy dzień,Helios Szczecin CHR Kupiec,14:20,,,regular,2026-08-01T10:03:18.792105
2026-08-01,sobota,szczecin,Spider-Man. Całkiem nowy dzień,Helios Szczecin CHR Kupiec,16:30,,,regular,2026-08-01T10:03:18.792105
2026-08-01,sobota,szczecin,Spider-Man. Całkiem nowy dzień,Helios Szczecin CHR Kupiec,17:30,,,regular,2026-08-01T10:03:18.792105
2026-08-01,sobota,szczecin,Spider-Man. Całkiem nowy dzień,Helios Szczecin CHR Kupiec,19:45,,,regular,2026-08-01T10:03:18.792105
2026-08-01,sobota,szczecin,Spider-Man. Całkiem nowy dzień,Helios Szczecin CHR Kupiec,20:45,,,regular,2026-08-01T10:03:18.792105
2026-08-01,sobota,szczecin,Spider-Man. Całkiem nowy dzień,Helios Szczecin Outlet Park,10:10,,,regular,2026-08-01T10:03:18.792105
2026-08-01,sobota,szczecin,Spider-Man. Całkiem nowy dzień,Helios Szczecin Outlet Park,10:30,,,regular,2026-08-01T10:03:18.792105
2026-08-01,sobota,szczecin,Spider-Man. Całkiem nowy dzień,Helios Szczecin Outlet Park,12:50,,,regular,2026-08-01T10:03:18.792105
2026-08-01,sobota,szczecin,Spider-Man. Całkiem nowy dzień,Helios Szczecin Outlet Park,13:45,,,regular,2026-08-01T10:03:18.792105
2026-08-01,sobota,szczecin,Spider-Man. Całkiem nowy dzień,Helios Szczecin Outlet Park,16:20,,,regular,2026-08-01T10:03:18.792105
2026-08-01,sobota,szczecin,Spider-Man. Całkiem nowy dzień,Helios Szczecin Outlet Park,17:00,,,regular,2026-08-01T10:03:18.792105
2026-08-01,sobota,szczecin,Spider-Man. Całkiem nowy dzień,Helios Szczecin Outlet Park,18:15,,,regular,2026-08-01T10:03:18.792105
2026-08-01,sobota,szczecin,Spider-Man. Całkiem nowy dzień,Helios Szczecin Outlet Park,19:30,,,regular,2026-08-01T10:03:18.792105
2026-08-01,sobota,szczecin,Spider-Man. Całkiem nowy dzień,Helios Szczecin Outlet Park,20:15,,,regular,2026-08-01T10:03:18.792105
2026-08-01,sobota,szczecin,Spider-Man. Całkiem nowy dzień,Helios Szczecin Outlet Park,21:00,,,regular,2026-08-01T10:03:18.792105
2026-08-01,sobota,szczecin,Spider-Man. Całkiem nowy dzień,Helios Szczecin Outlet Park,21:30,,,regular,2026-08-01T10:03:18.792105
2026-08-01,sobota,szczecin,Spider-Man. Całkiem nowy dzień,Multikino Szczecin,10:00,,,regular,2026-08-01T10:03:18.792105
2026-08-01,sobota,szczecin,Spider-Man. Całkiem nowy dzień,Multikino Szczecin,13:30,,,regular,2026-08-01T10:03:18.792105
2026-08-01,sobota,szczecin,Spider-Man. Całkiem nowy dzień,Multikino Szczecin,16:40,,,regular,2026-08-01T10:03:18.792105
2026-08-01,sobota,szczecin,Spider-Man. Całkiem nowy dzień,Multikino Szczecin,18:40,,,regular,2026-08-01T10:03:18.792105
2026-08-01,sobota,szczecin,Spider-Man. Całkiem nowy dzień,Multikino Szczecin,20:30,,,regular,2026-08-01T10:03:18.792105
2026-08-01,sobota,szczecin,Spider-Man. Całkiem nowy dzień,Multikino Szczecin,21:30,,,regular,2026-08-01T10:03:18.792105
2026-08-01,sobota,szczecin,Spider-Man. Całkiem nowy dzień (dubbing),Multikino Szczecin,10:30,,dubbing,regular,2026-08-01T10:03:18.792105
2026-08-01,sobota,szczecin,Spider-Man. Całkiem nowy dzień (dubbing),Multikino Szczecin,11:30,,dubbing,regular,2026-08-01T10:03:18.792105
2026-08-01,sobota,szczecin,Spider-Man. Całkiem nowy dzień (dubbing),Multikino Szczecin,14:50,,dubbing,regular,2026-08-01T10:03:18.792105
2026-08-01,sobota,szczecin,Spider-Man. Całkiem nowy dzień (dubbing),Multikino Szczecin,18:10,,dubbing,regular,2026-08-01T10:03:18.792105
2026-08-01,sobota,szczecin,Spider-Man. Całkiem nowy dzień (dubbing),Multikino Szczecin,19:50,,dubbing,regular,2026-08-01T10:03:18.792105
2026-08-01,sobota,szczecin,Spider-Man. Całkiem nowy dzień 3D (dubbing),Multikino Szczecin,13:50,3D,dubbing,regular,2026-08-01T10:03:18.792105
2026-08-01,sobota,szczecin,Spider-Man. Całkiem nowy dzień 3D (dubbing),Multikino Szczecin,17:10,3D,dubbing,regular,2026-08-01T10:03:18.792105
2026-08-01,sobota,szczecin,Toy Story 5 (dubbing),Helios Szczecin Outlet Park,10:00,,dubbing,regular,2026-08-01T10:03:18.792105
2026-08-01,sobota,szczecin,Toy Story 5 (dubbing),Helios Szczecin Outlet Park,15:40,,dubbing,regular,2026-08-01T10:03:18.792105
2026-08-01,sobota,szczecin,Toy Story 5 (dubbing),Multikino Szczecin,10:00,,dubbing,regular,2026-08-01T10:03:18.792105
2026-08-01,sobota,szczecin,Toy Story 5 (dubbing),Multikino Szczecin,11:20,,dubbing,regular,2026-08-01T10:03:18.792105
2026-08-01,sobota,szczecin,Toy Story 5 (dubbing),Multikino Szczecin,13:50,,dubbing,regular,2026-08-01T10:03:18.792105
2026-08-01,sobota,szczecin,Toy Story 5 (dubbing),Multikino Szczecin,16:10,,dubbing,regular,2026-08-01T10:03:18.792105
2026-08-01,sobota,szczecin,Vaiana,Helios Szczecin CHR Kupiec,10:40,,,regular,2026-08-01T10:03:18.792105
2026-08-01,sobota,szczecin,Vaiana,Helios Szczecin CHR Kupiec,15:15,,,regular,2026-08-01T10:03:18.792105
2026-08-01,sobota,szczecin,Vaiana,Helios Szczecin CHR Kupiec,18:00,,,regular,2026-08-01T10:03:18.792105
2026-08-01,sobota,szczecin,Vaiana,Helios Szczecin Outlet Park,10:50,,,regular,2026-08-01T10:03:18.792105
2026-08-01,sobota,szczecin,Vaiana,Helios Szczecin Outlet Park,13:30,,,regular,2026-08-01T10:03:18.792105
2026-08-01,sobota,szczecin,Vaiana,Helios Szczecin Outlet Park,16:00,,,regular,2026-08-01T10:03:18.792105
2026-08-01,sobota,szczecin,Vaiana (dubbing),Multikino Szczecin,10:45,,dubbing,regular,2026-08-01T10:03:18.792105
2026-08-01,sobota,szczecin,Vaiana (wersja karaoke),Multikino Szczecin,13:20,,,regular,2026-08-01T10:03:18.792105
2026-08-01,sobota,szczecin,Zaproszenie,Multikino Szczecin,21:20,,,regular,2026-08-01T10:03:18.792105
2026-08-01,sobota,bydgoszcz,Backrooms. Bez wyjścia,Cinema City Bydgoszcz,21:10,,,regular,2026-08-01T10:03:21.842781
2026-08-01,sobota,bydgoszcz,Backrooms. Bez wyjścia,Helios Bydgoszcz,21:00,,,regular,2026-08-01T10:03:21.842781
2026-08-01,sobota,bydgoszcz,Backrooms. Bez wyjścia (wersja rozszerzona),Cinema City Bydgoszcz,18:40,,,regular,2026-08-01T10:03:21.842781
2026-08-01,sobota,bydgoszcz,Backrooms. Bez wyjścia (wersja rozszerzona),Multikino Bydgoszcz,21:10,,,regular,2026-08-01T10:03:21.842781
2026-08-01,sobota,bydgoszcz,Ekipa zwierzaków,Helios Bydgoszcz,10:00,,,regular,2026-08-01T10:03:21.842781
2026-08-01,sobota,bydgoszcz,Ekipa zwierzaków,Helios Bydgoszcz,15:30,,,regular,2026-08-01T10:03:21.842781
2026-08-01,sobota,bydgoszcz,Ekipa zwierzaków (dubbing),Cinema City Bydgoszcz,11:20,,dubbing,regular,2026-08-01T10:03:21.842781
2026-08-01,sobota,bydgoszcz,Ekipa zwierzaków (dubbing),Cinema City Bydgoszcz,15:40,,dubbing,regular,2026-08-01T10:03:21.842781
2026-08-01,sobota,bydgoszcz,Ekipa zwierzaków (dubbing),Multikino Bydgoszcz,10:20,,dubbing,regular,2026-08-01T10:03:21.842781
2026-08-01,sobota,bydgoszcz,Ekipa zwierzaków (dubbing),Multikino Bydgoszcz,12:35,,dubbing,regular,2026-08-01T10:03:21.842781
2026-08-01,sobota,bydgoszcz,Ekipa zwierzaków (dubbing),Multikino Bydgoszcz,17:00,,dubbing,regular,2026-08-01T10:03:21.842781
2026-08-01,sobota,bydgoszcz,Gdzie jest Dory? (dubbing),Cinema City Bydgoszcz,13:30,,dubbing,regular,2026-08-01T10:03:21.842781
2026-08-01,sobota,bydgoszcz,Gdzie jest Nemo? 3D (dubbing),Cinema City Bydgoszcz,11:00,3D,dubbing,regular,2026-08-01T10:03:21.842781
2026-08-01,sobota,bydgoszcz,Ghost In the Shell,Cinema City Bydgoszcz,18:10,,,regular,2026-08-01T10:03:21.842781
2026-08-01,sobota,bydgoszcz,Ghost in the shell,Kino Orzeł w Bydgoszczy,20:00,,,regular,2026-08-01T10:03:21.842781
2026-08-01,sobota,bydgoszcz,Góra mocy,Cinema City Bydgoszcz,17:50,,,regular,2026-08-01T10:03:21.842781
2026-08-01,sobota,bydgoszcz,Góra mocy (dubbing),Cinema City Bydgoszcz,13:30,,dubbing,regular,2026-08-01T10:03:21.842781
2026-08-01,sobota,bydgoszcz,Jej piekło,Cinema City Bydgoszcz,20:00,,,regular,2026-08-01T10:03:21.842781
2026-08-01,sobota,bydgoszcz,Jej piekło,Cinema City Bydgoszcz,22:30,,,regular,2026-08-01T10:03:21.842781
2026-08-01,sobota,bydgoszcz,Jej piekło,Multikino Bydgoszcz,20:00,,,regular,2026-08-01T10:03:21.842781
2026-08-01,sobota,bydgoszcz,Martwe zło: Ogień,Cinema City Bydgoszcz,21:00,,,regular,2026-08-01T10:03:21.842781
2026-08-01,sobota,bydgoszcz,Minionki i straszydła (dubbing),Cinema City Bydgoszcz,10:10,,dubbing,regular,2026-08-01T10:03:21.842781
2026-08-01,sobota,bydgoszcz,Minionki i straszydła (dubbing),Cinema City Bydgoszcz,10:40,,dubbing,regular,2026-08-01T10:03:21.842781
2026-08-01,sobota,bydgoszcz,Minionki i straszydła (dubbing),Cinema City Bydgoszcz,12:20,,dubbing,regular,2026-08-01T10:03:21.842781
2026-08-01,sobota,bydgoszcz,Minionki i straszydła (dubbing),Cinema City Bydgoszcz,12:50,,dubbing,regular,2026-08-01T10:03:21.842781
2026-08-01,sobota,bydgoszcz,Minionki i straszydła (dubbing),Cinema City Bydgoszcz,14:30,,dubbing,regular,2026-08-01T10:03:21.842781
2026-08-01,sobota,bydgoszcz,Minionki i straszydła (dubbing),Cinema City Bydgoszcz,15:00,,dubbing,regular,2026-08-01T10:03:21.842781
2026-08-01,sobota,bydgoszcz,Minionki i straszydła (dubbing),Cinema City Bydgoszcz,16:40,,dubbing,regular,2026-08-01T10:03:21.842781
2026-08-01,sobota,bydgoszcz,Minionki i straszydła (dubbing),Cinema City Bydgoszcz,17:10,,dubbing,regular,2026-08-01T10:03:21.842781
2026-08-01,sobota,bydgoszcz,Minionki i straszydła (dubbing),Helios Bydgoszcz,10:00,,dubbing,regular,2026-08-01T10:03:21.842781
2026-08-01,sobota,bydgoszcz,Minionki i straszydła (dubbing),Helios Bydgoszcz,10:30,,dubbing,regular,2026-08-01T10:03:21.842781
2026-08-01,sobota,bydgoszcz,Minionki i straszydła (dubbing),Helios Bydgoszcz,11:30,,dubbing,regular,2026-08-01T10:03:21.842781
2026-08-01,sobota,bydgoszcz,Minionki i straszydła (dubbing),Helios Bydgoszcz,12:30,,dubbing,regular,2026-08-01T10:03:21.842781
2026-08-01,sobota,bydgoszcz,Minionki i straszydła (dubbing),Helios Bydgoszcz,14:00,,dubbing,regular,2026-08-01T10:03:21.842781
2026-08-01,sobota,bydgoszcz,Minionki i straszydła (dubbing),Helios Bydgoszcz,16:20,,dubbing,regular,2026-08-01T10:03:21.842781
2026-08-01,sobota,bydgoszcz,Minionki i straszydła (dubbing),Helios Bydgoszcz,18:30,,dubbing,regular,2026-08-01T10:03:21.842781
2026-08-01,sobota,bydgoszcz,Minionki i straszydła (dubbing),Multikino Bydgoszcz,11:00,,dubbing,regular,2026-08-01T10:03:21.842781
2026-08-01,sobota,bydgoszcz,Minionki i straszydła (dubbing),Multikino Bydgoszcz,13:25,,dubbing,regular,2026-08-01T10:03:21.842781
2026-08-01,sobota,bydgoszcz,Minionki i straszydła (dubbing),Multikino Bydgoszcz,15:35,,dubbing,regular,2026-08-01T10:03:21.842781
2026-08-01,sobota,bydgoszcz,Minionki i straszydła (dubbing),Multikino Bydgoszcz,17:45,,dubbing,regular,2026-08-01T10:03:21.842781
2026-08-01,sobota,bydgoszcz,Młody Waszyngton,Cinema City Bydgoszcz,20:30,,,regular,2026-08-01T10:03:21.842781
2026-08-01,sobota,bydgoszcz,Obsesja,Cinema City Bydgoszcz,19:20,,,regular,2026-08-01T10:03:21.842781
2026-08-01,sobota,bydgoszcz,Obsesja,Cinema City Bydgoszcz,21:45,,,regular,2026-08-01T10:03:21.842781
2026-08-01,sobota,bydgoszcz,Obsesja,Helios Bydgoszcz,20:45,,,regular,2026-08-01T10:03:21.842781
2026-08-01,sobota,bydgoszcz,Obsesja,Multikino Bydgoszcz,19:10,,,regular,2026-08-01T10:03:21.842781
2026-08-01,sobota,bydgoszcz,Obsesja,Multikino Bydgoszcz,21:40,,,regular,2026-08-01T10:03:21.842781
2026-08-01,sobota,bydgoszcz,Odyseja,Cinema City Bydgoszcz,10:00,,,regular,2026-08-01T10:03:21.842781
2026-08-01,sobota,bydgoszcz,Odyseja,Cinema City Bydgoszcz,11:30,,,regular,2026-08-01T10:03:21.842781
2026-08-01,sobota,bydgoszcz,Odyseja,Cinema City Bydgoszcz,13:45,,,regular,2026-08-01T10:03:21.842781
2026-08-01,sobota,bydgoszcz,Odyseja,Cinema City Bydgoszcz,15:15,,,regular,2026-08-01T10:03:21.842781
2026-08-01,sobota,bydgoszcz,Odyseja,Cinema City Bydgoszcz,17:30,,,regular,2026-08-01T10:03:21.842781
2026-08-01,sobota,bydgoszcz,Odyseja,Cinema City Bydgoszcz,19:00,,,regular,2026-08-01T10:03:21.842781
2026-08-01,sobota,bydgoszcz,Odyseja,Cinema City Bydgoszcz,21:20,,,regular,2026-08-01T10:03:21.842781
2026-08-01,sobota,bydgoszcz,Odyseja,Cinema City Bydgoszcz,21:40,,,regular,2026-08-01T10:03:21.842781
2026-08-01,sobota,bydgoszcz,Odyseja,Helios Bydgoszcz,12:00,,,regular,2026-08-01T10:03:21.842781
2026-08-01,sobota,bydgoszcz,Odyseja,Helios Bydgoszcz,16:10,,,regular,2026-08-01T10:03:21.842781
2026-08-01,sobota,bydgoszcz,Odyseja,Helios Bydgoszcz,17:30,,,regular,2026-08-01T10:03:21.842781
2026-08-01,sobota,bydgoszcz,Odyseja,Helios Bydgoszcz,19:45,,,regular,2026-08-01T10:03:21.842781
2026-08-01,sobota,bydgoszcz,Odyseja,Helios Bydgoszcz,20:30,,,regular,2026-08-01T10:03:21.842781
2026-08-01,sobota,bydgoszcz,Odyseja,Multikino Bydgoszcz,11:00,,,regular,2026-08-01T10:03:21.842781
2026-08-01,sobota,bydgoszcz,Odyseja,Multikino Bydgoszcz,13:25,,,regular,2026-08-01T10:03:21.842781
2026-08-01,sobota,bydgoszcz,Odyseja,Multikino Bydgoszcz,15:00,,,regular,2026-08-01T10:03:21.842781
2026-08-01,sobota,bydgoszcz,Odyseja,Multikino Bydgoszcz,17:35,,,regular,2026-08-01T10:03:21.842781
2026-08-01,sobota,bydgoszcz,Odyseja,Multikino Bydgoszcz,20:00,,,regular,2026-08-01T10:03:21.842781
2026-08-01,sobota,bydgoszcz,Odyseja / Одіссея (ukr.),Cinema City Bydgoszcz,19:10,,,regular,2026-08-01T10:03:21.842781
2026-08-01,sobota,bydgoszcz,Odyseja / Одіссея (ukr.),Multikino Bydgoszcz,20:40,,,regular,2026-08-01T10:03:21.842781
2026-08-01,sobota,bydgoszcz,Ostatni konsjerż,Cinema City Bydgoszcz,18:30,,,regular,2026-08-01T10:03:21.842781
2026-08-01,sobota,bydgoszcz,Ostatni konsjerż,Kino Orzeł w Bydgoszczy,16:15,,,regular,2026-08-01T10:03:21.842781
2026-08-01,sobota,bydgoszcz,Pucio,Multikino Bydgoszcz,10:00,,,regular,2026-08-01T10:03:21.842781
2026-08-01,sobota,bydgoszcz,Requiem dla snu,Cinema City Bydgoszcz,20:10,,,regular,2026-08-01T10:03:21.842781
2026-08-01,sobota,bydgoszcz,Sny o słoniach,Kino Orzeł w Bydgoszczy,18:00,,,regular,2026-08-01T10:03:21.842781
2026-08-01,sobota,bydgoszcz,Spider-Man. Całkiem nowy dzień,Cinema City Bydgoszcz,10:30,,,regular,2026-08-01T10:03:21.842781
2026-08-01,sobota,bydgoszcz,Spider-Man. Całkiem nowy dzień,Cinema City Bydgoszcz,13:40,,,regular,2026-08-01T10:03:21.842781
2026-08-01,sobota,bydgoszcz,Spider-Man. Całkiem nowy dzień,Cinema City Bydgoszcz,16:50,,,regular,2026-08-01T10:03:21.842781
2026-08-01,sobota,bydgoszcz,Spider-Man. Całkiem nowy dzień,Cinema City Bydgoszcz,18:10,,,regular,2026-08-01T10:03:21.842781
2026-08-01,sobota,bydgoszcz,Spider-Man. Całkiem nowy dzień,Cinema City Bydgoszcz,20:00,,,regular,2026-08-01T10:03:21.842781
2026-08-01,sobota,bydgoszcz,Spider-Man. Całkiem nowy dzień,Helios Bydgoszcz,10:30,,,regular,2026-08-01T10:03:21.842781
2026-08-01,sobota,bydgoszcz,Spider-Man. Całkiem nowy dzień,Helios Bydgoszcz,11:40,,,regular,2026-08-01T10:03:21.842781
2026-08-01,sobota,bydgoszcz,Spider-Man. Całkiem nowy dzień,Helios Bydgoszcz,12:45,,,regular,2026-08-01T10:03:21.842781
2026-08-01,sobota,bydgoszcz,Spider-Man. Całkiem nowy dzień,Helios Bydgoszcz,13:45,,,regular,2026-08-01T10:03:21.842781
2026-08-01,sobota,bydgoszcz,Spider-Man. Całkiem nowy dzień,Helios Bydgoszcz,14:50,,,regular,2026-08-01T10:03:21.842781
2026-08-01,sobota,bydgoszcz,Spider-Man. Całkiem nowy dzień,Helios Bydgoszcz,16:00,,,regular,2026-08-01T10:03:21.842781
2026-08-01,sobota,bydgoszcz,Spider-Man. Całkiem nowy dzień,Helios Bydgoszcz,17:00,,,regular,2026-08-01T10:03:21.842781
2026-08-01,sobota,bydgoszcz,Spider-Man. Całkiem nowy dzień,Helios Bydgoszcz,18:00,,,regular,2026-08-01T10:03:21.842781
2026-08-01,sobota,bydgoszcz,Spider-Man. Całkiem nowy dzień,Helios Bydgoszcz,19:00,,,regular,2026-08-01T10:03:21.842781
2026-08-01,sobota,bydgoszcz,Spider-Man. Całkiem nowy dzień,Helios Bydgoszcz,20:15,,,regular,2026-08-01T10:03:21.842781
2026-08-01,sobota,bydgoszcz,Spider-Man. Całkiem nowy dzień,Helios Bydgoszcz,21:15,,,regular,2026-08-01T10:03:21.842781
2026-08-01,sobota,bydgoszcz,Spider-Man. Całkiem nowy dzień,Multikino Bydgoszcz,10:00,,,regular,2026-08-01T10:03:21.842781
2026-08-01,sobota,bydgoszcz,Spider-Man. Całkiem nowy dzień,Multikino Bydgoszcz,12:30,,,regular,2026-08-01T10:03:21.842781
2026-08-01,sobota,bydgoszcz,Spider-Man. Całkiem nowy dzień,Multikino Bydgoszcz,13:50,,,regular,2026-08-01T10:03:21.842781
2026-08-01,sobota,bydgoszcz,Spider-Man. Całkiem nowy dzień,Multikino Bydgoszcz,17:10,,,regular,2026-08-01T10:03:21.842781
2026-08-01,sobota,bydgoszcz,Spider-Man. Całkiem nowy dzień,Multikino Bydgoszcz,19:10,,,regular,2026-08-01T10:03:21.842781
2026-08-01,sobota,bydgoszcz,Spider-Man. Całkiem nowy dzień,Multikino Bydgoszcz,20:30,,,regular,2026-08-01T10:03:21.842781
2026-08-01,sobota,bydgoszcz,Spider-Man. Całkiem nowy dzień,Multikino Bydgoszcz,21:30,,,regular,2026-08-01T10:03:21.842781
2026-08-01,sobota,bydgoszcz,Spider-Man. Całkiem nowy dzień (dubbing),Cinema City Bydgoszcz,12:10,,dubbing,regular,2026-08-01T10:03:21.842781
2026-08-01,sobota,bydgoszcz,Spider-Man. Całkiem nowy dzień (dubbing),Cinema City Bydgoszcz,15:20,,dubbing,regular,2026-08-01T10:03:21.842781
2026-08-01,sobota,bydgoszcz,Spider-Man. Całkiem nowy dzień (dubbing),Cinema City Bydgoszcz,18:30,,dubbing,regular,2026-08-01T10:03:21.842781
2026-08-01,sobota,bydgoszcz,Spider-Man. Całkiem nowy dzień (dubbing),Multikino Bydgoszcz,10:30,,dubbing,regular,2026-08-01T10:03:21.842781
2026-08-01,sobota,bydgoszcz,Spider-Man. Całkiem nowy dzień (dubbing),Multikino Bydgoszcz,11:10,,dubbing,regular,2026-08-01T10:03:21.842781
2026-08-01,sobota,bydgoszcz,Spider-Man. Całkiem nowy dzień (dubbing),Multikino Bydgoszcz,13:15,,dubbing,regular,2026-08-01T10:03:21.842781
2026-08-01,sobota,bydgoszcz,Spider-Man. Całkiem nowy dzień (dubbing),Multikino Bydgoszcz,15:50,,dubbing,regular,2026-08-01T10:03:21.842781
2026-08-01,sobota,bydgoszcz,Spider-Man. Całkiem nowy dzień (dubbing),Multikino Bydgoszcz,16:30,,dubbing,regular,2026-08-01T10:03:21.842781
2026-08-01,sobota,bydgoszcz,Spider-Man. Całkiem nowy dzień (dubbing),Multikino Bydgoszcz,18:10,,dubbing,regular,2026-08-01T10:03:21.842781
2026-08-01,sobota,bydgoszcz,Spider-Man. Całkiem nowy dzień (dubbing),Multikino Bydgoszcz,19:45,,dubbing,regular,2026-08-01T10:03:21.842781
2026-08-01,sobota,bydgoszcz,Spider-Man. Całkiem nowy dzień 3D,Cinema City Bydgoszcz,14:10,3D,,regular,2026-08-01T10:03:21.842781
2026-08-01,sobota,bydgoszcz,Spider-Man. Całkiem nowy dzień 3D,Cinema City Bydgoszcz,18:00,3D,,regular,2026-08-01T10:03:21.842781
2026-08-01,sobota,bydgoszcz,Spider-Man. Całkiem nowy dzień 3D,Cinema City Bydgoszcz,20:30,3D,,regular,2026-08-01T10:03:21.842781
2026-08-01,sobota,bydgoszcz,Spider-Man. Całkiem nowy dzień 3D (dubbing),Cinema City Bydgoszcz,11:00,3D,dubbing,regular,2026-08-01T10:03:21.842781
2026-08-01,sobota,bydgoszcz,Spider-Man. Całkiem nowy dzień 3D (dubbing),Cinema City Bydgoszcz,14:50,3D,dubbing,regular,2026-08-01T10:03:21.842781
2026-08-01,sobota,bydgoszcz,Spider-Man. Całkiem nowy dzień 3D (dubbing),Cinema City Bydgoszcz,17:20,3D,dubbing,regular,2026-08-01T10:03:21.842781
2026-08-01,sobota,bydgoszcz,Spider-Man. Całkiem nowy dzień 3D (dubbing),Multikino Bydgoszcz,14:50,3D,dubbing,regular,2026-08-01T10:03:21.842781
2026-08-01,sobota,bydgoszcz,Toy Story 5 (dubbing),Cinema City Bydgoszcz,11:30,,dubbing,regular,2026-08-01T10:03:21.842781
2026-08-01,sobota,bydgoszcz,Toy Story 5 (dubbing),Cinema City Bydgoszcz,13:50,,dubbing,regular,2026-08-01T10:03:21.842781
2026-08-01,sobota,bydgoszcz,Toy Story 5 (dubbing),Cinema City Bydgoszcz,16:10,,dubbing,regular,2026-08-01T10:03:21.842781
2026-08-01,sobota,bydgoszcz,Toy Story 5 (dubbing),Helios Bydgoszcz,10:10,,dubbing,regular,2026-08-01T10:03:21.842781
2026-08-01,sobota,bydgoszcz,Toy Story 5 (dubbing),Helios Bydgoszcz,15:00,,dubbing,regular,2026-08-01T10:03:21.842781
2026-08-01,sobota,bydgoszcz,Toy Story 5 (dubbing),Multikino Bydgoszcz,10:05,,dubbing,regular,2026-08-01T10:03:21.842781
2026-08-01,sobota,bydgoszcz,Toy Story 5 (dubbing),Multikino Bydgoszcz,12:30,,dubbing,regular,2026-08-01T10:03:21.842781
2026-08-01,sobota,bydgoszcz,Toy Story 5 (dubbing),Multikino Bydgoszcz,14:55,,dubbing,regular,2026-08-01T10:03:21.842781
2026-08-01,sobota,bydgoszcz,Toy Story 5 (dubbing),Multikino Bydgoszcz,17:20,,dubbing,regular,2026-08-01T10:03:21.842781
2026-08-01,sobota,bydgoszcz,Vaiana,Helios Bydgoszcz,10:30,,,regular,2026-08-01T10:03:21.842781
2026-08-01,sobota,bydgoszcz,Vaiana,Helios Bydgoszcz,13:30,,,regular,2026-08-01T10:03:21.842781
2026-08-01,sobota,bydgoszcz,Vaiana,Helios Bydgoszcz,17:45,,,regular,2026-08-01T10:03:21.842781
2026-08-01,sobota,bydgoszcz,Vaiana (dubbing),Cinema City Bydgoszcz,10:20,,dubbing,regular,2026-08-01T10:03:21.842781
2026-08-01,sobota,bydgoszcz,Vaiana (dubbing),Cinema City Bydgoszcz,12:10,,dubbing,regular,2026-08-01T10:03:21.842781
2026-08-01,sobota,bydgoszcz,Vaiana (dubbing),Cinema City Bydgoszcz,13:00,,dubbing,regular,2026-08-01T10:03:21.842781
2026-08-01,sobota,bydgoszcz,Vaiana (dubbing),Cinema City Bydgoszcz,15:30,,dubbing,regular,2026-08-01T10:03:21.842781
2026-08-01,sobota,bydgoszcz,Vaiana (dubbing),Multikino Bydgoszcz,10:00,,dubbing,regular,2026-08-01T10:03:21.842781
2026-08-01,sobota,bydgoszcz,Vaiana (dubbing),Multikino Bydgoszcz,14:40,,dubbing,regular,2026-08-01T10:03:21.842781
2026-08-01,sobota,bydgoszcz,Vaiana (wersja karaoke),Multikino Bydgoszcz,11:45,,,regular,2026-08-01T10:03:21.842781
2026-08-01,sobota,bydgoszcz,WALL-E (dubbing),Cinema City Bydgoszcz,15:50,,dubbing,regular,2026-08-01T10:03:21.842781
2026-08-01,sobota,bydgoszcz,Zaproszenie,Cinema City Bydgoszcz,22:00,,,regular,2026-08-01T10:03:21.842781
2026-08-01,sobota,bydgoszcz,Zaproszenie,Multikino Bydgoszcz,17:25,,,regular,2026-08-01T10:03:21.842781
2026-08-01,sobota,bydgoszcz,Людина-павук: Абсолютно новий день / Spider-Man. Całkiem nowy dzień (ukr.),Cinema City Bydgoszcz,10:00,,,regular,2026-08-01T10:03:21.842781
2026-08-01,sobota,bydgoszcz,Людина-павук: Абсолютно новий день / Spider-Man. Całkiem nowy dzień (ukr.),Cinema City Bydgoszcz,13:00,,,regular,2026-08-01T10:03:21.842781
2026-08-01,sobota,bydgoszcz,Людина-павук: Абсолютно новий день / Spider-Man. Całkiem nowy dzień (ukr.),Cinema City Bydgoszcz,16:00,,,regular,2026-08-01T10:03:21.842781
2026-08-01,sobota,bydgoszcz,Людина-павук: Абсолютно новий день / Spider-Man. Całkiem nowy dzień (ukr.),Multikino Bydgoszcz,10:15,,,regular,2026-08-01T10:03:21.842781
2026-08-01,sobota,bydgoszcz,Людина-павук: Абсолютно новий день / Spider-Man. Całkiem nowy dzień (ukr.),Multikino Bydgoszcz,14:25,,,regular,2026-08-01T10:03:21.842781
2026-08-01,sobota,bydgoszcz,Людина-павук: Абсолютно новий день / Spider-Man. Całkiem nowy dzień (ukr.),Multikino Bydgoszcz,19:50,,,regular,2026-08-01T10:03:21.842781
2026-08-01,sobota,lublin,Backrooms. Bez wyjścia,Cinema City Lublin Felicity,21:30,,,regular,2026-08-01T10:03:24.750364
2026-08-01,sobota,lublin,Backrooms. Bez wyjścia (wersja rozszerzona),Cinema City Lublin Felicity,18:50,,,regular,2026-08-01T10:03:24.750364
2026-08-01,sobota,lublin,Backrooms. Bez wyjścia (wersja rozszerzona),Cinema City Lublin Felicity,21:45,,,regular,2026-08-01T10:03:24.750364
2026-08-01,sobota,lublin,Backrooms. Bez wyjścia (wersja rozszerzona),Cinema City Lublin Plaza,21:40,,,regular,2026-08-01T10:03:24.750364
2026-08-01,sobota,lublin,Backrooms. Bez wyjścia (wersja rozszerzona),Multikino Lublin,21:35,,,regular,2026-08-01T10:03:24.750364
2026-08-01,sobota,lublin,Ekipa zwierzaków (dubbing),Cinema City Lublin Felicity,10:00,,dubbing,regular,2026-08-01T10:03:24.750364
2026-08-01,sobota,lublin,Ekipa zwierzaków (dubbing),Cinema City Lublin Plaza,10:40,,dubbing,regular,2026-08-01T10:03:24.750364
2026-08-01,sobota,lublin,Ekipa zwierzaków (dubbing),Kino Bajka w Lublinie,12:30,,dubbing,regular,2026-08-01T10:03:24.750364
2026-08-01,sobota,lublin,Ekipa zwierzaków (dubbing),Multikino Lublin,10:20,,dubbing,regular,2026-08-01T10:03:24.750364
2026-08-01,sobota,lublin,Ekipa zwierzaków (dubbing),Multikino Lublin,12:20,,dubbing,regular,2026-08-01T10:03:24.750364
2026-08-01,sobota,lublin,Ekipa zwierzaków (dubbing),Multikino Lublin,17:00,,dubbing,regular,2026-08-01T10:03:24.750364
2026-08-01,sobota,lublin,Gdzie jest Dory? (dubbing),Cinema City Lublin Felicity,14:00,,dubbing,regular,2026-08-01T10:03:24.750364
2026-08-01,sobota,lublin,Gdzie jest Dory? (dubbing),Cinema City Lublin Plaza,13:30,,dubbing,regular,2026-08-01T10:03:24.750364
2026-08-01,sobota,lublin,Gdzie jest Nemo? 3D (dubbing),Cinema City Lublin Felicity,11:30,3D,dubbing,regular,2026-08-01T10:03:24.750364
2026-08-01,sobota,lublin,Gdzie jest Nemo? 3D (dubbing),Cinema City Lublin Plaza,11:00,3D,dubbing,regular,2026-08-01T10:03:24.750364
2026-08-01,sobota,lublin,Góra mocy,Cinema City Lublin Plaza,18:20,,,regular,2026-08-01T10:03:24.750364
2026-08-01,sobota,lublin,Jej piekło,Multikino Lublin,20:00,,,regular,2026-08-01T10:03:24.750364
2026-08-01,sobota,lublin,Martwe zło: Ogień,Cinema City Lublin Felicity,22:00,,,regular,2026-08-01T10:03:24.750364
2026-08-01,sobota,lublin,Minionki i straszydła (dubbing),Cinema City Lublin Felicity,13:00,,dubbing,regular,2026-08-01T10:03:24.750364
2026-08-01,sobota,lublin,Minionki i straszydła (dubbing),Cinema City Lublin Felicity,15:10,,dubbing,regular,2026-08-01T10:03:24.750364
2026-08-01,sobota,lublin,Minionki i straszydła (dubbing),Cinema City Lublin Felicity,17:20,,dubbing,regular,2026-08-01T10:03:24.750364
2026-08-01,sobota,lublin,Minionki i straszydła (dubbing),Cinema City Lublin Plaza,10:10,,dubbing,regular,2026-08-01T10:03:24.750364
2026-08-01,sobota,lublin,Minionki i straszydła (dubbing),Cinema City Lublin Plaza,14:50,,dubbing,regular,2026-08-01T10:03:24.750364
2026-08-01,sobota,lublin,Minionki i straszydła (dubbing),Cinema City Lublin Plaza,19:20,,dubbing,regular,2026-08-01T10:03:24.750364
2026-08-01,sobota,lublin,Minionki i straszydła (dubbing),Multikino Lublin,11:50,,dubbing,regular,2026-08-01T10:03:24.750364
2026-08-01,sobota,lublin,Minionki i straszydła (dubbing),Multikino Lublin,14:00,,dubbing,regular,2026-08-01T10:03:24.750364
2026-08-01,sobota,lublin,Minionki i straszydła (dubbing),Multikino Lublin,15:40,,dubbing,regular,2026-08-01T10:03:24.750364
2026-08-01,sobota,lublin,Minionki i straszydła (dubbing),Multikino Lublin,17:50,,dubbing,regular,2026-08-01T10:03:24.750364
2026-08-01,sobota,lublin,Mizerykordia,Kino Perła - Browar Perła,20:30,,,regular,2026-08-01T10:03:24.750364
2026-08-01,sobota,lublin,Młody Waszyngton,Cinema City Lublin Felicity,18:45,,,regular,2026-08-01T10:03:24.750364
2026-08-01,sobota,lublin,Młody Waszyngton,Cinema City Lublin Plaza,20:40,,,regular,2026-08-01T10:03:24.750364
2026-08-01,sobota,lublin,O czym sobie nie mówimy,Kino Bajka w Lublinie,14:30,,,regular,2026-08-01T10:03:24.750364
2026-08-01,sobota,lublin,O czym sobie nie mówimy,Kino Bajka w Lublinie,16:45,,,regular,2026-08-01T10:03:24.750364
2026-08-01,sobota,lublin,Obsesja,Cinema City Lublin Felicity,21:10,,,regular,2026-08-01T10:03:24.750364
2026-08-01,sobota,lublin,Obsesja,Cinema City Lublin Plaza,22:20,,,regular,2026-08-01T10:03:24.750364
2026-08-01,sobota,lublin,Obsesja,Multikino Lublin,19:05,,,regular,2026-08-01T10:03:24.750364
2026-08-01,sobota,lublin,Odyseja,Cinema City Lublin Felicity,10:10,,,regular,2026-08-01T10:03:24.750364
2026-08-01,sobota,lublin,Odyseja,Cinema City Lublin Felicity,11:10,,,regular,2026-08-01T10:03:24.750364
2026-08-01,sobota,lublin,Odyseja,Cinema City Lublin Felicity,13:50,,,regular,2026-08-01T10:03:24.750364
2026-08-01,sobota,lublin,Odyseja,Cinema City Lublin Felicity,17:30,,,regular,2026-08-01T10:03:24.750364
2026-08-01,sobota,lublin,Odyseja,Cinema City Lublin Felicity,19:30,,,regular,2026-08-01T10:03:24.750364
2026-08-01,sobota,lublin,Odyseja,Cinema City Lublin Felicity,21:10,,,regular,2026-08-01T10:03:24.750364
2026-08-01,sobota,lublin,Odyseja,Cinema City Lublin Plaza,10:30,,,regular,2026-08-01T10:03:24.750364
2026-08-01,sobota,lublin,Odyseja,Cinema City Lublin Plaza,12:00,,,regular,2026-08-01T10:03:24.750364
2026-08-01,sobota,lublin,Odyseja,Cinema City Lublin Plaza,14:00,,,regular,2026-08-01T10:03:24.750364
2026-08-01,sobota,lublin,Odyseja,Cinema City Lublin Plaza,15:45,,,regular,2026-08-01T10:03:24.750364
2026-08-01,sobota,lublin,Odyseja,Cinema City Lublin Plaza,17:50,,,regular,2026-08-01T10:03:24.750364
2026-08-01,sobota,lublin,Odyseja,Cinema City Lublin Plaza,19:30,,,regular,2026-08-01T10:03:24.750364
2026-08-01,sobota,lublin,Odyseja,Cinema City Lublin Plaza,21:30,,,regular,2026-08-01T10:03:24.750364
2026-08-01,sobota,lublin,Odyseja,Kino Bajka w Lublinie,09:00,,,regular,2026-08-01T10:03:24.750364
2026-08-01,sobota,lublin,Odyseja,Kino Bajka w Lublinie,19:00,,,regular,2026-08-01T10:03:24.750364
2026-08-01,sobota,lublin,Odyseja,Multikino Lublin,10:30,,,regular,2026-08-01T10:03:24.750364
2026-08-01,sobota,lublin,Odyseja,Multikino Lublin,14:15,,,regular,2026-08-01T10:03:24.750364
2026-08-01,sobota,lublin,Odyseja,Multikino Lublin,18:00,,,regular,2026-08-01T10:03:24.750364
2026-08-01,sobota,lublin,Odyseja,Multikino Lublin,20:35,,,regular,2026-08-01T10:03:24.750364
2026-08-01,sobota,lublin,Pucio,Cinema City Lublin Plaza,10:30,,,regular,2026-08-01T10:03:24.750364
2026-08-01,sobota,lublin,Pucio,Multikino Lublin,10:15,,,regular,2026-08-01T10:03:24.750364
2026-08-01,sobota,lublin,Requiem dla snu,Cinema City Lublin Plaza,19:50,,,regular,2026-08-01T10:03:24.750364
2026-08-01,sobota,lublin,Spider-Man. Całkiem nowy dzień,Cinema City Lublin Felicity,10:30,,,regular,2026-08-01T10:03:24.750364
2026-08-01,sobota,lublin,Spider-Man. Całkiem nowy dzień,Cinema City Lublin Felicity,13:40,,,regular,2026-08-01T10:03:24.750364
2026-08-01,sobota,lublin,Spider-Man. Całkiem nowy dzień,Cinema City Lublin Felicity,16:50,,,regular,2026-08-01T10:03:24.750364
2026-08-01,sobota,lublin,Spider-Man. Całkiem nowy dzień,Cinema City Lublin Felicity,20:00,,,regular,2026-08-01T10:03:24.750364
2026-08-01,sobota,lublin,Spider-Man. Całkiem nowy dzień,Cinema City Lublin Felicity,21:40,,,regular,2026-08-01T10:03:24.750364
2026-08-01,sobota,lublin,Spider-Man. Całkiem nowy dzień,Cinema City Lublin Plaza,11:00,,,regular,2026-08-01T10:03:24.750364
2026-08-01,sobota,lublin,Spider-Man. Całkiem nowy dzień,Cinema City Lublin Plaza,14:10,,,regular,2026-08-01T10:03:24.750364
2026-08-01,sobota,lublin,Spider-Man. Całkiem nowy dzień,Cinema City Lublin Plaza,17:20,,,regular,2026-08-01T10:03:24.750364
2026-08-01,sobota,lublin,Spider-Man. Całkiem nowy dzień,Cinema City Lublin Plaza,20:30,,,regular,2026-08-01T10:03:24.750364
2026-08-01,sobota,lublin,Spider-Man. Całkiem nowy dzień,Cinema City Lublin Plaza,21:20,,,regular,2026-08-01T10:03:24.750364
2026-08-01,sobota,lublin,Spider-Man. Całkiem nowy dzień,Cinema City Lublin Plaza,22:10,,,regular,2026-08-01T10:03:24.750364
2026-08-01,sobota,lublin,Spider-Man. Całkiem nowy dzień,Multikino Lublin,10:00,,,regular,2026-08-01T10:03:24.750364
2026-08-01,sobota,lublin,Spider-Man. Całkiem nowy dzień,Multikino Lublin,12:30,,,regular,2026-08-01T10:03:24.750364
2026-08-01,sobota,lublin,Spider-Man. Całkiem nowy dzień,Multikino Lublin,13:50,,,regular,2026-08-01T10:03:24.750364
2026-08-01,sobota,lublin,Spider-Man. Całkiem nowy dzień,Multikino Lublin,16:30,,,regular,2026-08-01T10:03:24.750364
2026-08-01,sobota,lublin,Spider-Man. Całkiem nowy dzień,Multikino Lublin,17:10,,,regular,2026-08-01T10:03:24.750364
2026-08-01,sobota,lublin,Spider-Man. Całkiem nowy dzień,Multikino Lublin,19:10,,,regular,2026-08-01T10:03:24.750364
2026-08-01,sobota,lublin,Spider-Man. Całkiem nowy dzień,Multikino Lublin,20:30,,,regular,2026-08-01T10:03:24.750364
2026-08-01,sobota,lublin,Spider-Man. Całkiem nowy dzień,Multikino Lublin,21:30,,,regular,2026-08-01T10:03:24.750364
2026-08-01,sobota,lublin,Spider-Man. Całkiem nowy dzień (dubbing),Cinema City Lublin Felicity,12:10,,dubbing,regular,2026-08-01T10:03:24.750364
2026-08-01,sobota,lublin,Spider-Man. Całkiem nowy dzień (dubbing),Cinema City Lublin Felicity,15:20,,dubbing,regular,2026-08-01T10:03:24.750364
2026-08-01,sobota,lublin,Spider-Man. Całkiem nowy dzień (dubbing),Cinema City Lublin Felicity,18:30,,dubbing,regular,2026-08-01T10:03:24.750364
2026-08-01,sobota,lublin,Spider-Man. Całkiem nowy dzień (dubbing),Cinema City Lublin Plaza,11:50,,dubbing,regular,2026-08-01T10:03:24.750364
2026-08-01,sobota,lublin,Spider-Man. Całkiem nowy dzień (dubbing),Cinema City Lublin Plaza,12:40,,dubbing,regular,2026-08-01T10:03:24.750364
2026-08-01,sobota,lublin,Spider-Man. Całkiem nowy dzień (dubbing),Cinema City Lublin Plaza,15:50,,dubbing,regular,2026-08-01T10:03:24.750364
2026-08-01,sobota,lublin,Spider-Man. Całkiem nowy dzień (dubbing),Cinema City Lublin Plaza,19:00,,dubbing,regular,2026-08-01T10:03:24.750364
2026-08-01,sobota,lublin,Spider-Man. Całkiem nowy dzień (dubbing),Kino Bajka w Lublinie,10:30,,dubbing,regular,2026-08-01T10:03:24.750364
2026-08-01,sobota,lublin,Spider-Man. Całkiem nowy dzień (dubbing),Kino Bajka w Lublinie,14:00,,dubbing,regular,2026-08-01T10:03:24.750364
2026-08-01,sobota,lublin,Spider-Man. Całkiem nowy dzień (dubbing),Kino Bajka w Lublinie,17:00,,dubbing,regular,2026-08-01T10:03:24.750364
2026-08-01,sobota,lublin,Spider-Man. Całkiem nowy dzień (dubbing),Multikino Lublin,11:30,,dubbing,regular,2026-08-01T10:03:24.750364
2026-08-01,sobota,lublin,Spider-Man. Całkiem nowy dzień (dubbing),Multikino Lublin,13:15,,dubbing,regular,2026-08-01T10:03:24.750364
2026-08-01,sobota,lublin,Spider-Man. Całkiem nowy dzień (dubbing),Multikino Lublin,14:50,,dubbing,regular,2026-08-01T10:03:24.750364
2026-08-01,sobota,lublin,Spider-Man. Całkiem nowy dzień (dubbing),Multikino Lublin,15:50,,dubbing,regular,2026-08-01T10:03:24.750364
2026-08-01,sobota,lublin,Spider-Man. Całkiem nowy dzień (dubbing),Multikino Lublin,18:10,,dubbing,regular,2026-08-01T10:03:24.750364
2026-08-01,sobota,lublin,Spider-Man. Całkiem nowy dzień (dubbing),Multikino Lublin,19:45,,dubbing,regular,2026-08-01T10:03:24.750364
2026-08-01,sobota,lublin,Spider-Man. Całkiem nowy dzień 3D,Cinema City Lublin Felicity,14:10,3D,,regular,2026-08-01T10:03:24.750364
2026-08-01,sobota,lublin,Spider-Man. Całkiem nowy dzień 3D,Cinema City Lublin Felicity,18:00,3D,,regular,2026-08-01T10:03:24.750364
2026-08-01,sobota,lublin,Spider-Man. Całkiem nowy dzień 3D,Cinema City Lublin Felicity,20:30,3D,,regular,2026-08-01T10:03:24.750364
2026-08-01,sobota,lublin,Spider-Man. Całkiem nowy dzień 3D,Cinema City Lublin Plaza,18:10,3D,,regular,2026-08-01T10:03:24.750364
2026-08-01,sobota,lublin,Spider-Man. Całkiem nowy dzień 3D (dubbing),Cinema City Lublin Felicity,11:00,3D,dubbing,regular,2026-08-01T10:03:24.750364
2026-08-01,sobota,lublin,Spider-Man. Całkiem nowy dzień 3D (dubbing),Cinema City Lublin Felicity,14:50,3D,dubbing,regular,2026-08-01T10:03:24.750364
2026-08-01,sobota,lublin,Spider-Man. Całkiem nowy dzień 3D (dubbing),Cinema City Lublin Felicity,17:20,3D,dubbing,regular,2026-08-01T10:03:24.750364
2026-08-01,sobota,lublin,Spider-Man. Całkiem nowy dzień 3D (dubbing),Cinema City Lublin Plaza,15:00,3D,dubbing,regular,2026-08-01T10:03:24.750364
2026-08-01,sobota,lublin,Spider-Man. Całkiem nowy dzień 3D (dubbing),Multikino Lublin,10:30,3D,dubbing,regular,2026-08-01T10:03:24.750364
2026-08-01,sobota,lublin,Toy Story 5 (dubbing),Cinema City Lublin Felicity,12:10,,dubbing,regular,2026-08-01T10:03:24.750364
2026-08-01,sobota,lublin,Toy Story 5 (dubbing),Cinema City Lublin Felicity,14:40,,dubbing,regular,2026-08-01T10:03:24.750364
2026-08-01,sobota,lublin,Toy Story 5 (dubbing),Cinema City Lublin Felicity,17:00,,dubbing,regular,2026-08-01T10:03:24.750364
2026-08-01,sobota,lublin,Toy Story 5 (dubbing),Cinema City Lublin Plaza,11:20,,dubbing,regular,2026-08-01T10:03:24.750364
2026-08-01,sobota,lublin,Toy Story 5 (dubbing),Cinema City Lublin Plaza,17:00,,dubbing,regular,2026-08-01T10:03:24.750364
2026-08-01,sobota,lublin,Toy Story 5 (dubbing),Multikino Lublin,12:40,,dubbing,regular,2026-08-01T10:03:24.750364
2026-08-01,sobota,lublin,Vaiana (dubbing),Cinema City Lublin Felicity,10:50,,dubbing,regular,2026-08-01T10:03:24.750364
2026-08-01,sobota,lublin,Vaiana (dubbing),Cinema City Lublin Felicity,13:30,,dubbing,regular,2026-08-01T10:03:24.750364
2026-08-01,sobota,lublin,Vaiana (dubbing),Cinema City Lublin Felicity,16:10,,dubbing,regular,2026-08-01T10:03:24.750364
2026-08-01,sobota,lublin,Vaiana (dubbing),Cinema City Lublin Plaza,13:50,,dubbing,regular,2026-08-01T10:03:24.750364
2026-08-01,sobota,lublin,Vaiana (dubbing),Multikino Lublin,10:00,,dubbing,regular,2026-08-01T10:03:24.750364
2026-08-01,sobota,lublin,Vaiana (dubbing),Multikino Lublin,16:10,,dubbing,regular,2026-08-01T10:03:24.750364
2026-08-01,sobota,lublin,Vaiana (wersja karaoke),Multikino Lublin,14:25,,,regular,2026-08-01T10:03:24.750364
2026-08-01,sobota,lublin,WALL-E (dubbing),Cinema City Lublin Felicity,16:20,,dubbing,regular,2026-08-01T10:03:24.750364
2026-08-01,sobota,lublin,WALL-E (dubbing),Cinema City Lublin Plaza,15:50,,dubbing,regular,2026-08-01T10:03:24.750364
2026-08-01,sobota,lublin,Zaproszenie,Cinema City Lublin Felicity,19:30,,,regular,2026-08-01T10:03:24.750364
2026-08-01,sobota,lublin,Zaproszenie,Kino Bajka w Lublinie,20:00,,,regular,2026-08-01T10:03:24.750364
2026-08-01,sobota,lublin,Zaproszenie,Multikino Lublin,21:35,,,regular,2026-08-01T10:03:24.750364
2026-08-01,sobota,lublin,Людина-павук: Абсолютно новий день / Spider-Man. Całkiem nowy dzień (ukr.),Cinema City Lublin Plaza,16:30,,,regular,2026-08-01T10:03:24.750364
2026-08-01,sobota,katowice,Backrooms. Bez wyjścia,Cinema City Katowice Punkt 44,19:30,,,regular,2026-08-01T10:03:27.247701
2026-08-01,sobota,katowice,Backrooms. Bez wyjścia,Cinema City Katowice Silesia,11:20,,,regular,2026-08-01T10:03:27.247701
2026-08-01,sobota,katowice,Backrooms. Bez wyjścia,Cinema City Katowice Silesia,13:50,,,regular,2026-08-01T10:03:27.247701
2026-08-01,sobota,katowice,Backrooms. Bez wyjścia,Cinema City Katowice Silesia,16:20,,,regular,2026-08-01T10:03:27.247701
2026-08-01,sobota,katowice,Backrooms. Bez wyjścia,Cinema City Katowice Silesia,21:00,,,regular,2026-08-01T10:03:27.247701
2026-08-01,sobota,katowice,Backrooms. Bez wyjścia,Helios Katowice,20:30,,,regular,2026-08-01T10:03:27.247701
2026-08-01,sobota,katowice,Backrooms. Bez wyjścia (wersja rozszerzona),Cinema City Katowice Punkt 44,18:20,,,regular,2026-08-01T10:03:27.247701
2026-08-01,sobota,katowice,Backrooms. Bez wyjścia (wersja rozszerzona),Cinema City Katowice Punkt 44,21:10,,,regular,2026-08-01T10:03:27.247701
2026-08-01,sobota,katowice,Backrooms. Bez wyjścia (wersja rozszerzona),Cinema City Katowice Silesia,17:10,,,regular,2026-08-01T10:03:27.247701
2026-08-01,sobota,katowice,Backrooms. Bez wyjścia (wersja rozszerzona),Cinema City Katowice Silesia,20:00,,,regular,2026-08-01T10:03:27.247701
2026-08-01,sobota,katowice,Diabeł ubiera się u Prady 2,Cinema City Katowice Punkt 44,21:20,,,regular,2026-08-01T10:03:27.247701
2026-08-01,sobota,katowice,Drugie życie,Kino Studyjne Światowid w Katowicach,13:45,,,regular,2026-08-01T10:03:27.247701
2026-08-01,sobota,katowice,Dzień Objawienia,Cinema City Katowice Punkt 44,21:10,,,regular,2026-08-01T10:03:27.247701
2026-08-01,sobota,katowice,Ekipa zwierzaków,Helios Katowice,10:40,,,regular,2026-08-01T10:03:27.247701
2026-08-01,sobota,katowice,Ekipa zwierzaków (dubbing),Cinema City Katowice Punkt 44,10:00,,dubbing,regular,2026-08-01T10:03:27.247701
2026-08-01,sobota,katowice,Ekipa zwierzaków (dubbing),Cinema City Katowice Punkt 44,10:20,,dubbing,regular,2026-08-01T10:03:27.247701
2026-08-01,sobota,katowice,Ekipa zwierzaków (dubbing),Cinema City Katowice Punkt 44,12:30,,dubbing,regular,2026-08-01T10:03:27.247701
2026-08-01,sobota,katowice,Ekipa zwierzaków (dubbing),Cinema City Katowice Silesia,10:40,,dubbing,regular,2026-08-01T10:03:27.247701
2026-08-01,sobota,katowice,Ekipa zwierzaków (dubbing),Cinema City Katowice Silesia,15:00,,dubbing,regular,2026-08-01T10:03:27.247701
2026-08-01,sobota,katowice,Ekipa zwierzaków (dubbing),Multikino Katowice,10:10,,dubbing,regular,2026-08-01T10:03:27.247701
2026-08-01,sobota,katowice,Ekipa zwierzaków (dubbing),Multikino Katowice,13:40,,dubbing,regular,2026-08-01T10:03:27.247701
2026-08-01,sobota,katowice,Ekipa zwierzaków (dubbing),Multikino Katowice,16:55,,dubbing,regular,2026-08-01T10:03:27.247701
2026-08-01,sobota,katowice,Gdzie jest Dory? (dubbing),Cinema City Katowice Punkt 44,13:30,,dubbing,regular,2026-08-01T10:03:27.247701
2026-08-01,sobota,katowice,Gdzie jest Dory? (dubbing),Cinema City Katowice Silesia,14:00,,dubbing,regular,2026-08-01T10:03:27.247701
2026-08-01,sobota,katowice,Gdzie jest Nemo? 3D (dubbing),Cinema City Katowice Punkt 44,11:00,3D,dubbing,regular,2026-08-01T10:03:27.247701
2026-08-01,sobota,katowice,Gdzie jest Nemo? 3D (dubbing),Cinema City Katowice Silesia,11:30,3D,dubbing,regular,2026-08-01T10:03:27.247701
2026-08-01,sobota,katowice,Ghost In the Shell,Cinema City Katowice Silesia,12:50,,,regular,2026-08-01T10:03:27.247701
2026-08-01,sobota,katowice,Ghost in the shell,Kino Studyjne Światowid w Katowicach,16:30,,,regular,2026-08-01T10:03:27.247701
2026-08-01,sobota,katowice,Góra mocy,Cinema City Katowice Punkt 44,16:40,,,regular,2026-08-01T10:03:27.247701
2026-08-01,sobota,katowice,Góra mocy,Kino Studyjne Światowid w Katowicach,13:00,,,regular,2026-08-01T10:03:27.247701
2026-08-01,sobota,katowice,Góra mocy (dubbing),Cinema City Katowice Punkt 44,10:00,,dubbing,regular,2026-08-01T10:03:27.247701
2026-08-01,sobota,katowice,Góra mocy (dubbing),Cinema City Katowice Punkt 44,12:10,,dubbing,regular,2026-08-01T10:03:27.247701
2026-08-01,sobota,katowice,Jej piekło,Cinema City Katowice Silesia,21:50,,,regular,2026-08-01T10:03:27.247701
2026-08-01,sobota,katowice,Jej piekło,Helios Katowice,14:30,,,regular,2026-08-01T10:03:27.247701
2026-08-01,sobota,katowice,Jej piekło,Kino Kosmos w Katowicach,17:20,,,regular,2026-08-01T10:03:27.247701
2026-08-01,sobota,katowice,Jej piekło,Multikino Katowice,10:00,,,regular,2026-08-01T10:03:27.247701
2026-08-01,sobota,katowice,Jej piekło,Multikino Katowice,20:00,,,regular,2026-08-01T10:03:27.247701
2026-08-01,sobota,katowice,Księga pustyni,Kino Studyjne Światowid w Katowicach,14:45,,,regular,2026-08-01T10:03:27.247701
2026-08-01,sobota,katowice,Martwe zło: Ogień,Cinema City Katowice Punkt 44,22:00,,,regular,2026-08-01T10:03:27.247701
2026-08-01,sobota,katowice,Martwe zło: Ogień,Cinema City Katowice Silesia,21:10,,,regular,2026-08-01T10:03:27.247701
2026-08-01,sobota,katowice,Martwe zło: Ogień,Helios Katowice,20:20,,,regular,2026-08-01T10:03:27.247701
2026-08-01,sobota,katowice,Michael,Cinema City Katowice Punkt 44,14:40,,,regular,2026-08-01T10:03:27.247701
2026-08-01,sobota,katowice,Minionki i straszydła (dubbing),Cinema City Katowice Punkt 44,10:10,,dubbing,regular,2026-08-01T10:03:27.247701
2026-08-01,sobota,katowice,Minionki i straszydła (dubbing),Cinema City Katowice Punkt 44,10:50,,dubbing,regular,2026-08-01T10:03:27.247701
2026-08-01,sobota,katowice,Minionki i straszydła (dubbing),Cinema City Katowice Punkt 44,12:20,,dubbing,regular,2026-08-01T10:03:27.247701
2026-08-01,sobota,katowice,Minionki i straszydła (dubbing),Cinema City Katowice Punkt 44,13:00,,dubbing,regular,2026-08-01T10:03:27.247701
2026-08-01,sobota,katowice,Minionki i straszydła (dubbing),Cinema City Katowice Punkt 44,14:30,,dubbing,regular,2026-08-01T10:03:27.247701
2026-08-01,sobota,katowice,Minionki i straszydła (dubbing),Cinema City Katowice Punkt 44,15:10,,dubbing,regular,2026-08-01T10:03:27.247701
2026-08-01,sobota,katowice,Minionki i straszydła (dubbing),Cinema City Katowice Punkt 44,17:20,,dubbing,regular,2026-08-01T10:03:27.247701
2026-08-01,sobota,katowice,Minionki i straszydła (dubbing),Cinema City Katowice Silesia,11:40,,dubbing,regular,2026-08-01T10:03:27.247701
2026-08-01,sobota,katowice,Minionki i straszydła (dubbing),Cinema City Katowice Silesia,12:20,,dubbing,regular,2026-08-01T10:03:27.247701
2026-08-01,sobota,katowice,Minionki i straszydła (dubbing),Cinema City Katowice Silesia,13:50,,dubbing,regular,2026-08-01T10:03:27.247701
2026-08-01,sobota,katowice,Minionki i straszydła (dubbing),Cinema City Katowice Silesia,14:30,,dubbing,regular,2026-08-01T10:03:27.247701
2026-08-01,sobota,katowice,Minionki i straszydła (dubbing),Cinema City Katowice Silesia,16:00,,dubbing,regular,2026-08-01T10:03:27.247701
2026-08-01,sobota,katowice,Minionki i straszydła (dubbing),Cinema City Katowice Silesia,18:10,,dubbing,regular,2026-08-01T10:03:27.247701
2026-08-01,sobota,katowice,Minionki i straszydła (dubbing),Helios Katowice,10:00,,dubbing,regular,2026-08-01T10:03:27.247701
2026-08-01,sobota,katowice,Minionki i straszydła (dubbing),Helios Katowice,10:50,,dubbing,regular,2026-08-01T10:03:27.247701
2026-08-01,sobota,katowice,Minionki i straszydła (dubbing),Helios Katowice,12:20,,dubbing,regular,2026-08-01T10:03:27.247701
2026-08-01,sobota,katowice,Minionki i straszydła (dubbing),Helios Katowice,13:45,,dubbing,regular,2026-08-01T10:03:27.247701
2026-08-01,sobota,katowice,Minionki i straszydła (dubbing),Helios Katowice,16:00,,dubbing,regular,2026-08-01T10:03:27.247701
2026-08-01,sobota,katowice,Minionki i straszydła (dubbing),Helios Katowice,18:15,,dubbing,regular,2026-08-01T10:03:27.247701
2026-08-01,sobota,katowice,Minionki i straszydła (dubbing),Multikino Katowice,10:00,,dubbing,regular,2026-08-01T10:03:27.247701
2026-08-01,sobota,katowice,Minionki i straszydła (dubbing),Multikino Katowice,12:05,,dubbing,regular,2026-08-01T10:03:27.247701
2026-08-01,sobota,katowice,Minionki i straszydła (dubbing),Multikino Katowice,15:50,,dubbing,regular,2026-08-01T10:03:27.247701
2026-08-01,sobota,katowice,Minionki i straszydła (dubbing),Multikino Katowice,18:00,,dubbing,regular,2026-08-01T10:03:27.247701
2026-08-01,sobota,katowice,Młody Waszyngton,Cinema City Katowice Punkt 44,17:40,,,regular,2026-08-01T10:03:27.247701
2026-08-01,sobota,katowice,Młody Waszyngton,Cinema City Katowice Silesia,16:40,,,regular,2026-08-01T10:03:27.247701
2026-08-01,sobota,katowice,Młody Waszyngton,Kino Studyjne Światowid w Katowicach,10:30,,,regular,2026-08-01T10:03:27.247701
2026-08-01,sobota,katowice,Młody Waszyngton,Kino Studyjne Światowid w Katowicach,18:15,,,regular,2026-08-01T10:03:27.247701
2026-08-01,sobota,katowice,Mother Mary,Kino Kosmos w Katowicach,18:25,,,regular,2026-08-01T10:03:27.247701
2026-08-01,sobota,katowice,O czym sobie nie mówimy,Cinema City Katowice Silesia,18:40,,,regular,2026-08-01T10:03:27.247701
2026-08-01,sobota,katowice,O czym sobie nie mówimy,Kino Studyjne Światowid w Katowicach,16:00,,,regular,2026-08-01T10:03:27.247701
2026-08-01,sobota,katowice,Obsesja,Cinema City Katowice Punkt 44,20:30,,,regular,2026-08-01T10:03:27.247701
2026-08-01,sobota,katowice,Obsesja,Cinema City Katowice Silesia,19:20,,,regular,2026-08-01T10:03:27.247701
2026-08-01,sobota,katowice,Obsesja,Helios Katowice,20:00,,,regular,2026-08-01T10:03:27.247701
2026-08-01,sobota,katowice,Obsesja,Multikino Katowice,21:45,,,regular,2026-08-01T10:03:27.247701
2026-08-01,sobota,katowice,Odyseja,Cinema City Katowice Punkt 44,10:30,,,regular,2026-08-01T10:03:27.247701
2026-08-01,sobota,katowice,Odyseja,Cinema City Katowice Punkt 44,11:30,,,regular,2026-08-01T10:03:27.247701
2026-08-01,sobota,katowice,Odyseja,Cinema City Katowice Punkt 44,14:10,,,regular,2026-08-01T10:03:27.247701
2026-08-01,sobota,katowice,Odyseja,Cinema City Katowice Punkt 44,15:20,,,regular,2026-08-01T10:03:27.247701
2026-08-01,sobota,katowice,Odyseja,Cinema City Katowice Punkt 44,17:50,,,regular,2026-08-01T10:03:27.247701
2026-08-01,sobota,katowice,Odyseja,Cinema City Katowice Punkt 44,19:00,,,regular,2026-08-01T10:03:27.247701
2026-08-01,sobota,katowice,Odyseja,Cinema City Katowice Punkt 44,20:30,,,regular,2026-08-01T10:03:27.247701
2026-08-01,sobota,katowice,Odyseja,Cinema City Katowice Punkt 44,21:30,,,regular,2026-08-01T10:03:27.247701
2026-08-01,sobota,katowice,Odyseja,Cinema City Katowice Punkt 44 IMAX,10:30,,,regular,2026-08-01T10:03:27.247701
2026-08-01,sobota,katowice,Odyseja,Cinema City Katowice Punkt 44 IMAX,14:15,,,regular,2026-08-01T10:03:27.247701
2026-08-01,sobota,katowice,Odyseja,Cinema City Katowice Punkt 44 IMAX,18:00,,,regular,2026-08-01T10:03:27.247701
2026-08-01,sobota,katowice,Odyseja,Cinema City Katowice Punkt 44 IMAX,21:45,,,regular,2026-08-01T10:03:27.247701
2026-08-01,sobota,katowice,Odyseja,Cinema City Katowice Silesia,10:40,,,regular,2026-08-01T10:03:27.247701
2026-08-01,sobota,katowice,Odyseja,Cinema City Katowice Silesia,12:00,,,regular,2026-08-01T10:03:27.247701
2026-08-01,sobota,katowice,Odyseja,Cinema City Katowice Silesia,13:00,,,regular,2026-08-01T10:03:27.247701
2026-08-01,sobota,katowice,Odyseja,Cinema City Katowice Silesia,14:20,,,regular,2026-08-01T10:03:27.247701
2026-08-01,sobota,katowice,Odyseja,Cinema City Katowice Silesia,15:40,,,regular,2026-08-01T10:03:27.247701
2026-08-01,sobota,katowice,Odyseja,Cinema City Katowice Silesia,16:40,,,regular,2026-08-01T10:03:27.247701
2026-08-01,sobota,katowice,Odyseja,Cinema City Katowice Silesia,18:00,,,regular,2026-08-01T10:03:27.247701
2026-08-01,sobota,katowice,Odyseja,Cinema City Katowice Silesia,19:20,,,regular,2026-08-01T10:03:27.247701
2026-08-01,sobota,katowice,Odyseja,Cinema City Katowice Silesia,20:20,,,regular,2026-08-01T10:03:27.247701
2026-08-01,sobota,katowice,Odyseja,Cinema City Katowice Silesia,21:40,,,regular,2026-08-01T10:03:27.247701
2026-08-01,sobota,katowice,Odyseja,Helios Katowice,11:20,,,regular,2026-08-01T10:03:27.247701
2026-08-01,sobota,katowice,Odyseja,Helios Katowice,12:45,,,regular,2026-08-01T10:03:27.247701
2026-08-01,sobota,katowice,Odyseja,Helios Katowice,13:30,,,regular,2026-08-01T10:03:27.247701
2026-08-01,sobota,katowice,Odyseja,Helios Katowice,16:30,,,regular,2026-08-01T10:03:27.247701
2026-08-01,sobota,katowice,Odyseja,Helios Katowice,17:15,,,regular,2026-08-01T10:03:27.247701
2026-08-01,sobota,katowice,Odyseja,Helios Katowice,19:45,,,regular,2026-08-01T10:03:27.247701
2026-08-01,sobota,katowice,Odyseja,Helios Katowice,21:00,,,regular,2026-08-01T10:03:27.247701
2026-08-01,sobota,katowice,Odyseja,Kino Kosmos w Katowicach,19:30,,,regular,2026-08-01T10:03:27.247701
2026-08-01,sobota,katowice,Odyseja,Kinoteatr Rialto w Katowicach,16:30,,,regular,2026-08-01T10:03:27.247701
2026-08-01,sobota,katowice,Odyseja,Multikino Katowice,11:40,,,regular,2026-08-01T10:03:27.247701
2026-08-01,sobota,katowice,Odyseja,Multikino Katowice,15:20,,,regular,2026-08-01T10:03:27.247701
2026-08-01,sobota,katowice,Odyseja,Multikino Katowice,19:00,,,regular,2026-08-01T10:03:27.247701
2026-08-01,sobota,katowice,Odyseja,Multikino Katowice,20:10,,,regular,2026-08-01T10:03:27.247701
2026-08-01,sobota,katowice,Odyseja / Одіссея (ukr.),Multikino Katowice,12:40,,,regular,2026-08-01T10:03:27.247701
2026-08-01,sobota,katowice,Odyseja / Одіссея (ukr.),Multikino Katowice,16:20,,,regular,2026-08-01T10:03:27.247701
2026-08-01,sobota,katowice,Odyseja / Одіссея (ukr.),Multikino Katowice,20:00,,,regular,2026-08-01T10:03:27.247701
2026-08-01,sobota,katowice,Ostatni konsjerż,Cinema City Katowice Silesia,19:00,,,regular,2026-08-01T10:03:27.247701
2026-08-01,sobota,katowice,Ostatni konsjerż,Kino Kosmos w Katowicach,15:45,,,regular,2026-08-01T10:03:27.247701
2026-08-01,sobota,katowice,Ostatni konsjerż,Kino Studyjne Światowid w Katowicach,20:30,,,regular,2026-08-01T10:03:27.247701
2026-08-01,sobota,katowice,Pucio,Multikino Katowice,10:15,,,regular,2026-08-01T10:03:27.247701
2026-08-01,sobota,katowice,Requiem dla snu,Cinema City Katowice Punkt 44,18:10,,,regular,2026-08-01T10:03:27.247701
2026-08-01,sobota,katowice,Requiem dla snu,Cinema City Katowice Silesia,21:00,,,regular,2026-08-01T10:03:27.247701
2026-08-01,sobota,katowice,Requiem dla snu,Kino Kosmos w Katowicach,20:40,,,regular,2026-08-01T10:03:27.247701
2026-08-01,sobota,katowice,Requiem dla snu,Kino Studyjne Światowid w Katowicach,20:15,,,regular,2026-08-01T10:03:27.247701
2026-08-01,sobota,katowice,Spider-Man. Całkiem nowy dzień,Cinema City Katowice Punkt 44,10:30,,,regular,2026-08-01T10:03:27.247701
2026-08-01,sobota,katowice,Spider-Man. Całkiem nowy dzień,Cinema City Katowice Punkt 44,11:10,,,regular,2026-08-01T10:03:27.247701
2026-08-01,sobota,katowice,Spider-Man. Całkiem nowy dzień,Cinema City Katowice Punkt 44,13:40,,,regular,2026-08-01T10:03:27.247701
2026-08-01,sobota,katowice,Spider-Man. Całkiem nowy dzień,Cinema City Katowice Punkt 44,14:20,,,regular,2026-08-01T10:03:27.247701
2026-08-01,sobota,katowice,Spider-Man. Całkiem nowy dzień,Cinema City Katowice Punkt 44,16:50,,,regular,2026-08-01T10:03:27.247701
2026-08-01,sobota,katowice,Spider-Man. Całkiem nowy dzień,Cinema City Katowice Punkt 44,17:30,,,regular,2026-08-01T10:03:27.247701
2026-08-01,sobota,katowice,Spider-Man. Całkiem nowy dzień,Cinema City Katowice Punkt 44,20:00,,,regular,2026-08-01T10:03:27.247701
2026-08-01,sobota,katowice,Spider-Man. Całkiem nowy dzień,Cinema City Katowice Punkt 44,20:40,,,regular,2026-08-01T10:03:27.247701
2026-08-01,sobota,katowice,Spider-Man. Całkiem nowy dzień,Cinema City Katowice Punkt 44,21:40,,,regular,2026-08-01T10:03:27.247701
2026-08-01,sobota,katowice,Spider-Man. Całkiem nowy dzień,Cinema City Katowice Silesia,11:00,,,regular,2026-08-01T10:03:27.247701
2026-08-01,sobota,katowice,Spider-Man. Całkiem nowy dzień,Cinema City Katowice Silesia,14:10,,,regular,2026-08-01T10:03:27.247701
2026-08-01,sobota,katowice,Spider-Man. Całkiem nowy dzień,Cinema City Katowice Silesia,17:20,,,regular,2026-08-01T10:03:27.247701
2026-08-01,sobota,katowice,Spider-Man. Całkiem nowy dzień,Cinema City Katowice Silesia,19:30,,,regular,2026-08-01T10:03:27.247701
2026-08-01,sobota,katowice,Spider-Man. Całkiem nowy dzień,Cinema City Katowice Silesia,20:30,,,regular,2026-08-01T10:03:27.247701
2026-08-01,sobota,katowice,Spider-Man. Całkiem nowy dzień,Helios Katowice,10:20,,,regular,2026-08-01T10:03:27.247701
2026-08-01,sobota,katowice,Spider-Man. Całkiem nowy dzień,Helios Katowice,11:00,,,regular,2026-08-01T10:03:27.247701
2026-08-01,sobota,katowice,Spider-Man. Całkiem nowy dzień,Helios Katowice,12:10,,,regular,2026-08-01T10:03:27.247701
2026-08-01,sobota,katowice,Spider-Man. Całkiem nowy dzień,Helios Katowice,13:00,,,regular,2026-08-01T10:03:27.247701
2026-08-01,sobota,katowice,Spider-Man. Całkiem nowy dzień,Helios Katowice,14:15,,,regular,2026-08-01T10:03:27.247701
2026-08-01,sobota,katowice,Spider-Man. Całkiem nowy dzień,Helios Katowice,15:20,,,regular,2026-08-01T10:03:27.247701
2026-08-01,sobota,katowice,Spider-Man. Całkiem nowy dzień,Helios Katowice,16:15,,,regular,2026-08-01T10:03:27.247701
2026-08-01,sobota,katowice,Spider-Man. Całkiem nowy dzień,Helios Katowice,17:30,,,regular,2026-08-01T10:03:27.247701
2026-08-01,sobota,katowice,Spider-Man. Całkiem nowy dzień,Helios Katowice,18:30,,,regular,2026-08-01T10:03:27.247701
2026-08-01,sobota,katowice,Spider-Man. Całkiem nowy dzień,Helios Katowice,19:30,,,regular,2026-08-01T10:03:27.247701
2026-08-01,sobota,katowice,Spider-Man. Całkiem nowy dzień,Helios Katowice,20:45,,,regular,2026-08-01T10:03:27.247701
2026-08-01,sobota,katowice,Spider-Man. Całkiem nowy dzień,Helios Katowice,21:40,,,regular,2026-08-01T10:03:27.247701
2026-08-01,sobota,katowice,Spider-Man. Całkiem nowy dzień,Multikino Katowice,10:30,,,regular,2026-08-01T10:03:27.247701
2026-08-01,sobota,katowice,Spider-Man. Całkiem nowy dzień,Multikino Katowice,12:30,,,regular,2026-08-01T10:03:27.247701
2026-08-01,sobota,katowice,Spider-Man. Całkiem nowy dzień,Multikino Katowice,13:50,,,regular,2026-08-01T10:03:27.247701
2026-08-01,sobota,katowice,Spider-Man. Całkiem nowy dzień,Multikino Katowice,14:50,,,regular,2026-08-01T10:03:27.247701
2026-08-01,sobota,katowice,Spider-Man. Całkiem nowy dzień,Multikino Katowice,16:30,,,regular,2026-08-01T10:03:27.247701
2026-08-01,sobota,katowice,Spider-Man. Całkiem nowy dzień,Multikino Katowice,17:10,,,regular,2026-08-01T10:03:27.247701
2026-08-01,sobota,katowice,Spider-Man. Całkiem nowy dzień,Multikino Katowice,19:10,,,regular,2026-08-01T10:03:27.247701
2026-08-01,sobota,katowice,Spider-Man. Całkiem nowy dzień,Multikino Katowice,20:30,,,regular,2026-08-01T10:03:27.247701
2026-08-01,sobota,katowice,Spider-Man. Całkiem nowy dzień,Multikino Katowice,21:30,,,regular,2026-08-01T10:03:27.247701
2026-08-01,sobota,katowice,Spider-Man. Całkiem nowy dzień (dubbing),Cinema City Katowice Punkt 44,12:10,,dubbing,regular,2026-08-01T10:03:27.247701
2026-08-01,sobota,katowice,Spider-Man. Całkiem nowy dzień (dubbing),Cinema City Katowice Punkt 44,15:20,,dubbing,regular,2026-08-01T10:03:27.247701
2026-08-01,sobota,katowice,Spider-Man. Całkiem nowy dzień (dubbing),Cinema City Katowice Punkt 44,18:30,,dubbing,regular,2026-08-01T10:03:27.247701
2026-08-01,sobota,katowice,Spider-Man. Całkiem nowy dzień (dubbing),Cinema City Katowice Silesia,10:00,,dubbing,regular,2026-08-01T10:03:27.247701
2026-08-01,sobota,katowice,Spider-Man. Całkiem nowy dzień (dubbing),Cinema City Katowice Silesia,12:40,,dubbing,regular,2026-08-01T10:03:27.247701
2026-08-01,sobota,katowice,Spider-Man. Całkiem nowy dzień (dubbing),Cinema City Katowice Silesia,15:50,,dubbing,regular,2026-08-01T10:03:27.247701
2026-08-01,sobota,katowice,Spider-Man. Całkiem nowy dzień (dubbing),Cinema City Katowice Silesia,19:00,,dubbing,regular,2026-08-01T10:03:27.247701
2026-08-01,sobota,katowice,Spider-Man. Całkiem nowy dzień (dubbing),Multikino Katowice,10:00,,dubbing,regular,2026-08-01T10:03:27.247701
2026-08-01,sobota,katowice,Spider-Man. Całkiem nowy dzień (dubbing),Multikino Katowice,11:30,,dubbing,regular,2026-08-01T10:03:27.247701
2026-08-01,sobota,katowice,Spider-Man. Całkiem nowy dzień (dubbing),Multikino Katowice,13:15,,dubbing,regular,2026-08-01T10:03:27.247701
2026-08-01,sobota,katowice,Spider-Man. Całkiem nowy dzień (dubbing),Multikino Katowice,15:50,,dubbing,regular,2026-08-01T10:03:27.247701
2026-08-01,sobota,katowice,Spider-Man. Całkiem nowy dzień (dubbing),Multikino Katowice,19:45,,dubbing,regular,2026-08-01T10:03:27.247701
2026-08-01,sobota,katowice,Spider-Man. Całkiem nowy dzień 3D,Cinema City Katowice Punkt 44,17:40,3D,,regular,2026-08-01T10:03:27.247701
2026-08-01,sobota,katowice,Spider-Man. Całkiem nowy dzień 3D,Cinema City Katowice Silesia,18:10,3D,,regular,2026-08-01T10:03:27.247701
2026-08-01,sobota,katowice,Spider-Man. Całkiem nowy dzień 3D,Cinema City Katowice Silesia,21:20,3D,,regular,2026-08-01T10:03:27.247701
2026-08-01,sobota,katowice,Spider-Man. Całkiem nowy dzień 3D (dubbing),Cinema City Katowice Punkt 44,14:30,3D,dubbing,regular,2026-08-01T10:03:27.247701
2026-08-01,sobota,katowice,Spider-Man. Całkiem nowy dzień 3D (dubbing),Cinema City Katowice Punkt 44,21:10,3D,dubbing,regular,2026-08-01T10:03:27.247701
2026-08-01,sobota,katowice,Spider-Man. Całkiem nowy dzień 3D (dubbing),Cinema City Katowice Silesia,15:00,3D,dubbing,regular,2026-08-01T10:03:27.247701
2026-08-01,sobota,katowice,Spider-Man. Całkiem nowy dzień 3D (dubbing),Multikino Katowice,18:10,3D,dubbing,regular,2026-08-01T10:03:27.247701
2026-08-01,sobota,katowice,Straszny film,Cinema City Katowice Punkt 44,22:30,,,regular,2026-08-01T10:03:27.247701
2026-08-01,sobota,katowice,Straszny film,Cinema City Katowice Silesia,22:10,,,regular,2026-08-01T10:03:27.247701
2026-08-01,sobota,katowice,Toy Story 5 (dubbing),Cinema City Katowice Punkt 44,10:10,,dubbing,regular,2026-08-01T10:03:27.247701
2026-08-01,sobota,katowice,Toy Story 5 (dubbing),Cinema City Katowice Punkt 44,11:00,,dubbing,regular,2026-08-01T10:03:27.247701
2026-08-01,sobota,katowice,Toy Story 5 (dubbing),Cinema City Katowice Punkt 44,12:30,,dubbing,regular,2026-08-01T10:03:27.247701
2026-08-01,sobota,katowice,Toy Story 5 (dubbing),Cinema City Katowice Punkt 44,13:20,,dubbing,regular,2026-08-01T10:03:27.247701
2026-08-01,sobota,katowice,Toy Story 5 (dubbing),Cinema City Katowice Punkt 44,14:50,,dubbing,regular,2026-08-01T10:03:27.247701
2026-08-01,sobota,katowice,Toy Story 5 (dubbing),Cinema City Katowice Punkt 44,16:00,,dubbing,regular,2026-08-01T10:03:27.247701
2026-08-01,sobota,katowice,Toy Story 5 (dubbing),Cinema City Katowice Punkt 44,17:10,,dubbing,regular,2026-08-01T10:03:27.247701
2026-08-01,sobota,katowice,Toy Story 5 (dubbing),Cinema City Katowice Punkt 44,18:50,,dubbing,regular,2026-08-01T10:03:27.247701
2026-08-01,sobota,katowice,Toy Story 5 (dubbing),Cinema City Katowice Silesia,10:00,,dubbing,regular,2026-08-01T10:03:27.247701
2026-08-01,sobota,katowice,Toy Story 5 (dubbing),Cinema City Katowice Silesia,11:10,,dubbing,regular,2026-08-01T10:03:27.247701
2026-08-01,sobota,katowice,Toy Story 5 (dubbing),Cinema City Katowice Silesia,12:30,,dubbing,regular,2026-08-01T10:03:27.247701
2026-08-01,sobota,katowice,Toy Story 5 (dubbing),Cinema City Katowice Silesia,13:40,,dubbing,regular,2026-08-01T10:03:27.247701
2026-08-01,sobota,katowice,Toy Story 5 (dubbing),Cinema City Katowice Silesia,16:10,,dubbing,regular,2026-08-01T10:03:27.247701
2026-08-01,sobota,katowice,Toy Story 5 (dubbing),Cinema City Katowice Silesia,18:40,,dubbing,regular,2026-08-01T10:03:27.247701
2026-08-01,sobota,katowice,Toy Story 5 (dubbing),Helios Katowice,10:00,,dubbing,regular,2026-08-01T10:03:27.247701
2026-08-01,sobota,katowice,Toy Story 5 (dubbing),Helios Katowice,17:00,,dubbing,regular,2026-08-01T10:03:27.247701
2026-08-01,sobota,katowice,Toy Story 5 (dubbing),Multikino Katowice,10:05,,dubbing,regular,2026-08-01T10:03:27.247701
2026-08-01,sobota,katowice,Toy Story 5 (dubbing),Multikino Katowice,12:35,,dubbing,regular,2026-08-01T10:03:27.247701
2026-08-01,sobota,katowice,Toy Story 5 (dubbing),Multikino Katowice,15:00,,dubbing,regular,2026-08-01T10:03:27.247701
2026-08-01,sobota,katowice,Vaiana,Helios Katowice,11:10,,,regular,2026-08-01T10:03:27.247701
2026-08-01,sobota,katowice,Vaiana,Helios Katowice,15:00,,,regular,2026-08-01T10:03:27.247701
2026-08-01,sobota,katowice,Vaiana,Helios Katowice,17:45,,,regular,2026-08-01T10:03:27.247701
2026-08-01,sobota,katowice,Vaiana (dubbing),Cinema City Katowice Punkt 44,10:30,,dubbing,regular,2026-08-01T10:03:27.247701
2026-08-01,sobota,katowice,Vaiana (dubbing),Cinema City Katowice Punkt 44,13:10,,dubbing,regular,2026-08-01T10:03:27.247701
2026-08-01,sobota,katowice,Vaiana (dubbing),Cinema City Katowice Punkt 44,15:50,,dubbing,regular,2026-08-01T10:03:27.247701
2026-08-01,sobota,katowice,Vaiana (dubbing),Cinema City Katowice Punkt 44,18:30,,dubbing,regular,2026-08-01T10:03:27.247701
2026-08-01,sobota,katowice,Vaiana (dubbing),Cinema City Katowice Silesia,10:00,,dubbing,regular,2026-08-01T10:03:27.247701
2026-08-01,sobota,katowice,Vaiana (dubbing),Cinema City Katowice Silesia,11:20,,dubbing,regular,2026-08-01T10:03:27.247701
2026-08-01,sobota,katowice,Vaiana (dubbing),Cinema City Katowice Silesia,14:10,,dubbing,regular,2026-08-01T10:03:27.247701
2026-08-01,sobota,katowice,Vaiana (dubbing),Cinema City Katowice Silesia,16:50,,dubbing,regular,2026-08-01T10:03:27.247701
2026-08-01,sobota,katowice,Vaiana (dubbing),Multikino Katowice,10:00,,dubbing,regular,2026-08-01T10:03:27.247701
2026-08-01,sobota,katowice,Vaiana (dubbing),Multikino Katowice,14:15,,dubbing,regular,2026-08-01T10:03:27.247701
2026-08-01,sobota,katowice,Vaiana (wersja karaoke),Multikino Katowice,11:00,,,regular,2026-08-01T10:03:27.247701
2026-08-01,sobota,katowice,WALL-E (dubbing),Cinema City Katowice Punkt 44,15:50,,dubbing,regular,2026-08-01T10:03:27.247701
2026-08-01,sobota,katowice,WALL-E (dubbing),Cinema City Katowice Silesia,16:20,,dubbing,regular,2026-08-01T10:03:27.247701
2026-08-01,sobota,katowice,Wartość sentymentalna,Kinoteatr Rialto w Katowicach,13:45,,,regular,2026-08-01T10:03:27.247701
2026-08-01,sobota,katowice,Zaproszenie,Cinema City Katowice Punkt 44,19:40,,,regular,2026-08-01T10:03:27.247701
2026-08-01,sobota,katowice,Zaproszenie,Cinema City Katowice Punkt 44,22:10,,,regular,2026-08-01T10:03:27.247701
2026-08-01,sobota,katowice,Zaproszenie,Cinema City Katowice Silesia,20:20,,,regular,2026-08-01T10:03:27.247701
2026-08-01,sobota,katowice,Zaproszenie,Kino Kosmos w Katowicach,16:15,,,regular,2026-08-01T10:03:27.247701
2026-08-01,sobota,katowice,Zaproszenie,Kino Studyjne Światowid w Katowicach,11:45,,,regular,2026-08-01T10:03:27.247701
2026-08-01,sobota,katowice,Zaproszenie,Kino Studyjne Światowid w Katowicach,18:15,,,regular,2026-08-01T10:03:27.247701
2026-08-01,sobota,katowice,Zaproszenie,Kinoteatr Rialto w Katowicach,20:00,,,regular,2026-08-01T10:03:27.247701
2026-08-01,sobota,katowice,Zaproszenie,Multikino Katowice,17:30,,,regular,2026-08-01T10:03:27.247701
2026-08-01,sobota,katowice,Людина-павук: Абсолютно новий день / Spider-Man. Całkiem nowy dzień (ukr.),Multikino Katowice,12:15,,,regular,2026-08-01T10:03:27.247701
2026-08-01,sobota,katowice,Людина-павук: Абсолютно новий день / Spider-Man. Całkiem nowy dzień (ukr.),Multikino Katowice,15:25,,,regular,2026-08-01T10:03:27.247701
2026-08-01,sobota,katowice,Людина-павук: Абсолютно новий день / Spider-Man. Całkiem nowy dzień (ukr.),Multikino Katowice,18:35,,,regular,2026-08-01T10:03:27.247701
2026-08-01,sobota,białystok,Backrooms. Bez wyjścia,Helios Białystok Alfa,20:00,,,regular,2026-08-01T10:03:30.189593
2026-08-01,sobota,białystok,Backrooms. Bez wyjścia,Helios Białystok Atrium Biała,20:30,,,regular,2026-08-01T10:03:30.189593
2026-08-01,sobota,białystok,Backrooms. Bez wyjścia,Helios Białystok Jurowiecka,21:30,,,regular,2026-08-01T10:03:30.189593
2026-08-01,sobota,białystok,Ekipa zwierzaków,Helios Białystok Alfa,10:30,,,regular,2026-08-01T10:03:30.189593
2026-08-01,sobota,białystok,Ekipa zwierzaków,Helios Białystok Alfa,12:40,,,regular,2026-08-01T10:03:30.189593
2026-08-01,sobota,białystok,Ekipa zwierzaków,Helios Białystok Atrium Biała,11:00,,,regular,2026-08-01T10:03:30.189593
2026-08-01,sobota,białystok,Ekipa zwierzaków,Helios Białystok Jurowiecka,10:00,,,regular,2026-08-01T10:03:30.189593
2026-08-01,sobota,białystok,Ekipa zwierzaków,Helios Białystok Jurowiecka,12:50,,,regular,2026-08-01T10:03:30.189593
2026-08-01,sobota,białystok,Jej piekło,Helios Białystok Alfa,16:30,,,regular,2026-08-01T10:03:30.189593
2026-08-01,sobota,białystok,Martwe zło: Ogień,Helios Białystok Alfa,21:15,,,regular,2026-08-01T10:03:30.189593
2026-08-01,sobota,białystok,Martwe zło: Ogień,Helios Białystok Atrium Biała,20:20,,,regular,2026-08-01T10:03:30.189593
2026-08-01,sobota,białystok,Minionki i straszydła (dubbing),Helios Białystok Alfa,10:00,,dubbing,regular,2026-08-01T10:03:30.189593
2026-08-01,sobota,białystok,Minionki i straszydła (dubbing),Helios Białystok Alfa,11:10,,dubbing,regular,2026-08-01T10:03:30.189593
2026-08-01,sobota,białystok,Minionki i straszydła (dubbing),Helios Białystok Alfa,13:30,,dubbing,regular,2026-08-01T10:03:30.189593
2026-08-01,sobota,białystok,Minionki i straszydła (dubbing),Helios Białystok Alfa,15:50,,dubbing,regular,2026-08-01T10:03:30.189593
2026-08-01,sobota,białystok,Minionki i straszydła (dubbing),Helios Białystok Alfa,18:15,,dubbing,regular,2026-08-01T10:03:30.189593
2026-08-01,sobota,białystok,Minionki i straszydła (dubbing),Helios Białystok Atrium Biała,10:00,,dubbing,regular,2026-08-01T10:03:30.189593
2026-08-01,sobota,białystok,Minionki i straszydła (dubbing),Helios Białystok Atrium Biała,10:50,,dubbing,regular,2026-08-01T10:03:30.189593
2026-08-01,sobota,białystok,Minionki i straszydła (dubbing),Helios Białystok Atrium Biała,12:20,,dubbing,regular,2026-08-01T10:03:30.189593
2026-08-01,sobota,białystok,Minionki i straszydła (dubbing),Helios Białystok Atrium Biała,13:45,,dubbing,regular,2026-08-01T10:03:30.189593
2026-08-01,sobota,białystok,Minionki i straszydła (dubbing),Helios Białystok Atrium Biała,16:00,,dubbing,regular,2026-08-01T10:03:30.189593
2026-08-01,sobota,białystok,Minionki i straszydła (dubbing),Helios Białystok Atrium Biała,18:15,,dubbing,regular,2026-08-01T10:03:30.189593
2026-08-01,sobota,białystok,Minionki i straszydła (dubbing),Helios Białystok Jurowiecka,10:00,,dubbing,regular,2026-08-01T10:03:30.189593
2026-08-01,sobota,białystok,Minionki i straszydła (dubbing),Helios Białystok Jurowiecka,11:00,,dubbing,regular,2026-08-01T10:03:30.189593
2026-08-01,sobota,białystok,Minionki i straszydła (dubbing),Helios Białystok Jurowiecka,13:20,,dubbing,regular,2026-08-01T10:03:30.189593
2026-08-01,sobota,białystok,Minionki i straszydła (dubbing),Helios Białystok Jurowiecka,15:45,,dubbing,regular,2026-08-01T10:03:30.189593
2026-08-01,sobota,białystok,Minionki i straszydła (dubbing),Helios Białystok Jurowiecka,17:45,,dubbing,regular,2026-08-01T10:03:30.189593
2026-08-01,sobota,białystok,O czym sobie nie mówimy,Kino Forum - Białostocki Ośrodek Kultury,14:45,,,regular,2026-08-01T10:03:30.189593
2026-08-01,sobota,białystok,Obsesja,Helios Białystok Atrium Biała,20:00,,,regular,2026-08-01T10:03:30.189593
2026-08-01,sobota,białystok,Odyseja,Helios Białystok Alfa,11:30,,,regular,2026-08-01T10:03:30.189593
2026-08-01,sobota,białystok,Odyseja,Helios Białystok Alfa,12:50,,,regular,2026-08-01T10:03:30.189593
2026-08-01,sobota,białystok,Odyseja,Helios Białystok Alfa,15:00,,,regular,2026-08-01T10:03:30.189593
2026-08-01,sobota,białystok,Odyseja,Helios Białystok Alfa,19:00,,,regular,2026-08-01T10:03:30.189593
2026-08-01,sobota,białystok,Odyseja,Helios Białystok Alfa,20:30,,,regular,2026-08-01T10:03:30.189593
2026-08-01,sobota,białystok,Odyseja,Helios Białystok Atrium Biała,11:20,,,regular,2026-08-01T10:03:30.189593
2026-08-01,sobota,białystok,Odyseja,Helios Białystok Atrium Biała,12:45,,,regular,2026-08-01T10:03:30.189593
2026-08-01,sobota,białystok,Odyseja,Helios Białystok Atrium Biała,13:30,,,regular,2026-08-01T10:03:30.189593
2026-08-01,sobota,białystok,Odyseja,Helios Białystok Atrium Biała,16:30,,,regular,2026-08-01T10:03:30.189593
2026-08-01,sobota,białystok,Odyseja,Helios Białystok Atrium Biała,17:15,,,regular,2026-08-01T10:03:30.189593
2026-08-01,sobota,białystok,Odyseja,Helios Białystok Atrium Biała,19:45,,,regular,2026-08-01T10:03:30.189593
2026-08-01,sobota,białystok,Odyseja,Helios Białystok Atrium Biała,21:00,,,regular,2026-08-01T10:03:30.189593
2026-08-01,sobota,białystok,Odyseja,Helios Białystok Jurowiecka,12:15,,,regular,2026-08-01T10:03:30.189593
2026-08-01,sobota,białystok,Odyseja,Helios Białystok Jurowiecka,16:00,,,regular,2026-08-01T10:03:30.189593
2026-08-01,sobota,białystok,Odyseja,Helios Białystok Jurowiecka,18:00,,,regular,2026-08-01T10:03:30.189593
2026-08-01,sobota,białystok,Odyseja,Helios Białystok Jurowiecka,19:45,,,regular,2026-08-01T10:03:30.189593
2026-08-01,sobota,białystok,Odyseja,Kino Forum - Białostocki Ośrodek Kultury,17:00,,,regular,2026-08-01T10:03:30.189593
2026-08-01,sobota,białystok,Ostatni konsjerż,Kino Forum - Białostocki Ośrodek Kultury,20:30,,,regular,2026-08-01T10:03:30.189593
2026-08-01,sobota,białystok,Spider-Man. Całkiem nowy dzień,Helios Białystok Alfa,10:20,,,regular,2026-08-01T10:03:30.189593
2026-08-01,sobota,białystok,Spider-Man. Całkiem nowy dzień,Helios Białystok Alfa,12:40,,,regular,2026-08-01T10:03:30.189593
2026-08-01,sobota,białystok,Spider-Man. Całkiem nowy dzień,Helios Białystok Alfa,13:40,,,regular,2026-08-01T10:03:30.189593
2026-08-01,sobota,białystok,Spider-Man. Całkiem nowy dzień,Helios Białystok Alfa,15:10,,,regular,2026-08-01T10:03:30.189593
2026-08-01,sobota,białystok,Spider-Man. Całkiem nowy dzień,Helios Białystok Alfa,16:00,,,regular,2026-08-01T10:03:30.189593
2026-08-01,sobota,białystok,Spider-Man. Całkiem nowy dzień,Helios Białystok Alfa,17:00,,,regular,2026-08-01T10:03:30.189593
2026-08-01,sobota,białystok,Spider-Man. Całkiem nowy dzień,Helios Białystok Alfa,18:30,,,regular,2026-08-01T10:03:30.189593
2026-08-01,sobota,białystok,Spider-Man. Całkiem nowy dzień,Helios Białystok Alfa,19:15,,,regular,2026-08-01T10:03:30.189593
2026-08-01,sobota,białystok,Spider-Man. Całkiem nowy dzień,Helios Białystok Alfa,20:15,,,regular,2026-08-01T10:03:30.189593
2026-08-01,sobota,białystok,Spider-Man. Całkiem nowy dzień,Helios Białystok Alfa,21:40,,,regular,2026-08-01T10:03:30.189593
2026-08-01,sobota,białystok,Spider-Man. Całkiem nowy dzień,Helios Białystok Atrium Biała,10:20,,,regular,2026-08-01T10:03:30.189593
2026-08-01,sobota,białystok,Spider-Man. Całkiem nowy dzień,Helios Białystok Atrium Biała,11:00,,,regular,2026-08-01T10:03:30.189593
2026-08-01,sobota,białystok,Spider-Man. Całkiem nowy dzień,Helios Białystok Atrium Biała,12:10,,,regular,2026-08-01T10:03:30.189593
2026-08-01,sobota,białystok,Spider-Man. Całkiem nowy dzień,Helios Białystok Atrium Biała,13:00,,,regular,2026-08-01T10:03:30.189593
2026-08-01,sobota,białystok,Spider-Man. Całkiem nowy dzień,Helios Białystok Atrium Biała,14:15,,,regular,2026-08-01T10:03:30.189593
2026-08-01,sobota,białystok,Spider-Man. Całkiem nowy dzień,Helios Białystok Atrium Biała,15:20,,,regular,2026-08-01T10:03:30.189593
2026-08-01,sobota,białystok,Spider-Man. Całkiem nowy dzień,Helios Białystok Atrium Biała,16:15,,,regular,2026-08-01T10:03:30.189593
2026-08-01,sobota,białystok,Spider-Man. Całkiem nowy dzień,Helios Białystok Atrium Biała,17:30,,,regular,2026-08-01T10:03:30.189593
2026-08-01,sobota,białystok,Spider-Man. Całkiem nowy dzień,Helios Białystok Atrium Biała,18:30,,,regular,2026-08-01T10:03:30.189593
2026-08-01,sobota,białystok,Spider-Man. Całkiem nowy dzień,Helios Białystok Atrium Biała,19:30,,,regular,2026-08-01T10:03:30.189593
2026-08-01,sobota,białystok,Spider-Man. Całkiem nowy dzień,Helios Białystok Atrium Biała,20:45,,,regular,2026-08-01T10:03:30.189593
2026-08-01,sobota,białystok,Spider-Man. Całkiem nowy dzień,Helios Białystok Atrium Biała,21:40,,,regular,2026-08-01T10:03:30.189593
2026-08-01,sobota,białystok,Spider-Man. Całkiem nowy dzień,Helios Białystok Jurowiecka,10:50,,,regular,2026-08-01T10:03:30.189593
2026-08-01,sobota,białystok,Spider-Man. Całkiem nowy dzień,Helios Białystok Jurowiecka,12:00,,,regular,2026-08-01T10:03:30.189593
2026-08-01,sobota,białystok,Spider-Man. Całkiem nowy dzień,Helios Białystok Jurowiecka,13:30,,,regular,2026-08-01T10:03:30.189593
2026-08-01,sobota,białystok,Spider-Man. Całkiem nowy dzień,Helios Białystok Jurowiecka,14:10,,,regular,2026-08-01T10:03:30.189593
2026-08-01,sobota,białystok,Spider-Man. Całkiem nowy dzień,Helios Białystok Jurowiecka,15:15,,,regular,2026-08-01T10:03:30.189593
2026-08-01,sobota,białystok,Spider-Man. Całkiem nowy dzień,Helios Białystok Jurowiecka,17:30,,,regular,2026-08-01T10:03:30.189593
2026-08-01,sobota,białystok,Spider-Man. Całkiem nowy dzień,Helios Białystok Jurowiecka,18:30,,,regular,2026-08-01T10:03:30.189593
2026-08-01,sobota,białystok,Spider-Man. Całkiem nowy dzień,Helios Białystok Jurowiecka,19:15,,,regular,2026-08-01T10:03:30.189593
2026-08-01,sobota,białystok,Spider-Man. Całkiem nowy dzień,Helios Białystok Jurowiecka,20:45,,,regular,2026-08-01T10:03:30.189593
2026-08-01,sobota,białystok,Spider-Man. Całkiem nowy dzień,Helios Białystok Jurowiecka,21:45,,,regular,2026-08-01T10:03:30.189593
2026-08-01,sobota,białystok,Toy Story 5 (dubbing),Helios Białystok Alfa,10:10,,dubbing,regular,2026-08-01T10:03:30.189593
2026-08-01,sobota,białystok,Toy Story 5 (dubbing),Helios Białystok Alfa,12:20,,dubbing,regular,2026-08-01T10:03:30.189593
2026-08-01,sobota,białystok,Toy Story 5 (dubbing),Helios Białystok Alfa,14:50,,dubbing,regular,2026-08-01T10:03:30.189593
2026-08-01,sobota,białystok,Toy Story 5 (dubbing),Helios Białystok Atrium Biała,10:00,,dubbing,regular,2026-08-01T10:03:30.189593
2026-08-01,sobota,białystok,Toy Story 5 (dubbing),Helios Białystok Atrium Biała,14:30,,dubbing,regular,2026-08-01T10:03:30.189593
2026-08-01,sobota,białystok,Toy Story 5 (dubbing),Helios Białystok Jurowiecka,10:20,,dubbing,regular,2026-08-01T10:03:30.189593
2026-08-01,sobota,białystok,Toy Story 5 (dubbing),Helios Białystok Jurowiecka,16:45,,dubbing,regular,2026-08-01T10:03:30.189593
2026-08-01,sobota,białystok,Vaiana,Helios Białystok Alfa,10:10,,,regular,2026-08-01T10:03:30.189593
2026-08-01,sobota,białystok,Vaiana,Helios Białystok Alfa,17:15,,,regular,2026-08-01T10:03:30.189593
2026-08-01,sobota,białystok,Vaiana,Helios Białystok Atrium Biała,11:10,,,regular,2026-08-01T10:03:30.189593
2026-08-01,sobota,białystok,Vaiana,Helios Białystok Atrium Biała,15:00,,,regular,2026-08-01T10:03:30.189593
2026-08-01,sobota,białystok,Vaiana,Helios Białystok Atrium Biała,17:00,,,regular,2026-08-01T10:03:30.189593
2026-08-01,sobota,białystok,Vaiana,Helios Białystok Jurowiecka,10:40,,,regular,2026-08-01T10:03:30.189593
2026-08-01,sobota,białystok,Vaiana,Helios Białystok Jurowiecka,15:00,,,regular,2026-08-01T10:03:30.189593
2026-08-01,sobota,białystok,Zaproszenie,Helios Białystok Alfa,18:45,,,regular,2026-08-01T10:03:30.189593
2026-08-01,sobota,białystok,Zaproszenie,Helios Białystok Atrium Biała,17:45,,,regular,2026-08-01T10:03:30.189593
2026-08-01,sobota,białystok,Zaproszenie,Helios Białystok Jurowiecka,20:00,,,regular,2026-08-01T10:03:30.189593
2026-08-01,sobota,gdynia,500 mil,Gdyńskie Centrum Filmowe,17:45,,,regular,2026-08-01T10:03:32.454254
2026-08-01,sobota,gdynia,Backrooms. Bez wyjścia,Helios Gdynia,21:30,,,regular,2026-08-01T10:03:32.454254
2026-08-01,sobota,gdynia,Backrooms. Bez wyjścia (wersja rozszerzona),Gdyńskie Centrum Filmowe,14:20,,,regular,2026-08-01T10:03:32.454254
2026-08-01,sobota,gdynia,Backrooms. Bez wyjścia (wersja rozszerzona),Gdyńskie Centrum Filmowe,20:25,,,regular,2026-08-01T10:03:32.454254
2026-08-01,sobota,gdynia,Do utraty tchu,Gdyńskie Centrum Filmowe,18:00,,,regular,2026-08-01T10:03:32.454254
2026-08-01,sobota,gdynia,Drugie życie,Gdyńskie Centrum Filmowe,13:10,,,regular,2026-08-01T10:03:32.454254
2026-08-01,sobota,gdynia,Ekipa zwierzaków,Gdyńskie Centrum Filmowe,10:45,,,regular,2026-08-01T10:03:32.454254
2026-08-01,sobota,gdynia,Ekipa zwierzaków,Gdyńskie Centrum Filmowe,16:15,,,regular,2026-08-01T10:03:32.454254
2026-08-01,sobota,gdynia,Ekipa zwierzaków,Helios Gdynia,10:00,,,regular,2026-08-01T10:03:32.454254
2026-08-01,sobota,gdynia,Ekipa zwierzaków,Helios Gdynia,12:40,,,regular,2026-08-01T10:03:32.454254
2026-08-01,sobota,gdynia,Koniec imprezy,Gdyńskie Centrum Filmowe,16:45,,,regular,2026-08-01T10:03:32.454254
2026-08-01,sobota,gdynia,Minionki i straszydła (dubbing),Helios Gdynia,10:00,,dubbing,regular,2026-08-01T10:03:32.454254
2026-08-01,sobota,gdynia,Minionki i straszydła (dubbing),Helios Gdynia,10:50,,dubbing,regular,2026-08-01T10:03:32.454254
2026-08-01,sobota,gdynia,Minionki i straszydła (dubbing),Helios Gdynia,12:20,,dubbing,regular,2026-08-01T10:03:32.454254
2026-08-01,sobota,gdynia,Minionki i straszydła (dubbing),Helios Gdynia,14:30,,dubbing,regular,2026-08-01T10:03:32.454254
2026-08-01,sobota,gdynia,Minionki i straszydła (dubbing),Helios Gdynia,16:40,,dubbing,regular,2026-08-01T10:03:32.454254
2026-08-01,sobota,gdynia,Minionki i straszydła (dubbing),Helios Gdynia,17:30,,dubbing,regular,2026-08-01T10:03:32.454254
2026-08-01,sobota,gdynia,O czym sobie nie mówimy,Gdyńskie Centrum Filmowe,11:50,,,regular,2026-08-01T10:03:32.454254
2026-08-01,sobota,gdynia,Obsesja,Helios Gdynia,19:00,,,regular,2026-08-01T10:03:32.454254
2026-08-01,sobota,gdynia,Odyseja,Gdyńskie Centrum Filmowe,20:15,,,regular,2026-08-01T10:03:32.454254
2026-08-01,sobota,gdynia,Odyseja,Helios Gdynia,10:20,,,regular,2026-08-01T10:03:32.454254
2026-08-01,sobota,gdynia,Odyseja,Helios Gdynia,14:00,,,regular,2026-08-01T10:03:32.454254
2026-08-01,sobota,gdynia,Odyseja,Helios Gdynia,14:50,,,regular,2026-08-01T10:03:32.454254
2026-08-01,sobota,gdynia,Odyseja,Helios Gdynia,17:40,,,regular,2026-08-01T10:03:32.454254
2026-08-01,sobota,gdynia,Odyseja,Helios Gdynia,18:30,,,regular,2026-08-01T10:03:32.454254
2026-08-01,sobota,gdynia,Odyseja,Helios Gdynia,19:45,,,regular,2026-08-01T10:03:32.454254
2026-08-01,sobota,gdynia,Odyseja,Helios Gdynia,21:20,,,regular,2026-08-01T10:03:32.454254
2026-08-01,sobota,gdynia,Ojczyzna,Gdyńskie Centrum Filmowe,12:35,,,regular,2026-08-01T10:03:32.454254
2026-08-01,sobota,gdynia,Ostatni konsjerż,Gdyńskie Centrum Filmowe,18:35,,,regular,2026-08-01T10:03:32.454254
2026-08-01,sobota,gdynia,Pucio,Gdyńskie Centrum Filmowe,10:30,,,regular,2026-08-01T10:03:32.454254
2026-08-01,sobota,gdynia,Spider-Man. Całkiem nowy dzień,Gdyńskie Centrum Filmowe,20:00,,,regular,2026-08-01T10:03:32.454254
2026-08-01,sobota,gdynia,Spider-Man. Całkiem nowy dzień,Helios Gdynia,10:30,,,regular,2026-08-01T10:03:32.454254
2026-08-01,sobota,gdynia,Spider-Man. Całkiem nowy dzień,Helios Gdynia,11:40,,,regular,2026-08-01T10:03:32.454254
2026-08-01,sobota,gdynia,Spider-Man. Całkiem nowy dzień,Helios Gdynia,13:15,,,regular,2026-08-01T10:03:32.454254
2026-08-01,sobota,gdynia,Spider-Man. Całkiem nowy dzień,Helios Gdynia,13:45,,,regular,2026-08-01T10:03:32.454254
2026-08-01,sobota,gdynia,Spider-Man. Całkiem nowy dzień,Helios Gdynia,15:00,,,regular,2026-08-01T10:03:32.454254
2026-08-01,sobota,gdynia,Spider-Man. Całkiem nowy dzień,Helios Gdynia,16:20,,,regular,2026-08-01T10:03:32.454254
2026-08-01,sobota,gdynia,Spider-Man. Całkiem nowy dzień,Helios Gdynia,17:00,,,regular,2026-08-01T10:03:32.454254
2026-08-01,sobota,gdynia,Spider-Man. Całkiem nowy dzień,Helios Gdynia,18:15,,,regular,2026-08-01T10:03:32.454254
2026-08-01,sobota,gdynia,Spider-Man. Całkiem nowy dzień,Helios Gdynia,19:30,,,regular,2026-08-01T10:03:32.454254
2026-08-01,sobota,gdynia,Spider-Man. Całkiem nowy dzień,Helios Gdynia,20:15,,,regular,2026-08-01T10:03:32.454254
2026-08-01,sobota,gdynia,Spider-Man. Całkiem nowy dzień,Helios Gdynia,21:30,,,regular,2026-08-01T10:03:32.454254
2026-08-01,sobota,gdynia,Toy Story 5 (dubbing),Gdyńskie Centrum Filmowe,11:00,,dubbing,regular,2026-08-01T10:03:32.454254
2026-08-01,sobota,gdynia,Toy Story 5 (dubbing),Helios Gdynia,10:10,,dubbing,regular,2026-08-01T10:03:32.454254
2026-08-01,sobota,gdynia,Toy Story 5 (dubbing),Helios Gdynia,12:10,,dubbing,regular,2026-08-01T10:03:32.454254
2026-08-01,sobota,gdynia,Toy Story 5 (dubbing),Helios Gdynia,15:40,,dubbing,regular,2026-08-01T10:03:32.454254
2026-08-01,sobota,gdynia,Vaiana,Helios Gdynia,10:40,,,regular,2026-08-01T10:03:32.454254
2026-08-01,sobota,gdynia,Vaiana,Helios Gdynia,13:00,,,regular,2026-08-01T10:03:32.454254
2026-08-01,sobota,gdynia,Vaiana,Helios Gdynia,14:40,,,regular,2026-08-01T10:03:32.454254
2026-08-01,sobota,gdynia,Vaiana,Helios Gdynia,18:00,,,regular,2026-08-01T10:03:32.454254
2026-08-01,sobota,gdynia,Vaiana (dubbing),Gdyńskie Centrum Filmowe,15:30,,dubbing,regular,2026-08-01T10:03:32.454254
2026-08-01,sobota,gdynia,Zaproszenie,Gdyńskie Centrum Filmowe,14:10,,,regular,2026-08-01T10:03:32.454254
2026-08-01,sobota,gdynia,Zaproszenie,Helios Gdynia,20:45,,,regular,2026-08-01T10:03:32.454254
2026-08-01,sobota,częstochowa,Backrooms. Bez wyjścia (wersja rozszerzona),Cinema City Częstochowa Galeria Jurajska,21:45,,,regular,2026-08-01T10:03:35.345682
2026-08-01,sobota,częstochowa,Backrooms. Bez wyjścia (wersja rozszerzona),Cinema City Częstochowa Wolność,20:20,,,regular,2026-08-01T10:03:35.345682
2026-08-01,sobota,częstochowa,Ekipa zwierzaków,Kino Studyjne OKF Iluzja w Częstochowie,11:00,,,regular,2026-08-01T10:03:35.345682
2026-08-01,sobota,częstochowa,Ekipa zwierzaków (dubbing),Cinema City Częstochowa Galeria Jurajska,11:10,,dubbing,regular,2026-08-01T10:03:35.345682
2026-08-01,sobota,częstochowa,Ekipa zwierzaków (dubbing),Cinema City Częstochowa Galeria Jurajska,15:10,,dubbing,regular,2026-08-01T10:03:35.345682
2026-08-01,sobota,częstochowa,Ekipa zwierzaków (dubbing),Cinema City Częstochowa Wolność,12:20,,dubbing,regular,2026-08-01T10:03:35.345682
2026-08-01,sobota,częstochowa,Gdzie jest Dory? (dubbing),Cinema City Częstochowa Galeria Jurajska,14:00,,dubbing,regular,2026-08-01T10:03:35.345682
2026-08-01,sobota,częstochowa,Gdzie jest Dory? (dubbing),Cinema City Częstochowa Wolność,13:30,,dubbing,regular,2026-08-01T10:03:35.345682
2026-08-01,sobota,częstochowa,Gdzie jest Nemo? 3D (dubbing),Cinema City Częstochowa Galeria Jurajska,11:30,3D,dubbing,regular,2026-08-01T10:03:35.345682
2026-08-01,sobota,częstochowa,Gdzie jest Nemo? 3D (dubbing),Cinema City Częstochowa Wolność,11:00,3D,dubbing,regular,2026-08-01T10:03:35.345682
2026-08-01,sobota,częstochowa,Góra mocy,Cinema City Częstochowa Wolność,18:40,,,regular,2026-08-01T10:03:35.345682
2026-08-01,sobota,częstochowa,Góra mocy (dubbing),Cinema City Częstochowa Wolność,10:10,,dubbing,regular,2026-08-01T10:03:35.345682
2026-08-01,sobota,częstochowa,Jej piekło,Cinema City Częstochowa Galeria Jurajska,22:00,,,regular,2026-08-01T10:03:35.345682
2026-08-01,sobota,częstochowa,Martwe zło: Ogień,Cinema City Częstochowa Galeria Jurajska,19:30,,,regular,2026-08-01T10:03:35.345682
2026-08-01,sobota,częstochowa,Minionki i straszydła (dubbing),Cinema City Częstochowa Galeria Jurajska,10:50,,dubbing,regular,2026-08-01T10:03:35.345682
2026-08-01,sobota,częstochowa,Minionki i straszydła (dubbing),Cinema City Częstochowa Galeria Jurajska,13:00,,dubbing,regular,2026-08-01T10:03:35.345682
2026-08-01,sobota,częstochowa,Minionki i straszydła (dubbing),Cinema City Częstochowa Galeria Jurajska,17:20,,dubbing,regular,2026-08-01T10:03:35.345682
2026-08-01,sobota,częstochowa,Minionki i straszydła (dubbing),Cinema City Częstochowa Wolność,11:40,,dubbing,regular,2026-08-01T10:03:35.345682
2026-08-01,sobota,częstochowa,Minionki i straszydła (dubbing),Cinema City Częstochowa Wolność,18:15,,dubbing,regular,2026-08-01T10:03:35.345682
2026-08-01,sobota,częstochowa,Młody Waszyngton,Cinema City Częstochowa Galeria Jurajska,18:50,,,regular,2026-08-01T10:03:35.345682
2026-08-01,sobota,częstochowa,Młody Waszyngton,Cinema City Częstochowa Wolność,20:40,,,regular,2026-08-01T10:03:35.345682
2026-08-01,sobota,częstochowa,Młody Waszyngton,Kino Studyjne OKF Iluzja w Częstochowie,20:30,,,regular,2026-08-01T10:03:35.345682
2026-08-01,sobota,częstochowa,O czym sobie nie mówimy,Cinema City Częstochowa Wolność,14:30,,,regular,2026-08-01T10:03:35.345682
2026-08-01,sobota,częstochowa,Obsesja,Cinema City Częstochowa Galeria Jurajska,18:40,,,regular,2026-08-01T10:03:35.345682
2026-08-01,sobota,częstochowa,Obsesja,Cinema City Częstochowa Wolność,21:00,,,regular,2026-08-01T10:03:35.345682
2026-08-01,sobota,częstochowa,Odyseja,Cinema City Częstochowa Galeria Jurajska,10:30,,,regular,2026-08-01T10:03:35.345682
2026-08-01,sobota,częstochowa,Odyseja,Cinema City Częstochowa Galeria Jurajska,14:10,,,regular,2026-08-01T10:03:35.345682
2026-08-01,sobota,częstochowa,Odyseja,Cinema City Częstochowa Galeria Jurajska,17:50,,,regular,2026-08-01T10:03:35.345682
2026-08-01,sobota,częstochowa,Odyseja,Cinema City Częstochowa Galeria Jurajska,19:00,,,regular,2026-08-01T10:03:35.345682
2026-08-01,sobota,częstochowa,Odyseja,Cinema City Częstochowa Galeria Jurajska,20:50,,,regular,2026-08-01T10:03:35.345682
2026-08-01,sobota,częstochowa,Odyseja,Cinema City Częstochowa Galeria Jurajska,21:30,,,regular,2026-08-01T10:03:35.345682
2026-08-01,sobota,częstochowa,Odyseja,Cinema City Częstochowa Wolność,12:00,,,regular,2026-08-01T10:03:35.345682
2026-08-01,sobota,częstochowa,Odyseja,Cinema City Częstochowa Wolność,15:30,,,regular,2026-08-01T10:03:35.345682
2026-08-01,sobota,częstochowa,Odyseja,Cinema City Częstochowa Wolność,17:10,,,regular,2026-08-01T10:03:35.345682
2026-08-01,sobota,częstochowa,Odyseja,Cinema City Częstochowa Wolność,19:15,,,regular,2026-08-01T10:03:35.345682
2026-08-01,sobota,częstochowa,Odyseja,Cinema City Częstochowa Wolność,20:50,,,regular,2026-08-01T10:03:35.345682
2026-08-01,sobota,częstochowa,Ostatni konsjerż,Kino Studyjne OKF Iluzja w Częstochowie,16:45,,,regular,2026-08-01T10:03:35.345682
2026-08-01,sobota,częstochowa,Requiem dla snu,Cinema City Częstochowa Galeria Jurajska,21:10,,,regular,2026-08-01T10:03:35.345682
2026-08-01,sobota,częstochowa,Requiem dla snu,Cinema City Częstochowa Wolność,13:50,,,regular,2026-08-01T10:03:35.345682
2026-08-01,sobota,częstochowa,Spider-Man. Całkiem nowy dzień,Cinema City Częstochowa Galeria Jurajska,10:30,,,regular,2026-08-01T10:03:35.345682
2026-08-01,sobota,częstochowa,Spider-Man. Całkiem nowy dzień,Cinema City Częstochowa Galeria Jurajska,13:40,,,regular,2026-08-01T10:03:35.345682
2026-08-01,sobota,częstochowa,Spider-Man. Całkiem nowy dzień,Cinema City Częstochowa Galeria Jurajska,16:50,,,regular,2026-08-01T10:03:35.345682
2026-08-01,sobota,częstochowa,Spider-Man. Całkiem nowy dzień,Cinema City Częstochowa Galeria Jurajska,20:00,,,regular,2026-08-01T10:03:35.345682
2026-08-01,sobota,częstochowa,Spider-Man. Całkiem nowy dzień,Cinema City Częstochowa Galeria Jurajska,21:40,,,regular,2026-08-01T10:03:35.345682
2026-08-01,sobota,częstochowa,Spider-Man. Całkiem nowy dzień,Cinema City Częstochowa Wolność,11:00,,,regular,2026-08-01T10:03:35.345682
2026-08-01,sobota,częstochowa,Spider-Man. Całkiem nowy dzień,Cinema City Częstochowa Wolność,14:10,,,regular,2026-08-01T10:03:35.345682
2026-08-01,sobota,częstochowa,Spider-Man. Całkiem nowy dzień,Cinema City Częstochowa Wolność,17:20,,,regular,2026-08-01T10:03:35.345682
2026-08-01,sobota,częstochowa,Spider-Man. Całkiem nowy dzień,Cinema City Częstochowa Wolność,20:30,,,regular,2026-08-01T10:03:35.345682
2026-08-01,sobota,częstochowa,Spider-Man. Całkiem nowy dzień,Cinema City Częstochowa Wolność,21:20,,,regular,2026-08-01T10:03:35.345682
2026-08-01,sobota,częstochowa,Spider-Man. Całkiem nowy dzień,Cinema City Częstochowa Wolność,22:10,,,regular,2026-08-01T10:03:35.345682
2026-08-01,sobota,częstochowa,Spider-Man. Całkiem nowy dzień (dubbing),Cinema City Częstochowa Galeria Jurajska,12:10,,dubbing,regular,2026-08-01T10:03:35.345682
2026-08-01,sobota,częstochowa,Spider-Man. Całkiem nowy dzień (dubbing),Cinema City Częstochowa Galeria Jurajska,15:20,,dubbing,regular,2026-08-01T10:03:35.345682
2026-08-01,sobota,częstochowa,Spider-Man. Całkiem nowy dzień (dubbing),Cinema City Częstochowa Galeria Jurajska,18:30,,dubbing,regular,2026-08-01T10:03:35.345682
2026-08-01,sobota,częstochowa,Spider-Man. Całkiem nowy dzień (dubbing),Cinema City Częstochowa Wolność,10:10,,dubbing,regular,2026-08-01T10:03:35.345682
2026-08-01,sobota,częstochowa,Spider-Man. Całkiem nowy dzień (dubbing),Cinema City Częstochowa Wolność,12:40,,dubbing,regular,2026-08-01T10:03:35.345682
2026-08-01,sobota,częstochowa,Spider-Man. Całkiem nowy dzień (dubbing),Cinema City Częstochowa Wolność,15:50,,dubbing,regular,2026-08-01T10:03:35.345682
2026-08-01,sobota,częstochowa,Spider-Man. Całkiem nowy dzień (dubbing),Cinema City Częstochowa Wolność,19:00,,dubbing,regular,2026-08-01T10:03:35.345682
2026-08-01,sobota,częstochowa,Spider-Man. Całkiem nowy dzień 3D,Cinema City Częstochowa Galeria Jurajska,17:40,3D,,regular,2026-08-01T10:03:35.345682
2026-08-01,sobota,częstochowa,Spider-Man. Całkiem nowy dzień 3D (dubbing),Cinema City Częstochowa Galeria Jurajska,11:20,3D,dubbing,regular,2026-08-01T10:03:35.345682
2026-08-01,sobota,częstochowa,Spider-Man. Całkiem nowy dzień 3D (dubbing),Cinema City Częstochowa Galeria Jurajska,14:30,3D,dubbing,regular,2026-08-01T10:03:35.345682
2026-08-01,sobota,częstochowa,Spider-Man. Całkiem nowy dzień 3D (dubbing),Cinema City Częstochowa Wolność,15:00,3D,dubbing,regular,2026-08-01T10:03:35.345682
2026-08-01,sobota,częstochowa,Spider-Man. Całkiem nowy dzień 3D (dubbing),Cinema City Częstochowa Wolność,18:10,3D,dubbing,regular,2026-08-01T10:03:35.345682
2026-08-01,sobota,częstochowa,Super Mario Galaxy Film (dubbing),Cinema City Częstochowa Wolność,10:20,,dubbing,regular,2026-08-01T10:03:35.345682
2026-08-01,sobota,częstochowa,Toy Story 5 (dubbing),Cinema City Częstochowa Galeria Jurajska,11:00,,dubbing,regular,2026-08-01T10:03:35.345682
2026-08-01,sobota,częstochowa,Toy Story 5 (dubbing),Cinema City Częstochowa Galeria Jurajska,13:30,,dubbing,regular,2026-08-01T10:03:35.345682
2026-08-01,sobota,częstochowa,Toy Story 5 (dubbing),Cinema City Częstochowa Galeria Jurajska,16:10,,dubbing,regular,2026-08-01T10:03:35.345682
2026-08-01,sobota,częstochowa,Toy Story 5 (dubbing),Cinema City Częstochowa Wolność,12:50,,dubbing,regular,2026-08-01T10:03:35.345682
2026-08-01,sobota,częstochowa,Toy Story 5 (dubbing),Cinema City Częstochowa Wolność,16:20,,dubbing,regular,2026-08-01T10:03:35.345682
2026-08-01,sobota,częstochowa,Vaiana (dubbing),Cinema City Częstochowa Galeria Jurajska,13:20,,dubbing,regular,2026-08-01T10:03:35.345682
2026-08-01,sobota,częstochowa,Vaiana (dubbing),Cinema City Częstochowa Galeria Jurajska,16:00,,dubbing,regular,2026-08-01T10:03:35.345682
2026-08-01,sobota,częstochowa,Vaiana (dubbing),Cinema City Częstochowa Wolność,10:00,,dubbing,regular,2026-08-01T10:03:35.345682
2026-08-01,sobota,częstochowa,Vaiana (dubbing),Cinema City Częstochowa Wolność,15:20,,dubbing,regular,2026-08-01T10:03:35.345682
2026-08-01,sobota,częstochowa,Vaiana (dubbing),Cinema City Częstochowa Wolność,18:00,,dubbing,regular,2026-08-01T10:03:35.345682
2026-08-01,sobota,częstochowa,WALL-E (dubbing),Cinema City Częstochowa Galeria Jurajska,16:20,,dubbing,regular,2026-08-01T10:03:35.345682
2026-08-01,sobota,częstochowa,WALL-E (dubbing),Cinema City Częstochowa Wolność,15:50,,dubbing,regular,2026-08-01T10:03:35.345682
2026-08-01,sobota,częstochowa,Zaproszenie,Kino Studyjne OKF Iluzja w Częstochowie,18:20,,,regular,2026-08-01T10:03:35.345682
2026-08-01,sobota,radom,Backrooms. Bez wyjścia (wersja rozszerzona),Multikino Radom,20:20,,,regular,2026-08-01T10:03:37.486131
2026-08-01,sobota,radom,Ekipa zwierzaków,Helios Radom,10:30,,,regular,2026-08-01T10:03:37.486131
2026-08-01,sobota,radom,Ekipa zwierzaków (dubbing),Kino - Mazowieckie Centrum Sztuki Współczesnej Elektrownia w Radomiu,13:30,,dubbing,regular,2026-08-01T10:03:37.486131
2026-08-01,sobota,radom,Ekipa zwierzaków (dubbing),Multikino Radom,10:40,,dubbing,regular,2026-08-01T10:03:37.486131
2026-08-01,sobota,radom,Ekipa zwierzaków (dubbing),Multikino Radom,12:50,,dubbing,regular,2026-08-01T10:03:37.486131
2026-08-01,sobota,radom,Ekipa zwierzaków (dubbing),Multikino Radom,15:50,,dubbing,regular,2026-08-01T10:03:37.486131
2026-08-01,sobota,radom,Jej piekło,Kino - Mazowieckie Centrum Sztuki Współczesnej Elektrownia w Radomiu,20:00,,,regular,2026-08-01T10:03:37.486131
2026-08-01,sobota,radom,Jej piekło,Multikino Radom,20:10,,,regular,2026-08-01T10:03:37.486131
2026-08-01,sobota,radom,Minionki i straszydła (dubbing),Helios Radom,10:10,,dubbing,regular,2026-08-01T10:03:37.486131
2026-08-01,sobota,radom,Minionki i straszydła (dubbing),Helios Radom,12:30,,dubbing,regular,2026-08-01T10:03:37.486131
2026-08-01,sobota,radom,Minionki i straszydła (dubbing),Helios Radom,14:00,,dubbing,regular,2026-08-01T10:03:37.486131
2026-08-01,sobota,radom,Minionki i straszydła (dubbing),Helios Radom,16:45,,dubbing,regular,2026-08-01T10:03:37.486131
2026-08-01,sobota,radom,Minionki i straszydła (dubbing),Multikino Radom,11:00,,dubbing,regular,2026-08-01T10:03:37.486131
2026-08-01,sobota,radom,Minionki i straszydła (dubbing),Multikino Radom,13:40,,dubbing,regular,2026-08-01T10:03:37.486131
2026-08-01,sobota,radom,Minionki i straszydła (dubbing),Multikino Radom,15:45,,dubbing,regular,2026-08-01T10:03:37.486131
2026-08-01,sobota,radom,Minionki i straszydła (dubbing),Multikino Radom,18:00,,dubbing,regular,2026-08-01T10:03:37.486131
2026-08-01,sobota,radom,Młody Waszyngton,Kino - Mazowieckie Centrum Sztuki Współczesnej Elektrownia w Radomiu,18:00,,,regular,2026-08-01T10:03:37.486131
2026-08-01,sobota,radom,Obsesja,Multikino Radom,21:45,,,regular,2026-08-01T10:03:37.486131
2026-08-01,sobota,radom,Odyseja,Helios Radom,10:20,,,regular,2026-08-01T10:03:37.486131
2026-08-01,sobota,radom,Odyseja,Helios Radom,14:45,,,regular,2026-08-01T10:03:37.486131
2026-08-01,sobota,radom,Odyseja,Helios Radom,18:30,,,regular,2026-08-01T10:03:37.486131
2026-08-01,sobota,radom,Odyseja,Helios Radom,20:30,,,regular,2026-08-01T10:03:37.486131
2026-08-01,sobota,radom,Odyseja,Multikino Radom,10:00,,,regular,2026-08-01T10:03:37.486131
2026-08-01,sobota,radom,Odyseja,Multikino Radom,14:30,,,regular,2026-08-01T10:03:37.486131
2026-08-01,sobota,radom,Odyseja,Multikino Radom,18:10,,,regular,2026-08-01T10:03:37.486131
2026-08-01,sobota,radom,Pucio,Multikino Radom,10:00,,,regular,2026-08-01T10:03:37.486131
2026-08-01,sobota,radom,Requiem dla snu,Kino - Mazowieckie Centrum Sztuki Współczesnej Elektrownia w Radomiu,16:00,,,regular,2026-08-01T10:03:37.486131
2026-08-01,sobota,radom,Spider-Man. Całkiem nowy dzień,Helios Radom,11:15,,,regular,2026-08-01T10:03:37.486131
2026-08-01,sobota,radom,Spider-Man. Całkiem nowy dzień,Helios Radom,13:30,,,regular,2026-08-01T10:03:37.486131
2026-08-01,sobota,radom,Spider-Man. Całkiem nowy dzień,Helios Radom,14:20,,,regular,2026-08-01T10:03:37.486131
2026-08-01,sobota,radom,Spider-Man. Całkiem nowy dzień,Helios Radom,16:15,,,regular,2026-08-01T10:03:37.486131
2026-08-01,sobota,radom,Spider-Man. Całkiem nowy dzień,Helios Radom,17:30,,,regular,2026-08-01T10:03:37.486131
2026-08-01,sobota,radom,Spider-Man. Całkiem nowy dzień,Helios Radom,19:00,,,regular,2026-08-01T10:03:37.486131
2026-08-01,sobota,radom,Spider-Man. Całkiem nowy dzień,Helios Radom,19:30,,,regular,2026-08-01T10:03:37.486131
2026-08-01,sobota,radom,Spider-Man. Całkiem nowy dzień,Helios Radom,20:45,,,regular,2026-08-01T10:03:37.486131
2026-08-01,sobota,radom,Spider-Man. Całkiem nowy dzień,Multikino Radom,11:15,,,regular,2026-08-01T10:03:37.486131
2026-08-01,sobota,radom,Spider-Man. Całkiem nowy dzień,Multikino Radom,13:10,,,regular,2026-08-01T10:03:37.486131
2026-08-01,sobota,radom,Spider-Man. Całkiem nowy dzień,Multikino Radom,18:00,,,regular,2026-08-01T10:03:37.486131
2026-08-01,sobota,radom,Spider-Man. Całkiem nowy dzień,Multikino Radom,20:30,,,regular,2026-08-01T10:03:37.486131
2026-08-01,sobota,radom,Spider-Man. Całkiem nowy dzień,Multikino Radom,21:10,,,regular,2026-08-01T10:03:37.486131
2026-08-01,sobota,radom,Spider-Man. Całkiem nowy dzień (dubbing),Multikino Radom,10:30,,dubbing,regular,2026-08-01T10:03:37.486131
2026-08-01,sobota,radom,Spider-Man. Całkiem nowy dzień (dubbing),Multikino Radom,12:30,,dubbing,regular,2026-08-01T10:03:37.486131
2026-08-01,sobota,radom,Spider-Man. Całkiem nowy dzień (dubbing),Multikino Radom,16:30,,dubbing,regular,2026-08-01T10:03:37.486131
2026-08-01,sobota,radom,Spider-Man. Całkiem nowy dzień (dubbing),Multikino Radom,17:10,,dubbing,regular,2026-08-01T10:03:37.486131
2026-08-01,sobota,radom,Spider-Man. Całkiem nowy dzień (dubbing),Multikino Radom,19:45,,dubbing,regular,2026-08-01T10:03:37.486131
2026-08-01,sobota,radom,Spider-Man. Całkiem nowy dzień 3D (dubbing),Multikino Radom,13:50,3D,dubbing,regular,2026-08-01T10:03:37.486131
2026-08-01,sobota,radom,Toy Story 5 (dubbing),Helios Radom,15:30,,dubbing,regular,2026-08-01T10:03:37.486131
2026-08-01,sobota,radom,Toy Story 5 (dubbing),Multikino Radom,10:05,,dubbing,regular,2026-08-01T10:03:37.486131
2026-08-01,sobota,radom,Toy Story 5 (dubbing),Multikino Radom,15:00,,dubbing,regular,2026-08-01T10:03:37.486131
2026-08-01,sobota,radom,Vaiana,Helios Radom,10:50,,,regular,2026-08-01T10:03:37.486131
2026-08-01,sobota,radom,Vaiana,Helios Radom,12:45,,,regular,2026-08-01T10:03:37.486131
2026-08-01,sobota,radom,Vaiana,Helios Radom,18:00,,,regular,2026-08-01T10:03:37.486131
2026-08-01,sobota,radom,Vaiana (wersja karaoke),Multikino Radom,17:30,,,regular,2026-08-01T10:03:37.486131
2026-08-01,sobota,sosnowiec,Backrooms. Bez wyjścia (wersja rozszerzona),Cinema City Sosnowiec,20:10,,,regular,2026-08-01T10:03:39.707164
2026-08-01,sobota,sosnowiec,Ekipa zwierzaków,Helios Sosnowiec,12:40,,,regular,2026-08-01T10:03:39.707164
2026-08-01,sobota,sosnowiec,Gdzie jest Dory? (dubbing),Cinema City Sosnowiec,13:30,,dubbing,regular,2026-08-01T10:03:39.707164
2026-08-01,sobota,sosnowiec,Gdzie jest Nemo? 3D (dubbing),Cinema City Sosnowiec,11:00,3D,dubbing,regular,2026-08-01T10:03:39.707164
2026-08-01,sobota,sosnowiec,Ghost In the Shell,Cinema City Sosnowiec,18:00,,,regular,2026-08-01T10:03:39.707164
2026-08-01,sobota,sosnowiec,Martwe zło: Ogień,Cinema City Sosnowiec,21:50,,,regular,2026-08-01T10:03:39.707164
2026-08-01,sobota,sosnowiec,Minionki i straszydła (dubbing),Cinema City Sosnowiec,10:00,,dubbing,regular,2026-08-01T10:03:39.707164
2026-08-01,sobota,sosnowiec,Minionki i straszydła (dubbing),Cinema City Sosnowiec,12:10,,dubbing,regular,2026-08-01T10:03:39.707164
2026-08-01,sobota,sosnowiec,Minionki i straszydła (dubbing),Cinema City Sosnowiec,14:20,,dubbing,regular,2026-08-01T10:03:39.707164
2026-08-01,sobota,sosnowiec,Minionki i straszydła (dubbing),Cinema City Sosnowiec,16:30,,dubbing,regular,2026-08-01T10:03:39.707164
2026-08-01,sobota,sosnowiec,Minionki i straszydła (dubbing),Helios Sosnowiec,10:20,,dubbing,regular,2026-08-01T10:03:39.707164
2026-08-01,sobota,sosnowiec,Minionki i straszydła (dubbing),Helios Sosnowiec,14:00,,dubbing,regular,2026-08-01T10:03:39.707164
2026-08-01,sobota,sosnowiec,Minionki i straszydła (dubbing),Helios Sosnowiec,16:45,,dubbing,regular,2026-08-01T10:03:39.707164
2026-08-01,sobota,sosnowiec,Młody Waszyngton,Cinema City Sosnowiec,20:45,,,regular,2026-08-01T10:03:39.707164
2026-08-01,sobota,sosnowiec,Odyseja,Cinema City Sosnowiec,10:30,,,regular,2026-08-01T10:03:39.707164
2026-08-01,sobota,sosnowiec,Odyseja,Cinema City Sosnowiec,14:15,,,regular,2026-08-01T10:03:39.707164
2026-08-01,sobota,sosnowiec,Odyseja,Cinema City Sosnowiec,18:00,,,regular,2026-08-01T10:03:39.707164
2026-08-01,sobota,sosnowiec,Odyseja,Cinema City Sosnowiec,21:35,,,regular,2026-08-01T10:03:39.707164
2026-08-01,sobota,sosnowiec,Odyseja,Helios Sosnowiec,10:30,,,regular,2026-08-01T10:03:39.707164
2026-08-01,sobota,sosnowiec,Odyseja,Helios Sosnowiec,14:45,,,regular,2026-08-01T10:03:39.707164
2026-08-01,sobota,sosnowiec,Odyseja,Helios Sosnowiec,19:00,,,regular,2026-08-01T10:03:39.707164
2026-08-01,sobota,sosnowiec,Odyseja,Helios Sosnowiec,21:00,,,regular,2026-08-01T10:03:39.707164
2026-08-01,sobota,sosnowiec,Requiem dla snu,Cinema City Sosnowiec,18:20,,,regular,2026-08-01T10:03:39.707164
2026-08-01,sobota,sosnowiec,Spider-Man. Całkiem nowy dzień,Cinema City Sosnowiec,16:50,,,regular,2026-08-01T10:03:39.707164
2026-08-01,sobota,sosnowiec,Spider-Man. Całkiem nowy dzień,Cinema City Sosnowiec,20:00,,,regular,2026-08-01T10:03:39.707164
2026-08-01,sobota,sosnowiec,Spider-Man. Całkiem nowy dzień,Helios Sosnowiec,11:10,,,regular,2026-08-01T10:03:39.707164
2026-08-01,sobota,sosnowiec,Spider-Man. Całkiem nowy dzień,Helios Sosnowiec,13:30,,,regular,2026-08-01T10:03:39.707164
2026-08-01,sobota,sosnowiec,Spider-Man. Całkiem nowy dzień,Helios Sosnowiec,14:20,,,regular,2026-08-01T10:03:39.707164
2026-08-01,sobota,sosnowiec,Spider-Man. Całkiem nowy dzień,Helios Sosnowiec,16:15,,,regular,2026-08-01T10:03:39.707164
2026-08-01,sobota,sosnowiec,Spider-Man. Całkiem nowy dzień,Helios Sosnowiec,17:30,,,regular,2026-08-01T10:03:39.707164
2026-08-01,sobota,sosnowiec,Spider-Man. Całkiem nowy dzień,Helios Sosnowiec,19:30,,,regular,2026-08-01T10:03:39.707164
2026-08-01,sobota,sosnowiec,Spider-Man. Całkiem nowy dzień,Helios Sosnowiec,20:40,,,regular,2026-08-01T10:03:39.707164
2026-08-01,sobota,sosnowiec,Spider-Man. Całkiem nowy dzień (dubbing),Cinema City Sosnowiec,10:30,,dubbing,regular,2026-08-01T10:03:39.707164
2026-08-01,sobota,sosnowiec,Spider-Man. Całkiem nowy dzień (dubbing),Cinema City Sosnowiec,13:40,,dubbing,regular,2026-08-01T10:03:39.707164
2026-08-01,sobota,sosnowiec,Spider-Man. Całkiem nowy dzień (dubbing),Cinema City Sosnowiec,18:40,,dubbing,regular,2026-08-01T10:03:39.707164
2026-08-01,sobota,sosnowiec,Spider-Man. Całkiem nowy dzień 3D,Cinema City Sosnowiec,17:40,3D,,regular,2026-08-01T10:03:39.707164
2026-08-01,sobota,sosnowiec,Spider-Man. Całkiem nowy dzień 3D (dubbing),Cinema City Sosnowiec,11:20,3D,dubbing,regular,2026-08-01T10:03:39.707164
2026-08-01,sobota,sosnowiec,Spider-Man. Całkiem nowy dzień 3D (dubbing),Cinema City Sosnowiec,14:30,3D,dubbing,regular,2026-08-01T10:03:39.707164
2026-08-01,sobota,sosnowiec,Toy Story 5 (dubbing),Cinema City Sosnowiec,12:45,,dubbing,regular,2026-08-01T10:03:39.707164
2026-08-01,sobota,sosnowiec,Vaiana,Helios Sosnowiec,10:45,,,regular,2026-08-01T10:03:39.707164
2026-08-01,sobota,sosnowiec,Vaiana,Helios Sosnowiec,18:15,,,regular,2026-08-01T10:03:39.707164
2026-08-01,sobota,sosnowiec,Vaiana (dubbing),Cinema City Sosnowiec,10:00,,dubbing,regular,2026-08-01T10:03:39.707164
2026-08-01,sobota,sosnowiec,Vaiana (dubbing),Cinema City Sosnowiec,15:20,,dubbing,regular,2026-08-01T10:03:39.707164
2026-08-01,sobota,sosnowiec,WALL-E (dubbing),Cinema City Sosnowiec,15:50,,dubbing,regular,2026-08-01T10:03:39.707164
2026-08-01,sobota,sosnowiec,Zaproszenie,Cinema City Sosnowiec,20:50,,,regular,2026-08-01T10:03:39.707164
2026-08-01,sobota,kielce,Backrooms. Bez wyjścia,Helios Kielce,20:40,,,regular,2026-08-01T10:03:42.251613
2026-08-01,sobota,kielce,Backrooms. Bez wyjścia (wersja rozszerzona),Multikino Kielce,20:40,,,regular,2026-08-01T10:03:42.251613
2026-08-01,sobota,kielce,Ekipa zwierzaków,Helios Kielce,10:20,,,regular,2026-08-01T10:03:42.251613
2026-08-01,sobota,kielce,Ekipa zwierzaków,Helios Kielce,13:50,,,regular,2026-08-01T10:03:42.251613
2026-08-01,sobota,kielce,Ekipa zwierzaków,Kino Moskwa w Kielcach,12:00,,,regular,2026-08-01T10:03:42.251613
2026-08-01,sobota,kielce,Ekipa zwierzaków,Kino Moskwa w Kielcach,15:00,,,regular,2026-08-01T10:03:42.251613
2026-08-01,sobota,kielce,Ekipa zwierzaków (dubbing),Multikino Kielce,10:10,,dubbing,regular,2026-08-01T10:03:42.251613
2026-08-01,sobota,kielce,Ekipa zwierzaków (dubbing),Multikino Kielce,12:30,,dubbing,regular,2026-08-01T10:03:42.251613
2026-08-01,sobota,kielce,Ekipa zwierzaków (dubbing),Multikino Kielce,14:40,,dubbing,regular,2026-08-01T10:03:42.251613
2026-08-01,sobota,kielce,Ekipa zwierzaków (dubbing),Multikino Kielce,16:45,,dubbing,regular,2026-08-01T10:03:42.251613
2026-08-01,sobota,kielce,Jej piekło,Multikino Kielce,20:00,,,regular,2026-08-01T10:03:42.251613
2026-08-01,sobota,kielce,Martwe zło: Ogień,Helios Kielce,21:15,,,regular,2026-08-01T10:03:42.251613
2026-08-01,sobota,kielce,Martwe zło: Ogień,Multikino Kielce,21:50,,,regular,2026-08-01T10:03:42.251613
2026-08-01,sobota,kielce,Minionki i straszydła (dubbing),Helios Kielce,10:30,,dubbing,regular,2026-08-01T10:03:42.251613
2026-08-01,sobota,kielce,Minionki i straszydła (dubbing),Helios Kielce,11:30,,dubbing,regular,2026-08-01T10:03:42.251613
2026-08-01,sobota,kielce,Minionki i straszydła (dubbing),Helios Kielce,12:45,,dubbing,regular,2026-08-01T10:03:42.251613
2026-08-01,sobota,kielce,Minionki i straszydła (dubbing),Helios Kielce,13:40,,dubbing,regular,2026-08-01T10:03:42.251613
2026-08-01,sobota,kielce,Minionki i straszydła (dubbing),Helios Kielce,16:00,,dubbing,regular,2026-08-01T10:03:42.251613
2026-08-01,sobota,kielce,Minionki i straszydła (dubbing),Helios Kielce,18:20,,dubbing,regular,2026-08-01T10:03:42.251613
2026-08-01,sobota,kielce,Minionki i straszydła (dubbing),Multikino Kielce,11:00,,dubbing,regular,2026-08-01T10:03:42.251613
2026-08-01,sobota,kielce,Minionki i straszydła (dubbing),Multikino Kielce,13:10,,dubbing,regular,2026-08-01T10:03:42.251613
2026-08-01,sobota,kielce,Minionki i straszydła (dubbing),Multikino Kielce,15:30,,dubbing,regular,2026-08-01T10:03:42.251613
2026-08-01,sobota,kielce,Minionki i straszydła (dubbing),Multikino Kielce,17:50,,dubbing,regular,2026-08-01T10:03:42.251613
2026-08-01,sobota,kielce,Monterey Pop,Kino Fenomen w Kielcach,18:00,,,regular,2026-08-01T10:03:42.251613
2026-08-01,sobota,kielce,O czym sobie nie mówimy,Kino Moskwa w Kielcach,12:30,,,regular,2026-08-01T10:03:42.251613
2026-08-01,sobota,kielce,O czym sobie nie mówimy,Kino Moskwa w Kielcach,20:00,,,regular,2026-08-01T10:03:42.251613
2026-08-01,sobota,kielce,Obsesja,Multikino Kielce,18:50,,,regular,2026-08-01T10:03:42.251613
2026-08-01,sobota,kielce,Odyseja,Helios Kielce,10:00,,,regular,2026-08-01T10:03:42.251613
2026-08-01,sobota,kielce,Odyseja,Helios Kielce,13:30,,,regular,2026-08-01T10:03:42.251613
2026-08-01,sobota,kielce,Odyseja,Helios Kielce,15:00,,,regular,2026-08-01T10:03:42.251613
2026-08-01,sobota,kielce,Odyseja,Helios Kielce,19:30,,,regular,2026-08-01T10:03:42.251613
2026-08-01,sobota,kielce,Odyseja,Helios Kielce,20:30,,,regular,2026-08-01T10:03:42.251613
2026-08-01,sobota,kielce,Odyseja,Kino Moskwa w Kielcach,19:00,,,regular,2026-08-01T10:03:42.251613
2026-08-01,sobota,kielce,Odyseja,Multikino Kielce,11:40,,,regular,2026-08-01T10:03:42.251613
2026-08-01,sobota,kielce,Odyseja,Multikino Kielce,13:40,,,regular,2026-08-01T10:03:42.251613
2026-08-01,sobota,kielce,Odyseja,Multikino Kielce,15:20,,,regular,2026-08-01T10:03:42.251613
2026-08-01,sobota,kielce,Odyseja,Multikino Kielce,16:20,,,regular,2026-08-01T10:03:42.251613
2026-08-01,sobota,kielce,Odyseja,Multikino Kielce,17:20,,,regular,2026-08-01T10:03:42.251613
2026-08-01,sobota,kielce,Odyseja,Multikino Kielce,20:00,,,regular,2026-08-01T10:03:42.251613
2026-08-01,sobota,kielce,Odyseja,Multikino Kielce,21:00,,,regular,2026-08-01T10:03:42.251613
2026-08-01,sobota,kielce,Pucio,Multikino Kielce,10:10,,,regular,2026-08-01T10:03:42.251613
2026-08-01,sobota,kielce,Pucio,Multikino Kielce,12:15,,,regular,2026-08-01T10:03:42.251613
2026-08-01,sobota,kielce,Spider-Man. Całkiem nowy dzień,Helios Kielce,10:10,,,regular,2026-08-01T10:03:42.251613
2026-08-01,sobota,kielce,Spider-Man. Całkiem nowy dzień,Helios Kielce,11:00,,,regular,2026-08-01T10:03:42.251613
2026-08-01,sobota,kielce,Spider-Man. Całkiem nowy dzień,Helios Kielce,13:15,,,regular,2026-08-01T10:03:42.251613
2026-08-01,sobota,kielce,Spider-Man. Całkiem nowy dzień,Helios Kielce,14:15,,,regular,2026-08-01T10:03:42.251613
2026-08-01,sobota,kielce,Spider-Man. Całkiem nowy dzień,Helios Kielce,15:50,,,regular,2026-08-01T10:03:42.251613
2026-08-01,sobota,kielce,Spider-Man. Całkiem nowy dzień,Helios Kielce,16:30,,,regular,2026-08-01T10:03:42.251613
2026-08-01,sobota,kielce,Spider-Man. Całkiem nowy dzień,Helios Kielce,17:30,,,regular,2026-08-01T10:03:42.251613
2026-08-01,sobota,kielce,Spider-Man. Całkiem nowy dzień,Helios Kielce,19:00,,,regular,2026-08-01T10:03:42.251613
2026-08-01,sobota,kielce,Spider-Man. Całkiem nowy dzień,Helios Kielce,19:45,,,regular,2026-08-01T10:03:42.251613
2026-08-01,sobota,kielce,Spider-Man. Całkiem nowy dzień,Helios Kielce,20:50,,,regular,2026-08-01T10:03:42.251613
2026-08-01,sobota,kielce,Spider-Man. Całkiem nowy dzień,Kino Moskwa w Kielcach,17:00,,,regular,2026-08-01T10:03:42.251613
2026-08-01,sobota,kielce,Spider-Man. Całkiem nowy dzień,Multikino Kielce,10:00,,,regular,2026-08-01T10:03:42.251613
2026-08-01,sobota,kielce,Spider-Man. Całkiem nowy dzień,Multikino Kielce,13:30,,,regular,2026-08-01T10:03:42.251613
2026-08-01,sobota,kielce,Spider-Man. Całkiem nowy dzień,Multikino Kielce,16:40,,,regular,2026-08-01T10:03:42.251613
2026-08-01,sobota,kielce,Spider-Man. Całkiem nowy dzień,Multikino Kielce,18:40,,,regular,2026-08-01T10:03:42.251613
2026-08-01,sobota,kielce,Spider-Man. Całkiem nowy dzień,Multikino Kielce,20:30,,,regular,2026-08-01T10:03:42.251613
2026-08-01,sobota,kielce,Spider-Man. Całkiem nowy dzień,Multikino Kielce,21:30,,,regular,2026-08-01T10:03:42.251613
2026-08-01,sobota,kielce,Spider-Man. Całkiem nowy dzień (dubbing),Multikino Kielce,10:30,,dubbing,regular,2026-08-01T10:03:42.251613
2026-08-01,sobota,kielce,Spider-Man. Całkiem nowy dzień (dubbing),Multikino Kielce,11:30,,dubbing,regular,2026-08-01T10:03:42.251613
2026-08-01,sobota,kielce,Spider-Man. Całkiem nowy dzień (dubbing),Multikino Kielce,14:50,,dubbing,regular,2026-08-01T10:03:42.251613
2026-08-01,sobota,kielce,Spider-Man. Całkiem nowy dzień (dubbing),Multikino Kielce,18:10,,dubbing,regular,2026-08-01T10:03:42.251613
2026-08-01,sobota,kielce,Spider-Man. Całkiem nowy dzień (dubbing),Multikino Kielce,19:50,,dubbing,regular,2026-08-01T10:03:42.251613
2026-08-01,sobota,kielce,Spider-Man. Całkiem nowy dzień 3D (dubbing),Kino Moskwa w Kielcach,14:00,3D,dubbing,regular,2026-08-01T10:03:42.251613
2026-08-01,sobota,kielce,Spider-Man. Całkiem nowy dzień 3D (dubbing),Multikino Kielce,13:50,3D,dubbing,regular,2026-08-01T10:03:42.251613
2026-08-01,sobota,kielce,Spider-Man. Całkiem nowy dzień 3D (dubbing),Multikino Kielce,17:10,3D,dubbing,regular,2026-08-01T10:03:42.251613
2026-08-01,sobota,kielce,Takie jest życie,Kino Moskwa w Kielcach,16:40,,,regular,2026-08-01T10:03:42.251613
2026-08-01,sobota,kielce,Toy Story 5 (dubbing),Helios Kielce,10:50,,dubbing,regular,2026-08-01T10:03:42.251613
2026-08-01,sobota,kielce,Toy Story 5 (dubbing),Helios Kielce,17:00,,dubbing,regular,2026-08-01T10:03:42.251613
2026-08-01,sobota,kielce,Toy Story 5 (dubbing),Multikino Kielce,10:00,,dubbing,regular,2026-08-01T10:03:42.251613
2026-08-01,sobota,kielce,Toy Story 5 (dubbing),Multikino Kielce,11:20,,dubbing,regular,2026-08-01T10:03:42.251613
2026-08-01,sobota,kielce,Toy Story 5 (dubbing),Multikino Kielce,13:50,,dubbing,regular,2026-08-01T10:03:42.251613
2026-08-01,sobota,kielce,Toy Story 5 (dubbing),Multikino Kielce,16:10,,dubbing,regular,2026-08-01T10:03:42.251613
2026-08-01,sobota,kielce,Vaiana,Helios Kielce,12:30,,,regular,2026-08-01T10:03:42.251613
2026-08-01,sobota,kielce,Vaiana,Helios Kielce,15:15,,,regular,2026-08-01T10:03:42.251613
2026-08-01,sobota,kielce,Vaiana,Helios Kielce,17:50,,,regular,2026-08-01T10:03:42.251613
2026-08-01,sobota,kielce,Vaiana (dubbing),Multikino Kielce,10:45,,dubbing,regular,2026-08-01T10:03:42.251613
2026-08-01,sobota,kielce,Vaiana (wersja karaoke),Multikino Kielce,13:20,,,regular,2026-08-01T10:03:42.251613
2026-08-01,sobota,kielce,Zaproszenie,Helios Kielce,18:45,,,regular,2026-08-01T10:03:42.251613
2026-08-01,sobota,kielce,Zaproszenie,Multikino Kielce,21:20,,,regular,2026-08-01T10:03:42.251613
2026-08-01,sobota,gliwice,Backrooms. Bez wyjścia,Cinema City Gliwice Forum,15:20,,,regular,2026-08-01T10:03:45.945846
2026-08-01,sobota,gliwice,Backrooms. Bez wyjścia,Cinema City Gliwice Forum,21:00,,,regular,2026-08-01T10:03:45.945846
2026-08-01,sobota,gliwice,Backrooms. Bez wyjścia (wersja rozszerzona),Cinema City Gliwice Forum,17:45,,,regular,2026-08-01T10:03:45.945846
2026-08-01,sobota,gliwice,Backrooms. Bez wyjścia (wersja rozszerzona),Cinema City Gliwice Forum,20:30,,,regular,2026-08-01T10:03:45.945846
2026-08-01,sobota,gliwice,Ekipa zwierzaków (dubbing),Cinema City Gliwice Forum,10:20,,dubbing,regular,2026-08-01T10:03:45.945846
2026-08-01,sobota,gliwice,Ekipa zwierzaków (dubbing),Cinema City Gliwice Forum,12:30,,dubbing,regular,2026-08-01T10:03:45.945846
2026-08-01,sobota,gliwice,Ekipa zwierzaków (dubbing),Cinema City Gliwice Forum,16:50,,dubbing,regular,2026-08-01T10:03:45.945846
2026-08-01,sobota,gliwice,Gdzie jest Dory? (dubbing),Cinema City Gliwice Forum,13:30,,dubbing,regular,2026-08-01T10:03:45.945846
2026-08-01,sobota,gliwice,Gdzie jest Nemo? 3D (dubbing),Cinema City Gliwice Forum,11:00,3D,dubbing,regular,2026-08-01T10:03:45.945846
2026-08-01,sobota,gliwice,Ghost In the Shell,Cinema City Gliwice Forum,18:00,,,regular,2026-08-01T10:03:45.945846
2026-08-01,sobota,gliwice,Góra mocy,Cinema City Gliwice Forum,14:30,,,regular,2026-08-01T10:03:45.945846
2026-08-01,sobota,gliwice,Góra mocy (dubbing),Cinema City Gliwice Forum,10:10,,dubbing,regular,2026-08-01T10:03:45.945846
2026-08-01,sobota,gliwice,Góra mocy (dubbing),Cinema City Gliwice Forum,12:20,,dubbing,regular,2026-08-01T10:03:45.945846
2026-08-01,sobota,gliwice,Jej piekło,Cinema City Gliwice Forum,20:15,,,regular,2026-08-01T10:03:45.945846
2026-08-01,sobota,gliwice,Martwe zło: Ogień,Cinema City Gliwice Forum,20:45,,,regular,2026-08-01T10:03:45.945846
2026-08-01,sobota,gliwice,Martwe zło: Ogień,Cinema City Gliwice Forum,22:20,,,regular,2026-08-01T10:03:45.945846
2026-08-01,sobota,gliwice,Minionki i straszydła (dubbing),Cinema City Gliwice Forum,10:00,,dubbing,regular,2026-08-01T10:03:45.945846
2026-08-01,sobota,gliwice,Minionki i straszydła (dubbing),Cinema City Gliwice Forum,10:50,,dubbing,regular,2026-08-01T10:03:45.945846
2026-08-01,sobota,gliwice,Minionki i straszydła (dubbing),Cinema City Gliwice Forum,12:10,,dubbing,regular,2026-08-01T10:03:45.945846
2026-08-01,sobota,gliwice,Minionki i straszydła (dubbing),Cinema City Gliwice Forum,13:00,,dubbing,regular,2026-08-01T10:03:45.945846
2026-08-01,sobota,gliwice,Minionki i straszydła (dubbing),Cinema City Gliwice Forum,14:20,,dubbing,regular,2026-08-01T10:03:45.945846
2026-08-01,sobota,gliwice,Młody Waszyngton,Cinema City Gliwice Forum,18:00,,,regular,2026-08-01T10:03:45.945846
2026-08-01,sobota,gliwice,Obsesja,Cinema City Gliwice Forum,20:50,,,regular,2026-08-01T10:03:45.945846
2026-08-01,sobota,gliwice,Odyseja,Cinema City Gliwice Forum,10:00,,,regular,2026-08-01T10:03:45.945846
2026-08-01,sobota,gliwice,Odyseja,Cinema City Gliwice Forum,11:30,,,regular,2026-08-01T10:03:45.945846
2026-08-01,sobota,gliwice,Odyseja,Cinema City Gliwice Forum,13:45,,,regular,2026-08-01T10:03:45.945846
2026-08-01,sobota,gliwice,Odyseja,Cinema City Gliwice Forum,15:00,,,regular,2026-08-01T10:03:45.945846
2026-08-01,sobota,gliwice,Odyseja,Cinema City Gliwice Forum,17:30,,,regular,2026-08-01T10:03:45.945846
2026-08-01,sobota,gliwice,Odyseja,Cinema City Gliwice Forum,18:30,,,regular,2026-08-01T10:03:45.945846
2026-08-01,sobota,gliwice,Odyseja,Cinema City Gliwice Forum,20:45,,,regular,2026-08-01T10:03:45.945846
2026-08-01,sobota,gliwice,Odyseja,Cinema City Gliwice Forum,21:15,,,regular,2026-08-01T10:03:45.945846
2026-08-01,sobota,gliwice,Odyseja,Cinema City Gliwice Forum,22:00,,,regular,2026-08-01T10:03:45.945846
2026-08-01,sobota,gliwice,Requiem dla snu,Cinema City Gliwice Forum,20:00,,,regular,2026-08-01T10:03:45.945846
2026-08-01,sobota,gliwice,Spider-Man. Całkiem nowy dzień,Cinema City Gliwice Forum,10:30,,,regular,2026-08-01T10:03:45.945846
2026-08-01,sobota,gliwice,Spider-Man. Całkiem nowy dzień,Cinema City Gliwice Forum,13:40,,,regular,2026-08-01T10:03:45.945846
2026-08-01,sobota,gliwice,Spider-Man. Całkiem nowy dzień,Cinema City Gliwice Forum,16:50,,,regular,2026-08-01T10:03:45.945846
2026-08-01,sobota,gliwice,Spider-Man. Całkiem nowy dzień,Cinema City Gliwice Forum,20:00,,,regular,2026-08-01T10:03:45.945846
2026-08-01,sobota,gliwice,Spider-Man. Całkiem nowy dzień,Cinema City Gliwice Forum,21:40,,,regular,2026-08-01T10:03:45.945846
2026-08-01,sobota,gliwice,Spider-Man. Całkiem nowy dzień (dubbing),Cinema City Gliwice Forum,10:40,,dubbing,regular,2026-08-01T10:03:45.945846
2026-08-01,sobota,gliwice,Spider-Man. Całkiem nowy dzień (dubbing),Cinema City Gliwice Forum,11:10,,dubbing,regular,2026-08-01T10:03:45.945846
2026-08-01,sobota,gliwice,Spider-Man. Całkiem nowy dzień (dubbing),Cinema City Gliwice Forum,12:10,,dubbing,regular,2026-08-01T10:03:45.945846
2026-08-01,sobota,gliwice,Spider-Man. Całkiem nowy dzień (dubbing),Cinema City Gliwice Forum,13:50,,dubbing,regular,2026-08-01T10:03:45.945846
2026-08-01,sobota,gliwice,Spider-Man. Całkiem nowy dzień (dubbing),Cinema City Gliwice Forum,14:20,,dubbing,regular,2026-08-01T10:03:45.945846
2026-08-01,sobota,gliwice,Spider-Man. Całkiem nowy dzień (dubbing),Cinema City Gliwice Forum,15:20,,dubbing,regular,2026-08-01T10:03:45.945846
2026-08-01,sobota,gliwice,Spider-Man. Całkiem nowy dzień (dubbing),Cinema City Gliwice Forum,17:00,,dubbing,regular,2026-08-01T10:03:45.945846
2026-08-01,sobota,gliwice,Spider-Man. Całkiem nowy dzień (dubbing),Cinema City Gliwice Forum,17:30,,dubbing,regular,2026-08-01T10:03:45.945846
2026-08-01,sobota,gliwice,Spider-Man. Całkiem nowy dzień (dubbing),Cinema City Gliwice Forum,18:30,,dubbing,regular,2026-08-01T10:03:45.945846
2026-08-01,sobota,gliwice,Spider-Man. Całkiem nowy dzień 3D,Cinema City Gliwice Forum,17:40,3D,,regular,2026-08-01T10:03:45.945846
2026-08-01,sobota,gliwice,Spider-Man. Całkiem nowy dzień 3D (dubbing),Cinema City Gliwice Forum,14:30,3D,dubbing,regular,2026-08-01T10:03:45.945846
2026-08-01,sobota,gliwice,Toy Story 5 (dubbing),Cinema City Gliwice Forum,11:00,,dubbing,regular,2026-08-01T10:03:45.945846
2026-08-01,sobota,gliwice,Toy Story 5 (dubbing),Cinema City Gliwice Forum,13:20,,dubbing,regular,2026-08-01T10:03:45.945846
2026-08-01,sobota,gliwice,Toy Story 5 (dubbing),Cinema City Gliwice Forum,15:40,,dubbing,regular,2026-08-01T10:03:45.945846
2026-08-01,sobota,gliwice,Toy Story 5 (dubbing),Cinema City Gliwice Forum,18:50,,dubbing,regular,2026-08-01T10:03:45.945846
2026-08-01,sobota,gliwice,Vaiana (dubbing),Cinema City Gliwice Forum,10:00,,dubbing,regular,2026-08-01T10:03:45.945846
2026-08-01,sobota,gliwice,Vaiana (dubbing),Cinema City Gliwice Forum,12:40,,dubbing,regular,2026-08-01T10:03:45.945846
2026-08-01,sobota,gliwice,Vaiana (dubbing),Cinema City Gliwice Forum,15:20,,dubbing,regular,2026-08-01T10:03:45.945846
2026-08-01,sobota,gliwice,Vaiana (dubbing),Cinema City Gliwice Forum,16:50,,dubbing,regular,2026-08-01T10:03:45.945846
2026-08-01,sobota,gliwice,WALL-E (dubbing),Cinema City Gliwice Forum,15:50,,dubbing,regular,2026-08-01T10:03:45.945846
2026-08-01,sobota,gliwice,Wędrówka na północ,Cinema City Gliwice Forum,19:30,,,regular,2026-08-01T10:03:45.945846
2026-08-01,sobota,gliwice,Wędrówka na północ,Cinema City Gliwice Forum,22:20,,,regular,2026-08-01T10:03:45.945846
2026-08-01,sobota,gliwice,Zaproszenie,Cinema City Gliwice Forum,18:20,,,regular,2026-08-01T10:03:45.945846
2026-08-01,sobota,gliwice,Zaproszenie,Cinema City Gliwice Forum,21:00,,,regular,2026-08-01T10:03:45.945846
2026-08-01,sobota,rzeszów,Backrooms. Bez wyjścia,Helios Galeria Rzeszów,20:30,,,regular,2026-08-01T10:03:49.995875
2026-08-01,sobota,rzeszów,Backrooms. Bez wyjścia (wersja rozszerzona),Multikino Rzeszów,20:40,,,regular,2026-08-01T10:03:49.995875
2026-08-01,sobota,rzeszów,Dalajlama. Przez mądrość do szczęścia,Kino za Rogiem Café w Rzeszowie,19:00,,,regular,2026-08-01T10:03:49.995875
2026-08-01,sobota,rzeszów,Ekipa zwierzaków,Helios Galeria Rzeszów,14:30,,,regular,2026-08-01T10:03:49.995875
2026-08-01,sobota,rzeszów,Ekipa zwierzaków,Kino Zorza w Rzeszowie,10:00,,,regular,2026-08-01T10:03:49.995875
2026-08-01,sobota,rzeszów,Ekipa zwierzaków,Kino Zorza w Rzeszowie,12:30,,,regular,2026-08-01T10:03:49.995875
2026-08-01,sobota,rzeszów,Ekipa zwierzaków,Kino Zorza w Rzeszowie,16:30,,,regular,2026-08-01T10:03:49.995875
2026-08-01,sobota,rzeszów,Ekipa zwierzaków (dubbing),Multikino Rzeszów,10:00,,dubbing,regular,2026-08-01T10:03:49.995875
2026-08-01,sobota,rzeszów,Ekipa zwierzaków (dubbing),Multikino Rzeszów,12:30,,dubbing,regular,2026-08-01T10:03:49.995875
2026-08-01,sobota,rzeszów,Ekipa zwierzaków (dubbing),Multikino Rzeszów,14:40,,dubbing,regular,2026-08-01T10:03:49.995875
2026-08-01,sobota,rzeszów,Ekipa zwierzaków (dubbing),Multikino Rzeszów,16:45,,dubbing,regular,2026-08-01T10:03:49.995875
2026-08-01,sobota,rzeszów,Jej piekło,Kino Zorza w Rzeszowie,14:00,,,regular,2026-08-01T10:03:49.995875
2026-08-01,sobota,rzeszów,Jej piekło,Kino Zorza w Rzeszowie,20:10,,,regular,2026-08-01T10:03:49.995875
2026-08-01,sobota,rzeszów,Jej piekło,Multikino Rzeszów,20:00,,,regular,2026-08-01T10:03:49.995875
2026-08-01,sobota,rzeszów,Martwe zło: Ogień,Multikino Rzeszów,21:50,,,regular,2026-08-01T10:03:49.995875
2026-08-01,sobota,rzeszów,Minionki i straszydła (dubbing),Helios Galeria Rzeszów,10:30,,dubbing,regular,2026-08-01T10:03:49.995875
2026-08-01,sobota,rzeszów,Minionki i straszydła (dubbing),Helios Galeria Rzeszów,11:30,,dubbing,regular,2026-08-01T10:03:49.995875
2026-08-01,sobota,rzeszów,Minionki i straszydła (dubbing),Helios Galeria Rzeszów,13:45,,dubbing,regular,2026-08-01T10:03:49.995875
2026-08-01,sobota,rzeszów,Minionki i straszydła (dubbing),Helios Galeria Rzeszów,16:00,,dubbing,regular,2026-08-01T10:03:49.995875
2026-08-01,sobota,rzeszów,Minionki i straszydła (dubbing),Helios Galeria Rzeszów,18:45,,dubbing,regular,2026-08-01T10:03:49.995875
2026-08-01,sobota,rzeszów,Minionki i straszydła (dubbing),Multikino Rzeszów,10:30,,dubbing,regular,2026-08-01T10:03:49.995875
2026-08-01,sobota,rzeszów,Minionki i straszydła (dubbing),Multikino Rzeszów,13:10,,dubbing,regular,2026-08-01T10:03:49.995875
2026-08-01,sobota,rzeszów,Minionki i straszydła (dubbing),Multikino Rzeszów,15:30,,dubbing,regular,2026-08-01T10:03:49.995875
2026-08-01,sobota,rzeszów,Minionki i straszydła (dubbing),Multikino Rzeszów,17:50,,dubbing,regular,2026-08-01T10:03:49.995875
2026-08-01,sobota,rzeszów,Młody Waszyngton,Kino Zorza w Rzeszowie,12:15,,,regular,2026-08-01T10:03:49.995875
2026-08-01,sobota,rzeszów,Młody Waszyngton,Kino Zorza w Rzeszowie,18:00,,,regular,2026-08-01T10:03:49.995875
2026-08-01,sobota,rzeszów,Obsesja,Helios Galeria Rzeszów,21:00,,,regular,2026-08-01T10:03:49.995875
2026-08-01,sobota,rzeszów,Obsesja,Multikino Rzeszów,18:50,,,regular,2026-08-01T10:03:49.995875
2026-08-01,sobota,rzeszów,Odyseja,Helios Galeria Rzeszów,10:45,,,regular,2026-08-01T10:03:49.995875
2026-08-01,sobota,rzeszów,Odyseja,Helios Galeria Rzeszów,12:50,,,regular,2026-08-01T10:03:49.995875
2026-08-01,sobota,rzeszów,Odyseja,Helios Galeria Rzeszów,16:40,,,regular,2026-08-01T10:03:49.995875
2026-08-01,sobota,rzeszów,Odyseja,Helios Galeria Rzeszów,20:15,,,regular,2026-08-01T10:03:49.995875
2026-08-01,sobota,rzeszów,Odyseja,Kino Zorza w Rzeszowie,14:30,,,regular,2026-08-01T10:03:49.995875
2026-08-01,sobota,rzeszów,Odyseja,Kino Zorza w Rzeszowie,20:15,,,regular,2026-08-01T10:03:49.995875
2026-08-01,sobota,rzeszów,Odyseja,Multikino Rzeszów,11:40,,,regular,2026-08-01T10:03:49.995875
2026-08-01,sobota,rzeszów,Odyseja,Multikino Rzeszów,13:40,,,regular,2026-08-01T10:03:49.995875
2026-08-01,sobota,rzeszów,Odyseja,Multikino Rzeszów,15:20,,,regular,2026-08-01T10:03:49.995875
2026-08-01,sobota,rzeszów,Odyseja,Multikino Rzeszów,16:20,,,regular,2026-08-01T10:03:49.995875
2026-08-01,sobota,rzeszów,Odyseja,Multikino Rzeszów,17:20,,,regular,2026-08-01T10:03:49.995875
2026-08-01,sobota,rzeszów,Odyseja,Multikino Rzeszów,20:00,,,regular,2026-08-01T10:03:49.995875
2026-08-01,sobota,rzeszów,Odyseja,Multikino Rzeszów,21:00,,,regular,2026-08-01T10:03:49.995875
2026-08-01,sobota,rzeszów,Ostatni konsjerż,Kino Zorza w Rzeszowie,18:30,,,regular,2026-08-01T10:03:49.995875
2026-08-01,sobota,rzeszów,Paddington w Peru (dubbing),Kino za Rogiem Café w Rzeszowie,17:00,,dubbing,regular,2026-08-01T10:03:49.995875
2026-08-01,sobota,rzeszów,Pucio,Multikino Rzeszów,10:10,,,regular,2026-08-01T10:03:49.995875
2026-08-01,sobota,rzeszów,Pucio,Multikino Rzeszów,12:15,,,regular,2026-08-01T10:03:49.995875
2026-08-01,sobota,rzeszów,Spider-Man. Całkiem nowy dzień,Helios Galeria Rzeszów,11:10,,,regular,2026-08-01T10:03:49.995875
2026-08-01,sobota,rzeszów,Spider-Man. Całkiem nowy dzień,Helios Galeria Rzeszów,12:30,,,regular,2026-08-01T10:03:49.995875
2026-08-01,sobota,rzeszów,Spider-Man. Całkiem nowy dzień,Helios Galeria Rzeszów,14:15,,,regular,2026-08-01T10:03:49.995875
2026-08-01,sobota,rzeszów,Spider-Man. Całkiem nowy dzień,Helios Galeria Rzeszów,15:40,,,regular,2026-08-01T10:03:49.995875
2026-08-01,sobota,rzeszów,Spider-Man. Całkiem nowy dzień,Helios Galeria Rzeszów,16:20,,,regular,2026-08-01T10:03:49.995875
2026-08-01,sobota,rzeszów,Spider-Man. Całkiem nowy dzień,Helios Galeria Rzeszów,17:30,,,regular,2026-08-01T10:03:49.995875
2026-08-01,sobota,rzeszów,Spider-Man. Całkiem nowy dzień,Helios Galeria Rzeszów,18:15,,,regular,2026-08-01T10:03:49.995875
2026-08-01,sobota,rzeszów,Spider-Man. Całkiem nowy dzień,Helios Galeria Rzeszów,19:30,,,regular,2026-08-01T10:03:49.995875
2026-08-01,sobota,rzeszów,Spider-Man. Całkiem nowy dzień,Helios Galeria Rzeszów,20:45,,,regular,2026-08-01T10:03:49.995875
2026-08-01,sobota,rzeszów,Spider-Man. Całkiem nowy dzień,Helios Galeria Rzeszów,21:20,,,regular,2026-08-01T10:03:49.995875
2026-08-01,sobota,rzeszów,Spider-Man. Całkiem nowy dzień,Kino Zorza w Rzeszowie,20:15,,,regular,2026-08-01T10:03:49.995875
2026-08-01,sobota,rzeszów,Spider-Man. Całkiem nowy dzień,Multikino Rzeszów,10:00,,,regular,2026-08-01T10:03:49.995875
2026-08-01,sobota,rzeszów,Spider-Man. Całkiem nowy dzień,Multikino Rzeszów,13:30,,,regular,2026-08-01T10:03:49.995875
2026-08-01,sobota,rzeszów,Spider-Man. Całkiem nowy dzień,Multikino Rzeszów,16:40,,,regular,2026-08-01T10:03:49.995875
2026-08-01,sobota,rzeszów,Spider-Man. Całkiem nowy dzień,Multikino Rzeszów,18:40,,,regular,2026-08-01T10:03:49.995875
2026-08-01,sobota,rzeszów,Spider-Man. Całkiem nowy dzień,Multikino Rzeszów,20:30,,,regular,2026-08-01T10:03:49.995875
2026-08-01,sobota,rzeszów,Spider-Man. Całkiem nowy dzień,Multikino Rzeszów,21:30,,,regular,2026-08-01T10:03:49.995875
2026-08-01,sobota,rzeszów,Spider-Man. Całkiem nowy dzień (dubbing),Kino Zorza w Rzeszowie,13:00,,dubbing,regular,2026-08-01T10:03:49.995875
2026-08-01,sobota,rzeszów,Spider-Man. Całkiem nowy dzień (dubbing),Kino Zorza w Rzeszowie,15:30,,dubbing,regular,2026-08-01T10:03:49.995875
2026-08-01,sobota,rzeszów,Spider-Man. Całkiem nowy dzień (dubbing),Multikino Rzeszów,10:20,,dubbing,regular,2026-08-01T10:03:49.995875
2026-08-01,sobota,rzeszów,Spider-Man. Całkiem nowy dzień (dubbing),Multikino Rzeszów,11:30,,dubbing,regular,2026-08-01T10:03:49.995875
2026-08-01,sobota,rzeszów,Spider-Man. Całkiem nowy dzień (dubbing),Multikino Rzeszów,14:50,,dubbing,regular,2026-08-01T10:03:49.995875
2026-08-01,sobota,rzeszów,Spider-Man. Całkiem nowy dzień (dubbing),Multikino Rzeszów,18:10,,dubbing,regular,2026-08-01T10:03:49.995875
2026-08-01,sobota,rzeszów,Spider-Man. Całkiem nowy dzień (dubbing),Multikino Rzeszów,19:50,,dubbing,regular,2026-08-01T10:03:49.995875
2026-08-01,sobota,rzeszów,Spider-Man. Całkiem nowy dzień 3D (dubbing),Multikino Rzeszów,13:50,3D,dubbing,regular,2026-08-01T10:03:49.995875
2026-08-01,sobota,rzeszów,Spider-Man. Całkiem nowy dzień 3D (dubbing),Multikino Rzeszów,17:10,3D,dubbing,regular,2026-08-01T10:03:49.995875
2026-08-01,sobota,rzeszów,Toy Story 5 (dubbing),Helios Galeria Rzeszów,10:10,,dubbing,regular,2026-08-01T10:03:49.995875
2026-08-01,sobota,rzeszów,Toy Story 5 (dubbing),Helios Galeria Rzeszów,12:40,,dubbing,regular,2026-08-01T10:03:49.995875
2026-08-01,sobota,rzeszów,Toy Story 5 (dubbing),Multikino Rzeszów,10:00,,dubbing,regular,2026-08-01T10:03:49.995875
2026-08-01,sobota,rzeszów,Toy Story 5 (dubbing),Multikino Rzeszów,11:20,,dubbing,regular,2026-08-01T10:03:49.995875
2026-08-01,sobota,rzeszów,Toy Story 5 (dubbing),Multikino Rzeszów,13:50,,dubbing,regular,2026-08-01T10:03:49.995875
2026-08-01,sobota,rzeszów,Toy Story 5 (dubbing),Multikino Rzeszów,16:10,,dubbing,regular,2026-08-01T10:03:49.995875
2026-08-01,sobota,rzeszów,Vaiana,Helios Galeria Rzeszów,10:00,,,regular,2026-08-01T10:03:49.995875
2026-08-01,sobota,rzeszów,Vaiana,Helios Galeria Rzeszów,15:00,,,regular,2026-08-01T10:03:49.995875
2026-08-01,sobota,rzeszów,Vaiana,Helios Galeria Rzeszów,17:45,,,regular,2026-08-01T10:03:49.995875
2026-08-01,sobota,rzeszów,Vaiana (dubbing),Multikino Rzeszów,10:40,,dubbing,regular,2026-08-01T10:03:49.995875
2026-08-01,sobota,rzeszów,Vaiana (wersja karaoke),Multikino Rzeszów,13:20,,,regular,2026-08-01T10:03:49.995875
2026-08-01,sobota,rzeszów,Wałkonie,Kino Zorza w Rzeszowie,18:30,,,regular,2026-08-01T10:03:49.995875
2026-08-01,sobota,rzeszów,Zaproszenie,Multikino Rzeszów,21:20,,,regular,2026-08-01T10:03:49.995875
2026-08-01,sobota,toruń,Backrooms. Bez wyjścia,Cinema City Toruń Czerwona Droga,14:50,,,regular,2026-08-01T10:03:53.297884
2026-08-01,sobota,toruń,Backrooms. Bez wyjścia (wersja rozszerzona),Cinema City Toruń Czerwona Droga,21:10,,,regular,2026-08-01T10:03:53.297884
2026-08-01,sobota,toruń,Backrooms. Bez wyjścia (wersja rozszerzona),Cinema City Toruń Plaza,20:20,,,regular,2026-08-01T10:03:53.297884
2026-08-01,sobota,toruń,Dzień Objawienia,Cinema City Toruń Czerwona Droga,11:40,,,regular,2026-08-01T10:03:53.297884
2026-08-01,sobota,toruń,Ekipa zwierzaków (dubbing),Cinema City Toruń Czerwona Droga,10:20,,dubbing,regular,2026-08-01T10:03:53.297884
2026-08-01,sobota,toruń,Ekipa zwierzaków (dubbing),Cinema City Toruń Czerwona Droga,12:30,,dubbing,regular,2026-08-01T10:03:53.297884
2026-08-01,sobota,toruń,Ekipa zwierzaków (dubbing),Cinema City Toruń Czerwona Droga,17:30,,dubbing,regular,2026-08-01T10:03:53.297884
2026-08-01,sobota,toruń,Ekipa zwierzaków (dubbing),Cinema City Toruń Plaza,11:20,,dubbing,regular,2026-08-01T10:03:53.297884
2026-08-01,sobota,toruń,Ekipa zwierzaków (dubbing),Cinema City Toruń Plaza,13:30,,dubbing,regular,2026-08-01T10:03:53.297884
2026-08-01,sobota,toruń,Ekipa zwierzaków (dubbing),Cinema City Toruń Plaza,15:40,,dubbing,regular,2026-08-01T10:03:53.297884
2026-08-01,sobota,toruń,Gdzie jest Dory? (dubbing),Cinema City Toruń Czerwona Droga,13:30,,dubbing,regular,2026-08-01T10:03:53.297884
2026-08-01,sobota,toruń,Gdzie jest Dory? (dubbing),Cinema City Toruń Plaza,14:00,,dubbing,regular,2026-08-01T10:03:53.297884
2026-08-01,sobota,toruń,Gdzie jest Nemo? 3D (dubbing),Cinema City Toruń Czerwona Droga,11:00,3D,dubbing,regular,2026-08-01T10:03:53.297884
2026-08-01,sobota,toruń,Gdzie jest Nemo? 3D (dubbing),Cinema City Toruń Plaza,11:30,3D,dubbing,regular,2026-08-01T10:03:53.297884
2026-08-01,sobota,toruń,Ghost In the Shell,Cinema City Toruń Czerwona Droga,17:30,,,regular,2026-08-01T10:03:53.297884
2026-08-01,sobota,toruń,Góra mocy,Cinema City Toruń Czerwona Droga,13:45,,,regular,2026-08-01T10:03:53.297884
2026-08-01,sobota,toruń,Góra mocy,Kino Centrum w Toruniu,16:00,,,regular,2026-08-01T10:03:53.297884
2026-08-01,sobota,toruń,Góra mocy (dubbing),Cinema City Toruń Czerwona Droga,10:20,,dubbing,regular,2026-08-01T10:03:53.297884
2026-08-01,sobota,toruń,Jej piekło,Cinema City Toruń Czerwona Droga,21:50,,,regular,2026-08-01T10:03:53.297884
2026-08-01,sobota,toruń,Martwe zło: Ogień,Cinema City Toruń Czerwona Droga,22:00,,,regular,2026-08-01T10:03:53.297884
2026-08-01,sobota,toruń,Martwe zło: Ogień,Cinema City Toruń Plaza,21:00,,,regular,2026-08-01T10:03:53.297884
2026-08-01,sobota,toruń,Minionki i straszydła (dubbing),Cinema City Toruń Czerwona Droga,10:00,,dubbing,regular,2026-08-01T10:03:53.297884
2026-08-01,sobota,toruń,Minionki i straszydła (dubbing),Cinema City Toruń Czerwona Droga,12:10,,dubbing,regular,2026-08-01T10:03:53.297884
2026-08-01,sobota,toruń,Minionki i straszydła (dubbing),Cinema City Toruń Czerwona Droga,14:20,,dubbing,regular,2026-08-01T10:03:53.297884
2026-08-01,sobota,toruń,Minionki i straszydła (dubbing),Cinema City Toruń Czerwona Droga,16:30,,dubbing,regular,2026-08-01T10:03:53.297884
2026-08-01,sobota,toruń,Minionki i straszydła (dubbing),Cinema City Toruń Czerwona Droga,18:40,,dubbing,regular,2026-08-01T10:03:53.297884
2026-08-01,sobota,toruń,Minionki i straszydła (dubbing),Cinema City Toruń Plaza,10:10,,dubbing,regular,2026-08-01T10:03:53.297884
2026-08-01,sobota,toruń,Minionki i straszydła (dubbing),Cinema City Toruń Plaza,12:20,,dubbing,regular,2026-08-01T10:03:53.297884
2026-08-01,sobota,toruń,Minionki i straszydła (dubbing),Cinema City Toruń Plaza,15:20,,dubbing,regular,2026-08-01T10:03:53.297884
2026-08-01,sobota,toruń,Minionki i straszydła (dubbing),Cinema City Toruń Plaza,18:45,,dubbing,regular,2026-08-01T10:03:53.297884
2026-08-01,sobota,toruń,Młody Waszyngton,Cinema City Toruń Czerwona Droga,18:40,,,regular,2026-08-01T10:03:53.297884
2026-08-01,sobota,toruń,Młody Waszyngton,Cinema City Toruń Plaza,20:10,,,regular,2026-08-01T10:03:53.297884
2026-08-01,sobota,toruń,Niesamowite przygody skarpetek 3. Ale kosmos!,Cinema City Toruń Czerwona Droga,10:10,,,regular,2026-08-01T10:03:53.297884
2026-08-01,sobota,toruń,Niesamowite przygody skarpetek 3. Ale kosmos!,Cinema City Toruń Plaza,10:30,,,regular,2026-08-01T10:03:53.297884
2026-08-01,sobota,toruń,O czym sobie nie mówimy,Cinema City Toruń Czerwona Droga,14:45,,,regular,2026-08-01T10:03:53.297884
2026-08-01,sobota,toruń,O czym sobie nie mówimy,Kino Centrum w Toruniu,20:00,,,regular,2026-08-01T10:03:53.297884
2026-08-01,sobota,toruń,Obsesja,Cinema City Toruń Czerwona Droga,19:40,,,regular,2026-08-01T10:03:53.297884
2026-08-01,sobota,toruń,Obsesja,Cinema City Toruń Czerwona Droga,22:10,,,regular,2026-08-01T10:03:53.297884
2026-08-01,sobota,toruń,Obsesja,Cinema City Toruń Plaza,21:40,,,regular,2026-08-01T10:03:53.297884
2026-08-01,sobota,toruń,Odyseja,Cinema City Toruń Czerwona Droga,12:00,,,regular,2026-08-01T10:03:53.297884
2026-08-01,sobota,toruń,Odyseja,Cinema City Toruń Czerwona Droga,13:10,,,regular,2026-08-01T10:03:53.297884
2026-08-01,sobota,toruń,Odyseja,Cinema City Toruń Czerwona Droga,15:40,,,regular,2026-08-01T10:03:53.297884
2026-08-01,sobota,toruń,Odyseja,Cinema City Toruń Czerwona Droga,16:45,,,regular,2026-08-01T10:03:53.297884
2026-08-01,sobota,toruń,Odyseja,Cinema City Toruń Czerwona Droga,18:20,,,regular,2026-08-01T10:03:53.297884
2026-08-01,sobota,toruń,Odyseja,Cinema City Toruń Czerwona Droga,19:20,,,regular,2026-08-01T10:03:53.297884
2026-08-01,sobota,toruń,Odyseja,Cinema City Toruń Czerwona Droga,20:20,,,regular,2026-08-01T10:03:53.297884
2026-08-01,sobota,toruń,Odyseja,Cinema City Toruń Czerwona Droga,20:50,,,regular,2026-08-01T10:03:53.297884
2026-08-01,sobota,toruń,Odyseja,Cinema City Toruń Plaza,12:00,,,regular,2026-08-01T10:03:53.297884
2026-08-01,sobota,toruń,Odyseja,Cinema City Toruń Plaza,15:50,,,regular,2026-08-01T10:03:53.297884
2026-08-01,sobota,toruń,Odyseja,Cinema City Toruń Plaza,17:20,,,regular,2026-08-01T10:03:53.297884
2026-08-01,sobota,toruń,Odyseja,Cinema City Toruń Plaza,19:40,,,regular,2026-08-01T10:03:53.297884
2026-08-01,sobota,toruń,Ostatni konsjerż,Cinema City Toruń Czerwona Droga,19:45,,,regular,2026-08-01T10:03:53.297884
2026-08-01,sobota,toruń,Requiem dla snu,Cinema City Toruń Czerwona Droga,21:30,,,regular,2026-08-01T10:03:53.297884
2026-08-01,sobota,toruń,Spider-Man. Całkiem nowy dzień,Cinema City Toruń Czerwona Droga,11:00,,,regular,2026-08-01T10:03:53.297884
2026-08-01,sobota,toruń,Spider-Man. Całkiem nowy dzień,Cinema City Toruń Czerwona Droga,14:10,,,regular,2026-08-01T10:03:53.297884
2026-08-01,sobota,toruń,Spider-Man. Całkiem nowy dzień,Cinema City Toruń Czerwona Droga,17:20,,,regular,2026-08-01T10:03:53.297884
2026-08-01,sobota,toruń,Spider-Man. Całkiem nowy dzień,Cinema City Toruń Czerwona Droga,20:30,,,regular,2026-08-01T10:03:53.297884
2026-08-01,sobota,toruń,Spider-Man. Całkiem nowy dzień,Cinema City Toruń Czerwona Droga,22:10,,,regular,2026-08-01T10:03:53.297884
2026-08-01,sobota,toruń,Spider-Man. Całkiem nowy dzień,Cinema City Toruń Plaza,10:30,,,regular,2026-08-01T10:03:53.297884
2026-08-01,sobota,toruń,Spider-Man. Całkiem nowy dzień,Cinema City Toruń Plaza,13:40,,,regular,2026-08-01T10:03:53.297884
2026-08-01,sobota,toruń,Spider-Man. Całkiem nowy dzień,Cinema City Toruń Plaza,16:50,,,regular,2026-08-01T10:03:53.297884
2026-08-01,sobota,toruń,Spider-Man. Całkiem nowy dzień,Cinema City Toruń Plaza,20:00,,,regular,2026-08-01T10:03:53.297884
2026-08-01,sobota,toruń,Spider-Man. Całkiem nowy dzień,Cinema City Toruń Plaza,20:50,,,regular,2026-08-01T10:03:53.297884
2026-08-01,sobota,toruń,Spider-Man. Całkiem nowy dzień (dubbing),Cinema City Toruń Czerwona Droga,10:00,,dubbing,regular,2026-08-01T10:03:53.297884
2026-08-01,sobota,toruń,Spider-Man. Całkiem nowy dzień (dubbing),Cinema City Toruń Czerwona Droga,12:40,,dubbing,regular,2026-08-01T10:03:53.297884
2026-08-01,sobota,toruń,Spider-Man. Całkiem nowy dzień (dubbing),Cinema City Toruń Czerwona Droga,15:50,,dubbing,regular,2026-08-01T10:03:53.297884
2026-08-01,sobota,toruń,Spider-Man. Całkiem nowy dzień (dubbing),Cinema City Toruń Czerwona Droga,19:00,,dubbing,regular,2026-08-01T10:03:53.297884
2026-08-01,sobota,toruń,Spider-Man. Całkiem nowy dzień (dubbing),Cinema City Toruń Plaza,12:10,,dubbing,regular,2026-08-01T10:03:53.297884
2026-08-01,sobota,toruń,Spider-Man. Całkiem nowy dzień (dubbing),Cinema City Toruń Plaza,15:20,,dubbing,regular,2026-08-01T10:03:53.297884
2026-08-01,sobota,toruń,Spider-Man. Całkiem nowy dzień (dubbing),Cinema City Toruń Plaza,18:30,,dubbing,regular,2026-08-01T10:03:53.297884
2026-08-01,sobota,toruń,Spider-Man. Całkiem nowy dzień 3D,Cinema City Toruń Czerwona Droga,18:10,3D,,regular,2026-08-01T10:03:53.297884
2026-08-01,sobota,toruń,Spider-Man. Całkiem nowy dzień 3D,Cinema City Toruń Czerwona Droga,21:20,3D,,regular,2026-08-01T10:03:53.297884
2026-08-01,sobota,toruń,Spider-Man. Całkiem nowy dzień 3D,Cinema City Toruń Plaza,17:40,3D,,regular,2026-08-01T10:03:53.297884
2026-08-01,sobota,toruń,Spider-Man. Całkiem nowy dzień 3D (dubbing),Cinema City Toruń Czerwona Droga,11:50,3D,dubbing,regular,2026-08-01T10:03:53.297884
2026-08-01,sobota,toruń,Spider-Man. Całkiem nowy dzień 3D (dubbing),Cinema City Toruń Czerwona Droga,15:00,3D,dubbing,regular,2026-08-01T10:03:53.297884
2026-08-01,sobota,toruń,Spider-Man. Całkiem nowy dzień 3D (dubbing),Cinema City Toruń Plaza,14:30,3D,dubbing,regular,2026-08-01T10:03:53.297884
2026-08-01,sobota,toruń,Toy Story 5 (dubbing),Cinema City Toruń Czerwona Droga,10:10,,dubbing,regular,2026-08-01T10:03:53.297884
2026-08-01,sobota,toruń,Toy Story 5 (dubbing),Cinema City Toruń Czerwona Droga,11:20,,dubbing,regular,2026-08-01T10:03:53.297884
2026-08-01,sobota,toruń,Toy Story 5 (dubbing),Cinema City Toruń Czerwona Droga,12:40,,dubbing,regular,2026-08-01T10:03:53.297884
2026-08-01,sobota,toruń,Toy Story 5 (dubbing),Cinema City Toruń Czerwona Droga,15:10,,dubbing,regular,2026-08-01T10:03:53.297884
2026-08-01,sobota,toruń,Toy Story 5 (dubbing),Cinema City Toruń Czerwona Droga,17:40,,dubbing,regular,2026-08-01T10:03:53.297884
2026-08-01,sobota,toruń,Toy Story 5 (dubbing),Cinema City Toruń Plaza,10:00,,dubbing,regular,2026-08-01T10:03:53.297884
2026-08-01,sobota,toruń,Toy Story 5 (dubbing),Cinema City Toruń Plaza,12:30,,dubbing,regular,2026-08-01T10:03:53.297884
2026-08-01,sobota,toruń,Toy Story 5 (dubbing),Cinema City Toruń Plaza,14:50,,dubbing,regular,2026-08-01T10:03:53.297884
2026-08-01,sobota,toruń,Toy Story 5 (dubbing),Cinema City Toruń Plaza,17:50,,dubbing,regular,2026-08-01T10:03:53.297884
2026-08-01,sobota,toruń,Vaiana (dubbing),Cinema City Toruń Czerwona Droga,10:30,,dubbing,regular,2026-08-01T10:03:53.297884
2026-08-01,sobota,toruń,Vaiana (dubbing),Cinema City Toruń Czerwona Droga,13:10,,dubbing,regular,2026-08-01T10:03:53.297884
2026-08-01,sobota,toruń,Vaiana (dubbing),Cinema City Toruń Czerwona Droga,15:50,,dubbing,regular,2026-08-01T10:03:53.297884
2026-08-01,sobota,toruń,Vaiana (dubbing),Cinema City Toruń Czerwona Droga,18:30,,dubbing,regular,2026-08-01T10:03:53.297884
2026-08-01,sobota,toruń,Vaiana (dubbing),Cinema City Toruń Plaza,10:10,,dubbing,regular,2026-08-01T10:03:53.297884
2026-08-01,sobota,toruń,Vaiana (dubbing),Cinema City Toruń Plaza,12:45,,dubbing,regular,2026-08-01T10:03:53.297884
2026-08-01,sobota,toruń,Vaiana (dubbing),Cinema City Toruń Plaza,17:30,,dubbing,regular,2026-08-01T10:03:53.297884
2026-08-01,sobota,toruń,WALL-E (dubbing),Cinema City Toruń Czerwona Droga,15:50,,dubbing,regular,2026-08-01T10:03:53.297884
2026-08-01,sobota,toruń,WALL-E (dubbing),Cinema City Toruń Plaza,16:20,,dubbing,regular,2026-08-01T10:03:53.297884
2026-08-01,sobota,toruń,Zaproszenie,Cinema City Toruń Czerwona Droga,16:00,,,regular,2026-08-01T10:03:53.297884
2026-08-01,sobota,toruń,Zaproszenie,Cinema City Toruń Czerwona Droga,20:10,,,regular,2026-08-01T10:03:53.297884
2026-08-01,sobota,toruń,Zaproszenie,Cinema City Toruń Plaza,21:00,,,regular,2026-08-01T10:03:53.297884
2026-08-01,sobota,toruń,Zaproszenie,Kino Centrum w Toruniu,18:00,,,regular,2026-08-01T10:03:53.297884
2026-08-01,,podlaska,Psi patrol i dinozaury,Biała Podlaska,12:10,2D,,regular,2026-08-01T10:03:56.979779
2026-08-01,,podlaska,Minionki i straszydła,Biała Podlaska,12:20,2D,,regular,2026-08-01T10:03:56.979832
2026-08-01,,podlaska,Spider-Man: Całkiem nowy dzień,Biała Podlaska,13:40,2D,original,regular,2026-08-01T10:03:56.979849
2026-08-01,,podlaska,Odyseja,Biała Podlaska,14:10,2D,original,regular,2026-08-01T10:03:56.979863
2026-08-01,,podlaska,Psi patrol i dinozaury,Biała Podlaska,14:20,2D,,regular,2026-08-01T10:03:56.979875
2026-08-01,,podlaska,Spider-Man: Całkiem nowy dzień,Biała Podlaska,14:30,3D,original,regular,2026-08-01T10:03:56.979898
2026-08-01,,podlaska,Psi patrol i dinozaury,Biała Podlaska,16:30,2D,,regular,2026-08-01T10:03:56.979922
2026-08-01,,podlaska,Spider-Man: Całkiem nowy dzień,Biała Podlaska,16:50,2D,original,regular,2026-08-01T10:03:56.979942
2026-08-01,,podlaska,Spider-Man: Całkiem nowy dzień,Biała Podlaska,17:40,3D,original,regular,2026-08-01T10:03:56.979955
2026-08-01,,podlaska,Toy Story 5,Biała Podlaska,17:50,2D,original,regular,2026-08-01T10:03:56.979969
2026-08-01,,podlaska,Odyseja,Biała Podlaska,18:50,2D,original,regular,2026-08-01T10:03:56.979980
2026-08-01,,podlaska,Spider-Man: Całkiem nowy dzień,Biała Podlaska,20:00,2D,original,regular,2026-08-01T10:03:56.979990
2026-08-01,,podlaska,Młody Waszyngton,Biała Podlaska,20:10,2D,original,regular,2026-08-01T10:03:56.980002
2026-08-01,,podlaska,Backrooms. Bez wyjścia - wersja rozszerzona,Biała Podlaska,20:50,2D,original,regular,2026-08-01T10:03:56.980014
2026-08-01,,bielsko-biała,Spider-Man: Całkiem nowy dzień,Bielsko-Biała,12:10,2D,original,regular,2026-08-01T10:03:58.166738
2026-08-01,,bielsko-biała,Ekipa zwierzaków,Bielsko-Biała,12:10,2D,,regular,2026-08-01T10:03:58.166763
2026-08-01,,bielsko-biała,Psi patrol i dinozaury,Bielsko-Biała,12:50,2D,,regular,2026-08-01T10:03:58.166774
2026-08-01,,bielsko-biała,Vaiana,Bielsko-Biała,12:50,2D,original,regular,2026-08-01T10:03:58.166785
2026-08-01,,bielsko-biała,Toy Story 5,Bielsko-Biała,13:10,2D,original,regular,2026-08-01T10:03:58.166797
2026-08-01,,bielsko-biała,Spider-Man: Całkiem nowy dzień,Bielsko-Biała,13:40,2D,original,regular,2026-08-01T10:03:58.166845
2026-08-01,,bielsko-biała,Odyseja,Bielsko-Biała,13:45,2D,original,regular,2026-08-01T10:03:58.166856
2026-08-01,,bielsko-biała,Minionki i straszydła,Bielsko-Biała,13:50,2D,,regular,2026-08-01T10:03:58.166866
2026-08-01,,bielsko-biała,Góra mocy LEKTOR,Bielsko-Biała,14:20,2D,,regular,2026-08-01T10:03:58.166876
2026-08-01,,bielsko-biała,Spider-Man: Całkiem nowy dzień,Bielsko-Biała,14:30,3D,original,regular,2026-08-01T10:03:58.166885
2026-08-01,,bielsko-biała,Psi patrol i dinozaury,Bielsko-Biała,15:00,2D,,regular,2026-08-01T10:03:58.166894
2026-08-01,,bielsko-biała,Odyseja,Bielsko-Biała,15:15,2D,original,regular,2026-08-01T10:03:58.166904
2026-08-01,,bielsko-biała,Spider-Man: Całkiem nowy dzień,Bielsko-Biała,15:20,2D,original,regular,2026-08-01T10:03:58.166914
2026-08-01,,bielsko-biała,Vaiana: wersja karaoke,Bielsko-Biała,15:30,2D,original,regular,2026-08-01T10:03:58.166924
2026-08-01,,bielsko-biała,Toy Story 5,Bielsko-Biała,15:40,2D,original,regular,2026-08-01T10:03:58.166935
2026-08-01,,bielsko-biała,Minionki i straszydła,Bielsko-Biała,16:10,2D,,regular,2026-08-01T10:03:58.166944
2026-08-01,,bielsko-biała,Góra mocy,Bielsko-Biała,16:40,2D,original,regular,2026-08-01T10:03:58.166954
2026-08-01,,bielsko-biała,Spider-Man: Całkiem nowy dzień,Bielsko-Biała,16:50,2D,original,regular,2026-08-01T10:03:58.166965
2026-08-01,,bielsko-biała,Psi patrol i dinozaury,Bielsko-Biała,17:10,2D,,regular,2026-08-01T10:03:58.166974
2026-08-01,,bielsko-biała,Odyseja,Bielsko-Biała,17:30,2D,original,regular,2026-08-01T10:03:58.166984
2026-08-01,,bielsko-biała,Spider-Man: Całkiem nowy dzień,Bielsko-Biała,17:40,3D,original,regular,2026-08-01T10:03:58.166993
2026-08-01,,bielsko-biała,Odyseja,Bielsko-Biała,18:00,2D,original,regular,2026-08-01T10:03:58.167002
2026-08-01,,bielsko-biała,Młody Waszyngton,Bielsko-Biała,18:10,2D,original,regular,2026-08-01T10:03:58.167013
2026-08-01,,bielsko-biała,Backrooms. Bez wyjścia - wersja rozszerzona,Bielsko-Biała,18:20,2D,original,regular,2026-08-01T10:03:58.167023
2026-08-01,,bielsko-biała,Spider-Man: Całkiem nowy dzień,Bielsko-Biała,18:30,2D,original,regular,2026-08-01T10:03:58.167032
2026-08-01,,bielsko-biała,Spider-Man: Całkiem nowy dzień,Bielsko-Biała,18:45,2D,original,regular,2026-08-01T10:03:58.167042
2026-08-01,,bielsko-biała,Odyseja,Bielsko-Biała,19:00,2D,original,regular,2026-08-01T10:03:58.167051
2026-08-01,,bielsko-biała,Ghost in the Shell,Bielsko-Biała,19:20,2D,original,regular,2026-08-01T10:03:58.167061
2026-08-01,,bielsko-biała,Spider-Man: Całkiem nowy dzień,Bielsko-Biała,20:00,2D,original,regular,2026-08-01T10:03:58.167071
2026-08-01,,bielsko-biała,Spider-Man: Całkiem nowy dzień,Bielsko-Biała,20:50,3D,original,regular,2026-08-01T10:03:58.167080
2026-08-01,,bielsko-biała,Requiem dla snu,Bielsko-Biała,20:50,2D,original,regular,2026-08-01T10:03:58.167089
2026-08-01,,bielsko-biała,Martwe zło: Ogień,Bielsko-Biała,21:00,2D,original,regular,2026-08-01T10:03:58.167098
2026-08-01,,bielsko-biała,Backrooms. Bez wyjścia,Bielsko-Biała,21:10,2D,original,regular,2026-08-01T10:03:58.167108
2026-08-01,,bielsko-biała,Zaproszenie,Bielsko-Biała,21:30,2D,original,regular,2026-08-01T10:03:58.167117
2026-08-01,,bielsko-biała,Odyseja,Bielsko-Biała,21:40,2D,original,regular,2026-08-01T10:03:58.167126
2026-08-01,,bielsko-biała,Jej piekło,Bielsko-Biała,21:45,2D,original,regular,2026-08-01T10:03:58.167136
2026-08-01,,bielsko-biała,Spider-Man: Całkiem nowy dzień,Bielsko-Biała,21:45,2D,original,regular,2026-08-01T10:03:58.167146
2026-08-01,,bydgoszcz,Spider-Man: Całkiem nowy dzień,Bydgoszcz,12:10,2D,original,regular,2026-08-01T10:03:59.854289
2026-08-01,,bydgoszcz,Vaiana,Bydgoszcz,12:10,2D,original,regular,2026-08-01T10:03:59.854315
2026-08-01,,bydgoszcz,Psi patrol i dinozaury,Bydgoszcz,12:20,2D,,regular,2026-08-01T10:03:59.854326
2026-08-01,,bydgoszcz,Minionki i straszydła,Bydgoszcz,12:20,2D,,regular,2026-08-01T10:03:59.854336
2026-08-01,,bydgoszcz,Minionki i straszydła,Bydgoszcz,12:50,2D,,regular,2026-08-01T10:03:59.854345
2026-08-01,,bydgoszcz,Vaiana,Bydgoszcz,13:00,2D,original,regular,2026-08-01T10:03:59.854355
2026-08-01,,bydgoszcz,Góra mocy LEKTOR,Bydgoszcz,13:30,2D,,regular,2026-08-01T10:03:59.854366
2026-08-01,,bydgoszcz,Spider-Man: Całkiem nowy dzień,Bydgoszcz,13:40,2D,original,regular,2026-08-01T10:03:59.854376
2026-08-01,,bydgoszcz,Odyseja,Bydgoszcz,13:45,2D,original,regular,2026-08-01T10:03:59.854386
2026-08-01,,bydgoszcz,Toy Story 5,Bydgoszcz,13:50,2D,original,regular,2026-08-01T10:03:59.854397
2026-08-01,,bydgoszcz,Psi patrol i dinozaury,Bydgoszcz,13:50,2D,,regular,2026-08-01T10:03:59.854406
2026-08-01,,bydgoszcz,Spider-Man: Całkiem nowy dzień,Bydgoszcz,14:10,4DX,original,regular,2026-08-01T10:03:59.854414
2026-08-01,,bydgoszcz,Psi patrol i dinozaury,Bydgoszcz,14:30,2D,,regular,2026-08-01T10:03:59.854432
2026-08-01,,bydgoszcz,Minionki i straszydła,Bydgoszcz,14:30,2D,,regular,2026-08-01T10:03:59.854451
2026-08-01,,bydgoszcz,Spider-Man: Całkiem nowy dzień,Bydgoszcz,14:50,3D,original,regular,2026-08-01T10:03:59.854468
2026-08-01,,bydgoszcz,Minionki i straszydła,Bydgoszcz,15:00,2D,,regular,2026-08-01T10:03:59.854477
2026-08-01,,bydgoszcz,Odyseja,Bydgoszcz,15:15,2D,original,regular,2026-08-01T10:03:59.854487
2026-08-01,,bydgoszcz,Spider-Man: Całkiem nowy dzień,Bydgoszcz,15:20,2D,original,regular,2026-08-01T10:03:59.854503
2026-08-01,,bydgoszcz,Vaiana: wersja karaoke,Bydgoszcz,15:40,2D,original,regular,2026-08-01T10:03:59.854520
2026-08-01,,bydgoszcz,Ekipa zwierzaków,Bydgoszcz,15:40,2D,,regular,2026-08-01T10:03:59.854537
2026-08-01,,bydgoszcz,Spider-Man: Całkiem nowy dzień ukraiński dubbing,Bydgoszcz,16:00,2D,dubbing,regular,2026-08-01T10:03:59.854553
2026-08-01,,bydgoszcz,Toy Story 5,Bydgoszcz,16:10,2D,original,regular,2026-08-01T10:03:59.854573
2026-08-01,,bydgoszcz,Psi patrol i dinozaury,Bydgoszcz,16:40,2D,,regular,2026-08-01T10:03:59.854588
2026-08-01,,bydgoszcz,Minionki i straszydła,Bydgoszcz,16:40,2D,,regular,2026-08-01T10:03:59.854603
2026-08-01,,bydgoszcz,Spider-Man: Całkiem nowy dzień,Bydgoszcz,16:50,2D,original,regular,2026-08-01T10:03:59.854620
2026-08-01,,bydgoszcz,Minionki i straszydła,Bydgoszcz,17:10,2D,,regular,2026-08-01T10:03:59.854635
2026-08-01,,bydgoszcz,Spider-Man: Całkiem nowy dzień,Bydgoszcz,17:20,4DX,original,regular,2026-08-01T10:03:59.854649
2026-08-01,,bydgoszcz,Odyseja,Bydgoszcz,17:30,2D,original,regular,2026-08-01T10:03:59.854666
2026-08-01,,bydgoszcz,Góra mocy,Bydgoszcz,17:50,2D,original,regular,2026-08-01T10:03:59.854684
2026-08-01,,bydgoszcz,Spider-Man: Całkiem nowy dzień,Bydgoszcz,18:00,3D,original,regular,2026-08-01T10:03:59.854699
2026-08-01,,bydgoszcz,Ghost in the Shell,Bydgoszcz,18:10,2D,original,regular,2026-08-01T10:03:59.854717
2026-08-01,,bydgoszcz,Spider-Man: Całkiem nowy dzień,Bydgoszcz,18:30,2D,original,regular,2026-08-01T10:03:59.854733
2026-08-01,,bydgoszcz,Ostatni konsjerż,Bydgoszcz,18:30,2D,original,regular,2026-08-01T10:03:59.854750
2026-08-01,,bydgoszcz,Backrooms. Bez wyjścia - wersja rozszerzona,Bydgoszcz,18:40,2D,original,regular,2026-08-01T10:03:59.854768
2026-08-01,,bydgoszcz,Psi patrol i dinozaury,Bydgoszcz,18:50,2D,,regular,2026-08-01T10:03:59.854783
2026-08-01,,bydgoszcz,Odyseja,Bydgoszcz,19:00,2D,original,regular,2026-08-01T10:03:59.854819
2026-08-01,,bydgoszcz,Odyseja ukraiński dubbing,Bydgoszcz,19:10,2D,dubbing,regular,2026-08-01T10:03:59.854839
2026-08-01,,bydgoszcz,Umamusume: Pretty Derby - Beginning of a New Era,Bydgoszcz,19:20,2D,original,regular,2026-08-01T10:03:59.854855
2026-08-01,,bydgoszcz,Spider-Man: Całkiem nowy dzień,Bydgoszcz,20:00,2D,original,regular,2026-08-01T10:03:59.854872
2026-08-01,,bydgoszcz,Jej piekło,Bydgoszcz,20:00,2D,original,regular,2026-08-01T10:03:59.854890
2026-08-01,,bydgoszcz,Requiem dla snu,Bydgoszcz,20:10,2D,original,regular,2026-08-01T10:03:59.854908
2026-08-01,,bydgoszcz,Spider-Man: Całkiem nowy dzień,Bydgoszcz,20:30,4DX,original,regular,2026-08-01T10:03:59.854921
2026-08-01,,bydgoszcz,Młody Waszyngton,Bydgoszcz,20:30,2D,original,regular,2026-08-01T10:03:59.854933
2026-08-01,,bydgoszcz,Odyseja,Bydgoszcz,21:00,2D,original,regular,2026-08-01T10:03:59.854942
2026-08-01,,bydgoszcz,Martwe zło: Ogień,Bydgoszcz,21:00,2D,original,regular,2026-08-01T10:03:59.854952
2026-08-01,,bydgoszcz,Spider-Man: Całkiem nowy dzień,Bydgoszcz,21:10,2D,original,regular,2026-08-01T10:03:59.854962
2026-08-01,,bydgoszcz,Odyseja,Bydgoszcz,21:40,2D,original,regular,2026-08-01T10:03:59.854971
2026-08-01,,bydgoszcz,Obsesja,Bydgoszcz,21:45,2D,original,regular,2026-08-01T10:03:59.854980
2026-08-01,,bydgoszcz,Zaproszenie,Bydgoszcz,22:00,2D,original,regular,2026-08-01T10:03:59.854989
2026-08-01,,bydgoszcz,Jej piekło,Bydgoszcz,22:30,2D,original,regular,2026-08-01T10:03:59.854998
2026-08-01,,bytom,Spider-Man: Całkiem nowy dzień,Bytom,12:10,2D,original,regular,2026-08-01T10:04:01.326993
2026-08-01,,bytom,Toy Story 5,Bytom,12:20,2D,original,regular,2026-08-01T10:04:01.327020
2026-08-01,,bytom,Vaiana,Bytom,12:40,2D,original,regular,2026-08-01T10:04:01.327032
2026-08-01,,bytom,Psi patrol i dinozaury,Bytom,12:50,2D,,regular,2026-08-01T10:04:01.327042
2026-08-01,,bytom,Spider-Man: Całkiem nowy dzień,Bytom,13:40,2D,original,regular,2026-08-01T10:04:01.327053
2026-08-01,,bytom,Minionki i straszydła,Bytom,13:40,2D,,regular,2026-08-01T10:04:01.327063
2026-08-01,,bytom,Spider-Man: Całkiem nowy dzień,Bytom,14:30,3D,original,regular,2026-08-01T10:04:01.327072
2026-08-01,,bytom,Psi patrol i dinozaury,Bytom,15:00,2D,,regular,2026-08-01T10:04:01.327081
2026-08-01,,bytom,Ekipa zwierzaków,Bytom,15:00,2D,,regular,2026-08-01T10:04:01.327091
2026-08-01,,bytom,Odyseja,Bytom,15:15,2D,original,regular,2026-08-01T10:04:01.327101
2026-08-01,,bytom,Spider-Man: Całkiem nowy dzień,Bytom,15:20,2D,original,regular,2026-08-01T10:04:01.327111
2026-08-01,,bytom,Toy Story 5,Bytom,15:20,2D,original,regular,2026-08-01T10:04:01.327121
2026-08-01,,bytom,Spider-Man: Całkiem nowy dzień,Bytom,15:40,2D,original,regular,2026-08-01T10:04:01.327130
2026-08-01,,bytom,Spider-Man: Całkiem nowy dzień,Bytom,16:50,2D,original,regular,2026-08-01T10:04:01.327139
2026-08-01,,bytom,Psi patrol i dinozaury,Bytom,17:10,2D,,regular,2026-08-01T10:04:01.327148
2026-08-01,,bytom,Odyseja,Bytom,17:10,2D,original,regular,2026-08-01T10:04:01.327157
2026-08-01,,bytom,Spider-Man: Całkiem nowy dzień,Bytom,17:40,3D,original,regular,2026-08-01T10:04:01.327165
2026-08-01,,bytom,Minionki i straszydła,Bytom,17:45,2D,,regular,2026-08-01T10:04:01.327174
2026-08-01,,bytom,Spider-Man: Całkiem nowy dzień,Bytom,18:30,2D,original,regular,2026-08-01T10:04:01.327183
2026-08-01,,bytom,Vaiana,Bytom,18:40,2D,original,regular,2026-08-01T10:04:01.327192
2026-08-01,,bytom,Odyseja,Bytom,19:00,2D,original,regular,2026-08-01T10:04:01.327201
2026-08-01,,bytom,Młody Waszyngton,Bytom,19:20,2D,original,regular,2026-08-01T10:04:01.327212
2026-08-01,,bytom,Góra mocy,Bytom,19:50,2D,original,regular,2026-08-01T10:04:01.327223
2026-08-01,,bytom,Spider-Man: Całkiem nowy dzień,Bytom,20:00,2D,original,regular,2026-08-01T10:04:01.327232
2026-08-01,,bytom,Spider-Man: Całkiem nowy dzień,Bytom,20:35,2D,original,regular,2026-08-01T10:04:01.327241
2026-08-01,,bytom,Spider-Man: Całkiem nowy dzień,Bytom,21:00,2D,original,regular,2026-08-01T10:04:01.327250
2026-08-01,,bytom,Backrooms. Bez wyjścia - wersja rozszerzona,Bytom,21:20,2D,original,regular,2026-08-01T10:04:01.327261
2026-08-01,,bytom,Spider-Man: Całkiem nowy dzień,Bytom,21:40,2D,original,regular,2026-08-01T10:04:01.327271
2026-08-01,,bytom,Requiem dla snu,Bytom,22:00,2D,original,regular,2026-08-01T10:04:01.327281
2026-08-01,,bytom,Martwe zło: Ogień,Bytom,22:10,2D,original,regular,2026-08-01T10:04:01.327290
2026-08-01,,cieszyn,Psi patrol i dinozaury,Cieszyn,12:10,2D,,regular,2026-08-01T10:04:03.258931
2026-08-01,,cieszyn,Minionki i straszydła,Cieszyn,12:30,2D,,regular,2026-08-01T10:04:03.258957
2026-08-01,,cieszyn,Spider-Man: Całkiem nowy dzień,Cieszyn,13:40,2D,original,regular,2026-08-01T10:04:03.258971
2026-08-01,,cieszyn,Odyseja,Cieszyn,14:15,2D,original,regular,2026-08-01T10:04:03.258983
2026-08-01,,cieszyn,Psi patrol i dinozaury,Cieszyn,14:20,2D,,regular,2026-08-01T10:04:03.258993
2026-08-01,,cieszyn,Spider-Man: Całkiem nowy dzień,Cieszyn,14:30,3D,original,regular,2026-08-01T10:04:03.259003
2026-08-01,,cieszyn,Psi patrol i dinozaury,Cieszyn,16:30,2D,,regular,2026-08-01T10:04:03.259012
2026-08-01,,cieszyn,Spider-Man: Całkiem nowy dzień,Cieszyn,16:50,2D,original,regular,2026-08-01T10:04:03.259024
2026-08-01,,cieszyn,Spider-Man: Całkiem nowy dzień,Cieszyn,17:40,3D,original,regular,2026-08-01T10:04:03.259033
2026-08-01,,cieszyn,Odyseja,Cieszyn,18:00,2D,original,regular,2026-08-01T10:04:03.259045
2026-08-01,,cieszyn,Ghost in the Shell,Cieszyn,18:30,2D,original,regular,2026-08-01T10:04:03.259056
2026-08-01,,cieszyn,Spider-Man: Całkiem nowy dzień,Cieszyn,20:00,2D,original,regular,2026-08-01T10:04:03.259067
2026-08-01,,cieszyn,Backrooms. Bez wyjścia - wersja rozszerzona,Cieszyn,20:30,2D,original,regular,2026-08-01T10:04:03.259079
2026-08-01,,cieszyn,Młody Waszyngton,Cieszyn,20:45,2D,original,regular,2026-08-01T10:04:03.259091
2026-08-01,,cieszyn,Odyseja,Cieszyn,21:35,2D,original,regular,2026-08-01T10:04:03.259101
2026-08-01,,częstochowa,Spider-Man: Całkiem nowy dzień,Częstochowa - Galeria Jurajska,12:10,2D,original,regular,2026-08-01T10:04:04.489475
2026-08-01,,częstochowa,Minionki i straszydła,Częstochowa - Galeria Jurajska,12:25,2D,,regular,2026-08-01T10:04:04.489503
2026-08-01,,częstochowa,Psi patrol i dinozaury,Częstochowa - Galeria Jurajska,12:50,2D,,regular,2026-08-01T10:04:04.489518
2026-08-01,,częstochowa,Toy Story 5,Częstochowa - Galeria Jurajska,13:15,2D,original,regular,2026-08-01T10:04:04.489534
2026-08-01,,częstochowa,Spider-Man: Całkiem nowy dzień,Częstochowa - Galeria Jurajska,13:40,2D,original,regular,2026-08-01T10:04:04.489548
2026-08-01,,częstochowa,Vaiana,Częstochowa - Galeria Jurajska,13:40,2D,original,regular,2026-08-01T10:04:04.489560
2026-08-01,,częstochowa,Odyseja,Częstochowa - Galeria Jurajska,14:10,2D,original,regular,2026-08-01T10:04:04.489573
2026-08-01,,częstochowa,Spider-Man: Całkiem nowy dzień,Częstochowa - Galeria Jurajska,14:20,2D,original,regular,2026-08-01T10:04:04.489586
2026-08-01,,częstochowa,Spider-Man: Całkiem nowy dzień,Częstochowa - Galeria Jurajska,14:30,3D,original,regular,2026-08-01T10:04:04.489597
2026-08-01,,częstochowa,Psi patrol i dinozaury,Częstochowa - Galeria Jurajska,15:00,2D,,regular,2026-08-01T10:04:04.489609
2026-08-01,,częstochowa,Spider-Man: Całkiem nowy dzień,Częstochowa - Galeria Jurajska,15:20,2D,original,regular,2026-08-01T10:04:04.489621
2026-08-01,,częstochowa,Spider-Man: Całkiem nowy dzień,Częstochowa - Galeria Jurajska,15:40,2D,original,regular,2026-08-01T10:04:04.489632
2026-08-01,,częstochowa,Spider-Man: Całkiem nowy dzień,Częstochowa - Galeria Jurajska,16:10,2D,original,regular,2026-08-01T10:04:04.489644
2026-08-01,,częstochowa,Spider-Man: Całkiem nowy dzień,Częstochowa - Galeria Jurajska,16:50,2D,original,regular,2026-08-01T10:04:04.489657
2026-08-01,,częstochowa,Psi patrol i dinozaury,Częstochowa - Galeria Jurajska,17:10,2D,,regular,2026-08-01T10:04:04.489668
2026-08-01,,częstochowa,Minionki i straszydła,Częstochowa - Galeria Jurajska,17:20,2D,,regular,2026-08-01T10:04:04.489679
2026-08-01,,częstochowa,Spider-Man: Całkiem nowy dzień,Częstochowa - Galeria Jurajska,17:40,3D,original,regular,2026-08-01T10:04:04.489690
2026-08-01,,częstochowa,Odyseja,Częstochowa - Galeria Jurajska,17:50,2D,original,regular,2026-08-01T10:04:04.489702
2026-08-01,,częstochowa,Spider-Man: Całkiem nowy dzień,Częstochowa - Galeria Jurajska,18:30,2D,original,regular,2026-08-01T10:04:04.489714
2026-08-01,,częstochowa,Obsesja,Częstochowa - Galeria Jurajska,18:40,2D,original,regular,2026-08-01T10:04:04.489726
2026-08-01,,częstochowa,Młody Waszyngton,Częstochowa - Galeria Jurajska,19:10,2D,original,regular,2026-08-01T10:04:04.489741
2026-08-01,,częstochowa,Odyseja,Częstochowa - Galeria Jurajska,19:20,2D,original,regular,2026-08-01T10:04:04.489752
2026-08-01,,częstochowa,Martwe zło: Ogień,Częstochowa - Galeria Jurajska,19:30,2D,original,regular,2026-08-01T10:04:04.489764
2026-08-01,,częstochowa,Spider-Man: Całkiem nowy dzień,Częstochowa - Galeria Jurajska,20:00,2D,original,regular,2026-08-01T10:04:04.489777
2026-08-01,,częstochowa,Odyseja,Częstochowa - Galeria Jurajska,20:50,2D,original,regular,2026-08-01T10:04:04.489788
2026-08-01,,częstochowa,Requiem dla snu,Częstochowa - Galeria Jurajska,21:10,2D,original,regular,2026-08-01T10:04:04.489800
2026-08-01,,częstochowa,Spider-Man: Całkiem nowy dzień,Częstochowa - Galeria Jurajska,21:20,2D,original,regular,2026-08-01T10:04:04.489856
2026-08-01,,częstochowa,Spider-Man: Całkiem nowy dzień,Częstochowa - Galeria Jurajska,21:40,2D,original,regular,2026-08-01T10:04:04.489869
2026-08-01,,częstochowa,Backrooms. Bez wyjścia - wersja rozszerzona,Częstochowa - Galeria Jurajska,21:50,2D,original,regular,2026-08-01T10:04:04.489880
2026-08-01,,częstochowa,Jej piekło,Częstochowa - Galeria Jurajska,22:00,2D,original,regular,2026-08-01T10:04:04.489891
2026-08-01,,częstochowa,Spider-Man: Całkiem nowy dzień,Częstochowa - Wolność,11:50,2D,original,regular,2026-08-01T10:04:05.958406
2026-08-01,,częstochowa,Odyseja,Częstochowa - Wolność,12:00,2D,original,regular,2026-08-01T10:04:05.958435
2026-08-01,,częstochowa,Psi patrol i dinozaury,Częstochowa - Wolność,12:10,2D,,regular,2026-08-01T10:04:05.958450
2026-08-01,,częstochowa,Ekipa zwierzaków,Częstochowa - Wolność,12:20,2D,,regular,2026-08-01T10:04:05.958462
2026-08-01,,częstochowa,Spider-Man: Całkiem nowy dzień,Częstochowa - Wolność,12:40,2D,original,regular,2026-08-01T10:04:05.958475
2026-08-01,,częstochowa,Toy Story 5,Częstochowa - Wolność,12:50,2D,original,regular,2026-08-01T10:04:05.958489
2026-08-01,,częstochowa,Minionki i straszydła,Częstochowa - Wolność,13:50,2D,,regular,2026-08-01T10:04:05.958502
2026-08-01,,częstochowa,Spider-Man: Całkiem nowy dzień,Częstochowa - Wolność,14:10,2D,original,regular,2026-08-01T10:04:05.958514
2026-08-01,,częstochowa,Spider-Man: Całkiem nowy dzień,Częstochowa - Wolność,14:15,2D,original,regular,2026-08-01T10:04:05.958526
2026-08-01,,częstochowa,Psi patrol i dinozaury,Częstochowa - Wolność,14:20,2D,,regular,2026-08-01T10:04:05.958537
2026-08-01,,częstochowa,Spider-Man: Całkiem nowy dzień,Częstochowa - Wolność,15:00,3D,original,regular,2026-08-01T10:04:05.958548
2026-08-01,,częstochowa,Odyseja,Częstochowa - Wolność,15:30,2D,original,regular,2026-08-01T10:04:05.958560
2026-08-01,,częstochowa,Spider-Man: Całkiem nowy dzień,Częstochowa - Wolność,15:50,2D,original,regular,2026-08-01T10:04:05.958571
2026-08-01,,częstochowa,Toy Story 5,Częstochowa - Wolność,16:00,2D,original,regular,2026-08-01T10:04:05.958585
2026-08-01,,częstochowa,Psi patrol i dinozaury,Częstochowa - Wolność,16:30,2D,,regular,2026-08-01T10:04:05.958595
2026-08-01,,częstochowa,Odyseja,Częstochowa - Wolność,17:10,2D,original,regular,2026-08-01T10:04:05.958604
2026-08-01,,częstochowa,Spider-Man: Całkiem nowy dzień,Częstochowa - Wolność,17:20,2D,original,regular,2026-08-01T10:04:05.958614
2026-08-01,,częstochowa,Spider-Man: Całkiem nowy dzień,Częstochowa - Wolność,17:50,2D,original,regular,2026-08-01T10:04:05.958623
2026-08-01,,częstochowa,Spider-Man: Całkiem nowy dzień,Częstochowa - Wolność,18:10,3D,original,regular,2026-08-01T10:04:05.958631
2026-08-01,,częstochowa,Minionki i straszydła,Częstochowa - Wolność,18:30,2D,,regular,2026-08-01T10:04:05.958640
2026-08-01,,częstochowa,Góra mocy,Częstochowa - Wolność,18:40,2D,original,regular,2026-08-01T10:04:05.958650
2026-08-01,,częstochowa,Spider-Man: Całkiem nowy dzień,Częstochowa - Wolność,19:00,2D,original,regular,2026-08-01T10:04:05.958660
2026-08-01,,częstochowa,Odyseja,Częstochowa - Wolność,19:15,2D,original,regular,2026-08-01T10:04:05.958669
2026-08-01,,częstochowa,Spider-Man: Całkiem nowy dzień,Częstochowa - Wolność,20:30,2D,original,regular,2026-08-01T10:04:05.958678
2026-08-01,,częstochowa,Backrooms. Bez wyjścia - wersja rozszerzona,Częstochowa - Wolność,20:40,2D,original,regular,2026-08-01T10:04:05.958688
2026-08-01,,częstochowa,Spider-Man: Całkiem nowy dzień,Częstochowa - Wolność,20:40,2D,original,regular,2026-08-01T10:04:05.958698
2026-08-01,,częstochowa,Młody Waszyngton,Częstochowa - Wolność,20:50,2D,original,regular,2026-08-01T10:04:05.958709
2026-08-01,,częstochowa,Obsesja,Częstochowa - Wolność,21:00,2D,original,regular,2026-08-01T10:04:05.958718
2026-08-01,,częstochowa,Spider-Man: Całkiem nowy dzień,Częstochowa - Wolność,21:20,2D,original,regular,2026-08-01T10:04:05.958728
2026-08-01,,częstochowa,Spider-Man: Całkiem nowy dzień,Częstochowa - Wolność,22:10,2D,original,regular,2026-08-01T10:04:05.958737
2026-08-01,,elbląg,Psi patrol i dinozaury,Elbląg,12:10,2D,,regular,2026-08-01T10:04:07.793103
2026-08-01,,elbląg,Spider-Man: Całkiem nowy dzień,Elbląg,12:20,2D,original,regular,2026-08-01T10:04:07.793130
2026-08-01,,elbląg,Minionki i straszydła,Elbląg,13:00,2D,,regular,2026-08-01T10:04:07.793143
2026-08-01,,elbląg,Spider-Man: Całkiem nowy dzień,Elbląg,13:40,2D,original,regular,2026-08-01T10:04:07.793153
2026-08-01,,elbląg,Psi patrol i dinozaury,Elbląg,14:20,2D,,regular,2026-08-01T10:04:07.793163
2026-08-01,,elbląg,Odyseja,Elbląg,14:20,2D,original,regular,2026-08-01T10:04:07.793173
2026-08-01,,elbląg,Spider-Man: Całkiem nowy dzień,Elbląg,14:30,3D,original,regular,2026-08-01T10:04:07.793182
2026-08-01,,elbląg,Minionki i straszydła,Elbląg,15:00,2D,,regular,2026-08-01T10:04:07.793192
2026-08-01,,elbląg,Vaiana: wersja karaoke,Elbląg,15:15,2D,original,regular,2026-08-01T10:04:07.793202
2026-08-01,,elbląg,Psi patrol i dinozaury,Elbląg,16:30,2D,,regular,2026-08-01T10:04:07.793211
2026-08-01,,elbląg,Spider-Man: Całkiem nowy dzień,Elbląg,16:50,2D,original,regular,2026-08-01T10:04:07.793221
2026-08-01,,elbląg,Młody Waszyngton,Elbląg,17:00,2D,original,regular,2026-08-01T10:04:07.793232
2026-08-01,,elbląg,Spider-Man: Całkiem nowy dzień,Elbląg,17:30,3D,original,regular,2026-08-01T10:04:07.793241
2026-08-01,,elbląg,Spider-Man: Całkiem nowy dzień,Elbląg,17:40,2D,original,regular,2026-08-01T10:04:07.793251
2026-08-01,,elbląg,Odyseja,Elbląg,18:00,2D,original,regular,2026-08-01T10:04:07.793261
2026-08-01,,elbląg,Spider-Man: Całkiem nowy dzień,Elbląg,18:30,2D,original,regular,2026-08-01T10:04:07.793271
2026-08-01,,elbląg,Ghost in the Shell,Elbląg,19:40,2D,original,regular,2026-08-01T10:04:07.793281
2026-08-01,,elbląg,Spider-Man: Całkiem nowy dzień,Elbląg,20:00,2D,original,regular,2026-08-01T10:04:07.793291
2026-08-01,,elbląg,Odyseja,Elbląg,20:30,2D,original,regular,2026-08-01T10:04:07.793301
2026-08-01,,elbląg,Spider-Man: Całkiem nowy dzień,Elbląg,20:50,2D,original,regular,2026-08-01T10:04:07.793310
2026-08-01,,elbląg,Odyseja,Elbląg,21:30,2D,original,regular,2026-08-01T10:04:07.793320
2026-08-01,,elbląg,Backrooms. Bez wyjścia - wersja rozszerzona,Elbląg,21:30,2D,original,regular,2026-08-01T10:04:07.793330
2026-08-01,,gliwice,Spider-Man: Całkiem nowy dzień,Gliwice,12:10,2D,original,regular,2026-08-01T10:04:09.494692
2026-08-01,,gliwice,Minionki i straszydła,Gliwice,12:10,2D,,regular,2026-08-01T10:04:09.494716
2026-08-01,,gliwice,Góra mocy LEKTOR,Gliwice,12:20,2D,,regular,2026-08-01T10:04:09.494727
2026-08-01,,gliwice,Psi patrol i dinozaury,Gliwice,12:30,2D,,regular,2026-08-01T10:04:09.494737
2026-08-01,,gliwice,Ekipa zwierzaków,Gliwice,12:30,2D,,regular,2026-08-01T10:04:09.494746
2026-08-01,,gliwice,Vaiana,Gliwice,12:40,2D,original,regular,2026-08-01T10:04:09.494757
2026-08-01,,gliwice,Zaproszenie,Gliwice,12:50,2D,original,regular,2026-08-01T10:04:09.494767
2026-08-01,,gliwice,Minionki i straszydła,Gliwice,13:00,2D,,regular,2026-08-01T10:04:09.494776
2026-08-01,,gliwice,Spider-Man: Całkiem nowy dzień,Gliwice,13:00,2D,original,regular,2026-08-01T10:04:09.494786
2026-08-01,,gliwice,Toy Story 5,Gliwice,13:20,2D,original,regular,2026-08-01T10:04:09.494797
2026-08-01,,gliwice,Spider-Man: Całkiem nowy dzień,Gliwice,13:40,2D,original,regular,2026-08-01T10:04:09.494842
2026-08-01,,gliwice,Odyseja,Gliwice,13:45,2D,original,regular,2026-08-01T10:04:09.494858
2026-08-01,,gliwice,Minionki i straszydła,Gliwice,14:20,2D,,regular,2026-08-01T10:04:09.494868
2026-08-01,,gliwice,Spider-Man: Całkiem nowy dzień,Gliwice,14:30,3D,original,regular,2026-08-01T10:04:09.494877
2026-08-01,,gliwice,Góra mocy,Gliwice,14:30,2D,original,regular,2026-08-01T10:04:09.494888
2026-08-01,,gliwice,Psi patrol i dinozaury,Gliwice,14:40,2D,,regular,2026-08-01T10:04:09.494897
2026-08-01,,gliwice,Odyseja,Gliwice,15:00,2D,original,regular,2026-08-01T10:04:09.494907
2026-08-01,,gliwice,Spider-Man: Całkiem nowy dzień,Gliwice,15:20,2D,original,regular,2026-08-01T10:04:09.494916
2026-08-01,,gliwice,Backrooms. Bez wyjścia,Gliwice,15:20,2D,original,regular,2026-08-01T10:04:09.494926
2026-08-01,,gliwice,Vaiana,Gliwice,15:20,2D,original,regular,2026-08-01T10:04:09.494936
2026-08-01,,gliwice,Psi patrol i dinozaury,Gliwice,15:30,2D,,regular,2026-08-01T10:04:09.494944
2026-08-01,,gliwice,Toy Story 5,Gliwice,15:40,2D,original,regular,2026-08-01T10:04:09.494955
2026-08-01,,gliwice,Spider-Man: Całkiem nowy dzień,Gliwice,16:00,2D,original,regular,2026-08-01T10:04:09.494964
2026-08-01,,gliwice,Minionki i straszydła,Gliwice,16:30,2D,,regular,2026-08-01T10:04:09.494973
2026-08-01,,gliwice,Spider-Man: Całkiem nowy dzień,Gliwice,16:50,2D,original,regular,2026-08-01T10:04:09.494983
2026-08-01,,gliwice,Psi patrol i dinozaury,Gliwice,16:50,2D,,regular,2026-08-01T10:04:09.494992
2026-08-01,,gliwice,Vaiana: wersja karaoke,Gliwice,16:50,2D,original,regular,2026-08-01T10:04:09.495002
2026-08-01,,gliwice,Odyseja,Gliwice,17:30,2D,original,regular,2026-08-01T10:04:09.495011
2026-08-01,,gliwice,Spider-Man: Całkiem nowy dzień,Gliwice,17:40,3D,original,regular,2026-08-01T10:04:09.495020
2026-08-01,,gliwice,Backrooms. Bez wyjścia - wersja rozszerzona,Gliwice,17:45,2D,original,regular,2026-08-01T10:04:09.495030
2026-08-01,,gliwice,Psi patrol i dinozaury,Gliwice,17:50,2D,,regular,2026-08-01T10:04:09.495039
2026-08-01,,gliwice,Ghost in the Shell,Gliwice,18:00,2D,original,regular,2026-08-01T10:04:09.495049
2026-08-01,,gliwice,Młody Waszyngton,Gliwice,18:00,2D,original,regular,2026-08-01T10:04:09.495061
2026-08-01,,gliwice,Spider-Man: Całkiem nowy dzień,Gliwice,18:30,2D,original,regular,2026-08-01T10:04:09.495070
2026-08-01,,gliwice,Odyseja,Gliwice,18:30,2D,original,regular,2026-08-01T10:04:09.495079
2026-08-01,,gliwice,Psi patrol i dinozaury,Gliwice,19:00,2D,,regular,2026-08-01T10:04:09.495087
2026-08-01,,gliwice,Spider-Man: Całkiem nowy dzień,Gliwice,19:00,2D,original,regular,2026-08-01T10:04:09.495097
2026-08-01,,gliwice,Wędrówka na północ,Gliwice,19:30,2D,original,regular,2026-08-01T10:04:09.495116
2026-08-01,,gliwice,Spider-Man: Całkiem nowy dzień,Gliwice,20:00,2D,original,regular,2026-08-01T10:04:09.495126
2026-08-01,,gliwice,Requiem dla snu,Gliwice,20:00,2D,original,regular,2026-08-01T10:04:09.495134
2026-08-01,,gliwice,Zaproszenie,Gliwice,20:00,2D,original,regular,2026-08-01T10:04:09.495144
2026-08-01,,gliwice,Backrooms. Bez wyjścia - wersja rozszerzona,Gliwice,20:30,2D,original,regular,2026-08-01T10:04:09.495153
2026-08-01,,gliwice,Odyseja,Gliwice,20:45,2D,original,regular,2026-08-01T10:04:09.495162
2026-08-01,,gliwice,Spider-Man: Całkiem nowy dzień,Gliwice,20:50,2D,original,regular,2026-08-01T10:04:09.495171
2026-08-01,,gliwice,Jej piekło,Gliwice,21:10,2D,original,regular,2026-08-01T10:04:09.495182
2026-08-01,,gliwice,Odyseja,Gliwice,21:15,2D,original,regular,2026-08-01T10:04:09.495191
2026-08-01,,gliwice,Spider-Man: Całkiem nowy dzień,Gliwice,21:40,2D,original,regular,2026-08-01T10:04:09.495200
2026-08-01,,gliwice,Obsesja,Gliwice,21:55,2D,original,regular,2026-08-01T10:04:09.495209
2026-08-01,,gliwice,Zaproszenie,Gliwice,22:00,2D,original,regular,2026-08-01T10:04:09.495217
2026-08-01,,gliwice,Martwe zło: Ogień,Gliwice,22:00,2D,original,regular,2026-08-01T10:04:09.495226
2026-08-01,,gliwice,Wędrówka na północ,Gliwice,22:20,2D,original,regular,2026-08-01T10:04:09.495235
2026-08-01,,gliwice,Backrooms. Bez wyjścia,Gliwice,22:20,2D,original,regular,2026-08-01T10:04:09.495244
2026-08-01,,gliwice,Spider-Man: Całkiem nowy dzień,Gliwice,22:20,2D,original,regular,2026-08-01T10:04:09.495253
2026-08-01,,katowice,Spider-Man: Całkiem nowy dzień,Katowice - Punkt 44,12:10,2D,original,regular,2026-08-01T10:04:11.320278
2026-08-01,,katowice,Góra mocy LEKTOR,Katowice - Punkt 44,12:10,2D,,regular,2026-08-01T10:04:11.320302
2026-08-01,,katowice,Minionki i straszydła,Katowice - Punkt 44,12:20,2D,,regular,2026-08-01T10:04:11.320314
2026-08-01,,katowice,Ekipa zwierzaków,Katowice - Punkt 44,12:30,2D,,regular,2026-08-01T10:04:11.320324
2026-08-01,,katowice,Toy Story 5,Katowice - Punkt 44,12:30,2D,original,regular,2026-08-01T10:04:11.320336
2026-08-01,,katowice,Psi patrol i dinozaury,Katowice - Punkt 44,12:50,2D,,regular,2026-08-01T10:04:11.320345
2026-08-01,,katowice,Minionki i straszydła,Katowice - Punkt 44,13:00,2D,,regular,2026-08-01T10:04:11.320355
2026-08-01,,katowice,Vaiana,Katowice - Punkt 44,13:10,2D,original,regular,2026-08-01T10:04:11.320364
2026-08-01,,katowice,Toy Story 5,Katowice - Punkt 44,13:20,2D,original,regular,2026-08-01T10:04:11.320376
2026-08-01,,katowice,Spider-Man: Całkiem nowy dzień,Katowice - Punkt 44,13:40,2D,original,regular,2026-08-01T10:04:11.320387
2026-08-01,,katowice,Odyseja,Katowice - Punkt 44,14:10,2D,original,regular,2026-08-01T10:04:11.320397
2026-08-01,,katowice,Odyseja,Katowice - Punkt 44,14:15,IMAX,original,regular,2026-08-01T10:04:11.320404
2026-08-01,,katowice,Spider-Man: Całkiem nowy dzień,Katowice - Punkt 44,14:20,2D,original,regular,2026-08-01T10:04:11.320414
2026-08-01,,katowice,Spider-Man: Całkiem nowy dzień,Katowice - Punkt 44,14:30,3D,original,regular,2026-08-01T10:04:11.320423
2026-08-01,,katowice,Minionki i straszydła,Katowice - Punkt 44,14:30,2D,,regular,2026-08-01T10:04:11.320433
2026-08-01,,katowice,Michael,Katowice - Punkt 44,14:40,2D,original,regular,2026-08-01T10:04:11.320443
2026-08-01,,katowice,Toy Story 5,Katowice - Punkt 44,14:50,2D,original,regular,2026-08-01T10:04:11.320453
2026-08-01,,katowice,Psi patrol i dinozaury,Katowice - Punkt 44,15:00,2D,,regular,2026-08-01T10:04:11.320462
2026-08-01,,katowice,Minionki i straszydła,Katowice - Punkt 44,15:10,2D,,regular,2026-08-01T10:04:11.320471
2026-08-01,,katowice,Spider-Man: Całkiem nowy dzień,Katowice - Punkt 44,15:20,2D,original,regular,2026-08-01T10:04:11.320480
2026-08-01,,katowice,Odyseja,Katowice - Punkt 44,15:20,2D,original,regular,2026-08-01T10:04:11.320489
2026-08-01,,katowice,Vaiana: wersja karaoke,Katowice - Punkt 44,15:40,2D,original,regular,2026-08-01T10:04:11.320499
2026-08-01,,katowice,Vaiana,Katowice - Punkt 44,15:50,2D,original,regular,2026-08-01T10:04:11.320508
2026-08-01,,katowice,Góra mocy,Katowice - Punkt 44,16:40,2D,original,regular,2026-08-01T10:04:11.320519
2026-08-01,,katowice,Spider-Man: Całkiem nowy dzień,Katowice - Punkt 44,16:50,2D,original,regular,2026-08-01T10:04:11.320529
2026-08-01,,katowice,Psi patrol i dinozaury,Katowice - Punkt 44,17:10,2D,,regular,2026-08-01T10:04:11.320538
2026-08-01,,katowice,Toy Story 5,Katowice - Punkt 44,17:10,2D,original,regular,2026-08-01T10:04:11.320548
2026-08-01,,katowice,Minionki i straszydła,Katowice - Punkt 44,17:20,2D,,regular,2026-08-01T10:04:11.320558
2026-08-01,,katowice,Spider-Man: Całkiem nowy dzień,Katowice - Punkt 44,17:30,2D,original,regular,2026-08-01T10:04:11.320568
2026-08-01,,katowice,Spider-Man: Całkiem nowy dzień,Katowice - Punkt 44,17:40,3D,original,regular,2026-08-01T10:04:11.320577
2026-08-01,,katowice,Młody Waszyngton,Katowice - Punkt 44,17:40,2D,original,regular,2026-08-01T10:04:11.320588
2026-08-01,,katowice,Odyseja,Katowice - Punkt 44,17:50,2D,original,regular,2026-08-01T10:04:11.320597
2026-08-01,,katowice,Odyseja,Katowice - Punkt 44,18:00,IMAX,original,regular,2026-08-01T10:04:11.320604
2026-08-01,,katowice,Backrooms. Bez wyjścia - wersja rozszerzona,Katowice - Punkt 44,18:20,2D,original,regular,2026-08-01T10:04:11.320617
2026-08-01,,katowice,Spider-Man: Całkiem nowy dzień,Katowice - Punkt 44,18:30,2D,original,regular,2026-08-01T10:04:11.320630
2026-08-01,,katowice,Vaiana,Katowice - Punkt 44,18:30,2D,original,regular,2026-08-01T10:04:11.320639
2026-08-01,,katowice,Toy Story 5,Katowice - Punkt 44,18:50,2D,original,regular,2026-08-01T10:04:11.320650
2026-08-01,,katowice,Odyseja,Katowice - Punkt 44,19:00,2D,original,regular,2026-08-01T10:04:11.320659
2026-08-01,,katowice,Psi patrol i dinozaury,Katowice - Punkt 44,19:20,2D,,regular,2026-08-01T10:04:11.320668
2026-08-01,,katowice,Backrooms. Bez wyjścia,Katowice - Punkt 44,19:30,2D,original,regular,2026-08-01T10:04:11.320678
2026-08-01,,katowice,Umamusume: Pretty Derby - Beginning of a New Era,Katowice - Punkt 44,19:40,2D,original,regular,2026-08-01T10:04:11.320687
2026-08-01,,katowice,Spider-Man: Całkiem nowy dzień,Katowice - Punkt 44,20:00,2D,original,regular,2026-08-01T10:04:11.320698
2026-08-01,,katowice,Obsesja,Katowice - Punkt 44,20:30,2D,original,regular,2026-08-01T10:04:11.320707
2026-08-01,,katowice,Spider-Man: Całkiem nowy dzień,Katowice - Punkt 44,20:40,2D,original,regular,2026-08-01T10:04:11.320716
2026-08-01,,katowice,Umamusume: Pretty Derby - Beginning of a New Era,Katowice - Punkt 44,20:50,2D,original,regular,2026-08-01T10:04:11.320725
2026-08-01,,katowice,Dzień objawienia,Katowice - Punkt 44,21:10,2D,original,regular,2026-08-01T10:04:11.320735
2026-08-01,,katowice,Backrooms. Bez wyjścia - wersja rozszerzona,Katowice - Punkt 44,21:10,2D,original,regular,2026-08-01T10:04:11.320744
2026-08-01,,katowice,Diabeł ubiera się u Prady 2,Katowice - Punkt 44,21:20,2D,original,regular,2026-08-01T10:04:11.320754
2026-08-01,,katowice,Odyseja,Katowice - Punkt 44,21:30,2D,original,regular,2026-08-01T10:04:11.320763
2026-08-01,,katowice,Spider-Man: Całkiem nowy dzień,Katowice - Punkt 44,21:30,2D,original,regular,2026-08-01T10:04:11.320772
2026-08-01,,katowice,Spider-Man: Całkiem nowy dzień,Katowice - Punkt 44,21:40,2D,original,regular,2026-08-01T10:04:11.320781
2026-08-01,,katowice,Odyseja,Katowice - Punkt 44,21:45,IMAX,original,regular,2026-08-01T10:04:11.320788
2026-08-01,,katowice,Martwe zło: Ogień,Katowice - Punkt 44,22:00,2D,original,regular,2026-08-01T10:04:11.320797
2026-08-01,,katowice,Zaproszenie,Katowice - Punkt 44,22:10,2D,original,regular,2026-08-01T10:04:11.320823
2026-08-01,,katowice,Straszny film,Katowice - Punkt 44,22:30,2D,original,regular,2026-08-01T10:04:11.320835
2026-08-01,,katowice,Odyseja,Katowice - Silesia,12:00,2D,original,regular,2026-08-01T10:04:12.740859
2026-08-01,,katowice,Psi patrol i dinozaury,Katowice - Silesia,12:20,2D,,regular,2026-08-01T10:04:12.740885
2026-08-01,,katowice,Minionki i straszydła,Katowice - Silesia,12:20,2D,,regular,2026-08-01T10:04:12.740898
2026-08-01,,katowice,Toy Story 5,Katowice - Silesia,12:30,2D,original,regular,2026-08-01T10:04:12.740909
2026-08-01,,katowice,Spider-Man: Całkiem nowy dzień,Katowice - Silesia,12:40,2D,original,regular,2026-08-01T10:04:12.740920
2026-08-01,,katowice,Ghost in the Shell,Katowice - Silesia,12:50,2D,original,regular,2026-08-01T10:04:12.740932
2026-08-01,,katowice,Spider-Man: Całkiem nowy dzień,Katowice - Silesia,13:30,2D,original,regular,2026-08-01T10:04:12.740941
2026-08-01,,katowice,Toy Story 5,Katowice - Silesia,13:40,2D,original,regular,2026-08-01T10:04:12.740952
2026-08-01,,katowice,Backrooms. Bez wyjścia,Katowice - Silesia,13:50,2D,original,regular,2026-08-01T10:04:12.740962
2026-08-01,,katowice,Minionki i straszydła,Katowice - Silesia,13:50,2D,,regular,2026-08-01T10:04:12.740971
2026-08-01,,katowice,Spider-Man: Całkiem nowy dzień,Katowice - Silesia,14:10,2D,original,regular,2026-08-01T10:04:12.740981
2026-08-01,,katowice,Vaiana: wersja karaoke,Katowice - Silesia,14:10,2D,original,regular,2026-08-01T10:04:12.740991
2026-08-01,,katowice,Odyseja,Katowice - Silesia,14:20,2D,original,regular,2026-08-01T10:04:12.741001
2026-08-01,,katowice,Psi patrol i dinozaury,Katowice - Silesia,14:30,2D,,regular,2026-08-01T10:04:12.741010
2026-08-01,,katowice,Minionki i straszydła,Katowice - Silesia,14:30,2D,,regular,2026-08-01T10:04:12.741019
2026-08-01,,katowice,Spider-Man: Całkiem nowy dzień,Katowice - Silesia,15:00,3D,original,regular,2026-08-01T10:04:12.741028
2026-08-01,,katowice,Ekipa zwierzaków,Katowice - Silesia,15:00,2D,,regular,2026-08-01T10:04:12.741038
2026-08-01,,katowice,Odyseja,Katowice - Silesia,15:40,2D,original,regular,2026-08-01T10:04:12.741049
2026-08-01,,katowice,Spider-Man: Całkiem nowy dzień,Katowice - Silesia,15:50,2D,original,regular,2026-08-01T10:04:12.741058
2026-08-01,,katowice,Minionki i straszydła,Katowice - Silesia,16:00,2D,,regular,2026-08-01T10:04:12.741067
2026-08-01,,katowice,Toy Story 5,Katowice - Silesia,16:10,2D,original,regular,2026-08-01T10:04:12.741077
2026-08-01,,katowice,Backrooms. Bez wyjścia,Katowice - Silesia,16:20,2D,original,regular,2026-08-01T10:04:12.741087
2026-08-01,,katowice,Psi patrol i dinozaury,Katowice - Silesia,16:40,2D,,regular,2026-08-01T10:04:12.741095
2026-08-01,,katowice,Młody Waszyngton,Katowice - Silesia,16:40,2D,original,regular,2026-08-01T10:04:12.741106
2026-08-01,,katowice,Spider-Man: Całkiem nowy dzień,Katowice - Silesia,16:40,2D,original,regular,2026-08-01T10:04:12.741115
2026-08-01,,katowice,Vaiana,Katowice - Silesia,16:50,2D,original,regular,2026-08-01T10:04:12.741124
2026-08-01,,katowice,Backrooms. Bez wyjścia - wersja rozszerzona,Katowice - Silesia,17:10,2D,original,regular,2026-08-01T10:04:12.741134
2026-08-01,,katowice,Spider-Man: Całkiem nowy dzień,Katowice - Silesia,17:20,2D,original,regular,2026-08-01T10:04:12.741144
2026-08-01,,katowice,Odyseja,Katowice - Silesia,18:00,2D,original,regular,2026-08-01T10:04:12.741154
2026-08-01,,katowice,Spider-Man: Całkiem nowy dzień,Katowice - Silesia,18:10,3D,original,regular,2026-08-01T10:04:12.741163
2026-08-01,,katowice,Minionki i straszydła,Katowice - Silesia,18:10,2D,,regular,2026-08-01T10:04:12.741171
2026-08-01,,katowice,Toy Story 5,Katowice - Silesia,18:40,2D,original,regular,2026-08-01T10:04:12.741181
2026-08-01,,katowice,Psi patrol i dinozaury,Katowice - Silesia,18:50,2D,,regular,2026-08-01T10:04:12.741190
2026-08-01,,katowice,Spider-Man: Całkiem nowy dzień,Katowice - Silesia,19:00,2D,original,regular,2026-08-01T10:04:12.741199
2026-08-01,,katowice,Ostatni konsjerż,Katowice - Silesia,19:00,2D,original,regular,2026-08-01T10:04:12.741209
2026-08-01,,katowice,Odyseja,Katowice - Silesia,19:20,2D,original,regular,2026-08-01T10:04:12.741218
2026-08-01,,katowice,Obsesja,Katowice - Silesia,19:20,2D,original,regular,2026-08-01T10:04:12.741227
2026-08-01,,katowice,Spider-Man: Całkiem nowy dzień,Katowice - Silesia,19:30,2D,original,regular,2026-08-01T10:04:12.741237
2026-08-01,,katowice,Odyseja,Katowice - Silesia,20:00,2D,original,regular,2026-08-01T10:04:12.741246
2026-08-01,,katowice,Spider-Man: Całkiem nowy dzień,Katowice - Silesia,20:00,2D,original,regular,2026-08-01T10:04:12.741255
2026-08-01,,katowice,Zaproszenie,Katowice - Silesia,20:20,2D,original,regular,2026-08-01T10:04:12.741264
2026-08-01,,katowice,Spider-Man: Całkiem nowy dzień,Katowice - Silesia,20:30,2D,original,regular,2026-08-01T10:04:12.741274
2026-08-01,,katowice,Backrooms. Bez wyjścia,Katowice - Silesia,21:00,2D,original,regular,2026-08-01T10:04:12.741283
2026-08-01,,katowice,Requiem dla snu,Katowice - Silesia,21:00,2D,original,regular,2026-08-01T10:04:12.741292
2026-08-01,,katowice,Martwe zło: Ogień,Katowice - Silesia,21:10,2D,original,regular,2026-08-01T10:04:12.741301
2026-08-01,,katowice,Spider-Man: Całkiem nowy dzień,Katowice - Silesia,21:20,3D,original,regular,2026-08-01T10:04:12.741310
2026-08-01,,katowice,Spider-Man: Całkiem nowy dzień,Katowice - Silesia,21:40,2D,original,regular,2026-08-01T10:04:12.741319
2026-08-01,,katowice,Jej piekło,Katowice - Silesia,21:50,2D,original,regular,2026-08-01T10:04:12.741329
2026-08-01,,katowice,Straszny film,Katowice - Silesia,22:10,2D,original,regular,2026-08-01T10:04:12.741339
2026-08-01,,kraków,Spider-Man: Całkiem nowy dzień,Kraków - Bonarka,12:10,2D,original,regular,2026-08-01T10:04:15.014136
2026-08-01,,kraków,Odyseja ukraiński dubbing,Kraków - Bonarka,12:10,2D,dubbing,regular,2026-08-01T10:04:15.014162
2026-08-01,,kraków,Psi patrol i dinozaury,Kraków - Bonarka,12:20,2D,,regular,2026-08-01T10:04:15.014174
2026-08-01,,kraków,Odyseja,Kraków - Bonarka,12:30,2D,original,regular,2026-08-01T10:04:15.014186
2026-08-01,,kraków,Vaiana,Kraków - Bonarka,12:30,2D,original,regular,2026-08-01T10:04:15.014197
2026-08-01,,kraków,Góra mocy,Kraków - Bonarka,12:40,2D,original,regular,2026-08-01T10:04:15.014209
2026-08-01,,kraków,Minionki i straszydła,Kraków - Bonarka,12:40,2D,,regular,2026-08-01T10:04:15.014219
2026-08-01,,kraków,Spider-Man: Całkiem nowy dzień,Kraków - Bonarka,13:00,2D,original,regular,2026-08-01T10:04:15.014231
2026-08-01,,kraków,Toy Story 5,Kraków - Bonarka,13:00,2D,original,regular,2026-08-01T10:04:15.014243
2026-08-01,,kraków,Młody Waszyngton,Kraków - Bonarka,13:00,2D,original,regular,2026-08-01T10:04:15.014255
2026-08-01,,kraków,Minionki i straszydła,Kraków - Bonarka,13:10,2D,,regular,2026-08-01T10:04:15.014264
2026-08-01,,kraków,Psi patrol i dinozaury,Kraków - Bonarka,13:30,2D,,regular,2026-08-01T10:04:15.014274
2026-08-01,,kraków,Vaiana: wersja karaoke,Kraków - Bonarka,13:30,2D,original,regular,2026-08-01T10:04:15.014285
2026-08-01,,kraków,Spider-Man: Całkiem nowy dzień,Kraków - Bonarka,13:40,2D,original,regular,2026-08-01T10:04:15.014296
2026-08-01,,kraków,Obsesja,Kraków - Bonarka,13:40,2D,original,regular,2026-08-01T10:04:15.014305
2026-08-01,,kraków,Odyseja,Kraków - Bonarka,13:50,2D,original,regular,2026-08-01T10:04:15.014317
2026-08-01,,kraków,Spider-Man: Całkiem nowy dzień,Kraków - Bonarka,14:10,4DX,original,regular,2026-08-01T10:04:15.014325
2026-08-01,,kraków,Spider-Man: Całkiem nowy dzień,Kraków - Bonarka,14:30,2D,original,regular,2026-08-01T10:04:15.014335
2026-08-01,,kraków,Psi patrol i dinozaury,Kraków - Bonarka,14:30,2D,,regular,2026-08-01T10:04:15.014345
2026-08-01,,kraków,Odyseja,Kraków - Bonarka,14:40,2D,original,regular,2026-08-01T10:04:15.014355
2026-08-01,,kraków,Spider-Man: Całkiem nowy dzień,Kraków - Bonarka,14:50,3D,original,regular,2026-08-01T10:04:15.014374
2026-08-01,,kraków,Minionki i straszydła,Kraków - Bonarka,14:50,2D,,regular,2026-08-01T10:04:15.014384
2026-08-01,,kraków,Vaiana,Kraków - Bonarka,15:10,2D,original,regular,2026-08-01T10:04:15.014394
2026-08-01,,kraków,Spider-Man: Całkiem nowy dzień,Kraków - Bonarka,15:20,2D,original,regular,2026-08-01T10:04:15.014403
2026-08-01,,kraków,Minionki i straszydła,Kraków - Bonarka,15:20,2D,,regular,2026-08-01T10:04:15.014413
2026-08-01,,kraków,Toy Story 5,Kraków - Bonarka,15:20,2D,original,regular,2026-08-01T10:04:15.014424
2026-08-01,,kraków,Psi patrol i dinozaury,Kraków - Bonarka,15:40,2D,,regular,2026-08-01T10:04:15.014433
2026-08-01,,kraków,Spider-Man: Całkiem nowy dzień ukraiński dubbing,Kraków - Bonarka,15:50,2D,dubbing,regular,2026-08-01T10:04:15.014443
2026-08-01,,kraków,Requiem dla snu,Kraków - Bonarka,15:50,2D,original,regular,2026-08-01T10:04:15.014453
2026-08-01,,kraków,Spider-Man: Całkiem nowy dzień,Kraków - Bonarka,16:10,2D,original,regular,2026-08-01T10:04:15.014464
2026-08-01,,kraków,Odyseja,Kraków - Bonarka,16:10,2D,original,regular,2026-08-01T10:04:15.014473
2026-08-01,,kraków,Diabeł ubiera się u Prady 2,Kraków - Bonarka,16:10,2D,original,regular,2026-08-01T10:04:15.014485
2026-08-01,,kraków,Spider-Man: Całkiem nowy dzień,Kraków - Bonarka,16:20,2D,original,regular,2026-08-01T10:04:15.014495
2026-08-01,,kraków,Psi patrol i dinozaury,Kraków - Bonarka,16:40,2D,,regular,2026-08-01T10:04:15.014504
2026-08-01,,kraków,Spider-Man: Całkiem nowy dzień,Kraków - Bonarka,16:50,2D,original,regular,2026-08-01T10:04:15.014514
2026-08-01,,kraków,Minionki i straszydła,Kraków - Bonarka,17:00,2D,,regular,2026-08-01T10:04:15.014524
2026-08-01,,kraków,Spider-Man: Całkiem nowy dzień,Kraków - Bonarka,17:20,4DX,original,regular,2026-08-01T10:04:15.014532
2026-08-01,,kraków,Zaproszenie,Kraków - Bonarka,17:30,2D,original,regular,2026-08-01T10:04:15.014542
2026-08-01,,kraków,Odyseja,Kraków - Bonarka,17:30,2D,original,regular,2026-08-01T10:04:15.014551
2026-08-01,,kraków,Spider-Man: Całkiem nowy dzień,Kraków - Bonarka,17:30,2D,original,regular,2026-08-01T10:04:15.014561
2026-08-01,,kraków,Spider-Man: Całkiem nowy dzień,Kraków - Bonarka,17:40,2D,original,regular,2026-08-01T10:04:15.014572
2026-08-01,,kraków,Backrooms. Bez wyjścia - wersja rozszerzona,Kraków - Bonarka,17:50,2D,original,regular,2026-08-01T10:04:15.014583
2026-08-01,,kraków,Vaiana,Kraków - Bonarka,17:50,2D,original,regular,2026-08-01T10:04:15.014593
2026-08-01,,kraków,Spider-Man: Całkiem nowy dzień,Kraków - Bonarka,18:00,3D,original,regular,2026-08-01T10:04:15.014602
2026-08-01,,kraków,Odyseja,Kraków - Bonarka,18:10,2D,original,regular,2026-08-01T10:04:15.014612
2026-08-01,,kraków,Młody Waszyngton,Kraków - Bonarka,18:10,2D,original,regular,2026-08-01T10:04:15.014624
2026-08-01,,kraków,Odyseja,Kraków - Bonarka,18:20,2D,original,regular,2026-08-01T10:04:15.014634
2026-08-01,,kraków,Spider-Man: Całkiem nowy dzień,Kraków - Bonarka,18:30,2D,original,regular,2026-08-01T10:04:15.014644
2026-08-01,,kraków,Spider-Man: Całkiem nowy dzień,Kraków - Bonarka,18:40,2D,original,regular,2026-08-01T10:04:15.014654
2026-08-01,,kraków,Spider-Man: Całkiem nowy dzień ukraiński dubbing,Kraków - Bonarka,18:50,2D,dubbing,regular,2026-08-01T10:04:15.014663
2026-08-01,,kraków,Umamusume: Pretty Derby - Beginning of a New Era,Kraków - Bonarka,18:50,2D,original,regular,2026-08-01T10:04:15.014673
2026-08-01,,kraków,Obsesja,Kraków - Bonarka,19:10,2D,original,regular,2026-08-01T10:04:15.014682
2026-08-01,,kraków,Spider-Man: Całkiem nowy dzień,Kraków - Bonarka,19:20,2D,original,regular,2026-08-01T10:04:15.014692
2026-08-01,,kraków,Spider-Man: Całkiem nowy dzień,Kraków - Bonarka,19:30,2D,original,regular,2026-08-01T10:04:15.014701
2026-08-01,,kraków,Backrooms. Bez wyjścia,Kraków - Bonarka,19:50,2D,original,regular,2026-08-01T10:04:15.014711
2026-08-01,,kraków,Odyseja,Kraków - Bonarka,19:50,2D,original,regular,2026-08-01T10:04:15.014720
2026-08-01,,kraków,Spider-Man: Całkiem nowy dzień,Kraków - Bonarka,20:00,2D,original,regular,2026-08-01T10:04:15.014730
2026-08-01,,kraków,Spider-Man: Całkiem nowy dzień,Kraków - Bonarka,20:30,4DX,original,regular,2026-08-01T10:04:15.014737
2026-08-01,,kraków,Diabeł ubiera się u Prady 2,Kraków - Bonarka,20:30,2D,original,regular,2026-08-01T10:04:15.014747
2026-08-01,,kraków,Odyseja,Kraków - Bonarka,20:30,2D,original,regular,2026-08-01T10:04:15.014756
2026-08-01,,kraków,Backrooms. Bez wyjścia - wersja rozszerzona,Kraków - Bonarka,20:40,2D,original,regular,2026-08-01T10:04:15.014766
2026-08-01,,kraków,Spider-Man: Całkiem nowy dzień,Kraków - Bonarka,20:50,2D,original,regular,2026-08-01T10:04:15.014776
2026-08-01,,kraków,Ostatni konsjerż,Kraków - Bonarka,20:50,2D,original,regular,2026-08-01T10:04:15.014786
2026-08-01,,kraków,Odyseja,Kraków - Bonarka,21:00,2D,original,regular,2026-08-01T10:04:15.014798
2026-08-01,,kraków,Spider-Man: Całkiem nowy dzień,Kraków - Bonarka,21:10,2D,original,regular,2026-08-01T10:04:15.014824
2026-08-01,,kraków,Ghost in the Shell,Kraków - Bonarka,21:20,2D,original,regular,2026-08-01T10:04:15.014835
2026-08-01,,kraków,Odyseja,Kraków - Bonarka,21:40,2D,original,regular,2026-08-01T10:04:15.014845
2026-08-01,,kraków,Martwe zło: Ogień,Kraków - Bonarka,21:40,2D,original,regular,2026-08-01T10:04:15.014855
2026-08-01,,kraków,Spider-Man: Całkiem nowy dzień,Kraków - Bonarka,21:40,2D,original,regular,2026-08-01T10:04:15.014865
2026-08-01,,kraków,Dzień objawienia,Kraków - Bonarka,21:40,2D,original,regular,2026-08-01T10:04:15.014876
2026-08-01,,kraków,Spider-Man: Całkiem nowy dzień ukraiński dubbing,Kraków - Bonarka,21:50,2D,dubbing,regular,2026-08-01T10:04:15.014886
2026-08-01,,kraków,Spider-Man: Całkiem nowy dzień,Kraków - Bonarka,21:50,2D,original,regular,2026-08-01T10:04:15.014896
2026-08-01,,kraków,Backrooms. Bez wyjścia,Kraków - Bonarka,22:15,2D,original,regular,2026-08-01T10:04:15.014906
2026-08-01,,kraków,Jej piekło,Kraków - Bonarka,22:20,2D,original,regular,2026-08-01T10:04:15.014916
2026-08-01,,kraków,Obsesja,Kraków - Bonarka,22:30,2D,original,regular,2026-08-01T10:04:15.014926
2026-08-01,,kraków,Jej piekło,Kraków - Bonarka,22:30,2D,original,regular,2026-08-01T10:04:15.014935
2026-08-01,,kraków,Spider-Man: Całkiem nowy dzień,Kraków - Galeria Kazimierz,12:10,2D,original,regular,2026-08-01T10:04:16.277769
2026-08-01,,kraków,Odyseja,Kraków - Galeria Kazimierz,12:10,2D,original,regular,2026-08-01T10:04:16.277794
2026-08-01,,kraków,Vaiana,Kraków - Galeria Kazimierz,12:20,2D,original,regular,2026-08-01T10:04:16.277840
2026-08-01,,kraków,Góra mocy,Kraków - Galeria Kazimierz,12:20,2D,original,regular,2026-08-01T10:04:16.277856
2026-08-01,,kraków,Psi patrol i dinozaury,Kraków - Galeria Kazimierz,12:50,2D,,regular,2026-08-01T10:04:16.277867
2026-08-01,,kraków,Toy Story 5,Kraków - Galeria Kazimierz,13:00,2D,original,regular,2026-08-01T10:04:16.277879
2026-08-01,,kraków,Spider-Man: Całkiem nowy dzień,Kraków - Galeria Kazimierz,13:40,2D,original,regular,2026-08-01T10:04:16.277890
2026-08-01,,kraków,Ekipa zwierzaków,Kraków - Galeria Kazimierz,13:50,2D,,regular,2026-08-01T10:04:16.277900
2026-08-01,,kraków,Odyseja,Kraków - Galeria Kazimierz,14:10,2D,original,regular,2026-08-01T10:04:16.277910
2026-08-01,,kraków,Minionki i straszydła,Kraków - Galeria Kazimierz,14:20,2D,,regular,2026-08-01T10:04:16.277920
2026-08-01,,kraków,Spider-Man: Całkiem nowy dzień,Kraków - Galeria Kazimierz,14:30,3D,original,regular,2026-08-01T10:04:16.277929
2026-08-01,,kraków,Psi patrol i dinozaury,Kraków - Galeria Kazimierz,15:00,2D,,regular,2026-08-01T10:04:16.277938
2026-08-01,,kraków,Zaproszenie,Kraków - Galeria Kazimierz,15:00,2D,original,regular,2026-08-01T10:04:16.277947
2026-08-01,,kraków,Spider-Man: Całkiem nowy dzień,Kraków - Galeria Kazimierz,15:20,2D,original,regular,2026-08-01T10:04:16.277958
2026-08-01,,kraków,Toy Story 5,Kraków - Galeria Kazimierz,15:30,2D,original,regular,2026-08-01T10:04:16.277968
2026-08-01,,kraków,Odyseja,Kraków - Galeria Kazimierz,15:50,2D,original,regular,2026-08-01T10:04:16.277978
2026-08-01,,kraków,Spider-Man: Całkiem nowy dzień ukraiński dubbing,Kraków - Galeria Kazimierz,16:00,2D,dubbing,regular,2026-08-01T10:04:16.277988
2026-08-01,,kraków,Ekipa zwierzaków,Kraków - Galeria Kazimierz,16:30,2D,,regular,2026-08-01T10:04:16.277997
2026-08-01,,kraków,Spider-Man: Całkiem nowy dzień,Kraków - Galeria Kazimierz,16:50,2D,original,regular,2026-08-01T10:04:16.278007
2026-08-01,,kraków,Psi patrol i dinozaury,Kraków - Galeria Kazimierz,17:10,2D,,regular,2026-08-01T10:04:16.278016
2026-08-01,,kraków,Vaiana: wersja karaoke,Kraków - Galeria Kazimierz,17:30,2D,original,regular,2026-08-01T10:04:16.278026
2026-08-01,,kraków,Spider-Man: Całkiem nowy dzień,Kraków - Galeria Kazimierz,17:40,3D,original,regular,2026-08-01T10:04:16.278035
2026-08-01,,kraków,Odyseja,Kraków - Galeria Kazimierz,17:50,2D,original,regular,2026-08-01T10:04:16.278044
2026-08-01,,kraków,Toy Story 5,Kraków - Galeria Kazimierz,18:00,2D,original,regular,2026-08-01T10:04:16.278055
2026-08-01,,kraków,Spider-Man: Całkiem nowy dzień,Kraków - Galeria Kazimierz,18:30,2D,original,regular,2026-08-01T10:04:16.278065
2026-08-01,,kraków,Backrooms. Bez wyjścia - wersja rozszerzona,Kraków - Galeria Kazimierz,18:40,2D,original,regular,2026-08-01T10:04:16.278076
2026-08-01,,kraków,Ghost in the Shell,Kraków - Galeria Kazimierz,19:10,2D,original,regular,2026-08-01T10:04:16.278086
2026-08-01,,kraków,Zaproszenie,Kraków - Galeria Kazimierz,19:20,2D,original,regular,2026-08-01T10:04:16.278095
2026-08-01,,kraków,Odyseja,Kraków - Galeria Kazimierz,19:30,2D,original,regular,2026-08-01T10:04:16.278106
2026-08-01,,kraków,Spider-Man: Całkiem nowy dzień,Kraków - Galeria Kazimierz,20:00,2D,original,regular,2026-08-01T10:04:16.278116
2026-08-01,,kraków,Odyseja ukraiński dubbing,Kraków - Galeria Kazimierz,20:10,2D,dubbing,regular,2026-08-01T10:04:16.278126
2026-08-01,,kraków,Młody Waszyngton,Kraków - Galeria Kazimierz,20:30,2D,original,regular,2026-08-01T10:04:16.278137
2026-08-01,,kraków,Obsesja,Kraków - Galeria Kazimierz,20:50,2D,original,regular,2026-08-01T10:04:16.278147
2026-08-01,,kraków,Jej piekło,Kraków - Galeria Kazimierz,21:15,2D,original,regular,2026-08-01T10:04:16.278157
2026-08-01,,kraków,Odyseja,Kraków - Galeria Kazimierz,21:30,2D,original,regular,2026-08-01T10:04:16.278166
2026-08-01,,kraków,Martwe zło: Ogień,Kraków - Galeria Kazimierz,21:30,2D,original,regular,2026-08-01T10:04:16.278175
2026-08-01,,kraków,Spider-Man: Całkiem nowy dzień,Kraków - Galeria Kazimierz,21:40,2D,original,regular,2026-08-01T10:04:16.278185
2026-08-01,,kraków,Requiem dla snu,Kraków - Galeria Kazimierz,21:50,2D,original,regular,2026-08-01T10:04:16.278195
2026-08-01,,kraków,Odyseja,Kraków - Zakopianka,12:00,2D,original,regular,2026-08-01T10:04:17.784485
2026-08-01,,kraków,Vaiana,Kraków - Zakopianka,12:10,2D,original,regular,2026-08-01T10:04:17.784515
2026-08-01,,kraków,Ekipa zwierzaków,Kraków - Zakopianka,12:20,2D,,regular,2026-08-01T10:04:17.784531
2026-08-01,,kraków,Minionki i straszydła,Kraków - Zakopianka,12:30,2D,,regular,2026-08-01T10:04:17.784545
2026-08-01,,kraków,Spider-Man: Całkiem nowy dzień,Kraków - Zakopianka,12:40,2D,original,regular,2026-08-01T10:04:17.784560
2026-08-01,,kraków,Psi patrol i dinozaury,Kraków - Zakopianka,12:50,2D,,regular,2026-08-01T10:04:17.784571
2026-08-01,,kraków,Toy Story 5,Kraków - Zakopianka,13:10,2D,original,regular,2026-08-01T10:04:17.784585
2026-08-01,,kraków,Spider-Man: Całkiem nowy dzień,Kraków - Zakopianka,14:10,2D,original,regular,2026-08-01T10:04:17.784598
2026-08-01,,kraków,Odyseja,Kraków - Zakopianka,14:15,IMAX,original,regular,2026-08-01T10:04:17.784607
2026-08-01,,kraków,Ekipa zwierzaków,Kraków - Zakopianka,14:30,2D,,regular,2026-08-01T10:04:17.784619
2026-08-01,,kraków,Minionki i straszydła,Kraków - Zakopianka,14:40,2D,,regular,2026-08-01T10:04:17.784630
2026-08-01,,kraków,Spider-Man: Całkiem nowy dzień,Kraków - Zakopianka,14:50,3D,original,regular,2026-08-01T10:04:17.784642
2026-08-01,,kraków,Vaiana,Kraków - Zakopianka,14:50,2D,original,regular,2026-08-01T10:04:17.784653
2026-08-01,,kraków,Psi patrol i dinozaury,Kraków - Zakopianka,15:00,2D,,regular,2026-08-01T10:04:17.784664
2026-08-01,,kraków,Toy Story 5,Kraków - Zakopianka,15:40,2D,original,regular,2026-08-01T10:04:17.784677
2026-08-01,,kraków,Odyseja,Kraków - Zakopianka,15:45,2D,original,regular,2026-08-01T10:04:17.784688
2026-08-01,,kraków,Spider-Man: Całkiem nowy dzień,Kraków - Zakopianka,15:50,2D,original,regular,2026-08-01T10:04:17.784700
2026-08-01,,kraków,Odyseja,Kraków - Zakopianka,16:40,2D,original,regular,2026-08-01T10:04:17.784711
2026-08-01,,kraków,Minionki i straszydła,Kraków - Zakopianka,17:00,2D,,regular,2026-08-01T10:04:17.784722
2026-08-01,,kraków,Psi patrol i dinozaury,Kraków - Zakopianka,17:10,2D,,regular,2026-08-01T10:04:17.784733
2026-08-01,,kraków,Spider-Man: Całkiem nowy dzień,Kraków - Zakopianka,17:20,2D,original,regular,2026-08-01T10:04:17.784747
2026-08-01,,kraków,Vaiana: wersja karaoke,Kraków - Zakopianka,17:30,2D,original,regular,2026-08-01T10:04:17.784759
2026-08-01,,kraków,Spider-Man: Całkiem nowy dzień,Kraków - Zakopianka,18:00,3D,original,regular,2026-08-01T10:04:17.784770
2026-08-01,,kraków,Odyseja,Kraków - Zakopianka,18:00,IMAX,original,regular,2026-08-01T10:04:17.784778
2026-08-01,,kraków,Młody Waszyngton,Kraków - Zakopianka,18:10,2D,original,regular,2026-08-01T10:04:17.784792
2026-08-01,,kraków,Spider-Man: Całkiem nowy dzień,Kraków - Zakopianka,19:00,2D,original,regular,2026-08-01T10:04:17.784828
2026-08-01,,kraków,Backrooms. Bez wyjścia - wersja rozszerzona,Kraków - Zakopianka,19:10,2D,original,regular,2026-08-01T10:04:17.784842
2026-08-01,,kraków,Obsesja,Kraków - Zakopianka,19:20,2D,original,regular,2026-08-01T10:04:17.784852
2026-08-01,,kraków,Odyseja,Kraków - Zakopianka,19:30,2D,original,regular,2026-08-01T10:04:17.784861
2026-08-01,,kraków,Zaproszenie,Kraków - Zakopianka,20:10,2D,original,regular,2026-08-01T10:04:17.784870
2026-08-01,,kraków,Odyseja,Kraków - Zakopianka,20:20,2D,original,regular,2026-08-01T10:04:17.784879
2026-08-01,,kraków,Spider-Man: Całkiem nowy dzień,Kraków - Zakopianka,20:30,2D,original,regular,2026-08-01T10:04:17.784889
2026-08-01,,kraków,Requiem dla snu,Kraków - Zakopianka,21:00,2D,original,regular,2026-08-01T10:04:17.784898
2026-08-01,,kraków,Martwe zło: Ogień,Kraków - Zakopianka,21:10,2D,original,regular,2026-08-01T10:04:17.784908
2026-08-01,,kraków,Odyseja,Kraków - Zakopianka,21:45,IMAX,original,regular,2026-08-01T10:04:17.784914
2026-08-01,,kraków,Straszny film,Kraków - Zakopianka,21:50,2D,original,regular,2026-08-01T10:04:17.784925
2026-08-01,,kraków,Backrooms. Bez wyjścia,Kraków - Zakopianka,22:00,2D,original,regular,2026-08-01T10:04:17.784935
2026-08-01,,kraków,Spider-Man: Całkiem nowy dzień,Kraków - Zakopianka,22:10,2D,original,regular,2026-08-01T10:04:17.784945
2026-08-01,,lublin,Spider-Man: Całkiem nowy dzień,Lublin - Felicity,12:10,2D,original,regular,2026-08-01T10:04:18.870310
2026-08-01,,lublin,Toy Story 5,Lublin - Felicity,12:10,2D,original,regular,2026-08-01T10:04:18.870338
2026-08-01,,lublin,Psi patrol i dinozaury,Lublin - Felicity,12:50,2D,,regular,2026-08-01T10:04:18.870350
2026-08-01,,lublin,Minionki i straszydła,Lublin - Felicity,13:00,2D,,regular,2026-08-01T10:04:18.870361
2026-08-01,,lublin,Vaiana: wersja karaoke,Lublin - Felicity,13:30,2D,original,regular,2026-08-01T10:04:18.870372
2026-08-01,,lublin,Spider-Man: Całkiem nowy dzień,Lublin - Felicity,13:40,2D,original,regular,2026-08-01T10:04:18.870382
2026-08-01,,lublin,Odyseja,Lublin - Felicity,13:50,2D,original,regular,2026-08-01T10:04:18.870393
2026-08-01,,lublin,Spider-Man: Całkiem nowy dzień,Lublin - Felicity,14:10,4DX,original,regular,2026-08-01T10:04:18.870401
2026-08-01,,lublin,Toy Story 5,Lublin - Felicity,14:40,2D,original,regular,2026-08-01T10:04:18.870412
2026-08-01,,lublin,Spider-Man: Całkiem nowy dzień,Lublin - Felicity,14:50,3D,original,regular,2026-08-01T10:04:18.870421
2026-08-01,,lublin,Psi patrol i dinozaury,Lublin - Felicity,15:00,2D,,regular,2026-08-01T10:04:18.870430
2026-08-01,,lublin,Minionki i straszydła,Lublin - Felicity,15:10,2D,,regular,2026-08-01T10:04:18.870439
2026-08-01,,lublin,Spider-Man: Całkiem nowy dzień,Lublin - Felicity,15:20,2D,original,regular,2026-08-01T10:04:18.870449
2026-08-01,,lublin,Vaiana,Lublin - Felicity,16:10,2D,original,regular,2026-08-01T10:04:18.870459
2026-08-01,,lublin,Spider-Man: Całkiem nowy dzień,Lublin - Felicity,16:50,2D,original,regular,2026-08-01T10:04:18.870469
2026-08-01,,lublin,Toy Story 5,Lublin - Felicity,17:00,2D,original,regular,2026-08-01T10:04:18.870479
2026-08-01,,lublin,Psi patrol i dinozaury,Lublin - Felicity,17:10,2D,,regular,2026-08-01T10:04:18.870488
2026-08-01,,lublin,Spider-Man: Całkiem nowy dzień,Lublin - Felicity,17:20,4DX,original,regular,2026-08-01T10:04:18.870496
2026-08-01,,lublin,Minionki i straszydła,Lublin - Felicity,17:20,2D,,regular,2026-08-01T10:04:18.870505
2026-08-01,,lublin,Odyseja,Lublin - Felicity,17:30,2D,original,regular,2026-08-01T10:04:18.870515
2026-08-01,,lublin,Spider-Man: Całkiem nowy dzień,Lublin - Felicity,18:00,3D,original,regular,2026-08-01T10:04:18.870523
2026-08-01,,lublin,Spider-Man: Całkiem nowy dzień,Lublin - Felicity,18:30,2D,original,regular,2026-08-01T10:04:18.870533
2026-08-01,,lublin,Młody Waszyngton,Lublin - Felicity,18:45,2D,original,regular,2026-08-01T10:04:18.870544
2026-08-01,,lublin,Backrooms. Bez wyjścia - wersja rozszerzona,Lublin - Felicity,19:20,2D,original,regular,2026-08-01T10:04:18.870555
2026-08-01,,lublin,Odyseja,Lublin - Felicity,19:30,2D,original,regular,2026-08-01T10:04:18.870565
2026-08-01,,lublin,Zaproszenie,Lublin - Felicity,19:30,2D,original,regular,2026-08-01T10:04:18.870574
2026-08-01,,lublin,Spider-Man: Całkiem nowy dzień,Lublin - Felicity,20:00,2D,original,regular,2026-08-01T10:04:18.870584
2026-08-01,,lublin,Spider-Man: Całkiem nowy dzień,Lublin - Felicity,20:30,4DX,original,regular,2026-08-01T10:04:18.870591
2026-08-01,,lublin,Obsesja,Lublin - Felicity,21:10,2D,original,regular,2026-08-01T10:04:18.870601
2026-08-01,,lublin,Odyseja,Lublin - Felicity,21:10,2D,original,regular,2026-08-01T10:04:18.870610
2026-08-01,,lublin,Backrooms. Bez wyjścia,Lublin - Felicity,21:30,2D,original,regular,2026-08-01T10:04:18.870620
2026-08-01,,lublin,Spider-Man: Całkiem nowy dzień,Lublin - Felicity,21:40,2D,original,regular,2026-08-01T10:04:18.870629
2026-08-01,,lublin,Martwe zło: Ogień,Lublin - Felicity,22:00,2D,original,regular,2026-08-01T10:04:18.870639
2026-08-01,,lublin,Backrooms. Bez wyjścia - wersja rozszerzona,Lublin - Felicity,22:10,2D,original,regular,2026-08-01T10:04:18.870648
2026-08-01,,lublin,Spider-Man: Całkiem nowy dzień,Lublin - Plaza,11:50,2D,original,regular,2026-08-01T10:04:20.355037
2026-08-01,,lublin,Odyseja,Lublin - Plaza,12:00,2D,original,regular,2026-08-01T10:04:20.355062
2026-08-01,,lublin,Psi patrol i dinozaury,Lublin - Plaza,12:20,2D,,regular,2026-08-01T10:04:20.355074
2026-08-01,,lublin,Spider-Man: Całkiem nowy dzień,Lublin - Plaza,12:40,2D,original,regular,2026-08-01T10:04:20.355085
2026-08-01,,lublin,Ekipa zwierzaków,Lublin - Plaza,12:45,2D,,regular,2026-08-01T10:04:20.355095
2026-08-01,,lublin,Vaiana: wersja karaoke,Lublin - Plaza,13:50,2D,original,regular,2026-08-01T10:04:20.355105
2026-08-01,,lublin,Odyseja,Lublin - Plaza,14:00,2D,original,regular,2026-08-01T10:04:20.355115
2026-08-01,,lublin,Spider-Man: Całkiem nowy dzień,Lublin - Plaza,14:10,2D,original,regular,2026-08-01T10:04:20.355125
2026-08-01,,lublin,Psi patrol i dinozaury,Lublin - Plaza,14:30,2D,,regular,2026-08-01T10:04:20.355133
2026-08-01,,lublin,Minionki i straszydła,Lublin - Plaza,14:50,2D,,regular,2026-08-01T10:04:20.355143
2026-08-01,,lublin,Spider-Man: Całkiem nowy dzień,Lublin - Plaza,15:00,3D,original,regular,2026-08-01T10:04:20.355152
2026-08-01,,lublin,Odyseja,Lublin - Plaza,15:45,2D,original,regular,2026-08-01T10:04:20.355162
2026-08-01,,lublin,Spider-Man: Całkiem nowy dzień,Lublin - Plaza,15:50,2D,original,regular,2026-08-01T10:04:20.355171
2026-08-01,,lublin,Spider-Man: Całkiem nowy dzień ukraiński dubbing,Lublin - Plaza,16:30,2D,dubbing,regular,2026-08-01T10:04:20.355180
2026-08-01,,lublin,Psi patrol i dinozaury,Lublin - Plaza,16:40,2D,,regular,2026-08-01T10:04:20.355189
2026-08-01,,lublin,Toy Story 5,Lublin - Plaza,17:00,2D,original,regular,2026-08-01T10:04:20.355200
2026-08-01,,lublin,Spider-Man: Całkiem nowy dzień,Lublin - Plaza,17:20,2D,original,regular,2026-08-01T10:04:20.355210
2026-08-01,,lublin,Odyseja,Lublin - Plaza,17:50,2D,original,regular,2026-08-01T10:04:20.355219
2026-08-01,,lublin,Spider-Man: Całkiem nowy dzień,Lublin - Plaza,18:10,3D,original,regular,2026-08-01T10:04:20.355227
2026-08-01,,lublin,Góra mocy,Lublin - Plaza,18:50,2D,original,regular,2026-08-01T10:04:20.355238
2026-08-01,,lublin,Spider-Man: Całkiem nowy dzień,Lublin - Plaza,19:00,2D,original,regular,2026-08-01T10:04:20.355247
2026-08-01,,lublin,Minionki i straszydła,Lublin - Plaza,19:20,2D,,regular,2026-08-01T10:04:20.355257
2026-08-01,,lublin,Odyseja,Lublin - Plaza,19:30,2D,original,regular,2026-08-01T10:04:20.355266
2026-08-01,,lublin,Requiem dla snu,Lublin - Plaza,19:50,2D,original,regular,2026-08-01T10:04:20.355275
2026-08-01,,lublin,Spider-Man: Całkiem nowy dzień,Lublin - Plaza,20:30,2D,original,regular,2026-08-01T10:04:20.355285
2026-08-01,,lublin,Młody Waszyngton,Lublin - Plaza,21:00,2D,original,regular,2026-08-01T10:04:20.355296
2026-08-01,,lublin,Spider-Man: Całkiem nowy dzień,Lublin - Plaza,21:20,2D,original,regular,2026-08-01T10:04:20.355305
2026-08-01,,lublin,Odyseja,Lublin - Plaza,21:30,2D,original,regular,2026-08-01T10:04:20.355314
2026-08-01,,lublin,Backrooms. Bez wyjścia - wersja rozszerzona,Lublin - Plaza,21:40,2D,original,regular,2026-08-01T10:04:20.355324
2026-08-01,,lublin,Spider-Man: Całkiem nowy dzień,Lublin - Plaza,22:10,2D,original,regular,2026-08-01T10:04:20.355333
2026-08-01,,lublin,Obsesja,Lublin - Plaza,22:20,2D,original,regular,2026-08-01T10:04:20.355342
2026-08-01,,łódź,Minionki i straszydła,Łódź Manufaktura,12:00,2D,,regular,2026-08-01T10:04:21.640261
2026-08-01,,łódź,Spider-Man: Całkiem nowy dzień,Łódź Manufaktura,12:10,2D,original,regular,2026-08-01T10:04:21.640288
2026-08-01,,łódź,Psi patrol i dinozaury,Łódź Manufaktura,12:20,2D,,regular,2026-08-01T10:04:21.640300
2026-08-01,,łódź,Toy Story 5,Łódź Manufaktura,12:20,2D,original,regular,2026-08-01T10:04:21.640313
2026-08-01,,łódź,Odyseja,Łódź Manufaktura,12:20,2D,original,regular,2026-08-01T10:04:21.640325
2026-08-01,,łódź,Góra mocy,Łódź Manufaktura,12:40,2D,original,regular,2026-08-01T10:04:21.640337
2026-08-01,,łódź,Vaiana,Łódź Manufaktura,13:10,2D,original,regular,2026-08-01T10:04:21.640347
2026-08-01,,łódź,Ekipa zwierzaków,Łódź Manufaktura,13:15,2D,,regular,2026-08-01T10:04:21.640358
2026-08-01,,łódź,Psi patrol i dinozaury,Łódź Manufaktura,13:30,2D,,regular,2026-08-01T10:04:21.640367
2026-08-01,,łódź,Minionki i straszydła,Łódź Manufaktura,13:30,2D,,regular,2026-08-01T10:04:21.640377
2026-08-01,,łódź,Spider-Man: Całkiem nowy dzień,Łódź Manufaktura,13:40,2D,original,regular,2026-08-01T10:04:21.640388
2026-08-01,,łódź,Odyseja,Łódź Manufaktura,14:00,2D,original,regular,2026-08-01T10:04:21.640399
2026-08-01,,łódź,Spider-Man: Całkiem nowy dzień,Łódź Manufaktura,14:10,4DX,original,regular,2026-08-01T10:04:21.640407
2026-08-01,,łódź,Minionki i straszydła,Łódź Manufaktura,14:10,2D,,regular,2026-08-01T10:04:21.640417
2026-08-01,,łódź,Backrooms. Bez wyjścia,Łódź Manufaktura,14:10,2D,original,regular,2026-08-01T10:04:21.640428
2026-08-01,,łódź,Odyseja,Łódź Manufaktura,14:15,IMAX,original,regular,2026-08-01T10:04:21.640435
2026-08-01,,łódź,Psi patrol i dinozaury,Łódź Manufaktura,14:30,2D,,regular,2026-08-01T10:04:21.640445
2026-08-01,,łódź,Toy Story 5,Łódź Manufaktura,14:40,2D,original,regular,2026-08-01T10:04:21.640457
2026-08-01,,łódź,Spider-Man: Całkiem nowy dzień,Łódź Manufaktura,14:50,3D,original,regular,2026-08-01T10:04:21.640466
2026-08-01,,łódź,Spider-Man: Całkiem nowy dzień,Łódź Manufaktura,15:20,2D,original,regular,2026-08-01T10:04:21.640476
2026-08-01,,łódź,Ekipa zwierzaków,Łódź Manufaktura,15:30,2D,,regular,2026-08-01T10:04:21.640486
2026-08-01,,łódź,Minionki i straszydła,Łódź Manufaktura,15:40,2D,,regular,2026-08-01T10:04:21.640495
2026-08-01,,łódź,Vaiana: wersja karaoke,Łódź Manufaktura,15:50,2D,original,regular,2026-08-01T10:04:21.640506
2026-08-01,,łódź,Spider-Man: Całkiem nowy dzień ukraiński dubbing,Łódź Manufaktura,16:00,2D,dubbing,regular,2026-08-01T10:04:21.640517
2026-08-01,,łódź,Odyseja,Łódź Manufaktura,16:00,2D,original,regular,2026-08-01T10:04:21.640527
2026-08-01,,łódź,Minionki i straszydła,Łódź Manufaktura,16:20,2D,,regular,2026-08-01T10:04:21.640537
2026-08-01,,łódź,Psi patrol i dinozaury,Łódź Manufaktura,16:40,2D,,regular,2026-08-01T10:04:21.640546
2026-08-01,,łódź,Backrooms. Bez wyjścia,Łódź Manufaktura,16:40,2D,original,regular,2026-08-01T10:04:21.640557
2026-08-01,,łódź,Spider-Man: Całkiem nowy dzień,Łódź Manufaktura,16:50,2D,original,regular,2026-08-01T10:04:21.640567
2026-08-01,,łódź,Odyseja ukraiński dubbing,Łódź Manufaktura,17:00,2D,dubbing,regular,2026-08-01T10:04:21.640578
2026-08-01,,łódź,Spider-Man: Całkiem nowy dzień,Łódź Manufaktura,17:20,4DX,original,regular,2026-08-01T10:04:21.640586
2026-08-01,,łódź,Zaproszenie,Łódź Manufaktura,17:30,2D,original,regular,2026-08-01T10:04:21.640596
2026-08-01,,łódź,Odyseja,Łódź Manufaktura,17:45,2D,original,regular,2026-08-01T10:04:21.640606
2026-08-01,,łódź,Spider-Man: Całkiem nowy dzień,Łódź Manufaktura,18:00,3D,original,regular,2026-08-01T10:04:21.640615
2026-08-01,,łódź,Odyseja,Łódź Manufaktura,18:00,IMAX,original,regular,2026-08-01T10:04:21.640622
2026-08-01,,łódź,Ghost in the Shell,Łódź Manufaktura,18:00,2D,original,regular,2026-08-01T10:04:21.640634
2026-08-01,,łódź,Spider-Man: Całkiem nowy dzień,Łódź Manufaktura,18:30,2D,original,regular,2026-08-01T10:04:21.640644
2026-08-01,,łódź,Młody Waszyngton,Łódź Manufaktura,18:30,2D,original,regular,2026-08-01T10:04:21.640655
2026-08-01,,łódź,Vaiana,Łódź Manufaktura,18:30,2D,original,regular,2026-08-01T10:04:21.640666
2026-08-01,,łódź,Psi patrol i dinozaury,Łódź Manufaktura,18:50,2D,,regular,2026-08-01T10:04:21.640675
2026-08-01,,łódź,Backrooms. Bez wyjścia - wersja rozszerzona,Łódź Manufaktura,19:10,2D,original,regular,2026-08-01T10:04:21.640686
2026-08-01,,łódź,Odyseja,Łódź Manufaktura,19:10,2D,original,regular,2026-08-01T10:04:21.640696
2026-08-01,,łódź,Jej piekło,Łódź Manufaktura,19:45,2D,original,regular,2026-08-01T10:04:21.640707
2026-08-01,,łódź,Spider-Man: Całkiem nowy dzień,Łódź Manufaktura,20:00,2D,original,regular,2026-08-01T10:04:21.640717
2026-08-01,,łódź,Zaproszenie,Łódź Manufaktura,20:00,2D,original,regular,2026-08-01T10:04:21.640726
2026-08-01,,łódź,Ostatni konsjerż,Łódź Manufaktura,20:00,2D,original,regular,2026-08-01T10:04:21.640737
2026-08-01,,łódź,Spider-Man: Całkiem nowy dzień,Łódź Manufaktura,20:30,4DX,original,regular,2026-08-01T10:04:21.640745
2026-08-01,,łódź,Odyseja ukraiński dubbing,Łódź Manufaktura,20:40,2D,dubbing,regular,2026-08-01T10:04:21.640755
2026-08-01,,łódź,Requiem dla snu,Łódź Manufaktura,21:00,2D,original,regular,2026-08-01T10:04:21.640764
2026-08-01,,łódź,Obsesja,Łódź Manufaktura,21:10,2D,original,regular,2026-08-01T10:04:21.640774
2026-08-01,,łódź,Spider-Man: Całkiem nowy dzień,Łódź Manufaktura,21:10,2D,original,regular,2026-08-01T10:04:21.640784
2026-08-01,,łódź,Młody Waszyngton,Łódź Manufaktura,21:20,2D,original,regular,2026-08-01T10:04:21.640794
2026-08-01,,łódź,Odyseja,Łódź Manufaktura,21:30,2D,original,regular,2026-08-01T10:04:21.640821
2026-08-01,,łódź,Spider-Man: Całkiem nowy dzień,Łódź Manufaktura,21:40,2D,original,regular,2026-08-01T10:04:21.640833
2026-08-01,,łódź,Odyseja,Łódź Manufaktura,21:45,IMAX,original,regular,2026-08-01T10:04:21.640839
2026-08-01,,łódź,Spider-Man: Całkiem nowy dzień,Łódź Manufaktura,21:50,2D,original,regular,2026-08-01T10:04:21.640849
2026-08-01,,łódź,Backrooms. Bez wyjścia,Łódź Manufaktura,22:10,2D,original,regular,2026-08-01T10:04:21.640859
2026-08-01,,łódź,Jej piekło,Łódź Manufaktura,22:15,2D,original,regular,2026-08-01T10:04:21.640870
2026-08-01,,łódź,Martwe zło: Ogień,Łódź Manufaktura,22:30,2D,original,regular,2026-08-01T10:04:21.640880
2026-08-01,,poznań,Psi patrol i dinozaury,Poznań - Kinepolis,11:50,2D,,regular,2026-08-01T10:04:23.682028
2026-08-01,,poznań,Spider-Man: Całkiem nowy dzień,Poznań - Kinepolis,12:10,2D,original,regular,2026-08-01T10:04:23.682056
2026-08-01,,poznań,Minionki i straszydła,Poznań - Kinepolis,12:10,2D,,regular,2026-08-01T10:04:23.682068
2026-08-01,,poznań,Psi patrol i dinozaury,Poznań - Kinepolis,12:20,2D,,regular,2026-08-01T10:04:23.682078
2026-08-01,,poznań,Odyseja,Poznań - Kinepolis,12:30,2D,original,regular,2026-08-01T10:04:23.682089
2026-08-01,,poznań,Gwiezdne Wojny: Mandalorian i Grogu,Poznań - Kinepolis,12:50,2D,original,regular,2026-08-01T10:04:23.682101
2026-08-01,,poznań,Spider-Man: Całkiem nowy dzień,Poznań - Kinepolis,13:00,2D,original,regular,2026-08-01T10:04:23.682112
2026-08-01,,poznań,Backrooms. Bez wyjścia,Poznań - Kinepolis,13:00,2D,original,regular,2026-08-01T10:04:23.682123
2026-08-01,,poznań,Zaproszenie,Poznań - Kinepolis,13:10,2D,original,regular,2026-08-01T10:04:23.682132
2026-08-01,,poznań,Dzień objawienia,Poznań - Kinepolis,13:10,2D,original,regular,2026-08-01T10:04:23.682143
2026-08-01,,poznań,Ekipa zwierzaków,Poznań - Kinepolis,13:20,2D,,regular,2026-08-01T10:04:23.682154
2026-08-01,,poznań,Vaiana,Poznań - Kinepolis,13:20,2D,original,regular,2026-08-01T10:04:23.682165
2026-08-01,,poznań,Spider-Man: Całkiem nowy dzień,Poznań - Kinepolis,13:40,2D,original,regular,2026-08-01T10:04:23.682176
2026-08-01,,poznań,Vaiana,Poznań - Kinepolis,13:40,2D,original,regular,2026-08-01T10:04:23.682186
2026-08-01,,poznań,Psi patrol i dinozaury,Poznań - Kinepolis,14:00,2D,,regular,2026-08-01T10:04:23.682195
2026-08-01,,poznań,Toy Story 5,Poznań - Kinepolis,14:00,2D,original,regular,2026-08-01T10:04:23.682206
2026-08-01,,poznań,Odyseja,Poznań - Kinepolis,14:15,2D,original,regular,2026-08-01T10:04:23.682217
2026-08-01,,poznań,Minionki i straszydła,Poznań - Kinepolis,14:20,2D,,regular,2026-08-01T10:04:23.682226
2026-08-01,,poznań,Spider-Man: Całkiem nowy dzień,Poznań - Kinepolis,14:30,3D,original,regular,2026-08-01T10:04:23.682236
2026-08-01,,poznań,Psi patrol i dinozaury,Poznań - Kinepolis,14:30,2D,,regular,2026-08-01T10:04:23.682245
2026-08-01,,poznań,Supergirl,Poznań - Kinepolis,14:50,2D,original,regular,2026-08-01T10:04:23.682255
2026-08-01,,poznań,Spider-Man: Całkiem nowy dzień,Poznań - Kinepolis,15:20,2D,original,regular,2026-08-01T10:04:23.682265
2026-08-01,,poznań,Backrooms. Bez wyjścia - wersja rozszerzona,Poznań - Kinepolis,15:30,2D,original,regular,2026-08-01T10:04:23.682276
2026-08-01,,poznań,Góra mocy,Poznań - Kinepolis,15:30,2D,original,regular,2026-08-01T10:04:23.682286
2026-08-01,,poznań,Zaproszenie,Poznań - Kinepolis,15:40,2D,original,regular,2026-08-01T10:04:23.682295
2026-08-01,,poznań,Młody Waszyngton,Poznań - Kinepolis,15:45,2D,original,regular,2026-08-01T10:04:23.682306
2026-08-01,,poznań,Vaiana,Poznań - Kinepolis,16:00,2D,original,regular,2026-08-01T10:04:23.682316
2026-08-01,,poznań,Spider-Man: Całkiem nowy dzień,Poznań - Kinepolis,16:10,2D,original,regular,2026-08-01T10:04:23.682327
2026-08-01,,poznań,Minionki i straszydła,Poznań - Kinepolis,16:10,2D,,regular,2026-08-01T10:04:23.682337
2026-08-01,,poznań,Odyseja,Poznań - Kinepolis,16:15,2D,original,regular,2026-08-01T10:04:23.682347
2026-08-01,,poznań,Dzień objawienia,Poznań - Kinepolis,16:20,2D,original,regular,2026-08-01T10:04:23.682357
2026-08-01,,poznań,Vaiana: wersja karaoke,Poznań - Kinepolis,16:20,2D,original,regular,2026-08-01T10:04:23.682367
2026-08-01,,poznań,Toy Story 5,Poznań - Kinepolis,16:30,2D,original,regular,2026-08-01T10:04:23.682378
2026-08-01,,poznań,Minionki i straszydła,Poznań - Kinepolis,16:30,2D,,regular,2026-08-01T10:04:23.682388
2026-08-01,,poznań,Psi patrol i dinozaury,Poznań - Kinepolis,16:40,2D,,regular,2026-08-01T10:04:23.682397
2026-08-01,,poznań,Spider-Man: Całkiem nowy dzień,Poznań - Kinepolis,16:50,2D,original,regular,2026-08-01T10:04:23.682407
2026-08-01,,poznań,Michael,Poznań - Kinepolis,17:20,2D,original,regular,2026-08-01T10:04:23.682416
2026-08-01,,poznań,Spider-Man: Całkiem nowy dzień,Poznań - Kinepolis,17:40,3D,original,regular,2026-08-01T10:04:23.682426
2026-08-01,,poznań,Ekipa zwierzaków,Poznań - Kinepolis,17:40,2D,,regular,2026-08-01T10:04:23.682435
2026-08-01,,poznań,Odyseja,Poznań - Kinepolis,18:00,2D,original,regular,2026-08-01T10:04:23.682445
2026-08-01,,poznań,Zaproszenie,Poznań - Kinepolis,18:10,2D,original,regular,2026-08-01T10:04:23.682453
2026-08-01,,poznań,Backrooms. Bez wyjścia - wersja rozszerzona,Poznań - Kinepolis,18:20,2D,original,regular,2026-08-01T10:04:23.682463
2026-08-01,,poznań,Odyseja,Poznań - Kinepolis,18:20,2D,original,regular,2026-08-01T10:04:23.682473
2026-08-01,,poznań,Spider-Man: Całkiem nowy dzień,Poznań - Kinepolis,18:30,2D,original,regular,2026-08-01T10:04:23.682483
2026-08-01,,poznań,Młody Waszyngton,Poznań - Kinepolis,18:30,2D,original,regular,2026-08-01T10:04:23.682493
2026-08-01,,poznań,Minionki i straszydła,Poznań - Kinepolis,18:40,2D,,regular,2026-08-01T10:04:23.682502
2026-08-01,,poznań,Toy Story 5,Poznań - Kinepolis,18:40,2D,original,regular,2026-08-01T10:04:23.682513
2026-08-01,,poznań,Psi patrol i dinozaury,Poznań - Kinepolis,18:50,2D,,regular,2026-08-01T10:04:23.682522
2026-08-01,,poznań,Ostatni konsjerż,Poznań - Kinepolis,19:00,2D,original,regular,2026-08-01T10:04:23.682532
2026-08-01,,poznań,Spider-Man: Całkiem nowy dzień,Poznań - Kinepolis,19:00,2D,original,regular,2026-08-01T10:04:23.682542
2026-08-01,,poznań,Spider-Man: Całkiem nowy dzień,Poznań - Kinepolis,19:20,2D,original,regular,2026-08-01T10:04:23.682552
2026-08-01,,poznań,Obsesja,Poznań - Kinepolis,19:30,2D,original,regular,2026-08-01T10:04:23.682561
2026-08-01,,poznań,Diabeł ubiera się u Prady 2,Poznań - Kinepolis,19:50,2D,original,regular,2026-08-01T10:04:23.682571
2026-08-01,,poznań,Spider-Man: Całkiem nowy dzień,Poznań - Kinepolis,20:00,2D,original,regular,2026-08-01T10:04:23.682581
2026-08-01,,poznań,Odyseja,Poznań - Kinepolis,20:00,2D,original,regular,2026-08-01T10:04:23.682591
2026-08-01,,poznań,Odyseja,Poznań - Kinepolis,20:20,2D,original,regular,2026-08-01T10:04:23.682600
2026-08-01,,poznań,Umamusume: Pretty Derby - Beginning of a New Era,Poznań - Kinepolis,20:40,2D,original,regular,2026-08-01T10:04:23.682609
2026-08-01,,poznań,Obsesja,Poznań - Kinepolis,20:50,2D,original,regular,2026-08-01T10:04:23.682619
2026-08-01,,poznań,Spider-Man: Całkiem nowy dzień,Poznań - Kinepolis,20:50,3D,original,regular,2026-08-01T10:04:23.682628
2026-08-01,,poznań,Requiem dla snu,Poznań - Kinepolis,21:00,2D,original,regular,2026-08-01T10:04:23.682637
2026-08-01,,poznań,Spider-Man: Całkiem nowy dzień,Poznań - Kinepolis,21:00,2D,original,regular,2026-08-01T10:04:23.682647
2026-08-01,,poznań,Backrooms. Bez wyjścia - wersja rozszerzona,Poznań - Kinepolis,21:10,2D,original,regular,2026-08-01T10:04:23.682657
2026-08-01,,poznań,Martwe zło: Ogień,Poznań - Kinepolis,21:20,2D,original,regular,2026-08-01T10:04:23.682666
2026-08-01,,poznań,Backrooms. Bez wyjścia,Poznań - Kinepolis,21:20,2D,original,regular,2026-08-01T10:04:23.682676
2026-08-01,,poznań,Odyseja,Poznań - Kinepolis,21:35,2D,original,regular,2026-08-01T10:04:23.682686
2026-08-01,,poznań,Spider-Man: Całkiem nowy dzień,Poznań - Kinepolis,21:40,2D,original,regular,2026-08-01T10:04:23.682695
2026-08-01,,poznań,Odyseja,Poznań - Kinepolis,21:50,2D,original,regular,2026-08-01T10:04:23.682705
2026-08-01,,poznań,Obsesja,Poznań - Kinepolis,22:00,2D,original,regular,2026-08-01T10:04:23.682714
2026-08-01,,poznań,Straszny film,Poznań - Kinepolis,22:10,2D,original,regular,2026-08-01T10:04:23.682724
2026-08-01,,poznań,Diabeł ubiera się u Prady 2,Poznań - Kinepolis,22:30,2D,original,regular,2026-08-01T10:04:23.682734
2026-08-01,,poznań,Obsesja,Poznań - Kinepolis,22:30,2D,original,regular,2026-08-01T10:04:23.682744
2026-08-01,,poznań,Spider-Man: Całkiem nowy dzień,Poznań - Plaza,12:40,2D,original,regular,2026-08-01T10:04:25.326244
2026-08-01,,poznań,Psi patrol i dinozaury,Poznań - Plaza,12:50,2D,,regular,2026-08-01T10:04:25.326270
2026-08-01,,poznań,Minionki i straszydła,Poznań - Plaza,13:10,2D,,regular,2026-08-01T10:04:25.326283
2026-08-01,,poznań,Toy Story 5,Poznań - Plaza,13:10,2D,original,regular,2026-08-01T10:04:25.326295
2026-08-01,,poznań,Spider-Man: Całkiem nowy dzień,Poznań - Plaza,13:40,2D,original,regular,2026-08-01T10:04:25.326307
2026-08-01,,poznań,Odyseja,Poznań - Plaza,13:40,2D,original,regular,2026-08-01T10:04:25.326318
2026-08-01,,poznań,Vaiana: wersja karaoke,Poznań - Plaza,14:00,2D,original,regular,2026-08-01T10:04:25.326329
2026-08-01,,poznań,Odyseja,Poznań - Plaza,14:15,IMAX,original,regular,2026-08-01T10:04:25.326336
2026-08-01,,poznań,Spider-Man: Całkiem nowy dzień,Poznań - Plaza,15:00,3D,original,regular,2026-08-01T10:04:25.326346
2026-08-01,,poznań,Psi patrol i dinozaury,Poznań - Plaza,15:00,2D,,regular,2026-08-01T10:04:25.326356
2026-08-01,,poznań,Odyseja,Poznań - Plaza,15:10,2D,original,regular,2026-08-01T10:04:25.326366
2026-08-01,,poznań,Minionki i straszydła,Poznań - Plaza,15:20,2D,,regular,2026-08-01T10:04:25.326375
2026-08-01,,poznań,Toy Story 5,Poznań - Plaza,15:40,2D,original,regular,2026-08-01T10:04:25.326387
2026-08-01,,poznań,Spider-Man: Całkiem nowy dzień,Poznań - Plaza,15:50,2D,original,regular,2026-08-01T10:04:25.326397
2026-08-01,,poznań,Vaiana,Poznań - Plaza,16:40,2D,original,regular,2026-08-01T10:04:25.326407
2026-08-01,,poznań,Spider-Man: Całkiem nowy dzień,Poznań - Plaza,16:50,2D,original,regular,2026-08-01T10:04:25.326417
2026-08-01,,poznań,Psi patrol i dinozaury,Poznań - Plaza,17:10,2D,,regular,2026-08-01T10:04:25.326427
2026-08-01,,poznań,Odyseja,Poznań - Plaza,17:20,2D,original,regular,2026-08-01T10:04:25.326437
2026-08-01,,poznań,Spider-Man: Całkiem nowy dzień ukraiński dubbing,Poznań - Plaza,17:30,2D,dubbing,regular,2026-08-01T10:04:25.326447
2026-08-01,,poznań,Odyseja,Poznań - Plaza,18:00,IMAX,original,regular,2026-08-01T10:04:25.326454
2026-08-01,,poznań,Młody Waszyngton,Poznań - Plaza,18:00,2D,original,regular,2026-08-01T10:04:25.326466
2026-08-01,,poznań,Spider-Man: Całkiem nowy dzień,Poznań - Plaza,18:10,3D,original,regular,2026-08-01T10:04:25.326475
2026-08-01,,poznań,Odyseja,Poznań - Plaza,18:50,2D,original,regular,2026-08-01T10:04:25.326486
2026-08-01,,poznań,Spider-Man: Całkiem nowy dzień,Poznań - Plaza,19:00,2D,original,regular,2026-08-01T10:04:25.326496
2026-08-01,,poznań,Zaproszenie,Poznań - Plaza,19:10,2D,original,regular,2026-08-01T10:04:25.326506
2026-08-01,,poznań,Spider-Man: Całkiem nowy dzień,Poznań - Plaza,19:20,2D,original,regular,2026-08-01T10:04:25.326516
2026-08-01,,poznań,Spider-Man: Całkiem nowy dzień,Poznań - Plaza,20:00,2D,original,regular,2026-08-01T10:04:25.326526
2026-08-01,,poznań,Backrooms. Bez wyjścia - wersja rozszerzona,Poznań - Plaza,20:40,2D,original,regular,2026-08-01T10:04:25.326537
2026-08-01,,poznań,Obsesja,Poznań - Plaza,20:50,2D,original,regular,2026-08-01T10:04:25.326547
2026-08-01,,poznań,Odyseja,Poznań - Plaza,21:00,2D,original,regular,2026-08-01T10:04:25.326558
2026-08-01,,poznań,Spider-Man: Całkiem nowy dzień,Poznań - Plaza,21:20,3D,original,regular,2026-08-01T10:04:25.326567
2026-08-01,,poznań,Backrooms. Bez wyjścia,Poznań - Plaza,21:40,2D,original,regular,2026-08-01T10:04:25.326578
2026-08-01,,poznań,Odyseja,Poznań - Plaza,21:45,IMAX,original,regular,2026-08-01T10:04:25.326585
2026-08-01,,poznań,Spider-Man: Całkiem nowy dzień,Poznań - Plaza,22:10,2D,original,regular,2026-08-01T10:04:25.326595
2026-08-01,,poznań,Ghost in the Shell,Poznań - Plaza,22:20,2D,original,regular,2026-08-01T10:04:25.326606
2026-08-01,,poznań,Martwe zło: Ogień,Poznań - Plaza,22:30,2D,original,regular,2026-08-01T10:04:25.326616
2026-08-01,,ruda-śląska,Minionki i straszydła,Ruda Śląska,11:50,2D,,regular,2026-08-01T10:04:26.716867
2026-08-01,,ruda-śląska,Odyseja,Ruda Śląska,12:00,2D,original,regular,2026-08-01T10:04:26.716893
2026-08-01,,ruda-śląska,Spider-Man: Całkiem nowy dzień,Ruda Śląska,12:10,2D,original,regular,2026-08-01T10:04:26.716906
2026-08-01,,ruda-śląska,Toy Story 5,Ruda Śląska,12:40,2D,original,regular,2026-08-01T10:04:26.716919
2026-08-01,,ruda-śląska,Psi patrol i dinozaury,Ruda Śląska,12:50,2D,,regular,2026-08-01T10:04:26.716929
2026-08-01,,ruda-śląska,Ekipa zwierzaków,Ruda Śląska,13:15,2D,,regular,2026-08-01T10:04:26.716939
2026-08-01,,ruda-śląska,Spider-Man: Całkiem nowy dzień,Ruda Śląska,13:40,2D,original,regular,2026-08-01T10:04:26.716949
2026-08-01,,ruda-śląska,Minionki i straszydła,Ruda Śląska,14:00,2D,,regular,2026-08-01T10:04:26.716959
2026-08-01,,ruda-śląska,Spider-Man: Całkiem nowy dzień,Ruda Śląska,14:30,3D,original,regular,2026-08-01T10:04:26.716968
2026-08-01,,ruda-śląska,Psi patrol i dinozaury,Ruda Śląska,15:00,2D,,regular,2026-08-01T10:04:26.716977
2026-08-01,,ruda-śląska,Toy Story 5,Ruda Śląska,15:10,2D,original,regular,2026-08-01T10:04:26.716988
2026-08-01,,ruda-śląska,Spider-Man: Całkiem nowy dzień,Ruda Śląska,15:20,2D,original,regular,2026-08-01T10:04:26.716998
2026-08-01,,ruda-śląska,Vaiana: wersja karaoke,Ruda Śląska,15:20,2D,original,regular,2026-08-01T10:04:26.717008
2026-08-01,,ruda-śląska,Spider-Man: Całkiem nowy dzień,Ruda Śląska,16:00,2D,original,regular,2026-08-01T10:04:26.717017
2026-08-01,,ruda-śląska,Minionki i straszydła,Ruda Śląska,16:05,2D,,regular,2026-08-01T10:04:26.717027
2026-08-01,,ruda-śląska,Spider-Man: Całkiem nowy dzień,Ruda Śląska,16:50,2D,original,regular,2026-08-01T10:04:26.717036
2026-08-01,,ruda-śląska,Psi patrol i dinozaury,Ruda Śląska,17:10,2D,,regular,2026-08-01T10:04:26.717045
2026-08-01,,ruda-śląska,Spider-Man: Całkiem nowy dzień,Ruda Śląska,17:30,2D,original,regular,2026-08-01T10:04:26.717055
2026-08-01,,ruda-śląska,Spider-Man: Całkiem nowy dzień,Ruda Śląska,17:40,3D,original,regular,2026-08-01T10:04:26.717063
2026-08-01,,ruda-śląska,Toy Story 5,Ruda Śląska,18:00,2D,original,regular,2026-08-01T10:04:26.717074
2026-08-01,,ruda-śląska,Odyseja,Ruda Śląska,18:05,2D,original,regular,2026-08-01T10:04:26.717083
2026-08-01,,ruda-śląska,Spider-Man: Całkiem nowy dzień,Ruda Śląska,18:30,2D,original,regular,2026-08-01T10:04:26.717093
2026-08-01,,ruda-śląska,Odyseja,Ruda Śląska,19:00,2D,original,regular,2026-08-01T10:04:26.717102
2026-08-01,,ruda-śląska,Góra mocy,Ruda Śląska,19:20,2D,original,regular,2026-08-01T10:04:26.717112
2026-08-01,,ruda-śląska,Spider-Man: Całkiem nowy dzień,Ruda Śląska,20:00,2D,original,regular,2026-08-01T10:04:26.717122
2026-08-01,,ruda-śląska,Młody Waszyngton,Ruda Śląska,20:20,2D,original,regular,2026-08-01T10:04:26.717133
2026-08-01,,ruda-śląska,Spider-Man: Całkiem nowy dzień,Ruda Śląska,20:30,2D,original,regular,2026-08-01T10:04:26.717143
2026-08-01,,ruda-śląska,Spider-Man: Całkiem nowy dzień,Ruda Śląska,20:50,2D,original,regular,2026-08-01T10:04:26.717152
2026-08-01,,ruda-śląska,Martwe zło: Ogień,Ruda Śląska,21:30,2D,original,regular,2026-08-01T10:04:26.717162
2026-08-01,,ruda-śląska,Backrooms. Bez wyjścia - wersja rozszerzona,Ruda Śląska,21:30,2D,original,regular,2026-08-01T10:04:26.717173
2026-08-01,,rybnik,Spider-Man: Całkiem nowy dzień,Rybnik,12:10,2D,original,regular,2026-08-01T10:04:28.085026
2026-08-01,,rybnik,Ekipa zwierzaków,Rybnik,12:10,2D,,regular,2026-08-01T10:04:28.085050
2026-08-01,,rybnik,Psi patrol i dinozaury,Rybnik,12:50,2D,,regular,2026-08-01T10:04:28.085061
2026-08-01,,rybnik,Minionki i straszydła,Rybnik,13:30,2D,,regular,2026-08-01T10:04:28.085071
2026-08-01,,rybnik,Spider-Man: Całkiem nowy dzień,Rybnik,13:40,2D,original,regular,2026-08-01T10:04:28.085083
2026-08-01,,rybnik,Odyseja,Rybnik,13:45,2D,original,regular,2026-08-01T10:04:28.085094
2026-08-01,,rybnik,Spider-Man: Całkiem nowy dzień,Rybnik,14:10,2D,original,regular,2026-08-01T10:04:28.085104
2026-08-01,,rybnik,Spider-Man: Całkiem nowy dzień,Rybnik,14:30,3D,original,regular,2026-08-01T10:04:28.085113
2026-08-01,,rybnik,Psi patrol i dinozaury,Rybnik,15:00,2D,,regular,2026-08-01T10:04:28.085123
2026-08-01,,rybnik,Odyseja,Rybnik,15:15,2D,original,regular,2026-08-01T10:04:28.085132
2026-08-01,,rybnik,Spider-Man: Całkiem nowy dzień,Rybnik,15:20,2D,original,regular,2026-08-01T10:04:28.085142
2026-08-01,,rybnik,Góra mocy LEKTOR,Rybnik,15:40,2D,,regular,2026-08-01T10:04:28.085152
2026-08-01,,rybnik,Spider-Man: Całkiem nowy dzień,Rybnik,16:50,2D,original,regular,2026-08-01T10:04:28.085163
2026-08-01,,rybnik,Psi patrol i dinozaury,Rybnik,17:10,2D,,regular,2026-08-01T10:04:28.085172
2026-08-01,,rybnik,Requiem dla snu,Rybnik,17:10,2D,original,regular,2026-08-01T10:04:28.085182
2026-08-01,,rybnik,Odyseja,Rybnik,17:20,2D,original,regular,2026-08-01T10:04:28.085191
2026-08-01,,rybnik,Spider-Man: Całkiem nowy dzień,Rybnik,17:40,3D,original,regular,2026-08-01T10:04:28.085201
2026-08-01,,rybnik,Minionki i straszydła,Rybnik,18:20,2D,,regular,2026-08-01T10:04:28.085210
2026-08-01,,rybnik,Spider-Man: Całkiem nowy dzień,Rybnik,18:30,2D,original,regular,2026-08-01T10:04:28.085220
2026-08-01,,rybnik,Odyseja,Rybnik,19:00,2D,original,regular,2026-08-01T10:04:28.085230
2026-08-01,,rybnik,Spider-Man: Całkiem nowy dzień,Rybnik,19:20,2D,original,regular,2026-08-01T10:04:28.085239
2026-08-01,,rybnik,Obsesja,Rybnik,19:30,2D,original,regular,2026-08-01T10:04:28.085248
2026-08-01,,rybnik,Spider-Man: Całkiem nowy dzień,Rybnik,20:00,2D,original,regular,2026-08-01T10:04:28.085259
2026-08-01,,rybnik,Młody Waszyngton,Rybnik,20:30,2D,original,regular,2026-08-01T10:04:28.085270
2026-08-01,,rybnik,Odyseja,Rybnik,20:50,2D,original,regular,2026-08-01T10:04:28.085280
2026-08-01,,rybnik,Spider-Man: Całkiem nowy dzień,Rybnik,21:00,2D,original,regular,2026-08-01T10:04:28.085289
2026-08-01,,rybnik,Spider-Man: Całkiem nowy dzień,Rybnik,21:50,2D,original,regular,2026-08-01T10:04:28.085299
2026-08-01,,rybnik,Martwe zło: Ogień,Rybnik,22:00,2D,original,regular,2026-08-01T10:04:28.085309
2026-08-01,,rybnik,Backrooms. Bez wyjścia - wersja rozszerzona,Rybnik,22:20,2D,original,regular,2026-08-01T10:04:28.085319
2026-08-01,,sosnowiec,Psi patrol i dinozaury,Sosnowiec,12:10,2D,,regular,2026-08-01T10:04:29.075677
2026-08-01,,sosnowiec,Toy Story 5,Sosnowiec,12:15,2D,original,regular,2026-08-01T10:04:29.075706
2026-08-01,,sosnowiec,Vaiana,Sosnowiec,12:40,2D,original,regular,2026-08-01T10:04:29.075719
2026-08-01,,sosnowiec,Minionki i straszydła,Sosnowiec,13:00,2D,,regular,2026-08-01T10:04:29.075733
2026-08-01,,sosnowiec,Spider-Man: Całkiem nowy dzień,Sosnowiec,13:40,2D,original,regular,2026-08-01T10:04:29.075744
2026-08-01,,sosnowiec,Odyseja,Sosnowiec,14:15,2D,original,regular,2026-08-01T10:04:29.075756
2026-08-01,,sosnowiec,Psi patrol i dinozaury,Sosnowiec,14:20,2D,,regular,2026-08-01T10:04:29.075765
2026-08-01,,sosnowiec,Spider-Man: Całkiem nowy dzień,Sosnowiec,14:30,3D,original,regular,2026-08-01T10:04:29.075775
2026-08-01,,sosnowiec,Spider-Man: Całkiem nowy dzień,Sosnowiec,15:00,2D,original,regular,2026-08-01T10:04:29.075785
2026-08-01,,sosnowiec,Backrooms. Bez wyjścia - wersja rozszerzona,Sosnowiec,15:20,2D,original,regular,2026-08-01T10:04:29.075796
2026-08-01,,sosnowiec,Psi patrol i dinozaury,Sosnowiec,16:30,2D,,regular,2026-08-01T10:04:29.075828
2026-08-01,,sosnowiec,Spider-Man: Całkiem nowy dzień,Sosnowiec,16:50,2D,original,regular,2026-08-01T10:04:29.075840
2026-08-01,,sosnowiec,Spider-Man: Całkiem nowy dzień,Sosnowiec,17:40,3D,original,regular,2026-08-01T10:04:29.075850
2026-08-01,,sosnowiec,Odyseja,Sosnowiec,18:00,2D,original,regular,2026-08-01T10:04:29.075860
2026-08-01,,sosnowiec,Ghost in the Shell,Sosnowiec,18:00,2D,original,regular,2026-08-01T10:04:29.075872
2026-08-01,,sosnowiec,Minionki i straszydła,Sosnowiec,18:00,2D,,regular,2026-08-01T10:04:29.075882
2026-08-01,,sosnowiec,Requiem dla snu,Sosnowiec,18:40,2D,original,regular,2026-08-01T10:04:29.075891
2026-08-01,,sosnowiec,Spider-Man: Całkiem nowy dzień,Sosnowiec,20:00,2D,original,regular,2026-08-01T10:04:29.075901
2026-08-01,,sosnowiec,Zaproszenie,Sosnowiec,20:05,2D,original,regular,2026-08-01T10:04:29.075911
2026-08-01,,sosnowiec,Spider-Man: Całkiem nowy dzień,Sosnowiec,20:10,2D,original,regular,2026-08-01T10:04:29.075922
2026-08-01,,sosnowiec,Młody Waszyngton,Sosnowiec,20:45,2D,original,regular,2026-08-01T10:04:29.075934
2026-08-01,,sosnowiec,Obsesja,Sosnowiec,21:00,2D,original,regular,2026-08-01T10:04:29.075944
2026-08-01,,sosnowiec,Spider-Man: Całkiem nowy dzień,Sosnowiec,21:25,2D,original,regular,2026-08-01T10:04:29.075954
2026-08-01,,sosnowiec,Martwe zło: Ogień,Sosnowiec,22:25,2D,original,regular,2026-08-01T10:04:29.075964
2026-08-01,,gdańsk,Vaiana,Starogard Gdański,11:50,2D,original,regular,2026-08-01T10:04:30.285074
2026-08-01,,gdańsk,Psi patrol i dinozaury,Starogard Gdański,12:10,2D,,regular,2026-08-01T10:04:30.285099
2026-08-01,,gdańsk,Odyseja,Starogard Gdański,12:30,2D,original,regular,2026-08-01T10:04:30.285111
2026-08-01,,gdańsk,Minionki i straszydła,Starogard Gdański,12:50,2D,,regular,2026-08-01T10:04:30.285124
2026-08-01,,gdańsk,Spider-Man: Całkiem nowy dzień,Starogard Gdański,13:40,2D,original,regular,2026-08-01T10:04:30.285135
2026-08-01,,gdańsk,Ekipa zwierzaków,Starogard Gdański,13:50,2D,,regular,2026-08-01T10:04:30.285146
2026-08-01,,gdańsk,Psi patrol i dinozaury,Starogard Gdański,14:20,2D,,regular,2026-08-01T10:04:30.285155
2026-08-01,,gdańsk,Spider-Man: Całkiem nowy dzień,Starogard Gdański,14:30,3D,original,regular,2026-08-01T10:04:30.285165
2026-08-01,,gdańsk,Toy Story 5,Starogard Gdański,15:00,2D,original,regular,2026-08-01T10:04:30.285178
2026-08-01,,gdańsk,Minionki i straszydła,Starogard Gdański,16:00,2D,,regular,2026-08-01T10:04:30.285187
2026-08-01,,gdańsk,Odyseja,Starogard Gdański,16:10,2D,original,regular,2026-08-01T10:04:30.285197
2026-08-01,,gdańsk,Psi patrol i dinozaury,Starogard Gdański,16:30,2D,,regular,2026-08-01T10:04:30.285206
2026-08-01,,gdańsk,Spider-Man: Całkiem nowy dzień,Starogard Gdański,16:50,2D,original,regular,2026-08-01T10:04:30.285216
2026-08-01,,gdańsk,Vaiana: wersja karaoke,Starogard Gdański,17:30,2D,original,regular,2026-08-01T10:04:30.285226
2026-08-01,,gdańsk,Spider-Man: Całkiem nowy dzień,Starogard Gdański,17:40,3D,original,regular,2026-08-01T10:04:30.285235
2026-08-01,,gdańsk,Ghost in the Shell,Starogard Gdański,18:10,2D,original,regular,2026-08-01T10:04:30.285246
2026-08-01,,gdańsk,Odyseja,Starogard Gdański,18:45,2D,original,regular,2026-08-01T10:04:30.285256
2026-08-01,,gdańsk,Odyseja,Starogard Gdański,19:50,2D,original,regular,2026-08-01T10:04:30.285265
2026-08-01,,gdańsk,Spider-Man: Całkiem nowy dzień,Starogard Gdański,20:00,2D,original,regular,2026-08-01T10:04:30.285275
2026-08-01,,gdańsk,Młody Waszyngton,Starogard Gdański,20:10,2D,original,regular,2026-08-01T10:04:30.285287
2026-08-01,,gdańsk,Backrooms. Bez wyjścia - wersja rozszerzona,Starogard Gdański,20:20,2D,original,regular,2026-08-01T10:04:30.285298
2026-08-01,,gdańsk,Obsesja,Starogard Gdański,20:50,2D,original,regular,2026-08-01T10:04:30.285307
2026-08-01,,toruń,Spider-Man: Całkiem nowy dzień,Toruń - Czerwona Droga,11:50,3D,original,regular,2026-08-01T10:04:32.269598
2026-08-01,,toruń,Odyseja,Toruń - Czerwona Droga,12:00,2D,original,regular,2026-08-01T10:04:32.269624
2026-08-01,,toruń,Minionki i straszydła,Toruń - Czerwona Droga,12:10,2D,,regular,2026-08-01T10:04:32.269636
2026-08-01,,toruń,Psi patrol i dinozaury,Toruń - Czerwona Droga,12:20,2D,,regular,2026-08-01T10:04:32.269646
2026-08-01,,toruń,Ekipa zwierzaków,Toruń - Czerwona Droga,12:30,2D,,regular,2026-08-01T10:04:32.269656
2026-08-01,,toruń,Spider-Man: Całkiem nowy dzień,Toruń - Czerwona Droga,12:40,2D,original,regular,2026-08-01T10:04:32.269667
2026-08-01,,toruń,Toy Story 5,Toruń - Czerwona Droga,12:40,2D,original,regular,2026-08-01T10:04:32.269678
2026-08-01,,toruń,Vaiana,Toruń - Czerwona Droga,13:10,2D,original,regular,2026-08-01T10:04:32.269689
2026-08-01,,toruń,Odyseja,Toruń - Czerwona Droga,13:10,2D,original,regular,2026-08-01T10:04:32.269699
2026-08-01,,toruń,Góra mocy,Toruń - Czerwona Droga,13:45,2D,original,regular,2026-08-01T10:04:32.269709
2026-08-01,,toruń,Spider-Man: Całkiem nowy dzień,Toruń - Czerwona Droga,14:10,2D,original,regular,2026-08-01T10:04:32.269720
2026-08-01,,toruń,Minionki i straszydła,Toruń - Czerwona Droga,14:20,2D,,regular,2026-08-01T10:04:32.269730
2026-08-01,,toruń,Psi patrol i dinozaury,Toruń - Czerwona Droga,14:30,2D,,regular,2026-08-01T10:04:32.269739
2026-08-01,,toruń,O czym sobie nie mówimy,Toruń - Czerwona Droga,14:45,2D,original,regular,2026-08-01T10:04:32.269749
2026-08-01,,toruń,Backrooms. Bez wyjścia,Toruń - Czerwona Droga,14:50,2D,original,regular,2026-08-01T10:04:32.269759
2026-08-01,,toruń,Spider-Man: Całkiem nowy dzień,Toruń - Czerwona Droga,15:00,3D,original,regular,2026-08-01T10:04:32.269768
2026-08-01,,toruń,Toy Story 5,Toruń - Czerwona Droga,15:10,2D,original,regular,2026-08-01T10:04:32.269779
2026-08-01,,toruń,Odyseja,Toruń - Czerwona Droga,15:40,2D,original,regular,2026-08-01T10:04:32.269789
2026-08-01,,toruń,Spider-Man: Całkiem nowy dzień,Toruń - Czerwona Droga,15:50,2D,original,regular,2026-08-01T10:04:32.269799
2026-08-01,,toruń,Vaiana,Toruń - Czerwona Droga,15:50,2D,original,regular,2026-08-01T10:04:32.269828
2026-08-01,,toruń,Zaproszenie,Toruń - Czerwona Droga,16:00,2D,original,regular,2026-08-01T10:04:32.269838
2026-08-01,,toruń,Minionki i straszydła,Toruń - Czerwona Droga,16:30,2D,,regular,2026-08-01T10:04:32.269848
2026-08-01,,toruń,Psi patrol i dinozaury,Toruń - Czerwona Droga,16:40,2D,,regular,2026-08-01T10:04:32.269856
2026-08-01,,toruń,Odyseja,Toruń - Czerwona Droga,16:45,2D,original,regular,2026-08-01T10:04:32.269866
2026-08-01,,toruń,Spider-Man: Całkiem nowy dzień,Toruń - Czerwona Droga,17:20,2D,original,regular,2026-08-01T10:04:32.269876
2026-08-01,,toruń,Umamusume: Pretty Derby - Beginning of a New Era,Toruń - Czerwona Droga,17:20,2D,original,regular,2026-08-01T10:04:32.269886
2026-08-01,,toruń,Ghost in the Shell,Toruń - Czerwona Droga,17:30,2D,original,regular,2026-08-01T10:04:32.269897
2026-08-01,,toruń,Toy Story 5,Toruń - Czerwona Droga,17:40,2D,original,regular,2026-08-01T10:04:32.269907
2026-08-01,,toruń,Spider-Man: Całkiem nowy dzień,Toruń - Czerwona Droga,18:10,3D,original,regular,2026-08-01T10:04:32.269916
2026-08-01,,toruń,Vaiana: wersja karaoke,Toruń - Czerwona Droga,18:30,2D,original,regular,2026-08-01T10:04:32.269926
2026-08-01,,toruń,Młody Waszyngton,Toruń - Czerwona Droga,18:40,2D,original,regular,2026-08-01T10:04:32.269937
2026-08-01,,toruń,Minionki i straszydła,Toruń - Czerwona Droga,18:40,2D,,regular,2026-08-01T10:04:32.269946
2026-08-01,,toruń,Psi patrol i dinozaury,Toruń - Czerwona Droga,18:50,2D,,regular,2026-08-01T10:04:32.269955
2026-08-01,,toruń,Spider-Man: Całkiem nowy dzień,Toruń - Czerwona Droga,19:00,2D,original,regular,2026-08-01T10:04:32.269964
2026-08-01,,toruń,Odyseja,Toruń - Czerwona Droga,19:20,2D,original,regular,2026-08-01T10:04:32.269974
2026-08-01,,toruń,Obsesja,Toruń - Czerwona Droga,19:40,2D,original,regular,2026-08-01T10:04:32.269983
2026-08-01,,toruń,Ostatni konsjerż,Toruń - Czerwona Droga,19:45,2D,original,regular,2026-08-01T10:04:32.269993
2026-08-01,,toruń,Zaproszenie,Toruń - Czerwona Droga,20:10,2D,original,regular,2026-08-01T10:04:32.270002
2026-08-01,,toruń,Odyseja,Toruń - Czerwona Droga,20:20,2D,original,regular,2026-08-01T10:04:32.270011
2026-08-01,,toruń,Spider-Man: Całkiem nowy dzień,Toruń - Czerwona Droga,20:30,2D,original,regular,2026-08-01T10:04:32.270021
2026-08-01,,toruń,Odyseja,Toruń - Czerwona Droga,20:50,2D,original,regular,2026-08-01T10:04:32.270030
2026-08-01,,toruń,Martwe zło: Ogień,Toruń - Czerwona Droga,21:00,2D,original,regular,2026-08-01T10:04:32.270040
2026-08-01,,toruń,Backrooms. Bez wyjścia - wersja rozszerzona,Toruń - Czerwona Droga,21:10,2D,original,regular,2026-08-01T10:04:32.270050
2026-08-01,,toruń,Spider-Man: Całkiem nowy dzień,Toruń - Czerwona Droga,21:20,3D,original,regular,2026-08-01T10:04:32.270059
2026-08-01,,toruń,Requiem dla snu,Toruń - Czerwona Droga,21:30,2D,original,regular,2026-08-01T10:04:32.270069
2026-08-01,,toruń,Jej piekło,Toruń - Czerwona Droga,21:50,2D,original,regular,2026-08-01T10:04:32.270080
2026-08-01,,toruń,Obsesja,Toruń - Czerwona Droga,22:10,2D,original,regular,2026-08-01T10:04:32.270089
2026-08-01,,toruń,Spider-Man: Całkiem nowy dzień,Toruń - Czerwona Droga,22:10,2D,original,regular,2026-08-01T10:04:32.270099
2026-08-01,,toruń,Odyseja,Toruń - Plaza,12:00,2D,original,regular,2026-08-01T10:04:33.640441
2026-08-01,,toruń,Spider-Man: Całkiem nowy dzień,Toruń - Plaza,12:10,2D,original,regular,2026-08-01T10:04:33.640468
2026-08-01,,toruń,Minionki i straszydła,Toruń - Plaza,12:20,2D,,regular,2026-08-01T10:04:33.640480
2026-08-01,,toruń,Toy Story 5,Toruń - Plaza,12:30,2D,original,regular,2026-08-01T10:04:33.640493
2026-08-01,,toruń,Vaiana,Toruń - Plaza,12:40,2D,original,regular,2026-08-01T10:04:33.640503
2026-08-01,,toruń,Psi patrol i dinozaury,Toruń - Plaza,12:50,2D,,regular,2026-08-01T10:04:33.640513
2026-08-01,,toruń,Ekipa zwierzaków,Toruń - Plaza,13:30,2D,,regular,2026-08-01T10:04:33.640523
2026-08-01,,toruń,Spider-Man: Całkiem nowy dzień,Toruń - Plaza,13:40,2D,original,regular,2026-08-01T10:04:33.640534
2026-08-01,,toruń,Spider-Man: Całkiem nowy dzień,Toruń - Plaza,14:30,3D,original,regular,2026-08-01T10:04:33.640544
2026-08-01,,toruń,Toy Story 5,Toruń - Plaza,14:50,2D,original,regular,2026-08-01T10:04:33.640555
2026-08-01,,toruń,Psi patrol i dinozaury,Toruń - Plaza,15:00,2D,,regular,2026-08-01T10:04:33.640564
2026-08-01,,toruń,Spider-Man: Całkiem nowy dzień,Toruń - Plaza,15:20,2D,original,regular,2026-08-01T10:04:33.640574
2026-08-01,,toruń,Minionki i straszydła,Toruń - Plaza,15:20,2D,,regular,2026-08-01T10:04:33.640583
2026-08-01,,toruń,Ekipa zwierzaków,Toruń - Plaza,15:40,2D,,regular,2026-08-01T10:04:33.640592
2026-08-01,,toruń,Odyseja,Toruń - Plaza,15:50,2D,original,regular,2026-08-01T10:04:33.640602
2026-08-01,,toruń,Spider-Man: Całkiem nowy dzień,Toruń - Plaza,16:50,2D,original,regular,2026-08-01T10:04:33.640612
2026-08-01,,toruń,Psi patrol i dinozaury,Toruń - Plaza,17:10,2D,,regular,2026-08-01T10:04:33.640621
2026-08-01,,toruń,Odyseja,Toruń - Plaza,17:20,2D,original,regular,2026-08-01T10:04:33.640630
2026-08-01,,toruń,Vaiana: wersja karaoke,Toruń - Plaza,17:30,2D,original,regular,2026-08-01T10:04:33.640640
2026-08-01,,toruń,Spider-Man: Całkiem nowy dzień,Toruń - Plaza,17:40,3D,original,regular,2026-08-01T10:04:33.640649
2026-08-01,,toruń,Toy Story 5,Toruń - Plaza,17:50,2D,original,regular,2026-08-01T10:04:33.640659
2026-08-01,,toruń,Spider-Man: Całkiem nowy dzień,Toruń - Plaza,18:30,2D,original,regular,2026-08-01T10:04:33.640669
2026-08-01,,toruń,Minionki i straszydła,Toruń - Plaza,19:20,2D,,regular,2026-08-01T10:04:33.640679
2026-08-01,,toruń,Odyseja,Toruń - Plaza,19:40,2D,original,regular,2026-08-01T10:04:33.640688
2026-08-01,,toruń,Spider-Man: Całkiem nowy dzień,Toruń - Plaza,20:00,2D,original,regular,2026-08-01T10:04:33.640697
2026-08-01,,toruń,Młody Waszyngton,Toruń - Plaza,20:10,2D,original,regular,2026-08-01T10:04:33.640709
2026-08-01,,toruń,Backrooms. Bez wyjścia - wersja rozszerzona,Toruń - Plaza,20:20,2D,original,regular,2026-08-01T10:04:33.640720
2026-08-01,,toruń,Spider-Man: Całkiem nowy dzień,Toruń - Plaza,20:50,2D,original,regular,2026-08-01T10:04:33.640730
2026-08-01,,toruń,Zaproszenie,Toruń - Plaza,21:00,2D,original,regular,2026-08-01T10:04:33.640740
2026-08-01,,toruń,Martwe zło: Ogień,Toruń - Plaza,21:20,2D,original,regular,2026-08-01T10:04:33.640749
2026-08-01,,toruń,Obsesja,Toruń - Plaza,21:40,2D,original,regular,2026-08-01T10:04:33.640758
2026-08-01,,wałbrzych,Toy Story 5,Wałbrzych,12:00,2D,original,regular,2026-08-01T10:04:34.805045
2026-08-01,,wałbrzych,Spider-Man: Całkiem nowy dzień,Wałbrzych,12:10,2D,original,regular,2026-08-01T10:04:34.805072
2026-08-01,,wałbrzych,Psi patrol i dinozaury,Wałbrzych,12:50,2D,,regular,2026-08-01T10:04:34.805084
2026-08-01,,wałbrzych,Góra mocy,Wałbrzych,13:00,2D,original,regular,2026-08-01T10:04:34.805095
2026-08-01,,wałbrzych,Vaiana: wersja karaoke,Wałbrzych,13:20,2D,original,regular,2026-08-01T10:04:34.805106
2026-08-01,,wałbrzych,Minionki i straszydła,Wałbrzych,13:30,2D,,regular,2026-08-01T10:04:34.805116
2026-08-01,,wałbrzych,Spider-Man: Całkiem nowy dzień,Wałbrzych,13:40,2D,original,regular,2026-08-01T10:04:34.805127
2026-08-01,,wałbrzych,Spider-Man: Całkiem nowy dzień,Wałbrzych,14:30,3D,original,regular,2026-08-01T10:04:34.805136
2026-08-01,,wałbrzych,Psi patrol i dinozaury,Wałbrzych,15:00,2D,,regular,2026-08-01T10:04:34.805145
2026-08-01,,wałbrzych,Odyseja,Wałbrzych,15:15,2D,original,regular,2026-08-01T10:04:34.805155
2026-08-01,,wałbrzych,Spider-Man: Całkiem nowy dzień,Wałbrzych,15:20,2D,original,regular,2026-08-01T10:04:34.805165
2026-08-01,,wałbrzych,Spider-Man: Całkiem nowy dzień,Wałbrzych,15:40,2D,original,regular,2026-08-01T10:04:34.805174
2026-08-01,,wałbrzych,Minionki i straszydła,Wałbrzych,16:00,2D,,regular,2026-08-01T10:04:34.805183
2026-08-01,,wałbrzych,Spider-Man: Całkiem nowy dzień,Wałbrzych,16:50,2D,original,regular,2026-08-01T10:04:34.805193
2026-08-01,,wałbrzych,Psi patrol i dinozaury,Wałbrzych,17:10,2D,,regular,2026-08-01T10:04:34.805201
2026-08-01,,wałbrzych,Spider-Man: Całkiem nowy dzień,Wałbrzych,17:40,3D,original,regular,2026-08-01T10:04:34.805210
2026-08-01,,wałbrzych,Odyseja,Wałbrzych,18:00,2D,original,regular,2026-08-01T10:04:34.805219
2026-08-01,,wałbrzych,Spider-Man: Całkiem nowy dzień,Wałbrzych,18:30,2D,original,regular,2026-08-01T10:04:34.805229
2026-08-01,,wałbrzych,Ghost in the Shell,Wałbrzych,18:40,2D,original,regular,2026-08-01T10:04:34.805240
2026-08-01,,wałbrzych,Odyseja,Wałbrzych,19:00,2D,original,regular,2026-08-01T10:04:34.805250
2026-08-01,,wałbrzych,Młody Waszyngton,Wałbrzych,19:20,2D,original,regular,2026-08-01T10:04:34.805261
2026-08-01,,wałbrzych,Spider-Man: Całkiem nowy dzień,Wałbrzych,20:00,2D,original,regular,2026-08-01T10:04:34.805271
2026-08-01,,wałbrzych,Backrooms. Bez wyjścia - wersja rozszerzona,Wałbrzych,20:40,2D,original,regular,2026-08-01T10:04:34.805282
2026-08-01,,wałbrzych,Zaproszenie,Wałbrzych,20:45,2D,original,regular,2026-08-01T10:04:34.805291
2026-08-01,,wałbrzych,Odyseja,Wałbrzych,21:30,2D,original,regular,2026-08-01T10:04:34.805301
2026-08-01,,wałbrzych,Spider-Man: Całkiem nowy dzień,Wałbrzych,21:40,2D,original,regular,2026-08-01T10:04:34.805310
2026-08-01,,wałbrzych,Martwe zło: Ogień,Wałbrzych,22:10,2D,original,regular,2026-08-01T10:04:34.805320
2026-08-01,,warszawa,Spider-Man: Całkiem nowy dzień,Warszawa -  Arkadia,12:10,2D,original,regular,2026-08-01T10:04:35.970099
2026-08-01,,warszawa,Psi patrol i dinozaury,Warszawa -  Arkadia,12:20,2D,,regular,2026-08-01T10:04:35.970123
2026-08-01,,warszawa,Odyseja,Warszawa -  Arkadia,12:30,2D,original,regular,2026-08-01T10:04:35.970135
2026-08-01,,warszawa,Góra mocy,Warszawa -  Arkadia,12:40,2D,original,regular,2026-08-01T10:04:35.970146
2026-08-01,,warszawa,Toy Story 5,Warszawa -  Arkadia,12:50,2D,original,regular,2026-08-01T10:04:35.970158
2026-08-01,,warszawa,Spider-Man: Całkiem nowy dzień ukraiński dubbing,Warszawa -  Arkadia,12:50,2D,dubbing,regular,2026-08-01T10:04:35.970168
2026-08-01,,warszawa,Minionki i straszydła,Warszawa -  Arkadia,13:00,2D,,regular,2026-08-01T10:04:35.970178
2026-08-01,,warszawa,Toy Story 5,Warszawa -  Arkadia,13:30,2D,original,regular,2026-08-01T10:04:35.970188
2026-08-01,,warszawa,Ekipa zwierzaków,Warszawa -  Arkadia,13:30,2D,,regular,2026-08-01T10:04:35.970197
2026-08-01,,warszawa,Spider-Man: Całkiem nowy dzień,Warszawa -  Arkadia,13:40,2D,original,regular,2026-08-01T10:04:35.970207
2026-08-01,,warszawa,Vaiana,Warszawa -  Arkadia,13:40,2D,original,regular,2026-08-01T10:04:35.970217
2026-08-01,,warszawa,Odyseja,Warszawa -  Arkadia,13:50,2D,original,regular,2026-08-01T10:04:35.970227
2026-08-01,,warszawa,Jej piekło,Warszawa -  Arkadia,14:00,2D,original,regular,2026-08-01T10:04:35.970237
2026-08-01,,warszawa,Spider-Man: Całkiem nowy dzień,Warszawa -  Arkadia,14:10,4DX,original,regular,2026-08-01T10:04:35.970246
2026-08-01,,warszawa,Psi patrol i dinozaury,Warszawa -  Arkadia,14:30,2D,,regular,2026-08-01T10:04:35.970255
2026-08-01,,warszawa,Spider-Man: Całkiem nowy dzień,Warszawa -  Arkadia,14:50,3D,original,regular,2026-08-01T10:04:35.970264
2026-08-01,,warszawa,Toy Story 5,Warszawa -  Arkadia,15:10,2D,original,regular,2026-08-01T10:04:35.970275
2026-08-01,,warszawa,Minionki i straszydła,Warszawa -  Arkadia,15:10,2D,,regular,2026-08-01T10:04:35.970284
2026-08-01,,warszawa,Spider-Man: Całkiem nowy dzień,Warszawa -  Arkadia,15:20,2D,original,regular,2026-08-01T10:04:35.970293
2026-08-01,,warszawa,Odyseja,Warszawa -  Arkadia,15:20,2D,original,regular,2026-08-01T10:04:35.970303
2026-08-01,,warszawa,Vaiana: wersja karaoke,Warszawa -  Arkadia,15:40,2D,original,regular,2026-08-01T10:04:35.970313
2026-08-01,,warszawa,Ghost in the Shell,Warszawa -  Arkadia,15:50,2D,original,regular,2026-08-01T10:04:35.970323
2026-08-01,,warszawa,Spider-Man: Całkiem nowy dzień ukraiński dubbing,Warszawa -  Arkadia,16:00,2D,dubbing,regular,2026-08-01T10:04:35.970332
2026-08-01,,warszawa,Odyseja,Warszawa -  Arkadia,16:10,2D,original,regular,2026-08-01T10:04:35.970342
2026-08-01,,warszawa,Vaiana,Warszawa -  Arkadia,16:20,2D,original,regular,2026-08-01T10:04:35.970351
2026-08-01,,warszawa,Straszny film,Warszawa -  Arkadia,16:30,2D,original,regular,2026-08-01T10:04:35.970362
2026-08-01,,warszawa,Psi patrol i dinozaury,Warszawa -  Arkadia,16:40,2D,,regular,2026-08-01T10:04:35.970371
2026-08-01,,warszawa,Spider-Man: Całkiem nowy dzień,Warszawa -  Arkadia,16:50,2D,original,regular,2026-08-01T10:04:35.970382
2026-08-01,,warszawa,Spider-Man: Całkiem nowy dzień,Warszawa -  Arkadia,17:20,4DX,original,regular,2026-08-01T10:04:35.970390
2026-08-01,,warszawa,Minionki i straszydła,Warszawa -  Arkadia,17:20,2D,,regular,2026-08-01T10:04:35.970399
2026-08-01,,warszawa,Zaproszenie,Warszawa -  Arkadia,17:30,2D,original,regular,2026-08-01T10:04:35.970408
2026-08-01,,warszawa,Odyseja,Warszawa -  Arkadia,17:30,2D,original,regular,2026-08-01T10:04:35.970418
2026-08-01,,warszawa,Spider-Man: Całkiem nowy dzień,Warszawa -  Arkadia,18:00,3D,original,regular,2026-08-01T10:04:35.970426
2026-08-01,,warszawa,Odyseja ukraiński dubbing,Warszawa -  Arkadia,18:00,2D,dubbing,regular,2026-08-01T10:04:35.970436
2026-08-01,,warszawa,Spider-Man: Całkiem nowy dzień,Warszawa -  Arkadia,18:30,2D,original,regular,2026-08-01T10:04:35.970445
2026-08-01,,warszawa,Backrooms. Bez wyjścia - wersja rozszerzona,Warszawa -  Arkadia,18:30,2D,original,regular,2026-08-01T10:04:35.970456
2026-08-01,,warszawa,Ostatni konsjerż,Warszawa -  Arkadia,18:40,2D,original,regular,2026-08-01T10:04:35.970465
2026-08-01,,warszawa,Psi patrol i dinozaury,Warszawa -  Arkadia,18:50,2D,,regular,2026-08-01T10:04:35.970474
2026-08-01,,warszawa,Umamusume: Pretty Derby - Beginning of a New Era,Warszawa -  Arkadia,19:00,2D,original,regular,2026-08-01T10:04:35.970483
2026-08-01,,warszawa,Odyseja,Warszawa -  Arkadia,19:00,2D,original,regular,2026-08-01T10:04:35.970493
2026-08-01,,warszawa,Spider-Man: Całkiem nowy dzień,Warszawa -  Arkadia,19:10,2D,original,regular,2026-08-01T10:04:35.970503
2026-08-01,,warszawa,Obsesja,Warszawa -  Arkadia,19:30,2D,original,regular,2026-08-01T10:04:35.970513
2026-08-01,,warszawa,Odyseja,Warszawa -  Arkadia,19:50,2D,original,regular,2026-08-01T10:04:35.970522
2026-08-01,,warszawa,Spider-Man: Całkiem nowy dzień,Warszawa -  Arkadia,20:00,2D,original,regular,2026-08-01T10:04:35.970532
2026-08-01,,warszawa,Martwe zło: Ogień,Warszawa -  Arkadia,20:00,2D,original,regular,2026-08-01T10:04:35.970541
2026-08-01,,warszawa,Spider-Man: Całkiem nowy dzień,Warszawa -  Arkadia,20:30,4DX,original,regular,2026-08-01T10:04:35.970549
2026-08-01,,warszawa,Młody Waszyngton,Warszawa -  Arkadia,20:40,2D,original,regular,2026-08-01T10:04:35.970560
2026-08-01,,warszawa,Spider-Man: Całkiem nowy dzień,Warszawa -  Arkadia,21:00,2D,original,regular,2026-08-01T10:04:35.970570
2026-08-01,,warszawa,Spider-Man: Całkiem nowy dzień,Warszawa -  Arkadia,21:10,3D,original,regular,2026-08-01T10:04:35.970578
2026-08-01,,warszawa,Odyseja,Warszawa -  Arkadia,21:10,2D,original,regular,2026-08-01T10:04:35.970588
2026-08-01,,warszawa,Backrooms. Bez wyjścia - wersja rozszerzona,Warszawa -  Arkadia,21:20,2D,original,regular,2026-08-01T10:04:35.970597
2026-08-01,,warszawa,Zaproszenie,Warszawa -  Arkadia,21:30,2D,original,regular,2026-08-01T10:04:35.970605
2026-08-01,,warszawa,Requiem dla snu,Warszawa -  Arkadia,21:30,2D,original,regular,2026-08-01T10:04:35.970614
2026-08-01,,warszawa,Spider-Man: Całkiem nowy dzień,Warszawa -  Arkadia,21:40,2D,original,regular,2026-08-01T10:04:35.970623
2026-08-01,,warszawa,Dzień objawienia,Warszawa -  Arkadia,22:00,2D,original,regular,2026-08-01T10:04:35.970633
2026-08-01,,warszawa,Spider-Man: Całkiem nowy dzień,Warszawa -  Arkadia,22:15,2D,original,regular,2026-08-01T10:04:35.970642
2026-08-01,,warszawa,Martwe zło: Ogień,Warszawa -  Arkadia,22:30,2D,original,regular,2026-08-01T10:04:35.970651
2026-08-01,,warszawa,Backrooms. Bez wyjścia,Warszawa -  Arkadia,22:30,2D,original,regular,2026-08-01T10:04:35.970662
2026-08-01,,warszawa,Spider-Man: Całkiem nowy dzień,Warszawa -  Arkadia,23:00,2D,original,regular,2026-08-01T10:04:35.970671
2026-08-01,,warszawa,Spider-Man: Całkiem nowy dzień,Warszawa -  Arkadia,23:30,4DX,original,regular,2026-08-01T10:04:35.970679
2026-08-01,,warszawa,Toy Story 5,Warszawa - Bemowo,11:50,2D,original,regular,2026-08-01T10:04:37.028037
2026-08-01,,warszawa,Spider-Man: Całkiem nowy dzień,Warszawa - Bemowo,12:10,2D,original,regular,2026-08-01T10:04:37.028067
2026-08-01,,warszawa,Vaiana,Warszawa - Bemowo,12:10,2D,original,regular,2026-08-01T10:04:37.028082
2026-08-01,,warszawa,Psi patrol i dinozaury,Warszawa - Bemowo,12:50,2D,,regular,2026-08-01T10:04:37.028095
2026-08-01,,warszawa,Góra mocy,Warszawa - Bemowo,13:00,2D,original,regular,2026-08-01T10:04:37.028109
2026-08-01,,warszawa,Spider-Man: Całkiem nowy dzień,Warszawa - Bemowo,13:40,2D,original,regular,2026-08-01T10:04:37.028124
2026-08-01,,warszawa,Ekipa zwierzaków,Warszawa - Bemowo,13:50,2D,,regular,2026-08-01T10:04:37.028136
2026-08-01,,warszawa,Minionki i straszydła,Warszawa - Bemowo,14:00,2D,,regular,2026-08-01T10:04:37.028149
2026-08-01,,warszawa,Toy Story 5,Warszawa - Bemowo,14:20,2D,original,regular,2026-08-01T10:04:37.028165
2026-08-01,,warszawa,Odyseja,Warszawa - Bemowo,14:20,2D,original,regular,2026-08-01T10:04:37.028178
2026-08-01,,warszawa,Spider-Man: Całkiem nowy dzień,Warszawa - Bemowo,14:30,3D,original,regular,2026-08-01T10:04:37.028190
2026-08-01,,warszawa,Vaiana,Warszawa - Bemowo,14:50,2D,original,regular,2026-08-01T10:04:37.028203
2026-08-01,,warszawa,Psi patrol i dinozaury,Warszawa - Bemowo,15:00,2D,,regular,2026-08-01T10:04:37.028216
2026-08-01,,warszawa,Odyseja,Warszawa - Bemowo,15:10,2D,original,regular,2026-08-01T10:04:37.028228
2026-08-01,,warszawa,Spider-Man: Całkiem nowy dzień,Warszawa - Bemowo,15:20,2D,original,regular,2026-08-01T10:04:37.028238
2026-08-01,,warszawa,Zaproszenie,Warszawa - Bemowo,15:20,2D,original,regular,2026-08-01T10:04:37.028248
2026-08-01,,warszawa,Ekipa zwierzaków,Warszawa - Bemowo,16:00,2D,,regular,2026-08-01T10:04:37.028258
2026-08-01,,warszawa,Minionki i straszydła,Warszawa - Bemowo,16:10,2D,,regular,2026-08-01T10:04:37.028267
2026-08-01,,warszawa,Spider-Man: Całkiem nowy dzień,Warszawa - Bemowo,16:50,2D,original,regular,2026-08-01T10:04:37.028279
2026-08-01,,warszawa,Toy Story 5,Warszawa - Bemowo,16:50,2D,original,regular,2026-08-01T10:04:37.028290
2026-08-01,,warszawa,Psi patrol i dinozaury,Warszawa - Bemowo,17:10,2D,,regular,2026-08-01T10:04:37.028299
2026-08-01,,warszawa,Vaiana: wersja karaoke,Warszawa - Bemowo,17:30,2D,original,regular,2026-08-01T10:04:37.028310
2026-08-01,,warszawa,Spider-Man: Całkiem nowy dzień,Warszawa - Bemowo,17:40,3D,original,regular,2026-08-01T10:04:37.028319
2026-08-01,,warszawa,Zaproszenie,Warszawa - Bemowo,17:50,2D,original,regular,2026-08-01T10:04:37.028329
2026-08-01,,warszawa,Odyseja,Warszawa - Bemowo,18:00,2D,original,regular,2026-08-01T10:04:37.028339
2026-08-01,,warszawa,O czym sobie nie mówimy,Warszawa - Bemowo,18:15,2D,original,regular,2026-08-01T10:04:37.028349
2026-08-01,,warszawa,Minionki i straszydła,Warszawa - Bemowo,18:20,2D,,regular,2026-08-01T10:04:37.028359
2026-08-01,,warszawa,Spider-Man: Całkiem nowy dzień,Warszawa - Bemowo,18:30,2D,original,regular,2026-08-01T10:04:37.028369
2026-08-01,,warszawa,Odyseja,Warszawa - Bemowo,18:50,2D,original,regular,2026-08-01T10:04:37.028380
2026-08-01,,warszawa,Backrooms. Bez wyjścia - wersja rozszerzona,Warszawa - Bemowo,19:15,2D,original,regular,2026-08-01T10:04:37.028392
2026-08-01,,warszawa,Młody Waszyngton,Warszawa - Bemowo,19:30,2D,original,regular,2026-08-01T10:04:37.028404
2026-08-01,,warszawa,Spider-Man: Całkiem nowy dzień,Warszawa - Bemowo,20:00,2D,original,regular,2026-08-01T10:04:37.028415
2026-08-01,,warszawa,Odyseja,Warszawa - Bemowo,20:10,2D,original,regular,2026-08-01T10:04:37.028424
2026-08-01,,warszawa,Zaproszenie,Warszawa - Bemowo,20:20,2D,original,regular,2026-08-01T10:04:37.028434
2026-08-01,,warszawa,Requiem dla snu,Warszawa - Bemowo,20:30,2D,original,regular,2026-08-01T10:04:37.028443
2026-08-01,,warszawa,Spider-Man: Całkiem nowy dzień,Warszawa - Bemowo,20:45,2D,original,regular,2026-08-01T10:04:37.028453
2026-08-01,,warszawa,Obsesja,Warszawa - Bemowo,21:00,2D,original,regular,2026-08-01T10:04:37.028463
2026-08-01,,warszawa,Odyseja,Warszawa - Bemowo,21:40,2D,original,regular,2026-08-01T10:04:37.028473
2026-08-01,,warszawa,Spider-Man: Całkiem nowy dzień,Warszawa - Bemowo,21:40,2D,original,regular,2026-08-01T10:04:37.028483
2026-08-01,,warszawa,Martwe zło: Ogień,Warszawa - Bemowo,22:10,2D,original,regular,2026-08-01T10:04:37.028492
2026-08-01,,warszawa,Młody Waszyngton,Warszawa - Bemowo,22:20,2D,original,regular,2026-08-01T10:04:37.028503
2026-08-01,,warszawa,Backrooms. Bez wyjścia,Warszawa - Bemowo,22:30,2D,original,regular,2026-08-01T10:04:37.028515
2026-08-01,,warszawa,Ekipa zwierzaków,Warszawa - Białołęka Galeria Północna,11:50,2D,,regular,2026-08-01T10:04:38.810587
2026-08-01,,warszawa,Spider-Man: Całkiem nowy dzień,Warszawa - Białołęka Galeria Północna,12:10,2D,original,regular,2026-08-01T10:04:38.810613
2026-08-01,,warszawa,Minionki i straszydła,Warszawa - Białołęka Galeria Północna,12:20,2D,,regular,2026-08-01T10:04:38.810625
2026-08-01,,warszawa,Odyseja,Warszawa - Białołęka Galeria Północna,12:30,2D,original,regular,2026-08-01T10:04:38.810637
2026-08-01,,warszawa,Psi patrol i dinozaury,Warszawa - Białołęka Galeria Północna,12:50,2D,,regular,2026-08-01T10:04:38.810646
2026-08-01,,warszawa,Vaiana,Warszawa - Białołęka Galeria Północna,13:00,2D,original,regular,2026-08-01T10:04:38.810657
2026-08-01,,warszawa,Odyseja,Warszawa - Białołęka Galeria Północna,13:10,2D,original,regular,2026-08-01T10:04:38.810667
2026-08-01,,warszawa,Spider-Man: Całkiem nowy dzień,Warszawa - Białołęka Galeria Północna,13:40,Dolby Atmos,original,regular,2026-08-01T10:04:38.810679
2026-08-01,,warszawa,Toy Story 5,Warszawa - Białołęka Galeria Północna,13:40,2D,original,regular,2026-08-01T10:04:38.810691
2026-08-01,,warszawa,Ekipa zwierzaków,Warszawa - Białołęka Galeria Północna,14:00,2D,,regular,2026-08-01T10:04:38.810700
2026-08-01,,warszawa,Spider-Man: Całkiem nowy dzień,Warszawa - Białołęka Galeria Północna,14:30,3D,original,regular,2026-08-01T10:04:38.810710
2026-08-01,,warszawa,Minionki i straszydła,Warszawa - Białołęka Galeria Północna,14:30,2D,,regular,2026-08-01T10:04:38.810719
2026-08-01,,warszawa,Vaiana: wersja karaoke,Warszawa - Białołęka Galeria Północna,14:30,2D,original,regular,2026-08-01T10:04:38.810729
2026-08-01,,warszawa,Psi patrol i dinozaury,Warszawa - Białołęka Galeria Północna,15:00,2D,,regular,2026-08-01T10:04:38.810738
2026-08-01,,warszawa,Spider-Man: Całkiem nowy dzień,Warszawa - Białołęka Galeria Północna,15:20,2D,original,regular,2026-08-01T10:04:38.810750
2026-08-01,,warszawa,Vaiana,Warszawa - Białołęka Galeria Północna,15:40,2D,original,regular,2026-08-01T10:04:38.810761
2026-08-01,,warszawa,Spider-Man: Całkiem nowy dzień ukraiński dubbing,Warszawa - Białołęka Galeria Północna,16:00,2D,dubbing,regular,2026-08-01T10:04:38.810771
2026-08-01,,warszawa,Toy Story 5,Warszawa - Białołęka Galeria Północna,16:00,2D,original,regular,2026-08-01T10:04:38.810782
2026-08-01,,warszawa,Góra mocy,Warszawa - Białołęka Galeria Północna,16:20,2D,original,regular,2026-08-01T10:04:38.810793
2026-08-01,,warszawa,Minionki i straszydła,Warszawa - Białołęka Galeria Północna,16:40,2D,,regular,2026-08-01T10:04:38.810832
2026-08-01,,warszawa,Spider-Man: Całkiem nowy dzień,Warszawa - Białołęka Galeria Północna,16:50,Dolby Atmos,original,regular,2026-08-01T10:04:38.810848
2026-08-01,,warszawa,Odyseja,Warszawa - Białołęka Galeria Północna,16:50,2D,original,regular,2026-08-01T10:04:38.810859
2026-08-01,,warszawa,Psi patrol i dinozaury,Warszawa - Białołęka Galeria Północna,17:10,2D,,regular,2026-08-01T10:04:38.810868
2026-08-01,,warszawa,Odyseja ukraiński dubbing,Warszawa - Białołęka Galeria Północna,17:10,2D,dubbing,regular,2026-08-01T10:04:38.810877
2026-08-01,,warszawa,Martwe zło: Ogień,Warszawa - Białołęka Galeria Północna,18:20,2D,original,regular,2026-08-01T10:04:38.810888
2026-08-01,,warszawa,Spider-Man: Całkiem nowy dzień,Warszawa - Białołęka Galeria Północna,18:30,2D,original,regular,2026-08-01T10:04:38.810897
2026-08-01,,warszawa,Odyseja,Warszawa - Białołęka Galeria Północna,18:30,2D,original,regular,2026-08-01T10:04:38.810907
2026-08-01,,warszawa,Młody Waszyngton,Warszawa - Białołęka Galeria Północna,18:40,2D,original,regular,2026-08-01T10:04:38.810918
2026-08-01,,warszawa,Spider-Man: Całkiem nowy dzień,Warszawa - Białołęka Galeria Północna,19:00,2D,original,regular,2026-08-01T10:04:38.810928
2026-08-01,,warszawa,Backrooms. Bez wyjścia - wersja rozszerzona,Warszawa - Białołęka Galeria Północna,19:10,2D,original,regular,2026-08-01T10:04:38.810943
2026-08-01,,warszawa,Odyseja,Warszawa - Białołęka Galeria Północna,19:20,2D,original,regular,2026-08-01T10:04:38.810964
2026-08-01,,warszawa,Spider-Man: Całkiem nowy dzień,Warszawa - Białołęka Galeria Północna,20:00,Dolby Atmos,original,regular,2026-08-01T10:04:38.810985
2026-08-01,,warszawa,Odyseja,Warszawa - Białołęka Galeria Północna,20:30,2D,original,regular,2026-08-01T10:04:38.811004
2026-08-01,,warszawa,Odyseja ukraiński dubbing,Warszawa - Białołęka Galeria Północna,20:50,2D,dubbing,regular,2026-08-01T10:04:38.811017
2026-08-01,,warszawa,Obsesja,Warszawa - Białołęka Galeria Północna,21:00,2D,original,regular,2026-08-01T10:04:38.811027
2026-08-01,,warszawa,Zaproszenie,Warszawa - Białołęka Galeria Północna,21:30,2D,original,regular,2026-08-01T10:04:38.811041
2026-08-01,,warszawa,Spider-Man: Całkiem nowy dzień,Warszawa - Białołęka Galeria Północna,21:40,2D,original,regular,2026-08-01T10:04:38.811062
2026-08-01,,warszawa,Michael,Warszawa - Białołęka Galeria Północna,22:00,2D,original,regular,2026-08-01T10:04:38.811078
2026-08-01,,warszawa,Backrooms. Bez wyjścia,Warszawa - Białołęka Galeria Północna,22:00,2D,original,regular,2026-08-01T10:04:38.811088
2026-08-01,,warszawa,Spider-Man: Całkiem nowy dzień,Warszawa - Białołęka Galeria Północna,22:10,2D,original,regular,2026-08-01T10:04:38.811098
2026-08-01,,warszawa,Zaproszenie,Warszawa - Janki,12:00,2D,original,regular,2026-08-01T10:04:40.839236
2026-08-01,,warszawa,Spider-Man: Całkiem nowy dzień,Warszawa - Janki,12:10,2D,original,regular,2026-08-01T10:04:40.839263
2026-08-01,,warszawa,Minionki i straszydła,Warszawa - Janki,12:20,2D,,regular,2026-08-01T10:04:40.839275
2026-08-01,,warszawa,Psi patrol i dinozaury,Warszawa - Janki,12:50,2D,,regular,2026-08-01T10:04:40.839285
2026-08-01,,warszawa,Toy Story 5,Warszawa - Janki,13:00,2D,original,regular,2026-08-01T10:04:40.839297
2026-08-01,,warszawa,Góra mocy,Warszawa - Janki,13:20,2D,original,regular,2026-08-01T10:04:40.839308
2026-08-01,,warszawa,Spider-Man: Całkiem nowy dzień,Warszawa - Janki,13:40,2D,original,regular,2026-08-01T10:04:40.839319
2026-08-01,,warszawa,Odyseja,Warszawa - Janki,13:40,2D,original,regular,2026-08-01T10:04:40.839330
2026-08-01,,warszawa,Ekipa zwierzaków,Warszawa - Janki,13:50,2D,,regular,2026-08-01T10:04:40.839340
2026-08-01,,warszawa,Vaiana,Warszawa - Janki,14:15,2D,original,regular,2026-08-01T10:04:40.839350
2026-08-01,,warszawa,Spider-Man: Całkiem nowy dzień,Warszawa - Janki,14:30,3D,original,regular,2026-08-01T10:04:40.839360
2026-08-01,,warszawa,Minionki i straszydła,Warszawa - Janki,14:30,2D,,regular,2026-08-01T10:04:40.839369
2026-08-01,,warszawa,Psi patrol i dinozaury,Warszawa - Janki,15:00,2D,,regular,2026-08-01T10:04:40.839378
2026-08-01,,warszawa,Spider-Man: Całkiem nowy dzień,Warszawa - Janki,15:20,2D,original,regular,2026-08-01T10:04:40.839387
2026-08-01,,warszawa,Toy Story 5,Warszawa - Janki,15:30,2D,original,regular,2026-08-01T10:04:40.839398
2026-08-01,,warszawa,Vaiana: wersja karaoke,Warszawa - Janki,15:40,2D,original,regular,2026-08-01T10:04:40.839409
2026-08-01,,warszawa,Spider-Man: Całkiem nowy dzień ukraiński dubbing,Warszawa - Janki,16:00,2D,dubbing,regular,2026-08-01T10:04:40.839418
2026-08-01,,warszawa,Minionki i straszydła,Warszawa - Janki,16:40,2D,,regular,2026-08-01T10:04:40.839428
2026-08-01,,warszawa,Spider-Man: Całkiem nowy dzień,Warszawa - Janki,16:50,2D,original,regular,2026-08-01T10:04:40.839438
2026-08-01,,warszawa,Vaiana,Warszawa - Janki,17:00,2D,original,regular,2026-08-01T10:04:40.839448
2026-08-01,,warszawa,Psi patrol i dinozaury,Warszawa - Janki,17:10,2D,,regular,2026-08-01T10:04:40.839457
2026-08-01,,warszawa,Odyseja,Warszawa - Janki,17:20,2D,original,regular,2026-08-01T10:04:40.839466
2026-08-01,,warszawa,Spider-Man: Całkiem nowy dzień,Warszawa - Janki,17:40,3D,original,regular,2026-08-01T10:04:40.839476
2026-08-01,,warszawa,Toy Story 5,Warszawa - Janki,18:00,2D,original,regular,2026-08-01T10:04:40.839486
2026-08-01,,warszawa,Backrooms. Bez wyjścia - wersja rozszerzona,Warszawa - Janki,18:20,2D,original,regular,2026-08-01T10:04:40.839497
2026-08-01,,warszawa,Spider-Man: Całkiem nowy dzień,Warszawa - Janki,18:30,2D,original,regular,2026-08-01T10:04:40.839507
2026-08-01,,warszawa,Minionki i straszydła,Warszawa - Janki,18:50,2D,,regular,2026-08-01T10:04:40.839516
2026-08-01,,warszawa,Martwe zło: Ogień,Warszawa - Janki,19:10,2D,original,regular,2026-08-01T10:04:40.839526
2026-08-01,,warszawa,Odyseja,Warszawa - Janki,19:20,2D,original,regular,2026-08-01T10:04:40.839535
2026-08-01,,warszawa,Młody Waszyngton,Warszawa - Janki,19:40,2D,original,regular,2026-08-01T10:04:40.839547
2026-08-01,,warszawa,Spider-Man: Całkiem nowy dzień,Warszawa - Janki,20:00,2D,original,regular,2026-08-01T10:04:40.839557
2026-08-01,,warszawa,Zaproszenie,Warszawa - Janki,20:30,2D,original,regular,2026-08-01T10:04:40.839566
2026-08-01,,warszawa,Spider-Man: Całkiem nowy dzień,Warszawa - Janki,20:50,2D,original,regular,2026-08-01T10:04:40.839576
2026-08-01,,warszawa,Odyseja,Warszawa - Janki,21:00,2D,original,regular,2026-08-01T10:04:40.839585
2026-08-01,,warszawa,Obsesja,Warszawa - Janki,21:10,2D,original,regular,2026-08-01T10:04:40.839594
2026-08-01,,warszawa,Backrooms. Bez wyjścia,Warszawa - Janki,21:20,2D,original,regular,2026-08-01T10:04:40.839605
2026-08-01,,warszawa,Spider-Man: Całkiem nowy dzień,Warszawa - Janki,21:40,2D,original,regular,2026-08-01T10:04:40.839614
2026-08-01,,warszawa,Requiem dla snu,Warszawa - Janki,21:45,2D,original,regular,2026-08-01T10:04:40.839623
2026-08-01,,warszawa,Straszny film,Warszawa - Janki,22:30,2D,original,regular,2026-08-01T10:04:40.839634
2026-08-01,,warszawa,Młody Waszyngton,Warszawa - Mokotów,11:50,2D,original,regular,2026-08-01T10:04:41.962112
2026-08-01,,warszawa,Odyseja,Warszawa - Mokotów,12:00,2D,original,regular,2026-08-01T10:04:41.962142
2026-08-01,,warszawa,Toy Story 5,Warszawa - Mokotów,12:00,2D,original,regular,2026-08-01T10:04:41.962160
2026-08-01,,warszawa,Spider-Man: Całkiem nowy dzień,Warszawa - Mokotów,12:10,3D,original,regular,2026-08-01T10:04:41.962174
2026-08-01,,warszawa,Minionki i straszydła,Warszawa - Mokotów,12:10,2D,,regular,2026-08-01T10:04:41.962187
2026-08-01,,warszawa,Spider-Man: Całkiem nowy dzień,Warszawa - Mokotów,12:40,2D,original,regular,2026-08-01T10:04:41.962200
2026-08-01,,warszawa,Vaiana,Warszawa - Mokotów,12:40,2D,original,regular,2026-08-01T10:04:41.962213
2026-08-01,,warszawa,Psi patrol i dinozaury,Warszawa - Mokotów,12:50,2D,,regular,2026-08-01T10:04:41.962225
2026-08-01,,warszawa,Ekipa zwierzaków,Warszawa - Mokotów,13:00,2D,,regular,2026-08-01T10:04:41.962237
2026-08-01,,warszawa,Minionki i straszydła,Warszawa - Mokotów,13:30,2D,,regular,2026-08-01T10:04:41.962249
2026-08-01,,warszawa,Spider-Man: Całkiem nowy dzień,Warszawa - Mokotów,13:40,ScreenX,original,regular,2026-08-01T10:04:41.962260
2026-08-01,,warszawa,Zaproszenie,Warszawa - Mokotów,14:00,2D,original,regular,2026-08-01T10:04:41.962273
2026-08-01,,warszawa,Spider-Man: Całkiem nowy dzień,Warszawa - Mokotów,14:10,2D,original,regular,2026-08-01T10:04:41.962285
2026-08-01,,warszawa,Odyseja,Warszawa - Mokotów,14:15,2D,original,regular,2026-08-01T10:04:41.962298
2026-08-01,,warszawa,Minionki i straszydła,Warszawa - Mokotów,14:20,2D,,regular,2026-08-01T10:04:41.962309
2026-08-01,,warszawa,Toy Story 5,Warszawa - Mokotów,14:20,2D,original,regular,2026-08-01T10:04:41.962323
2026-08-01,,warszawa,Vaiana,Warszawa - Mokotów,14:30,2D,original,regular,2026-08-01T10:04:41.962335
2026-08-01,,warszawa,Psi patrol i dinozaury,Warszawa - Mokotów,15:00,2D,,regular,2026-08-01T10:04:41.962347
2026-08-01,,warszawa,Góra mocy,Warszawa - Mokotów,15:10,2D,original,regular,2026-08-01T10:04:41.962361
2026-08-01,,warszawa,Umamusume: Pretty Derby - Beginning of a New Era,Warszawa - Mokotów,15:10,2D,original,regular,2026-08-01T10:04:41.962372
2026-08-01,,warszawa,Spider-Man: Całkiem nowy dzień,Warszawa - Mokotów,15:20,3D,original,regular,2026-08-01T10:04:41.962381
2026-08-01,,warszawa,Minionki i straszydła,Warszawa - Mokotów,15:40,2D,,regular,2026-08-01T10:04:41.962391
2026-08-01,,warszawa,Odyseja,Warszawa - Mokotów,15:45,2D,original,regular,2026-08-01T10:04:41.962401
2026-08-01,,warszawa,Spider-Man: Całkiem nowy dzień,Warszawa - Mokotów,15:50,2D,original,regular,2026-08-01T10:04:41.962410
2026-08-01,,warszawa,Zaproszenie,Warszawa - Mokotów,16:30,2D,original,regular,2026-08-01T10:04:41.962419
2026-08-01,,warszawa,Minionki i straszydła,Warszawa - Mokotów,16:30,2D,,regular,2026-08-01T10:04:41.962428
2026-08-01,,warszawa,Toy Story 5,Warszawa - Mokotów,16:40,2D,original,regular,2026-08-01T10:04:41.962439
2026-08-01,,warszawa,Spider-Man: Całkiem nowy dzień,Warszawa - Mokotów,16:50,ScreenX,original,regular,2026-08-01T10:04:41.962447
2026-08-01,,warszawa,Psi patrol i dinozaury,Warszawa - Mokotów,17:10,2D,,regular,2026-08-01T10:04:41.962456
2026-08-01,,warszawa,Młody Waszyngton,Warszawa - Mokotów,17:10,2D,original,regular,2026-08-01T10:04:41.962467
2026-08-01,,warszawa,Spider-Man: Całkiem nowy dzień,Warszawa - Mokotów,17:20,2D,original,regular,2026-08-01T10:04:41.962477
2026-08-01,,warszawa,Umamusume: Pretty Derby - Beginning of a New Era,Warszawa - Mokotów,17:20,2D,original,regular,2026-08-01T10:04:41.962486
2026-08-01,,warszawa,Backrooms. Bez wyjścia,Warszawa - Mokotów,17:50,2D,original,regular,2026-08-01T10:04:41.962496
2026-08-01,,warszawa,Spider-Man: Całkiem nowy dzień ukraiński dubbing,Warszawa - Mokotów,18:00,2D,dubbing,regular,2026-08-01T10:04:41.962507
2026-08-01,,warszawa,Odyseja,Warszawa - Mokotów,18:00,2D,original,regular,2026-08-01T10:04:41.962516
2026-08-01,,warszawa,Spider-Man: Całkiem nowy dzień,Warszawa - Mokotów,18:30,3D,original,regular,2026-08-01T10:04:41.962525
2026-08-01,,warszawa,Ghost in the Shell,Warszawa - Mokotów,18:40,2D,original,regular,2026-08-01T10:04:41.962536
2026-08-01,,warszawa,Spider-Man: Całkiem nowy dzień,Warszawa - Mokotów,19:00,2D,original,regular,2026-08-01T10:04:41.962546
2026-08-01,,warszawa,Zaproszenie,Warszawa - Mokotów,19:00,2D,original,regular,2026-08-01T10:04:41.962555
2026-08-01,,warszawa,Ostatni konsjerż,Warszawa - Mokotów,19:10,2D,original,regular,2026-08-01T10:04:41.962566
2026-08-01,,warszawa,Psi patrol i dinozaury,Warszawa - Mokotów,19:20,2D,,regular,2026-08-01T10:04:41.962575
2026-08-01,,warszawa,Odyseja,Warszawa - Mokotów,19:30,2D,original,regular,2026-08-01T10:04:41.962584
2026-08-01,,warszawa,Jej piekło,Warszawa - Mokotów,19:50,2D,original,regular,2026-08-01T10:04:41.962595
2026-08-01,,warszawa,Spider-Man: Całkiem nowy dzień,Warszawa - Mokotów,20:00,ScreenX,original,regular,2026-08-01T10:04:41.962604
2026-08-01,,warszawa,Odyseja,Warszawa - Mokotów,20:00,2D,original,regular,2026-08-01T10:04:41.962613
2026-08-01,,warszawa,Backrooms. Bez wyjścia - wersja rozszerzona,Warszawa - Mokotów,20:20,2D,original,regular,2026-08-01T10:04:41.962623
2026-08-01,,warszawa,Spider-Man: Całkiem nowy dzień,Warszawa - Mokotów,20:30,2D,original,regular,2026-08-01T10:04:41.962633
2026-08-01,,warszawa,Spider-Man: Całkiem nowy dzień,Warszawa - Mokotów,21:00,2D,original,regular,2026-08-01T10:04:41.962642
2026-08-01,,warszawa,Spider-Man: Całkiem nowy dzień ukraiński dubbing,Warszawa - Mokotów,21:10,2D,dubbing,regular,2026-08-01T10:04:41.962652
2026-08-01,,warszawa,Martwe zło: Ogień,Warszawa - Mokotów,21:20,2D,original,regular,2026-08-01T10:04:41.962662
2026-08-01,,warszawa,Zaproszenie,Warszawa - Mokotów,21:30,2D,original,regular,2026-08-01T10:04:41.962670
2026-08-01,,warszawa,Requiem dla snu,Warszawa - Mokotów,21:30,2D,original,regular,2026-08-01T10:04:41.962680
2026-08-01,,warszawa,Odyseja ukraiński dubbing,Warszawa - Mokotów,21:40,2D,dubbing,regular,2026-08-01T10:04:41.962689
2026-08-01,,warszawa,Odyseja,Warszawa - Mokotów,21:45,2D,original,regular,2026-08-01T10:04:41.962699
2026-08-01,,warszawa,Spider-Man: Całkiem nowy dzień,Warszawa - Mokotów,22:00,2D,original,regular,2026-08-01T10:04:41.962708
2026-08-01,,warszawa,Obsesja,Warszawa - Mokotów,22:20,2D,original,regular,2026-08-01T10:04:41.962717
2026-08-01,,warszawa,O czym sobie nie mówimy,Warszawa - Promenada,11:50,2D,original,regular,2026-08-01T10:04:43.317658
2026-08-01,,warszawa,Spider-Man: Całkiem nowy dzień,Warszawa - Promenada,12:10,2D,original,regular,2026-08-01T10:04:43.317684
2026-08-01,,warszawa,Psi patrol i dinozaury,Warszawa - Promenada,12:20,2D,,regular,2026-08-01T10:04:43.317697
2026-08-01,,warszawa,Ekipa zwierzaków,Warszawa - Promenada,12:30,2D,,regular,2026-08-01T10:04:43.317708
2026-08-01,,warszawa,Vaiana,Warszawa - Promenada,12:40,2D,original,regular,2026-08-01T10:04:43.317719
2026-08-01,,warszawa,Odyseja,Warszawa - Promenada,12:45,2D,original,regular,2026-08-01T10:04:43.317730
2026-08-01,,warszawa,Góra mocy,Warszawa - Promenada,12:50,2D,original,regular,2026-08-01T10:04:43.317742
2026-08-01,,warszawa,Toy Story 5,Warszawa - Promenada,13:10,2D,original,regular,2026-08-01T10:04:43.317754
2026-08-01,,warszawa,Spider-Man: Całkiem nowy dzień,Warszawa - Promenada,13:40,2D,original,regular,2026-08-01T10:04:43.317766
2026-08-01,,warszawa,Minionki i straszydła,Warszawa - Promenada,13:50,2D,,regular,2026-08-01T10:04:43.317778
2026-08-01,,warszawa,Odyseja,Warszawa - Promenada,13:50,2D,original,regular,2026-08-01T10:04:43.317789
2026-08-01,,warszawa,Spider-Man: Całkiem nowy dzień,Warszawa - Promenada,14:30,3D,original,regular,2026-08-01T10:04:43.317799
2026-08-01,,warszawa,Psi patrol i dinozaury,Warszawa - Promenada,14:30,2D,,regular,2026-08-01T10:04:43.317841
2026-08-01,,warszawa,Zaproszenie,Warszawa - Promenada,14:30,2D,original,regular,2026-08-01T10:04:43.317854
2026-08-01,,warszawa,Ekipa zwierzaków,Warszawa - Promenada,14:40,2D,,regular,2026-08-01T10:04:43.317865
2026-08-01,,warszawa,Backrooms. Bez wyjścia,Warszawa - Promenada,15:10,2D,original,regular,2026-08-01T10:04:43.317876
2026-08-01,,warszawa,Odyseja,Warszawa - Promenada,15:15,2D,original,regular,2026-08-01T10:04:43.317886
2026-08-01,,warszawa,Spider-Man: Całkiem nowy dzień,Warszawa - Promenada,15:20,2D,original,regular,2026-08-01T10:04:43.317898
2026-08-01,,warszawa,Vaiana,Warszawa - Promenada,15:20,2D,original,regular,2026-08-01T10:04:43.317908
2026-08-01,,warszawa,Toy Story 5,Warszawa - Promenada,15:40,2D,original,regular,2026-08-01T10:04:43.317920
2026-08-01,,warszawa,Minionki i straszydła,Warszawa - Promenada,16:00,2D,,regular,2026-08-01T10:04:43.317930
2026-08-01,,warszawa,Ekipa zwierzaków,Warszawa - Promenada,16:20,2D,,regular,2026-08-01T10:04:43.317939
2026-08-01,,warszawa,Psi patrol i dinozaury,Warszawa - Promenada,16:40,2D,,regular,2026-08-01T10:04:43.317948
2026-08-01,,warszawa,Spider-Man: Całkiem nowy dzień,Warszawa - Promenada,16:50,2D,original,regular,2026-08-01T10:04:43.317959
2026-08-01,,warszawa,Jej piekło,Warszawa - Promenada,16:50,2D,original,regular,2026-08-01T10:04:43.317969
2026-08-01,,warszawa,Zaproszenie,Warszawa - Promenada,17:00,2D,original,regular,2026-08-01T10:04:43.317978
2026-08-01,,warszawa,Odyseja,Warszawa - Promenada,17:30,2D,original,regular,2026-08-01T10:04:43.317988
2026-08-01,,warszawa,Spider-Man: Całkiem nowy dzień,Warszawa - Promenada,17:40,3D,original,regular,2026-08-01T10:04:43.317998
2026-08-01,,warszawa,Vaiana: wersja karaoke,Warszawa - Promenada,17:50,2D,original,regular,2026-08-01T10:04:43.318008
2026-08-01,,warszawa,Ghost in the Shell,Warszawa - Promenada,18:00,2D,original,regular,2026-08-01T10:04:43.318019
2026-08-01,,warszawa,Minionki i straszydła,Warszawa - Promenada,18:10,2D,,regular,2026-08-01T10:04:43.318029
2026-08-01,,warszawa,Toy Story 5,Warszawa - Promenada,18:10,2D,original,regular,2026-08-01T10:04:43.318040
2026-08-01,,warszawa,Spider-Man: Całkiem nowy dzień,Warszawa - Promenada,18:30,2D,original,regular,2026-08-01T10:04:43.318050
2026-08-01,,warszawa,Obsesja,Warszawa - Promenada,18:30,2D,original,regular,2026-08-01T10:04:43.318059
2026-08-01,,warszawa,Psi patrol i dinozaury,Warszawa - Promenada,18:50,2D,,regular,2026-08-01T10:04:43.318068
2026-08-01,,warszawa,Odyseja,Warszawa - Promenada,19:00,2D,original,regular,2026-08-01T10:04:43.318078
2026-08-01,,warszawa,Młody Waszyngton,Warszawa - Promenada,19:20,2D,original,regular,2026-08-01T10:04:43.318089
2026-08-01,,warszawa,Zaproszenie,Warszawa - Promenada,19:30,2D,original,regular,2026-08-01T10:04:43.318098
2026-08-01,,warszawa,Spider-Man: Całkiem nowy dzień,Warszawa - Promenada,20:00,2D,original,regular,2026-08-01T10:04:43.318108
2026-08-01,,warszawa,Vaiana,Warszawa - Promenada,20:10,2D,original,regular,2026-08-01T10:04:43.318118
2026-08-01,,warszawa,Odyseja,Warszawa - Promenada,20:20,2D,original,regular,2026-08-01T10:04:43.318128
2026-08-01,,warszawa,Backrooms. Bez wyjścia - wersja rozszerzona,Warszawa - Promenada,20:30,2D,original,regular,2026-08-01T10:04:43.318138
2026-08-01,,warszawa,Martwe zło: Ogień,Warszawa - Promenada,20:40,2D,original,regular,2026-08-01T10:04:43.318148
2026-08-01,,warszawa,Spider-Man: Całkiem nowy dzień,Warszawa - Promenada,20:50,2D,original,regular,2026-08-01T10:04:43.318158
2026-08-01,,warszawa,Zaproszenie,Warszawa - Promenada,21:00,2D,original,regular,2026-08-01T10:04:43.318167
2026-08-01,,warszawa,Requiem dla snu,Warszawa - Promenada,21:10,2D,original,regular,2026-08-01T10:04:43.318176
2026-08-01,,warszawa,Odyseja,Warszawa - Promenada,21:10,2D,original,regular,2026-08-01T10:04:43.318185
2026-08-01,,warszawa,Spider-Man: Całkiem nowy dzień,Warszawa - Promenada,21:40,2D,original,regular,2026-08-01T10:04:43.318195
2026-08-01,,warszawa,Zaproszenie,Warszawa - Promenada,22:00,2D,original,regular,2026-08-01T10:04:43.318204
2026-08-01,,warszawa,Martwe zło: Ogień,Warszawa - Promenada,22:10,2D,original,regular,2026-08-01T10:04:43.318213
2026-08-01,,warszawa,Vaiana,Warszawa - Sadyba,11:50,2D,original,regular,2026-08-01T10:04:45.254347
2026-08-01,,warszawa,Spider-Man: Całkiem nowy dzień,Warszawa - Sadyba,12:10,2D,original,regular,2026-08-01T10:04:45.254375
2026-08-01,,warszawa,Toy Story 5,Warszawa - Sadyba,12:20,2D,original,regular,2026-08-01T10:04:45.254389
2026-08-01,,warszawa,Minionki i straszydła,Warszawa - Sadyba,12:40,2D,,regular,2026-08-01T10:04:45.254400
2026-08-01,,warszawa,Psi patrol i dinozaury,Warszawa - Sadyba,12:50,2D,,regular,2026-08-01T10:04:45.254409
2026-08-01,,warszawa,Minionki i straszydła,Warszawa - Sadyba,13:10,2D,,regular,2026-08-01T10:04:45.254418
2026-08-01,,warszawa,Góra mocy LEKTOR,Warszawa - Sadyba,13:20,2D,,regular,2026-08-01T10:04:45.254429
2026-08-01,,warszawa,Spider-Man: Całkiem nowy dzień,Warszawa - Sadyba,13:20,2D,original,regular,2026-08-01T10:04:45.254439
2026-08-01,,warszawa,Spider-Man: Całkiem nowy dzień,Warszawa - Sadyba,13:40,2D,original,regular,2026-08-01T10:04:45.254449
2026-08-01,,warszawa,Vaiana,Warszawa - Sadyba,13:40,2D,original,regular,2026-08-01T10:04:45.254459
2026-08-01,,warszawa,Odyseja,Warszawa - Sadyba,13:45,2D,original,regular,2026-08-01T10:04:45.254469
2026-08-01,,warszawa,Odyseja,Warszawa - Sadyba,14:15,IMAX,original,regular,2026-08-01T10:04:45.254475
2026-08-01,,warszawa,Spider-Man: Całkiem nowy dzień,Warszawa - Sadyba,14:30,3D,original,regular,2026-08-01T10:04:45.254484
2026-08-01,,warszawa,Toy Story 5,Warszawa - Sadyba,14:40,2D,original,regular,2026-08-01T10:04:45.254495
2026-08-01,,warszawa,Minionki i straszydła,Warszawa - Sadyba,14:50,2D,,regular,2026-08-01T10:04:45.254504
2026-08-01,,warszawa,Psi patrol i dinozaury,Warszawa - Sadyba,15:00,2D,,regular,2026-08-01T10:04:45.254513
2026-08-01,,warszawa,Odyseja,Warszawa - Sadyba,15:15,2D,original,regular,2026-08-01T10:04:45.254523
2026-08-01,,warszawa,Spider-Man: Całkiem nowy dzień,Warszawa - Sadyba,15:20,2D,original,regular,2026-08-01T10:04:45.254533
2026-08-01,,warszawa,Minionki i straszydła,Warszawa - Sadyba,15:20,2D,,regular,2026-08-01T10:04:45.254542
2026-08-01,,warszawa,Góra mocy,Warszawa - Sadyba,15:40,2D,original,regular,2026-08-01T10:04:45.254552
2026-08-01,,warszawa,Vaiana: wersja karaoke,Warszawa - Sadyba,16:20,2D,original,regular,2026-08-01T10:04:45.254562
2026-08-01,,warszawa,Spider-Man: Całkiem nowy dzień,Warszawa - Sadyba,16:30,2D,original,regular,2026-08-01T10:04:45.254572
2026-08-01,,warszawa,Spider-Man: Całkiem nowy dzień,Warszawa - Sadyba,16:50,2D,original,regular,2026-08-01T10:04:45.254582
2026-08-01,,warszawa,Backrooms. Bez wyjścia,Warszawa - Sadyba,17:00,2D,original,regular,2026-08-01T10:04:45.254592
2026-08-01,,warszawa,Minionki i straszydła,Warszawa - Sadyba,17:00,2D,,regular,2026-08-01T10:04:45.254600
2026-08-01,,warszawa,Psi patrol i dinozaury,Warszawa - Sadyba,17:10,2D,,regular,2026-08-01T10:04:45.254609
2026-08-01,,warszawa,Odyseja,Warszawa - Sadyba,17:30,2D,original,regular,2026-08-01T10:04:45.254618
2026-08-01,,warszawa,Spider-Man: Całkiem nowy dzień,Warszawa - Sadyba,17:40,3D,original,regular,2026-08-01T10:04:45.254627
2026-08-01,,warszawa,Requiem dla snu,Warszawa - Sadyba,17:40,2D,original,regular,2026-08-01T10:04:45.254636
2026-08-01,,warszawa,Ekipa zwierzaków,Warszawa - Sadyba,17:50,2D,,regular,2026-08-01T10:04:45.254645
2026-08-01,,warszawa,Odyseja,Warszawa - Sadyba,18:00,IMAX,original,regular,2026-08-01T10:04:45.254652
2026-08-01,,warszawa,Spider-Man: Całkiem nowy dzień,Warszawa - Sadyba,18:30,2D,original,regular,2026-08-01T10:04:45.254661
2026-08-01,,warszawa,Takie jest życie,Warszawa - Sadyba,19:00,2D,original,regular,2026-08-01T10:04:45.254671
2026-08-01,,warszawa,Odyseja,Warszawa - Sadyba,19:00,2D,original,regular,2026-08-01T10:04:45.254681
2026-08-01,,warszawa,Młody Waszyngton,Warszawa - Sadyba,19:10,2D,original,regular,2026-08-01T10:04:45.254692
2026-08-01,,warszawa,Obsesja,Warszawa - Sadyba,19:20,2D,original,regular,2026-08-01T10:04:45.254701
2026-08-01,,warszawa,Backrooms. Bez wyjścia,Warszawa - Sadyba,19:30,2D,original,regular,2026-08-01T10:04:45.254711
2026-08-01,,warszawa,Zaproszenie,Warszawa - Sadyba,19:45,2D,original,regular,2026-08-01T10:04:45.254720
2026-08-01,,warszawa,Spider-Man: Całkiem nowy dzień,Warszawa - Sadyba,20:00,2D,original,regular,2026-08-01T10:04:45.254730
2026-08-01,,warszawa,Backrooms. Bez wyjścia - wersja rozszerzona,Warszawa - Sadyba,20:00,2D,original,regular,2026-08-01T10:04:45.254740
2026-08-01,,warszawa,Requiem dla snu,Warszawa - Sadyba,20:10,2D,original,regular,2026-08-01T10:04:45.254749
2026-08-01,,warszawa,Spider-Man: Całkiem nowy dzień,Warszawa - Sadyba,20:45,2D,original,regular,2026-08-01T10:04:45.254758
2026-08-01,,warszawa,Odyseja,Warszawa - Sadyba,21:15,2D,original,regular,2026-08-01T10:04:45.254767
2026-08-01,,warszawa,Spider-Man: Całkiem nowy dzień,Warszawa - Sadyba,21:40,2D,original,regular,2026-08-01T10:04:45.254777
2026-08-01,,warszawa,Wędrówka na północ,Warszawa - Sadyba,21:40,2D,original,regular,2026-08-01T10:04:45.254786
2026-08-01,,warszawa,Odyseja,Warszawa - Sadyba,21:45,IMAX,original,regular,2026-08-01T10:04:45.254793
2026-08-01,,warszawa,Obsesja,Warszawa - Sadyba,21:50,2D,original,regular,2026-08-01T10:04:45.254818
2026-08-01,,warszawa,Backrooms. Bez wyjścia,Warszawa - Sadyba,22:00,2D,original,regular,2026-08-01T10:04:45.254828
2026-08-01,,warszawa,Martwe zło: Ogień,Warszawa - Sadyba,22:00,2D,original,regular,2026-08-01T10:04:45.254838
2026-08-01,,wrocław,Vaiana: wersja karaoke,Wrocław - Korona,12:00,2D,original,regular,2026-08-01T10:04:46.800541
2026-08-01,,wrocław,Spider-Man: Całkiem nowy dzień,Wrocław - Korona,12:40,2D,original,regular,2026-08-01T10:04:46.800566
2026-08-01,,wrocław,Psi patrol i dinozaury,Wrocław - Korona,12:40,2D,,regular,2026-08-01T10:04:46.800578
2026-08-01,,wrocław,Minionki i straszydła,Wrocław - Korona,12:50,2D,,regular,2026-08-01T10:04:46.800590
2026-08-01,,wrocław,Vaiana,Wrocław - Korona,12:50,2D,original,regular,2026-08-01T10:04:46.800600
2026-08-01,,wrocław,Odyseja,Wrocław - Korona,13:10,2D,original,regular,2026-08-01T10:04:46.800612
2026-08-01,,wrocław,Spider-Man: Całkiem nowy dzień,Wrocław - Korona,13:40,ScreenX,original,regular,2026-08-01T10:04:46.800623
2026-08-01,,wrocław,Spider-Man: Całkiem nowy dzień,Wrocław - Korona,14:10,Dolby Atmos,original,regular,2026-08-01T10:04:46.800635
2026-08-01,,wrocław,Odyseja,Wrocław - Korona,14:15,2D,original,regular,2026-08-01T10:04:46.800645
2026-08-01,,wrocław,Ekipa zwierzaków,Wrocław - Korona,14:25,2D,,regular,2026-08-01T10:04:46.800656
2026-08-01,,wrocław,Psi patrol i dinozaury,Wrocław - Korona,14:50,2D,,regular,2026-08-01T10:04:46.800665
2026-08-01,,wrocław,Spider-Man: Całkiem nowy dzień,Wrocław - Korona,15:00,3D,original,regular,2026-08-01T10:04:46.800675
2026-08-01,,wrocław,Toy Story 5,Wrocław - Korona,15:30,2D,original,regular,2026-08-01T10:04:46.800687
2026-08-01,,wrocław,Spider-Man: Całkiem nowy dzień,Wrocław - Korona,15:50,2D,original,regular,2026-08-01T10:04:46.800697
2026-08-01,,wrocław,Spider-Man: Całkiem nowy dzień,Wrocław - Korona,16:20,2D,original,regular,2026-08-01T10:04:46.800708
2026-08-01,,wrocław,Odyseja,Wrocław - Korona,16:45,2D,original,regular,2026-08-01T10:04:46.800718
2026-08-01,,wrocław,Spider-Man: Całkiem nowy dzień,Wrocław - Korona,16:50,ScreenX,original,regular,2026-08-01T10:04:46.800726
2026-08-01,,wrocław,Psi patrol i dinozaury,Wrocław - Korona,17:00,2D,,regular,2026-08-01T10:04:46.800736
2026-08-01,,wrocław,Spider-Man: Całkiem nowy dzień,Wrocław - Korona,17:20,Dolby Atmos,original,regular,2026-08-01T10:04:46.800747
2026-08-01,,wrocław,Odyseja,Wrocław - Korona,17:50,2D,original,regular,2026-08-01T10:04:46.800756
2026-08-01,,wrocław,Minionki i straszydła,Wrocław - Korona,18:00,2D,,regular,2026-08-01T10:04:46.800766
2026-08-01,,wrocław,Spider-Man: Całkiem nowy dzień,Wrocław - Korona,18:10,3D,original,regular,2026-08-01T10:04:46.800775
2026-08-01,,wrocław,Spider-Man: Całkiem nowy dzień,Wrocław - Korona,19:00,2D,original,regular,2026-08-01T10:04:46.800785
2026-08-01,,wrocław,Odyseja,Wrocław - Korona,19:10,2D,original,regular,2026-08-01T10:04:46.800795
2026-08-01,,wrocław,Obsesja,Wrocław - Korona,19:20,2D,original,regular,2026-08-01T10:04:46.800824
2026-08-01,,wrocław,Spider-Man: Całkiem nowy dzień,Wrocław - Korona,20:00,ScreenX,original,regular,2026-08-01T10:04:46.800835
2026-08-01,,wrocław,Młody Waszyngton,Wrocław - Korona,20:10,2D,original,regular,2026-08-01T10:04:46.800847
2026-08-01,,wrocław,Odyseja,Wrocław - Korona,20:20,2D,original,regular,2026-08-01T10:04:46.800857
2026-08-01,,wrocław,Spider-Man: Całkiem nowy dzień,Wrocław - Korona,20:30,Dolby Atmos,original,regular,2026-08-01T10:04:46.800868
2026-08-01,,wrocław,Spider-Man: Całkiem nowy dzień,Wrocław - Korona,21:10,2D,original,regular,2026-08-01T10:04:46.800878
2026-08-01,,wrocław,Spider-Man: Całkiem nowy dzień,Wrocław - Korona,21:20,2D,original,regular,2026-08-01T10:04:46.800888
2026-08-01,,wrocław,Backrooms. Bez wyjścia - wersja rozszerzona,Wrocław - Korona,21:50,2D,original,regular,2026-08-01T10:04:46.800899
2026-08-01,,wrocław,Martwe zło: Ogień,Wrocław - Korona,22:10,2D,original,regular,2026-08-01T10:04:46.800910
2026-08-01,,wrocław,Spider-Man: Całkiem nowy dzień,Wrocław - Korona,22:30,2D,original,regular,2026-08-01T10:04:46.800921
2026-08-01,,wrocław,Zaproszenie,Wrocław - Korona,22:35,2D,original,regular,2026-08-01T10:04:46.800931
2026-08-01,,wrocław,Spider-Man: Całkiem nowy dzień,Wrocław - Korona,22:50,ScreenX,original,regular,2026-08-01T10:04:46.800940
2026-08-01,,wrocław,Spider-Man: Całkiem nowy dzień ukraiński dubbing,Wrocław - Wroclavia,11:50,2D,dubbing,regular,2026-08-01T10:04:48.168915
2026-08-01,,wrocław,Spider-Man: Całkiem nowy dzień,Wrocław - Wroclavia,12:10,2D,original,regular,2026-08-01T10:04:48.168952
2026-08-01,,wrocław,Odyseja,Wrocław - Wroclavia,12:10,2D,original,regular,2026-08-01T10:04:48.168973
2026-08-01,,wrocław,Psi patrol i dinozaury,Wrocław - Wroclavia,12:20,2D,,regular,2026-08-01T10:04:48.169010
2026-08-01,,wrocław,Góra mocy LEKTOR,Wrocław - Wroclavia,12:30,2D,,regular,2026-08-01T10:04:48.169031
2026-08-01,,wrocław,Odyseja,Wrocław - Wroclavia,12:45,2D,original,regular,2026-08-01T10:04:48.169047
2026-08-01,,wrocław,Vaiana,Wrocław - Wroclavia,12:50,2D,original,regular,2026-08-01T10:04:48.169058
2026-08-01,,wrocław,Spider-Man: Całkiem nowy dzień ukraiński dubbing,Wrocław - Wroclavia,12:50,2D,dubbing,regular,2026-08-01T10:04:48.169069
2026-08-01,,wrocław,Spider-Man: Całkiem nowy dzień,Wrocław - Wroclavia,13:00,2D,original,regular,2026-08-01T10:04:48.169080
2026-08-01,,wrocław,Toy Story 5,Wrocław - Wroclavia,13:00,2D,original,regular,2026-08-01T10:04:48.169092
2026-08-01,,wrocław,Minionki i straszydła,Wrocław - Wroclavia,13:10,2D,,regular,2026-08-01T10:04:48.169113
2026-08-01,,wrocław,Psi patrol i dinozaury,Wrocław - Wroclavia,13:30,2D,,regular,2026-08-01T10:04:48.169123
2026-08-01,,wrocław,Spider-Man: Całkiem nowy dzień,Wrocław - Wroclavia,13:40,Dolby Atmos,original,regular,2026-08-01T10:04:48.169134
2026-08-01,,wrocław,Vaiana,Wrocław - Wroclavia,13:50,2D,original,regular,2026-08-01T10:04:48.169143
2026-08-01,,wrocław,Odyseja,Wrocław - Wroclavia,14:00,2D,original,regular,2026-08-01T10:04:48.169153
2026-08-01,,wrocław,Spider-Man: Całkiem nowy dzień,Wrocław - Wroclavia,14:10,4DX,original,regular,2026-08-01T10:04:48.169161
2026-08-01,,wrocław,Odyseja,Wrocław - Wroclavia,14:15,IMAX,original,regular,2026-08-01T10:04:48.169168
2026-08-01,,wrocław,Spider-Man: Całkiem nowy dzień,Wrocław - Wroclavia,14:30,2D,original,regular,2026-08-01T10:04:48.169179
2026-08-01,,wrocław,Psi patrol i dinozaury,Wrocław - Wroclavia,14:30,2D,,regular,2026-08-01T10:04:48.169188
2026-08-01,,wrocław,Góra mocy,Wrocław - Wroclavia,14:40,2D,original,regular,2026-08-01T10:04:48.169199
2026-08-01,,wrocław,Spider-Man: Całkiem nowy dzień,Wrocław - Wroclavia,14:50,3D,original,regular,2026-08-01T10:04:48.169209
2026-08-01,,wrocław,Odyseja,Wrocław - Wroclavia,15:15,2D,original,regular,2026-08-01T10:04:48.169219
2026-08-01,,wrocław,Spider-Man: Całkiem nowy dzień,Wrocław - Wroclavia,15:20,2D,original,regular,2026-08-01T10:04:48.169228
2026-08-01,,wrocław,Minionki i straszydła,Wrocław - Wroclavia,15:20,2D,,regular,2026-08-01T10:04:48.169237
2026-08-01,,wrocław,Vaiana,Wrocław - Wroclavia,15:30,2D,original,regular,2026-08-01T10:04:48.169247
2026-08-01,,wrocław,Toy Story 5,Wrocław - Wroclavia,15:30,2D,original,regular,2026-08-01T10:04:48.169258
2026-08-01,,wrocław,Zaproszenie,Wrocław - Wroclavia,15:40,2D,original,regular,2026-08-01T10:04:48.169268
2026-08-01,,wrocław,Spider-Man: Całkiem nowy dzień ukraiński dubbing,Wrocław - Wroclavia,15:50,2D,dubbing,regular,2026-08-01T10:04:48.169277
2026-08-01,,wrocław,Backrooms. Bez wyjścia,Wrocław - Wroclavia,15:50,2D,original,regular,2026-08-01T10:04:48.169287
2026-08-01,,wrocław,Odyseja,Wrocław - Wroclavia,16:00,2D,original,regular,2026-08-01T10:04:48.169298
2026-08-01,,wrocław,Spider-Man: Całkiem nowy dzień,Wrocław - Wroclavia,16:10,2D,original,regular,2026-08-01T10:04:48.169308
2026-08-01,,wrocław,Ostatni konsjerż,Wrocław - Wroclavia,16:20,2D,original,regular,2026-08-01T10:04:48.169318
2026-08-01,,wrocław,Vaiana: wersja karaoke,Wrocław - Wroclavia,16:30,2D,original,regular,2026-08-01T10:04:48.169328
2026-08-01,,wrocław,Psi patrol i dinozaury,Wrocław - Wroclavia,16:40,2D,,regular,2026-08-01T10:04:48.169337
2026-08-01,,wrocław,Spider-Man: Całkiem nowy dzień,Wrocław - Wroclavia,16:50,Dolby Atmos,original,regular,2026-08-01T10:04:48.169347
2026-08-01,,wrocław,Umamusume: Pretty Derby - Beginning of a New Era,Wrocław - Wroclavia,17:00,2D,original,regular,2026-08-01T10:04:48.169357
2026-08-01,,wrocław,Spider-Man: Całkiem nowy dzień,Wrocław - Wroclavia,17:20,4DX,original,regular,2026-08-01T10:04:48.169365
2026-08-01,,wrocław,Minionki i straszydła,Wrocław - Wroclavia,17:30,2D,,regular,2026-08-01T10:04:48.169375
2026-08-01,,wrocław,Spider-Man: Całkiem nowy dzień,Wrocław - Wroclavia,17:40,2D,original,regular,2026-08-01T10:04:48.169385
2026-08-01,,wrocław,Odyseja,Wrocław - Wroclavia,17:45,2D,original,regular,2026-08-01T10:04:48.169395
2026-08-01,,wrocław,Spider-Man: Całkiem nowy dzień,Wrocław - Wroclavia,18:00,3D,original,regular,2026-08-01T10:04:48.169405
2026-08-01,,wrocław,Odyseja,Wrocław - Wroclavia,18:00,IMAX,original,regular,2026-08-01T10:04:48.169412
2026-08-01,,wrocław,Ghost in the Shell,Wrocław - Wroclavia,18:00,2D,original,regular,2026-08-01T10:04:48.169422
2026-08-01,,wrocław,Obsesja,Wrocław - Wroclavia,18:00,2D,original,regular,2026-08-01T10:04:48.169432
2026-08-01,,wrocław,Zaproszenie,Wrocław - Wroclavia,18:10,2D,original,regular,2026-08-01T10:04:48.169441
2026-08-01,,wrocław,Młody Waszyngton,Wrocław - Wroclavia,18:20,2D,original,regular,2026-08-01T10:04:48.169452
2026-08-01,,wrocław,Spider-Man: Całkiem nowy dzień,Wrocław - Wroclavia,18:30,2D,original,regular,2026-08-01T10:04:48.169461
2026-08-01,,wrocław,Psi patrol i dinozaury,Wrocław - Wroclavia,18:50,2D,,regular,2026-08-01T10:04:48.169470
2026-08-01,,wrocław,Odyseja,Wrocław - Wroclavia,19:00,2D,original,regular,2026-08-01T10:04:48.169480
2026-08-01,,wrocław,Odyseja ukraiński dubbing,Wrocław - Wroclavia,19:10,2D,dubbing,regular,2026-08-01T10:04:48.169490
2026-08-01,,wrocław,Requiem dla snu,Wrocław - Wroclavia,19:15,2D,original,regular,2026-08-01T10:04:48.169500
2026-08-01,,wrocław,Spider-Man: Całkiem nowy dzień,Wrocław - Wroclavia,19:20,2D,original,regular,2026-08-01T10:04:48.169510
2026-08-01,,wrocław,Umamusume: Pretty Derby - Beginning of a New Era,Wrocław - Wroclavia,19:30,2D,original,regular,2026-08-01T10:04:48.169519
2026-08-01,,wrocław,Odyseja,Wrocław - Wroclavia,19:30,2D,original,regular,2026-08-01T10:04:48.169529
2026-08-01,,wrocław,Jej piekło,Wrocław - Wroclavia,19:40,2D,original,regular,2026-08-01T10:04:48.169540
2026-08-01,,wrocław,Spider-Man: Całkiem nowy dzień,Wrocław - Wroclavia,20:00,Dolby Atmos,original,regular,2026-08-01T10:04:48.169550
2026-08-01,,wrocław,Ghost in the Shell,Wrocław - Wroclavia,20:00,2D,original,regular,2026-08-01T10:04:48.169561
2026-08-01,,wrocław,Spider-Man: Całkiem nowy dzień,Wrocław - Wroclavia,20:30,4DX,original,regular,2026-08-01T10:04:48.169568
2026-08-01,,wrocław,Backrooms. Bez wyjścia - wersja rozszerzona,Wrocław - Wroclavia,20:30,2D,original,regular,2026-08-01T10:04:48.169579
2026-08-01,,wrocław,Zaproszenie,Wrocław - Wroclavia,20:40,2D,original,regular,2026-08-01T10:04:48.169589
2026-08-01,,wrocław,Spider-Man: Całkiem nowy dzień,Wrocław - Wroclavia,20:50,2D,original,regular,2026-08-01T10:04:48.169599
2026-08-01,,wrocław,Supergirl,Wrocław - Wroclavia,20:50,2D,original,regular,2026-08-01T10:04:48.169610
2026-08-01,,wrocław,Straszny film,Wrocław - Wroclavia,21:10,2D,original,regular,2026-08-01T10:04:48.169621
2026-08-01,,wrocław,Dzień objawienia,Wrocław - Wroclavia,21:10,2D,original,regular,2026-08-01T10:04:48.169631
2026-08-01,,wrocław,Młody Waszyngton,Wrocław - Wroclavia,21:10,2D,original,regular,2026-08-01T10:04:48.169642
2026-08-01,,wrocław,Odyseja,Wrocław - Wroclavia,21:30,2D,original,regular,2026-08-01T10:04:48.169651
2026-08-01,,wrocław,Spider-Man: Całkiem nowy dzień,Wrocław - Wroclavia,21:40,Dolby Atmos,original,regular,2026-08-01T10:04:48.169661
2026-08-01,,wrocław,Odyseja,Wrocław - Wroclavia,21:45,IMAX,original,regular,2026-08-01T10:04:48.169668
2026-08-01,,wrocław,Zaproszenie,Wrocław - Wroclavia,21:45,2D,original,regular,2026-08-01T10:04:48.169677
2026-08-01,,wrocław,Martwe zło: Ogień,Wrocław - Wroclavia,22:00,2D,original,regular,2026-08-01T10:04:48.169686
2026-08-01,,wrocław,Robin Hood: Koniec legendy,Wrocław - Wroclavia,22:10,2D,original,regular,2026-08-01T10:04:48.169696
2026-08-01,,wrocław,Jej piekło,Wrocław - Wroclavia,22:10,2D,original,regular,2026-08-01T10:04:48.169706
2026-08-01,,wrocław,Spider-Man: Całkiem nowy dzień,Wrocław - Wroclavia,22:20,2D,original,regular,2026-08-01T10:04:48.169716
2026-08-01,,wrocław,Backrooms. Bez wyjścia,Wrocław - Wroclavia,22:30,2D,original,regular,2026-08-01T10:04:48.169726
2026-08-01,,zielona-góra,Spider-Man: Całkiem nowy dzień,Zielona Góra,12:10,2D,original,regular,2026-08-01T10:04:49.861964
2026-08-01,,zielona-góra,Vaiana: wersja karaoke,Zielona Góra,12:20,2D,original,regular,2026-08-01T10:04:49.861994
2026-08-01,,zielona-góra,Toy Story 5,Zielona Góra,12:30,2D,original,regular,2026-08-01T10:04:49.862010
2026-08-01,,zielona-góra,Psi patrol i dinozaury,Zielona Góra,12:50,2D,,regular,2026-08-01T10:04:49.862023
2026-08-01,,zielona-góra,Zaproszenie,Zielona Góra,13:20,2D,original,regular,2026-08-01T10:04:49.862035
2026-08-01,,zielona-góra,Vaiana,Zielona Góra,13:30,2D,original,regular,2026-08-01T10:04:49.862046
2026-08-01,,zielona-góra,Spider-Man: Całkiem nowy dzień,Zielona Góra,13:40,2D,original,regular,2026-08-01T10:04:49.862060
2026-08-01,,zielona-góra,Minionki i straszydła,Zielona Góra,13:50,2D,,regular,2026-08-01T10:04:49.862072
2026-08-01,,zielona-góra,Spider-Man: Całkiem nowy dzień,Zielona Góra,14:30,3D,original,regular,2026-08-01T10:04:49.862083
2026-08-01,,zielona-góra,Psi patrol i dinozaury,Zielona Góra,14:50,2D,,regular,2026-08-01T10:04:49.862093
2026-08-01,,zielona-góra,Góra mocy,Zielona Góra,15:00,2D,original,regular,2026-08-01T10:04:49.862107
2026-08-01,,zielona-góra,Odyseja,Zielona Góra,15:10,2D,original,regular,2026-08-01T10:04:49.862119
2026-08-01,,zielona-góra,Spider-Man: Całkiem nowy dzień,Zielona Góra,15:20,2D,original,regular,2026-08-01T10:04:49.862131
2026-08-01,,zielona-góra,Backrooms. Bez wyjścia,Zielona Góra,15:50,2D,original,regular,2026-08-01T10:04:49.862143
2026-08-01,,zielona-góra,Spider-Man: Całkiem nowy dzień ukraiński dubbing,Zielona Góra,16:00,2D,dubbing,regular,2026-08-01T10:04:49.862155
2026-08-01,,zielona-góra,Minionki i straszydła,Zielona Góra,16:00,2D,,regular,2026-08-01T10:04:49.862167
2026-08-01,,zielona-góra,Spider-Man: Całkiem nowy dzień,Zielona Góra,16:50,2D,original,regular,2026-08-01T10:04:49.862179
2026-08-01,,zielona-góra,Psi patrol i dinozaury,Zielona Góra,17:00,2D,,regular,2026-08-01T10:04:49.862190
2026-08-01,,zielona-góra,Młody Waszyngton,Zielona Góra,17:10,2D,original,regular,2026-08-01T10:04:49.862204
2026-08-01,,zielona-góra,Spider-Man: Całkiem nowy dzień,Zielona Góra,17:40,3D,original,regular,2026-08-01T10:04:49.862216
2026-08-01,,zielona-góra,Odyseja,Zielona Góra,18:00,2D,original,regular,2026-08-01T10:04:49.862226
2026-08-01,,zielona-góra,Backrooms. Bez wyjścia - wersja rozszerzona,Zielona Góra,18:20,2D,original,regular,2026-08-01T10:04:49.862237
2026-08-01,,zielona-góra,Spider-Man: Całkiem nowy dzień,Zielona Góra,18:30,2D,original,regular,2026-08-01T10:04:49.862246
2026-08-01,,zielona-góra,Odyseja,Zielona Góra,19:00,2D,original,regular,2026-08-01T10:04:49.862256
2026-08-01,,zielona-góra,Martwe zło: Ogień,Zielona Góra,19:10,2D,original,regular,2026-08-01T10:04:49.862266
2026-08-01,,zielona-góra,Ghost in the Shell,Zielona Góra,19:20,2D,original,regular,2026-08-01T10:04:49.862276
2026-08-01,,zielona-góra,Spider-Man: Całkiem nowy dzień,Zielona Góra,20:00,2D,original,regular,2026-08-01T10:04:49.862286
2026-08-01,,zielona-góra,Jej piekło,Zielona Góra,20:00,2D,original,regular,2026-08-01T10:04:49.862297
2026-08-01,,zielona-góra,Spider-Man: Całkiem nowy dzień,Zielona Góra,20:50,2D,original,regular,2026-08-01T10:04:49.862307
2026-08-01,,zielona-góra,Zaproszenie,Zielona Góra,21:10,2D,original,regular,2026-08-01T10:04:49.862316
2026-08-01,,zielona-góra,Requiem dla snu,Zielona Góra,21:30,2D,original,regular,2026-08-01T10:04:49.862325
2026-08-01,,zielona-góra,Spider-Man: Całkiem nowy dzień,Zielona Góra,21:40,2D,original,regular,2026-08-01T10:04:49.862335
2026-08-01,,zielona-góra,Martwe zło: Ogień,Zielona Góra,21:40,2D,original,regular,2026-08-01T10:04:49.862344
2026-08-01,,zielona-góra,Odyseja,Zielona Góra,21:45,2D,original,regular,2026-08-01T10:04:49.862353
