date,city,movie_title,cinema_name,time,format,language,event_type,availability,booking_url,scraped_at
2026-08-11,podlaska,Ekipa zwierzaków,Biała Podlaska,11:10,2D,,regular,1.0,https://tickets.cinema-city.pl/api/order/1615456?lang=pl,2026-08-11T08:58:57.877395
2026-08-11,podlaska,Psi patrol i dinozaury,Biała Podlaska,12:10,2D,,regular,1.0,https://tickets.cinema-city.pl/api/order/1613893?lang=pl,2026-08-11T08:58:57.877421
2026-08-11,podlaska,Vaiana,Biała Podlaska,12:50,2D,original,regular,1.0,https://tickets.cinema-city.pl/api/order/1615990?lang=pl,2026-08-11T08:58:57.877431
2026-08-11,podlaska,Toy Story 5,Biała Podlaska,13:20,2D,original,regular,1.0,https://tickets.cinema-city.pl/api/order/1615620?lang=pl,2026-08-11T08:58:57.877440
2026-08-11,podlaska,Spider-Man: Całkiem nowy dzień,Biała Podlaska,13:40,2D,original,regular,1.0,https://tickets.cinema-city.pl/api/order/1612013?lang=pl,2026-08-11T08:58:57.877449
2026-08-11,podlaska,Psi patrol i dinozaury,Biała Podlaska,14:20,2D,,regular,1.0,https://tickets.cinema-city.pl/api/order/1613895?lang=pl,2026-08-11T08:58:57.877455
2026-08-11,podlaska,Minionki i straszydła,Biała Podlaska,15:30,2D,,regular,1.0,https://tickets.cinema-city.pl/api/order/1615991?lang=pl,2026-08-11T08:58:57.877463
2026-08-11,podlaska,Spider-Man: Całkiem nowy dzień,Biała Podlaska,15:50,3D,original,regular,1.0,https://tickets.cinema-city.pl/api/order/1615652?lang=pl,2026-08-11T08:58:57.877510
2026-08-11,podlaska,Psi patrol i dinozaury,Biała Podlaska,16:30,2D,,regular,1.0,https://tickets.cinema-city.pl/api/order/1613897?lang=pl,2026-08-11T08:58:57.877520
2026-08-11,podlaska,Spider-Man: Całkiem nowy dzień,Biała Podlaska,16:50,2D,original,regular,1.0,https://tickets.cinema-city.pl/api/order/1612016?lang=pl,2026-08-11T08:58:57.877528
2026-08-11,podlaska,Ice Cream Man,Biała Podlaska,17:40,2D,original,regular,1.0,https://tickets.cinema-city.pl/api/order/1615992?lang=pl,2026-08-11T08:58:57.877536
2026-08-11,podlaska,Psi patrol i dinozaury,Biała Podlaska,18:40,2D,,regular,1.0,https://tickets.cinema-city.pl/api/order/1613899?lang=pl,2026-08-11T08:58:57.877542
2026-08-11,podlaska,UL - Historie równoległe,Biała Podlaska,19:00,2D,original,regular,1.0,https://tickets.cinema-city.pl/api/order/1581090?lang=pl,2026-08-11T08:58:57.877551
2026-08-11,podlaska,Spider-Man: Całkiem nowy dzień,Biała Podlaska,20:00,2D,original,regular,1.0,https://tickets.cinema-city.pl/api/order/1612019?lang=pl,2026-08-11T08:58:57.877558
2026-08-11,podlaska,Odyseja,Biała Podlaska,20:15,2D,original,regular,1.0,https://tickets.cinema-city.pl/api/order/1615993?lang=pl,2026-08-11T08:58:57.877564
2026-08-11,podlaska,Spider-Man: Całkiem nowy dzień,Biała Podlaska,20:50,2D,original,regular,1.0,https://tickets.cinema-city.pl/api/order/1615113?lang=pl,2026-08-11T08:58:57.877570
2026-08-11,podlaska,Backrooms. Bez wyjścia - wersja rozszerzona,Biała Podlaska,22:00,2D,original,regular,1.0,https://tickets.cinema-city.pl/api/order/1615678?lang=pl,2026-08-11T08:58:57.877577
2026-08-11,bielsko-biała,Spider-Man: Całkiem nowy dzień,Bielsko-Biała,11:20,2D,original,regular,1.0,https://tickets.cinema-city.pl/api/order/1612923?lang=pl,2026-08-11T08:58:59.332244
2026-08-11,bielsko-biała,Psi patrol i dinozaury,Bielsko-Biała,11:20,2D,,regular,1.0,https://tickets.cinema-city.pl/api/order/1613693?lang=pl,2026-08-11T08:58:59.332267
2026-08-11,bielsko-biała,Odyseja,Bielsko-Biała,11:30,2D,original,regular,1.0,https://tickets.cinema-city.pl/api/order/1611913?lang=pl,2026-08-11T08:58:59.332275
2026-08-11,bielsko-biała,Minionki i straszydła,Bielsko-Biała,11:40,2D,,regular,1.0,https://tickets.cinema-city.pl/api/order/1614966?lang=pl,2026-08-11T08:58:59.332282
2026-08-11,bielsko-biała,Spider-Man: Całkiem nowy dzień,Bielsko-Biała,12:10,2D,original,regular,1.0,https://tickets.cinema-city.pl/api/order/1613890?lang=pl,2026-08-11T08:58:59.332288
2026-08-11,bielsko-biała,Odyseja,Bielsko-Biała,12:30,2D,original,regular,1.0,https://tickets.cinema-city.pl/api/order/1613235?lang=pl,2026-08-11T08:58:59.332294
2026-08-11,bielsko-biała,Psi patrol i dinozaury,Bielsko-Biała,12:30,2D,,regular,1.0,https://tickets.cinema-city.pl/api/order/1613364?lang=pl,2026-08-11T08:58:59.332299
2026-08-11,bielsko-biała,Vaiana,Bielsko-Biała,12:50,2D,original,regular,1.0,https://tickets.cinema-city.pl/api/order/1614565?lang=pl,2026-08-11T08:58:59.332305
2026-08-11,bielsko-biała,Toy Story 5,Bielsko-Biała,13:10,2D,original,regular,1.0,https://tickets.cinema-city.pl/api/order/1615002?lang=pl,2026-08-11T08:58:59.332312
2026-08-11,bielsko-biała,Psi patrol i dinozaury,Bielsko-Biała,13:30,2D,,regular,1.0,https://tickets.cinema-city.pl/api/order/1613697?lang=pl,2026-08-11T08:58:59.332318
2026-08-11,bielsko-biała,Spider-Man: Całkiem nowy dzień,Bielsko-Biała,13:40,2D,original,regular,1.0,https://tickets.cinema-city.pl/api/order/1612203?lang=pl,2026-08-11T08:58:59.332324
2026-08-11,bielsko-biała,Minionki i straszydła,Bielsko-Biała,13:50,2D,,regular,1.0,https://tickets.cinema-city.pl/api/order/1614972?lang=pl,2026-08-11T08:58:59.332330
2026-08-11,bielsko-biała,Spider-Man: Całkiem nowy dzień,Bielsko-Biała,14:30,3D,original,regular,1.0,https://tickets.cinema-city.pl/api/order/1612913?lang=pl,2026-08-11T08:58:59.332336
2026-08-11,bielsko-biała,Psi patrol i dinozaury,Bielsko-Biała,14:40,2D,,regular,1.0,https://tickets.cinema-city.pl/api/order/1613368?lang=pl,2026-08-11T08:58:59.332341
2026-08-11,bielsko-biała,Odyseja,Bielsko-Biała,15:15,2D,original,regular,1.0,https://tickets.cinema-city.pl/api/order/1611920?lang=pl,2026-08-11T08:58:59.332346
2026-08-11,bielsko-biała,Spider-Man: Całkiem nowy dzień,Bielsko-Biała,15:20,2D,original,regular,1.0,https://tickets.cinema-city.pl/api/order/1613909?lang=pl,2026-08-11T08:58:59.332352
2026-08-11,bielsko-biała,Ice Cream Man,Bielsko-Biała,15:30,2D,original,regular,1.0,https://tickets.cinema-city.pl/api/order/1614571?lang=pl,2026-08-11T08:58:59.332358
2026-08-11,bielsko-biała,Psi patrol i dinozaury,Bielsko-Biała,15:40,2D,,regular,1.0,https://tickets.cinema-city.pl/api/order/1613701?lang=pl,2026-08-11T08:58:59.332363
2026-08-11,bielsko-biała,Toy Story 5,Bielsko-Biała,15:40,2D,original,regular,1.0,https://tickets.cinema-city.pl/api/order/1615008?lang=pl,2026-08-11T08:58:59.332370
2026-08-11,bielsko-biała,Minionki i straszydła,Bielsko-Biała,16:10,2D,,regular,1.0,https://tickets.cinema-city.pl/api/order/1614978?lang=pl,2026-08-11T08:58:59.332375
2026-08-11,bielsko-biała,Odyseja,Bielsko-Biała,16:15,2D,original,regular,1.0,https://tickets.cinema-city.pl/api/order/1613238?lang=pl,2026-08-11T08:58:59.332381
2026-08-11,bielsko-biała,Spider-Man: Całkiem nowy dzień,Bielsko-Biała,16:50,2D,original,regular,1.0,https://tickets.cinema-city.pl/api/order/1612208?lang=pl,2026-08-11T08:58:59.332387
2026-08-11,bielsko-biała,Psi patrol i dinozaury,Bielsko-Biała,16:50,2D,,regular,1.0,https://tickets.cinema-city.pl/api/order/1613373?lang=pl,2026-08-11T08:58:59.332392
2026-08-11,bielsko-biała,Spider-Man: Całkiem nowy dzień,Bielsko-Biała,17:40,3D,original,regular,1.0,https://tickets.cinema-city.pl/api/order/1612918?lang=pl,2026-08-11T08:58:59.332398
2026-08-11,bielsko-biała,Psi patrol i dinozaury,Bielsko-Biała,17:50,2D,,regular,1.0,https://tickets.cinema-city.pl/api/order/1613705?lang=pl,2026-08-11T08:58:59.332403
2026-08-11,bielsko-biała,Ice Cream Man,Bielsko-Biała,18:00,2D,original,regular,1.0,https://tickets.cinema-city.pl/api/order/1614577?lang=pl,2026-08-11T08:58:59.332409
2026-08-11,bielsko-biała,Odyseja,Bielsko-Biała,18:00,2D,original,regular,1.0,https://tickets.cinema-city.pl/api/order/1615014?lang=pl,2026-08-11T08:58:59.332414
2026-08-11,bielsko-biała,Kandydaci śmierci,Bielsko-Biała,18:20,2D,original,regular,1.0,https://tickets.cinema-city.pl/api/order/1614984?lang=pl,2026-08-11T08:58:59.332420
2026-08-11,bielsko-biała,Spider-Man: Całkiem nowy dzień,Bielsko-Biała,18:30,2D,original,regular,1.0,https://tickets.cinema-city.pl/api/order/1613913?lang=pl,2026-08-11T08:58:59.332426
2026-08-11,bielsko-biała,Spider-Man: Całkiem nowy dzień,Bielsko-Biała,18:50,2D,original,regular,1.0,https://tickets.cinema-city.pl/api/order/1612450?lang=pl,2026-08-11T08:58:59.332431
2026-08-11,bielsko-biała,UL - Historie równoległe,Bielsko-Biała,19:00,2D,original,regular,1.0,https://tickets.cinema-city.pl/api/order/1581017?lang=pl,2026-08-11T08:58:59.332439
2026-08-11,bielsko-biała,Odyseja,Bielsko-Biała,19:50,2D,original,regular,1.0,https://tickets.cinema-city.pl/api/order/1613241?lang=pl,2026-08-11T08:58:59.332444
2026-08-11,bielsko-biała,Spider-Man: Całkiem nowy dzień,Bielsko-Biała,20:00,2D,original,regular,1.0,https://tickets.cinema-city.pl/api/order/1612213?lang=pl,2026-08-11T08:58:59.332451
2026-08-11,bielsko-biała,Spider-Man: Całkiem nowy dzień,Bielsko-Biała,20:00,2D,original,regular,1.0,https://tickets.cinema-city.pl/api/order/1620942?lang=pl,2026-08-11T08:58:59.332457
2026-08-11,bielsko-biała,Odyseja,Bielsko-Biała,20:30,2D,original,regular,1.0,https://tickets.cinema-city.pl/api/order/1614583?lang=pl,2026-08-11T08:58:59.332462
2026-08-11,bielsko-biała,Backrooms. Bez wyjścia - wersja rozszerzona,Bielsko-Biała,20:45,2D,original,regular,1.0,https://tickets.cinema-city.pl/api/order/1614990?lang=pl,2026-08-11T08:58:59.332496
2026-08-11,bielsko-biała,Spider-Man: Całkiem nowy dzień,Bielsko-Biała,20:50,2D,original,regular,1.0,https://tickets.cinema-city.pl/api/order/1612928?lang=pl,2026-08-11T08:58:59.332507
2026-08-11,bielsko-biała,Odyseja,Bielsko-Biała,21:40,2D,original,regular,1.0,https://tickets.cinema-city.pl/api/order/1615020?lang=pl,2026-08-11T08:58:59.332514
2026-08-11,bielsko-biała,Spider-Man: Całkiem nowy dzień,Bielsko-Biała,21:45,2D,original,regular,1.0,https://tickets.cinema-city.pl/api/order/1620943?lang=pl,2026-08-11T08:58:59.332520
2026-08-11,bielsko-biała,Spider-Man: Całkiem nowy dzień,Bielsko-Biała,22:00,2D,original,regular,1.0,https://tickets.cinema-city.pl/api/order/1612451?lang=pl,2026-08-11T08:58:59.332525
2026-08-11,bielsko-biała,Ice Cream Man,Bielsko-Biała,22:00,2D,original,regular,1.0,https://tickets.cinema-city.pl/api/order/1613486?lang=pl,2026-08-11T08:58:59.332531
2026-08-11,bydgoszcz,Ekipa zwierzaków,Bydgoszcz,10:45,2D,,regular,1.0,https://tickets.cinema-city.pl/api/order/1618315?lang=pl,2026-08-11T08:59:01.003925
2026-08-11,bydgoszcz,Spider-Man: Całkiem nowy dzień,Bydgoszcz,11:00,4DX,original,regular,1.0,https://tickets.cinema-city.pl/api/order/1620257?lang=pl,2026-08-11T08:59:01.003947
2026-08-11,bydgoszcz,Psi patrol i dinozaury,Bydgoszcz,11:20,2D,,regular,1.0,https://tickets.cinema-city.pl/api/order/1619978?lang=pl,2026-08-11T08:59:01.003955
2026-08-11,bydgoszcz,Odyseja,Bydgoszcz,11:30,2D,original,regular,1.0,https://tickets.cinema-city.pl/api/order/1618878?lang=pl,2026-08-11T08:59:01.003962
2026-08-11,bydgoszcz,Minionki i straszydła,Bydgoszcz,11:40,2D,,regular,1.0,https://tickets.cinema-city.pl/api/order/1620238?lang=pl,2026-08-11T08:59:01.003969
2026-08-11,bydgoszcz,Toy Story 5,Bydgoszcz,12:00,2D,original,regular,1.0,https://tickets.cinema-city.pl/api/order/1620005?lang=pl,2026-08-11T08:59:01.003978
2026-08-11,bydgoszcz,Spider-Man: Całkiem nowy dzień,Bydgoszcz,12:10,2D,original,regular,1.0,https://tickets.cinema-city.pl/api/order/1619519?lang=pl,2026-08-11T08:59:01.003985
2026-08-11,bydgoszcz,Vaiana,Bydgoszcz,12:10,2D,original,regular,1.0,https://tickets.cinema-city.pl/api/order/1620059?lang=pl,2026-08-11T08:59:01.003992
2026-08-11,bydgoszcz,Psi patrol i dinozaury,Bydgoszcz,12:30,2D,,regular,1.0,https://tickets.cinema-city.pl/api/order/1619156?lang=pl,2026-08-11T08:59:01.003998
2026-08-11,bydgoszcz,Spider-Man: Całkiem nowy dzień ukraiński dubbing,Bydgoszcz,12:50,2D,dubbing,regular,1.0,https://tickets.cinema-city.pl/api/order/1618166?lang=pl,2026-08-11T08:59:01.004005
2026-08-11,bydgoszcz,Minionki i straszydła,Bydgoszcz,12:50,2D,,regular,1.0,https://tickets.cinema-city.pl/api/order/1619286?lang=pl,2026-08-11T08:59:01.004010
2026-08-11,bydgoszcz,Spider-Man: Całkiem nowy dzień,Bydgoszcz,13:15,2D,original,regular,1.0,https://tickets.cinema-city.pl/api/order/1619421?lang=pl,2026-08-11T08:59:01.004016
2026-08-11,bydgoszcz,Psi patrol i dinozaury,Bydgoszcz,13:30,2D,,regular,1.0,https://tickets.cinema-city.pl/api/order/1619982?lang=pl,2026-08-11T08:59:01.004021
2026-08-11,bydgoszcz,Spider-Man: Całkiem nowy dzień,Bydgoszcz,13:40,2D,original,regular,1.0,https://tickets.cinema-city.pl/api/order/1618832?lang=pl,2026-08-11T08:59:01.004028
2026-08-11,bydgoszcz,Odyseja,Bydgoszcz,13:45,2D,original,regular,1.0,https://tickets.cinema-city.pl/api/order/1620207?lang=pl,2026-08-11T08:59:01.004033
2026-08-11,bydgoszcz,Ice Cream Man,Bydgoszcz,14:00,2D,original,regular,1.0,https://tickets.cinema-city.pl/api/order/1620240?lang=pl,2026-08-11T08:59:01.004040
2026-08-11,bydgoszcz,Spider-Man: Całkiem nowy dzień,Bydgoszcz,14:10,4DX,original,regular,1.0,https://tickets.cinema-city.pl/api/order/1620269?lang=pl,2026-08-11T08:59:01.004046
2026-08-11,bydgoszcz,Toy Story 5,Bydgoszcz,14:30,2D,original,regular,1.0,https://tickets.cinema-city.pl/api/order/1620011?lang=pl,2026-08-11T08:59:01.004052
2026-08-11,bydgoszcz,Psi patrol i dinozaury,Bydgoszcz,14:40,2D,,regular,1.0,https://tickets.cinema-city.pl/api/order/1619160?lang=pl,2026-08-11T08:59:01.004058
2026-08-11,bydgoszcz,Spider-Man: Całkiem nowy dzień,Bydgoszcz,14:50,3D,original,regular,1.0,https://tickets.cinema-city.pl/api/order/1620047?lang=pl,2026-08-11T08:59:01.004064
2026-08-11,bydgoszcz,Minionki i straszydła,Bydgoszcz,15:00,2D,,regular,1.0,https://tickets.cinema-city.pl/api/order/1619292?lang=pl,2026-08-11T08:59:01.004070
2026-08-11,bydgoszcz,Odyseja,Bydgoszcz,15:15,2D,original,regular,1.0,https://tickets.cinema-city.pl/api/order/1618883?lang=pl,2026-08-11T08:59:01.004076
2026-08-11,bydgoszcz,Spider-Man: Całkiem nowy dzień,Bydgoszcz,15:20,2D,original,regular,1.0,https://tickets.cinema-city.pl/api/order/1619525?lang=pl,2026-08-11T08:59:01.004081
2026-08-11,bydgoszcz,Psi patrol i dinozaury,Bydgoszcz,15:40,2D,,regular,1.0,https://tickets.cinema-city.pl/api/order/1619986?lang=pl,2026-08-11T08:59:01.004087
2026-08-11,bydgoszcz,Psi patrol i dinozaury ukraiński dubbing,Bydgoszcz,16:00,2D,dubbing,regular,1.0,https://tickets.cinema-city.pl/api/order/1618055?lang=pl,2026-08-11T08:59:01.004094
2026-08-11,bydgoszcz,Spider-Man: Całkiem nowy dzień,Bydgoszcz,16:30,2D,original,regular,1.0,https://tickets.cinema-city.pl/api/order/1619427?lang=pl,2026-08-11T08:59:01.004099
2026-08-11,bydgoszcz,Ice Cream Man,Bydgoszcz,16:30,2D,original,regular,1.0,https://tickets.cinema-city.pl/api/order/1620241?lang=pl,2026-08-11T08:59:01.004105
2026-08-11,bydgoszcz,Spider-Man: Całkiem nowy dzień,Bydgoszcz,16:50,2D,original,regular,1.0,https://tickets.cinema-city.pl/api/order/1618837?lang=pl,2026-08-11T08:59:01.004111
2026-08-11,bydgoszcz,Psi patrol i dinozaury,Bydgoszcz,16:50,2D,,regular,1.0,https://tickets.cinema-city.pl/api/order/1619164?lang=pl,2026-08-11T08:59:01.004116
2026-08-11,bydgoszcz,Kandydaci śmierci,Bydgoszcz,16:50,2D,original,regular,1.0,https://tickets.cinema-city.pl/api/order/1620023?lang=pl,2026-08-11T08:59:01.004123
2026-08-11,bydgoszcz,Minionki i straszydła,Bydgoszcz,17:10,2D,,regular,1.0,https://tickets.cinema-city.pl/api/order/1619298?lang=pl,2026-08-11T08:59:01.004128
2026-08-11,bydgoszcz,Spider-Man: Całkiem nowy dzień,Bydgoszcz,17:20,4DX,original,regular,1.0,https://tickets.cinema-city.pl/api/order/1620263?lang=pl,2026-08-11T08:59:01.004133
2026-08-11,bydgoszcz,Odyseja,Bydgoszcz,17:30,2D,original,regular,1.0,https://tickets.cinema-city.pl/api/order/1620208?lang=pl,2026-08-11T08:59:01.004138
2026-08-11,bydgoszcz,Psi patrol i dinozaury,Bydgoszcz,17:50,2D,,regular,1.0,https://tickets.cinema-city.pl/api/order/1619990?lang=pl,2026-08-11T08:59:01.004144
2026-08-11,bydgoszcz,Spider-Man: Całkiem nowy dzień,Bydgoszcz,18:00,3D,original,regular,1.0,https://tickets.cinema-city.pl/api/order/1620053?lang=pl,2026-08-11T08:59:01.004149
2026-08-11,bydgoszcz,Do utraty tchu (re-release),Bydgoszcz,18:10,2D,original,regular,1.0,https://tickets.cinema-city.pl/api/order/1617919?lang=pl,2026-08-11T08:59:01.004156
2026-08-11,bydgoszcz,Spider-Man: Całkiem nowy dzień,Bydgoszcz,18:30,2D,original,regular,1.0,https://tickets.cinema-city.pl/api/order/1619532?lang=pl,2026-08-11T08:59:01.004162
2026-08-11,bydgoszcz,UL - Historie równoległe,Bydgoszcz,19:00,2D,original,regular,1.0,https://tickets.cinema-city.pl/api/order/1581031?lang=pl,2026-08-11T08:59:01.004170
2026-08-11,bydgoszcz,Odyseja,Bydgoszcz,19:00,2D,original,regular,1.0,https://tickets.cinema-city.pl/api/order/1618888?lang=pl,2026-08-11T08:59:01.004175
2026-08-11,bydgoszcz,Psi patrol i dinozaury,Bydgoszcz,19:00,2D,,regular,1.0,https://tickets.cinema-city.pl/api/order/1619168?lang=pl,2026-08-11T08:59:01.004180
2026-08-11,bydgoszcz,Pejzaż w kolorze sepii,Bydgoszcz,19:10,2D,original,regular,1.0,https://tickets.cinema-city.pl/api/order/1619323?lang=pl,2026-08-11T08:59:01.004187
2026-08-11,bydgoszcz,Ice Cream Man,Bydgoszcz,19:10,2D,original,regular,1.0,https://tickets.cinema-city.pl/api/order/1620026?lang=pl,2026-08-11T08:59:01.004192
2026-08-11,bydgoszcz,Spider-Man: Całkiem nowy dzień,Bydgoszcz,19:40,2D,original,regular,1.0,https://tickets.cinema-city.pl/api/order/1619468?lang=pl,2026-08-11T08:59:01.004198
2026-08-11,bydgoszcz,Spider-Man: Całkiem nowy dzień,Bydgoszcz,20:00,2D,original,regular,1.0,https://tickets.cinema-city.pl/api/order/1618842?lang=pl,2026-08-11T08:59:01.004204
2026-08-11,bydgoszcz,Psi patrol i dinozaury,Bydgoszcz,20:00,2D,,regular,1.0,https://tickets.cinema-city.pl/api/order/1619994?lang=pl,2026-08-11T08:59:01.004210
2026-08-11,bydgoszcz,Spider-Man: Całkiem nowy dzień,Bydgoszcz,20:30,4DX,original,regular,1.0,https://tickets.cinema-city.pl/api/order/1620275?lang=pl,2026-08-11T08:59:01.004215
2026-08-11,bydgoszcz,Spider-Man: Całkiem nowy dzień,Bydgoszcz,20:45,2D,original,regular,1.0,https://tickets.cinema-city.pl/api/order/1618123?lang=pl,2026-08-11T08:59:01.004221
2026-08-11,bydgoszcz,Martwe zło: Ogień,Bydgoszcz,21:00,2D,original,regular,1.0,https://tickets.cinema-city.pl/api/order/1620065?lang=pl,2026-08-11T08:59:01.004227
2026-08-11,bydgoszcz,Odyseja,Bydgoszcz,21:10,2D,original,regular,1.0,https://tickets.cinema-city.pl/api/order/1619174?lang=pl,2026-08-11T08:59:01.004232
2026-08-11,bydgoszcz,Backrooms. Bez wyjścia,Bydgoszcz,21:10,2D,original,regular,1.0,https://tickets.cinema-city.pl/api/order/1620210?lang=pl,2026-08-11T08:59:01.004238
2026-08-11,bydgoszcz,Odyseja,Bydgoszcz,21:40,2D,original,regular,1.0,https://tickets.cinema-city.pl/api/order/1620037?lang=pl,2026-08-11T08:59:01.004244
2026-08-11,bydgoszcz,Obsesja,Bydgoszcz,21:45,2D,original,regular,1.0,https://tickets.cinema-city.pl/api/order/1619304?lang=pl,2026-08-11T08:59:01.004250
2026-08-11,bydgoszcz,Zaproszenie,Bydgoszcz,22:00,2D,original,regular,1.0,https://tickets.cinema-city.pl/api/order/1619538?lang=pl,2026-08-11T08:59:01.004256
2026-08-11,bydgoszcz,Ice Cream Man,Bydgoszcz,22:00,2D,original,regular,1.0,https://tickets.cinema-city.pl/api/order/1620243?lang=pl,2026-08-11T08:59:01.004261
2026-08-11,bytom,Spider-Man: Całkiem nowy dzień,Bytom,11:20,2D,original,regular,1.0,https://tickets.cinema-city.pl/api/order/1618331?lang=pl,2026-08-11T08:59:02.803496
2026-08-11,bytom,Psi patrol i dinozaury,Bytom,11:20,2D,,regular,1.0,https://tickets.cinema-city.pl/api/order/1619527?lang=pl,2026-08-11T08:59:02.803521
2026-08-11,bytom,Minionki i straszydła,Bytom,11:50,2D,,regular,1.0,https://tickets.cinema-city.pl/api/order/1617850?lang=pl,2026-08-11T08:59:02.803529
2026-08-11,bytom,Spider-Man: Całkiem nowy dzień,Bytom,12:10,2D,original,regular,1.0,https://tickets.cinema-city.pl/api/order/1617542?lang=pl,2026-08-11T08:59:02.803536
2026-08-11,bytom,Psi patrol i dinozaury,Bytom,12:30,2D,,regular,1.0,https://tickets.cinema-city.pl/api/order/1617380?lang=pl,2026-08-11T08:59:02.803543
2026-08-11,bytom,Odyseja,Bytom,12:30,2D,original,regular,1.0,https://tickets.cinema-city.pl/api/order/1619647?lang=pl,2026-08-11T08:59:02.803550
2026-08-11,bytom,Vaiana,Bytom,12:50,2D,original,regular,1.0,https://tickets.cinema-city.pl/api/order/1618431?lang=pl,2026-08-11T08:59:02.803557
2026-08-11,bytom,Psi patrol i dinozaury,Bytom,13:30,2D,,regular,1.0,https://tickets.cinema-city.pl/api/order/1619541?lang=pl,2026-08-11T08:59:02.803563
2026-08-11,bytom,Spider-Man: Całkiem nowy dzień,Bytom,13:40,2D,original,regular,1.0,https://tickets.cinema-city.pl/api/order/1619688?lang=pl,2026-08-11T08:59:02.803570
2026-08-11,bytom,Toy Story 5,Bytom,13:50,2D,original,regular,1.0,https://tickets.cinema-city.pl/api/order/1617874?lang=pl,2026-08-11T08:59:02.803578
2026-08-11,bytom,Spider-Man: Całkiem nowy dzień,Bytom,14:30,3D,original,regular,1.0,https://tickets.cinema-city.pl/api/order/1618321?lang=pl,2026-08-11T08:59:02.803583
2026-08-11,bytom,Psi patrol i dinozaury,Bytom,14:40,2D,,regular,1.0,https://tickets.cinema-city.pl/api/order/1617384?lang=pl,2026-08-11T08:59:02.803589
2026-08-11,bytom,Spider-Man: Całkiem nowy dzień,Bytom,15:20,2D,original,regular,1.0,https://tickets.cinema-city.pl/api/order/1617548?lang=pl,2026-08-11T08:59:02.803595
2026-08-11,bytom,Ice Cream Man,Bytom,15:30,2D,original,regular,1.0,https://tickets.cinema-city.pl/api/order/1618437?lang=pl,2026-08-11T08:59:02.803602
2026-08-11,bytom,Psi patrol i dinozaury,Bytom,15:40,2D,,regular,1.0,https://tickets.cinema-city.pl/api/order/1619542?lang=pl,2026-08-11T08:59:02.803607
2026-08-11,bytom,Odyseja,Bytom,16:00,2D,original,regular,1.0,https://tickets.cinema-city.pl/api/order/1619652?lang=pl,2026-08-11T08:59:02.803614
2026-08-11,bytom,Vaiana,Bytom,16:10,2D,original,regular,1.0,https://tickets.cinema-city.pl/api/order/1617885?lang=pl,2026-08-11T08:59:02.803620
2026-08-11,bytom,Psi patrol i dinozaury,Bytom,16:50,2D,,regular,1.0,https://tickets.cinema-city.pl/api/order/1617388?lang=pl,2026-08-11T08:59:02.803626
2026-08-11,bytom,Spider-Man: Całkiem nowy dzień,Bytom,16:50,2D,original,regular,1.0,https://tickets.cinema-city.pl/api/order/1619691?lang=pl,2026-08-11T08:59:02.803633
2026-08-11,bytom,Spider-Man: Całkiem nowy dzień,Bytom,17:40,3D,original,regular,1.0,https://tickets.cinema-city.pl/api/order/1618326?lang=pl,2026-08-11T08:59:02.803638
2026-08-11,bytom,Psi patrol i dinozaury,Bytom,17:50,2D,,regular,1.0,https://tickets.cinema-city.pl/api/order/1619553?lang=pl,2026-08-11T08:59:02.803643
2026-08-11,bytom,Minionki i straszydła,Bytom,18:20,2D,,regular,1.0,https://tickets.cinema-city.pl/api/order/1618441?lang=pl,2026-08-11T08:59:02.803649
2026-08-11,bytom,Spider-Man: Całkiem nowy dzień,Bytom,18:30,2D,original,regular,1.0,https://tickets.cinema-city.pl/api/order/1617554?lang=pl,2026-08-11T08:59:02.803655
2026-08-11,bytom,UL - Historie równoległe,Bytom,19:00,2D,original,regular,1.0,https://tickets.cinema-city.pl/api/order/1581014?lang=pl,2026-08-11T08:59:02.803664
2026-08-11,bytom,Psi patrol i dinozaury,Bytom,19:00,2D,,regular,1.0,https://tickets.cinema-city.pl/api/order/1617392?lang=pl,2026-08-11T08:59:02.803669
2026-08-11,bytom,Odyseja,Bytom,19:40,2D,original,regular,1.0,https://tickets.cinema-city.pl/api/order/1619657?lang=pl,2026-08-11T08:59:02.803675
2026-08-11,bytom,Ice Cream Man,Bytom,20:00,2D,original,regular,1.0,https://tickets.cinema-city.pl/api/order/1619559?lang=pl,2026-08-11T08:59:02.803681
2026-08-11,bytom,Spider-Man: Całkiem nowy dzień,Bytom,20:10,2D,original,regular,1.0,https://tickets.cinema-city.pl/api/order/1619694?lang=pl,2026-08-11T08:59:02.803687
2026-08-11,bytom,Młody Waszyngton,Bytom,20:30,2D,original,regular,1.0,https://tickets.cinema-city.pl/api/order/1618459?lang=pl,2026-08-11T08:59:02.803694
2026-08-11,bytom,Spider-Man: Całkiem nowy dzień,Bytom,20:50,2D,original,regular,1.0,https://tickets.cinema-city.pl/api/order/1618336?lang=pl,2026-08-11T08:59:02.803700
2026-08-11,bytom,Pejzaż w kolorze sepii,Bytom,21:10,2D,original,regular,1.0,https://tickets.cinema-city.pl/api/order/1617396?lang=pl,2026-08-11T08:59:02.803707
2026-08-11,bytom,Spider-Man: Całkiem nowy dzień,Bytom,21:40,2D,original,regular,1.0,https://tickets.cinema-city.pl/api/order/1617560?lang=pl,2026-08-11T08:59:02.803713
2026-08-11,bytom,Spider-Man: Całkiem nowy dzień,Bytom,22:00,2D,original,regular,1.0,https://tickets.cinema-city.pl/api/order/1620688?lang=pl,2026-08-11T08:59:02.803718
2026-08-11,bytom,Ice Cream Man,Bytom,22:15,2D,original,regular,1.0,https://tickets.cinema-city.pl/api/order/1619560?lang=pl,2026-08-11T08:59:02.803724
2026-08-11,cieszyn,Spider-Man: Całkiem nowy dzień,Cieszyn,10:50,2D,original,regular,1.0,https://tickets.cinema-city.pl/api/order/1609486?lang=pl,2026-08-11T08:59:04.770203
2026-08-11,cieszyn,Minionki i straszydła,Cieszyn,11:00,2D,,regular,1.0,https://tickets.cinema-city.pl/api/order/1614341?lang=pl,2026-08-11T08:59:04.770227
2026-08-11,cieszyn,Vaiana,Cieszyn,11:10,2D,original,regular,1.0,https://tickets.cinema-city.pl/api/order/1612875?lang=pl,2026-08-11T08:59:04.770235
2026-08-11,cieszyn,Psi patrol i dinozaury,Cieszyn,12:10,2D,,regular,1.0,https://tickets.cinema-city.pl/api/order/1609612?lang=pl,2026-08-11T08:59:04.770242
2026-08-11,cieszyn,Ice Cream Man,Cieszyn,13:20,2D,original,regular,1.0,https://tickets.cinema-city.pl/api/order/1614363?lang=pl,2026-08-11T08:59:04.770249
2026-08-11,cieszyn,Odyseja,Cieszyn,13:45,2D,original,regular,1.0,https://tickets.cinema-city.pl/api/order/1613520?lang=pl,2026-08-11T08:59:04.770256
2026-08-11,cieszyn,Spider-Man: Całkiem nowy dzień,Cieszyn,14:00,2D,original,regular,1.0,https://tickets.cinema-city.pl/api/order/1609492?lang=pl,2026-08-11T08:59:04.770263
2026-08-11,cieszyn,Psi patrol i dinozaury,Cieszyn,14:20,2D,,regular,1.0,https://tickets.cinema-city.pl/api/order/1609616?lang=pl,2026-08-11T08:59:04.770269
2026-08-11,cieszyn,Spider-Man: Całkiem nowy dzień,Cieszyn,15:50,3D,original,regular,1.0,https://tickets.cinema-city.pl/api/order/1614421?lang=pl,2026-08-11T08:59:04.770275
2026-08-11,cieszyn,Psi patrol i dinozaury,Cieszyn,16:30,2D,,regular,1.0,https://tickets.cinema-city.pl/api/order/1609620?lang=pl,2026-08-11T08:59:04.770281
2026-08-11,cieszyn,Spider-Man: Całkiem nowy dzień,Cieszyn,17:15,2D,original,regular,1.0,https://tickets.cinema-city.pl/api/order/1609498?lang=pl,2026-08-11T08:59:04.770288
2026-08-11,cieszyn,Ice Cream Man,Cieszyn,17:30,2D,original,regular,1.0,https://tickets.cinema-city.pl/api/order/1613601?lang=pl,2026-08-11T08:59:04.770294
2026-08-11,cieszyn,Psi patrol i dinozaury,Cieszyn,18:40,2D,,regular,1.0,https://tickets.cinema-city.pl/api/order/1609624?lang=pl,2026-08-11T08:59:04.770299
2026-08-11,cieszyn,UL - Historie równoległe,Cieszyn,19:00,2D,original,regular,1.0,https://tickets.cinema-city.pl/api/order/1581011?lang=pl,2026-08-11T08:59:04.770308
2026-08-11,cieszyn,Spider-Man: Całkiem nowy dzień,Cieszyn,20:00,2D,original,regular,1.0,https://tickets.cinema-city.pl/api/order/1613717?lang=pl,2026-08-11T08:59:04.770314
2026-08-11,cieszyn,Spider-Man: Całkiem nowy dzień,Cieszyn,20:30,2D,original,regular,1.0,https://tickets.cinema-city.pl/api/order/1609504?lang=pl,2026-08-11T08:59:04.770320
2026-08-11,cieszyn,Odyseja,Cieszyn,20:50,2D,original,regular,1.0,https://tickets.cinema-city.pl/api/order/1609629?lang=pl,2026-08-11T08:59:04.770327
2026-08-11,cieszyn,Spider-Man: Całkiem nowy dzień,Cieszyn,22:00,3D,original,regular,1.0,https://tickets.cinema-city.pl/api/order/1620822?lang=pl,2026-08-11T08:59:04.770332
2026-08-11,częstochowa,Psi patrol i dinozaury,Częstochowa - Galeria Jurajska,10:50,2D,,regular,1.0,https://tickets.cinema-city.pl/api/order/1612286?lang=pl,2026-08-11T08:59:06.208879
2026-08-11,częstochowa,Spider-Man: Całkiem nowy dzień,Częstochowa - Galeria Jurajska,11:10,3D,original,regular,1.0,https://tickets.cinema-city.pl/api/order/1614323?lang=pl,2026-08-11T08:59:06.208906
2026-08-11,częstochowa,Vaiana,Częstochowa - Galeria Jurajska,11:30,2D,original,regular,1.0,https://tickets.cinema-city.pl/api/order/1613458?lang=pl,2026-08-11T08:59:06.208913
2026-08-11,częstochowa,Spider-Man: Całkiem nowy dzień,Częstochowa - Galeria Jurajska,11:50,2D,original,regular,1.0,https://tickets.cinema-city.pl/api/order/1612109?lang=pl,2026-08-11T08:59:06.208921
2026-08-11,częstochowa,Psi patrol i dinozaury,Częstochowa - Galeria Jurajska,11:50,2D,,regular,1.0,https://tickets.cinema-city.pl/api/order/1613582?lang=pl,2026-08-11T08:59:06.208926
2026-08-11,częstochowa,Toy Story 5,Częstochowa - Galeria Jurajska,12:00,2D,original,regular,1.0,https://tickets.cinema-city.pl/api/order/1614594?lang=pl,2026-08-11T08:59:06.208935
2026-08-11,częstochowa,Ekipa zwierzaków,Częstochowa - Galeria Jurajska,12:40,2D,,regular,1.0,https://tickets.cinema-city.pl/api/order/1614911?lang=pl,2026-08-11T08:59:06.208942
2026-08-11,częstochowa,Psi patrol i dinozaury,Częstochowa - Galeria Jurajska,13:00,2D,,regular,1.0,https://tickets.cinema-city.pl/api/order/1612290?lang=pl,2026-08-11T08:59:06.208948
2026-08-11,częstochowa,Spider-Man: Całkiem nowy dzień,Częstochowa - Galeria Jurajska,13:40,2D,original,regular,1.0,https://tickets.cinema-city.pl/api/order/1613097?lang=pl,2026-08-11T08:59:06.208956
2026-08-11,częstochowa,Psi patrol i dinozaury,Częstochowa - Galeria Jurajska,14:00,2D,,regular,1.0,https://tickets.cinema-city.pl/api/order/1613586?lang=pl,2026-08-11T08:59:06.208961
2026-08-11,częstochowa,Minionki i straszydła,Częstochowa - Galeria Jurajska,14:15,2D,,regular,1.0,https://tickets.cinema-city.pl/api/order/1613464?lang=pl,2026-08-11T08:59:06.208969
2026-08-11,częstochowa,Spider-Man: Całkiem nowy dzień,Częstochowa - Galeria Jurajska,14:20,3D,original,regular,1.0,https://tickets.cinema-city.pl/api/order/1614320?lang=pl,2026-08-11T08:59:06.208974
2026-08-11,częstochowa,Odyseja,Częstochowa - Galeria Jurajska,14:30,2D,original,regular,1.0,https://tickets.cinema-city.pl/api/order/1614600?lang=pl,2026-08-11T08:59:06.208982
2026-08-11,częstochowa,Toy Story 5,Częstochowa - Galeria Jurajska,14:45,2D,original,regular,1.0,https://tickets.cinema-city.pl/api/order/1614917?lang=pl,2026-08-11T08:59:06.208988
2026-08-11,częstochowa,Spider-Man: Całkiem nowy dzień,Częstochowa - Galeria Jurajska,15:00,2D,original,regular,1.0,https://tickets.cinema-city.pl/api/order/1612115?lang=pl,2026-08-11T08:59:06.208995
2026-08-11,częstochowa,Psi patrol i dinozaury,Częstochowa - Galeria Jurajska,15:10,2D,,regular,1.0,https://tickets.cinema-city.pl/api/order/1612294?lang=pl,2026-08-11T08:59:06.209000
2026-08-11,częstochowa,Psi patrol i dinozaury,Częstochowa - Galeria Jurajska,16:10,2D,,regular,1.0,https://tickets.cinema-city.pl/api/order/1613590?lang=pl,2026-08-11T08:59:06.209005
2026-08-11,częstochowa,Ice Cream Man,Częstochowa - Galeria Jurajska,16:30,2D,original,regular,1.0,https://tickets.cinema-city.pl/api/order/1613470?lang=pl,2026-08-11T08:59:06.209012
2026-08-11,częstochowa,Spider-Man: Całkiem nowy dzień,Częstochowa - Galeria Jurajska,16:50,2D,original,regular,1.0,https://tickets.cinema-city.pl/api/order/1613103?lang=pl,2026-08-11T08:59:06.209018
2026-08-11,częstochowa,Minionki i straszydła,Częstochowa - Galeria Jurajska,17:10,2D,,regular,1.0,https://tickets.cinema-city.pl/api/order/1614923?lang=pl,2026-08-11T08:59:06.209024
2026-08-11,częstochowa,Psi patrol i dinozaury,Częstochowa - Galeria Jurajska,17:20,2D,,regular,1.0,https://tickets.cinema-city.pl/api/order/1612298?lang=pl,2026-08-11T08:59:06.209029
2026-08-11,częstochowa,Spider-Man: Całkiem nowy dzień,Częstochowa - Galeria Jurajska,17:30,3D,original,regular,1.0,https://tickets.cinema-city.pl/api/order/1614317?lang=pl,2026-08-11T08:59:06.209035
2026-08-11,częstochowa,Odyseja,Częstochowa - Galeria Jurajska,18:00,2D,original,regular,1.0,https://tickets.cinema-city.pl/api/order/1614606?lang=pl,2026-08-11T08:59:06.209041
2026-08-11,częstochowa,Spider-Man: Całkiem nowy dzień,Częstochowa - Galeria Jurajska,18:10,2D,original,regular,1.0,https://tickets.cinema-city.pl/api/order/1612121?lang=pl,2026-08-11T08:59:06.209047
2026-08-11,częstochowa,Psi patrol i dinozaury,Częstochowa - Galeria Jurajska,18:20,2D,,regular,1.0,https://tickets.cinema-city.pl/api/order/1613594?lang=pl,2026-08-11T08:59:06.209052
2026-08-11,częstochowa,Ice Cream Man,Częstochowa - Galeria Jurajska,19:00,2D,original,regular,1.0,https://tickets.cinema-city.pl/api/order/1613476?lang=pl,2026-08-11T08:59:06.209058
2026-08-11,częstochowa,Pejzaż w kolorze sepii,Częstochowa - Galeria Jurajska,19:15,2D,original,regular,1.0,https://tickets.cinema-city.pl/api/order/1614929?lang=pl,2026-08-11T08:59:06.209064
2026-08-11,częstochowa,Psi patrol i dinozaury,Częstochowa - Galeria Jurajska,19:30,2D,,regular,1.0,https://tickets.cinema-city.pl/api/order/1612302?lang=pl,2026-08-11T08:59:06.209070
2026-08-11,częstochowa,Spider-Man: Całkiem nowy dzień,Częstochowa - Galeria Jurajska,20:00,2D,original,regular,1.0,https://tickets.cinema-city.pl/api/order/1613109?lang=pl,2026-08-11T08:59:06.209076
2026-08-11,częstochowa,Odyseja,Częstochowa - Galeria Jurajska,20:30,2D,original,regular,1.0,https://tickets.cinema-city.pl/api/order/1613598?lang=pl,2026-08-11T08:59:06.209082
2026-08-11,częstochowa,Spider-Man: Całkiem nowy dzień,Częstochowa - Galeria Jurajska,20:40,3D,original,regular,1.0,https://tickets.cinema-city.pl/api/order/1614314?lang=pl,2026-08-11T08:59:06.209087
2026-08-11,częstochowa,Spider-Man: Całkiem nowy dzień,Częstochowa - Galeria Jurajska,21:20,2D,original,regular,1.0,https://tickets.cinema-city.pl/api/order/1612127?lang=pl,2026-08-11T08:59:06.209094
2026-08-11,częstochowa,Ice Cream Man,Częstochowa - Galeria Jurajska,21:30,2D,original,regular,1.0,https://tickets.cinema-city.pl/api/order/1613482?lang=pl,2026-08-11T08:59:06.209099
2026-08-11,częstochowa,Backrooms. Bez wyjścia - wersja rozszerzona,Częstochowa - Galeria Jurajska,21:40,2D,original,regular,1.0,https://tickets.cinema-city.pl/api/order/1614612?lang=pl,2026-08-11T08:59:06.209106
2026-08-11,częstochowa,Martwe zło: Ogień,Częstochowa - Galeria Jurajska,21:50,2D,original,regular,1.0,https://tickets.cinema-city.pl/api/order/1612306?lang=pl,2026-08-11T08:59:06.209113
2026-08-11,częstochowa,Obsesja,Częstochowa - Galeria Jurajska,22:00,2D,original,regular,1.0,https://tickets.cinema-city.pl/api/order/1614935?lang=pl,2026-08-11T08:59:06.209118
2026-08-11,częstochowa,Spider-Man: Całkiem nowy dzień,Częstochowa - Wolność,11:00,2D,original,regular,1.0,https://tickets.cinema-city.pl/api/order/1611313?lang=pl,2026-08-11T08:59:08.170600
2026-08-11,częstochowa,Psi patrol i dinozaury,Częstochowa - Wolność,11:20,2D,,regular,1.0,https://tickets.cinema-city.pl/api/order/1611402?lang=pl,2026-08-11T08:59:08.170624
2026-08-11,częstochowa,Spider-Man: Całkiem nowy dzień,Częstochowa - Wolność,11:50,2D,original,regular,1.0,https://tickets.cinema-city.pl/api/order/1611244?lang=pl,2026-08-11T08:59:08.170632
2026-08-11,częstochowa,Odyseja,Częstochowa - Wolność,12:00,2D,original,regular,1.0,https://tickets.cinema-city.pl/api/order/1612432?lang=pl,2026-08-11T08:59:08.170640
2026-08-11,częstochowa,Psi patrol i dinozaury,Częstochowa - Wolność,12:30,2D,,regular,1.0,https://tickets.cinema-city.pl/api/order/1611168?lang=pl,2026-08-11T08:59:08.170652
2026-08-11,częstochowa,Spider-Man: Całkiem nowy dzień,Częstochowa - Wolność,12:40,2D,original,regular,1.0,https://tickets.cinema-city.pl/api/order/1610231?lang=pl,2026-08-11T08:59:08.170659
2026-08-11,częstochowa,Minionki i straszydła,Częstochowa - Wolność,13:00,2D,,regular,1.0,https://tickets.cinema-city.pl/api/order/1611111?lang=pl,2026-08-11T08:59:08.170667
2026-08-11,częstochowa,Vaiana,Częstochowa - Wolność,13:20,2D,original,regular,1.0,https://tickets.cinema-city.pl/api/order/1610615?lang=pl,2026-08-11T08:59:08.170675
2026-08-11,częstochowa,Psi patrol i dinozaury,Częstochowa - Wolność,13:30,2D,,regular,1.0,https://tickets.cinema-city.pl/api/order/1611407?lang=pl,2026-08-11T08:59:08.170681
2026-08-11,częstochowa,Spider-Man: Całkiem nowy dzień,Częstochowa - Wolność,14:10,2D,original,regular,1.0,https://tickets.cinema-city.pl/api/order/1611318?lang=pl,2026-08-11T08:59:08.170689
2026-08-11,częstochowa,Psi patrol i dinozaury,Częstochowa - Wolność,14:40,2D,,regular,1.0,https://tickets.cinema-city.pl/api/order/1611173?lang=pl,2026-08-11T08:59:08.170695
2026-08-11,częstochowa,Spider-Man: Całkiem nowy dzień,Częstochowa - Wolność,15:00,3D,original,regular,1.0,https://tickets.cinema-city.pl/api/order/1611239?lang=pl,2026-08-11T08:59:08.170701
2026-08-11,częstochowa,Toy Story 5,Częstochowa - Wolność,15:10,2D,original,regular,1.0,https://tickets.cinema-city.pl/api/order/1611106?lang=pl,2026-08-11T08:59:08.170710
2026-08-11,częstochowa,Odyseja,Częstochowa - Wolność,15:30,2D,original,regular,1.0,https://tickets.cinema-city.pl/api/order/1612437?lang=pl,2026-08-11T08:59:08.170717
2026-08-11,częstochowa,Psi patrol i dinozaury,Częstochowa - Wolność,15:40,2D,,regular,1.0,https://tickets.cinema-city.pl/api/order/1611412?lang=pl,2026-08-11T08:59:08.170724
2026-08-11,częstochowa,Spider-Man: Całkiem nowy dzień,Częstochowa - Wolność,15:50,2D,original,regular,1.0,https://tickets.cinema-city.pl/api/order/1610237?lang=pl,2026-08-11T08:59:08.170732
2026-08-11,częstochowa,Vaiana,Częstochowa - Wolność,16:00,2D,original,regular,1.0,https://tickets.cinema-city.pl/api/order/1610657?lang=pl,2026-08-11T08:59:08.170738
2026-08-11,częstochowa,Psi patrol i dinozaury,Częstochowa - Wolność,16:50,2D,,regular,1.0,https://tickets.cinema-city.pl/api/order/1611178?lang=pl,2026-08-11T08:59:08.170745
2026-08-11,częstochowa,Spider-Man: Całkiem nowy dzień,Częstochowa - Wolność,17:20,2D,original,regular,1.0,https://tickets.cinema-city.pl/api/order/1611323?lang=pl,2026-08-11T08:59:08.170751
2026-08-11,częstochowa,Ice Cream Man,Częstochowa - Wolność,17:30,2D,original,regular,1.0,https://tickets.cinema-city.pl/api/order/1611116?lang=pl,2026-08-11T08:59:08.170758
2026-08-11,częstochowa,Psi patrol i dinozaury,Częstochowa - Wolność,17:50,2D,,regular,1.0,https://tickets.cinema-city.pl/api/order/1611417?lang=pl,2026-08-11T08:59:08.170765
2026-08-11,częstochowa,Spider-Man: Całkiem nowy dzień,Częstochowa - Wolność,18:10,2D,original,regular,1.0,https://tickets.cinema-city.pl/api/order/1611249?lang=pl,2026-08-11T08:59:08.170772
2026-08-11,częstochowa,Minionki i straszydła,Częstochowa - Wolność,18:40,2D,,regular,1.0,https://tickets.cinema-city.pl/api/order/1610625?lang=pl,2026-08-11T08:59:08.170779
2026-08-11,częstochowa,UL - Historie równoległe,Częstochowa - Wolność,19:00,2D,original,regular,1.0,https://tickets.cinema-city.pl/api/order/1581026?lang=pl,2026-08-11T08:59:08.170788
2026-08-11,częstochowa,Spider-Man: Całkiem nowy dzień,Częstochowa - Wolność,19:00,2D,original,regular,1.0,https://tickets.cinema-city.pl/api/order/1610243?lang=pl,2026-08-11T08:59:08.170794
2026-08-11,częstochowa,Psi patrol i dinozaury,Częstochowa - Wolność,19:10,2D,,regular,1.0,https://tickets.cinema-city.pl/api/order/1612476?lang=pl,2026-08-11T08:59:08.170801
2026-08-11,częstochowa,Ice Cream Man,Częstochowa - Wolność,20:00,2D,original,regular,1.0,https://tickets.cinema-city.pl/api/order/1611121?lang=pl,2026-08-11T08:59:08.170808
2026-08-11,częstochowa,Odyseja,Częstochowa - Wolność,20:00,2D,original,regular,1.0,https://tickets.cinema-city.pl/api/order/1611473?lang=pl,2026-08-11T08:59:08.170814
2026-08-11,częstochowa,Spider-Man: Całkiem nowy dzień,Częstochowa - Wolność,20:30,2D,original,regular,1.0,https://tickets.cinema-city.pl/api/order/1611328?lang=pl,2026-08-11T08:59:08.170821
2026-08-11,częstochowa,Obsesja,Częstochowa - Wolność,20:50,2D,original,regular,1.0,https://tickets.cinema-city.pl/api/order/1610630?lang=pl,2026-08-11T08:59:08.170827
2026-08-11,częstochowa,Spider-Man: Całkiem nowy dzień,Częstochowa - Wolność,21:20,2D,original,regular,1.0,https://tickets.cinema-city.pl/api/order/1611254?lang=pl,2026-08-11T08:59:08.170834
2026-08-11,częstochowa,Backrooms. Bez wyjścia - wersja rozszerzona,Częstochowa - Wolność,21:30,2D,original,regular,1.0,https://tickets.cinema-city.pl/api/order/1612484?lang=pl,2026-08-11T08:59:08.170842
2026-08-11,częstochowa,Spider-Man: Całkiem nowy dzień,Częstochowa - Wolność,22:00,2D,original,regular,1.0,https://tickets.cinema-city.pl/api/order/1620698?lang=pl,2026-08-11T08:59:08.170849
2026-08-11,częstochowa,Spider-Man: Całkiem nowy dzień,Częstochowa - Wolność,22:10,2D,original,regular,1.0,https://tickets.cinema-city.pl/api/order/1610249?lang=pl,2026-08-11T08:59:08.170856
2026-08-11,częstochowa,Ice Cream Man,Częstochowa - Wolność,22:30,2D,original,regular,1.0,https://tickets.cinema-city.pl/api/order/1611126?lang=pl,2026-08-11T08:59:08.170862
2026-08-11,elbląg,Minionki i straszydła,Elbląg,10:50,2D,,regular,1.0,https://tickets.cinema-city.pl/api/order/1617341?lang=pl,2026-08-11T08:59:09.690543
2026-08-11,elbląg,Psi patrol i dinozaury,Elbląg,12:10,2D,,regular,1.0,https://tickets.cinema-city.pl/api/order/1616570?lang=pl,2026-08-11T08:59:09.690564
2026-08-11,elbląg,Vaiana,Elbląg,12:40,2D,original,regular,1.0,https://tickets.cinema-city.pl/api/order/1616767?lang=pl,2026-08-11T08:59:09.690572
2026-08-11,elbląg,Spider-Man: Całkiem nowy dzień,Elbląg,12:40,3D,original,regular,1.0,https://tickets.cinema-city.pl/api/order/1617530?lang=pl,2026-08-11T08:59:09.690580
2026-08-11,elbląg,Minionki i straszydła,Elbląg,13:00,2D,,regular,1.0,https://tickets.cinema-city.pl/api/order/1617344?lang=pl,2026-08-11T08:59:09.690586
2026-08-11,elbląg,Spider-Man: Całkiem nowy dzień,Elbląg,13:50,2D,original,regular,1.0,https://tickets.cinema-city.pl/api/order/1617332?lang=pl,2026-08-11T08:59:09.690593
2026-08-11,elbląg,Odyseja,Elbląg,14:10,2D,original,regular,1.0,https://tickets.cinema-city.pl/api/order/1615604?lang=pl,2026-08-11T08:59:09.690600
2026-08-11,elbląg,Psi patrol i dinozaury,Elbląg,14:20,2D,,regular,1.0,https://tickets.cinema-city.pl/api/order/1616574?lang=pl,2026-08-11T08:59:09.690606
2026-08-11,elbląg,Minionki i straszydła,Elbląg,15:00,2D,,regular,1.0,https://tickets.cinema-city.pl/api/order/1617347?lang=pl,2026-08-11T08:59:09.690611
2026-08-11,elbląg,Spider-Man: Całkiem nowy dzień,Elbląg,15:20,2D,original,regular,1.0,https://tickets.cinema-city.pl/api/order/1616771?lang=pl,2026-08-11T08:59:09.690617
2026-08-11,elbląg,Spider-Man: Całkiem nowy dzień,Elbląg,15:50,3D,original,regular,1.0,https://tickets.cinema-city.pl/api/order/1617563?lang=pl,2026-08-11T08:59:09.690622
2026-08-11,elbląg,Psi patrol i dinozaury,Elbląg,16:30,2D,,regular,1.0,https://tickets.cinema-city.pl/api/order/1616578?lang=pl,2026-08-11T08:59:09.690627
2026-08-11,elbląg,Spider-Man: Całkiem nowy dzień,Elbląg,17:00,2D,original,regular,1.0,https://tickets.cinema-city.pl/api/order/1617335?lang=pl,2026-08-11T08:59:09.690634
2026-08-11,elbląg,Ice Cream Man,Elbląg,17:10,2D,original,regular,1.0,https://tickets.cinema-city.pl/api/order/1617350?lang=pl,2026-08-11T08:59:09.690640
2026-08-11,elbląg,Odyseja,Elbląg,17:50,2D,original,regular,1.0,https://tickets.cinema-city.pl/api/order/1615610?lang=pl,2026-08-11T08:59:09.690646
2026-08-11,elbląg,Spider-Man: Całkiem nowy dzień,Elbląg,18:30,2D,original,regular,1.0,https://tickets.cinema-city.pl/api/order/1616777?lang=pl,2026-08-11T08:59:09.690651
2026-08-11,elbląg,Psi patrol i dinozaury,Elbląg,18:40,2D,,regular,1.0,https://tickets.cinema-city.pl/api/order/1616582?lang=pl,2026-08-11T08:59:09.690656
2026-08-11,elbląg,UL - Historie równoległe,Elbląg,19:00,2D,original,regular,1.0,https://tickets.cinema-city.pl/api/order/1581013?lang=pl,2026-08-11T08:59:09.690664
2026-08-11,elbląg,Spider-Man: Całkiem nowy dzień,Elbląg,19:40,2D,original,regular,1.0,https://tickets.cinema-city.pl/api/order/1617353?lang=pl,2026-08-11T08:59:09.690670
2026-08-11,elbląg,Spider-Man: Całkiem nowy dzień,Elbląg,20:20,2D,original,regular,1.0,https://tickets.cinema-city.pl/api/order/1617338?lang=pl,2026-08-11T08:59:09.690676
2026-08-11,elbląg,Backrooms. Bez wyjścia,Elbląg,21:00,2D,original,regular,1.0,https://tickets.cinema-city.pl/api/order/1616587?lang=pl,2026-08-11T08:59:09.690683
2026-08-11,elbląg,Odyseja,Elbląg,21:30,2D,original,regular,1.0,https://tickets.cinema-city.pl/api/order/1615616?lang=pl,2026-08-11T08:59:09.690688
2026-08-11,elbląg,Ice Cream Man,Elbląg,21:40,2D,original,regular,1.0,https://tickets.cinema-city.pl/api/order/1616782?lang=pl,2026-08-11T08:59:09.690694
2026-08-11,elbląg,Spider-Man: Całkiem nowy dzień,Elbląg,22:00,2D,original,regular,1.0,https://tickets.cinema-city.pl/api/order/1617631?lang=pl,2026-08-11T08:59:09.690700
2026-08-11,gliwice,Minionki i straszydła,Gliwice,10:50,2D,,regular,1.0,https://tickets.cinema-city.pl/api/order/1618794?lang=pl,2026-08-11T08:59:11.620804
2026-08-11,gliwice,Psi patrol i dinozaury,Gliwice,11:00,2D,,regular,1.0,https://tickets.cinema-city.pl/api/order/1616818?lang=pl,2026-08-11T08:59:11.620827
2026-08-11,gliwice,Odyseja,Gliwice,11:00,2D,original,regular,1.0,https://tickets.cinema-city.pl/api/order/1618770?lang=pl,2026-08-11T08:59:11.620836
2026-08-11,gliwice,Spider-Man: Całkiem nowy dzień,Gliwice,11:10,2D,original,regular,1.0,https://tickets.cinema-city.pl/api/order/1618924?lang=pl,2026-08-11T08:59:11.620845
2026-08-11,gliwice,Toy Story 5,Gliwice,11:20,2D,original,regular,1.0,https://tickets.cinema-city.pl/api/order/1619464?lang=pl,2026-08-11T08:59:11.620853
2026-08-11,gliwice,Minionki i straszydła,Gliwice,12:10,2D,,regular,1.0,https://tickets.cinema-city.pl/api/order/1618656?lang=pl,2026-08-11T08:59:11.620860
2026-08-11,gliwice,Spider-Man: Całkiem nowy dzień,Gliwice,12:10,2D,original,regular,1.0,https://tickets.cinema-city.pl/api/order/1618728?lang=pl,2026-08-11T08:59:11.620867
2026-08-11,gliwice,Góra mocy LEKTOR,Gliwice,12:20,2D,,regular,1.0,https://tickets.cinema-city.pl/api/order/1618752?lang=pl,2026-08-11T08:59:11.620875
2026-08-11,gliwice,Vaiana,Gliwice,12:30,2D,original,regular,1.0,https://tickets.cinema-city.pl/api/order/1618608?lang=pl,2026-08-11T08:59:11.620882
2026-08-11,gliwice,Ekipa zwierzaków,Gliwice,12:30,2D,,regular,1.0,https://tickets.cinema-city.pl/api/order/1618758?lang=pl,2026-08-11T08:59:11.620890
2026-08-11,gliwice,Psi patrol i dinozaury,Gliwice,12:30,2D,,regular,1.0,https://tickets.cinema-city.pl/api/order/1619495?lang=pl,2026-08-11T08:59:11.620897
2026-08-11,gliwice,Minionki i straszydła,Gliwice,13:00,2D,,regular,1.0,https://tickets.cinema-city.pl/api/order/1618704?lang=pl,2026-08-11T08:59:11.620904
2026-08-11,gliwice,Spider-Man: Całkiem nowy dzień,Gliwice,13:05,2D,original,regular,1.0,https://tickets.cinema-city.pl/api/order/1616796?lang=pl,2026-08-11T08:59:11.620912
2026-08-11,gliwice,Psi patrol i dinozaury,Gliwice,13:10,2D,,regular,1.0,https://tickets.cinema-city.pl/api/order/1616822?lang=pl,2026-08-11T08:59:11.620918
2026-08-11,gliwice,Toy Story 5,Gliwice,13:40,2D,original,regular,1.0,https://tickets.cinema-city.pl/api/order/1619466?lang=pl,2026-08-11T08:59:11.620925
2026-08-11,gliwice,Odyseja,Gliwice,13:45,2D,original,regular,1.0,https://tickets.cinema-city.pl/api/order/1619619?lang=pl,2026-08-11T08:59:11.620932
2026-08-11,gliwice,Minionki i straszydła,Gliwice,14:20,2D,,regular,1.0,https://tickets.cinema-city.pl/api/order/1618674?lang=pl,2026-08-11T08:59:11.620939
2026-08-11,gliwice,Spider-Man: Całkiem nowy dzień,Gliwice,14:20,2D,original,regular,1.0,https://tickets.cinema-city.pl/api/order/1618927?lang=pl,2026-08-11T08:59:11.620945
2026-08-11,gliwice,Spider-Man: Całkiem nowy dzień,Gliwice,14:30,3D,original,regular,1.0,https://tickets.cinema-city.pl/api/order/1618589?lang=pl,2026-08-11T08:59:11.620952
2026-08-11,gliwice,Góra mocy,Gliwice,14:40,2D,original,regular,1.0,https://tickets.cinema-city.pl/api/order/1618632?lang=pl,2026-08-11T08:59:11.620959
2026-08-11,gliwice,Psi patrol i dinozaury,Gliwice,14:40,2D,,regular,1.0,https://tickets.cinema-city.pl/api/order/1619499?lang=pl,2026-08-11T08:59:11.620966
2026-08-11,gliwice,Odyseja,Gliwice,14:45,2D,original,regular,1.0,https://tickets.cinema-city.pl/api/order/1618776?lang=pl,2026-08-11T08:59:11.620972
2026-08-11,gliwice,Ice Cream Man,Gliwice,15:00,2D,original,regular,1.0,https://tickets.cinema-city.pl/api/order/1618614?lang=pl,2026-08-11T08:59:11.620979
2026-08-11,gliwice,Vaiana,Gliwice,15:10,2D,original,regular,1.0,https://tickets.cinema-city.pl/api/order/1618710?lang=pl,2026-08-11T08:59:11.620986
2026-08-11,gliwice,Psi patrol i dinozaury,Gliwice,15:20,2D,,regular,1.0,https://tickets.cinema-city.pl/api/order/1616826?lang=pl,2026-08-11T08:59:11.620992
2026-08-11,gliwice,Spider-Man: Całkiem nowy dzień,Gliwice,15:20,2D,original,regular,1.0,https://tickets.cinema-city.pl/api/order/1618734?lang=pl,2026-08-11T08:59:11.620999
2026-08-11,gliwice,Spider-Man: Całkiem nowy dzień,Gliwice,16:00,2D,original,regular,1.0,https://tickets.cinema-city.pl/api/order/1619472?lang=pl,2026-08-11T08:59:11.621006
2026-08-11,gliwice,Spider-Man: Całkiem nowy dzień,Gliwice,16:15,2D,original,regular,1.0,https://tickets.cinema-city.pl/api/order/1616802?lang=pl,2026-08-11T08:59:11.621013
2026-08-11,gliwice,Minionki i straszydła,Gliwice,16:30,2D,,regular,1.0,https://tickets.cinema-city.pl/api/order/1618680?lang=pl,2026-08-11T08:59:11.621020
2026-08-11,gliwice,Psi patrol i dinozaury,Gliwice,16:50,2D,,regular,1.0,https://tickets.cinema-city.pl/api/order/1619503?lang=pl,2026-08-11T08:59:11.621026
2026-08-11,gliwice,Pejzaż w kolorze sepii,Gliwice,17:00,2D,original,regular,1.0,https://tickets.cinema-city.pl/api/order/1618638?lang=pl,2026-08-11T08:59:11.621033
2026-08-11,gliwice,Ice Cream Man,Gliwice,17:25,2D,original,regular,1.0,https://tickets.cinema-city.pl/api/order/1618620?lang=pl,2026-08-11T08:59:11.621039
2026-08-11,gliwice,Psi patrol i dinozaury,Gliwice,17:30,2D,,regular,1.0,https://tickets.cinema-city.pl/api/order/1616830?lang=pl,2026-08-11T08:59:11.621045
2026-08-11,gliwice,Spider-Man: Całkiem nowy dzień,Gliwice,17:30,2D,original,regular,1.0,https://tickets.cinema-city.pl/api/order/1618930?lang=pl,2026-08-11T08:59:11.621052
2026-08-11,gliwice,Odyseja,Gliwice,17:30,2D,original,regular,1.0,https://tickets.cinema-city.pl/api/order/1619621?lang=pl,2026-08-11T08:59:11.621059
2026-08-11,gliwice,Spider-Man: Całkiem nowy dzień,Gliwice,17:40,3D,original,regular,1.0,https://tickets.cinema-city.pl/api/order/1618583?lang=pl,2026-08-11T08:59:11.621065
2026-08-11,gliwice,Backrooms. Bez wyjścia - wersja rozszerzona,Gliwice,18:00,2D,original,regular,1.0,https://tickets.cinema-city.pl/api/order/1618716?lang=pl,2026-08-11T08:59:11.621073
2026-08-11,gliwice,Gorzkie święta,Gliwice,18:30,2D,original,regular,1.0,https://tickets.cinema-city.pl/api/order/1618686?lang=pl,2026-08-11T08:59:11.621080
2026-08-11,gliwice,Spider-Man: Całkiem nowy dzień,Gliwice,18:30,2D,original,regular,1.0,https://tickets.cinema-city.pl/api/order/1618740?lang=pl,2026-08-11T08:59:11.621087
2026-08-11,gliwice,Odyseja,Gliwice,18:30,2D,original,regular,1.0,https://tickets.cinema-city.pl/api/order/1618782?lang=pl,2026-08-11T08:59:11.621093
2026-08-11,gliwice,UL - Historie równoległe,Gliwice,19:00,2D,original,regular,1.0,https://tickets.cinema-city.pl/api/order/1581020?lang=pl,2026-08-11T08:59:11.621102
2026-08-11,gliwice,Psi patrol i dinozaury,Gliwice,19:00,2D,,regular,1.0,https://tickets.cinema-city.pl/api/order/1619507?lang=pl,2026-08-11T08:59:11.621108
2026-08-11,gliwice,Spider-Man: Całkiem nowy dzień,Gliwice,19:25,2D,original,regular,1.0,https://tickets.cinema-city.pl/api/order/1616808?lang=pl,2026-08-11T08:59:11.621115
2026-08-11,gliwice,Spider-Man: Całkiem nowy dzień,Gliwice,19:40,2D,original,regular,1.0,https://tickets.cinema-city.pl/api/order/1620840?lang=pl,2026-08-11T08:59:11.621122
2026-08-11,gliwice,Kandydaci śmierci,Gliwice,19:50,2D,original,regular,1.0,https://tickets.cinema-city.pl/api/order/1618595?lang=pl,2026-08-11T08:59:11.621129
2026-08-11,gliwice,Ice Cream Man,Gliwice,19:50,2D,original,regular,1.0,https://tickets.cinema-city.pl/api/order/1618626?lang=pl,2026-08-11T08:59:11.621135
2026-08-11,gliwice,Spider-Man: Całkiem nowy dzień,Gliwice,20:30,2D,original,regular,1.0,https://tickets.cinema-city.pl/api/order/1618933?lang=pl,2026-08-11T08:59:11.621141
2026-08-11,gliwice,Odyseja,Gliwice,20:45,2D,original,regular,1.0,https://tickets.cinema-city.pl/api/order/1618764?lang=pl,2026-08-11T08:59:11.621148
2026-08-11,gliwice,Zaproszenie,Gliwice,21:00,2D,original,regular,1.0,https://tickets.cinema-city.pl/api/order/1618692?lang=pl,2026-08-11T08:59:11.621155
2026-08-11,gliwice,Obsesja,Gliwice,21:00,2D,original,regular,1.0,https://tickets.cinema-city.pl/api/order/1618722?lang=pl,2026-08-11T08:59:11.621162
2026-08-11,gliwice,Spider-Man: Całkiem nowy dzień,Gliwice,21:10,2D,original,regular,1.0,https://tickets.cinema-city.pl/api/order/1619513?lang=pl,2026-08-11T08:59:11.621169
2026-08-11,gliwice,Odyseja,Gliwice,21:15,2D,original,regular,1.0,https://tickets.cinema-city.pl/api/order/1619622?lang=pl,2026-08-11T08:59:11.621176
2026-08-11,gliwice,Spider-Man: Całkiem nowy dzień,Gliwice,21:40,2D,original,regular,1.0,https://tickets.cinema-city.pl/api/order/1618746?lang=pl,2026-08-11T08:59:11.621182
2026-08-11,gliwice,Odyseja,Gliwice,22:00,2D,original,regular,1.0,https://tickets.cinema-city.pl/api/order/1618788?lang=pl,2026-08-11T08:59:11.621189
2026-08-11,gliwice,Spider-Man: Całkiem nowy dzień,Gliwice,22:00,2D,original,regular,1.0,https://tickets.cinema-city.pl/api/order/1619475?lang=pl,2026-08-11T08:59:11.621195
2026-08-11,gliwice,Martwe zło: Ogień,Gliwice,22:15,2D,original,regular,1.0,https://tickets.cinema-city.pl/api/order/1618662?lang=pl,2026-08-11T08:59:11.621202
2026-08-11,gliwice,Ice Cream Man,Gliwice,22:15,2D,original,regular,1.0,https://tickets.cinema-city.pl/api/order/1618668?lang=pl,2026-08-11T08:59:11.621208
2026-08-11,gliwice,Spider-Man: Całkiem nowy dzień,Gliwice,22:30,2D,original,regular,1.0,https://tickets.cinema-city.pl/api/order/1616814?lang=pl,2026-08-11T08:59:11.621215
2026-08-11,gliwice,Backrooms. Bez wyjścia,Gliwice,22:35,2D,original,regular,1.0,https://tickets.cinema-city.pl/api/order/1616840?lang=pl,2026-08-11T08:59:11.621223
2026-08-11,katowice,Psi patrol i dinozaury,Katowice - Punkt 44,10:45,2D,,regular,1.0,https://tickets.cinema-city.pl/api/order/1617147?lang=pl,2026-08-11T08:59:13.207111
2026-08-11,katowice,Spider-Man: Całkiem nowy dzień,Katowice - Punkt 44,10:50,2D,original,regular,1.0,https://tickets.cinema-city.pl/api/order/1616243?lang=pl,2026-08-11T08:59:13.207138
2026-08-11,katowice,Minionki i straszydła,Katowice - Punkt 44,10:50,2D,,regular,1.0,https://tickets.cinema-city.pl/api/order/1616290?lang=pl,2026-08-11T08:59:13.207146
2026-08-11,katowice,Psi patrol i dinozaury,Katowice - Punkt 44,11:20,2D,,regular,1.0,https://tickets.cinema-city.pl/api/order/1616419?lang=pl,2026-08-11T08:59:13.207152
2026-08-11,katowice,Góra mocy LEKTOR,Katowice - Punkt 44,12:10,2D,,regular,1.0,https://tickets.cinema-city.pl/api/order/1616383?lang=pl,2026-08-11T08:59:13.207159
2026-08-11,katowice,Spider-Man: Całkiem nowy dzień,Katowice - Punkt 44,12:10,2D,original,regular,1.0,https://tickets.cinema-city.pl/api/order/1616443?lang=pl,2026-08-11T08:59:13.207166
2026-08-11,katowice,Minionki i straszydła,Katowice - Punkt 44,12:20,2D,,regular,1.0,https://tickets.cinema-city.pl/api/order/1617157?lang=pl,2026-08-11T08:59:13.207172
2026-08-11,katowice,Toy Story 5,Katowice - Punkt 44,12:30,2D,original,regular,1.0,https://tickets.cinema-city.pl/api/order/1616213?lang=pl,2026-08-11T08:59:13.207180
2026-08-11,katowice,Psi patrol i dinozaury,Katowice - Punkt 44,12:30,2D,,regular,1.0,https://tickets.cinema-city.pl/api/order/1616363?lang=pl,2026-08-11T08:59:13.207185
2026-08-11,katowice,Spider-Man: Całkiem nowy dzień,Katowice - Punkt 44,13:00,2D,original,regular,1.0,https://tickets.cinema-city.pl/api/order/1616267?lang=pl,2026-08-11T08:59:13.207192
2026-08-11,katowice,Minionki i straszydła,Katowice - Punkt 44,13:00,2D,,regular,1.0,https://tickets.cinema-city.pl/api/order/1616296?lang=pl,2026-08-11T08:59:13.207198
2026-08-11,katowice,Ice Cream Man,Katowice - Punkt 44,13:00,2D,original,regular,1.0,https://tickets.cinema-city.pl/api/order/1617127?lang=pl,2026-08-11T08:59:13.207205
2026-08-11,katowice,Vaiana,Katowice - Punkt 44,13:10,2D,original,regular,1.0,https://tickets.cinema-city.pl/api/order/1616332?lang=pl,2026-08-11T08:59:13.207212
2026-08-11,katowice,Psi patrol i dinozaury,Katowice - Punkt 44,13:30,2D,,regular,1.0,https://tickets.cinema-city.pl/api/order/1616344?lang=pl,2026-08-11T08:59:13.207217
2026-08-11,katowice,Spider-Man: Całkiem nowy dzień,Katowice - Punkt 44,13:40,2D,original,regular,1.0,https://tickets.cinema-city.pl/api/order/1616189?lang=pl,2026-08-11T08:59:13.207224
2026-08-11,katowice,Spider-Man: Całkiem nowy dzień,Katowice - Punkt 44,14:00,2D,original,regular,1.0,https://tickets.cinema-city.pl/api/order/1616237?lang=pl,2026-08-11T08:59:13.207231
2026-08-11,katowice,Odyseja,Katowice - Punkt 44,14:10,2D,original,regular,1.0,https://tickets.cinema-city.pl/api/order/1616400?lang=pl,2026-08-11T08:59:13.207237
2026-08-11,katowice,Odyseja,Katowice - Punkt 44,14:15,IMAX,original,regular,1.0,https://tickets.cinema-city.pl/api/order/1608813?lang=pl,2026-08-11T08:59:13.207242
2026-08-11,katowice,Minionki i straszydła,Katowice - Punkt 44,14:20,2D,,regular,1.0,https://tickets.cinema-city.pl/api/order/1617162?lang=pl,2026-08-11T08:59:13.207247
2026-08-11,katowice,Spider-Man: Całkiem nowy dzień,Katowice - Punkt 44,14:30,3D,original,regular,1.0,https://tickets.cinema-city.pl/api/order/1616171?lang=pl,2026-08-11T08:59:13.207253
2026-08-11,katowice,Psi patrol i dinozaury,Katowice - Punkt 44,14:40,2D,,regular,1.0,https://tickets.cinema-city.pl/api/order/1616366?lang=pl,2026-08-11T08:59:13.207258
2026-08-11,katowice,Toy Story 5,Katowice - Punkt 44,14:50,2D,original,regular,1.0,https://tickets.cinema-city.pl/api/order/1616201?lang=pl,2026-08-11T08:59:13.207265
2026-08-11,katowice,Minionki i straszydła,Katowice - Punkt 44,15:10,2D,,regular,1.0,https://tickets.cinema-city.pl/api/order/1616302?lang=pl,2026-08-11T08:59:13.207270
2026-08-11,katowice,Spider-Man: Całkiem nowy dzień,Katowice - Punkt 44,15:20,2D,original,regular,1.0,https://tickets.cinema-city.pl/api/order/1616389?lang=pl,2026-08-11T08:59:13.207276
2026-08-11,katowice,Ice Cream Man,Katowice - Punkt 44,15:30,2D,original,regular,1.0,https://tickets.cinema-city.pl/api/order/1617132?lang=pl,2026-08-11T08:59:13.207282
2026-08-11,katowice,Psi patrol i dinozaury,Katowice - Punkt 44,15:40,2D,,regular,1.0,https://tickets.cinema-city.pl/api/order/1616348?lang=pl,2026-08-11T08:59:13.207287
2026-08-11,katowice,Vaiana,Katowice - Punkt 44,15:50,2D,original,regular,1.0,https://tickets.cinema-city.pl/api/order/1616338?lang=pl,2026-08-11T08:59:13.207293
2026-08-11,katowice,Spider-Man: Całkiem nowy dzień,Katowice - Punkt 44,16:10,2D,original,regular,1.0,https://tickets.cinema-city.pl/api/order/1616425?lang=pl,2026-08-11T08:59:13.207299
2026-08-11,katowice,Spider-Man: Całkiem nowy dzień,Katowice - Punkt 44,16:20,2D,original,regular,1.0,https://tickets.cinema-city.pl/api/order/1617167?lang=pl,2026-08-11T08:59:13.207305
2026-08-11,katowice,Spider-Man: Całkiem nowy dzień,Katowice - Punkt 44,16:50,2D,original,regular,1.0,https://tickets.cinema-city.pl/api/order/1616183?lang=pl,2026-08-11T08:59:13.207311
2026-08-11,katowice,Psi patrol i dinozaury,Katowice - Punkt 44,16:50,2D,,regular,1.0,https://tickets.cinema-city.pl/api/order/1616369?lang=pl,2026-08-11T08:59:13.207317
2026-08-11,katowice,Spider-Man: Całkiem nowy dzień,Katowice - Punkt 44,17:10,2D,original,regular,1.0,https://tickets.cinema-city.pl/api/order/1616231?lang=pl,2026-08-11T08:59:13.207322
2026-08-11,katowice,Toy Story 5,Katowice - Punkt 44,17:10,2D,original,regular,1.0,https://tickets.cinema-city.pl/api/order/1616249?lang=pl,2026-08-11T08:59:13.207329
2026-08-11,katowice,Minionki i straszydła,Katowice - Punkt 44,17:20,2D,,regular,1.0,https://tickets.cinema-city.pl/api/order/1616284?lang=pl,2026-08-11T08:59:13.207334
2026-08-11,katowice,Spider-Man: Całkiem nowy dzień,Katowice - Punkt 44,17:40,3D,original,regular,1.0,https://tickets.cinema-city.pl/api/order/1616165?lang=pl,2026-08-11T08:59:13.207340
2026-08-11,katowice,Psi patrol i dinozaury,Katowice - Punkt 44,17:50,2D,,regular,1.0,https://tickets.cinema-city.pl/api/order/1616352?lang=pl,2026-08-11T08:59:13.207346
2026-08-11,katowice,Odyseja,Katowice - Punkt 44,17:50,2D,original,regular,1.0,https://tickets.cinema-city.pl/api/order/1616405?lang=pl,2026-08-11T08:59:13.207351
2026-08-11,katowice,Odyseja,Katowice - Punkt 44,18:00,IMAX,original,regular,1.0,https://tickets.cinema-city.pl/api/order/1608819?lang=pl,2026-08-11T08:59:13.207356
2026-08-11,katowice,Ice Cream Man,Katowice - Punkt 44,18:00,2D,original,regular,1.0,https://tickets.cinema-city.pl/api/order/1617137?lang=pl,2026-08-11T08:59:13.207361
2026-08-11,katowice,Backrooms. Bez wyjścia - wersja rozszerzona,Katowice - Punkt 44,18:20,2D,original,regular,1.0,https://tickets.cinema-city.pl/api/order/1616314?lang=pl,2026-08-11T08:59:13.207368
2026-08-11,katowice,Spider-Man: Całkiem nowy dzień,Katowice - Punkt 44,18:30,2D,original,regular,1.0,https://tickets.cinema-city.pl/api/order/1616207?lang=pl,2026-08-11T08:59:13.207374
2026-08-11,katowice,Psi patrol i dinozaury,Katowice - Punkt 44,19:00,2D,,regular,1.0,https://tickets.cinema-city.pl/api/order/1616372?lang=pl,2026-08-11T08:59:13.207379
2026-08-11,katowice,Dzień objawienia,Katowice - Punkt 44,19:20,2D,original,regular,1.0,https://tickets.cinema-city.pl/api/order/1616431?lang=pl,2026-08-11T08:59:13.207386
2026-08-11,katowice,Spider-Man: Całkiem nowy dzień,Katowice - Punkt 44,19:25,2D,original,regular,1.0,https://tickets.cinema-city.pl/api/order/1617172?lang=pl,2026-08-11T08:59:13.207392
2026-08-11,katowice,Odyseja,Katowice - Punkt 44,19:30,2D,original,regular,1.0,https://tickets.cinema-city.pl/api/order/1616308?lang=pl,2026-08-11T08:59:13.207397
2026-08-11,katowice,Zaproszenie,Katowice - Punkt 44,19:40,2D,original,regular,1.0,https://tickets.cinema-city.pl/api/order/1616255?lang=pl,2026-08-11T08:59:13.207404
2026-08-11,katowice,Spider-Man: Całkiem nowy dzień,Katowice - Punkt 44,20:00,2D,original,regular,1.0,https://tickets.cinema-city.pl/api/order/1616177?lang=pl,2026-08-11T08:59:13.207410
2026-08-11,katowice,Psi patrol i dinozaury,Katowice - Punkt 44,20:00,2D,,regular,1.0,https://tickets.cinema-city.pl/api/order/1616356?lang=pl,2026-08-11T08:59:13.207416
2026-08-11,katowice,Spider-Man: Całkiem nowy dzień,Katowice - Punkt 44,20:20,2D,original,regular,1.0,https://tickets.cinema-city.pl/api/order/1616225?lang=pl,2026-08-11T08:59:13.207421
2026-08-11,katowice,Ice Cream Man,Katowice - Punkt 44,20:40,2D,original,regular,1.0,https://tickets.cinema-city.pl/api/order/1617142?lang=pl,2026-08-11T08:59:13.207427
2026-08-11,katowice,Spider-Man: Całkiem nowy dzień,Katowice - Punkt 44,20:50,3D,original,regular,1.0,https://tickets.cinema-city.pl/api/order/1616080?lang=pl,2026-08-11T08:59:13.207433
2026-08-11,katowice,Backrooms. Bez wyjścia - wersja rozszerzona,Katowice - Punkt 44,21:10,2D,original,regular,1.0,https://tickets.cinema-city.pl/api/order/1616320?lang=pl,2026-08-11T08:59:13.207439
2026-08-11,katowice,Spider-Man: Całkiem nowy dzień,Katowice - Punkt 44,21:20,2D,original,regular,1.0,https://tickets.cinema-city.pl/api/order/1620910?lang=pl,2026-08-11T08:59:13.207444
2026-08-11,katowice,Odyseja,Katowice - Punkt 44,21:30,2D,original,regular,1.0,https://tickets.cinema-city.pl/api/order/1616410?lang=pl,2026-08-11T08:59:13.207450
2026-08-11,katowice,Spider-Man: Całkiem nowy dzień,Katowice - Punkt 44,21:40,2D,original,regular,1.0,https://tickets.cinema-city.pl/api/order/1616261?lang=pl,2026-08-11T08:59:13.207456
2026-08-11,katowice,Odyseja,Katowice - Punkt 44,21:45,IMAX,original,regular,1.0,https://tickets.cinema-city.pl/api/order/1608825?lang=pl,2026-08-11T08:59:13.207460
2026-08-11,katowice,Toy Story 5,Katowice - Punkt 44,22:00,2D,original,regular,1.0,https://tickets.cinema-city.pl/api/order/1620911?lang=pl,2026-08-11T08:59:13.207480
2026-08-11,katowice,Zaproszenie,Katowice - Punkt 44,22:10,2D,original,regular,1.0,https://tickets.cinema-city.pl/api/order/1616273?lang=pl,2026-08-11T08:59:13.207488
2026-08-11,katowice,Straszny film,Katowice - Punkt 44,22:10,2D,original,regular,1.0,https://tickets.cinema-city.pl/api/order/1620909?lang=pl,2026-08-11T08:59:13.207495
2026-08-11,katowice,Spider-Man: Całkiem nowy dzień,Katowice - Punkt 44,22:30,2D,original,regular,1.0,https://tickets.cinema-city.pl/api/order/1617177?lang=pl,2026-08-11T08:59:13.207500
2026-08-11,katowice,Psi patrol i dinozaury,Katowice - Silesia,10:50,2D,,regular,1.0,https://tickets.cinema-city.pl/api/order/1615460?lang=pl,2026-08-11T08:59:14.897414
2026-08-11,katowice,Spider-Man: Całkiem nowy dzień,Katowice - Silesia,11:00,2D,original,regular,1.0,https://tickets.cinema-city.pl/api/order/1615969?lang=pl,2026-08-11T08:59:14.897441
2026-08-11,katowice,Toy Story 5,Katowice - Silesia,11:10,2D,original,regular,1.0,https://tickets.cinema-city.pl/api/order/1614404?lang=pl,2026-08-11T08:59:14.897451
2026-08-11,katowice,Ekipa zwierzaków,Katowice - Silesia,11:10,2D,,regular,1.0,https://tickets.cinema-city.pl/api/order/1615372?lang=pl,2026-08-11T08:59:14.897459
2026-08-11,katowice,Vaiana,Katowice - Silesia,11:20,2D,original,regular,1.0,https://tickets.cinema-city.pl/api/order/1617274?lang=pl,2026-08-11T08:59:14.897491
2026-08-11,katowice,Minionki i straszydła,Katowice - Silesia,11:40,2D,,regular,1.0,https://tickets.cinema-city.pl/api/order/1616950?lang=pl,2026-08-11T08:59:14.897500
2026-08-11,katowice,Psi patrol i dinozaury,Katowice - Silesia,12:00,2D,,regular,1.0,https://tickets.cinema-city.pl/api/order/1617116?lang=pl,2026-08-11T08:59:14.897506
2026-08-11,katowice,Minionki i straszydła,Katowice - Silesia,12:20,2D,,regular,1.0,https://tickets.cinema-city.pl/api/order/1618210?lang=pl,2026-08-11T08:59:14.897513
2026-08-11,katowice,Toy Story 5,Katowice - Silesia,12:30,2D,original,regular,1.0,https://tickets.cinema-city.pl/api/order/1617908?lang=pl,2026-08-11T08:59:14.897519
2026-08-11,katowice,Spider-Man: Całkiem nowy dzień,Katowice - Silesia,12:40,2D,original,regular,1.0,https://tickets.cinema-city.pl/api/order/1615207?lang=pl,2026-08-11T08:59:14.897526
2026-08-11,katowice,Psi patrol i dinozaury,Katowice - Silesia,13:00,2D,,regular,1.0,https://tickets.cinema-city.pl/api/order/1615464?lang=pl,2026-08-11T08:59:14.897533
2026-08-11,katowice,Ekipa zwierzaków,Katowice - Silesia,13:20,2D,,regular,1.0,https://tickets.cinema-city.pl/api/order/1615378?lang=pl,2026-08-11T08:59:14.897539
2026-08-11,katowice,Spider-Man: Całkiem nowy dzień,Katowice - Silesia,13:30,2D,original,regular,1.0,https://tickets.cinema-city.pl/api/order/1616603?lang=pl,2026-08-11T08:59:14.897544
2026-08-11,katowice,Toy Story 5,Katowice - Silesia,13:40,2D,original,regular,1.0,https://tickets.cinema-city.pl/api/order/1614411?lang=pl,2026-08-11T08:59:14.897551
2026-08-11,katowice,Minionki i straszydła,Katowice - Silesia,13:50,2D,,regular,1.0,https://tickets.cinema-city.pl/api/order/1616957?lang=pl,2026-08-11T08:59:14.897557
2026-08-11,katowice,Backrooms. Bez wyjścia,Katowice - Silesia,13:50,2D,original,regular,1.0,https://tickets.cinema-city.pl/api/order/1618072?lang=pl,2026-08-11T08:59:14.897564
2026-08-11,katowice,Ice Cream Man,Katowice - Silesia,14:00,2D,original,regular,1.0,https://tickets.cinema-city.pl/api/order/1617280?lang=pl,2026-08-11T08:59:14.897572
2026-08-11,katowice,Spider-Man: Całkiem nowy dzień,Katowice - Silesia,14:10,2D,original,regular,1.0,https://tickets.cinema-city.pl/api/order/1615974?lang=pl,2026-08-11T08:59:14.897579
2026-08-11,katowice,Odyseja,Katowice - Silesia,14:20,2D,original,regular,1.0,https://tickets.cinema-city.pl/api/order/1616028?lang=pl,2026-08-11T08:59:14.897586
2026-08-11,katowice,Psi patrol i dinozaury,Katowice - Silesia,14:20,2D,,regular,1.0,https://tickets.cinema-city.pl/api/order/1617121?lang=pl,2026-08-11T08:59:14.897592
2026-08-11,katowice,Minionki i straszydła,Katowice - Silesia,14:30,2D,,regular,1.0,https://tickets.cinema-city.pl/api/order/1618216?lang=pl,2026-08-11T08:59:14.897597
2026-08-11,katowice,Spider-Man: Całkiem nowy dzień,Katowice - Silesia,15:00,3D,original,regular,1.0,https://tickets.cinema-city.pl/api/order/1617890?lang=pl,2026-08-11T08:59:14.897603
2026-08-11,katowice,Psi patrol i dinozaury,Katowice - Silesia,15:10,2D,,regular,1.0,https://tickets.cinema-city.pl/api/order/1615468?lang=pl,2026-08-11T08:59:14.897609
2026-08-11,katowice,Odyseja,Katowice - Silesia,15:40,2D,original,regular,1.0,https://tickets.cinema-city.pl/api/order/1615384?lang=pl,2026-08-11T08:59:14.897615
2026-08-11,katowice,Spider-Man: Całkiem nowy dzień,Katowice - Silesia,15:50,2D,original,regular,1.0,https://tickets.cinema-city.pl/api/order/1615213?lang=pl,2026-08-11T08:59:14.897621
2026-08-11,katowice,Toy Story 5,Katowice - Silesia,16:00,2D,original,regular,1.0,https://tickets.cinema-city.pl/api/order/1614417?lang=pl,2026-08-11T08:59:14.897628
2026-08-11,katowice,Minionki i straszydła,Katowice - Silesia,16:00,2D,,regular,1.0,https://tickets.cinema-city.pl/api/order/1616963?lang=pl,2026-08-11T08:59:14.897633
2026-08-11,katowice,Spider-Man: Całkiem nowy dzień,Katowice - Silesia,16:20,2D,original,regular,1.0,https://tickets.cinema-city.pl/api/order/1617286?lang=pl,2026-08-11T08:59:14.897640
2026-08-11,katowice,Kandydaci śmierci,Katowice - Silesia,16:20,2D,original,regular,1.0,https://tickets.cinema-city.pl/api/order/1618078?lang=pl,2026-08-11T08:59:14.897646
2026-08-11,katowice,Spider-Man: Całkiem nowy dzień,Katowice - Silesia,16:40,2D,original,regular,1.0,https://tickets.cinema-city.pl/api/order/1616609?lang=pl,2026-08-11T08:59:14.897652
2026-08-11,katowice,Psi patrol i dinozaury,Katowice - Silesia,16:40,2D,,regular,1.0,https://tickets.cinema-city.pl/api/order/1617122?lang=pl,2026-08-11T08:59:14.897658
2026-08-11,katowice,Ice Cream Man,Katowice - Silesia,16:40,2D,original,regular,1.0,https://tickets.cinema-city.pl/api/order/1618222?lang=pl,2026-08-11T08:59:14.897663
2026-08-11,katowice,Psi patrol i dinozaury,Katowice - Silesia,17:20,2D,,regular,1.0,https://tickets.cinema-city.pl/api/order/1615472?lang=pl,2026-08-11T08:59:14.897670
2026-08-11,katowice,Spider-Man: Całkiem nowy dzień,Katowice - Silesia,17:20,2D,original,regular,1.0,https://tickets.cinema-city.pl/api/order/1615979?lang=pl,2026-08-11T08:59:14.897676
2026-08-11,katowice,Odyseja,Katowice - Silesia,18:00,2D,original,regular,1.0,https://tickets.cinema-city.pl/api/order/1616029?lang=pl,2026-08-11T08:59:14.897682
2026-08-11,katowice,Do utraty tchu (re-release),Katowice - Silesia,18:10,2D,original,regular,1.0,https://tickets.cinema-city.pl/api/order/1616969?lang=pl,2026-08-11T08:59:14.897688
2026-08-11,katowice,Spider-Man: Całkiem nowy dzień,Katowice - Silesia,18:10,3D,original,regular,1.0,https://tickets.cinema-city.pl/api/order/1617896?lang=pl,2026-08-11T08:59:14.897694
2026-08-11,katowice,Gorzkie święta,Katowice - Silesia,18:30,2D,original,regular,1.0,https://tickets.cinema-city.pl/api/order/1615027?lang=pl,2026-08-11T08:59:14.897700
2026-08-11,katowice,Pejzaż w kolorze sepii,Katowice - Silesia,18:40,2D,original,regular,1.0,https://tickets.cinema-city.pl/api/order/1618084?lang=pl,2026-08-11T08:59:14.897706
2026-08-11,katowice,UL - Historie równoległe,Katowice - Silesia,19:00,2D,original,regular,1.0,https://tickets.cinema-city.pl/api/order/1581030?lang=pl,2026-08-11T08:59:14.897714
2026-08-11,katowice,Spider-Man: Całkiem nowy dzień,Katowice - Silesia,19:00,2D,original,regular,1.0,https://tickets.cinema-city.pl/api/order/1615219?lang=pl,2026-08-11T08:59:14.897720
2026-08-11,katowice,Ice Cream Man,Katowice - Silesia,19:10,2D,original,regular,1.0,https://tickets.cinema-city.pl/api/order/1618228?lang=pl,2026-08-11T08:59:14.897725
2026-08-11,katowice,Odyseja,Katowice - Silesia,19:20,2D,original,regular,1.0,https://tickets.cinema-city.pl/api/order/1615390?lang=pl,2026-08-11T08:59:14.897731
2026-08-11,katowice,Psi patrol i dinozaury,Katowice - Silesia,19:30,2D,,regular,1.0,https://tickets.cinema-city.pl/api/order/1615476?lang=pl,2026-08-11T08:59:14.897736
2026-08-11,katowice,Spider-Man: Całkiem nowy dzień,Katowice - Silesia,19:30,2D,original,regular,1.0,https://tickets.cinema-city.pl/api/order/1617292?lang=pl,2026-08-11T08:59:14.897742
2026-08-11,katowice,Spider-Man: Całkiem nowy dzień,Katowice - Silesia,20:00,2D,original,regular,1.0,https://tickets.cinema-city.pl/api/order/1616612?lang=pl,2026-08-11T08:59:14.897748
2026-08-11,katowice,Zaproszenie,Katowice - Silesia,20:20,2D,original,regular,1.0,https://tickets.cinema-city.pl/api/order/1616975?lang=pl,2026-08-11T08:59:14.897754
2026-08-11,katowice,Spider-Man: Całkiem nowy dzień,Katowice - Silesia,20:30,2D,original,regular,1.0,https://tickets.cinema-city.pl/api/order/1615984?lang=pl,2026-08-11T08:59:14.897760
2026-08-11,katowice,Spider-Man: Całkiem nowy dzień,Katowice - Silesia,21:00,2D,original,regular,1.0,https://tickets.cinema-city.pl/api/order/1615030?lang=pl,2026-08-11T08:59:14.897766
2026-08-11,katowice,Spider-Man: Całkiem nowy dzień,Katowice - Silesia,21:20,2D,original,regular,1.0,https://tickets.cinema-city.pl/api/order/1617914?lang=pl,2026-08-11T08:59:14.897772
2026-08-11,katowice,Backrooms. Bez wyjścia - wersja rozszerzona,Katowice - Silesia,21:30,2D,original,regular,1.0,https://tickets.cinema-city.pl/api/order/1618134?lang=pl,2026-08-11T08:59:14.897780
2026-08-11,katowice,Martwe zło: Ogień,Katowice - Silesia,21:40,2D,original,regular,1.0,https://tickets.cinema-city.pl/api/order/1615481?lang=pl,2026-08-11T08:59:14.897786
2026-08-11,katowice,Spider-Man: Całkiem nowy dzień,Katowice - Silesia,21:40,2D,original,regular,1.0,https://tickets.cinema-city.pl/api/order/1616463?lang=pl,2026-08-11T08:59:14.897792
2026-08-11,katowice,Ice Cream Man,Katowice - Silesia,21:40,2D,original,regular,1.0,https://tickets.cinema-city.pl/api/order/1618234?lang=pl,2026-08-11T08:59:14.897798
2026-08-11,katowice,Obsesja,Katowice - Silesia,22:00,2D,original,regular,1.0,https://tickets.cinema-city.pl/api/order/1617180?lang=pl,2026-08-11T08:59:14.897803
2026-08-11,katowice,Straszny film,Katowice - Silesia,22:10,2D,original,regular,1.0,https://tickets.cinema-city.pl/api/order/1615225?lang=pl,2026-08-11T08:59:14.897810
2026-08-11,kraków,Spider-Man: Całkiem nowy dzień,Kraków - Bonarka,10:50,2D,original,regular,1.0,https://tickets.cinema-city.pl/api/order/1612856?lang=pl,2026-08-11T08:59:16.119064
2026-08-11,kraków,Spider-Man: Całkiem nowy dzień,Kraków - Bonarka,11:00,4DX,original,regular,1.0,https://tickets.cinema-city.pl/api/order/1610352?lang=pl,2026-08-11T08:59:16.119087
2026-08-11,kraków,Minionki i straszydła,Kraków - Bonarka,11:00,2D,,regular,1.0,https://tickets.cinema-city.pl/api/order/1614468?lang=pl,2026-08-11T08:59:16.119095
2026-08-11,kraków,Obsesja,Kraków - Bonarka,11:10,2D,original,regular,1.0,https://tickets.cinema-city.pl/api/order/1610518?lang=pl,2026-08-11T08:59:16.119103
2026-08-11,kraków,Psi patrol i dinozaury,Kraków - Bonarka,11:20,2D,,regular,1.0,https://tickets.cinema-city.pl/api/order/1615299?lang=pl,2026-08-11T08:59:16.119109
2026-08-11,kraków,Odyseja,Kraków - Bonarka,11:40,2D,original,regular,1.0,https://tickets.cinema-city.pl/api/order/1613253?lang=pl,2026-08-11T08:59:16.119116
2026-08-11,kraków,Psi patrol i dinozaury,Kraków - Bonarka,11:50,2D,,regular,1.0,https://tickets.cinema-city.pl/api/order/1611151?lang=pl,2026-08-11T08:59:16.119123
2026-08-11,kraków,Spider-Man: Całkiem nowy dzień,Kraków - Bonarka,12:10,2D,original,regular,1.0,https://tickets.cinema-city.pl/api/order/1617194?lang=pl,2026-08-11T08:59:16.119129
2026-08-11,kraków,Odyseja,Kraków - Bonarka,12:30,2D,original,regular,1.0,https://tickets.cinema-city.pl/api/order/1610087?lang=pl,2026-08-11T08:59:16.119135
2026-08-11,kraków,Psi patrol i dinozaury,Kraków - Bonarka,12:30,2D,,regular,1.0,https://tickets.cinema-city.pl/api/order/1615653?lang=pl,2026-08-11T08:59:16.119141
2026-08-11,kraków,Vaiana,Kraków - Bonarka,12:30,2D,original,regular,1.0,https://tickets.cinema-city.pl/api/order/1616157?lang=pl,2026-08-11T08:59:16.119148
2026-08-11,kraków,Minionki i straszydła,Kraków - Bonarka,12:40,2D,,regular,1.0,https://tickets.cinema-city.pl/api/order/1615885?lang=pl,2026-08-11T08:59:16.119154
2026-08-11,kraków,Góra mocy,Kraków - Bonarka,12:40,2D,original,regular,1.0,https://tickets.cinema-city.pl/api/order/1618036?lang=pl,2026-08-11T08:59:16.119161
2026-08-11,kraków,Toy Story 5,Kraków - Bonarka,12:50,2D,original,regular,1.0,https://tickets.cinema-city.pl/api/order/1617744?lang=pl,2026-08-11T08:59:16.119169
2026-08-11,kraków,Spider-Man: Całkiem nowy dzień,Kraków - Bonarka,13:00,2D,original,regular,1.0,https://tickets.cinema-city.pl/api/order/1611717?lang=pl,2026-08-11T08:59:16.119176
2026-08-11,kraków,Odyseja ukraiński dubbing,Kraków - Bonarka,13:00,2D,dubbing,regular,1.0,https://tickets.cinema-city.pl/api/order/1613748?lang=pl,2026-08-11T08:59:16.119183
2026-08-11,kraków,Minionki i straszydła,Kraków - Bonarka,13:00,2D,,regular,1.0,https://tickets.cinema-city.pl/api/order/1614473?lang=pl,2026-08-11T08:59:16.119189
2026-08-11,kraków,Ice Cream Man,Kraków - Bonarka,13:00,2D,original,regular,1.0,https://tickets.cinema-city.pl/api/order/1616858?lang=pl,2026-08-11T08:59:16.119196
2026-08-11,kraków,Spider-Man: Całkiem nowy dzień,Kraków - Bonarka,13:20,2D,original,regular,1.0,https://tickets.cinema-city.pl/api/order/1616040?lang=pl,2026-08-11T08:59:16.119202
2026-08-11,kraków,Psi patrol i dinozaury,Kraków - Bonarka,13:30,2D,,regular,1.0,https://tickets.cinema-city.pl/api/order/1615302?lang=pl,2026-08-11T08:59:16.119207
2026-08-11,kraków,Spider-Man: Całkiem nowy dzień,Kraków - Bonarka,13:40,2D,original,regular,1.0,https://tickets.cinema-city.pl/api/order/1609786?lang=pl,2026-08-11T08:59:16.119214
2026-08-11,kraków,Obsesja,Kraków - Bonarka,13:40,2D,original,regular,1.0,https://tickets.cinema-city.pl/api/order/1610512?lang=pl,2026-08-11T08:59:16.119220
2026-08-11,kraków,Odyseja,Kraków - Bonarka,13:50,2D,original,regular,1.0,https://tickets.cinema-city.pl/api/order/1617030?lang=pl,2026-08-11T08:59:16.119226
2026-08-11,kraków,Spider-Man: Całkiem nowy dzień,Kraków - Bonarka,14:00,2D,original,regular,1.0,https://tickets.cinema-city.pl/api/order/1612859?lang=pl,2026-08-11T08:59:16.119233
2026-08-11,kraków,Spider-Man: Całkiem nowy dzień,Kraków - Bonarka,14:10,4DX,original,regular,1.0,https://tickets.cinema-city.pl/api/order/1610364?lang=pl,2026-08-11T08:59:16.119238
2026-08-11,kraków,Psi patrol i dinozaury,Kraków - Bonarka,14:40,2D,,regular,1.0,https://tickets.cinema-city.pl/api/order/1615655?lang=pl,2026-08-11T08:59:16.119243
2026-08-11,kraków,Minionki i straszydła,Kraków - Bonarka,14:50,2D,,regular,1.0,https://tickets.cinema-city.pl/api/order/1615891?lang=pl,2026-08-11T08:59:16.119249
2026-08-11,kraków,Spider-Man: Całkiem nowy dzień,Kraków - Bonarka,14:50,3D,original,regular,1.0,https://tickets.cinema-city.pl/api/order/1618024?lang=pl,2026-08-11T08:59:16.119255
2026-08-11,kraków,Odyseja,Kraków - Bonarka,14:50,2D,original,regular,1.0,https://tickets.cinema-city.pl/api/order/1621064?lang=pl,2026-08-11T08:59:16.119261
2026-08-11,kraków,Młody Waszyngton,Kraków - Bonarka,14:55,2D,original,regular,1.0,https://tickets.cinema-city.pl/api/order/1620754?lang=pl,2026-08-11T08:59:16.119269
2026-08-11,kraków,Spider-Man: Całkiem nowy dzień,Kraków - Bonarka,15:00,2D,original,regular,1.0,https://tickets.cinema-city.pl/api/order/1616147?lang=pl,2026-08-11T08:59:16.119275
2026-08-11,kraków,Toy Story 5,Kraków - Bonarka,15:10,2D,original,regular,1.0,https://tickets.cinema-city.pl/api/order/1617747?lang=pl,2026-08-11T08:59:16.119282
2026-08-11,kraków,Odyseja,Kraków - Bonarka,15:20,2D,original,regular,1.0,https://tickets.cinema-city.pl/api/order/1613258?lang=pl,2026-08-11T08:59:16.119288
2026-08-11,kraków,Spider-Man: Całkiem nowy dzień,Kraków - Bonarka,15:20,2D,original,regular,1.0,https://tickets.cinema-city.pl/api/order/1617200?lang=pl,2026-08-11T08:59:16.119294
2026-08-11,kraków,Pejzaż w kolorze sepii,Kraków - Bonarka,15:30,2D,original,regular,1.0,https://tickets.cinema-city.pl/api/order/1616863?lang=pl,2026-08-11T08:59:16.119301
2026-08-11,kraków,Psi patrol i dinozaury,Kraków - Bonarka,15:40,2D,,regular,1.0,https://tickets.cinema-city.pl/api/order/1615305?lang=pl,2026-08-11T08:59:16.119306
2026-08-11,kraków,Odyseja,Kraków - Bonarka,16:10,2D,original,regular,1.0,https://tickets.cinema-city.pl/api/order/1610092?lang=pl,2026-08-11T08:59:16.119312
2026-08-11,kraków,Spider-Man: Całkiem nowy dzień,Kraków - Bonarka,16:10,2D,original,regular,1.0,https://tickets.cinema-city.pl/api/order/1611722?lang=pl,2026-08-11T08:59:16.119319
2026-08-11,kraków,Spider-Man: Całkiem nowy dzień,Kraków - Bonarka,16:20,2D,original,regular,1.0,https://tickets.cinema-city.pl/api/order/1610501?lang=pl,2026-08-11T08:59:16.119325
2026-08-11,kraków,Psi patrol i dinozaury ukraiński dubbing,Kraków - Bonarka,16:20,2D,dubbing,regular,1.0,https://tickets.cinema-city.pl/api/order/1613725?lang=pl,2026-08-11T08:59:16.119332
2026-08-11,kraków,Spider-Man: Całkiem nowy dzień,Kraków - Bonarka,16:30,2D,original,regular,1.0,https://tickets.cinema-city.pl/api/order/1616043?lang=pl,2026-08-11T08:59:16.119338
2026-08-11,kraków,Spider-Man: Całkiem nowy dzień,Kraków - Bonarka,16:50,2D,original,regular,1.0,https://tickets.cinema-city.pl/api/order/1609789?lang=pl,2026-08-11T08:59:16.119344
2026-08-11,kraków,Psi patrol i dinozaury,Kraków - Bonarka,16:50,2D,,regular,1.0,https://tickets.cinema-city.pl/api/order/1615677?lang=pl,2026-08-11T08:59:16.119349
2026-08-11,kraków,Minionki i straszydła,Kraków - Bonarka,17:00,2D,,regular,1.0,https://tickets.cinema-city.pl/api/order/1615897?lang=pl,2026-08-11T08:59:16.119355
2026-08-11,kraków,Spider-Man: Całkiem nowy dzień,Kraków - Bonarka,17:10,2D,original,regular,1.0,https://tickets.cinema-city.pl/api/order/1612862?lang=pl,2026-08-11T08:59:16.119361
2026-08-11,kraków,Spider-Man: Całkiem nowy dzień,Kraków - Bonarka,17:20,4DX,original,regular,1.0,https://tickets.cinema-city.pl/api/order/1610358?lang=pl,2026-08-11T08:59:16.119366
2026-08-11,kraków,Zaproszenie,Kraków - Bonarka,17:30,2D,original,regular,1.0,https://tickets.cinema-city.pl/api/order/1614483?lang=pl,2026-08-11T08:59:16.119372
2026-08-11,kraków,Odyseja,Kraków - Bonarka,17:30,2D,original,regular,1.0,https://tickets.cinema-city.pl/api/order/1617036?lang=pl,2026-08-11T08:59:16.119378
2026-08-11,kraków,Spider-Man: Całkiem nowy dzień,Kraków - Bonarka,17:30,2D,original,regular,1.0,https://tickets.cinema-city.pl/api/order/1617750?lang=pl,2026-08-11T08:59:16.119384
2026-08-11,kraków,Psi patrol i dinozaury,Kraków - Bonarka,17:50,2D,,regular,1.0,https://tickets.cinema-city.pl/api/order/1615308?lang=pl,2026-08-11T08:59:16.119389
2026-08-11,kraków,Spider-Man: Całkiem nowy dzień,Kraków - Bonarka,18:00,3D,original,regular,1.0,https://tickets.cinema-city.pl/api/order/1618030?lang=pl,2026-08-11T08:59:16.119394
2026-08-11,kraków,Do utraty tchu (re-release),Kraków - Bonarka,18:10,2D,original,regular,1.0,https://tickets.cinema-city.pl/api/order/1616142?lang=pl,2026-08-11T08:59:16.119401
2026-08-11,kraków,Odyseja,Kraków - Bonarka,18:20,2D,original,regular,1.0,https://tickets.cinema-city.pl/api/order/1611145?lang=pl,2026-08-11T08:59:16.119407
2026-08-11,kraków,Kandydaci śmierci,Kraków - Bonarka,18:20,2D,original,regular,1.0,https://tickets.cinema-city.pl/api/order/1616873?lang=pl,2026-08-11T08:59:16.119414
2026-08-11,kraków,Spider-Man: Całkiem nowy dzień,Kraków - Bonarka,18:30,2D,original,regular,1.0,https://tickets.cinema-city.pl/api/order/1617206?lang=pl,2026-08-11T08:59:16.119420
2026-08-11,kraków,Spider-Man: Całkiem nowy dzień ukraiński dubbing,Kraków - Bonarka,18:35,2D,dubbing,regular,1.0,https://tickets.cinema-city.pl/api/order/1613737?lang=pl,2026-08-11T08:59:16.119427
2026-08-11,kraków,UL - Historie równoległe,Kraków - Bonarka,19:00,2D,original,regular,1.0,https://tickets.cinema-city.pl/api/order/1581009?lang=pl,2026-08-11T08:59:16.119436
2026-08-11,kraków,Odyseja,Kraków - Bonarka,19:00,2D,original,regular,1.0,https://tickets.cinema-city.pl/api/order/1613263?lang=pl,2026-08-11T08:59:16.119442
2026-08-11,kraków,Ice Cream Man,Kraków - Bonarka,19:10,2D,original,regular,1.0,https://tickets.cinema-city.pl/api/order/1615867?lang=pl,2026-08-11T08:59:16.119448
2026-08-11,kraków,Spider-Man: Całkiem nowy dzień,Kraków - Bonarka,19:20,2D,original,regular,1.0,https://tickets.cinema-city.pl/api/order/1611727?lang=pl,2026-08-11T08:59:16.119455
2026-08-11,kraków,Spider-Man: Całkiem nowy dzień,Kraków - Bonarka,19:30,2D,original,regular,1.0,https://tickets.cinema-city.pl/api/order/1610507?lang=pl,2026-08-11T08:59:16.119461
2026-08-11,kraków,Spider-Man: Całkiem nowy dzień,Kraków - Bonarka,19:40,2D,original,regular,1.0,https://tickets.cinema-city.pl/api/order/1616046?lang=pl,2026-08-11T08:59:16.119478
2026-08-11,kraków,Odyseja,Kraków - Bonarka,19:50,2D,original,regular,1.0,https://tickets.cinema-city.pl/api/order/1610097?lang=pl,2026-08-11T08:59:16.119485
2026-08-11,kraków,Backrooms. Bez wyjścia - wersja rozszerzona,Kraków - Bonarka,19:50,2D,original,regular,1.0,https://tickets.cinema-city.pl/api/order/1614488?lang=pl,2026-08-11T08:59:16.119492
2026-08-11,kraków,Spider-Man: Całkiem nowy dzień,Kraków - Bonarka,20:00,2D,original,regular,1.0,https://tickets.cinema-city.pl/api/order/1609792?lang=pl,2026-08-11T08:59:16.119499
2026-08-11,kraków,Psi patrol i dinozaury,Kraków - Bonarka,20:00,2D,,regular,1.0,https://tickets.cinema-city.pl/api/order/1615311?lang=pl,2026-08-11T08:59:16.119504
2026-08-11,kraków,Spider-Man: Całkiem nowy dzień,Kraków - Bonarka,20:20,2D,original,regular,1.0,https://tickets.cinema-city.pl/api/order/1612865?lang=pl,2026-08-11T08:59:16.119511
2026-08-11,kraków,Spider-Man: Całkiem nowy dzień,Kraków - Bonarka,20:30,4DX,original,regular,1.0,https://tickets.cinema-city.pl/api/order/1610370?lang=pl,2026-08-11T08:59:16.119516
2026-08-11,kraków,Gorzkie święta,Kraków - Bonarka,20:30,2D,original,regular,1.0,https://tickets.cinema-city.pl/api/order/1616137?lang=pl,2026-08-11T08:59:16.119522
2026-08-11,kraków,Odyseja,Kraków - Bonarka,20:30,2D,original,regular,1.0,https://tickets.cinema-city.pl/api/order/1617753?lang=pl,2026-08-11T08:59:16.119528
2026-08-11,kraków,Pejzaż w kolorze sepii,Kraków - Bonarka,20:45,2D,original,regular,1.0,https://tickets.cinema-city.pl/api/order/1616868?lang=pl,2026-08-11T08:59:16.119534
2026-08-11,kraków,Odyseja,Kraków - Bonarka,21:10,2D,original,regular,1.0,https://tickets.cinema-city.pl/api/order/1617042?lang=pl,2026-08-11T08:59:16.119540
2026-08-11,kraków,Dzień objawienia,Kraków - Bonarka,21:10,2D,original,regular,1.0,https://tickets.cinema-city.pl/api/order/1618048?lang=pl,2026-08-11T08:59:16.119547
2026-08-11,kraków,Ice Cream Man,Kraków - Bonarka,21:40,2D,original,regular,1.0,https://tickets.cinema-city.pl/api/order/1615873?lang=pl,2026-08-11T08:59:16.119553
2026-08-11,kraków,Spider-Man: Całkiem nowy dzień,Kraków - Bonarka,21:40,2D,original,regular,1.0,https://tickets.cinema-city.pl/api/order/1617212?lang=pl,2026-08-11T08:59:16.119559
2026-08-11,kraków,Spider-Man: Całkiem nowy dzień ukraiński dubbing,Kraków - Bonarka,21:50,2D,dubbing,regular,1.0,https://tickets.cinema-city.pl/api/order/1613742?lang=pl,2026-08-11T08:59:16.119565
2026-08-11,kraków,Spider-Man: Całkiem nowy dzień,Kraków - Bonarka,22:00,2D,original,regular,1.0,https://tickets.cinema-city.pl/api/order/1611148?lang=pl,2026-08-11T08:59:16.119572
2026-08-11,kraków,Martwe zło: Ogień,Kraków - Bonarka,22:00,2D,original,regular,1.0,https://tickets.cinema-city.pl/api/order/1615679?lang=pl,2026-08-11T08:59:16.119578
2026-08-11,kraków,Spider-Man: Całkiem nowy dzień,Kraków - Bonarka,22:00,2D,original,regular,1.0,https://tickets.cinema-city.pl/api/order/1620246?lang=pl,2026-08-11T08:59:16.119584
2026-08-11,kraków,Ice Cream Man,Kraków - Bonarka,22:20,2D,original,regular,1.0,https://tickets.cinema-city.pl/api/order/1620242?lang=pl,2026-08-11T08:59:16.119591
2026-08-11,kraków,Backrooms. Bez wyjścia,Kraków - Bonarka,22:30,2D,original,regular,1.0,https://tickets.cinema-city.pl/api/order/1614493?lang=pl,2026-08-11T08:59:16.119598
2026-08-11,kraków,Obsesja,Kraków - Bonarka,22:30,2D,original,regular,1.0,https://tickets.cinema-city.pl/api/order/1620239?lang=pl,2026-08-11T08:59:16.119603
2026-08-11,kraków,Ice Cream Man,Kraków - Bonarka,22:30,2D,original,regular,1.0,https://tickets.cinema-city.pl/api/order/1620244?lang=pl,2026-08-11T08:59:16.119609
2026-08-11,kraków,Młody Waszyngton,Kraków - Galeria Kazimierz,10:50,2D,original,regular,1.0,https://tickets.cinema-city.pl/api/order/1610005?lang=pl,2026-08-11T08:59:17.607166
2026-08-11,kraków,Psi patrol i dinozaury,Kraków - Galeria Kazimierz,11:20,2D,,regular,1.0,https://tickets.cinema-city.pl/api/order/1612563?lang=pl,2026-08-11T08:59:17.607188
2026-08-11,kraków,Odyseja,Kraków - Galeria Kazimierz,11:40,2D,original,regular,1.0,https://tickets.cinema-city.pl/api/order/1611701?lang=pl,2026-08-11T08:59:17.607195
2026-08-11,kraków,O czym sobie nie mówimy,Kraków - Galeria Kazimierz,11:40,2D,original,regular,1.0,https://tickets.cinema-city.pl/api/order/1612982?lang=pl,2026-08-11T08:59:17.607203
2026-08-11,kraków,Minionki i straszydła,Kraków - Galeria Kazimierz,12:00,2D,,regular,1.0,https://tickets.cinema-city.pl/api/order/1609458?lang=pl,2026-08-11T08:59:17.607211
2026-08-11,kraków,Spider-Man: Całkiem nowy dzień,Kraków - Galeria Kazimierz,12:10,2D,original,regular,1.0,https://tickets.cinema-city.pl/api/order/1609873?lang=pl,2026-08-11T08:59:17.607219
2026-08-11,kraków,Psi patrol i dinozaury,Kraków - Galeria Kazimierz,12:30,2D,,regular,1.0,https://tickets.cinema-city.pl/api/order/1612831?lang=pl,2026-08-11T08:59:17.607226
2026-08-11,kraków,Toy Story 5,Kraków - Galeria Kazimierz,12:40,2D,original,regular,1.0,https://tickets.cinema-city.pl/api/order/1613191?lang=pl,2026-08-11T08:59:17.607234
2026-08-11,kraków,Vaiana,Kraków - Galeria Kazimierz,13:10,2D,original,regular,1.0,https://tickets.cinema-city.pl/api/order/1610443?lang=pl,2026-08-11T08:59:17.607241
2026-08-11,kraków,Psi patrol i dinozaury,Kraków - Galeria Kazimierz,13:30,2D,,regular,1.0,https://tickets.cinema-city.pl/api/order/1612567?lang=pl,2026-08-11T08:59:17.607246
2026-08-11,kraków,Spider-Man: Całkiem nowy dzień ukraiński dubbing,Kraków - Galeria Kazimierz,13:40,2D,dubbing,regular,1.0,https://tickets.cinema-city.pl/api/order/1610011?lang=pl,2026-08-11T08:59:17.607253
2026-08-11,kraków,Spider-Man: Całkiem nowy dzień,Kraków - Galeria Kazimierz,13:50,2D,original,regular,1.0,https://tickets.cinema-city.pl/api/order/1610690?lang=pl,2026-08-11T08:59:17.607260
2026-08-11,kraków,Psi patrol i dinozaury ukraiński dubbing,Kraków - Galeria Kazimierz,14:10,2D,dubbing,regular,1.0,https://tickets.cinema-city.pl/api/order/1609452?lang=pl,2026-08-11T08:59:17.607266
2026-08-11,kraków,Spider-Man: Całkiem nowy dzień,Kraków - Galeria Kazimierz,14:20,3D,original,regular,1.0,https://tickets.cinema-city.pl/api/order/1612956?lang=pl,2026-08-11T08:59:17.607272
2026-08-11,kraków,Psi patrol i dinozaury,Kraków - Galeria Kazimierz,14:40,2D,,regular,1.0,https://tickets.cinema-city.pl/api/order/1612835?lang=pl,2026-08-11T08:59:17.607278
2026-08-11,kraków,Toy Story 5,Kraków - Galeria Kazimierz,15:10,2D,original,regular,1.0,https://tickets.cinema-city.pl/api/order/1613197?lang=pl,2026-08-11T08:59:17.607284
2026-08-11,kraków,Spider-Man: Całkiem nowy dzień,Kraków - Galeria Kazimierz,15:20,2D,original,regular,1.0,https://tickets.cinema-city.pl/api/order/1609876?lang=pl,2026-08-11T08:59:17.607291
2026-08-11,kraków,Odyseja,Kraków - Galeria Kazimierz,15:20,2D,original,regular,1.0,https://tickets.cinema-city.pl/api/order/1611734?lang=pl,2026-08-11T08:59:17.607296
2026-08-11,kraków,Psi patrol i dinozaury,Kraków - Galeria Kazimierz,15:40,2D,,regular,1.0,https://tickets.cinema-city.pl/api/order/1612571?lang=pl,2026-08-11T08:59:17.607301
2026-08-11,kraków,Zaproszenie,Kraków - Galeria Kazimierz,15:45,2D,original,regular,1.0,https://tickets.cinema-city.pl/api/order/1610449?lang=pl,2026-08-11T08:59:17.607307
2026-08-11,kraków,Minionki i straszydła,Kraków - Galeria Kazimierz,16:15,2D,,regular,1.0,https://tickets.cinema-city.pl/api/order/1609464?lang=pl,2026-08-11T08:59:17.607313
2026-08-11,kraków,Ice Cream Man,Kraków - Galeria Kazimierz,16:45,2D,original,regular,1.0,https://tickets.cinema-city.pl/api/order/1610017?lang=pl,2026-08-11T08:59:17.607319
2026-08-11,kraków,Psi patrol i dinozaury,Kraków - Galeria Kazimierz,16:50,2D,,regular,1.0,https://tickets.cinema-city.pl/api/order/1612840?lang=pl,2026-08-11T08:59:17.607325
2026-08-11,kraków,Spider-Man: Całkiem nowy dzień,Kraków - Galeria Kazimierz,17:00,2D,original,regular,1.0,https://tickets.cinema-city.pl/api/order/1610695?lang=pl,2026-08-11T08:59:17.607331
2026-08-11,kraków,Spider-Man: Całkiem nowy dzień,Kraków - Galeria Kazimierz,17:30,3D,original,regular,1.0,https://tickets.cinema-city.pl/api/order/1612970?lang=pl,2026-08-11T08:59:17.607337
2026-08-11,kraków,Pejzaż w kolorze sepii,Kraków - Galeria Kazimierz,17:40,2D,original,regular,1.0,https://tickets.cinema-city.pl/api/order/1613376?lang=pl,2026-08-11T08:59:17.607343
2026-08-11,kraków,Psi patrol i dinozaury,Kraków - Galeria Kazimierz,17:50,2D,,regular,1.0,https://tickets.cinema-city.pl/api/order/1612575?lang=pl,2026-08-11T08:59:17.607348
2026-08-11,kraków,Odyseja,Kraków - Galeria Kazimierz,18:15,2D,original,regular,1.0,https://tickets.cinema-city.pl/api/order/1610455?lang=pl,2026-08-11T08:59:17.607353
2026-08-11,kraków,Kandydaci śmierci,Kraków - Galeria Kazimierz,18:20,2D,original,regular,1.0,https://tickets.cinema-city.pl/api/order/1609470?lang=pl,2026-08-11T08:59:17.607360
2026-08-11,kraków,Spider-Man: Całkiem nowy dzień,Kraków - Galeria Kazimierz,18:30,2D,original,regular,1.0,https://tickets.cinema-city.pl/api/order/1609879?lang=pl,2026-08-11T08:59:17.607366
2026-08-11,kraków,UL - Historie równoległe,Kraków - Galeria Kazimierz,19:00,2D,original,regular,1.0,https://tickets.cinema-city.pl/api/order/1581012?lang=pl,2026-08-11T08:59:17.607374
2026-08-11,kraków,Psi patrol i dinozaury,Kraków - Galeria Kazimierz,19:00,2D,,regular,1.0,https://tickets.cinema-city.pl/api/order/1612844?lang=pl,2026-08-11T08:59:17.607380
2026-08-11,kraków,Ice Cream Man,Kraków - Galeria Kazimierz,19:15,2D,original,regular,1.0,https://tickets.cinema-city.pl/api/order/1610023?lang=pl,2026-08-11T08:59:17.607385
2026-08-11,kraków,Psi patrol i dinozaury,Kraków - Galeria Kazimierz,20:00,2D,,regular,1.0,https://tickets.cinema-city.pl/api/order/1612579?lang=pl,2026-08-11T08:59:17.607390
2026-08-11,kraków,Spider-Man: Całkiem nowy dzień,Kraków - Galeria Kazimierz,20:10,2D,original,regular,1.0,https://tickets.cinema-city.pl/api/order/1610700?lang=pl,2026-08-11T08:59:17.607396
2026-08-11,kraków,Odyseja,Kraków - Galeria Kazimierz,20:30,2D,original,regular,1.0,https://tickets.cinema-city.pl/api/order/1615425?lang=pl,2026-08-11T08:59:17.607402
2026-08-11,kraków,Gorzkie święta,Kraków - Galeria Kazimierz,20:40,2D,original,regular,1.0,https://tickets.cinema-city.pl/api/order/1609476?lang=pl,2026-08-11T08:59:17.607408
2026-08-11,kraków,Spider-Man: Całkiem nowy dzień,Kraków - Galeria Kazimierz,20:40,3D,original,regular,1.0,https://tickets.cinema-city.pl/api/order/1612976?lang=pl,2026-08-11T08:59:17.607413
2026-08-11,kraków,Odyseja,Kraków - Galeria Kazimierz,21:10,2D,original,regular,1.0,https://tickets.cinema-city.pl/api/order/1612850?lang=pl,2026-08-11T08:59:17.607420
2026-08-11,kraków,Zaproszenie,Kraków - Galeria Kazimierz,21:40,2D,original,regular,1.0,https://tickets.cinema-city.pl/api/order/1609882?lang=pl,2026-08-11T08:59:17.607425
2026-08-11,kraków,Ice Cream Man,Kraków - Galeria Kazimierz,21:45,2D,original,regular,1.0,https://tickets.cinema-city.pl/api/order/1610029?lang=pl,2026-08-11T08:59:17.607431
2026-08-11,kraków,Obsesja,Kraków - Galeria Kazimierz,21:50,2D,original,regular,1.0,https://tickets.cinema-city.pl/api/order/1610461?lang=pl,2026-08-11T08:59:17.607436
2026-08-11,kraków,Młody Waszyngton,Kraków - Galeria Kazimierz,22:00,2D,original,regular,1.0,https://tickets.cinema-city.pl/api/order/1611743?lang=pl,2026-08-11T08:59:17.607443
2026-08-11,kraków,Backrooms. Bez wyjścia - wersja rozszerzona,Kraków - Galeria Kazimierz,22:10,2D,original,regular,1.0,https://tickets.cinema-city.pl/api/order/1612585?lang=pl,2026-08-11T08:59:17.607450
2026-08-11,kraków,Spider-Man: Całkiem nowy dzień,Kraków - Zakopianka,10:45,2D,original,regular,1.0,https://tickets.cinema-city.pl/api/order/1619735?lang=pl,2026-08-11T08:59:19.199811
2026-08-11,kraków,Psi patrol i dinozaury,Kraków - Zakopianka,10:50,2D,,regular,1.0,https://tickets.cinema-city.pl/api/order/1619827?lang=pl,2026-08-11T08:59:19.199834
2026-08-11,kraków,Minionki i straszydła,Kraków - Zakopianka,11:10,2D,,regular,1.0,https://tickets.cinema-city.pl/api/order/1619933?lang=pl,2026-08-11T08:59:19.199841
2026-08-11,kraków,Vaiana,Kraków - Zakopianka,11:40,2D,original,regular,1.0,https://tickets.cinema-city.pl/api/order/1619875?lang=pl,2026-08-11T08:59:19.199848
2026-08-11,kraków,Psi patrol i dinozaury,Kraków - Zakopianka,11:50,2D,,regular,1.0,https://tickets.cinema-city.pl/api/order/1619885?lang=pl,2026-08-11T08:59:19.199854
2026-08-11,kraków,Spider-Man: Całkiem nowy dzień,Kraków - Zakopianka,12:00,3D,original,regular,1.0,https://tickets.cinema-city.pl/api/order/1619777?lang=pl,2026-08-11T08:59:19.199861
2026-08-11,kraków,Odyseja,Kraków - Zakopianka,12:20,2D,original,regular,1.0,https://tickets.cinema-city.pl/api/order/1619915?lang=pl,2026-08-11T08:59:19.199868
2026-08-11,kraków,Spider-Man: Całkiem nowy dzień,Kraków - Zakopianka,12:30,2D,original,regular,1.0,https://tickets.cinema-city.pl/api/order/1619759?lang=pl,2026-08-11T08:59:19.199875
2026-08-11,kraków,Toy Story 5,Kraków - Zakopianka,12:50,2D,original,regular,1.0,https://tickets.cinema-city.pl/api/order/1619845?lang=pl,2026-08-11T08:59:19.199882
2026-08-11,kraków,Psi patrol i dinozaury,Kraków - Zakopianka,13:00,2D,,regular,1.0,https://tickets.cinema-city.pl/api/order/1619817?lang=pl,2026-08-11T08:59:19.199888
2026-08-11,kraków,Minionki i straszydła,Kraków - Zakopianka,13:20,2D,,regular,1.0,https://tickets.cinema-city.pl/api/order/1619939?lang=pl,2026-08-11T08:59:19.199893
2026-08-11,kraków,Spider-Man: Całkiem nowy dzień,Kraków - Zakopianka,13:50,2D,original,regular,1.0,https://tickets.cinema-city.pl/api/order/1619729?lang=pl,2026-08-11T08:59:19.199900
2026-08-11,kraków,Psi patrol i dinozaury,Kraków - Zakopianka,14:00,2D,,regular,1.0,https://tickets.cinema-city.pl/api/order/1619839?lang=pl,2026-08-11T08:59:19.199906
2026-08-11,kraków,Odyseja,Kraków - Zakopianka,14:15,IMAX,original,regular,1.0,https://tickets.cinema-city.pl/api/order/1608927?lang=pl,2026-08-11T08:59:19.199910
2026-08-11,kraków,Ekipa zwierzaków,Kraków - Zakopianka,14:20,2D,,regular,1.0,https://tickets.cinema-city.pl/api/order/1619869?lang=pl,2026-08-11T08:59:19.199917
2026-08-11,kraków,Psi patrol i dinozaury,Kraków - Zakopianka,15:10,2D,,regular,1.0,https://tickets.cinema-city.pl/api/order/1619813?lang=pl,2026-08-11T08:59:19.199923
2026-08-11,kraków,Spider-Man: Całkiem nowy dzień,Kraków - Zakopianka,15:15,3D,original,regular,1.0,https://tickets.cinema-city.pl/api/order/1619771?lang=pl,2026-08-11T08:59:19.199928
2026-08-11,kraków,Toy Story 5,Kraków - Zakopianka,15:20,2D,original,regular,1.0,https://tickets.cinema-city.pl/api/order/1619783?lang=pl,2026-08-11T08:59:19.199935
2026-08-11,kraków,Minionki i straszydła,Kraków - Zakopianka,15:30,2D,,regular,1.0,https://tickets.cinema-city.pl/api/order/1619945?lang=pl,2026-08-11T08:59:19.199940
2026-08-11,kraków,Spider-Man: Całkiem nowy dzień,Kraków - Zakopianka,15:40,2D,original,regular,1.0,https://tickets.cinema-city.pl/api/order/1619753?lang=pl,2026-08-11T08:59:19.199946
2026-08-11,kraków,Odyseja,Kraków - Zakopianka,16:00,2D,original,regular,1.0,https://tickets.cinema-city.pl/api/order/1619909?lang=pl,2026-08-11T08:59:19.199952
2026-08-11,kraków,Psi patrol i dinozaury,Kraków - Zakopianka,16:10,2D,,regular,1.0,https://tickets.cinema-city.pl/api/order/1619835?lang=pl,2026-08-11T08:59:19.199957
2026-08-11,kraków,Ice Cream Man,Kraków - Zakopianka,16:30,2D,original,regular,1.0,https://tickets.cinema-city.pl/api/order/1619863?lang=pl,2026-08-11T08:59:19.199964
2026-08-11,kraków,Spider-Man: Całkiem nowy dzień,Kraków - Zakopianka,17:00,2D,original,regular,1.0,https://tickets.cinema-city.pl/api/order/1619723?lang=pl,2026-08-11T08:59:19.199970
2026-08-11,kraków,Psi patrol i dinozaury,Kraków - Zakopianka,17:20,2D,,regular,1.0,https://tickets.cinema-city.pl/api/order/1619809?lang=pl,2026-08-11T08:59:19.199976
2026-08-11,kraków,Minionki i straszydła,Kraków - Zakopianka,17:40,2D,,regular,1.0,https://tickets.cinema-city.pl/api/order/1619951?lang=pl,2026-08-11T08:59:19.199981
2026-08-11,kraków,Toy Story 5,Kraków - Zakopianka,17:50,2D,original,regular,1.0,https://tickets.cinema-city.pl/api/order/1619795?lang=pl,2026-08-11T08:59:19.199987
2026-08-11,kraków,Odyseja,Kraków - Zakopianka,18:00,IMAX,original,regular,1.0,https://tickets.cinema-city.pl/api/order/1608928?lang=pl,2026-08-11T08:59:19.199991
2026-08-11,kraków,Psi patrol i dinozaury,Kraków - Zakopianka,18:20,2D,,regular,1.0,https://tickets.cinema-city.pl/api/order/1619831?lang=pl,2026-08-11T08:59:19.199996
2026-08-11,kraków,Spider-Man: Całkiem nowy dzień,Kraków - Zakopianka,18:30,3D,original,regular,1.0,https://tickets.cinema-city.pl/api/order/1619711?lang=pl,2026-08-11T08:59:19.200002
2026-08-11,kraków,Spider-Man: Całkiem nowy dzień,Kraków - Zakopianka,18:50,2D,original,regular,1.0,https://tickets.cinema-city.pl/api/order/1619747?lang=pl,2026-08-11T08:59:19.200008
2026-08-11,kraków,Ice Cream Man,Kraków - Zakopianka,19:00,2D,original,regular,1.0,https://tickets.cinema-city.pl/api/order/1619857?lang=pl,2026-08-11T08:59:19.200014
2026-08-11,kraków,Psi patrol i dinozaury,Kraków - Zakopianka,19:30,2D,,regular,1.0,https://tickets.cinema-city.pl/api/order/1619805?lang=pl,2026-08-11T08:59:19.200020
2026-08-11,kraków,Odyseja,Kraków - Zakopianka,19:40,2D,original,regular,1.0,https://tickets.cinema-city.pl/api/order/1619903?lang=pl,2026-08-11T08:59:19.200027
2026-08-11,kraków,Obsesja,Kraków - Zakopianka,19:50,2D,original,regular,1.0,https://tickets.cinema-city.pl/api/order/1619958?lang=pl,2026-08-11T08:59:19.200033
2026-08-11,kraków,Spider-Man: Całkiem nowy dzień,Kraków - Zakopianka,20:10,2D,original,regular,1.0,https://tickets.cinema-city.pl/api/order/1619717?lang=pl,2026-08-11T08:59:19.200039
2026-08-11,kraków,Gorzkie święta,Kraków - Zakopianka,20:20,2D,original,regular,1.0,https://tickets.cinema-city.pl/api/order/1619801?lang=pl,2026-08-11T08:59:19.200046
2026-08-11,kraków,Zaproszenie,Kraków - Zakopianka,20:30,2D,original,regular,1.0,https://tickets.cinema-city.pl/api/order/1619897?lang=pl,2026-08-11T08:59:19.200052
2026-08-11,kraków,Ice Cream Man,Kraków - Zakopianka,21:30,2D,original,regular,1.0,https://tickets.cinema-city.pl/api/order/1619789?lang=pl,2026-08-11T08:59:19.200057
2026-08-11,kraków,Obsesja,Kraków - Zakopianka,21:40,2D,original,regular,1.0,https://tickets.cinema-city.pl/api/order/1619823?lang=pl,2026-08-11T08:59:19.200062
2026-08-11,kraków,Martwe zło: Ogień,Kraków - Zakopianka,21:40,2D,original,regular,1.0,https://tickets.cinema-city.pl/api/order/1619881?lang=pl,2026-08-11T08:59:19.200068
2026-08-11,kraków,Odyseja,Kraków - Zakopianka,21:45,IMAX,original,regular,1.0,https://tickets.cinema-city.pl/api/order/1608929?lang=pl,2026-08-11T08:59:19.200073
2026-08-11,kraków,Spider-Man: Całkiem nowy dzień,Kraków - Zakopianka,22:00,2D,original,regular,1.0,https://tickets.cinema-city.pl/api/order/1619741?lang=pl,2026-08-11T08:59:19.200079
2026-08-11,kraków,Backrooms. Bez wyjścia - wersja rozszerzona,Kraków - Zakopianka,22:20,2D,original,regular,1.0,https://tickets.cinema-city.pl/api/order/1619966?lang=pl,2026-08-11T08:59:19.200086
2026-08-11,lublin,Odyseja,Lublin - Felicity,11:10,2D,original,regular,1.0,https://tickets.cinema-city.pl/api/order/1619126?lang=pl,2026-08-11T08:59:20.468873
2026-08-11,lublin,Psi patrol i dinozaury,Lublin - Felicity,11:20,2D,,regular,1.0,https://tickets.cinema-city.pl/api/order/1619096?lang=pl,2026-08-11T08:59:20.468896
2026-08-11,lublin,Toy Story 5,Lublin - Felicity,11:50,2D,original,regular,1.0,https://tickets.cinema-city.pl/api/order/1613664?lang=pl,2026-08-11T08:59:20.468906
2026-08-11,lublin,Spider-Man: Całkiem nowy dzień,Lublin - Felicity,12:10,2D,original,regular,1.0,https://tickets.cinema-city.pl/api/order/1619000?lang=pl,2026-08-11T08:59:20.468916
2026-08-11,lublin,Młody Waszyngton,Lublin - Felicity,12:15,2D,original,regular,1.0,https://tickets.cinema-city.pl/api/order/1619132?lang=pl,2026-08-11T08:59:20.468925
2026-08-11,lublin,Psi patrol i dinozaury,Lublin - Felicity,12:30,2D,,regular,1.0,https://tickets.cinema-city.pl/api/order/1619080?lang=pl,2026-08-11T08:59:20.468931
2026-08-11,lublin,Spider-Man: Całkiem nowy dzień,Lublin - Felicity,13:05,4DX,original,regular,1.0,https://tickets.cinema-city.pl/api/order/1618964?lang=pl,2026-08-11T08:59:20.468937
2026-08-11,lublin,Odyseja,Lublin - Felicity,13:20,2D,original,regular,1.0,https://tickets.cinema-city.pl/api/order/1615942?lang=pl,2026-08-11T08:59:20.468943
2026-08-11,lublin,Psi patrol i dinozaury,Lublin - Felicity,13:30,2D,,regular,1.0,https://tickets.cinema-city.pl/api/order/1619064?lang=pl,2026-08-11T08:59:20.468949
2026-08-11,lublin,Spider-Man: Całkiem nowy dzień,Lublin - Felicity,13:40,2D,original,regular,1.0,https://tickets.cinema-city.pl/api/order/1619048?lang=pl,2026-08-11T08:59:20.468956
2026-08-11,lublin,Ice Cream Man,Lublin - Felicity,14:10,2D,original,regular,1.0,https://tickets.cinema-city.pl/api/order/1613649?lang=pl,2026-08-11T08:59:20.468963
2026-08-11,lublin,Psi patrol i dinozaury,Lublin - Felicity,14:40,2D,,regular,1.0,https://tickets.cinema-city.pl/api/order/1619084?lang=pl,2026-08-11T08:59:20.468969
2026-08-11,lublin,Spider-Man: Całkiem nowy dzień,Lublin - Felicity,14:50,2D,original,regular,1.0,https://tickets.cinema-city.pl/api/order/1619108?lang=pl,2026-08-11T08:59:20.468976
2026-08-11,lublin,Toy Story 5,Lublin - Felicity,15:00,2D,original,regular,1.0,https://tickets.cinema-city.pl/api/order/1618994?lang=pl,2026-08-11T08:59:20.468984
2026-08-11,lublin,Spider-Man: Całkiem nowy dzień,Lublin - Felicity,15:20,2D,original,regular,1.0,https://tickets.cinema-city.pl/api/order/1619006?lang=pl,2026-08-11T08:59:20.468991
2026-08-11,lublin,Psi patrol i dinozaury,Lublin - Felicity,15:40,2D,,regular,1.0,https://tickets.cinema-city.pl/api/order/1619068?lang=pl,2026-08-11T08:59:20.468997
2026-08-11,lublin,Spider-Man: Całkiem nowy dzień,Lublin - Felicity,16:10,4DX,original,regular,1.0,https://tickets.cinema-city.pl/api/order/1618970?lang=pl,2026-08-11T08:59:20.469002
2026-08-11,lublin,Vaiana,Lublin - Felicity,16:40,2D,original,regular,1.0,https://tickets.cinema-city.pl/api/order/1613654?lang=pl,2026-08-11T08:59:20.469009
2026-08-11,lublin,Spider-Man: Całkiem nowy dzień,Lublin - Felicity,16:50,2D,original,regular,1.0,https://tickets.cinema-city.pl/api/order/1618982?lang=pl,2026-08-11T08:59:20.469016
2026-08-11,lublin,Psi patrol i dinozaury,Lublin - Felicity,16:50,2D,,regular,1.0,https://tickets.cinema-city.pl/api/order/1619088?lang=pl,2026-08-11T08:59:20.469022
2026-08-11,lublin,Odyseja,Lublin - Felicity,17:00,2D,original,regular,1.0,https://tickets.cinema-city.pl/api/order/1615947?lang=pl,2026-08-11T08:59:20.469029
2026-08-11,lublin,Minionki i straszydła,Lublin - Felicity,17:20,2D,,regular,1.0,https://tickets.cinema-city.pl/api/order/1618988?lang=pl,2026-08-11T08:59:20.469036
2026-08-11,lublin,Psi patrol i dinozaury,Lublin - Felicity,17:50,2D,,regular,1.0,https://tickets.cinema-city.pl/api/order/1619072?lang=pl,2026-08-11T08:59:20.469042
2026-08-11,lublin,Spider-Man: Całkiem nowy dzień,Lublin - Felicity,18:00,2D,original,regular,1.0,https://tickets.cinema-city.pl/api/order/1619114?lang=pl,2026-08-11T08:59:20.469049
2026-08-11,lublin,Spider-Man: Całkiem nowy dzień,Lublin - Felicity,18:30,2D,original,regular,1.0,https://tickets.cinema-city.pl/api/order/1619012?lang=pl,2026-08-11T08:59:20.469056
2026-08-11,lublin,Psi patrol i dinozaury,Lublin - Felicity,19:00,2D,,regular,1.0,https://tickets.cinema-city.pl/api/order/1619092?lang=pl,2026-08-11T08:59:20.469062
2026-08-11,lublin,Spider-Man: Całkiem nowy dzień,Lublin - Felicity,19:15,4DX,original,regular,1.0,https://tickets.cinema-city.pl/api/order/1618958?lang=pl,2026-08-11T08:59:20.469067
2026-08-11,lublin,Gorzkie święta,Lublin - Felicity,19:20,2D,original,regular,1.0,https://tickets.cinema-city.pl/api/order/1613716?lang=pl,2026-08-11T08:59:20.469074
2026-08-11,lublin,Odyseja,Lublin - Felicity,19:30,2D,original,regular,1.0,https://tickets.cinema-city.pl/api/order/1619138?lang=pl,2026-08-11T08:59:20.469081
2026-08-11,lublin,Spider-Man: Całkiem nowy dzień,Lublin - Felicity,20:00,2D,original,regular,1.0,https://tickets.cinema-city.pl/api/order/1619042?lang=pl,2026-08-11T08:59:20.469087
2026-08-11,lublin,Ice Cream Man,Lublin - Felicity,20:00,2D,original,regular,1.0,https://tickets.cinema-city.pl/api/order/1619060?lang=pl,2026-08-11T08:59:20.469093
2026-08-11,lublin,Odyseja,Lublin - Felicity,20:40,2D,original,regular,1.0,https://tickets.cinema-city.pl/api/order/1615952?lang=pl,2026-08-11T08:59:20.469099
2026-08-11,lublin,Spider-Man: Całkiem nowy dzień,Lublin - Felicity,21:10,2D,original,regular,1.0,https://tickets.cinema-city.pl/api/order/1619120?lang=pl,2026-08-11T08:59:20.469106
2026-08-11,lublin,Pejzaż w kolorze sepii,Lublin - Felicity,21:20,2D,original,regular,1.0,https://tickets.cinema-city.pl/api/order/1619054?lang=pl,2026-08-11T08:59:20.469112
2026-08-11,lublin,Spider-Man: Całkiem nowy dzień,Lublin - Felicity,21:45,2D,original,regular,1.0,https://tickets.cinema-city.pl/api/order/1619018?lang=pl,2026-08-11T08:59:20.469119
2026-08-11,lublin,Zaproszenie,Lublin - Felicity,21:50,2D,original,regular,1.0,https://tickets.cinema-city.pl/api/order/1613659?lang=pl,2026-08-11T08:59:20.469126
2026-08-11,lublin,Spider-Man: Całkiem nowy dzień,Lublin - Felicity,22:20,4DX,original,regular,1.0,https://tickets.cinema-city.pl/api/order/1618952?lang=pl,2026-08-11T08:59:20.469131
2026-08-11,lublin,Ice Cream Man,Lublin - Felicity,22:30,2D,original,regular,1.0,https://tickets.cinema-city.pl/api/order/1619102?lang=pl,2026-08-11T08:59:20.469137
2026-08-11,lublin,Spider-Man: Całkiem nowy dzień,Lublin - Plaza,11:00,2D,original,regular,1.0,https://tickets.cinema-city.pl/api/order/1614586?lang=pl,2026-08-11T08:59:21.911825
2026-08-11,lublin,Minionki i straszydła,Lublin - Plaza,11:20,2D,,regular,1.0,https://tickets.cinema-city.pl/api/order/1614057?lang=pl,2026-08-11T08:59:21.911848
2026-08-11,lublin,Psi patrol i dinozaury,Lublin - Plaza,11:50,2D,,regular,1.0,https://tickets.cinema-city.pl/api/order/1613285?lang=pl,2026-08-11T08:59:21.911856
2026-08-11,lublin,Spider-Man: Całkiem nowy dzień,Lublin - Plaza,11:50,2D,original,regular,1.0,https://tickets.cinema-city.pl/api/order/1613312?lang=pl,2026-08-11T08:59:21.911863
2026-08-11,lublin,Minionki i straszydła,Lublin - Plaza,12:15,2D,,regular,1.0,https://tickets.cinema-city.pl/api/order/1620781?lang=pl,2026-08-11T08:59:21.911868
2026-08-11,lublin,Spider-Man: Całkiem nowy dzień,Lublin - Plaza,12:40,2D,original,regular,1.0,https://tickets.cinema-city.pl/api/order/1612538?lang=pl,2026-08-11T08:59:21.911874
2026-08-11,lublin,Psi patrol i dinozaury,Lublin - Plaza,12:50,2D,,regular,1.0,https://tickets.cinema-city.pl/api/order/1614637?lang=pl,2026-08-11T08:59:21.911880
2026-08-11,lublin,Odyseja,Lublin - Plaza,13:30,2D,original,regular,1.0,https://tickets.cinema-city.pl/api/order/1612235?lang=pl,2026-08-11T08:59:21.911887
2026-08-11,lublin,Spider-Man: Całkiem nowy dzień,Lublin - Plaza,13:30,2D,original,regular,1.0,https://tickets.cinema-city.pl/api/order/1614063?lang=pl,2026-08-11T08:59:21.911894
2026-08-11,lublin,Psi patrol i dinozaury,Lublin - Plaza,14:00,2D,,regular,1.0,https://tickets.cinema-city.pl/api/order/1613289?lang=pl,2026-08-11T08:59:21.911899
2026-08-11,lublin,Psi patrol i dinozaury ukraiński dubbing,Lublin - Plaza,14:30,2D,dubbing,regular,1.0,https://tickets.cinema-city.pl/api/order/1614465?lang=pl,2026-08-11T08:59:21.911906
2026-08-11,lublin,Ice Cream Man,Lublin - Plaza,14:50,2D,original,regular,1.0,https://tickets.cinema-city.pl/api/order/1613792?lang=pl,2026-08-11T08:59:21.911912
2026-08-11,lublin,Spider-Man: Całkiem nowy dzień,Lublin - Plaza,15:00,3D,original,regular,1.0,https://tickets.cinema-city.pl/api/order/1613281?lang=pl,2026-08-11T08:59:21.911918
2026-08-11,lublin,Psi patrol i dinozaury,Lublin - Plaza,15:10,2D,,regular,1.0,https://tickets.cinema-city.pl/api/order/1614633?lang=pl,2026-08-11T08:59:21.911923
2026-08-11,lublin,Spider-Man: Całkiem nowy dzień,Lublin - Plaza,15:50,2D,original,regular,1.0,https://tickets.cinema-city.pl/api/order/1612543?lang=pl,2026-08-11T08:59:21.911929
2026-08-11,lublin,Psi patrol i dinozaury,Lublin - Plaza,16:10,2D,,regular,1.0,https://tickets.cinema-city.pl/api/order/1613293?lang=pl,2026-08-11T08:59:21.911934
2026-08-11,lublin,Spider-Man: Całkiem nowy dzień ukraiński dubbing,Lublin - Plaza,16:40,2D,dubbing,regular,1.0,https://tickets.cinema-city.pl/api/order/1614069?lang=pl,2026-08-11T08:59:21.911940
2026-08-11,lublin,Toy Story 5,Lublin - Plaza,16:40,2D,original,regular,1.0,https://tickets.cinema-city.pl/api/order/1614428?lang=pl,2026-08-11T08:59:21.911949
2026-08-11,lublin,Odyseja,Lublin - Plaza,17:10,2D,original,regular,1.0,https://tickets.cinema-city.pl/api/order/1612242?lang=pl,2026-08-11T08:59:21.911955
2026-08-11,lublin,Spider-Man: Całkiem nowy dzień,Lublin - Plaza,17:20,2D,original,regular,1.0,https://tickets.cinema-city.pl/api/order/1613797?lang=pl,2026-08-11T08:59:21.911960
2026-08-11,lublin,Psi patrol i dinozaury,Lublin - Plaza,17:20,2D,,regular,1.0,https://tickets.cinema-city.pl/api/order/1614632?lang=pl,2026-08-11T08:59:21.911966
2026-08-11,lublin,Spider-Man: Całkiem nowy dzień,Lublin - Plaza,18:10,2D,original,regular,1.0,https://tickets.cinema-city.pl/api/order/1613317?lang=pl,2026-08-11T08:59:21.911972
2026-08-11,lublin,Psi patrol i dinozaury,Lublin - Plaza,18:20,2D,,regular,1.0,https://tickets.cinema-city.pl/api/order/1613297?lang=pl,2026-08-11T08:59:21.911977
2026-08-11,lublin,UL - Historie równoległe,Lublin - Plaza,19:00,2D,original,regular,1.0,https://tickets.cinema-city.pl/api/order/1581023?lang=pl,2026-08-11T08:59:21.911985
2026-08-11,lublin,Spider-Man: Całkiem nowy dzień,Lublin - Plaza,19:00,2D,original,regular,1.0,https://tickets.cinema-city.pl/api/order/1612548?lang=pl,2026-08-11T08:59:21.911991
2026-08-11,lublin,Psi patrol i dinozaury,Lublin - Plaza,19:30,2D,,regular,1.0,https://tickets.cinema-city.pl/api/order/1614622?lang=pl,2026-08-11T08:59:21.911996
2026-08-11,lublin,Ice Cream Man,Lublin - Plaza,19:50,2D,original,regular,1.0,https://tickets.cinema-city.pl/api/order/1613880?lang=pl,2026-08-11T08:59:21.912002
2026-08-11,lublin,Spider-Man: Całkiem nowy dzień,Lublin - Plaza,20:30,2D,original,regular,1.0,https://tickets.cinema-city.pl/api/order/1613802?lang=pl,2026-08-11T08:59:21.912008
2026-08-11,lublin,Pejzaż w kolorze sepii,Lublin - Plaza,20:40,2D,original,regular,1.0,https://tickets.cinema-city.pl/api/order/1613302?lang=pl,2026-08-11T08:59:21.912014
2026-08-11,lublin,Odyseja,Lublin - Plaza,20:50,2D,original,regular,1.0,https://tickets.cinema-city.pl/api/order/1612248?lang=pl,2026-08-11T08:59:21.912020
2026-08-11,lublin,Spider-Man: Całkiem nowy dzień,Lublin - Plaza,21:20,2D,original,regular,1.0,https://tickets.cinema-city.pl/api/order/1613322?lang=pl,2026-08-11T08:59:21.912026
2026-08-11,lublin,Ice Cream Man,Lublin - Plaza,21:40,2D,original,regular,1.0,https://tickets.cinema-city.pl/api/order/1613912?lang=pl,2026-08-11T08:59:21.912032
2026-08-11,lublin,Backrooms. Bez wyjścia - wersja rozszerzona,Lublin - Plaza,22:00,2D,original,regular,1.0,https://tickets.cinema-city.pl/api/order/1614616?lang=pl,2026-08-11T08:59:21.912040
2026-08-11,lublin,Spider-Man: Całkiem nowy dzień,Lublin - Plaza,22:10,2D,original,regular,1.0,https://tickets.cinema-city.pl/api/order/1612553?lang=pl,2026-08-11T08:59:21.912046
2026-08-11,łódź,Ekipa zwierzaków,Łódź Manufaktura,10:45,2D,,regular,1.0,https://tickets.cinema-city.pl/api/order/1612947?lang=pl,2026-08-11T08:59:23.714343
2026-08-11,łódź,Spider-Man: Całkiem nowy dzień,Łódź Manufaktura,11:00,4DX,original,regular,1.0,https://tickets.cinema-city.pl/api/order/1612804?lang=pl,2026-08-11T08:59:23.714367
2026-08-11,łódź,Psi patrol i dinozaury,Łódź Manufaktura,11:20,2D,,regular,1.0,https://tickets.cinema-city.pl/api/order/1610180?lang=pl,2026-08-11T08:59:23.714376
2026-08-11,łódź,Minionki i straszydła,Łódź Manufaktura,11:20,2D,,regular,1.0,https://tickets.cinema-city.pl/api/order/1614182?lang=pl,2026-08-11T08:59:23.714383
2026-08-11,łódź,Backrooms. Bez wyjścia,Łódź Manufaktura,11:30,2D,original,regular,1.0,https://tickets.cinema-city.pl/api/order/1610992?lang=pl,2026-08-11T08:59:23.714391
2026-08-11,łódź,Minionki i straszydła,Łódź Manufaktura,12:00,2D,,regular,1.0,https://tickets.cinema-city.pl/api/order/1610112?lang=pl,2026-08-11T08:59:23.714397
2026-08-11,łódź,Spider-Man: Całkiem nowy dzień,Łódź Manufaktura,12:10,2D,original,regular,1.0,https://tickets.cinema-city.pl/api/order/1611848?lang=pl,2026-08-11T08:59:23.714404
2026-08-11,łódź,Toy Story 5,Łódź Manufaktura,12:25,2D,original,regular,1.0,https://tickets.cinema-city.pl/api/order/1614206?lang=pl,2026-08-11T08:59:23.714413
2026-08-11,łódź,Psi patrol i dinozaury,Łódź Manufaktura,12:30,2D,,regular,1.0,https://tickets.cinema-city.pl/api/order/1615174?lang=pl,2026-08-11T08:59:23.714419
2026-08-11,łódź,Góra mocy,Łódź Manufaktura,12:40,2D,original,regular,1.0,https://tickets.cinema-city.pl/api/order/1614254?lang=pl,2026-08-11T08:59:23.714426
2026-08-11,łódź,Odyseja,Łódź Manufaktura,13:00,2D,original,regular,1.0,https://tickets.cinema-city.pl/api/order/1610432?lang=pl,2026-08-11T08:59:23.714433
2026-08-11,łódź,Ice Cream Man,Łódź Manufaktura,13:00,2D,original,regular,1.0,https://tickets.cinema-city.pl/api/order/1612955?lang=pl,2026-08-11T08:59:23.714440
2026-08-11,łódź,Vaiana,Łódź Manufaktura,13:10,2D,original,regular,1.0,https://tickets.cinema-city.pl/api/order/1614236?lang=pl,2026-08-11T08:59:23.714446
2026-08-11,łódź,Psi patrol i dinozaury,Łódź Manufaktura,13:30,2D,,regular,1.0,https://tickets.cinema-city.pl/api/order/1610184?lang=pl,2026-08-11T08:59:23.714452
2026-08-11,łódź,Minionki i straszydła,Łódź Manufaktura,13:30,2D,,regular,1.0,https://tickets.cinema-city.pl/api/order/1614176?lang=pl,2026-08-11T08:59:23.714458
2026-08-11,łódź,Spider-Man: Całkiem nowy dzień,Łódź Manufaktura,13:40,2D,original,regular,1.0,https://tickets.cinema-city.pl/api/order/1609807?lang=pl,2026-08-11T08:59:23.714489
2026-08-11,łódź,Backrooms. Bez wyjścia,Łódź Manufaktura,13:55,2D,original,regular,1.0,https://tickets.cinema-city.pl/api/order/1610997?lang=pl,2026-08-11T08:59:23.714498
2026-08-11,łódź,Odyseja,Łódź Manufaktura,14:00,2D,original,regular,1.0,https://tickets.cinema-city.pl/api/order/1611542?lang=pl,2026-08-11T08:59:23.714505
2026-08-11,łódź,Minionki i straszydła,Łódź Manufaktura,14:10,2D,,regular,1.0,https://tickets.cinema-city.pl/api/order/1610118?lang=pl,2026-08-11T08:59:23.714510
2026-08-11,łódź,Spider-Man: Całkiem nowy dzień,Łódź Manufaktura,14:10,4DX,original,regular,1.0,https://tickets.cinema-city.pl/api/order/1612810?lang=pl,2026-08-11T08:59:23.714516
2026-08-11,łódź,Odyseja,Łódź Manufaktura,14:15,IMAX,original,regular,1.0,https://tickets.cinema-city.pl/api/order/1608864?lang=pl,2026-08-11T08:59:23.714520
2026-08-11,łódź,Toy Story 5,Łódź Manufaktura,14:40,2D,original,regular,1.0,https://tickets.cinema-city.pl/api/order/1614200?lang=pl,2026-08-11T08:59:23.714528
2026-08-11,łódź,Psi patrol i dinozaury,Łódź Manufaktura,14:40,2D,,regular,1.0,https://tickets.cinema-city.pl/api/order/1615180?lang=pl,2026-08-11T08:59:23.714533
2026-08-11,łódź,Spider-Man: Całkiem nowy dzień,Łódź Manufaktura,14:50,3D,original,regular,1.0,https://tickets.cinema-city.pl/api/order/1614140?lang=pl,2026-08-11T08:59:23.714539
2026-08-11,łódź,Spider-Man: Całkiem nowy dzień,Łódź Manufaktura,15:20,2D,original,regular,1.0,https://tickets.cinema-city.pl/api/order/1611853?lang=pl,2026-08-11T08:59:23.714545
2026-08-11,łódź,Spider-Man: Całkiem nowy dzień ukraiński dubbing,Łódź Manufaktura,15:30,2D,dubbing,regular,1.0,https://tickets.cinema-city.pl/api/order/1612962?lang=pl,2026-08-11T08:59:23.714552
2026-08-11,łódź,Psi patrol i dinozaury,Łódź Manufaktura,15:40,2D,,regular,1.0,https://tickets.cinema-city.pl/api/order/1610188?lang=pl,2026-08-11T08:59:23.714558
2026-08-11,łódź,Minionki i straszydła,Łódź Manufaktura,15:40,2D,,regular,1.0,https://tickets.cinema-city.pl/api/order/1614170?lang=pl,2026-08-11T08:59:23.714564
2026-08-11,łódź,Ice Cream Man,Łódź Manufaktura,15:50,2D,original,regular,1.0,https://tickets.cinema-city.pl/api/order/1614230?lang=pl,2026-08-11T08:59:23.714570
2026-08-11,łódź,Minionki i straszydła,Łódź Manufaktura,16:20,2D,,regular,1.0,https://tickets.cinema-city.pl/api/order/1610124?lang=pl,2026-08-11T08:59:23.714576
2026-08-11,łódź,Psi patrol i dinozaury ukraiński dubbing,Łódź Manufaktura,16:20,2D,dubbing,regular,1.0,https://tickets.cinema-city.pl/api/order/1610987?lang=pl,2026-08-11T08:59:23.714584
2026-08-11,łódź,Odyseja,Łódź Manufaktura,16:45,2D,original,regular,1.0,https://tickets.cinema-city.pl/api/order/1610466?lang=pl,2026-08-11T08:59:23.714590
2026-08-11,łódź,Spider-Man: Całkiem nowy dzień,Łódź Manufaktura,16:50,2D,original,regular,1.0,https://tickets.cinema-city.pl/api/order/1609812?lang=pl,2026-08-11T08:59:23.714597
2026-08-11,łódź,Psi patrol i dinozaury,Łódź Manufaktura,16:50,2D,,regular,1.0,https://tickets.cinema-city.pl/api/order/1615184?lang=pl,2026-08-11T08:59:23.714603
2026-08-11,łódź,Odyseja ukraiński dubbing,Łódź Manufaktura,17:00,2D,dubbing,regular,1.0,https://tickets.cinema-city.pl/api/order/1614194?lang=pl,2026-08-11T08:59:23.714611
2026-08-11,łódź,Spider-Man: Całkiem nowy dzień,Łódź Manufaktura,17:20,4DX,original,regular,1.0,https://tickets.cinema-city.pl/api/order/1612816?lang=pl,2026-08-11T08:59:23.714616
2026-08-11,łódź,Odyseja,Łódź Manufaktura,17:45,2D,original,regular,1.0,https://tickets.cinema-city.pl/api/order/1611548?lang=pl,2026-08-11T08:59:23.714622
2026-08-11,łódź,Pejzaż w kolorze sepii,Łódź Manufaktura,17:45,2D,original,regular,1.0,https://tickets.cinema-city.pl/api/order/1614164?lang=pl,2026-08-11T08:59:23.714629
2026-08-11,łódź,Psi patrol i dinozaury,Łódź Manufaktura,17:50,2D,,regular,1.0,https://tickets.cinema-city.pl/api/order/1610192?lang=pl,2026-08-11T08:59:23.714635
2026-08-11,łódź,Odyseja,Łódź Manufaktura,18:00,IMAX,original,regular,1.0,https://tickets.cinema-city.pl/api/order/1608871?lang=pl,2026-08-11T08:59:23.714639
2026-08-11,łódź,Spider-Man: Całkiem nowy dzień,Łódź Manufaktura,18:00,3D,original,regular,1.0,https://tickets.cinema-city.pl/api/order/1614146?lang=pl,2026-08-11T08:59:23.714645
2026-08-11,łódź,Ice Cream Man,Łódź Manufaktura,18:20,2D,original,regular,1.0,https://tickets.cinema-city.pl/api/order/1614224?lang=pl,2026-08-11T08:59:23.714651
2026-08-11,łódź,Kandydaci śmierci,Łódź Manufaktura,18:30,2D,original,regular,1.0,https://tickets.cinema-city.pl/api/order/1610130?lang=pl,2026-08-11T08:59:23.714658
2026-08-11,łódź,Do utraty tchu (re-release),Łódź Manufaktura,18:30,2D,original,regular,1.0,https://tickets.cinema-city.pl/api/order/1611002?lang=pl,2026-08-11T08:59:23.714665
2026-08-11,łódź,Spider-Man: Całkiem nowy dzień,Łódź Manufaktura,18:30,2D,original,regular,1.0,https://tickets.cinema-city.pl/api/order/1611858?lang=pl,2026-08-11T08:59:23.714671
2026-08-11,łódź,Spider-Man: Całkiem nowy dzień ukraiński dubbing,Łódź Manufaktura,18:40,2D,dubbing,regular,1.0,https://tickets.cinema-city.pl/api/order/1613666?lang=pl,2026-08-11T08:59:23.714677
2026-08-11,łódź,UL - Historie równoległe,Łódź Manufaktura,19:00,2D,original,regular,1.0,https://tickets.cinema-city.pl/api/order/1581021?lang=pl,2026-08-11T08:59:23.714686
2026-08-11,łódź,Spider-Man: Całkiem nowy dzień,Łódź Manufaktura,20:00,2D,original,regular,1.0,https://tickets.cinema-city.pl/api/order/1609817?lang=pl,2026-08-11T08:59:23.714692
2026-08-11,łódź,Psi patrol i dinozaury,Łódź Manufaktura,20:00,2D,,regular,1.0,https://tickets.cinema-city.pl/api/order/1610196?lang=pl,2026-08-11T08:59:23.714698
2026-08-11,łódź,Odyseja,Łódź Manufaktura,20:20,2D,original,regular,1.0,https://tickets.cinema-city.pl/api/order/1610474?lang=pl,2026-08-11T08:59:23.714704
2026-08-11,łódź,Spider-Man: Całkiem nowy dzień,Łódź Manufaktura,20:30,4DX,original,regular,1.0,https://tickets.cinema-city.pl/api/order/1612822?lang=pl,2026-08-11T08:59:23.714710
2026-08-11,łódź,Pejzaż w kolorze sepii,Łódź Manufaktura,20:30,2D,original,regular,1.0,https://tickets.cinema-city.pl/api/order/1614158?lang=pl,2026-08-11T08:59:23.714716
2026-08-11,łódź,Odyseja ukraiński dubbing,Łódź Manufaktura,20:40,2D,dubbing,regular,1.0,https://tickets.cinema-city.pl/api/order/1614188?lang=pl,2026-08-11T08:59:23.714722
2026-08-11,łódź,Gorzkie święta,Łódź Manufaktura,20:45,2D,original,regular,1.0,https://tickets.cinema-city.pl/api/order/1610136?lang=pl,2026-08-11T08:59:23.714728
2026-08-11,łódź,Backrooms. Bez wyjścia - wersja rozszerzona,Łódź Manufaktura,20:50,2D,original,regular,1.0,https://tickets.cinema-city.pl/api/order/1611007?lang=pl,2026-08-11T08:59:23.714735
2026-08-11,łódź,Ice Cream Man,Łódź Manufaktura,20:50,2D,original,regular,1.0,https://tickets.cinema-city.pl/api/order/1614218?lang=pl,2026-08-11T08:59:23.714741
2026-08-11,łódź,Zaproszenie,Łódź Manufaktura,21:10,2D,original,regular,1.0,https://tickets.cinema-city.pl/api/order/1614248?lang=pl,2026-08-11T08:59:23.714748
2026-08-11,łódź,Odyseja,Łódź Manufaktura,21:30,2D,original,regular,1.0,https://tickets.cinema-city.pl/api/order/1611554?lang=pl,2026-08-11T08:59:23.714754
2026-08-11,łódź,Spider-Man: Całkiem nowy dzień,Łódź Manufaktura,21:40,2D,original,regular,1.0,https://tickets.cinema-city.pl/api/order/1611863?lang=pl,2026-08-11T08:59:23.714761
2026-08-11,łódź,Odyseja,Łódź Manufaktura,21:45,IMAX,original,regular,1.0,https://tickets.cinema-city.pl/api/order/1608878?lang=pl,2026-08-11T08:59:23.714765
2026-08-11,łódź,Martwe zło: Ogień,Łódź Manufaktura,21:50,2D,original,regular,1.0,https://tickets.cinema-city.pl/api/order/1613669?lang=pl,2026-08-11T08:59:23.714772
2026-08-11,łódź,Spider-Man: Całkiem nowy dzień,Łódź Manufaktura,21:55,2D,original,regular,1.0,https://tickets.cinema-city.pl/api/order/1620936?lang=pl,2026-08-11T08:59:23.714779
2026-08-11,łódź,Backrooms. Bez wyjścia,Łódź Manufaktura,22:00,2D,original,regular,1.0,https://tickets.cinema-city.pl/api/order/1615255?lang=pl,2026-08-11T08:59:23.714785
2026-08-11,poznań,Psi patrol i dinozaury,Poznań - Kinepolis,11:20,2D,,regular,1.0,https://tickets.cinema-city.pl/api/order/1614754?lang=pl,2026-08-11T08:59:24.961568
2026-08-11,poznań,Psi patrol i dinozaury,Poznań - Kinepolis,11:50,2D,,regular,1.0,https://tickets.cinema-city.pl/api/order/1615558?lang=pl,2026-08-11T08:59:24.961589
2026-08-11,poznań,Spider-Man: Całkiem nowy dzień,Poznań - Kinepolis,12:30,2D,original,regular,1.0,https://tickets.cinema-city.pl/api/order/1614714?lang=pl,2026-08-11T08:59:24.961600
2026-08-11,poznań,Psi patrol i dinozaury,Poznań - Kinepolis,12:30,2D,,regular,1.0,https://tickets.cinema-city.pl/api/order/1614770?lang=pl,2026-08-11T08:59:24.961606
2026-08-11,poznań,Odyseja,Poznań - Kinepolis,12:30,2D,original,regular,1.0,https://tickets.cinema-city.pl/api/order/1615518?lang=pl,2026-08-11T08:59:24.961614
2026-08-11,poznań,Ice Cream Man,Poznań - Kinepolis,12:40,2D,original,regular,1.0,https://tickets.cinema-city.pl/api/order/1615548?lang=pl,2026-08-11T08:59:24.961621
2026-08-11,poznań,Vaiana,Poznań - Kinepolis,13:00,2D,original,regular,1.0,https://tickets.cinema-city.pl/api/order/1615576?lang=pl,2026-08-11T08:59:24.961629
2026-08-11,poznań,Spider-Man: Całkiem nowy dzień,Poznań - Kinepolis,13:00,2D,original,regular,1.0,https://tickets.cinema-city.pl/api/order/1615668?lang=pl,2026-08-11T08:59:24.961636
2026-08-11,poznań,Psi patrol i dinozaury,Poznań - Kinepolis,13:30,2D,,regular,1.0,https://tickets.cinema-city.pl/api/order/1614790?lang=pl,2026-08-11T08:59:24.961642
2026-08-11,poznań,Spider-Man: Całkiem nowy dzień,Poznań - Kinepolis,13:40,2D,original,regular,1.0,https://tickets.cinema-city.pl/api/order/1614737?lang=pl,2026-08-11T08:59:24.961648
2026-08-11,poznań,Psi patrol i dinozaury,Poznań - Kinepolis,14:00,2D,,regular,1.0,https://tickets.cinema-city.pl/api/order/1615590?lang=pl,2026-08-11T08:59:24.961655
2026-08-11,poznań,Psi patrol i dinozaury,Poznań - Kinepolis,14:40,2D,,regular,1.0,https://tickets.cinema-city.pl/api/order/1614766?lang=pl,2026-08-11T08:59:24.961660
2026-08-11,poznań,Ice Cream Man,Poznań - Kinepolis,15:10,2D,original,regular,1.0,https://tickets.cinema-city.pl/api/order/1615542?lang=pl,2026-08-11T08:59:24.961666
2026-08-11,poznań,Backrooms. Bez wyjścia - wersja rozszerzona,Poznań - Kinepolis,15:30,2D,original,regular,1.0,https://tickets.cinema-city.pl/api/order/1618264?lang=pl,2026-08-11T08:59:24.961674
2026-08-11,poznań,Spider-Man: Całkiem nowy dzień,Poznań - Kinepolis,15:40,2D,original,regular,1.0,https://tickets.cinema-city.pl/api/order/1614707?lang=pl,2026-08-11T08:59:24.961680
2026-08-11,poznań,Psi patrol i dinozaury,Poznań - Kinepolis,15:40,2D,,regular,1.0,https://tickets.cinema-city.pl/api/order/1614786?lang=pl,2026-08-11T08:59:24.961686
2026-08-11,poznań,Vaiana,Poznań - Kinepolis,15:40,2D,original,regular,1.0,https://tickets.cinema-city.pl/api/order/1615570?lang=pl,2026-08-11T08:59:24.961692
2026-08-11,poznań,Zaproszenie,Poznań - Kinepolis,15:50,2D,original,regular,1.0,https://tickets.cinema-city.pl/api/order/1616725?lang=pl,2026-08-11T08:59:24.961698
2026-08-11,poznań,Pejzaż w kolorze sepii,Poznań - Kinepolis,15:50,2D,original,regular,1.0,https://tickets.cinema-city.pl/api/order/1616756?lang=pl,2026-08-11T08:59:24.961704
2026-08-11,poznań,Psi patrol i dinozaury,Poznań - Kinepolis,16:10,2D,,regular,1.0,https://tickets.cinema-city.pl/api/order/1615586?lang=pl,2026-08-11T08:59:24.961710
2026-08-11,poznań,Spider-Man: Całkiem nowy dzień,Poznań - Kinepolis,16:10,2D,original,regular,1.0,https://tickets.cinema-city.pl/api/order/1615658?lang=pl,2026-08-11T08:59:24.961717
2026-08-11,poznań,Minionki i straszydła,Poznań - Kinepolis,16:10,2D,,regular,1.0,https://tickets.cinema-city.pl/api/order/1618491?lang=pl,2026-08-11T08:59:24.961724
2026-08-11,poznań,Odyseja,Poznań - Kinepolis,16:15,2D,original,regular,1.0,https://tickets.cinema-city.pl/api/order/1615512?lang=pl,2026-08-11T08:59:24.961731
2026-08-11,poznań,Vaiana,Poznań - Kinepolis,16:20,2D,original,regular,1.0,https://tickets.cinema-city.pl/api/order/1616659?lang=pl,2026-08-11T08:59:24.961737
2026-08-11,poznań,Dzień objawienia,Poznań - Kinepolis,16:20,2D,original,regular,1.0,https://tickets.cinema-city.pl/api/order/1620483?lang=pl,2026-08-11T08:59:24.961745
2026-08-11,poznań,Toy Story 5,Poznań - Kinepolis,16:30,2D,original,regular,1.0,https://tickets.cinema-city.pl/api/order/1616671?lang=pl,2026-08-11T08:59:24.961753
2026-08-11,poznań,Spider-Man: Całkiem nowy dzień,Poznań - Kinepolis,16:50,2D,original,regular,1.0,https://tickets.cinema-city.pl/api/order/1614732?lang=pl,2026-08-11T08:59:24.961759
2026-08-11,poznań,Psi patrol i dinozaury,Poznań - Kinepolis,16:50,2D,,regular,1.0,https://tickets.cinema-city.pl/api/order/1614762?lang=pl,2026-08-11T08:59:24.961765
2026-08-11,poznań,Kandydaci śmierci,Poznań - Kinepolis,17:30,2D,original,regular,1.0,https://tickets.cinema-city.pl/api/order/1616738?lang=pl,2026-08-11T08:59:24.961771
2026-08-11,poznań,Ice Cream Man,Poznań - Kinepolis,17:40,2D,original,regular,1.0,https://tickets.cinema-city.pl/api/order/1615536?lang=pl,2026-08-11T08:59:24.961777
2026-08-11,poznań,Odyseja,Poznań - Kinepolis,17:40,2D,original,regular,1.0,https://tickets.cinema-city.pl/api/order/1616689?lang=pl,2026-08-11T08:59:24.961784
2026-08-11,poznań,Psi patrol i dinozaury,Poznań - Kinepolis,17:50,2D,,regular,1.0,https://tickets.cinema-city.pl/api/order/1614782?lang=pl,2026-08-11T08:59:24.961789
2026-08-11,poznań,Odyseja,Poznań - Kinepolis,18:10,2D,original,regular,1.0,https://tickets.cinema-city.pl/api/order/1615564?lang=pl,2026-08-11T08:59:24.961796
2026-08-11,poznań,Zaproszenie,Poznań - Kinepolis,18:10,2D,original,regular,1.0,https://tickets.cinema-city.pl/api/order/1616719?lang=pl,2026-08-11T08:59:24.961801
2026-08-11,poznań,Spider-Man: Całkiem nowy dzień,Poznań - Kinepolis,18:15,3D,original,regular,1.0,https://tickets.cinema-city.pl/api/order/1615488?lang=pl,2026-08-11T08:59:24.961808
2026-08-11,poznań,Gorzkie święta,Poznań - Kinepolis,18:15,2D,original,regular,1.0,https://tickets.cinema-city.pl/api/order/1618265?lang=pl,2026-08-11T08:59:24.961815
2026-08-11,poznań,Minionki i straszydła,Poznań - Kinepolis,18:20,2D,,regular,1.0,https://tickets.cinema-city.pl/api/order/1618492?lang=pl,2026-08-11T08:59:24.961821
2026-08-11,poznań,Pejzaż w kolorze sepii,Poznań - Kinepolis,18:30,2D,original,regular,1.0,https://tickets.cinema-city.pl/api/order/1616750?lang=pl,2026-08-11T08:59:24.961826
2026-08-11,poznań,Spider-Man: Całkiem nowy dzień,Poznań - Kinepolis,18:50,2D,original,regular,1.0,https://tickets.cinema-city.pl/api/order/1614701?lang=pl,2026-08-11T08:59:24.961833
2026-08-11,poznań,Do utraty tchu (re-release),Poznań - Kinepolis,18:50,2D,original,regular,1.0,https://tickets.cinema-city.pl/api/order/1616647?lang=pl,2026-08-11T08:59:24.961840
2026-08-11,poznań,Psi patrol i dinozaury,Poznań - Kinepolis,19:00,2D,,regular,1.0,https://tickets.cinema-city.pl/api/order/1614758?lang=pl,2026-08-11T08:59:24.961845
2026-08-11,poznań,Spider-Man: Całkiem nowy dzień,Poznań - Kinepolis,19:00,2D,original,regular,1.0,https://tickets.cinema-city.pl/api/order/1616665?lang=pl,2026-08-11T08:59:24.961851
2026-08-11,poznań,Spider-Man: Całkiem nowy dzień,Poznań - Kinepolis,19:20,2D,original,regular,1.0,https://tickets.cinema-city.pl/api/order/1615663?lang=pl,2026-08-11T08:59:24.961858
2026-08-11,poznań,Obsesja,Poznań - Kinepolis,19:30,2D,original,regular,1.0,https://tickets.cinema-city.pl/api/order/1620481?lang=pl,2026-08-11T08:59:24.961864
2026-08-11,poznań,Odyseja,Poznań - Kinepolis,19:50,2D,original,regular,1.0,https://tickets.cinema-city.pl/api/order/1616731?lang=pl,2026-08-11T08:59:24.961871
2026-08-11,poznań,Spider-Man: Całkiem nowy dzień,Poznań - Kinepolis,20:00,2D,original,regular,1.0,https://tickets.cinema-city.pl/api/order/1614727?lang=pl,2026-08-11T08:59:24.961877
2026-08-11,poznań,Odyseja,Poznań - Kinepolis,20:00,2D,original,regular,1.0,https://tickets.cinema-city.pl/api/order/1615506?lang=pl,2026-08-11T08:59:24.961883
2026-08-11,poznań,Jej piekło,Poznań - Kinepolis,20:00,2D,original,regular,1.0,https://tickets.cinema-city.pl/api/order/1620812?lang=pl,2026-08-11T08:59:24.961891
2026-08-11,poznań,Ice Cream Man,Poznań - Kinepolis,20:15,2D,original,regular,1.0,https://tickets.cinema-city.pl/api/order/1615530?lang=pl,2026-08-11T08:59:24.961897
2026-08-11,poznań,Odyseja,Poznań - Kinepolis,20:30,2D,original,regular,1.0,https://tickets.cinema-city.pl/api/order/1618493?lang=pl,2026-08-11T08:59:24.961903
2026-08-11,poznań,Umamusume: Pretty Derby - Beginning of a New Era,Poznań - Kinepolis,20:40,2D,original,regular,1.0,https://tickets.cinema-city.pl/api/order/1616713?lang=pl,2026-08-11T08:59:24.961909
2026-08-11,poznań,Backrooms. Bez wyjścia - wersja rozszerzona,Poznań - Kinepolis,20:50,2D,original,regular,1.0,https://tickets.cinema-city.pl/api/order/1618266?lang=pl,2026-08-11T08:59:24.961916
2026-08-11,poznań,Ostatni konsjerż,Poznań - Kinepolis,21:00,2D,original,regular,1.0,https://tickets.cinema-city.pl/api/order/1616653?lang=pl,2026-08-11T08:59:24.961924
2026-08-11,poznań,Spider-Man: Całkiem nowy dzień,Poznań - Kinepolis,21:10,2D,original,regular,1.0,https://tickets.cinema-city.pl/api/order/1614750?lang=pl,2026-08-11T08:59:24.961930
2026-08-11,poznań,Odyseja,Poznań - Kinepolis,21:20,2D,original,regular,1.0,https://tickets.cinema-city.pl/api/order/1616683?lang=pl,2026-08-11T08:59:24.961936
2026-08-11,poznań,Martwe zło: Ogień,Poznań - Kinepolis,21:20,2D,original,regular,1.0,https://tickets.cinema-city.pl/api/order/1616744?lang=pl,2026-08-11T08:59:24.961943
2026-08-11,poznań,Spider-Man: Całkiem nowy dzień,Poznań - Kinepolis,21:30,3D,original,regular,1.0,https://tickets.cinema-city.pl/api/order/1615494?lang=pl,2026-08-11T08:59:24.961949
2026-08-11,poznań,Odyseja,Poznań - Kinepolis,21:40,2D,original,regular,1.0,https://tickets.cinema-city.pl/api/order/1615500?lang=pl,2026-08-11T08:59:24.961955
2026-08-11,poznań,Spider-Man: Całkiem nowy dzień,Poznań - Kinepolis,22:00,2D,original,regular,1.0,https://tickets.cinema-city.pl/api/order/1614720?lang=pl,2026-08-11T08:59:24.961961
2026-08-11,poznań,Obsesja,Poznań - Kinepolis,22:00,2D,original,regular,1.0,https://tickets.cinema-city.pl/api/order/1616695?lang=pl,2026-08-11T08:59:24.961967
2026-08-11,poznań,Straszny film,Poznań - Kinepolis,22:10,2D,original,regular,1.0,https://tickets.cinema-city.pl/api/order/1616677?lang=pl,2026-08-11T08:59:24.961974
2026-08-11,poznań,Jej piekło,Poznań - Kinepolis,22:30,2D,original,regular,1.0,https://tickets.cinema-city.pl/api/order/1614694?lang=pl,2026-08-11T08:59:24.961980
2026-08-11,poznań,Obsesja,Poznań - Kinepolis,22:30,2D,original,regular,1.0,https://tickets.cinema-city.pl/api/order/1620628?lang=pl,2026-08-11T08:59:24.961987
2026-08-11,poznań,Psi patrol i dinozaury,Poznań - Plaza,10:50,2D,,regular,1.0,https://tickets.cinema-city.pl/api/order/1619327?lang=pl,2026-08-11T08:59:26.441229
2026-08-11,poznań,Spider-Man: Całkiem nowy dzień,Poznań - Plaza,11:40,2D,original,regular,1.0,https://tickets.cinema-city.pl/api/order/1619593?lang=pl,2026-08-11T08:59:26.441254
2026-08-11,poznań,Psi patrol i dinozaury,Poznań - Plaza,11:50,2D,,regular,1.0,https://tickets.cinema-city.pl/api/order/1617463?lang=pl,2026-08-11T08:59:26.441261
2026-08-11,poznań,Ice Cream Man,Poznań - Plaza,12:00,2D,original,regular,1.0,https://tickets.cinema-city.pl/api/order/1614352?lang=pl,2026-08-11T08:59:26.441270
2026-08-11,poznań,Toy Story 5,Poznań - Plaza,12:30,2D,original,regular,1.0,https://tickets.cinema-city.pl/api/order/1615195?lang=pl,2026-08-11T08:59:26.441278
2026-08-11,poznań,Spider-Man: Całkiem nowy dzień,Poznań - Plaza,12:40,2D,original,regular,1.0,https://tickets.cinema-city.pl/api/order/1619374?lang=pl,2026-08-11T08:59:26.441285
2026-08-11,poznań,Psi patrol i dinozaury,Poznań - Plaza,13:00,2D,,regular,1.0,https://tickets.cinema-city.pl/api/order/1619331?lang=pl,2026-08-11T08:59:26.441291
2026-08-11,poznań,Spider-Man: Całkiem nowy dzień ukraiński dubbing,Poznań - Plaza,13:10,2D,dubbing,regular,1.0,https://tickets.cinema-city.pl/api/order/1617881?lang=pl,2026-08-11T08:59:26.441299
2026-08-11,poznań,Spider-Man: Całkiem nowy dzień,Poznań - Plaza,13:20,2D,original,regular,1.0,https://tickets.cinema-city.pl/api/order/1615405?lang=pl,2026-08-11T08:59:26.441306
2026-08-11,poznań,Psi patrol i dinozaury,Poznań - Plaza,14:00,2D,,regular,1.0,https://tickets.cinema-city.pl/api/order/1617466?lang=pl,2026-08-11T08:59:26.441312
2026-08-11,poznań,Odyseja,Poznań - Plaza,14:10,2D,original,regular,1.0,https://tickets.cinema-city.pl/api/order/1619561?lang=pl,2026-08-11T08:59:26.441320
2026-08-11,poznań,Odyseja,Poznań - Plaza,14:15,IMAX,original,regular,1.0,https://tickets.cinema-city.pl/api/order/1608838?lang=pl,2026-08-11T08:59:26.441324
2026-08-11,poznań,Psi patrol i dinozaury ukraiński dubbing,Poznań - Plaza,14:30,2D,dubbing,regular,1.0,https://tickets.cinema-city.pl/api/order/1614346?lang=pl,2026-08-11T08:59:26.441333
2026-08-11,poznań,Minionki i straszydła,Poznań - Plaza,15:00,2D,,regular,1.0,https://tickets.cinema-city.pl/api/order/1615253?lang=pl,2026-08-11T08:59:26.441340
2026-08-11,poznań,Spider-Man: Całkiem nowy dzień,Poznań - Plaza,15:00,3D,original,regular,1.0,https://tickets.cinema-city.pl/api/order/1620732?lang=pl,2026-08-11T08:59:26.441346
2026-08-11,poznań,Psi patrol i dinozaury,Poznań - Plaza,15:10,2D,,regular,1.0,https://tickets.cinema-city.pl/api/order/1619335?lang=pl,2026-08-11T08:59:26.441351
2026-08-11,poznań,Spider-Man: Całkiem nowy dzień,Poznań - Plaza,15:50,2D,original,regular,1.0,https://tickets.cinema-city.pl/api/order/1619380?lang=pl,2026-08-11T08:59:26.441357
2026-08-11,poznań,Psi patrol i dinozaury,Poznań - Plaza,16:10,2D,,regular,1.0,https://tickets.cinema-city.pl/api/order/1617468?lang=pl,2026-08-11T08:59:26.441363
2026-08-11,poznań,Vaiana,Poznań - Plaza,16:15,2D,original,regular,1.0,https://tickets.cinema-city.pl/api/order/1617920?lang=pl,2026-08-11T08:59:26.441370
2026-08-11,poznań,Spider-Man: Całkiem nowy dzień,Poznań - Plaza,16:30,2D,original,regular,1.0,https://tickets.cinema-city.pl/api/order/1615410?lang=pl,2026-08-11T08:59:26.441377
2026-08-11,poznań,Spider-Man: Całkiem nowy dzień,Poznań - Plaza,16:50,2D,original,regular,1.0,https://tickets.cinema-city.pl/api/order/1614355?lang=pl,2026-08-11T08:59:26.441382
2026-08-11,poznań,Odyseja,Poznań - Plaza,17:10,2D,original,regular,1.0,https://tickets.cinema-city.pl/api/order/1615278?lang=pl,2026-08-11T08:59:26.441389
2026-08-11,poznań,Psi patrol i dinozaury,Poznań - Plaza,17:20,2D,,regular,1.0,https://tickets.cinema-city.pl/api/order/1619339?lang=pl,2026-08-11T08:59:26.441395
2026-08-11,poznań,Minionki i straszydła,Poznań - Plaza,17:40,2D,,regular,1.0,https://tickets.cinema-city.pl/api/order/1619563?lang=pl,2026-08-11T08:59:26.441400
2026-08-11,poznań,Odyseja,Poznań - Plaza,18:00,IMAX,original,regular,1.0,https://tickets.cinema-city.pl/api/order/1608844?lang=pl,2026-08-11T08:59:26.441405
2026-08-11,poznań,Spider-Man: Całkiem nowy dzień,Poznań - Plaza,18:10,3D,original,regular,1.0,https://tickets.cinema-city.pl/api/order/1620733?lang=pl,2026-08-11T08:59:26.441410
2026-08-11,poznań,Psi patrol i dinozaury,Poznań - Plaza,18:20,2D,,regular,1.0,https://tickets.cinema-city.pl/api/order/1617474?lang=pl,2026-08-11T08:59:26.441416
2026-08-11,poznań,UL - Historie równoległe,Poznań - Plaza,19:00,2D,original,regular,1.0,https://tickets.cinema-city.pl/api/order/1581016?lang=pl,2026-08-11T08:59:26.441424
2026-08-11,poznań,Spider-Man: Całkiem nowy dzień,Poznań - Plaza,19:00,2D,original,regular,1.0,https://tickets.cinema-city.pl/api/order/1619386?lang=pl,2026-08-11T08:59:26.441431
2026-08-11,poznań,Psi patrol i dinozaury,Poznań - Plaza,19:30,2D,,regular,1.0,https://tickets.cinema-city.pl/api/order/1619343?lang=pl,2026-08-11T08:59:26.441436
2026-08-11,poznań,Spider-Man: Całkiem nowy dzień,Poznań - Plaza,19:40,2D,original,regular,1.0,https://tickets.cinema-city.pl/api/order/1615416?lang=pl,2026-08-11T08:59:26.441442
2026-08-11,poznań,Odyseja,Poznań - Plaza,19:50,2D,original,regular,1.0,https://tickets.cinema-city.pl/api/order/1619564?lang=pl,2026-08-11T08:59:26.441448
2026-08-11,poznań,Ice Cream Man,Poznań - Plaza,20:00,2D,original,regular,1.0,https://tickets.cinema-city.pl/api/order/1614358?lang=pl,2026-08-11T08:59:26.441454
2026-08-11,poznań,Spider-Man: Całkiem nowy dzień,Poznań - Plaza,20:30,2D,original,regular,1.0,https://tickets.cinema-city.pl/api/order/1617430?lang=pl,2026-08-11T08:59:26.441460
2026-08-11,poznań,Odyseja,Poznań - Plaza,20:50,2D,original,regular,1.0,https://tickets.cinema-city.pl/api/order/1615284?lang=pl,2026-08-11T08:59:26.441493
2026-08-11,poznań,Spider-Man: Całkiem nowy dzień,Poznań - Plaza,21:20,3D,original,regular,1.0,https://tickets.cinema-city.pl/api/order/1620734?lang=pl,2026-08-11T08:59:26.441501
2026-08-11,poznań,Odyseja,Poznań - Plaza,21:45,IMAX,original,regular,1.0,https://tickets.cinema-city.pl/api/order/1608850?lang=pl,2026-08-11T08:59:26.441506
2026-08-11,poznań,Pejzaż w kolorze sepii,Poznań - Plaza,21:45,2D,original,regular,1.0,https://tickets.cinema-city.pl/api/order/1619347?lang=pl,2026-08-11T08:59:26.441513
2026-08-11,poznań,Zaproszenie,Poznań - Plaza,22:00,2D,original,regular,1.0,https://tickets.cinema-city.pl/api/order/1617932?lang=pl,2026-08-11T08:59:26.441520
2026-08-11,poznań,Spider-Man: Całkiem nowy dzień,Poznań - Plaza,22:10,2D,original,regular,1.0,https://tickets.cinema-city.pl/api/order/1619392?lang=pl,2026-08-11T08:59:26.441526
2026-08-11,poznań,Ice Cream Man,Poznań - Plaza,22:30,2D,original,regular,1.0,https://tickets.cinema-city.pl/api/order/1614361?lang=pl,2026-08-11T08:59:26.441532
2026-08-11,ruda-śląska,Toy Story 5,Ruda Śląska,10:50,2D,original,regular,1.0,https://tickets.cinema-city.pl/api/order/1609161?lang=pl,2026-08-11T08:59:27.687198
2026-08-11,ruda-śląska,Minionki i straszydła,Ruda Śląska,11:00,2D,,regular,1.0,https://tickets.cinema-city.pl/api/order/1609348?lang=pl,2026-08-11T08:59:27.687224
2026-08-11,ruda-śląska,Psi patrol i dinozaury,Ruda Śląska,11:20,2D,,regular,1.0,https://tickets.cinema-city.pl/api/order/1611011?lang=pl,2026-08-11T08:59:27.687231
2026-08-11,ruda-śląska,Spider-Man: Całkiem nowy dzień,Ruda Śląska,11:30,2D,original,regular,1.0,https://tickets.cinema-city.pl/api/order/1613214?lang=pl,2026-08-11T08:59:27.687239
2026-08-11,ruda-śląska,Spider-Man: Całkiem nowy dzień,Ruda Śląska,12:20,2D,original,regular,1.0,https://tickets.cinema-city.pl/api/order/1609142?lang=pl,2026-08-11T08:59:27.687245
2026-08-11,ruda-śląska,Psi patrol i dinozaury,Ruda Śląska,12:30,2D,,regular,1.0,https://tickets.cinema-city.pl/api/order/1609118?lang=pl,2026-08-11T08:59:27.687251
2026-08-11,ruda-śląska,Vaiana,Ruda Śląska,13:10,2D,original,regular,1.0,https://tickets.cinema-city.pl/api/order/1609358?lang=pl,2026-08-11T08:59:27.687258
2026-08-11,ruda-śląska,Spider-Man: Całkiem nowy dzień,Ruda Śląska,13:10,2D,original,regular,1.0,https://tickets.cinema-city.pl/api/order/1613130?lang=pl,2026-08-11T08:59:27.687264
2026-08-11,ruda-śląska,Ice Cream Man,Ruda Śląska,13:20,2D,original,regular,1.0,https://tickets.cinema-city.pl/api/order/1609167?lang=pl,2026-08-11T08:59:27.687271
2026-08-11,ruda-śląska,Psi patrol i dinozaury,Ruda Śląska,13:30,2D,,regular,1.0,https://tickets.cinema-city.pl/api/order/1611014?lang=pl,2026-08-11T08:59:27.687276
2026-08-11,ruda-śląska,Spider-Man: Całkiem nowy dzień,Ruda Śląska,13:50,2D,original,regular,1.0,https://tickets.cinema-city.pl/api/order/1609253?lang=pl,2026-08-11T08:59:27.687283
2026-08-11,ruda-śląska,Psi patrol i dinozaury,Ruda Śląska,14:40,2D,,regular,1.0,https://tickets.cinema-city.pl/api/order/1609122?lang=pl,2026-08-11T08:59:27.687289
2026-08-11,ruda-śląska,Spider-Man: Całkiem nowy dzień,Ruda Śląska,14:40,2D,original,regular,1.0,https://tickets.cinema-city.pl/api/order/1613272?lang=pl,2026-08-11T08:59:27.687295
2026-08-11,ruda-śląska,Spider-Man: Całkiem nowy dzień,Ruda Śląska,15:30,2D,original,regular,1.0,https://tickets.cinema-city.pl/api/order/1609148?lang=pl,2026-08-11T08:59:27.687301
2026-08-11,ruda-śląska,Psi patrol i dinozaury,Ruda Śląska,15:40,2D,,regular,1.0,https://tickets.cinema-city.pl/api/order/1611017?lang=pl,2026-08-11T08:59:27.687306
2026-08-11,ruda-śląska,Minionki i straszydła,Ruda Śląska,15:50,2D,,regular,1.0,https://tickets.cinema-city.pl/api/order/1609353?lang=pl,2026-08-11T08:59:27.687312
2026-08-11,ruda-śląska,Odyseja,Ruda Śląska,16:00,2D,original,regular,1.0,https://tickets.cinema-city.pl/api/order/1609173?lang=pl,2026-08-11T08:59:27.687318
2026-08-11,ruda-śląska,Toy Story 5,Ruda Śląska,16:20,2D,original,regular,1.0,https://tickets.cinema-city.pl/api/order/1613158?lang=pl,2026-08-11T08:59:27.687326
2026-08-11,ruda-śląska,Psi patrol i dinozaury,Ruda Śląska,16:50,2D,,regular,1.0,https://tickets.cinema-city.pl/api/order/1609126?lang=pl,2026-08-11T08:59:27.687331
2026-08-11,ruda-śląska,Spider-Man: Całkiem nowy dzień,Ruda Śląska,17:00,2D,original,regular,1.0,https://tickets.cinema-city.pl/api/order/1609258?lang=pl,2026-08-11T08:59:27.687337
2026-08-11,ruda-śląska,Psi patrol i dinozaury,Ruda Śląska,17:50,2D,,regular,1.0,https://tickets.cinema-city.pl/api/order/1611020?lang=pl,2026-08-11T08:59:27.687342
2026-08-11,ruda-śląska,Spider-Man: Całkiem nowy dzień,Ruda Śląska,17:50,2D,original,regular,1.0,https://tickets.cinema-city.pl/api/order/1613327?lang=pl,2026-08-11T08:59:27.687348
2026-08-11,ruda-śląska,Ice Cream Man,Ruda Śląska,18:10,2D,original,regular,1.0,https://tickets.cinema-city.pl/api/order/1613516?lang=pl,2026-08-11T08:59:27.687354
2026-08-11,ruda-śląska,Spider-Man: Całkiem nowy dzień,Ruda Śląska,18:40,2D,original,regular,1.0,https://tickets.cinema-city.pl/api/order/1609155?lang=pl,2026-08-11T08:59:27.687361
2026-08-11,ruda-śląska,UL - Historie równoległe,Ruda Śląska,19:00,2D,original,regular,1.0,https://tickets.cinema-city.pl/api/order/1581025?lang=pl,2026-08-11T08:59:27.687369
2026-08-11,ruda-śląska,Psi patrol i dinozaury,Ruda Śląska,19:00,2D,,regular,1.0,https://tickets.cinema-city.pl/api/order/1609130?lang=pl,2026-08-11T08:59:27.687375
2026-08-11,ruda-śląska,Odyseja,Ruda Śląska,19:30,2D,original,regular,1.0,https://tickets.cinema-city.pl/api/order/1609179?lang=pl,2026-08-11T08:59:27.687381
2026-08-11,ruda-śląska,Pejzaż w kolorze sepii,Ruda Śląska,20:00,2D,original,regular,1.0,https://tickets.cinema-city.pl/api/order/1613362?lang=pl,2026-08-11T08:59:27.687388
2026-08-11,ruda-śląska,Spider-Man: Całkiem nowy dzień,Ruda Śląska,20:10,2D,original,regular,1.0,https://tickets.cinema-city.pl/api/order/1609263?lang=pl,2026-08-11T08:59:27.687393
2026-08-11,ruda-śląska,Ice Cream Man,Ruda Śląska,20:40,2D,original,regular,1.0,https://tickets.cinema-city.pl/api/order/1613542?lang=pl,2026-08-11T08:59:27.687399
2026-08-11,ruda-śląska,Spider-Man: Całkiem nowy dzień,Ruda Śląska,21:00,2D,original,regular,1.0,https://tickets.cinema-city.pl/api/order/1613328?lang=pl,2026-08-11T08:59:27.687405
2026-08-11,ruda-śląska,Backrooms. Bez wyjścia - wersja rozszerzona,Ruda Śląska,21:10,2D,original,regular,1.0,https://tickets.cinema-city.pl/api/order/1612072?lang=pl,2026-08-11T08:59:27.687413
2026-08-11,rybnik,Minionki i straszydła,Rybnik,10:50,2D,,regular,1.0,https://tickets.cinema-city.pl/api/order/1612748?lang=pl,2026-08-11T08:59:29.158909
2026-08-11,rybnik,Psi patrol i dinozaury,Rybnik,11:20,2D,,regular,1.0,https://tickets.cinema-city.pl/api/order/1611334?lang=pl,2026-08-11T08:59:29.158931
2026-08-11,rybnik,Spider-Man: Całkiem nowy dzień,Rybnik,11:30,2D,original,regular,1.0,https://tickets.cinema-city.pl/api/order/1611801?lang=pl,2026-08-11T08:59:29.158940
2026-08-11,rybnik,Spider-Man: Całkiem nowy dzień,Rybnik,12:10,2D,original,regular,1.0,https://tickets.cinema-city.pl/api/order/1613170?lang=pl,2026-08-11T08:59:29.158946
2026-08-11,rybnik,Psi patrol i dinozaury,Rybnik,12:30,2D,,regular,1.0,https://tickets.cinema-city.pl/api/order/1613404?lang=pl,2026-08-11T08:59:29.158952
2026-08-11,rybnik,Odyseja,Rybnik,12:40,2D,original,regular,1.0,https://tickets.cinema-city.pl/api/order/1615103?lang=pl,2026-08-11T08:59:29.158958
2026-08-11,rybnik,Toy Story 5,Rybnik,13:00,2D,original,regular,1.0,https://tickets.cinema-city.pl/api/order/1612753?lang=pl,2026-08-11T08:59:29.158967
2026-08-11,rybnik,Ice Cream Man,Rybnik,13:10,2D,original,regular,1.0,https://tickets.cinema-city.pl/api/order/1615249?lang=pl,2026-08-11T08:59:29.158974
2026-08-11,rybnik,Psi patrol i dinozaury,Rybnik,13:30,2D,,regular,1.0,https://tickets.cinema-city.pl/api/order/1611338?lang=pl,2026-08-11T08:59:29.158979
2026-08-11,rybnik,Spider-Man: Całkiem nowy dzień,Rybnik,13:50,2D,original,regular,1.0,https://tickets.cinema-city.pl/api/order/1612778?lang=pl,2026-08-11T08:59:29.158987
2026-08-11,rybnik,Spider-Man: Całkiem nowy dzień,Rybnik,14:40,2D,original,regular,1.0,https://tickets.cinema-city.pl/api/order/1611806?lang=pl,2026-08-11T08:59:29.158992
2026-08-11,rybnik,Psi patrol i dinozaury,Rybnik,14:40,2D,,regular,1.0,https://tickets.cinema-city.pl/api/order/1613407?lang=pl,2026-08-11T08:59:29.158998
2026-08-11,rybnik,Spider-Man: Całkiem nowy dzień,Rybnik,15:20,2D,original,regular,1.0,https://tickets.cinema-city.pl/api/order/1613173?lang=pl,2026-08-11T08:59:29.159003
2026-08-11,rybnik,Vaiana,Rybnik,15:30,2D,original,regular,1.0,https://tickets.cinema-city.pl/api/order/1612758?lang=pl,2026-08-11T08:59:29.159010
2026-08-11,rybnik,Psi patrol i dinozaury,Rybnik,15:40,2D,,regular,1.0,https://tickets.cinema-city.pl/api/order/1611342?lang=pl,2026-08-11T08:59:29.159015
2026-08-11,rybnik,Odyseja,Rybnik,15:50,2D,original,regular,1.0,https://tickets.cinema-city.pl/api/order/1615279?lang=pl,2026-08-11T08:59:29.159021
2026-08-11,rybnik,Gorzkie święta,Rybnik,16:20,2D,original,regular,1.0,https://tickets.cinema-city.pl/api/order/1615114?lang=pl,2026-08-11T08:59:29.159027
2026-08-11,rybnik,Psi patrol i dinozaury,Rybnik,16:50,2D,,regular,1.0,https://tickets.cinema-city.pl/api/order/1613410?lang=pl,2026-08-11T08:59:29.159033
2026-08-11,rybnik,Spider-Man: Całkiem nowy dzień,Rybnik,17:00,2D,original,regular,1.0,https://tickets.cinema-city.pl/api/order/1612783?lang=pl,2026-08-11T08:59:29.159039
2026-08-11,rybnik,Psi patrol i dinozaury,Rybnik,17:50,2D,,regular,1.0,https://tickets.cinema-city.pl/api/order/1611346?lang=pl,2026-08-11T08:59:29.159045
2026-08-11,rybnik,Spider-Man: Całkiem nowy dzień,Rybnik,17:50,2D,original,regular,1.0,https://tickets.cinema-city.pl/api/order/1611811?lang=pl,2026-08-11T08:59:29.159051
2026-08-11,rybnik,Minionki i straszydła,Rybnik,18:20,2D,,regular,1.0,https://tickets.cinema-city.pl/api/order/1612763?lang=pl,2026-08-11T08:59:29.159056
2026-08-11,rybnik,Spider-Man: Całkiem nowy dzień,Rybnik,18:30,2D,original,regular,1.0,https://tickets.cinema-city.pl/api/order/1613176?lang=pl,2026-08-11T08:59:29.159062
2026-08-11,rybnik,UL - Historie równoległe,Rybnik,19:00,2D,original,regular,1.0,https://tickets.cinema-city.pl/api/order/1581028?lang=pl,2026-08-11T08:59:29.159071
2026-08-11,rybnik,Psi patrol i dinozaury,Rybnik,19:00,2D,,regular,1.0,https://tickets.cinema-city.pl/api/order/1613413?lang=pl,2026-08-11T08:59:29.159076
2026-08-11,rybnik,Odyseja,Rybnik,19:30,2D,original,regular,1.0,https://tickets.cinema-city.pl/api/order/1615293?lang=pl,2026-08-11T08:59:29.159082
2026-08-11,rybnik,Ice Cream Man,Rybnik,20:00,2D,original,regular,1.0,https://tickets.cinema-city.pl/api/order/1611352?lang=pl,2026-08-11T08:59:29.159087
2026-08-11,rybnik,Spider-Man: Całkiem nowy dzień,Rybnik,20:10,2D,original,regular,1.0,https://tickets.cinema-city.pl/api/order/1612788?lang=pl,2026-08-11T08:59:29.159094
2026-08-11,rybnik,Pejzaż w kolorze sepii,Rybnik,20:30,2D,original,regular,1.0,https://tickets.cinema-city.pl/api/order/1612768?lang=pl,2026-08-11T08:59:29.159101
2026-08-11,rybnik,Spider-Man: Całkiem nowy dzień,Rybnik,21:00,2D,original,regular,1.0,https://tickets.cinema-city.pl/api/order/1611816?lang=pl,2026-08-11T08:59:29.159107
2026-08-11,rybnik,Obsesja,Rybnik,21:20,2D,original,regular,1.0,https://tickets.cinema-city.pl/api/order/1613416?lang=pl,2026-08-11T08:59:29.159113
2026-08-11,rybnik,Spider-Man: Całkiem nowy dzień,Rybnik,21:45,2D,original,regular,1.0,https://tickets.cinema-city.pl/api/order/1613179?lang=pl,2026-08-11T08:59:29.159119
2026-08-11,rybnik,Martwe zło: Ogień,Rybnik,22:00,2D,original,regular,1.0,https://tickets.cinema-city.pl/api/order/1615181?lang=pl,2026-08-11T08:59:29.159125
2026-08-11,rybnik,Ice Cream Man,Rybnik,22:15,2D,original,regular,1.0,https://tickets.cinema-city.pl/api/order/1611358?lang=pl,2026-08-11T08:59:29.159130
2026-08-11,sosnowiec,Vaiana,Sosnowiec,12:00,2D,original,regular,1.0,https://tickets.cinema-city.pl/api/order/1610201?lang=pl,2026-08-11T08:59:31.197903
2026-08-11,sosnowiec,Spider-Man: Całkiem nowy dzień,Sosnowiec,12:00,2D,original,regular,1.0,https://tickets.cinema-city.pl/api/order/1611224?lang=pl,2026-08-11T08:59:31.197926
2026-08-11,sosnowiec,Psi patrol i dinozaury,Sosnowiec,12:10,2D,,regular,1.0,https://tickets.cinema-city.pl/api/order/1610470?lang=pl,2026-08-11T08:59:31.197933
2026-08-11,sosnowiec,Toy Story 5,Sosnowiec,12:15,2D,original,regular,1.0,https://tickets.cinema-city.pl/api/order/1611286?lang=pl,2026-08-11T08:59:31.197942
2026-08-11,sosnowiec,Minionki i straszydła,Sosnowiec,12:30,2D,,regular,1.0,https://tickets.cinema-city.pl/api/order/1611047?lang=pl,2026-08-11T08:59:31.197949
2026-08-11,sosnowiec,Spider-Man: Całkiem nowy dzień,Sosnowiec,13:40,2D,original,regular,1.0,https://tickets.cinema-city.pl/api/order/1610175?lang=pl,2026-08-11T08:59:31.197955
2026-08-11,sosnowiec,Psi patrol i dinozaury,Sosnowiec,14:20,2D,,regular,1.0,https://tickets.cinema-city.pl/api/order/1610473?lang=pl,2026-08-11T08:59:31.197961
2026-08-11,sosnowiec,Odyseja,Sosnowiec,14:30,2D,original,regular,1.0,https://tickets.cinema-city.pl/api/order/1611053?lang=pl,2026-08-11T08:59:31.197967
2026-08-11,sosnowiec,Spider-Man: Całkiem nowy dzień,Sosnowiec,14:30,3D,original,regular,1.0,https://tickets.cinema-city.pl/api/order/1611290?lang=pl,2026-08-11T08:59:31.197973
2026-08-11,sosnowiec,Vaiana,Sosnowiec,14:45,2D,original,regular,1.0,https://tickets.cinema-city.pl/api/order/1610202?lang=pl,2026-08-11T08:59:31.197979
2026-08-11,sosnowiec,Spider-Man: Całkiem nowy dzień,Sosnowiec,15:10,2D,original,regular,1.0,https://tickets.cinema-city.pl/api/order/1611227?lang=pl,2026-08-11T08:59:31.197985
2026-08-11,sosnowiec,Psi patrol i dinozaury,Sosnowiec,16:30,2D,,regular,1.0,https://tickets.cinema-city.pl/api/order/1610475?lang=pl,2026-08-11T08:59:31.197990
2026-08-11,sosnowiec,Spider-Man: Całkiem nowy dzień,Sosnowiec,16:50,2D,original,regular,1.0,https://tickets.cinema-city.pl/api/order/1611736?lang=pl,2026-08-11T08:59:31.197995
2026-08-11,sosnowiec,Ice Cream Man,Sosnowiec,17:20,2D,original,regular,1.0,https://tickets.cinema-city.pl/api/order/1610206?lang=pl,2026-08-11T08:59:31.198001
2026-08-11,sosnowiec,Spider-Man: Całkiem nowy dzień,Sosnowiec,17:40,3D,original,regular,1.0,https://tickets.cinema-city.pl/api/order/1611295?lang=pl,2026-08-11T08:59:31.198007
2026-08-11,sosnowiec,Odyseja,Sosnowiec,18:00,2D,original,regular,1.0,https://tickets.cinema-city.pl/api/order/1611055?lang=pl,2026-08-11T08:59:31.198013
2026-08-11,sosnowiec,Spider-Man: Całkiem nowy dzień,Sosnowiec,18:20,2D,original,regular,1.0,https://tickets.cinema-city.pl/api/order/1611231?lang=pl,2026-08-11T08:59:31.198019
2026-08-11,sosnowiec,UL - Historie równoległe,Sosnowiec,19:00,2D,original,regular,1.0,https://tickets.cinema-city.pl/api/order/1582586?lang=pl,2026-08-11T08:59:31.198027
2026-08-11,sosnowiec,Obsesja,Sosnowiec,19:45,2D,original,regular,1.0,https://tickets.cinema-city.pl/api/order/1620786?lang=pl,2026-08-11T08:59:31.198033
2026-08-11,sosnowiec,Spider-Man: Całkiem nowy dzień,Sosnowiec,20:00,2D,original,regular,1.0,https://tickets.cinema-city.pl/api/order/1610177?lang=pl,2026-08-11T08:59:31.198039
2026-08-11,sosnowiec,Backrooms. Bez wyjścia - wersja rozszerzona,Sosnowiec,20:50,2D,original,regular,1.0,https://tickets.cinema-city.pl/api/order/1611302?lang=pl,2026-08-11T08:59:31.198046
2026-08-11,sosnowiec,Odyseja,Sosnowiec,21:30,2D,original,regular,1.0,https://tickets.cinema-city.pl/api/order/1611074?lang=pl,2026-08-11T08:59:31.198052
2026-08-11,sosnowiec,Spider-Man: Całkiem nowy dzień,Sosnowiec,21:30,2D,original,regular,1.0,https://tickets.cinema-city.pl/api/order/1611232?lang=pl,2026-08-11T08:59:31.198058
2026-08-11,sosnowiec,Ice Cream Man,Sosnowiec,22:05,2D,original,regular,1.0,https://tickets.cinema-city.pl/api/order/1610492?lang=pl,2026-08-11T08:59:31.198064
2026-08-11,gdańsk,Psi patrol i dinozaury,Starogard Gdański,11:00,2D,,regular,1.0,https://tickets.cinema-city.pl/api/order/1613219?lang=pl,2026-08-11T08:59:32.683245
2026-08-11,gdańsk,Toy Story 5,Starogard Gdański,11:15,2D,original,regular,1.0,https://tickets.cinema-city.pl/api/order/1614675?lang=pl,2026-08-11T08:59:32.683269
2026-08-11,gdańsk,Spider-Man: Całkiem nowy dzień,Starogard Gdański,11:50,2D,original,regular,1.0,https://tickets.cinema-city.pl/api/order/1612658?lang=pl,2026-08-11T08:59:32.683279
2026-08-11,gdańsk,Psi patrol i dinozaury,Starogard Gdański,12:10,2D,,regular,1.0,https://tickets.cinema-city.pl/api/order/1611605?lang=pl,2026-08-11T08:59:32.683285
2026-08-11,gdańsk,Odyseja,Starogard Gdański,12:20,2D,original,regular,1.0,https://tickets.cinema-city.pl/api/order/1611490?lang=pl,2026-08-11T08:59:32.683292
2026-08-11,gdańsk,Minionki i straszydła,Starogard Gdański,12:40,2D,,regular,1.0,https://tickets.cinema-city.pl/api/order/1615262?lang=pl,2026-08-11T08:59:32.683299
2026-08-11,gdańsk,Vaiana,Starogard Gdański,13:10,2D,original,regular,1.0,https://tickets.cinema-city.pl/api/order/1613224?lang=pl,2026-08-11T08:59:32.683306
2026-08-11,gdańsk,Spider-Man: Całkiem nowy dzień,Starogard Gdański,13:40,2D,original,regular,1.0,https://tickets.cinema-city.pl/api/order/1614678?lang=pl,2026-08-11T08:59:32.683312
2026-08-11,gdańsk,Psi patrol i dinozaury,Starogard Gdański,14:20,2D,,regular,1.0,https://tickets.cinema-city.pl/api/order/1611609?lang=pl,2026-08-11T08:59:32.683317
2026-08-11,gdańsk,Minionki i straszydła,Starogard Gdański,14:50,2D,,regular,1.0,https://tickets.cinema-city.pl/api/order/1615265?lang=pl,2026-08-11T08:59:32.683323
2026-08-11,gdańsk,Spider-Man: Całkiem nowy dzień,Starogard Gdański,15:00,2D,original,regular,1.0,https://tickets.cinema-city.pl/api/order/1612663?lang=pl,2026-08-11T08:59:32.683329
2026-08-11,gdańsk,Spider-Man: Całkiem nowy dzień,Starogard Gdański,15:50,3D,original,regular,1.0,https://tickets.cinema-city.pl/api/order/1613229?lang=pl,2026-08-11T08:59:32.683335
2026-08-11,gdańsk,Odyseja,Starogard Gdański,16:00,2D,original,regular,1.0,https://tickets.cinema-city.pl/api/order/1611496?lang=pl,2026-08-11T08:59:32.683341
2026-08-11,gdańsk,Psi patrol i dinozaury,Starogard Gdański,16:30,2D,,regular,1.0,https://tickets.cinema-city.pl/api/order/1611613?lang=pl,2026-08-11T08:59:32.683346
2026-08-11,gdańsk,Spider-Man: Całkiem nowy dzień,Starogard Gdański,16:50,2D,original,regular,1.0,https://tickets.cinema-city.pl/api/order/1614681?lang=pl,2026-08-11T08:59:32.683352
2026-08-11,gdańsk,Minionki i straszydła,Starogard Gdański,17:00,2D,,regular,1.0,https://tickets.cinema-city.pl/api/order/1615268?lang=pl,2026-08-11T08:59:32.683357
2026-08-11,gdańsk,Spider-Man: Całkiem nowy dzień,Starogard Gdański,18:10,2D,original,regular,1.0,https://tickets.cinema-city.pl/api/order/1612668?lang=pl,2026-08-11T08:59:32.683363
2026-08-11,gdańsk,Psi patrol i dinozaury,Starogard Gdański,18:40,2D,,regular,1.0,https://tickets.cinema-city.pl/api/order/1611617?lang=pl,2026-08-11T08:59:32.683368
2026-08-11,gdańsk,UL - Historie równoległe,Starogard Gdański,19:00,2D,original,regular,1.0,https://tickets.cinema-city.pl/api/order/1581024?lang=pl,2026-08-11T08:59:32.683376
2026-08-11,gdańsk,Ice Cream Man,Starogard Gdański,19:10,2D,original,regular,1.0,https://tickets.cinema-city.pl/api/order/1615271?lang=pl,2026-08-11T08:59:32.683383
2026-08-11,gdańsk,Odyseja,Starogard Gdański,19:40,2D,original,regular,1.0,https://tickets.cinema-city.pl/api/order/1611502?lang=pl,2026-08-11T08:59:32.683388
2026-08-11,gdańsk,Spider-Man: Całkiem nowy dzień,Starogard Gdański,20:00,2D,original,regular,1.0,https://tickets.cinema-city.pl/api/order/1614684?lang=pl,2026-08-11T08:59:32.683394
2026-08-11,gdańsk,Obsesja,Starogard Gdański,20:50,2D,original,regular,1.0,https://tickets.cinema-city.pl/api/order/1615326?lang=pl,2026-08-11T08:59:32.683400
2026-08-11,gdańsk,Spider-Man: Całkiem nowy dzień,Starogard Gdański,21:20,2D,original,regular,1.0,https://tickets.cinema-city.pl/api/order/1612673?lang=pl,2026-08-11T08:59:32.683406
2026-08-11,gdańsk,Backrooms. Bez wyjścia - wersja rozszerzona,Starogard Gdański,21:40,2D,original,regular,1.0,https://tickets.cinema-city.pl/api/order/1615274?lang=pl,2026-08-11T08:59:32.683413
2026-08-11,gdańsk,Ice Cream Man,Starogard Gdański,22:00,2D,original,regular,1.0,https://tickets.cinema-city.pl/api/order/1614460?lang=pl,2026-08-11T08:59:32.683418
2026-08-11,toruń,Minionki i straszydła,Toruń - Czerwona Droga,11:00,2D,,regular,1.0,https://tickets.cinema-city.pl/api/order/1618443?lang=pl,2026-08-11T08:59:34.343340
2026-08-11,toruń,Psi patrol i dinozaury,Toruń - Czerwona Droga,11:20,2D,,regular,1.0,https://tickets.cinema-city.pl/api/order/1617805?lang=pl,2026-08-11T08:59:34.343361
2026-08-11,toruń,Spider-Man: Całkiem nowy dzień,Toruń - Czerwona Droga,11:50,2D,original,regular,1.0,https://tickets.cinema-city.pl/api/order/1619180?lang=pl,2026-08-11T08:59:34.343369
2026-08-11,toruń,Minionki i straszydła,Toruń - Czerwona Droga,12:00,2D,,regular,1.0,https://tickets.cinema-city.pl/api/order/1612363?lang=pl,2026-08-11T08:59:34.343375
2026-08-11,toruń,Odyseja,Toruń - Czerwona Droga,12:10,2D,original,regular,1.0,https://tickets.cinema-city.pl/api/order/1618856?lang=pl,2026-08-11T08:59:34.343382
2026-08-11,toruń,Ostatni konsjerż,Toruń - Czerwona Droga,12:15,2D,original,regular,1.0,https://tickets.cinema-city.pl/api/order/1617604?lang=pl,2026-08-11T08:59:34.343388
2026-08-11,toruń,Toy Story 5,Toruń - Czerwona Droga,12:30,2D,original,regular,1.0,https://tickets.cinema-city.pl/api/order/1610869?lang=pl,2026-08-11T08:59:34.343396
2026-08-11,toruń,Psi patrol i dinozaury,Toruń - Czerwona Droga,12:30,2D,,regular,1.0,https://tickets.cinema-city.pl/api/order/1619229?lang=pl,2026-08-11T08:59:34.343402
2026-08-11,toruń,Spider-Man: Całkiem nowy dzień,Toruń - Czerwona Droga,12:40,3D,original,regular,1.0,https://tickets.cinema-city.pl/api/order/1615045?lang=pl,2026-08-11T08:59:34.343407
2026-08-11,toruń,O czym sobie nie mówimy,Toruń - Czerwona Droga,12:50,2D,original,regular,1.0,https://tickets.cinema-city.pl/api/order/1617574?lang=pl,2026-08-11T08:59:34.343414
2026-08-11,toruń,Ekipa zwierzaków,Toruń - Czerwona Droga,13:10,2D,,regular,1.0,https://tickets.cinema-city.pl/api/order/1618452?lang=pl,2026-08-11T08:59:34.343421
2026-08-11,toruń,Vaiana,Toruń - Czerwona Droga,13:20,2D,original,regular,1.0,https://tickets.cinema-city.pl/api/order/1610839?lang=pl,2026-08-11T08:59:34.343428
2026-08-11,toruń,Psi patrol i dinozaury,Toruń - Czerwona Droga,13:30,2D,,regular,1.0,https://tickets.cinema-city.pl/api/order/1617801?lang=pl,2026-08-11T08:59:34.343434
2026-08-11,toruń,Spider-Man: Całkiem nowy dzień,Toruń - Czerwona Droga,13:50,2D,original,regular,1.0,https://tickets.cinema-city.pl/api/order/1618524?lang=pl,2026-08-11T08:59:34.343441
2026-08-11,toruń,Minionki i straszydła,Toruń - Czerwona Droga,14:10,2D,,regular,1.0,https://tickets.cinema-city.pl/api/order/1612150?lang=pl,2026-08-11T08:59:34.343447
2026-08-11,toruń,Ice Cream Man,Toruń - Czerwona Droga,14:15,2D,original,regular,1.0,https://tickets.cinema-city.pl/api/order/1617610?lang=pl,2026-08-11T08:59:34.343453
2026-08-11,toruń,Psi patrol i dinozaury,Toruń - Czerwona Droga,14:40,2D,,regular,1.0,https://tickets.cinema-city.pl/api/order/1619233?lang=pl,2026-08-11T08:59:34.343459
2026-08-11,toruń,Toy Story 5,Toruń - Czerwona Droga,14:50,2D,original,regular,1.0,https://tickets.cinema-city.pl/api/order/1610875?lang=pl,2026-08-11T08:59:34.343492
2026-08-11,toruń,Spider-Man: Całkiem nowy dzień,Toruń - Czerwona Droga,15:00,2D,original,regular,1.0,https://tickets.cinema-city.pl/api/order/1619185?lang=pl,2026-08-11T08:59:34.343501
2026-08-11,toruń,Młody Waszyngton,Toruń - Czerwona Droga,15:20,2D,original,regular,1.0,https://tickets.cinema-city.pl/api/order/1618455?lang=pl,2026-08-11T08:59:34.343509
2026-08-11,toruń,Zaproszenie,Toruń - Czerwona Droga,15:30,2D,original,regular,1.0,https://tickets.cinema-city.pl/api/order/1617580?lang=pl,2026-08-11T08:59:34.343516
2026-08-11,toruń,Psi patrol i dinozaury,Toruń - Czerwona Droga,15:40,2D,,regular,1.0,https://tickets.cinema-city.pl/api/order/1617797?lang=pl,2026-08-11T08:59:34.343522
2026-08-11,toruń,Spider-Man: Całkiem nowy dzień,Toruń - Czerwona Droga,15:50,3D,original,regular,1.0,https://tickets.cinema-city.pl/api/order/1615051?lang=pl,2026-08-11T08:59:34.343527
2026-08-11,toruń,Odyseja,Toruń - Czerwona Droga,15:50,2D,original,regular,1.0,https://tickets.cinema-city.pl/api/order/1618860?lang=pl,2026-08-11T08:59:34.343533
2026-08-11,toruń,Vaiana,Toruń - Czerwona Droga,16:00,2D,original,regular,1.0,https://tickets.cinema-city.pl/api/order/1610845?lang=pl,2026-08-11T08:59:34.343540
2026-08-11,toruń,Minionki i straszydła,Toruń - Czerwona Droga,16:20,2D,,regular,1.0,https://tickets.cinema-city.pl/api/order/1612154?lang=pl,2026-08-11T08:59:34.343546
2026-08-11,toruń,Ice Cream Man,Toruń - Czerwona Droga,16:45,2D,original,regular,1.0,https://tickets.cinema-city.pl/api/order/1617616?lang=pl,2026-08-11T08:59:34.343552
2026-08-11,toruń,Psi patrol i dinozaury,Toruń - Czerwona Droga,16:50,2D,,regular,1.0,https://tickets.cinema-city.pl/api/order/1619237?lang=pl,2026-08-11T08:59:34.343557
2026-08-11,toruń,Spider-Man: Całkiem nowy dzień,Toruń - Czerwona Droga,17:00,2D,original,regular,1.0,https://tickets.cinema-city.pl/api/order/1618534?lang=pl,2026-08-11T08:59:34.343563
2026-08-11,toruń,Toy Story 5,Toruń - Czerwona Droga,17:20,2D,original,regular,1.0,https://tickets.cinema-city.pl/api/order/1610881?lang=pl,2026-08-11T08:59:34.343570
2026-08-11,toruń,Psi patrol i dinozaury,Toruń - Czerwona Droga,17:50,2D,,regular,1.0,https://tickets.cinema-city.pl/api/order/1617789?lang=pl,2026-08-11T08:59:34.343576
2026-08-11,toruń,Odyseja,Toruń - Czerwona Droga,18:00,2D,original,regular,1.0,https://tickets.cinema-city.pl/api/order/1617586?lang=pl,2026-08-11T08:59:34.343582
2026-08-11,toruń,Spider-Man: Całkiem nowy dzień,Toruń - Czerwona Droga,18:10,2D,original,regular,1.0,https://tickets.cinema-city.pl/api/order/1619190?lang=pl,2026-08-11T08:59:34.343588
2026-08-11,toruń,Do utraty tchu (re-release),Toruń - Czerwona Droga,18:20,2D,original,regular,1.0,https://tickets.cinema-city.pl/api/order/1618446?lang=pl,2026-08-11T08:59:34.343595
2026-08-11,toruń,Minionki i straszydła,Toruń - Czerwona Droga,18:30,2D,,regular,1.0,https://tickets.cinema-city.pl/api/order/1612158?lang=pl,2026-08-11T08:59:34.343601
2026-08-11,toruń,Pejzaż w kolorze sepii,Toruń - Czerwona Droga,18:45,2D,original,regular,1.0,https://tickets.cinema-city.pl/api/order/1610851?lang=pl,2026-08-11T08:59:34.343608
2026-08-11,toruń,UL - Historie równoległe,Toruń - Czerwona Droga,19:00,2D,original,regular,1.0,https://tickets.cinema-city.pl/api/order/1581034?lang=pl,2026-08-11T08:59:34.343616
2026-08-11,toruń,Psi patrol i dinozaury,Toruń - Czerwona Droga,19:00,2D,,regular,1.0,https://tickets.cinema-city.pl/api/order/1619241?lang=pl,2026-08-11T08:59:34.343622
2026-08-11,toruń,Ice Cream Man,Toruń - Czerwona Droga,19:15,2D,original,regular,1.0,https://tickets.cinema-city.pl/api/order/1617622?lang=pl,2026-08-11T08:59:34.343628
2026-08-11,toruń,Odyseja,Toruń - Czerwona Droga,19:30,2D,original,regular,1.0,https://tickets.cinema-city.pl/api/order/1618864?lang=pl,2026-08-11T08:59:34.343634
2026-08-11,toruń,Obsesja,Toruń - Czerwona Droga,19:45,2D,original,regular,1.0,https://tickets.cinema-city.pl/api/order/1611026?lang=pl,2026-08-11T08:59:34.343640
2026-08-11,toruń,Psi patrol i dinozaury,Toruń - Czerwona Droga,20:00,2D,,regular,1.0,https://tickets.cinema-city.pl/api/order/1617793?lang=pl,2026-08-11T08:59:34.343645
2026-08-11,toruń,Spider-Man: Całkiem nowy dzień,Toruń - Czerwona Droga,20:10,2D,original,regular,1.0,https://tickets.cinema-city.pl/api/order/1618540?lang=pl,2026-08-11T08:59:34.343652
2026-08-11,toruń,Gorzkie święta,Toruń - Czerwona Droga,20:30,2D,original,regular,1.0,https://tickets.cinema-city.pl/api/order/1618449?lang=pl,2026-08-11T08:59:34.343658
2026-08-11,toruń,Spider-Man: Całkiem nowy dzień,Toruń - Czerwona Droga,20:40,3D,original,regular,1.0,https://tickets.cinema-city.pl/api/order/1612370?lang=pl,2026-08-11T08:59:34.343664
2026-08-11,toruń,Odyseja,Toruń - Czerwona Droga,21:10,2D,original,regular,1.0,https://tickets.cinema-city.pl/api/order/1619247?lang=pl,2026-08-11T08:59:34.343670
2026-08-11,toruń,Spider-Man: Całkiem nowy dzień,Toruń - Czerwona Droga,21:20,2D,original,regular,1.0,https://tickets.cinema-city.pl/api/order/1619195?lang=pl,2026-08-11T08:59:34.343676
2026-08-11,toruń,Zaproszenie,Toruń - Czerwona Droga,21:30,2D,original,regular,1.0,https://tickets.cinema-city.pl/api/order/1610857?lang=pl,2026-08-11T08:59:34.343682
2026-08-11,toruń,Backrooms. Bez wyjścia - wersja rozszerzona,Toruń - Czerwona Droga,21:40,2D,original,regular,1.0,https://tickets.cinema-city.pl/api/order/1617592?lang=pl,2026-08-11T08:59:34.343689
2026-08-11,toruń,Ice Cream Man,Toruń - Czerwona Droga,21:45,2D,original,regular,1.0,https://tickets.cinema-city.pl/api/order/1617628?lang=pl,2026-08-11T08:59:34.343695
2026-08-11,toruń,Martwe zło: Ogień,Toruń - Czerwona Droga,22:10,2D,original,regular,1.0,https://tickets.cinema-city.pl/api/order/1617810?lang=pl,2026-08-11T08:59:34.343702
2026-08-11,toruń,Obsesja,Toruń - Czerwona Droga,22:15,2D,original,regular,1.0,https://tickets.cinema-city.pl/api/order/1610893?lang=pl,2026-08-11T08:59:34.343707
2026-08-11,toruń,Psi patrol i dinozaury,Toruń - Plaza,10:50,2D,,regular,1.0,https://tickets.cinema-city.pl/api/order/1615755?lang=pl,2026-08-11T08:59:35.483765
2026-08-11,toruń,Ekipa zwierzaków,Toruń - Plaza,11:20,2D,,regular,1.0,https://tickets.cinema-city.pl/api/order/1612625?lang=pl,2026-08-11T08:59:35.483790
2026-08-11,toruń,Odyseja,Toruń - Plaza,11:30,2D,original,regular,1.0,https://tickets.cinema-city.pl/api/order/1611827?lang=pl,2026-08-11T08:59:35.483798
2026-08-11,toruń,Spider-Man: Całkiem nowy dzień,Toruń - Plaza,11:40,3D,original,regular,1.0,https://tickets.cinema-city.pl/api/order/1614943?lang=pl,2026-08-11T08:59:35.483807
2026-08-11,toruń,Psi patrol i dinozaury,Toruń - Plaza,11:50,2D,,regular,1.0,https://tickets.cinema-city.pl/api/order/1612328?lang=pl,2026-08-11T08:59:35.483813
2026-08-11,toruń,Spider-Man: Całkiem nowy dzień,Toruń - Plaza,12:50,2D,original,regular,1.0,https://tickets.cinema-city.pl/api/order/1615790?lang=pl,2026-08-11T08:59:35.483819
2026-08-11,toruń,Psi patrol i dinozaury,Toruń - Plaza,13:00,2D,,regular,1.0,https://tickets.cinema-city.pl/api/order/1615759?lang=pl,2026-08-11T08:59:35.483825
2026-08-11,toruń,Toy Story 5,Toruń - Plaza,13:20,2D,original,regular,1.0,https://tickets.cinema-city.pl/api/order/1612083?lang=pl,2026-08-11T08:59:35.483834
2026-08-11,toruń,Minionki i straszydła,Toruń - Plaza,13:30,2D,,regular,1.0,https://tickets.cinema-city.pl/api/order/1612631?lang=pl,2026-08-11T08:59:35.483841
2026-08-11,toruń,Spider-Man: Całkiem nowy dzień,Toruń - Plaza,13:40,2D,original,regular,1.0,https://tickets.cinema-city.pl/api/order/1611632?lang=pl,2026-08-11T08:59:35.483848
2026-08-11,toruń,Psi patrol i dinozaury,Toruń - Plaza,14:00,2D,,regular,1.0,https://tickets.cinema-city.pl/api/order/1612332?lang=pl,2026-08-11T08:59:35.483854
2026-08-11,toruń,Spider-Man: Całkiem nowy dzień,Toruń - Plaza,14:50,3D,original,regular,1.0,https://tickets.cinema-city.pl/api/order/1614948?lang=pl,2026-08-11T08:59:35.483860
2026-08-11,toruń,Odyseja,Toruń - Plaza,15:10,2D,original,regular,1.0,https://tickets.cinema-city.pl/api/order/1611832?lang=pl,2026-08-11T08:59:35.483866
2026-08-11,toruń,Psi patrol i dinozaury,Toruń - Plaza,15:10,2D,,regular,1.0,https://tickets.cinema-city.pl/api/order/1615764?lang=pl,2026-08-11T08:59:35.483871
2026-08-11,toruń,Minionki i straszydła,Toruń - Plaza,15:40,2D,,regular,1.0,https://tickets.cinema-city.pl/api/order/1612637?lang=pl,2026-08-11T08:59:35.483876
2026-08-11,toruń,Ice Cream Man,Toruń - Plaza,15:45,2D,original,regular,1.0,https://tickets.cinema-city.pl/api/order/1612089?lang=pl,2026-08-11T08:59:35.483883
2026-08-11,toruń,Spider-Man: Całkiem nowy dzień,Toruń - Plaza,16:00,2D,original,regular,1.0,https://tickets.cinema-city.pl/api/order/1615796?lang=pl,2026-08-11T08:59:35.483889
2026-08-11,toruń,Psi patrol i dinozaury,Toruń - Plaza,16:10,2D,,regular,1.0,https://tickets.cinema-city.pl/api/order/1612336?lang=pl,2026-08-11T08:59:35.483894
2026-08-11,toruń,Spider-Man: Całkiem nowy dzień,Toruń - Plaza,16:50,2D,original,regular,1.0,https://tickets.cinema-city.pl/api/order/1611637?lang=pl,2026-08-11T08:59:35.483900
2026-08-11,toruń,Psi patrol i dinozaury,Toruń - Plaza,17:20,2D,,regular,1.0,https://tickets.cinema-city.pl/api/order/1615768?lang=pl,2026-08-11T08:59:35.483905
2026-08-11,toruń,Minionki i straszydła,Toruń - Plaza,17:50,2D,,regular,1.0,https://tickets.cinema-city.pl/api/order/1612643?lang=pl,2026-08-11T08:59:35.483910
2026-08-11,toruń,Spider-Man: Całkiem nowy dzień,Toruń - Plaza,18:00,3D,original,regular,1.0,https://tickets.cinema-city.pl/api/order/1614953?lang=pl,2026-08-11T08:59:35.483916
2026-08-11,toruń,Ice Cream Man,Toruń - Plaza,18:15,2D,original,regular,1.0,https://tickets.cinema-city.pl/api/order/1612095?lang=pl,2026-08-11T08:59:35.483922
2026-08-11,toruń,Psi patrol i dinozaury,Toruń - Plaza,18:20,2D,,regular,1.0,https://tickets.cinema-city.pl/api/order/1612340?lang=pl,2026-08-11T08:59:35.483927
2026-08-11,toruń,Odyseja,Toruń - Plaza,18:45,2D,original,regular,1.0,https://tickets.cinema-city.pl/api/order/1611837?lang=pl,2026-08-11T08:59:35.483933
2026-08-11,toruń,Spider-Man: Całkiem nowy dzień,Toruń - Plaza,19:10,2D,original,regular,1.0,https://tickets.cinema-city.pl/api/order/1615802?lang=pl,2026-08-11T08:59:35.483939
2026-08-11,toruń,Psi patrol i dinozaury,Toruń - Plaza,19:30,2D,,regular,1.0,https://tickets.cinema-city.pl/api/order/1615772?lang=pl,2026-08-11T08:59:35.483944
2026-08-11,toruń,Spider-Man: Całkiem nowy dzień,Toruń - Plaza,20:00,2D,original,regular,1.0,https://tickets.cinema-city.pl/api/order/1611642?lang=pl,2026-08-11T08:59:35.483950
2026-08-11,toruń,Pejzaż w kolorze sepii,Toruń - Plaza,20:10,2D,original,regular,1.0,https://tickets.cinema-city.pl/api/order/1612649?lang=pl,2026-08-11T08:59:35.483957
2026-08-11,toruń,Spider-Man: Całkiem nowy dzień,Toruń - Plaza,20:30,2D,original,regular,1.0,https://tickets.cinema-city.pl/api/order/1612350?lang=pl,2026-08-11T08:59:35.483963
2026-08-11,toruń,Ice Cream Man,Toruń - Plaza,20:45,2D,original,regular,1.0,https://tickets.cinema-city.pl/api/order/1612101?lang=pl,2026-08-11T08:59:35.483968
2026-08-11,toruń,Spider-Man: Całkiem nowy dzień,Toruń - Plaza,21:10,2D,original,regular,1.0,https://tickets.cinema-city.pl/api/order/1614958?lang=pl,2026-08-11T08:59:35.483974
2026-08-11,toruń,Backrooms. Bez wyjścia - wersja rozszerzona,Toruń - Plaza,21:30,2D,original,regular,1.0,https://tickets.cinema-city.pl/api/order/1615778?lang=pl,2026-08-11T08:59:35.483981
2026-08-11,wałbrzych,Toy Story 5,Wałbrzych,11:00,2D,original,regular,1.0,https://tickets.cinema-city.pl/api/order/1618385?lang=pl,2026-08-11T08:59:36.515578
2026-08-11,wałbrzych,Psi patrol i dinozaury,Wałbrzych,11:20,2D,,regular,1.0,https://tickets.cinema-city.pl/api/order/1617813?lang=pl,2026-08-11T08:59:36.515602
2026-08-11,wałbrzych,Vaiana,Wałbrzych,11:35,2D,original,regular,1.0,https://tickets.cinema-city.pl/api/order/1617527?lang=pl,2026-08-11T08:59:36.515610
2026-08-11,wałbrzych,Toy Story 5,Wałbrzych,12:00,2D,original,regular,1.0,https://tickets.cinema-city.pl/api/order/1616497?lang=pl,2026-08-11T08:59:36.515617
2026-08-11,wałbrzych,Spider-Man: Całkiem nowy dzień,Wałbrzych,12:10,2D,original,regular,1.0,https://tickets.cinema-city.pl/api/order/1616623?lang=pl,2026-08-11T08:59:36.515627
2026-08-11,wałbrzych,Psi patrol i dinozaury,Wałbrzych,12:30,2D,,regular,1.0,https://tickets.cinema-city.pl/api/order/1617987?lang=pl,2026-08-11T08:59:36.515634
2026-08-11,wałbrzych,Psi patrol i dinozaury,Wałbrzych,13:30,2D,,regular,1.0,https://tickets.cinema-city.pl/api/order/1617817?lang=pl,2026-08-11T08:59:36.515640
2026-08-11,wałbrzych,Minionki i straszydła,Wałbrzych,13:30,2D,,regular,1.0,https://tickets.cinema-city.pl/api/order/1618379?lang=pl,2026-08-11T08:59:36.515646
2026-08-11,wałbrzych,Spider-Man: Całkiem nowy dzień,Wałbrzych,13:40,2D,original,regular,1.0,https://tickets.cinema-city.pl/api/order/1617727?lang=pl,2026-08-11T08:59:36.515653
2026-08-11,wałbrzych,Odyseja,Wałbrzych,14:25,2D,original,regular,1.0,https://tickets.cinema-city.pl/api/order/1617477?lang=pl,2026-08-11T08:59:36.515660
2026-08-11,wałbrzych,Spider-Man: Całkiem nowy dzień,Wałbrzych,14:30,3D,original,regular,1.0,https://tickets.cinema-city.pl/api/order/1616479?lang=pl,2026-08-11T08:59:36.515666
2026-08-11,wałbrzych,Psi patrol i dinozaury,Wałbrzych,14:40,2D,,regular,1.0,https://tickets.cinema-city.pl/api/order/1617988?lang=pl,2026-08-11T08:59:36.515673
2026-08-11,wałbrzych,Spider-Man: Całkiem nowy dzień,Wałbrzych,15:20,2D,original,regular,1.0,https://tickets.cinema-city.pl/api/order/1616629?lang=pl,2026-08-11T08:59:36.515679
2026-08-11,wałbrzych,Psi patrol i dinozaury,Wałbrzych,15:40,2D,,regular,1.0,https://tickets.cinema-city.pl/api/order/1617842?lang=pl,2026-08-11T08:59:36.515686
2026-08-11,wałbrzych,Spider-Man: Całkiem nowy dzień,Wałbrzych,15:40,2D,original,regular,1.0,https://tickets.cinema-city.pl/api/order/1618373?lang=pl,2026-08-11T08:59:36.515691
2026-08-11,wałbrzych,Spider-Man: Całkiem nowy dzień,Wałbrzych,16:50,2D,original,regular,1.0,https://tickets.cinema-city.pl/api/order/1617732?lang=pl,2026-08-11T08:59:36.515698
2026-08-11,wałbrzych,Psi patrol i dinozaury,Wałbrzych,16:50,2D,,regular,1.0,https://tickets.cinema-city.pl/api/order/1617992?lang=pl,2026-08-11T08:59:36.515703
2026-08-11,wałbrzych,Spider-Man: Całkiem nowy dzień,Wałbrzych,17:40,3D,original,regular,1.0,https://tickets.cinema-city.pl/api/order/1616485?lang=pl,2026-08-11T08:59:36.515708
2026-08-11,wałbrzych,Psi patrol i dinozaury,Wałbrzych,17:50,2D,,regular,1.0,https://tickets.cinema-city.pl/api/order/1617954?lang=pl,2026-08-11T08:59:36.515714
2026-08-11,wałbrzych,Odyseja,Wałbrzych,18:00,2D,original,regular,1.0,https://tickets.cinema-city.pl/api/order/1617481?lang=pl,2026-08-11T08:59:36.515720
2026-08-11,wałbrzych,Spider-Man: Całkiem nowy dzień,Wałbrzych,18:30,2D,original,regular,1.0,https://tickets.cinema-city.pl/api/order/1616635?lang=pl,2026-08-11T08:59:36.515726
2026-08-11,wałbrzych,Ice Cream Man,Wałbrzych,18:45,2D,original,regular,1.0,https://tickets.cinema-city.pl/api/order/1618361?lang=pl,2026-08-11T08:59:36.515733
2026-08-11,wałbrzych,UL - Historie równoległe,Wałbrzych,19:00,2D,original,regular,1.0,https://tickets.cinema-city.pl/api/order/1581033?lang=pl,2026-08-11T08:59:36.515742
2026-08-11,wałbrzych,Spider-Man: Całkiem nowy dzień,Wałbrzych,20:00,2D,original,regular,1.0,https://tickets.cinema-city.pl/api/order/1617737?lang=pl,2026-08-11T08:59:36.515748
2026-08-11,wałbrzych,Psi patrol i dinozaury,Wałbrzych,20:00,2D,,regular,1.0,https://tickets.cinema-city.pl/api/order/1617845?lang=pl,2026-08-11T08:59:36.515754
2026-08-11,wałbrzych,Spider-Man: Całkiem nowy dzień,Wałbrzych,20:50,2D,original,regular,1.0,https://tickets.cinema-city.pl/api/order/1616491?lang=pl,2026-08-11T08:59:36.515760
2026-08-11,wałbrzych,Ice Cream Man,Wałbrzych,21:20,2D,original,regular,1.0,https://tickets.cinema-city.pl/api/order/1618367?lang=pl,2026-08-11T08:59:36.515766
2026-08-11,wałbrzych,Odyseja,Wałbrzych,21:30,2D,original,regular,1.0,https://tickets.cinema-city.pl/api/order/1617512?lang=pl,2026-08-11T08:59:36.515772
2026-08-11,wałbrzych,Spider-Man: Całkiem nowy dzień,Wałbrzych,21:40,2D,original,regular,1.0,https://tickets.cinema-city.pl/api/order/1616641?lang=pl,2026-08-11T08:59:36.515778
2026-08-11,wałbrzych,Backrooms. Bez wyjścia - wersja rozszerzona,Wałbrzych,22:00,2D,original,regular,1.0,https://tickets.cinema-city.pl/api/order/1618056?lang=pl,2026-08-11T08:59:36.515785
2026-08-11,warszawa,Minionki i straszydła,Warszawa -  Arkadia,10:50,2D,,regular,1.0,https://tickets.cinema-city.pl/api/order/1609082?lang=pl,2026-08-11T08:59:38.611160
2026-08-11,warszawa,Vaiana,Warszawa -  Arkadia,11:00,2D,original,regular,1.0,https://tickets.cinema-city.pl/api/order/1610429?lang=pl,2026-08-11T08:59:38.611184
2026-08-11,warszawa,Spider-Man: Całkiem nowy dzień,Warszawa -  Arkadia,11:00,4DX,original,regular,1.0,https://tickets.cinema-city.pl/api/order/1612931?lang=pl,2026-08-11T08:59:38.611192
2026-08-11,warszawa,Toy Story 5,Warszawa -  Arkadia,11:10,2D,original,regular,1.0,https://tickets.cinema-city.pl/api/order/1609022?lang=pl,2026-08-11T08:59:38.611200
2026-08-11,warszawa,Młody Waszyngton,Warszawa -  Arkadia,11:20,2D,original,regular,1.0,https://tickets.cinema-city.pl/api/order/1609054?lang=pl,2026-08-11T08:59:38.611208
2026-08-11,warszawa,Psi patrol i dinozaury,Warszawa -  Arkadia,11:20,2D,,regular,1.0,https://tickets.cinema-city.pl/api/order/1611646?lang=pl,2026-08-11T08:59:38.611215
2026-08-11,warszawa,Odyseja,Warszawa -  Arkadia,11:40,2D,original,regular,1.0,https://tickets.cinema-city.pl/api/order/1611369?lang=pl,2026-08-11T08:59:38.611223
2026-08-11,warszawa,Spider-Man: Całkiem nowy dzień,Warszawa -  Arkadia,12:10,2D,original,regular,1.0,https://tickets.cinema-city.pl/api/order/1610781?lang=pl,2026-08-11T08:59:38.611230
2026-08-11,warszawa,Psi patrol i dinozaury,Warszawa -  Arkadia,12:30,2D,,regular,1.0,https://tickets.cinema-city.pl/api/order/1611748?lang=pl,2026-08-11T08:59:38.611235
2026-08-11,warszawa,Toy Story 5,Warszawa -  Arkadia,12:40,2D,original,regular,1.0,https://tickets.cinema-city.pl/api/order/1609524?lang=pl,2026-08-11T08:59:38.611242
2026-08-11,warszawa,Góra mocy,Warszawa -  Arkadia,12:40,2D,original,regular,1.0,https://tickets.cinema-city.pl/api/order/1609914?lang=pl,2026-08-11T08:59:38.611250
2026-08-11,warszawa,Spider-Man: Całkiem nowy dzień ukraiński dubbing,Warszawa -  Arkadia,12:50,2D,dubbing,regular,1.0,https://tickets.cinema-city.pl/api/order/1609324?lang=pl,2026-08-11T08:59:38.611256
2026-08-11,warszawa,Minionki i straszydła,Warszawa -  Arkadia,13:00,2D,,regular,1.0,https://tickets.cinema-city.pl/api/order/1609088?lang=pl,2026-08-11T08:59:38.611262
2026-08-11,warszawa,Toy Story 5,Warszawa -  Arkadia,13:30,2D,original,regular,1.0,https://tickets.cinema-city.pl/api/order/1609025?lang=pl,2026-08-11T08:59:38.611268
2026-08-11,warszawa,Psi patrol i dinozaury,Warszawa -  Arkadia,13:30,2D,,regular,1.0,https://tickets.cinema-city.pl/api/order/1611650?lang=pl,2026-08-11T08:59:38.611274
2026-08-11,warszawa,Vaiana,Warszawa -  Arkadia,13:40,2D,original,regular,1.0,https://tickets.cinema-city.pl/api/order/1610433?lang=pl,2026-08-11T08:59:38.611279
2026-08-11,warszawa,Spider-Man: Całkiem nowy dzień,Warszawa -  Arkadia,13:40,2D,original,regular,1.0,https://tickets.cinema-city.pl/api/order/1611086?lang=pl,2026-08-11T08:59:38.611286
2026-08-11,warszawa,Odyseja,Warszawa -  Arkadia,13:50,2D,original,regular,1.0,https://tickets.cinema-city.pl/api/order/1609925?lang=pl,2026-08-11T08:59:38.611292
2026-08-11,warszawa,Psi patrol i dinozaury ukraiński dubbing,Warszawa -  Arkadia,14:00,2D,dubbing,regular,1.0,https://tickets.cinema-city.pl/api/order/1610057?lang=pl,2026-08-11T08:59:38.611299
2026-08-11,warszawa,Spider-Man: Całkiem nowy dzień,Warszawa -  Arkadia,14:10,4DX,original,regular,1.0,https://tickets.cinema-city.pl/api/order/1612937?lang=pl,2026-08-11T08:59:38.611304
2026-08-11,warszawa,Pejzaż w kolorze sepii,Warszawa -  Arkadia,14:15,2D,original,regular,1.0,https://tickets.cinema-city.pl/api/order/1609058?lang=pl,2026-08-11T08:59:38.611310
2026-08-11,warszawa,Psi patrol i dinozaury,Warszawa -  Arkadia,14:40,2D,,regular,1.0,https://tickets.cinema-city.pl/api/order/1611751?lang=pl,2026-08-11T08:59:38.611316
2026-08-11,warszawa,Spider-Man: Całkiem nowy dzień,Warszawa -  Arkadia,14:50,3D,original,regular,1.0,https://tickets.cinema-city.pl/api/order/1609890?lang=pl,2026-08-11T08:59:38.611322
2026-08-11,warszawa,Ice Cream Man,Warszawa -  Arkadia,15:00,2D,original,regular,1.0,https://tickets.cinema-city.pl/api/order/1609527?lang=pl,2026-08-11T08:59:38.611328
2026-08-11,warszawa,Minionki i straszydła,Warszawa -  Arkadia,15:10,2D,,regular,1.0,https://tickets.cinema-city.pl/api/order/1609094?lang=pl,2026-08-11T08:59:38.611334
2026-08-11,warszawa,Spider-Man: Całkiem nowy dzień,Warszawa -  Arkadia,15:20,2D,original,regular,1.0,https://tickets.cinema-city.pl/api/order/1610787?lang=pl,2026-08-11T08:59:38.611340
2026-08-11,warszawa,Odyseja,Warszawa -  Arkadia,15:20,2D,original,regular,1.0,https://tickets.cinema-city.pl/api/order/1611375?lang=pl,2026-08-11T08:59:38.611347
2026-08-11,warszawa,Psi patrol i dinozaury,Warszawa -  Arkadia,15:40,2D,,regular,1.0,https://tickets.cinema-city.pl/api/order/1611654?lang=pl,2026-08-11T08:59:38.611353
2026-08-11,warszawa,Odyseja ukraiński dubbing,Warszawa -  Arkadia,16:00,2D,dubbing,regular,1.0,https://tickets.cinema-city.pl/api/order/1609028?lang=pl,2026-08-11T08:59:38.611359
2026-08-11,warszawa,Spider-Man: Całkiem nowy dzień ukraiński dubbing,Warszawa -  Arkadia,16:00,2D,dubbing,regular,1.0,https://tickets.cinema-city.pl/api/order/1609330?lang=pl,2026-08-11T08:59:38.611365
2026-08-11,warszawa,Odyseja,Warszawa -  Arkadia,16:10,2D,original,regular,1.0,https://tickets.cinema-city.pl/api/order/1610069?lang=pl,2026-08-11T08:59:38.611371
2026-08-11,warszawa,Do utraty tchu (re-release),Warszawa -  Arkadia,16:30,2D,original,regular,1.0,https://tickets.cinema-city.pl/api/order/1610555?lang=pl,2026-08-11T08:59:38.611377
2026-08-11,warszawa,Spider-Man: Całkiem nowy dzień,Warszawa -  Arkadia,16:50,2D,original,regular,1.0,https://tickets.cinema-city.pl/api/order/1611092?lang=pl,2026-08-11T08:59:38.611383
2026-08-11,warszawa,Psi patrol i dinozaury,Warszawa -  Arkadia,16:50,2D,,regular,1.0,https://tickets.cinema-city.pl/api/order/1611754?lang=pl,2026-08-11T08:59:38.611389
2026-08-11,warszawa,Kandydaci śmierci,Warszawa -  Arkadia,17:00,2D,original,regular,1.0,https://tickets.cinema-city.pl/api/order/1609062?lang=pl,2026-08-11T08:59:38.611395
2026-08-11,warszawa,Minionki i straszydła,Warszawa -  Arkadia,17:20,2D,,regular,1.0,https://tickets.cinema-city.pl/api/order/1609100?lang=pl,2026-08-11T08:59:38.611401
2026-08-11,warszawa,Spider-Man: Całkiem nowy dzień,Warszawa -  Arkadia,17:20,4DX,original,regular,1.0,https://tickets.cinema-city.pl/api/order/1612934?lang=pl,2026-08-11T08:59:38.611406
2026-08-11,warszawa,Ice Cream Man,Warszawa -  Arkadia,17:30,2D,original,regular,1.0,https://tickets.cinema-city.pl/api/order/1609528?lang=pl,2026-08-11T08:59:38.611411
2026-08-11,warszawa,Odyseja,Warszawa -  Arkadia,17:30,2D,original,regular,1.0,https://tickets.cinema-city.pl/api/order/1609930?lang=pl,2026-08-11T08:59:38.611417
2026-08-11,warszawa,Psi patrol i dinozaury,Warszawa -  Arkadia,17:50,2D,,regular,1.0,https://tickets.cinema-city.pl/api/order/1611658?lang=pl,2026-08-11T08:59:38.611423
2026-08-11,warszawa,Spider-Man: Całkiem nowy dzień,Warszawa -  Arkadia,18:00,3D,original,regular,1.0,https://tickets.cinema-city.pl/api/order/1609896?lang=pl,2026-08-11T08:59:38.611428
2026-08-11,warszawa,Spider-Man: Całkiem nowy dzień,Warszawa -  Arkadia,18:30,2D,original,regular,1.0,https://tickets.cinema-city.pl/api/order/1610792?lang=pl,2026-08-11T08:59:38.611434
2026-08-11,warszawa,UL - Historie równoległe,Warszawa -  Arkadia,19:00,2D,original,regular,1.0,https://tickets.cinema-city.pl/api/order/1581019?lang=pl,2026-08-11T08:59:38.611442
2026-08-11,warszawa,Odyseja,Warszawa -  Arkadia,19:00,2D,original,regular,1.0,https://tickets.cinema-city.pl/api/order/1611381?lang=pl,2026-08-11T08:59:38.611449
2026-08-11,warszawa,Psi patrol i dinozaury,Warszawa -  Arkadia,19:00,2D,,regular,1.0,https://tickets.cinema-city.pl/api/order/1611757?lang=pl,2026-08-11T08:59:38.611454
2026-08-11,warszawa,Spider-Man: Całkiem nowy dzień,Warszawa -  Arkadia,19:10,2D,original,regular,1.0,https://tickets.cinema-city.pl/api/order/1609336?lang=pl,2026-08-11T08:59:38.611460
2026-08-11,warszawa,Spider-Man: Całkiem nowy dzień,Warszawa -  Arkadia,19:30,2D,original,regular,1.0,https://tickets.cinema-city.pl/api/order/1609031?lang=pl,2026-08-11T08:59:38.611477
2026-08-11,warszawa,Pejzaż w kolorze sepii,Warszawa -  Arkadia,19:30,2D,original,regular,1.0,https://tickets.cinema-city.pl/api/order/1609066?lang=pl,2026-08-11T08:59:38.611485
2026-08-11,warszawa,Obsesja,Warszawa -  Arkadia,19:30,2D,original,regular,1.0,https://tickets.cinema-city.pl/api/order/1609194?lang=pl,2026-08-11T08:59:38.611491
2026-08-11,warszawa,Odyseja,Warszawa -  Arkadia,19:50,2D,original,regular,1.0,https://tickets.cinema-city.pl/api/order/1610075?lang=pl,2026-08-11T08:59:38.611497
2026-08-11,warszawa,Ice Cream Man,Warszawa -  Arkadia,20:00,2D,original,regular,1.0,https://tickets.cinema-city.pl/api/order/1609530?lang=pl,2026-08-11T08:59:38.611502
2026-08-11,warszawa,Spider-Man: Całkiem nowy dzień,Warszawa -  Arkadia,20:00,2D,original,regular,1.0,https://tickets.cinema-city.pl/api/order/1611142?lang=pl,2026-08-11T08:59:38.611508
2026-08-11,warszawa,Psi patrol i dinozaury,Warszawa -  Arkadia,20:00,2D,,regular,1.0,https://tickets.cinema-city.pl/api/order/1611663?lang=pl,2026-08-11T08:59:38.611514
2026-08-11,warszawa,Spider-Man: Całkiem nowy dzień,Warszawa -  Arkadia,20:30,4DX,original,regular,1.0,https://tickets.cinema-city.pl/api/order/1612940?lang=pl,2026-08-11T08:59:38.611519
2026-08-11,warszawa,Spider-Man: Całkiem nowy dzień,Warszawa -  Arkadia,21:10,3D,original,regular,1.0,https://tickets.cinema-city.pl/api/order/1609902?lang=pl,2026-08-11T08:59:38.611524
2026-08-11,warszawa,Odyseja,Warszawa -  Arkadia,21:10,2D,original,regular,1.0,https://tickets.cinema-city.pl/api/order/1609935?lang=pl,2026-08-11T08:59:38.611530
2026-08-11,warszawa,Backrooms. Bez wyjścia - wersja rozszerzona,Warszawa -  Arkadia,21:20,2D,original,regular,1.0,https://tickets.cinema-city.pl/api/order/1611762?lang=pl,2026-08-11T08:59:38.611537
2026-08-11,warszawa,Spider-Man: Całkiem nowy dzień,Warszawa -  Arkadia,21:40,2D,original,regular,1.0,https://tickets.cinema-city.pl/api/order/1610797?lang=pl,2026-08-11T08:59:38.611542
2026-08-11,warszawa,Dzień objawienia,Warszawa -  Arkadia,22:00,2D,original,regular,1.0,https://tickets.cinema-city.pl/api/order/1609106?lang=pl,2026-08-11T08:59:38.611549
2026-08-11,warszawa,Zaproszenie,Warszawa -  Arkadia,22:00,2D,original,regular,1.0,https://tickets.cinema-city.pl/api/order/1610606?lang=pl,2026-08-11T08:59:38.611555
2026-08-11,warszawa,Spider-Man: Całkiem nowy dzień ukraiński dubbing,Warszawa -  Arkadia,22:15,2D,dubbing,regular,1.0,https://tickets.cinema-city.pl/api/order/1609070?lang=pl,2026-08-11T08:59:38.611561
2026-08-11,warszawa,Spider-Man: Całkiem nowy dzień,Warszawa -  Arkadia,22:15,2D,original,regular,1.0,https://tickets.cinema-city.pl/api/order/1609342?lang=pl,2026-08-11T08:59:38.611566
2026-08-11,warszawa,Spider-Man: Całkiem nowy dzień,Warszawa -  Arkadia,22:20,2D,original,regular,1.0,https://tickets.cinema-city.pl/api/order/1611667?lang=pl,2026-08-11T08:59:38.611573
2026-08-11,warszawa,Spider-Man: Całkiem nowy dzień,Warszawa -  Arkadia,22:30,2D,original,regular,1.0,https://tickets.cinema-city.pl/api/order/1609034?lang=pl,2026-08-11T08:59:38.611579
2026-08-11,warszawa,Ice Cream Man,Warszawa -  Arkadia,22:30,2D,original,regular,1.0,https://tickets.cinema-city.pl/api/order/1609546?lang=pl,2026-08-11T08:59:38.611584
2026-08-11,warszawa,Odyseja,Warszawa -  Arkadia,22:30,2D,original,regular,1.0,https://tickets.cinema-city.pl/api/order/1611387?lang=pl,2026-08-11T08:59:38.611590
2026-08-11,warszawa,Psi patrol i dinozaury,Warszawa - Bemowo,11:00,2D,,regular,1.0,https://tickets.cinema-city.pl/api/order/1611059?lang=pl,2026-08-11T08:59:39.461649
2026-08-11,warszawa,Spider-Man: Całkiem nowy dzień,Warszawa - Bemowo,11:00,2D,original,regular,1.0,https://tickets.cinema-city.pl/api/order/1611512?lang=pl,2026-08-11T08:59:39.461672
2026-08-11,warszawa,Minionki i straszydła,Warszawa - Bemowo,11:40,2D,,regular,1.0,https://tickets.cinema-city.pl/api/order/1614529?lang=pl,2026-08-11T08:59:39.461680
2026-08-11,warszawa,O czym sobie nie mówimy,Warszawa - Bemowo,11:50,2D,original,regular,1.0,https://tickets.cinema-city.pl/api/order/1610560?lang=pl,2026-08-11T08:59:39.461689
2026-08-11,warszawa,Vaiana,Warszawa - Bemowo,12:00,2D,original,regular,1.0,https://tickets.cinema-city.pl/api/order/1610263?lang=pl,2026-08-11T08:59:39.461696
2026-08-11,warszawa,Ekipa zwierzaków,Warszawa - Bemowo,12:10,2D,,regular,1.0,https://tickets.cinema-city.pl/api/order/1609404?lang=pl,2026-08-11T08:59:39.461703
2026-08-11,warszawa,Spider-Man: Całkiem nowy dzień,Warszawa - Bemowo,12:20,3D,original,regular,1.0,https://tickets.cinema-city.pl/api/order/1609843?lang=pl,2026-08-11T08:59:39.461709
2026-08-11,warszawa,Psi patrol i dinozaury,Warszawa - Bemowo,12:30,2D,,regular,1.0,https://tickets.cinema-city.pl/api/order/1614093?lang=pl,2026-08-11T08:59:39.461715
2026-08-11,warszawa,Odyseja,Warszawa - Bemowo,12:50,2D,original,regular,1.0,https://tickets.cinema-city.pl/api/order/1612520?lang=pl,2026-08-11T08:59:39.461722
2026-08-11,warszawa,Spider-Man: Całkiem nowy dzień,Warszawa - Bemowo,13:00,2D,original,regular,1.0,https://tickets.cinema-city.pl/api/order/1611890?lang=pl,2026-08-11T08:59:39.461728
2026-08-11,warszawa,Toy Story 5,Warszawa - Bemowo,13:20,2D,original,regular,1.0,https://tickets.cinema-city.pl/api/order/1613625?lang=pl,2026-08-11T08:59:39.461736
2026-08-11,warszawa,Psi patrol i dinozaury,Warszawa - Bemowo,13:30,2D,,regular,1.0,https://tickets.cinema-city.pl/api/order/1611062?lang=pl,2026-08-11T08:59:39.461742
2026-08-11,warszawa,Minionki i straszydła,Warszawa - Bemowo,13:50,2D,,regular,1.0,https://tickets.cinema-city.pl/api/order/1614535?lang=pl,2026-08-11T08:59:39.461748
2026-08-11,warszawa,Spider-Man: Całkiem nowy dzień,Warszawa - Bemowo,14:10,2D,original,regular,1.0,https://tickets.cinema-city.pl/api/order/1611517?lang=pl,2026-08-11T08:59:39.461754
2026-08-11,warszawa,Odyseja,Warszawa - Bemowo,14:20,2D,original,regular,1.0,https://tickets.cinema-city.pl/api/order/1609410?lang=pl,2026-08-11T08:59:39.461760
2026-08-11,warszawa,Ice Cream Man,Warszawa - Bemowo,14:30,2D,original,regular,1.0,https://tickets.cinema-city.pl/api/order/1610566?lang=pl,2026-08-11T08:59:39.461767
2026-08-11,warszawa,Vaiana,Warszawa - Bemowo,14:40,2D,original,regular,1.0,https://tickets.cinema-city.pl/api/order/1610269?lang=pl,2026-08-11T08:59:39.461773
2026-08-11,warszawa,Psi patrol i dinozaury,Warszawa - Bemowo,14:40,2D,,regular,1.0,https://tickets.cinema-city.pl/api/order/1614097?lang=pl,2026-08-11T08:59:39.461779
2026-08-11,warszawa,Spider-Man: Całkiem nowy dzień,Warszawa - Bemowo,15:30,3D,original,regular,1.0,https://tickets.cinema-city.pl/api/order/1609849?lang=pl,2026-08-11T08:59:39.461784
2026-08-11,warszawa,Psi patrol i dinozaury,Warszawa - Bemowo,15:40,2D,,regular,1.0,https://tickets.cinema-city.pl/api/order/1611065?lang=pl,2026-08-11T08:59:39.461790
2026-08-11,warszawa,Zaproszenie,Warszawa - Bemowo,15:50,2D,original,regular,1.0,https://tickets.cinema-city.pl/api/order/1613632?lang=pl,2026-08-11T08:59:39.461796
2026-08-11,warszawa,Minionki i straszydła,Warszawa - Bemowo,16:00,2D,,regular,1.0,https://tickets.cinema-city.pl/api/order/1614541?lang=pl,2026-08-11T08:59:39.461801
2026-08-11,warszawa,Spider-Man: Całkiem nowy dzień,Warszawa - Bemowo,16:10,2D,original,regular,1.0,https://tickets.cinema-city.pl/api/order/1611895?lang=pl,2026-08-11T08:59:39.461807
2026-08-11,warszawa,Odyseja,Warszawa - Bemowo,16:30,2D,original,regular,1.0,https://tickets.cinema-city.pl/api/order/1612556?lang=pl,2026-08-11T08:59:39.461813
2026-08-11,warszawa,Psi patrol i dinozaury,Warszawa - Bemowo,16:50,2D,,regular,1.0,https://tickets.cinema-city.pl/api/order/1614101?lang=pl,2026-08-11T08:59:39.461819
2026-08-11,warszawa,Ice Cream Man,Warszawa - Bemowo,17:00,2D,original,regular,1.0,https://tickets.cinema-city.pl/api/order/1610572?lang=pl,2026-08-11T08:59:39.461825
2026-08-11,warszawa,Toy Story 5,Warszawa - Bemowo,17:15,2D,original,regular,1.0,https://tickets.cinema-city.pl/api/order/1610275?lang=pl,2026-08-11T08:59:39.461832
2026-08-11,warszawa,Spider-Man: Całkiem nowy dzień,Warszawa - Bemowo,17:20,2D,original,regular,1.0,https://tickets.cinema-city.pl/api/order/1611522?lang=pl,2026-08-11T08:59:39.461839
2026-08-11,warszawa,Psi patrol i dinozaury,Warszawa - Bemowo,17:50,2D,,regular,1.0,https://tickets.cinema-city.pl/api/order/1611068?lang=pl,2026-08-11T08:59:39.461844
2026-08-11,warszawa,Odyseja,Warszawa - Bemowo,18:00,2D,original,regular,1.0,https://tickets.cinema-city.pl/api/order/1609416?lang=pl,2026-08-11T08:59:39.461850
2026-08-11,warszawa,Minionki i straszydła,Warszawa - Bemowo,18:10,2D,,regular,1.0,https://tickets.cinema-city.pl/api/order/1614547?lang=pl,2026-08-11T08:59:39.461855
2026-08-11,warszawa,Gorzkie święta,Warszawa - Bemowo,18:20,2D,original,regular,1.0,https://tickets.cinema-city.pl/api/order/1613638?lang=pl,2026-08-11T08:59:39.461862
2026-08-11,warszawa,Spider-Man: Całkiem nowy dzień,Warszawa - Bemowo,18:40,3D,original,regular,1.0,https://tickets.cinema-city.pl/api/order/1609855?lang=pl,2026-08-11T08:59:39.461867
2026-08-11,warszawa,Psi patrol i dinozaury,Warszawa - Bemowo,19:00,2D,,regular,1.0,https://tickets.cinema-city.pl/api/order/1614105?lang=pl,2026-08-11T08:59:39.461873
2026-08-11,warszawa,Spider-Man: Całkiem nowy dzień,Warszawa - Bemowo,19:20,2D,original,regular,1.0,https://tickets.cinema-city.pl/api/order/1611900?lang=pl,2026-08-11T08:59:39.461879
2026-08-11,warszawa,Ice Cream Man,Warszawa - Bemowo,19:30,2D,original,regular,1.0,https://tickets.cinema-city.pl/api/order/1610578?lang=pl,2026-08-11T08:59:39.461884
2026-08-11,warszawa,Pejzaż w kolorze sepii,Warszawa - Bemowo,19:40,2D,original,regular,1.0,https://tickets.cinema-city.pl/api/order/1610281?lang=pl,2026-08-11T08:59:39.461890
2026-08-11,warszawa,Psi patrol i dinozaury,Warszawa - Bemowo,20:00,2D,,regular,1.0,https://tickets.cinema-city.pl/api/order/1611071?lang=pl,2026-08-11T08:59:39.461896
2026-08-11,warszawa,Odyseja,Warszawa - Bemowo,20:00,2D,original,regular,1.0,https://tickets.cinema-city.pl/api/order/1612655?lang=pl,2026-08-11T08:59:39.461902
2026-08-11,warszawa,Zaproszenie,Warszawa - Bemowo,20:20,2D,original,regular,1.0,https://tickets.cinema-city.pl/api/order/1614553?lang=pl,2026-08-11T08:59:39.461908
2026-08-11,warszawa,Spider-Man: Całkiem nowy dzień,Warszawa - Bemowo,20:30,2D,original,regular,1.0,https://tickets.cinema-city.pl/api/order/1611527?lang=pl,2026-08-11T08:59:39.461913
2026-08-11,warszawa,Obsesja,Warszawa - Bemowo,21:00,2D,original,regular,1.0,https://tickets.cinema-city.pl/api/order/1613644?lang=pl,2026-08-11T08:59:39.461919
2026-08-11,warszawa,Spider-Man: Całkiem nowy dzień,Warszawa - Bemowo,21:10,2D,original,regular,1.0,https://tickets.cinema-city.pl/api/order/1614109?lang=pl,2026-08-11T08:59:39.461925
2026-08-11,warszawa,Backrooms. Bez wyjścia - wersja rozszerzona,Warszawa - Bemowo,21:30,2D,original,regular,1.0,https://tickets.cinema-city.pl/api/order/1609422?lang=pl,2026-08-11T08:59:39.461933
2026-08-11,warszawa,Zaproszenie,Warszawa - Bemowo,21:50,2D,original,regular,1.0,https://tickets.cinema-city.pl/api/order/1609867?lang=pl,2026-08-11T08:59:39.461938
2026-08-11,warszawa,Ice Cream Man,Warszawa - Bemowo,22:00,2D,original,regular,1.0,https://tickets.cinema-city.pl/api/order/1610584?lang=pl,2026-08-11T08:59:39.461944
2026-08-11,warszawa,Młody Waszyngton,Warszawa - Bemowo,22:15,2D,original,regular,1.0,https://tickets.cinema-city.pl/api/order/1611056?lang=pl,2026-08-11T08:59:39.461952
2026-08-11,warszawa,Obsesja,Warszawa - Bemowo,22:20,2D,original,regular,1.0,https://tickets.cinema-city.pl/api/order/1610287?lang=pl,2026-08-11T08:59:39.461957
2026-08-11,warszawa,Martwe zło: Ogień,Warszawa - Bemowo,22:30,2D,original,regular,1.0,https://tickets.cinema-city.pl/api/order/1611905?lang=pl,2026-08-11T08:59:39.461963
2026-08-11,warszawa,Minionki i straszydła,Warszawa - Białołęka Galeria Północna,10:50,2D,,regular,1.0,https://tickets.cinema-city.pl/api/order/1617633?lang=pl,2026-08-11T08:59:41.712003
2026-08-11,warszawa,Toy Story 5,Warszawa - Białołęka Galeria Północna,11:10,2D,original,regular,1.0,https://tickets.cinema-city.pl/api/order/1617937?lang=pl,2026-08-11T08:59:41.712026
2026-08-11,warszawa,Psi patrol i dinozaury,Warszawa - Białołęka Galeria Północna,11:20,2D,,regular,1.0,https://tickets.cinema-city.pl/api/order/1617400?lang=pl,2026-08-11T08:59:41.712033
2026-08-11,warszawa,Spider-Man: Całkiem nowy dzień,Warszawa - Białołęka Galeria Północna,11:20,3D,original,regular,1.0,https://tickets.cinema-city.pl/api/order/1617718?lang=pl,2026-08-11T08:59:41.712041
2026-08-11,warszawa,Góra mocy LEKTOR,Warszawa - Białołęka Galeria Północna,11:50,2D,,regular,1.0,https://tickets.cinema-city.pl/api/order/1620805?lang=pl,2026-08-11T08:59:41.712047
2026-08-11,warszawa,Minionki i straszydła,Warszawa - Białołęka Galeria Północna,12:10,2D,,regular,1.0,https://tickets.cinema-city.pl/api/order/1617528?lang=pl,2026-08-11T08:59:41.712054
2026-08-11,warszawa,Spider-Man: Całkiem nowy dzień,Warszawa - Białołęka Galeria Północna,12:20,Dolby Atmos,original,regular,1.0,https://tickets.cinema-city.pl/api/order/1617358?lang=pl,2026-08-11T08:59:41.712061
2026-08-11,warszawa,Psi patrol i dinozaury,Warszawa - Białołęka Galeria Północna,12:30,2D,,regular,1.0,https://tickets.cinema-city.pl/api/order/1617786?lang=pl,2026-08-11T08:59:41.712067
2026-08-11,warszawa,Vaiana,Warszawa - Białołęka Galeria Północna,13:00,2D,original,regular,1.0,https://tickets.cinema-city.pl/api/order/1617669?lang=pl,2026-08-11T08:59:41.712074
2026-08-11,warszawa,Odyseja,Warszawa - Białołęka Galeria Północna,13:10,2D,original,regular,1.0,https://tickets.cinema-city.pl/api/order/1617654?lang=pl,2026-08-11T08:59:41.712080
2026-08-11,warszawa,Spider-Man: Całkiem nowy dzień ukraiński dubbing,Warszawa - Białołęka Galeria Północna,13:20,2D,dubbing,regular,1.0,https://tickets.cinema-city.pl/api/order/1617872?lang=pl,2026-08-11T08:59:41.712087
2026-08-11,warszawa,Psi patrol i dinozaury,Warszawa - Białołęka Galeria Północna,13:30,2D,,regular,1.0,https://tickets.cinema-city.pl/api/order/1617403?lang=pl,2026-08-11T08:59:41.712092
2026-08-11,warszawa,Spider-Man: Całkiem nowy dzień,Warszawa - Białołęka Galeria Północna,13:35,2D,original,regular,1.0,https://tickets.cinema-city.pl/api/order/1617473?lang=pl,2026-08-11T08:59:41.712098
2026-08-11,warszawa,Toy Story 5,Warszawa - Białołęka Galeria Północna,13:40,2D,original,regular,1.0,https://tickets.cinema-city.pl/api/order/1617939?lang=pl,2026-08-11T08:59:41.712106
2026-08-11,warszawa,Ice Cream Man,Warszawa - Białołęka Galeria Północna,14:10,2D,original,regular,1.0,https://tickets.cinema-city.pl/api/order/1617959?lang=pl,2026-08-11T08:59:41.712112
2026-08-11,warszawa,Minionki i straszydła,Warszawa - Białołęka Galeria Północna,14:20,2D,,regular,1.0,https://tickets.cinema-city.pl/api/order/1617531?lang=pl,2026-08-11T08:59:41.712118
2026-08-11,warszawa,Spider-Man: Całkiem nowy dzień,Warszawa - Białołęka Galeria Północna,14:30,3D,original,regular,1.0,https://tickets.cinema-city.pl/api/order/1617740?lang=pl,2026-08-11T08:59:41.712123
2026-08-11,warszawa,Psi patrol i dinozaury,Warszawa - Białołęka Galeria Północna,14:40,2D,,regular,1.0,https://tickets.cinema-city.pl/api/order/1617814?lang=pl,2026-08-11T08:59:41.712128
2026-08-11,warszawa,Spider-Man: Całkiem nowy dzień,Warszawa - Białołęka Galeria Północna,15:30,Dolby Atmos,original,regular,1.0,https://tickets.cinema-city.pl/api/order/1617359?lang=pl,2026-08-11T08:59:41.712135
2026-08-11,warszawa,Psi patrol i dinozaury,Warszawa - Białołęka Galeria Północna,15:40,2D,,regular,1.0,https://tickets.cinema-city.pl/api/order/1617406?lang=pl,2026-08-11T08:59:41.712141
2026-08-11,warszawa,Vaiana,Warszawa - Białołęka Galeria Północna,15:40,2D,original,regular,1.0,https://tickets.cinema-city.pl/api/order/1617671?lang=pl,2026-08-11T08:59:41.712147
2026-08-11,warszawa,Toy Story 5,Warszawa - Białołęka Galeria Północna,16:00,2D,original,regular,1.0,https://tickets.cinema-city.pl/api/order/1617941?lang=pl,2026-08-11T08:59:41.712153
2026-08-11,warszawa,Psi patrol i dinozaury ukraiński dubbing,Warszawa - Białołęka Galeria Północna,16:20,2D,dubbing,regular,1.0,https://tickets.cinema-city.pl/api/order/1617877?lang=pl,2026-08-11T08:59:41.712160
2026-08-11,warszawa,Minionki i straszydła,Warszawa - Białołęka Galeria Północna,16:30,2D,,regular,1.0,https://tickets.cinema-city.pl/api/order/1617564?lang=pl,2026-08-11T08:59:41.712166
2026-08-11,warszawa,Ice Cream Man,Warszawa - Białołęka Galeria Północna,16:40,2D,original,regular,1.0,https://tickets.cinema-city.pl/api/order/1617962?lang=pl,2026-08-11T08:59:41.712172
2026-08-11,warszawa,Spider-Man: Całkiem nowy dzień,Warszawa - Białołęka Galeria Północna,16:45,2D,original,regular,1.0,https://tickets.cinema-city.pl/api/order/1617476?lang=pl,2026-08-11T08:59:41.712178
2026-08-11,warszawa,Odyseja,Warszawa - Białołęka Galeria Północna,16:50,2D,original,regular,1.0,https://tickets.cinema-city.pl/api/order/1617659?lang=pl,2026-08-11T08:59:41.712184
2026-08-11,warszawa,Psi patrol i dinozaury,Warszawa - Białołęka Galeria Północna,16:50,2D,,regular,1.0,https://tickets.cinema-city.pl/api/order/1617841?lang=pl,2026-08-11T08:59:41.712189
2026-08-11,warszawa,Spider-Man: Całkiem nowy dzień,Warszawa - Białołęka Galeria Północna,17:40,3D,original,regular,1.0,https://tickets.cinema-city.pl/api/order/1617756?lang=pl,2026-08-11T08:59:41.712195
2026-08-11,warszawa,Psi patrol i dinozaury,Warszawa - Białołęka Galeria Północna,17:50,2D,,regular,1.0,https://tickets.cinema-city.pl/api/order/1617415?lang=pl,2026-08-11T08:59:41.712200
2026-08-11,warszawa,Pejzaż w kolorze sepii,Warszawa - Białołęka Galeria Północna,18:20,2D,original,regular,1.0,https://tickets.cinema-city.pl/api/order/1617676?lang=pl,2026-08-11T08:59:41.712206
2026-08-11,warszawa,Odyseja,Warszawa - Białołęka Galeria Północna,18:30,2D,original,regular,1.0,https://tickets.cinema-city.pl/api/order/1617944?lang=pl,2026-08-11T08:59:41.712212
2026-08-11,warszawa,Spider-Man: Całkiem nowy dzień,Warszawa - Białołęka Galeria Północna,18:40,Dolby Atmos,original,regular,1.0,https://tickets.cinema-city.pl/api/order/1617362?lang=pl,2026-08-11T08:59:41.712219
2026-08-11,warszawa,Spider-Man: Całkiem nowy dzień,Warszawa - Białołęka Galeria Północna,18:40,2D,original,regular,1.0,https://tickets.cinema-city.pl/api/order/1617923?lang=pl,2026-08-11T08:59:41.712225
2026-08-11,warszawa,Spider-Man: Całkiem nowy dzień,Warszawa - Białołęka Galeria Północna,18:50,2D,original,regular,1.0,https://tickets.cinema-city.pl/api/order/1617517?lang=pl,2026-08-11T08:59:41.712230
2026-08-11,warszawa,Ice Cream Man,Warszawa - Białołęka Galeria Północna,18:50,2D,original,regular,1.0,https://tickets.cinema-city.pl/api/order/1617848?lang=pl,2026-08-11T08:59:41.712236
2026-08-11,warszawa,UL - Historie równoległe,Warszawa - Białołęka Galeria Północna,19:00,2D,original,regular,1.0,https://tickets.cinema-city.pl/api/order/1581018?lang=pl,2026-08-11T08:59:41.712244
2026-08-11,warszawa,Psi patrol i dinozaury,Warszawa - Białołęka Galeria Północna,20:00,2D,,regular,1.0,https://tickets.cinema-city.pl/api/order/1617423?lang=pl,2026-08-11T08:59:41.712249
2026-08-11,warszawa,Spider-Man: Całkiem nowy dzień,Warszawa - Białołęka Galeria Północna,20:00,2D,original,regular,1.0,https://tickets.cinema-city.pl/api/order/1617483?lang=pl,2026-08-11T08:59:41.712255
2026-08-11,warszawa,Odyseja,Warszawa - Białołęka Galeria Północna,20:30,2D,original,regular,1.0,https://tickets.cinema-city.pl/api/order/1617661?lang=pl,2026-08-11T08:59:41.712260
2026-08-11,warszawa,Spider-Man: Całkiem nowy dzień,Warszawa - Białołęka Galeria Północna,20:50,3D,original,regular,1.0,https://tickets.cinema-city.pl/api/order/1617757?lang=pl,2026-08-11T08:59:41.712266
2026-08-11,warszawa,Backrooms. Bez wyjścia - wersja rozszerzona,Warszawa - Białołęka Galeria Północna,21:10,2D,original,regular,1.0,https://tickets.cinema-city.pl/api/order/1617851?lang=pl,2026-08-11T08:59:41.712272
2026-08-11,warszawa,Odyseja,Warszawa - Białołęka Galeria Północna,21:20,2D,original,regular,1.0,https://tickets.cinema-city.pl/api/order/1617713?lang=pl,2026-08-11T08:59:41.712278
2026-08-11,warszawa,Odyseja ukraiński dubbing,Warszawa - Białołęka Galeria Północna,21:45,2D,dubbing,regular,1.0,https://tickets.cinema-city.pl/api/order/1617883?lang=pl,2026-08-11T08:59:41.712284
2026-08-11,warszawa,Spider-Man: Całkiem nowy dzień,Warszawa - Białołęka Galeria Północna,21:50,Dolby Atmos,original,regular,1.0,https://tickets.cinema-city.pl/api/order/1617364?lang=pl,2026-08-11T08:59:41.712292
2026-08-11,warszawa,Spider-Man: Całkiem nowy dzień,Warszawa - Białołęka Galeria Północna,22:00,2D,original,regular,1.0,https://tickets.cinema-city.pl/api/order/1617519?lang=pl,2026-08-11T08:59:41.712298
2026-08-11,warszawa,Ice Cream Man,Warszawa - Białołęka Galeria Północna,22:00,2D,original,regular,1.0,https://tickets.cinema-city.pl/api/order/1617989?lang=pl,2026-08-11T08:59:41.712303
2026-08-11,warszawa,Michael,Warszawa - Białołęka Galeria Północna,22:10,2D,original,regular,1.0,https://tickets.cinema-city.pl/api/order/1617948?lang=pl,2026-08-11T08:59:41.712310
2026-08-11,warszawa,Obsesja,Warszawa - Białołęka Galeria Północna,22:15,2D,original,regular,1.0,https://tickets.cinema-city.pl/api/order/1617427?lang=pl,2026-08-11T08:59:41.712316
2026-08-11,warszawa,Spider-Man: Całkiem nowy dzień,Warszawa - Janki,11:10,3D,original,regular,1.0,https://tickets.cinema-city.pl/api/order/1613025?lang=pl,2026-08-11T08:59:43.184589
2026-08-11,warszawa,Psi patrol i dinozaury,Warszawa - Janki,11:20,2D,,regular,1.0,https://tickets.cinema-city.pl/api/order/1612717?lang=pl,2026-08-11T08:59:43.184612
2026-08-11,warszawa,Vaiana,Warszawa - Janki,11:30,2D,original,regular,1.0,https://tickets.cinema-city.pl/api/order/1614393?lang=pl,2026-08-11T08:59:43.184621
2026-08-11,warszawa,Góra mocy LEKTOR,Warszawa - Janki,11:40,2D,,regular,1.0,https://tickets.cinema-city.pl/api/order/1613924?lang=pl,2026-08-11T08:59:43.184629
2026-08-11,warszawa,Ekipa zwierzaków,Warszawa - Janki,11:50,2D,,regular,1.0,https://tickets.cinema-city.pl/api/order/1613509?lang=pl,2026-08-11T08:59:43.184636
2026-08-11,warszawa,Spider-Man: Całkiem nowy dzień,Warszawa - Janki,12:10,2D,original,regular,1.0,https://tickets.cinema-city.pl/api/order/1613761?lang=pl,2026-08-11T08:59:43.184643
2026-08-11,warszawa,Odyseja,Warszawa - Janki,12:20,2D,original,regular,1.0,https://tickets.cinema-city.pl/api/order/1612598?lang=pl,2026-08-11T08:59:43.184650
2026-08-11,warszawa,Toy Story 5,Warszawa - Janki,12:20,2D,original,regular,1.0,https://tickets.cinema-city.pl/api/order/1614304?lang=pl,2026-08-11T08:59:43.184658
2026-08-11,warszawa,Psi patrol i dinozaury,Warszawa - Janki,12:30,2D,,regular,1.0,https://tickets.cinema-city.pl/api/order/1613833?lang=pl,2026-08-11T08:59:43.184665
2026-08-11,warszawa,Psi patrol i dinozaury,Warszawa - Janki,13:30,2D,,regular,1.0,https://tickets.cinema-city.pl/api/order/1612721?lang=pl,2026-08-11T08:59:43.184670
2026-08-11,warszawa,Spider-Man: Całkiem nowy dzień,Warszawa - Janki,13:50,2D,original,regular,1.0,https://tickets.cinema-city.pl/api/order/1612461?lang=pl,2026-08-11T08:59:43.184677
2026-08-11,warszawa,Minionki i straszydła,Warszawa - Janki,13:50,2D,,regular,1.0,https://tickets.cinema-city.pl/api/order/1613930?lang=pl,2026-08-11T08:59:43.184684
2026-08-11,warszawa,Psi patrol i dinozaury ukraiński dubbing,Warszawa - Janki,14:00,2D,dubbing,regular,1.0,https://tickets.cinema-city.pl/api/order/1613497?lang=pl,2026-08-11T08:59:43.184692
2026-08-11,warszawa,Ice Cream Man,Warszawa - Janki,14:10,2D,original,regular,1.0,https://tickets.cinema-city.pl/api/order/1614369?lang=pl,2026-08-11T08:59:43.184699
2026-08-11,warszawa,Spider-Man: Całkiem nowy dzień,Warszawa - Janki,14:20,3D,original,regular,1.0,https://tickets.cinema-city.pl/api/order/1613031?lang=pl,2026-08-11T08:59:43.184705
2026-08-11,warszawa,Psi patrol i dinozaury,Warszawa - Janki,14:40,2D,,regular,1.0,https://tickets.cinema-city.pl/api/order/1613837?lang=pl,2026-08-11T08:59:43.184711
2026-08-11,warszawa,Toy Story 5,Warszawa - Janki,14:50,2D,original,regular,1.0,https://tickets.cinema-city.pl/api/order/1614310?lang=pl,2026-08-11T08:59:43.184719
2026-08-11,warszawa,Spider-Man: Całkiem nowy dzień,Warszawa - Janki,15:20,2D,original,regular,1.0,https://tickets.cinema-city.pl/api/order/1613767?lang=pl,2026-08-11T08:59:43.184734
2026-08-11,warszawa,Psi patrol i dinozaury,Warszawa - Janki,15:40,2D,,regular,1.0,https://tickets.cinema-city.pl/api/order/1612725?lang=pl,2026-08-11T08:59:43.184741
2026-08-11,warszawa,Odyseja,Warszawa - Janki,16:00,2D,original,regular,1.0,https://tickets.cinema-city.pl/api/order/1612604?lang=pl,2026-08-11T08:59:43.184749
2026-08-11,warszawa,Minionki i straszydła,Warszawa - Janki,16:00,2D,,regular,1.0,https://tickets.cinema-city.pl/api/order/1613936?lang=pl,2026-08-11T08:59:43.184758
2026-08-11,warszawa,Spider-Man: Całkiem nowy dzień ukraiński dubbing,Warszawa - Janki,16:15,2D,dubbing,regular,1.0,https://tickets.cinema-city.pl/api/order/1613503?lang=pl,2026-08-11T08:59:43.184768
2026-08-11,warszawa,Ice Cream Man,Warszawa - Janki,16:40,2D,original,regular,1.0,https://tickets.cinema-city.pl/api/order/1614375?lang=pl,2026-08-11T08:59:43.184775
2026-08-11,warszawa,Psi patrol i dinozaury,Warszawa - Janki,16:50,2D,,regular,1.0,https://tickets.cinema-city.pl/api/order/1613841?lang=pl,2026-08-11T08:59:43.184781
2026-08-11,warszawa,Spider-Man: Całkiem nowy dzień,Warszawa - Janki,17:00,2D,original,regular,1.0,https://tickets.cinema-city.pl/api/order/1612467?lang=pl,2026-08-11T08:59:43.184789
2026-08-11,warszawa,Odyseja,Warszawa - Janki,17:15,2D,original,regular,1.0,https://tickets.cinema-city.pl/api/order/1614292?lang=pl,2026-08-11T08:59:43.184795
2026-08-11,warszawa,Spider-Man: Całkiem nowy dzień,Warszawa - Janki,17:30,3D,original,regular,1.0,https://tickets.cinema-city.pl/api/order/1613037?lang=pl,2026-08-11T08:59:43.184801
2026-08-11,warszawa,Psi patrol i dinozaury,Warszawa - Janki,17:50,2D,,regular,1.0,https://tickets.cinema-city.pl/api/order/1612729?lang=pl,2026-08-11T08:59:43.184806
2026-08-11,warszawa,Minionki i straszydła,Warszawa - Janki,18:10,2D,,regular,1.0,https://tickets.cinema-city.pl/api/order/1613942?lang=pl,2026-08-11T08:59:43.184816
2026-08-11,warszawa,Spider-Man: Całkiem nowy dzień,Warszawa - Janki,18:30,2D,original,regular,1.0,https://tickets.cinema-city.pl/api/order/1613773?lang=pl,2026-08-11T08:59:43.184823
2026-08-11,warszawa,Psi patrol i dinozaury,Warszawa - Janki,19:00,2D,,regular,1.0,https://tickets.cinema-city.pl/api/order/1613845?lang=pl,2026-08-11T08:59:43.184829
2026-08-11,warszawa,Ice Cream Man,Warszawa - Janki,19:10,2D,original,regular,1.0,https://tickets.cinema-city.pl/api/order/1614381?lang=pl,2026-08-11T08:59:43.184834
2026-08-11,warszawa,Zaproszenie,Warszawa - Janki,19:30,2D,original,regular,1.0,https://tickets.cinema-city.pl/api/order/1613607?lang=pl,2026-08-11T08:59:43.184841
2026-08-11,warszawa,Odyseja,Warszawa - Janki,19:40,2D,original,regular,1.0,https://tickets.cinema-city.pl/api/order/1612610?lang=pl,2026-08-11T08:59:43.184847
2026-08-11,warszawa,Psi patrol i dinozaury,Warszawa - Janki,20:00,2D,,regular,1.0,https://tickets.cinema-city.pl/api/order/1612733?lang=pl,2026-08-11T08:59:43.184852
2026-08-11,warszawa,Spider-Man: Całkiem nowy dzień,Warszawa - Janki,20:10,2D,original,regular,1.0,https://tickets.cinema-city.pl/api/order/1612473?lang=pl,2026-08-11T08:59:43.184860
2026-08-11,warszawa,Obsesja,Warszawa - Janki,20:20,2D,original,regular,1.0,https://tickets.cinema-city.pl/api/order/1614074?lang=pl,2026-08-11T08:59:43.184865
2026-08-11,warszawa,Spider-Man: Całkiem nowy dzień,Warszawa - Janki,20:40,3D,original,regular,1.0,https://tickets.cinema-city.pl/api/order/1613043?lang=pl,2026-08-11T08:59:43.184877
2026-08-11,warszawa,Backrooms. Bez wyjścia - wersja rozszerzona,Warszawa - Janki,20:50,2D,original,regular,1.0,https://tickets.cinema-city.pl/api/order/1614286?lang=pl,2026-08-11T08:59:43.184888
2026-08-11,warszawa,Odyseja,Warszawa - Janki,21:10,2D,original,regular,1.0,https://tickets.cinema-city.pl/api/order/1613856?lang=pl,2026-08-11T08:59:43.184896
2026-08-11,warszawa,Spider-Man: Całkiem nowy dzień,Warszawa - Janki,21:40,2D,original,regular,1.0,https://tickets.cinema-city.pl/api/order/1613779?lang=pl,2026-08-11T08:59:43.184902
2026-08-11,warszawa,Ice Cream Man,Warszawa - Janki,21:40,2D,original,regular,1.0,https://tickets.cinema-city.pl/api/order/1614387?lang=pl,2026-08-11T08:59:43.184914
2026-08-11,warszawa,Zaproszenie,Warszawa - Janki,22:00,2D,original,regular,1.0,https://tickets.cinema-city.pl/api/order/1613610?lang=pl,2026-08-11T08:59:43.184923
2026-08-11,warszawa,Martwe zło: Ogień,Warszawa - Janki,22:10,2D,original,regular,1.0,https://tickets.cinema-city.pl/api/order/1612739?lang=pl,2026-08-11T08:59:43.184930
2026-08-11,warszawa,Psi patrol i dinozaury,Warszawa - Mokotów,10:50,2D,,regular,1.0,https://tickets.cinema-city.pl/api/order/1620439?lang=pl,2026-08-11T08:59:45.144562
2026-08-11,warszawa,Spider-Man: Całkiem nowy dzień,Warszawa - Mokotów,11:00,2D,original,regular,1.0,https://tickets.cinema-city.pl/api/order/1620077?lang=pl,2026-08-11T08:59:45.144594
2026-08-11,warszawa,Minionki i straszydła,Warszawa - Mokotów,11:20,2D,,regular,1.0,https://tickets.cinema-city.pl/api/order/1620143?lang=pl,2026-08-11T08:59:45.144603
2026-08-11,warszawa,Spider-Man: Całkiem nowy dzień,Warszawa - Mokotów,11:30,2D,original,regular,1.0,https://tickets.cinema-city.pl/api/order/1620491?lang=pl,2026-08-11T08:59:45.144610
2026-08-11,warszawa,Vaiana,Warszawa - Mokotów,11:40,2D,original,regular,1.0,https://tickets.cinema-city.pl/api/order/1620619?lang=pl,2026-08-11T08:59:45.144617
2026-08-11,warszawa,Zaproszenie,Warszawa - Mokotów,11:50,2D,original,regular,1.0,https://tickets.cinema-city.pl/api/order/1620105?lang=pl,2026-08-11T08:59:45.144625
2026-08-11,warszawa,Psi patrol i dinozaury,Warszawa - Mokotów,11:50,2D,,regular,1.0,https://tickets.cinema-city.pl/api/order/1620381?lang=pl,2026-08-11T08:59:45.144631
2026-08-11,warszawa,Ice Cream Man,Warszawa - Mokotów,11:50,2D,original,regular,1.0,https://tickets.cinema-city.pl/api/order/1620574?lang=pl,2026-08-11T08:59:45.144638
2026-08-11,warszawa,Toy Story 5,Warszawa - Mokotów,12:00,2D,original,regular,1.0,https://tickets.cinema-city.pl/api/order/1620250?lang=pl,2026-08-11T08:59:45.144646
2026-08-11,warszawa,Odyseja,Warszawa - Mokotów,12:00,2D,original,regular,1.0,https://tickets.cinema-city.pl/api/order/1620552?lang=pl,2026-08-11T08:59:45.144653
2026-08-11,warszawa,Spider-Man: Całkiem nowy dzień,Warszawa - Mokotów,12:10,3D,original,regular,1.0,https://tickets.cinema-city.pl/api/order/1620339?lang=pl,2026-08-11T08:59:45.144659
2026-08-11,warszawa,Spider-Man: Całkiem nowy dzień,Warszawa - Mokotów,12:40,2D,original,regular,1.0,https://tickets.cinema-city.pl/api/order/1620406?lang=pl,2026-08-11T08:59:45.144666
2026-08-11,warszawa,Minionki i straszydła,Warszawa - Mokotów,12:50,2D,,regular,1.0,https://tickets.cinema-city.pl/api/order/1620365?lang=pl,2026-08-11T08:59:45.144671
2026-08-11,warszawa,Psi patrol i dinozaury,Warszawa - Mokotów,13:00,2D,,regular,1.0,https://tickets.cinema-city.pl/api/order/1620443?lang=pl,2026-08-11T08:59:45.144677
2026-08-11,warszawa,Minionki i straszydła,Warszawa - Mokotów,13:30,2D,,regular,1.0,https://tickets.cinema-city.pl/api/order/1620148?lang=pl,2026-08-11T08:59:45.144683
2026-08-11,warszawa,Spider-Man: Całkiem nowy dzień,Warszawa - Mokotów,13:40,ScreenX,original,regular,1.0,https://tickets.cinema-city.pl/api/order/1620518?lang=pl,2026-08-11T08:59:45.144689
2026-08-11,warszawa,Psi patrol i dinozaury,Warszawa - Mokotów,14:00,2D,,regular,1.0,https://tickets.cinema-city.pl/api/order/1620385?lang=pl,2026-08-11T08:59:45.144694
2026-08-11,warszawa,Spider-Man: Całkiem nowy dzień,Warszawa - Mokotów,14:10,2D,original,regular,1.0,https://tickets.cinema-city.pl/api/order/1620082?lang=pl,2026-08-11T08:59:45.144700
2026-08-11,warszawa,Odyseja,Warszawa - Mokotów,14:15,2D,original,regular,1.0,https://tickets.cinema-city.pl/api/order/1620620?lang=pl,2026-08-11T08:59:45.144706
2026-08-11,warszawa,Toy Story 5,Warszawa - Mokotów,14:20,2D,original,regular,1.0,https://tickets.cinema-city.pl/api/order/1620252?lang=pl,2026-08-11T08:59:45.144713
2026-08-11,warszawa,Zaproszenie,Warszawa - Mokotów,14:30,2D,original,regular,1.0,https://tickets.cinema-city.pl/api/order/1620111?lang=pl,2026-08-11T08:59:45.144719
2026-08-11,warszawa,Psi patrol i dinozaury ukraiński dubbing,Warszawa - Mokotów,14:30,2D,dubbing,regular,1.0,https://tickets.cinema-city.pl/api/order/1620570?lang=pl,2026-08-11T08:59:45.144727
2026-08-11,warszawa,Góra mocy,Warszawa - Mokotów,14:45,2D,original,regular,1.0,https://tickets.cinema-city.pl/api/order/1620494?lang=pl,2026-08-11T08:59:45.144735
2026-08-11,warszawa,Minionki i straszydła,Warszawa - Mokotów,15:10,2D,,regular,1.0,https://tickets.cinema-city.pl/api/order/1620368?lang=pl,2026-08-11T08:59:45.144741
2026-08-11,warszawa,Psi patrol i dinozaury,Warszawa - Mokotów,15:10,2D,,regular,1.0,https://tickets.cinema-city.pl/api/order/1620447?lang=pl,2026-08-11T08:59:45.144746
2026-08-11,warszawa,Spider-Man: Całkiem nowy dzień,Warszawa - Mokotów,15:20,3D,original,regular,1.0,https://tickets.cinema-city.pl/api/order/1620340?lang=pl,2026-08-11T08:59:45.144752
2026-08-11,warszawa,Minionki i straszydła,Warszawa - Mokotów,15:40,2D,,regular,1.0,https://tickets.cinema-city.pl/api/order/1620153?lang=pl,2026-08-11T08:59:45.144758
2026-08-11,warszawa,Odyseja,Warszawa - Mokotów,15:45,2D,original,regular,1.0,https://tickets.cinema-city.pl/api/order/1620553?lang=pl,2026-08-11T08:59:45.144764
2026-08-11,warszawa,Spider-Man: Całkiem nowy dzień,Warszawa - Mokotów,15:50,2D,original,regular,1.0,https://tickets.cinema-city.pl/api/order/1620410?lang=pl,2026-08-11T08:59:45.144770
2026-08-11,warszawa,Psi patrol i dinozaury,Warszawa - Mokotów,16:10,2D,,regular,1.0,https://tickets.cinema-city.pl/api/order/1620389?lang=pl,2026-08-11T08:59:45.144777
2026-08-11,warszawa,Toy Story 5,Warszawa - Mokotów,16:40,2D,original,regular,1.0,https://tickets.cinema-city.pl/api/order/1620253?lang=pl,2026-08-11T08:59:45.144785
2026-08-11,warszawa,Ice Cream Man,Warszawa - Mokotów,16:45,2D,original,regular,1.0,https://tickets.cinema-city.pl/api/order/1620578?lang=pl,2026-08-11T08:59:45.144792
2026-08-11,warszawa,Spider-Man: Całkiem nowy dzień,Warszawa - Mokotów,16:50,ScreenX,original,regular,1.0,https://tickets.cinema-city.pl/api/order/1620523?lang=pl,2026-08-11T08:59:45.144798
2026-08-11,warszawa,Do utraty tchu (re-release),Warszawa - Mokotów,17:10,2D,original,regular,1.0,https://tickets.cinema-city.pl/api/order/1620117?lang=pl,2026-08-11T08:59:45.144813
2026-08-11,warszawa,Spider-Man: Całkiem nowy dzień,Warszawa - Mokotów,17:10,2D,original,regular,1.0,https://tickets.cinema-city.pl/api/order/1620488?lang=pl,2026-08-11T08:59:45.144821
2026-08-11,warszawa,Spider-Man: Całkiem nowy dzień,Warszawa - Mokotów,17:20,2D,original,regular,1.0,https://tickets.cinema-city.pl/api/order/1620087?lang=pl,2026-08-11T08:59:45.144829
2026-08-11,warszawa,Psi patrol i dinozaury,Warszawa - Mokotów,17:20,2D,,regular,1.0,https://tickets.cinema-city.pl/api/order/1620451?lang=pl,2026-08-11T08:59:45.144835
2026-08-11,warszawa,Minionki i straszydła,Warszawa - Mokotów,17:30,2D,,regular,1.0,https://tickets.cinema-city.pl/api/order/1620371?lang=pl,2026-08-11T08:59:45.144842
2026-08-11,warszawa,Spider-Man: Całkiem nowy dzień ukraiński dubbing,Warszawa - Mokotów,17:45,2D,dubbing,regular,1.0,https://tickets.cinema-city.pl/api/order/1620158?lang=pl,2026-08-11T08:59:45.144850
2026-08-11,warszawa,Odyseja,Warszawa - Mokotów,18:00,2D,original,regular,1.0,https://tickets.cinema-city.pl/api/order/1620621?lang=pl,2026-08-11T08:59:45.144858
2026-08-11,warszawa,Psi patrol i dinozaury,Warszawa - Mokotów,18:20,2D,,regular,1.0,https://tickets.cinema-city.pl/api/order/1620393?lang=pl,2026-08-11T08:59:45.144865
2026-08-11,warszawa,Spider-Man: Całkiem nowy dzień,Warszawa - Mokotów,18:30,3D,original,regular,1.0,https://tickets.cinema-city.pl/api/order/1620341?lang=pl,2026-08-11T08:59:45.144871
2026-08-11,warszawa,UL - Historie równoległe,Warszawa - Mokotów,19:00,2D,original,regular,1.0,https://tickets.cinema-city.pl/api/order/1581015?lang=pl,2026-08-11T08:59:45.144881
2026-08-11,warszawa,Spider-Man: Całkiem nowy dzień,Warszawa - Mokotów,19:00,2D,original,regular,1.0,https://tickets.cinema-city.pl/api/order/1620414?lang=pl,2026-08-11T08:59:45.144888
2026-08-11,warszawa,Ice Cream Man,Warszawa - Mokotów,19:15,2D,original,regular,1.0,https://tickets.cinema-city.pl/api/order/1620582?lang=pl,2026-08-11T08:59:45.144895
2026-08-11,warszawa,Kandydaci śmierci,Warszawa - Mokotów,19:20,2D,original,regular,1.0,https://tickets.cinema-city.pl/api/order/1620123?lang=pl,2026-08-11T08:59:45.144903
2026-08-11,warszawa,Pejzaż w kolorze sepii,Warszawa - Mokotów,19:20,2D,original,regular,1.0,https://tickets.cinema-city.pl/api/order/1620554?lang=pl,2026-08-11T08:59:45.144911
2026-08-11,warszawa,Psi patrol i dinozaury,Warszawa - Mokotów,19:30,2D,,regular,1.0,https://tickets.cinema-city.pl/api/order/1620455?lang=pl,2026-08-11T08:59:45.144918
2026-08-11,warszawa,Spider-Man: Całkiem nowy dzień,Warszawa - Mokotów,19:40,2D,original,regular,1.0,https://tickets.cinema-city.pl/api/order/1620374?lang=pl,2026-08-11T08:59:45.144926
2026-08-11,warszawa,Spider-Man: Całkiem nowy dzień,Warszawa - Mokotów,20:00,ScreenX,original,regular,1.0,https://tickets.cinema-city.pl/api/order/1620528?lang=pl,2026-08-11T08:59:45.144932
2026-08-11,warszawa,Backrooms. Bez wyjścia - wersja rozszerzona,Warszawa - Mokotów,20:20,2D,original,regular,1.0,https://tickets.cinema-city.pl/api/order/1620497?lang=pl,2026-08-11T08:59:45.144946
2026-08-11,warszawa,Spider-Man: Całkiem nowy dzień,Warszawa - Mokotów,20:30,2D,original,regular,1.0,https://tickets.cinema-city.pl/api/order/1620092?lang=pl,2026-08-11T08:59:45.144955
2026-08-11,warszawa,Gorzkie święta,Warszawa - Mokotów,20:50,2D,original,regular,1.0,https://tickets.cinema-city.pl/api/order/1620163?lang=pl,2026-08-11T08:59:45.144963
2026-08-11,warszawa,Spider-Man: Całkiem nowy dzień,Warszawa - Mokotów,20:50,2D,original,regular,1.0,https://tickets.cinema-city.pl/api/order/1620397?lang=pl,2026-08-11T08:59:45.144970
2026-08-11,warszawa,Odyseja ukraiński dubbing,Warszawa - Mokotów,21:40,2D,dubbing,regular,1.0,https://tickets.cinema-city.pl/api/order/1620342?lang=pl,2026-08-11T08:59:45.144978
2026-08-11,warszawa,Ice Cream Man,Warszawa - Mokotów,21:45,2D,original,regular,1.0,https://tickets.cinema-city.pl/api/order/1620586?lang=pl,2026-08-11T08:59:45.144985
2026-08-11,warszawa,Odyseja,Warszawa - Mokotów,21:45,2D,original,regular,1.0,https://tickets.cinema-city.pl/api/order/1620622?lang=pl,2026-08-11T08:59:45.144992
2026-08-11,warszawa,Spider-Man: Całkiem nowy dzień ukraiński dubbing,Warszawa - Mokotów,21:50,2D,dubbing,regular,1.0,https://tickets.cinema-city.pl/api/order/1620129?lang=pl,2026-08-11T08:59:45.145000
2026-08-11,warszawa,Zaproszenie,Warszawa - Mokotów,21:50,2D,original,regular,1.0,https://tickets.cinema-city.pl/api/order/1620459?lang=pl,2026-08-11T08:59:45.145007
2026-08-11,warszawa,Spider-Man: Całkiem nowy dzień,Warszawa - Mokotów,22:00,2D,original,regular,1.0,https://tickets.cinema-city.pl/api/order/1620418?lang=pl,2026-08-11T08:59:45.145014
2026-08-11,warszawa,Pejzaż w kolorze sepii,Warszawa - Mokotów,22:00,2D,original,regular,1.0,https://tickets.cinema-city.pl/api/order/1620556?lang=pl,2026-08-11T08:59:45.145021
2026-08-11,warszawa,Spider-Man: Całkiem nowy dzień,Warszawa - Mokotów,22:15,2D,original,regular,1.0,https://tickets.cinema-city.pl/api/order/1620279?lang=pl,2026-08-11T08:59:45.145029
2026-08-11,warszawa,Ekipa zwierzaków,Warszawa - Promenada,10:50,2D,,regular,1.0,https://tickets.cinema-city.pl/api/order/1609211?lang=pl,2026-08-11T08:59:47.011393
2026-08-11,warszawa,Psi patrol i dinozaury,Warszawa - Promenada,11:00,2D,,regular,1.0,https://tickets.cinema-city.pl/api/order/1609276?lang=pl,2026-08-11T08:59:47.011418
2026-08-11,warszawa,Odyseja,Warszawa - Promenada,11:00,2D,original,regular,1.0,https://tickets.cinema-city.pl/api/order/1609429?lang=pl,2026-08-11T08:59:47.011427
2026-08-11,warszawa,O czym sobie nie mówimy,Warszawa - Promenada,11:20,2D,original,regular,1.0,https://tickets.cinema-city.pl/api/order/1610295?lang=pl,2026-08-11T08:59:47.011435
2026-08-11,warszawa,Góra mocy LEKTOR,Warszawa - Promenada,11:30,2D,,regular,1.0,https://tickets.cinema-city.pl/api/order/1610526?lang=pl,2026-08-11T08:59:47.011442
2026-08-11,warszawa,Minionki i straszydła,Warszawa - Promenada,11:40,2D,,regular,1.0,https://tickets.cinema-city.pl/api/order/1609956?lang=pl,2026-08-11T08:59:47.011449
2026-08-11,warszawa,Vaiana,Warszawa - Promenada,11:50,2D,original,regular,1.0,https://tickets.cinema-city.pl/api/order/1610752?lang=pl,2026-08-11T08:59:47.011457
2026-08-11,warszawa,Spider-Man: Całkiem nowy dzień,Warszawa - Promenada,12:10,2D,original,regular,1.0,https://tickets.cinema-city.pl/api/order/1612314?lang=pl,2026-08-11T08:59:47.011465
2026-08-11,warszawa,Psi patrol i dinozaury,Warszawa - Promenada,12:30,2D,,regular,1.0,https://tickets.cinema-city.pl/api/order/1612378?lang=pl,2026-08-11T08:59:47.011500
2026-08-11,warszawa,Spider-Man: Całkiem nowy dzień,Warszawa - Promenada,12:40,3D,original,regular,1.0,https://tickets.cinema-city.pl/api/order/1611045?lang=pl,2026-08-11T08:59:47.011506
2026-08-11,warszawa,Odyseja,Warszawa - Promenada,12:40,2D,original,regular,1.0,https://tickets.cinema-city.pl/api/order/1611591?lang=pl,2026-08-11T08:59:47.011512
2026-08-11,warszawa,Toy Story 5,Warszawa - Promenada,12:50,2D,original,regular,1.0,https://tickets.cinema-city.pl/api/order/1620948?lang=pl,2026-08-11T08:59:47.011522
2026-08-11,warszawa,Ekipa zwierzaków,Warszawa - Promenada,13:00,2D,,regular,1.0,https://tickets.cinema-city.pl/api/order/1609217?lang=pl,2026-08-11T08:59:47.011529
2026-08-11,warszawa,Psi patrol i dinozaury,Warszawa - Promenada,13:30,2D,,regular,1.0,https://tickets.cinema-city.pl/api/order/1609280?lang=pl,2026-08-11T08:59:47.011534
2026-08-11,warszawa,Zaproszenie,Warszawa - Promenada,13:40,2D,original,regular,1.0,https://tickets.cinema-city.pl/api/order/1610532?lang=pl,2026-08-11T08:59:47.011541
2026-08-11,warszawa,Minionki i straszydła,Warszawa - Promenada,13:50,2D,,regular,1.0,https://tickets.cinema-city.pl/api/order/1609962?lang=pl,2026-08-11T08:59:47.011547
2026-08-11,warszawa,Spider-Man: Całkiem nowy dzień,Warszawa - Promenada,13:50,2D,original,regular,1.0,https://tickets.cinema-city.pl/api/order/1612688?lang=pl,2026-08-11T08:59:47.011553
2026-08-11,warszawa,Ice Cream Man,Warszawa - Promenada,14:00,2D,original,regular,1.0,https://tickets.cinema-city.pl/api/order/1610301?lang=pl,2026-08-11T08:59:47.011560
2026-08-11,warszawa,Vaiana,Warszawa - Promenada,14:30,2D,original,regular,1.0,https://tickets.cinema-city.pl/api/order/1610758?lang=pl,2026-08-11T08:59:47.011567
2026-08-11,warszawa,Odyseja,Warszawa - Promenada,14:40,2D,original,regular,1.0,https://tickets.cinema-city.pl/api/order/1609435?lang=pl,2026-08-11T08:59:47.011573
2026-08-11,warszawa,Psi patrol i dinozaury,Warszawa - Promenada,14:40,2D,,regular,1.0,https://tickets.cinema-city.pl/api/order/1612382?lang=pl,2026-08-11T08:59:47.011578
2026-08-11,warszawa,Toy Story 5,Warszawa - Promenada,15:00,2D,original,regular,1.0,https://tickets.cinema-city.pl/api/order/1609567?lang=pl,2026-08-11T08:59:47.011585
2026-08-11,warszawa,Młody Waszyngton,Warszawa - Promenada,15:10,2D,original,regular,1.0,https://tickets.cinema-city.pl/api/order/1609223?lang=pl,2026-08-11T08:59:47.011593
2026-08-11,warszawa,Spider-Man: Całkiem nowy dzień,Warszawa - Promenada,15:20,2D,original,regular,1.0,https://tickets.cinema-city.pl/api/order/1612317?lang=pl,2026-08-11T08:59:47.011600
2026-08-11,warszawa,Psi patrol i dinozaury,Warszawa - Promenada,15:40,2D,,regular,1.0,https://tickets.cinema-city.pl/api/order/1609284?lang=pl,2026-08-11T08:59:47.011605
2026-08-11,warszawa,Spider-Man: Całkiem nowy dzień,Warszawa - Promenada,15:50,3D,original,regular,1.0,https://tickets.cinema-city.pl/api/order/1611096?lang=pl,2026-08-11T08:59:47.011611
2026-08-11,warszawa,Minionki i straszydła,Warszawa - Promenada,16:00,2D,,regular,1.0,https://tickets.cinema-city.pl/api/order/1609968?lang=pl,2026-08-11T08:59:47.011617
2026-08-11,warszawa,Zaproszenie,Warszawa - Promenada,16:10,2D,original,regular,1.0,https://tickets.cinema-city.pl/api/order/1610538?lang=pl,2026-08-11T08:59:47.011623
2026-08-11,warszawa,Odyseja,Warszawa - Promenada,16:20,2D,original,regular,1.0,https://tickets.cinema-city.pl/api/order/1611594?lang=pl,2026-08-11T08:59:47.011629
2026-08-11,warszawa,Ice Cream Man,Warszawa - Promenada,16:30,2D,original,regular,1.0,https://tickets.cinema-city.pl/api/order/1610307?lang=pl,2026-08-11T08:59:47.011635
2026-08-11,warszawa,Psi patrol i dinozaury,Warszawa - Promenada,16:50,2D,,regular,1.0,https://tickets.cinema-city.pl/api/order/1612386?lang=pl,2026-08-11T08:59:47.011640
2026-08-11,warszawa,Spider-Man: Całkiem nowy dzień,Warszawa - Promenada,17:00,2D,original,regular,1.0,https://tickets.cinema-city.pl/api/order/1612693?lang=pl,2026-08-11T08:59:47.011646
2026-08-11,warszawa,Vaiana,Warszawa - Promenada,17:10,2D,original,regular,1.0,https://tickets.cinema-city.pl/api/order/1610764?lang=pl,2026-08-11T08:59:47.011652
2026-08-11,warszawa,Toy Story 5,Warszawa - Promenada,17:15,2D,original,regular,1.0,https://tickets.cinema-city.pl/api/order/1609573?lang=pl,2026-08-11T08:59:47.011659
2026-08-11,warszawa,Psi patrol i dinozaury,Warszawa - Promenada,17:50,2D,,regular,1.0,https://tickets.cinema-city.pl/api/order/1609288?lang=pl,2026-08-11T08:59:47.011664
2026-08-11,warszawa,Kandydaci śmierci,Warszawa - Promenada,18:00,2D,original,regular,1.0,https://tickets.cinema-city.pl/api/order/1609229?lang=pl,2026-08-11T08:59:47.011671
2026-08-11,warszawa,Minionki i straszydła,Warszawa - Promenada,18:10,2D,,regular,1.0,https://tickets.cinema-city.pl/api/order/1609974?lang=pl,2026-08-11T08:59:47.011677
2026-08-11,warszawa,Odyseja,Warszawa - Promenada,18:20,2D,original,regular,1.0,https://tickets.cinema-city.pl/api/order/1609441?lang=pl,2026-08-11T08:59:47.011684
2026-08-11,warszawa,Spider-Man: Całkiem nowy dzień,Warszawa - Promenada,18:30,2D,original,regular,1.0,https://tickets.cinema-city.pl/api/order/1612320?lang=pl,2026-08-11T08:59:47.011690
2026-08-11,warszawa,Zaproszenie,Warszawa - Promenada,18:40,2D,original,regular,1.0,https://tickets.cinema-city.pl/api/order/1610544?lang=pl,2026-08-11T08:59:47.011696
2026-08-11,warszawa,UL - Historie równoległe,Warszawa - Promenada,19:00,2D,original,regular,1.0,https://tickets.cinema-city.pl/api/order/1581010?lang=pl,2026-08-11T08:59:47.011704
2026-08-11,warszawa,Ice Cream Man,Warszawa - Promenada,19:00,2D,original,regular,1.0,https://tickets.cinema-city.pl/api/order/1610313?lang=pl,2026-08-11T08:59:47.011710
2026-08-11,warszawa,Psi patrol i dinozaury,Warszawa - Promenada,19:00,2D,,regular,1.0,https://tickets.cinema-city.pl/api/order/1612390?lang=pl,2026-08-11T08:59:47.011716
2026-08-11,warszawa,Spider-Man: Całkiem nowy dzień,Warszawa - Promenada,19:40,3D,original,regular,1.0,https://tickets.cinema-city.pl/api/order/1609683?lang=pl,2026-08-11T08:59:47.011721
2026-08-11,warszawa,Pejzaż w kolorze sepii,Warszawa - Promenada,19:50,2D,original,regular,1.0,https://tickets.cinema-city.pl/api/order/1610770?lang=pl,2026-08-11T08:59:47.011728
2026-08-11,warszawa,Psi patrol i dinozaury,Warszawa - Promenada,20:00,2D,,regular,1.0,https://tickets.cinema-city.pl/api/order/1609292?lang=pl,2026-08-11T08:59:47.011734
2026-08-11,warszawa,Odyseja,Warszawa - Promenada,20:00,2D,original,regular,1.0,https://tickets.cinema-city.pl/api/order/1611597?lang=pl,2026-08-11T08:59:47.011740
2026-08-11,warszawa,Spider-Man: Całkiem nowy dzień,Warszawa - Promenada,20:10,2D,original,regular,1.0,https://tickets.cinema-city.pl/api/order/1612698?lang=pl,2026-08-11T08:59:47.011746
2026-08-11,warszawa,Gorzkie święta,Warszawa - Promenada,20:20,2D,original,regular,1.0,https://tickets.cinema-city.pl/api/order/1609235?lang=pl,2026-08-11T08:59:47.011752
2026-08-11,warszawa,Backrooms. Bez wyjścia - wersja rozszerzona,Warszawa - Promenada,20:20,2D,original,regular,1.0,https://tickets.cinema-city.pl/api/order/1610105?lang=pl,2026-08-11T08:59:47.011760
2026-08-11,warszawa,Zaproszenie,Warszawa - Promenada,21:10,2D,original,regular,1.0,https://tickets.cinema-city.pl/api/order/1610550?lang=pl,2026-08-11T08:59:47.011765
2026-08-11,warszawa,Obsesja,Warszawa - Promenada,21:10,2D,original,regular,1.0,https://tickets.cinema-city.pl/api/order/1612396?lang=pl,2026-08-11T08:59:47.011772
2026-08-11,warszawa,Ice Cream Man,Warszawa - Promenada,21:30,2D,original,regular,1.0,https://tickets.cinema-city.pl/api/order/1610319?lang=pl,2026-08-11T08:59:47.011777
2026-08-11,warszawa,Spider-Man: Całkiem nowy dzień,Warszawa - Promenada,21:40,2D,original,regular,1.0,https://tickets.cinema-city.pl/api/order/1612323?lang=pl,2026-08-11T08:59:47.011783
2026-08-11,warszawa,Martwe zło: Ogień,Warszawa - Promenada,22:00,2D,original,regular,1.0,https://tickets.cinema-city.pl/api/order/1609447?lang=pl,2026-08-11T08:59:47.011789
2026-08-11,warszawa,Młody Waszyngton,Warszawa - Promenada,22:15,2D,original,regular,1.0,https://tickets.cinema-city.pl/api/order/1609298?lang=pl,2026-08-11T08:59:47.011796
2026-08-11,warszawa,Minionki i straszydła,Warszawa - Sadyba,11:00,2D,,regular,1.0,https://tickets.cinema-city.pl/api/order/1616932?lang=pl,2026-08-11T08:59:48.280258
2026-08-11,warszawa,Toy Story 5,Warszawa - Sadyba,11:15,2D,original,regular,1.0,https://tickets.cinema-city.pl/api/order/1617106?lang=pl,2026-08-11T08:59:48.280283
2026-08-11,warszawa,Psi patrol i dinozaury,Warszawa - Sadyba,11:20,2D,,regular,1.0,https://tickets.cinema-city.pl/api/order/1617241?lang=pl,2026-08-11T08:59:48.280291
2026-08-11,warszawa,Odyseja,Warszawa - Sadyba,11:30,2D,original,regular,1.0,https://tickets.cinema-city.pl/api/order/1617639?lang=pl,2026-08-11T08:59:48.280298
2026-08-11,warszawa,Vaiana,Warszawa - Sadyba,11:50,2D,original,regular,1.0,https://tickets.cinema-city.pl/api/order/1616522?lang=pl,2026-08-11T08:59:48.280307
2026-08-11,warszawa,Spider-Man: Całkiem nowy dzień,Warszawa - Sadyba,12:10,2D,original,regular,1.0,https://tickets.cinema-city.pl/api/order/1617966?lang=pl,2026-08-11T08:59:48.280322
2026-08-11,warszawa,Psi patrol i dinozaury,Warszawa - Sadyba,12:30,2D,,regular,1.0,https://tickets.cinema-city.pl/api/order/1618296?lang=pl,2026-08-11T08:59:48.280332
2026-08-11,warszawa,Minionki i straszydła,Warszawa - Sadyba,12:40,2D,,regular,1.0,https://tickets.cinema-city.pl/api/order/1616112?lang=pl,2026-08-11T08:59:48.280339
2026-08-11,warszawa,Minionki i straszydła,Warszawa - Sadyba,13:10,2D,,regular,1.0,https://tickets.cinema-city.pl/api/order/1616938?lang=pl,2026-08-11T08:59:48.280346
2026-08-11,warszawa,Spider-Man: Całkiem nowy dzień,Warszawa - Sadyba,13:20,2D,original,regular,1.0,https://tickets.cinema-city.pl/api/order/1617454?lang=pl,2026-08-11T08:59:48.280354
2026-08-11,warszawa,Ice Cream Man,Warszawa - Sadyba,13:20,2D,original,regular,1.0,https://tickets.cinema-city.pl/api/order/1618173?lang=pl,2026-08-11T08:59:48.280361
2026-08-11,warszawa,Psi patrol i dinozaury,Warszawa - Sadyba,13:30,2D,,regular,1.0,https://tickets.cinema-city.pl/api/order/1617245?lang=pl,2026-08-11T08:59:48.280368
2026-08-11,warszawa,Spider-Man: Całkiem nowy dzień,Warszawa - Sadyba,13:40,2D,original,regular,1.0,https://tickets.cinema-city.pl/api/order/1618506?lang=pl,2026-08-11T08:59:48.280376
2026-08-11,warszawa,Toy Story 5,Warszawa - Sadyba,13:45,2D,original,regular,1.0,https://tickets.cinema-city.pl/api/order/1617112?lang=pl,2026-08-11T08:59:48.280384
2026-08-11,warszawa,Odyseja,Warszawa - Sadyba,13:45,2D,original,regular,1.0,https://tickets.cinema-city.pl/api/order/1618105?lang=pl,2026-08-11T08:59:48.280391
2026-08-11,warszawa,Odyseja,Warszawa - Sadyba,14:15,IMAX,original,regular,1.0,https://tickets.cinema-city.pl/api/order/1608901?lang=pl,2026-08-11T08:59:48.280396
2026-08-11,warszawa,Spider-Man: Całkiem nowy dzień,Warszawa - Sadyba,14:30,3D,original,regular,1.0,https://tickets.cinema-city.pl/api/order/1616504?lang=pl,2026-08-11T08:59:48.280403
2026-08-11,warszawa,Psi patrol i dinozaury,Warszawa - Sadyba,14:40,2D,,regular,1.0,https://tickets.cinema-city.pl/api/order/1618300?lang=pl,2026-08-11T08:59:48.280410
2026-08-11,warszawa,Minionki i straszydła,Warszawa - Sadyba,14:50,2D,,regular,1.0,https://tickets.cinema-city.pl/api/order/1616118?lang=pl,2026-08-11T08:59:48.280417
2026-08-11,warszawa,Odyseja,Warszawa - Sadyba,15:15,2D,original,regular,1.0,https://tickets.cinema-city.pl/api/order/1617645?lang=pl,2026-08-11T08:59:48.280423
2026-08-11,warszawa,Minionki i straszydła,Warszawa - Sadyba,15:20,2D,,regular,1.0,https://tickets.cinema-city.pl/api/order/1616944?lang=pl,2026-08-11T08:59:48.280430
2026-08-11,warszawa,Spider-Man: Całkiem nowy dzień,Warszawa - Sadyba,15:20,2D,original,regular,1.0,https://tickets.cinema-city.pl/api/order/1617972?lang=pl,2026-08-11T08:59:48.280437
2026-08-11,warszawa,Psi patrol i dinozaury,Warszawa - Sadyba,15:40,2D,,regular,1.0,https://tickets.cinema-city.pl/api/order/1617249?lang=pl,2026-08-11T08:59:48.280444
2026-08-11,warszawa,Ice Cream Man,Warszawa - Sadyba,15:50,2D,original,regular,1.0,https://tickets.cinema-city.pl/api/order/1618179?lang=pl,2026-08-11T08:59:48.280450
2026-08-11,warszawa,Vaiana,Warszawa - Sadyba,16:10,2D,original,regular,1.0,https://tickets.cinema-city.pl/api/order/1617094?lang=pl,2026-08-11T08:59:48.280457
2026-08-11,warszawa,Spider-Man: Całkiem nowy dzień,Warszawa - Sadyba,16:30,2D,original,regular,1.0,https://tickets.cinema-city.pl/api/order/1617460?lang=pl,2026-08-11T08:59:48.280465
2026-08-11,warszawa,Psi patrol i dinozaury,Warszawa - Sadyba,16:50,2D,,regular,1.0,https://tickets.cinema-city.pl/api/order/1618304?lang=pl,2026-08-11T08:59:48.280499
2026-08-11,warszawa,Spider-Man: Całkiem nowy dzień,Warszawa - Sadyba,16:50,2D,original,regular,1.0,https://tickets.cinema-city.pl/api/order/1618515?lang=pl,2026-08-11T08:59:48.280509
2026-08-11,warszawa,Minionki i straszydła,Warszawa - Sadyba,17:00,2D,,regular,1.0,https://tickets.cinema-city.pl/api/order/1616124?lang=pl,2026-08-11T08:59:48.280515
2026-08-11,warszawa,Spider-Man: Całkiem nowy dzień,Warszawa - Sadyba,17:25,2D,original,regular,1.0,https://tickets.cinema-city.pl/api/order/1616919?lang=pl,2026-08-11T08:59:48.280522
2026-08-11,warszawa,Odyseja,Warszawa - Sadyba,17:30,2D,original,regular,1.0,https://tickets.cinema-city.pl/api/order/1618111?lang=pl,2026-08-11T08:59:48.280528
2026-08-11,warszawa,Spider-Man: Całkiem nowy dzień,Warszawa - Sadyba,17:40,3D,original,regular,1.0,https://tickets.cinema-city.pl/api/order/1616510?lang=pl,2026-08-11T08:59:48.280533
2026-08-11,warszawa,Psi patrol i dinozaury,Warszawa - Sadyba,17:50,2D,,regular,1.0,https://tickets.cinema-city.pl/api/order/1617253?lang=pl,2026-08-11T08:59:48.280539
2026-08-11,warszawa,Odyseja,Warszawa - Sadyba,18:00,IMAX,original,regular,1.0,https://tickets.cinema-city.pl/api/order/1608908?lang=pl,2026-08-11T08:59:48.280544
2026-08-11,warszawa,Ice Cream Man,Warszawa - Sadyba,18:20,2D,original,regular,1.0,https://tickets.cinema-city.pl/api/order/1618185?lang=pl,2026-08-11T08:59:48.280554
2026-08-11,warszawa,Spider-Man: Całkiem nowy dzień,Warszawa - Sadyba,18:30,2D,original,regular,1.0,https://tickets.cinema-city.pl/api/order/1617978?lang=pl,2026-08-11T08:59:48.280563
2026-08-11,warszawa,Backrooms. Bez wyjścia - wersja rozszerzona,Warszawa - Sadyba,18:40,2D,original,regular,1.0,https://tickets.cinema-city.pl/api/order/1617088?lang=pl,2026-08-11T08:59:48.280570
2026-08-11,warszawa,Zaproszenie,Warszawa - Sadyba,18:45,2D,original,regular,1.0,https://tickets.cinema-city.pl/api/order/1617921?lang=pl,2026-08-11T08:59:48.280579
2026-08-11,warszawa,Spider-Man: Całkiem nowy dzień,Warszawa - Sadyba,19:00,2D,original,regular,1.0,https://tickets.cinema-city.pl/api/order/1620777?lang=pl,2026-08-11T08:59:48.280585
2026-08-11,warszawa,Pejzaż w kolorze sepii,Warszawa - Sadyba,19:15,2D,original,regular,1.0,https://tickets.cinema-city.pl/api/order/1616093?lang=pl,2026-08-11T08:59:48.280592
2026-08-11,warszawa,Gorzkie święta,Warszawa - Sadyba,19:45,2D,original,regular,1.0,https://tickets.cinema-city.pl/api/order/1617442?lang=pl,2026-08-11T08:59:48.280598
2026-08-11,warszawa,Psi patrol i dinozaury,Warszawa - Sadyba,20:00,2D,,regular,1.0,https://tickets.cinema-city.pl/api/order/1617257?lang=pl,2026-08-11T08:59:48.280604
2026-08-11,warszawa,Spider-Man: Całkiem nowy dzień,Warszawa - Sadyba,20:00,2D,original,regular,1.0,https://tickets.cinema-city.pl/api/order/1618527?lang=pl,2026-08-11T08:59:48.280610
2026-08-11,warszawa,Spider-Man: Całkiem nowy dzień,Warszawa - Sadyba,20:30,2D,original,regular,1.0,https://tickets.cinema-city.pl/api/order/1616925?lang=pl,2026-08-11T08:59:48.280616
2026-08-11,warszawa,Spider-Man: Całkiem nowy dzień,Warszawa - Sadyba,20:45,2D,original,regular,1.0,https://tickets.cinema-city.pl/api/order/1616516?lang=pl,2026-08-11T08:59:48.280622
2026-08-11,warszawa,Ice Cream Man,Warszawa - Sadyba,20:50,2D,original,regular,1.0,https://tickets.cinema-city.pl/api/order/1618191?lang=pl,2026-08-11T08:59:48.280628
2026-08-11,warszawa,Odyseja,Warszawa - Sadyba,21:15,2D,original,regular,1.0,https://tickets.cinema-city.pl/api/order/1618117?lang=pl,2026-08-11T08:59:48.280634
2026-08-11,warszawa,Zaproszenie,Warszawa - Sadyba,21:20,2D,original,regular,1.0,https://tickets.cinema-city.pl/api/order/1617651?lang=pl,2026-08-11T08:59:48.280639
2026-08-11,warszawa,Backrooms. Bez wyjścia,Warszawa - Sadyba,21:30,2D,original,regular,1.0,https://tickets.cinema-city.pl/api/order/1617100?lang=pl,2026-08-11T08:59:48.280646
2026-08-11,warszawa,Spider-Man: Całkiem nowy dzień,Warszawa - Sadyba,21:40,2D,original,regular,1.0,https://tickets.cinema-city.pl/api/order/1617984?lang=pl,2026-08-11T08:59:48.280653
2026-08-11,warszawa,Odyseja,Warszawa - Sadyba,21:45,IMAX,original,regular,1.0,https://tickets.cinema-city.pl/api/order/1608915?lang=pl,2026-08-11T08:59:48.280657
2026-08-11,warszawa,Martwe zło: Ogień,Warszawa - Sadyba,22:00,2D,original,regular,1.0,https://tickets.cinema-city.pl/api/order/1616099?lang=pl,2026-08-11T08:59:48.280664
2026-08-11,warszawa,Obsesja,Warszawa - Sadyba,22:00,2D,original,regular,1.0,https://tickets.cinema-city.pl/api/order/1618312?lang=pl,2026-08-11T08:59:48.280670
2026-08-11,wrocław,Minionki i straszydła,Wrocław - Korona,11:00,2D,,regular,1.0,https://tickets.cinema-city.pl/api/order/1612996?lang=pl,2026-08-11T08:59:50.298083
2026-08-11,wrocław,Spider-Man: Całkiem nowy dzień,Wrocław - Korona,11:00,Dolby Atmos,original,regular,1.0,https://tickets.cinema-city.pl/api/order/1614848?lang=pl,2026-08-11T08:59:50.298109
2026-08-11,wrocław,Odyseja,Wrocław - Korona,11:10,2D,original,regular,1.0,https://tickets.cinema-city.pl/api/order/1610476?lang=pl,2026-08-11T08:59:50.298117
2026-08-11,wrocław,Psi patrol i dinozaury,Wrocław - Korona,11:20,2D,,regular,1.0,https://tickets.cinema-city.pl/api/order/1615230?lang=pl,2026-08-11T08:59:50.298124
2026-08-11,wrocław,Vaiana,Wrocław - Korona,12:20,2D,original,regular,1.0,https://tickets.cinema-city.pl/api/order/1610931?lang=pl,2026-08-11T08:59:50.298131
2026-08-11,wrocław,Psi patrol i dinozaury,Wrocław - Korona,12:30,2D,,regular,1.0,https://tickets.cinema-city.pl/api/order/1612404?lang=pl,2026-08-11T08:59:50.298137
2026-08-11,wrocław,Spider-Man: Całkiem nowy dzień,Wrocław - Korona,12:50,2D,original,regular,1.0,https://tickets.cinema-city.pl/api/order/1613956?lang=pl,2026-08-11T08:59:50.298143
2026-08-11,wrocław,Spider-Man: Całkiem nowy dzień,Wrocław - Korona,13:10,ScreenX,original,regular,1.0,https://tickets.cinema-city.pl/api/order/1609692?lang=pl,2026-08-11T08:59:50.298149
2026-08-11,wrocław,Minionki i straszydła,Wrocław - Korona,13:10,2D,,regular,1.0,https://tickets.cinema-city.pl/api/order/1613002?lang=pl,2026-08-11T08:59:50.298155
2026-08-11,wrocław,Toy Story 5,Wrocław - Korona,13:20,2D,original,regular,1.0,https://tickets.cinema-city.pl/api/order/1612049?lang=pl,2026-08-11T08:59:50.298163
2026-08-11,wrocław,Psi patrol i dinozaury,Wrocław - Korona,13:30,2D,,regular,1.0,https://tickets.cinema-city.pl/api/order/1615234?lang=pl,2026-08-11T08:59:50.298168
2026-08-11,wrocław,Spider-Man: Całkiem nowy dzień,Wrocław - Korona,14:10,Dolby Atmos,original,regular,1.0,https://tickets.cinema-city.pl/api/order/1614853?lang=pl,2026-08-11T08:59:50.298174
2026-08-11,wrocław,Psi patrol i dinozaury,Wrocław - Korona,14:40,2D,,regular,1.0,https://tickets.cinema-city.pl/api/order/1612407?lang=pl,2026-08-11T08:59:50.298180
2026-08-11,wrocław,Odyseja,Wrocław - Korona,14:50,2D,original,regular,1.0,https://tickets.cinema-city.pl/api/order/1610479?lang=pl,2026-08-11T08:59:50.298186
2026-08-11,wrocław,Spider-Man: Całkiem nowy dzień,Wrocław - Korona,15:00,3D,original,regular,1.0,https://tickets.cinema-city.pl/api/order/1610913?lang=pl,2026-08-11T08:59:50.298192
2026-08-11,wrocław,Minionki i straszydła,Wrocław - Korona,15:30,2D,,regular,1.0,https://tickets.cinema-city.pl/api/order/1613008?lang=pl,2026-08-11T08:59:50.298198
2026-08-11,wrocław,Psi patrol i dinozaury,Wrocław - Korona,15:40,2D,,regular,1.0,https://tickets.cinema-city.pl/api/order/1615238?lang=pl,2026-08-11T08:59:50.298203
2026-08-11,wrocław,Ice Cream Man,Wrocław - Korona,15:50,2D,original,regular,1.0,https://tickets.cinema-city.pl/api/order/1612055?lang=pl,2026-08-11T08:59:50.298209
2026-08-11,wrocław,Spider-Man: Całkiem nowy dzień,Wrocław - Korona,16:00,2D,original,regular,1.0,https://tickets.cinema-city.pl/api/order/1613961?lang=pl,2026-08-11T08:59:50.298215
2026-08-11,wrocław,Spider-Man: Całkiem nowy dzień,Wrocław - Korona,16:20,ScreenX,original,regular,1.0,https://tickets.cinema-city.pl/api/order/1609697?lang=pl,2026-08-11T08:59:50.298221
2026-08-11,wrocław,Psi patrol i dinozaury,Wrocław - Korona,16:50,2D,,regular,1.0,https://tickets.cinema-city.pl/api/order/1612410?lang=pl,2026-08-11T08:59:50.298226
2026-08-11,wrocław,Spider-Man: Całkiem nowy dzień,Wrocław - Korona,17:20,Dolby Atmos,original,regular,1.0,https://tickets.cinema-city.pl/api/order/1614858?lang=pl,2026-08-11T08:59:50.298233
2026-08-11,wrocław,Zaproszenie,Wrocław - Korona,17:40,2D,original,regular,1.0,https://tickets.cinema-city.pl/api/order/1613014?lang=pl,2026-08-11T08:59:50.298239
2026-08-11,wrocław,Psi patrol i dinozaury,Wrocław - Korona,17:50,2D,,regular,1.0,https://tickets.cinema-city.pl/api/order/1615242?lang=pl,2026-08-11T08:59:50.298244
2026-08-11,wrocław,Spider-Man: Całkiem nowy dzień,Wrocław - Korona,18:10,3D,original,regular,1.0,https://tickets.cinema-city.pl/api/order/1610919?lang=pl,2026-08-11T08:59:50.298250
2026-08-11,wrocław,Ice Cream Man,Wrocław - Korona,18:20,2D,original,regular,1.0,https://tickets.cinema-city.pl/api/order/1612061?lang=pl,2026-08-11T08:59:50.298255
2026-08-11,wrocław,Odyseja,Wrocław - Korona,18:30,2D,original,regular,1.0,https://tickets.cinema-city.pl/api/order/1610482?lang=pl,2026-08-11T08:59:50.298261
2026-08-11,wrocław,Psi patrol i dinozaury,Wrocław - Korona,19:00,2D,,regular,1.0,https://tickets.cinema-city.pl/api/order/1612413?lang=pl,2026-08-11T08:59:50.298267
2026-08-11,wrocław,Spider-Man: Całkiem nowy dzień,Wrocław - Korona,19:10,2D,original,regular,1.0,https://tickets.cinema-city.pl/api/order/1613966?lang=pl,2026-08-11T08:59:50.298272
2026-08-11,wrocław,Spider-Man: Całkiem nowy dzień,Wrocław - Korona,19:30,ScreenX,original,regular,1.0,https://tickets.cinema-city.pl/api/order/1609702?lang=pl,2026-08-11T08:59:50.298278
2026-08-11,wrocław,Odyseja,Wrocław - Korona,20:00,2D,original,regular,1.0,https://tickets.cinema-city.pl/api/order/1615246?lang=pl,2026-08-11T08:59:50.298284
2026-08-11,wrocław,Obsesja,Wrocław - Korona,20:20,2D,original,regular,1.0,https://tickets.cinema-city.pl/api/order/1613365?lang=pl,2026-08-11T08:59:50.298289
2026-08-11,wrocław,Spider-Man: Całkiem nowy dzień,Wrocław - Korona,20:30,Dolby Atmos,original,regular,1.0,https://tickets.cinema-city.pl/api/order/1614863?lang=pl,2026-08-11T08:59:50.298296
2026-08-11,wrocław,Ice Cream Man,Wrocław - Korona,20:50,2D,original,regular,1.0,https://tickets.cinema-city.pl/api/order/1612067?lang=pl,2026-08-11T08:59:50.298301
2026-08-11,wrocław,Zaproszenie,Wrocław - Korona,21:10,2D,original,regular,1.0,https://tickets.cinema-city.pl/api/order/1612416?lang=pl,2026-08-11T08:59:50.298307
2026-08-11,wrocław,Spider-Man: Całkiem nowy dzień,Wrocław - Korona,21:20,2D,original,regular,1.0,https://tickets.cinema-city.pl/api/order/1610937?lang=pl,2026-08-11T08:59:50.298313
2026-08-11,wrocław,Obsesja,Wrocław - Korona,22:10,2D,original,regular,1.0,https://tickets.cinema-city.pl/api/order/1610485?lang=pl,2026-08-11T08:59:50.298319
2026-08-11,wrocław,Martwe zło: Ogień,Wrocław - Korona,22:20,2D,original,regular,1.0,https://tickets.cinema-city.pl/api/order/1613971?lang=pl,2026-08-11T08:59:50.298326
2026-08-11,wrocław,Spider-Man: Całkiem nowy dzień,Wrocław - Korona,22:30,ScreenX,original,regular,1.0,https://tickets.cinema-city.pl/api/order/1617017?lang=pl,2026-08-11T08:59:50.298331
2026-08-11,wrocław,Psi patrol i dinozaury,Wrocław - Wroclavia,10:50,2D,,regular,1.0,https://tickets.cinema-city.pl/api/order/1613429?lang=pl,2026-08-11T08:59:52.026956
2026-08-11,wrocław,Spider-Man: Całkiem nowy dzień,Wrocław - Wroclavia,11:00,2D,original,regular,1.0,https://tickets.cinema-city.pl/api/order/1613556?lang=pl,2026-08-11T08:59:52.026983
2026-08-11,wrocław,Spider-Man: Całkiem nowy dzień,Wrocław - Wroclavia,11:00,4DX,original,regular,1.0,https://tickets.cinema-city.pl/api/order/1615726?lang=pl,2026-08-11T08:59:52.026990
2026-08-11,wrocław,Minionki i straszydła,Wrocław - Wroclavia,11:00,2D,,regular,1.0,https://tickets.cinema-city.pl/api/order/1617488?lang=pl,2026-08-11T08:59:52.026997
2026-08-11,wrocław,Vaiana,Wrocław - Wroclavia,11:10,2D,original,regular,1.0,https://tickets.cinema-city.pl/api/order/1617303?lang=pl,2026-08-11T08:59:52.027005
2026-08-11,wrocław,Psi patrol i dinozaury,Wrocław - Wroclavia,11:20,2D,,regular,1.0,https://tickets.cinema-city.pl/api/order/1617828?lang=pl,2026-08-11T08:59:52.027011
2026-08-11,wrocław,Odyseja,Wrocław - Wroclavia,11:30,2D,original,regular,1.0,https://tickets.cinema-city.pl/api/order/1610713?lang=pl,2026-08-11T08:59:52.027018
2026-08-11,wrocław,Spider-Man: Całkiem nowy dzień,Wrocław - Wroclavia,12:10,2D,original,regular,1.0,https://tickets.cinema-city.pl/api/order/1611195?lang=pl,2026-08-11T08:59:52.027024
2026-08-11,wrocław,Zaproszenie,Wrocław - Wroclavia,12:10,2D,original,regular,1.0,https://tickets.cinema-city.pl/api/order/1611961?lang=pl,2026-08-11T08:59:52.027031
2026-08-11,wrocław,Góra mocy LEKTOR,Wrocław - Wroclavia,12:30,2D,,regular,1.0,https://tickets.cinema-city.pl/api/order/1613144?lang=pl,2026-08-11T08:59:52.027038
2026-08-11,wrocław,Psi patrol i dinozaury,Wrocław - Wroclavia,12:30,2D,,regular,1.0,https://tickets.cinema-city.pl/api/order/1614887?lang=pl,2026-08-11T08:59:52.027044
2026-08-11,wrocław,Spider-Man: Całkiem nowy dzień,Wrocław - Wroclavia,12:30,2D,original,regular,1.0,https://tickets.cinema-city.pl/api/order/1620849?lang=pl,2026-08-11T08:59:52.027051
2026-08-11,wrocław,Odyseja,Wrocław - Wroclavia,12:40,2D,original,regular,1.0,https://tickets.cinema-city.pl/api/order/1617701?lang=pl,2026-08-11T08:59:52.027057
2026-08-11,wrocław,Odyseja,Wrocław - Wroclavia,12:45,2D,original,regular,1.0,https://tickets.cinema-city.pl/api/order/1614510?lang=pl,2026-08-11T08:59:52.027063
2026-08-11,wrocław,Odyseja,Wrocław - Wroclavia,12:45,2D,original,regular,1.0,https://tickets.cinema-city.pl/api/order/1618002?lang=pl,2026-08-11T08:59:52.027069
2026-08-11,wrocław,Spider-Man: Całkiem nowy dzień,Wrocław - Wroclavia,13:00,2D,original,regular,1.0,https://tickets.cinema-city.pl/api/order/1613434?lang=pl,2026-08-11T08:59:52.027076
2026-08-11,wrocław,Toy Story 5,Wrocław - Wroclavia,13:00,2D,original,regular,1.0,https://tickets.cinema-city.pl/api/order/1615128?lang=pl,2026-08-11T08:59:52.027084
2026-08-11,wrocław,Vaiana,Wrocław - Wroclavia,13:10,2D,original,regular,1.0,https://tickets.cinema-city.pl/api/order/1610151?lang=pl,2026-08-11T08:59:52.027090
2026-08-11,wrocław,Minionki i straszydła,Wrocław - Wroclavia,13:10,2D,,regular,1.0,https://tickets.cinema-city.pl/api/order/1617494?lang=pl,2026-08-11T08:59:52.027096
2026-08-11,wrocław,Ice Cream Man,Wrocław - Wroclavia,13:30,2D,original,regular,1.0,https://tickets.cinema-city.pl/api/order/1611429?lang=pl,2026-08-11T08:59:52.027102
2026-08-11,wrocław,Psi patrol i dinozaury,Wrocław - Wroclavia,13:30,2D,,regular,1.0,https://tickets.cinema-city.pl/api/order/1617824?lang=pl,2026-08-11T08:59:52.027108
2026-08-11,wrocław,Spider-Man: Całkiem nowy dzień,Wrocław - Wroclavia,13:40,Dolby Atmos,original,regular,1.0,https://tickets.cinema-city.pl/api/order/1610825?lang=pl,2026-08-11T08:59:52.027115
2026-08-11,wrocław,Vaiana,Wrocław - Wroclavia,13:50,2D,original,regular,1.0,https://tickets.cinema-city.pl/api/order/1617309?lang=pl,2026-08-11T08:59:52.027121
2026-08-11,wrocław,Spider-Man: Całkiem nowy dzień,Wrocław - Wroclavia,14:10,2D,original,regular,1.0,https://tickets.cinema-city.pl/api/order/1613562?lang=pl,2026-08-11T08:59:52.027128
2026-08-11,wrocław,Spider-Man: Całkiem nowy dzień,Wrocław - Wroclavia,14:10,4DX,original,regular,1.0,https://tickets.cinema-city.pl/api/order/1615732?lang=pl,2026-08-11T08:59:52.027133
2026-08-11,wrocław,Odyseja,Wrocław - Wroclavia,14:15,IMAX,original,regular,1.0,https://tickets.cinema-city.pl/api/order/1608786?lang=pl,2026-08-11T08:59:52.027137
2026-08-11,wrocław,Góra mocy,Wrocław - Wroclavia,14:40,2D,original,regular,1.0,https://tickets.cinema-city.pl/api/order/1613140?lang=pl,2026-08-11T08:59:52.027145
2026-08-11,wrocław,Psi patrol i dinozaury,Wrocław - Wroclavia,14:40,2D,,regular,1.0,https://tickets.cinema-city.pl/api/order/1614890?lang=pl,2026-08-11T08:59:52.027151
2026-08-11,wrocław,Spider-Man: Całkiem nowy dzień,Wrocław - Wroclavia,14:50,3D,original,regular,1.0,https://tickets.cinema-city.pl/api/order/1611946?lang=pl,2026-08-11T08:59:52.027157
2026-08-11,wrocław,Odyseja,Wrocław - Wroclavia,15:15,2D,original,regular,1.0,https://tickets.cinema-city.pl/api/order/1610718?lang=pl,2026-08-11T08:59:52.027162
2026-08-11,wrocław,Spider-Man: Całkiem nowy dzień,Wrocław - Wroclavia,15:20,2D,original,regular,1.0,https://tickets.cinema-city.pl/api/order/1611200?lang=pl,2026-08-11T08:59:52.027169
2026-08-11,wrocław,Minionki i straszydła,Wrocław - Wroclavia,15:20,2D,,regular,1.0,https://tickets.cinema-city.pl/api/order/1617500?lang=pl,2026-08-11T08:59:52.027175
2026-08-11,wrocław,Toy Story 5,Wrocław - Wroclavia,15:30,2D,original,regular,1.0,https://tickets.cinema-city.pl/api/order/1615134?lang=pl,2026-08-11T08:59:52.027182
2026-08-11,wrocław,Spider-Man: Całkiem nowy dzień,Wrocław - Wroclavia,15:30,2D,original,regular,1.0,https://tickets.cinema-city.pl/api/order/1620853?lang=pl,2026-08-11T08:59:52.027188
2026-08-11,wrocław,Psi patrol i dinozaury,Wrocław - Wroclavia,15:40,2D,,regular,1.0,https://tickets.cinema-city.pl/api/order/1617820?lang=pl,2026-08-11T08:59:52.027194
2026-08-11,wrocław,Ostatni konsjerż,Wrocław - Wroclavia,16:00,2D,original,regular,1.0,https://tickets.cinema-city.pl/api/order/1620716?lang=pl,2026-08-11T08:59:52.027201
2026-08-11,wrocław,Ice Cream Man,Wrocław - Wroclavia,16:10,2D,original,regular,1.0,https://tickets.cinema-city.pl/api/order/1611435?lang=pl,2026-08-11T08:59:52.027207
2026-08-11,wrocław,Spider-Man: Całkiem nowy dzień,Wrocław - Wroclavia,16:10,2D,original,regular,1.0,https://tickets.cinema-city.pl/api/order/1613439?lang=pl,2026-08-11T08:59:52.027214
2026-08-11,wrocław,Psi patrol i dinozaury ukraiński dubbing,Wrocław - Wroclavia,16:20,2D,dubbing,regular,1.0,https://tickets.cinema-city.pl/api/order/1614498?lang=pl,2026-08-11T08:59:52.027221
2026-08-11,wrocław,Odyseja,Wrocław - Wroclavia,16:20,2D,original,regular,1.0,https://tickets.cinema-city.pl/api/order/1617707?lang=pl,2026-08-11T08:59:52.027228
2026-08-11,wrocław,Spider-Man: Całkiem nowy dzień ukraiński dubbing,Wrocław - Wroclavia,16:30,2D,dubbing,regular,1.0,https://tickets.cinema-city.pl/api/order/1617315?lang=pl,2026-08-11T08:59:52.027235
2026-08-11,wrocław,Kandydaci śmierci,Wrocław - Wroclavia,16:30,2D,original,regular,1.0,https://tickets.cinema-city.pl/api/order/1618008?lang=pl,2026-08-11T08:59:52.027242
2026-08-11,wrocław,Spider-Man: Całkiem nowy dzień,Wrocław - Wroclavia,16:50,Dolby Atmos,original,regular,1.0,https://tickets.cinema-city.pl/api/order/1610818?lang=pl,2026-08-11T08:59:52.027249
2026-08-11,wrocław,Psi patrol i dinozaury,Wrocław - Wroclavia,16:50,2D,,regular,1.0,https://tickets.cinema-city.pl/api/order/1614893?lang=pl,2026-08-11T08:59:52.027254
2026-08-11,wrocław,Do utraty tchu (re-release),Wrocław - Wroclavia,17:10,2D,original,regular,1.0,https://tickets.cinema-city.pl/api/order/1613148?lang=pl,2026-08-11T08:59:52.027261
2026-08-11,wrocław,Spider-Man: Całkiem nowy dzień,Wrocław - Wroclavia,17:15,2D,original,regular,1.0,https://tickets.cinema-city.pl/api/order/1613568?lang=pl,2026-08-11T08:59:52.027268
2026-08-11,wrocław,Spider-Man: Całkiem nowy dzień,Wrocław - Wroclavia,17:20,4DX,original,regular,1.0,https://tickets.cinema-city.pl/api/order/1615738?lang=pl,2026-08-11T08:59:52.027273
2026-08-11,wrocław,Minionki i straszydła,Wrocław - Wroclavia,17:30,2D,,regular,1.0,https://tickets.cinema-city.pl/api/order/1617506?lang=pl,2026-08-11T08:59:52.027278
2026-08-11,wrocław,Psi patrol i dinozaury,Wrocław - Wroclavia,17:50,2D,,regular,1.0,https://tickets.cinema-city.pl/api/order/1617832?lang=pl,2026-08-11T08:59:52.027284
2026-08-11,wrocław,Odyseja,Wrocław - Wroclavia,18:00,IMAX,original,regular,1.0,https://tickets.cinema-city.pl/api/order/1608792?lang=pl,2026-08-11T08:59:52.027288
2026-08-11,wrocław,Spider-Man: Całkiem nowy dzień,Wrocław - Wroclavia,18:00,3D,original,regular,1.0,https://tickets.cinema-city.pl/api/order/1611953?lang=pl,2026-08-11T08:59:52.027293
2026-08-11,wrocław,Backrooms. Bez wyjścia,Wrocław - Wroclavia,18:00,2D,original,regular,1.0,https://tickets.cinema-city.pl/api/order/1615140?lang=pl,2026-08-11T08:59:52.027300
2026-08-11,wrocław,Pejzaż w kolorze sepii,Wrocław - Wroclavia,18:30,2D,original,regular,1.0,https://tickets.cinema-city.pl/api/order/1610163?lang=pl,2026-08-11T08:59:52.027307
2026-08-11,wrocław,Odyseja,Wrocław - Wroclavia,18:30,2D,original,regular,1.0,https://tickets.cinema-city.pl/api/order/1614278?lang=pl,2026-08-11T08:59:52.027314
2026-08-11,wrocław,Zaproszenie,Wrocław - Wroclavia,18:30,2D,original,regular,1.0,https://tickets.cinema-city.pl/api/order/1614516?lang=pl,2026-08-11T08:59:52.027320
2026-08-11,wrocław,Ice Cream Man,Wrocław - Wroclavia,18:45,2D,original,regular,1.0,https://tickets.cinema-city.pl/api/order/1611441?lang=pl,2026-08-11T08:59:52.027326
2026-08-11,wrocław,Gorzkie święta,Wrocław - Wroclavia,18:45,2D,original,regular,1.0,https://tickets.cinema-city.pl/api/order/1618013?lang=pl,2026-08-11T08:59:52.027332
2026-08-11,wrocław,UL - Historie równoległe,Wrocław - Wroclavia,19:00,2D,original,regular,1.0,https://tickets.cinema-city.pl/api/order/1581022?lang=pl,2026-08-11T08:59:52.027340
2026-08-11,wrocław,Odyseja,Wrocław - Wroclavia,19:00,2D,original,regular,1.0,https://tickets.cinema-city.pl/api/order/1610723?lang=pl,2026-08-11T08:59:52.027346
2026-08-11,wrocław,Spider-Man: Całkiem nowy dzień,Wrocław - Wroclavia,19:00,2D,original,regular,1.0,https://tickets.cinema-city.pl/api/order/1614828?lang=pl,2026-08-11T08:59:52.027352
2026-08-11,wrocław,Spider-Man: Całkiem nowy dzień,Wrocław - Wroclavia,19:20,2D,original,regular,1.0,https://tickets.cinema-city.pl/api/order/1613444?lang=pl,2026-08-11T08:59:52.027358
2026-08-11,wrocław,Odyseja ukraiński dubbing,Wrocław - Wroclavia,19:30,2D,dubbing,regular,1.0,https://tickets.cinema-city.pl/api/order/1617509?lang=pl,2026-08-11T08:59:52.027365
2026-08-11,wrocław,Spider-Man: Całkiem nowy dzień,Wrocław - Wroclavia,19:40,2D,original,regular,1.0,https://tickets.cinema-city.pl/api/order/1613151?lang=pl,2026-08-11T08:59:52.027371
2026-08-11,wrocław,Spider-Man: Całkiem nowy dzień ukraiński dubbing,Wrocław - Wroclavia,19:40,2D,dubbing,regular,1.0,https://tickets.cinema-city.pl/api/order/1617318?lang=pl,2026-08-11T08:59:52.027377
2026-08-11,wrocław,Odyseja,Wrocław - Wroclavia,19:50,2D,original,regular,1.0,https://tickets.cinema-city.pl/api/order/1617710?lang=pl,2026-08-11T08:59:52.027384
2026-08-11,wrocław,Spider-Man: Całkiem nowy dzień,Wrocław - Wroclavia,20:00,Dolby Atmos,original,regular,1.0,https://tickets.cinema-city.pl/api/order/1610811?lang=pl,2026-08-11T08:59:52.027391
2026-08-11,wrocław,Psi patrol i dinozaury,Wrocław - Wroclavia,20:00,2D,,regular,1.0,https://tickets.cinema-city.pl/api/order/1617836?lang=pl,2026-08-11T08:59:52.027397
2026-08-11,wrocław,Backrooms. Bez wyjścia - wersja rozszerzona,Wrocław - Wroclavia,20:30,2D,original,regular,1.0,https://tickets.cinema-city.pl/api/order/1615146?lang=pl,2026-08-11T08:59:52.027404
2026-08-11,wrocław,Spider-Man: Całkiem nowy dzień,Wrocław - Wroclavia,20:30,4DX,original,regular,1.0,https://tickets.cinema-city.pl/api/order/1615744?lang=pl,2026-08-11T08:59:52.027410
2026-08-11,wrocław,Spider-Man: Całkiem nowy dzień,Wrocław - Wroclavia,20:40,2D,original,regular,1.0,https://tickets.cinema-city.pl/api/order/1613571?lang=pl,2026-08-11T08:59:52.027416
2026-08-11,wrocław,Obsesja,Wrocław - Wroclavia,21:00,2D,original,regular,1.0,https://tickets.cinema-city.pl/api/order/1620765?lang=pl,2026-08-11T08:59:52.027423
2026-08-11,wrocław,Straszny film,Wrocław - Wroclavia,21:10,2D,original,regular,1.0,https://tickets.cinema-city.pl/api/order/1611970?lang=pl,2026-08-11T08:59:52.027430
2026-08-11,wrocław,Pejzaż w kolorze sepii,Wrocław - Wroclavia,21:15,2D,original,regular,1.0,https://tickets.cinema-city.pl/api/order/1610169?lang=pl,2026-08-11T08:59:52.027436
2026-08-11,wrocław,Ice Cream Man,Wrocław - Wroclavia,21:20,2D,original,regular,1.0,https://tickets.cinema-city.pl/api/order/1611447?lang=pl,2026-08-11T08:59:52.027442
2026-08-11,wrocław,Młody Waszyngton,Wrocław - Wroclavia,21:25,2D,original,regular,1.0,https://tickets.cinema-city.pl/api/order/1618018?lang=pl,2026-08-11T08:59:52.027449
2026-08-11,wrocław,Odyseja,Wrocław - Wroclavia,21:45,IMAX,original,regular,1.0,https://tickets.cinema-city.pl/api/order/1608798?lang=pl,2026-08-11T08:59:52.027453
2026-08-11,wrocław,Spider-Man: Całkiem nowy dzień,Wrocław - Wroclavia,22:00,2D,original,regular,1.0,https://tickets.cinema-city.pl/api/order/1620922?lang=pl,2026-08-11T08:59:52.027460
2026-08-11,wrocław,Zaproszenie,Wrocław - Wroclavia,22:00,2D,original,regular,1.0,https://tickets.cinema-city.pl/api/order/1620931?lang=pl,2026-08-11T08:59:52.027476
2026-08-11,wrocław,Obsesja,Wrocław - Wroclavia,22:05,2D,original,regular,1.0,https://tickets.cinema-city.pl/api/order/1620928?lang=pl,2026-08-11T08:59:52.027484
2026-08-11,wrocław,Spider-Man: Całkiem nowy dzień,Wrocław - Wroclavia,22:10,2D,original,regular,1.0,https://tickets.cinema-city.pl/api/order/1614833?lang=pl,2026-08-11T08:59:52.027490
2026-08-11,wrocław,Backrooms. Bez wyjścia,Wrocław - Wroclavia,22:30,2D,original,regular,1.0,https://tickets.cinema-city.pl/api/order/1610728?lang=pl,2026-08-11T08:59:52.027497
2026-08-11,zielona-góra,Toy Story 5,Zielona Góra,10:50,2D,original,regular,1.0,https://tickets.cinema-city.pl/api/order/1613053?lang=pl,2026-08-11T08:59:53.271323
2026-08-11,zielona-góra,Vaiana,Zielona Góra,11:00,2D,original,regular,1.0,https://tickets.cinema-city.pl/api/order/1615682?lang=pl,2026-08-11T08:59:53.271347
2026-08-11,zielona-góra,Psi patrol i dinozaury,Zielona Góra,11:20,2D,,regular,1.0,https://tickets.cinema-city.pl/api/order/1612260?lang=pl,2026-08-11T08:59:53.271356
2026-08-11,zielona-góra,Spider-Man: Całkiem nowy dzień,Zielona Góra,11:20,2D,original,regular,1.0,https://tickets.cinema-city.pl/api/order/1615342?lang=pl,2026-08-11T08:59:53.271366
2026-08-11,zielona-góra,Minionki i straszydła,Zielona Góra,11:40,2D,,regular,1.0,https://tickets.cinema-city.pl/api/order/1613984?lang=pl,2026-08-11T08:59:53.271373
2026-08-11,zielona-góra,Góra mocy,Zielona Góra,12:00,2D,original,regular,1.0,https://tickets.cinema-city.pl/api/order/1615831?lang=pl,2026-08-11T08:59:53.271382
2026-08-11,zielona-góra,Spider-Man: Całkiem nowy dzień,Zielona Góra,12:10,2D,original,regular,1.0,https://tickets.cinema-city.pl/api/order/1611992?lang=pl,2026-08-11T08:59:53.271390
2026-08-11,zielona-góra,Psi patrol i dinozaury,Zielona Góra,12:30,2D,,regular,1.0,https://tickets.cinema-city.pl/api/order/1614434?lang=pl,2026-08-11T08:59:53.271396
2026-08-11,zielona-góra,Toy Story 5,Zielona Góra,13:20,2D,original,regular,1.0,https://tickets.cinema-city.pl/api/order/1613059?lang=pl,2026-08-11T08:59:53.271404
2026-08-11,zielona-góra,Psi patrol i dinozaury,Zielona Góra,13:30,2D,,regular,1.0,https://tickets.cinema-city.pl/api/order/1612264?lang=pl,2026-08-11T08:59:53.271410
2026-08-11,zielona-góra,Vaiana: wersja karaoke,Zielona Góra,13:30,2D,original,regular,1.0,https://tickets.cinema-city.pl/api/order/1615687?lang=pl,2026-08-11T08:59:53.271418
2026-08-11,zielona-góra,Spider-Man: Całkiem nowy dzień,Zielona Góra,13:40,2D,original,regular,1.0,https://tickets.cinema-city.pl/api/order/1615092?lang=pl,2026-08-11T08:59:53.271425
2026-08-11,zielona-góra,Minionki i straszydła,Zielona Góra,13:50,2D,,regular,1.0,https://tickets.cinema-city.pl/api/order/1613989?lang=pl,2026-08-11T08:59:53.271432
2026-08-11,zielona-góra,Psi patrol i dinozaury ukraiński dubbing,Zielona Góra,14:00,2D,dubbing,regular,1.0,https://tickets.cinema-city.pl/api/order/1615819?lang=pl,2026-08-11T08:59:53.271439
2026-08-11,zielona-góra,Spider-Man: Całkiem nowy dzień,Zielona Góra,14:30,3D,original,regular,1.0,https://tickets.cinema-city.pl/api/order/1615330?lang=pl,2026-08-11T08:59:53.271445
2026-08-11,zielona-góra,Psi patrol i dinozaury,Zielona Góra,14:40,2D,,regular,1.0,https://tickets.cinema-city.pl/api/order/1614438?lang=pl,2026-08-11T08:59:53.271452
2026-08-11,zielona-góra,Spider-Man: Całkiem nowy dzień,Zielona Góra,15:20,2D,original,regular,1.0,https://tickets.cinema-city.pl/api/order/1611997?lang=pl,2026-08-11T08:59:53.271459
2026-08-11,zielona-góra,Psi patrol i dinozaury,Zielona Góra,15:40,2D,,regular,1.0,https://tickets.cinema-city.pl/api/order/1612268?lang=pl,2026-08-11T08:59:53.271465
2026-08-11,zielona-góra,Ice Cream Man,Zielona Góra,15:45,2D,original,regular,1.0,https://tickets.cinema-city.pl/api/order/1613065?lang=pl,2026-08-11T08:59:53.271506
2026-08-11,zielona-góra,Minionki i straszydła,Zielona Góra,16:00,2D,,regular,1.0,https://tickets.cinema-city.pl/api/order/1613994?lang=pl,2026-08-11T08:59:53.271513
2026-08-11,zielona-góra,Spider-Man: Całkiem nowy dzień ukraiński dubbing,Zielona Góra,16:00,2D,dubbing,regular,1.0,https://tickets.cinema-city.pl/api/order/1615692?lang=pl,2026-08-11T08:59:53.271521
2026-08-11,zielona-góra,Gorzkie święta,Zielona Góra,16:10,2D,original,regular,1.0,https://tickets.cinema-city.pl/api/order/1615910?lang=pl,2026-08-11T08:59:53.271528
2026-08-11,zielona-góra,Psi patrol i dinozaury,Zielona Góra,16:50,2D,,regular,1.0,https://tickets.cinema-city.pl/api/order/1614442?lang=pl,2026-08-11T08:59:53.271535
2026-08-11,zielona-góra,Spider-Man: Całkiem nowy dzień,Zielona Góra,16:50,2D,original,regular,1.0,https://tickets.cinema-city.pl/api/order/1615095?lang=pl,2026-08-11T08:59:53.271542
2026-08-11,zielona-góra,Spider-Man: Całkiem nowy dzień,Zielona Góra,17:40,3D,original,regular,1.0,https://tickets.cinema-city.pl/api/order/1615336?lang=pl,2026-08-11T08:59:53.271548
2026-08-11,zielona-góra,Psi patrol i dinozaury,Zielona Góra,17:50,2D,,regular,1.0,https://tickets.cinema-city.pl/api/order/1612272?lang=pl,2026-08-11T08:59:53.271555
2026-08-11,zielona-góra,Odyseja,Zielona Góra,18:05,2D,original,regular,1.0,https://tickets.cinema-city.pl/api/order/1613999?lang=pl,2026-08-11T08:59:53.271563
2026-08-11,zielona-góra,Ice Cream Man,Zielona Góra,18:20,2D,original,regular,1.0,https://tickets.cinema-city.pl/api/order/1613071?lang=pl,2026-08-11T08:59:53.271569
2026-08-11,zielona-góra,Spider-Man: Całkiem nowy dzień,Zielona Góra,18:30,2D,original,regular,1.0,https://tickets.cinema-city.pl/api/order/1612002?lang=pl,2026-08-11T08:59:53.271577
2026-08-11,zielona-góra,Backrooms. Bez wyjścia - wersja rozszerzona,Zielona Góra,18:50,2D,original,regular,1.0,https://tickets.cinema-city.pl/api/order/1615843?lang=pl,2026-08-11T08:59:53.271586
2026-08-11,zielona-góra,UL - Historie równoległe,Zielona Góra,19:00,2D,original,regular,1.0,https://tickets.cinema-city.pl/api/order/1581027?lang=pl,2026-08-11T08:59:53.271596
2026-08-11,zielona-góra,Pejzaż w kolorze sepii,Zielona Góra,19:00,2D,original,regular,1.0,https://tickets.cinema-city.pl/api/order/1615697?lang=pl,2026-08-11T08:59:53.271603
2026-08-11,zielona-góra,Spider-Man: Całkiem nowy dzień,Zielona Góra,20:00,2D,original,regular,1.0,https://tickets.cinema-city.pl/api/order/1615098?lang=pl,2026-08-11T08:59:53.271610
2026-08-11,zielona-góra,Odyseja,Zielona Góra,20:10,2D,original,regular,1.0,https://tickets.cinema-city.pl/api/order/1612276?lang=pl,2026-08-11T08:59:53.271617
2026-08-11,zielona-góra,Ice Cream Man,Zielona Góra,20:50,2D,original,regular,1.0,https://tickets.cinema-city.pl/api/order/1613077?lang=pl,2026-08-11T08:59:53.271624
2026-08-11,zielona-góra,Spider-Man: Całkiem nowy dzień,Zielona Góra,20:50,2D,original,regular,1.0,https://tickets.cinema-city.pl/api/order/1615348?lang=pl,2026-08-11T08:59:53.271631
2026-08-11,zielona-góra,Spider-Man: Całkiem nowy dzień,Zielona Góra,21:40,2D,original,regular,1.0,https://tickets.cinema-city.pl/api/order/1612007?lang=pl,2026-08-11T08:59:53.271638
2026-08-11,zielona-góra,Martwe zło: Ogień,Zielona Góra,21:40,2D,original,regular,1.0,https://tickets.cinema-city.pl/api/order/1615702?lang=pl,2026-08-11T08:59:53.271645
2026-08-11,zielona-góra,Odyseja,Zielona Góra,21:45,2D,original,regular,1.0,https://tickets.cinema-city.pl/api/order/1614004?lang=pl,2026-08-11T08:59:53.271652
2026-08-11,zielona-góra,Zaproszenie,Zielona Góra,21:50,2D,original,regular,1.0,https://tickets.cinema-city.pl/api/order/1615849?lang=pl,2026-08-11T08:59:53.271659
2026-08-11,zielona-góra,Requiem dla snu,Zielona Góra,22:00,2D,original,regular,1.0,https://tickets.cinema-city.pl/api/order/1614496?lang=pl,2026-08-11T08:59:53.271666
