date,city,movie_title,cinema_name,time,format,language,event_type,availability,booking_url,scraped_at
2026-09-03,podlaska,Psi patrol i dinozaury,Biała Podlaska,14:50,2D,,regular,1.0,https://tickets.cinema-city.pl/api/order/1661257?lang=pl,2026-09-03T12:40:48.645059
2026-09-03,podlaska,Spider-Man: Całkiem nowy dzień,Biała Podlaska,15:10,2D,original,regular,1.0,https://tickets.cinema-city.pl/api/order/1661411?lang=pl,2026-09-03T12:40:48.645133
2026-09-03,podlaska,Gwiazdozbiór psa,Biała Podlaska,16:20,2D,original,regular,1.0,https://tickets.cinema-city.pl/api/order/1652523?lang=pl,2026-09-03T12:40:48.645150
2026-09-03,podlaska,Harry Potter i Kamień Filozoficzny - 25. rocznica,Biała Podlaska,17:00,2D,,regular,1.0,https://tickets.cinema-city.pl/api/order/1661304?lang=pl,2026-09-03T12:40:48.645168
2026-09-03,podlaska,Buntownik,Biała Podlaska,17:50,2D,original,regular,1.0,https://tickets.cinema-city.pl/api/order/1660165?lang=pl,2026-09-03T12:40:48.645184
2026-09-03,podlaska,Nie patrz w dół 2,Biała Podlaska,18:20,2D,original,regular,1.0,https://tickets.cinema-city.pl/api/order/1661561?lang=pl,2026-09-03T12:40:48.645198
2026-09-03,podlaska,Gwiazdozbiór psa,Biała Podlaska,19:00,2D,original,regular,1.0,https://tickets.cinema-city.pl/api/order/1652526?lang=pl,2026-09-03T12:40:48.645212
2026-09-03,podlaska,Spider-Man: Całkiem nowy dzień,Biała Podlaska,20:10,2D,original,regular,1.0,https://tickets.cinema-city.pl/api/order/1660518?lang=pl,2026-09-03T12:40:48.645236
2026-09-03,podlaska,Terminator 2: Dzień sądu 35. Rocznica,Biała Podlaska,20:20,2D,original,regular,1.0,https://tickets.cinema-city.pl/api/order/1661325?lang=pl,2026-09-03T12:40:48.645253
2026-09-03,podlaska,Naznaczony: Wyjście z mrocznego wymiaru,Biała Podlaska,20:40,2D,original,regular,1.0,https://tickets.cinema-city.pl/api/order/1661579?lang=pl,2026-09-03T12:40:48.645269
2026-09-03,podlaska,Gwiazdozbiór psa,Biała Podlaska,21:40,2D,original,regular,1.0,https://tickets.cinema-city.pl/api/order/1652529?lang=pl,2026-09-03T12:40:48.645282
2026-09-03,bielsko-biała,Spider-Man: Całkiem nowy dzień,Bielsko-Biała,14:30,2D,original,regular,1.0,https://tickets.cinema-city.pl/api/order/1650626?lang=pl,2026-09-03T12:40:49.989479
2026-09-03,bielsko-biała,Psi patrol i dinozaury,Bielsko-Biała,14:40,2D,,regular,1.0,https://tickets.cinema-city.pl/api/order/1651948?lang=pl,2026-09-03T12:40:49.989503
2026-09-03,bielsko-biała,Gorzkie święta,Bielsko-Biała,15:10,2D,original,regular,1.0,https://tickets.cinema-city.pl/api/order/1651010?lang=pl,2026-09-03T12:40:49.989515
2026-09-03,bielsko-biała,Odyseja,Bielsko-Biała,15:20,2D,original,regular,1.0,https://tickets.cinema-city.pl/api/order/1652705?lang=pl,2026-09-03T12:40:49.989526
2026-09-03,bielsko-biała,Naznaczony: Wyjście z mrocznego wymiaru,Bielsko-Biała,15:30,2D,original,regular,1.0,https://tickets.cinema-city.pl/api/order/1650381?lang=pl,2026-09-03T12:40:49.989537
2026-09-03,bielsko-biała,Pucio kocha zwierzaki,Bielsko-Biała,15:40,2D,,regular,1.0,https://tickets.cinema-city.pl/api/order/1652469?lang=pl,2026-09-03T12:40:49.989547
2026-09-03,bielsko-biała,Buntownik,Bielsko-Biała,16:10,2D,original,regular,1.0,https://tickets.cinema-city.pl/api/order/1650723?lang=pl,2026-09-03T12:40:49.989558
2026-09-03,bielsko-biała,Gwiazdozbiór psa,Bielsko-Biała,16:20,2D,original,regular,1.0,https://tickets.cinema-city.pl/api/order/1649884?lang=pl,2026-09-03T12:40:49.989570
2026-09-03,bielsko-biała,Bogaci i martwi,Bielsko-Biała,16:40,2D,original,regular,1.0,https://tickets.cinema-city.pl/api/order/1651603?lang=pl,2026-09-03T12:40:49.989581
2026-09-03,bielsko-biała,Spider-Man: Całkiem nowy dzień,Bielsko-Biała,16:50,2D,original,regular,1.0,https://tickets.cinema-city.pl/api/order/1651745?lang=pl,2026-09-03T12:40:49.989591
2026-09-03,bielsko-biała,Harry Potter i Kamień Filozoficzny - 25. rocznica,Bielsko-Biała,17:00,2D,,regular,1.0,https://tickets.cinema-city.pl/api/order/1651930?lang=pl,2026-09-03T12:40:49.989603
2026-09-03,bielsko-biała,Tylko jedna noc,Bielsko-Biała,17:10,2D,original,regular,1.0,https://tickets.cinema-city.pl/api/order/1652471?lang=pl,2026-09-03T12:40:49.989612
2026-09-03,bielsko-biała,Spider-Man: Całkiem nowy dzień,Bielsko-Biała,17:40,2D,original,regular,1.0,https://tickets.cinema-city.pl/api/order/1650628?lang=pl,2026-09-03T12:40:49.989622
2026-09-03,bielsko-biała,Gorzkie święta,Bielsko-Biała,17:40,2D,original,regular,1.0,https://tickets.cinema-city.pl/api/order/1651016?lang=pl,2026-09-03T12:40:49.989632
2026-09-03,bielsko-biała,Ostrze przeznaczenia,Bielsko-Biała,18:00,2D,original,regular,1.0,https://tickets.cinema-city.pl/api/order/1620876?lang=pl,2026-09-03T12:40:49.989644
2026-09-03,bielsko-biała,Naznaczony: Wyjście z mrocznego wymiaru,Bielsko-Biała,18:20,2D,original,regular,1.0,https://tickets.cinema-city.pl/api/order/1650728?lang=pl,2026-09-03T12:40:49.989655
2026-09-03,bielsko-biała,Spider-Man: Całkiem nowy dzień,Bielsko-Biała,18:50,2D,original,regular,1.0,https://tickets.cinema-city.pl/api/order/1652759?lang=pl,2026-09-03T12:40:49.989665
2026-09-03,bielsko-biała,Gwiazdozbiór psa,Bielsko-Biała,19:00,2D,original,regular,1.0,https://tickets.cinema-city.pl/api/order/1649888?lang=pl,2026-09-03T12:40:49.989675
2026-09-03,bielsko-biała,Sunny Dancer,Bielsko-Biała,19:00,2D,original,regular,1.0,https://tickets.cinema-city.pl/api/order/1651606?lang=pl,2026-09-03T12:40:49.989686
2026-09-03,bielsko-biała,Terminator 2: Dzień sądu 35. Rocznica,Bielsko-Biała,19:30,2D,original,regular,1.0,https://tickets.cinema-city.pl/api/order/1652473?lang=pl,2026-09-03T12:40:49.989696
2026-09-03,bielsko-biała,Spider-Man: Całkiem nowy dzień,Bielsko-Biała,20:00,2D,original,regular,1.0,https://tickets.cinema-city.pl/api/order/1656581?lang=pl,2026-09-03T12:40:49.989706
2026-09-03,bielsko-biała,Odyseja,Bielsko-Biała,20:15,2D,original,regular,1.0,https://tickets.cinema-city.pl/api/order/1651022?lang=pl,2026-09-03T12:40:49.989716
2026-09-03,bielsko-biała,Koniec ulicy Dębowej,Bielsko-Biała,20:20,2D,original,regular,1.0,https://tickets.cinema-city.pl/api/order/1651954?lang=pl,2026-09-03T12:40:49.989727
2026-09-03,bielsko-biała,Nie patrz w dół 2,Bielsko-Biała,20:45,2D,original,regular,1.0,https://tickets.cinema-city.pl/api/order/1650408?lang=pl,2026-09-03T12:40:49.989737
2026-09-03,bielsko-biała,Spider-Man: Całkiem nowy dzień,Bielsko-Biała,20:50,2D,original,regular,1.0,https://tickets.cinema-city.pl/api/order/1650630?lang=pl,2026-09-03T12:40:49.989747
2026-09-03,bielsko-biała,Naznaczony: Wyjście z mrocznego wymiaru,Bielsko-Biała,20:50,2D,original,regular,1.0,https://tickets.cinema-city.pl/api/order/1650733?lang=pl,2026-09-03T12:40:49.989758
2026-09-03,bielsko-biała,Buntownik,Bielsko-Biała,21:30,2D,original,regular,1.0,https://tickets.cinema-city.pl/api/order/1651609?lang=pl,2026-09-03T12:40:49.989767
2026-09-03,bielsko-biała,Gwiazdozbiór psa,Bielsko-Biała,21:40,2D,original,regular,1.0,https://tickets.cinema-city.pl/api/order/1649892?lang=pl,2026-09-03T12:40:49.989777
2026-09-03,bielsko-biała,Spider-Man: Całkiem nowy dzień,Bielsko-Biała,22:00,2D,original,regular,1.0,https://tickets.cinema-city.pl/api/order/1652762?lang=pl,2026-09-03T12:40:49.989787
2026-09-03,bydgoszcz,Odyseja,Bydgoszcz,14:30,2D,original,regular,1.0,https://tickets.cinema-city.pl/api/order/1651324?lang=pl,2026-09-03T12:40:51.457972
2026-09-03,bydgoszcz,Psi patrol i dinozaury,Bydgoszcz,14:40,2D,,regular,1.0,https://tickets.cinema-city.pl/api/order/1654712?lang=pl,2026-09-03T12:40:51.457998
2026-09-03,bydgoszcz,Minionki i straszydła,Bydgoszcz,14:50,2D,,regular,1.0,https://tickets.cinema-city.pl/api/order/1652333?lang=pl,2026-09-03T12:40:51.458012
2026-09-03,bydgoszcz,Gorzkie święta,Bydgoszcz,15:20,2D,original,regular,1.0,https://tickets.cinema-city.pl/api/order/1650699?lang=pl,2026-09-03T12:40:51.458022
2026-09-03,bydgoszcz,Terminator 2: Dzień sądu 35. Rocznica,Bydgoszcz,15:30,2D,original,regular,1.0,https://tickets.cinema-city.pl/api/order/1654440?lang=pl,2026-09-03T12:40:51.458034
2026-09-03,bydgoszcz,Księga pustyni,Bydgoszcz,15:30,2D,,regular,1.0,https://tickets.cinema-city.pl/api/order/1656007?lang=pl,2026-09-03T12:40:51.458044
2026-09-03,bydgoszcz,Naznaczony: Wyjście z mrocznego wymiaru,Bydgoszcz,15:40,2D,original,regular,1.0,https://tickets.cinema-city.pl/api/order/1656692?lang=pl,2026-09-03T12:40:51.458055
2026-09-03,bydgoszcz,Buntownik,Bydgoszcz,15:50,2D,original,regular,1.0,https://tickets.cinema-city.pl/api/order/1655418?lang=pl,2026-09-03T12:40:51.458083
2026-09-03,bydgoszcz,Gwiazdozbiór psa,Bydgoszcz,16:20,2D,original,regular,1.0,https://tickets.cinema-city.pl/api/order/1651038?lang=pl,2026-09-03T12:40:51.458095
2026-09-03,bydgoszcz,Spider-Man: Całkiem nowy dzień,Bydgoszcz,16:30,2D,original,regular,1.0,https://tickets.cinema-city.pl/api/order/1651854?lang=pl,2026-09-03T12:40:51.458106
2026-09-03,bydgoszcz,Koniec ulicy Dębowej,Bydgoszcz,16:50,2D,original,regular,1.0,https://tickets.cinema-city.pl/api/order/1652339?lang=pl,2026-09-03T12:40:51.458116
2026-09-03,bydgoszcz,Spider-Man: Całkiem nowy dzień,Bydgoszcz,16:50,2D,original,regular,1.0,https://tickets.cinema-city.pl/api/order/1654262?lang=pl,2026-09-03T12:40:51.458126
2026-09-03,bydgoszcz,Wszyscy moi wrogowie,Bydgoszcz,16:50,2D,original,regular,1.0,https://tickets.cinema-city.pl/api/order/1654719?lang=pl,2026-09-03T12:40:51.458136
2026-09-03,bydgoszcz,Terminator 2: Dzień sądu 35. Rocznica,Bydgoszcz,16:50,4DX,original,regular,1.0,https://tickets.cinema-city.pl/api/order/1656777?lang=pl,2026-09-03T12:40:51.458145
2026-09-03,bydgoszcz,Harry Potter i Kamień Filozoficzny - 25. rocznica,Bydgoszcz,17:30,2D,,regular,1.0,https://tickets.cinema-city.pl/api/order/1652738?lang=pl,2026-09-03T12:40:51.458155
2026-09-03,bydgoszcz,Ostrze przeznaczenia,Bydgoszcz,18:00,2D,original,regular,1.0,https://tickets.cinema-city.pl/api/order/1620870?lang=pl,2026-09-03T12:40:51.458166
2026-09-03,bydgoszcz,Gorzkie święta,Bydgoszcz,18:00,2D,original,regular,1.0,https://tickets.cinema-city.pl/api/order/1650705?lang=pl,2026-09-03T12:40:51.458175
2026-09-03,bydgoszcz,Odyseja,Bydgoszcz,18:10,2D,original,regular,1.0,https://tickets.cinema-city.pl/api/order/1653808?lang=pl,2026-09-03T12:40:51.458185
2026-09-03,bydgoszcz,Buntownik,Bydgoszcz,18:10,2D,original,regular,1.0,https://tickets.cinema-city.pl/api/order/1655490?lang=pl,2026-09-03T12:40:51.458194
2026-09-03,bydgoszcz,Naznaczony: Wyjście z mrocznego wymiaru,Bydgoszcz,18:10,2D,original,regular,1.0,https://tickets.cinema-city.pl/api/order/1656697?lang=pl,2026-09-03T12:40:51.458204
2026-09-03,bydgoszcz,Terminator 2: Dzień sądu 35. Rocznica,Bydgoszcz,18:30,2D,original,regular,1.0,https://tickets.cinema-city.pl/api/order/1654444?lang=pl,2026-09-03T12:40:51.458214
2026-09-03,bydgoszcz,Gwiazdozbiór psa,Bydgoszcz,19:00,2D,original,regular,1.0,https://tickets.cinema-city.pl/api/order/1651042?lang=pl,2026-09-03T12:40:51.458223
2026-09-03,bydgoszcz,Koniec ulicy Dębowej,Bydgoszcz,19:20,2D,original,regular,1.0,https://tickets.cinema-city.pl/api/order/1652345?lang=pl,2026-09-03T12:40:51.458233
2026-09-03,bydgoszcz,Tylko jedna noc,Bydgoszcz,19:40,2D,original,regular,1.0,https://tickets.cinema-city.pl/api/order/1655015?lang=pl,2026-09-03T12:40:51.458242
2026-09-03,bydgoszcz,Gwiazdozbiór psa,Bydgoszcz,19:45,2D,original,regular,1.0,https://tickets.cinema-city.pl/api/order/1651860?lang=pl,2026-09-03T12:40:51.458252
2026-09-03,bydgoszcz,Gwiazdozbiór psa,Bydgoszcz,19:50,4DX,original,regular,1.0,https://tickets.cinema-city.pl/api/order/1656785?lang=pl,2026-09-03T12:40:51.458260
2026-09-03,bydgoszcz,Spider-Man: Całkiem nowy dzień,Bydgoszcz,20:00,2D,original,regular,1.0,https://tickets.cinema-city.pl/api/order/1654265?lang=pl,2026-09-03T12:40:51.458269
2026-09-03,bydgoszcz,Gwiazdozbiór psa ukraiński dubbing,Bydgoszcz,20:30,2D,dubbing,regular,1.0,https://tickets.cinema-city.pl/api/order/1650687?lang=pl,2026-09-03T12:40:51.458278
2026-09-03,bydgoszcz,Nie patrz w dół 2,Bydgoszcz,20:30,2D,original,regular,1.0,https://tickets.cinema-city.pl/api/order/1655323?lang=pl,2026-09-03T12:40:51.458289
2026-09-03,bydgoszcz,Naznaczony: Wyjście z mrocznego wymiaru,Bydgoszcz,20:40,2D,original,regular,1.0,https://tickets.cinema-city.pl/api/order/1656702?lang=pl,2026-09-03T12:40:51.458298
2026-09-03,bydgoszcz,Sunny Dancer,Bydgoszcz,20:50,2D,original,regular,1.0,https://tickets.cinema-city.pl/api/order/1656047?lang=pl,2026-09-03T12:40:51.458308
2026-09-03,bydgoszcz,Naznaczony: Wyjście z mrocznego wymiaru,Bydgoszcz,21:00,2D,original,regular,1.0,https://tickets.cinema-city.pl/api/order/1652758?lang=pl,2026-09-03T12:40:51.458318
2026-09-03,bydgoszcz,Gorzkie święta,Bydgoszcz,21:30,2D,original,regular,1.0,https://tickets.cinema-city.pl/api/order/1654475?lang=pl,2026-09-03T12:40:51.458327
2026-09-03,bydgoszcz,Gwiazdozbiór psa,Bydgoszcz,21:40,2D,original,regular,1.0,https://tickets.cinema-city.pl/api/order/1651046?lang=pl,2026-09-03T12:40:51.458336
2026-09-03,bydgoszcz,Odyseja,Bydgoszcz,21:50,2D,original,regular,1.0,https://tickets.cinema-city.pl/api/order/1651381?lang=pl,2026-09-03T12:40:51.458345
2026-09-03,bydgoszcz,Koniec ulicy Dębowej,Bydgoszcz,21:50,2D,original,regular,1.0,https://tickets.cinema-city.pl/api/order/1652351?lang=pl,2026-09-03T12:40:51.458355
2026-09-03,bydgoszcz,Wszyscy moi wrogowie,Bydgoszcz,22:00,2D,original,regular,1.0,https://tickets.cinema-city.pl/api/order/1655036?lang=pl,2026-09-03T12:40:51.458364
2026-09-03,bydgoszcz,Bogaci i martwi,Bydgoszcz,22:30,2D,original,regular,1.0,https://tickets.cinema-city.pl/api/order/1652070?lang=pl,2026-09-03T12:40:51.458375
2026-09-03,bydgoszcz,Naznaczony: Wyjście z mrocznego wymiaru,Bydgoszcz,22:30,4DX,original,regular,1.0,https://tickets.cinema-city.pl/api/order/1656791?lang=pl,2026-09-03T12:40:51.458383
2026-09-03,bytom,Psi patrol i dinozaury,Bytom,15:10,2D,,regular,1.0,https://tickets.cinema-city.pl/api/order/1660110?lang=pl,2026-09-03T12:40:52.931654
2026-09-03,bytom,Spider-Man: Całkiem nowy dzień,Bytom,15:15,2D,original,regular,1.0,https://tickets.cinema-city.pl/api/order/1658344?lang=pl,2026-09-03T12:40:52.931680
2026-09-03,bytom,Odyseja,Bytom,15:40,2D,original,regular,1.0,https://tickets.cinema-city.pl/api/order/1653534?lang=pl,2026-09-03T12:40:52.931693
2026-09-03,bytom,Księga pustyni,Bytom,15:50,2D,,regular,1.0,https://tickets.cinema-city.pl/api/order/1651241?lang=pl,2026-09-03T12:40:52.931703
2026-09-03,bytom,Minionki i straszydła,Bytom,16:00,2D,,regular,1.0,https://tickets.cinema-city.pl/api/order/1655264?lang=pl,2026-09-03T12:40:52.931713
2026-09-03,bytom,Pucio kocha zwierzaki,Bytom,16:10,2D,,regular,1.0,https://tickets.cinema-city.pl/api/order/1659738?lang=pl,2026-09-03T12:40:52.931723
2026-09-03,bytom,Gwiazdozbiór psa,Bytom,16:20,2D,original,regular,1.0,https://tickets.cinema-city.pl/api/order/1653713?lang=pl,2026-09-03T12:40:52.931733
2026-09-03,bytom,Wrong Girls,Bytom,16:50,2D,original,regular,1.0,https://tickets.cinema-city.pl/api/order/1653190?lang=pl,2026-09-03T12:40:52.931743
2026-09-03,bytom,Psi patrol i dinozaury,Bytom,17:20,2D,,regular,1.0,https://tickets.cinema-city.pl/api/order/1660115?lang=pl,2026-09-03T12:40:52.931752
2026-09-03,bytom,Tylko jedna noc,Bytom,17:40,2D,original,regular,1.0,https://tickets.cinema-city.pl/api/order/1659739?lang=pl,2026-09-03T12:40:52.931761
2026-09-03,bytom,Harry Potter i Kamień Filozoficzny - 25. rocznica,Bytom,18:00,2D,,regular,1.0,https://tickets.cinema-city.pl/api/order/1651383?lang=pl,2026-09-03T12:40:52.931771
2026-09-03,bytom,Sunny Dancer,Bytom,18:10,2D,original,regular,1.0,https://tickets.cinema-city.pl/api/order/1655269?lang=pl,2026-09-03T12:40:52.931781
2026-09-03,bytom,Spider-Man: Całkiem nowy dzień,Bytom,18:20,2D,original,regular,1.0,https://tickets.cinema-city.pl/api/order/1658348?lang=pl,2026-09-03T12:40:52.931790
2026-09-03,bytom,Gwiazdozbiór psa,Bytom,19:00,2D,original,regular,1.0,https://tickets.cinema-city.pl/api/order/1653717?lang=pl,2026-09-03T12:40:52.931800
2026-09-03,bytom,Gorzkie święta,Bytom,19:10,2D,original,regular,1.0,https://tickets.cinema-city.pl/api/order/1653200?lang=pl,2026-09-03T12:40:52.931809
2026-09-03,bytom,Odyseja,Bytom,19:20,2D,original,regular,1.0,https://tickets.cinema-city.pl/api/order/1653540?lang=pl,2026-09-03T12:40:52.931819
2026-09-03,bytom,Terminator 2: Dzień sądu 35. Rocznica,Bytom,19:30,2D,original,regular,1.0,https://tickets.cinema-city.pl/api/order/1660095?lang=pl,2026-09-03T12:40:52.931829
2026-09-03,bytom,Spider-Man: Całkiem nowy dzień,Bytom,20:00,2D,original,regular,1.0,https://tickets.cinema-city.pl/api/order/1659740?lang=pl,2026-09-03T12:40:52.931839
2026-09-03,bytom,Nie patrz w dół 2,Bytom,20:40,2D,original,regular,1.0,https://tickets.cinema-city.pl/api/order/1657115?lang=pl,2026-09-03T12:40:52.931849
2026-09-03,bytom,Naznaczony: Wyjście z mrocznego wymiaru,Bytom,21:20,2D,original,regular,1.0,https://tickets.cinema-city.pl/api/order/1651368?lang=pl,2026-09-03T12:40:52.931860
2026-09-03,bytom,Koniec ulicy Dębowej,Bytom,21:30,2D,original,regular,1.0,https://tickets.cinema-city.pl/api/order/1658352?lang=pl,2026-09-03T12:40:52.931871
2026-09-03,bytom,Buntownik,Bytom,21:40,2D,original,regular,1.0,https://tickets.cinema-city.pl/api/order/1653205?lang=pl,2026-09-03T12:40:52.931881
2026-09-03,bytom,Gwiazdozbiór psa,Bytom,21:40,2D,original,regular,1.0,https://tickets.cinema-city.pl/api/order/1653721?lang=pl,2026-09-03T12:40:52.931890
2026-09-03,cieszyn,Psi patrol i dinozaury,Cieszyn,14:50,2D,,regular,1.0,https://tickets.cinema-city.pl/api/order/1658598?lang=pl,2026-09-03T12:40:54.368276
2026-09-03,cieszyn,Spider-Man: Całkiem nowy dzień,Cieszyn,15:10,2D,original,regular,1.0,https://tickets.cinema-city.pl/api/order/1659161?lang=pl,2026-09-03T12:40:54.368304
2026-09-03,cieszyn,Odyseja,Cieszyn,16:00,2D,original,regular,1.0,https://tickets.cinema-city.pl/api/order/1660168?lang=pl,2026-09-03T12:40:54.368318
2026-09-03,cieszyn,Gwiazdozbiór psa,Cieszyn,16:20,2D,original,regular,1.0,https://tickets.cinema-city.pl/api/order/1655332?lang=pl,2026-09-03T12:40:54.368329
2026-09-03,cieszyn,Harry Potter i Kamień Filozoficzny - 25. rocznica,Cieszyn,17:00,2D,,regular,1.0,https://tickets.cinema-city.pl/api/order/1658661?lang=pl,2026-09-03T12:40:54.368342
2026-09-03,cieszyn,Spider-Man: Całkiem nowy dzień,Cieszyn,18:10,2D,original,regular,1.0,https://tickets.cinema-city.pl/api/order/1659281?lang=pl,2026-09-03T12:40:54.368353
2026-09-03,cieszyn,Gwiazdozbiór psa,Cieszyn,19:00,2D,original,regular,1.0,https://tickets.cinema-city.pl/api/order/1655336?lang=pl,2026-09-03T12:40:54.368363
2026-09-03,cieszyn,Naznaczony: Wyjście z mrocznego wymiaru,Cieszyn,19:30,2D,original,regular,1.0,https://tickets.cinema-city.pl/api/order/1660193?lang=pl,2026-09-03T12:40:54.368376
2026-09-03,cieszyn,Terminator 2: Dzień sądu 35. Rocznica,Cieszyn,20:30,2D,original,regular,1.0,https://tickets.cinema-city.pl/api/order/1658666?lang=pl,2026-09-03T12:40:54.368389
2026-09-03,cieszyn,Spider-Man: Całkiem nowy dzień,Cieszyn,21:20,2D,original,regular,1.0,https://tickets.cinema-city.pl/api/order/1659287?lang=pl,2026-09-03T12:40:54.368400
2026-09-03,cieszyn,Gwiazdozbiór psa,Cieszyn,21:40,2D,original,regular,1.0,https://tickets.cinema-city.pl/api/order/1655340?lang=pl,2026-09-03T12:40:54.368411
2026-09-03,cieszyn,Koniec ulicy Dębowej,Cieszyn,22:00,2D,original,regular,1.0,https://tickets.cinema-city.pl/api/order/1660214?lang=pl,2026-09-03T12:40:54.368423
2026-09-03,częstochowa,Tylko jedna noc,Częstochowa - Galeria Jurajska,14:50,2D,original,regular,1.0,https://tickets.cinema-city.pl/api/order/1653562?lang=pl,2026-09-03T12:40:56.061261
2026-09-03,częstochowa,Pucio kocha zwierzaki,Częstochowa - Galeria Jurajska,15:30,2D,,regular,1.0,https://tickets.cinema-city.pl/api/order/1652291?lang=pl,2026-09-03T12:40:56.061291
2026-09-03,częstochowa,Księga pustyni,Częstochowa - Galeria Jurajska,15:30,2D,,regular,1.0,https://tickets.cinema-city.pl/api/order/1653995?lang=pl,2026-09-03T12:40:56.061307
2026-09-03,częstochowa,Spider-Man: Całkiem nowy dzień,Częstochowa - Galeria Jurajska,16:00,2D,original,regular,1.0,https://tickets.cinema-city.pl/api/order/1653161?lang=pl,2026-09-03T12:40:56.061321
2026-09-03,częstochowa,Psi patrol i dinozaury,Częstochowa - Galeria Jurajska,16:10,2D,,regular,1.0,https://tickets.cinema-city.pl/api/order/1651915?lang=pl,2026-09-03T12:40:56.061333
2026-09-03,częstochowa,Gwiazdozbiór psa,Częstochowa - Galeria Jurajska,16:20,2D,original,regular,1.0,https://tickets.cinema-city.pl/api/order/1651185?lang=pl,2026-09-03T12:40:56.061346
2026-09-03,częstochowa,Wrong Girls,Częstochowa - Galeria Jurajska,16:30,2D,original,regular,1.0,https://tickets.cinema-city.pl/api/order/1653851?lang=pl,2026-09-03T12:40:56.061359
2026-09-03,częstochowa,Harry Potter i Kamień Filozoficzny - 25. rocznica,Częstochowa - Galeria Jurajska,17:00,2D,,regular,1.0,https://tickets.cinema-city.pl/api/order/1652271?lang=pl,2026-09-03T12:40:56.061373
2026-09-03,częstochowa,Spider-Man: Całkiem nowy dzień,Częstochowa - Galeria Jurajska,17:10,2D,original,regular,1.0,https://tickets.cinema-city.pl/api/order/1653323?lang=pl,2026-09-03T12:40:56.061387
2026-09-03,częstochowa,Psi patrol i dinozaury,Częstochowa - Galeria Jurajska,17:20,2D,,regular,1.0,https://tickets.cinema-city.pl/api/order/1653568?lang=pl,2026-09-03T12:40:56.061397
2026-09-03,częstochowa,Buntownik,Częstochowa - Galeria Jurajska,17:45,2D,original,regular,1.0,https://tickets.cinema-city.pl/api/order/1654001?lang=pl,2026-09-03T12:40:56.061408
2026-09-03,częstochowa,Nie patrz w dół 2,Częstochowa - Galeria Jurajska,18:20,2D,original,regular,1.0,https://tickets.cinema-city.pl/api/order/1651917?lang=pl,2026-09-03T12:40:56.061418
2026-09-03,częstochowa,Sunny Dancer,Częstochowa - Galeria Jurajska,18:50,2D,original,regular,1.0,https://tickets.cinema-city.pl/api/order/1653857?lang=pl,2026-09-03T12:40:56.061427
2026-09-03,częstochowa,Gwiazdozbiór psa,Częstochowa - Galeria Jurajska,19:00,2D,original,regular,1.0,https://tickets.cinema-city.pl/api/order/1651189?lang=pl,2026-09-03T12:40:56.061438
2026-09-03,częstochowa,Spider-Man: Całkiem nowy dzień,Częstochowa - Galeria Jurajska,19:10,2D,original,regular,1.0,https://tickets.cinema-city.pl/api/order/1653165?lang=pl,2026-09-03T12:40:56.061448
2026-09-03,częstochowa,Naznaczony: Wyjście z mrocznego wymiaru,Częstochowa - Galeria Jurajska,19:30,2D,original,regular,1.0,https://tickets.cinema-city.pl/api/order/1653574?lang=pl,2026-09-03T12:40:56.061460
2026-09-03,częstochowa,Gorzkie święta,Częstochowa - Galeria Jurajska,20:00,2D,original,regular,1.0,https://tickets.cinema-city.pl/api/order/1654007?lang=pl,2026-09-03T12:40:56.061470
2026-09-03,częstochowa,Spider-Man: Całkiem nowy dzień,Częstochowa - Galeria Jurajska,20:20,2D,original,regular,1.0,https://tickets.cinema-city.pl/api/order/1653329?lang=pl,2026-09-03T12:40:56.061479
2026-09-03,częstochowa,Odyseja,Częstochowa - Galeria Jurajska,20:30,2D,original,regular,1.0,https://tickets.cinema-city.pl/api/order/1652275?lang=pl,2026-09-03T12:40:56.061489
2026-09-03,częstochowa,Terminator 2: Dzień sądu 35. Rocznica,Częstochowa - Galeria Jurajska,20:40,2D,original,regular,1.0,https://tickets.cinema-city.pl/api/order/1651919?lang=pl,2026-09-03T12:40:56.061500
2026-09-03,częstochowa,Koniec ulicy Dębowej,Częstochowa - Galeria Jurajska,21:20,2D,original,regular,1.0,https://tickets.cinema-city.pl/api/order/1653863?lang=pl,2026-09-03T12:40:56.061511
2026-09-03,częstochowa,Gwiazdozbiór psa,Częstochowa - Galeria Jurajska,21:40,2D,original,regular,1.0,https://tickets.cinema-city.pl/api/order/1651193?lang=pl,2026-09-03T12:40:56.061520
2026-09-03,częstochowa,Naznaczony: Wyjście z mrocznego wymiaru,Częstochowa - Galeria Jurajska,22:00,2D,original,regular,1.0,https://tickets.cinema-city.pl/api/order/1653580?lang=pl,2026-09-03T12:40:56.061530
2026-09-03,częstochowa,Buntownik,Częstochowa - Galeria Jurajska,22:20,2D,original,regular,1.0,https://tickets.cinema-city.pl/api/order/1653169?lang=pl,2026-09-03T12:40:56.061539
2026-09-03,częstochowa,Spider-Man: Całkiem nowy dzień,Częstochowa - Wolność,14:40,2D,original,regular,1.0,https://tickets.cinema-city.pl/api/order/1652826?lang=pl,2026-09-03T12:40:57.869389
2026-09-03,częstochowa,Odzyskany,Częstochowa - Wolność,15:10,2D,original,regular,1.0,https://tickets.cinema-city.pl/api/order/1656006?lang=pl,2026-09-03T12:40:57.869418
2026-09-03,częstochowa,Psi patrol i dinozaury,Częstochowa - Wolność,15:20,2D,,regular,1.0,https://tickets.cinema-city.pl/api/order/1651704?lang=pl,2026-09-03T12:40:57.869432
2026-09-03,częstochowa,Gwiazdozbiór psa,Częstochowa - Wolność,15:40,2D,original,regular,1.0,https://tickets.cinema-city.pl/api/order/1654115?lang=pl,2026-09-03T12:40:57.869445
2026-09-03,częstochowa,Księga pustyni,Częstochowa - Wolność,15:40,2D,,regular,1.0,https://tickets.cinema-city.pl/api/order/1656803?lang=pl,2026-09-03T12:40:57.869457
2026-09-03,częstochowa,Minionki i straszydła,Częstochowa - Wolność,15:50,2D,,regular,1.0,https://tickets.cinema-city.pl/api/order/1658481?lang=pl,2026-09-03T12:40:57.869469
2026-09-03,częstochowa,Koniec ulicy Dębowej,Częstochowa - Wolność,16:20,2D,original,regular,1.0,https://tickets.cinema-city.pl/api/order/1653812?lang=pl,2026-09-03T12:40:57.869482
2026-09-03,częstochowa,Psi patrol i dinozaury,Częstochowa - Wolność,16:40,2D,,regular,1.0,https://tickets.cinema-city.pl/api/order/1650638?lang=pl,2026-09-03T12:40:57.869493
2026-09-03,częstochowa,Nie patrz w dół 2,Częstochowa - Wolność,17:30,2D,original,regular,1.0,https://tickets.cinema-city.pl/api/order/1656043?lang=pl,2026-09-03T12:40:57.869507
2026-09-03,częstochowa,Sunny Dancer,Częstochowa - Wolność,17:40,2D,original,regular,1.0,https://tickets.cinema-city.pl/api/order/1651705?lang=pl,2026-09-03T12:40:57.869519
2026-09-03,częstochowa,Spider-Man: Całkiem nowy dzień,Częstochowa - Wolność,17:45,2D,original,regular,1.0,https://tickets.cinema-city.pl/api/order/1652827?lang=pl,2026-09-03T12:40:57.869531
2026-09-03,częstochowa,Ostrze przeznaczenia,Częstochowa - Wolność,18:00,2D,original,regular,1.0,https://tickets.cinema-city.pl/api/order/1620894?lang=pl,2026-09-03T12:40:57.869546
2026-09-03,częstochowa,Harry Potter i Kamień Filozoficzny - 25. rocznica,Częstochowa - Wolność,18:10,2D,,regular,1.0,https://tickets.cinema-city.pl/api/order/1656772?lang=pl,2026-09-03T12:40:57.869559
2026-09-03,częstochowa,Gwiazdozbiór psa,Częstochowa - Wolność,18:20,2D,original,regular,1.0,https://tickets.cinema-city.pl/api/order/1654123?lang=pl,2026-09-03T12:40:57.869571
2026-09-03,częstochowa,Terminator 2: Dzień sądu 35. Rocznica,Częstochowa - Wolność,19:00,2D,original,regular,1.0,https://tickets.cinema-city.pl/api/order/1650639?lang=pl,2026-09-03T12:40:57.869584
2026-09-03,częstochowa,Naznaczony: Wyjście z mrocznego wymiaru,Częstochowa - Wolność,19:00,2D,original,regular,1.0,https://tickets.cinema-city.pl/api/order/1653813?lang=pl,2026-09-03T12:40:57.869597
2026-09-03,częstochowa,Odyseja,Częstochowa - Wolność,20:00,2D,original,regular,1.0,https://tickets.cinema-city.pl/api/order/1656050?lang=pl,2026-09-03T12:40:57.869610
2026-09-03,częstochowa,Gorzkie święta,Częstochowa - Wolność,20:10,2D,original,regular,1.0,https://tickets.cinema-city.pl/api/order/1651706?lang=pl,2026-09-03T12:40:57.869621
2026-09-03,częstochowa,Spider-Man: Całkiem nowy dzień,Częstochowa - Wolność,20:50,2D,original,regular,1.0,https://tickets.cinema-city.pl/api/order/1652828?lang=pl,2026-09-03T12:40:57.869632
2026-09-03,częstochowa,Gwiazdozbiór psa,Częstochowa - Wolność,21:00,2D,original,regular,1.0,https://tickets.cinema-city.pl/api/order/1654130?lang=pl,2026-09-03T12:40:57.869643
2026-09-03,częstochowa,Tylko jedna noc,Częstochowa - Wolność,21:00,2D,original,regular,1.0,https://tickets.cinema-city.pl/api/order/1658531?lang=pl,2026-09-03T12:40:57.869654
2026-09-03,częstochowa,Naznaczony: Wyjście z mrocznego wymiaru,Częstochowa - Wolność,21:30,2D,original,regular,1.0,https://tickets.cinema-city.pl/api/order/1653814?lang=pl,2026-09-03T12:40:57.869666
2026-09-03,częstochowa,Buntownik,Częstochowa - Wolność,21:40,2D,original,regular,1.0,https://tickets.cinema-city.pl/api/order/1656763?lang=pl,2026-09-03T12:40:57.869677
2026-09-03,częstochowa,Obsesja,Częstochowa - Wolność,22:00,2D,original,regular,1.0,https://tickets.cinema-city.pl/api/order/1650640?lang=pl,2026-09-03T12:40:57.869689
2026-09-03,elbląg,Buntownik,Elbląg,14:40,2D,original,regular,1.0,https://tickets.cinema-city.pl/api/order/1660715?lang=pl,2026-09-03T12:40:59.978528
2026-09-03,elbląg,Spider-Man: Całkiem nowy dzień,Elbląg,15:20,2D,original,regular,1.0,https://tickets.cinema-city.pl/api/order/1660458?lang=pl,2026-09-03T12:40:59.978560
2026-09-03,elbląg,Psi patrol i dinozaury,Elbląg,15:45,2D,,regular,1.0,https://tickets.cinema-city.pl/api/order/1660681?lang=pl,2026-09-03T12:40:59.978574
2026-09-03,elbląg,Gwiazdozbiór psa,Elbląg,16:20,2D,original,regular,1.0,https://tickets.cinema-city.pl/api/order/1660477?lang=pl,2026-09-03T12:40:59.978587
2026-09-03,elbląg,Spider-Man: Całkiem nowy dzień,Elbląg,16:50,2D,original,regular,1.0,https://tickets.cinema-city.pl/api/order/1660645?lang=pl,2026-09-03T12:40:59.978600
2026-09-03,elbląg,Księga pustyni,Elbląg,16:50,2D,,regular,1.0,https://tickets.cinema-city.pl/api/order/1660724?lang=pl,2026-09-03T12:40:59.978612
2026-09-03,elbląg,Harry Potter i Kamień Filozoficzny - 25. rocznica,Elbląg,17:00,2D,,regular,1.0,https://tickets.cinema-city.pl/api/order/1654148?lang=pl,2026-09-03T12:40:59.978625
2026-09-03,elbląg,Naznaczony: Wyjście z mrocznego wymiaru,Elbląg,18:00,2D,original,regular,1.0,https://tickets.cinema-city.pl/api/order/1660695?lang=pl,2026-09-03T12:40:59.978639
2026-09-03,elbląg,Spider-Man: Całkiem nowy dzień,Elbląg,18:30,2D,original,regular,1.0,https://tickets.cinema-city.pl/api/order/1660460?lang=pl,2026-09-03T12:40:59.978651
2026-09-03,elbląg,Gwiazdozbiór psa,Elbląg,19:00,2D,original,regular,1.0,https://tickets.cinema-city.pl/api/order/1660479?lang=pl,2026-09-03T12:40:59.978662
2026-09-03,elbląg,Nie patrz w dół 2,Elbląg,19:00,2D,original,regular,1.0,https://tickets.cinema-city.pl/api/order/1660734?lang=pl,2026-09-03T12:40:59.978674
2026-09-03,elbląg,Spider-Man: Całkiem nowy dzień,Elbląg,20:00,2D,original,regular,1.0,https://tickets.cinema-city.pl/api/order/1660647?lang=pl,2026-09-03T12:40:59.978687
2026-09-03,elbląg,Terminator 2: Dzień sądu 35. Rocznica,Elbląg,20:30,2D,original,regular,1.0,https://tickets.cinema-city.pl/api/order/1654143?lang=pl,2026-09-03T12:40:59.978700
2026-09-03,elbląg,Naznaczony: Wyjście z mrocznego wymiaru,Elbląg,20:40,2D,original,regular,1.0,https://tickets.cinema-city.pl/api/order/1660696?lang=pl,2026-09-03T12:40:59.978714
2026-09-03,elbląg,Odyseja,Elbląg,21:20,2D,original,regular,1.0,https://tickets.cinema-city.pl/api/order/1660740?lang=pl,2026-09-03T12:40:59.978726
2026-09-03,elbląg,Spider-Man: Całkiem nowy dzień,Elbląg,21:40,2D,original,regular,1.0,https://tickets.cinema-city.pl/api/order/1660466?lang=pl,2026-09-03T12:40:59.978739
2026-09-03,elbląg,Gwiazdozbiór psa,Elbląg,21:40,2D,original,regular,1.0,https://tickets.cinema-city.pl/api/order/1660484?lang=pl,2026-09-03T12:40:59.978751
2026-09-03,gliwice,Gwiazdozbiór psa,Gliwice,14:30,2D,original,regular,1.0,https://tickets.cinema-city.pl/api/order/1652166?lang=pl,2026-09-03T12:41:02.380643
2026-09-03,gliwice,Spider-Man: Całkiem nowy dzień,Gliwice,14:30,3D,original,regular,1.0,https://tickets.cinema-city.pl/api/order/1660238?lang=pl,2026-09-03T12:41:02.380670
2026-09-03,gliwice,Pucio kocha zwierzaki,Gliwice,14:40,2D,,regular,1.0,https://tickets.cinema-city.pl/api/order/1660320?lang=pl,2026-09-03T12:41:02.380685
2026-09-03,gliwice,Psi patrol i dinozaury,Gliwice,14:40,2D,,regular,1.0,https://tickets.cinema-city.pl/api/order/1661310?lang=pl,2026-09-03T12:41:02.380697
2026-09-03,gliwice,Spider-Man: Całkiem nowy dzień,Gliwice,14:50,2D,original,regular,1.0,https://tickets.cinema-city.pl/api/order/1658656?lang=pl,2026-09-03T12:41:02.380710
2026-09-03,gliwice,Gwiazdozbiór psa,Gliwice,15:30,2D,original,regular,1.0,https://tickets.cinema-city.pl/api/order/1653866?lang=pl,2026-09-03T12:41:02.380722
2026-09-03,gliwice,Koniec ulicy Dębowej,Gliwice,15:30,2D,original,regular,1.0,https://tickets.cinema-city.pl/api/order/1660292?lang=pl,2026-09-03T12:41:02.380735
2026-09-03,gliwice,Księga pustyni,Gliwice,15:40,2D,,regular,1.0,https://tickets.cinema-city.pl/api/order/1661224?lang=pl,2026-09-03T12:41:02.380747
2026-09-03,gliwice,Minionki i straszydła,Gliwice,15:50,2D,,regular,1.0,https://tickets.cinema-city.pl/api/order/1657839?lang=pl,2026-09-03T12:41:02.380758
2026-09-03,gliwice,Terminator 2: Dzień sądu 35. Rocznica,Gliwice,16:00,2D,original,regular,1.0,https://tickets.cinema-city.pl/api/order/1653080?lang=pl,2026-09-03T12:41:02.380771
2026-09-03,gliwice,Odyseja,Gliwice,16:00,2D,original,regular,1.0,https://tickets.cinema-city.pl/api/order/1660671?lang=pl,2026-09-03T12:41:02.380783
2026-09-03,gliwice,Pucio kocha zwierzaki,Gliwice,16:10,2D,,regular,1.0,https://tickets.cinema-city.pl/api/order/1660314?lang=pl,2026-09-03T12:41:02.380795
2026-09-03,gliwice,Naznaczony: Wyjście z mrocznego wymiaru,Gliwice,16:20,2D,original,regular,1.0,https://tickets.cinema-city.pl/api/order/1655007?lang=pl,2026-09-03T12:41:02.380808
2026-09-03,gliwice,Spider-Man: Całkiem nowy dzień,Gliwice,16:50,2D,original,regular,1.0,https://tickets.cinema-city.pl/api/order/1660268?lang=pl,2026-09-03T12:41:02.380819
2026-09-03,gliwice,Psi patrol i dinozaury,Gliwice,16:50,2D,,regular,1.0,https://tickets.cinema-city.pl/api/order/1661312?lang=pl,2026-09-03T12:41:02.380830
2026-09-03,gliwice,Gwiazdozbiór psa,Gliwice,17:10,2D,original,regular,1.0,https://tickets.cinema-city.pl/api/order/1652170?lang=pl,2026-09-03T12:41:02.380842
2026-09-03,gliwice,Gorzkie święta,Gliwice,17:30,2D,original,regular,1.0,https://tickets.cinema-city.pl/api/order/1660350?lang=pl,2026-09-03T12:41:02.380853
2026-09-03,gliwice,Spider-Man: Całkiem nowy dzień,Gliwice,17:40,3D,original,regular,1.0,https://tickets.cinema-city.pl/api/order/1660232?lang=pl,2026-09-03T12:41:02.380864
2026-09-03,gliwice,Ostrze przeznaczenia,Gliwice,18:00,2D,original,regular,1.0,https://tickets.cinema-city.pl/api/order/1620882?lang=pl,2026-09-03T12:41:02.380878
2026-09-03,gliwice,Koniec ulicy Dębowej,Gliwice,18:00,2D,original,regular,1.0,https://tickets.cinema-city.pl/api/order/1653878?lang=pl,2026-09-03T12:41:02.380890
2026-09-03,gliwice,Sunny Dancer,Gliwice,18:00,2D,original,regular,1.0,https://tickets.cinema-city.pl/api/order/1657841?lang=pl,2026-09-03T12:41:02.380901
2026-09-03,gliwice,Spider-Man: Całkiem nowy dzień,Gliwice,18:00,2D,original,regular,1.0,https://tickets.cinema-city.pl/api/order/1658658?lang=pl,2026-09-03T12:41:02.380913
2026-09-03,gliwice,Harry Potter i Kamień Filozoficzny - 25. rocznica,Gliwice,18:00,2D,,regular,1.0,https://tickets.cinema-city.pl/api/order/1660296?lang=pl,2026-09-03T12:41:02.380926
2026-09-03,gliwice,Naznaczony: Wyjście z mrocznego wymiaru,Gliwice,18:50,2D,original,regular,1.0,https://tickets.cinema-city.pl/api/order/1661655?lang=pl,2026-09-03T12:41:02.380938
2026-09-03,gliwice,Terminator 2: Dzień sądu 35. Rocznica,Gliwice,19:00,2D,original,regular,1.0,https://tickets.cinema-city.pl/api/order/1653084?lang=pl,2026-09-03T12:41:02.380950
2026-09-03,gliwice,Naznaczony: Wyjście z mrocznego wymiaru,Gliwice,19:00,2D,original,regular,1.0,https://tickets.cinema-city.pl/api/order/1661316?lang=pl,2026-09-03T12:41:02.380962
2026-09-03,gliwice,Odyseja,Gliwice,19:30,2D,original,regular,1.0,https://tickets.cinema-city.pl/api/order/1660678?lang=pl,2026-09-03T12:41:02.380973
2026-09-03,gliwice,Gwiazdozbiór psa,Gliwice,19:50,2D,original,regular,1.0,https://tickets.cinema-city.pl/api/order/1652174?lang=pl,2026-09-03T12:41:02.380985
2026-09-03,gliwice,Gorzkie święta,Gliwice,19:50,2D,original,regular,1.0,https://tickets.cinema-city.pl/api/order/1660344?lang=pl,2026-09-03T12:41:02.380996
2026-09-03,gliwice,Spider-Man: Całkiem nowy dzień,Gliwice,20:00,2D,original,regular,1.0,https://tickets.cinema-city.pl/api/order/1660262?lang=pl,2026-09-03T12:41:02.381008
2026-09-03,gliwice,Buntownik,Gliwice,20:25,2D,original,regular,1.0,https://tickets.cinema-city.pl/api/order/1653869?lang=pl,2026-09-03T12:41:02.381019
2026-09-03,gliwice,Sunny Dancer,Gliwice,20:30,2D,original,regular,1.0,https://tickets.cinema-city.pl/api/order/1657843?lang=pl,2026-09-03T12:41:02.381030
2026-09-03,gliwice,Nie patrz w dół 2,Gliwice,20:45,2D,original,regular,1.0,https://tickets.cinema-city.pl/api/order/1661226?lang=pl,2026-09-03T12:41:02.381042
2026-09-03,gliwice,Gwiazdozbiór psa,Gliwice,20:50,2D,original,regular,1.0,https://tickets.cinema-city.pl/api/order/1660250?lang=pl,2026-09-03T12:41:02.381054
2026-09-03,gliwice,Spider-Man: Całkiem nowy dzień,Gliwice,21:10,2D,original,regular,1.0,https://tickets.cinema-city.pl/api/order/1658660?lang=pl,2026-09-03T12:41:02.381088
2026-09-03,gliwice,Naznaczony: Wyjście z mrocznego wymiaru,Gliwice,21:20,2D,original,regular,1.0,https://tickets.cinema-city.pl/api/order/1655009?lang=pl,2026-09-03T12:41:02.381103
2026-09-03,gliwice,Koniec ulicy Dębowej,Gliwice,21:20,2D,original,regular,1.0,https://tickets.cinema-city.pl/api/order/1660286?lang=pl,2026-09-03T12:41:02.381116
2026-09-03,gliwice,Bogaci i martwi,Gliwice,21:30,2D,original,regular,1.0,https://tickets.cinema-city.pl/api/order/1661314?lang=pl,2026-09-03T12:41:02.381128
2026-09-03,gliwice,Buntownik,Gliwice,22:00,2D,original,regular,1.0,https://tickets.cinema-city.pl/api/order/1653096?lang=pl,2026-09-03T12:41:02.381140
2026-09-03,gliwice,Spider-Man: Całkiem nowy dzień,Gliwice,22:15,2D,original,regular,1.0,https://tickets.cinema-city.pl/api/order/1660308?lang=pl,2026-09-03T12:41:02.381151
2026-09-03,gliwice,Gwiazdozbiór psa,Gliwice,22:30,2D,original,regular,1.0,https://tickets.cinema-city.pl/api/order/1652178?lang=pl,2026-09-03T12:41:02.381163
2026-09-03,gliwice,Naznaczony: Wyjście z mrocznego wymiaru,Gliwice,22:30,2D,original,regular,1.0,https://tickets.cinema-city.pl/api/order/1660641?lang=pl,2026-09-03T12:41:02.381176
2026-09-03,katowice,Gwiazdozbiór psa,Katowice - Punkt 44,14:30,2D,original,regular,1.0,https://tickets.cinema-city.pl/api/order/1650572?lang=pl,2026-09-03T12:41:04.302281
2026-09-03,katowice,Odyseja,Katowice - Punkt 44,14:30,2D,original,regular,1.0,https://tickets.cinema-city.pl/api/order/1656903?lang=pl,2026-09-03T12:41:04.302307
2026-09-03,katowice,Psi patrol i dinozaury,Katowice - Punkt 44,14:30,2D,,regular,1.0,https://tickets.cinema-city.pl/api/order/1657526?lang=pl,2026-09-03T12:41:04.302318
2026-09-03,katowice,Pucio kocha zwierzaki,Katowice - Punkt 44,14:40,2D,,regular,1.0,https://tickets.cinema-city.pl/api/order/1656550?lang=pl,2026-09-03T12:41:04.302328
2026-09-03,katowice,Sunny Dancer,Katowice - Punkt 44,14:50,2D,original,regular,1.0,https://tickets.cinema-city.pl/api/order/1660525?lang=pl,2026-09-03T12:41:04.302339
2026-09-03,katowice,Księga pustyni,Katowice - Punkt 44,15:10,2D,,regular,1.0,https://tickets.cinema-city.pl/api/order/1659404?lang=pl,2026-09-03T12:41:04.302349
2026-09-03,katowice,Odyseja,Katowice - Punkt 44,15:10,IMAX,original,regular,1.0,https://tickets.cinema-city.pl/api/order/1661021?lang=pl,2026-09-03T12:41:04.302356
2026-09-03,katowice,Spider-Man: Całkiem nowy dzień,Katowice - Punkt 44,15:20,2D,original,regular,1.0,https://tickets.cinema-city.pl/api/order/1657282?lang=pl,2026-09-03T12:41:04.302367
2026-09-03,katowice,Terminator 2: Dzień sądu 35. Rocznica,Katowice - Punkt 44,15:30,2D,original,regular,1.0,https://tickets.cinema-city.pl/api/order/1659797?lang=pl,2026-09-03T12:41:04.302378
2026-09-03,katowice,Tylko jedna noc,Katowice - Punkt 44,15:50,2D,original,regular,1.0,https://tickets.cinema-city.pl/api/order/1660085?lang=pl,2026-09-03T12:41:04.302387
2026-09-03,katowice,Buntownik,Katowice - Punkt 44,16:00,2D,original,regular,1.0,https://tickets.cinema-city.pl/api/order/1657193?lang=pl,2026-09-03T12:41:04.302398
2026-09-03,katowice,Gorzkie święta,Katowice - Punkt 44,16:00,2D,original,regular,1.0,https://tickets.cinema-city.pl/api/order/1660771?lang=pl,2026-09-03T12:41:04.302407
2026-09-03,katowice,Pucio kocha zwierzaki,Katowice - Punkt 44,16:10,2D,,regular,1.0,https://tickets.cinema-city.pl/api/order/1656553?lang=pl,2026-09-03T12:41:04.302417
2026-09-03,katowice,Naznaczony: Wyjście z mrocznego wymiaru,Katowice - Punkt 44,16:10,2D,original,regular,1.0,https://tickets.cinema-city.pl/api/order/1657979?lang=pl,2026-09-03T12:41:04.302428
2026-09-03,katowice,Spider-Man: Całkiem nowy dzień,Katowice - Punkt 44,16:30,2D,original,regular,1.0,https://tickets.cinema-city.pl/api/order/1660688?lang=pl,2026-09-03T12:41:04.302438
2026-09-03,katowice,Harry Potter i Kamień Filozoficzny - 25. rocznica,Katowice - Punkt 44,16:40,2D,,regular,1.0,https://tickets.cinema-city.pl/api/order/1657508?lang=pl,2026-09-03T12:41:04.302449
2026-09-03,katowice,Gwiazdozbiór psa,Katowice - Punkt 44,17:10,2D,original,regular,1.0,https://tickets.cinema-city.pl/api/order/1650576?lang=pl,2026-09-03T12:41:04.302459
2026-09-03,katowice,Koniec ulicy Dębowej,Katowice - Punkt 44,17:20,2D,original,regular,1.0,https://tickets.cinema-city.pl/api/order/1659704?lang=pl,2026-09-03T12:41:04.302470
2026-09-03,katowice,Sunny Dancer,Katowice - Punkt 44,17:20,2D,original,regular,1.0,https://tickets.cinema-city.pl/api/order/1660547?lang=pl,2026-09-03T12:41:04.302480
2026-09-03,katowice,Spider-Man: Całkiem nowy dzień,Katowice - Punkt 44,17:40,3D,original,regular,1.0,https://tickets.cinema-city.pl/api/order/1656541?lang=pl,2026-09-03T12:41:04.302489
2026-09-03,katowice,Gwiazdozbiór psa,Katowice - Punkt 44,18:00,2D,original,regular,1.0,https://tickets.cinema-city.pl/api/order/1656908?lang=pl,2026-09-03T12:41:04.302498
2026-09-03,katowice,Arek.Mama.Panorama,Katowice - Punkt 44,18:10,2D,original,regular,1.0,https://tickets.cinema-city.pl/api/order/1660086?lang=pl,2026-09-03T12:41:04.302507
2026-09-03,katowice,Buntownik,Katowice - Punkt 44,18:15,2D,original,regular,1.0,https://tickets.cinema-city.pl/api/order/1657199?lang=pl,2026-09-03T12:41:04.302517
2026-09-03,katowice,Spider-Man: Całkiem nowy dzień,Katowice - Punkt 44,18:30,2D,original,regular,1.0,https://tickets.cinema-city.pl/api/order/1657288?lang=pl,2026-09-03T12:41:04.302526
2026-09-03,katowice,Terminator 2: Dzień sądu 35. Rocznica,Katowice - Punkt 44,18:30,2D,original,regular,1.0,https://tickets.cinema-city.pl/api/order/1659799?lang=pl,2026-09-03T12:41:04.302536
2026-09-03,katowice,Gorzkie święta,Katowice - Punkt 44,18:30,2D,original,regular,1.0,https://tickets.cinema-city.pl/api/order/1660777?lang=pl,2026-09-03T12:41:04.302545
2026-09-03,katowice,Gwiazdozbiór psa,Katowice - Punkt 44,18:40,IMAX,original,regular,1.0,https://tickets.cinema-city.pl/api/order/1661018?lang=pl,2026-09-03T12:41:04.302551
2026-09-03,katowice,Naznaczony: Wyjście z mrocznego wymiaru,Katowice - Punkt 44,18:50,2D,original,regular,1.0,https://tickets.cinema-city.pl/api/order/1657983?lang=pl,2026-09-03T12:41:04.302561
2026-09-03,katowice,Spider-Man: Całkiem nowy dzień,Katowice - Punkt 44,19:40,2D,original,regular,1.0,https://tickets.cinema-city.pl/api/order/1660694?lang=pl,2026-09-03T12:41:04.302571
2026-09-03,katowice,Gwiazdozbiór psa,Katowice - Punkt 44,19:50,2D,original,regular,1.0,https://tickets.cinema-city.pl/api/order/1650580?lang=pl,2026-09-03T12:41:04.302581
2026-09-03,katowice,Nie patrz w dół 2,Katowice - Punkt 44,19:50,2D,original,regular,1.0,https://tickets.cinema-city.pl/api/order/1659709?lang=pl,2026-09-03T12:41:04.302590
2026-09-03,katowice,Sunny Dancer,Katowice - Punkt 44,19:50,2D,original,regular,1.0,https://tickets.cinema-city.pl/api/order/1660413?lang=pl,2026-09-03T12:41:04.302600
2026-09-03,katowice,Odyseja,Katowice - Punkt 44,20:00,2D,original,regular,1.0,https://tickets.cinema-city.pl/api/order/1657532?lang=pl,2026-09-03T12:41:04.302609
2026-09-03,katowice,Tylko jedna noc,Katowice - Punkt 44,20:00,2D,original,regular,1.0,https://tickets.cinema-city.pl/api/order/1660087?lang=pl,2026-09-03T12:41:04.302618
2026-09-03,katowice,Buntownik,Katowice - Punkt 44,20:30,2D,original,regular,1.0,https://tickets.cinema-city.pl/api/order/1657205?lang=pl,2026-09-03T12:41:04.302628
2026-09-03,katowice,Gwiazdozbiór psa,Katowice - Punkt 44,20:40,2D,original,regular,1.0,https://tickets.cinema-city.pl/api/order/1656913?lang=pl,2026-09-03T12:41:04.302637
2026-09-03,katowice,Dzień objawienia,Katowice - Punkt 44,20:50,2D,original,regular,1.0,https://tickets.cinema-city.pl/api/order/1656556?lang=pl,2026-09-03T12:41:04.302647
2026-09-03,katowice,Gorzkie święta,Katowice - Punkt 44,21:00,2D,original,regular,1.0,https://tickets.cinema-city.pl/api/order/1660783?lang=pl,2026-09-03T12:41:04.302656
2026-09-03,katowice,Gwiazdozbiór psa,Katowice - Punkt 44,21:20,IMAX,original,regular,1.0,https://tickets.cinema-city.pl/api/order/1661020?lang=pl,2026-09-03T12:41:04.302663
2026-09-03,katowice,Naznaczony: Wyjście z mrocznego wymiaru,Katowice - Punkt 44,21:30,2D,original,regular,1.0,https://tickets.cinema-city.pl/api/order/1657986?lang=pl,2026-09-03T12:41:04.302672
2026-09-03,katowice,Terminator 2: Dzień sądu 35. Rocznica,Katowice - Punkt 44,21:30,2D,original,regular,1.0,https://tickets.cinema-city.pl/api/order/1659803?lang=pl,2026-09-03T12:41:04.302682
2026-09-03,katowice,Spider-Man: Całkiem nowy dzień,Katowice - Punkt 44,21:40,2D,original,regular,1.0,https://tickets.cinema-city.pl/api/order/1657294?lang=pl,2026-09-03T12:41:04.302691
2026-09-03,katowice,Koniec ulicy Dębowej,Katowice - Punkt 44,22:00,2D,original,regular,1.0,https://tickets.cinema-city.pl/api/order/1659408?lang=pl,2026-09-03T12:41:04.302701
2026-09-03,katowice,Naznaczony: Wyjście z mrocznego wymiaru,Katowice - Silesia,14:30,2D,original,regular,1.0,https://tickets.cinema-city.pl/api/order/1657313?lang=pl,2026-09-03T12:41:06.035318
2026-09-03,katowice,Minionki i straszydła,Katowice - Silesia,14:30,2D,,regular,1.0,https://tickets.cinema-city.pl/api/order/1659232?lang=pl,2026-09-03T12:41:06.035343
2026-09-03,katowice,Psi patrol i dinozaury,Katowice - Silesia,14:50,2D,,regular,1.0,https://tickets.cinema-city.pl/api/order/1657587?lang=pl,2026-09-03T12:41:06.035355
2026-09-03,katowice,Toy Story 5,Katowice - Silesia,15:00,2D,original,regular,1.0,https://tickets.cinema-city.pl/api/order/1656928?lang=pl,2026-09-03T12:41:06.035368
2026-09-03,katowice,Spider-Man: Całkiem nowy dzień,Katowice - Silesia,15:00,3D,original,regular,1.0,https://tickets.cinema-city.pl/api/order/1658639?lang=pl,2026-09-03T12:41:06.035379
2026-09-03,katowice,Pucio kocha zwierzaki,Katowice - Silesia,15:10,2D,,regular,1.0,https://tickets.cinema-city.pl/api/order/1659044?lang=pl,2026-09-03T12:41:06.035390
2026-09-03,katowice,Buntownik,Katowice - Silesia,15:20,2D,original,regular,1.0,https://tickets.cinema-city.pl/api/order/1655601?lang=pl,2026-09-03T12:41:06.035401
2026-09-03,katowice,Gorzkie święta,Katowice - Silesia,15:20,2D,original,regular,1.0,https://tickets.cinema-city.pl/api/order/1658182?lang=pl,2026-09-03T12:41:06.035411
2026-09-03,katowice,Spider-Man: Całkiem nowy dzień,Katowice - Silesia,15:50,2D,original,regular,1.0,https://tickets.cinema-city.pl/api/order/1655807?lang=pl,2026-09-03T12:41:06.035421
2026-09-03,katowice,Gwiazdozbiór psa,Katowice - Silesia,16:20,2D,original,regular,1.0,https://tickets.cinema-city.pl/api/order/1656719?lang=pl,2026-09-03T12:41:06.035432
2026-09-03,katowice,Tylko jedna noc,Katowice - Silesia,16:30,2D,original,regular,1.0,https://tickets.cinema-city.pl/api/order/1659056?lang=pl,2026-09-03T12:41:06.035441
2026-09-03,katowice,Odzyskany,Katowice - Silesia,16:40,2D,original,regular,1.0,https://tickets.cinema-city.pl/api/order/1659238?lang=pl,2026-09-03T12:41:06.035451
2026-09-03,katowice,Terminator 2: Dzień sądu 35. Rocznica,Katowice - Silesia,17:00,2D,original,regular,1.0,https://tickets.cinema-city.pl/api/order/1656291?lang=pl,2026-09-03T12:41:06.035463
2026-09-03,katowice,Naznaczony: Wyjście z mrocznego wymiaru,Katowice - Silesia,17:00,2D,original,regular,1.0,https://tickets.cinema-city.pl/api/order/1657319?lang=pl,2026-09-03T12:41:06.035474
2026-09-03,katowice,Psi patrol i dinozaury,Katowice - Silesia,17:10,2D,,regular,1.0,https://tickets.cinema-city.pl/api/order/1657592?lang=pl,2026-09-03T12:41:06.035484
2026-09-03,katowice,Spider-Man: Całkiem nowy dzień,Katowice - Silesia,17:20,2D,original,regular,1.0,https://tickets.cinema-city.pl/api/order/1656936?lang=pl,2026-09-03T12:41:06.035494
2026-09-03,katowice,Harry Potter i Kamień Filozoficzny - 25. rocznica,Katowice - Silesia,17:30,2D,,regular,1.0,https://tickets.cinema-city.pl/api/order/1657152?lang=pl,2026-09-03T12:41:06.035505
2026-09-03,katowice,Nie patrz w dół 2,Katowice - Silesia,17:40,2D,original,regular,1.0,https://tickets.cinema-city.pl/api/order/1655603?lang=pl,2026-09-03T12:41:06.035516
2026-09-03,katowice,Ostrze przeznaczenia,Katowice - Silesia,18:00,2D,original,regular,1.0,https://tickets.cinema-city.pl/api/order/1620881?lang=pl,2026-09-03T12:41:06.035528
2026-09-03,katowice,Odyseja,Katowice - Silesia,18:00,2D,original,regular,1.0,https://tickets.cinema-city.pl/api/order/1655240?lang=pl,2026-09-03T12:41:06.035538
2026-09-03,katowice,Gwiazdozbiór psa,Katowice - Silesia,18:10,2D,original,regular,1.0,https://tickets.cinema-city.pl/api/order/1658646?lang=pl,2026-09-03T12:41:06.035548
2026-09-03,katowice,Sunny Dancer,Katowice - Silesia,18:50,2D,original,regular,1.0,https://tickets.cinema-city.pl/api/order/1659244?lang=pl,2026-09-03T12:41:06.035558
2026-09-03,katowice,Spider-Man: Całkiem nowy dzień,Katowice - Silesia,19:00,2D,original,regular,1.0,https://tickets.cinema-city.pl/api/order/1655813?lang=pl,2026-09-03T12:41:06.035568
2026-09-03,katowice,Gwiazdozbiór psa,Katowice - Silesia,19:00,2D,original,regular,1.0,https://tickets.cinema-city.pl/api/order/1656723?lang=pl,2026-09-03T12:41:06.035579
2026-09-03,katowice,Bogaci i martwi,Katowice - Silesia,19:00,2D,original,regular,1.0,https://tickets.cinema-city.pl/api/order/1659050?lang=pl,2026-09-03T12:41:06.035590
2026-09-03,katowice,Buntownik,Katowice - Silesia,19:20,2D,original,regular,1.0,https://tickets.cinema-city.pl/api/order/1657597?lang=pl,2026-09-03T12:41:06.035600
2026-09-03,katowice,Naznaczony: Wyjście z mrocznego wymiaru,Katowice - Silesia,19:30,2D,original,regular,1.0,https://tickets.cinema-city.pl/api/order/1657325?lang=pl,2026-09-03T12:41:06.035610
2026-09-03,katowice,Spider-Man: Całkiem nowy dzień,Katowice - Silesia,20:00,2D,original,regular,1.0,https://tickets.cinema-city.pl/api/order/1655605?lang=pl,2026-09-03T12:41:06.035620
2026-09-03,katowice,Terminator 2: Dzień sądu 35. Rocznica,Katowice - Silesia,20:00,2D,original,regular,1.0,https://tickets.cinema-city.pl/api/order/1656295?lang=pl,2026-09-03T12:41:06.035631
2026-09-03,katowice,Spider-Man: Całkiem nowy dzień,Katowice - Silesia,20:30,2D,original,regular,1.0,https://tickets.cinema-city.pl/api/order/1656938?lang=pl,2026-09-03T12:41:06.035641
2026-09-03,katowice,Gorzkie święta,Katowice - Silesia,20:40,2D,original,regular,1.0,https://tickets.cinema-city.pl/api/order/1658411?lang=pl,2026-09-03T12:41:06.035651
2026-09-03,katowice,Spider-Man: Całkiem nowy dzień,Katowice - Silesia,20:50,2D,original,regular,1.0,https://tickets.cinema-city.pl/api/order/1657170?lang=pl,2026-09-03T12:41:06.035661
2026-09-03,katowice,Gwiazdozbiór psa,Katowice - Silesia,20:50,2D,original,regular,1.0,https://tickets.cinema-city.pl/api/order/1658652?lang=pl,2026-09-03T12:41:06.035670
2026-09-03,katowice,Sunny Dancer,Katowice - Silesia,21:20,2D,original,regular,1.0,https://tickets.cinema-city.pl/api/order/1659250?lang=pl,2026-09-03T12:41:06.035680
2026-09-03,katowice,Wrong Girls,Katowice - Silesia,21:30,2D,original,regular,1.0,https://tickets.cinema-city.pl/api/order/1659062?lang=pl,2026-09-03T12:41:06.035690
2026-09-03,katowice,Odyseja,Katowice - Silesia,21:40,2D,original,regular,1.0,https://tickets.cinema-city.pl/api/order/1655246?lang=pl,2026-09-03T12:41:06.035700
2026-09-03,katowice,Gwiazdozbiór psa,Katowice - Silesia,21:40,2D,original,regular,1.0,https://tickets.cinema-city.pl/api/order/1656727?lang=pl,2026-09-03T12:41:06.035710
2026-09-03,katowice,Buntownik,Katowice - Silesia,21:40,2D,original,regular,1.0,https://tickets.cinema-city.pl/api/order/1657602?lang=pl,2026-09-03T12:41:06.035720
2026-09-03,katowice,Naznaczony: Wyjście z mrocznego wymiaru,Katowice - Silesia,22:00,2D,original,regular,1.0,https://tickets.cinema-city.pl/api/order/1657331?lang=pl,2026-09-03T12:41:06.035730
2026-09-03,katowice,Straszny film,Katowice - Silesia,22:10,2D,original,regular,1.0,https://tickets.cinema-city.pl/api/order/1655819?lang=pl,2026-09-03T12:41:06.035741
2026-09-03,kraków,Odyseja,Kraków - Bonarka,14:40,2D,original,regular,1.0,https://tickets.cinema-city.pl/api/order/1651429?lang=pl,2026-09-03T12:41:07.839112
2026-09-03,kraków,Spider-Man: Całkiem nowy dzień,Kraków - Bonarka,14:50,3D,original,regular,1.0,https://tickets.cinema-city.pl/api/order/1660875?lang=pl,2026-09-03T12:41:07.839144
2026-09-03,kraków,Pucio kocha zwierzaki,Kraków - Bonarka,15:00,2D,,regular,1.0,https://tickets.cinema-city.pl/api/order/1655981?lang=pl,2026-09-03T12:41:07.839157
2026-09-03,kraków,Wszyscy moi wrogowie,Kraków - Bonarka,15:00,2D,original,regular,1.0,https://tickets.cinema-city.pl/api/order/1660746?lang=pl,2026-09-03T12:41:07.839168
2026-09-03,kraków,Koniec ulicy Dębowej,Kraków - Bonarka,15:10,2D,original,regular,1.0,https://tickets.cinema-city.pl/api/order/1650091?lang=pl,2026-09-03T12:41:07.839180
2026-09-03,kraków,Gwiazdozbiór psa,Kraków - Bonarka,15:20,2D,original,regular,1.0,https://tickets.cinema-city.pl/api/order/1653616?lang=pl,2026-09-03T12:41:07.839196
2026-09-03,kraków,Terminator 2: Dzień sądu 35. Rocznica,Kraków - Bonarka,15:30,2D,original,regular,1.0,https://tickets.cinema-city.pl/api/order/1649821?lang=pl,2026-09-03T12:41:07.839207
2026-09-03,kraków,Księga pustyni,Kraków - Bonarka,15:40,2D,,regular,1.0,https://tickets.cinema-city.pl/api/order/1660383?lang=pl,2026-09-03T12:41:07.839219
2026-09-03,kraków,Naznaczony: Wyjście z mrocznego wymiaru,Kraków - Bonarka,15:50,2D,original,regular,1.0,https://tickets.cinema-city.pl/api/order/1656961?lang=pl,2026-09-03T12:41:07.839231
2026-09-03,kraków,Spider-Man: Całkiem nowy dzień,Kraków - Bonarka,15:50,2D,original,regular,1.0,https://tickets.cinema-city.pl/api/order/1660135?lang=pl,2026-09-03T12:41:07.839242
2026-09-03,kraków,Minionki i straszydła,Kraków - Bonarka,16:10,2D,,regular,1.0,https://tickets.cinema-city.pl/api/order/1655081?lang=pl,2026-09-03T12:41:07.839252
2026-09-03,kraków,Buntownik,Kraków - Bonarka,16:20,2D,original,regular,1.0,https://tickets.cinema-city.pl/api/order/1650441?lang=pl,2026-09-03T12:41:07.839262
2026-09-03,kraków,Gwiazdozbiór psa,Kraków - Bonarka,16:20,2D,original,regular,1.0,https://tickets.cinema-city.pl/api/order/1656744?lang=pl,2026-09-03T12:41:07.839272
2026-09-03,kraków,Harry Potter i Kamień Filozoficzny - 25. rocznica,Kraków - Bonarka,16:30,2D,,regular,1.0,https://tickets.cinema-city.pl/api/order/1652477?lang=pl,2026-09-03T12:41:07.839284
2026-09-03,kraków,Pucio kocha zwierzaki,Kraków - Bonarka,16:30,2D,,regular,1.0,https://tickets.cinema-city.pl/api/order/1655987?lang=pl,2026-09-03T12:41:07.839293
2026-09-03,kraków,Psi patrol i dinozaury,Kraków - Bonarka,16:30,2D,,regular,1.0,https://tickets.cinema-city.pl/api/order/1659676?lang=pl,2026-09-03T12:41:07.839303
2026-09-03,kraków,Gwiazdozbiór psa,Kraków - Bonarka,16:40,2D,original,regular,1.0,https://tickets.cinema-city.pl/api/order/1653434?lang=pl,2026-09-03T12:41:07.839313
2026-09-03,kraków,Terminator 2: Dzień sądu 35. Rocznica,Kraków - Bonarka,16:50,4DX,original,regular,1.0,https://tickets.cinema-city.pl/api/order/1650289?lang=pl,2026-09-03T12:41:07.839321
2026-09-03,kraków,Wrong Girls,Kraków - Bonarka,16:50,2D,original,regular,1.0,https://tickets.cinema-city.pl/api/order/1659904?lang=pl,2026-09-03T12:41:07.839332
2026-09-03,kraków,Spider-Man: Całkiem nowy dzień,Kraków - Bonarka,17:00,2D,original,regular,1.0,https://tickets.cinema-city.pl/api/order/1658785?lang=pl,2026-09-03T12:41:07.839342
2026-09-03,kraków,Harry Potter i Kamień Filozoficzny - 25. rocznica,Kraków - Bonarka,17:30,2D,,regular,1.0,https://tickets.cinema-city.pl/api/order/1657744?lang=pl,2026-09-03T12:41:07.839353
2026-09-03,kraków,Koniec ulicy Dębowej,Kraków - Bonarka,17:50,2D,original,regular,1.0,https://tickets.cinema-city.pl/api/order/1650096?lang=pl,2026-09-03T12:41:07.839364
2026-09-03,kraków,Odyseja,Kraków - Bonarka,17:50,2D,original,regular,1.0,https://tickets.cinema-city.pl/api/order/1660425?lang=pl,2026-09-03T12:41:07.839374
2026-09-03,kraków,Ostrze przeznaczenia,Kraków - Bonarka,18:00,2D,original,regular,1.0,https://tickets.cinema-city.pl/api/order/1620864?lang=pl,2026-09-03T12:41:07.839385
2026-09-03,kraków,Spider-Man: Całkiem nowy dzień,Kraków - Bonarka,18:00,2D,original,regular,1.0,https://tickets.cinema-city.pl/api/order/1654888?lang=pl,2026-09-03T12:41:07.839396
2026-09-03,kraków,Gorzkie święta,Kraków - Bonarka,18:00,2D,original,regular,1.0,https://tickets.cinema-city.pl/api/order/1660894?lang=pl,2026-09-03T12:41:07.839406
2026-09-03,kraków,Tylko jedna noc,Kraków - Bonarka,18:10,2D,original,regular,1.0,https://tickets.cinema-city.pl/api/order/1656569?lang=pl,2026-09-03T12:41:07.839415
2026-09-03,kraków,Odyseja,Kraków - Bonarka,18:20,2D,original,regular,1.0,https://tickets.cinema-city.pl/api/order/1651435?lang=pl,2026-09-03T12:41:07.839426
2026-09-03,kraków,Nie patrz w dół 2,Kraków - Bonarka,18:20,2D,original,regular,1.0,https://tickets.cinema-city.pl/api/order/1655290?lang=pl,2026-09-03T12:41:07.839436
2026-09-03,kraków,Naznaczony: Wyjście z mrocznego wymiaru,Kraków - Bonarka,18:20,2D,original,regular,1.0,https://tickets.cinema-city.pl/api/order/1656966?lang=pl,2026-09-03T12:41:07.839447
2026-09-03,kraków,Terminator 2: Dzień sądu 35. Rocznica,Kraków - Bonarka,18:30,2D,original,regular,1.0,https://tickets.cinema-city.pl/api/order/1649824?lang=pl,2026-09-03T12:41:07.839457
2026-09-03,kraków,Buntownik,Kraków - Bonarka,18:40,2D,original,regular,1.0,https://tickets.cinema-city.pl/api/order/1650447?lang=pl,2026-09-03T12:41:07.839467
2026-09-03,kraków,Sunny Dancer,Kraków - Bonarka,18:40,2D,original,regular,1.0,https://tickets.cinema-city.pl/api/order/1659677?lang=pl,2026-09-03T12:41:07.839477
2026-09-03,kraków,Spider-Man: Całkiem nowy dzień,Kraków - Bonarka,18:45,2D,original,regular,1.0,https://tickets.cinema-city.pl/api/order/1660141?lang=pl,2026-09-03T12:41:07.839487
2026-09-03,kraków,Gwiazdozbiór psa,Kraków - Bonarka,19:00,2D,original,regular,1.0,https://tickets.cinema-city.pl/api/order/1656748?lang=pl,2026-09-03T12:41:07.839497
2026-09-03,kraków,Spider-Man: Całkiem nowy dzień ukraiński dubbing,Kraków - Bonarka,19:10,2D,dubbing,regular,1.0,https://tickets.cinema-city.pl/api/order/1659910?lang=pl,2026-09-03T12:41:07.839507
2026-09-03,kraków,Gwiazdozbiór psa,Kraków - Bonarka,19:20,2D,original,regular,1.0,https://tickets.cinema-city.pl/api/order/1653442?lang=pl,2026-09-03T12:41:07.839517
2026-09-03,kraków,Gwiazdozbiór psa,Kraków - Bonarka,19:50,4DX,original,regular,1.0,https://tickets.cinema-city.pl/api/order/1650297?lang=pl,2026-09-03T12:41:07.839525
2026-09-03,kraków,Terminator 2: Dzień sądu 35. Rocznica,Kraków - Bonarka,20:00,2D,original,regular,1.0,https://tickets.cinema-city.pl/api/order/1652478?lang=pl,2026-09-03T12:41:07.839536
2026-09-03,kraków,Spider-Man: Całkiem nowy dzień,Kraków - Bonarka,20:00,2D,original,regular,1.0,https://tickets.cinema-city.pl/api/order/1658787?lang=pl,2026-09-03T12:41:07.839546
2026-09-03,kraków,Gwiazdozbiór psa,Kraków - Bonarka,20:20,2D,original,regular,1.0,https://tickets.cinema-city.pl/api/order/1650101?lang=pl,2026-09-03T12:41:07.839556
2026-09-03,kraków,Gwiazdozbiór psa ukraiński dubbing,Kraków - Bonarka,20:30,2D,dubbing,regular,1.0,https://tickets.cinema-city.pl/api/order/1655062?lang=pl,2026-09-03T12:41:07.839566
2026-09-03,kraków,Gorzkie święta,Kraków - Bonarka,20:30,2D,original,regular,1.0,https://tickets.cinema-city.pl/api/order/1660900?lang=pl,2026-09-03T12:41:07.839575
2026-09-03,kraków,Zaproszenie,Kraków - Bonarka,20:40,2D,original,regular,1.0,https://tickets.cinema-city.pl/api/order/1656557?lang=pl,2026-09-03T12:41:07.839585
2026-09-03,kraków,Naznaczony: Wyjście z mrocznego wymiaru,Kraków - Bonarka,20:50,2D,original,regular,1.0,https://tickets.cinema-city.pl/api/order/1656971?lang=pl,2026-09-03T12:41:07.839595
2026-09-03,kraków,Odyseja,Kraków - Bonarka,20:50,2D,original,regular,1.0,https://tickets.cinema-city.pl/api/order/1657753?lang=pl,2026-09-03T12:41:07.839606
2026-09-03,kraków,Bogaci i martwi,Kraków - Bonarka,20:50,2D,original,regular,1.0,https://tickets.cinema-city.pl/api/order/1660747?lang=pl,2026-09-03T12:41:07.839616
2026-09-03,kraków,Buntownik,Kraków - Bonarka,21:00,2D,original,regular,1.0,https://tickets.cinema-city.pl/api/order/1650453?lang=pl,2026-09-03T12:41:07.839626
2026-09-03,kraków,Spider-Man: Całkiem nowy dzień,Kraków - Bonarka,21:10,2D,original,regular,1.0,https://tickets.cinema-city.pl/api/order/1654890?lang=pl,2026-09-03T12:41:07.839636
2026-09-03,kraków,Sunny Dancer,Kraków - Bonarka,21:10,2D,original,regular,1.0,https://tickets.cinema-city.pl/api/order/1659678?lang=pl,2026-09-03T12:41:07.839647
2026-09-03,kraków,Odyseja,Kraków - Bonarka,21:20,2D,original,regular,1.0,https://tickets.cinema-city.pl/api/order/1660427?lang=pl,2026-09-03T12:41:07.839656
2026-09-03,kraków,Terminator 2: Dzień sądu 35. Rocznica,Kraków - Bonarka,21:30,2D,original,regular,1.0,https://tickets.cinema-city.pl/api/order/1649833?lang=pl,2026-09-03T12:41:07.839666
2026-09-03,kraków,Gwiazdozbiór psa,Kraków - Bonarka,21:40,2D,original,regular,1.0,https://tickets.cinema-city.pl/api/order/1656752?lang=pl,2026-09-03T12:41:07.839675
2026-09-03,kraków,Spider-Man: Całkiem nowy dzień,Kraków - Bonarka,21:40,2D,original,regular,1.0,https://tickets.cinema-city.pl/api/order/1660147?lang=pl,2026-09-03T12:41:07.839685
2026-09-03,kraków,Spider-Man: Całkiem nowy dzień,Kraków - Bonarka,21:50,2D,original,regular,1.0,https://tickets.cinema-city.pl/api/order/1651552?lang=pl,2026-09-03T12:41:07.839695
2026-09-03,kraków,Gwiazdozbiór psa,Kraków - Bonarka,22:00,2D,original,regular,1.0,https://tickets.cinema-city.pl/api/order/1653448?lang=pl,2026-09-03T12:41:07.839705
2026-09-03,kraków,Naznaczony: Wyjście z mrocznego wymiaru,Kraków - Bonarka,22:20,4DX,original,regular,1.0,https://tickets.cinema-city.pl/api/order/1650301?lang=pl,2026-09-03T12:41:07.839713
2026-09-03,kraków,Backrooms. Bez wyjścia,Kraków - Bonarka,22:20,2D,original,regular,1.0,https://tickets.cinema-city.pl/api/order/1659916?lang=pl,2026-09-03T12:41:07.839723
2026-09-03,kraków,Gwiazdozbiór psa,Kraków - Galeria Kazimierz,14:30,2D,original,regular,1.0,https://tickets.cinema-city.pl/api/order/1654783?lang=pl,2026-09-03T12:41:09.643983
2026-09-03,kraków,Spider-Man: Całkiem nowy dzień,Kraków - Galeria Kazimierz,14:50,2D,original,regular,1.0,https://tickets.cinema-city.pl/api/order/1657388?lang=pl,2026-09-03T12:41:09.644009
2026-09-03,kraków,Pucio kocha zwierzaki,Kraków - Galeria Kazimierz,15:00,2D,,regular,1.0,https://tickets.cinema-city.pl/api/order/1658744?lang=pl,2026-09-03T12:41:09.644022
2026-09-03,kraków,Naznaczony: Wyjście z mrocznego wymiaru,Kraków - Galeria Kazimierz,15:30,2D,original,regular,1.0,https://tickets.cinema-city.pl/api/order/1652891?lang=pl,2026-09-03T12:41:09.644034
2026-09-03,kraków,Spider-Man: Całkiem nowy dzień,Kraków - Galeria Kazimierz,15:50,2D,original,regular,1.0,https://tickets.cinema-city.pl/api/order/1652405?lang=pl,2026-09-03T12:41:09.644045
2026-09-03,kraków,Koniec ulicy Dębowej,Kraków - Galeria Kazimierz,16:00,2D,original,regular,1.0,https://tickets.cinema-city.pl/api/order/1651781?lang=pl,2026-09-03T12:41:09.644057
2026-09-03,kraków,Buntownik,Kraków - Galeria Kazimierz,16:00,2D,original,regular,1.0,https://tickets.cinema-city.pl/api/order/1659342?lang=pl,2026-09-03T12:41:09.644089
2026-09-03,kraków,Wrong Girls,Kraków - Galeria Kazimierz,16:15,2D,original,regular,1.0,https://tickets.cinema-city.pl/api/order/1654422?lang=pl,2026-09-03T12:41:09.644101
2026-09-03,kraków,Tylko jedna noc,Kraków - Galeria Kazimierz,16:30,2D,original,regular,1.0,https://tickets.cinema-city.pl/api/order/1658226?lang=pl,2026-09-03T12:41:09.644111
2026-09-03,kraków,Harry Potter i Kamień Filozoficzny - 25. rocznica,Kraków - Galeria Kazimierz,16:30,2D,,regular,1.0,https://tickets.cinema-city.pl/api/order/1658720?lang=pl,2026-09-03T12:41:09.644123
2026-09-03,kraków,Gwiazdozbiór psa,Kraków - Galeria Kazimierz,17:10,2D,original,regular,1.0,https://tickets.cinema-city.pl/api/order/1654787?lang=pl,2026-09-03T12:41:09.644133
2026-09-03,kraków,Gorzkie święta,Kraków - Galeria Kazimierz,17:40,2D,original,regular,1.0,https://tickets.cinema-city.pl/api/order/1659129?lang=pl,2026-09-03T12:41:09.644142
2026-09-03,kraków,Naznaczony: Wyjście z mrocznego wymiaru,Kraków - Galeria Kazimierz,18:00,2D,original,regular,1.0,https://tickets.cinema-city.pl/api/order/1652983?lang=pl,2026-09-03T12:41:09.644152
2026-09-03,kraków,Spider-Man: Całkiem nowy dzień,Kraków - Galeria Kazimierz,18:00,2D,original,regular,1.0,https://tickets.cinema-city.pl/api/order/1657394?lang=pl,2026-09-03T12:41:09.644162
2026-09-03,kraków,Sunny Dancer,Kraków - Galeria Kazimierz,18:15,2D,original,regular,1.0,https://tickets.cinema-city.pl/api/order/1659348?lang=pl,2026-09-03T12:41:09.644175
2026-09-03,kraków,Gwiazdozbiór psa ukraiński dubbing,Kraków - Galeria Kazimierz,18:30,2D,dubbing,regular,1.0,https://tickets.cinema-city.pl/api/order/1651763?lang=pl,2026-09-03T12:41:09.644184
2026-09-03,kraków,Nie patrz w dół 2,Kraków - Galeria Kazimierz,18:40,2D,original,regular,1.0,https://tickets.cinema-city.pl/api/order/1654436?lang=pl,2026-09-03T12:41:09.644194
2026-09-03,kraków,Ostrze przeznaczenia,Kraków - Galeria Kazimierz,19:00,2D,original,regular,1.0,https://tickets.cinema-city.pl/api/order/1620863?lang=pl,2026-09-03T12:41:09.644205
2026-09-03,kraków,Terminator 2: Dzień sądu 35. Rocznica,Kraków - Galeria Kazimierz,19:00,2D,original,regular,1.0,https://tickets.cinema-city.pl/api/order/1652387?lang=pl,2026-09-03T12:41:09.644216
2026-09-03,kraków,Gwiazdozbiór psa,Kraków - Galeria Kazimierz,19:50,2D,original,regular,1.0,https://tickets.cinema-city.pl/api/order/1654791?lang=pl,2026-09-03T12:41:09.644226
2026-09-03,kraków,Spider-Man: Całkiem nowy dzień,Kraków - Galeria Kazimierz,20:00,2D,original,regular,1.0,https://tickets.cinema-city.pl/api/order/1658750?lang=pl,2026-09-03T12:41:09.644236
2026-09-03,kraków,Odyseja,Kraków - Galeria Kazimierz,20:10,2D,original,regular,1.0,https://tickets.cinema-city.pl/api/order/1659135?lang=pl,2026-09-03T12:41:09.644246
2026-09-03,kraków,Naznaczony: Wyjście z mrocznego wymiaru,Kraków - Galeria Kazimierz,20:30,2D,original,regular,1.0,https://tickets.cinema-city.pl/api/order/1652896?lang=pl,2026-09-03T12:41:09.644255
2026-09-03,kraków,Gorzkie święta,Kraków - Galeria Kazimierz,20:40,2D,original,regular,1.0,https://tickets.cinema-city.pl/api/order/1659354?lang=pl,2026-09-03T12:41:09.644264
2026-09-03,kraków,Gwiazdozbiór psa,Kraków - Galeria Kazimierz,21:00,2D,original,regular,1.0,https://tickets.cinema-city.pl/api/order/1654487?lang=pl,2026-09-03T12:41:09.644273
2026-09-03,kraków,Buntownik,Kraków - Galeria Kazimierz,21:10,2D,original,regular,1.0,https://tickets.cinema-city.pl/api/order/1651787?lang=pl,2026-09-03T12:41:09.644283
2026-09-03,kraków,Bogaci i martwi,Kraków - Galeria Kazimierz,21:15,2D,original,regular,1.0,https://tickets.cinema-city.pl/api/order/1657403?lang=pl,2026-09-03T12:41:09.644293
2026-09-03,kraków,Koniec ulicy Dębowej,Kraków - Galeria Kazimierz,21:50,2D,original,regular,1.0,https://tickets.cinema-city.pl/api/order/1658250?lang=pl,2026-09-03T12:41:09.644303
2026-09-03,kraków,Obsesja,Kraków - Galeria Kazimierz,22:00,2D,original,regular,1.0,https://tickets.cinema-city.pl/api/order/1652411?lang=pl,2026-09-03T12:41:09.644314
2026-09-03,kraków,Gwiazdozbiór psa,Kraków - Galeria Kazimierz,22:30,2D,original,regular,1.0,https://tickets.cinema-city.pl/api/order/1654795?lang=pl,2026-09-03T12:41:09.644324
2026-09-03,kraków,Koniec ulicy Dębowej,Kraków - Zakopianka,14:30,2D,original,regular,1.0,https://tickets.cinema-city.pl/api/order/1660166?lang=pl,2026-09-03T12:41:11.687347
2026-09-03,kraków,Gwiazdozbiór psa,Kraków - Zakopianka,14:30,2D,original,regular,1.0,https://tickets.cinema-city.pl/api/order/1661186?lang=pl,2026-09-03T12:41:11.687372
2026-09-03,kraków,Odyseja,Kraków - Zakopianka,15:10,IMAX,original,regular,1.0,https://tickets.cinema-city.pl/api/order/1661334?lang=pl,2026-09-03T12:41:11.687381
2026-09-03,kraków,Pucio kocha zwierzaki,Kraków - Zakopianka,15:20,2D,,regular,1.0,https://tickets.cinema-city.pl/api/order/1656117?lang=pl,2026-09-03T12:41:11.687392
2026-09-03,kraków,Bogaci i martwi,Kraków - Zakopianka,15:30,2D,original,regular,1.0,https://tickets.cinema-city.pl/api/order/1660743?lang=pl,2026-09-03T12:41:11.687404
2026-09-03,kraków,Spider-Man: Całkiem nowy dzień,Kraków - Zakopianka,15:40,2D,original,regular,1.0,https://tickets.cinema-city.pl/api/order/1655442?lang=pl,2026-09-03T12:41:11.687416
2026-09-03,kraków,Minionki i straszydła,Kraków - Zakopianka,16:00,2D,,regular,1.0,https://tickets.cinema-city.pl/api/order/1658859?lang=pl,2026-09-03T12:41:11.687426
2026-09-03,kraków,Księga pustyni,Kraków - Zakopianka,16:15,2D,,regular,1.0,https://tickets.cinema-city.pl/api/order/1660931?lang=pl,2026-09-03T12:41:11.687437
2026-09-03,kraków,Odyseja,Kraków - Zakopianka,16:30,2D,original,regular,1.0,https://tickets.cinema-city.pl/api/order/1653421?lang=pl,2026-09-03T12:41:11.687447
2026-09-03,kraków,Psi patrol i dinozaury,Kraków - Zakopianka,16:50,2D,,regular,1.0,https://tickets.cinema-city.pl/api/order/1656123?lang=pl,2026-09-03T12:41:11.687457
2026-09-03,kraków,Nie patrz w dół 2,Kraków - Zakopianka,17:00,2D,original,regular,1.0,https://tickets.cinema-city.pl/api/order/1660192?lang=pl,2026-09-03T12:41:11.687468
2026-09-03,kraków,Gwiazdozbiór psa,Kraków - Zakopianka,17:10,2D,original,regular,1.0,https://tickets.cinema-city.pl/api/order/1661188?lang=pl,2026-09-03T12:41:11.687479
2026-09-03,kraków,Spider-Man: Całkiem nowy dzień,Kraków - Zakopianka,17:15,2D,original,regular,1.0,https://tickets.cinema-city.pl/api/order/1656528?lang=pl,2026-09-03T12:41:11.687490
2026-09-03,kraków,Harry Potter i Kamień Filozoficzny - 25. rocznica,Kraków - Zakopianka,18:00,2D,,regular,1.0,https://tickets.cinema-city.pl/api/order/1660749?lang=pl,2026-09-03T12:41:11.687501
2026-09-03,kraków,Naznaczony: Wyjście z mrocznego wymiaru,Kraków - Zakopianka,18:10,2D,original,regular,1.0,https://tickets.cinema-city.pl/api/order/1658889?lang=pl,2026-09-03T12:41:11.687513
2026-09-03,kraków,Terminator 2: Dzień sądu 35. Rocznica,Kraków - Zakopianka,18:30,2D,original,regular,1.0,https://tickets.cinema-city.pl/api/order/1660911?lang=pl,2026-09-03T12:41:11.687523
2026-09-03,kraków,Spider-Man: Całkiem nowy dzień,Kraków - Zakopianka,18:45,2D,original,regular,1.0,https://tickets.cinema-city.pl/api/order/1655448?lang=pl,2026-09-03T12:41:11.687533
2026-09-03,kraków,Gwiazdozbiór psa,Kraków - Zakopianka,18:45,IMAX,original,regular,1.0,https://tickets.cinema-city.pl/api/order/1661337?lang=pl,2026-09-03T12:41:11.687540
2026-09-03,kraków,Sunny Dancer,Kraków - Zakopianka,19:00,2D,original,regular,1.0,https://tickets.cinema-city.pl/api/order/1656129?lang=pl,2026-09-03T12:41:11.687551
2026-09-03,kraków,Gorzkie święta,Kraków - Zakopianka,19:20,2D,original,regular,1.0,https://tickets.cinema-city.pl/api/order/1660211?lang=pl,2026-09-03T12:41:11.687560
2026-09-03,kraków,Gwiazdozbiór psa,Kraków - Zakopianka,19:50,2D,original,regular,1.0,https://tickets.cinema-city.pl/api/order/1661190?lang=pl,2026-09-03T12:41:11.687571
2026-09-03,kraków,Odyseja,Kraków - Zakopianka,20:00,2D,original,regular,1.0,https://tickets.cinema-city.pl/api/order/1653426?lang=pl,2026-09-03T12:41:11.687580
2026-09-03,kraków,Spider-Man: Całkiem nowy dzień,Kraków - Zakopianka,20:20,2D,original,regular,1.0,https://tickets.cinema-city.pl/api/order/1656534?lang=pl,2026-09-03T12:41:11.687590
2026-09-03,kraków,Naznaczony: Wyjście z mrocznego wymiaru,Kraków - Zakopianka,20:40,2D,original,regular,1.0,https://tickets.cinema-city.pl/api/order/1658900?lang=pl,2026-09-03T12:41:11.687601
2026-09-03,kraków,Buntownik,Kraków - Zakopianka,21:20,2D,original,regular,1.0,https://tickets.cinema-city.pl/api/order/1660736?lang=pl,2026-09-03T12:41:11.687612
2026-09-03,kraków,Wrong Girls,Kraków - Zakopianka,21:30,2D,original,regular,1.0,https://tickets.cinema-city.pl/api/order/1656135?lang=pl,2026-09-03T12:41:11.687621
2026-09-03,kraków,Koniec ulicy Dębowej,Kraków - Zakopianka,21:30,2D,original,regular,1.0,https://tickets.cinema-city.pl/api/order/1660936?lang=pl,2026-09-03T12:41:11.687632
2026-09-03,kraków,Gwiazdozbiór psa,Kraków - Zakopianka,21:30,IMAX,original,regular,1.0,https://tickets.cinema-city.pl/api/order/1661340?lang=pl,2026-09-03T12:41:11.687639
2026-09-03,kraków,Naznaczony: Wyjście z mrocznego wymiaru,Kraków - Zakopianka,21:50,2D,original,regular,1.0,https://tickets.cinema-city.pl/api/order/1655454?lang=pl,2026-09-03T12:41:11.687650
2026-09-03,kraków,Tylko jedna noc,Kraków - Zakopianka,22:00,2D,original,regular,1.0,https://tickets.cinema-city.pl/api/order/1660217?lang=pl,2026-09-03T12:41:11.687659
2026-09-03,lublin,Psi patrol i dinozaury,Lublin - Felicity,14:30,2D,,regular,1.0,https://tickets.cinema-city.pl/api/order/1655306?lang=pl,2026-09-03T12:41:13.304948
2026-09-03,lublin,Wszyscy moi wrogowie,Lublin - Felicity,14:40,2D,original,regular,1.0,https://tickets.cinema-city.pl/api/order/1654041?lang=pl,2026-09-03T12:41:13.304973
2026-09-03,lublin,Spider-Man: Całkiem nowy dzień,Lublin - Felicity,14:50,2D,original,regular,1.0,https://tickets.cinema-city.pl/api/order/1656619?lang=pl,2026-09-03T12:41:13.304988
2026-09-03,lublin,Księga pustyni,Lublin - Felicity,15:30,2D,,regular,1.0,https://tickets.cinema-city.pl/api/order/1655679?lang=pl,2026-09-03T12:41:13.304998
2026-09-03,lublin,Bogaci i martwi,Lublin - Felicity,15:50,2D,original,regular,1.0,https://tickets.cinema-city.pl/api/order/1656773?lang=pl,2026-09-03T12:41:13.305010
2026-09-03,lublin,Buntownik,Lublin - Felicity,16:10,2D,original,regular,1.0,https://tickets.cinema-city.pl/api/order/1659529?lang=pl,2026-09-03T12:41:13.305021
2026-09-03,lublin,Gwiazdozbiór psa,Lublin - Felicity,16:20,2D,original,regular,1.0,https://tickets.cinema-city.pl/api/order/1658322?lang=pl,2026-09-03T12:41:13.305032
2026-09-03,lublin,Koniec ulicy Dębowej,Lublin - Felicity,16:40,2D,original,regular,1.0,https://tickets.cinema-city.pl/api/order/1655089?lang=pl,2026-09-03T12:41:13.305044
2026-09-03,lublin,Terminator 2: Dzień sądu 35. Rocznica,Lublin - Felicity,16:50,4DX,original,regular,1.0,https://tickets.cinema-city.pl/api/order/1658759?lang=pl,2026-09-03T12:41:13.305053
2026-09-03,lublin,Minionki i straszydła,Lublin - Felicity,17:30,2D,,regular,1.0,https://tickets.cinema-city.pl/api/order/1654309?lang=pl,2026-09-03T12:41:13.305063
2026-09-03,lublin,Harry Potter i Kamień Filozoficzny - 25. rocznica,Lublin - Felicity,17:30,2D,,regular,1.0,https://tickets.cinema-city.pl/api/order/1659093?lang=pl,2026-09-03T12:41:13.305100
2026-09-03,lublin,Gorzkie święta,Lublin - Felicity,17:40,2D,original,regular,1.0,https://tickets.cinema-city.pl/api/order/1655489?lang=pl,2026-09-03T12:41:13.305111
2026-09-03,lublin,Spider-Man: Całkiem nowy dzień,Lublin - Felicity,18:00,2D,original,regular,1.0,https://tickets.cinema-city.pl/api/order/1656571?lang=pl,2026-09-03T12:41:13.305122
2026-09-03,lublin,Nie patrz w dół 2,Lublin - Felicity,18:20,2D,original,regular,1.0,https://tickets.cinema-city.pl/api/order/1657215?lang=pl,2026-09-03T12:41:13.305132
2026-09-03,lublin,Terminator 2: Dzień sądu 35. Rocznica,Lublin - Felicity,18:30,2D,original,regular,1.0,https://tickets.cinema-city.pl/api/order/1659361?lang=pl,2026-09-03T12:41:13.305143
2026-09-03,lublin,Gwiazdozbiór psa,Lublin - Felicity,19:00,2D,original,regular,1.0,https://tickets.cinema-city.pl/api/order/1658412?lang=pl,2026-09-03T12:41:13.305153
2026-09-03,lublin,Sunny Dancer,Lublin - Felicity,19:10,2D,original,regular,1.0,https://tickets.cinema-city.pl/api/order/1654985?lang=pl,2026-09-03T12:41:13.305163
2026-09-03,lublin,Tylko jedna noc,Lublin - Felicity,19:40,2D,original,regular,1.0,https://tickets.cinema-city.pl/api/order/1653960?lang=pl,2026-09-03T12:41:13.305174
2026-09-03,lublin,Gwiazdozbiór psa,Lublin - Felicity,19:50,4DX,original,regular,1.0,https://tickets.cinema-city.pl/api/order/1658593?lang=pl,2026-09-03T12:41:13.305184
2026-09-03,lublin,Gorzkie święta,Lublin - Felicity,20:10,2D,original,regular,1.0,https://tickets.cinema-city.pl/api/order/1655606?lang=pl,2026-09-03T12:41:13.305194
2026-09-03,lublin,Naznaczony: Wyjście z mrocznego wymiaru,Lublin - Felicity,20:50,2D,original,regular,1.0,https://tickets.cinema-city.pl/api/order/1656869?lang=pl,2026-09-03T12:41:13.305206
2026-09-03,lublin,Odyseja,Lublin - Felicity,21:00,2D,original,regular,1.0,https://tickets.cinema-city.pl/api/order/1657860?lang=pl,2026-09-03T12:41:13.305216
2026-09-03,lublin,Spider-Man: Całkiem nowy dzień,Lublin - Felicity,21:10,2D,original,regular,1.0,https://tickets.cinema-city.pl/api/order/1656672?lang=pl,2026-09-03T12:41:13.305229
2026-09-03,lublin,Buntownik,Lublin - Felicity,21:30,2D,original,regular,1.0,https://tickets.cinema-city.pl/api/order/1659427?lang=pl,2026-09-03T12:41:13.305239
2026-09-03,lublin,Gwiazdozbiór psa,Lublin - Felicity,21:40,2D,original,regular,1.0,https://tickets.cinema-city.pl/api/order/1658437?lang=pl,2026-09-03T12:41:13.305248
2026-09-03,lublin,Koniec ulicy Dębowej,Lublin - Felicity,21:40,2D,original,regular,1.0,https://tickets.cinema-city.pl/api/order/1661067?lang=pl,2026-09-03T12:41:13.305259
2026-09-03,lublin,Ice Cream Man,Lublin - Felicity,22:00,2D,original,regular,1.0,https://tickets.cinema-city.pl/api/order/1654139?lang=pl,2026-09-03T12:41:13.305269
2026-09-03,lublin,Pucio kocha zwierzaki,Lublin - Plaza,15:00,2D,,regular,1.0,https://tickets.cinema-city.pl/api/order/1653733?lang=pl,2026-09-03T12:41:14.765489
2026-09-03,lublin,Bogaci i martwi,Lublin - Plaza,15:00,2D,original,regular,1.0,https://tickets.cinema-city.pl/api/order/1654954?lang=pl,2026-09-03T12:41:14.765515
2026-09-03,lublin,Tylko jedna noc,Lublin - Plaza,15:20,2D,original,regular,1.0,https://tickets.cinema-city.pl/api/order/1655776?lang=pl,2026-09-03T12:41:14.765526
2026-09-03,lublin,Gwiazdozbiór psa,Lublin - Plaza,15:40,2D,original,regular,1.0,https://tickets.cinema-city.pl/api/order/1652860?lang=pl,2026-09-03T12:41:14.765538
2026-09-03,lublin,Minionki i straszydła,Lublin - Plaza,15:40,2D,,regular,1.0,https://tickets.cinema-city.pl/api/order/1660032?lang=pl,2026-09-03T12:41:14.765548
2026-09-03,lublin,Psi patrol i dinozaury,Lublin - Plaza,15:50,2D,,regular,1.0,https://tickets.cinema-city.pl/api/order/1650511?lang=pl,2026-09-03T12:41:14.765558
2026-09-03,lublin,Sunny Dancer,Lublin - Plaza,16:30,2D,original,regular,1.0,https://tickets.cinema-city.pl/api/order/1653180?lang=pl,2026-09-03T12:41:14.765568
2026-09-03,lublin,Spider-Man: Całkiem nowy dzień,Lublin - Plaza,17:00,2D,original,regular,1.0,https://tickets.cinema-city.pl/api/order/1650517?lang=pl,2026-09-03T12:41:14.765579
2026-09-03,lublin,Psi patrol i dinozaury,Lublin - Plaza,17:40,2D,,regular,1.0,https://tickets.cinema-city.pl/api/order/1654013?lang=pl,2026-09-03T12:41:14.765588
2026-09-03,lublin,Buntownik,Lublin - Plaza,17:50,2D,original,regular,1.0,https://tickets.cinema-city.pl/api/order/1655775?lang=pl,2026-09-03T12:41:14.765598
2026-09-03,lublin,Ostrze przeznaczenia,Lublin - Plaza,18:00,2D,original,regular,1.0,https://tickets.cinema-city.pl/api/order/1620899?lang=pl,2026-09-03T12:41:14.765609
2026-09-03,lublin,Harry Potter i Kamień Filozoficzny - 25. rocznica,Lublin - Plaza,18:00,2D,,regular,1.0,https://tickets.cinema-city.pl/api/order/1661360?lang=pl,2026-09-03T12:41:14.765620
2026-09-03,lublin,Naznaczony: Wyjście z mrocznego wymiaru,Lublin - Plaza,18:10,2D,original,regular,1.0,https://tickets.cinema-city.pl/api/order/1655097?lang=pl,2026-09-03T12:41:14.765632
2026-09-03,lublin,Gwiazdozbiór psa,Lublin - Plaza,18:20,2D,original,regular,1.0,https://tickets.cinema-city.pl/api/order/1652861?lang=pl,2026-09-03T12:41:14.765641
2026-09-03,lublin,Terminator 2: Dzień sądu 35. Rocznica,Lublin - Plaza,19:00,2D,original,regular,1.0,https://tickets.cinema-city.pl/api/order/1650487?lang=pl,2026-09-03T12:41:14.765651
2026-09-03,lublin,Odyseja,Lublin - Plaza,20:00,2D,original,regular,1.0,https://tickets.cinema-city.pl/api/order/1654396?lang=pl,2026-09-03T12:41:14.765661
2026-09-03,lublin,Spider-Man: Całkiem nowy dzień,Lublin - Plaza,20:10,2D,original,regular,1.0,https://tickets.cinema-city.pl/api/order/1650523?lang=pl,2026-09-03T12:41:14.765671
2026-09-03,lublin,Gwiazdozbiór psa ukraiński dubbing,Lublin - Plaza,20:20,2D,dubbing,regular,1.0,https://tickets.cinema-city.pl/api/order/1655623?lang=pl,2026-09-03T12:41:14.765680
2026-09-03,lublin,Nie patrz w dół 2,Lublin - Plaza,20:40,2D,original,regular,1.0,https://tickets.cinema-city.pl/api/order/1655098?lang=pl,2026-09-03T12:41:14.765690
2026-09-03,lublin,Gorzkie święta,Lublin - Plaza,20:50,2D,original,regular,1.0,https://tickets.cinema-city.pl/api/order/1660030?lang=pl,2026-09-03T12:41:14.765699
2026-09-03,lublin,Gwiazdozbiór psa,Lublin - Plaza,21:00,2D,original,regular,1.0,https://tickets.cinema-city.pl/api/order/1652862?lang=pl,2026-09-03T12:41:14.765708
2026-09-03,lublin,Koniec ulicy Dębowej,Lublin - Plaza,21:30,2D,original,regular,1.0,https://tickets.cinema-city.pl/api/order/1661402?lang=pl,2026-09-03T12:41:14.765719
2026-09-03,lublin,Naznaczony: Wyjście z mrocznego wymiaru,Lublin - Plaza,22:00,2D,original,regular,1.0,https://tickets.cinema-city.pl/api/order/1650493?lang=pl,2026-09-03T12:41:14.765729
2026-09-03,łódź,Naznaczony: Wyjście z mrocznego wymiaru,Łódź Manufaktura,14:30,2D,original,regular,1.0,https://tickets.cinema-city.pl/api/order/1656355?lang=pl,2026-09-03T12:41:16.790555
2026-09-03,łódź,Pucio kocha zwierzaki,Łódź Manufaktura,15:00,2D,,regular,1.0,https://tickets.cinema-city.pl/api/order/1658465?lang=pl,2026-09-03T12:41:16.790582
2026-09-03,łódź,Spider-Man: Całkiem nowy dzień,Łódź Manufaktura,15:00,2D,original,regular,1.0,https://tickets.cinema-city.pl/api/order/1659102?lang=pl,2026-09-03T12:41:16.790595
2026-09-03,łódź,Księga pustyni,Łódź Manufaktura,15:10,2D,,regular,1.0,https://tickets.cinema-city.pl/api/order/1657858?lang=pl,2026-09-03T12:41:16.790607
2026-09-03,łódź,Gwiazdozbiór psa,Łódź Manufaktura,15:20,2D,original,regular,1.0,https://tickets.cinema-city.pl/api/order/1654323?lang=pl,2026-09-03T12:41:16.790618
2026-09-03,łódź,Vaiana,Łódź Manufaktura,15:20,2D,original,regular,1.0,https://tickets.cinema-city.pl/api/order/1660631?lang=pl,2026-09-03T12:41:16.790629
2026-09-03,łódź,Terminator 2: Dzień sądu 35. Rocznica,Łódź Manufaktura,15:40,2D,original,regular,1.0,https://tickets.cinema-city.pl/api/order/1654803?lang=pl,2026-09-03T12:41:16.790640
2026-09-03,łódź,Psi patrol i dinozaury,Łódź Manufaktura,15:45,2D,,regular,1.0,https://tickets.cinema-city.pl/api/order/1658846?lang=pl,2026-09-03T12:41:16.790651
2026-09-03,łódź,Minionki i straszydła,Łódź Manufaktura,16:20,2D,,regular,1.0,https://tickets.cinema-city.pl/api/order/1654831?lang=pl,2026-09-03T12:41:16.790661
2026-09-03,łódź,Koniec ulicy Dębowej,Łódź Manufaktura,16:30,2D,original,regular,1.0,https://tickets.cinema-city.pl/api/order/1655537?lang=pl,2026-09-03T12:41:16.790672
2026-09-03,łódź,Toy Story 5,Łódź Manufaktura,16:30,2D,original,regular,1.0,https://tickets.cinema-city.pl/api/order/1660809?lang=pl,2026-09-03T12:41:16.790684
2026-09-03,łódź,Gwiazdozbiór psa,Łódź Manufaktura,16:40,2D,original,regular,1.0,https://tickets.cinema-city.pl/api/order/1658471?lang=pl,2026-09-03T12:41:16.790693
2026-09-03,łódź,Terminator 2: Dzień sądu 35. Rocznica,Łódź Manufaktura,16:50,4DX,original,regular,1.0,https://tickets.cinema-city.pl/api/order/1655501?lang=pl,2026-09-03T12:41:16.790702
2026-09-03,łódź,Spider-Man: Całkiem nowy dzień,Łódź Manufaktura,16:50,2D,original,regular,1.0,https://tickets.cinema-city.pl/api/order/1660437?lang=pl,2026-09-03T12:41:16.790712
2026-09-03,łódź,Gwiazdozbiór psa,Łódź Manufaktura,17:00,2D,original,regular,1.0,https://tickets.cinema-city.pl/api/order/1656373?lang=pl,2026-09-03T12:41:16.790722
2026-09-03,łódź,Gwiazdozbiór psa,Łódź Manufaktura,17:00,IMAX,original,regular,1.0,https://tickets.cinema-city.pl/api/order/1661143?lang=pl,2026-09-03T12:41:16.790729
2026-09-03,łódź,Spider-Man: Całkiem nowy dzień,Łódź Manufaktura,17:30,3D,original,regular,1.0,https://tickets.cinema-city.pl/api/order/1655835?lang=pl,2026-09-03T12:41:16.790738
2026-09-03,łódź,Harry Potter i Kamień Filozoficzny - 25. rocznica,Łódź Manufaktura,17:30,2D,,regular,1.0,https://tickets.cinema-city.pl/api/order/1656706?lang=pl,2026-09-03T12:41:16.790749
2026-09-03,łódź,Ostrze przeznaczenia,Łódź Manufaktura,18:00,2D,original,regular,1.0,https://tickets.cinema-city.pl/api/order/1620878?lang=pl,2026-09-03T12:41:16.790760
2026-09-03,łódź,Gwiazdozbiór psa,Łódź Manufaktura,18:00,2D,original,regular,1.0,https://tickets.cinema-city.pl/api/order/1654327?lang=pl,2026-09-03T12:41:16.790770
2026-09-03,łódź,Naznaczony: Wyjście z mrocznego wymiaru,Łódź Manufaktura,18:00,2D,original,regular,1.0,https://tickets.cinema-city.pl/api/order/1658851?lang=pl,2026-09-03T12:41:16.790781
2026-09-03,łódź,Spider-Man: Całkiem nowy dzień,Łódź Manufaktura,18:10,2D,original,regular,1.0,https://tickets.cinema-city.pl/api/order/1659139?lang=pl,2026-09-03T12:41:16.790791
2026-09-03,łódź,Gorzkie święta,Łódź Manufaktura,18:20,2D,original,regular,1.0,https://tickets.cinema-city.pl/api/order/1654837?lang=pl,2026-09-03T12:41:16.790801
2026-09-03,łódź,Terminator 2: Dzień sądu 35. Rocznica,Łódź Manufaktura,18:40,2D,original,regular,1.0,https://tickets.cinema-city.pl/api/order/1654807?lang=pl,2026-09-03T12:41:16.790811
2026-09-03,łódź,Naznaczony: Wyjście z mrocznego wymiaru,Łódź Manufaktura,19:00,2D,original,regular,1.0,https://tickets.cinema-city.pl/api/order/1660817?lang=pl,2026-09-03T12:41:16.790822
2026-09-03,łódź,Koniec ulicy Dębowej,Łódź Manufaktura,19:10,2D,original,regular,1.0,https://tickets.cinema-city.pl/api/order/1655543?lang=pl,2026-09-03T12:41:16.790832
2026-09-03,łódź,Gwiazdozbiór psa ukraiński dubbing,Łódź Manufaktura,19:30,2D,dubbing,regular,1.0,https://tickets.cinema-city.pl/api/order/1658453?lang=pl,2026-09-03T12:41:16.790842
2026-09-03,łódź,Gwiazdozbiór psa,Łódź Manufaktura,19:40,IMAX,original,regular,1.0,https://tickets.cinema-city.pl/api/order/1661147?lang=pl,2026-09-03T12:41:16.790848
2026-09-03,łódź,Naznaczony: Wyjście z mrocznego wymiaru,Łódź Manufaktura,19:45,2D,original,regular,1.0,https://tickets.cinema-city.pl/api/order/1656361?lang=pl,2026-09-03T12:41:16.790859
2026-09-03,łódź,Gwiazdozbiór psa,Łódź Manufaktura,19:50,4DX,original,regular,1.0,https://tickets.cinema-city.pl/api/order/1655509?lang=pl,2026-09-03T12:41:16.790866
2026-09-03,łódź,Spider-Man: Całkiem nowy dzień,Łódź Manufaktura,20:00,2D,original,regular,1.0,https://tickets.cinema-city.pl/api/order/1660439?lang=pl,2026-09-03T12:41:16.790876
2026-09-03,łódź,Sunny Dancer,Łódź Manufaktura,20:30,2D,original,regular,1.0,https://tickets.cinema-city.pl/api/order/1655847?lang=pl,2026-09-03T12:41:16.790887
2026-09-03,łódź,Naznaczony: Wyjście z mrocznego wymiaru,Łódź Manufaktura,20:30,2D,original,regular,1.0,https://tickets.cinema-city.pl/api/order/1658857?lang=pl,2026-09-03T12:41:16.790897
2026-09-03,łódź,Gwiazdozbiór psa,Łódź Manufaktura,20:40,2D,original,regular,1.0,https://tickets.cinema-city.pl/api/order/1654331?lang=pl,2026-09-03T12:41:16.790906
2026-09-03,łódź,Nie patrz w dół 2,Łódź Manufaktura,20:45,2D,original,regular,1.0,https://tickets.cinema-city.pl/api/order/1660513?lang=pl,2026-09-03T12:41:16.790917
2026-09-03,łódź,Gorzkie święta,Łódź Manufaktura,20:50,2D,original,regular,1.0,https://tickets.cinema-city.pl/api/order/1654843?lang=pl,2026-09-03T12:41:16.790927
2026-09-03,łódź,Buntownik,Łódź Manufaktura,20:50,2D,original,regular,1.0,https://tickets.cinema-city.pl/api/order/1657861?lang=pl,2026-09-03T12:41:16.790937
2026-09-03,łódź,Spider-Man: Całkiem nowy dzień,Łódź Manufaktura,21:30,2D,original,regular,1.0,https://tickets.cinema-city.pl/api/order/1659140?lang=pl,2026-09-03T12:41:16.790948
2026-09-03,łódź,Naznaczony: Wyjście z mrocznego wymiaru,Łódź Manufaktura,21:30,2D,original,regular,1.0,https://tickets.cinema-city.pl/api/order/1660819?lang=pl,2026-09-03T12:41:16.790958
2026-09-03,łódź,Odyseja,Łódź Manufaktura,21:40,2D,original,regular,1.0,https://tickets.cinema-city.pl/api/order/1654855?lang=pl,2026-09-03T12:41:16.790969
2026-09-03,łódź,Wszyscy moi wrogowie,Łódź Manufaktura,21:40,2D,original,regular,1.0,https://tickets.cinema-city.pl/api/order/1655549?lang=pl,2026-09-03T12:41:16.790980
2026-09-03,łódź,Naznaczony: Wyjście z mrocznego wymiaru,Łódź Manufaktura,22:10,2D,original,regular,1.0,https://tickets.cinema-city.pl/api/order/1656367?lang=pl,2026-09-03T12:41:16.790990
2026-09-03,łódź,Tylko jedna noc,Łódź Manufaktura,22:10,2D,original,regular,1.0,https://tickets.cinema-city.pl/api/order/1658468?lang=pl,2026-09-03T12:41:16.791000
2026-09-03,łódź,Gwiazdozbiór psa,Łódź Manufaktura,22:20,IMAX,original,regular,1.0,https://tickets.cinema-city.pl/api/order/1661145?lang=pl,2026-09-03T12:41:16.791006
2026-09-03,łódź,Naznaczony: Wyjście z mrocznego wymiaru,Łódź Manufaktura,22:30,4DX,original,regular,1.0,https://tickets.cinema-city.pl/api/order/1655513?lang=pl,2026-09-03T12:41:16.791014
2026-09-03,poznań,Gwiazdozbiór psa,Poznań - Kinepolis,14:30,2D,original,regular,1.0,https://tickets.cinema-city.pl/api/order/1661037?lang=pl,2026-09-03T12:41:19.228025
2026-09-03,poznań,Księga pustyni,Poznań - Kinepolis,14:30,2D,,regular,1.0,https://tickets.cinema-city.pl/api/order/1661103?lang=pl,2026-09-03T12:41:19.228051
2026-09-03,poznań,Vaiana,Poznań - Kinepolis,14:50,2D,original,regular,1.0,https://tickets.cinema-city.pl/api/order/1660183?lang=pl,2026-09-03T12:41:19.228081
2026-09-03,poznań,Pucio kocha zwierzaki,Poznań - Kinepolis,15:00,2D,,regular,1.0,https://tickets.cinema-city.pl/api/order/1660993?lang=pl,2026-09-03T12:41:19.228095
2026-09-03,poznań,Toy Story 5,Poznań - Kinepolis,15:30,2D,original,regular,1.0,https://tickets.cinema-city.pl/api/order/1660602?lang=pl,2026-09-03T12:41:19.228109
2026-09-03,poznań,Psi patrol i dinozaury,Poznań - Kinepolis,15:40,2D,,regular,1.0,https://tickets.cinema-city.pl/api/order/1661433?lang=pl,2026-09-03T12:41:19.228119
2026-09-03,poznań,Gorzkie święta,Poznań - Kinepolis,15:40,2D,original,regular,1.0,https://tickets.cinema-city.pl/api/order/1661832?lang=pl,2026-09-03T12:41:19.228130
2026-09-03,poznań,Gwiazdozbiór psa,Poznań - Kinepolis,15:50,2D,original,regular,1.0,https://tickets.cinema-city.pl/api/order/1659747?lang=pl,2026-09-03T12:41:19.228141
2026-09-03,poznań,Minionki i straszydła,Poznań - Kinepolis,15:50,2D,,regular,1.0,https://tickets.cinema-city.pl/api/order/1661546?lang=pl,2026-09-03T12:41:19.228151
2026-09-03,poznań,Spider-Man: Całkiem nowy dzień,Poznań - Kinepolis,15:50,2D,original,regular,1.0,https://tickets.cinema-city.pl/api/order/1661631?lang=pl,2026-09-03T12:41:19.228163
2026-09-03,poznań,Odzyskany,Poznań - Kinepolis,15:50,2D,original,regular,1.0,https://tickets.cinema-city.pl/api/order/1661858?lang=pl,2026-09-03T12:41:19.228173
2026-09-03,poznań,Naznaczony: Wyjście z mrocznego wymiaru,Poznań - Kinepolis,16:00,2D,original,regular,1.0,https://tickets.cinema-city.pl/api/order/1661668?lang=pl,2026-09-03T12:41:19.228185
2026-09-03,poznań,Terminator 2: Dzień sądu 35. Rocznica,Poznań - Kinepolis,16:00,2D,original,regular,1.0,https://tickets.cinema-city.pl/api/order/1661725?lang=pl,2026-09-03T12:41:19.228196
2026-09-03,poznań,Bogaci i martwi,Poznań - Kinepolis,16:00,2D,original,regular,1.0,https://tickets.cinema-city.pl/api/order/1661869?lang=pl,2026-09-03T12:41:19.228208
2026-09-03,poznań,Sunny Dancer,Poznań - Kinepolis,16:10,2D,original,regular,1.0,https://tickets.cinema-city.pl/api/order/1661895?lang=pl,2026-09-03T12:41:19.228219
2026-09-03,poznań,Odyseja,Poznań - Kinepolis,16:15,2D,original,regular,1.0,https://tickets.cinema-city.pl/api/order/1658881?lang=pl,2026-09-03T12:41:19.228230
2026-09-03,poznań,Harry Potter i Kamień Filozoficzny - 25. rocznica,Poznań - Kinepolis,16:30,2D,,regular,1.0,https://tickets.cinema-city.pl/api/order/1660969?lang=pl,2026-09-03T12:41:19.228242
2026-09-03,poznań,Księga pustyni,Poznań - Kinepolis,16:40,2D,,regular,1.0,https://tickets.cinema-city.pl/api/order/1661109?lang=pl,2026-09-03T12:41:19.228252
2026-09-03,poznań,Harry Potter i Kamień Filozoficzny - 25. rocznica,Poznań - Kinepolis,17:00,2D,,regular,1.0,https://tickets.cinema-city.pl/api/order/1659375?lang=pl,2026-09-03T12:41:19.228263
2026-09-03,poznań,Buntownik,Poznań - Kinepolis,17:00,2D,original,regular,1.0,https://tickets.cinema-city.pl/api/order/1661776?lang=pl,2026-09-03T12:41:19.228274
2026-09-03,poznań,Gwiazdozbiór psa,Poznań - Kinepolis,17:10,2D,original,regular,1.0,https://tickets.cinema-city.pl/api/order/1661041?lang=pl,2026-09-03T12:41:19.228284
2026-09-03,poznań,Odyseja,Poznań - Kinepolis,17:40,2D,original,regular,1.0,https://tickets.cinema-city.pl/api/order/1660472?lang=pl,2026-09-03T12:41:19.228295
2026-09-03,poznań,Psi patrol i dinozaury,Poznań - Kinepolis,17:50,2D,,regular,1.0,https://tickets.cinema-city.pl/api/order/1661439?lang=pl,2026-09-03T12:41:19.228305
2026-09-03,poznań,Ostrze przeznaczenia,Poznań - Kinepolis,18:00,2D,original,regular,1.0,https://tickets.cinema-city.pl/api/order/1620874?lang=pl,2026-09-03T12:41:19.228316
2026-09-03,poznań,Spider-Man: Całkiem nowy dzień,Poznań - Kinepolis,18:00,2D,original,regular,1.0,https://tickets.cinema-city.pl/api/order/1660639?lang=pl,2026-09-03T12:41:19.228328
2026-09-03,poznań,Odyseja,Poznań - Kinepolis,18:00,2D,original,regular,1.0,https://tickets.cinema-city.pl/api/order/1661552?lang=pl,2026-09-03T12:41:19.228338
2026-09-03,poznań,Gorzkie święta,Poznań - Kinepolis,18:10,2D,original,regular,1.0,https://tickets.cinema-city.pl/api/order/1661833?lang=pl,2026-09-03T12:41:19.228348
2026-09-03,poznań,Tylko jedna noc,Poznań - Kinepolis,18:20,2D,original,regular,1.0,https://tickets.cinema-city.pl/api/order/1661875?lang=pl,2026-09-03T12:41:19.228358
2026-09-03,poznań,Gwiazdozbiór psa,Poznań - Kinepolis,18:30,2D,original,regular,1.0,https://tickets.cinema-city.pl/api/order/1659751?lang=pl,2026-09-03T12:41:19.228369
2026-09-03,poznań,Naznaczony: Wyjście z mrocznego wymiaru,Poznań - Kinepolis,18:30,2D,original,regular,1.0,https://tickets.cinema-city.pl/api/order/1661674?lang=pl,2026-09-03T12:41:19.228380
2026-09-03,poznań,Sunny Dancer,Poznań - Kinepolis,18:40,2D,original,regular,1.0,https://tickets.cinema-city.pl/api/order/1661901?lang=pl,2026-09-03T12:41:19.228390
2026-09-03,poznań,Koniec ulicy Dębowej,Poznań - Kinepolis,19:00,2D,original,regular,1.0,https://tickets.cinema-city.pl/api/order/1661115?lang=pl,2026-09-03T12:41:19.228402
2026-09-03,poznań,Spider-Man: Całkiem nowy dzień,Poznań - Kinepolis,19:00,2D,original,regular,1.0,https://tickets.cinema-city.pl/api/order/1661637?lang=pl,2026-09-03T12:41:19.228413
2026-09-03,poznań,Terminator 2: Dzień sądu 35. Rocznica,Poznań - Kinepolis,19:00,2D,original,regular,1.0,https://tickets.cinema-city.pl/api/order/1661729?lang=pl,2026-09-03T12:41:19.228424
2026-09-03,poznań,Buntownik,Poznań - Kinepolis,19:20,2D,original,regular,1.0,https://tickets.cinema-city.pl/api/order/1661782?lang=pl,2026-09-03T12:41:19.228434
2026-09-03,poznań,Gwiazdozbiór psa,Poznań - Kinepolis,19:50,2D,original,regular,1.0,https://tickets.cinema-city.pl/api/order/1661045?lang=pl,2026-09-03T12:41:19.228444
2026-09-03,poznań,Odyseja,Poznań - Kinepolis,20:00,2D,original,regular,1.0,https://tickets.cinema-city.pl/api/order/1658887?lang=pl,2026-09-03T12:41:19.228455
2026-09-03,poznań,Spider-Man: Całkiem nowy dzień,Poznań - Kinepolis,20:00,2D,original,regular,1.0,https://tickets.cinema-city.pl/api/order/1660999?lang=pl,2026-09-03T12:41:19.228466
2026-09-03,poznań,Nie patrz w dół 2,Poznań - Kinepolis,20:00,2D,original,regular,1.0,https://tickets.cinema-city.pl/api/order/1661493?lang=pl,2026-09-03T12:41:19.228477
2026-09-03,poznań,Terminator 2: Dzień sądu 35. Rocznica,Poznań - Kinepolis,20:30,2D,original,regular,1.0,https://tickets.cinema-city.pl/api/order/1659371?lang=pl,2026-09-03T12:41:19.228488
2026-09-03,poznań,Gorzkie święta,Poznań - Kinepolis,20:40,2D,original,regular,1.0,https://tickets.cinema-city.pl/api/order/1661834?lang=pl,2026-09-03T12:41:19.228498
2026-09-03,poznań,Odyseja,Poznań - Kinepolis,20:50,2D,original,regular,1.0,https://tickets.cinema-city.pl/api/order/1661859?lang=pl,2026-09-03T12:41:19.228507
2026-09-03,poznań,Tylko jedna noc,Poznań - Kinepolis,20:50,2D,original,regular,1.0,https://tickets.cinema-city.pl/api/order/1661881?lang=pl,2026-09-03T12:41:19.228517
2026-09-03,poznań,Naznaczony: Wyjście z mrocznego wymiaru,Poznań - Kinepolis,21:00,2D,original,regular,1.0,https://tickets.cinema-city.pl/api/order/1661680?lang=pl,2026-09-03T12:41:19.228528
2026-09-03,poznań,Gwiazdozbiór psa,Poznań - Kinepolis,21:10,2D,original,regular,1.0,https://tickets.cinema-city.pl/api/order/1659755?lang=pl,2026-09-03T12:41:19.228539
2026-09-03,poznań,Spider-Man: Całkiem nowy dzień,Poznań - Kinepolis,21:10,2D,original,regular,1.0,https://tickets.cinema-city.pl/api/order/1660646?lang=pl,2026-09-03T12:41:19.228550
2026-09-03,poznań,Wrong Girls,Poznań - Kinepolis,21:10,2D,original,regular,1.0,https://tickets.cinema-city.pl/api/order/1661907?lang=pl,2026-09-03T12:41:19.228560
2026-09-03,poznań,Odyseja,Poznań - Kinepolis,21:20,2D,original,regular,1.0,https://tickets.cinema-city.pl/api/order/1660481?lang=pl,2026-09-03T12:41:19.228572
2026-09-03,poznań,Obsesja,Poznań - Kinepolis,21:30,2D,original,regular,1.0,https://tickets.cinema-city.pl/api/order/1661121?lang=pl,2026-09-03T12:41:19.228582
2026-09-03,poznań,Odyseja,Poznań - Kinepolis,21:30,2D,original,regular,1.0,https://tickets.cinema-city.pl/api/order/1661558?lang=pl,2026-09-03T12:41:19.228592
2026-09-03,poznań,Zaproszenie,Poznań - Kinepolis,21:30,2D,original,regular,1.0,https://tickets.cinema-city.pl/api/order/1661788?lang=pl,2026-09-03T12:41:19.228602
2026-09-03,poznań,Buntownik,Poznań - Kinepolis,22:00,2D,original,regular,1.0,https://tickets.cinema-city.pl/api/order/1661735?lang=pl,2026-09-03T12:41:19.228612
2026-09-03,poznań,Gwiazdozbiór psa,Poznań - Plaza,14:30,2D,original,regular,1.0,https://tickets.cinema-city.pl/api/order/1656074?lang=pl,2026-09-03T12:41:21.106619
2026-09-03,poznań,Księga pustyni,Poznań - Plaza,15:10,2D,,regular,1.0,https://tickets.cinema-city.pl/api/order/1658033?lang=pl,2026-09-03T12:41:21.106646
2026-09-03,poznań,Psi patrol i dinozaury,Poznań - Plaza,15:20,2D,,regular,1.0,https://tickets.cinema-city.pl/api/order/1656393?lang=pl,2026-09-03T12:41:21.106659
2026-09-03,poznań,Spider-Man: Całkiem nowy dzień,Poznań - Plaza,15:20,2D,original,regular,1.0,https://tickets.cinema-city.pl/api/order/1657808?lang=pl,2026-09-03T12:41:21.106671
2026-09-03,poznań,Gorzkie święta,Poznań - Plaza,15:50,2D,original,regular,1.0,https://tickets.cinema-city.pl/api/order/1655491?lang=pl,2026-09-03T12:41:21.106682
2026-09-03,poznań,Buntownik,Poznań - Plaza,15:50,2D,original,regular,1.0,https://tickets.cinema-city.pl/api/order/1657347?lang=pl,2026-09-03T12:41:21.106692
2026-09-03,poznań,Odyseja,Poznań - Plaza,16:10,IMAX,original,regular,1.0,https://tickets.cinema-city.pl/api/order/1659212?lang=pl,2026-09-03T12:41:21.106700
2026-09-03,poznań,Harry Potter i Kamień Filozoficzny - 25. rocznica,Poznań - Plaza,16:40,2D,,regular,1.0,https://tickets.cinema-city.pl/api/order/1658121?lang=pl,2026-09-03T12:41:21.106711
2026-09-03,poznań,Tylko jedna noc,Poznań - Plaza,16:40,2D,original,regular,1.0,https://tickets.cinema-city.pl/api/order/1662480?lang=pl,2026-09-03T12:41:21.106721
2026-09-03,poznań,Gwiazdozbiór psa,Poznań - Plaza,17:10,2D,original,regular,1.0,https://tickets.cinema-city.pl/api/order/1656078?lang=pl,2026-09-03T12:41:21.106731
2026-09-03,poznań,Psi patrol i dinozaury,Poznań - Plaza,17:30,2D,,regular,1.0,https://tickets.cinema-city.pl/api/order/1656395?lang=pl,2026-09-03T12:41:21.106741
2026-09-03,poznań,Sunny Dancer,Poznań - Plaza,17:30,2D,original,regular,1.0,https://tickets.cinema-city.pl/api/order/1658039?lang=pl,2026-09-03T12:41:21.106751
2026-09-03,poznań,Odyseja,Poznań - Plaza,18:00,2D,original,regular,1.0,https://tickets.cinema-city.pl/api/order/1658205?lang=pl,2026-09-03T12:41:21.106762
2026-09-03,poznań,Tylko jedna noc,Poznań - Plaza,18:10,2D,original,regular,1.0,https://tickets.cinema-city.pl/api/order/1657357?lang=pl,2026-09-03T12:41:21.106772
2026-09-03,poznań,Ostrze przeznaczenia,Poznań - Plaza,18:30,2D,original,regular,1.0,https://tickets.cinema-city.pl/api/order/1620868?lang=pl,2026-09-03T12:41:21.106783
2026-09-03,poznań,Terminator 2: Dzień sądu 35. Rocznica,Poznań - Plaza,18:30,2D,original,regular,1.0,https://tickets.cinema-city.pl/api/order/1657789?lang=pl,2026-09-03T12:41:21.106794
2026-09-03,poznań,Gorzkie święta,Poznań - Plaza,19:30,2D,original,regular,1.0,https://tickets.cinema-city.pl/api/order/1654993?lang=pl,2026-09-03T12:41:21.106804
2026-09-03,poznań,Spider-Man: Całkiem nowy dzień,Poznań - Plaza,19:40,2D,original,regular,1.0,https://tickets.cinema-city.pl/api/order/1656397?lang=pl,2026-09-03T12:41:21.106814
2026-09-03,poznań,Gwiazdozbiór psa,Poznań - Plaza,19:40,IMAX,original,regular,1.0,https://tickets.cinema-city.pl/api/order/1659108?lang=pl,2026-09-03T12:41:21.106821
2026-09-03,poznań,Gwiazdozbiór psa,Poznań - Plaza,19:50,2D,original,regular,1.0,https://tickets.cinema-city.pl/api/order/1656082?lang=pl,2026-09-03T12:41:21.106831
2026-09-03,poznań,Naznaczony: Wyjście z mrocznego wymiaru,Poznań - Plaza,20:00,2D,original,regular,1.0,https://tickets.cinema-city.pl/api/order/1658045?lang=pl,2026-09-03T12:41:21.106843
2026-09-03,poznań,Odyseja,Poznań - Plaza,20:10,2D,original,regular,1.0,https://tickets.cinema-city.pl/api/order/1658133?lang=pl,2026-09-03T12:41:21.106853
2026-09-03,poznań,Buntownik,Poznań - Plaza,20:30,2D,original,regular,1.0,https://tickets.cinema-city.pl/api/order/1657352?lang=pl,2026-09-03T12:41:21.106863
2026-09-03,poznań,Gwiazdozbiór psa ukraiński dubbing,Poznań - Plaza,21:20,2D,dubbing,regular,1.0,https://tickets.cinema-city.pl/api/order/1655566?lang=pl,2026-09-03T12:41:21.106873
2026-09-03,poznań,Spider-Man: Całkiem nowy dzień,Poznań - Plaza,21:30,2D,original,regular,1.0,https://tickets.cinema-city.pl/api/order/1657814?lang=pl,2026-09-03T12:41:21.106884
2026-09-03,poznań,Odyseja,Poznań - Plaza,21:40,2D,original,regular,1.0,https://tickets.cinema-city.pl/api/order/1658206?lang=pl,2026-09-03T12:41:21.106894
2026-09-03,poznań,Wrong Girls,Poznań - Plaza,22:10,2D,original,regular,1.0,https://tickets.cinema-city.pl/api/order/1655213?lang=pl,2026-09-03T12:41:21.106904
2026-09-03,poznań,Gwiazdozbiór psa,Poznań - Plaza,22:20,IMAX,original,regular,1.0,https://tickets.cinema-city.pl/api/order/1659111?lang=pl,2026-09-03T12:41:21.106911
2026-09-03,poznań,Gwiazdozbiór psa,Poznań - Plaza,22:30,2D,original,regular,1.0,https://tickets.cinema-city.pl/api/order/1656086?lang=pl,2026-09-03T12:41:21.106921
2026-09-03,poznań,Naznaczony: Wyjście z mrocznego wymiaru,Poznań - Plaza,22:30,2D,original,regular,1.0,https://tickets.cinema-city.pl/api/order/1658051?lang=pl,2026-09-03T12:41:21.106932
2026-09-03,ruda-śląska,Minionki i straszydła,Ruda Śląska,15:00,2D,,regular,1.0,https://tickets.cinema-city.pl/api/order/1653353?lang=pl,2026-09-03T12:41:23.039463
2026-09-03,ruda-śląska,Wrong Girls,Ruda Śląska,15:30,2D,original,regular,1.0,https://tickets.cinema-city.pl/api/order/1655782?lang=pl,2026-09-03T12:41:23.039487
2026-09-03,ruda-śląska,Psi patrol i dinozaury,Ruda Śląska,15:40,2D,,regular,1.0,https://tickets.cinema-city.pl/api/order/1657764?lang=pl,2026-09-03T12:41:23.039498
2026-09-03,ruda-śląska,Spider-Man: Całkiem nowy dzień,Ruda Śląska,15:40,2D,original,regular,1.0,https://tickets.cinema-city.pl/api/order/1659639?lang=pl,2026-09-03T12:41:23.039510
2026-09-03,ruda-śląska,Odyseja,Ruda Śląska,16:00,2D,original,regular,1.0,https://tickets.cinema-city.pl/api/order/1652801?lang=pl,2026-09-03T12:41:23.039521
2026-09-03,ruda-śląska,Vivaldi i ja,Ruda Śląska,16:20,2D,original,regular,1.0,https://tickets.cinema-city.pl/api/order/1651693?lang=pl,2026-09-03T12:41:23.039532
2026-09-03,ruda-śląska,Gwiazdozbiór psa,Ruda Śląska,16:50,2D,original,regular,1.0,https://tickets.cinema-city.pl/api/order/1652140?lang=pl,2026-09-03T12:41:23.039543
2026-09-03,ruda-śląska,Księga pustyni,Ruda Śląska,16:50,2D,,regular,1.0,https://tickets.cinema-city.pl/api/order/1657457?lang=pl,2026-09-03T12:41:23.039554
2026-09-03,ruda-śląska,Koniec ulicy Dębowej,Ruda Śląska,17:10,2D,original,regular,1.0,https://tickets.cinema-city.pl/api/order/1653920?lang=pl,2026-09-03T12:41:23.039565
2026-09-03,ruda-śląska,Psi patrol i dinozaury,Ruda Śląska,17:50,2D,,regular,1.0,https://tickets.cinema-city.pl/api/order/1657766?lang=pl,2026-09-03T12:41:23.039574
2026-09-03,ruda-śląska,Naznaczony: Wyjście z mrocznego wymiaru,Ruda Śląska,18:00,2D,original,regular,1.0,https://tickets.cinema-city.pl/api/order/1655820?lang=pl,2026-09-03T12:41:23.039586
2026-09-03,ruda-śląska,Sunny Dancer,Ruda Śląska,18:50,2D,original,regular,1.0,https://tickets.cinema-city.pl/api/order/1659643?lang=pl,2026-09-03T12:41:23.039597
2026-09-03,ruda-śląska,Harry Potter i Kamień Filozoficzny - 25. rocznica,Ruda Śląska,19:00,2D,,regular,1.0,https://tickets.cinema-city.pl/api/order/1651673?lang=pl,2026-09-03T12:41:23.039608
2026-09-03,ruda-śląska,Terminator 2: Dzień sądu 35. Rocznica,Ruda Śląska,19:00,2D,original,regular,1.0,https://tickets.cinema-city.pl/api/order/1657439?lang=pl,2026-09-03T12:41:23.039619
2026-09-03,ruda-śląska,Gwiazdozbiór psa,Ruda Śląska,19:30,2D,original,regular,1.0,https://tickets.cinema-city.pl/api/order/1652144?lang=pl,2026-09-03T12:41:23.039629
2026-09-03,ruda-śląska,Buntownik,Ruda Śląska,19:40,2D,original,regular,1.0,https://tickets.cinema-city.pl/api/order/1652807?lang=pl,2026-09-03T12:41:23.039640
2026-09-03,ruda-śląska,Gorzkie święta,Ruda Śląska,19:50,2D,original,regular,1.0,https://tickets.cinema-city.pl/api/order/1653935?lang=pl,2026-09-03T12:41:23.039650
2026-09-03,ruda-śląska,Spider-Man: Całkiem nowy dzień,Ruda Śląska,20:00,2D,original,regular,1.0,https://tickets.cinema-city.pl/api/order/1657768?lang=pl,2026-09-03T12:41:23.039660
2026-09-03,ruda-śląska,Naznaczony: Wyjście z mrocznego wymiaru,Ruda Śląska,20:40,2D,original,regular,1.0,https://tickets.cinema-city.pl/api/order/1655950?lang=pl,2026-09-03T12:41:23.039671
2026-09-03,rybnik,Bogaci i martwi,Rybnik,14:45,2D,original,regular,1.0,https://tickets.cinema-city.pl/api/order/1658502?lang=pl,2026-09-03T12:41:24.735224
2026-09-03,rybnik,Pucio kocha zwierzaki,Rybnik,15:30,2D,,regular,1.0,https://tickets.cinema-city.pl/api/order/1654083?lang=pl,2026-09-03T12:41:24.735251
2026-09-03,rybnik,Koniec ulicy Dębowej,Rybnik,15:30,2D,original,regular,1.0,https://tickets.cinema-city.pl/api/order/1659729?lang=pl,2026-09-03T12:41:24.735269
2026-09-03,rybnik,Odyseja,Rybnik,16:00,2D,original,regular,1.0,https://tickets.cinema-city.pl/api/order/1658818?lang=pl,2026-09-03T12:41:24.735283
2026-09-03,rybnik,Gwiazdozbiór psa,Rybnik,16:20,2D,original,regular,1.0,https://tickets.cinema-city.pl/api/order/1658610?lang=pl,2026-09-03T12:41:24.735296
2026-09-03,rybnik,Psi patrol i dinozaury,Rybnik,16:30,2D,,regular,1.0,https://tickets.cinema-city.pl/api/order/1658219?lang=pl,2026-09-03T12:41:24.735308
2026-09-03,rybnik,Minionki i straszydła,Rybnik,16:50,2D,,regular,1.0,https://tickets.cinema-city.pl/api/order/1657431?lang=pl,2026-09-03T12:41:24.735321
2026-09-03,rybnik,Spider-Man: Całkiem nowy dzień,Rybnik,16:50,2D,original,regular,1.0,https://tickets.cinema-city.pl/api/order/1659518?lang=pl,2026-09-03T12:41:24.735334
2026-09-03,rybnik,Sunny Dancer,Rybnik,17:00,2D,original,regular,1.0,https://tickets.cinema-city.pl/api/order/1654089?lang=pl,2026-09-03T12:41:24.735347
2026-09-03,rybnik,Księga pustyni,Rybnik,17:10,2D,,regular,1.0,https://tickets.cinema-city.pl/api/order/1658508?lang=pl,2026-09-03T12:41:24.735358
2026-09-03,rybnik,Nie patrz w dół 2,Rybnik,18:10,2D,original,regular,1.0,https://tickets.cinema-city.pl/api/order/1659730?lang=pl,2026-09-03T12:41:24.735371
2026-09-03,rybnik,Buntownik,Rybnik,18:50,2D,original,regular,1.0,https://tickets.cinema-city.pl/api/order/1658221?lang=pl,2026-09-03T12:41:24.735383
2026-09-03,rybnik,Harry Potter i Kamień Filozoficzny - 25. rocznica,Rybnik,19:00,2D,,regular,1.0,https://tickets.cinema-city.pl/api/order/1657433?lang=pl,2026-09-03T12:41:24.735396
2026-09-03,rybnik,Gwiazdozbiór psa,Rybnik,19:00,2D,original,regular,1.0,https://tickets.cinema-city.pl/api/order/1658614?lang=pl,2026-09-03T12:41:24.735409
2026-09-03,rybnik,Naznaczony: Wyjście z mrocznego wymiaru,Rybnik,19:20,2D,original,regular,1.0,https://tickets.cinema-city.pl/api/order/1658514?lang=pl,2026-09-03T12:41:24.735423
2026-09-03,rybnik,Terminator 2: Dzień sądu 35. Rocznica,Rybnik,19:30,2D,original,regular,1.0,https://tickets.cinema-city.pl/api/order/1654059?lang=pl,2026-09-03T12:41:24.735436
2026-09-03,rybnik,Odyseja,Rybnik,19:40,2D,original,regular,1.0,https://tickets.cinema-city.pl/api/order/1658824?lang=pl,2026-09-03T12:41:24.735448
2026-09-03,rybnik,Spider-Man: Całkiem nowy dzień,Rybnik,20:00,2D,original,regular,1.0,https://tickets.cinema-city.pl/api/order/1659520?lang=pl,2026-09-03T12:41:24.735460
2026-09-03,rybnik,Gorzkie święta,Rybnik,20:30,2D,original,regular,1.0,https://tickets.cinema-city.pl/api/order/1659731?lang=pl,2026-09-03T12:41:24.735473
2026-09-03,rybnik,Spider-Man: Całkiem nowy dzień,Rybnik,21:10,2D,original,regular,1.0,https://tickets.cinema-city.pl/api/order/1658223?lang=pl,2026-09-03T12:41:24.735485
2026-09-03,rybnik,Gwiazdozbiór psa,Rybnik,21:40,2D,original,regular,1.0,https://tickets.cinema-city.pl/api/order/1658618?lang=pl,2026-09-03T12:41:24.735499
2026-09-03,rybnik,Naznaczony: Wyjście z mrocznego wymiaru,Rybnik,21:50,2D,original,regular,1.0,https://tickets.cinema-city.pl/api/order/1658520?lang=pl,2026-09-03T12:41:24.735512
2026-09-03,sosnowiec,Księga pustyni,Sosnowiec,14:40,2D,,regular,1.0,https://tickets.cinema-city.pl/api/order/1655129?lang=pl,2026-09-03T12:41:26.480882
2026-09-03,sosnowiec,Koniec ulicy Dębowej,Sosnowiec,14:45,2D,original,regular,1.0,https://tickets.cinema-city.pl/api/order/1656939?lang=pl,2026-09-03T12:41:26.480912
2026-09-03,sosnowiec,Gwiazdozbiór psa,Sosnowiec,16:20,2D,original,regular,1.0,https://tickets.cinema-city.pl/api/order/1650877?lang=pl,2026-09-03T12:41:26.480927
2026-09-03,sosnowiec,Psi patrol i dinozaury,Sosnowiec,16:40,2D,,regular,1.0,https://tickets.cinema-city.pl/api/order/1654746?lang=pl,2026-09-03T12:41:26.480940
2026-09-03,sosnowiec,Spider-Man: Całkiem nowy dzień,Sosnowiec,16:50,2D,original,regular,1.0,https://tickets.cinema-city.pl/api/order/1655759?lang=pl,2026-09-03T12:41:26.480953
2026-09-03,sosnowiec,Harry Potter i Kamień Filozoficzny - 25. rocznica,Sosnowiec,17:00,2D,,regular,1.0,https://tickets.cinema-city.pl/api/order/1651134?lang=pl,2026-09-03T12:41:26.480966
2026-09-03,sosnowiec,Naznaczony: Wyjście z mrocznego wymiaru,Sosnowiec,17:00,2D,original,regular,1.0,https://tickets.cinema-city.pl/api/order/1655132?lang=pl,2026-09-03T12:41:26.480980
2026-09-03,sosnowiec,Koniec ulicy Dębowej,Sosnowiec,17:25,2D,original,regular,1.0,https://tickets.cinema-city.pl/api/order/1656868?lang=pl,2026-09-03T12:41:26.480993
2026-09-03,sosnowiec,Buntownik,Sosnowiec,18:50,2D,original,regular,1.0,https://tickets.cinema-city.pl/api/order/1654401?lang=pl,2026-09-03T12:41:26.481006
2026-09-03,sosnowiec,Gwiazdozbiór psa,Sosnowiec,19:00,2D,original,regular,1.0,https://tickets.cinema-city.pl/api/order/1650880?lang=pl,2026-09-03T12:41:26.481017
2026-09-03,sosnowiec,Naznaczony: Wyjście z mrocznego wymiaru,Sosnowiec,19:30,2D,original,regular,1.0,https://tickets.cinema-city.pl/api/order/1655135?lang=pl,2026-09-03T12:41:26.481029
2026-09-03,sosnowiec,Nie patrz w dół 2,Sosnowiec,19:50,2D,original,regular,1.0,https://tickets.cinema-city.pl/api/order/1656140?lang=pl,2026-09-03T12:41:26.481042
2026-09-03,sosnowiec,Spider-Man: Całkiem nowy dzień,Sosnowiec,20:00,2D,original,regular,1.0,https://tickets.cinema-city.pl/api/order/1655762?lang=pl,2026-09-03T12:41:26.481054
2026-09-03,sosnowiec,Terminator 2: Dzień sądu 35. Rocznica,Sosnowiec,20:30,2D,original,regular,1.0,https://tickets.cinema-city.pl/api/order/1651200?lang=pl,2026-09-03T12:41:26.481066
2026-09-03,sosnowiec,Buntownik,Sosnowiec,21:10,2D,original,regular,1.0,https://tickets.cinema-city.pl/api/order/1654404?lang=pl,2026-09-03T12:41:26.481114
2026-09-03,sosnowiec,Gwiazdozbiór psa,Sosnowiec,21:40,2D,original,regular,1.0,https://tickets.cinema-city.pl/api/order/1650883?lang=pl,2026-09-03T12:41:26.481126
2026-09-03,sosnowiec,Naznaczony: Wyjście z mrocznego wymiaru,Sosnowiec,22:00,2D,original,regular,1.0,https://tickets.cinema-city.pl/api/order/1655138?lang=pl,2026-09-03T12:41:26.481138
2026-09-03,sosnowiec,Bogaci i martwi,Sosnowiec,22:00,2D,original,regular,1.0,https://tickets.cinema-city.pl/api/order/1656473?lang=pl,2026-09-03T12:41:26.481151
2026-09-03,gdańsk,Odyseja,Starogard Gdański,14:30,2D,original,regular,1.0,https://tickets.cinema-city.pl/api/order/1661328?lang=pl,2026-09-03T12:41:28.117345
2026-09-03,gdańsk,Pucio kocha zwierzaki,Starogard Gdański,14:40,2D,,regular,1.0,https://tickets.cinema-city.pl/api/order/1659819?lang=pl,2026-09-03T12:41:28.117369
2026-09-03,gdańsk,Spider-Man: Całkiem nowy dzień,Starogard Gdański,14:50,2D,original,regular,1.0,https://tickets.cinema-city.pl/api/order/1660851?lang=pl,2026-09-03T12:41:28.117383
2026-09-03,gdańsk,Naznaczony: Wyjście z mrocznego wymiaru,Starogard Gdański,15:00,2D,original,regular,1.0,https://tickets.cinema-city.pl/api/order/1660568?lang=pl,2026-09-03T12:41:28.117396
2026-09-03,gdańsk,Spider-Man: Całkiem nowy dzień,Starogard Gdański,16:10,2D,original,regular,1.0,https://tickets.cinema-city.pl/api/order/1659824?lang=pl,2026-09-03T12:41:28.117407
2026-09-03,gdańsk,Psi patrol i dinozaury,Starogard Gdański,16:30,2D,,regular,1.0,https://tickets.cinema-city.pl/api/order/1659419?lang=pl,2026-09-03T12:41:28.117418
2026-09-03,gdańsk,Gwiazdozbiór psa,Starogard Gdański,16:40,2D,original,regular,1.0,https://tickets.cinema-city.pl/api/order/1652838?lang=pl,2026-09-03T12:41:28.117428
2026-09-03,gdańsk,Spider-Man: Całkiem nowy dzień,Starogard Gdański,17:30,2D,original,regular,1.0,https://tickets.cinema-city.pl/api/order/1660573?lang=pl,2026-09-03T12:41:28.117438
2026-09-03,gdańsk,Harry Potter i Kamień Filozoficzny - 25. rocznica,Starogard Gdański,18:00,2D,,regular,1.0,https://tickets.cinema-city.pl/api/order/1660845?lang=pl,2026-09-03T12:41:28.117450
2026-09-03,gdańsk,Buntownik,Starogard Gdański,18:10,2D,original,regular,1.0,https://tickets.cinema-city.pl/api/order/1661331?lang=pl,2026-09-03T12:41:28.117461
2026-09-03,gdańsk,Nie patrz w dół 2,Starogard Gdański,18:40,2D,original,regular,1.0,https://tickets.cinema-city.pl/api/order/1659420?lang=pl,2026-09-03T12:41:28.117471
2026-09-03,gdańsk,Gwiazdozbiór psa,Starogard Gdański,19:15,2D,original,regular,1.0,https://tickets.cinema-city.pl/api/order/1652842?lang=pl,2026-09-03T12:41:28.117481
2026-09-03,gdańsk,Spider-Man: Całkiem nowy dzień,Starogard Gdański,19:20,2D,original,regular,1.0,https://tickets.cinema-city.pl/api/order/1659829?lang=pl,2026-09-03T12:41:28.117491
2026-09-03,gdańsk,Naznaczony: Wyjście z mrocznego wymiaru,Starogard Gdański,20:30,2D,original,regular,1.0,https://tickets.cinema-city.pl/api/order/1661336?lang=pl,2026-09-03T12:41:28.117501
2026-09-03,gdańsk,Spider-Man: Całkiem nowy dzień,Starogard Gdański,20:40,2D,original,regular,1.0,https://tickets.cinema-city.pl/api/order/1660578?lang=pl,2026-09-03T12:41:28.117511
2026-09-03,gdańsk,Bogaci i martwi,Starogard Gdański,21:00,2D,original,regular,1.0,https://tickets.cinema-city.pl/api/order/1659421?lang=pl,2026-09-03T12:41:28.117524
2026-09-03,gdańsk,Terminator 2: Dzień sądu 35. Rocznica,Starogard Gdański,21:20,2D,original,regular,1.0,https://tickets.cinema-city.pl/api/order/1660841?lang=pl,2026-09-03T12:41:28.117535
2026-09-03,gdańsk,Gwiazdozbiór psa,Starogard Gdański,21:50,2D,original,regular,1.0,https://tickets.cinema-city.pl/api/order/1652846?lang=pl,2026-09-03T12:41:28.117545
2026-09-03,toruń,Gwiazdozbiór psa,Toruń - Czerwona Droga,14:30,2D,original,regular,1.0,https://tickets.cinema-city.pl/api/order/1656595?lang=pl,2026-09-03T12:41:29.965123
2026-09-03,toruń,Spider-Man: Całkiem nowy dzień,Toruń - Czerwona Droga,14:40,2D,original,regular,1.0,https://tickets.cinema-city.pl/api/order/1653882?lang=pl,2026-09-03T12:41:29.965154
2026-09-03,toruń,Pucio kocha zwierzaki,Toruń - Czerwona Droga,15:00,2D,,regular,1.0,https://tickets.cinema-city.pl/api/order/1651148?lang=pl,2026-09-03T12:41:29.965173
2026-09-03,toruń,Buntownik,Toruń - Czerwona Droga,15:00,2D,original,regular,1.0,https://tickets.cinema-city.pl/api/order/1655365?lang=pl,2026-09-03T12:41:29.965187
2026-09-03,toruń,Sunny Dancer,Toruń - Czerwona Droga,15:15,2D,original,regular,1.0,https://tickets.cinema-city.pl/api/order/1656028?lang=pl,2026-09-03T12:41:29.965197
2026-09-03,toruń,Naznaczony: Wyjście z mrocznego wymiaru,Toruń - Czerwona Droga,15:30,2D,original,regular,1.0,https://tickets.cinema-city.pl/api/order/1652686?lang=pl,2026-09-03T12:41:29.965209
2026-09-03,toruń,Księga pustyni,Toruń - Czerwona Droga,15:50,2D,,regular,1.0,https://tickets.cinema-city.pl/api/order/1651521?lang=pl,2026-09-03T12:41:29.965220
2026-09-03,toruń,Psi patrol i dinozaury,Toruń - Czerwona Droga,15:50,2D,,regular,1.0,https://tickets.cinema-city.pl/api/order/1657222?lang=pl,2026-09-03T12:41:29.965230
2026-09-03,toruń,Terminator 2: Dzień sądu 35. Rocznica,Toruń - Czerwona Droga,16:00,2D,original,regular,1.0,https://tickets.cinema-city.pl/api/order/1655627?lang=pl,2026-09-03T12:41:29.965242
2026-09-03,toruń,Spider-Man: Całkiem nowy dzień,Toruń - Czerwona Droga,16:00,2D,original,regular,1.0,https://tickets.cinema-city.pl/api/order/1657954?lang=pl,2026-09-03T12:41:29.965252
2026-09-03,toruń,Odyseja,Toruń - Czerwona Droga,16:10,2D,original,regular,1.0,https://tickets.cinema-city.pl/api/order/1654679?lang=pl,2026-09-03T12:41:29.965263
2026-09-03,toruń,Pucio kocha zwierzaki,Toruń - Czerwona Droga,16:30,2D,,regular,1.0,https://tickets.cinema-city.pl/api/order/1651149?lang=pl,2026-09-03T12:41:29.965272
2026-09-03,toruń,Harry Potter i Kamień Filozoficzny - 25. rocznica,Toruń - Czerwona Droga,16:30,2D,,regular,1.0,https://tickets.cinema-city.pl/api/order/1657535?lang=pl,2026-09-03T12:41:29.965283
2026-09-03,toruń,Gwiazdozbiór psa,Toruń - Czerwona Droga,17:10,2D,original,regular,1.0,https://tickets.cinema-city.pl/api/order/1656599?lang=pl,2026-09-03T12:41:29.965294
2026-09-03,toruń,Psi patrol i dinozaury,Toruń - Czerwona Droga,17:20,2D,,regular,1.0,https://tickets.cinema-city.pl/api/order/1655367?lang=pl,2026-09-03T12:41:29.965303
2026-09-03,toruń,Koniec ulicy Dębowej,Toruń - Czerwona Droga,17:40,2D,original,regular,1.0,https://tickets.cinema-city.pl/api/order/1656034?lang=pl,2026-09-03T12:41:29.965315
2026-09-03,toruń,Gorzkie święta,Toruń - Czerwona Droga,17:50,2D,original,regular,1.0,https://tickets.cinema-city.pl/api/order/1653894?lang=pl,2026-09-03T12:41:29.965325
2026-09-03,toruń,Ostrze przeznaczenia,Toruń - Czerwona Droga,18:00,2D,original,regular,1.0,https://tickets.cinema-city.pl/api/order/1620893?lang=pl,2026-09-03T12:41:29.965336
2026-09-03,toruń,Spider-Man: Całkiem nowy dzień,Toruń - Czerwona Droga,18:00,2D,original,regular,1.0,https://tickets.cinema-city.pl/api/order/1657224?lang=pl,2026-09-03T12:41:29.965346
2026-09-03,toruń,Wrong Girls,Toruń - Czerwona Droga,18:10,2D,original,regular,1.0,https://tickets.cinema-city.pl/api/order/1651527?lang=pl,2026-09-03T12:41:29.965356
2026-09-03,toruń,Nie patrz w dół 2,Toruń - Czerwona Droga,18:20,2D,original,regular,1.0,https://tickets.cinema-city.pl/api/order/1652732?lang=pl,2026-09-03T12:41:29.965366
2026-09-03,toruń,Terminator 2: Dzień sądu 35. Rocznica,Toruń - Czerwona Droga,19:00,2D,original,regular,1.0,https://tickets.cinema-city.pl/api/order/1655631?lang=pl,2026-09-03T12:41:29.965377
2026-09-03,toruń,Spider-Man: Całkiem nowy dzień,Toruń - Czerwona Droga,19:10,2D,original,regular,1.0,https://tickets.cinema-city.pl/api/order/1657960?lang=pl,2026-09-03T12:41:29.965387
2026-09-03,toruń,Buntownik,Toruń - Czerwona Droga,19:30,2D,original,regular,1.0,https://tickets.cinema-city.pl/api/order/1655369?lang=pl,2026-09-03T12:41:29.965397
2026-09-03,toruń,Odyseja,Toruń - Czerwona Droga,19:45,2D,original,regular,1.0,https://tickets.cinema-city.pl/api/order/1654685?lang=pl,2026-09-03T12:41:29.965407
2026-09-03,toruń,Gwiazdozbiór psa,Toruń - Czerwona Droga,19:50,2D,original,regular,1.0,https://tickets.cinema-city.pl/api/order/1656603?lang=pl,2026-09-03T12:41:29.965417
2026-09-03,toruń,Naznaczony: Wyjście z mrocznego wymiaru,Toruń - Czerwona Droga,20:00,2D,original,regular,1.0,https://tickets.cinema-city.pl/api/order/1657559?lang=pl,2026-09-03T12:41:29.965428
2026-09-03,toruń,Sunny Dancer,Toruń - Czerwona Droga,20:10,2D,original,regular,1.0,https://tickets.cinema-city.pl/api/order/1656040?lang=pl,2026-09-03T12:41:29.965438
2026-09-03,toruń,Bogaci i martwi,Toruń - Czerwona Droga,20:30,2D,original,regular,1.0,https://tickets.cinema-city.pl/api/order/1651533?lang=pl,2026-09-03T12:41:29.965449
2026-09-03,toruń,Gorzkie święta,Toruń - Czerwona Droga,20:30,2D,original,regular,1.0,https://tickets.cinema-city.pl/api/order/1653919?lang=pl,2026-09-03T12:41:29.965458
2026-09-03,toruń,Gwiazdozbiór psa,Toruń - Czerwona Droga,20:40,2D,original,regular,1.0,https://tickets.cinema-city.pl/api/order/1652742?lang=pl,2026-09-03T12:41:29.965468
2026-09-03,toruń,Obsesja,Toruń - Czerwona Droga,20:50,2D,original,regular,1.0,https://tickets.cinema-city.pl/api/order/1651199?lang=pl,2026-09-03T12:41:29.965478
2026-09-03,toruń,Spider-Man: Całkiem nowy dzień,Toruń - Czerwona Droga,21:10,2D,original,regular,1.0,https://tickets.cinema-city.pl/api/order/1657226?lang=pl,2026-09-03T12:41:29.965489
2026-09-03,toruń,Buntownik,Toruń - Czerwona Droga,21:45,2D,original,regular,1.0,https://tickets.cinema-city.pl/api/order/1655371?lang=pl,2026-09-03T12:41:29.965498
2026-09-03,toruń,Naznaczony: Wyjście z mrocznego wymiaru,Toruń - Czerwona Droga,22:00,2D,original,regular,1.0,https://tickets.cinema-city.pl/api/order/1655649?lang=pl,2026-09-03T12:41:29.965508
2026-09-03,toruń,Odyseja,Toruń - Plaza,14:30,2D,original,regular,1.0,https://tickets.cinema-city.pl/api/order/1657062?lang=pl,2026-09-03T12:41:31.999472
2026-09-03,toruń,Minionki i straszydła,Toruń - Plaza,14:50,2D,,regular,1.0,https://tickets.cinema-city.pl/api/order/1657032?lang=pl,2026-09-03T12:41:31.999497
2026-09-03,toruń,Spider-Man: Całkiem nowy dzień,Toruń - Plaza,15:00,2D,original,regular,1.0,https://tickets.cinema-city.pl/api/order/1657034?lang=pl,2026-09-03T12:41:31.999510
2026-09-03,toruń,Psi patrol i dinozaury,Toruń - Plaza,15:20,2D,,regular,1.0,https://tickets.cinema-city.pl/api/order/1657088?lang=pl,2026-09-03T12:41:31.999520
2026-09-03,toruń,Koniec ulicy Dębowej,Toruń - Plaza,15:45,2D,original,regular,1.0,https://tickets.cinema-city.pl/api/order/1657028?lang=pl,2026-09-03T12:41:31.999532
2026-09-03,toruń,Naznaczony: Wyjście z mrocznego wymiaru,Toruń - Plaza,16:00,2D,original,regular,1.0,https://tickets.cinema-city.pl/api/order/1657026?lang=pl,2026-09-03T12:41:31.999543
2026-09-03,toruń,Gwiazdozbiór psa,Toruń - Plaza,16:15,2D,original,regular,1.0,https://tickets.cinema-city.pl/api/order/1657074?lang=pl,2026-09-03T12:41:31.999554
2026-09-03,toruń,Spider-Man: Całkiem nowy dzień,Toruń - Plaza,16:30,2D,original,regular,1.0,https://tickets.cinema-city.pl/api/order/1657036?lang=pl,2026-09-03T12:41:31.999564
2026-09-03,toruń,Harry Potter i Kamień Filozoficzny - 25. rocznica,Toruń - Plaza,17:00,2D,,regular,1.0,https://tickets.cinema-city.pl/api/order/1657068?lang=pl,2026-09-03T12:41:31.999574
2026-09-03,toruń,Psi patrol i dinozaury,Toruń - Plaza,17:30,2D,,regular,1.0,https://tickets.cinema-city.pl/api/order/1657050?lang=pl,2026-09-03T12:41:31.999583
2026-09-03,toruń,Sunny Dancer,Toruń - Plaza,18:00,2D,original,regular,1.0,https://tickets.cinema-city.pl/api/order/1657082?lang=pl,2026-09-03T12:41:31.999593
2026-09-03,toruń,Spider-Man: Całkiem nowy dzień,Toruń - Plaza,18:00,2D,original,regular,1.0,https://tickets.cinema-city.pl/api/order/1657094?lang=pl,2026-09-03T12:41:31.999603
2026-09-03,toruń,Gorzkie święta,Toruń - Plaza,18:20,2D,original,regular,1.0,https://tickets.cinema-city.pl/api/order/1657030?lang=pl,2026-09-03T12:41:31.999612
2026-09-03,toruń,Nie patrz w dół 2,Toruń - Plaza,18:30,2D,original,regular,1.0,https://tickets.cinema-city.pl/api/order/1657058?lang=pl,2026-09-03T12:41:31.999622
2026-09-03,toruń,Gwiazdozbiór psa,Toruń - Plaza,18:50,2D,original,regular,1.0,https://tickets.cinema-city.pl/api/order/1657076?lang=pl,2026-09-03T12:41:31.999632
2026-09-03,toruń,Terminator 2: Dzień sądu 35. Rocznica,Toruń - Plaza,19:35,2D,original,regular,1.0,https://tickets.cinema-city.pl/api/order/1657090?lang=pl,2026-09-03T12:41:31.999642
2026-09-03,toruń,Spider-Man: Całkiem nowy dzień,Toruń - Plaza,19:45,2D,original,regular,1.0,https://tickets.cinema-city.pl/api/order/1657052?lang=pl,2026-09-03T12:41:31.999652
2026-09-03,toruń,Naznaczony: Wyjście z mrocznego wymiaru,Toruń - Plaza,20:20,2D,original,regular,1.0,https://tickets.cinema-city.pl/api/order/1657064?lang=pl,2026-09-03T12:41:31.999662
2026-09-03,toruń,Odyseja,Toruń - Plaza,20:30,2D,original,regular,1.0,https://tickets.cinema-city.pl/api/order/1657066?lang=pl,2026-09-03T12:41:31.999672
2026-09-03,toruń,Buntownik,Toruń - Plaza,20:50,2D,original,regular,1.0,https://tickets.cinema-city.pl/api/order/1657060?lang=pl,2026-09-03T12:41:31.999681
2026-09-03,toruń,Spider-Man: Całkiem nowy dzień,Toruń - Plaza,21:00,2D,original,regular,1.0,https://tickets.cinema-city.pl/api/order/1657038?lang=pl,2026-09-03T12:41:31.999691
2026-09-03,toruń,Wrong Girls,Toruń - Plaza,21:00,2D,original,regular,1.0,https://tickets.cinema-city.pl/api/order/1657056?lang=pl,2026-09-03T12:41:31.999700
2026-09-03,toruń,Gwiazdozbiór psa,Toruń - Plaza,21:30,2D,original,regular,1.0,https://tickets.cinema-city.pl/api/order/1657078?lang=pl,2026-09-03T12:41:31.999710
2026-09-03,wałbrzych,Spider-Man: Całkiem nowy dzień,Wałbrzych,14:50,2D,original,regular,1.0,https://tickets.cinema-city.pl/api/order/1660785?lang=pl,2026-09-03T12:41:34.003531
2026-09-03,wałbrzych,Księga pustyni,Wałbrzych,15:10,2D,,regular,1.0,https://tickets.cinema-city.pl/api/order/1661409?lang=pl,2026-09-03T12:41:34.003555
2026-09-03,wałbrzych,Buntownik,Wałbrzych,15:30,2D,original,regular,1.0,https://tickets.cinema-city.pl/api/order/1661504?lang=pl,2026-09-03T12:41:34.003567
2026-09-03,wałbrzych,Koniec ulicy Dębowej,Wałbrzych,15:45,2D,original,regular,1.0,https://tickets.cinema-city.pl/api/order/1661789?lang=pl,2026-09-03T12:41:34.003579
2026-09-03,wałbrzych,Gwiazdozbiór psa,Wałbrzych,16:20,2D,original,regular,1.0,https://tickets.cinema-city.pl/api/order/1660942?lang=pl,2026-09-03T12:41:34.003590
2026-09-03,wałbrzych,Spider-Man: Całkiem nowy dzień,Wałbrzych,16:50,2D,original,regular,1.0,https://tickets.cinema-city.pl/api/order/1659779?lang=pl,2026-09-03T12:41:34.003600
2026-09-03,wałbrzych,Harry Potter i Kamień Filozoficzny - 25. rocznica,Wałbrzych,17:20,2D,,regular,1.0,https://tickets.cinema-city.pl/api/order/1661372?lang=pl,2026-09-03T12:41:34.003612
2026-09-03,wałbrzych,Gorzkie święta,Wałbrzych,17:40,2D,original,regular,1.0,https://tickets.cinema-city.pl/api/order/1661451?lang=pl,2026-09-03T12:41:34.003622
2026-09-03,wałbrzych,Nie patrz w dół 2,Wałbrzych,17:50,2D,original,regular,1.0,https://tickets.cinema-city.pl/api/order/1660732?lang=pl,2026-09-03T12:41:34.003633
2026-09-03,wałbrzych,Spider-Man: Całkiem nowy dzień,Wałbrzych,18:00,2D,original,regular,1.0,https://tickets.cinema-city.pl/api/order/1660787?lang=pl,2026-09-03T12:41:34.003643
2026-09-03,wałbrzych,Naznaczony: Wyjście z mrocznego wymiaru,Wałbrzych,18:10,2D,original,regular,1.0,https://tickets.cinema-city.pl/api/order/1661713?lang=pl,2026-09-03T12:41:34.003655
2026-09-03,wałbrzych,Gwiazdozbiór psa,Wałbrzych,19:00,2D,original,regular,1.0,https://tickets.cinema-city.pl/api/order/1660944?lang=pl,2026-09-03T12:41:34.003665
2026-09-03,wałbrzych,Spider-Man: Całkiem nowy dzień,Wałbrzych,20:00,2D,original,regular,1.0,https://tickets.cinema-city.pl/api/order/1659785?lang=pl,2026-09-03T12:41:34.003675
2026-09-03,wałbrzych,Buntownik,Wałbrzych,20:10,2D,original,regular,1.0,https://tickets.cinema-city.pl/api/order/1661540?lang=pl,2026-09-03T12:41:34.003685
2026-09-03,wałbrzych,Odyseja,Wałbrzych,20:20,2D,original,regular,1.0,https://tickets.cinema-city.pl/api/order/1660733?lang=pl,2026-09-03T12:41:34.003696
2026-09-03,wałbrzych,Naznaczony: Wyjście z mrocznego wymiaru,Wałbrzych,20:40,2D,original,regular,1.0,https://tickets.cinema-city.pl/api/order/1661740?lang=pl,2026-09-03T12:41:34.003706
2026-09-03,wałbrzych,Terminator 2: Dzień sądu 35. Rocznica,Wałbrzych,20:45,2D,original,regular,1.0,https://tickets.cinema-city.pl/api/order/1661375?lang=pl,2026-09-03T12:41:34.003717
2026-09-03,wałbrzych,Spider-Man: Całkiem nowy dzień,Wałbrzych,21:10,2D,original,regular,1.0,https://tickets.cinema-city.pl/api/order/1660788?lang=pl,2026-09-03T12:41:34.003727
2026-09-03,wałbrzych,Gwiazdozbiór psa,Wałbrzych,21:40,2D,original,regular,1.0,https://tickets.cinema-city.pl/api/order/1660946?lang=pl,2026-09-03T12:41:34.003736
2026-09-03,warszawa,Gwiazdozbiór psa,Warszawa -  Arkadia,14:40,2D,original,regular,1.0,https://tickets.cinema-city.pl/api/order/1655039?lang=pl,2026-09-03T12:41:35.791627
2026-09-03,warszawa,Spider-Man: Całkiem nowy dzień,Warszawa -  Arkadia,14:50,2D,original,regular,1.0,https://tickets.cinema-city.pl/api/order/1654581?lang=pl,2026-09-03T12:41:35.791652
2026-09-03,warszawa,Księga pustyni,Warszawa -  Arkadia,14:50,2D,,regular,1.0,https://tickets.cinema-city.pl/api/order/1656843?lang=pl,2026-09-03T12:41:35.791665
2026-09-03,warszawa,Buntownik,Warszawa -  Arkadia,15:00,2D,original,regular,1.0,https://tickets.cinema-city.pl/api/order/1652119?lang=pl,2026-09-03T12:41:35.791676
2026-09-03,warszawa,Psi patrol i dinozaury,Warszawa -  Arkadia,15:20,2D,,regular,1.0,https://tickets.cinema-city.pl/api/order/1657692?lang=pl,2026-09-03T12:41:35.791686
2026-09-03,warszawa,Sunny Dancer,Warszawa -  Arkadia,15:30,2D,original,regular,1.0,https://tickets.cinema-city.pl/api/order/1653058?lang=pl,2026-09-03T12:41:35.791696
2026-09-03,warszawa,Terminator 2: Dzień sądu 35. Rocznica,Warszawa -  Arkadia,15:30,2D,original,regular,1.0,https://tickets.cinema-city.pl/api/order/1655715?lang=pl,2026-09-03T12:41:35.791708
2026-09-03,warszawa,Pucio kocha zwierzaki,Warszawa -  Arkadia,15:40,2D,,regular,1.0,https://tickets.cinema-city.pl/api/order/1658560?lang=pl,2026-09-03T12:41:35.791718
2026-09-03,warszawa,Spider-Man: Całkiem nowy dzień,Warszawa -  Arkadia,15:40,2D,original,regular,1.0,https://tickets.cinema-city.pl/api/order/1658998?lang=pl,2026-09-03T12:41:35.791728
2026-09-03,warszawa,Wrong Girls,Warszawa -  Arkadia,15:50,2D,original,regular,1.0,https://tickets.cinema-city.pl/api/order/1649970?lang=pl,2026-09-03T12:41:35.791738
2026-09-03,warszawa,Gwiazdozbiór psa,Warszawa -  Arkadia,16:20,2D,original,regular,1.0,https://tickets.cinema-city.pl/api/order/1656413?lang=pl,2026-09-03T12:41:35.791748
2026-09-03,warszawa,Spider-Man: Całkiem nowy dzień,Warszawa -  Arkadia,16:40,3D,original,regular,1.0,https://tickets.cinema-city.pl/api/order/1652764?lang=pl,2026-09-03T12:41:35.791758
2026-09-03,warszawa,Terminator 2: Dzień sądu 35. Rocznica,Warszawa -  Arkadia,16:50,4DX,original,regular,1.0,https://tickets.cinema-city.pl/api/order/1656638?lang=pl,2026-09-03T12:41:35.791766
2026-09-03,warszawa,Naznaczony: Wyjście z mrocznego wymiaru,Warszawa -  Arkadia,17:00,2D,original,regular,1.0,https://tickets.cinema-city.pl/api/order/1656849?lang=pl,2026-09-03T12:41:35.791778
2026-09-03,warszawa,Bogaci i martwi,Warszawa -  Arkadia,17:10,2D,original,regular,1.0,https://tickets.cinema-city.pl/api/order/1658579?lang=pl,2026-09-03T12:41:35.791789
2026-09-03,warszawa,Gorzkie święta,Warszawa -  Arkadia,17:20,2D,original,regular,1.0,https://tickets.cinema-city.pl/api/order/1652095?lang=pl,2026-09-03T12:41:35.791798
2026-09-03,warszawa,Odyseja,Warszawa -  Arkadia,17:20,2D,original,regular,1.0,https://tickets.cinema-city.pl/api/order/1655041?lang=pl,2026-09-03T12:41:35.791808
2026-09-03,warszawa,Sunny Dancer,Warszawa -  Arkadia,17:20,2D,original,regular,1.0,https://tickets.cinema-city.pl/api/order/1657134?lang=pl,2026-09-03T12:41:35.791817
2026-09-03,warszawa,Harry Potter i Kamień Filozoficzny - 25. rocznica,Warszawa -  Arkadia,17:30,2D,,regular,1.0,https://tickets.cinema-city.pl/api/order/1655375?lang=pl,2026-09-03T12:41:35.791828
2026-09-03,warszawa,Buntownik,Warszawa -  Arkadia,17:30,2D,original,regular,1.0,https://tickets.cinema-city.pl/api/order/1658094?lang=pl,2026-09-03T12:41:35.791837
2026-09-03,warszawa,Ostrze przeznaczenia,Warszawa -  Arkadia,18:00,2D,original,regular,1.0,https://tickets.cinema-city.pl/api/order/1620872?lang=pl,2026-09-03T12:41:35.791848
2026-09-03,warszawa,Spider-Man: Całkiem nowy dzień,Warszawa -  Arkadia,18:00,2D,original,regular,1.0,https://tickets.cinema-city.pl/api/order/1654582?lang=pl,2026-09-03T12:41:35.791858
2026-09-03,warszawa,Wrong Girls,Warszawa -  Arkadia,18:20,2D,original,regular,1.0,https://tickets.cinema-city.pl/api/order/1649976?lang=pl,2026-09-03T12:41:35.791866
2026-09-03,warszawa,Terminator 2: Dzień sądu 35. Rocznica,Warszawa -  Arkadia,18:30,2D,original,regular,1.0,https://tickets.cinema-city.pl/api/order/1655719?lang=pl,2026-09-03T12:41:35.791877
2026-09-03,warszawa,Spider-Man: Całkiem nowy dzień,Warszawa -  Arkadia,18:50,2D,original,regular,1.0,https://tickets.cinema-city.pl/api/order/1659004?lang=pl,2026-09-03T12:41:35.791887
2026-09-03,warszawa,Gwiazdozbiór psa,Warszawa -  Arkadia,19:00,2D,original,regular,1.0,https://tickets.cinema-city.pl/api/order/1656417?lang=pl,2026-09-03T12:41:35.791896
2026-09-03,warszawa,Naznaczony: Wyjście z mrocznego wymiaru,Warszawa -  Arkadia,19:30,2D,original,regular,1.0,https://tickets.cinema-city.pl/api/order/1656855?lang=pl,2026-09-03T12:41:35.791907
2026-09-03,warszawa,Koniec ulicy Dębowej,Warszawa -  Arkadia,19:40,2D,original,regular,1.0,https://tickets.cinema-city.pl/api/order/1658567?lang=pl,2026-09-03T12:41:35.791917
2026-09-03,warszawa,Nie patrz w dół 2,Warszawa -  Arkadia,19:50,2D,original,regular,1.0,https://tickets.cinema-city.pl/api/order/1652766?lang=pl,2026-09-03T12:41:35.791928
2026-09-03,warszawa,Gwiazdozbiór psa,Warszawa -  Arkadia,19:50,4DX,original,regular,1.0,https://tickets.cinema-city.pl/api/order/1656646?lang=pl,2026-09-03T12:41:35.791936
2026-09-03,warszawa,Sunny Dancer,Warszawa -  Arkadia,19:50,2D,original,regular,1.0,https://tickets.cinema-city.pl/api/order/1657140?lang=pl,2026-09-03T12:41:35.791945
2026-09-03,warszawa,Buntownik,Warszawa -  Arkadia,19:50,2D,original,regular,1.0,https://tickets.cinema-city.pl/api/order/1657697?lang=pl,2026-09-03T12:41:35.791954
2026-09-03,warszawa,Gorzkie święta,Warszawa -  Arkadia,20:00,2D,original,regular,1.0,https://tickets.cinema-city.pl/api/order/1652101?lang=pl,2026-09-03T12:41:35.791963
2026-09-03,warszawa,Wszyscy moi wrogowie,Warszawa -  Arkadia,20:40,2D,original,regular,1.0,https://tickets.cinema-city.pl/api/order/1649982?lang=pl,2026-09-03T12:41:35.791973
2026-09-03,warszawa,Tylko jedna noc,Warszawa -  Arkadia,20:50,2D,original,regular,1.0,https://tickets.cinema-city.pl/api/order/1653072?lang=pl,2026-09-03T12:41:35.791982
2026-09-03,warszawa,Spider-Man: Całkiem nowy dzień,Warszawa -  Arkadia,20:50,2D,original,regular,1.0,https://tickets.cinema-city.pl/api/order/1655393?lang=pl,2026-09-03T12:41:35.791991
2026-09-03,warszawa,Gwiazdozbiór psa ukraiński dubbing,Warszawa -  Arkadia,21:00,2D,dubbing,regular,1.0,https://tickets.cinema-city.pl/api/order/1655043?lang=pl,2026-09-03T12:41:35.792000
2026-09-03,warszawa,Odyseja,Warszawa -  Arkadia,21:10,2D,original,regular,1.0,https://tickets.cinema-city.pl/api/order/1654583?lang=pl,2026-09-03T12:41:35.792009
2026-09-03,warszawa,Terminator 2: Dzień sądu 35. Rocznica,Warszawa -  Arkadia,21:30,2D,original,regular,1.0,https://tickets.cinema-city.pl/api/order/1656004?lang=pl,2026-09-03T12:41:35.792020
2026-09-03,warszawa,Gwiazdozbiór psa,Warszawa -  Arkadia,21:40,2D,original,regular,1.0,https://tickets.cinema-city.pl/api/order/1656421?lang=pl,2026-09-03T12:41:35.792029
2026-09-03,warszawa,Naznaczony: Wyjście z mrocznego wymiaru,Warszawa -  Arkadia,22:00,2D,original,regular,1.0,https://tickets.cinema-city.pl/api/order/1656861?lang=pl,2026-09-03T12:41:35.792039
2026-09-03,warszawa,Spider-Man: Całkiem nowy dzień,Warszawa -  Arkadia,22:00,2D,original,regular,1.0,https://tickets.cinema-city.pl/api/order/1659010?lang=pl,2026-09-03T12:41:35.792049
2026-09-03,warszawa,Naznaczony: Wyjście z mrocznego wymiaru ukraiński dubbing,Warszawa -  Arkadia,22:10,2D,dubbing,regular,1.0,https://tickets.cinema-city.pl/api/order/1652768?lang=pl,2026-09-03T12:41:35.792059
2026-09-03,warszawa,Buntownik,Warszawa -  Arkadia,22:10,2D,original,regular,1.0,https://tickets.cinema-city.pl/api/order/1657703?lang=pl,2026-09-03T12:41:35.792084
2026-09-03,warszawa,Koniec ulicy Dębowej,Warszawa -  Arkadia,22:10,2D,original,regular,1.0,https://tickets.cinema-city.pl/api/order/1658779?lang=pl,2026-09-03T12:41:35.792096
2026-09-03,warszawa,Obsesja,Warszawa -  Arkadia,22:20,2D,original,regular,1.0,https://tickets.cinema-city.pl/api/order/1657146?lang=pl,2026-09-03T12:41:35.792106
2026-09-03,warszawa,Gorzkie święta,Warszawa -  Arkadia,22:30,2D,original,regular,1.0,https://tickets.cinema-city.pl/api/order/1652107?lang=pl,2026-09-03T12:41:35.792114
2026-09-03,warszawa,Naznaczony: Wyjście z mrocznego wymiaru,Warszawa -  Arkadia,22:30,4DX,original,regular,1.0,https://tickets.cinema-city.pl/api/order/1656658?lang=pl,2026-09-03T12:41:35.792123
2026-09-03,warszawa,Psi patrol i dinozaury,Warszawa - Bemowo,15:00,2D,,regular,1.0,https://tickets.cinema-city.pl/api/order/1659835?lang=pl,2026-09-03T12:41:37.799681
2026-09-03,warszawa,Pucio kocha zwierzaki,Warszawa - Bemowo,15:10,2D,,regular,1.0,https://tickets.cinema-city.pl/api/order/1660470?lang=pl,2026-09-03T12:41:37.799704
2026-09-03,warszawa,Spider-Man: Całkiem nowy dzień,Warszawa - Bemowo,15:15,2D,original,regular,1.0,https://tickets.cinema-city.pl/api/order/1661468?lang=pl,2026-09-03T12:41:37.799718
2026-09-03,warszawa,Księga pustyni,Warszawa - Bemowo,15:30,2D,,regular,1.0,https://tickets.cinema-city.pl/api/order/1661606?lang=pl,2026-09-03T12:41:37.799729
2026-09-03,warszawa,Zaproszenie,Warszawa - Bemowo,15:30,2D,original,regular,1.0,https://tickets.cinema-city.pl/api/order/1661806?lang=pl,2026-09-03T12:41:37.799739
2026-09-03,warszawa,Odyseja,Warszawa - Bemowo,16:00,2D,original,regular,1.0,https://tickets.cinema-city.pl/api/order/1661203?lang=pl,2026-09-03T12:41:37.799751
2026-09-03,warszawa,Wrong Girls,Warszawa - Bemowo,16:20,2D,original,regular,1.0,https://tickets.cinema-city.pl/api/order/1661023?lang=pl,2026-09-03T12:41:37.799760
2026-09-03,warszawa,Gwiazdozbiór psa,Warszawa - Bemowo,16:20,2D,original,regular,1.0,https://tickets.cinema-city.pl/api/order/1661284?lang=pl,2026-09-03T12:41:37.799771
2026-09-03,warszawa,Gorzkie święta,Warszawa - Bemowo,16:40,2D,original,regular,1.0,https://tickets.cinema-city.pl/api/order/1651688?lang=pl,2026-09-03T12:41:37.799781
2026-09-03,warszawa,Spider-Man: Całkiem nowy dzień,Warszawa - Bemowo,16:40,2D,original,regular,1.0,https://tickets.cinema-city.pl/api/order/1660476?lang=pl,2026-09-03T12:41:37.799791
2026-09-03,warszawa,Bogaci i martwi,Warszawa - Bemowo,16:50,2D,original,regular,1.0,https://tickets.cinema-city.pl/api/order/1661500?lang=pl,2026-09-03T12:41:37.799802
2026-09-03,warszawa,Harry Potter i Kamień Filozoficzny - 25. rocznica,Warszawa - Bemowo,17:00,2D,,regular,1.0,https://tickets.cinema-city.pl/api/order/1661131?lang=pl,2026-09-03T12:41:37.799813
2026-09-03,warszawa,Psi patrol i dinozaury,Warszawa - Bemowo,17:10,2D,,regular,1.0,https://tickets.cinema-city.pl/api/order/1659837?lang=pl,2026-09-03T12:41:37.799823
2026-09-03,warszawa,Naznaczony: Wyjście z mrocznego wymiaru,Warszawa - Bemowo,17:45,2D,original,regular,1.0,https://tickets.cinema-city.pl/api/order/1661612?lang=pl,2026-09-03T12:41:37.799834
2026-09-03,warszawa,Ostrze przeznaczenia,Warszawa - Bemowo,18:00,2D,original,regular,1.0,https://tickets.cinema-city.pl/api/order/1620884?lang=pl,2026-09-03T12:41:37.799845
2026-09-03,warszawa,Spider-Man: Całkiem nowy dzień,Warszawa - Bemowo,18:20,2D,original,regular,1.0,https://tickets.cinema-city.pl/api/order/1661474?lang=pl,2026-09-03T12:41:37.799856
2026-09-03,warszawa,Nie patrz w dół 2,Warszawa - Bemowo,18:45,2D,original,regular,1.0,https://tickets.cinema-city.pl/api/order/1661024?lang=pl,2026-09-03T12:41:37.799867
2026-09-03,warszawa,Gwiazdozbiór psa,Warszawa - Bemowo,19:00,2D,original,regular,1.0,https://tickets.cinema-city.pl/api/order/1661288?lang=pl,2026-09-03T12:41:37.799877
2026-09-03,warszawa,Gorzkie święta,Warszawa - Bemowo,19:10,2D,original,regular,1.0,https://tickets.cinema-city.pl/api/order/1651689?lang=pl,2026-09-03T12:41:37.799887
2026-09-03,warszawa,Koniec ulicy Dębowej,Warszawa - Bemowo,19:15,2D,original,regular,1.0,https://tickets.cinema-city.pl/api/order/1661497?lang=pl,2026-09-03T12:41:37.799898
2026-09-03,warszawa,Sunny Dancer,Warszawa - Bemowo,19:20,2D,original,regular,1.0,https://tickets.cinema-city.pl/api/order/1659867?lang=pl,2026-09-03T12:41:37.799909
2026-09-03,warszawa,Terminator 2: Dzień sądu 35. Rocznica,Warszawa - Bemowo,19:30,2D,original,regular,1.0,https://tickets.cinema-city.pl/api/order/1661206?lang=pl,2026-09-03T12:41:37.799920
2026-09-03,warszawa,Odyseja,Warszawa - Bemowo,19:50,2D,original,regular,1.0,https://tickets.cinema-city.pl/api/order/1660486?lang=pl,2026-09-03T12:41:37.799930
2026-09-03,warszawa,Naznaczony: Wyjście z mrocznego wymiaru,Warszawa - Bemowo,20:10,2D,original,regular,1.0,https://tickets.cinema-city.pl/api/order/1661618?lang=pl,2026-09-03T12:41:37.799940
2026-09-03,warszawa,Spider-Man: Całkiem nowy dzień,Warszawa - Bemowo,20:20,2D,original,regular,1.0,https://tickets.cinema-city.pl/api/order/1661128?lang=pl,2026-09-03T12:41:37.799951
2026-09-03,warszawa,Buntownik,Warszawa - Bemowo,20:50,2D,original,regular,1.0,https://tickets.cinema-city.pl/api/order/1661807?lang=pl,2026-09-03T12:41:37.799960
2026-09-03,warszawa,Wszyscy moi wrogowie,Warszawa - Bemowo,21:10,2D,original,regular,1.0,https://tickets.cinema-city.pl/api/order/1661025?lang=pl,2026-09-03T12:41:37.799970
2026-09-03,warszawa,Spider-Man: Całkiem nowy dzień,Warszawa - Bemowo,21:30,2D,original,regular,1.0,https://tickets.cinema-city.pl/api/order/1661480?lang=pl,2026-09-03T12:41:37.799979
2026-09-03,warszawa,Obsesja,Warszawa - Bemowo,21:40,2D,original,regular,1.0,https://tickets.cinema-city.pl/api/order/1651690?lang=pl,2026-09-03T12:41:37.799988
2026-09-03,warszawa,Gwiazdozbiór psa,Warszawa - Bemowo,21:40,2D,original,regular,1.0,https://tickets.cinema-city.pl/api/order/1661292?lang=pl,2026-09-03T12:41:37.799998
2026-09-03,warszawa,Koniec ulicy Dębowej,Warszawa - Bemowo,21:45,2D,original,regular,1.0,https://tickets.cinema-city.pl/api/order/1661498?lang=pl,2026-09-03T12:41:37.800008
2026-09-03,warszawa,Tylko jedna noc,Warszawa - Bemowo,21:50,2D,original,regular,1.0,https://tickets.cinema-city.pl/api/order/1659869?lang=pl,2026-09-03T12:41:37.800017
2026-09-03,warszawa,Naznaczony: Wyjście z mrocznego wymiaru,Warszawa - Białołęka Galeria Północna,14:30,2D,original,regular,1.0,https://tickets.cinema-city.pl/api/order/1650750?lang=pl,2026-09-03T12:41:39.505056
2026-09-03,warszawa,Buntownik,Warszawa - Białołęka Galeria Północna,14:50,2D,original,regular,1.0,https://tickets.cinema-city.pl/api/order/1651071?lang=pl,2026-09-03T12:41:39.505120
2026-09-03,warszawa,Odyseja,Warszawa - Białołęka Galeria Północna,14:50,2D,original,regular,1.0,https://tickets.cinema-city.pl/api/order/1659438?lang=pl,2026-09-03T12:41:39.505133
2026-09-03,warszawa,Gorzkie święta,Warszawa - Białołęka Galeria Północna,15:00,2D,original,regular,1.0,https://tickets.cinema-city.pl/api/order/1659719?lang=pl,2026-09-03T12:41:39.505144
2026-09-03,warszawa,Pucio kocha zwierzaki,Warszawa - Białołęka Galeria Północna,15:20,2D,,regular,1.0,https://tickets.cinema-city.pl/api/order/1654500?lang=pl,2026-09-03T12:41:39.505155
2026-09-03,warszawa,Minionki i straszydła,Warszawa - Białołęka Galeria Północna,15:40,2D,,regular,1.0,https://tickets.cinema-city.pl/api/order/1652022?lang=pl,2026-09-03T12:41:39.505168
2026-09-03,warszawa,Odyseja,Warszawa - Białołęka Galeria Północna,15:50,2D,original,regular,1.0,https://tickets.cinema-city.pl/api/order/1650279?lang=pl,2026-09-03T12:41:39.505179
2026-09-03,warszawa,Księga pustyni,Warszawa - Białołęka Galeria Północna,15:50,2D,,regular,1.0,https://tickets.cinema-city.pl/api/order/1656875?lang=pl,2026-09-03T12:41:39.505189
2026-09-03,warszawa,Gwiazdozbiór psa,Warszawa - Białołęka Galeria Północna,16:20,Dolby Atmos,original,regular,1.0,https://tickets.cinema-city.pl/api/order/1650004?lang=pl,2026-09-03T12:41:39.505201
2026-09-03,warszawa,Spider-Man: Całkiem nowy dzień,Warszawa - Białołęka Galeria Północna,16:20,2D,original,regular,1.0,https://tickets.cinema-city.pl/api/order/1658373?lang=pl,2026-09-03T12:41:39.505212
2026-09-03,warszawa,Psi patrol i dinozaury,Warszawa - Białołęka Galeria Północna,16:30,2D,,regular,1.0,https://tickets.cinema-city.pl/api/order/1657898?lang=pl,2026-09-03T12:41:39.505222
2026-09-03,warszawa,Pucio kocha zwierzaki,Warszawa - Białołęka Galeria Północna,16:50,2D,,regular,1.0,https://tickets.cinema-city.pl/api/order/1654501?lang=pl,2026-09-03T12:41:39.505231
2026-09-03,warszawa,Harry Potter i Kamień Filozoficzny - 25. rocznica,Warszawa - Białołęka Galeria Północna,17:00,2D,,regular,1.0,https://tickets.cinema-city.pl/api/order/1650738?lang=pl,2026-09-03T12:41:39.505242
2026-09-03,warszawa,Bogaci i martwi,Warszawa - Białołęka Galeria Północna,17:10,2D,original,regular,1.0,https://tickets.cinema-city.pl/api/order/1651077?lang=pl,2026-09-03T12:41:39.505253
2026-09-03,warszawa,Tylko jedna noc,Warszawa - Białołęka Galeria Północna,17:30,2D,original,regular,1.0,https://tickets.cinema-city.pl/api/order/1659721?lang=pl,2026-09-03T12:41:39.505262
2026-09-03,warszawa,Nie patrz w dół 2,Warszawa - Białołęka Galeria Północna,17:50,2D,original,regular,1.0,https://tickets.cinema-city.pl/api/order/1652024?lang=pl,2026-09-03T12:41:39.505273
2026-09-03,warszawa,Wrong Girls,Warszawa - Białołęka Galeria Północna,18:10,2D,original,regular,1.0,https://tickets.cinema-city.pl/api/order/1656876?lang=pl,2026-09-03T12:41:39.505283
2026-09-03,warszawa,Wszyscy moi wrogowie,Warszawa - Białołęka Galeria Północna,18:20,2D,original,regular,1.0,https://tickets.cinema-city.pl/api/order/1654502?lang=pl,2026-09-03T12:41:39.505294
2026-09-03,warszawa,Odyseja,Warszawa - Białołęka Galeria Północna,18:30,2D,original,regular,1.0,https://tickets.cinema-city.pl/api/order/1659441?lang=pl,2026-09-03T12:41:39.505304
2026-09-03,warszawa,Sunny Dancer,Warszawa - Białołęka Galeria Północna,18:50,2D,original,regular,1.0,https://tickets.cinema-city.pl/api/order/1657904?lang=pl,2026-09-03T12:41:39.505314
2026-09-03,warszawa,Gwiazdozbiór psa,Warszawa - Białołęka Galeria Północna,19:00,Dolby Atmos,original,regular,1.0,https://tickets.cinema-city.pl/api/order/1650007?lang=pl,2026-09-03T12:41:39.505325
2026-09-03,warszawa,Spider-Man: Całkiem nowy dzień,Warszawa - Białołęka Galeria Północna,19:20,2D,original,regular,1.0,https://tickets.cinema-city.pl/api/order/1658379?lang=pl,2026-09-03T12:41:39.505335
2026-09-03,warszawa,Terminator 2: Dzień sądu 35. Rocznica,Warszawa - Białołęka Galeria Północna,19:30,2D,original,regular,1.0,https://tickets.cinema-city.pl/api/order/1650261?lang=pl,2026-09-03T12:41:39.505346
2026-09-03,warszawa,Buntownik,Warszawa - Białołęka Galeria Północna,19:30,2D,original,regular,1.0,https://tickets.cinema-city.pl/api/order/1651083?lang=pl,2026-09-03T12:41:39.505356
2026-09-03,warszawa,Gorzkie święta,Warszawa - Białołęka Galeria Północna,19:50,2D,original,regular,1.0,https://tickets.cinema-city.pl/api/order/1659723?lang=pl,2026-09-03T12:41:39.505365
2026-09-03,warszawa,Odyseja,Warszawa - Białołęka Galeria Północna,20:10,2D,original,regular,1.0,https://tickets.cinema-city.pl/api/order/1652026?lang=pl,2026-09-03T12:41:39.505375
2026-09-03,warszawa,Naznaczony: Wyjście z mrocznego wymiaru,Warszawa - Białołęka Galeria Północna,20:20,2D,original,regular,1.0,https://tickets.cinema-city.pl/api/order/1650756?lang=pl,2026-09-03T12:41:39.505386
2026-09-03,warszawa,Gwiazdozbiór psa ukraiński dubbing,Warszawa - Białołęka Galeria Północna,20:30,2D,dubbing,regular,1.0,https://tickets.cinema-city.pl/api/order/1656872?lang=pl,2026-09-03T12:41:39.505395
2026-09-03,warszawa,Wszyscy moi wrogowie,Warszawa - Białołęka Galeria Północna,21:20,2D,original,regular,1.0,https://tickets.cinema-city.pl/api/order/1654503?lang=pl,2026-09-03T12:41:39.505406
2026-09-03,warszawa,Sunny Dancer,Warszawa - Białołęka Galeria Północna,21:20,2D,original,regular,1.0,https://tickets.cinema-city.pl/api/order/1657910?lang=pl,2026-09-03T12:41:39.505415
2026-09-03,warszawa,Gwiazdozbiór psa,Warszawa - Białołęka Galeria Północna,21:40,Dolby Atmos,original,regular,1.0,https://tickets.cinema-city.pl/api/order/1650010?lang=pl,2026-09-03T12:41:39.505426
2026-09-03,warszawa,Buntownik,Warszawa - Białołęka Galeria Północna,21:50,2D,original,regular,1.0,https://tickets.cinema-city.pl/api/order/1651089?lang=pl,2026-09-03T12:41:39.505435
2026-09-03,warszawa,Wrong Girls,Warszawa - Białołęka Galeria Północna,22:00,2D,original,regular,1.0,https://tickets.cinema-city.pl/api/order/1662453?lang=pl,2026-09-03T12:41:39.505445
2026-09-03,warszawa,Spider-Man: Całkiem nowy dzień,Warszawa - Janki,14:40,2D,original,regular,1.0,https://tickets.cinema-city.pl/api/order/1656234?lang=pl,2026-09-03T12:41:41.127448
2026-09-03,warszawa,Pucio kocha zwierzaki,Warszawa - Janki,15:00,2D,,regular,1.0,https://tickets.cinema-city.pl/api/order/1659073?lang=pl,2026-09-03T12:41:41.127474
2026-09-03,warszawa,Naznaczony: Wyjście z mrocznego wymiaru,Warszawa - Janki,15:00,2D,original,regular,1.0,https://tickets.cinema-city.pl/api/order/1659982?lang=pl,2026-09-03T12:41:41.127488
2026-09-03,warszawa,Psi patrol i dinozaury,Warszawa - Janki,15:20,2D,,regular,1.0,https://tickets.cinema-city.pl/api/order/1658793?lang=pl,2026-09-03T12:41:41.127499
2026-09-03,warszawa,Spider-Man: Całkiem nowy dzień,Warszawa - Janki,15:30,3D,original,regular,1.0,https://tickets.cinema-city.pl/api/order/1656459?lang=pl,2026-09-03T12:41:41.127509
2026-09-03,warszawa,Księga pustyni,Warszawa - Janki,15:45,2D,,regular,1.0,https://tickets.cinema-city.pl/api/order/1657375?lang=pl,2026-09-03T12:41:41.127519
2026-09-03,warszawa,Gwiazdozbiór psa,Warszawa - Janki,16:20,2D,original,regular,1.0,https://tickets.cinema-city.pl/api/order/1655694?lang=pl,2026-09-03T12:41:41.127530
2026-09-03,warszawa,Nie patrz w dół 2,Warszawa - Janki,16:20,2D,original,regular,1.0,https://tickets.cinema-city.pl/api/order/1659535?lang=pl,2026-09-03T12:41:41.127540
2026-09-03,warszawa,Pucio kocha zwierzaki,Warszawa - Janki,16:30,2D,,regular,1.0,https://tickets.cinema-city.pl/api/order/1659079?lang=pl,2026-09-03T12:41:41.127550
2026-09-03,warszawa,Spider-Man: Całkiem nowy dzień,Warszawa - Janki,17:00,2D,original,regular,1.0,https://tickets.cinema-city.pl/api/order/1657005?lang=pl,2026-09-03T12:41:41.127561
2026-09-03,warszawa,Harry Potter i Kamień Filozoficzny - 25. rocznica,Warszawa - Janki,17:00,2D,,regular,1.0,https://tickets.cinema-city.pl/api/order/1657612?lang=pl,2026-09-03T12:41:41.127572
2026-09-03,warszawa,Psi patrol i dinozaury,Warszawa - Janki,17:30,2D,,regular,1.0,https://tickets.cinema-city.pl/api/order/1658794?lang=pl,2026-09-03T12:41:41.127581
2026-09-03,warszawa,Gorzkie święta,Warszawa - Janki,17:30,2D,original,regular,1.0,https://tickets.cinema-city.pl/api/order/1659988?lang=pl,2026-09-03T12:41:41.127592
2026-09-03,warszawa,Spider-Man: Całkiem nowy dzień,Warszawa - Janki,17:50,2D,original,regular,1.0,https://tickets.cinema-city.pl/api/order/1656240?lang=pl,2026-09-03T12:41:41.127602
2026-09-03,warszawa,Sunny Dancer,Warszawa - Janki,18:00,2D,original,regular,1.0,https://tickets.cinema-city.pl/api/order/1657387?lang=pl,2026-09-03T12:41:41.127612
2026-09-03,warszawa,Gwiazdozbiór psa ukraiński dubbing,Warszawa - Janki,18:00,2D,dubbing,regular,1.0,https://tickets.cinema-city.pl/api/order/1659067?lang=pl,2026-09-03T12:41:41.127622
2026-09-03,warszawa,Spider-Man: Całkiem nowy dzień,Warszawa - Janki,18:40,3D,original,regular,1.0,https://tickets.cinema-city.pl/api/order/1656465?lang=pl,2026-09-03T12:41:41.127631
2026-09-03,warszawa,Naznaczony: Wyjście z mrocznego wymiaru,Warszawa - Janki,18:40,2D,original,regular,1.0,https://tickets.cinema-city.pl/api/order/1659474?lang=pl,2026-09-03T12:41:41.127641
2026-09-03,warszawa,Gwiazdozbiór psa,Warszawa - Janki,19:00,2D,original,regular,1.0,https://tickets.cinema-city.pl/api/order/1655698?lang=pl,2026-09-03T12:41:41.127652
2026-09-03,warszawa,Terminator 2: Dzień sądu 35. Rocznica,Warszawa - Janki,19:40,2D,original,regular,1.0,https://tickets.cinema-city.pl/api/order/1658795?lang=pl,2026-09-03T12:41:41.127662
2026-09-03,warszawa,Gorzkie święta,Warszawa - Janki,20:00,2D,original,regular,1.0,https://tickets.cinema-city.pl/api/order/1659994?lang=pl,2026-09-03T12:41:41.127672
2026-09-03,warszawa,Spider-Man: Całkiem nowy dzień,Warszawa - Janki,20:10,2D,original,regular,1.0,https://tickets.cinema-city.pl/api/order/1657011?lang=pl,2026-09-03T12:41:41.127682
2026-09-03,warszawa,Odyseja,Warszawa - Janki,20:20,2D,original,regular,1.0,https://tickets.cinema-city.pl/api/order/1657624?lang=pl,2026-09-03T12:41:41.127692
2026-09-03,warszawa,Buntownik,Warszawa - Janki,20:30,2D,original,regular,1.0,https://tickets.cinema-city.pl/api/order/1657381?lang=pl,2026-09-03T12:41:41.127702
2026-09-03,warszawa,Koniec ulicy Dębowej,Warszawa - Janki,20:40,2D,original,regular,1.0,https://tickets.cinema-city.pl/api/order/1659085?lang=pl,2026-09-03T12:41:41.127714
2026-09-03,warszawa,Bogaci i martwi,Warszawa - Janki,21:00,2D,original,regular,1.0,https://tickets.cinema-city.pl/api/order/1656222?lang=pl,2026-09-03T12:41:41.127725
2026-09-03,warszawa,Naznaczony: Wyjście z mrocznego wymiaru,Warszawa - Janki,21:10,2D,original,regular,1.0,https://tickets.cinema-city.pl/api/order/1659480?lang=pl,2026-09-03T12:41:41.127735
2026-09-03,warszawa,Gwiazdozbiór psa,Warszawa - Janki,21:40,2D,original,regular,1.0,https://tickets.cinema-city.pl/api/order/1655702?lang=pl,2026-09-03T12:41:41.127745
2026-09-03,warszawa,Tylko jedna noc,Warszawa - Janki,21:50,2D,original,regular,1.0,https://tickets.cinema-city.pl/api/order/1656471?lang=pl,2026-09-03T12:41:41.127755
2026-09-03,warszawa,Gwiazdozbiór psa,Warszawa - Mokotów,14:30,2D,original,regular,1.0,https://tickets.cinema-city.pl/api/order/1649805?lang=pl,2026-09-03T12:41:43.546880
2026-09-03,warszawa,Gorzkie święta,Warszawa - Mokotów,14:30,2D,original,regular,1.0,https://tickets.cinema-city.pl/api/order/1652587?lang=pl,2026-09-03T12:41:43.546906
2026-09-03,warszawa,Pucio kocha zwierzaki,Warszawa - Mokotów,15:00,2D,,regular,1.0,https://tickets.cinema-city.pl/api/order/1653680?lang=pl,2026-09-03T12:41:43.546920
2026-09-03,warszawa,Naznaczony: Wyjście z mrocznego wymiaru,Warszawa - Mokotów,15:30,2D,original,regular,1.0,https://tickets.cinema-city.pl/api/order/1649865?lang=pl,2026-09-03T12:41:43.546935
2026-09-03,warszawa,Odyseja,Warszawa - Mokotów,15:30,2D,original,regular,1.0,https://tickets.cinema-city.pl/api/order/1653369?lang=pl,2026-09-03T12:41:43.546947
2026-09-03,warszawa,Księga pustyni,Warszawa - Mokotów,16:10,2D,,regular,1.0,https://tickets.cinema-city.pl/api/order/1672088?lang=pl,2026-09-03T12:41:43.546959
2026-09-03,warszawa,Spider-Man: Całkiem nowy dzień,Warszawa - Mokotów,16:20,2D,original,regular,1.0,https://tickets.cinema-city.pl/api/order/1651593?lang=pl,2026-09-03T12:41:43.546972
2026-09-03,warszawa,Gwiazdozbiór psa,Warszawa - Mokotów,16:20,ScreenX,original,regular,1.0,https://tickets.cinema-city.pl/api/order/1651809?lang=pl,2026-09-03T12:41:43.546982
2026-09-03,warszawa,Pucio kocha zwierzaki,Warszawa - Mokotów,16:30,2D,,regular,1.0,https://tickets.cinema-city.pl/api/order/1653686?lang=pl,2026-09-03T12:41:43.546993
2026-09-03,warszawa,Harry Potter i Kamień Filozoficzny - 25. rocznica,Warszawa - Mokotów,16:40,2D,,regular,1.0,https://tickets.cinema-city.pl/api/order/1650596?lang=pl,2026-09-03T12:41:43.547005
2026-09-03,warszawa,Gwiazdozbiór psa ukraiński dubbing,Warszawa - Mokotów,16:50,2D,dubbing,regular,1.0,https://tickets.cinema-city.pl/api/order/1651101?lang=pl,2026-09-03T12:41:43.547017
2026-09-03,warszawa,Buntownik,Warszawa - Mokotów,17:00,2D,original,regular,1.0,https://tickets.cinema-city.pl/api/order/1652605?lang=pl,2026-09-03T12:41:43.547029
2026-09-03,warszawa,Gwiazdozbiór psa,Warszawa - Mokotów,17:10,2D,original,regular,1.0,https://tickets.cinema-city.pl/api/order/1649809?lang=pl,2026-09-03T12:41:43.547040
2026-09-03,warszawa,Bogaci i martwi,Warszawa - Mokotów,17:10,2D,original,regular,1.0,https://tickets.cinema-city.pl/api/order/1652436?lang=pl,2026-09-03T12:41:43.547052
2026-09-03,warszawa,Terminator 2: Dzień sądu 35. Rocznica,Warszawa - Mokotów,17:30,2D,original,regular,1.0,https://tickets.cinema-city.pl/api/order/1650781?lang=pl,2026-09-03T12:41:43.547098
2026-09-03,warszawa,Odyseja,Warszawa - Mokotów,18:00,2D,original,regular,1.0,https://tickets.cinema-city.pl/api/order/1653692?lang=pl,2026-09-03T12:41:43.547116
2026-09-03,warszawa,Spider-Man: Całkiem nowy dzień,Warszawa - Mokotów,18:30,2D,original,regular,1.0,https://tickets.cinema-city.pl/api/order/1649903?lang=pl,2026-09-03T12:41:43.547128
2026-09-03,warszawa,Nie patrz w dół 2,Warszawa - Mokotów,18:40,2D,original,regular,1.0,https://tickets.cinema-city.pl/api/order/1667430?lang=pl,2026-09-03T12:41:43.547140
2026-09-03,warszawa,Tylko jedna noc,Warszawa - Mokotów,18:50,2D,original,regular,1.0,https://tickets.cinema-city.pl/api/order/1653961?lang=pl,2026-09-03T12:41:43.547151
2026-09-03,warszawa,Ostrze przeznaczenia,Warszawa - Mokotów,19:00,2D,original,regular,1.0,https://tickets.cinema-city.pl/api/order/1620895?lang=pl,2026-09-03T12:41:43.547164
2026-09-03,warszawa,Gwiazdozbiór psa,Warszawa - Mokotów,19:00,ScreenX,original,regular,1.0,https://tickets.cinema-city.pl/api/order/1651813?lang=pl,2026-09-03T12:41:43.547174
2026-09-03,warszawa,Gorzkie święta,Warszawa - Mokotów,19:15,2D,original,regular,1.0,https://tickets.cinema-city.pl/api/order/1652593?lang=pl,2026-09-03T12:41:43.547187
2026-09-03,warszawa,Koniec ulicy Dębowej,Warszawa - Mokotów,19:30,2D,original,regular,1.0,https://tickets.cinema-city.pl/api/order/1651104?lang=pl,2026-09-03T12:41:43.547200
2026-09-03,warszawa,Gwiazdozbiór psa,Warszawa - Mokotów,19:30,2D,original,regular,1.0,https://tickets.cinema-city.pl/api/order/1651569?lang=pl,2026-09-03T12:41:43.547211
2026-09-03,warszawa,Sunny Dancer,Warszawa - Mokotów,19:30,2D,original,regular,1.0,https://tickets.cinema-city.pl/api/order/1652424?lang=pl,2026-09-03T12:41:43.547223
2026-09-03,warszawa,Gwiazdozbiór psa,Warszawa - Mokotów,19:50,2D,original,regular,1.0,https://tickets.cinema-city.pl/api/order/1649813?lang=pl,2026-09-03T12:41:43.547234
2026-09-03,warszawa,Spider-Man: Całkiem nowy dzień,Warszawa - Mokotów,20:00,2D,original,regular,1.0,https://tickets.cinema-city.pl/api/order/1650611?lang=pl,2026-09-03T12:41:43.547245
2026-09-03,warszawa,Terminator 2: Dzień sądu 35. Rocznica,Warszawa - Mokotów,20:30,2D,original,regular,1.0,https://tickets.cinema-city.pl/api/order/1650785?lang=pl,2026-09-03T12:41:43.547257
2026-09-03,warszawa,Tylko jedna noc,Warszawa - Mokotów,21:20,2D,original,regular,1.0,https://tickets.cinema-city.pl/api/order/1654097?lang=pl,2026-09-03T12:41:43.547268
2026-09-03,warszawa,Odyseja,Warszawa - Mokotów,21:30,2D,original,regular,1.0,https://tickets.cinema-city.pl/api/order/1670382?lang=pl,2026-09-03T12:41:43.547279
2026-09-03,warszawa,Spider-Man: Całkiem nowy dzień,Warszawa - Mokotów,21:40,2D,original,regular,1.0,https://tickets.cinema-city.pl/api/order/1649905?lang=pl,2026-09-03T12:41:43.547290
2026-09-03,warszawa,Gwiazdozbiór psa,Warszawa - Mokotów,21:40,ScreenX,original,regular,1.0,https://tickets.cinema-city.pl/api/order/1651817?lang=pl,2026-09-03T12:41:43.547300
2026-09-03,warszawa,Gorzkie święta,Warszawa - Mokotów,21:45,2D,original,regular,1.0,https://tickets.cinema-city.pl/api/order/1652599?lang=pl,2026-09-03T12:41:43.547311
2026-09-03,warszawa,Naznaczony: Wyjście z mrocznego wymiaru,Warszawa - Mokotów,21:50,2D,original,regular,1.0,https://tickets.cinema-city.pl/api/order/1653251?lang=pl,2026-09-03T12:41:43.547323
2026-09-03,warszawa,Koniec ulicy Dębowej,Warszawa - Mokotów,22:00,2D,original,regular,1.0,https://tickets.cinema-city.pl/api/order/1651105?lang=pl,2026-09-03T12:41:43.547336
2026-09-03,warszawa,Gwiazdozbiór psa,Warszawa - Mokotów,22:10,2D,original,regular,1.0,https://tickets.cinema-city.pl/api/order/1651575?lang=pl,2026-09-03T12:41:43.547347
2026-09-03,warszawa,Gwiazdozbiór psa,Warszawa - Mokotów,22:30,2D,original,regular,1.0,https://tickets.cinema-city.pl/api/order/1649817?lang=pl,2026-09-03T12:41:43.547358
2026-09-03,warszawa,Gwiazdozbiór psa,Warszawa - Promenada,14:30,2D,original,regular,1.0,https://tickets.cinema-city.pl/api/order/1658926?lang=pl,2026-09-03T12:41:45.928020
2026-09-03,warszawa,Odyseja,Warszawa - Promenada,14:50,2D,original,regular,1.0,https://tickets.cinema-city.pl/api/order/1657832?lang=pl,2026-09-03T12:41:45.928049
2026-09-03,warszawa,Minionki i straszydła,Warszawa - Promenada,15:10,2D,,regular,1.0,https://tickets.cinema-city.pl/api/order/1650587?lang=pl,2026-09-03T12:41:45.928102
2026-09-03,warszawa,Gorzkie święta,Warszawa - Promenada,15:10,2D,original,regular,1.0,https://tickets.cinema-city.pl/api/order/1654753?lang=pl,2026-09-03T12:41:45.928121
2026-09-03,warszawa,Pucio kocha zwierzaki,Warszawa - Promenada,15:30,2D,,regular,1.0,https://tickets.cinema-city.pl/api/order/1651484?lang=pl,2026-09-03T12:41:45.928135
2026-09-03,warszawa,Buntownik,Warszawa - Promenada,15:45,2D,original,regular,1.0,https://tickets.cinema-city.pl/api/order/1656156?lang=pl,2026-09-03T12:41:45.928149
2026-09-03,warszawa,Spider-Man: Całkiem nowy dzień,Warszawa - Promenada,15:50,2D,original,regular,1.0,https://tickets.cinema-city.pl/api/order/1652053?lang=pl,2026-09-03T12:41:45.928163
2026-09-03,warszawa,Psi patrol i dinozaury,Warszawa - Promenada,15:50,2D,,regular,1.0,https://tickets.cinema-city.pl/api/order/1653750?lang=pl,2026-09-03T12:41:45.928177
2026-09-03,warszawa,Księga pustyni,Warszawa - Promenada,16:00,2D,,regular,1.0,https://tickets.cinema-city.pl/api/order/1652309?lang=pl,2026-09-03T12:41:45.928195
2026-09-03,warszawa,Terminator 2: Dzień sądu 35. Rocznica,Warszawa - Promenada,16:00,2D,original,regular,1.0,https://tickets.cinema-city.pl/api/order/1658910?lang=pl,2026-09-03T12:41:45.928211
2026-09-03,warszawa,Wrong Girls,Warszawa - Promenada,16:20,2D,original,regular,1.0,https://tickets.cinema-city.pl/api/order/1654306?lang=pl,2026-09-03T12:41:45.928225
2026-09-03,warszawa,Harry Potter i Kamień Filozoficzny - 25. rocznica,Warszawa - Promenada,16:30,2D,,regular,1.0,https://tickets.cinema-city.pl/api/order/1658918?lang=pl,2026-09-03T12:41:45.928239
2026-09-03,warszawa,Pucio kocha zwierzaki,Warszawa - Promenada,17:00,2D,,regular,1.0,https://tickets.cinema-city.pl/api/order/1651489?lang=pl,2026-09-03T12:41:45.928250
2026-09-03,warszawa,Gwiazdozbiór psa,Warszawa - Promenada,17:10,2D,original,regular,1.0,https://tickets.cinema-city.pl/api/order/1658930?lang=pl,2026-09-03T12:41:45.928262
2026-09-03,warszawa,Sunny Dancer,Warszawa - Promenada,17:20,2D,original,regular,1.0,https://tickets.cinema-city.pl/api/order/1650057?lang=pl,2026-09-03T12:41:45.928273
2026-09-03,warszawa,Spider-Man: Całkiem nowy dzień,Warszawa - Promenada,17:30,2D,original,regular,1.0,https://tickets.cinema-city.pl/api/order/1658309?lang=pl,2026-09-03T12:41:45.928285
2026-09-03,warszawa,Gorzkie święta,Warszawa - Promenada,17:40,2D,original,regular,1.0,https://tickets.cinema-city.pl/api/order/1654758?lang=pl,2026-09-03T12:41:45.928297
2026-09-03,warszawa,Koniec ulicy Dębowej,Warszawa - Promenada,18:00,2D,original,regular,1.0,https://tickets.cinema-city.pl/api/order/1656168?lang=pl,2026-09-03T12:41:45.928309
2026-09-03,warszawa,Psi patrol i dinozaury,Warszawa - Promenada,18:10,2D,,regular,1.0,https://tickets.cinema-city.pl/api/order/1654020?lang=pl,2026-09-03T12:41:45.928320
2026-09-03,warszawa,Gwiazdozbiór psa,Warszawa - Promenada,18:20,2D,original,regular,1.0,https://tickets.cinema-city.pl/api/order/1652536?lang=pl,2026-09-03T12:41:45.928331
2026-09-03,warszawa,Ostrze przeznaczenia,Warszawa - Promenada,18:30,2D,original,regular,1.0,https://tickets.cinema-city.pl/api/order/1620867?lang=pl,2026-09-03T12:41:45.928344
2026-09-03,warszawa,Buntownik,Warszawa - Promenada,18:30,2D,original,regular,1.0,https://tickets.cinema-city.pl/api/order/1651469?lang=pl,2026-09-03T12:41:45.928359
2026-09-03,warszawa,Naznaczony: Wyjście z mrocznego wymiaru,Warszawa - Promenada,18:40,2D,original,regular,1.0,https://tickets.cinema-city.pl/api/order/1654288?lang=pl,2026-09-03T12:41:45.928372
2026-09-03,warszawa,Spider-Man: Całkiem nowy dzień,Warszawa - Promenada,19:00,2D,original,regular,1.0,https://tickets.cinema-city.pl/api/order/1652059?lang=pl,2026-09-03T12:41:45.928384
2026-09-03,warszawa,Terminator 2: Dzień sądu 35. Rocznica,Warszawa - Promenada,19:00,2D,original,regular,1.0,https://tickets.cinema-city.pl/api/order/1658914?lang=pl,2026-09-03T12:41:45.928395
2026-09-03,warszawa,Sunny Dancer,Warszawa - Promenada,19:45,2D,original,regular,1.0,https://tickets.cinema-city.pl/api/order/1650063?lang=pl,2026-09-03T12:41:45.928407
2026-09-03,warszawa,Gwiazdozbiór psa,Warszawa - Promenada,19:50,2D,original,regular,1.0,https://tickets.cinema-city.pl/api/order/1658934?lang=pl,2026-09-03T12:41:45.928418
2026-09-03,warszawa,Spider-Man: Całkiem nowy dzień,Warszawa - Promenada,20:00,2D,original,regular,1.0,https://tickets.cinema-city.pl/api/order/1658944?lang=pl,2026-09-03T12:41:45.928429
2026-09-03,warszawa,Gorzkie święta,Warszawa - Promenada,20:10,2D,original,regular,1.0,https://tickets.cinema-city.pl/api/order/1654763?lang=pl,2026-09-03T12:41:45.928440
2026-09-03,warszawa,Nie patrz w dół 2,Warszawa - Promenada,20:20,2D,original,regular,1.0,https://tickets.cinema-city.pl/api/order/1653896?lang=pl,2026-09-03T12:41:45.928452
2026-09-03,warszawa,Koniec ulicy Dębowej,Warszawa - Promenada,20:30,2D,original,regular,1.0,https://tickets.cinema-city.pl/api/order/1656174?lang=pl,2026-09-03T12:41:45.928464
2026-09-03,warszawa,Odyseja,Warszawa - Promenada,20:40,2D,original,regular,1.0,https://tickets.cinema-city.pl/api/order/1658315?lang=pl,2026-09-03T12:41:45.928476
2026-09-03,warszawa,Bogaci i martwi,Warszawa - Promenada,20:45,2D,original,regular,1.0,https://tickets.cinema-city.pl/api/order/1651464?lang=pl,2026-09-03T12:41:45.928488
2026-09-03,warszawa,Gwiazdozbiór psa,Warszawa - Promenada,21:00,2D,original,regular,1.0,https://tickets.cinema-city.pl/api/order/1652833?lang=pl,2026-09-03T12:41:45.928499
2026-09-03,warszawa,Naznaczony: Wyjście z mrocznego wymiaru,Warszawa - Promenada,21:10,2D,original,regular,1.0,https://tickets.cinema-city.pl/api/order/1654294?lang=pl,2026-09-03T12:41:45.928511
2026-09-03,warszawa,Buntownik,Warszawa - Promenada,21:20,2D,original,regular,1.0,https://tickets.cinema-city.pl/api/order/1656916?lang=pl,2026-09-03T12:41:45.928522
2026-09-03,warszawa,Spider-Man: Całkiem nowy dzień,Warszawa - Promenada,22:00,2D,original,regular,1.0,https://tickets.cinema-city.pl/api/order/1658962?lang=pl,2026-09-03T12:41:45.928534
2026-09-03,warszawa,Obsesja,Warszawa - Promenada,22:10,2D,original,regular,1.0,https://tickets.cinema-city.pl/api/order/1650069?lang=pl,2026-09-03T12:41:45.928545
2026-09-03,warszawa,Naznaczony: Wyjście z mrocznego wymiaru,Warszawa - Promenada,22:10,2D,original,regular,1.0,https://tickets.cinema-city.pl/api/order/1652035?lang=pl,2026-09-03T12:41:45.928557
2026-09-03,warszawa,Gwiazdozbiór psa,Warszawa - Promenada,22:30,2D,original,regular,1.0,https://tickets.cinema-city.pl/api/order/1658938?lang=pl,2026-09-03T12:41:45.928568
2026-09-03,warszawa,Spider-Man: Całkiem nowy dzień,Warszawa - Sadyba,14:30,3D,original,regular,1.0,https://tickets.cinema-city.pl/api/order/1650199?lang=pl,2026-09-03T12:41:47.581730
2026-09-03,warszawa,Księga pustyni,Warszawa - Sadyba,14:40,2D,,regular,1.0,https://tickets.cinema-city.pl/api/order/1650361?lang=pl,2026-09-03T12:41:47.581756
2026-09-03,warszawa,Odyseja,Warszawa - Sadyba,14:50,2D,original,regular,1.0,https://tickets.cinema-city.pl/api/order/1650539?lang=pl,2026-09-03T12:41:47.581769
2026-09-03,warszawa,Psi patrol i dinozaury,Warszawa - Sadyba,15:20,2D,,regular,1.0,https://tickets.cinema-city.pl/api/order/1651564?lang=pl,2026-09-03T12:41:47.581780
2026-09-03,warszawa,Spider-Man: Całkiem nowy dzień,Warszawa - Sadyba,15:20,2D,original,regular,1.0,https://tickets.cinema-city.pl/api/order/1651886?lang=pl,2026-09-03T12:41:47.581792
2026-09-03,warszawa,Odyseja,Warszawa - Sadyba,15:20,IMAX,original,regular,1.0,https://tickets.cinema-city.pl/api/order/1654105?lang=pl,2026-09-03T12:41:47.581799
2026-09-03,warszawa,Naznaczony: Wyjście z mrocznego wymiaru,Warszawa - Sadyba,15:30,2D,original,regular,1.0,https://tickets.cinema-city.pl/api/order/1652665?lang=pl,2026-09-03T12:41:47.581812
2026-09-03,warszawa,Terminator 2: Dzień sądu 35. Rocznica,Warszawa - Sadyba,15:30,2D,original,regular,1.0,https://tickets.cinema-city.pl/api/order/1653623?lang=pl,2026-09-03T12:41:47.581826
2026-09-03,warszawa,Toy Story 5,Warszawa - Sadyba,15:50,2D,original,regular,1.0,https://tickets.cinema-city.pl/api/order/1650118?lang=pl,2026-09-03T12:41:47.581838
2026-09-03,warszawa,Tylko jedna noc,Warszawa - Sadyba,16:20,2D,original,regular,1.0,https://tickets.cinema-city.pl/api/order/1652204?lang=pl,2026-09-03T12:41:47.581849
2026-09-03,warszawa,Pucio kocha zwierzaki,Warszawa - Sadyba,16:30,2D,,regular,1.0,https://tickets.cinema-city.pl/api/order/1653019?lang=pl,2026-09-03T12:41:47.581860
2026-09-03,warszawa,Gwiazdozbiór psa,Warszawa - Sadyba,16:50,2D,original,regular,1.0,https://tickets.cinema-city.pl/api/order/1653771?lang=pl,2026-09-03T12:41:47.581872
2026-09-03,warszawa,Wrong Girls,Warszawa - Sadyba,17:00,2D,original,regular,1.0,https://tickets.cinema-city.pl/api/order/1650365?lang=pl,2026-09-03T12:41:47.581883
2026-09-03,warszawa,Spider-Man: Całkiem nowy dzień,Warszawa - Sadyba,17:20,2D,original,regular,1.0,https://tickets.cinema-city.pl/api/order/1653301?lang=pl,2026-09-03T12:41:47.581894
2026-09-03,warszawa,Buntownik,Warszawa - Sadyba,17:30,2D,original,regular,1.0,https://tickets.cinema-city.pl/api/order/1651384?lang=pl,2026-09-03T12:41:47.581905
2026-09-03,warszawa,Spider-Man: Całkiem nowy dzień,Warszawa - Sadyba,17:40,3D,original,regular,1.0,https://tickets.cinema-city.pl/api/order/1650205?lang=pl,2026-09-03T12:41:47.581915
2026-09-03,warszawa,Naznaczony: Wyjście z mrocznego wymiaru,Warszawa - Sadyba,18:00,2D,original,regular,1.0,https://tickets.cinema-city.pl/api/order/1652671?lang=pl,2026-09-03T12:41:47.581927
2026-09-03,warszawa,Harry Potter i Kamień Filozoficzny - 25. rocznica,Warszawa - Sadyba,18:00,2D,,regular,1.0,https://tickets.cinema-city.pl/api/order/1652995?lang=pl,2026-09-03T12:41:47.581939
2026-09-03,warszawa,Gorzkie święta,Warszawa - Sadyba,18:10,2D,original,regular,1.0,https://tickets.cinema-city.pl/api/order/1650123?lang=pl,2026-09-03T12:41:47.581950
2026-09-03,warszawa,Odyseja,Warszawa - Sadyba,18:30,2D,original,regular,1.0,https://tickets.cinema-city.pl/api/order/1650543?lang=pl,2026-09-03T12:41:47.581960
2026-09-03,warszawa,Spider-Man: Całkiem nowy dzień,Warszawa - Sadyba,18:30,2D,original,regular,1.0,https://tickets.cinema-city.pl/api/order/1651892?lang=pl,2026-09-03T12:41:47.581971
2026-09-03,warszawa,Terminator 2: Dzień sądu 35. Rocznica,Warszawa - Sadyba,18:30,2D,original,regular,1.0,https://tickets.cinema-city.pl/api/order/1653627?lang=pl,2026-09-03T12:41:47.581983
2026-09-03,warszawa,Koniec ulicy Dębowej,Warszawa - Sadyba,18:40,2D,original,regular,1.0,https://tickets.cinema-city.pl/api/order/1652210?lang=pl,2026-09-03T12:41:47.581995
2026-09-03,warszawa,Gwiazdozbiór psa,Warszawa - Sadyba,19:00,IMAX,original,regular,1.0,https://tickets.cinema-city.pl/api/order/1654616?lang=pl,2026-09-03T12:41:47.582003
2026-09-03,warszawa,Sunny Dancer,Warszawa - Sadyba,19:20,2D,original,regular,1.0,https://tickets.cinema-city.pl/api/order/1650371?lang=pl,2026-09-03T12:41:47.582014
2026-09-03,warszawa,Gwiazdozbiór psa,Warszawa - Sadyba,19:30,2D,original,regular,1.0,https://tickets.cinema-city.pl/api/order/1653775?lang=pl,2026-09-03T12:41:47.582025
2026-09-03,warszawa,Nie patrz w dół 2,Warszawa - Sadyba,19:45,2D,original,regular,1.0,https://tickets.cinema-city.pl/api/order/1651369?lang=pl,2026-09-03T12:41:47.582036
2026-09-03,warszawa,Spider-Man: Całkiem nowy dzień,Warszawa - Sadyba,20:20,2D,original,regular,1.0,https://tickets.cinema-city.pl/api/order/1653334?lang=pl,2026-09-03T12:41:47.582047
2026-09-03,warszawa,Naznaczony: Wyjście z mrocznego wymiaru,Warszawa - Sadyba,20:30,2D,original,regular,1.0,https://tickets.cinema-city.pl/api/order/1652677?lang=pl,2026-09-03T12:41:47.582059
2026-09-03,warszawa,Spider-Man: Całkiem nowy dzień,Warszawa - Sadyba,20:45,2D,original,regular,1.0,https://tickets.cinema-city.pl/api/order/1650217?lang=pl,2026-09-03T12:41:47.582091
2026-09-03,warszawa,Gorzkie święta,Warszawa - Sadyba,20:50,2D,original,regular,1.0,https://tickets.cinema-city.pl/api/order/1650127?lang=pl,2026-09-03T12:41:47.582102
2026-09-03,warszawa,Koniec ulicy Dębowej,Warszawa - Sadyba,21:10,2D,original,regular,1.0,https://tickets.cinema-city.pl/api/order/1652216?lang=pl,2026-09-03T12:41:47.582114
2026-09-03,warszawa,Minionki i straszydła,Warszawa - Sadyba,21:20,2D,,regular,1.0,https://tickets.cinema-city.pl/api/order/1653031?lang=pl,2026-09-03T12:41:47.582125
2026-09-03,warszawa,Naznaczony: Wyjście z mrocznego wymiaru,Warszawa - Sadyba,21:30,2D,original,regular,1.0,https://tickets.cinema-city.pl/api/order/1653645?lang=pl,2026-09-03T12:41:47.582137
2026-09-03,warszawa,Spider-Man: Całkiem nowy dzień,Warszawa - Sadyba,21:40,2D,original,regular,1.0,https://tickets.cinema-city.pl/api/order/1651898?lang=pl,2026-09-03T12:41:47.582148
2026-09-03,warszawa,Gwiazdozbiór psa,Warszawa - Sadyba,21:40,IMAX,original,regular,1.0,https://tickets.cinema-city.pl/api/order/1654625?lang=pl,2026-09-03T12:41:47.582155
2026-09-03,warszawa,Sunny Dancer,Warszawa - Sadyba,21:45,2D,original,regular,1.0,https://tickets.cinema-city.pl/api/order/1650376?lang=pl,2026-09-03T12:41:47.582166
2026-09-03,warszawa,Naznaczony: Wyjście z mrocznego wymiaru,Warszawa - Sadyba,22:00,2D,original,regular,1.0,https://tickets.cinema-city.pl/api/order/1650547?lang=pl,2026-09-03T12:41:47.582177
2026-09-03,warszawa,Buntownik,Warszawa - Sadyba,22:00,2D,original,regular,1.0,https://tickets.cinema-city.pl/api/order/1651277?lang=pl,2026-09-03T12:41:47.582190
2026-09-03,warszawa,Gwiazdozbiór psa,Warszawa - Sadyba,22:00,2D,original,regular,1.0,https://tickets.cinema-city.pl/api/order/1653779?lang=pl,2026-09-03T12:41:47.582200
2026-09-03,wrocław,Gwiazdozbiór psa,Wrocław - Korona,14:30,Dolby Atmos,original,regular,1.0,https://tickets.cinema-city.pl/api/order/1651964?lang=pl,2026-09-03T12:41:48.877057
2026-09-03,wrocław,Minionki i straszydła,Wrocław - Korona,14:40,2D,,regular,1.0,https://tickets.cinema-city.pl/api/order/1652926?lang=pl,2026-09-03T12:41:48.877112
2026-09-03,wrocław,Księga pustyni,Wrocław - Korona,15:20,2D,,regular,1.0,https://tickets.cinema-city.pl/api/order/1651452?lang=pl,2026-09-03T12:41:48.877125
2026-09-03,wrocław,Spider-Man: Całkiem nowy dzień,Wrocław - Korona,15:30,2D,original,regular,1.0,https://tickets.cinema-city.pl/api/order/1651632?lang=pl,2026-09-03T12:41:48.877137
2026-09-03,wrocław,Buntownik,Wrocław - Korona,15:40,2D,original,regular,1.0,https://tickets.cinema-city.pl/api/order/1653793?lang=pl,2026-09-03T12:41:48.877149
2026-09-03,wrocław,Psi patrol i dinozaury,Wrocław - Korona,16:15,2D,,regular,1.0,https://tickets.cinema-city.pl/api/order/1654550?lang=pl,2026-09-03T12:41:48.877160
2026-09-03,wrocław,Gwiazdozbiór psa,Wrocław - Korona,16:20,ScreenX,original,regular,1.0,https://tickets.cinema-city.pl/api/order/1650655?lang=pl,2026-09-03T12:41:48.877169
2026-09-03,wrocław,Pucio kocha zwierzaki,Wrocław - Korona,16:30,2D,,regular,1.0,https://tickets.cinema-city.pl/api/order/1654369?lang=pl,2026-09-03T12:41:48.877181
2026-09-03,wrocław,Spider-Man: Całkiem nowy dzień,Wrocław - Korona,16:50,2D,original,regular,1.0,https://tickets.cinema-city.pl/api/order/1652932?lang=pl,2026-09-03T12:41:48.877192
2026-09-03,wrocław,Gwiazdozbiór psa,Wrocław - Korona,17:10,Dolby Atmos,original,regular,1.0,https://tickets.cinema-city.pl/api/order/1651968?lang=pl,2026-09-03T12:41:48.877207
2026-09-03,wrocław,Naznaczony: Wyjście z mrocznego wymiaru,Wrocław - Korona,17:40,2D,original,regular,1.0,https://tickets.cinema-city.pl/api/order/1651454?lang=pl,2026-09-03T12:41:48.877220
2026-09-03,wrocław,Sunny Dancer,Wrocław - Korona,17:50,2D,original,regular,1.0,https://tickets.cinema-city.pl/api/order/1653799?lang=pl,2026-09-03T12:41:48.877231
2026-09-03,wrocław,Harry Potter i Kamień Filozoficzny - 25. rocznica,Wrocław - Korona,18:00,2D,,regular,1.0,https://tickets.cinema-city.pl/api/order/1650838?lang=pl,2026-09-03T12:41:48.877243
2026-09-03,wrocław,Nie patrz w dół 2,Wrocław - Korona,18:10,2D,original,regular,1.0,https://tickets.cinema-city.pl/api/order/1654375?lang=pl,2026-09-03T12:41:48.877254
2026-09-03,wrocław,Terminator 2: Dzień sądu 35. Rocznica,Wrocław - Korona,18:30,2D,original,regular,1.0,https://tickets.cinema-city.pl/api/order/1652013?lang=pl,2026-09-03T12:41:48.877266
2026-09-03,wrocław,Spider-Man: Całkiem nowy dzień,Wrocław - Korona,18:40,2D,original,regular,1.0,https://tickets.cinema-city.pl/api/order/1651639?lang=pl,2026-09-03T12:41:48.877277
2026-09-03,wrocław,Gwiazdozbiór psa,Wrocław - Korona,19:00,ScreenX,original,regular,1.0,https://tickets.cinema-city.pl/api/order/1650659?lang=pl,2026-09-03T12:41:48.877287
2026-09-03,wrocław,Gwiazdozbiór psa,Wrocław - Korona,19:50,Dolby Atmos,original,regular,1.0,https://tickets.cinema-city.pl/api/order/1651972?lang=pl,2026-09-03T12:41:48.877298
2026-09-03,wrocław,Spider-Man: Całkiem nowy dzień,Wrocław - Korona,20:00,2D,original,regular,1.0,https://tickets.cinema-city.pl/api/order/1652938?lang=pl,2026-09-03T12:41:48.877309
2026-09-03,wrocław,Gorzkie święta,Wrocław - Korona,20:10,2D,original,regular,1.0,https://tickets.cinema-city.pl/api/order/1651456?lang=pl,2026-09-03T12:41:48.877320
2026-09-03,wrocław,Odyseja,Wrocław - Korona,20:20,2D,original,regular,1.0,https://tickets.cinema-city.pl/api/order/1653805?lang=pl,2026-09-03T12:41:48.877330
2026-09-03,wrocław,Naznaczony: Wyjście z mrocznego wymiaru,Wrocław - Korona,20:30,2D,original,regular,1.0,https://tickets.cinema-city.pl/api/order/1654377?lang=pl,2026-09-03T12:41:48.877342
2026-09-03,wrocław,Obsesja,Wrocław - Korona,21:20,2D,original,regular,1.0,https://tickets.cinema-city.pl/api/order/1651054?lang=pl,2026-09-03T12:41:48.877353
2026-09-03,wrocław,Buntownik,Wrocław - Korona,21:30,2D,original,regular,1.0,https://tickets.cinema-city.pl/api/order/1654556?lang=pl,2026-09-03T12:41:48.877364
2026-09-03,wrocław,Gwiazdozbiór psa,Wrocław - Korona,21:40,ScreenX,original,regular,1.0,https://tickets.cinema-city.pl/api/order/1650663?lang=pl,2026-09-03T12:41:48.877373
2026-09-03,wrocław,Spider-Man: Całkiem nowy dzień,Wrocław - Korona,21:50,2D,original,regular,1.0,https://tickets.cinema-city.pl/api/order/1651645?lang=pl,2026-09-03T12:41:48.877384
2026-09-03,wrocław,Spider-Man: Całkiem nowy dzień,Wrocław - Wroclavia,15:00,2D,original,regular,1.0,https://tickets.cinema-city.pl/api/order/1652965?lang=pl,2026-09-03T12:41:51.190451
2026-09-03,wrocław,Spider-Man: Całkiem nowy dzień,Wrocław - Wroclavia,15:00,2D,original,regular,1.0,https://tickets.cinema-city.pl/api/order/1653757?lang=pl,2026-09-03T12:41:51.190476
2026-09-03,wrocław,Naznaczony: Wyjście z mrocznego wymiaru,Wrocław - Wroclavia,15:00,2D,original,regular,1.0,https://tickets.cinema-city.pl/api/order/1654193?lang=pl,2026-09-03T12:41:51.190491
2026-09-03,wrocław,Gwiazdozbiór psa,Wrocław - Wroclavia,15:20,Dolby Atmos,original,regular,1.0,https://tickets.cinema-city.pl/api/order/1650398?lang=pl,2026-09-03T12:41:51.190503
2026-09-03,wrocław,Toy Story 5,Wrocław - Wroclavia,15:20,2D,original,regular,1.0,https://tickets.cinema-city.pl/api/order/1651405?lang=pl,2026-09-03T12:41:51.190517
2026-09-03,wrocław,Księga pustyni,Wrocław - Wroclavia,15:20,2D,,regular,1.0,https://tickets.cinema-city.pl/api/order/1654774?lang=pl,2026-09-03T12:41:51.190529
2026-09-03,wrocław,Odyseja,Wrocław - Wroclavia,15:30,2D,original,regular,1.0,https://tickets.cinema-city.pl/api/order/1651158?lang=pl,2026-09-03T12:41:51.190541
2026-09-03,wrocław,Sunny Dancer,Wrocław - Wroclavia,15:40,2D,original,regular,1.0,https://tickets.cinema-city.pl/api/order/1650147?lang=pl,2026-09-03T12:41:51.190553
2026-09-03,wrocław,Spider-Man: Całkiem nowy dzień,Wrocław - Wroclavia,15:40,Dolby Atmos,original,regular,1.0,https://tickets.cinema-city.pl/api/order/1650683?lang=pl,2026-09-03T12:41:51.190566
2026-09-03,wrocław,Terminator 2: Dzień sądu 35. Rocznica,Wrocław - Wroclavia,15:40,2D,original,regular,1.0,https://tickets.cinema-city.pl/api/order/1654336?lang=pl,2026-09-03T12:41:51.190578
2026-09-03,wrocław,Pucio kocha zwierzaki,Wrocław - Wroclavia,15:50,2D,,regular,1.0,https://tickets.cinema-city.pl/api/order/1653382?lang=pl,2026-09-03T12:41:51.190590
2026-09-03,wrocław,Harry Potter i Kamień Filozoficzny - 25. rocznica,Wrocław - Wroclavia,16:00,2D,,regular,1.0,https://tickets.cinema-city.pl/api/order/1651865?lang=pl,2026-09-03T12:41:51.190603
2026-09-03,wrocław,Psi patrol i dinozaury,Wrocław - Wroclavia,16:00,2D,,regular,1.0,https://tickets.cinema-city.pl/api/order/1653243?lang=pl,2026-09-03T12:41:51.190614
2026-09-03,wrocław,Terminator 2: Dzień sądu 35. Rocznica,Wrocław - Wroclavia,16:15,4DX,original,regular,1.0,https://tickets.cinema-city.pl/api/order/1654661?lang=pl,2026-09-03T12:41:51.190623
2026-09-03,wrocław,Spider-Man: Całkiem nowy dzień,Wrocław - Wroclavia,16:20,2D,original,regular,1.0,https://tickets.cinema-city.pl/api/order/1650990?lang=pl,2026-09-03T12:41:51.190634
2026-09-03,wrocław,Buntownik,Wrocław - Wroclavia,16:30,2D,original,regular,1.0,https://tickets.cinema-city.pl/api/order/1650330?lang=pl,2026-09-03T12:41:51.190646
2026-09-03,wrocław,Naznaczony: Wyjście z mrocznego wymiaru,Wrocław - Wroclavia,16:30,2D,original,regular,1.0,https://tickets.cinema-city.pl/api/order/1652642?lang=pl,2026-09-03T12:41:51.190658
2026-09-03,wrocław,Gwiazdozbiór psa,Wrocław - Wroclavia,17:00,2D,original,regular,1.0,https://tickets.cinema-city.pl/api/order/1651663?lang=pl,2026-09-03T12:41:51.190670
2026-09-03,wrocław,Gwiazdozbiór psa,Wrocław - Wroclavia,17:00,IMAX,original,regular,1.0,https://tickets.cinema-city.pl/api/order/1655182?lang=pl,2026-09-03T12:41:51.190677
2026-09-03,wrocław,Pucio kocha zwierzaki,Wrocław - Wroclavia,17:20,2D,,regular,1.0,https://tickets.cinema-city.pl/api/order/1653388?lang=pl,2026-09-03T12:41:51.190688
2026-09-03,wrocław,Harry Potter i Kamień Filozoficzny - 25. rocznica,Wrocław - Wroclavia,17:30,2D,,regular,1.0,https://tickets.cinema-city.pl/api/order/1654181?lang=pl,2026-09-03T12:41:51.190700
2026-09-03,wrocław,Gorzkie święta,Wrocław - Wroclavia,17:40,2D,original,regular,1.0,https://tickets.cinema-city.pl/api/order/1651411?lang=pl,2026-09-03T12:41:51.190711
2026-09-03,wrocław,Spider-Man: Całkiem nowy dzień,Wrocław - Wroclavia,17:40,2D,original,regular,1.0,https://tickets.cinema-city.pl/api/order/1654945?lang=pl,2026-09-03T12:41:51.190723
2026-09-03,wrocław,Ostrze przeznaczenia,Wrocław - Wroclavia,18:00,2D,original,regular,1.0,https://tickets.cinema-city.pl/api/order/1620887?lang=pl,2026-09-03T12:41:51.190736
2026-09-03,wrocław,Gwiazdozbiór psa,Wrocław - Wroclavia,18:00,Dolby Atmos,original,regular,1.0,https://tickets.cinema-city.pl/api/order/1650402?lang=pl,2026-09-03T12:41:51.190747
2026-09-03,wrocław,Spider-Man: Całkiem nowy dzień,Wrocław - Wroclavia,18:00,2D,original,regular,1.0,https://tickets.cinema-city.pl/api/order/1652459?lang=pl,2026-09-03T12:41:51.190760
2026-09-03,wrocław,Nie patrz w dół 2,Wrocław - Wroclavia,18:10,2D,original,regular,1.0,https://tickets.cinema-city.pl/api/order/1650155?lang=pl,2026-09-03T12:41:51.190772
2026-09-03,wrocław,Spider-Man: Całkiem nowy dzień,Wrocław - Wroclavia,18:10,2D,original,regular,1.0,https://tickets.cinema-city.pl/api/order/1652815?lang=pl,2026-09-03T12:41:51.190784
2026-09-03,wrocław,Tylko jedna noc,Wrocław - Wroclavia,18:20,2D,original,regular,1.0,https://tickets.cinema-city.pl/api/order/1653224?lang=pl,2026-09-03T12:41:51.190795
2026-09-03,wrocław,Gorzkie święta,Wrocław - Wroclavia,18:40,2D,original,regular,1.0,https://tickets.cinema-city.pl/api/order/1650336?lang=pl,2026-09-03T12:41:51.190806
2026-09-03,wrocław,Terminator 2: Dzień sądu 35. Rocznica,Wrocław - Wroclavia,18:40,2D,original,regular,1.0,https://tickets.cinema-city.pl/api/order/1654340?lang=pl,2026-09-03T12:41:51.190817
2026-09-03,wrocław,Wszyscy moi wrogowie,Wrocław - Wroclavia,18:45,2D,original,regular,1.0,https://tickets.cinema-city.pl/api/order/1653394?lang=pl,2026-09-03T12:41:51.190829
2026-09-03,wrocław,Ostrze przeznaczenia,Wrocław - Wroclavia,18:50,2D,original,regular,1.0,https://tickets.cinema-city.pl/api/order/1675690?lang=pl,2026-09-03T12:41:51.190841
2026-09-03,wrocław,Naznaczony: Wyjście z mrocznego wymiaru,Wrocław - Wroclavia,19:00,2D,original,regular,1.0,https://tickets.cinema-city.pl/api/order/1652648?lang=pl,2026-09-03T12:41:51.190853
2026-09-03,wrocław,Odyseja,Wrocław - Wroclavia,19:10,2D,original,regular,1.0,https://tickets.cinema-city.pl/api/order/1651160?lang=pl,2026-09-03T12:41:51.190865
2026-09-03,wrocław,Gwiazdozbiór psa,Wrocław - Wroclavia,19:10,4DX,original,regular,1.0,https://tickets.cinema-city.pl/api/order/1654655?lang=pl,2026-09-03T12:41:51.190874
2026-09-03,wrocław,Gwiazdozbiór psa ukraiński dubbing,Wrocław - Wroclavia,19:30,2D,dubbing,regular,1.0,https://tickets.cinema-city.pl/api/order/1650970?lang=pl,2026-09-03T12:41:51.190884
2026-09-03,wrocław,Harry Potter i Kamień Filozoficzny - 25. rocznica,Wrocław - Wroclavia,19:30,2D,,regular,1.0,https://tickets.cinema-city.pl/api/order/1651866?lang=pl,2026-09-03T12:41:51.190896
2026-09-03,wrocław,Gwiazdozbiór psa,Wrocław - Wroclavia,19:40,2D,original,regular,1.0,https://tickets.cinema-city.pl/api/order/1651674?lang=pl,2026-09-03T12:41:51.190908
2026-09-03,wrocław,Gwiazdozbiór psa,Wrocław - Wroclavia,19:40,IMAX,original,regular,1.0,https://tickets.cinema-city.pl/api/order/1655184?lang=pl,2026-09-03T12:41:51.190915
2026-09-03,wrocław,Obsesja,Wrocław - Wroclavia,20:10,2D,original,regular,1.0,https://tickets.cinema-city.pl/api/order/1651417?lang=pl,2026-09-03T12:41:51.190927
2026-09-03,wrocław,Sunny Dancer,Wrocław - Wroclavia,20:30,2D,original,regular,1.0,https://tickets.cinema-city.pl/api/order/1650153?lang=pl,2026-09-03T12:41:51.190938
2026-09-03,wrocław,Gwiazdozbiór psa,Wrocław - Wroclavia,20:40,Dolby Atmos,original,regular,1.0,https://tickets.cinema-city.pl/api/order/1650406?lang=pl,2026-09-03T12:41:51.190950
2026-09-03,wrocław,Spider-Man: Całkiem nowy dzień,Wrocław - Wroclavia,20:40,2D,original,regular,1.0,https://tickets.cinema-city.pl/api/order/1653758?lang=pl,2026-09-03T12:41:51.190961
2026-09-03,wrocław,Tylko jedna noc,Wrocław - Wroclavia,20:45,2D,original,regular,1.0,https://tickets.cinema-city.pl/api/order/1653218?lang=pl,2026-09-03T12:41:51.190971
2026-09-03,wrocław,Koniec ulicy Dębowej,Wrocław - Wroclavia,20:45,2D,original,regular,1.0,https://tickets.cinema-city.pl/api/order/1654939?lang=pl,2026-09-03T12:41:51.190984
2026-09-03,wrocław,Naznaczony: Wyjście z mrocznego wymiaru,Wrocław - Wroclavia,20:50,2D,original,regular,1.0,https://tickets.cinema-city.pl/api/order/1654197?lang=pl,2026-09-03T12:41:51.190996
2026-09-03,wrocław,Spider-Man: Całkiem nowy dzień,Wrocław - Wroclavia,21:00,2D,original,regular,1.0,https://tickets.cinema-city.pl/api/order/1652479?lang=pl,2026-09-03T12:41:51.191008
2026-09-03,wrocław,Gorzkie święta,Wrocław - Wroclavia,21:10,2D,original,regular,1.0,https://tickets.cinema-city.pl/api/order/1650339?lang=pl,2026-09-03T12:41:51.191019
2026-09-03,wrocław,Odyseja,Wrocław - Wroclavia,21:15,2D,original,regular,1.0,https://tickets.cinema-city.pl/api/order/1652990?lang=pl,2026-09-03T12:41:51.191030
2026-09-03,wrocław,Spider-Man: Całkiem nowy dzień,Wrocław - Wroclavia,21:30,Dolby Atmos,original,regular,1.0,https://tickets.cinema-city.pl/api/order/1650707?lang=pl,2026-09-03T12:41:51.191042
2026-09-03,wrocław,Naznaczony: Wyjście z mrocznego wymiaru,Wrocław - Wroclavia,21:30,2D,original,regular,1.0,https://tickets.cinema-city.pl/api/order/1652654?lang=pl,2026-09-03T12:41:51.191054
2026-09-03,wrocław,Bogaci i martwi,Wrocław - Wroclavia,21:40,2D,original,regular,1.0,https://tickets.cinema-city.pl/api/order/1653400?lang=pl,2026-09-03T12:41:51.191082
2026-09-03,wrocław,Gwiazdozbiór psa,Wrocław - Wroclavia,21:45,4DX,original,regular,1.0,https://tickets.cinema-city.pl/api/order/1654658?lang=pl,2026-09-03T12:41:51.191091
2026-09-03,wrocław,Naznaczony: Wyjście z mrocznego wymiaru,Wrocław - Wroclavia,21:50,2D,original,regular,1.0,https://tickets.cinema-city.pl/api/order/1654358?lang=pl,2026-09-03T12:41:51.191103
2026-09-03,wrocław,Buntownik,Wrocław - Wroclavia,22:10,2D,original,regular,1.0,https://tickets.cinema-city.pl/api/order/1650975?lang=pl,2026-09-03T12:41:51.191115
2026-09-03,wrocław,Gwiazdozbiór psa,Wrocław - Wroclavia,22:20,IMAX,original,regular,1.0,https://tickets.cinema-city.pl/api/order/1655187?lang=pl,2026-09-03T12:41:51.191122
2026-09-03,zielona-góra,Księga pustyni,Zielona Góra,14:30,2D,,regular,1.0,https://tickets.cinema-city.pl/api/order/1653587?lang=pl,2026-09-03T12:41:52.521950
2026-09-03,zielona-góra,Psi patrol i dinozaury,Zielona Góra,14:50,2D,,regular,1.0,https://tickets.cinema-city.pl/api/order/1650956?lang=pl,2026-09-03T12:41:52.521971
2026-09-03,zielona-góra,Spider-Man: Całkiem nowy dzień,Zielona Góra,15:00,2D,original,regular,1.0,https://tickets.cinema-city.pl/api/order/1652414?lang=pl,2026-09-03T12:41:52.521985
2026-09-03,zielona-góra,Pucio kocha zwierzaki,Zielona Góra,15:20,2D,,regular,1.0,https://tickets.cinema-city.pl/api/order/1655162?lang=pl,2026-09-03T12:41:52.521997
2026-09-03,zielona-góra,Buntownik,Zielona Góra,15:50,2D,original,regular,1.0,https://tickets.cinema-city.pl/api/order/1654596?lang=pl,2026-09-03T12:41:52.522008
2026-09-03,zielona-góra,Spider-Man: Całkiem nowy dzień ukraiński dubbing,Zielona Góra,16:00,2D,dubbing,regular,1.0,https://tickets.cinema-city.pl/api/order/1658406?lang=pl,2026-09-03T12:41:52.522020
2026-09-03,zielona-góra,Tylko jedna noc,Zielona Góra,16:00,2D,original,regular,1.0,https://tickets.cinema-city.pl/api/order/1658694?lang=pl,2026-09-03T12:41:52.522031
2026-09-03,zielona-góra,Gwiazdozbiór psa,Zielona Góra,16:20,2D,original,regular,1.0,https://tickets.cinema-city.pl/api/order/1650024?lang=pl,2026-09-03T12:41:52.522070
2026-09-03,zielona-góra,Księga pustyni,Zielona Góra,16:40,2D,,regular,1.0,https://tickets.cinema-city.pl/api/order/1653593?lang=pl,2026-09-03T12:41:52.522091
2026-09-03,zielona-góra,Naznaczony: Wyjście z mrocznego wymiaru,Zielona Góra,16:50,2D,original,regular,1.0,https://tickets.cinema-city.pl/api/order/1655164?lang=pl,2026-09-03T12:41:52.522118
2026-09-03,zielona-góra,Harry Potter i Kamień Filozoficzny - 25. rocznica,Zielona Góra,17:00,2D,,regular,1.0,https://tickets.cinema-city.pl/api/order/1650244?lang=pl,2026-09-03T12:41:52.522130
2026-09-03,zielona-góra,Spider-Man: Całkiem nowy dzień,Zielona Góra,17:10,2D,original,regular,1.0,https://tickets.cinema-city.pl/api/order/1651163?lang=pl,2026-09-03T12:41:52.522142
2026-09-03,zielona-góra,Ostrze przeznaczenia,Zielona Góra,18:00,2D,original,regular,1.0,https://tickets.cinema-city.pl/api/order/1620897?lang=pl,2026-09-03T12:41:52.522172
2026-09-03,zielona-góra,Spider-Man: Całkiem nowy dzień,Zielona Góra,18:10,2D,original,regular,1.0,https://tickets.cinema-city.pl/api/order/1654609?lang=pl,2026-09-03T12:41:52.522184
2026-09-03,zielona-góra,Gwiazdozbiór psa ukraiński dubbing,Zielona Góra,18:30,2D,dubbing,regular,1.0,https://tickets.cinema-city.pl/api/order/1658676?lang=pl,2026-09-03T12:41:52.522194
2026-09-03,zielona-góra,Gwiazdozbiór psa,Zielona Góra,19:00,2D,original,regular,1.0,https://tickets.cinema-city.pl/api/order/1650028?lang=pl,2026-09-03T12:41:52.522206
2026-09-03,zielona-góra,Nie patrz w dół 2,Zielona Góra,19:00,2D,original,regular,1.0,https://tickets.cinema-city.pl/api/order/1653723?lang=pl,2026-09-03T12:41:52.522219
2026-09-03,zielona-góra,Sunny Dancer,Zielona Góra,19:10,2D,original,regular,1.0,https://tickets.cinema-city.pl/api/order/1658408?lang=pl,2026-09-03T12:41:52.522230
2026-09-03,zielona-góra,Naznaczony: Wyjście z mrocznego wymiaru,Zielona Góra,19:20,2D,original,regular,1.0,https://tickets.cinema-city.pl/api/order/1655166?lang=pl,2026-09-03T12:41:52.522242
2026-09-03,zielona-góra,Gorzkie święta,Zielona Góra,20:20,2D,original,regular,1.0,https://tickets.cinema-city.pl/api/order/1651210?lang=pl,2026-09-03T12:41:52.522252
2026-09-03,zielona-góra,Terminator 2: Dzień sądu 35. Rocznica,Zielona Góra,20:30,2D,original,regular,1.0,https://tickets.cinema-city.pl/api/order/1650241?lang=pl,2026-09-03T12:41:52.522263
2026-09-03,zielona-góra,Odyseja,Zielona Góra,20:50,2D,original,regular,1.0,https://tickets.cinema-city.pl/api/order/1652415?lang=pl,2026-09-03T12:41:52.522274
2026-09-03,zielona-góra,Tylko jedna noc,Zielona Góra,21:10,2D,original,regular,1.0,https://tickets.cinema-city.pl/api/order/1658700?lang=pl,2026-09-03T12:41:52.522285
2026-09-03,zielona-góra,Spider-Man: Całkiem nowy dzień,Zielona Góra,21:20,2D,original,regular,1.0,https://tickets.cinema-city.pl/api/order/1654617?lang=pl,2026-09-03T12:41:52.522295
2026-09-03,zielona-góra,Gwiazdozbiór psa,Zielona Góra,21:40,2D,original,regular,1.0,https://tickets.cinema-city.pl/api/order/1650032?lang=pl,2026-09-03T12:41:52.522306
2026-09-03,zielona-góra,Bogaci i martwi,Zielona Góra,21:40,2D,original,regular,1.0,https://tickets.cinema-city.pl/api/order/1653731?lang=pl,2026-09-03T12:41:52.522317
2026-09-03,zielona-góra,Koniec ulicy Dębowej,Zielona Góra,21:40,2D,original,regular,1.0,https://tickets.cinema-city.pl/api/order/1658410?lang=pl,2026-09-03T12:41:52.522329
2026-09-03,zielona-góra,Naznaczony: Wyjście z mrocznego wymiaru,Zielona Góra,21:50,2D,original,regular,1.0,https://tickets.cinema-city.pl/api/order/1655168?lang=pl,2026-09-03T12:41:52.522341
