date,day,city,movie_title,cinema_name,time,format,language,scraped_at
2026-08-24,poniedzialek,warszawa,ABBA pod gwiazdami,Planetarium Centrum Nauki Kopernik w Warszawie,19:00,,,2026-08-24T08:49:35.523243
2026-08-24,poniedzialek,warszawa,André Rieu. Niech żyje Maastricht!,Helios Warszawa Blue City,18:00,,,2026-08-24T08:49:35.523243
2026-08-24,poniedzialek,warszawa,André Rieu. Niech żyje Maastricht!,Multikino Atrium Reduta w Warszawie,16:40,,,2026-08-24T08:49:35.523243
2026-08-24,poniedzialek,warszawa,André Rieu. Niech żyje Maastricht!,Multikino Młociny,16:40,,,2026-08-24T08:49:35.523243
2026-08-24,poniedzialek,warszawa,André Rieu. Niech żyje Maastricht!,Multikino Targówek,16:40,,,2026-08-24T08:49:35.523243
2026-08-24,poniedzialek,warszawa,André Rieu. Niech żyje Maastricht!,Multikino Wola,16:40,,,2026-08-24T08:49:35.523243
2026-08-24,poniedzialek,warszawa,André Rieu. Niech żyje Maastricht!,Multikino Złote Tarasy,16:40,,,2026-08-24T08:49:35.523243
2026-08-24,poniedzialek,warszawa,Arek.Mama.Panorama,Cinema City Warszawa Arkadia,16:10,,,2026-08-24T08:49:35.523243
2026-08-24,poniedzialek,warszawa,Arek.Mama.Panorama,Cinema City Warszawa Galeria Mokotów,17:30,,,2026-08-24T08:49:35.523243
2026-08-24,poniedzialek,warszawa,Arek.Mama.Panorama,Cinema City Warszawa Promenada,19:45,,,2026-08-24T08:49:35.523243
2026-08-24,poniedzialek,warszawa,Arek.Mama.Panorama,Kino Muranów w Warszawie,16:30,,,2026-08-24T08:49:35.523243
2026-08-24,poniedzialek,warszawa,Arek.Mama.Panorama,Kinokawiarnia Stacja Falenica w Warszawie,17:00,,,2026-08-24T08:49:35.523243
2026-08-24,poniedzialek,warszawa,Arek.Mama.Panorama,Kinoteka w Warszawie,15:15,,,2026-08-24T08:49:35.523243
2026-08-24,poniedzialek,warszawa,Backrooms. Bez wyjścia,Cinema City Warszawa Arkadia,22:30,,,2026-08-24T08:49:35.523243
2026-08-24,poniedzialek,warszawa,Biuro Detektywistyczne Lassego i Mai. Rabuś z pociągu (dubbing),Kinokawiarnia Stacja Falenica w Warszawie,10:00,,dubbing,2026-08-24T08:49:35.523243
2026-08-24,poniedzialek,warszawa,Bogaci i martwi,Cinema City Warszawa Arkadia,10:30,,,2026-08-24T08:49:35.523243
2026-08-24,poniedzialek,warszawa,Bogaci i martwi,Cinema City Warszawa Arkadia,19:20,,,2026-08-24T08:49:35.523243
2026-08-24,poniedzialek,warszawa,Bogaci i martwi,Cinema City Warszawa Arkadia,21:40,,,2026-08-24T08:49:35.523243
2026-08-24,poniedzialek,warszawa,Bogaci i martwi,Cinema City Warszawa Bemowo,18:45,,,2026-08-24T08:49:35.523243
2026-08-24,poniedzialek,warszawa,Bogaci i martwi,Cinema City Warszawa Bemowo,21:05,,,2026-08-24T08:49:35.523243
2026-08-24,poniedzialek,warszawa,Bogaci i martwi,Cinema City Warszawa Galeria Mokotów,19:10,,,2026-08-24T08:49:35.523243
2026-08-24,poniedzialek,warszawa,Bogaci i martwi,Cinema City Warszawa Galeria Mokotów,21:30,,,2026-08-24T08:49:35.523243
2026-08-24,poniedzialek,warszawa,Bogaci i martwi,Cinema City Warszawa Galeria Północna,19:10,,,2026-08-24T08:49:35.523243
2026-08-24,poniedzialek,warszawa,Bogaci i martwi,Cinema City Warszawa Galeria Północna,21:30,,,2026-08-24T08:49:35.523243
2026-08-24,poniedzialek,warszawa,Bogaci i martwi,Cinema City Warszawa Promenada,18:00,,,2026-08-24T08:49:35.523243
2026-08-24,poniedzialek,warszawa,Bogaci i martwi,Cinema City Warszawa Promenada,20:20,,,2026-08-24T08:49:35.523243
2026-08-24,poniedzialek,warszawa,Bogaci i martwi,Cinema City Warszawa Sadyba,19:20,,,2026-08-24T08:49:35.523243
2026-08-24,poniedzialek,warszawa,Bogaci i martwi,Cinema City Warszawa Sadyba,21:40,,,2026-08-24T08:49:35.523243
2026-08-24,poniedzialek,warszawa,Bogaci i martwi,Kino Atlantic w Warszawie,13:15,,,2026-08-24T08:49:35.523243
2026-08-24,poniedzialek,warszawa,Bogaci i martwi,Kino Atlantic w Warszawie,20:15,,,2026-08-24T08:49:35.523243
2026-08-24,poniedzialek,warszawa,Bogaci i martwi,Kino Kultura w Warszawie,14:00,,,2026-08-24T08:49:35.523243
2026-08-24,poniedzialek,warszawa,Bogaci i martwi,Kino Luna w Warszawie,16:00,,,2026-08-24T08:49:35.523243
2026-08-24,poniedzialek,warszawa,Bogaci i martwi,Multikino Targówek,21:00,,,2026-08-24T08:49:35.523243
2026-08-24,poniedzialek,warszawa,Bogaci i martwi,NoveKino Wisła w Warszawie,12:15,,,2026-08-24T08:49:35.523243
2026-08-24,poniedzialek,warszawa,Ból i blask,Kino Kultura w Warszawie,18:45,,,2026-08-24T08:49:35.523243
2026-08-24,poniedzialek,warszawa,Brudny Henryk,Kinoteka w Warszawie,20:00,,,2026-08-24T08:49:35.523243
2026-08-24,poniedzialek,warszawa,Buntownik,Cinema City Warszawa Arkadia,15:20,,,2026-08-24T08:49:35.523243
2026-08-24,poniedzialek,warszawa,Buntownik,Cinema City Warszawa Arkadia,17:40,,,2026-08-24T08:49:35.523243
2026-08-24,poniedzialek,warszawa,Buntownik,Cinema City Warszawa Arkadia,20:00,,,2026-08-24T08:49:35.523243
2026-08-24,poniedzialek,warszawa,Buntownik,Cinema City Warszawa Arkadia,22:20,,,2026-08-24T08:49:35.523243
2026-08-24,poniedzialek,warszawa,Buntownik,Cinema City Warszawa Bemowo,15:00,,,2026-08-24T08:49:35.523243
2026-08-24,poniedzialek,warszawa,Buntownik,Cinema City Warszawa Bemowo,17:15,,,2026-08-24T08:49:35.523243
2026-08-24,poniedzialek,warszawa,Buntownik,Cinema City Warszawa Bemowo,19:30,,,2026-08-24T08:49:35.523243
2026-08-24,poniedzialek,warszawa,Buntownik,Cinema City Warszawa Bemowo,21:45,,,2026-08-24T08:49:35.523243
2026-08-24,poniedzialek,warszawa,Buntownik,Cinema City Warszawa Galeria Mokotów,11:20,,,2026-08-24T08:49:35.523243
2026-08-24,poniedzialek,warszawa,Buntownik,Cinema City Warszawa Galeria Mokotów,13:40,,,2026-08-24T08:49:35.523243
2026-08-24,poniedzialek,warszawa,Buntownik,Cinema City Warszawa Galeria Mokotów,20:20,,,2026-08-24T08:49:35.523243
2026-08-24,poniedzialek,warszawa,Buntownik,Cinema City Warszawa Galeria Mokotów,22:30,,,2026-08-24T08:49:35.523243
2026-08-24,poniedzialek,warszawa,Buntownik,Cinema City Warszawa Galeria Północna,14:50,,,2026-08-24T08:49:35.523243
2026-08-24,poniedzialek,warszawa,Buntownik,Cinema City Warszawa Galeria Północna,17:10,,,2026-08-24T08:49:35.523243
2026-08-24,poniedzialek,warszawa,Buntownik,Cinema City Warszawa Galeria Północna,19:30,,,2026-08-24T08:49:35.523243
2026-08-24,poniedzialek,warszawa,Buntownik,Cinema City Warszawa Galeria Północna,21:50,,,2026-08-24T08:49:35.523243
2026-08-24,poniedzialek,warszawa,Buntownik,Cinema City Warszawa Promenada,16:00,,,2026-08-24T08:49:35.523243
2026-08-24,poniedzialek,warszawa,Buntownik,Cinema City Warszawa Promenada,18:15,,,2026-08-24T08:49:35.523243
2026-08-24,poniedzialek,warszawa,Buntownik,Cinema City Warszawa Promenada,20:10,,,2026-08-24T08:49:35.523243
2026-08-24,poniedzialek,warszawa,Buntownik,Cinema City Warszawa Promenada,22:30,,,2026-08-24T08:49:35.523243
2026-08-24,poniedzialek,warszawa,Buntownik,Cinema City Warszawa Sadyba,10:20,,,2026-08-24T08:49:35.523243
2026-08-24,poniedzialek,warszawa,Buntownik,Cinema City Warszawa Sadyba,12:40,,,2026-08-24T08:49:35.523243
2026-08-24,poniedzialek,warszawa,Buntownik,Cinema City Warszawa Sadyba,18:40,,,2026-08-24T08:49:35.523243
2026-08-24,poniedzialek,warszawa,Buntownik,Cinema City Warszawa Sadyba,21:00,,,2026-08-24T08:49:35.523243
2026-08-24,poniedzialek,warszawa,Buntownik,Helios Warszawa Blue City,11:40,,,2026-08-24T08:49:35.523243
2026-08-24,poniedzialek,warszawa,Buntownik,Helios Warszawa Blue City,17:15,,,2026-08-24T08:49:35.523243
2026-08-24,poniedzialek,warszawa,Buntownik,Helios Warszawa Blue City,19:15,,,2026-08-24T08:49:35.523243
2026-08-24,poniedzialek,warszawa,Buntownik,Multikino Atrium Reduta w Warszawie,15:10,,,2026-08-24T08:49:35.523243
2026-08-24,poniedzialek,warszawa,Buntownik,Multikino Atrium Reduta w Warszawie,20:40,,,2026-08-24T08:49:35.523243
2026-08-24,poniedzialek,warszawa,Buntownik,Multikino Młociny,15:20,,,2026-08-24T08:49:35.523243
2026-08-24,poniedzialek,warszawa,Buntownik,Multikino Młociny,17:40,,,2026-08-24T08:49:35.523243
2026-08-24,poniedzialek,warszawa,Buntownik,Multikino Młociny,20:00,,,2026-08-24T08:49:35.523243
2026-08-24,poniedzialek,warszawa,Buntownik,Multikino Targówek,15:20,,,2026-08-24T08:49:35.523243
2026-08-24,poniedzialek,warszawa,Buntownik,Multikino Targówek,17:40,,,2026-08-24T08:49:35.523243
2026-08-24,poniedzialek,warszawa,Buntownik,Multikino Targówek,20:00,,,2026-08-24T08:49:35.523243
2026-08-24,poniedzialek,warszawa,Buntownik,Multikino Targówek,21:35,,,2026-08-24T08:49:35.523243
2026-08-24,poniedzialek,warszawa,Buntownik,Multikino Wola,15:05,,,2026-08-24T08:49:35.523243
2026-08-24,poniedzialek,warszawa,Buntownik,Multikino Wola,20:40,,,2026-08-24T08:49:35.523243
2026-08-24,poniedzialek,warszawa,Buntownik,Multikino Złote Tarasy,18:45,,,2026-08-24T08:49:35.523243
2026-08-24,poniedzialek,warszawa,Buntownik,Multikino Złote Tarasy,21:00,,,2026-08-24T08:49:35.523243
2026-08-24,poniedzialek,warszawa,Chłopiec z pudełka,Kinoteka w Warszawie,19:00,,,2026-08-24T08:49:35.523243
2026-08-24,poniedzialek,warszawa,Cinema Paradiso,NoveKino Wisła w Warszawie,20:00,,,2026-08-24T08:49:35.523243
2026-08-24,poniedzialek,warszawa,Cudowne życie,Filmowa Stolica Lata - Metro Słodowiec,21:00,,,2026-08-24T08:49:35.523243
2026-08-24,poniedzialek,warszawa,Czarne dziury: nieznane horyzonty,Planetarium Centrum Nauki Kopernik w Warszawie,14:30,,,2026-08-24T08:49:35.523243
2026-08-24,poniedzialek,warszawa,Dinozaury: Historia przetrwania,Planetarium Centrum Nauki Kopernik w Warszawie,10:30,,,2026-08-24T08:49:35.523243
2026-08-24,poniedzialek,warszawa,Do utraty tchu,Kinomuzeum w Muzeum Sztuki Nowoczesnej w Warszawie,17:00,,,2026-08-24T08:49:35.523243
2026-08-24,poniedzialek,warszawa,Ekipa zwierzaków (dubbing),Cinema City Warszawa Bemowo,10:20,,dubbing,2026-08-24T08:49:35.523243
2026-08-24,poniedzialek,warszawa,Ekipa zwierzaków (dubbing),Cinema City Warszawa Promenada,13:00,,dubbing,2026-08-24T08:49:35.523243
2026-08-24,poniedzialek,warszawa,Flavia de Luce,Kino Luna w Warszawie,11:50,,,2026-08-24T08:49:35.523243
2026-08-24,poniedzialek,warszawa,Flavia de Luce (dubbing),Cinema City Warszawa Bemowo,10:00,,dubbing,2026-08-24T08:49:35.523243
2026-08-24,poniedzialek,warszawa,Flavia de Luce (dubbing),Cinema City Warszawa Bemowo,11:45,,dubbing,2026-08-24T08:49:35.523243
2026-08-24,poniedzialek,warszawa,Flavia de Luce (dubbing),Cinema City Warszawa Galeria Mokotów,11:20,,dubbing,2026-08-24T08:49:35.523243
2026-08-24,poniedzialek,warszawa,Flavia de Luce (dubbing),Cinema City Warszawa Galeria Północna,10:20,,dubbing,2026-08-24T08:49:35.523243
2026-08-24,poniedzialek,warszawa,Flavia de Luce (dubbing),Cinema City Warszawa Promenada,10:20,,dubbing,2026-08-24T08:49:35.523243
2026-08-24,poniedzialek,warszawa,Flavia de Luce (dubbing),Cinema City Warszawa Sadyba,11:10,,dubbing,2026-08-24T08:49:35.523243
2026-08-24,poniedzialek,warszawa,Flavia de Luce (dubbing),Multikino Targówek,10:40,,dubbing,2026-08-24T08:49:35.523243
2026-08-24,poniedzialek,warszawa,Folwark zwierzęcy,Kino Luna w Warszawie,10:00,,,2026-08-24T08:49:35.523243
2026-08-24,poniedzialek,warszawa,Frances Ha,Cinema City Warszawa Arkadia,18:00,,,2026-08-24T08:49:35.523243
2026-08-24,poniedzialek,warszawa,Frances Ha,Cinema City Warszawa Galeria Mokotów,17:20,,,2026-08-24T08:49:35.523243
2026-08-24,poniedzialek,warszawa,Frances Ha,Kino Elektronik w Warszawie,20:00,,,2026-08-24T08:49:35.523243
2026-08-24,poniedzialek,warszawa,Frances Ha,NoveKino Wisła w Warszawie,16:20,,,2026-08-24T08:49:35.523243
2026-08-24,poniedzialek,warszawa,Frances Ha,U–jazdowski kino,17:30,,,2026-08-24T08:49:35.523243
2026-08-24,poniedzialek,warszawa,Gorzkie święta,Kino Atlantic w Warszawie,19:45,,,2026-08-24T08:49:35.523243
2026-08-24,poniedzialek,warszawa,Gorzkie święta,Kino Muranów w Warszawie,20:15,,,2026-08-24T08:49:35.523243
2026-08-24,poniedzialek,warszawa,Historie równoległe,Cinema City Warszawa Arkadia,16:20,,,2026-08-24T08:49:35.523243
2026-08-24,poniedzialek,warszawa,Historie równoległe,Cinema City Warszawa Galeria Mokotów,13:40,,,2026-08-24T08:49:35.523243
2026-08-24,poniedzialek,warszawa,Historie równoległe,Cinema City Warszawa Promenada,16:00,,,2026-08-24T08:49:35.523243
2026-08-24,poniedzialek,warszawa,Historie równoległe,Kino Atlantic w Warszawie,13:30,,,2026-08-24T08:49:35.523243
2026-08-24,poniedzialek,warszawa,Historie równoległe,Kino Elektronik w Warszawie,20:20,,,2026-08-24T08:49:35.523243
2026-08-24,poniedzialek,warszawa,Historie równoległe,Kino Głębocka 66 w Warszawie,19:45,,,2026-08-24T08:49:35.523243
2026-08-24,poniedzialek,warszawa,Historie równoległe,Kino Muranów w Warszawie,20:30,,,2026-08-24T08:49:35.523243
2026-08-24,poniedzialek,warszawa,Historie równoległe,Kino na Boku - Białołęcki Ośrodek Kultury w Warszawie,19:45,,,2026-08-24T08:49:35.523243
2026-08-24,poniedzialek,warszawa,Historie równoległe,Kino Praha w Warszawie,20:30,,,2026-08-24T08:49:35.523243
2026-08-24,poniedzialek,warszawa,Historie równoległe,Kinokawiarnia Stacja Falenica w Warszawie,20:00,,,2026-08-24T08:49:35.523243
2026-08-24,poniedzialek,warszawa,Historie równoległe,Kinoteka w Warszawie,13:45,,,2026-08-24T08:49:35.523243
2026-08-24,poniedzialek,warszawa,Historie równoległe,Kinoteka w Warszawie,20:15,,,2026-08-24T08:49:35.523243
2026-08-24,poniedzialek,warszawa,Historie równoległe,Multikino Atrium Reduta w Warszawie,20:00,,,2026-08-24T08:49:35.523243
2026-08-24,poniedzialek,warszawa,Historie równoległe,Multikino Młociny,10:15,,,2026-08-24T08:49:35.523243
2026-08-24,poniedzialek,warszawa,Historie równoległe,Multikino Młociny,20:00,,,2026-08-24T08:49:35.523243
2026-08-24,poniedzialek,warszawa,Historie równoległe,Multikino Targówek,11:00,,,2026-08-24T08:49:35.523243
2026-08-24,poniedzialek,warszawa,Historie równoległe,Multikino Targówek,20:00,,,2026-08-24T08:49:35.523243
2026-08-24,poniedzialek,warszawa,Historie równoległe,Multikino Wola,20:00,,,2026-08-24T08:49:35.523243
2026-08-24,poniedzialek,warszawa,Historie równoległe,Multikino Złote Tarasy,11:00,,,2026-08-24T08:49:35.523243
2026-08-24,poniedzialek,warszawa,Historie równoległe,Multikino Złote Tarasy,20:00,,,2026-08-24T08:49:35.523243
2026-08-24,poniedzialek,warszawa,Historie równoległe,NoveKino Wisła w Warszawie,12:45,,,2026-08-24T08:49:35.523243
2026-08-24,poniedzialek,warszawa,Homo Sapiens,Kinokawiarnia Stacja Falenica w Warszawie,15:00,,,2026-08-24T08:49:35.523243
2026-08-24,poniedzialek,warszawa,Homo sapiens?,Kino Kultura w Warszawie,21:00,,,2026-08-24T08:49:35.523243
2026-08-24,poniedzialek,warszawa,Ice Cream Man,Cinema City Warszawa Arkadia,16:00,,,2026-08-24T08:49:35.523243
2026-08-24,poniedzialek,warszawa,Ice Cream Man,Cinema City Warszawa Bemowo,22:10,,,2026-08-24T08:49:35.523243
2026-08-24,poniedzialek,warszawa,Ice Cream Man,Cinema City Warszawa Galeria Mokotów,22:30,,,2026-08-24T08:49:35.523243
2026-08-24,poniedzialek,warszawa,Ice Cream Man,Cinema City Warszawa Galeria Północna,22:20,,,2026-08-24T08:49:35.523243
2026-08-24,poniedzialek,warszawa,Ice Cream Man,Cinema City Warszawa Promenada,22:00,,,2026-08-24T08:49:35.523243
2026-08-24,poniedzialek,warszawa,Ice Cream Man,Cinema City Warszawa Sadyba,22:30,,,2026-08-24T08:49:35.523243
2026-08-24,poniedzialek,warszawa,Ice Cream Man,Multikino Targówek,21:40,,,2026-08-24T08:49:35.523243
2026-08-24,poniedzialek,warszawa,Ice Cream Man,Multikino Złote Tarasy,21:35,,,2026-08-24T08:49:35.523243
2026-08-24,poniedzialek,warszawa,Kandydaci śmierci,AMONDO Kino w Warszawie,20:15,,,2026-08-24T08:49:35.523243
2026-08-24,poniedzialek,warszawa,Kandydaci śmierci,Kinokawiarnia Stacja Falenica w Warszawie,13:00,,,2026-08-24T08:49:35.523243
2026-08-24,poniedzialek,warszawa,Kandydaci śmierci,Kinokawiarnia Stacja Falenica w Warszawie,20:15,,,2026-08-24T08:49:35.523243
2026-08-24,poniedzialek,warszawa,Kandydaci śmierci,Kinoteka w Warszawie,19:10,,,2026-08-24T08:49:35.523243
2026-08-24,poniedzialek,warszawa,Kicia Kocia ma braciszka,Kinokawiarnia Stacja Falenica w Warszawie,12:00,,,2026-08-24T08:49:35.523243
2026-08-24,poniedzialek,warszawa,Koniec Ulicy Dębowej,Cinema City Warszawa Arkadia,10:50,,,2026-08-24T08:49:35.523243
2026-08-24,poniedzialek,warszawa,Koniec Ulicy Dębowej,Cinema City Warszawa Arkadia,11:00,,,2026-08-24T08:49:35.523243
2026-08-24,poniedzialek,warszawa,Koniec Ulicy Dębowej,Cinema City Warszawa Arkadia,13:30,,,2026-08-24T08:49:35.523243
2026-08-24,poniedzialek,warszawa,Koniec Ulicy Dębowej,Cinema City Warszawa Arkadia,21:00,,,2026-08-24T08:49:35.523243
2026-08-24,poniedzialek,warszawa,Koniec Ulicy Dębowej,Cinema City Warszawa Bemowo,13:30,,,2026-08-24T08:49:35.523243
2026-08-24,poniedzialek,warszawa,Koniec Ulicy Dębowej,Cinema City Warszawa Bemowo,16:00,,,2026-08-24T08:49:35.523243
2026-08-24,poniedzialek,warszawa,Koniec Ulicy Dębowej,Cinema City Warszawa Bemowo,18:30,,,2026-08-24T08:49:35.523243
2026-08-24,poniedzialek,warszawa,Koniec Ulicy Dębowej,Cinema City Warszawa Bemowo,21:00,,,2026-08-24T08:49:35.523243
2026-08-24,poniedzialek,warszawa,Koniec Ulicy Dębowej,Cinema City Warszawa Galeria Mokotów,10:00,,,2026-08-24T08:49:35.523243
2026-08-24,poniedzialek,warszawa,Koniec Ulicy Dębowej,Cinema City Warszawa Galeria Mokotów,14:50,,,2026-08-24T08:49:35.523243
2026-08-24,poniedzialek,warszawa,Koniec Ulicy Dębowej,Cinema City Warszawa Galeria Mokotów,20:00,,,2026-08-24T08:49:35.523243
2026-08-24,poniedzialek,warszawa,Koniec Ulicy Dębowej,Cinema City Warszawa Galeria Mokotów,22:00,,,2026-08-24T08:49:35.523243
2026-08-24,poniedzialek,warszawa,Koniec Ulicy Dębowej,Cinema City Warszawa Galeria Mokotów,22:30,,,2026-08-24T08:49:35.523243
2026-08-24,poniedzialek,warszawa,Koniec Ulicy Dębowej,Cinema City Warszawa Galeria Północna,15:00,,,2026-08-24T08:49:35.523243
2026-08-24,poniedzialek,warszawa,Koniec Ulicy Dębowej,Cinema City Warszawa Galeria Północna,19:50,,,2026-08-24T08:49:35.523243
2026-08-24,poniedzialek,warszawa,Koniec Ulicy Dębowej,Cinema City Warszawa Galeria Północna,22:20,,,2026-08-24T08:49:35.523243
2026-08-24,poniedzialek,warszawa,Koniec Ulicy Dębowej,Cinema City Warszawa Promenada,12:20,,,2026-08-24T08:49:35.523243
2026-08-24,poniedzialek,warszawa,Koniec Ulicy Dębowej,Cinema City Warszawa Promenada,14:50,,,2026-08-24T08:49:35.523243
2026-08-24,poniedzialek,warszawa,Koniec Ulicy Dębowej,Cinema City Warszawa Promenada,17:20,,,2026-08-24T08:49:35.523243
2026-08-24,poniedzialek,warszawa,Koniec Ulicy Dębowej,Cinema City Warszawa Promenada,19:50,,,2026-08-24T08:49:35.523243
2026-08-24,poniedzialek,warszawa,Koniec Ulicy Dębowej,Cinema City Warszawa Promenada,22:20,,,2026-08-24T08:49:35.523243
2026-08-24,poniedzialek,warszawa,Koniec Ulicy Dębowej,Cinema City Warszawa Sadyba,13:30,,,2026-08-24T08:49:35.523243
2026-08-24,poniedzialek,warszawa,Koniec Ulicy Dębowej,Cinema City Warszawa Sadyba,20:20,,,2026-08-24T08:49:35.523243
2026-08-24,poniedzialek,warszawa,Koniec Ulicy Dębowej,Helios Warszawa Blue City,15:40,,,2026-08-24T08:49:35.523243
2026-08-24,poniedzialek,warszawa,Koniec Ulicy Dębowej,Helios Warszawa Blue City,19:45,,,2026-08-24T08:49:35.523243
2026-08-24,poniedzialek,warszawa,Koniec Ulicy Dębowej,Kino Iluzjon - Muzeum Sztuki Filmowej w Warszawie,17:30,,,2026-08-24T08:49:35.523243
2026-08-24,poniedzialek,warszawa,Koniec Ulicy Dębowej,Kinoteka w Warszawie,17:00,,,2026-08-24T08:49:35.523243
2026-08-24,poniedzialek,warszawa,Koniec Ulicy Dębowej,Kinoteka w Warszawie,21:15,,,2026-08-24T08:49:35.523243
2026-08-24,poniedzialek,warszawa,Koniec Ulicy Dębowej,Multikino Atrium Reduta w Warszawie,17:00,,,2026-08-24T08:49:35.523243
2026-08-24,poniedzialek,warszawa,Koniec Ulicy Dębowej,Multikino Młociny,17:45,,,2026-08-24T08:49:35.523243
2026-08-24,poniedzialek,warszawa,Koniec Ulicy Dębowej,Multikino Młociny,20:35,,,2026-08-24T08:49:35.523243
2026-08-24,poniedzialek,warszawa,Koniec Ulicy Dębowej,Multikino Targówek,14:05,,,2026-08-24T08:49:35.523243
2026-08-24,poniedzialek,warszawa,Koniec Ulicy Dębowej,Multikino Targówek,19:10,,,2026-08-24T08:49:35.523243
2026-08-24,poniedzialek,warszawa,Koniec Ulicy Dębowej,Multikino Targówek,21:35,,,2026-08-24T08:49:35.523243
2026-08-24,poniedzialek,warszawa,Koniec Ulicy Dębowej,Multikino Wola,19:45,,,2026-08-24T08:49:35.523243
2026-08-24,poniedzialek,warszawa,Koniec Ulicy Dębowej,Multikino Złote Tarasy,17:20,,,2026-08-24T08:49:35.523243
2026-08-24,poniedzialek,warszawa,Koniec Ulicy Dębowej,Multikino Złote Tarasy,20:30,,,2026-08-24T08:49:35.523243
2026-08-24,poniedzialek,warszawa,Koniec Ulicy Dębowej,NoveKino Wisła w Warszawie,14:20,,,2026-08-24T08:49:35.523243
2026-08-24,poniedzialek,warszawa,Konklawe,Kino Iluzjon - Muzeum Sztuki Filmowej w Warszawie,20:00,,,2026-08-24T08:49:35.523243
2026-08-24,poniedzialek,warszawa,Księga pustyni,Helios Warszawa Blue City,10:30,,,2026-08-24T08:49:35.523243
2026-08-24,poniedzialek,warszawa,Księga pustyni,Helios Warszawa Blue City,12:30,,,2026-08-24T08:49:35.523243
2026-08-24,poniedzialek,warszawa,Księga pustyni,Helios Warszawa Blue City,16:45,,,2026-08-24T08:49:35.523243
2026-08-24,poniedzialek,warszawa,Księga pustyni,Kino Luna w Warszawie,10:15,,,2026-08-24T08:49:35.523243
2026-08-24,poniedzialek,warszawa,Księga pustyni,Kinokawiarnia Stacja Falenica w Warszawie,16:00,,,2026-08-24T08:49:35.523243
2026-08-24,poniedzialek,warszawa,Księga pustyni (dubbing),Cinema City Warszawa Arkadia,10:30,,dubbing,2026-08-24T08:49:35.523243
2026-08-24,poniedzialek,warszawa,Księga pustyni (dubbing),Cinema City Warszawa Arkadia,12:40,,dubbing,2026-08-24T08:49:35.523243
2026-08-24,poniedzialek,warszawa,Księga pustyni (dubbing),Cinema City Warszawa Arkadia,14:50,,dubbing,2026-08-24T08:49:35.523243
2026-08-24,poniedzialek,warszawa,Księga pustyni (dubbing),Cinema City Warszawa Arkadia,15:40,,dubbing,2026-08-24T08:49:35.523243
2026-08-24,poniedzialek,warszawa,Księga pustyni (dubbing),Cinema City Warszawa Arkadia,17:50,,dubbing,2026-08-24T08:49:35.523243
2026-08-24,poniedzialek,warszawa,Księga pustyni (dubbing),Cinema City Warszawa Bemowo,10:45,,dubbing,2026-08-24T08:49:35.523243
2026-08-24,poniedzialek,warszawa,Księga pustyni (dubbing),Cinema City Warszawa Bemowo,13:00,,dubbing,2026-08-24T08:49:35.523243
2026-08-24,poniedzialek,warszawa,Księga pustyni (dubbing),Cinema City Warszawa Bemowo,15:15,,dubbing,2026-08-24T08:49:35.523243
2026-08-24,poniedzialek,warszawa,Księga pustyni (dubbing),Cinema City Warszawa Bemowo,17:30,,dubbing,2026-08-24T08:49:35.523243
2026-08-24,poniedzialek,warszawa,Księga pustyni (dubbing),Cinema City Warszawa Galeria Mokotów,10:30,,dubbing,2026-08-24T08:49:35.523243
2026-08-24,poniedzialek,warszawa,Księga pustyni (dubbing),Cinema City Warszawa Galeria Mokotów,11:30,,dubbing,2026-08-24T08:49:35.523243
2026-08-24,poniedzialek,warszawa,Księga pustyni (dubbing),Cinema City Warszawa Galeria Mokotów,12:40,,dubbing,2026-08-24T08:49:35.523243
2026-08-24,poniedzialek,warszawa,Księga pustyni (dubbing),Cinema City Warszawa Galeria Mokotów,14:50,,dubbing,2026-08-24T08:49:35.523243
2026-08-24,poniedzialek,warszawa,Księga pustyni (dubbing),Cinema City Warszawa Galeria Mokotów,17:00,,dubbing,2026-08-24T08:49:35.523243
2026-08-24,poniedzialek,warszawa,Księga pustyni (dubbing),Cinema City Warszawa Galeria Północna,10:10,,dubbing,2026-08-24T08:49:35.523243
2026-08-24,poniedzialek,warszawa,Księga pustyni (dubbing),Cinema City Warszawa Galeria Północna,11:10,,dubbing,2026-08-24T08:49:35.523243
2026-08-24,poniedzialek,warszawa,Księga pustyni (dubbing),Cinema City Warszawa Galeria Północna,12:30,,dubbing,2026-08-24T08:49:35.523243
2026-08-24,poniedzialek,warszawa,Księga pustyni (dubbing),Cinema City Warszawa Galeria Północna,13:20,,dubbing,2026-08-24T08:49:35.523243
2026-08-24,poniedzialek,warszawa,Księga pustyni (dubbing),Cinema City Warszawa Galeria Północna,15:30,,dubbing,2026-08-24T08:49:35.523243
2026-08-24,poniedzialek,warszawa,Księga pustyni (dubbing),Cinema City Warszawa Promenada,10:15,,dubbing,2026-08-24T08:49:35.523243
2026-08-24,poniedzialek,warszawa,Księga pustyni (dubbing),Cinema City Warszawa Promenada,11:30,,dubbing,2026-08-24T08:49:35.523243
2026-08-24,poniedzialek,warszawa,Księga pustyni (dubbing),Cinema City Warszawa Promenada,13:45,,dubbing,2026-08-24T08:49:35.523243
2026-08-24,poniedzialek,warszawa,Księga pustyni (dubbing),Cinema City Warszawa Promenada,15:15,,dubbing,2026-08-24T08:49:35.523243
2026-08-24,poniedzialek,warszawa,Księga pustyni (dubbing),Cinema City Warszawa Promenada,17:30,,dubbing,2026-08-24T08:49:35.523243
2026-08-24,poniedzialek,warszawa,Księga pustyni (dubbing),Cinema City Warszawa Sadyba,10:00,,dubbing,2026-08-24T08:49:35.523243
2026-08-24,poniedzialek,warszawa,Księga pustyni (dubbing),Cinema City Warszawa Sadyba,10:40,,dubbing,2026-08-24T08:49:35.523243
2026-08-24,poniedzialek,warszawa,Księga pustyni (dubbing),Cinema City Warszawa Sadyba,12:20,,dubbing,2026-08-24T08:49:35.523243
2026-08-24,poniedzialek,warszawa,Księga pustyni (dubbing),Cinema City Warszawa Sadyba,14:40,,dubbing,2026-08-24T08:49:35.523243
2026-08-24,poniedzialek,warszawa,Księga pustyni (dubbing),Cinema City Warszawa Sadyba,17:00,,dubbing,2026-08-24T08:49:35.523243
2026-08-24,poniedzialek,warszawa,Księga pustyni (dubbing),Kino Atlantic w Warszawie,11:30,,dubbing,2026-08-24T08:49:35.523243
2026-08-24,poniedzialek,warszawa,Księga pustyni (dubbing),Kino Głębocka 66 w Warszawie,16:00,,dubbing,2026-08-24T08:49:35.523243
2026-08-24,poniedzialek,warszawa,Księga pustyni (dubbing),Kino na Boku - Białołęcki Ośrodek Kultury w Warszawie,16:00,,dubbing,2026-08-24T08:49:35.523243
2026-08-24,poniedzialek,warszawa,Księga pustyni (dubbing),Multikino Atrium Reduta w Warszawie,10:35,,dubbing,2026-08-24T08:49:35.523243
2026-08-24,poniedzialek,warszawa,Księga pustyni (dubbing),Multikino Atrium Reduta w Warszawie,12:20,,dubbing,2026-08-24T08:49:35.523243
2026-08-24,poniedzialek,warszawa,Księga pustyni (dubbing),Multikino Atrium Reduta w Warszawie,14:45,,dubbing,2026-08-24T08:49:35.523243
2026-08-24,poniedzialek,warszawa,Księga pustyni (dubbing),Multikino Młociny,10:45,,dubbing,2026-08-24T08:49:35.523243
2026-08-24,poniedzialek,warszawa,Księga pustyni (dubbing),Multikino Młociny,13:00,,dubbing,2026-08-24T08:49:35.523243
2026-08-24,poniedzialek,warszawa,Księga pustyni (dubbing),Multikino Młociny,15:45,,dubbing,2026-08-24T08:49:35.523243
2026-08-24,poniedzialek,warszawa,Księga pustyni (dubbing),Multikino Młociny,18:00,,dubbing,2026-08-24T08:49:35.523243
2026-08-24,poniedzialek,warszawa,Księga pustyni (dubbing),Multikino Targówek,10:00,,dubbing,2026-08-24T08:49:35.523243
2026-08-24,poniedzialek,warszawa,Księga pustyni (dubbing),Multikino Targówek,13:50,,dubbing,2026-08-24T08:49:35.523243
2026-08-24,poniedzialek,warszawa,Księga pustyni (dubbing),Multikino Targówek,16:10,,dubbing,2026-08-24T08:49:35.523243
2026-08-24,poniedzialek,warszawa,Księga pustyni (dubbing),Multikino Targówek,18:30,,dubbing,2026-08-24T08:49:35.523243
2026-08-24,poniedzialek,warszawa,Księga pustyni (dubbing),Multikino Wola,10:35,,dubbing,2026-08-24T08:49:35.523243
2026-08-24,poniedzialek,warszawa,Księga pustyni (dubbing),Multikino Wola,12:10,,dubbing,2026-08-24T08:49:35.523243
2026-08-24,poniedzialek,warszawa,Księga pustyni (dubbing),Multikino Wola,14:30,,dubbing,2026-08-24T08:49:35.523243
2026-08-24,poniedzialek,warszawa,Księga pustyni (dubbing),Multikino Złote Tarasy,10:05,,dubbing,2026-08-24T08:49:35.523243
2026-08-24,poniedzialek,warszawa,Księga pustyni (dubbing),Multikino Złote Tarasy,14:05,,dubbing,2026-08-24T08:49:35.523243
2026-08-24,poniedzialek,warszawa,Księga pustyni (dubbing),Multikino Złote Tarasy,16:30,,dubbing,2026-08-24T08:49:35.523243
2026-08-24,poniedzialek,warszawa,Księga pustyni (dubbing),NoveKino Wisła w Warszawie,12:35,,dubbing,2026-08-24T08:49:35.523243
2026-08-24,poniedzialek,warszawa,Kurozając i świątynia Świstaka,Kino Luna w Warszawie,12:05,,,2026-08-24T08:49:35.523243
2026-08-24,poniedzialek,warszawa,Kuźma,Kino Atlantic w Warszawie,17:30,,,2026-08-24T08:49:35.523243
2026-08-24,poniedzialek,warszawa,Kuźma,Kino Atlantic w Warszawie,20:00,,,2026-08-24T08:49:35.523243
2026-08-24,poniedzialek,warszawa,Lot nad kukułczym gniazdem,AMONDO Kino w Warszawie,20:00,,,2026-08-24T08:49:35.523243
2026-08-24,poniedzialek,warszawa,Matki równoległe,Kino Muranów w Warszawie,18:00,,,2026-08-24T08:49:35.523243
2026-08-24,poniedzialek,warszawa,Michael,Cinema City Warszawa Galeria Północna,22:10,,,2026-08-24T08:49:35.523243
2026-08-24,poniedzialek,warszawa,Minionki i straszydła (dubbing),Cinema City Warszawa Arkadia,13:00,,dubbing,2026-08-24T08:49:35.523243
2026-08-24,poniedzialek,warszawa,Minionki i straszydła (dubbing),Cinema City Warszawa Arkadia,15:00,,dubbing,2026-08-24T08:49:35.523243
2026-08-24,poniedzialek,warszawa,Minionki i straszydła (dubbing),Cinema City Warszawa Bemowo,10:00,,dubbing,2026-08-24T08:49:35.523243
2026-08-24,poniedzialek,warszawa,Minionki i straszydła (dubbing),Cinema City Warszawa Bemowo,11:10,,dubbing,2026-08-24T08:49:35.523243
2026-08-24,poniedzialek,warszawa,Minionki i straszydła (dubbing),Cinema City Warszawa Bemowo,13:20,,dubbing,2026-08-24T08:49:35.523243
2026-08-24,poniedzialek,warszawa,Minionki i straszydła (dubbing),Cinema City Warszawa Galeria Mokotów,11:20,,dubbing,2026-08-24T08:49:35.523243
2026-08-24,poniedzialek,warszawa,Minionki i straszydła (dubbing),Cinema City Warszawa Galeria Mokotów,13:30,,dubbing,2026-08-24T08:49:35.523243
2026-08-24,poniedzialek,warszawa,Minionki i straszydła (dubbing),Cinema City Warszawa Galeria Mokotów,15:40,,dubbing,2026-08-24T08:49:35.523243
2026-08-24,poniedzialek,warszawa,Minionki i straszydła (dubbing),Cinema City Warszawa Galeria Północna,10:10,,dubbing,2026-08-24T08:49:35.523243
2026-08-24,poniedzialek,warszawa,Minionki i straszydła (dubbing),Cinema City Warszawa Galeria Północna,10:50,,dubbing,2026-08-24T08:49:35.523243
2026-08-24,poniedzialek,warszawa,Minionki i straszydła (dubbing),Cinema City Warszawa Galeria Północna,12:20,,dubbing,2026-08-24T08:49:35.523243
2026-08-24,poniedzialek,warszawa,Minionki i straszydła (dubbing),Cinema City Warszawa Galeria Północna,14:30,,dubbing,2026-08-24T08:49:35.523243
2026-08-24,poniedzialek,warszawa,Minionki i straszydła (dubbing),Cinema City Warszawa Promenada,10:00,,dubbing,2026-08-24T08:49:35.523243
2026-08-24,poniedzialek,warszawa,Minionki i straszydła (dubbing),Cinema City Warszawa Promenada,12:10,,dubbing,2026-08-24T08:49:35.523243
2026-08-24,poniedzialek,warszawa,Minionki i straszydła (dubbing),Cinema City Warszawa Sadyba,10:00,,dubbing,2026-08-24T08:49:35.523243
2026-08-24,poniedzialek,warszawa,Minionki i straszydła (dubbing),Cinema City Warszawa Sadyba,14:00,,dubbing,2026-08-24T08:49:35.523243
2026-08-24,poniedzialek,warszawa,Minionki i straszydła (dubbing),Cinema City Warszawa Sadyba,17:30,,dubbing,2026-08-24T08:49:35.523243
2026-08-24,poniedzialek,warszawa,Minionki i straszydła (dubbing),Helios Warszawa Blue City,10:20,,dubbing,2026-08-24T08:49:35.523243
2026-08-24,poniedzialek,warszawa,Minionki i straszydła (dubbing),Helios Warszawa Blue City,14:45,,dubbing,2026-08-24T08:49:35.523243
2026-08-24,poniedzialek,warszawa,Minionki i straszydła (dubbing),Multikino Atrium Reduta w Warszawie,10:00,,dubbing,2026-08-24T08:49:35.523243
2026-08-24,poniedzialek,warszawa,Minionki i straszydła (dubbing),Multikino Młociny,10:20,,dubbing,2026-08-24T08:49:35.523243
2026-08-24,poniedzialek,warszawa,Minionki i straszydła (dubbing),Multikino Młociny,13:10,,dubbing,2026-08-24T08:49:35.523243
2026-08-24,poniedzialek,warszawa,Minionki i straszydła (dubbing),Multikino Targówek,10:50,,dubbing,2026-08-24T08:49:35.523243
2026-08-24,poniedzialek,warszawa,Minionki i straszydła (dubbing),Multikino Targówek,13:05,,dubbing,2026-08-24T08:49:35.523243
2026-08-24,poniedzialek,warszawa,Minionki i straszydła (dubbing),Multikino Targówek,15:15,,dubbing,2026-08-24T08:49:35.523243
2026-08-24,poniedzialek,warszawa,Minionki i straszydła (dubbing),Multikino Wola,10:00,,dubbing,2026-08-24T08:49:35.523243
2026-08-24,poniedzialek,warszawa,Minionki i straszydła (dubbing),Multikino Złote Tarasy,09:55,,dubbing,2026-08-24T08:49:35.523243
2026-08-24,poniedzialek,warszawa,Minionki i straszydła (dubbing),Multikino Złote Tarasy,12:05,,dubbing,2026-08-24T08:49:35.523243
2026-08-24,poniedzialek,warszawa,Mizerykordia,AMONDO Kino w Warszawie,18:00,,,2026-08-24T08:49:35.523243
2026-08-24,poniedzialek,warszawa,Naznaczony: Wyjście z mrocznego wymiaru,Cinema City Warszawa Arkadia,10:30,,,2026-08-24T08:49:35.523243
2026-08-24,poniedzialek,warszawa,Naznaczony: Wyjście z mrocznego wymiaru,Cinema City Warszawa Arkadia,17:00,,,2026-08-24T08:49:35.523243
2026-08-24,poniedzialek,warszawa,Naznaczony: Wyjście z mrocznego wymiaru,Cinema City Warszawa Arkadia,19:10,,,2026-08-24T08:49:35.523243
2026-08-24,poniedzialek,warszawa,Naznaczony: Wyjście z mrocznego wymiaru,Cinema City Warszawa Arkadia,19:30,,,2026-08-24T08:49:35.523243
2026-08-24,poniedzialek,warszawa,Naznaczony: Wyjście z mrocznego wymiaru,Cinema City Warszawa Arkadia,22:00,,,2026-08-24T08:49:35.523243
2026-08-24,poniedzialek,warszawa,Naznaczony: Wyjście z mrocznego wymiaru,Cinema City Warszawa Bemowo,15:30,,,2026-08-24T08:49:35.523243
2026-08-24,poniedzialek,warszawa,Naznaczony: Wyjście z mrocznego wymiaru,Cinema City Warszawa Bemowo,18:00,,,2026-08-24T08:49:35.523243
2026-08-24,poniedzialek,warszawa,Naznaczony: Wyjście z mrocznego wymiaru,Cinema City Warszawa Bemowo,20:30,,,2026-08-24T08:49:35.523243
2026-08-24,poniedzialek,warszawa,Naznaczony: Wyjście z mrocznego wymiaru,Cinema City Warszawa Galeria Mokotów,11:50,,,2026-08-24T08:49:35.523243
2026-08-24,poniedzialek,warszawa,Naznaczony: Wyjście z mrocznego wymiaru,Cinema City Warszawa Galeria Mokotów,14:20,,,2026-08-24T08:49:35.523243
2026-08-24,poniedzialek,warszawa,Naznaczony: Wyjście z mrocznego wymiaru,Cinema City Warszawa Galeria Mokotów,16:50,,,2026-08-24T08:49:35.523243
2026-08-24,poniedzialek,warszawa,Naznaczony: Wyjście z mrocznego wymiaru,Cinema City Warszawa Galeria Mokotów,19:20,,,2026-08-24T08:49:35.523243
2026-08-24,poniedzialek,warszawa,Naznaczony: Wyjście z mrocznego wymiaru,Cinema City Warszawa Galeria Mokotów,21:50,,,2026-08-24T08:49:35.523243
2026-08-24,poniedzialek,warszawa,Naznaczony: Wyjście z mrocznego wymiaru,Cinema City Warszawa Galeria Północna,10:20,,,2026-08-24T08:49:35.523243
2026-08-24,poniedzialek,warszawa,Naznaczony: Wyjście z mrocznego wymiaru,Cinema City Warszawa Galeria Północna,12:50,,,2026-08-24T08:49:35.523243
2026-08-24,poniedzialek,warszawa,Naznaczony: Wyjście z mrocznego wymiaru,Cinema City Warszawa Galeria Północna,15:20,,,2026-08-24T08:49:35.523243
2026-08-24,poniedzialek,warszawa,Naznaczony: Wyjście z mrocznego wymiaru,Cinema City Warszawa Galeria Północna,17:50,,,2026-08-24T08:49:35.523243
2026-08-24,poniedzialek,warszawa,Naznaczony: Wyjście z mrocznego wymiaru,Cinema City Warszawa Galeria Północna,20:20,,,2026-08-24T08:49:35.523243
2026-08-24,poniedzialek,warszawa,Naznaczony: Wyjście z mrocznego wymiaru,Cinema City Warszawa Promenada,14:20,,,2026-08-24T08:49:35.523243
2026-08-24,poniedzialek,warszawa,Naznaczony: Wyjście z mrocznego wymiaru,Cinema City Warszawa Promenada,16:50,,,2026-08-24T08:49:35.523243
2026-08-24,poniedzialek,warszawa,Naznaczony: Wyjście z mrocznego wymiaru,Cinema City Warszawa Promenada,19:20,,,2026-08-24T08:49:35.523243
2026-08-24,poniedzialek,warszawa,Naznaczony: Wyjście z mrocznego wymiaru,Cinema City Warszawa Promenada,21:50,,,2026-08-24T08:49:35.523243
2026-08-24,poniedzialek,warszawa,Naznaczony: Wyjście z mrocznego wymiaru,Cinema City Warszawa Sadyba,13:00,,,2026-08-24T08:49:35.523243
2026-08-24,poniedzialek,warszawa,Naznaczony: Wyjście z mrocznego wymiaru,Cinema City Warszawa Sadyba,15:30,,,2026-08-24T08:49:35.523243
2026-08-24,poniedzialek,warszawa,Naznaczony: Wyjście z mrocznego wymiaru,Cinema City Warszawa Sadyba,18:00,,,2026-08-24T08:49:35.523243
2026-08-24,poniedzialek,warszawa,Naznaczony: Wyjście z mrocznego wymiaru,Cinema City Warszawa Sadyba,20:30,,,2026-08-24T08:49:35.523243
2026-08-24,poniedzialek,warszawa,Naznaczony: Wyjście z mrocznego wymiaru,Helios Warszawa Blue City,13:40,,,2026-08-24T08:49:35.523243
2026-08-24,poniedzialek,warszawa,Naznaczony: Wyjście z mrocznego wymiaru,Helios Warszawa Blue City,19:00,,,2026-08-24T08:49:35.523243
2026-08-24,poniedzialek,warszawa,Naznaczony: Wyjście z mrocznego wymiaru,Helios Warszawa Blue City,21:15,,,2026-08-24T08:49:35.523243
2026-08-24,poniedzialek,warszawa,Naznaczony: Wyjście z mrocznego wymiaru,Multikino Atrium Reduta w Warszawie,12:40,,,2026-08-24T08:49:35.523243
2026-08-24,poniedzialek,warszawa,Naznaczony: Wyjście z mrocznego wymiaru,Multikino Atrium Reduta w Warszawie,18:15,,,2026-08-24T08:49:35.523243
2026-08-24,poniedzialek,warszawa,Naznaczony: Wyjście z mrocznego wymiaru,Multikino Młociny,15:15,,,2026-08-24T08:49:35.523243
2026-08-24,poniedzialek,warszawa,Naznaczony: Wyjście z mrocznego wymiaru,Multikino Młociny,17:45,,,2026-08-24T08:49:35.523243
2026-08-24,poniedzialek,warszawa,Naznaczony: Wyjście z mrocznego wymiaru,Multikino Młociny,20:15,,,2026-08-24T08:49:35.523243
2026-08-24,poniedzialek,warszawa,Naznaczony: Wyjście z mrocznego wymiaru,Multikino Targówek,13:00,,,2026-08-24T08:49:35.523243
2026-08-24,poniedzialek,warszawa,Naznaczony: Wyjście z mrocznego wymiaru,Multikino Targówek,15:30,,,2026-08-24T08:49:35.523243
2026-08-24,poniedzialek,warszawa,Naznaczony: Wyjście z mrocznego wymiaru,Multikino Targówek,18:00,,,2026-08-24T08:49:35.523243
2026-08-24,poniedzialek,warszawa,Naznaczony: Wyjście z mrocznego wymiaru,Multikino Targówek,20:30,,,2026-08-24T08:49:35.523243
2026-08-24,poniedzialek,warszawa,Naznaczony: Wyjście z mrocznego wymiaru,Multikino Wola,12:30,,,2026-08-24T08:49:35.523243
2026-08-24,poniedzialek,warszawa,Naznaczony: Wyjście z mrocznego wymiaru,Multikino Wola,18:15,,,2026-08-24T08:49:35.523243
2026-08-24,poniedzialek,warszawa,Naznaczony: Wyjście z mrocznego wymiaru,Multikino Złote Tarasy,15:40,,,2026-08-24T08:49:35.523243
2026-08-24,poniedzialek,warszawa,Naznaczony: Wyjście z mrocznego wymiaru,Multikino Złote Tarasy,18:10,,,2026-08-24T08:49:35.523243
2026-08-24,poniedzialek,warszawa,Naznaczony: Wyjście z mrocznego wymiaru,Multikino Złote Tarasy,20:40,,,2026-08-24T08:49:35.523243
2026-08-24,poniedzialek,warszawa,Nienawiść,AMONDO Kino w Warszawie,18:15,,,2026-08-24T08:49:35.523243
2026-08-24,poniedzialek,warszawa,Niesamowite przygody skarpetek 3. Ale kosmos!,Cinema City Warszawa Promenada,10:30,,,2026-08-24T08:49:35.523243
2026-08-24,poniedzialek,warszawa,Noce Cabirii,Kino Praha w Warszawie,18:00,,,2026-08-24T08:49:35.523243
2026-08-24,poniedzialek,warszawa,Nocna zmiana,Kinomuzeum w Muzeum Sztuki Nowoczesnej w Warszawie,19:00,,,2026-08-24T08:49:35.523243
2026-08-24,poniedzialek,warszawa,Nowa fala,Kino Atlantic w Warszawie,18:00,,,2026-08-24T08:49:35.523243
2026-08-24,poniedzialek,warszawa,Nowa fala,Kino Elektronik w Warszawie,18:15,,,2026-08-24T08:49:35.523243
2026-08-24,poniedzialek,warszawa,Nowa fala,Kino Głębocka 66 w Warszawie,17:45,,,2026-08-24T08:49:35.523243
2026-08-24,poniedzialek,warszawa,Nowa fala,Kino Iluzjon - Muzeum Sztuki Filmowej w Warszawie,19:45,,,2026-08-24T08:49:35.523243
2026-08-24,poniedzialek,warszawa,Nowa fala,Kino Luna w Warszawie,16:15,,,2026-08-24T08:49:35.523243
2026-08-24,poniedzialek,warszawa,Nowa fala,Kino Muranów w Warszawie,19:15,,,2026-08-24T08:49:35.523243
2026-08-24,poniedzialek,warszawa,Nowa fala,Kino na Boku - Białołęcki Ośrodek Kultury w Warszawie,17:45,,,2026-08-24T08:49:35.523243
2026-08-24,poniedzialek,warszawa,Nowa fala,Kinoteka w Warszawie,13:45,,,2026-08-24T08:49:35.523243
2026-08-24,poniedzialek,warszawa,O czym wie Marielle,Kino Atlantic w Warszawie,12:00,,,2026-08-24T08:49:35.523243
2026-08-24,poniedzialek,warszawa,O czym wie Marielle,Kino Atlantic w Warszawie,16:00,,,2026-08-24T08:49:35.523243
2026-08-24,poniedzialek,warszawa,O czym wie Marielle,Kino Elektronik w Warszawie,18:00,,,2026-08-24T08:49:35.523243
2026-08-24,poniedzialek,warszawa,O czym wie Marielle,Kinokawiarnia Stacja Falenica w Warszawie,18:30,,,2026-08-24T08:49:35.523243
2026-08-24,poniedzialek,warszawa,O czym wie Marielle,Kinoteka w Warszawie,16:00,,,2026-08-24T08:49:35.523243
2026-08-24,poniedzialek,warszawa,Obcy,Kino Muranów w Warszawie,18:15,,,2026-08-24T08:49:35.523243
2026-08-24,poniedzialek,warszawa,Obsesja,Cinema City Warszawa Arkadia,22:10,,,2026-08-24T08:49:35.523243
2026-08-24,poniedzialek,warszawa,Obsesja,Cinema City Warszawa Bemowo,22:00,,,2026-08-24T08:49:35.523243
2026-08-24,poniedzialek,warszawa,Obsesja,Cinema City Warszawa Promenada,22:00,,,2026-08-24T08:49:35.523243
2026-08-24,poniedzialek,warszawa,Obsesja,Multikino Młociny,15:15,,,2026-08-24T08:49:35.523243
2026-08-24,poniedzialek,warszawa,Obsesja,Multikino Złote Tarasy,14:10,,,2026-08-24T08:49:35.523243
2026-08-24,poniedzialek,warszawa,Odyseja,Cinema City Warszawa Arkadia,10:10,,,2026-08-24T08:49:35.523243
2026-08-24,poniedzialek,warszawa,Odyseja,Cinema City Warszawa Arkadia,11:40,,,2026-08-24T08:49:35.523243
2026-08-24,poniedzialek,warszawa,Odyseja,Cinema City Warszawa Arkadia,13:50,,,2026-08-24T08:49:35.523243
2026-08-24,poniedzialek,warszawa,Odyseja,Cinema City Warszawa Arkadia,17:30,,,2026-08-24T08:49:35.523243
2026-08-24,poniedzialek,warszawa,Odyseja,Cinema City Warszawa Arkadia,21:10,,,2026-08-24T08:49:35.523243
2026-08-24,poniedzialek,warszawa,Odyseja,Cinema City Warszawa Bemowo,12:20,,,2026-08-24T08:49:35.523243
2026-08-24,poniedzialek,warszawa,Odyseja,Cinema City Warszawa Bemowo,15:10,,,2026-08-24T08:49:35.523243
2026-08-24,poniedzialek,warszawa,Odyseja,Cinema City Warszawa Bemowo,20:10,,,2026-08-24T08:49:35.523243
2026-08-24,poniedzialek,warszawa,Odyseja,Cinema City Warszawa Galeria Mokotów,12:00,,,2026-08-24T08:49:35.523243
2026-08-24,poniedzialek,warszawa,Odyseja,Cinema City Warszawa Galeria Mokotów,15:45,,,2026-08-24T08:49:35.523243
2026-08-24,poniedzialek,warszawa,Odyseja,Cinema City Warszawa Galeria Mokotów,17:10,,,2026-08-24T08:49:35.523243
2026-08-24,poniedzialek,warszawa,Odyseja,Cinema City Warszawa Galeria Mokotów,19:15,,,2026-08-24T08:49:35.523243
2026-08-24,poniedzialek,warszawa,Odyseja,Cinema City Warszawa Galeria Mokotów,20:50,,,2026-08-24T08:49:35.523243
2026-08-24,poniedzialek,warszawa,Odyseja,Cinema City Warszawa Galeria Północna,13:00,,,2026-08-24T08:49:35.523243
2026-08-24,poniedzialek,warszawa,Odyseja,Cinema City Warszawa Galeria Północna,15:00,,,2026-08-24T08:49:35.523243
2026-08-24,poniedzialek,warszawa,Odyseja,Cinema City Warszawa Galeria Północna,18:40,,,2026-08-24T08:49:35.523243
2026-08-24,poniedzialek,warszawa,Odyseja,Cinema City Warszawa Galeria Północna,20:50,,,2026-08-24T08:49:35.523243
2026-08-24,poniedzialek,warszawa,Odyseja,Cinema City Warszawa Promenada,11:10,,,2026-08-24T08:49:35.523243
2026-08-24,poniedzialek,warszawa,Odyseja,Cinema City Warszawa Promenada,14:50,,,2026-08-24T08:49:35.523243
2026-08-24,poniedzialek,warszawa,Odyseja,Cinema City Warszawa Promenada,18:30,,,2026-08-24T08:49:35.523243
2026-08-24,poniedzialek,warszawa,Odyseja,Cinema City Warszawa Promenada,20:30,,,2026-08-24T08:49:35.523243
2026-08-24,poniedzialek,warszawa,Odyseja,Cinema City Warszawa Sadyba,10:00,,,2026-08-24T08:49:35.523243
2026-08-24,poniedzialek,warszawa,Odyseja,Cinema City Warszawa Sadyba,13:45,,,2026-08-24T08:49:35.523243
2026-08-24,poniedzialek,warszawa,Odyseja,Cinema City Warszawa Sadyba,15:00,,,2026-08-24T08:49:35.523243
2026-08-24,poniedzialek,warszawa,Odyseja,Cinema City Warszawa Sadyba,17:30,,,2026-08-24T08:49:35.523243
2026-08-24,poniedzialek,warszawa,Odyseja,Cinema City Warszawa Sadyba,21:15,,,2026-08-24T08:49:35.523243
2026-08-24,poniedzialek,warszawa,Odyseja,Cinema City Warszawa Sadyba IMAX,10:40,,,2026-08-24T08:49:35.523243
2026-08-24,poniedzialek,warszawa,Odyseja,Cinema City Warszawa Sadyba IMAX,14:20,,,2026-08-24T08:49:35.523243
2026-08-24,poniedzialek,warszawa,Odyseja,Cinema City Warszawa Sadyba IMAX,20:40,,,2026-08-24T08:49:35.523243
2026-08-24,poniedzialek,warszawa,Odyseja,Helios Warszawa Blue City,10:00,,,2026-08-24T08:49:35.523243
2026-08-24,poniedzialek,warszawa,Odyseja,Helios Warszawa Blue City,17:45,,,2026-08-24T08:49:35.523243
2026-08-24,poniedzialek,warszawa,Odyseja,Kino Atlantic w Warszawie,16:30,,,2026-08-24T08:49:35.523243
2026-08-24,poniedzialek,warszawa,Odyseja,KinoGram w Warszawie,19:15,,,2026-08-24T08:49:35.523243
2026-08-24,poniedzialek,warszawa,Odyseja,Kinoteka w Warszawie,14:35,,,2026-08-24T08:49:35.523243
2026-08-24,poniedzialek,warszawa,Odyseja,Kinoteka w Warszawie,17:00,,,2026-08-24T08:49:35.523243
2026-08-24,poniedzialek,warszawa,Odyseja,Kinoteka w Warszawie,20:30,,,2026-08-24T08:49:35.523243
2026-08-24,poniedzialek,warszawa,Odyseja,Multikino Atrium Reduta w Warszawie,19:30,,,2026-08-24T08:49:35.523243
2026-08-24,poniedzialek,warszawa,Odyseja,Multikino Młociny,13:05,,,2026-08-24T08:49:35.523243
2026-08-24,poniedzialek,warszawa,Odyseja,Multikino Młociny,18:40,,,2026-08-24T08:49:35.523243
2026-08-24,poniedzialek,warszawa,Odyseja,Multikino Młociny,19:30,,,2026-08-24T08:49:35.523243
2026-08-24,poniedzialek,warszawa,Odyseja,Multikino Młociny,20:15,,,2026-08-24T08:49:35.523243
2026-08-24,poniedzialek,warszawa,Odyseja,Multikino Targówek,10:10,,,2026-08-24T08:49:35.523243
2026-08-24,poniedzialek,warszawa,Odyseja,Multikino Targówek,14:30,,,2026-08-24T08:49:35.523243
2026-08-24,poniedzialek,warszawa,Odyseja,Multikino Targówek,17:25,,,2026-08-24T08:49:35.523243
2026-08-24,poniedzialek,warszawa,Odyseja,Multikino Targówek,20:20,,,2026-08-24T08:49:35.523243
2026-08-24,poniedzialek,warszawa,Odyseja,Multikino Wola,19:30,,,2026-08-24T08:49:35.523243
2026-08-24,poniedzialek,warszawa,Odyseja,Multikino Złote Tarasy,12:20,,,2026-08-24T08:49:35.523243
2026-08-24,poniedzialek,warszawa,Odyseja,Multikino Złote Tarasy,15:55,,,2026-08-24T08:49:35.523243
2026-08-24,poniedzialek,warszawa,Odyseja,Multikino Złote Tarasy,19:35,,,2026-08-24T08:49:35.523243
2026-08-24,poniedzialek,warszawa,Odyseja,NoveKino Wisła w Warszawie,19:50,,,2026-08-24T08:49:35.523243
2026-08-24,poniedzialek,warszawa,Odyseja / Одіссея (ukr.),Cinema City Warszawa Arkadia,18:30,,,2026-08-24T08:49:35.523243
2026-08-24,poniedzialek,warszawa,Odyseja / Одіссея (ukr.),Cinema City Warszawa Galeria Mokotów,21:10,,,2026-08-24T08:49:35.523243
2026-08-24,poniedzialek,warszawa,Odyseja / Одіссея (ukr.),Cinema City Warszawa Galeria Północna,21:10,,,2026-08-24T08:49:35.523243
2026-08-24,poniedzialek,warszawa,Odyseja / Одіссея (ukr.),Helios Warszawa Blue City,14:00,,,2026-08-24T08:49:35.523243
2026-08-24,poniedzialek,warszawa,Odyseja / Одіссея (ukr.),Helios Warszawa Blue City,16:10,,,2026-08-24T08:49:35.523243
2026-08-24,poniedzialek,warszawa,Odyseja / Одіссея (ukr.),Helios Warszawa Blue City,22:00,,,2026-08-24T08:49:35.523243
2026-08-24,poniedzialek,warszawa,Odzyskany,Cinema City Warszawa Arkadia,17:10,,,2026-08-24T08:49:35.523243
2026-08-24,poniedzialek,warszawa,Odzyskany,Cinema City Warszawa Promenada,11:20,,,2026-08-24T08:49:35.523243
2026-08-24,poniedzialek,warszawa,Odzyskany,Cinema City Warszawa Sadyba,14:15,,,2026-08-24T08:49:35.523243
2026-08-24,poniedzialek,warszawa,Odzyskany,NoveKino Wisła w Warszawie,11:00,,,2026-08-24T08:49:35.523243
2026-08-24,poniedzialek,warszawa,Odzyskany,NoveKino Wisła w Warszawie,18:10,,,2026-08-24T08:49:35.523243
2026-08-24,poniedzialek,warszawa,Ojczyzna,Kino Atlantic w Warszawie,11:30,,,2026-08-24T08:49:35.523243
2026-08-24,poniedzialek,warszawa,Ojczyzna,Kino Luna w Warszawie,14:20,,,2026-08-24T08:49:35.523243
2026-08-24,poniedzialek,warszawa,Ojczyzna,Kinoteka w Warszawie,14:00,,,2026-08-24T08:49:35.523243
2026-08-24,poniedzialek,warszawa,Ojczyzna,NoveKino Wisła w Warszawie,18:15,,,2026-08-24T08:49:35.523243
2026-08-24,poniedzialek,warszawa,Pejzaż w kolorze sepii,Cinema City Warszawa Bemowo,12:10,,,2026-08-24T08:49:35.523243
2026-08-24,poniedzialek,warszawa,Pejzaż w kolorze sepii,Cinema City Warszawa Galeria Północna,10:00,,,2026-08-24T08:49:35.523243
2026-08-24,poniedzialek,warszawa,Pejzaż w kolorze sepii,Kino Muranów w Warszawie,21:30,,,2026-08-24T08:49:35.523243
2026-08-24,poniedzialek,warszawa,Podziemny krąg,Kino Iluzjon - Muzeum Sztuki Filmowej w Warszawie,17:00,,,2026-08-24T08:49:35.523243
2026-08-24,poniedzialek,warszawa,Polaris,Planetarium Centrum Nauki Kopernik w Warszawie,12:30,,,2026-08-24T08:49:35.523243
2026-08-24,poniedzialek,warszawa,Ponyo,Kino Muranów w Warszawie,18:00,,,2026-08-24T08:49:35.523243
2026-08-24,poniedzialek,warszawa,Proces,Kinoteka w Warszawie,21:15,,,2026-08-24T08:49:35.523243
2026-08-24,poniedzialek,warszawa,Psi Patrol i dinozaury,Helios Warszawa Blue City,10:00,,,2026-08-24T08:49:35.523243
2026-08-24,poniedzialek,warszawa,Psi Patrol i dinozaury,Helios Warszawa Blue City,12:10,,,2026-08-24T08:49:35.523243
2026-08-24,poniedzialek,warszawa,Psi Patrol i dinozaury,Helios Warszawa Blue City,13:30,,,2026-08-24T08:49:35.523243
2026-08-24,poniedzialek,warszawa,Psi Patrol i dinozaury,Helios Warszawa Blue City,17:00,,,2026-08-24T08:49:35.523243
2026-08-24,poniedzialek,warszawa,Psi Patrol i dinozaury,Kinokawiarnia Stacja Falenica w Warszawie,12:00,,,2026-08-24T08:49:35.523243
2026-08-24,poniedzialek,warszawa,Psi Patrol i dinozaury,Kinokawiarnia Stacja Falenica w Warszawie,14:00,,,2026-08-24T08:49:35.523243
2026-08-24,poniedzialek,warszawa,Psi Patrol i dinozaury,NoveKino Wisła w Warszawie,11:00,,,2026-08-24T08:49:35.523243
2026-08-24,poniedzialek,warszawa,Psi Patrol i dinozaury,NoveKino Wisła w Warszawie,14:25,,,2026-08-24T08:49:35.523243
2026-08-24,poniedzialek,warszawa,Psi Patrol i dinozaury (dubbing),Cinema City Warszawa Arkadia,10:20,,dubbing,2026-08-24T08:49:35.523243
2026-08-24,poniedzialek,warszawa,Psi Patrol i dinozaury (dubbing),Cinema City Warszawa Arkadia,12:30,,dubbing,2026-08-24T08:49:35.523243
2026-08-24,poniedzialek,warszawa,Psi Patrol i dinozaury (dubbing),Cinema City Warszawa Arkadia,14:40,,dubbing,2026-08-24T08:49:35.523243
2026-08-24,poniedzialek,warszawa,Psi Patrol i dinozaury (dubbing),Cinema City Warszawa Arkadia,16:50,,dubbing,2026-08-24T08:49:35.523243
2026-08-24,poniedzialek,warszawa,Psi Patrol i dinozaury (dubbing),Cinema City Warszawa Arkadia,19:00,,dubbing,2026-08-24T08:49:35.523243
2026-08-24,poniedzialek,warszawa,Psi Patrol i dinozaury (dubbing),Cinema City Warszawa Bemowo,10:40,,dubbing,2026-08-24T08:49:35.523243
2026-08-24,poniedzialek,warszawa,Psi Patrol i dinozaury (dubbing),Cinema City Warszawa Bemowo,12:50,,dubbing,2026-08-24T08:49:35.523243
2026-08-24,poniedzialek,warszawa,Psi Patrol i dinozaury (dubbing),Cinema City Warszawa Bemowo,15:00,,dubbing,2026-08-24T08:49:35.523243
2026-08-24,poniedzialek,warszawa,Psi Patrol i dinozaury (dubbing),Cinema City Warszawa Bemowo,17:10,,dubbing,2026-08-24T08:49:35.523243
2026-08-24,poniedzialek,warszawa,Psi Patrol i dinozaury (dubbing),Cinema City Warszawa Galeria Mokotów,10:40,,dubbing,2026-08-24T08:49:35.523243
2026-08-24,poniedzialek,warszawa,Psi Patrol i dinozaury (dubbing),Cinema City Warszawa Galeria Mokotów,12:50,,dubbing,2026-08-24T08:49:35.523243
2026-08-24,poniedzialek,warszawa,Psi Patrol i dinozaury (dubbing),Cinema City Warszawa Galeria Mokotów,15:05,,dubbing,2026-08-24T08:49:35.523243
2026-08-24,poniedzialek,warszawa,Psi Patrol i dinozaury (dubbing),Cinema City Warszawa Galeria Północna,10:00,,dubbing,2026-08-24T08:49:35.523243
2026-08-24,poniedzialek,warszawa,Psi Patrol i dinozaury (dubbing),Cinema City Warszawa Galeria Północna,12:10,,dubbing,2026-08-24T08:49:35.523243
2026-08-24,poniedzialek,warszawa,Psi Patrol i dinozaury (dubbing),Cinema City Warszawa Galeria Północna,14:20,,dubbing,2026-08-24T08:49:35.523243
2026-08-24,poniedzialek,warszawa,Psi Patrol i dinozaury (dubbing),Cinema City Warszawa Galeria Północna,16:30,,dubbing,2026-08-24T08:49:35.523243
2026-08-24,poniedzialek,warszawa,Psi Patrol i dinozaury (dubbing),Cinema City Warszawa Promenada,10:10,,dubbing,2026-08-24T08:49:35.523243
2026-08-24,poniedzialek,warszawa,Psi Patrol i dinozaury (dubbing),Cinema City Warszawa Promenada,13:40,,dubbing,2026-08-24T08:49:35.523243
2026-08-24,poniedzialek,warszawa,Psi Patrol i dinozaury (dubbing),Cinema City Warszawa Promenada,15:50,,dubbing,2026-08-24T08:49:35.523243
2026-08-24,poniedzialek,warszawa,Psi Patrol i dinozaury (dubbing),Cinema City Warszawa Promenada,18:00,,dubbing,2026-08-24T08:49:35.523243
2026-08-24,poniedzialek,warszawa,Psi Patrol i dinozaury (dubbing),Cinema City Warszawa Sadyba,10:30,,dubbing,2026-08-24T08:49:35.523243
2026-08-24,poniedzialek,warszawa,Psi Patrol i dinozaury (dubbing),Cinema City Warszawa Sadyba,12:45,,dubbing,2026-08-24T08:49:35.523243
2026-08-24,poniedzialek,warszawa,Psi Patrol i dinozaury (dubbing),Cinema City Warszawa Sadyba,15:00,,dubbing,2026-08-24T08:49:35.523243
2026-08-24,poniedzialek,warszawa,Psi Patrol i dinozaury (dubbing),Cinema City Warszawa Sadyba,17:15,,dubbing,2026-08-24T08:49:35.523243
2026-08-24,poniedzialek,warszawa,Psi Patrol i dinozaury (dubbing),Kino Głębocka 66 w Warszawie,14:00,,dubbing,2026-08-24T08:49:35.523243
2026-08-24,poniedzialek,warszawa,Psi Patrol i dinozaury (dubbing),Kino na Boku - Białołęcki Ośrodek Kultury w Warszawie,14:00,,dubbing,2026-08-24T08:49:35.523243
2026-08-24,poniedzialek,warszawa,Psi Patrol i dinozaury (dubbing),Kinoteka w Warszawie,13:00,,dubbing,2026-08-24T08:49:35.523243
2026-08-24,poniedzialek,warszawa,Psi Patrol i dinozaury (dubbing),Kinoteka w Warszawie,15:00,,dubbing,2026-08-24T08:49:35.523243
2026-08-24,poniedzialek,warszawa,Psi Patrol i dinozaury (dubbing),Kinoteka w Warszawie,17:00,,dubbing,2026-08-24T08:49:35.523243
2026-08-24,poniedzialek,warszawa,Psi Patrol i dinozaury (dubbing),Multikino Atrium Reduta w Warszawie,10:10,,dubbing,2026-08-24T08:49:35.523243
2026-08-24,poniedzialek,warszawa,Psi Patrol i dinozaury (dubbing),Multikino Atrium Reduta w Warszawie,12:45,,dubbing,2026-08-24T08:49:35.523243
2026-08-24,poniedzialek,warszawa,Psi Patrol i dinozaury (dubbing),Multikino Atrium Reduta w Warszawie,15:00,,dubbing,2026-08-24T08:49:35.523243
2026-08-24,poniedzialek,warszawa,Psi Patrol i dinozaury (dubbing),Multikino Atrium Reduta w Warszawie,17:20,,dubbing,2026-08-24T08:49:35.523243
2026-08-24,poniedzialek,warszawa,Psi Patrol i dinozaury (dubbing),Multikino Młociny,10:15,,dubbing,2026-08-24T08:49:35.523243
2026-08-24,poniedzialek,warszawa,Psi Patrol i dinozaury (dubbing),Multikino Młociny,10:55,,dubbing,2026-08-24T08:49:35.523243
2026-08-24,poniedzialek,warszawa,Psi Patrol i dinozaury (dubbing),Multikino Młociny,13:00,,dubbing,2026-08-24T08:49:35.523243
2026-08-24,poniedzialek,warszawa,Psi Patrol i dinozaury (dubbing),Multikino Młociny,14:35,,dubbing,2026-08-24T08:49:35.523243
2026-08-24,poniedzialek,warszawa,Psi Patrol i dinozaury (dubbing),Multikino Młociny,15:10,,dubbing,2026-08-24T08:49:35.523243
2026-08-24,poniedzialek,warszawa,Psi Patrol i dinozaury (dubbing),Multikino Młociny,17:20,,dubbing,2026-08-24T08:49:35.523243
2026-08-24,poniedzialek,warszawa,Psi Patrol i dinozaury (dubbing),Multikino Targówek,10:15,,dubbing,2026-08-24T08:49:35.523243
2026-08-24,poniedzialek,warszawa,Psi Patrol i dinozaury (dubbing),Multikino Targówek,11:15,,dubbing,2026-08-24T08:49:35.523243
2026-08-24,poniedzialek,warszawa,Psi Patrol i dinozaury (dubbing),Multikino Targówek,12:30,,dubbing,2026-08-24T08:49:35.523243
2026-08-24,poniedzialek,warszawa,Psi Patrol i dinozaury (dubbing),Multikino Targówek,13:30,,dubbing,2026-08-24T08:49:35.523243
2026-08-24,poniedzialek,warszawa,Psi Patrol i dinozaury (dubbing),Multikino Targówek,14:45,,dubbing,2026-08-24T08:49:35.523243
2026-08-24,poniedzialek,warszawa,Psi Patrol i dinozaury (dubbing),Multikino Targówek,15:45,,dubbing,2026-08-24T08:49:35.523243
2026-08-24,poniedzialek,warszawa,Psi Patrol i dinozaury (dubbing),Multikino Targówek,18:00,,dubbing,2026-08-24T08:49:35.523243
2026-08-24,poniedzialek,warszawa,Psi Patrol i dinozaury (dubbing),Multikino Wola,10:00,,dubbing,2026-08-24T08:49:35.523243
2026-08-24,poniedzialek,warszawa,Psi Patrol i dinozaury (dubbing),Multikino Wola,12:45,,dubbing,2026-08-24T08:49:35.523243
2026-08-24,poniedzialek,warszawa,Psi Patrol i dinozaury (dubbing),Multikino Wola,15:00,,dubbing,2026-08-24T08:49:35.523243
2026-08-24,poniedzialek,warszawa,Psi Patrol i dinozaury (dubbing),Multikino Wola,17:20,,dubbing,2026-08-24T08:49:35.523243
2026-08-24,poniedzialek,warszawa,Psi Patrol i dinozaury (dubbing),Multikino Złote Tarasy,10:40,,dubbing,2026-08-24T08:49:35.523243
2026-08-24,poniedzialek,warszawa,Psi Patrol i dinozaury (dubbing),Multikino Złote Tarasy,12:55,,dubbing,2026-08-24T08:49:35.523243
2026-08-24,poniedzialek,warszawa,Psi Patrol i dinozaury (dubbing),Multikino Złote Tarasy,15:05,,dubbing,2026-08-24T08:49:35.523243
2026-08-24,poniedzialek,warszawa,Psi Patrol i dinozaury (dubbing),Multikino Złote Tarasy,16:20,,dubbing,2026-08-24T08:49:35.523243
2026-08-24,poniedzialek,warszawa,Pucio kocha zwierzaki,Cinema City Warszawa Arkadia,10:50,,,2026-08-24T08:49:35.523243
2026-08-24,poniedzialek,warszawa,Pucio kocha zwierzaki,Cinema City Warszawa Arkadia,12:20,,,2026-08-24T08:49:35.523243
2026-08-24,poniedzialek,warszawa,Pucio kocha zwierzaki,Cinema City Warszawa Arkadia,13:50,,,2026-08-24T08:49:35.523243
2026-08-24,poniedzialek,warszawa,Pucio kocha zwierzaki,Cinema City Warszawa Arkadia,15:20,,,2026-08-24T08:49:35.523243
2026-08-24,poniedzialek,warszawa,Pucio kocha zwierzaki,Cinema City Warszawa Arkadia,16:50,,,2026-08-24T08:49:35.523243
2026-08-24,poniedzialek,warszawa,Pucio kocha zwierzaki,Cinema City Warszawa Bemowo,10:10,,,2026-08-24T08:49:35.523243
2026-08-24,poniedzialek,warszawa,Pucio kocha zwierzaki,Cinema City Warszawa Bemowo,11:40,,,2026-08-24T08:49:35.523243
2026-08-24,poniedzialek,warszawa,Pucio kocha zwierzaki,Cinema City Warszawa Bemowo,13:10,,,2026-08-24T08:49:35.523243
2026-08-24,poniedzialek,warszawa,Pucio kocha zwierzaki,Cinema City Warszawa Bemowo,14:40,,,2026-08-24T08:49:35.523243
2026-08-24,poniedzialek,warszawa,Pucio kocha zwierzaki,Cinema City Warszawa Bemowo,16:10,,,2026-08-24T08:49:35.523243
2026-08-24,poniedzialek,warszawa,Pucio kocha zwierzaki,Cinema City Warszawa Galeria Mokotów,10:20,,,2026-08-24T08:49:35.523243
2026-08-24,poniedzialek,warszawa,Pucio kocha zwierzaki,Cinema City Warszawa Galeria Mokotów,11:40,,,2026-08-24T08:49:35.523243
2026-08-24,poniedzialek,warszawa,Pucio kocha zwierzaki,Cinema City Warszawa Galeria Mokotów,13:00,,,2026-08-24T08:49:35.523243
2026-08-24,poniedzialek,warszawa,Pucio kocha zwierzaki,Cinema City Warszawa Galeria Mokotów,14:20,,,2026-08-24T08:49:35.523243
2026-08-24,poniedzialek,warszawa,Pucio kocha zwierzaki,Cinema City Warszawa Galeria Mokotów,15:45,,,2026-08-24T08:49:35.523243
2026-08-24,poniedzialek,warszawa,Pucio kocha zwierzaki,Cinema City Warszawa Galeria Północna,10:50,,,2026-08-24T08:49:35.523243
2026-08-24,poniedzialek,warszawa,Pucio kocha zwierzaki,Cinema City Warszawa Galeria Północna,12:20,,,2026-08-24T08:49:35.523243
2026-08-24,poniedzialek,warszawa,Pucio kocha zwierzaki,Cinema City Warszawa Galeria Północna,13:50,,,2026-08-24T08:49:35.523243
2026-08-24,poniedzialek,warszawa,Pucio kocha zwierzaki,Cinema City Warszawa Galeria Północna,15:20,,,2026-08-24T08:49:35.523243
2026-08-24,poniedzialek,warszawa,Pucio kocha zwierzaki,Cinema City Warszawa Galeria Północna,16:50,,,2026-08-24T08:49:35.523243
2026-08-24,poniedzialek,warszawa,Pucio kocha zwierzaki,Cinema City Warszawa Promenada,10:30,,,2026-08-24T08:49:35.523243
2026-08-24,poniedzialek,warszawa,Pucio kocha zwierzaki,Cinema City Warszawa Promenada,11:00,,,2026-08-24T08:49:35.523243
2026-08-24,poniedzialek,warszawa,Pucio kocha zwierzaki,Cinema City Warszawa Promenada,12:30,,,2026-08-24T08:49:35.523243
2026-08-24,poniedzialek,warszawa,Pucio kocha zwierzaki,Cinema City Warszawa Promenada,14:00,,,2026-08-24T08:49:35.523243
2026-08-24,poniedzialek,warszawa,Pucio kocha zwierzaki,Cinema City Warszawa Promenada,15:30,,,2026-08-24T08:49:35.523243
2026-08-24,poniedzialek,warszawa,Pucio kocha zwierzaki,Cinema City Warszawa Sadyba,10:00,,,2026-08-24T08:49:35.523243
2026-08-24,poniedzialek,warszawa,Pucio kocha zwierzaki,Cinema City Warszawa Sadyba,11:20,,,2026-08-24T08:49:35.523243
2026-08-24,poniedzialek,warszawa,Pucio kocha zwierzaki,Cinema City Warszawa Sadyba,12:40,,,2026-08-24T08:49:35.523243
2026-08-24,poniedzialek,warszawa,Pucio kocha zwierzaki,Cinema City Warszawa Sadyba,16:10,,,2026-08-24T08:49:35.523243
2026-08-24,poniedzialek,warszawa,Pucio kocha zwierzaki,Helios Warszawa Blue City,10:10,,,2026-08-24T08:49:35.523243
2026-08-24,poniedzialek,warszawa,Pucio kocha zwierzaki,Helios Warszawa Blue City,10:50,,,2026-08-24T08:49:35.523243
2026-08-24,poniedzialek,warszawa,Pucio kocha zwierzaki,Helios Warszawa Blue City,12:20,,,2026-08-24T08:49:35.523243
2026-08-24,poniedzialek,warszawa,Pucio kocha zwierzaki,Helios Warszawa Blue City,13:50,,,2026-08-24T08:49:35.523243
2026-08-24,poniedzialek,warszawa,Pucio kocha zwierzaki,Helios Warszawa Blue City,15:50,,,2026-08-24T08:49:35.523243
2026-08-24,poniedzialek,warszawa,Pucio kocha zwierzaki,Kino Głębocka 66 w Warszawie,11:00,,,2026-08-24T08:49:35.523243
2026-08-24,poniedzialek,warszawa,Pucio kocha zwierzaki,Kino Głębocka 66 w Warszawie,12:00,,,2026-08-24T08:49:35.523243
2026-08-24,poniedzialek,warszawa,Pucio kocha zwierzaki,Kino Głębocka 66 w Warszawie,13:00,,,2026-08-24T08:49:35.523243
2026-08-24,poniedzialek,warszawa,Pucio kocha zwierzaki,Kino na Boku - Białołęcki Ośrodek Kultury w Warszawie,11:00,,,2026-08-24T08:49:35.523243
2026-08-24,poniedzialek,warszawa,Pucio kocha zwierzaki,Kino na Boku - Białołęcki Ośrodek Kultury w Warszawie,12:00,,,2026-08-24T08:49:35.523243
2026-08-24,poniedzialek,warszawa,Pucio kocha zwierzaki,Kino na Boku - Białołęcki Ośrodek Kultury w Warszawie,13:00,,,2026-08-24T08:49:35.523243
2026-08-24,poniedzialek,warszawa,Pucio kocha zwierzaki,Kinokawiarnia Stacja Falenica w Warszawie,11:00,,,2026-08-24T08:49:35.523243
2026-08-24,poniedzialek,warszawa,Pucio kocha zwierzaki,Kinoteka w Warszawie,13:30,,,2026-08-24T08:49:35.523243
2026-08-24,poniedzialek,warszawa,Pucio kocha zwierzaki,Multikino Atrium Reduta w Warszawie,10:25,,,2026-08-24T08:49:35.523243
2026-08-24,poniedzialek,warszawa,Pucio kocha zwierzaki,Multikino Atrium Reduta w Warszawie,11:35,,,2026-08-24T08:49:35.523243
2026-08-24,poniedzialek,warszawa,Pucio kocha zwierzaki,Multikino Atrium Reduta w Warszawie,12:45,,,2026-08-24T08:49:35.523243
2026-08-24,poniedzialek,warszawa,Pucio kocha zwierzaki,Multikino Młociny,10:45,,,2026-08-24T08:49:35.523243
2026-08-24,poniedzialek,warszawa,Pucio kocha zwierzaki,Multikino Młociny,11:55,,,2026-08-24T08:49:35.523243
2026-08-24,poniedzialek,warszawa,Pucio kocha zwierzaki,Multikino Młociny,12:50,,,2026-08-24T08:49:35.523243
2026-08-24,poniedzialek,warszawa,Pucio kocha zwierzaki,Multikino Młociny,14:05,,,2026-08-24T08:49:35.523243
2026-08-24,poniedzialek,warszawa,Pucio kocha zwierzaki,Multikino Młociny,16:40,,,2026-08-24T08:49:35.523243
2026-08-24,poniedzialek,warszawa,Pucio kocha zwierzaki,Multikino Targówek,10:00,,,2026-08-24T08:49:35.523243
2026-08-24,poniedzialek,warszawa,Pucio kocha zwierzaki,Multikino Targówek,11:15,,,2026-08-24T08:49:35.523243
2026-08-24,poniedzialek,warszawa,Pucio kocha zwierzaki,Multikino Targówek,12:30,,,2026-08-24T08:49:35.523243
2026-08-24,poniedzialek,warszawa,Pucio kocha zwierzaki,Multikino Targówek,13:50,,,2026-08-24T08:49:35.523243
2026-08-24,poniedzialek,warszawa,Pucio kocha zwierzaki,Multikino Targówek,15:10,,,2026-08-24T08:49:35.523243
2026-08-24,poniedzialek,warszawa,Pucio kocha zwierzaki,Multikino Targówek,16:30,,,2026-08-24T08:49:35.523243
2026-08-24,poniedzialek,warszawa,Pucio kocha zwierzaki,Multikino Targówek,17:50,,,2026-08-24T08:49:35.523243
2026-08-24,poniedzialek,warszawa,Pucio kocha zwierzaki,Multikino Wola,10:45,,,2026-08-24T08:49:35.523243
2026-08-24,poniedzialek,warszawa,Pucio kocha zwierzaki,Multikino Wola,11:55,,,2026-08-24T08:49:35.523243
2026-08-24,poniedzialek,warszawa,Pucio kocha zwierzaki,Multikino Wola,13:05,,,2026-08-24T08:49:35.523243
2026-08-24,poniedzialek,warszawa,Pucio kocha zwierzaki,Multikino Złote Tarasy,10:35,,,2026-08-24T08:49:35.523243
2026-08-24,poniedzialek,warszawa,Pucio kocha zwierzaki,Multikino Złote Tarasy,11:50,,,2026-08-24T08:49:35.523243
2026-08-24,poniedzialek,warszawa,Pucio kocha zwierzaki,Multikino Złote Tarasy,13:05,,,2026-08-24T08:49:35.523243
2026-08-24,poniedzialek,warszawa,Pucio kocha zwierzaki,Multikino Złote Tarasy,14:25,,,2026-08-24T08:49:35.523243
2026-08-24,poniedzialek,warszawa,Pucio kocha zwierzaki,NoveKino Wisła w Warszawie,11:15,,,2026-08-24T08:49:35.523243
2026-08-24,poniedzialek,warszawa,Requiem dla snu,Kino Muranów w Warszawie,22:30,,,2026-08-24T08:49:35.523243
2026-08-24,poniedzialek,warszawa,Shrek (dubbing),Cinema City Warszawa Arkadia,14:40,,dubbing,2026-08-24T08:49:35.523243
2026-08-24,poniedzialek,warszawa,Shrek (dubbing),Cinema City Warszawa Arkadia,16:00,,dubbing,2026-08-24T08:49:35.523243
2026-08-24,poniedzialek,warszawa,Shrek (dubbing),Cinema City Warszawa Arkadia,17:00,,dubbing,2026-08-24T08:49:35.523243
2026-08-24,poniedzialek,warszawa,Shrek (dubbing),Cinema City Warszawa Arkadia,18:10,,dubbing,2026-08-24T08:49:35.523243
2026-08-24,poniedzialek,warszawa,Shrek (dubbing),Cinema City Warszawa Bemowo,16:00,,dubbing,2026-08-24T08:49:35.523243
2026-08-24,poniedzialek,warszawa,Shrek (dubbing),Cinema City Warszawa Bemowo,18:10,,dubbing,2026-08-24T08:49:35.523243
2026-08-24,poniedzialek,warszawa,Shrek (dubbing),Cinema City Warszawa Galeria Mokotów,16:00,,dubbing,2026-08-24T08:49:35.523243
2026-08-24,poniedzialek,warszawa,Shrek (dubbing),Cinema City Warszawa Galeria Mokotów,18:10,,dubbing,2026-08-24T08:49:35.523243
2026-08-24,poniedzialek,warszawa,Shrek (dubbing),Cinema City Warszawa Galeria Północna,16:30,,dubbing,2026-08-24T08:49:35.523243
2026-08-24,poniedzialek,warszawa,Shrek (dubbing),Cinema City Warszawa Galeria Północna,18:40,,dubbing,2026-08-24T08:49:35.523243
2026-08-24,poniedzialek,warszawa,Shrek (dubbing),Cinema City Warszawa Promenada,17:00,,dubbing,2026-08-24T08:49:35.523243
2026-08-24,poniedzialek,warszawa,Shrek (dubbing),Cinema City Warszawa Promenada,19:10,,dubbing,2026-08-24T08:49:35.523243
2026-08-24,poniedzialek,warszawa,Shrek (dubbing),Cinema City Warszawa Sadyba,16:00,,dubbing,2026-08-24T08:49:35.523243
2026-08-24,poniedzialek,warszawa,Shrek (dubbing),Cinema City Warszawa Sadyba,18:10,,dubbing,2026-08-24T08:49:35.523243
2026-08-24,poniedzialek,warszawa,Shrek (dubbing),Multikino Młociny,12:35,,dubbing,2026-08-24T08:49:35.523243
2026-08-24,poniedzialek,warszawa,Shrek (dubbing),Multikino Targówek,10:00,,dubbing,2026-08-24T08:49:35.523243
2026-08-24,poniedzialek,warszawa,Shrek (dubbing),Multikino Targówek,17:05,,dubbing,2026-08-24T08:49:35.523243
2026-08-24,poniedzialek,warszawa,Shrek (dubbing),Multikino Wola,17:00,,dubbing,2026-08-24T08:49:35.523243
2026-08-24,poniedzialek,warszawa,Shrek (dubbing),Multikino Złote Tarasy,16:00,,dubbing,2026-08-24T08:49:35.523243
2026-08-24,poniedzialek,warszawa,Spider-Man. Całkiem nowy dzień,Cinema City Warszawa Arkadia,10:00,,,2026-08-24T08:49:35.523243
2026-08-24,poniedzialek,warszawa,Spider-Man. Całkiem nowy dzień,Cinema City Warszawa Arkadia,13:00,,,2026-08-24T08:49:35.523243
2026-08-24,poniedzialek,warszawa,Spider-Man. Całkiem nowy dzień,Cinema City Warszawa Arkadia,19:10,,,2026-08-24T08:49:35.523243
2026-08-24,poniedzialek,warszawa,Spider-Man. Całkiem nowy dzień,Cinema City Warszawa Arkadia,20:20,,,2026-08-24T08:49:35.523243
2026-08-24,poniedzialek,warszawa,Spider-Man. Całkiem nowy dzień,Cinema City Warszawa Arkadia,21:30,,,2026-08-24T08:49:35.523243
2026-08-24,poniedzialek,warszawa,Spider-Man. Całkiem nowy dzień,Cinema City Warszawa Arkadia,22:20,,,2026-08-24T08:49:35.523243
2026-08-24,poniedzialek,warszawa,Spider-Man. Całkiem nowy dzień,Cinema City Warszawa Bemowo,12:30,,,2026-08-24T08:49:35.523243
2026-08-24,poniedzialek,warszawa,Spider-Man. Całkiem nowy dzień,Cinema City Warszawa Bemowo,15:40,,,2026-08-24T08:49:35.523243
2026-08-24,poniedzialek,warszawa,Spider-Man. Całkiem nowy dzień,Cinema City Warszawa Bemowo,18:50,,,2026-08-24T08:49:35.523243
2026-08-24,poniedzialek,warszawa,Spider-Man. Całkiem nowy dzień,Cinema City Warszawa Bemowo,20:20,,,2026-08-24T08:49:35.523243
2026-08-24,poniedzialek,warszawa,Spider-Man. Całkiem nowy dzień,Cinema City Warszawa Galeria Mokotów,11:00,,,2026-08-24T08:49:35.523243
2026-08-24,poniedzialek,warszawa,Spider-Man. Całkiem nowy dzień,Cinema City Warszawa Galeria Mokotów,12:30,,,2026-08-24T08:49:35.523243
2026-08-24,poniedzialek,warszawa,Spider-Man. Całkiem nowy dzień,Cinema City Warszawa Galeria Mokotów,14:10,,,2026-08-24T08:49:35.523243
2026-08-24,poniedzialek,warszawa,Spider-Man. Całkiem nowy dzień,Cinema City Warszawa Galeria Mokotów,17:20,,,2026-08-24T08:49:35.523243
2026-08-24,poniedzialek,warszawa,Spider-Man. Całkiem nowy dzień,Cinema City Warszawa Galeria Mokotów,18:50,,,2026-08-24T08:49:35.523243
2026-08-24,poniedzialek,warszawa,Spider-Man. Całkiem nowy dzień,Cinema City Warszawa Galeria Mokotów,20:30,,,2026-08-24T08:49:35.523243
2026-08-24,poniedzialek,warszawa,Spider-Man. Całkiem nowy dzień,Cinema City Warszawa Galeria Mokotów,22:00,,,2026-08-24T08:49:35.523243
2026-08-24,poniedzialek,warszawa,Spider-Man. Całkiem nowy dzień,Cinema City Warszawa Galeria Północna,11:50,,,2026-08-24T08:49:35.523243
2026-08-24,poniedzialek,warszawa,Spider-Man. Całkiem nowy dzień,Cinema City Warszawa Galeria Północna,15:10,,,2026-08-24T08:49:35.523243
2026-08-24,poniedzialek,warszawa,Spider-Man. Całkiem nowy dzień,Cinema City Warszawa Galeria Północna,18:30,,,2026-08-24T08:49:35.523243
2026-08-24,poniedzialek,warszawa,Spider-Man. Całkiem nowy dzień,Cinema City Warszawa Galeria Północna,19:20,,,2026-08-24T08:49:35.523243
2026-08-24,poniedzialek,warszawa,Spider-Man. Całkiem nowy dzień,Cinema City Warszawa Galeria Północna,21:40,,,2026-08-24T08:49:35.523243
2026-08-24,poniedzialek,warszawa,Spider-Man. Całkiem nowy dzień,Cinema City Warszawa Promenada,12:30,,,2026-08-24T08:49:35.523243
2026-08-24,poniedzialek,warszawa,Spider-Man. Całkiem nowy dzień,Cinema City Warszawa Promenada,13:50,,,2026-08-24T08:49:35.523243
2026-08-24,poniedzialek,warszawa,Spider-Man. Całkiem nowy dzień,Cinema City Warszawa Promenada,17:00,,,2026-08-24T08:49:35.523243
2026-08-24,poniedzialek,warszawa,Spider-Man. Całkiem nowy dzień,Cinema City Warszawa Promenada,20:10,,,2026-08-24T08:49:35.523243
2026-08-24,poniedzialek,warszawa,Spider-Man. Całkiem nowy dzień,Cinema City Warszawa Promenada,21:20,,,2026-08-24T08:49:35.523243
2026-08-24,poniedzialek,warszawa,Spider-Man. Całkiem nowy dzień,Cinema City Warszawa Sadyba,10:30,,,2026-08-24T08:49:35.523243
2026-08-24,poniedzialek,warszawa,Spider-Man. Całkiem nowy dzień,Cinema City Warszawa Sadyba,13:40,,,2026-08-24T08:49:35.523243
2026-08-24,poniedzialek,warszawa,Spider-Man. Całkiem nowy dzień,Cinema City Warszawa Sadyba,16:50,,,2026-08-24T08:49:35.523243
2026-08-24,poniedzialek,warszawa,Spider-Man. Całkiem nowy dzień,Cinema City Warszawa Sadyba,20:00,,,2026-08-24T08:49:35.523243
2026-08-24,poniedzialek,warszawa,Spider-Man. Całkiem nowy dzień,Cinema City Warszawa Sadyba,20:45,,,2026-08-24T08:49:35.523243
2026-08-24,poniedzialek,warszawa,Spider-Man. Całkiem nowy dzień,Cinema City Warszawa Sadyba,21:40,,,2026-08-24T08:49:35.523243
2026-08-24,poniedzialek,warszawa,Spider-Man. Całkiem nowy dzień,Helios Warszawa Blue City,11:10,,,2026-08-24T08:49:35.523243
2026-08-24,poniedzialek,warszawa,Spider-Man. Całkiem nowy dzień,Helios Warszawa Blue City,14:15,,,2026-08-24T08:49:35.523243
2026-08-24,poniedzialek,warszawa,Spider-Man. Całkiem nowy dzień,Helios Warszawa Blue City,17:30,,,2026-08-24T08:49:35.523243
2026-08-24,poniedzialek,warszawa,Spider-Man. Całkiem nowy dzień,Helios Warszawa Blue City,18:30,,,2026-08-24T08:49:35.523243
2026-08-24,poniedzialek,warszawa,Spider-Man. Całkiem nowy dzień,Helios Warszawa Blue City,20:40,,,2026-08-24T08:49:35.523243
2026-08-24,poniedzialek,warszawa,Spider-Man. Całkiem nowy dzień,Helios Warszawa Blue City,21:30,,,2026-08-24T08:49:35.523243
2026-08-24,poniedzialek,warszawa,Spider-Man. Całkiem nowy dzień,KinoGram w Warszawie,17:00,,,2026-08-24T08:49:35.523243
2026-08-24,poniedzialek,warszawa,Spider-Man. Całkiem nowy dzień,KinoGram w Warszawie,20:15,,,2026-08-24T08:49:35.523243
2026-08-24,poniedzialek,warszawa,Spider-Man. Całkiem nowy dzień,Kinoteka w Warszawie,14:00,,,2026-08-24T08:49:35.523243
2026-08-24,poniedzialek,warszawa,Spider-Man. Całkiem nowy dzień,Kinoteka w Warszawie,17:00,,,2026-08-24T08:49:35.523243
2026-08-24,poniedzialek,warszawa,Spider-Man. Całkiem nowy dzień,Kinoteka w Warszawie,20:30,,,2026-08-24T08:49:35.523243
2026-08-24,poniedzialek,warszawa,Spider-Man. Całkiem nowy dzień,Multikino Atrium Reduta w Warszawie,10:30,,,2026-08-24T08:49:35.523243
2026-08-24,poniedzialek,warszawa,Spider-Man. Całkiem nowy dzień,Multikino Atrium Reduta w Warszawie,13:45,,,2026-08-24T08:49:35.523243
2026-08-24,poniedzialek,warszawa,Spider-Man. Całkiem nowy dzień,Multikino Atrium Reduta w Warszawie,17:00,,,2026-08-24T08:49:35.523243
2026-08-24,poniedzialek,warszawa,Spider-Man. Całkiem nowy dzień,Multikino Atrium Reduta w Warszawie,20:15,,,2026-08-24T08:49:35.523243
2026-08-24,poniedzialek,warszawa,Spider-Man. Całkiem nowy dzień,Multikino Młociny,10:00,,,2026-08-24T08:49:35.523243
2026-08-24,poniedzialek,warszawa,Spider-Man. Całkiem nowy dzień,Multikino Młociny,11:00,,,2026-08-24T08:49:35.523243
2026-08-24,poniedzialek,warszawa,Spider-Man. Całkiem nowy dzień,Multikino Młociny,13:15,,,2026-08-24T08:49:35.523243
2026-08-24,poniedzialek,warszawa,Spider-Man. Całkiem nowy dzień,Multikino Młociny,14:10,,,2026-08-24T08:49:35.523243
2026-08-24,poniedzialek,warszawa,Spider-Man. Całkiem nowy dzień,Multikino Młociny,16:30,,,2026-08-24T08:49:35.523243
2026-08-24,poniedzialek,warszawa,Spider-Man. Całkiem nowy dzień,Multikino Młociny,17:20,,,2026-08-24T08:49:35.523243
2026-08-24,poniedzialek,warszawa,Spider-Man. Całkiem nowy dzień,Multikino Młociny,19:45,,,2026-08-24T08:49:35.523243
2026-08-24,poniedzialek,warszawa,Spider-Man. Całkiem nowy dzień,Multikino Młociny,20:30,,,2026-08-24T08:49:35.523243
2026-08-24,poniedzialek,warszawa,Spider-Man. Całkiem nowy dzień,Multikino Targówek,11:00,,,2026-08-24T08:49:35.523243
2026-08-24,poniedzialek,warszawa,Spider-Man. Całkiem nowy dzień,Multikino Targówek,14:15,,,2026-08-24T08:49:35.523243
2026-08-24,poniedzialek,warszawa,Spider-Man. Całkiem nowy dzień,Multikino Targówek,17:30,,,2026-08-24T08:49:35.523243
2026-08-24,poniedzialek,warszawa,Spider-Man. Całkiem nowy dzień,Multikino Targówek,20:45,,,2026-08-24T08:49:35.523243
2026-08-24,poniedzialek,warszawa,Spider-Man. Całkiem nowy dzień,Multikino Wola,20:15,,,2026-08-24T08:49:35.523243
2026-08-24,poniedzialek,warszawa,Spider-Man. Całkiem nowy dzień,Multikino Złote Tarasy,11:00,,,2026-08-24T08:49:35.523243
2026-08-24,poniedzialek,warszawa,Spider-Man. Całkiem nowy dzień,Multikino Złote Tarasy,12:35,,,2026-08-24T08:49:35.523243
2026-08-24,poniedzialek,warszawa,Spider-Man. Całkiem nowy dzień,Multikino Złote Tarasy,14:10,,,2026-08-24T08:49:35.523243
2026-08-24,poniedzialek,warszawa,Spider-Man. Całkiem nowy dzień,Multikino Złote Tarasy,17:20,,,2026-08-24T08:49:35.523243
2026-08-24,poniedzialek,warszawa,Spider-Man. Całkiem nowy dzień,Multikino Złote Tarasy,18:30,,,2026-08-24T08:49:35.523243
2026-08-24,poniedzialek,warszawa,Spider-Man. Całkiem nowy dzień,Multikino Złote Tarasy,20:30,,,2026-08-24T08:49:35.523243
2026-08-24,poniedzialek,warszawa,Spider-Man. Całkiem nowy dzień (dubbing),Cinema City Warszawa Arkadia,12:00,,dubbing,2026-08-24T08:49:35.523243
2026-08-24,poniedzialek,warszawa,Spider-Man. Całkiem nowy dzień (dubbing),Cinema City Warszawa Arkadia,15:10,,dubbing,2026-08-24T08:49:35.523243
2026-08-24,poniedzialek,warszawa,Spider-Man. Całkiem nowy dzień (dubbing),Cinema City Warszawa Arkadia,18:20,,dubbing,2026-08-24T08:49:35.523243
2026-08-24,poniedzialek,warszawa,Spider-Man. Całkiem nowy dzień (dubbing),Cinema City Warszawa Bemowo,10:40,,dubbing,2026-08-24T08:49:35.523243
2026-08-24,poniedzialek,warszawa,Spider-Man. Całkiem nowy dzień (dubbing),Cinema City Warszawa Bemowo,13:50,,dubbing,2026-08-24T08:49:35.523243
2026-08-24,poniedzialek,warszawa,Spider-Man. Całkiem nowy dzień (dubbing),Cinema City Warszawa Bemowo,17:00,,dubbing,2026-08-24T08:49:35.523243
2026-08-24,poniedzialek,warszawa,Spider-Man. Całkiem nowy dzień (dubbing),Cinema City Warszawa Galeria Mokotów,12:40,,dubbing,2026-08-24T08:49:35.523243
2026-08-24,poniedzialek,warszawa,Spider-Man. Całkiem nowy dzień (dubbing),Cinema City Warszawa Galeria Mokotów,15:40,,dubbing,2026-08-24T08:49:35.523243
2026-08-24,poniedzialek,warszawa,Spider-Man. Całkiem nowy dzień (dubbing),Cinema City Warszawa Galeria Mokotów,15:50,,dubbing,2026-08-24T08:49:35.523243
2026-08-24,poniedzialek,warszawa,Spider-Man. Całkiem nowy dzień (dubbing),Cinema City Warszawa Galeria Mokotów,19:00,,dubbing,2026-08-24T08:49:35.523243
2026-08-24,poniedzialek,warszawa,Spider-Man. Całkiem nowy dzień (dubbing),Cinema City Warszawa Galeria Północna,10:00,,dubbing,2026-08-24T08:49:35.523243
2026-08-24,poniedzialek,warszawa,Spider-Man. Całkiem nowy dzień (dubbing),Cinema City Warszawa Galeria Północna,13:10,,dubbing,2026-08-24T08:49:35.523243
2026-08-24,poniedzialek,warszawa,Spider-Man. Całkiem nowy dzień (dubbing),Cinema City Warszawa Galeria Północna,16:15,,dubbing,2026-08-24T08:49:35.523243
2026-08-24,poniedzialek,warszawa,Spider-Man. Całkiem nowy dzień (dubbing),Cinema City Warszawa Promenada,10:40,,dubbing,2026-08-24T08:49:35.523243
2026-08-24,poniedzialek,warszawa,Spider-Man. Całkiem nowy dzień (dubbing),Cinema City Warszawa Promenada,15:40,,dubbing,2026-08-24T08:49:35.523243
2026-08-24,poniedzialek,warszawa,Spider-Man. Całkiem nowy dzień (dubbing),Cinema City Warszawa Promenada,18:50,,dubbing,2026-08-24T08:49:35.523243
2026-08-24,poniedzialek,warszawa,Spider-Man. Całkiem nowy dzień (dubbing),Cinema City Warszawa Sadyba,11:10,,dubbing,2026-08-24T08:49:35.523243
2026-08-24,poniedzialek,warszawa,Spider-Man. Całkiem nowy dzień (dubbing),Cinema City Warszawa Sadyba,12:10,,dubbing,2026-08-24T08:49:35.523243
2026-08-24,poniedzialek,warszawa,Spider-Man. Całkiem nowy dzień (dubbing),Cinema City Warszawa Sadyba,15:20,,dubbing,2026-08-24T08:49:35.523243
2026-08-24,poniedzialek,warszawa,Spider-Man. Całkiem nowy dzień (dubbing),Cinema City Warszawa Sadyba,18:30,,dubbing,2026-08-24T08:49:35.523243
2026-08-24,poniedzialek,warszawa,Spider-Man. Całkiem nowy dzień (dubbing),Multikino Atrium Reduta w Warszawie,12:05,,dubbing,2026-08-24T08:49:35.523243
2026-08-24,poniedzialek,warszawa,Spider-Man. Całkiem nowy dzień (dubbing),Multikino Atrium Reduta w Warszawie,19:30,,dubbing,2026-08-24T08:49:35.523243
2026-08-24,poniedzialek,warszawa,Spider-Man. Całkiem nowy dzień (dubbing),Multikino Młociny,15:35,,dubbing,2026-08-24T08:49:35.523243
2026-08-24,poniedzialek,warszawa,Spider-Man. Całkiem nowy dzień (dubbing),Multikino Targówek,10:00,,dubbing,2026-08-24T08:49:35.523243
2026-08-24,poniedzialek,warszawa,Spider-Man. Całkiem nowy dzień (dubbing),Multikino Targówek,12:00,,dubbing,2026-08-24T08:49:35.523243
2026-08-24,poniedzialek,warszawa,Spider-Man. Całkiem nowy dzień (dubbing),Multikino Targówek,13:15,,dubbing,2026-08-24T08:49:35.523243
2026-08-24,poniedzialek,warszawa,Spider-Man. Całkiem nowy dzień (dubbing),Multikino Targówek,18:30,,dubbing,2026-08-24T08:49:35.523243
2026-08-24,poniedzialek,warszawa,Spider-Man. Całkiem nowy dzień (dubbing),Multikino Targówek,19:55,,dubbing,2026-08-24T08:49:35.523243
2026-08-24,poniedzialek,warszawa,Spider-Man. Całkiem nowy dzień (dubbing),Multikino Wola,10:30,,dubbing,2026-08-24T08:49:35.523243
2026-08-24,poniedzialek,warszawa,Spider-Man. Całkiem nowy dzień (dubbing),Multikino Wola,12:05,,dubbing,2026-08-24T08:49:35.523243
2026-08-24,poniedzialek,warszawa,Spider-Man. Całkiem nowy dzień (dubbing),Multikino Wola,13:45,,dubbing,2026-08-24T08:49:35.523243
2026-08-24,poniedzialek,warszawa,Spider-Man. Całkiem nowy dzień (dubbing),Multikino Wola,15:10,,dubbing,2026-08-24T08:49:35.523243
2026-08-24,poniedzialek,warszawa,Spider-Man. Całkiem nowy dzień (dubbing),Multikino Wola,17:00,,dubbing,2026-08-24T08:49:35.523243
2026-08-24,poniedzialek,warszawa,Spider-Man. Całkiem nowy dzień (dubbing),Multikino Wola,19:00,,dubbing,2026-08-24T08:49:35.523243
2026-08-24,poniedzialek,warszawa,Spider-Man. Całkiem nowy dzień (dubbing),Multikino Złote Tarasy,10:00,,dubbing,2026-08-24T08:49:35.523243
2026-08-24,poniedzialek,warszawa,Spider-Man. Całkiem nowy dzień 3D,Cinema City Warszawa Arkadia,21:10,3D,,2026-08-24T08:49:35.523243
2026-08-24,poniedzialek,warszawa,Spider-Man. Całkiem nowy dzień 3D,Cinema City Warszawa Arkadia,21:45,3D,,2026-08-24T08:49:35.523243
2026-08-24,poniedzialek,warszawa,Spider-Man. Całkiem nowy dzień 3D,Cinema City Warszawa Galeria Mokotów,15:20,3D,,2026-08-24T08:49:35.523243
2026-08-24,poniedzialek,warszawa,Spider-Man. Całkiem nowy dzień 3D,Cinema City Warszawa Promenada,17:45,3D,,2026-08-24T08:49:35.523243
2026-08-24,poniedzialek,warszawa,Spider-Man. Całkiem nowy dzień 3D,Cinema City Warszawa Sadyba,17:40,3D,,2026-08-24T08:49:35.523243
2026-08-24,poniedzialek,warszawa,Spider-Man. Całkiem nowy dzień 3D (dubbing),Cinema City Warszawa Arkadia,11:30,3D,dubbing,2026-08-24T08:49:35.523243
2026-08-24,poniedzialek,warszawa,Spider-Man. Całkiem nowy dzień 3D (dubbing),Cinema City Warszawa Arkadia,15:30,3D,dubbing,2026-08-24T08:49:35.523243
2026-08-24,poniedzialek,warszawa,Spider-Man. Całkiem nowy dzień 3D (dubbing),Cinema City Warszawa Galeria Mokotów,12:10,3D,dubbing,2026-08-24T08:49:35.523243
2026-08-24,poniedzialek,warszawa,Spider-Man. Całkiem nowy dzień 3D (dubbing),Cinema City Warszawa Promenada,12:10,3D,dubbing,2026-08-24T08:49:35.523243
2026-08-24,poniedzialek,warszawa,Spider-Man. Całkiem nowy dzień 3D (dubbing),Cinema City Warszawa Sadyba,14:30,3D,dubbing,2026-08-24T08:49:35.523243
2026-08-24,poniedzialek,warszawa,Spider-Man. Całkiem nowy dzień 3D (dubbing),Multikino Atrium Reduta w Warszawie,15:10,3D,dubbing,2026-08-24T08:49:35.523243
2026-08-24,poniedzialek,warszawa,Spider-Man. Całkiem nowy dzień 3D (dubbing),Multikino Młociny,12:25,3D,dubbing,2026-08-24T08:49:35.523243
2026-08-24,poniedzialek,warszawa,Spider-Man. Całkiem nowy dzień 3D (dubbing),Multikino Targówek,15:15,3D,dubbing,2026-08-24T08:49:35.523243
2026-08-24,poniedzialek,warszawa,Spider-Man. Całkiem nowy dzień 3D (dubbing),Multikino Złote Tarasy,13:10,3D,dubbing,2026-08-24T08:49:35.523243
2026-08-24,poniedzialek,warszawa,Sunny Dancer,Kinoteka w Warszawie,18:00,,,2026-08-24T08:49:35.523243
2026-08-24,poniedzialek,warszawa,Śledząc,Kino Muranów w Warszawie,16:45,,,2026-08-24T08:49:35.523243
2026-08-24,poniedzialek,warszawa,Tony,KinoGram w Warszawie,19:00,,,2026-08-24T08:49:35.523243
2026-08-24,poniedzialek,warszawa,Toy Story 5 (dubbing),Cinema City Warszawa Arkadia,11:00,,dubbing,2026-08-24T08:49:35.523243
2026-08-24,poniedzialek,warszawa,Toy Story 5 (dubbing),Cinema City Warszawa Bemowo,10:20,,dubbing,2026-08-24T08:49:35.523243
2026-08-24,poniedzialek,warszawa,Toy Story 5 (dubbing),Cinema City Warszawa Bemowo,12:45,,dubbing,2026-08-24T08:49:35.523243
2026-08-24,poniedzialek,warszawa,Toy Story 5 (dubbing),Cinema City Warszawa Galeria Mokotów,10:00,,dubbing,2026-08-24T08:49:35.523243
2026-08-24,poniedzialek,warszawa,Toy Story 5 (dubbing),Cinema City Warszawa Galeria Północna,12:40,,dubbing,2026-08-24T08:49:35.523243
2026-08-24,poniedzialek,warszawa,Toy Story 5 (dubbing),Cinema City Warszawa Promenada,10:40,,dubbing,2026-08-24T08:49:35.523243
2026-08-24,poniedzialek,warszawa,Toy Story 5 (dubbing),Cinema City Warszawa Promenada,12:00,,dubbing,2026-08-24T08:49:35.523243
2026-08-24,poniedzialek,warszawa,Toy Story 5 (dubbing),Cinema City Warszawa Sadyba,10:30,,dubbing,2026-08-24T08:49:35.523243
2026-08-24,poniedzialek,warszawa,Toy Story 5 (dubbing),Cinema City Warszawa Sadyba,13:20,,dubbing,2026-08-24T08:49:35.523243
2026-08-24,poniedzialek,warszawa,Toy Story 5 (dubbing),Cinema City Warszawa Sadyba,15:50,,dubbing,2026-08-24T08:49:35.523243
2026-08-24,poniedzialek,warszawa,Toy Story 5 (dubbing),Multikino Atrium Reduta w Warszawie,14:15,,dubbing,2026-08-24T08:49:35.523243
2026-08-24,poniedzialek,warszawa,Toy Story 5 (dubbing),Multikino Młociny,10:45,,dubbing,2026-08-24T08:49:35.523243
2026-08-24,poniedzialek,warszawa,Toy Story 5 (dubbing),Multikino Targówek,12:10,,dubbing,2026-08-24T08:49:35.523243
2026-08-24,poniedzialek,warszawa,Tylko jedna noc,Cinema City Warszawa Arkadia,11:00,,,2026-08-24T08:49:35.523243
2026-08-24,poniedzialek,warszawa,Tylko jedna noc,Cinema City Warszawa Arkadia,13:20,,,2026-08-24T08:49:35.523243
2026-08-24,poniedzialek,warszawa,Tylko jedna noc,Cinema City Warszawa Arkadia,20:00,,,2026-08-24T08:49:35.523243
2026-08-24,poniedzialek,warszawa,Tylko jedna noc,Cinema City Warszawa Bemowo,19:20,,,2026-08-24T08:49:35.523243
2026-08-24,poniedzialek,warszawa,Tylko jedna noc,Cinema City Warszawa Bemowo,21:45,,,2026-08-24T08:49:35.523243
2026-08-24,poniedzialek,warszawa,Tylko jedna noc,Cinema City Warszawa Galeria Mokotów,19:20,,,2026-08-24T08:49:35.523243
2026-08-24,poniedzialek,warszawa,Tylko jedna noc,Cinema City Warszawa Galeria Mokotów,21:50,,,2026-08-24T08:49:35.523243
2026-08-24,poniedzialek,warszawa,Tylko jedna noc,Cinema City Warszawa Galeria Północna,12:30,,,2026-08-24T08:49:35.523243
2026-08-24,poniedzialek,warszawa,Tylko jedna noc,Cinema City Warszawa Galeria Północna,17:30,,,2026-08-24T08:49:35.523243
2026-08-24,poniedzialek,warszawa,Tylko jedna noc,Cinema City Warszawa Promenada,16:45,,,2026-08-24T08:49:35.523243
2026-08-24,poniedzialek,warszawa,Tylko jedna noc,Cinema City Warszawa Promenada,21:40,,,2026-08-24T08:49:35.523243
2026-08-24,poniedzialek,warszawa,Tylko jedna noc,Cinema City Warszawa Sadyba,16:20,,,2026-08-24T08:49:35.523243
2026-08-24,poniedzialek,warszawa,Tylko jedna noc,Cinema City Warszawa Sadyba,18:40,,,2026-08-24T08:49:35.523243
2026-08-24,poniedzialek,warszawa,Tylko jedna noc,Cinema City Warszawa Sadyba,21:10,,,2026-08-24T08:49:35.523243
2026-08-24,poniedzialek,warszawa,Tylko jedna noc,Helios Warszawa Blue City,11:00,,,2026-08-24T08:49:35.523243
2026-08-24,poniedzialek,warszawa,Tylko jedna noc,Kino Atlantic w Warszawie,15:15,,,2026-08-24T08:49:35.523243
2026-08-24,poniedzialek,warszawa,Tylko jedna noc,Kino Atlantic w Warszawie,20:30,,,2026-08-24T08:49:35.523243
2026-08-24,poniedzialek,warszawa,Tylko jedna noc,Kino Luna w Warszawie,18:15,,,2026-08-24T08:49:35.523243
2026-08-24,poniedzialek,warszawa,Tylko jedna noc,KinoGram w Warszawie,15:00,,,2026-08-24T08:49:35.523243
2026-08-24,poniedzialek,warszawa,Tylko jedna noc,KinoGram w Warszawie,20:00,,,2026-08-24T08:49:35.523243
2026-08-24,poniedzialek,warszawa,Tylko jedna noc,Kinoteka w Warszawie,16:00,,,2026-08-24T08:49:35.523243
2026-08-24,poniedzialek,warszawa,Tylko jedna noc,Kinoteka w Warszawie,18:15,,,2026-08-24T08:49:35.523243
2026-08-24,poniedzialek,warszawa,Tylko jedna noc,Multikino Atrium Reduta w Warszawie,17:20,,,2026-08-24T08:49:35.523243
2026-08-24,poniedzialek,warszawa,Tylko jedna noc,Multikino Młociny,13:20,,,2026-08-24T08:49:35.523243
2026-08-24,poniedzialek,warszawa,Tylko jedna noc,Multikino Młociny,20:15,,,2026-08-24T08:49:35.523243
2026-08-24,poniedzialek,warszawa,Tylko jedna noc,Multikino Targówek,19:05,,,2026-08-24T08:49:35.523243
2026-08-24,poniedzialek,warszawa,Tylko jedna noc,Multikino Targówek,20:25,,,2026-08-24T08:49:35.523243
2026-08-24,poniedzialek,warszawa,Tylko jedna noc,Multikino Wola,17:20,,,2026-08-24T08:49:35.523243
2026-08-24,poniedzialek,warszawa,Tylko jedna noc,Multikino Złote Tarasy,20:05,,,2026-08-24T08:49:35.523243
2026-08-24,poniedzialek,warszawa,Tylko jedna noc,NoveKino Wisła w Warszawie,16:15,,,2026-08-24T08:49:35.523243
2026-08-24,poniedzialek,warszawa,Vaiana,Helios Warszawa Blue City,14:45,,,2026-08-24T08:49:35.523243
2026-08-24,poniedzialek,warszawa,Vaiana (dubbing),Cinema City Warszawa Arkadia,13:40,,dubbing,2026-08-24T08:49:35.523243
2026-08-24,poniedzialek,warszawa,Vaiana (dubbing),Cinema City Warszawa Bemowo,10:50,,dubbing,2026-08-24T08:49:35.523243
2026-08-24,poniedzialek,warszawa,Vaiana (dubbing),Cinema City Warszawa Bemowo,14:00,,dubbing,2026-08-24T08:49:35.523243
2026-08-24,poniedzialek,warszawa,Vaiana (dubbing),Cinema City Warszawa Promenada,11:00,,dubbing,2026-08-24T08:49:35.523243
2026-08-24,poniedzialek,warszawa,Vaiana (dubbing),Cinema City Warszawa Promenada,12:40,,dubbing,2026-08-24T08:49:35.523243
2026-08-24,poniedzialek,warszawa,Vaiana (dubbing),Cinema City Warszawa Sadyba,11:50,,dubbing,2026-08-24T08:49:35.523243
2026-08-24,poniedzialek,warszawa,Vaiana (dubbing),Multikino Młociny,10:10,,dubbing,2026-08-24T08:49:35.523243
2026-08-24,poniedzialek,warszawa,Vaiana (dubbing),Multikino Targówek,10:00,,dubbing,2026-08-24T08:49:35.523243
2026-08-24,poniedzialek,warszawa,Vaiana (dubbing),Multikino Wola,14:20,,dubbing,2026-08-24T08:49:35.523243
2026-08-24,poniedzialek,warszawa,Vaiana (dubbing),Multikino Złote Tarasy,10:00,,dubbing,2026-08-24T08:49:35.523243
2026-08-24,poniedzialek,warszawa,Vivaldi i ja,Cinema City Warszawa Arkadia,13:00,,,2026-08-24T08:49:35.523243
2026-08-24,poniedzialek,warszawa,Vivaldi i ja,Cinema City Warszawa Arkadia,18:40,,,2026-08-24T08:49:35.523243
2026-08-24,poniedzialek,warszawa,Vivaldi i ja,Cinema City Warszawa Bemowo,19:40,,,2026-08-24T08:49:35.523243
2026-08-24,poniedzialek,warszawa,Vivaldi i ja,Cinema City Warszawa Galeria Mokotów,10:10,,,2026-08-24T08:49:35.523243
2026-08-24,poniedzialek,warszawa,Vivaldi i ja,Cinema City Warszawa Galeria Mokotów,18:30,,,2026-08-24T08:49:35.523243
2026-08-24,poniedzialek,warszawa,Vivaldi i ja,Cinema City Warszawa Galeria Północna,18:40,,,2026-08-24T08:49:35.523243
2026-08-24,poniedzialek,warszawa,Vivaldi i ja,Cinema City Warszawa Promenada,15:15,,,2026-08-24T08:49:35.523243
2026-08-24,poniedzialek,warszawa,Vivaldi i ja,Cinema City Warszawa Promenada,19:00,,,2026-08-24T08:49:35.523243
2026-08-24,poniedzialek,warszawa,Vivaldi i ja,Cinema City Warszawa Sadyba,18:20,,,2026-08-24T08:49:35.523243
2026-08-24,poniedzialek,warszawa,Vivaldi i ja,Kino Atlantic w Warszawie,12:30,,,2026-08-24T08:49:35.523243
2026-08-24,poniedzialek,warszawa,Vivaldi i ja,Kino Atlantic w Warszawie,17:15,,,2026-08-24T08:49:35.523243
2026-08-24,poniedzialek,warszawa,Vivaldi i ja,Kino Luna w Warszawie,14:00,,,2026-08-24T08:49:35.523243
2026-08-24,poniedzialek,warszawa,Vivaldi i ja,Kino Muranów w Warszawie,17:00,,,2026-08-24T08:49:35.523243
2026-08-24,poniedzialek,warszawa,Vivaldi i ja,Kino Praha w Warszawie,15:45,,,2026-08-24T08:49:35.523243
2026-08-24,poniedzialek,warszawa,Vivaldi i ja,Kinoteka w Warszawie,18:50,,,2026-08-24T08:49:35.523243
2026-08-24,poniedzialek,warszawa,Vivaldi i ja,NoveKino Wisła w Warszawie,15:30,,,2026-08-24T08:49:35.523243
2026-08-24,poniedzialek,warszawa,Vivaldi i ja (lektor),Kino Kultura w Warszawie,16:15,,lektor,2026-08-24T08:49:35.523243
2026-08-24,poniedzialek,warszawa,Voyager: Niekończąca się podróż,Planetarium Centrum Nauki Kopernik w Warszawie,11:30,,,2026-08-24T08:49:35.523243
2026-08-24,poniedzialek,warszawa,Wielki błękit (wersja reżyserska),Kino Muranów w Warszawie,20:30,,,2026-08-24T08:49:35.523243
2026-08-24,poniedzialek,warszawa,Wielki Łuk,Kinoteka w Warszawie,13:00,,,2026-08-24T08:49:35.523243
2026-08-24,poniedzialek,warszawa,Wrong Girls,Cinema City Warszawa Arkadia,11:20,,,2026-08-24T08:49:35.523243
2026-08-24,poniedzialek,warszawa,Wrong Girls,Cinema City Warszawa Arkadia,19:20,,,2026-08-24T08:49:35.523243
2026-08-24,poniedzialek,warszawa,Wrong Girls,Cinema City Warszawa Arkadia,21:40,,,2026-08-24T08:49:35.523243
2026-08-24,poniedzialek,warszawa,Wrong Girls,Cinema City Warszawa Bemowo,16:40,,,2026-08-24T08:49:35.523243
2026-08-24,poniedzialek,warszawa,Wrong Girls,Cinema City Warszawa Bemowo,19:00,,,2026-08-24T08:49:35.523243
2026-08-24,poniedzialek,warszawa,Wrong Girls,Cinema City Warszawa Bemowo,21:20,,,2026-08-24T08:49:35.523243
2026-08-24,poniedzialek,warszawa,Wrong Girls,Cinema City Warszawa Galeria Mokotów,12:20,,,2026-08-24T08:49:35.523243
2026-08-24,poniedzialek,warszawa,Wrong Girls,Cinema City Warszawa Galeria Mokotów,19:00,,,2026-08-24T08:49:35.523243
2026-08-24,poniedzialek,warszawa,Wrong Girls,Cinema City Warszawa Galeria Mokotów,21:20,,,2026-08-24T08:49:35.523243
2026-08-24,poniedzialek,warszawa,Wrong Girls,Cinema City Warszawa Galeria Północna,17:40,,,2026-08-24T08:49:35.523243
2026-08-24,poniedzialek,warszawa,Wrong Girls,Cinema City Warszawa Galeria Północna,20:00,,,2026-08-24T08:49:35.523243
2026-08-24,poniedzialek,warszawa,Wrong Girls,Cinema City Warszawa Galeria Północna,22:20,,,2026-08-24T08:49:35.523243
2026-08-24,poniedzialek,warszawa,Wrong Girls,Cinema City Warszawa Promenada,14:20,,,2026-08-24T08:49:35.523243
2026-08-24,poniedzialek,warszawa,Wrong Girls,Cinema City Warszawa Promenada,19:10,,,2026-08-24T08:49:35.523243
2026-08-24,poniedzialek,warszawa,Wrong Girls,Cinema City Warszawa Promenada,21:30,,,2026-08-24T08:49:35.523243
2026-08-24,poniedzialek,warszawa,Wrong Girls,Cinema City Warszawa Sadyba,19:10,,,2026-08-24T08:49:35.523243
2026-08-24,poniedzialek,warszawa,Wrong Girls,Cinema City Warszawa Sadyba,21:30,,,2026-08-24T08:49:35.523243
2026-08-24,poniedzialek,warszawa,Wrong Girls,Kinokawiarnia Stacja Falenica w Warszawie,18:00,,,2026-08-24T08:49:35.523243
2026-08-24,poniedzialek,warszawa,Wrong Girls,Kinoteka w Warszawie,16:45,,,2026-08-24T08:49:35.523243
2026-08-24,poniedzialek,warszawa,Wrong Girls,Kinoteka w Warszawie,21:30,,,2026-08-24T08:49:35.523243
2026-08-24,poniedzialek,warszawa,Wszyscy moi wrogowie,Cinema City Warszawa Arkadia,13:20,,,2026-08-24T08:49:35.523243
2026-08-24,poniedzialek,warszawa,Wszyscy moi wrogowie,Cinema City Warszawa Arkadia,20:40,,,2026-08-24T08:49:35.523243
2026-08-24,poniedzialek,warszawa,Wszyscy moi wrogowie,Cinema City Warszawa Bemowo,20:00,,,2026-08-24T08:49:35.523243
2026-08-24,poniedzialek,warszawa,Wszyscy moi wrogowie,Cinema City Warszawa Galeria Mokotów,13:30,,,2026-08-24T08:49:35.523243
2026-08-24,poniedzialek,warszawa,Wszyscy moi wrogowie,Cinema City Warszawa Galeria Mokotów,16:45,,,2026-08-24T08:49:35.523243
2026-08-24,poniedzialek,warszawa,Wszyscy moi wrogowie,Cinema City Warszawa Galeria Mokotów,19:40,,,2026-08-24T08:49:35.523243
2026-08-24,poniedzialek,warszawa,Wszyscy moi wrogowie,Cinema City Warszawa Galeria Północna,18:20,,,2026-08-24T08:49:35.523243
2026-08-24,poniedzialek,warszawa,Wszyscy moi wrogowie,Cinema City Warszawa Galeria Północna,21:20,,,2026-08-24T08:49:35.523243
2026-08-24,poniedzialek,warszawa,Wszyscy moi wrogowie,Cinema City Warszawa Promenada,15:10,,,2026-08-24T08:49:35.523243
2026-08-24,poniedzialek,warszawa,Wszyscy moi wrogowie,Cinema City Warszawa Promenada,20:50,,,2026-08-24T08:49:35.523243
2026-08-24,poniedzialek,warszawa,Wszyscy moi wrogowie,Cinema City Warszawa Sadyba,19:40,,,2026-08-24T08:49:35.523243
2026-08-24,poniedzialek,warszawa,Wszyscy moi wrogowie,Cinema City Warszawa Sadyba,20:50,,,2026-08-24T08:49:35.523243
2026-08-24,poniedzialek,warszawa,Wszyscy moi wrogowie,Helios Warszawa Blue City,12:50,,,2026-08-24T08:49:35.523243
2026-08-24,poniedzialek,warszawa,Wszyscy moi wrogowie,Kino Atlantic w Warszawie,14:45,,,2026-08-24T08:49:35.523243
2026-08-24,poniedzialek,warszawa,Wszyscy moi wrogowie,Kino Luna w Warszawie,20:15,,,2026-08-24T08:49:35.523243
2026-08-24,poniedzialek,warszawa,Wszyscy moi wrogowie,KinoGram w Warszawie,16:15,,,2026-08-24T08:49:35.523243
2026-08-24,poniedzialek,warszawa,Wszyscy moi wrogowie,Multikino Targówek,12:30,,,2026-08-24T08:49:35.523243
2026-08-24,poniedzialek,warszawa,Zaproszenie,Cinema City Warszawa Bemowo,17:30,,,2026-08-24T08:49:35.523243
2026-08-24,poniedzialek,warszawa,Zaproszenie,Cinema City Warszawa Galeria Mokotów,22:40,,,2026-08-24T08:49:35.523243
2026-08-24,poniedzialek,warszawa,Zaproszenie,Cinema City Warszawa Promenada,13:30,,,2026-08-24T08:49:35.523243
2026-08-24,poniedzialek,warszawa,Zaproszenie,Cinema City Warszawa Promenada,21:30,,,2026-08-24T08:49:35.523243
2026-08-24,poniedzialek,warszawa,Zaproszenie,Kino Atlantic w Warszawie,13:45,,,2026-08-24T08:49:35.523243
2026-08-24,poniedzialek,warszawa,Zaproszenie,KinoGram w Warszawie,17:30,,,2026-08-24T08:49:35.523243
2026-08-24,poniedzialek,warszawa,Zaproszenie,Kinoteka w Warszawie,14:30,,,2026-08-24T08:49:35.523243
2026-08-24,poniedzialek,warszawa,Zaproszenie,Kinoteka w Warszawie,18:00,,,2026-08-24T08:49:35.523243
2026-08-24,poniedzialek,warszawa,Zaproszenie,Multikino Targówek,20:45,,,2026-08-24T08:49:35.523243
2026-08-24,poniedzialek,warszawa,Zaproszenie,NoveKino Wisła w Warszawie,17:40,,,2026-08-24T08:49:35.523243
2026-08-24,poniedzialek,warszawa,"Ziemia, Księżyc i Słońce",Planetarium Centrum Nauki Kopernik w Warszawie,16:30,,,2026-08-24T08:49:35.523243
2026-08-24,poniedzialek,warszawa,Zorze – cudowne światła,Planetarium Centrum Nauki Kopernik w Warszawie,17:30,,,2026-08-24T08:49:35.523243
2026-08-24,poniedzialek,warszawa,АСТРАЛ: ЗА МЕЖАМИ ПОТОЙБІЧЧЯ / Naznaczony: Wyjście z mrocznego wymiaru (ukr.),Cinema City Warszawa Arkadia,21:10,,,2026-08-24T08:49:35.523243
2026-08-24,poniedzialek,warszawa,АСТРАЛ: ЗА МЕЖАМИ ПОТОЙБІЧЧЯ / Naznaczony: Wyjście z mrocznego wymiaru (ukr.),Cinema City Warszawa Galeria Mokotów,16:30,,,2026-08-24T08:49:35.523243
2026-08-24,poniedzialek,warszawa,АСТРАЛ: ЗА МЕЖАМИ ПОТОЙБІЧЧЯ / Naznaczony: Wyjście z mrocznego wymiaru (ukr.),Cinema City Warszawa Galeria Północna,16:40,,,2026-08-24T08:49:35.523243
2026-08-24,poniedzialek,warszawa,Кінець Оук-Стріт / Koniec Ulicy Dębowej (ukr.),Cinema City Warszawa Arkadia,13:30,,,2026-08-24T08:49:35.523243
2026-08-24,poniedzialek,warszawa,Людина-павук: Абсолютно новий день / Spider-Man. Całkiem nowy dzień (ukr.),Cinema City Warszawa Arkadia,16:00,,,2026-08-24T08:49:35.523243
2026-08-24,poniedzialek,warszawa,Людина-павук: Абсолютно новий день / Spider-Man. Całkiem nowy dzień (ukr.),Cinema City Warszawa Galeria Mokotów,17:45,,,2026-08-24T08:49:35.523243
2026-08-24,poniedzialek,warszawa,Людина-павук: Абсолютно новий день / Spider-Man. Całkiem nowy dzień (ukr.),Cinema City Warszawa Galeria Mokotów,21:00,,,2026-08-24T08:49:35.523243
2026-08-24,poniedzialek,warszawa,Людина-павук: Абсолютно новий день / Spider-Man. Całkiem nowy dzień (ukr.),Helios Warszawa Blue City,15:15,,,2026-08-24T08:49:35.523243
2026-08-24,poniedzialek,warszawa,Людина-павук: Абсолютно новий день / Spider-Man. Całkiem nowy dzień (ukr.),Helios Warszawa Blue City,22:15,,,2026-08-24T08:49:35.523243
2026-08-24,poniedzialek,warszawa,Людина-павук: Абсолютно новий день / Spider-Man. Całkiem nowy dzień (ukr.),Multikino Atrium Reduta w Warszawie,19:50,,,2026-08-24T08:49:35.523243
2026-08-24,poniedzialek,warszawa,Щенячий патруль: Динофільм / Psi Patrol i dinozaury (ukr.),Multikino Atrium Reduta w Warszawie,10:30,,,2026-08-24T08:49:35.523243
2026-08-24,poniedzialek,kraków,Amadeusz,Kino Pod Baranami w Krakowie,17:00,,,2026-08-24T08:49:38.820979
2026-08-24,poniedzialek,kraków,André Rieu. Niech żyje Maastricht!,Multikino Kraków,16:35,,,2026-08-24T08:49:38.820979
2026-08-24,poniedzialek,kraków,Arek.Mama.Panorama,Cinema City Kraków Bonarka,17:50,,,2026-08-24T08:49:38.820979
2026-08-24,poniedzialek,kraków,Arek.Mama.Panorama,Cinema City Kraków Bonarka,22:00,,,2026-08-24T08:49:38.820979
2026-08-24,poniedzialek,kraków,Arek.Mama.Panorama,Cinema City Kraków Galeria Kazimierz,18:20,,,2026-08-24T08:49:38.820979
2026-08-24,poniedzialek,kraków,Arek.Mama.Panorama,Kino Mikro w Krakowie,19:45,,,2026-08-24T08:49:38.820979
2026-08-24,poniedzialek,kraków,Arek.Mama.Panorama,Kino Paradox w Krakowie,17:00,,,2026-08-24T08:49:38.820979
2026-08-24,poniedzialek,kraków,Backrooms. Bez wyjścia,Cinema City Kraków Bonarka,22:20,,,2026-08-24T08:49:38.820979
2026-08-24,poniedzialek,kraków,Bez wyjścia,Kino Pod Baranami w Krakowie,15:15,,,2026-08-24T08:49:38.820979
2026-08-24,poniedzialek,kraków,Bogaci i martwi,Cinema City Kraków Bonarka,10:10,,,2026-08-24T08:49:38.820979
2026-08-24,poniedzialek,kraków,Bogaci i martwi,Cinema City Kraków Bonarka,13:40,,,2026-08-24T08:49:38.820979
2026-08-24,poniedzialek,kraków,Bogaci i martwi,Cinema City Kraków Bonarka,19:10,,,2026-08-24T08:49:38.820979
2026-08-24,poniedzialek,kraków,Bogaci i martwi,Cinema City Kraków Bonarka,21:40,,,2026-08-24T08:49:38.820979
2026-08-24,poniedzialek,kraków,Bogaci i martwi,Cinema City Kraków Galeria Kazimierz,17:20,,,2026-08-24T08:49:38.820979
2026-08-24,poniedzialek,kraków,Bogaci i martwi,Cinema City Kraków Galeria Kazimierz,19:45,,,2026-08-24T08:49:38.820979
2026-08-24,poniedzialek,kraków,Bogaci i martwi,Cinema City Kraków Zakopianka,18:30,,,2026-08-24T08:49:38.820979
2026-08-24,poniedzialek,kraków,Bogaci i martwi,Multikino Kraków,14:30,,,2026-08-24T08:49:38.820979
2026-08-24,poniedzialek,kraków,Buntownik,Cinema City Kraków Bonarka,11:40,,,2026-08-24T08:49:38.820979
2026-08-24,poniedzialek,kraków,Buntownik,Cinema City Kraków Bonarka,14:00,,,2026-08-24T08:49:38.820979
2026-08-24,poniedzialek,kraków,Buntownik,Cinema City Kraków Bonarka,16:20,,,2026-08-24T08:49:38.820979
2026-08-24,poniedzialek,kraków,Buntownik,Cinema City Kraków Bonarka,18:40,,,2026-08-24T08:49:38.820979
2026-08-24,poniedzialek,kraków,Buntownik,Cinema City Kraków Bonarka,21:00,,,2026-08-24T08:49:38.820979
2026-08-24,poniedzialek,kraków,Buntownik,Cinema City Kraków Bonarka,21:40,,,2026-08-24T08:49:38.820979
2026-08-24,poniedzialek,kraków,Buntownik,Cinema City Kraków Galeria Kazimierz,14:30,,,2026-08-24T08:49:38.820979
2026-08-24,poniedzialek,kraków,Buntownik,Cinema City Kraków Galeria Kazimierz,16:50,,,2026-08-24T08:49:38.820979
2026-08-24,poniedzialek,kraków,Buntownik,Cinema City Kraków Galeria Kazimierz,19:10,,,2026-08-24T08:49:38.820979
2026-08-24,poniedzialek,kraków,Buntownik,Cinema City Kraków Galeria Kazimierz,21:30,,,2026-08-24T08:49:38.820979
2026-08-24,poniedzialek,kraków,Buntownik,Cinema City Kraków Zakopianka,17:30,,,2026-08-24T08:49:38.820979
2026-08-24,poniedzialek,kraków,Buntownik,Cinema City Kraków Zakopianka,19:45,,,2026-08-24T08:49:38.820979
2026-08-24,poniedzialek,kraków,Buntownik,Cinema City Kraków Zakopianka,22:00,,,2026-08-24T08:49:38.820979
2026-08-24,poniedzialek,kraków,Buntownik,Kino Kijów w Krakowie,18:30,,,2026-08-24T08:49:38.820979
2026-08-24,poniedzialek,kraków,Buntownik,Kino Kijów w Krakowie,20:30,,,2026-08-24T08:49:38.820979
2026-08-24,poniedzialek,kraków,Buntownik,Multikino Kraków,12:50,,,2026-08-24T08:49:38.820979
2026-08-24,poniedzialek,kraków,Buntownik,Multikino Kraków,15:20,,,2026-08-24T08:49:38.820979
2026-08-24,poniedzialek,kraków,Buntownik,Multikino Kraków,17:40,,,2026-08-24T08:49:38.820979
2026-08-24,poniedzialek,kraków,Buntownik,Multikino Kraków,20:00,,,2026-08-24T08:49:38.820979
2026-08-24,poniedzialek,kraków,"Chopin, Chopin!",Kino Pod Baranami w Krakowie,18:00,,,2026-08-24T08:49:38.820979
2026-08-24,poniedzialek,kraków,Do utraty tchu,Kino Mikro w Krakowie,15:15,,,2026-08-24T08:49:38.820979
2026-08-24,poniedzialek,kraków,Do utraty tchu,Kino Paradox w Krakowie,20:35,,,2026-08-24T08:49:38.820979
2026-08-24,poniedzialek,kraków,Ekipa zwierzaków (dubbing),Cinema City Kraków Zakopianka,10:00,,dubbing,2026-08-24T08:49:38.820979
2026-08-24,poniedzialek,kraków,Flavia de Luce (dubbing),Cinema City Kraków Bonarka,15:30,,dubbing,2026-08-24T08:49:38.820979
2026-08-24,poniedzialek,kraków,Flavia de Luce (dubbing),Cinema City Kraków Galeria Kazimierz,10:20,,dubbing,2026-08-24T08:49:38.820979
2026-08-24,poniedzialek,kraków,Flavia de Luce (dubbing),Cinema City Kraków Zakopianka,11:45,,dubbing,2026-08-24T08:49:38.820979
2026-08-24,poniedzialek,kraków,Flavia de Luce (dubbing),Multikino Kraków,10:40,,dubbing,2026-08-24T08:49:38.820979
2026-08-24,poniedzialek,kraków,Frances Ha,Cinema City Kraków Bonarka,17:10,,,2026-08-24T08:49:38.820979
2026-08-24,poniedzialek,kraków,Frances Ha,Kino Pod Baranami w Krakowie,20:45,,,2026-08-24T08:49:38.820979
2026-08-24,poniedzialek,kraków,Franz Kafka,Kino Pod Baranami w Krakowie,14:30,,,2026-08-24T08:49:38.820979
2026-08-24,poniedzialek,kraków,Historie równoległe,Cinema City Kraków Bonarka,21:20,,,2026-08-24T08:49:38.820979
2026-08-24,poniedzialek,kraków,Historie równoległe,Cinema City Kraków Galeria Kazimierz,14:20,,,2026-08-24T08:49:38.820979
2026-08-24,poniedzialek,kraków,Historie równoległe,Kino Kijów w Krakowie,15:00,,,2026-08-24T08:49:38.820979
2026-08-24,poniedzialek,kraków,Historie równoległe,Kino Kijów w Krakowie,20:15,,,2026-08-24T08:49:38.820979
2026-08-24,poniedzialek,kraków,Historie równoległe,Kino Mikro w Galerii Bronowice w Krakowie,16:45,,,2026-08-24T08:49:38.820979
2026-08-24,poniedzialek,kraków,Historie równoległe,Kino Mikro w Krakowie,12:15,,,2026-08-24T08:49:38.820979
2026-08-24,poniedzialek,kraków,Historie równoległe,"Kino Pod Baranami w Małopolskim Ogrodzie Sztuki, czyli Barany w MOSie",20:15,,,2026-08-24T08:49:38.820979
2026-08-24,poniedzialek,kraków,Historie równoległe,Kino Sfinks w Krakowie,19:00,,,2026-08-24T08:49:38.820979
2026-08-24,poniedzialek,kraków,Historie równoległe,Multikino Kraków,20:00,,,2026-08-24T08:49:38.820979
2026-08-24,poniedzialek,kraków,Ice Cream Man,Cinema City Kraków Bonarka,21:30,,,2026-08-24T08:49:38.820979
2026-08-24,poniedzialek,kraków,Ice Cream Man,Cinema City Kraków Zakopianka,22:10,,,2026-08-24T08:49:38.820979
2026-08-24,poniedzialek,kraków,Kandydaci śmierci,Kino Sfinks w Krakowie,18:00,,,2026-08-24T08:49:38.820979
2026-08-24,poniedzialek,kraków,Koniec Ulicy Dębowej,Cinema City Kraków Bonarka,11:20,,,2026-08-24T08:49:38.820979
2026-08-24,poniedzialek,kraków,Koniec Ulicy Dębowej,Cinema City Kraków Bonarka,13:50,,,2026-08-24T08:49:38.820979
2026-08-24,poniedzialek,kraków,Koniec Ulicy Dębowej,Cinema City Kraków Bonarka,16:20,,,2026-08-24T08:49:38.820979
2026-08-24,poniedzialek,kraków,Koniec Ulicy Dębowej,Cinema City Kraków Bonarka,18:50,,,2026-08-24T08:49:38.820979
2026-08-24,poniedzialek,kraków,Koniec Ulicy Dębowej,Cinema City Kraków Bonarka,21:20,,,2026-08-24T08:49:38.820979
2026-08-24,poniedzialek,kraków,Koniec Ulicy Dębowej,Cinema City Kraków Galeria Kazimierz,10:45,,,2026-08-24T08:49:38.820979
2026-08-24,poniedzialek,kraków,Koniec Ulicy Dębowej,Cinema City Kraków Galeria Kazimierz,13:15,,,2026-08-24T08:49:38.820979
2026-08-24,poniedzialek,kraków,Koniec Ulicy Dębowej,Cinema City Kraków Galeria Kazimierz,15:50,,,2026-08-24T08:49:38.820979
2026-08-24,poniedzialek,kraków,Koniec Ulicy Dębowej,Cinema City Kraków Galeria Kazimierz,20:20,,,2026-08-24T08:49:38.820979
2026-08-24,poniedzialek,kraków,Koniec Ulicy Dębowej,Cinema City Kraków Zakopianka,11:20,,,2026-08-24T08:49:38.820979
2026-08-24,poniedzialek,kraków,Koniec Ulicy Dębowej,Cinema City Kraków Zakopianka,13:50,,,2026-08-24T08:49:38.820979
2026-08-24,poniedzialek,kraków,Koniec Ulicy Dębowej,Cinema City Kraków Zakopianka,16:20,,,2026-08-24T08:49:38.820979
2026-08-24,poniedzialek,kraków,Koniec Ulicy Dębowej,Cinema City Kraków Zakopianka,18:50,,,2026-08-24T08:49:38.820979
2026-08-24,poniedzialek,kraków,Koniec Ulicy Dębowej,Cinema City Kraków Zakopianka,21:20,,,2026-08-24T08:49:38.820979
2026-08-24,poniedzialek,kraków,Koniec Ulicy Dębowej,Kino Kijów w Krakowie,12:30,,,2026-08-24T08:49:38.820979
2026-08-24,poniedzialek,kraków,Koniec Ulicy Dębowej,Kino Kijów w Krakowie,18:15,,,2026-08-24T08:49:38.820979
2026-08-24,poniedzialek,kraków,Koniec Ulicy Dębowej,Kino Mikro w Galerii Bronowice w Krakowie,19:15,,,2026-08-24T08:49:38.820979
2026-08-24,poniedzialek,kraków,Koniec Ulicy Dębowej,Multikino Kraków,17:00,,,2026-08-24T08:49:38.820979
2026-08-24,poniedzialek,kraków,Koniec Ulicy Dębowej,Multikino Kraków,19:30,,,2026-08-24T08:49:38.820979
2026-08-24,poniedzialek,kraków,Koniec Ulicy Dębowej,Multikino Kraków,21:15,,,2026-08-24T08:49:38.820979
2026-08-24,poniedzialek,kraków,Konklawe,Kino Pod Baranami w Krakowie,12:45,,,2026-08-24T08:49:38.820979
2026-08-24,poniedzialek,kraków,Kręciołek,Kino Kijów w Krakowie,10:45,,,2026-08-24T08:49:38.820979
2026-08-24,poniedzialek,kraków,Kręciołek,Kino Kijów w Krakowie,12:15,,,2026-08-24T08:49:38.820979
2026-08-24,poniedzialek,kraków,Kręciołek,Kino Mikro w Galerii Bronowice w Krakowie,13:00,,,2026-08-24T08:49:38.820979
2026-08-24,poniedzialek,kraków,Księga pustyni,Kino Kijów w Krakowie,13:45,,,2026-08-24T08:49:38.820979
2026-08-24,poniedzialek,kraków,Księga pustyni (dubbing),Cinema City Kraków Bonarka,10:20,,dubbing,2026-08-24T08:49:38.820979
2026-08-24,poniedzialek,kraków,Księga pustyni (dubbing),Cinema City Kraków Bonarka,11:20,,dubbing,2026-08-24T08:49:38.820979
2026-08-24,poniedzialek,kraków,Księga pustyni (dubbing),Cinema City Kraków Bonarka,12:40,,dubbing,2026-08-24T08:49:38.820979
2026-08-24,poniedzialek,kraków,Księga pustyni (dubbing),Cinema City Kraków Bonarka,14:00,,dubbing,2026-08-24T08:49:38.820979
2026-08-24,poniedzialek,kraków,Księga pustyni (dubbing),Cinema City Kraków Bonarka,16:20,,dubbing,2026-08-24T08:49:38.820979
2026-08-24,poniedzialek,kraków,Księga pustyni (dubbing),Cinema City Kraków Bonarka,18:40,,dubbing,2026-08-24T08:49:38.820979
2026-08-24,poniedzialek,kraków,Księga pustyni (dubbing),Cinema City Kraków Galeria Kazimierz,10:30,,dubbing,2026-08-24T08:49:38.820979
2026-08-24,poniedzialek,kraków,Księga pustyni (dubbing),Cinema City Kraków Galeria Kazimierz,12:45,,dubbing,2026-08-24T08:49:38.820979
2026-08-24,poniedzialek,kraków,Księga pustyni (dubbing),Cinema City Kraków Galeria Kazimierz,15:00,,dubbing,2026-08-24T08:49:38.820979
2026-08-24,poniedzialek,kraków,Księga pustyni (dubbing),Cinema City Kraków Galeria Kazimierz,17:15,,dubbing,2026-08-24T08:49:38.820979
2026-08-24,poniedzialek,kraków,Księga pustyni (dubbing),Cinema City Kraków Zakopianka,10:30,,dubbing,2026-08-24T08:49:38.820979
2026-08-24,poniedzialek,kraków,Księga pustyni (dubbing),Cinema City Kraków Zakopianka,12:45,,dubbing,2026-08-24T08:49:38.820979
2026-08-24,poniedzialek,kraków,Księga pustyni (dubbing),Cinema City Kraków Zakopianka,15:00,,dubbing,2026-08-24T08:49:38.820979
2026-08-24,poniedzialek,kraków,Księga pustyni (dubbing),Cinema City Kraków Zakopianka,17:15,,dubbing,2026-08-24T08:49:38.820979
2026-08-24,poniedzialek,kraków,Księga pustyni (dubbing),Multikino Kraków,10:00,,dubbing,2026-08-24T08:49:38.820979
2026-08-24,poniedzialek,kraków,Księga pustyni (dubbing),Multikino Kraków,13:50,,dubbing,2026-08-24T08:49:38.820979
2026-08-24,poniedzialek,kraków,Księga pustyni (dubbing),Multikino Kraków,16:10,,dubbing,2026-08-24T08:49:38.820979
2026-08-24,poniedzialek,kraków,Księga pustyni (dubbing),Multikino Kraków,18:30,,dubbing,2026-08-24T08:49:38.820979
2026-08-24,poniedzialek,kraków,Łowca jeleni,Kino Pod Baranami w Krakowie,20:05,,,2026-08-24T08:49:38.820979
2026-08-24,poniedzialek,kraków,Matki równoległe,Kino Mikro w Krakowie,14:45,,,2026-08-24T08:49:38.820979
2026-08-24,poniedzialek,kraków,Minionki i straszydła (dubbing),Cinema City Kraków Bonarka,10:00,,dubbing,2026-08-24T08:49:38.820979
2026-08-24,poniedzialek,kraków,Minionki i straszydła (dubbing),Cinema City Kraków Bonarka,14:50,,dubbing,2026-08-24T08:49:38.820979
2026-08-24,poniedzialek,kraków,Minionki i straszydła (dubbing),Cinema City Kraków Bonarka,17:00,,dubbing,2026-08-24T08:49:38.820979
2026-08-24,poniedzialek,kraków,Minionki i straszydła (dubbing),Cinema City Kraków Galeria Kazimierz,10:10,,dubbing,2026-08-24T08:49:38.820979
2026-08-24,poniedzialek,kraków,Minionki i straszydła (dubbing),Cinema City Kraków Galeria Kazimierz,12:15,,dubbing,2026-08-24T08:49:38.820979
2026-08-24,poniedzialek,kraków,Minionki i straszydła (dubbing),Cinema City Kraków Galeria Kazimierz,14:20,,dubbing,2026-08-24T08:49:38.820979
2026-08-24,poniedzialek,kraków,Minionki i straszydła (dubbing),Cinema City Kraków Zakopianka,11:00,,dubbing,2026-08-24T08:49:38.820979
2026-08-24,poniedzialek,kraków,Minionki i straszydła (dubbing),Cinema City Kraków Zakopianka,13:10,,dubbing,2026-08-24T08:49:38.820979
2026-08-24,poniedzialek,kraków,Minionki i straszydła (dubbing),Cinema City Kraków Zakopianka,15:20,,dubbing,2026-08-24T08:49:38.820979
2026-08-24,poniedzialek,kraków,Minionki i straszydła (dubbing),Multikino Kraków,10:00,,dubbing,2026-08-24T08:49:38.820979
2026-08-24,poniedzialek,kraków,Minionki i straszydła (dubbing),Multikino Kraków,12:15,,dubbing,2026-08-24T08:49:38.820979
2026-08-24,poniedzialek,kraków,Minionki i straszydła (dubbing),Multikino Kraków,14:25,,dubbing,2026-08-24T08:49:38.820979
2026-08-24,poniedzialek,kraków,Mistyczka,Kino Kijów w Krakowie,13:00,,,2026-08-24T08:49:38.820979
2026-08-24,poniedzialek,kraków,Naznaczony: Wyjście z mrocznego wymiaru,Cinema City Kraków Bonarka,10:50,,,2026-08-24T08:49:38.820979
2026-08-24,poniedzialek,kraków,Naznaczony: Wyjście z mrocznego wymiaru,Cinema City Kraków Bonarka,13:20,,,2026-08-24T08:49:38.820979
2026-08-24,poniedzialek,kraków,Naznaczony: Wyjście z mrocznego wymiaru,Cinema City Kraków Bonarka,15:50,,,2026-08-24T08:49:38.820979
2026-08-24,poniedzialek,kraków,Naznaczony: Wyjście z mrocznego wymiaru,Cinema City Kraków Bonarka,16:20,,,2026-08-24T08:49:38.820979
2026-08-24,poniedzialek,kraków,Naznaczony: Wyjście z mrocznego wymiaru,Cinema City Kraków Bonarka,18:20,,,2026-08-24T08:49:38.820979
2026-08-24,poniedzialek,kraków,Naznaczony: Wyjście z mrocznego wymiaru,Cinema City Kraków Bonarka,18:50,,,2026-08-24T08:49:38.820979
2026-08-24,poniedzialek,kraków,Naznaczony: Wyjście z mrocznego wymiaru,Cinema City Kraków Bonarka,19:10,,,2026-08-24T08:49:38.820979
2026-08-24,poniedzialek,kraków,Naznaczony: Wyjście z mrocznego wymiaru,Cinema City Kraków Bonarka,20:50,,,2026-08-24T08:49:38.820979
2026-08-24,poniedzialek,kraków,Naznaczony: Wyjście z mrocznego wymiaru,Cinema City Kraków Bonarka,21:20,,,2026-08-24T08:49:38.820979
2026-08-24,poniedzialek,kraków,Naznaczony: Wyjście z mrocznego wymiaru,Cinema City Kraków Bonarka,22:30,,,2026-08-24T08:49:38.820979
2026-08-24,poniedzialek,kraków,Naznaczony: Wyjście z mrocznego wymiaru,Cinema City Kraków Galeria Kazimierz,18:10,,,2026-08-24T08:49:38.820979
2026-08-24,poniedzialek,kraków,Naznaczony: Wyjście z mrocznego wymiaru,Cinema City Kraków Galeria Kazimierz,20:40,,,2026-08-24T08:49:38.820979
2026-08-24,poniedzialek,kraków,Naznaczony: Wyjście z mrocznego wymiaru,Cinema City Kraków Galeria Kazimierz,22:15,,,2026-08-24T08:49:38.820979
2026-08-24,poniedzialek,kraków,Naznaczony: Wyjście z mrocznego wymiaru,Cinema City Kraków Zakopianka,18:10,,,2026-08-24T08:49:38.820979
2026-08-24,poniedzialek,kraków,Naznaczony: Wyjście z mrocznego wymiaru,Cinema City Kraków Zakopianka,20:40,,,2026-08-24T08:49:38.820979
2026-08-24,poniedzialek,kraków,Naznaczony: Wyjście z mrocznego wymiaru,Multikino Kraków,13:00,,,2026-08-24T08:49:38.820979
2026-08-24,poniedzialek,kraków,Naznaczony: Wyjście z mrocznego wymiaru,Multikino Kraków,15:30,,,2026-08-24T08:49:38.820979
2026-08-24,poniedzialek,kraków,Naznaczony: Wyjście z mrocznego wymiaru,Multikino Kraków,18:20,,,2026-08-24T08:49:38.820979
2026-08-24,poniedzialek,kraków,Naznaczony: Wyjście z mrocznego wymiaru,Multikino Kraków,20:50,,,2026-08-24T08:49:38.820979
2026-08-24,poniedzialek,kraków,Niesamowite przygody skarpetek 3. Ale kosmos!,Cinema City Kraków Zakopianka,10:00,,,2026-08-24T08:49:38.820979
2026-08-24,poniedzialek,kraków,Nowa fala,Kino Mikro w Krakowie,13:15,,,2026-08-24T08:49:38.820979
2026-08-24,poniedzialek,kraków,Nowa fala,Kino Pod Baranami w Krakowie,23:00,,,2026-08-24T08:49:38.820979
2026-08-24,poniedzialek,kraków,Nowa fala,"Kino Pod Baranami w Małopolskim Ogrodzie Sztuki, czyli Barany w MOSie",16:55,,,2026-08-24T08:49:38.820979
2026-08-24,poniedzialek,kraków,O czym sobie nie mówimy,"Kino Pod Baranami w Małopolskim Ogrodzie Sztuki, czyli Barany w MOSie",14:45,,,2026-08-24T08:49:38.820979
2026-08-24,poniedzialek,kraków,O czym wie Marielle,Kino Mikro w Krakowie,21:00,,,2026-08-24T08:49:38.820979
2026-08-24,poniedzialek,kraków,Obsesja,Cinema City Kraków Galeria Kazimierz,22:00,,,2026-08-24T08:49:38.820979
2026-08-24,poniedzialek,kraków,Odyseja,Cinema City Kraków Bonarka,10:10,,,2026-08-24T08:49:38.820979
2026-08-24,poniedzialek,kraków,Odyseja,Cinema City Kraków Bonarka,11:40,,,2026-08-24T08:49:38.820979
2026-08-24,poniedzialek,kraków,Odyseja,Cinema City Kraków Bonarka,12:00,,,2026-08-24T08:49:38.820979
2026-08-24,poniedzialek,kraków,Odyseja,Cinema City Kraków Bonarka,12:30,,,2026-08-24T08:49:38.820979
2026-08-24,poniedzialek,kraków,Odyseja,Cinema City Kraków Bonarka,13:50,,,2026-08-24T08:49:38.820979
2026-08-24,poniedzialek,kraków,Odyseja,Cinema City Kraków Bonarka,15:20,,,2026-08-24T08:49:38.820979
2026-08-24,poniedzialek,kraków,Odyseja,Cinema City Kraków Bonarka,15:30,,,2026-08-24T08:49:38.820979
2026-08-24,poniedzialek,kraków,Odyseja,Cinema City Kraków Bonarka,17:30,,,2026-08-24T08:49:38.820979
2026-08-24,poniedzialek,kraków,Odyseja,Cinema City Kraków Bonarka,19:00,,,2026-08-24T08:49:38.820979
2026-08-24,poniedzialek,kraków,Odyseja,Cinema City Kraków Bonarka,20:20,,,2026-08-24T08:49:38.820979
2026-08-24,poniedzialek,kraków,Odyseja,Cinema City Kraków Bonarka,21:10,,,2026-08-24T08:49:38.820979
2026-08-24,poniedzialek,kraków,Odyseja,Cinema City Kraków Galeria Kazimierz,12:40,,,2026-08-24T08:49:38.820979
2026-08-24,poniedzialek,kraków,Odyseja,Cinema City Kraków Galeria Kazimierz,16:20,,,2026-08-24T08:49:38.820979
2026-08-24,poniedzialek,kraków,Odyseja,Cinema City Kraków Galeria Kazimierz,20:00,,,2026-08-24T08:49:38.820979
2026-08-24,poniedzialek,kraków,Odyseja,Cinema City Kraków Zakopianka,10:40,,,2026-08-24T08:49:38.820979
2026-08-24,poniedzialek,kraków,Odyseja,Cinema City Kraków Zakopianka,14:20,,,2026-08-24T08:49:38.820979
2026-08-24,poniedzialek,kraków,Odyseja,Cinema City Kraków Zakopianka,19:30,,,2026-08-24T08:49:38.820979
2026-08-24,poniedzialek,kraków,Odyseja,Cinema City Kraków Zakopianka,20:40,,,2026-08-24T08:49:38.820979
2026-08-24,poniedzialek,kraków,Odyseja,"Kino Pod Baranami w Małopolskim Ogrodzie Sztuki, czyli Barany w MOSie",17:00,,,2026-08-24T08:49:38.820979
2026-08-24,poniedzialek,kraków,Odyseja,Multikino Kraków,11:55,,,2026-08-24T08:49:38.820979
2026-08-24,poniedzialek,kraków,Odyseja,Multikino Kraków,15:35,,,2026-08-24T08:49:38.820979
2026-08-24,poniedzialek,kraków,Odyseja,Multikino Kraków,19:15,,,2026-08-24T08:49:38.820979
2026-08-24,poniedzialek,kraków,Odyseja,Multikino Kraków,20:25,,,2026-08-24T08:49:38.820979
2026-08-24,poniedzialek,kraków,Odyseja / Одіссея (ukr.),Cinema City Kraków Bonarka,10:20,,,2026-08-24T08:49:38.820979
2026-08-24,poniedzialek,kraków,Odzyskany,Cinema City Kraków Zakopianka,14:00,,,2026-08-24T08:49:38.820979
2026-08-24,poniedzialek,kraków,Odzyskany,Kino Kijów w Krakowie,14:00,,,2026-08-24T08:49:38.820979
2026-08-24,poniedzialek,kraków,Ojczyzna,Kino Pod Baranami w Krakowie,11:05,,,2026-08-24T08:49:38.820979
2026-08-24,poniedzialek,kraków,Oldboy,"Kino Pod Baranami w Małopolskim Ogrodzie Sztuki, czyli Barany w MOSie",20:05,,,2026-08-24T08:49:38.820979
2026-08-24,poniedzialek,kraków,Pejzaż w kolorze sepii,"Kino Pod Baranami w Małopolskim Ogrodzie Sztuki, czyli Barany w MOSie",12:05,,,2026-08-24T08:49:38.820979
2026-08-24,poniedzialek,kraków,Pojedynek,"Kino Pod Baranami w Małopolskim Ogrodzie Sztuki, czyli Barany w MOSie",15:30,,,2026-08-24T08:49:38.820979
2026-08-24,poniedzialek,kraków,Przekleństwa niewinności,Kino Agrafka w Krakowie,21:00,,,2026-08-24T08:49:38.820979
2026-08-24,poniedzialek,kraków,Psi Patrol i dinozaury (dubbing),Cinema City Kraków Bonarka,10:00,,dubbing,2026-08-24T08:49:38.820979
2026-08-24,poniedzialek,kraków,Psi Patrol i dinozaury (dubbing),Cinema City Kraków Bonarka,10:00,,dubbing,2026-08-24T08:49:38.820979
2026-08-24,poniedzialek,kraków,Psi Patrol i dinozaury (dubbing),Cinema City Kraków Bonarka,12:10,,dubbing,2026-08-24T08:49:38.820979
2026-08-24,poniedzialek,kraków,Psi Patrol i dinozaury (dubbing),Cinema City Kraków Bonarka,14:20,,dubbing,2026-08-24T08:49:38.820979
2026-08-24,poniedzialek,kraków,Psi Patrol i dinozaury (dubbing),Cinema City Kraków Bonarka,16:30,,dubbing,2026-08-24T08:49:38.820979
2026-08-24,poniedzialek,kraków,Psi Patrol i dinozaury (dubbing),Cinema City Kraków Galeria Kazimierz,10:00,,dubbing,2026-08-24T08:49:38.820979
2026-08-24,poniedzialek,kraków,Psi Patrol i dinozaury (dubbing),Cinema City Kraków Galeria Kazimierz,11:20,,dubbing,2026-08-24T08:49:38.820979
2026-08-24,poniedzialek,kraków,Psi Patrol i dinozaury (dubbing),Cinema City Kraków Galeria Kazimierz,13:30,,dubbing,2026-08-24T08:49:38.820979
2026-08-24,poniedzialek,kraków,Psi Patrol i dinozaury (dubbing),Cinema City Kraków Zakopianka,11:40,,dubbing,2026-08-24T08:49:38.820979
2026-08-24,poniedzialek,kraków,Psi Patrol i dinozaury (dubbing),Cinema City Kraków Zakopianka,13:50,,dubbing,2026-08-24T08:49:38.820979
2026-08-24,poniedzialek,kraków,Psi Patrol i dinozaury (dubbing),Cinema City Kraków Zakopianka,15:30,,dubbing,2026-08-24T08:49:38.820979
2026-08-24,poniedzialek,kraków,Psi Patrol i dinozaury (dubbing),Cinema City Kraków Zakopianka,17:45,,dubbing,2026-08-24T08:49:38.820979
2026-08-24,poniedzialek,kraków,Psi Patrol i dinozaury (dubbing),Kino Kijów w Krakowie,10:15,,dubbing,2026-08-24T08:49:38.820979
2026-08-24,poniedzialek,kraków,Psi Patrol i dinozaury (dubbing),Kino Kijów w Krakowie,11:00,,dubbing,2026-08-24T08:49:38.820979
2026-08-24,poniedzialek,kraków,Psi Patrol i dinozaury (dubbing),Kino Kijów w Krakowie,13:00,,dubbing,2026-08-24T08:49:38.820979
2026-08-24,poniedzialek,kraków,Psi Patrol i dinozaury (dubbing),Multikino Kraków,10:15,,dubbing,2026-08-24T08:49:38.820979
2026-08-24,poniedzialek,kraków,Psi Patrol i dinozaury (dubbing),Multikino Kraków,10:40,,dubbing,2026-08-24T08:49:38.820979
2026-08-24,poniedzialek,kraków,Psi Patrol i dinozaury (dubbing),Multikino Kraków,12:30,,dubbing,2026-08-24T08:49:38.820979
2026-08-24,poniedzialek,kraków,Psi Patrol i dinozaury (dubbing),Multikino Kraków,13:30,,dubbing,2026-08-24T08:49:38.820979
2026-08-24,poniedzialek,kraków,Psi Patrol i dinozaury (dubbing),Multikino Kraków,14:45,,dubbing,2026-08-24T08:49:38.820979
2026-08-24,poniedzialek,kraków,Psi Patrol i dinozaury (dubbing),Multikino Kraków,15:45,,dubbing,2026-08-24T08:49:38.820979
2026-08-24,poniedzialek,kraków,Psi Patrol i dinozaury (dubbing),Multikino Kraków,18:00,,dubbing,2026-08-24T08:49:38.820979
2026-08-24,poniedzialek,kraków,Pucio kocha zwierzaki,Cinema City Kraków Bonarka,11:10,,,2026-08-24T08:49:38.820979
2026-08-24,poniedzialek,kraków,Pucio kocha zwierzaki,Cinema City Kraków Bonarka,12:30,,,2026-08-24T08:49:38.820979
2026-08-24,poniedzialek,kraków,Pucio kocha zwierzaki,Cinema City Kraków Bonarka,14:00,,,2026-08-24T08:49:38.820979
2026-08-24,poniedzialek,kraków,Pucio kocha zwierzaki,Cinema City Kraków Bonarka,15:30,,,2026-08-24T08:49:38.820979
2026-08-24,poniedzialek,kraków,Pucio kocha zwierzaki,Cinema City Kraków Bonarka,17:00,,,2026-08-24T08:49:38.820979
2026-08-24,poniedzialek,kraków,Pucio kocha zwierzaki,Cinema City Kraków Galeria Kazimierz,10:40,,,2026-08-24T08:49:38.820979
2026-08-24,poniedzialek,kraków,Pucio kocha zwierzaki,Cinema City Kraków Galeria Kazimierz,12:20,,,2026-08-24T08:49:38.820979
2026-08-24,poniedzialek,kraków,Pucio kocha zwierzaki,Cinema City Kraków Galeria Kazimierz,13:50,,,2026-08-24T08:49:38.820979
2026-08-24,poniedzialek,kraków,Pucio kocha zwierzaki,Cinema City Kraków Galeria Kazimierz,15:20,,,2026-08-24T08:49:38.820979
2026-08-24,poniedzialek,kraków,Pucio kocha zwierzaki,Cinema City Kraków Zakopianka,10:10,,,2026-08-24T08:49:38.820979
2026-08-24,poniedzialek,kraków,Pucio kocha zwierzaki,Cinema City Kraków Zakopianka,11:20,,,2026-08-24T08:49:38.820979
2026-08-24,poniedzialek,kraków,Pucio kocha zwierzaki,Cinema City Kraków Zakopianka,12:50,,,2026-08-24T08:49:38.820979
2026-08-24,poniedzialek,kraków,Pucio kocha zwierzaki,Cinema City Kraków Zakopianka,14:20,,,2026-08-24T08:49:38.820979
2026-08-24,poniedzialek,kraków,Pucio kocha zwierzaki,Kino Agrafka w Krakowie,15:15,,,2026-08-24T08:49:38.820979
2026-08-24,poniedzialek,kraków,Pucio kocha zwierzaki,Kino Kijów w Krakowie,10:45,,,2026-08-24T08:49:38.820979
2026-08-24,poniedzialek,kraków,Pucio kocha zwierzaki,Kino Mikro w Galerii Bronowice w Krakowie,12:00,,,2026-08-24T08:49:38.820979
2026-08-24,poniedzialek,kraków,Pucio kocha zwierzaki,Kino Paradox w Krakowie,16:00,,,2026-08-24T08:49:38.820979
2026-08-24,poniedzialek,kraków,Pucio kocha zwierzaki,Multikino Kraków,10:00,,,2026-08-24T08:49:38.820979
2026-08-24,poniedzialek,kraków,Pucio kocha zwierzaki,Multikino Kraków,11:15,,,2026-08-24T08:49:38.820979
2026-08-24,poniedzialek,kraków,Pucio kocha zwierzaki,Multikino Kraków,12:30,,,2026-08-24T08:49:38.820979
2026-08-24,poniedzialek,kraków,Pucio kocha zwierzaki,Multikino Kraków,13:50,,,2026-08-24T08:49:38.820979
2026-08-24,poniedzialek,kraków,Pucio kocha zwierzaki,Multikino Kraków,15:10,,,2026-08-24T08:49:38.820979
2026-08-24,poniedzialek,kraków,Pucio kocha zwierzaki,Multikino Kraków,17:00,,,2026-08-24T08:49:38.820979
2026-08-24,poniedzialek,kraków,Shrek (dubbing),Cinema City Kraków Bonarka,14:40,,dubbing,2026-08-24T08:49:38.820979
2026-08-24,poniedzialek,kraków,Shrek (dubbing),Cinema City Kraków Bonarka,16:00,,dubbing,2026-08-24T08:49:38.820979
2026-08-24,poniedzialek,kraków,Shrek (dubbing),Cinema City Kraków Bonarka,16:10,,dubbing,2026-08-24T08:49:38.820979
2026-08-24,poniedzialek,kraków,Shrek (dubbing),Cinema City Kraków Bonarka,17:00,,dubbing,2026-08-24T08:49:38.820979
2026-08-24,poniedzialek,kraków,Shrek (dubbing),Cinema City Kraków Bonarka,18:10,,dubbing,2026-08-24T08:49:38.820979
2026-08-24,poniedzialek,kraków,Shrek (dubbing),Cinema City Kraków Galeria Kazimierz,17:00,,dubbing,2026-08-24T08:49:38.820979
2026-08-24,poniedzialek,kraków,Shrek (dubbing),Cinema City Kraków Galeria Kazimierz,19:10,,dubbing,2026-08-24T08:49:38.820979
2026-08-24,poniedzialek,kraków,Shrek (dubbing),Cinema City Kraków Zakopianka,16:00,,dubbing,2026-08-24T08:49:38.820979
2026-08-24,poniedzialek,kraków,Shrek (dubbing),Multikino Kraków,16:30,,dubbing,2026-08-24T08:49:38.820979
2026-08-24,poniedzialek,kraków,Spider-Man. Całkiem nowy dzień,Cinema City Kraków Bonarka,10:30,,,2026-08-24T08:49:38.820979
2026-08-24,poniedzialek,kraków,Spider-Man. Całkiem nowy dzień,Cinema City Kraków Bonarka,13:40,,,2026-08-24T08:49:38.820979
2026-08-24,poniedzialek,kraków,Spider-Man. Całkiem nowy dzień,Cinema City Kraków Bonarka,16:50,,,2026-08-24T08:49:38.820979
2026-08-24,poniedzialek,kraków,Spider-Man. Całkiem nowy dzień,Cinema City Kraków Bonarka,18:30,,,2026-08-24T08:49:38.820979
2026-08-24,poniedzialek,kraków,Spider-Man. Całkiem nowy dzień,Cinema City Kraków Bonarka,20:00,,,2026-08-24T08:49:38.820979
2026-08-24,poniedzialek,kraków,Spider-Man. Całkiem nowy dzień,Cinema City Kraków Bonarka,21:50,,,2026-08-24T08:49:38.820979
2026-08-24,poniedzialek,kraków,Spider-Man. Całkiem nowy dzień,Cinema City Kraków Bonarka,22:00,,,2026-08-24T08:49:38.820979
2026-08-24,poniedzialek,kraków,Spider-Man. Całkiem nowy dzień,Cinema City Kraków Galeria Kazimierz,13:50,,,2026-08-24T08:49:38.820979
2026-08-24,poniedzialek,kraków,Spider-Man. Całkiem nowy dzień,Cinema City Kraków Galeria Kazimierz,17:00,,,2026-08-24T08:49:38.820979
2026-08-24,poniedzialek,kraków,Spider-Man. Całkiem nowy dzień,Cinema City Kraków Galeria Kazimierz,18:30,,,2026-08-24T08:49:38.820979
2026-08-24,poniedzialek,kraków,Spider-Man. Całkiem nowy dzień,Cinema City Kraków Galeria Kazimierz,20:10,,,2026-08-24T08:49:38.820979
2026-08-24,poniedzialek,kraków,Spider-Man. Całkiem nowy dzień,Cinema City Kraków Galeria Kazimierz,21:40,,,2026-08-24T08:49:38.820979
2026-08-24,poniedzialek,kraków,Spider-Man. Całkiem nowy dzień,Cinema City Kraków Zakopianka,12:00,,,2026-08-24T08:49:38.820979
2026-08-24,poniedzialek,kraków,Spider-Man. Całkiem nowy dzień,Cinema City Kraków Zakopianka,15:10,,,2026-08-24T08:49:38.820979
2026-08-24,poniedzialek,kraków,Spider-Man. Całkiem nowy dzień,Cinema City Kraków Zakopianka,20:10,,,2026-08-24T08:49:38.820979
2026-08-24,poniedzialek,kraków,Spider-Man. Całkiem nowy dzień,Cinema City Kraków Zakopianka,21:30,,,2026-08-24T08:49:38.820979
2026-08-24,poniedzialek,kraków,Spider-Man. Całkiem nowy dzień,Multikino Kraków,11:00,,,2026-08-24T08:49:38.820979
2026-08-24,poniedzialek,kraków,Spider-Man. Całkiem nowy dzień,Multikino Kraków,14:15,,,2026-08-24T08:49:38.820979
2026-08-24,poniedzialek,kraków,Spider-Man. Całkiem nowy dzień,Multikino Kraków,20:15,,,2026-08-24T08:49:38.820979
2026-08-24,poniedzialek,kraków,Spider-Man. Całkiem nowy dzień,Multikino Kraków,21:45,,,2026-08-24T08:49:38.820979
2026-08-24,poniedzialek,kraków,Spider-Man. Całkiem nowy dzień (dubbing),Cinema City Kraków Bonarka,10:00,,dubbing,2026-08-24T08:49:38.820979
2026-08-24,poniedzialek,kraków,Spider-Man. Całkiem nowy dzień (dubbing),Cinema City Kraków Bonarka,12:30,,dubbing,2026-08-24T08:49:38.820979
2026-08-24,poniedzialek,kraków,Spider-Man. Całkiem nowy dzień (dubbing),Cinema City Kraków Bonarka,13:00,,dubbing,2026-08-24T08:49:38.820979
2026-08-24,poniedzialek,kraków,Spider-Man. Całkiem nowy dzień (dubbing),Cinema City Kraków Bonarka,13:20,,dubbing,2026-08-24T08:49:38.820979
2026-08-24,poniedzialek,kraków,Spider-Man. Całkiem nowy dzień (dubbing),Cinema City Kraków Bonarka,15:50,,dubbing,2026-08-24T08:49:38.820979
2026-08-24,poniedzialek,kraków,Spider-Man. Całkiem nowy dzień (dubbing),Cinema City Kraków Bonarka,18:50,,dubbing,2026-08-24T08:49:38.820979
2026-08-24,poniedzialek,kraków,Spider-Man. Całkiem nowy dzień (dubbing),Cinema City Kraków Galeria Kazimierz,12:10,,dubbing,2026-08-24T08:49:38.820979
2026-08-24,poniedzialek,kraków,Spider-Man. Całkiem nowy dzień (dubbing),Cinema City Kraków Galeria Kazimierz,15:20,,dubbing,2026-08-24T08:49:38.820979
2026-08-24,poniedzialek,kraków,Spider-Man. Całkiem nowy dzień (dubbing),Cinema City Kraków Zakopianka,10:30,,dubbing,2026-08-24T08:49:38.820979
2026-08-24,poniedzialek,kraków,Spider-Man. Całkiem nowy dzień (dubbing),Cinema City Kraków Zakopianka,13:50,,dubbing,2026-08-24T08:49:38.820979
2026-08-24,poniedzialek,kraków,Spider-Man. Całkiem nowy dzień (dubbing),Cinema City Kraków Zakopianka,17:00,,dubbing,2026-08-24T08:49:38.820979
2026-08-24,poniedzialek,kraków,Spider-Man. Całkiem nowy dzień (dubbing),Cinema City Kraków Zakopianka,18:20,,dubbing,2026-08-24T08:49:38.820979
2026-08-24,poniedzialek,kraków,Spider-Man. Całkiem nowy dzień (dubbing),Kino Kijów w Krakowie,10:15,,dubbing,2026-08-24T08:49:38.820979
2026-08-24,poniedzialek,kraków,Spider-Man. Całkiem nowy dzień (dubbing),Kino Kijów w Krakowie,15:45,,dubbing,2026-08-24T08:49:38.820979
2026-08-24,poniedzialek,kraków,Spider-Man. Całkiem nowy dzień (dubbing),Multikino Kraków,10:00,,dubbing,2026-08-24T08:49:38.820979
2026-08-24,poniedzialek,kraków,Spider-Man. Całkiem nowy dzień (dubbing),Multikino Kraków,12:00,,dubbing,2026-08-24T08:49:38.820979
2026-08-24,poniedzialek,kraków,Spider-Man. Całkiem nowy dzień (dubbing),Multikino Kraków,13:15,,dubbing,2026-08-24T08:49:38.820979
2026-08-24,poniedzialek,kraków,Spider-Man. Całkiem nowy dzień (dubbing),Multikino Kraków,16:30,,dubbing,2026-08-24T08:49:38.820979
2026-08-24,poniedzialek,kraków,Spider-Man. Całkiem nowy dzień (dubbing),Multikino Kraków,18:30,,dubbing,2026-08-24T08:49:38.820979
2026-08-24,poniedzialek,kraków,Spider-Man. Całkiem nowy dzień (dubbing),Multikino Kraków,19:45,,dubbing,2026-08-24T08:49:38.820979
2026-08-24,poniedzialek,kraków,Spider-Man. Całkiem nowy dzień 3D,Cinema City Kraków Bonarka,21:40,3D,,2026-08-24T08:49:38.820979
2026-08-24,poniedzialek,kraków,Spider-Man. Całkiem nowy dzień 3D (dubbing),Cinema City Kraków Bonarka,11:30,3D,dubbing,2026-08-24T08:49:38.820979
2026-08-24,poniedzialek,kraków,Spider-Man. Całkiem nowy dzień 3D (dubbing),Cinema City Kraków Bonarka,14:50,3D,dubbing,2026-08-24T08:49:38.820979
2026-08-24,poniedzialek,kraków,Spider-Man. Całkiem nowy dzień 3D (dubbing),Multikino Kraków,15:15,3D,dubbing,2026-08-24T08:49:38.820979
2026-08-24,poniedzialek,kraków,Springsteen: Ocal mnie od nicości,"Kino Pod Baranami w Małopolskim Ogrodzie Sztuki, czyli Barany w MOSie",17:45,,,2026-08-24T08:49:38.820979
2026-08-24,poniedzialek,kraków,Superfutrzak i złośliwa wiewiórka (dubbing),Kino Kijów w Krakowie,11:45,,dubbing,2026-08-24T08:49:38.820979
2026-08-24,poniedzialek,kraków,Superfutrzak i złośliwa wiewiórka (dubbing),Kino Mikro w Galerii Bronowice w Krakowie,14:30,,dubbing,2026-08-24T08:49:38.820979
2026-08-24,poniedzialek,kraków,The Room,Kino Mikro w Krakowie,21:00,,,2026-08-24T08:49:38.820979
2026-08-24,poniedzialek,kraków,Toy Story 5 (dubbing),Cinema City Kraków Bonarka,10:10,,dubbing,2026-08-24T08:49:38.820979
2026-08-24,poniedzialek,kraków,Toy Story 5 (dubbing),Cinema City Kraków Bonarka,12:30,,dubbing,2026-08-24T08:49:38.820979
2026-08-24,poniedzialek,kraków,Toy Story 5 (dubbing),Cinema City Kraków Galeria Kazimierz,10:00,,dubbing,2026-08-24T08:49:38.820979
2026-08-24,poniedzialek,kraków,Toy Story 5 (dubbing),Cinema City Kraków Galeria Kazimierz,12:10,,dubbing,2026-08-24T08:49:38.820979
2026-08-24,poniedzialek,kraków,Toy Story 5 (dubbing),Multikino Kraków,11:25,,dubbing,2026-08-24T08:49:38.820979
2026-08-24,poniedzialek,kraków,Twin Peaks: Ogniu krocz ze mną,Kino Kijów w Krakowie,20:30,,,2026-08-24T08:49:38.820979
2026-08-24,poniedzialek,kraków,Tylko jedna noc,Cinema City Kraków Bonarka,10:50,,,2026-08-24T08:49:38.820979
2026-08-24,poniedzialek,kraków,Tylko jedna noc,Cinema City Kraków Bonarka,16:30,,,2026-08-24T08:49:38.820979
2026-08-24,poniedzialek,kraków,Tylko jedna noc,Cinema City Kraków Bonarka,19:40,,,2026-08-24T08:49:38.820979
2026-08-24,poniedzialek,kraków,Tylko jedna noc,Cinema City Kraków Bonarka,21:10,,,2026-08-24T08:49:38.820979
2026-08-24,poniedzialek,kraków,Tylko jedna noc,Cinema City Kraków Galeria Kazimierz,19:30,,,2026-08-24T08:49:38.820979
2026-08-24,poniedzialek,kraków,Tylko jedna noc,Cinema City Kraków Zakopianka,20:50,,,2026-08-24T08:49:38.820979
2026-08-24,poniedzialek,kraków,Tylko jedna noc,Kino Kijów w Krakowie,16:00,,,2026-08-24T08:49:38.820979
2026-08-24,poniedzialek,kraków,Tylko jedna noc,"Kino Pod Baranami w Małopolskim Ogrodzie Sztuki, czyli Barany w MOSie",14:50,,,2026-08-24T08:49:38.820979
2026-08-24,poniedzialek,kraków,Tylko jedna noc,Multikino Kraków,20:50,,,2026-08-24T08:49:38.820979
2026-08-24,poniedzialek,kraków,Tylko jedna noc,Multikino Kraków,22:00,,,2026-08-24T08:49:38.820979
2026-08-24,poniedzialek,kraków,Vaiana (dubbing),Cinema City Kraków Bonarka,12:50,,dubbing,2026-08-24T08:49:38.820979
2026-08-24,poniedzialek,kraków,Vaiana (dubbing),Cinema City Kraków Galeria Kazimierz,11:10,,dubbing,2026-08-24T08:49:38.820979
2026-08-24,poniedzialek,kraków,Vaiana (dubbing),Cinema City Kraków Zakopianka,10:20,,dubbing,2026-08-24T08:49:38.820979
2026-08-24,poniedzialek,kraków,Vivaldi i ja,Cinema City Kraków Bonarka,12:10,,,2026-08-24T08:49:38.820979
2026-08-24,poniedzialek,kraków,Vivaldi i ja,Cinema City Kraków Bonarka,14:40,,,2026-08-24T08:49:38.820979
2026-08-24,poniedzialek,kraków,Vivaldi i ja,Cinema City Kraków Bonarka,19:50,,,2026-08-24T08:49:38.820979
2026-08-24,poniedzialek,kraków,Vivaldi i ja,Cinema City Kraków Zakopianka,18:40,,,2026-08-24T08:49:38.820979
2026-08-24,poniedzialek,kraków,Vivaldi i ja,Kino Agrafka w Krakowie,18:45,,,2026-08-24T08:49:38.820979
2026-08-24,poniedzialek,kraków,Vivaldi i ja,Kino Kijów w Krakowie,20:30,,,2026-08-24T08:49:38.820979
2026-08-24,poniedzialek,kraków,Vivaldi i ja,Kino Mikro w Krakowie,17:00,,,2026-08-24T08:49:38.820979
2026-08-24,poniedzialek,kraków,Vivaldi i ja,Kino Paradox w Krakowie,18:30,,,2026-08-24T08:49:38.820979
2026-08-24,poniedzialek,kraków,Vivaldi i ja,Kino Pod Baranami w Krakowie,12:00,,,2026-08-24T08:49:38.820979
2026-08-24,poniedzialek,kraków,Vivaldi i ja,"Kino Pod Baranami w Małopolskim Ogrodzie Sztuki, czyli Barany w MOSie",19:05,,,2026-08-24T08:49:38.820979
2026-08-24,poniedzialek,kraków,Vivaldi i ja,Kino Sfinks w Krakowie,17:00,,,2026-08-24T08:49:38.820979
2026-08-24,poniedzialek,kraków,Wrong Girls,Cinema City Kraków Bonarka,17:50,,,2026-08-24T08:49:38.820979
2026-08-24,poniedzialek,kraków,Wrong Girls,Cinema City Kraków Bonarka,20:10,,,2026-08-24T08:49:38.820979
2026-08-24,poniedzialek,kraków,Wrong Girls,Cinema City Kraków Bonarka,22:30,,,2026-08-24T08:49:38.820979
2026-08-24,poniedzialek,kraków,Wrong Girls,Cinema City Kraków Galeria Kazimierz,19:00,,,2026-08-24T08:49:38.820979
2026-08-24,poniedzialek,kraków,Wrong Girls,Cinema City Kraków Galeria Kazimierz,21:20,,,2026-08-24T08:49:38.820979
2026-08-24,poniedzialek,kraków,Wrong Girls,Cinema City Kraków Zakopianka,16:10,,,2026-08-24T08:49:38.820979
2026-08-24,poniedzialek,kraków,Wrong Girls,Cinema City Kraków Zakopianka,20:00,,,2026-08-24T08:49:38.820979
2026-08-24,poniedzialek,kraków,Wrong Girls,Kino Kijów w Krakowie,20:45,,,2026-08-24T08:49:38.820979
2026-08-24,poniedzialek,kraków,Wszyscy moi wrogowie,Cinema City Kraków Bonarka,10:00,,,2026-08-24T08:49:38.820979
2026-08-24,poniedzialek,kraków,Wszyscy moi wrogowie,Cinema City Kraków Bonarka,18:40,,,2026-08-24T08:49:38.820979
2026-08-24,poniedzialek,kraków,Wszyscy moi wrogowie,Cinema City Kraków Galeria Kazimierz,11:30,,,2026-08-24T08:49:38.820979
2026-08-24,poniedzialek,kraków,Wszyscy moi wrogowie,Cinema City Kraków Galeria Kazimierz,21:20,,,2026-08-24T08:49:38.820979
2026-08-24,poniedzialek,kraków,Wszyscy moi wrogowie,Cinema City Kraków Zakopianka,15:50,,,2026-08-24T08:49:38.820979
2026-08-24,poniedzialek,kraków,Wszyscy moi wrogowie,Cinema City Kraków Zakopianka,21:10,,,2026-08-24T08:49:38.820979
2026-08-24,poniedzialek,kraków,Wszyscy moi wrogowie,Kino Kijów w Krakowie,17:45,,,2026-08-24T08:49:38.820979
2026-08-24,poniedzialek,kraków,Wszyscy moi wrogowie,Multikino Kraków,11:35,,,2026-08-24T08:49:38.820979
2026-08-24,poniedzialek,kraków,Zaproszenie,Cinema City Kraków Galeria Kazimierz,16:30,,,2026-08-24T08:49:38.820979
2026-08-24,poniedzialek,kraków,Zaproszenie,Cinema City Kraków Zakopianka,13:00,,,2026-08-24T08:49:38.820979
2026-08-24,poniedzialek,kraków,Zaproszenie,Kino Agrafka w Krakowie,16:30,,,2026-08-24T08:49:38.820979
2026-08-24,poniedzialek,kraków,Zaproszenie,Kino Mikro w Krakowie,19:00,,,2026-08-24T08:49:38.820979
2026-08-24,poniedzialek,kraków,Zaproszenie,"Kino Pod Baranami w Małopolskim Ogrodzie Sztuki, czyli Barany w MOSie",21:15,,,2026-08-24T08:49:38.820979
2026-08-24,poniedzialek,kraków,АСТРАЛ: ЗА МЕЖАМИ ПОТОЙБІЧЧЯ / Naznaczony: Wyjście z mrocznego wymiaru (ukr.),Cinema City Kraków Bonarka,18:50,,,2026-08-24T08:49:38.820979
2026-08-24,poniedzialek,kraków,АСТРАЛ: ЗА МЕЖАМИ ПОТОЙБІЧЧЯ / Naznaczony: Wyjście z mrocznego wymiaru (ukr.),Cinema City Kraków Galeria Kazimierz,15:40,,,2026-08-24T08:49:38.820979
2026-08-24,poniedzialek,kraków,АСТРАЛ: ЗА МЕЖАМИ ПОТОЙБІЧЧЯ / Naznaczony: Wyjście z mrocznego wymiaru (ukr.),Multikino Kraków,18:50,,,2026-08-24T08:49:38.820979
2026-08-24,poniedzialek,kraków,Людина-павук: Абсолютно новий день / Spider-Man. Całkiem nowy dzień (ukr.),Cinema City Kraków Bonarka,21:00,,,2026-08-24T08:49:38.820979
2026-08-24,poniedzialek,kraków,Людина-павук: Абсолютно новий день / Spider-Man. Całkiem nowy dzień (ukr.),Multikino Kraków,21:05,,,2026-08-24T08:49:38.820979
2026-08-24,poniedzialek,kraków,Посіпаки і Монстряки / Minionki i straszydła (ukr.),Cinema City Kraków Bonarka,10:20,,,2026-08-24T08:49:38.820979
2026-08-24,poniedzialek,wrocław,Adaptacje filmowe,Kino Popiół i Diament we Wrocławiu,17:00,,,2026-08-24T08:49:42.670352
2026-08-24,poniedzialek,wrocław,André Rieu. Niech żyje Maastricht!,Helios Wrocław Magnolia Park,18:00,,,2026-08-24T08:49:42.670352
2026-08-24,poniedzialek,wrocław,André Rieu. Niech żyje Maastricht!,Multikino Pasaż Grunwaldzki,16:40,,,2026-08-24T08:49:42.670352
2026-08-24,poniedzialek,wrocław,Arek.Mama.Panorama,Cinema City Wrocław Wroclavia,18:10,,,2026-08-24T08:49:42.670352
2026-08-24,poniedzialek,wrocław,Arek.Mama.Panorama,Dolnośląskie Centrum Filmowe (DCF) we Wrocławiu,12:15,,,2026-08-24T08:49:42.670352
2026-08-24,poniedzialek,wrocław,Arek.Mama.Panorama,Dolnośląskie Centrum Filmowe (DCF) we Wrocławiu,16:00,,,2026-08-24T08:49:42.670352
2026-08-24,poniedzialek,wrocław,Arek.Mama.Panorama,Kino Nowe Horyzonty we Wrocławiu,15:30,,,2026-08-24T08:49:42.670352
2026-08-24,poniedzialek,wrocław,Backrooms. Bez wyjścia,Cinema City Wrocław Wroclavia,21:30,,,2026-08-24T08:49:42.670352
2026-08-24,poniedzialek,wrocław,Bogaci i martwi,Cinema City Wrocław Korona,19:00,,,2026-08-24T08:49:42.670352
2026-08-24,poniedzialek,wrocław,Bogaci i martwi,Cinema City Wrocław Wroclavia,19:00,,,2026-08-24T08:49:42.670352
2026-08-24,poniedzialek,wrocław,Bogaci i martwi,Cinema City Wrocław Wroclavia,21:20,,,2026-08-24T08:49:42.670352
2026-08-24,poniedzialek,wrocław,Bogaci i martwi,Dolnośląskie Centrum Filmowe (DCF) we Wrocławiu,13:00,,,2026-08-24T08:49:42.670352
2026-08-24,poniedzialek,wrocław,Bogaci i martwi,Dolnośląskie Centrum Filmowe (DCF) we Wrocławiu,20:00,,,2026-08-24T08:49:42.670352
2026-08-24,poniedzialek,wrocław,Bogaci i martwi,Multikino Pasaż Grunwaldzki,21:30,,,2026-08-24T08:49:42.670352
2026-08-24,poniedzialek,wrocław,Buntownik,Cinema City Wrocław Korona,14:45,,,2026-08-24T08:49:42.670352
2026-08-24,poniedzialek,wrocław,Buntownik,Cinema City Wrocław Korona,19:30,,,2026-08-24T08:49:42.670352
2026-08-24,poniedzialek,wrocław,Buntownik,Cinema City Wrocław Korona,21:50,,,2026-08-24T08:49:42.670352
2026-08-24,poniedzialek,wrocław,Buntownik,Cinema City Wrocław Wroclavia,11:00,,,2026-08-24T08:49:42.670352
2026-08-24,poniedzialek,wrocław,Buntownik,Cinema City Wrocław Wroclavia,13:20,,,2026-08-24T08:49:42.670352
2026-08-24,poniedzialek,wrocław,Buntownik,Cinema City Wrocław Wroclavia,15:40,,,2026-08-24T08:49:42.670352
2026-08-24,poniedzialek,wrocław,Buntownik,Cinema City Wrocław Wroclavia,17:10,,,2026-08-24T08:49:42.670352
2026-08-24,poniedzialek,wrocław,Buntownik,Cinema City Wrocław Wroclavia,18:00,,,2026-08-24T08:49:42.670352
2026-08-24,poniedzialek,wrocław,Buntownik,Cinema City Wrocław Wroclavia,20:20,,,2026-08-24T08:49:42.670352
2026-08-24,poniedzialek,wrocław,Buntownik,Helios Wrocław Magnolia Park,16:20,,,2026-08-24T08:49:42.670352
2026-08-24,poniedzialek,wrocław,Buntownik,Helios Wrocław Magnolia Park,18:40,,,2026-08-24T08:49:42.670352
2026-08-24,poniedzialek,wrocław,Buntownik,Helios Wrocław Magnolia Park,21:00,,,2026-08-24T08:49:42.670352
2026-08-24,poniedzialek,wrocław,Buntownik,Multikino Pasaż Grunwaldzki,12:00,,,2026-08-24T08:49:42.670352
2026-08-24,poniedzialek,wrocław,Buntownik,Multikino Pasaż Grunwaldzki,15:25,,,2026-08-24T08:49:42.670352
2026-08-24,poniedzialek,wrocław,Buntownik,Multikino Pasaż Grunwaldzki,17:45,,,2026-08-24T08:49:42.670352
2026-08-24,poniedzialek,wrocław,Buntownik,Multikino Pasaż Grunwaldzki,20:35,,,2026-08-24T08:49:42.670352
2026-08-24,poniedzialek,wrocław,Flavia de Luce (dubbing),Cinema City Wrocław Korona,10:30,,dubbing,2026-08-24T08:49:42.670352
2026-08-24,poniedzialek,wrocław,Flavia de Luce (dubbing),Cinema City Wrocław Wroclavia,10:20,,dubbing,2026-08-24T08:49:42.670352
2026-08-24,poniedzialek,wrocław,Frances Ha,Cinema City Wrocław Wroclavia,18:50,,,2026-08-24T08:49:42.670352
2026-08-24,poniedzialek,wrocław,Frances Ha,Dolnośląskie Centrum Filmowe (DCF) we Wrocławiu,18:00,,,2026-08-24T08:49:42.670352
2026-08-24,poniedzialek,wrocław,Historie równoległe,Cinema City Wrocław Wroclavia,10:45,,,2026-08-24T08:49:42.670352
2026-08-24,poniedzialek,wrocław,Historie równoległe,Dolnośląskie Centrum Filmowe (DCF) we Wrocławiu,12:30,,,2026-08-24T08:49:42.670352
2026-08-24,poniedzialek,wrocław,Historie równoległe,Dolnośląskie Centrum Filmowe (DCF) we Wrocławiu,17:30,,,2026-08-24T08:49:42.670352
2026-08-24,poniedzialek,wrocław,Historie równoległe,Kino Nowe Horyzonty we Wrocławiu,14:00,,,2026-08-24T08:49:42.670352
2026-08-24,poniedzialek,wrocław,Historie równoległe,Kino Nowe Horyzonty we Wrocławiu,17:00,,,2026-08-24T08:49:42.670352
2026-08-24,poniedzialek,wrocław,Historie równoległe,Kino Nowe Horyzonty we Wrocławiu,20:30,,,2026-08-24T08:49:42.670352
2026-08-24,poniedzialek,wrocław,Historie równoległe,Multikino Pasaż Grunwaldzki,10:00,,,2026-08-24T08:49:42.670352
2026-08-24,poniedzialek,wrocław,Historie równoległe,Multikino Pasaż Grunwaldzki,20:00,,,2026-08-24T08:49:42.670352
2026-08-24,poniedzialek,wrocław,Ice Cream Man,Cinema City Wrocław Korona,22:30,,,2026-08-24T08:49:42.670352
2026-08-24,poniedzialek,wrocław,Ice Cream Man,Cinema City Wrocław Wroclavia,22:30,,,2026-08-24T08:49:42.670352
2026-08-24,poniedzialek,wrocław,Joanna d'Arc,Kino Nowe Horyzonty we Wrocławiu,20:00,,,2026-08-24T08:49:42.670352
2026-08-24,poniedzialek,wrocław,Kandydaci śmierci,Kino Nowe Horyzonty we Wrocławiu,12:30,,,2026-08-24T08:49:42.670352
2026-08-24,poniedzialek,wrocław,Koniec Ulicy Dębowej,Cinema City Wrocław Korona,10:00,,,2026-08-24T08:49:42.670352
2026-08-24,poniedzialek,wrocław,Koniec Ulicy Dębowej,Cinema City Wrocław Korona,12:40,,,2026-08-24T08:49:42.670352
2026-08-24,poniedzialek,wrocław,Koniec Ulicy Dębowej,Cinema City Wrocław Korona,15:15,,,2026-08-24T08:49:42.670352
2026-08-24,poniedzialek,wrocław,Koniec Ulicy Dębowej,Cinema City Wrocław Korona,20:15,,,2026-08-24T08:49:42.670352
2026-08-24,poniedzialek,wrocław,Koniec Ulicy Dębowej,Cinema City Wrocław Korona,22:00,,,2026-08-24T08:49:42.670352
2026-08-24,poniedzialek,wrocław,Koniec Ulicy Dębowej,Cinema City Wrocław Wroclavia,11:10,,,2026-08-24T08:49:42.670352
2026-08-24,poniedzialek,wrocław,Koniec Ulicy Dębowej,Cinema City Wrocław Wroclavia,13:50,,,2026-08-24T08:49:42.670352
2026-08-24,poniedzialek,wrocław,Koniec Ulicy Dębowej,Cinema City Wrocław Wroclavia,16:30,,,2026-08-24T08:49:42.670352
2026-08-24,poniedzialek,wrocław,Koniec Ulicy Dębowej,Cinema City Wrocław Wroclavia,19:00,,,2026-08-24T08:49:42.670352
2026-08-24,poniedzialek,wrocław,Koniec Ulicy Dębowej,Cinema City Wrocław Wroclavia,21:30,,,2026-08-24T08:49:42.670352
2026-08-24,poniedzialek,wrocław,Koniec Ulicy Dębowej,Helios Wrocław Magnolia Park,11:30,,,2026-08-24T08:49:42.670352
2026-08-24,poniedzialek,wrocław,Koniec Ulicy Dębowej,Helios Wrocław Magnolia Park,14:30,,,2026-08-24T08:49:42.670352
2026-08-24,poniedzialek,wrocław,Koniec Ulicy Dębowej,Helios Wrocław Magnolia Park,16:45,,,2026-08-24T08:49:42.670352
2026-08-24,poniedzialek,wrocław,Koniec Ulicy Dębowej,Kino Nowe Horyzonty we Wrocławiu,14:30,,,2026-08-24T08:49:42.670352
2026-08-24,poniedzialek,wrocław,Koniec Ulicy Dębowej,Kino Nowe Horyzonty we Wrocławiu,17:15,,,2026-08-24T08:49:42.670352
2026-08-24,poniedzialek,wrocław,Koniec Ulicy Dębowej,Kino Nowe Horyzonty we Wrocławiu,19:45,,,2026-08-24T08:49:42.670352
2026-08-24,poniedzialek,wrocław,Koniec Ulicy Dębowej,Multikino Pasaż Grunwaldzki,13:05,,,2026-08-24T08:49:42.670352
2026-08-24,poniedzialek,wrocław,Koniec Ulicy Dębowej,Multikino Pasaż Grunwaldzki,19:00,,,2026-08-24T08:49:42.670352
2026-08-24,poniedzialek,wrocław,Księga pustyni,Helios Wrocław Magnolia Park,10:40,,,2026-08-24T08:49:42.670352
2026-08-24,poniedzialek,wrocław,Księga pustyni,Helios Wrocław Magnolia Park,15:40,,,2026-08-24T08:49:42.670352
2026-08-24,poniedzialek,wrocław,Księga pustyni,Kino Nowe Horyzonty we Wrocławiu,10:30,,,2026-08-24T08:49:42.670352
2026-08-24,poniedzialek,wrocław,Księga pustyni,Kino Nowe Horyzonty we Wrocławiu,16:30,,,2026-08-24T08:49:42.670352
2026-08-24,poniedzialek,wrocław,Księga pustyni (dubbing),Cinema City Wrocław Korona,10:00,,dubbing,2026-08-24T08:49:42.670352
2026-08-24,poniedzialek,wrocław,Księga pustyni (dubbing),Cinema City Wrocław Korona,12:15,,dubbing,2026-08-24T08:49:42.670352
2026-08-24,poniedzialek,wrocław,Księga pustyni (dubbing),Cinema City Wrocław Korona,14:30,,dubbing,2026-08-24T08:49:42.670352
2026-08-24,poniedzialek,wrocław,Księga pustyni (dubbing),Cinema City Wrocław Korona,16:45,,dubbing,2026-08-24T08:49:42.670352
2026-08-24,poniedzialek,wrocław,Księga pustyni (dubbing),Cinema City Wrocław Wroclavia,10:00,,dubbing,2026-08-24T08:49:42.670352
2026-08-24,poniedzialek,wrocław,Księga pustyni (dubbing),Cinema City Wrocław Wroclavia,11:00,,dubbing,2026-08-24T08:49:42.670352
2026-08-24,poniedzialek,wrocław,Księga pustyni (dubbing),Cinema City Wrocław Wroclavia,12:10,,dubbing,2026-08-24T08:49:42.670352
2026-08-24,poniedzialek,wrocław,Księga pustyni (dubbing),Cinema City Wrocław Wroclavia,14:30,,dubbing,2026-08-24T08:49:42.670352
2026-08-24,poniedzialek,wrocław,Księga pustyni (dubbing),Cinema City Wrocław Wroclavia,16:50,,dubbing,2026-08-24T08:49:42.670352
2026-08-24,poniedzialek,wrocław,Księga pustyni (dubbing),Multikino Pasaż Grunwaldzki,10:00,,dubbing,2026-08-24T08:49:42.670352
2026-08-24,poniedzialek,wrocław,Księga pustyni (dubbing),Multikino Pasaż Grunwaldzki,12:50,,dubbing,2026-08-24T08:49:42.670352
2026-08-24,poniedzialek,wrocław,Księga pustyni (dubbing),Multikino Pasaż Grunwaldzki,15:05,,dubbing,2026-08-24T08:49:42.670352
2026-08-24,poniedzialek,wrocław,Księga pustyni (dubbing),Multikino Pasaż Grunwaldzki,18:35,,dubbing,2026-08-24T08:49:42.670352
2026-08-24,poniedzialek,wrocław,Lisica,Kino Nowe Horyzonty we Wrocławiu,18:00,,,2026-08-24T08:49:42.670352
2026-08-24,poniedzialek,wrocław,Minionki i straszydła (dubbing),Cinema City Wrocław Korona,10:00,,dubbing,2026-08-24T08:49:42.670352
2026-08-24,poniedzialek,wrocław,Minionki i straszydła (dubbing),Cinema City Wrocław Korona,11:50,,dubbing,2026-08-24T08:49:42.670352
2026-08-24,poniedzialek,wrocław,Minionki i straszydła (dubbing),Cinema City Wrocław Korona,14:00,,dubbing,2026-08-24T08:49:42.670352
2026-08-24,poniedzialek,wrocław,Minionki i straszydła (dubbing),Cinema City Wrocław Wroclavia,10:10,,dubbing,2026-08-24T08:49:42.670352
2026-08-24,poniedzialek,wrocław,Minionki i straszydła (dubbing),Cinema City Wrocław Wroclavia,13:10,,dubbing,2026-08-24T08:49:42.670352
2026-08-24,poniedzialek,wrocław,Minionki i straszydła (dubbing),Cinema City Wrocław Wroclavia,15:30,,dubbing,2026-08-24T08:49:42.670352
2026-08-24,poniedzialek,wrocław,Minionki i straszydła (dubbing),Helios Wrocław Magnolia Park,10:20,,dubbing,2026-08-24T08:49:42.670352
2026-08-24,poniedzialek,wrocław,Minionki i straszydła (dubbing),Kino Nowe Horyzonty we Wrocławiu,12:10,,dubbing,2026-08-24T08:49:42.670352
2026-08-24,poniedzialek,wrocław,Minionki i straszydła (dubbing),Multikino Pasaż Grunwaldzki,10:00,,dubbing,2026-08-24T08:49:42.670352
2026-08-24,poniedzialek,wrocław,Młody Picasso,Kino Nowe Horyzonty we Wrocławiu,17:15,,,2026-08-24T08:49:42.670352
2026-08-24,poniedzialek,wrocław,Naznaczony: Wyjście z mrocznego wymiaru,Cinema City Wrocław Korona,17:00,,,2026-08-24T08:49:42.670352
2026-08-24,poniedzialek,wrocław,Naznaczony: Wyjście z mrocznego wymiaru,Cinema City Wrocław Korona,20:00,,,2026-08-24T08:49:42.670352
2026-08-24,poniedzialek,wrocław,Naznaczony: Wyjście z mrocznego wymiaru,Cinema City Wrocław Korona,22:30,,,2026-08-24T08:49:42.670352
2026-08-24,poniedzialek,wrocław,Naznaczony: Wyjście z mrocznego wymiaru,Cinema City Wrocław Wroclavia,12:30,,,2026-08-24T08:49:42.670352
2026-08-24,poniedzialek,wrocław,Naznaczony: Wyjście z mrocznego wymiaru,Cinema City Wrocław Wroclavia,15:00,,,2026-08-24T08:49:42.670352
2026-08-24,poniedzialek,wrocław,Naznaczony: Wyjście z mrocznego wymiaru,Cinema City Wrocław Wroclavia,17:30,,,2026-08-24T08:49:42.670352
2026-08-24,poniedzialek,wrocław,Naznaczony: Wyjście z mrocznego wymiaru,Cinema City Wrocław Wroclavia,19:10,,,2026-08-24T08:49:42.670352
2026-08-24,poniedzialek,wrocław,Naznaczony: Wyjście z mrocznego wymiaru,Cinema City Wrocław Wroclavia,19:30,,,2026-08-24T08:49:42.670352
2026-08-24,poniedzialek,wrocław,Naznaczony: Wyjście z mrocznego wymiaru,Cinema City Wrocław Wroclavia,20:00,,,2026-08-24T08:49:42.670352
2026-08-24,poniedzialek,wrocław,Naznaczony: Wyjście z mrocznego wymiaru,Cinema City Wrocław Wroclavia,22:00,,,2026-08-24T08:49:42.670352
2026-08-24,poniedzialek,wrocław,Naznaczony: Wyjście z mrocznego wymiaru,Cinema City Wrocław Wroclavia,22:30,,,2026-08-24T08:49:42.670352
2026-08-24,poniedzialek,wrocław,Naznaczony: Wyjście z mrocznego wymiaru,Helios Wrocław Magnolia Park,13:50,,,2026-08-24T08:49:42.670352
2026-08-24,poniedzialek,wrocław,Naznaczony: Wyjście z mrocznego wymiaru,Helios Wrocław Magnolia Park,17:15,,,2026-08-24T08:49:42.670352
2026-08-24,poniedzialek,wrocław,Naznaczony: Wyjście z mrocznego wymiaru,Helios Wrocław Magnolia Park,19:00,,,2026-08-24T08:49:42.670352
2026-08-24,poniedzialek,wrocław,Naznaczony: Wyjście z mrocznego wymiaru,Multikino Pasaż Grunwaldzki,12:10,,,2026-08-24T08:49:42.670352
2026-08-24,poniedzialek,wrocław,Naznaczony: Wyjście z mrocznego wymiaru,Multikino Pasaż Grunwaldzki,15:35,,,2026-08-24T08:49:42.670352
2026-08-24,poniedzialek,wrocław,Naznaczony: Wyjście z mrocznego wymiaru,Multikino Pasaż Grunwaldzki,18:05,,,2026-08-24T08:49:42.670352
2026-08-24,poniedzialek,wrocław,Naznaczony: Wyjście z mrocznego wymiaru,Multikino Pasaż Grunwaldzki,20:50,,,2026-08-24T08:49:42.670352
2026-08-24,poniedzialek,wrocław,Nowa fala,Dolnośląskie Centrum Filmowe (DCF) we Wrocławiu,15:15,,,2026-08-24T08:49:42.670352
2026-08-24,poniedzialek,wrocław,Nowa fala,Dolnośląskie Centrum Filmowe (DCF) we Wrocławiu,20:15,,,2026-08-24T08:49:42.670352
2026-08-24,poniedzialek,wrocław,Nowa fala,Kino Nowe Horyzonty we Wrocławiu,19:15,,,2026-08-24T08:49:42.670352
2026-08-24,poniedzialek,wrocław,O czym wie Marielle,Dolnośląskie Centrum Filmowe (DCF) we Wrocławiu,14:00,,,2026-08-24T08:49:42.670352
2026-08-24,poniedzialek,wrocław,O czym wie Marielle,Dolnośląskie Centrum Filmowe (DCF) we Wrocławiu,20:15,,,2026-08-24T08:49:42.670352
2026-08-24,poniedzialek,wrocław,Obsesja,Cinema City Wrocław Korona,22:30,,,2026-08-24T08:49:42.670352
2026-08-24,poniedzialek,wrocław,Obsesja,Cinema City Wrocław Wroclavia,21:10,,,2026-08-24T08:49:42.670352
2026-08-24,poniedzialek,wrocław,Obsesja,Multikino Pasaż Grunwaldzki,21:30,,,2026-08-24T08:49:42.670352
2026-08-24,poniedzialek,wrocław,Odyseja,Cinema City Wrocław Korona,16:20,,,2026-08-24T08:49:42.670352
2026-08-24,poniedzialek,wrocław,Odyseja,Cinema City Wrocław Korona,20:10,,,2026-08-24T08:49:42.670352
2026-08-24,poniedzialek,wrocław,Odyseja,Cinema City Wrocław Wroclavia,11:20,,,2026-08-24T08:49:42.670352
2026-08-24,poniedzialek,wrocław,Odyseja,Cinema City Wrocław Wroclavia,12:20,,,2026-08-24T08:49:42.670352
2026-08-24,poniedzialek,wrocław,Odyseja,Cinema City Wrocław Wroclavia,15:30,,,2026-08-24T08:49:42.670352
2026-08-24,poniedzialek,wrocław,Odyseja,Cinema City Wrocław Wroclavia,19:10,,,2026-08-24T08:49:42.670352
2026-08-24,poniedzialek,wrocław,Odyseja,Cinema City Wrocław Wroclavia,20:20,,,2026-08-24T08:49:42.670352
2026-08-24,poniedzialek,wrocław,Odyseja,Cinema City Wrocław Wroclavia IMAX,10:40,,,2026-08-24T08:49:42.670352
2026-08-24,poniedzialek,wrocław,Odyseja,Cinema City Wrocław Wroclavia IMAX,14:20,,,2026-08-24T08:49:42.670352
2026-08-24,poniedzialek,wrocław,Odyseja,Cinema City Wrocław Wroclavia IMAX,20:40,,,2026-08-24T08:49:42.670352
2026-08-24,poniedzialek,wrocław,Odyseja,Dolnośląskie Centrum Filmowe (DCF) we Wrocławiu,14:15,,,2026-08-24T08:49:42.670352
2026-08-24,poniedzialek,wrocław,Odyseja,Helios Wrocław Magnolia Park,10:50,,,2026-08-24T08:49:42.670352
2026-08-24,poniedzialek,wrocław,Odyseja,Helios Wrocław Magnolia Park,14:00,,,2026-08-24T08:49:42.670352
2026-08-24,poniedzialek,wrocław,Odyseja,Helios Wrocław Magnolia Park,16:30,,,2026-08-24T08:49:42.670352
2026-08-24,poniedzialek,wrocław,Odyseja,Helios Wrocław Magnolia Park,20:15,,,2026-08-24T08:49:42.670352
2026-08-24,poniedzialek,wrocław,Odyseja,Kino Nowe Horyzonty we Wrocławiu,11:45,,,2026-08-24T08:49:42.670352
2026-08-24,poniedzialek,wrocław,Odyseja,Kino Nowe Horyzonty we Wrocławiu,15:30,,,2026-08-24T08:49:42.670352
2026-08-24,poniedzialek,wrocław,Odyseja,Kino Nowe Horyzonty we Wrocławiu,19:00,,,2026-08-24T08:49:42.670352
2026-08-24,poniedzialek,wrocław,Odyseja,Multikino Pasaż Grunwaldzki,14:25,,,2026-08-24T08:49:42.670352
2026-08-24,poniedzialek,wrocław,Odyseja,Multikino Pasaż Grunwaldzki,19:00,,,2026-08-24T08:49:42.670352
2026-08-24,poniedzialek,wrocław,Odyseja / Одіссея (ukr.),Cinema City Wrocław Wroclavia,19:50,,,2026-08-24T08:49:42.670352
2026-08-24,poniedzialek,wrocław,Odyseja / Одіссея (ukr.),Multikino Pasaż Grunwaldzki,13:00,,,2026-08-24T08:49:42.670352
2026-08-24,poniedzialek,wrocław,Odyseja / Одіссея (ukr.),Multikino Pasaż Grunwaldzki,20:25,,,2026-08-24T08:49:42.670352
2026-08-24,poniedzialek,wrocław,Odzyskany,Cinema City Wrocław Wroclavia,10:30,,,2026-08-24T08:49:42.670352
2026-08-24,poniedzialek,wrocław,Odzyskany,Cinema City Wrocław Wroclavia,12:45,,,2026-08-24T08:49:42.670352
2026-08-24,poniedzialek,wrocław,Ojczyzna,Kino Nowe Horyzonty we Wrocławiu,18:40,,,2026-08-24T08:49:42.670352
2026-08-24,poniedzialek,wrocław,Pejzaż w kolorze sepii,Kino Nowe Horyzonty we Wrocławiu,13:30,,,2026-08-24T08:49:42.670352
2026-08-24,poniedzialek,wrocław,Pociąg Czerwona Ruta,Kino Nowe Horyzonty we Wrocławiu,21:30,,,2026-08-24T08:49:42.670352
2026-08-24,poniedzialek,wrocław,Psi Patrol i dinozaury,Helios Wrocław Magnolia Park,10:30,,,2026-08-24T08:49:42.670352
2026-08-24,poniedzialek,wrocław,Psi Patrol i dinozaury,Helios Wrocław Magnolia Park,14:20,,,2026-08-24T08:49:42.670352
2026-08-24,poniedzialek,wrocław,Psi Patrol i dinozaury,Kino Nowe Horyzonty we Wrocławiu,10:45,,,2026-08-24T08:49:42.670352
2026-08-24,poniedzialek,wrocław,Psi Patrol i dinozaury,Kino Nowe Horyzonty we Wrocławiu,12:45,,,2026-08-24T08:49:42.670352
2026-08-24,poniedzialek,wrocław,Psi Patrol i dinozaury,Kino Nowe Horyzonty we Wrocławiu,16:15,,,2026-08-24T08:49:42.670352
2026-08-24,poniedzialek,wrocław,Psi Patrol i dinozaury (dubbing),Cinema City Wrocław Korona,10:10,,dubbing,2026-08-24T08:49:42.670352
2026-08-24,poniedzialek,wrocław,Psi Patrol i dinozaury (dubbing),Cinema City Wrocław Korona,11:30,,dubbing,2026-08-24T08:49:42.670352
2026-08-24,poniedzialek,wrocław,Psi Patrol i dinozaury (dubbing),Cinema City Wrocław Korona,13:40,,dubbing,2026-08-24T08:49:42.670352
2026-08-24,poniedzialek,wrocław,Psi Patrol i dinozaury (dubbing),Cinema City Wrocław Korona,15:50,,dubbing,2026-08-24T08:49:42.670352
2026-08-24,poniedzialek,wrocław,Psi Patrol i dinozaury (dubbing),Cinema City Wrocław Korona,18:00,,dubbing,2026-08-24T08:49:42.670352
2026-08-24,poniedzialek,wrocław,Psi Patrol i dinozaury (dubbing),Cinema City Wrocław Wroclavia,11:30,,dubbing,2026-08-24T08:49:42.670352
2026-08-24,poniedzialek,wrocław,Psi Patrol i dinozaury (dubbing),Cinema City Wrocław Wroclavia,13:50,,dubbing,2026-08-24T08:49:42.670352
2026-08-24,poniedzialek,wrocław,Psi Patrol i dinozaury (dubbing),Cinema City Wrocław Wroclavia,16:00,,dubbing,2026-08-24T08:49:42.670352
2026-08-24,poniedzialek,wrocław,Psi Patrol i dinozaury (dubbing),Multikino Pasaż Grunwaldzki,10:00,,dubbing,2026-08-24T08:49:42.670352
2026-08-24,poniedzialek,wrocław,Psi Patrol i dinozaury (dubbing),Multikino Pasaż Grunwaldzki,14:30,,dubbing,2026-08-24T08:49:42.670352
2026-08-24,poniedzialek,wrocław,Psi Patrol i dinozaury (dubbing),Multikino Pasaż Grunwaldzki,16:45,,dubbing,2026-08-24T08:49:42.670352
2026-08-24,poniedzialek,wrocław,Pucio kocha zwierzaki,Cinema City Wrocław Korona,10:20,,,2026-08-24T08:49:42.670352
2026-08-24,poniedzialek,wrocław,Pucio kocha zwierzaki,Cinema City Wrocław Korona,12:00,,,2026-08-24T08:49:42.670352
2026-08-24,poniedzialek,wrocław,Pucio kocha zwierzaki,Cinema City Wrocław Korona,13:30,,,2026-08-24T08:49:42.670352
2026-08-24,poniedzialek,wrocław,Pucio kocha zwierzaki,Cinema City Wrocław Korona,15:00,,,2026-08-24T08:49:42.670352
2026-08-24,poniedzialek,wrocław,Pucio kocha zwierzaki,Cinema City Wrocław Wroclavia,10:20,,,2026-08-24T08:49:42.670352
2026-08-24,poniedzialek,wrocław,Pucio kocha zwierzaki,Cinema City Wrocław Wroclavia,11:20,,,2026-08-24T08:49:42.670352
2026-08-24,poniedzialek,wrocław,Pucio kocha zwierzaki,Cinema City Wrocław Wroclavia,12:50,,,2026-08-24T08:49:42.670352
2026-08-24,poniedzialek,wrocław,Pucio kocha zwierzaki,Cinema City Wrocław Wroclavia,14:20,,,2026-08-24T08:49:42.670352
2026-08-24,poniedzialek,wrocław,Pucio kocha zwierzaki,Cinema City Wrocław Wroclavia,15:50,,,2026-08-24T08:49:42.670352
2026-08-24,poniedzialek,wrocław,Pucio kocha zwierzaki,Cinema City Wrocław Wroclavia,17:20,,,2026-08-24T08:49:42.670352
2026-08-24,poniedzialek,wrocław,Pucio kocha zwierzaki,Helios Wrocław Magnolia Park,10:20,,,2026-08-24T08:49:42.670352
2026-08-24,poniedzialek,wrocław,Pucio kocha zwierzaki,Helios Wrocław Magnolia Park,12:45,,,2026-08-24T08:49:42.670352
2026-08-24,poniedzialek,wrocław,Pucio kocha zwierzaki,Helios Wrocław Magnolia Park,13:40,,,2026-08-24T08:49:42.670352
2026-08-24,poniedzialek,wrocław,Pucio kocha zwierzaki,Helios Wrocław Magnolia Park,15:50,,,2026-08-24T08:49:42.670352
2026-08-24,poniedzialek,wrocław,Pucio kocha zwierzaki,Kino Nowe Horyzonty we Wrocławiu,11:00,,,2026-08-24T08:49:42.670352
2026-08-24,poniedzialek,wrocław,Pucio kocha zwierzaki,Kino Nowe Horyzonty we Wrocławiu,12:15,,,2026-08-24T08:49:42.670352
2026-08-24,poniedzialek,wrocław,Pucio kocha zwierzaki,Kino Nowe Horyzonty we Wrocławiu,14:45,,,2026-08-24T08:49:42.670352
2026-08-24,poniedzialek,wrocław,Pucio kocha zwierzaki,Kino Nowe Horyzonty we Wrocławiu,16:00,,,2026-08-24T08:49:42.670352
2026-08-24,poniedzialek,wrocław,Pucio kocha zwierzaki,Kino Nowe Horyzonty we Wrocławiu,17:30,,,2026-08-24T08:49:42.670352
2026-08-24,poniedzialek,wrocław,Pucio kocha zwierzaki,Multikino Pasaż Grunwaldzki,10:35,,,2026-08-24T08:49:42.670352
2026-08-24,poniedzialek,wrocław,Pucio kocha zwierzaki,Multikino Pasaż Grunwaldzki,11:45,,,2026-08-24T08:49:42.670352
2026-08-24,poniedzialek,wrocław,Pucio kocha zwierzaki,Multikino Pasaż Grunwaldzki,14:10,,,2026-08-24T08:49:42.670352
2026-08-24,poniedzialek,wrocław,Pucio kocha zwierzaki,Multikino Pasaż Grunwaldzki,17:20,,,2026-08-24T08:49:42.670352
2026-08-24,poniedzialek,wrocław,Shrek (dubbing),Cinema City Wrocław Korona,16:30,,dubbing,2026-08-24T08:49:42.670352
2026-08-24,poniedzialek,wrocław,Shrek (dubbing),Cinema City Wrocław Wroclavia,14:40,,dubbing,2026-08-24T08:49:42.670352
2026-08-24,poniedzialek,wrocław,Shrek (dubbing),Cinema City Wrocław Wroclavia,15:00,,dubbing,2026-08-24T08:49:42.670352
2026-08-24,poniedzialek,wrocław,Shrek (dubbing),Cinema City Wrocław Wroclavia,16:00,,dubbing,2026-08-24T08:49:42.670352
2026-08-24,poniedzialek,wrocław,Shrek (dubbing),Cinema City Wrocław Wroclavia,17:00,,dubbing,2026-08-24T08:49:42.670352
2026-08-24,poniedzialek,wrocław,Shrek (dubbing),Cinema City Wrocław Wroclavia,18:10,,dubbing,2026-08-24T08:49:42.670352
2026-08-24,poniedzialek,wrocław,Shrek (dubbing),Multikino Pasaż Grunwaldzki,17:00,,dubbing,2026-08-24T08:49:42.670352
2026-08-24,poniedzialek,wrocław,Sny o słoniach,Kino Nowe Horyzonty we Wrocławiu,11:30,,,2026-08-24T08:49:42.670352
2026-08-24,poniedzialek,wrocław,Sny o słoniach,Kino Nowe Horyzonty we Wrocławiu,12:00,,,2026-08-24T08:49:42.670352
2026-08-24,poniedzialek,wrocław,Spider-Man. Całkiem nowy dzień,Cinema City Wrocław Korona,13:30,,,2026-08-24T08:49:42.670352
2026-08-24,poniedzialek,wrocław,Spider-Man. Całkiem nowy dzień,Cinema City Wrocław Korona,16:30,,,2026-08-24T08:49:42.670352
2026-08-24,poniedzialek,wrocław,Spider-Man. Całkiem nowy dzień,Cinema City Wrocław Korona,18:50,,,2026-08-24T08:49:42.670352
2026-08-24,poniedzialek,wrocław,Spider-Man. Całkiem nowy dzień,Cinema City Wrocław Korona,19:30,,,2026-08-24T08:49:42.670352
2026-08-24,poniedzialek,wrocław,Spider-Man. Całkiem nowy dzień,Cinema City Wrocław Wroclavia,10:30,,,2026-08-24T08:49:42.670352
2026-08-24,poniedzialek,wrocław,Spider-Man. Całkiem nowy dzień,Cinema City Wrocław Wroclavia,13:40,,,2026-08-24T08:49:42.670352
2026-08-24,poniedzialek,wrocław,Spider-Man. Całkiem nowy dzień,Cinema City Wrocław Wroclavia,16:50,,,2026-08-24T08:49:42.670352
2026-08-24,poniedzialek,wrocław,Spider-Man. Całkiem nowy dzień,Cinema City Wrocław Wroclavia,20:00,,,2026-08-24T08:49:42.670352
2026-08-24,poniedzialek,wrocław,Spider-Man. Całkiem nowy dzień,Cinema City Wrocław Wroclavia,21:10,,,2026-08-24T08:49:42.670352
2026-08-24,poniedzialek,wrocław,Spider-Man. Całkiem nowy dzień,Cinema City Wrocław Wroclavia,21:20,,,2026-08-24T08:49:42.670352
2026-08-24,poniedzialek,wrocław,Spider-Man. Całkiem nowy dzień,Helios Wrocław Magnolia Park,10:50,,,2026-08-24T08:49:42.670352
2026-08-24,poniedzialek,wrocław,Spider-Man. Całkiem nowy dzień,Helios Wrocław Magnolia Park,15:00,,,2026-08-24T08:49:42.670352
2026-08-24,poniedzialek,wrocław,Spider-Man. Całkiem nowy dzień,Helios Wrocław Magnolia Park,17:30,,,2026-08-24T08:49:42.670352
2026-08-24,poniedzialek,wrocław,Spider-Man. Całkiem nowy dzień,Helios Wrocław Magnolia Park,18:15,,,2026-08-24T08:49:42.670352
2026-08-24,poniedzialek,wrocław,Spider-Man. Całkiem nowy dzień,Helios Wrocław Magnolia Park,20:45,,,2026-08-24T08:49:42.670352
2026-08-24,poniedzialek,wrocław,Spider-Man. Całkiem nowy dzień,Helios Wrocław Magnolia Park,21:20,,,2026-08-24T08:49:42.670352
2026-08-24,poniedzialek,wrocław,Spider-Man. Całkiem nowy dzień,Kino Nowe Horyzonty we Wrocławiu,15:00,,,2026-08-24T08:49:42.670352
2026-08-24,poniedzialek,wrocław,Spider-Man. Całkiem nowy dzień,Multikino Pasaż Grunwaldzki,13:15,,,2026-08-24T08:49:42.670352
2026-08-24,poniedzialek,wrocław,Spider-Man. Całkiem nowy dzień,Multikino Pasaż Grunwaldzki,16:30,,,2026-08-24T08:49:42.670352
2026-08-24,poniedzialek,wrocław,Spider-Man. Całkiem nowy dzień,Multikino Pasaż Grunwaldzki,19:45,,,2026-08-24T08:49:42.670352
2026-08-24,poniedzialek,wrocław,Spider-Man. Całkiem nowy dzień,Multikino Pasaż Grunwaldzki,21:00,,,2026-08-24T08:49:42.670352
2026-08-24,poniedzialek,wrocław,Spider-Man. Całkiem nowy dzień (dubbing),Cinema City Wrocław Korona,10:30,,dubbing,2026-08-24T08:49:42.670352
2026-08-24,poniedzialek,wrocław,Spider-Man. Całkiem nowy dzień (dubbing),Cinema City Wrocław Korona,12:30,,dubbing,2026-08-24T08:49:42.670352
2026-08-24,poniedzialek,wrocław,Spider-Man. Całkiem nowy dzień (dubbing),Cinema City Wrocław Korona,15:40,,dubbing,2026-08-24T08:49:42.670352
2026-08-24,poniedzialek,wrocław,Spider-Man. Całkiem nowy dzień (dubbing),Cinema City Wrocław Korona,16:10,,dubbing,2026-08-24T08:49:42.670352
2026-08-24,poniedzialek,wrocław,Spider-Man. Całkiem nowy dzień (dubbing),Cinema City Wrocław Korona,19:20,,dubbing,2026-08-24T08:49:42.670352
2026-08-24,poniedzialek,wrocław,Spider-Man. Całkiem nowy dzień (dubbing),Cinema City Wrocław Wroclavia,10:10,,dubbing,2026-08-24T08:49:42.670352
2026-08-24,poniedzialek,wrocław,Spider-Man. Całkiem nowy dzień (dubbing),Cinema City Wrocław Wroclavia,11:50,,dubbing,2026-08-24T08:49:42.670352
2026-08-24,poniedzialek,wrocław,Spider-Man. Całkiem nowy dzień (dubbing),Cinema City Wrocław Wroclavia,12:30,,dubbing,2026-08-24T08:49:42.670352
2026-08-24,poniedzialek,wrocław,Spider-Man. Całkiem nowy dzień (dubbing),Cinema City Wrocław Wroclavia,15:00,,dubbing,2026-08-24T08:49:42.670352
2026-08-24,poniedzialek,wrocław,Spider-Man. Całkiem nowy dzień (dubbing),Cinema City Wrocław Wroclavia,15:50,,dubbing,2026-08-24T08:49:42.670352
2026-08-24,poniedzialek,wrocław,Spider-Man. Całkiem nowy dzień (dubbing),Cinema City Wrocław Wroclavia,18:10,,dubbing,2026-08-24T08:49:42.670352
2026-08-24,poniedzialek,wrocław,Spider-Man. Całkiem nowy dzień (dubbing),Multikino Pasaż Grunwaldzki,10:00,,dubbing,2026-08-24T08:49:42.670352
2026-08-24,poniedzialek,wrocław,Spider-Man. Całkiem nowy dzień (dubbing),Multikino Pasaż Grunwaldzki,14:30,,dubbing,2026-08-24T08:49:42.670352
2026-08-24,poniedzialek,wrocław,Spider-Man. Całkiem nowy dzień (dubbing),Multikino Pasaż Grunwaldzki,17:45,,dubbing,2026-08-24T08:49:42.670352
2026-08-24,poniedzialek,wrocław,Spider-Man. Całkiem nowy dzień 3D,Cinema City Wrocław Wroclavia,18:00,3D,,2026-08-24T08:49:42.670352
2026-08-24,poniedzialek,wrocław,Spider-Man. Całkiem nowy dzień 3D,Cinema City Wrocław Wroclavia,21:40,3D,,2026-08-24T08:49:42.670352
2026-08-24,poniedzialek,wrocław,Spider-Man. Całkiem nowy dzień 3D (dubbing),Cinema City Wrocław Wroclavia,11:30,3D,dubbing,2026-08-24T08:49:42.670352
2026-08-24,poniedzialek,wrocław,Spider-Man. Całkiem nowy dzień 3D (dubbing),Cinema City Wrocław Wroclavia,14:50,3D,dubbing,2026-08-24T08:49:42.670352
2026-08-24,poniedzialek,wrocław,Spider-Man. Całkiem nowy dzień 3D (dubbing),Multikino Pasaż Grunwaldzki,11:20,3D,dubbing,2026-08-24T08:49:42.670352
2026-08-24,poniedzialek,wrocław,Śmiertelnie proste,Kino Nowe Horyzonty we Wrocławiu,20:15,,,2026-08-24T08:49:42.670352
2026-08-24,poniedzialek,wrocław,The Room,Dolnośląskie Centrum Filmowe (DCF) we Wrocławiu,20:00,,,2026-08-24T08:49:42.670352
2026-08-24,poniedzialek,wrocław,Toy Story 5 (dubbing),Cinema City Wrocław Korona,12:20,,dubbing,2026-08-24T08:49:42.670352
2026-08-24,poniedzialek,wrocław,Toy Story 5 (dubbing),Cinema City Wrocław Wroclavia,13:00,,dubbing,2026-08-24T08:49:42.670352
2026-08-24,poniedzialek,wrocław,Toy Story 5 (dubbing),Cinema City Wrocław Wroclavia,15:30,,dubbing,2026-08-24T08:49:42.670352
2026-08-24,poniedzialek,wrocław,Toy Story 5 (dubbing),Helios Wrocław Magnolia Park,11:45,,dubbing,2026-08-24T08:49:42.670352
2026-08-24,poniedzialek,wrocław,Toy Story 5 (dubbing),Multikino Pasaż Grunwaldzki,10:25,,dubbing,2026-08-24T08:49:42.670352
2026-08-24,poniedzialek,wrocław,Toy Story 5 (dubbing),Multikino Pasaż Grunwaldzki,11:00,,dubbing,2026-08-24T08:49:42.670352
2026-08-24,poniedzialek,wrocław,Tylko jedna noc,Cinema City Wrocław Korona,13:50,,,2026-08-24T08:49:42.670352
2026-08-24,poniedzialek,wrocław,Tylko jedna noc,Cinema City Wrocław Wroclavia,18:20,,,2026-08-24T08:49:42.670352
2026-08-24,poniedzialek,wrocław,Tylko jedna noc,Cinema City Wrocław Wroclavia,20:50,,,2026-08-24T08:49:42.670352
2026-08-24,poniedzialek,wrocław,Tylko jedna noc,Helios Wrocław Magnolia Park,13:10,,,2026-08-24T08:49:42.670352
2026-08-24,poniedzialek,wrocław,Tylko jedna noc,Kino Nowe Horyzonty we Wrocławiu,13:45,,,2026-08-24T08:49:42.670352
2026-08-24,poniedzialek,wrocław,Tylko jedna noc,Kino Nowe Horyzonty we Wrocławiu,18:15,,,2026-08-24T08:49:42.670352
2026-08-24,poniedzialek,wrocław,Tylko jedna noc,Kino Nowe Horyzonty we Wrocławiu,20:45,,,2026-08-24T08:49:42.670352
2026-08-24,poniedzialek,wrocław,Tylko jedna noc,Multikino Pasaż Grunwaldzki,12:05,,,2026-08-24T08:49:42.670352
2026-08-24,poniedzialek,wrocław,Vaiana (dubbing),Cinema City Wrocław Korona,11:00,,dubbing,2026-08-24T08:49:42.670352
2026-08-24,poniedzialek,wrocław,Vaiana (dubbing),Cinema City Wrocław Wroclavia,10:20,,dubbing,2026-08-24T08:49:42.670352
2026-08-24,poniedzialek,wrocław,Vaiana (dubbing),Cinema City Wrocław Wroclavia,12:55,,dubbing,2026-08-24T08:49:42.670352
2026-08-24,poniedzialek,wrocław,Vaiana (dubbing),Cinema City Wrocław Wroclavia,13:50,,dubbing,2026-08-24T08:49:42.670352
2026-08-24,poniedzialek,wrocław,Vivaldi i ja,Cinema City Wrocław Korona,17:50,,,2026-08-24T08:49:42.670352
2026-08-24,poniedzialek,wrocław,Vivaldi i ja,Cinema City Wrocław Wroclavia,13:20,,,2026-08-24T08:49:42.670352
2026-08-24,poniedzialek,wrocław,Vivaldi i ja,Cinema City Wrocław Wroclavia,20:00,,,2026-08-24T08:49:42.670352
2026-08-24,poniedzialek,wrocław,Vivaldi i ja,Dolnośląskie Centrum Filmowe (DCF) we Wrocławiu,12:00,,,2026-08-24T08:49:42.670352
2026-08-24,poniedzialek,wrocław,Vivaldi i ja,Dolnośląskie Centrum Filmowe (DCF) we Wrocławiu,17:30,,,2026-08-24T08:49:42.670352
2026-08-24,poniedzialek,wrocław,Vivaldi i ja,Kino Nowe Horyzonty we Wrocławiu,17:30,,,2026-08-24T08:49:42.670352
2026-08-24,poniedzialek,wrocław,Wrong Girls,Cinema City Wrocław Korona,18:40,,,2026-08-24T08:49:42.670352
2026-08-24,poniedzialek,wrocław,Wrong Girls,Cinema City Wrocław Korona,21:00,,,2026-08-24T08:49:42.670352
2026-08-24,poniedzialek,wrocław,Wrong Girls,Cinema City Wrocław Wroclavia,10:40,,,2026-08-24T08:49:42.670352
2026-08-24,poniedzialek,wrocław,Wrong Girls,Cinema City Wrocław Wroclavia,18:00,,,2026-08-24T08:49:42.670352
2026-08-24,poniedzialek,wrocław,Wrong Girls,Cinema City Wrocław Wroclavia,20:20,,,2026-08-24T08:49:42.670352
2026-08-24,poniedzialek,wrocław,Wszyscy moi wrogowie,Cinema City Wrocław Korona,21:30,,,2026-08-24T08:49:42.670352
2026-08-24,poniedzialek,wrocław,Wszyscy moi wrogowie,Cinema City Wrocław Wroclavia,17:40,,,2026-08-24T08:49:42.670352
2026-08-24,poniedzialek,wrocław,Wszyscy moi wrogowie,Dolnośląskie Centrum Filmowe (DCF) we Wrocławiu,15:15,,,2026-08-24T08:49:42.670352
2026-08-24,poniedzialek,wrocław,Wszyscy moi wrogowie,Helios Wrocław Magnolia Park,12:50,,,2026-08-24T08:49:42.670352
2026-08-24,poniedzialek,wrocław,Wszyscy moi wrogowie,Kino Nowe Horyzonty we Wrocławiu,18:30,,,2026-08-24T08:49:42.670352
2026-08-24,poniedzialek,wrocław,Wszyscy moi wrogowie,Kino Nowe Horyzonty we Wrocławiu,21:15,,,2026-08-24T08:49:42.670352
2026-08-24,poniedzialek,wrocław,Zaproszenie,Cinema City Wrocław Wroclavia,20:30,,,2026-08-24T08:49:42.670352
2026-08-24,poniedzialek,wrocław,Zaproszenie,Dolnośląskie Centrum Filmowe (DCF) we Wrocławiu,17:45,,,2026-08-24T08:49:42.670352
2026-08-24,poniedzialek,wrocław,Zaproszenie,Kino Nowe Horyzonty we Wrocławiu,13:00,,,2026-08-24T08:49:42.670352
2026-08-24,poniedzialek,wrocław,Zaproszenie,Kino Nowe Horyzonty we Wrocławiu,15:15,,,2026-08-24T08:49:42.670352
2026-08-24,poniedzialek,wrocław,Zaproszenie,Kino Nowe Horyzonty we Wrocławiu,20:00,,,2026-08-24T08:49:42.670352
2026-08-24,poniedzialek,wrocław,АСТРАЛ: ЗА МЕЖАМИ ПОТОЙБІЧЧЯ / Naznaczony: Wyjście z mrocznego wymiaru (ukr.),Cinema City Wrocław Wroclavia,15:45,,,2026-08-24T08:49:42.670352
2026-08-24,poniedzialek,wrocław,АСТРАЛ: ЗА МЕЖАМИ ПОТОЙБІЧЧЯ / Naznaczony: Wyjście z mrocznego wymiaru (ukr.),Multikino Pasaż Grunwaldzki,14:35,,,2026-08-24T08:49:42.670352
2026-08-24,poniedzialek,wrocław,АСТРАЛ: ЗА МЕЖАМИ ПОТОЙБІЧЧЯ / Naznaczony: Wyjście z mrocznego wymiaru (ukr.),Multikino Pasaż Grunwaldzki,20:00,,,2026-08-24T08:49:42.670352
2026-08-24,poniedzialek,wrocław,Людина-павук: Абсолютно новий день / Spider-Man. Całkiem nowy dzień (ukr.),Cinema City Wrocław Wroclavia,16:30,,,2026-08-24T08:49:42.670352
2026-08-24,poniedzialek,wrocław,Людина-павук: Абсолютно новий день / Spider-Man. Całkiem nowy dzień (ukr.),Multikino Pasaż Grunwaldzki,10:30,,,2026-08-24T08:49:42.670352
2026-08-24,poniedzialek,wrocław,Людина-павук: Абсолютно новий день / Spider-Man. Całkiem nowy dzień (ukr.),Multikino Pasaż Grunwaldzki,11:45,,,2026-08-24T08:49:42.670352
2026-08-24,poniedzialek,wrocław,Людина-павук: Абсолютно новий день / Spider-Man. Całkiem nowy dzień (ukr.),Multikino Pasaż Grunwaldzki,13:45,,,2026-08-24T08:49:42.670352
2026-08-24,poniedzialek,wrocław,Людина-павук: Абсолютно новий день / Spider-Man. Całkiem nowy dzień (ukr.),Multikino Pasaż Grunwaldzki,15:00,,,2026-08-24T08:49:42.670352
2026-08-24,poniedzialek,wrocław,Людина-павук: Абсолютно новий день / Spider-Man. Całkiem nowy dzień (ukr.),Multikino Pasaż Grunwaldzki,17:00,,,2026-08-24T08:49:42.670352
2026-08-24,poniedzialek,wrocław,Людина-павук: Абсолютно новий день / Spider-Man. Całkiem nowy dzień (ukr.),Multikino Pasaż Grunwaldzki,18:15,,,2026-08-24T08:49:42.670352
2026-08-24,poniedzialek,wrocław,Людина-павук: Абсолютно новий день / Spider-Man. Całkiem nowy dzień (ukr.),Multikino Pasaż Grunwaldzki,20:15,,,2026-08-24T08:49:42.670352
2026-08-24,poniedzialek,poznań,André Rieu. Niech żyje Maastricht!,Helios Poznań,18:00,,,2026-08-24T08:49:45.353180
2026-08-24,poniedzialek,poznań,André Rieu. Niech żyje Maastricht!,Kino Teatr Apollo w Poznaniu,18:00,,,2026-08-24T08:49:45.353180
2026-08-24,poniedzialek,poznań,André Rieu. Niech żyje Maastricht!,Multikino Poznań Stary Browar,16:40,,,2026-08-24T08:49:45.353180
2026-08-24,poniedzialek,poznań,Arek.Mama.Panorama,Charlie Monroe Kino Malta w Poznaniu,15:40,,,2026-08-24T08:49:45.353180
2026-08-24,poniedzialek,poznań,Arek.Mama.Panorama,Cinema City Poznań Kinepolis,17:00,,,2026-08-24T08:49:45.353180
2026-08-24,poniedzialek,poznań,Arek.Mama.Panorama,Kino Muza w Poznaniu,14:45,,,2026-08-24T08:49:45.353180
2026-08-24,poniedzialek,poznań,Arek.Mama.Panorama,Kino Pałacowe w Poznaniu,16:00,,,2026-08-24T08:49:45.353180
2026-08-24,poniedzialek,poznań,Arek.Mama.Panorama,Kino Rialto w Poznaniu,15:00,,,2026-08-24T08:49:45.353180
2026-08-24,poniedzialek,poznań,Błysk diamentu śmierci,Kino Pałacowe w Poznaniu,21:00,,,2026-08-24T08:49:45.353180
2026-08-24,poniedzialek,poznań,Body melt,Kino Pałacowe w Poznaniu,20:30,,,2026-08-24T08:49:45.353180
2026-08-24,poniedzialek,poznań,Bogaci i martwi,Charlie Monroe Kino Malta w Poznaniu,17:00,,,2026-08-24T08:49:45.353180
2026-08-24,poniedzialek,poznań,Bogaci i martwi,Cinema City Poznań Kinepolis,17:50,,,2026-08-24T08:49:45.353180
2026-08-24,poniedzialek,poznań,Bogaci i martwi,Cinema City Poznań Kinepolis,20:10,,,2026-08-24T08:49:45.353180
2026-08-24,poniedzialek,poznań,Bogaci i martwi,Cinema City Poznań Kinepolis,22:30,,,2026-08-24T08:49:45.353180
2026-08-24,poniedzialek,poznań,Bogaci i martwi,Cinema City Poznań Plaza,18:40,,,2026-08-24T08:49:45.353180
2026-08-24,poniedzialek,poznań,Bogaci i martwi,Kino Rialto w Poznaniu,18:15,,,2026-08-24T08:49:45.353180
2026-08-24,poniedzialek,poznań,Bogaci i martwi,Multikino Poznań Stary Browar,21:25,,,2026-08-24T08:49:45.353180
2026-08-24,poniedzialek,poznań,Buntownik,Cinema City Poznań Kinepolis,10:10,,,2026-08-24T08:49:45.353180
2026-08-24,poniedzialek,poznań,Buntownik,Cinema City Poznań Kinepolis,17:20,,,2026-08-24T08:49:45.353180
2026-08-24,poniedzialek,poznań,Buntownik,Cinema City Poznań Kinepolis,19:40,,,2026-08-24T08:49:45.353180
2026-08-24,poniedzialek,poznań,Buntownik,Cinema City Poznań Kinepolis,22:00,,,2026-08-24T08:49:45.353180
2026-08-24,poniedzialek,poznań,Buntownik,Cinema City Poznań Plaza,13:30,,,2026-08-24T08:49:45.353180
2026-08-24,poniedzialek,poznań,Buntownik,Cinema City Poznań Plaza,15:50,,,2026-08-24T08:49:45.353180
2026-08-24,poniedzialek,poznań,Buntownik,Cinema City Poznań Plaza,18:10,,,2026-08-24T08:49:45.353180
2026-08-24,poniedzialek,poznań,Buntownik,Cinema City Poznań Plaza,20:30,,,2026-08-24T08:49:45.353180
2026-08-24,poniedzialek,poznań,Buntownik,Helios Poznań,14:00,,,2026-08-24T08:49:45.353180
2026-08-24,poniedzialek,poznań,Buntownik,Helios Poznań,17:45,,,2026-08-24T08:49:45.353180
2026-08-24,poniedzialek,poznań,Buntownik,Helios Poznań,21:10,,,2026-08-24T08:49:45.353180
2026-08-24,poniedzialek,poznań,Buntownik,Multikino Poznań Stary Browar,12:50,,,2026-08-24T08:49:45.353180
2026-08-24,poniedzialek,poznań,Buntownik,Multikino Poznań Stary Browar,15:20,,,2026-08-24T08:49:45.353180
2026-08-24,poniedzialek,poznań,Buntownik,Multikino Poznań Stary Browar,17:40,,,2026-08-24T08:49:45.353180
2026-08-24,poniedzialek,poznań,Buntownik,Multikino Poznań Stary Browar,20:00,,,2026-08-24T08:49:45.353180
2026-08-24,poniedzialek,poznań,Do utraty tchu,Kino Bułgarska 19 w Poznaniu,15:30,,,2026-08-24T08:49:45.353180
2026-08-24,poniedzialek,poznań,Flavia de Luce (dubbing),Cinema City Poznań Kinepolis,16:30,,dubbing,2026-08-24T08:49:45.353180
2026-08-24,poniedzialek,poznań,Flavia de Luce (dubbing),Multikino Poznań Stary Browar,09:15,,dubbing,2026-08-24T08:49:45.353180
2026-08-24,poniedzialek,poznań,Frances Ha,Charlie Monroe Kino Malta w Poznaniu,17:00,,,2026-08-24T08:49:45.353180
2026-08-24,poniedzialek,poznań,Frances Ha,Cinema City Poznań Kinepolis,18:10,,,2026-08-24T08:49:45.353180
2026-08-24,poniedzialek,poznań,Ghost in the Cell,Kino Muza w Poznaniu,21:30,,,2026-08-24T08:49:45.353180
2026-08-24,poniedzialek,poznań,Hamnet,Kino Muza w Poznaniu,17:30,,,2026-08-24T08:49:45.353180
2026-08-24,poniedzialek,poznań,Historie równoległe,Charlie Monroe Kino Malta w Poznaniu,20:30,,,2026-08-24T08:49:45.353180
2026-08-24,poniedzialek,poznań,Historie równoległe,Cinema City Poznań Kinepolis,21:40,,,2026-08-24T08:49:45.353180
2026-08-24,poniedzialek,poznań,Historie równoległe,Kino Muza w Poznaniu,18:00,,,2026-08-24T08:49:45.353180
2026-08-24,poniedzialek,poznań,Historie równoległe,Kino Pałacowe w Poznaniu,20:00,,,2026-08-24T08:49:45.353180
2026-08-24,poniedzialek,poznań,Historie równoległe,Multikino Poznań Stary Browar,20:55,,,2026-08-24T08:49:45.353180
2026-08-24,poniedzialek,poznań,Ice Cream Man,Cinema City Poznań Kinepolis,22:10,,,2026-08-24T08:49:45.353180
2026-08-24,poniedzialek,poznań,Kandydaci śmierci,Kino Muza w Poznaniu,16:15,,,2026-08-24T08:49:45.353180
2026-08-24,poniedzialek,poznań,Kandydaci śmierci,Kino Pałacowe w Poznaniu,14:15,,,2026-08-24T08:49:45.353180
2026-08-24,poniedzialek,poznań,Koniec Ulicy Dębowej,Cinema City Poznań Kinepolis,15:30,,,2026-08-24T08:49:45.353180
2026-08-24,poniedzialek,poznań,Koniec Ulicy Dębowej,Cinema City Poznań Kinepolis,19:00,,,2026-08-24T08:49:45.353180
2026-08-24,poniedzialek,poznań,Koniec Ulicy Dębowej,Cinema City Poznań Kinepolis,21:30,,,2026-08-24T08:49:45.353180
2026-08-24,poniedzialek,poznań,Koniec Ulicy Dębowej,Cinema City Poznań Plaza,17:30,,,2026-08-24T08:49:45.353180
2026-08-24,poniedzialek,poznań,Koniec Ulicy Dębowej,Cinema City Poznań Plaza,20:00,,,2026-08-24T08:49:45.353180
2026-08-24,poniedzialek,poznań,Koniec Ulicy Dębowej,Cinema City Poznań Plaza,22:30,,,2026-08-24T08:49:45.353180
2026-08-24,poniedzialek,poznań,Koniec Ulicy Dębowej,Helios Poznań,10:50,,,2026-08-24T08:49:45.353180
2026-08-24,poniedzialek,poznań,Koniec Ulicy Dębowej,Helios Poznań,15:00,,,2026-08-24T08:49:45.353180
2026-08-24,poniedzialek,poznań,Koniec Ulicy Dębowej,Helios Poznań,18:45,,,2026-08-24T08:49:45.353180
2026-08-24,poniedzialek,poznań,Koniec Ulicy Dębowej,Multikino Poznań Stary Browar,14:35,,,2026-08-24T08:49:45.353180
2026-08-24,poniedzialek,poznań,Koniec Ulicy Dębowej,Multikino Poznań Stary Browar,17:05,,,2026-08-24T08:49:45.353180
2026-08-24,poniedzialek,poznań,Koniec Ulicy Dębowej,Multikino Poznań Stary Browar,20:25,,,2026-08-24T08:49:45.353180
2026-08-24,poniedzialek,poznań,Księga pustyni,Charlie Monroe Kino Malta w Poznaniu,15:30,,,2026-08-24T08:49:45.353180
2026-08-24,poniedzialek,poznań,Księga pustyni,Helios Poznań,10:20,,,2026-08-24T08:49:45.353180
2026-08-24,poniedzialek,poznań,Księga pustyni,Helios Poznań,12:30,,,2026-08-24T08:49:45.353180
2026-08-24,poniedzialek,poznań,Księga pustyni,Helios Poznań,14:40,,,2026-08-24T08:49:45.353180
2026-08-24,poniedzialek,poznań,Księga pustyni,Helios Poznań,16:50,,,2026-08-24T08:49:45.353180
2026-08-24,poniedzialek,poznań,Księga pustyni,Kino Bułgarska 19 w Poznaniu,14:40,,,2026-08-24T08:49:45.353180
2026-08-24,poniedzialek,poznań,Księga pustyni (dubbing),Cinema City Poznań Kinepolis,10:00,,dubbing,2026-08-24T08:49:45.353180
2026-08-24,poniedzialek,poznań,Księga pustyni (dubbing),Cinema City Poznań Kinepolis,12:10,,dubbing,2026-08-24T08:49:45.353180
2026-08-24,poniedzialek,poznań,Księga pustyni (dubbing),Cinema City Poznań Kinepolis,13:10,,dubbing,2026-08-24T08:49:45.353180
2026-08-24,poniedzialek,poznań,Księga pustyni (dubbing),Cinema City Poznań Kinepolis,14:30,,dubbing,2026-08-24T08:49:45.353180
2026-08-24,poniedzialek,poznań,Księga pustyni (dubbing),Cinema City Poznań Kinepolis,16:40,,dubbing,2026-08-24T08:49:45.353180
2026-08-24,poniedzialek,poznań,Księga pustyni (dubbing),Cinema City Poznań Plaza,10:50,,dubbing,2026-08-24T08:49:45.353180
2026-08-24,poniedzialek,poznań,Księga pustyni (dubbing),Cinema City Poznań Plaza,12:10,,dubbing,2026-08-24T08:49:45.353180
2026-08-24,poniedzialek,poznań,Księga pustyni (dubbing),Cinema City Poznań Plaza,13:10,,dubbing,2026-08-24T08:49:45.353180
2026-08-24,poniedzialek,poznań,Księga pustyni (dubbing),Cinema City Poznań Plaza,17:20,,dubbing,2026-08-24T08:49:45.353180
2026-08-24,poniedzialek,poznań,Księga pustyni (dubbing),Multikino Poznań Stary Browar,11:30,,dubbing,2026-08-24T08:49:45.353180
2026-08-24,poniedzialek,poznań,Księga pustyni (dubbing),Multikino Poznań Stary Browar,13:50,,dubbing,2026-08-24T08:49:45.353180
2026-08-24,poniedzialek,poznań,Księga pustyni (dubbing),Multikino Poznań Stary Browar,16:10,,dubbing,2026-08-24T08:49:45.353180
2026-08-24,poniedzialek,poznań,Księga pustyni (dubbing),Multikino Poznań Stary Browar,18:30,,dubbing,2026-08-24T08:49:45.353180
2026-08-24,poniedzialek,poznań,Kuźma,Kino Rialto w Poznaniu,20:15,,,2026-08-24T08:49:45.353180
2026-08-24,poniedzialek,poznań,Milcząca przyjaciółka,Kino Bułgarska 19 w Poznaniu,20:20,,,2026-08-24T08:49:45.353180
2026-08-24,poniedzialek,poznań,Minionki i straszydła (dubbing),Cinema City Poznań Kinepolis,10:40,,dubbing,2026-08-24T08:49:45.353180
2026-08-24,poniedzialek,poznań,Minionki i straszydła (dubbing),Cinema City Poznań Kinepolis,16:40,,dubbing,2026-08-24T08:49:45.353180
2026-08-24,poniedzialek,poznań,Minionki i straszydła (dubbing),Cinema City Poznań Plaza,15:20,,dubbing,2026-08-24T08:49:45.353180
2026-08-24,poniedzialek,poznań,Minionki i straszydła (dubbing),Helios Poznań,10:30,,dubbing,2026-08-24T08:49:45.353180
2026-08-24,poniedzialek,poznań,Minionki i straszydła (dubbing),Multikino Poznań Stary Browar,10:15,,dubbing,2026-08-24T08:49:45.353180
2026-08-24,poniedzialek,poznań,Minionki i straszydła (dubbing),Multikino Poznań Stary Browar,12:25,,dubbing,2026-08-24T08:49:45.353180
2026-08-24,poniedzialek,poznań,Naznaczony: Wyjście z mrocznego wymiaru,Cinema City Poznań Kinepolis,16:00,,,2026-08-24T08:49:45.353180
2026-08-24,poniedzialek,poznań,Naznaczony: Wyjście z mrocznego wymiaru,Cinema City Poznań Kinepolis,18:00,,,2026-08-24T08:49:45.353180
2026-08-24,poniedzialek,poznań,Naznaczony: Wyjście z mrocznego wymiaru,Cinema City Poznań Kinepolis,18:30,,,2026-08-24T08:49:45.353180
2026-08-24,poniedzialek,poznań,Naznaczony: Wyjście z mrocznego wymiaru,Cinema City Poznań Kinepolis,20:30,,,2026-08-24T08:49:45.353180
2026-08-24,poniedzialek,poznań,Naznaczony: Wyjście z mrocznego wymiaru,Cinema City Poznań Kinepolis,21:00,,,2026-08-24T08:49:45.353180
2026-08-24,poniedzialek,poznań,Naznaczony: Wyjście z mrocznego wymiaru,Cinema City Poznań Plaza,10:50,,,2026-08-24T08:49:45.353180
2026-08-24,poniedzialek,poznań,Naznaczony: Wyjście z mrocznego wymiaru,Cinema City Poznań Plaza,19:40,,,2026-08-24T08:49:45.353180
2026-08-24,poniedzialek,poznań,Naznaczony: Wyjście z mrocznego wymiaru,Cinema City Poznań Plaza,22:10,,,2026-08-24T08:49:45.353180
2026-08-24,poniedzialek,poznań,Naznaczony: Wyjście z mrocznego wymiaru,Helios Poznań,16:15,,,2026-08-24T08:49:45.353180
2026-08-24,poniedzialek,poznań,Naznaczony: Wyjście z mrocznego wymiaru,Helios Poznań,19:00,,,2026-08-24T08:49:45.353180
2026-08-24,poniedzialek,poznań,Naznaczony: Wyjście z mrocznego wymiaru,Helios Poznań,22:10,,,2026-08-24T08:49:45.353180
2026-08-24,poniedzialek,poznań,Naznaczony: Wyjście z mrocznego wymiaru,Multikino Poznań Stary Browar,13:00,,,2026-08-24T08:49:45.353180
2026-08-24,poniedzialek,poznań,Naznaczony: Wyjście z mrocznego wymiaru,Multikino Poznań Stary Browar,15:30,,,2026-08-24T08:49:45.353180
2026-08-24,poniedzialek,poznań,Naznaczony: Wyjście z mrocznego wymiaru,Multikino Poznań Stary Browar,18:00,,,2026-08-24T08:49:45.353180
2026-08-24,poniedzialek,poznań,Naznaczony: Wyjście z mrocznego wymiaru,Multikino Poznań Stary Browar,20:30,,,2026-08-24T08:49:45.353180
2026-08-24,poniedzialek,poznań,Nowa fala,Kino Muza w Poznaniu,15:30,,,2026-08-24T08:49:45.353180
2026-08-24,poniedzialek,poznań,Nowa fala,Kino Pałacowe w Poznaniu,16:30,,,2026-08-24T08:49:45.353180
2026-08-24,poniedzialek,poznań,O czym sobie nie mówimy,Kino Bułgarska 19 w Poznaniu,18:30,,,2026-08-24T08:49:45.353180
2026-08-24,poniedzialek,poznań,O czym sobie nie mówimy,Kino Muza w Poznaniu,14:15,,,2026-08-24T08:49:45.353180
2026-08-24,poniedzialek,poznań,O czym wie Marielle,Charlie Monroe Kino Malta w Poznaniu,17:00,,,2026-08-24T08:49:45.353180
2026-08-24,poniedzialek,poznań,O czym wie Marielle,Kino Bułgarska 19 w Poznaniu,20:30,,,2026-08-24T08:49:45.353180
2026-08-24,poniedzialek,poznań,O czym wie Marielle,Kino Muza w Poznaniu,19:45,,,2026-08-24T08:49:45.353180
2026-08-24,poniedzialek,poznań,Obsesja,Cinema City Poznań Kinepolis,21:20,,,2026-08-24T08:49:45.353180
2026-08-24,poniedzialek,poznań,Odyseja,Cinema City Poznań Kinepolis,12:30,,,2026-08-24T08:49:45.353180
2026-08-24,poniedzialek,poznań,Odyseja,Cinema City Poznań Kinepolis,16:15,,,2026-08-24T08:49:45.353180
2026-08-24,poniedzialek,poznań,Odyseja,Cinema City Poznań Kinepolis,17:40,,,2026-08-24T08:49:45.353180
2026-08-24,poniedzialek,poznań,Odyseja,Cinema City Poznań Kinepolis,18:10,,,2026-08-24T08:49:45.353180
2026-08-24,poniedzialek,poznań,Odyseja,Cinema City Poznań Kinepolis,19:50,,,2026-08-24T08:49:45.353180
2026-08-24,poniedzialek,poznań,Odyseja,Cinema City Poznań Kinepolis,20:00,,,2026-08-24T08:49:45.353180
2026-08-24,poniedzialek,poznań,Odyseja,Cinema City Poznań Kinepolis,21:20,,,2026-08-24T08:49:45.353180
2026-08-24,poniedzialek,poznań,Odyseja,Cinema City Poznań Kinepolis,21:40,,,2026-08-24T08:49:45.353180
2026-08-24,poniedzialek,poznań,Odyseja,Cinema City Poznań Plaza,10:20,,,2026-08-24T08:49:45.353180
2026-08-24,poniedzialek,poznań,Odyseja,Cinema City Poznań Plaza,13:50,,,2026-08-24T08:49:45.353180
2026-08-24,poniedzialek,poznań,Odyseja,Cinema City Poznań Plaza,15:00,,,2026-08-24T08:49:45.353180
2026-08-24,poniedzialek,poznań,Odyseja,Cinema City Poznań Plaza,19:30,,,2026-08-24T08:49:45.353180
2026-08-24,poniedzialek,poznań,Odyseja,Cinema City Poznań Plaza IMAX,10:40,,,2026-08-24T08:49:45.353180
2026-08-24,poniedzialek,poznań,Odyseja,Cinema City Poznań Plaza IMAX,14:20,,,2026-08-24T08:49:45.353180
2026-08-24,poniedzialek,poznań,Odyseja,Cinema City Poznań Plaza IMAX,20:40,,,2026-08-24T08:49:45.353180
2026-08-24,poniedzialek,poznań,Odyseja,Helios Poznań,11:20,,,2026-08-24T08:49:45.353180
2026-08-24,poniedzialek,poznań,Odyseja,Helios Poznań,13:10,,,2026-08-24T08:49:45.353180
2026-08-24,poniedzialek,poznań,Odyseja,Helios Poznań,16:40,,,2026-08-24T08:49:45.353180
2026-08-24,poniedzialek,poznań,Odyseja,Helios Poznań,17:30,,,2026-08-24T08:49:45.353180
2026-08-24,poniedzialek,poznań,Odyseja,Helios Poznań,20:15,,,2026-08-24T08:49:45.353180
2026-08-24,poniedzialek,poznań,Odyseja,Kino Muza w Poznaniu,20:30,,,2026-08-24T08:49:45.353180
2026-08-24,poniedzialek,poznań,Odyseja,Multikino Poznań Stary Browar,10:45,,,2026-08-24T08:49:45.353180
2026-08-24,poniedzialek,poznań,Odyseja,Multikino Poznań Stary Browar,14:20,,,2026-08-24T08:49:45.353180
2026-08-24,poniedzialek,poznań,Odyseja,Multikino Poznań Stary Browar,19:35,,,2026-08-24T08:49:45.353180
2026-08-24,poniedzialek,poznań,Odzyskany,Charlie Monroe Kino Malta w Poznaniu,15:30,,,2026-08-24T08:49:45.353180
2026-08-24,poniedzialek,poznań,Odzyskany,Cinema City Poznań Kinepolis,17:30,,,2026-08-24T08:49:45.353180
2026-08-24,poniedzialek,poznań,Odzyskany,Kino Bułgarska 19 w Poznaniu,17:00,,,2026-08-24T08:49:45.353180
2026-08-24,poniedzialek,poznań,Ojczyzna,Kino Muza w Poznaniu,14:00,,,2026-08-24T08:49:45.353180
2026-08-24,poniedzialek,poznań,Psi Patrol i dinozaury,Helios Poznań,11:10,,,2026-08-24T08:49:45.353180
2026-08-24,poniedzialek,poznań,Psi Patrol i dinozaury,Helios Poznań,13:20,,,2026-08-24T08:49:45.353180
2026-08-24,poniedzialek,poznań,Psi Patrol i dinozaury,Helios Poznań,15:30,,,2026-08-24T08:49:45.353180
2026-08-24,poniedzialek,poznań,Psi Patrol i dinozaury (dubbing),Cinema City Poznań Kinepolis,11:20,,dubbing,2026-08-24T08:49:45.353180
2026-08-24,poniedzialek,poznań,Psi Patrol i dinozaury (dubbing),Cinema City Poznań Kinepolis,13:30,,dubbing,2026-08-24T08:49:45.353180
2026-08-24,poniedzialek,poznań,Psi Patrol i dinozaury (dubbing),Cinema City Poznań Kinepolis,15:40,,dubbing,2026-08-24T08:49:45.353180
2026-08-24,poniedzialek,poznań,Psi Patrol i dinozaury (dubbing),Cinema City Poznań Plaza,10:00,,dubbing,2026-08-24T08:49:45.353180
2026-08-24,poniedzialek,poznań,Psi Patrol i dinozaury (dubbing),Cinema City Poznań Plaza,14:20,,dubbing,2026-08-24T08:49:45.353180
2026-08-24,poniedzialek,poznań,Psi Patrol i dinozaury (dubbing),Cinema City Poznań Plaza,16:30,,dubbing,2026-08-24T08:49:45.353180
2026-08-24,poniedzialek,poznań,Psi Patrol i dinozaury (dubbing),Multikino Poznań Stary Browar,09:00,,dubbing,2026-08-24T08:49:45.353180
2026-08-24,poniedzialek,poznań,Psi Patrol i dinozaury (dubbing),Multikino Poznań Stary Browar,11:15,,dubbing,2026-08-24T08:49:45.353180
2026-08-24,poniedzialek,poznań,Psi Patrol i dinozaury (dubbing),Multikino Poznań Stary Browar,13:30,,dubbing,2026-08-24T08:49:45.353180
2026-08-24,poniedzialek,poznań,Psi Patrol i dinozaury (dubbing),Multikino Poznań Stary Browar,15:45,,dubbing,2026-08-24T08:49:45.353180
2026-08-24,poniedzialek,poznań,Psi Patrol i dinozaury (dubbing),Multikino Poznań Stary Browar,18:00,,dubbing,2026-08-24T08:49:45.353180
2026-08-24,poniedzialek,poznań,Pucio kocha zwierzaki,Cinema City Poznań Kinepolis,10:00,,,2026-08-24T08:49:45.353180
2026-08-24,poniedzialek,poznań,Pucio kocha zwierzaki,Cinema City Poznań Kinepolis,10:30,,,2026-08-24T08:49:45.353180
2026-08-24,poniedzialek,poznań,Pucio kocha zwierzaki,Cinema City Poznań Kinepolis,11:20,,,2026-08-24T08:49:45.353180
2026-08-24,poniedzialek,poznań,Pucio kocha zwierzaki,Cinema City Poznań Kinepolis,11:50,,,2026-08-24T08:49:45.353180
2026-08-24,poniedzialek,poznań,Pucio kocha zwierzaki,Cinema City Poznań Kinepolis,12:50,,,2026-08-24T08:49:45.353180
2026-08-24,poniedzialek,poznań,Pucio kocha zwierzaki,Cinema City Poznań Kinepolis,14:20,,,2026-08-24T08:49:45.353180
2026-08-24,poniedzialek,poznań,Pucio kocha zwierzaki,Cinema City Poznań Plaza,10:30,,,2026-08-24T08:49:45.353180
2026-08-24,poniedzialek,poznań,Pucio kocha zwierzaki,Cinema City Poznań Plaza,12:00,,,2026-08-24T08:49:45.353180
2026-08-24,poniedzialek,poznań,Pucio kocha zwierzaki,Cinema City Poznań Plaza,13:30,,,2026-08-24T08:49:45.353180
2026-08-24,poniedzialek,poznań,Pucio kocha zwierzaki,Helios Poznań,10:00,,,2026-08-24T08:49:45.353180
2026-08-24,poniedzialek,poznań,Pucio kocha zwierzaki,Helios Poznań,10:40,,,2026-08-24T08:49:45.353180
2026-08-24,poniedzialek,poznań,Pucio kocha zwierzaki,Helios Poznań,12:10,,,2026-08-24T08:49:45.353180
2026-08-24,poniedzialek,poznań,Pucio kocha zwierzaki,Helios Poznań,13:50,,,2026-08-24T08:49:45.353180
2026-08-24,poniedzialek,poznań,Pucio kocha zwierzaki,Helios Poznań,15:10,,,2026-08-24T08:49:45.353180
2026-08-24,poniedzialek,poznań,Pucio kocha zwierzaki,Helios Poznań,16:30,,,2026-08-24T08:49:45.353180
2026-08-24,poniedzialek,poznań,Pucio kocha zwierzaki,Kino Bułgarska 19 w Poznaniu,14:30,,,2026-08-24T08:49:45.353180
2026-08-24,poniedzialek,poznań,Pucio kocha zwierzaki,Kino Rialto w Poznaniu,14:00,,,2026-08-24T08:49:45.353180
2026-08-24,poniedzialek,poznań,Pucio kocha zwierzaki,Multikino Poznań Stary Browar,09:30,,,2026-08-24T08:49:45.353180
2026-08-24,poniedzialek,poznań,Pucio kocha zwierzaki,Multikino Poznań Stary Browar,10:45,,,2026-08-24T08:49:45.353180
2026-08-24,poniedzialek,poznań,Pucio kocha zwierzaki,Multikino Poznań Stary Browar,12:00,,,2026-08-24T08:49:45.353180
2026-08-24,poniedzialek,poznań,Pucio kocha zwierzaki,Multikino Poznań Stary Browar,13:15,,,2026-08-24T08:49:45.353180
2026-08-24,poniedzialek,poznań,Pucio kocha zwierzaki,Multikino Poznań Stary Browar,14:35,,,2026-08-24T08:49:45.353180
2026-08-24,poniedzialek,poznań,Pucio kocha zwierzaki,Multikino Poznań Stary Browar,15:55,,,2026-08-24T08:49:45.353180
2026-08-24,poniedzialek,poznań,Pucio kocha zwierzaki,Multikino Poznań Stary Browar,17:15,,,2026-08-24T08:49:45.353180
2026-08-24,poniedzialek,poznań,Shrek (dubbing),Cinema City Poznań Kinepolis,17:00,,dubbing,2026-08-24T08:49:45.353180
2026-08-24,poniedzialek,poznań,Shrek (dubbing),Cinema City Poznań Kinepolis,19:10,,dubbing,2026-08-24T08:49:45.353180
2026-08-24,poniedzialek,poznań,Shrek (dubbing),Cinema City Poznań Plaza,16:00,,dubbing,2026-08-24T08:49:45.353180
2026-08-24,poniedzialek,poznań,Spider-Man. Całkiem nowy dzień,Cinema City Poznań Kinepolis,10:30,,,2026-08-24T08:49:45.353180
2026-08-24,poniedzialek,poznań,Spider-Man. Całkiem nowy dzień,Cinema City Poznań Kinepolis,13:40,,,2026-08-24T08:49:45.353180
2026-08-24,poniedzialek,poznań,Spider-Man. Całkiem nowy dzień,Cinema City Poznań Kinepolis,16:50,,,2026-08-24T08:49:45.353180
2026-08-24,poniedzialek,poznań,Spider-Man. Całkiem nowy dzień,Cinema City Poznań Kinepolis,19:00,,,2026-08-24T08:49:45.353180
2026-08-24,poniedzialek,poznań,Spider-Man. Całkiem nowy dzień,Cinema City Poznań Kinepolis,20:00,,,2026-08-24T08:49:45.353180
2026-08-24,poniedzialek,poznań,Spider-Man. Całkiem nowy dzień,Cinema City Poznań Kinepolis,22:00,,,2026-08-24T08:49:45.353180
2026-08-24,poniedzialek,poznań,Spider-Man. Całkiem nowy dzień,Cinema City Poznań Plaza,13:20,,,2026-08-24T08:49:45.353180
2026-08-24,poniedzialek,poznań,Spider-Man. Całkiem nowy dzień,Cinema City Poznań Plaza,16:30,,,2026-08-24T08:49:45.353180
2026-08-24,poniedzialek,poznań,Spider-Man. Całkiem nowy dzień,Cinema City Poznań Plaza,19:40,,,2026-08-24T08:49:45.353180
2026-08-24,poniedzialek,poznań,Spider-Man. Całkiem nowy dzień,Cinema City Poznań Plaza,21:00,,,2026-08-24T08:49:45.353180
2026-08-24,poniedzialek,poznań,Spider-Man. Całkiem nowy dzień,Cinema City Poznań Plaza,21:30,,,2026-08-24T08:49:45.353180
2026-08-24,poniedzialek,poznań,Spider-Man. Całkiem nowy dzień,Helios Poznań,11:00,,,2026-08-24T08:49:45.353180
2026-08-24,poniedzialek,poznań,Spider-Man. Całkiem nowy dzień,Helios Poznań,14:10,,,2026-08-24T08:49:45.353180
2026-08-24,poniedzialek,poznań,Spider-Man. Całkiem nowy dzień,Helios Poznań,15:20,,,2026-08-24T08:49:45.353180
2026-08-24,poniedzialek,poznań,Spider-Man. Całkiem nowy dzień,Helios Poznań,17:15,,,2026-08-24T08:49:45.353180
2026-08-24,poniedzialek,poznań,Spider-Man. Całkiem nowy dzień,Helios Poznań,18:30,,,2026-08-24T08:49:45.353180
2026-08-24,poniedzialek,poznań,Spider-Man. Całkiem nowy dzień,Helios Poznań,20:30,,,2026-08-24T08:49:45.353180
2026-08-24,poniedzialek,poznań,Spider-Man. Całkiem nowy dzień,Helios Poznań,21:40,,,2026-08-24T08:49:45.353180
2026-08-24,poniedzialek,poznań,Spider-Man. Całkiem nowy dzień,Multikino Poznań Stary Browar,11:00,,,2026-08-24T08:49:45.353180
2026-08-24,poniedzialek,poznań,Spider-Man. Całkiem nowy dzień,Multikino Poznań Stary Browar,14:15,,,2026-08-24T08:49:45.353180
2026-08-24,poniedzialek,poznań,Spider-Man. Całkiem nowy dzień,Multikino Poznań Stary Browar,15:10,,,2026-08-24T08:49:45.353180
2026-08-24,poniedzialek,poznań,Spider-Man. Całkiem nowy dzień,Multikino Poznań Stary Browar,17:30,,,2026-08-24T08:49:45.353180
2026-08-24,poniedzialek,poznań,Spider-Man. Całkiem nowy dzień,Multikino Poznań Stary Browar,18:20,,,2026-08-24T08:49:45.353180
2026-08-24,poniedzialek,poznań,Spider-Man. Całkiem nowy dzień,Multikino Poznań Stary Browar,20:10,,,2026-08-24T08:49:45.353180
2026-08-24,poniedzialek,poznań,Spider-Man. Całkiem nowy dzień,Multikino Poznań Stary Browar,20:40,,,2026-08-24T08:49:45.353180
2026-08-24,poniedzialek,poznań,Spider-Man. Całkiem nowy dzień (dubbing),Cinema City Poznań Kinepolis,10:40,,dubbing,2026-08-24T08:49:45.353180
2026-08-24,poniedzialek,poznań,Spider-Man. Całkiem nowy dzień (dubbing),Cinema City Poznań Kinepolis,13:50,,dubbing,2026-08-24T08:49:45.353180
2026-08-24,poniedzialek,poznań,Spider-Man. Całkiem nowy dzień (dubbing),Cinema City Poznań Kinepolis,15:40,,dubbing,2026-08-24T08:49:45.353180
2026-08-24,poniedzialek,poznań,Spider-Man. Całkiem nowy dzień (dubbing),Cinema City Poznań Kinepolis,18:50,,dubbing,2026-08-24T08:49:45.353180
2026-08-24,poniedzialek,poznań,Spider-Man. Całkiem nowy dzień (dubbing),Cinema City Poznań Plaza,10:00,,dubbing,2026-08-24T08:49:45.353180
2026-08-24,poniedzialek,poznań,Spider-Man. Całkiem nowy dzień (dubbing),Cinema City Poznań Plaza,13:00,,dubbing,2026-08-24T08:49:45.353180
2026-08-24,poniedzialek,poznań,Spider-Man. Całkiem nowy dzień (dubbing),Cinema City Poznań Plaza,18:20,,dubbing,2026-08-24T08:49:45.353180
2026-08-24,poniedzialek,poznań,Spider-Man. Całkiem nowy dzień (dubbing),Multikino Poznań Stary Browar,09:35,,dubbing,2026-08-24T08:49:45.353180
2026-08-24,poniedzialek,poznań,Spider-Man. Całkiem nowy dzień (dubbing),Multikino Poznań Stary Browar,10:00,,dubbing,2026-08-24T08:49:45.353180
2026-08-24,poniedzialek,poznań,Spider-Man. Całkiem nowy dzień (dubbing),Multikino Poznań Stary Browar,13:15,,dubbing,2026-08-24T08:49:45.353180
2026-08-24,poniedzialek,poznań,Spider-Man. Całkiem nowy dzień (dubbing),Multikino Poznań Stary Browar,16:30,,dubbing,2026-08-24T08:49:45.353180
2026-08-24,poniedzialek,poznań,Spider-Man. Całkiem nowy dzień (dubbing),Multikino Poznań Stary Browar,19:40,,dubbing,2026-08-24T08:49:45.353180
2026-08-24,poniedzialek,poznań,Spider-Man. Całkiem nowy dzień 3D,Cinema City Poznań Kinepolis,18:15,3D,,2026-08-24T08:49:45.353180
2026-08-24,poniedzialek,poznań,Spider-Man. Całkiem nowy dzień 3D,Cinema City Poznań Kinepolis,21:30,3D,,2026-08-24T08:49:45.353180
2026-08-24,poniedzialek,poznań,Spider-Man. Całkiem nowy dzień 3D,Cinema City Poznań Plaza,16:30,3D,,2026-08-24T08:49:45.353180
2026-08-24,poniedzialek,poznań,Spider-Man. Całkiem nowy dzień 3D (dubbing),Cinema City Poznań Plaza,13:20,3D,dubbing,2026-08-24T08:49:45.353180
2026-08-24,poniedzialek,poznań,Spider-Man. Całkiem nowy dzień 3D (dubbing),Multikino Poznań Stary Browar,12:00,3D,dubbing,2026-08-24T08:49:45.353180
2026-08-24,poniedzialek,poznań,Szczur lądowy,Kino Muza w Poznaniu,16:30,,,2026-08-24T08:49:45.353180
2026-08-24,poniedzialek,poznań,Takie jest życie,Charlie Monroe Kino Malta w Poznaniu,18:30,,,2026-08-24T08:49:45.353180
2026-08-24,poniedzialek,poznań,Toy Story 5 (dubbing),Cinema City Poznań Kinepolis,11:00,,dubbing,2026-08-24T08:49:45.353180
2026-08-24,poniedzialek,poznań,Toy Story 5 (dubbing),Cinema City Poznań Kinepolis,13:30,,dubbing,2026-08-24T08:49:45.353180
2026-08-24,poniedzialek,poznań,Toy Story 5 (dubbing),Cinema City Poznań Kinepolis,15:50,,dubbing,2026-08-24T08:49:45.353180
2026-08-24,poniedzialek,poznań,Toy Story 5 (dubbing),Cinema City Poznań Plaza,11:00,,dubbing,2026-08-24T08:49:45.353180
2026-08-24,poniedzialek,poznań,Toy Story 5 (dubbing),Multikino Poznań Stary Browar,09:20,,dubbing,2026-08-24T08:49:45.353180
2026-08-24,poniedzialek,poznań,Toy Story 5 (dubbing),Multikino Poznań Stary Browar,11:45,,dubbing,2026-08-24T08:49:45.353180
2026-08-24,poniedzialek,poznań,Trzeci człowiek,Kino Muza w Poznaniu,18:30,,,2026-08-24T08:49:45.353180
2026-08-24,poniedzialek,poznań,Tylko jedna noc,Cinema City Poznań Kinepolis,15:50,,,2026-08-24T08:49:45.353180
2026-08-24,poniedzialek,poznań,Tylko jedna noc,Cinema City Poznań Kinepolis,20:50,,,2026-08-24T08:49:45.353180
2026-08-24,poniedzialek,poznań,Tylko jedna noc,Cinema City Poznań Plaza,18:50,,,2026-08-24T08:49:45.353180
2026-08-24,poniedzialek,poznań,Tylko jedna noc,Cinema City Poznań Plaza,21:10,,,2026-08-24T08:49:45.353180
2026-08-24,poniedzialek,poznań,Tylko jedna noc,Helios Poznań,11:30,,,2026-08-24T08:49:45.353180
2026-08-24,poniedzialek,poznań,Tylko jedna noc,Kino Rialto w Poznaniu,16:15,,,2026-08-24T08:49:45.353180
2026-08-24,poniedzialek,poznań,Tylko jedna noc,Multikino Poznań Stary Browar,14:10,,,2026-08-24T08:49:45.353180
2026-08-24,poniedzialek,poznań,Tylko jedna noc,Multikino Poznań Stary Browar,18:30,,,2026-08-24T08:49:45.353180
2026-08-24,poniedzialek,poznań,Tylko jedna noc,Multikino Poznań Stary Browar,20:20,,,2026-08-24T08:49:45.353180
2026-08-24,poniedzialek,poznań,Vaiana (dubbing),Cinema City Poznań Kinepolis,13:00,,dubbing,2026-08-24T08:49:45.353180
2026-08-24,poniedzialek,poznań,Vaiana (dubbing),Cinema City Poznań Kinepolis,15:40,,dubbing,2026-08-24T08:49:45.353180
2026-08-24,poniedzialek,poznań,Vaiana (dubbing),Cinema City Poznań Plaza,10:50,,dubbing,2026-08-24T08:49:45.353180
2026-08-24,poniedzialek,poznań,Vaiana (dubbing),Multikino Poznań Stary Browar,09:15,,dubbing,2026-08-24T08:49:45.353180
2026-08-24,poniedzialek,poznań,Vivaldi i ja,Charlie Monroe Kino Malta w Poznaniu,18:40,,,2026-08-24T08:49:45.353180
2026-08-24,poniedzialek,poznań,Vivaldi i ja,Cinema City Poznań Kinepolis,19:00,,,2026-08-24T08:49:45.353180
2026-08-24,poniedzialek,poznań,Vivaldi i ja,Cinema City Poznań Kinepolis,21:30,,,2026-08-24T08:49:45.353180
2026-08-24,poniedzialek,poznań,Vivaldi i ja,Kino Pałacowe w Poznaniu,17:45,,,2026-08-24T08:49:45.353180
2026-08-24,poniedzialek,poznań,Wiedźmia matka,Kino Pałacowe w Poznaniu,18:30,,,2026-08-24T08:49:45.353180
2026-08-24,poniedzialek,poznań,Wrong Girls,Charlie Monroe Kino Malta w Poznaniu,18:45,,,2026-08-24T08:49:45.353180
2026-08-24,poniedzialek,poznań,Wrong Girls,Cinema City Poznań Kinepolis,16:30,,,2026-08-24T08:49:45.353180
2026-08-24,poniedzialek,poznań,Wrong Girls,Cinema City Poznań Kinepolis,18:50,,,2026-08-24T08:49:45.353180
2026-08-24,poniedzialek,poznań,Wrong Girls,Cinema City Poznań Kinepolis,21:10,,,2026-08-24T08:49:45.353180
2026-08-24,poniedzialek,poznań,Wrong Girls,Cinema City Poznań Plaza,19:10,,,2026-08-24T08:49:45.353180
2026-08-24,poniedzialek,poznań,Wrong Girls,Cinema City Poznań Plaza,21:30,,,2026-08-24T08:49:45.353180
2026-08-24,poniedzialek,poznań,Wrong Girls,Kino Muza w Poznaniu,21:15,,,2026-08-24T08:49:45.353180
2026-08-24,poniedzialek,poznań,Wszyscy moi wrogowie,Charlie Monroe Kino Malta w Poznaniu,20:25,,,2026-08-24T08:49:45.353180
2026-08-24,poniedzialek,poznań,Wszyscy moi wrogowie,Cinema City Poznań Kinepolis,18:50,,,2026-08-24T08:49:45.353180
2026-08-24,poniedzialek,poznań,Wszyscy moi wrogowie,Cinema City Poznań Plaza,13:40,,,2026-08-24T08:49:45.353180
2026-08-24,poniedzialek,poznań,Wszyscy moi wrogowie,Helios Poznań,12:20,,,2026-08-24T08:49:45.353180
2026-08-24,poniedzialek,poznań,Wszyscy moi wrogowie,Kino Bułgarska 19 w Poznaniu,16:10,,,2026-08-24T08:49:45.353180
2026-08-24,poniedzialek,poznań,Wszyscy moi wrogowie,Multikino Poznań Stary Browar,10:10,,,2026-08-24T08:49:45.353180
2026-08-24,poniedzialek,poznań,Zaproszenie,Charlie Monroe Kino Malta w Poznaniu,20:35,,,2026-08-24T08:49:45.353180
2026-08-24,poniedzialek,poznań,Zaproszenie,Kino Bułgarska 19 w Poznaniu,18:20,,,2026-08-24T08:49:45.353180
2026-08-24,poniedzialek,poznań,АСТРАЛ: ЗА МЕЖАМИ ПОТОЙБІЧЧЯ / Naznaczony: Wyjście z mrocznego wymiaru (ukr.),Cinema City Poznań Plaza,16:40,,,2026-08-24T08:49:45.353180
2026-08-24,poniedzialek,poznań,АСТРАЛ: ЗА МЕЖАМИ ПОТОЙБІЧЧЯ / Naznaczony: Wyjście z mrocznego wymiaru (ukr.),Multikino Poznań Stary Browar,20:45,,,2026-08-24T08:49:45.353180
2026-08-24,poniedzialek,poznań,Людина-павук: Абсолютно новий день / Spider-Man. Całkiem nowy dzień (ukr.),Cinema City Poznań Plaza,10:10,,,2026-08-24T08:49:45.353180
2026-08-24,poniedzialek,gdańsk,André Rieu. Niech żyje Maastricht!,Helios Gdańsk Forum,18:00,,,2026-08-24T08:49:48.326645
2026-08-24,poniedzialek,gdańsk,André Rieu. Niech żyje Maastricht!,Helios Gdańsk Metropolia,18:00,,,2026-08-24T08:49:48.326645
2026-08-24,poniedzialek,gdańsk,André Rieu. Niech żyje Maastricht!,Multikino Gdańsk,16:40,,,2026-08-24T08:49:48.326645
2026-08-24,poniedzialek,gdańsk,Arek.Mama.Panorama,Kino Kameralne Cafe w Gdańsku,12:00,,,2026-08-24T08:49:48.326645
2026-08-24,poniedzialek,gdańsk,Arek.Mama.Panorama,Kino Spektrum w Gdańsku,20:15,,,2026-08-24T08:49:48.326645
2026-08-24,poniedzialek,gdańsk,Buntownik,Cinema1 w Gdańsku,14:00,,,2026-08-24T08:49:48.326645
2026-08-24,poniedzialek,gdańsk,Buntownik,Cinema1 w Gdańsku,18:45,,,2026-08-24T08:49:48.326645
2026-08-24,poniedzialek,gdańsk,Buntownik,Cinema1 w Gdańsku,20:55,,,2026-08-24T08:49:48.326645
2026-08-24,poniedzialek,gdańsk,Buntownik,Helios Gdańsk Forum,12:20,,,2026-08-24T08:49:48.326645
2026-08-24,poniedzialek,gdańsk,Buntownik,Helios Gdańsk Forum,15:10,,,2026-08-24T08:49:48.326645
2026-08-24,poniedzialek,gdańsk,Buntownik,Helios Gdańsk Forum,18:40,,,2026-08-24T08:49:48.326645
2026-08-24,poniedzialek,gdańsk,Buntownik,Helios Gdańsk Forum,20:45,,,2026-08-24T08:49:48.326645
2026-08-24,poniedzialek,gdańsk,Buntownik,Helios Gdańsk Metropolia,14:10,,,2026-08-24T08:49:48.326645
2026-08-24,poniedzialek,gdańsk,Buntownik,Helios Gdańsk Metropolia,18:45,,,2026-08-24T08:49:48.326645
2026-08-24,poniedzialek,gdańsk,Buntownik,Helios Gdańsk Metropolia,21:00,,,2026-08-24T08:49:48.326645
2026-08-24,poniedzialek,gdańsk,Buntownik,Multikino Gdańsk,15:10,,,2026-08-24T08:49:48.326645
2026-08-24,poniedzialek,gdańsk,Buntownik,Multikino Gdańsk,17:30,,,2026-08-24T08:49:48.326645
2026-08-24,poniedzialek,gdańsk,Buntownik,Multikino Gdańsk,20:25,,,2026-08-24T08:49:48.326645
2026-08-24,poniedzialek,gdańsk,Drama,Kino IKM w Gdańsku,13:30,,,2026-08-24T08:49:48.326645
2026-08-24,poniedzialek,gdańsk,Drugie życie,Kino Kameralne Cafe w Gdańsku,13:30,,,2026-08-24T08:49:48.326645
2026-08-24,poniedzialek,gdańsk,Historie równoległe,Cinema1 w Gdańsku,14:25,,,2026-08-24T08:49:48.326645
2026-08-24,poniedzialek,gdańsk,Historie równoległe,Cinema1 w Gdańsku,21:00,,,2026-08-24T08:49:48.326645
2026-08-24,poniedzialek,gdańsk,Historie równoległe,Helios Gdańsk Forum,11:00,,,2026-08-24T08:49:48.326645
2026-08-24,poniedzialek,gdańsk,Historie równoległe,Multikino Gdańsk,20:00,,,2026-08-24T08:49:48.326645
2026-08-24,poniedzialek,gdańsk,Homo sapiens?,Kino Spektrum w Gdańsku,15:45,,,2026-08-24T08:49:48.326645
2026-08-24,poniedzialek,gdańsk,Ice Cream Man,Helios Gdańsk Forum,21:40,,,2026-08-24T08:49:48.326645
2026-08-24,poniedzialek,gdańsk,Kandydaci śmierci,Kino Spektrum w Gdańsku,14:30,,,2026-08-24T08:49:48.326645
2026-08-24,poniedzialek,gdańsk,Kicia Kocia w podróży,Cinema1 w Gdańsku,10:00,,,2026-08-24T08:49:48.326645
2026-08-24,poniedzialek,gdańsk,Koniec Ulicy Dębowej,Cinema1 w Gdańsku,16:15,,,2026-08-24T08:49:48.326645
2026-08-24,poniedzialek,gdańsk,Koniec Ulicy Dębowej,Cinema1 w Gdańsku,20:15,,,2026-08-24T08:49:48.326645
2026-08-24,poniedzialek,gdańsk,Koniec Ulicy Dębowej,Helios Gdańsk Forum,11:30,,,2026-08-24T08:49:48.326645
2026-08-24,poniedzialek,gdańsk,Koniec Ulicy Dębowej,Helios Gdańsk Forum,14:00,,,2026-08-24T08:49:48.326645
2026-08-24,poniedzialek,gdańsk,Koniec Ulicy Dębowej,Helios Gdańsk Forum,19:20,,,2026-08-24T08:49:48.326645
2026-08-24,poniedzialek,gdańsk,Koniec Ulicy Dębowej,Helios Gdańsk Metropolia,11:30,,,2026-08-24T08:49:48.326645
2026-08-24,poniedzialek,gdańsk,Koniec Ulicy Dębowej,Helios Gdańsk Metropolia,16:40,,,2026-08-24T08:49:48.326645
2026-08-24,poniedzialek,gdańsk,Koniec Ulicy Dębowej,Helios Gdańsk Metropolia,21:40,,,2026-08-24T08:49:48.326645
2026-08-24,poniedzialek,gdańsk,Koniec Ulicy Dębowej,Multikino Gdańsk,12:30,,,2026-08-24T08:49:48.326645
2026-08-24,poniedzialek,gdańsk,Koniec Ulicy Dębowej,Multikino Gdańsk,19:50,,,2026-08-24T08:49:48.326645
2026-08-24,poniedzialek,gdańsk,Kręciołek,Cinema1 w Gdańsku,10:00,,,2026-08-24T08:49:48.326645
2026-08-24,poniedzialek,gdańsk,Księga pustyni,Helios Gdańsk Forum,10:00,,,2026-08-24T08:49:48.326645
2026-08-24,poniedzialek,gdańsk,Księga pustyni,Helios Gdańsk Forum,13:30,,,2026-08-24T08:49:48.326645
2026-08-24,poniedzialek,gdańsk,Księga pustyni,Helios Gdańsk Forum,16:50,,,2026-08-24T08:49:48.326645
2026-08-24,poniedzialek,gdańsk,Księga pustyni,Helios Gdańsk Metropolia,11:45,,,2026-08-24T08:49:48.326645
2026-08-24,poniedzialek,gdańsk,Księga pustyni,Helios Gdańsk Metropolia,15:45,,,2026-08-24T08:49:48.326645
2026-08-24,poniedzialek,gdańsk,Księga pustyni (dubbing),Cinema1 w Gdańsku,09:30,,dubbing,2026-08-24T08:49:48.326645
2026-08-24,poniedzialek,gdańsk,Księga pustyni (dubbing),Cinema1 w Gdańsku,11:30,,dubbing,2026-08-24T08:49:48.326645
2026-08-24,poniedzialek,gdańsk,Księga pustyni (dubbing),Cinema1 w Gdańsku,12:15,,dubbing,2026-08-24T08:49:48.326645
2026-08-24,poniedzialek,gdańsk,Księga pustyni (dubbing),Cinema1 w Gdańsku,16:35,,dubbing,2026-08-24T08:49:48.326645
2026-08-24,poniedzialek,gdańsk,Księga pustyni (dubbing),Multikino Gdańsk,10:40,,dubbing,2026-08-24T08:49:48.326645
2026-08-24,poniedzialek,gdańsk,Księga pustyni (dubbing),Multikino Gdańsk,13:45,,dubbing,2026-08-24T08:49:48.326645
2026-08-24,poniedzialek,gdańsk,Księga pustyni (dubbing),Multikino Gdańsk,16:00,,dubbing,2026-08-24T08:49:48.326645
2026-08-24,poniedzialek,gdańsk,Księga pustyni (dubbing),Multikino Gdańsk,18:15,,dubbing,2026-08-24T08:49:48.326645
2026-08-24,poniedzialek,gdańsk,Milczenie owiec,Kino Żak w Gdańsku,17:45,,,2026-08-24T08:49:48.326645
2026-08-24,poniedzialek,gdańsk,Minionki i straszydła (dubbing),Cinema1 w Gdańsku,09:30,,dubbing,2026-08-24T08:49:48.326645
2026-08-24,poniedzialek,gdańsk,Minionki i straszydła (dubbing),Cinema1 w Gdańsku,11:30,,dubbing,2026-08-24T08:49:48.326645
2026-08-24,poniedzialek,gdańsk,Minionki i straszydła (dubbing),Helios Gdańsk Forum,12:10,,dubbing,2026-08-24T08:49:48.326645
2026-08-24,poniedzialek,gdańsk,Minionki i straszydła (dubbing),Helios Gdańsk Metropolia,10:30,,dubbing,2026-08-24T08:49:48.326645
2026-08-24,poniedzialek,gdańsk,Minionki i straszydła (dubbing),Multikino Gdańsk,10:20,,dubbing,2026-08-24T08:49:48.326645
2026-08-24,poniedzialek,gdańsk,Naznaczony: Wyjście z mrocznego wymiaru,Cinema1 w Gdańsku,14:00,,,2026-08-24T08:49:48.326645
2026-08-24,poniedzialek,gdańsk,Naznaczony: Wyjście z mrocznego wymiaru,Cinema1 w Gdańsku,18:35,,,2026-08-24T08:49:48.326645
2026-08-24,poniedzialek,gdańsk,Naznaczony: Wyjście z mrocznego wymiaru,Cinema1 w Gdańsku,20:45,,,2026-08-24T08:49:48.326645
2026-08-24,poniedzialek,gdańsk,Naznaczony: Wyjście z mrocznego wymiaru,Helios Gdańsk Forum,15:40,,,2026-08-24T08:49:48.326645
2026-08-24,poniedzialek,gdańsk,Naznaczony: Wyjście z mrocznego wymiaru,Helios Gdańsk Forum,18:30,,,2026-08-24T08:49:48.326645
2026-08-24,poniedzialek,gdańsk,Naznaczony: Wyjście z mrocznego wymiaru,Helios Gdańsk Forum,21:10,,,2026-08-24T08:49:48.326645
2026-08-24,poniedzialek,gdańsk,Naznaczony: Wyjście z mrocznego wymiaru,Helios Gdańsk Metropolia,16:15,,,2026-08-24T08:49:48.326645
2026-08-24,poniedzialek,gdańsk,Naznaczony: Wyjście z mrocznego wymiaru,Helios Gdańsk Metropolia,19:00,,,2026-08-24T08:49:48.326645
2026-08-24,poniedzialek,gdańsk,Naznaczony: Wyjście z mrocznego wymiaru,Helios Gdańsk Metropolia,20:45,,,2026-08-24T08:49:48.326645
2026-08-24,poniedzialek,gdańsk,Naznaczony: Wyjście z mrocznego wymiaru,Multikino Gdańsk,15:05,,,2026-08-24T08:49:48.326645
2026-08-24,poniedzialek,gdańsk,Naznaczony: Wyjście z mrocznego wymiaru,Multikino Gdańsk,17:35,,,2026-08-24T08:49:48.326645
2026-08-24,poniedzialek,gdańsk,Naznaczony: Wyjście z mrocznego wymiaru,Multikino Gdańsk,20:05,,,2026-08-24T08:49:48.326645
2026-08-24,poniedzialek,gdańsk,Norymberga,Kino IKM w Gdańsku,18:00,,,2026-08-24T08:49:48.326645
2026-08-24,poniedzialek,gdańsk,Nowa fala,Kino Kameralne Cafe w Gdańsku,16:00,,,2026-08-24T08:49:48.326645
2026-08-24,poniedzialek,gdańsk,Nowa fala,Kino Spektrum w Gdańsku,17:45,,,2026-08-24T08:49:48.326645
2026-08-24,poniedzialek,gdańsk,O czym sobie nie mówimy,Kino Spektrum w Gdańsku,20:00,,,2026-08-24T08:49:48.326645
2026-08-24,poniedzialek,gdańsk,O czym wie Marielle,Kino Spektrum w Gdańsku,14:00,,,2026-08-24T08:49:48.326645
2026-08-24,poniedzialek,gdańsk,Obsesja,Helios Gdańsk Forum,11:20,,,2026-08-24T08:49:48.326645
2026-08-24,poniedzialek,gdańsk,Odyseja,Cinema1 w Gdańsku,17:15,,,2026-08-24T08:49:48.326645
2026-08-24,poniedzialek,gdańsk,Odyseja,Helios Gdańsk Forum,11:10,,,2026-08-24T08:49:48.326645
2026-08-24,poniedzialek,gdańsk,Odyseja,Helios Gdańsk Forum,14:40,,,2026-08-24T08:49:48.326645
2026-08-24,poniedzialek,gdańsk,Odyseja,Helios Gdańsk Forum,17:30,,,2026-08-24T08:49:48.326645
2026-08-24,poniedzialek,gdańsk,Odyseja,Helios Gdańsk Forum,19:10,,,2026-08-24T08:49:48.326645
2026-08-24,poniedzialek,gdańsk,Odyseja,Helios Gdańsk Metropolia,11:00,,,2026-08-24T08:49:48.326645
2026-08-24,poniedzialek,gdańsk,Odyseja,Helios Gdańsk Metropolia,16:30,,,2026-08-24T08:49:48.326645
2026-08-24,poniedzialek,gdańsk,Odyseja,Helios Gdańsk Metropolia,19:15,,,2026-08-24T08:49:48.326645
2026-08-24,poniedzialek,gdańsk,Odyseja,Multikino Gdańsk,10:15,,,2026-08-24T08:49:48.326645
2026-08-24,poniedzialek,gdańsk,Odyseja,Multikino Gdańsk,13:05,,,2026-08-24T08:49:48.326645
2026-08-24,poniedzialek,gdańsk,Odyseja,Multikino Gdańsk,15:30,,,2026-08-24T08:49:48.326645
2026-08-24,poniedzialek,gdańsk,Odyseja,Multikino Gdańsk,19:15,,,2026-08-24T08:49:48.326645
2026-08-24,poniedzialek,gdańsk,Odyseja,Multikino Gdańsk,20:15,,,2026-08-24T08:49:48.326645
2026-08-24,poniedzialek,gdańsk,Ostatni konsjerż,Kino Spektrum w Gdańsku,16:30,,,2026-08-24T08:49:48.326645
2026-08-24,poniedzialek,gdańsk,Pejzaż w kolorze sepii,Kino Żak w Gdańsku,20:00,,,2026-08-24T08:49:48.326645
2026-08-24,poniedzialek,gdańsk,Psi Patrol i dinozaury,Helios Gdańsk Forum,10:10,,,2026-08-24T08:49:48.326645
2026-08-24,poniedzialek,gdańsk,Psi Patrol i dinozaury,Helios Gdańsk Forum,13:15,,,2026-08-24T08:49:48.326645
2026-08-24,poniedzialek,gdańsk,Psi Patrol i dinozaury,Helios Gdańsk Forum,14:40,,,2026-08-24T08:49:48.326645
2026-08-24,poniedzialek,gdańsk,Psi Patrol i dinozaury,Helios Gdańsk Forum,17:10,,,2026-08-24T08:49:48.326645
2026-08-24,poniedzialek,gdańsk,Psi Patrol i dinozaury,Helios Gdańsk Metropolia,10:40,,,2026-08-24T08:49:48.326645
2026-08-24,poniedzialek,gdańsk,Psi Patrol i dinozaury,Helios Gdańsk Metropolia,13:00,,,2026-08-24T08:49:48.326645
2026-08-24,poniedzialek,gdańsk,Psi Patrol i dinozaury,Helios Gdańsk Metropolia,14:45,,,2026-08-24T08:49:48.326645
2026-08-24,poniedzialek,gdańsk,Psi Patrol i dinozaury,Helios Gdańsk Metropolia,17:00,,,2026-08-24T08:49:48.326645
2026-08-24,poniedzialek,gdańsk,Psi Patrol i dinozaury (dubbing),Cinema1 w Gdańsku,10:30,,dubbing,2026-08-24T08:49:48.326645
2026-08-24,poniedzialek,gdańsk,Psi Patrol i dinozaury (dubbing),Cinema1 w Gdańsku,12:45,,dubbing,2026-08-24T08:49:48.326645
2026-08-24,poniedzialek,gdańsk,Psi Patrol i dinozaury (dubbing),Cinema1 w Gdańsku,15:00,,dubbing,2026-08-24T08:49:48.326645
2026-08-24,poniedzialek,gdańsk,Psi Patrol i dinozaury (dubbing),Cinema1 w Gdańsku,17:15,,dubbing,2026-08-24T08:49:48.326645
2026-08-24,poniedzialek,gdańsk,Psi Patrol i dinozaury (dubbing),Multikino Gdańsk,10:20,,dubbing,2026-08-24T08:49:48.326645
2026-08-24,poniedzialek,gdańsk,Psi Patrol i dinozaury (dubbing),Multikino Gdańsk,11:25,,dubbing,2026-08-24T08:49:48.326645
2026-08-24,poniedzialek,gdańsk,Psi Patrol i dinozaury (dubbing),Multikino Gdańsk,12:30,,dubbing,2026-08-24T08:49:48.326645
2026-08-24,poniedzialek,gdańsk,Psi Patrol i dinozaury (dubbing),Multikino Gdańsk,13:35,,dubbing,2026-08-24T08:49:48.326645
2026-08-24,poniedzialek,gdańsk,Psi Patrol i dinozaury (dubbing),Multikino Gdańsk,15:45,,dubbing,2026-08-24T08:49:48.326645
2026-08-24,poniedzialek,gdańsk,Psi Patrol i dinozaury (dubbing),Multikino Gdańsk,17:55,,dubbing,2026-08-24T08:49:48.326645
2026-08-24,poniedzialek,gdańsk,Pucio kocha zwierzaki,Cinema1 w Gdańsku,10:15,,,2026-08-24T08:49:48.326645
2026-08-24,poniedzialek,gdańsk,Pucio kocha zwierzaki,Cinema1 w Gdańsku,11:45,,,2026-08-24T08:49:48.326645
2026-08-24,poniedzialek,gdańsk,Pucio kocha zwierzaki,Cinema1 w Gdańsku,13:00,,,2026-08-24T08:49:48.326645
2026-08-24,poniedzialek,gdańsk,Pucio kocha zwierzaki,Helios Gdańsk Forum,10:10,,,2026-08-24T08:49:48.326645
2026-08-24,poniedzialek,gdańsk,Pucio kocha zwierzaki,Helios Gdańsk Forum,13:50,,,2026-08-24T08:49:48.326645
2026-08-24,poniedzialek,gdańsk,Pucio kocha zwierzaki,Helios Gdańsk Forum,16:20,,,2026-08-24T08:49:48.326645
2026-08-24,poniedzialek,gdańsk,Pucio kocha zwierzaki,Helios Gdańsk Metropolia,10:00,,,2026-08-24T08:49:48.326645
2026-08-24,poniedzialek,gdańsk,Pucio kocha zwierzaki,Helios Gdańsk Metropolia,12:40,,,2026-08-24T08:49:48.326645
2026-08-24,poniedzialek,gdańsk,Pucio kocha zwierzaki,Helios Gdańsk Metropolia,15:10,,,2026-08-24T08:49:48.326645
2026-08-24,poniedzialek,gdańsk,Pucio kocha zwierzaki,Multikino Gdańsk,10:45,,,2026-08-24T08:49:48.326645
2026-08-24,poniedzialek,gdańsk,Pucio kocha zwierzaki,Multikino Gdańsk,11:55,,,2026-08-24T08:49:48.326645
2026-08-24,poniedzialek,gdańsk,Pucio kocha zwierzaki,Multikino Gdańsk,15:15,,,2026-08-24T08:49:48.326645
2026-08-24,poniedzialek,gdańsk,Shrek (dubbing),Multikino Gdańsk,13:20,,dubbing,2026-08-24T08:49:48.326645
2026-08-24,poniedzialek,gdańsk,Spider-Man. Całkiem nowy dzień,Cinema1 w Gdańsku,17:00,,,2026-08-24T08:49:48.326645
2026-08-24,poniedzialek,gdańsk,Spider-Man. Całkiem nowy dzień,Cinema1 w Gdańsku,19:15,,,2026-08-24T08:49:48.326645
2026-08-24,poniedzialek,gdańsk,Spider-Man. Całkiem nowy dzień,Helios Gdańsk Forum,10:00,,,2026-08-24T08:49:48.326645
2026-08-24,poniedzialek,gdańsk,Spider-Man. Całkiem nowy dzień,Helios Gdańsk Forum,10:30,,,2026-08-24T08:49:48.326645
2026-08-24,poniedzialek,gdańsk,Spider-Man. Całkiem nowy dzień,Helios Gdańsk Forum,13:40,,,2026-08-24T08:49:48.326645
2026-08-24,poniedzialek,gdańsk,Spider-Man. Całkiem nowy dzień,Helios Gdańsk Forum,14:30,,,2026-08-24T08:49:48.326645
2026-08-24,poniedzialek,gdańsk,Spider-Man. Całkiem nowy dzień,Helios Gdańsk Forum,15:20,,,2026-08-24T08:49:48.326645
2026-08-24,poniedzialek,gdańsk,Spider-Man. Całkiem nowy dzień,Helios Gdańsk Forum,17:00,,,2026-08-24T08:49:48.326645
2026-08-24,poniedzialek,gdańsk,Spider-Man. Całkiem nowy dzień,Helios Gdańsk Forum,20:10,,,2026-08-24T08:49:48.326645
2026-08-24,poniedzialek,gdańsk,Spider-Man. Całkiem nowy dzień,Helios Gdańsk Forum,21:00,,,2026-08-24T08:49:48.326645
2026-08-24,poniedzialek,gdańsk,Spider-Man. Całkiem nowy dzień,Helios Gdańsk Metropolia,10:00,,,2026-08-24T08:49:48.326645
2026-08-24,poniedzialek,gdańsk,Spider-Man. Całkiem nowy dzień,Helios Gdańsk Metropolia,12:40,,,2026-08-24T08:49:48.326645
2026-08-24,poniedzialek,gdańsk,Spider-Man. Całkiem nowy dzień,Helios Gdańsk Metropolia,14:20,,,2026-08-24T08:49:48.326645
2026-08-24,poniedzialek,gdańsk,Spider-Man. Całkiem nowy dzień,Helios Gdańsk Metropolia,15:20,,,2026-08-24T08:49:48.326645
2026-08-24,poniedzialek,gdańsk,Spider-Man. Całkiem nowy dzień,Helios Gdańsk Metropolia,17:30,,,2026-08-24T08:49:48.326645
2026-08-24,poniedzialek,gdańsk,Spider-Man. Całkiem nowy dzień,Helios Gdańsk Metropolia,18:30,,,2026-08-24T08:49:48.326645
2026-08-24,poniedzialek,gdańsk,Spider-Man. Całkiem nowy dzień,Helios Gdańsk Metropolia,20:15,,,2026-08-24T08:49:48.326645
2026-08-24,poniedzialek,gdańsk,Spider-Man. Całkiem nowy dzień,Multikino Gdańsk,11:00,,,2026-08-24T08:49:48.326645
2026-08-24,poniedzialek,gdańsk,Spider-Man. Całkiem nowy dzień,Multikino Gdańsk,11:45,,,2026-08-24T08:49:48.326645
2026-08-24,poniedzialek,gdańsk,Spider-Man. Całkiem nowy dzień,Multikino Gdańsk,14:15,,,2026-08-24T08:49:48.326645
2026-08-24,poniedzialek,gdańsk,Spider-Man. Całkiem nowy dzień,Multikino Gdańsk,14:55,,,2026-08-24T08:49:48.326645
2026-08-24,poniedzialek,gdańsk,Spider-Man. Całkiem nowy dzień,Multikino Gdańsk,17:30,,,2026-08-24T08:49:48.326645
2026-08-24,poniedzialek,gdańsk,Spider-Man. Całkiem nowy dzień,Multikino Gdańsk,20:45,,,2026-08-24T08:49:48.326645
2026-08-24,poniedzialek,gdańsk,Spider-Man. Całkiem nowy dzień (dubbing),Cinema1 w Gdańsku,13:45,,dubbing,2026-08-24T08:49:48.326645
2026-08-24,poniedzialek,gdańsk,Spider-Man. Całkiem nowy dzień (dubbing),Multikino Gdańsk,10:00,,dubbing,2026-08-24T08:49:48.326645
2026-08-24,poniedzialek,gdańsk,Spider-Man. Całkiem nowy dzień (dubbing),Multikino Gdańsk,13:15,,dubbing,2026-08-24T08:49:48.326645
2026-08-24,poniedzialek,gdańsk,Spider-Man. Całkiem nowy dzień (dubbing),Multikino Gdańsk,16:30,,dubbing,2026-08-24T08:49:48.326645
2026-08-24,poniedzialek,gdańsk,Spider-Man. Całkiem nowy dzień (dubbing),Multikino Gdańsk,19:45,,dubbing,2026-08-24T08:49:48.326645
2026-08-24,poniedzialek,gdańsk,Takie jest życie,Kino IKM w Gdańsku,15:30,,,2026-08-24T08:49:48.326645
2026-08-24,poniedzialek,gdańsk,Toy Story 5 (dubbing),Cinema1 w Gdańsku,11:35,,dubbing,2026-08-24T08:49:48.326645
2026-08-24,poniedzialek,gdańsk,Tylko jedna noc,Cinema1 w Gdańsku,14:15,,,2026-08-24T08:49:48.326645
2026-08-24,poniedzialek,gdańsk,Tylko jedna noc,Cinema1 w Gdańsku,18:30,,,2026-08-24T08:49:48.326645
2026-08-24,poniedzialek,gdańsk,Tylko jedna noc,Cinema1 w Gdańsku,20:45,,,2026-08-24T08:49:48.326645
2026-08-24,poniedzialek,gdańsk,Tylko jedna noc,Helios Gdańsk Forum,18:15,,,2026-08-24T08:49:48.326645
2026-08-24,poniedzialek,gdańsk,Tylko jedna noc,Helios Gdańsk Metropolia,13:50,,,2026-08-24T08:49:48.326645
2026-08-24,poniedzialek,gdańsk,Tylko jedna noc,Multikino Gdańsk,13:00,,,2026-08-24T08:49:48.326645
2026-08-24,poniedzialek,gdańsk,Tylko jedna noc,Multikino Gdańsk,20:30,,,2026-08-24T08:49:48.326645
2026-08-24,poniedzialek,gdańsk,Vaiana,Helios Gdańsk Forum,10:50,,,2026-08-24T08:49:48.326645
2026-08-24,poniedzialek,gdańsk,Vaiana (dubbing),Multikino Gdańsk,10:45,,dubbing,2026-08-24T08:49:48.326645
2026-08-24,poniedzialek,gdańsk,Wrong Girls,Helios Gdańsk Forum,17:40,,,2026-08-24T08:49:48.326645
2026-08-24,poniedzialek,gdańsk,Wrong Girls,Kino Kameralne Cafe w Gdańsku,18:15,,,2026-08-24T08:49:48.326645
2026-08-24,poniedzialek,gdańsk,Wrong Girls,Kino Spektrum w Gdańsku,18:15,,,2026-08-24T08:49:48.326645
2026-08-24,poniedzialek,gdańsk,Wszyscy moi wrogowie,Helios Gdańsk Forum,14:10,,,2026-08-24T08:49:48.326645
2026-08-24,poniedzialek,gdańsk,Wszyscy moi wrogowie,Helios Gdańsk Metropolia,12:30,,,2026-08-24T08:49:48.326645
2026-08-24,poniedzialek,gdańsk,Wszyscy moi wrogowie,Kino Kameralne Cafe w Gdańsku,20:30,,,2026-08-24T08:49:48.326645
2026-08-24,poniedzialek,gdańsk,Zaproszenie,Cinema1 w Gdańsku,16:15,,,2026-08-24T08:49:48.326645
2026-08-24,poniedzialek,gdańsk,Znaki Pana Śliwki,Kino IKM w Gdańsku,12:00,,,2026-08-24T08:49:48.326645
2026-08-24,poniedzialek,łódź,André Rieu. Niech żyje Maastricht!,Helios Łódź,18:00,,,2026-08-24T08:49:51.784654
2026-08-24,poniedzialek,łódź,André Rieu. Niech żyje Maastricht!,Multikino Silver Screen Łódź,16:40,,,2026-08-24T08:49:51.784654
2026-08-24,poniedzialek,łódź,Arek.Mama.Panorama,Cinema City Łódź Manufaktura,18:30,,,2026-08-24T08:49:51.784654
2026-08-24,poniedzialek,łódź,Arek.Mama.Panorama,Kino Charlie w Łodzi,18:20,,,2026-08-24T08:49:51.784654
2026-08-24,poniedzialek,łódź,Backrooms. Bez wyjścia,Cinema City Łódź Manufaktura,21:30,,,2026-08-24T08:49:51.784654
2026-08-24,poniedzialek,łódź,Bird,Kino Tatry w Łodzi,18:00,,,2026-08-24T08:49:51.784654
2026-08-24,poniedzialek,łódź,Bogaci i martwi,Cinema City Łódź Manufaktura,11:10,,,2026-08-24T08:49:51.784654
2026-08-24,poniedzialek,łódź,Bogaci i martwi,Cinema City Łódź Manufaktura,13:40,,,2026-08-24T08:49:51.784654
2026-08-24,poniedzialek,łódź,Bogaci i martwi,Cinema City Łódź Manufaktura,19:00,,,2026-08-24T08:49:51.784654
2026-08-24,poniedzialek,łódź,Bogaci i martwi,Kino Charlie w Łodzi,16:50,,,2026-08-24T08:49:51.784654
2026-08-24,poniedzialek,łódź,Buntownik,Cinema City Łódź Manufaktura,10:30,,,2026-08-24T08:49:51.784654
2026-08-24,poniedzialek,łódź,Buntownik,Cinema City Łódź Manufaktura,12:50,,,2026-08-24T08:49:51.784654
2026-08-24,poniedzialek,łódź,Buntownik,Cinema City Łódź Manufaktura,17:30,,,2026-08-24T08:49:51.784654
2026-08-24,poniedzialek,łódź,Buntownik,Cinema City Łódź Manufaktura,19:50,,,2026-08-24T08:49:51.784654
2026-08-24,poniedzialek,łódź,Buntownik,Helios Łódź,12:20,,,2026-08-24T08:49:51.784654
2026-08-24,poniedzialek,łódź,Buntownik,Helios Łódź,15:10,,,2026-08-24T08:49:51.784654
2026-08-24,poniedzialek,łódź,Buntownik,Helios Łódź,18:40,,,2026-08-24T08:49:51.784654
2026-08-24,poniedzialek,łódź,Buntownik,Helios Łódź,20:45,,,2026-08-24T08:49:51.784654
2026-08-24,poniedzialek,łódź,Buntownik,Multikino Silver Screen Łódź,15:20,,,2026-08-24T08:49:51.784654
2026-08-24,poniedzialek,łódź,Buntownik,Multikino Silver Screen Łódź,17:40,,,2026-08-24T08:49:51.784654
2026-08-24,poniedzialek,łódź,Buntownik,Multikino Silver Screen Łódź,20:00,,,2026-08-24T08:49:51.784654
2026-08-24,poniedzialek,łódź,Clifford. Wielki czerwony pies,TME Polówka - Port Łódź,21:00,,,2026-08-24T08:49:51.784654
2026-08-24,poniedzialek,łódź,Flavia de Luce (dubbing),Cinema City Łódź Manufaktura,10:00,,dubbing,2026-08-24T08:49:51.784654
2026-08-24,poniedzialek,łódź,Frances Ha,Cinema City Łódź Manufaktura,20:30,,,2026-08-24T08:49:51.784654
2026-08-24,poniedzialek,łódź,Historie równoległe,Cinema City Łódź Manufaktura,20:30,,,2026-08-24T08:49:51.784654
2026-08-24,poniedzialek,łódź,Historie równoległe,Helios Łódź,11:00,,,2026-08-24T08:49:51.784654
2026-08-24,poniedzialek,łódź,Historie równoległe,Kino Charlie w Łodzi,17:10,,,2026-08-24T08:49:51.784654
2026-08-24,poniedzialek,łódź,Historie równoległe,Kino Charlie w Łodzi,19:30,,,2026-08-24T08:49:51.784654
2026-08-24,poniedzialek,łódź,Historie równoległe,Multikino Silver Screen Łódź,10:00,,,2026-08-24T08:49:51.784654
2026-08-24,poniedzialek,łódź,Historie równoległe,Multikino Silver Screen Łódź,20:00,,,2026-08-24T08:49:51.784654
2026-08-24,poniedzialek,łódź,Homo sapiens?,Kino Charlie w Łodzi,20:00,,,2026-08-24T08:49:51.784654
2026-08-24,poniedzialek,łódź,Ice Cream Man,Cinema City Łódź Manufaktura,22:00,,,2026-08-24T08:49:51.784654
2026-08-24,poniedzialek,łódź,Ice Cream Man,Helios Łódź,21:40,,,2026-08-24T08:49:51.784654
2026-08-24,poniedzialek,łódź,Julia Pirotte. Piękno i siła,Kino Charlie w Łodzi,19:00,,,2026-08-24T08:49:51.784654
2026-08-24,poniedzialek,łódź,Koniec Ulicy Dębowej,Cinema City Łódź Manufaktura,10:50,,,2026-08-24T08:49:51.784654
2026-08-24,poniedzialek,łódź,Koniec Ulicy Dębowej,Cinema City Łódź Manufaktura,17:20,,,2026-08-24T08:49:51.784654
2026-08-24,poniedzialek,łódź,Koniec Ulicy Dębowej,Cinema City Łódź Manufaktura,19:50,,,2026-08-24T08:49:51.784654
2026-08-24,poniedzialek,łódź,Koniec Ulicy Dębowej,Helios Łódź,11:30,,,2026-08-24T08:49:51.784654
2026-08-24,poniedzialek,łódź,Koniec Ulicy Dębowej,Helios Łódź,14:00,,,2026-08-24T08:49:51.784654
2026-08-24,poniedzialek,łódź,Koniec Ulicy Dębowej,Helios Łódź,19:20,,,2026-08-24T08:49:51.784654
2026-08-24,poniedzialek,łódź,Koniec Ulicy Dębowej,Multikino Silver Screen Łódź,13:00,,,2026-08-24T08:49:51.784654
2026-08-24,poniedzialek,łódź,Koniec Ulicy Dębowej,Multikino Silver Screen Łódź,19:00,,,2026-08-24T08:49:51.784654
2026-08-24,poniedzialek,łódź,Księga pustyni,Helios Łódź,10:00,,,2026-08-24T08:49:51.784654
2026-08-24,poniedzialek,łódź,Księga pustyni,Helios Łódź,13:30,,,2026-08-24T08:49:51.784654
2026-08-24,poniedzialek,łódź,Księga pustyni,Helios Łódź,16:50,,,2026-08-24T08:49:51.784654
2026-08-24,poniedzialek,łódź,Księga pustyni,Kino Charlie w Łodzi,17:30,,,2026-08-24T08:49:51.784654
2026-08-24,poniedzialek,łódź,Księga pustyni (dubbing),Cinema City Łódź Manufaktura,10:00,,dubbing,2026-08-24T08:49:51.784654
2026-08-24,poniedzialek,łódź,Księga pustyni (dubbing),Cinema City Łódź Manufaktura,12:15,,dubbing,2026-08-24T08:49:51.784654
2026-08-24,poniedzialek,łódź,Księga pustyni (dubbing),Cinema City Łódź Manufaktura,14:30,,dubbing,2026-08-24T08:49:51.784654
2026-08-24,poniedzialek,łódź,Księga pustyni (dubbing),Cinema City Łódź Manufaktura,16:10,,dubbing,2026-08-24T08:49:51.784654
2026-08-24,poniedzialek,łódź,Księga pustyni (dubbing),Cinema City Łódź Manufaktura,18:20,,dubbing,2026-08-24T08:49:51.784654
2026-08-24,poniedzialek,łódź,Księga pustyni (dubbing),Multikino Silver Screen Łódź,11:00,,dubbing,2026-08-24T08:49:51.784654
2026-08-24,poniedzialek,łódź,Księga pustyni (dubbing),Multikino Silver Screen Łódź,13:15,,dubbing,2026-08-24T08:49:51.784654
2026-08-24,poniedzialek,łódź,Księga pustyni (dubbing),Multikino Silver Screen Łódź,15:45,,dubbing,2026-08-24T08:49:51.784654
2026-08-24,poniedzialek,łódź,Księga pustyni (dubbing),Multikino Silver Screen Łódź,17:00,,dubbing,2026-08-24T08:49:51.784654
2026-08-24,poniedzialek,łódź,Minionki i straszydła (dubbing),Cinema City Łódź Manufaktura,12:10,,dubbing,2026-08-24T08:49:51.784654
2026-08-24,poniedzialek,łódź,Minionki i straszydła (dubbing),Cinema City Łódź Manufaktura,14:15,,dubbing,2026-08-24T08:49:51.784654
2026-08-24,poniedzialek,łódź,Minionki i straszydła (dubbing),Cinema City Łódź Manufaktura,16:20,,dubbing,2026-08-24T08:49:51.784654
2026-08-24,poniedzialek,łódź,Minionki i straszydła (dubbing),Helios Łódź,12:10,,dubbing,2026-08-24T08:49:51.784654
2026-08-24,poniedzialek,łódź,Minionki i straszydła (dubbing),Multikino Silver Screen Łódź,10:00,,dubbing,2026-08-24T08:49:51.784654
2026-08-24,poniedzialek,łódź,Minionki i straszydła (dubbing),Multikino Silver Screen Łódź,13:20,,dubbing,2026-08-24T08:49:51.784654
2026-08-24,poniedzialek,łódź,Naznaczony: Wyjście z mrocznego wymiaru,Cinema City Łódź Manufaktura,13:20,,,2026-08-24T08:49:51.784654
2026-08-24,poniedzialek,łódź,Naznaczony: Wyjście z mrocznego wymiaru,Cinema City Łódź Manufaktura,15:50,,,2026-08-24T08:49:51.784654
2026-08-24,poniedzialek,łódź,Naznaczony: Wyjście z mrocznego wymiaru,Cinema City Łódź Manufaktura,18:20,,,2026-08-24T08:49:51.784654
2026-08-24,poniedzialek,łódź,Naznaczony: Wyjście z mrocznego wymiaru,Cinema City Łódź Manufaktura,19:10,,,2026-08-24T08:49:51.784654
2026-08-24,poniedzialek,łódź,Naznaczony: Wyjście z mrocznego wymiaru,Cinema City Łódź Manufaktura,20:50,,,2026-08-24T08:49:51.784654
2026-08-24,poniedzialek,łódź,Naznaczony: Wyjście z mrocznego wymiaru,Helios Łódź,15:40,,,2026-08-24T08:49:51.784654
2026-08-24,poniedzialek,łódź,Naznaczony: Wyjście z mrocznego wymiaru,Helios Łódź,18:30,,,2026-08-24T08:49:51.784654
2026-08-24,poniedzialek,łódź,Naznaczony: Wyjście z mrocznego wymiaru,Helios Łódź,21:10,,,2026-08-24T08:49:51.784654
2026-08-24,poniedzialek,łódź,Naznaczony: Wyjście z mrocznego wymiaru,Multikino Silver Screen Łódź,15:30,,,2026-08-24T08:49:51.784654
2026-08-24,poniedzialek,łódź,Naznaczony: Wyjście z mrocznego wymiaru,Multikino Silver Screen Łódź,18:00,,,2026-08-24T08:49:51.784654
2026-08-24,poniedzialek,łódź,Naznaczony: Wyjście z mrocznego wymiaru,Multikino Silver Screen Łódź,20:30,,,2026-08-24T08:49:51.784654
2026-08-24,poniedzialek,łódź,Niesamowite przygody skarpetek 3. Ale kosmos!,Kino Charlie w Łodzi,15:45,,,2026-08-24T08:49:51.784654
2026-08-24,poniedzialek,łódź,O czym sobie nie mówimy,Kino Charlie w Łodzi,14:50,,,2026-08-24T08:49:51.784654
2026-08-24,poniedzialek,łódź,O czym sobie nie mówimy,Kino Charlie w Łodzi,20:00,,,2026-08-24T08:49:51.784654
2026-08-24,poniedzialek,łódź,O czym wie Marielle,Kino Charlie w Łodzi,16:50,,,2026-08-24T08:49:51.784654
2026-08-24,poniedzialek,łódź,Obsesja,Helios Łódź,11:20,,,2026-08-24T08:49:51.784654
2026-08-24,poniedzialek,łódź,Obsesja,Multikino Silver Screen Łódź,21:25,,,2026-08-24T08:49:51.784654
2026-08-24,poniedzialek,łódź,Odyseja,Cinema City Łódź Manufaktura,10:15,,,2026-08-24T08:49:51.784654
2026-08-24,poniedzialek,łódź,Odyseja,Cinema City Łódź Manufaktura,14:00,,,2026-08-24T08:49:51.784654
2026-08-24,poniedzialek,łódź,Odyseja,Cinema City Łódź Manufaktura,15:00,,,2026-08-24T08:49:51.784654
2026-08-24,poniedzialek,łódź,Odyseja,Cinema City Łódź Manufaktura,17:40,,,2026-08-24T08:49:51.784654
2026-08-24,poniedzialek,łódź,Odyseja,Cinema City Łódź Manufaktura,21:15,,,2026-08-24T08:49:51.784654
2026-08-24,poniedzialek,łódź,Odyseja,Cinema City Łódź Manufaktura IMAX,10:40,,,2026-08-24T08:49:51.784654
2026-08-24,poniedzialek,łódź,Odyseja,Cinema City Łódź Manufaktura IMAX,14:20,,,2026-08-24T08:49:51.784654
2026-08-24,poniedzialek,łódź,Odyseja,Cinema City Łódź Manufaktura IMAX,20:40,,,2026-08-24T08:49:51.784654
2026-08-24,poniedzialek,łódź,Odyseja,Helios Łódź,11:10,,,2026-08-24T08:49:51.784654
2026-08-24,poniedzialek,łódź,Odyseja,Helios Łódź,14:40,,,2026-08-24T08:49:51.784654
2026-08-24,poniedzialek,łódź,Odyseja,Helios Łódź,17:30,,,2026-08-24T08:49:51.784654
2026-08-24,poniedzialek,łódź,Odyseja,Helios Łódź,19:10,,,2026-08-24T08:49:51.784654
2026-08-24,poniedzialek,łódź,Odyseja,Multikino Silver Screen Łódź,10:30,,,2026-08-24T08:49:51.784654
2026-08-24,poniedzialek,łódź,Odyseja,Multikino Silver Screen Łódź,13:25,,,2026-08-24T08:49:51.784654
2026-08-24,poniedzialek,łódź,Odyseja,Multikino Silver Screen Łódź,15:30,,,2026-08-24T08:49:51.784654
2026-08-24,poniedzialek,łódź,Odyseja,Multikino Silver Screen Łódź,19:15,,,2026-08-24T08:49:51.784654
2026-08-24,poniedzialek,łódź,Odyseja,Multikino Silver Screen Łódź,20:10,,,2026-08-24T08:49:51.784654
2026-08-24,poniedzialek,łódź,Odyseja / Одіссея (ukr.),Cinema City Łódź Manufaktura,20:20,,,2026-08-24T08:49:51.784654
2026-08-24,poniedzialek,łódź,Ojczyzna,Kino Charlie w Łodzi,17:35,,,2026-08-24T08:49:51.784654
2026-08-24,poniedzialek,łódź,Ostatnia sesja w Paryżu,Kino Charlie w Łodzi,18:10,,,2026-08-24T08:49:51.784654
2026-08-24,poniedzialek,łódź,Pejzaż w kolorze sepii,Kino Charlie w Łodzi,15:05,,,2026-08-24T08:49:51.784654
2026-08-24,poniedzialek,łódź,Psi Patrol i dinozaury,Helios Łódź,10:10,,,2026-08-24T08:49:51.784654
2026-08-24,poniedzialek,łódź,Psi Patrol i dinozaury,Helios Łódź,13:10,,,2026-08-24T08:49:51.784654
2026-08-24,poniedzialek,łódź,Psi Patrol i dinozaury,Helios Łódź,14:40,,,2026-08-24T08:49:51.784654
2026-08-24,poniedzialek,łódź,Psi Patrol i dinozaury,Helios Łódź,17:10,,,2026-08-24T08:49:51.784654
2026-08-24,poniedzialek,łódź,Psi Patrol i dinozaury,Kino Charlie w Łodzi,15:30,,,2026-08-24T08:49:51.784654
2026-08-24,poniedzialek,łódź,Psi Patrol i dinozaury (dubbing),Cinema City Łódź Manufaktura,10:20,,dubbing,2026-08-24T08:49:51.784654
2026-08-24,poniedzialek,łódź,Psi Patrol i dinozaury (dubbing),Cinema City Łódź Manufaktura,12:30,,dubbing,2026-08-24T08:49:51.784654
2026-08-24,poniedzialek,łódź,Psi Patrol i dinozaury (dubbing),Cinema City Łódź Manufaktura,14:40,,dubbing,2026-08-24T08:49:51.784654
2026-08-24,poniedzialek,łódź,Psi Patrol i dinozaury (dubbing),Cinema City Łódź Manufaktura,16:50,,dubbing,2026-08-24T08:49:51.784654
2026-08-24,poniedzialek,łódź,Psi Patrol i dinozaury (dubbing),Multikino Silver Screen Łódź,11:20,,dubbing,2026-08-24T08:49:51.784654
2026-08-24,poniedzialek,łódź,Psi Patrol i dinozaury (dubbing),Multikino Silver Screen Łódź,13:30,,dubbing,2026-08-24T08:49:51.784654
2026-08-24,poniedzialek,łódź,Psi Patrol i dinozaury (dubbing),Multikino Silver Screen Łódź,15:40,,dubbing,2026-08-24T08:49:51.784654
2026-08-24,poniedzialek,łódź,Psi Patrol i dinozaury (dubbing),Multikino Silver Screen Łódź,17:50,,dubbing,2026-08-24T08:49:51.784654
2026-08-24,poniedzialek,łódź,Pucio kocha zwierzaki,Cinema City Łódź Manufaktura,10:10,,,2026-08-24T08:49:51.784654
2026-08-24,poniedzialek,łódź,Pucio kocha zwierzaki,Cinema City Łódź Manufaktura,11:40,,,2026-08-24T08:49:51.784654
2026-08-24,poniedzialek,łódź,Pucio kocha zwierzaki,Cinema City Łódź Manufaktura,13:10,,,2026-08-24T08:49:51.784654
2026-08-24,poniedzialek,łódź,Pucio kocha zwierzaki,Cinema City Łódź Manufaktura,14:30,,,2026-08-24T08:49:51.784654
2026-08-24,poniedzialek,łódź,Pucio kocha zwierzaki,Cinema City Łódź Manufaktura,15:50,,,2026-08-24T08:49:51.784654
2026-08-24,poniedzialek,łódź,Pucio kocha zwierzaki,Helios Łódź,10:10,,,2026-08-24T08:49:51.784654
2026-08-24,poniedzialek,łódź,Pucio kocha zwierzaki,Helios Łódź,13:50,,,2026-08-24T08:49:51.784654
2026-08-24,poniedzialek,łódź,Pucio kocha zwierzaki,Helios Łódź,16:20,,,2026-08-24T08:49:51.784654
2026-08-24,poniedzialek,łódź,Pucio kocha zwierzaki,Kino Charlie w Łodzi,14:50,,,2026-08-24T08:49:51.784654
2026-08-24,poniedzialek,łódź,Pucio kocha zwierzaki,Multikino Silver Screen Łódź,10:10,,,2026-08-24T08:49:51.784654
2026-08-24,poniedzialek,łódź,Pucio kocha zwierzaki,Multikino Silver Screen Łódź,11:20,,,2026-08-24T08:49:51.784654
2026-08-24,poniedzialek,łódź,Pucio kocha zwierzaki,Multikino Silver Screen Łódź,12:30,,,2026-08-24T08:49:51.784654
2026-08-24,poniedzialek,łódź,Pucio kocha zwierzaki,Multikino Silver Screen Łódź,14:05,,,2026-08-24T08:49:51.784654
2026-08-24,poniedzialek,łódź,Pucio kocha zwierzaki,Multikino Silver Screen Łódź,15:30,,,2026-08-24T08:49:51.784654
2026-08-24,poniedzialek,łódź,Shrek (dubbing),Cinema City Łódź Manufaktura,14:40,,dubbing,2026-08-24T08:49:51.784654
2026-08-24,poniedzialek,łódź,Shrek (dubbing),Cinema City Łódź Manufaktura,16:00,,dubbing,2026-08-24T08:49:51.784654
2026-08-24,poniedzialek,łódź,Shrek (dubbing),Cinema City Łódź Manufaktura,17:00,,dubbing,2026-08-24T08:49:51.784654
2026-08-24,poniedzialek,łódź,Shrek (dubbing),Cinema City Łódź Manufaktura,18:10,,dubbing,2026-08-24T08:49:51.784654
2026-08-24,poniedzialek,łódź,Shrek (dubbing),Multikino Silver Screen Łódź,13:45,,dubbing,2026-08-24T08:49:51.784654
2026-08-24,poniedzialek,łódź,Spider-Man. Całkiem nowy dzień,Cinema City Łódź Manufaktura,10:30,,,2026-08-24T08:49:51.784654
2026-08-24,poniedzialek,łódź,Spider-Man. Całkiem nowy dzień,Cinema City Łódź Manufaktura,13:40,,,2026-08-24T08:49:51.784654
2026-08-24,poniedzialek,łódź,Spider-Man. Całkiem nowy dzień,Cinema City Łódź Manufaktura,16:50,,,2026-08-24T08:49:51.784654
2026-08-24,poniedzialek,łódź,Spider-Man. Całkiem nowy dzień,Cinema City Łódź Manufaktura,20:00,,,2026-08-24T08:49:51.784654
2026-08-24,poniedzialek,łódź,Spider-Man. Całkiem nowy dzień,Cinema City Łódź Manufaktura,21:20,,,2026-08-24T08:49:51.784654
2026-08-24,poniedzialek,łódź,Spider-Man. Całkiem nowy dzień,Helios Łódź,10:00,,,2026-08-24T08:49:51.784654
2026-08-24,poniedzialek,łódź,Spider-Man. Całkiem nowy dzień,Helios Łódź,10:30,,,2026-08-24T08:49:51.784654
2026-08-24,poniedzialek,łódź,Spider-Man. Całkiem nowy dzień,Helios Łódź,13:40,,,2026-08-24T08:49:51.784654
2026-08-24,poniedzialek,łódź,Spider-Man. Całkiem nowy dzień,Helios Łódź,14:30,,,2026-08-24T08:49:51.784654
2026-08-24,poniedzialek,łódź,Spider-Man. Całkiem nowy dzień,Helios Łódź,15:20,,,2026-08-24T08:49:51.784654
2026-08-24,poniedzialek,łódź,Spider-Man. Całkiem nowy dzień,Helios Łódź,17:00,,,2026-08-24T08:49:51.784654
2026-08-24,poniedzialek,łódź,Spider-Man. Całkiem nowy dzień,Helios Łódź,20:10,,,2026-08-24T08:49:51.784654
2026-08-24,poniedzialek,łódź,Spider-Man. Całkiem nowy dzień,Helios Łódź,21:00,,,2026-08-24T08:49:51.784654
2026-08-24,poniedzialek,łódź,Spider-Man. Całkiem nowy dzień,Multikino Silver Screen Łódź,11:00,,,2026-08-24T08:49:51.784654
2026-08-24,poniedzialek,łódź,Spider-Man. Całkiem nowy dzień,Multikino Silver Screen Łódź,14:15,,,2026-08-24T08:49:51.784654
2026-08-24,poniedzialek,łódź,Spider-Man. Całkiem nowy dzień,Multikino Silver Screen Łódź,15:15,,,2026-08-24T08:49:51.784654
2026-08-24,poniedzialek,łódź,Spider-Man. Całkiem nowy dzień,Multikino Silver Screen Łódź,17:30,,,2026-08-24T08:49:51.784654
2026-08-24,poniedzialek,łódź,Spider-Man. Całkiem nowy dzień,Multikino Silver Screen Łódź,20:45,,,2026-08-24T08:49:51.784654
2026-08-24,poniedzialek,łódź,Spider-Man. Całkiem nowy dzień (dubbing),Cinema City Łódź Manufaktura,11:50,,dubbing,2026-08-24T08:49:51.784654
2026-08-24,poniedzialek,łódź,Spider-Man. Całkiem nowy dzień (dubbing),Cinema City Łódź Manufaktura,15:00,,dubbing,2026-08-24T08:49:51.784654
2026-08-24,poniedzialek,łódź,Spider-Man. Całkiem nowy dzień (dubbing),Cinema City Łódź Manufaktura,18:10,,dubbing,2026-08-24T08:49:51.784654
2026-08-24,poniedzialek,łódź,Spider-Man. Całkiem nowy dzień (dubbing),Multikino Silver Screen Łódź,10:00,,dubbing,2026-08-24T08:49:51.784654
2026-08-24,poniedzialek,łódź,Spider-Man. Całkiem nowy dzień (dubbing),Multikino Silver Screen Łódź,12:05,,dubbing,2026-08-24T08:49:51.784654
2026-08-24,poniedzialek,łódź,Spider-Man. Całkiem nowy dzień (dubbing),Multikino Silver Screen Łódź,13:15,,dubbing,2026-08-24T08:49:51.784654
2026-08-24,poniedzialek,łódź,Spider-Man. Całkiem nowy dzień (dubbing),Multikino Silver Screen Łódź,16:30,,dubbing,2026-08-24T08:49:51.784654
2026-08-24,poniedzialek,łódź,Spider-Man. Całkiem nowy dzień (dubbing),Multikino Silver Screen Łódź,19:45,,dubbing,2026-08-24T08:49:51.784654
2026-08-24,poniedzialek,łódź,Spider-Man. Całkiem nowy dzień 3D,Cinema City Łódź Manufaktura,17:40,3D,,2026-08-24T08:49:51.784654
2026-08-24,poniedzialek,łódź,Spider-Man. Całkiem nowy dzień 3D,Cinema City Łódź Manufaktura,21:40,3D,,2026-08-24T08:49:51.784654
2026-08-24,poniedzialek,łódź,Spider-Man. Całkiem nowy dzień 3D (dubbing),Cinema City Łódź Manufaktura,11:30,3D,dubbing,2026-08-24T08:49:51.784654
2026-08-24,poniedzialek,łódź,Spider-Man. Całkiem nowy dzień 3D (dubbing),Cinema City Łódź Manufaktura,14:20,3D,dubbing,2026-08-24T08:49:51.784654
2026-08-24,poniedzialek,łódź,Superfutrzak i złośliwa wiewiórka,Kino Charlie w Łodzi,15:10,,,2026-08-24T08:49:51.784654
2026-08-24,poniedzialek,łódź,Toy Story 5 (dubbing),Cinema City Łódź Manufaktura,15:00,,dubbing,2026-08-24T08:49:51.784654
2026-08-24,poniedzialek,łódź,Tylko jedna noc,Cinema City Łódź Manufaktura,10:20,,,2026-08-24T08:49:51.784654
2026-08-24,poniedzialek,łódź,Tylko jedna noc,Cinema City Łódź Manufaktura,19:00,,,2026-08-24T08:49:51.784654
2026-08-24,poniedzialek,łódź,Tylko jedna noc,Helios Łódź,18:15,,,2026-08-24T08:49:51.784654
2026-08-24,poniedzialek,łódź,Tylko jedna noc,Kino Charlie w Łodzi,18:00,,,2026-08-24T08:49:51.784654
2026-08-24,poniedzialek,łódź,Tylko jedna noc,Kino Charlie w Łodzi,20:10,,,2026-08-24T08:49:51.784654
2026-08-24,poniedzialek,łódź,Tylko jedna noc,Multikino Silver Screen Łódź,20:30,,,2026-08-24T08:49:51.784654
2026-08-24,poniedzialek,łódź,Vaiana,Helios Łódź,10:50,,,2026-08-24T08:49:51.784654
2026-08-24,poniedzialek,łódź,Vaiana (dubbing),Cinema City Łódź Manufaktura,10:50,,dubbing,2026-08-24T08:49:51.784654
2026-08-24,poniedzialek,łódź,Vaiana (dubbing),Cinema City Łódź Manufaktura,13:30,,dubbing,2026-08-24T08:49:51.784654
2026-08-24,poniedzialek,łódź,Vaiana (dubbing),Multikino Silver Screen Łódź,10:40,,dubbing,2026-08-24T08:49:51.784654
2026-08-24,poniedzialek,łódź,Vivaldi i ja,Cinema City Łódź Manufaktura,11:50,,,2026-08-24T08:49:51.784654
2026-08-24,poniedzialek,łódź,Vivaldi i ja,Cinema City Łódź Manufaktura,20:50,,,2026-08-24T08:49:51.784654
2026-08-24,poniedzialek,łódź,Vivaldi i ja,Kino Charlie w Łodzi,15:45,,,2026-08-24T08:49:51.784654
2026-08-24,poniedzialek,łódź,Wartość sentymentalna,Kino Charlie w Łodzi,19:35,,,2026-08-24T08:49:51.784654
2026-08-24,poniedzialek,łódź,Wrong Girls,Cinema City Łódź Manufaktura,12:40,,,2026-08-24T08:49:51.784654
2026-08-24,poniedzialek,łódź,Wrong Girls,Cinema City Łódź Manufaktura,18:50,,,2026-08-24T08:49:51.784654
2026-08-24,poniedzialek,łódź,Wrong Girls,Cinema City Łódź Manufaktura,21:20,,,2026-08-24T08:49:51.784654
2026-08-24,poniedzialek,łódź,Wrong Girls,Helios Łódź,17:40,,,2026-08-24T08:49:51.784654
2026-08-24,poniedzialek,łódź,Wrong Girls,Kino Charlie w Łodzi,14:45,,,2026-08-24T08:49:51.784654
2026-08-24,poniedzialek,łódź,Wszyscy moi wrogowie,Cinema City Łódź Manufaktura,21:20,,,2026-08-24T08:49:51.784654
2026-08-24,poniedzialek,łódź,Wszyscy moi wrogowie,Helios Łódź,14:10,,,2026-08-24T08:49:51.784654
2026-08-24,poniedzialek,łódź,Wszyscy moi wrogowie,Kino Charlie w Łodzi,19:25,,,2026-08-24T08:49:51.784654
2026-08-24,poniedzialek,łódź,Zagubiona Autostrada,Kino Tatry w Łodzi,20:00,,,2026-08-24T08:49:51.784654
2026-08-24,poniedzialek,łódź,Zaproszenie,Cinema City Łódź Manufaktura,22:20,,,2026-08-24T08:49:51.784654
2026-08-24,poniedzialek,łódź,Zaproszenie,Kino Charlie w Łodzi,15:05,,,2026-08-24T08:49:51.784654
2026-08-24,poniedzialek,łódź,Zaproszenie,Kino Charlie w Łodzi,17:20,,,2026-08-24T08:49:51.784654
2026-08-24,poniedzialek,łódź,Zaproszenie,Kino Charlie w Łodzi,19:35,,,2026-08-24T08:49:51.784654
2026-08-24,poniedzialek,łódź,Znaki Pana Śliwki,Kino Charlie w Łodzi,16:50,,,2026-08-24T08:49:51.784654
2026-08-24,poniedzialek,łódź,АСТРАЛ: ЗА МЕЖАМИ ПОТОЙБІЧЧЯ / Naznaczony: Wyjście z mrocznego wymiaru (ukr.),Cinema City Łódź Manufaktura,16:40,,,2026-08-24T08:49:51.784654
2026-08-24,poniedzialek,łódź,АСТРАЛ: ЗА МЕЖАМИ ПОТОЙБІЧЧЯ / Naznaczony: Wyjście z mrocznego wymiaru (ukr.),Multikino Silver Screen Łódź,21:25,,,2026-08-24T08:49:51.784654
2026-08-24,poniedzialek,łódź,Людина-павук: Абсолютно новий день / Spider-Man. Całkiem nowy dzień (ukr.),Multikino Silver Screen Łódź,18:20,,,2026-08-24T08:49:51.784654
2026-08-24,poniedzialek,szczecin,André Rieu. Niech żyje Maastricht!,Helios Szczecin CHR Kupiec,18:00,,,2026-08-24T08:49:55.557834
2026-08-24,poniedzialek,szczecin,André Rieu. Niech żyje Maastricht!,Helios Szczecin Outlet Park,18:00,,,2026-08-24T08:49:55.557834
2026-08-24,poniedzialek,szczecin,André Rieu. Niech żyje Maastricht!,Multikino Szczecin,16:40,,,2026-08-24T08:49:55.557834
2026-08-24,poniedzialek,szczecin,Buntownik,Helios Szczecin CHR Kupiec,13:45,,,2026-08-24T08:49:55.557834
2026-08-24,poniedzialek,szczecin,Buntownik,Helios Szczecin CHR Kupiec,18:15,,,2026-08-24T08:49:55.557834
2026-08-24,poniedzialek,szczecin,Buntownik,Helios Szczecin Outlet Park,16:15,,,2026-08-24T08:49:55.557834
2026-08-24,poniedzialek,szczecin,Buntownik,Helios Szczecin Outlet Park,17:45,,,2026-08-24T08:49:55.557834
2026-08-24,poniedzialek,szczecin,Buntownik,Helios Szczecin Outlet Park,21:00,,,2026-08-24T08:49:55.557834
2026-08-24,poniedzialek,szczecin,Buntownik,Multikino Szczecin,15:00,,,2026-08-24T08:49:55.557834
2026-08-24,poniedzialek,szczecin,Buntownik,Multikino Szczecin,17:20,,,2026-08-24T08:49:55.557834
2026-08-24,poniedzialek,szczecin,Buntownik,Multikino Szczecin,19:40,,,2026-08-24T08:49:55.557834
2026-08-24,poniedzialek,szczecin,Frances Ha,Kino Pionier 1907 w Szczecinie,16:45,,,2026-08-24T08:49:55.557834
2026-08-24,poniedzialek,szczecin,Historie równoległe,Kino Pionier 1907 w Szczecinie,18:30,,,2026-08-24T08:49:55.557834
2026-08-24,poniedzialek,szczecin,Historie równoległe,Multikino Szczecin,20:00,,,2026-08-24T08:49:55.557834
2026-08-24,poniedzialek,szczecin,Koniec Ulicy Dębowej,Helios Szczecin CHR Kupiec,17:45,,,2026-08-24T08:49:55.557834
2026-08-24,poniedzialek,szczecin,Koniec Ulicy Dębowej,Helios Szczecin CHR Kupiec,21:10,,,2026-08-24T08:49:55.557834
2026-08-24,poniedzialek,szczecin,Koniec Ulicy Dębowej,Helios Szczecin Outlet Park,17:00,,,2026-08-24T08:49:55.557834
2026-08-24,poniedzialek,szczecin,Koniec Ulicy Dębowej,Helios Szczecin Outlet Park,20:15,,,2026-08-24T08:49:55.557834
2026-08-24,poniedzialek,szczecin,Koniec Ulicy Dębowej,Multikino Szczecin,17:00,,,2026-08-24T08:49:55.557834
2026-08-24,poniedzialek,szczecin,Koniec Ulicy Dębowej,Multikino Szczecin,19:30,,,2026-08-24T08:49:55.557834
2026-08-24,poniedzialek,szczecin,Koniec Ulicy Dębowej,Multikino Szczecin,20:35,,,2026-08-24T08:49:55.557834
2026-08-24,poniedzialek,szczecin,Księga pustyni,Helios Szczecin CHR Kupiec,15:30,,,2026-08-24T08:49:55.557834
2026-08-24,poniedzialek,szczecin,Księga pustyni,Helios Szczecin Outlet Park,11:00,,,2026-08-24T08:49:55.557834
2026-08-24,poniedzialek,szczecin,Księga pustyni,Helios Szczecin Outlet Park,13:15,,,2026-08-24T08:49:55.557834
2026-08-24,poniedzialek,szczecin,Księga pustyni,Helios Szczecin Outlet Park,15:30,,,2026-08-24T08:49:55.557834
2026-08-24,poniedzialek,szczecin,Księga pustyni (dubbing),Multikino Szczecin,11:05,,dubbing,2026-08-24T08:49:55.557834
2026-08-24,poniedzialek,szczecin,Księga pustyni (dubbing),Multikino Szczecin,13:25,,dubbing,2026-08-24T08:49:55.557834
2026-08-24,poniedzialek,szczecin,Księga pustyni (dubbing),Multikino Szczecin,15:45,,dubbing,2026-08-24T08:49:55.557834
2026-08-24,poniedzialek,szczecin,Księga pustyni (dubbing),Multikino Szczecin,17:40,,dubbing,2026-08-24T08:49:55.557834
2026-08-24,poniedzialek,szczecin,Ktoś całkiem obcy,Kino Pionier 1907 w Szczecinie,19:00,,,2026-08-24T08:49:55.557834
2026-08-24,poniedzialek,szczecin,Minionki i straszydła (dubbing),Helios Szczecin CHR Kupiec,13:10,,dubbing,2026-08-24T08:49:55.557834
2026-08-24,poniedzialek,szczecin,Minionki i straszydła (dubbing),Helios Szczecin Outlet Park,10:00,,dubbing,2026-08-24T08:49:55.557834
2026-08-24,poniedzialek,szczecin,Minionki i straszydła (dubbing),Helios Szczecin Outlet Park,12:15,,dubbing,2026-08-24T08:49:55.557834
2026-08-24,poniedzialek,szczecin,Minionki i straszydła (dubbing),Multikino Szczecin,11:30,,dubbing,2026-08-24T08:49:55.557834
2026-08-24,poniedzialek,szczecin,Minionki i straszydła (dubbing),Multikino Szczecin,13:35,,dubbing,2026-08-24T08:49:55.557834
2026-08-24,poniedzialek,szczecin,Naznaczony: Wyjście z mrocznego wymiaru,Helios Szczecin CHR Kupiec,20:30,,,2026-08-24T08:49:55.557834
2026-08-24,poniedzialek,szczecin,Naznaczony: Wyjście z mrocznego wymiaru,Helios Szczecin Outlet Park,13:45,,,2026-08-24T08:49:55.557834
2026-08-24,poniedzialek,szczecin,Naznaczony: Wyjście z mrocznego wymiaru,Helios Szczecin Outlet Park,18:30,,,2026-08-24T08:49:55.557834
2026-08-24,poniedzialek,szczecin,Naznaczony: Wyjście z mrocznego wymiaru,Helios Szczecin Outlet Park,21:20,,,2026-08-24T08:49:55.557834
2026-08-24,poniedzialek,szczecin,Naznaczony: Wyjście z mrocznego wymiaru,Multikino Szczecin,14:10,,,2026-08-24T08:49:55.557834
2026-08-24,poniedzialek,szczecin,Naznaczony: Wyjście z mrocznego wymiaru,Multikino Szczecin,18:00,,,2026-08-24T08:49:55.557834
2026-08-24,poniedzialek,szczecin,Naznaczony: Wyjście z mrocznego wymiaru,Multikino Szczecin,20:30,,,2026-08-24T08:49:55.557834
2026-08-24,poniedzialek,szczecin,Odyseja,Helios Szczecin CHR Kupiec,10:50,,,2026-08-24T08:49:55.557834
2026-08-24,poniedzialek,szczecin,Odyseja,Helios Szczecin CHR Kupiec,20:00,,,2026-08-24T08:49:55.557834
2026-08-24,poniedzialek,szczecin,Odyseja,Helios Szczecin Outlet Park,09:20,,,2026-08-24T08:49:55.557834
2026-08-24,poniedzialek,szczecin,Odyseja,Helios Szczecin Outlet Park,12:50,,,2026-08-24T08:49:55.557834
2026-08-24,poniedzialek,szczecin,Odyseja,Helios Szczecin Outlet Park,14:20,,,2026-08-24T08:49:55.557834
2026-08-24,poniedzialek,szczecin,Odyseja,Helios Szczecin Outlet Park,16:30,,,2026-08-24T08:49:55.557834
2026-08-24,poniedzialek,szczecin,Odyseja,Helios Szczecin Outlet Park,19:30,,,2026-08-24T08:49:55.557834
2026-08-24,poniedzialek,szczecin,Odyseja,Helios Szczecin Outlet Park,22:15,,,2026-08-24T08:49:55.557834
2026-08-24,poniedzialek,szczecin,Odyseja,Multikino Szczecin,14:00,,,2026-08-24T08:49:55.557834
2026-08-24,poniedzialek,szczecin,Odyseja,Multikino Szczecin,19:55,,,2026-08-24T08:49:55.557834
2026-08-24,poniedzialek,szczecin,Psi Patrol i dinozaury,Helios Szczecin CHR Kupiec,11:00,,,2026-08-24T08:49:55.557834
2026-08-24,poniedzialek,szczecin,Psi Patrol i dinozaury,Helios Szczecin CHR Kupiec,13:30,,,2026-08-24T08:49:55.557834
2026-08-24,poniedzialek,szczecin,Psi Patrol i dinozaury,Helios Szczecin CHR Kupiec,15:45,,,2026-08-24T08:49:55.557834
2026-08-24,poniedzialek,szczecin,Psi Patrol i dinozaury,Helios Szczecin Outlet Park,10:20,,,2026-08-24T08:49:55.557834
2026-08-24,poniedzialek,szczecin,Psi Patrol i dinozaury,Helios Szczecin Outlet Park,12:30,,,2026-08-24T08:49:55.557834
2026-08-24,poniedzialek,szczecin,Psi Patrol i dinozaury,Helios Szczecin Outlet Park,14:45,,,2026-08-24T08:49:55.557834
2026-08-24,poniedzialek,szczecin,Psi Patrol i dinozaury (dubbing),Multikino Szczecin,10:25,,dubbing,2026-08-24T08:49:55.557834
2026-08-24,poniedzialek,szczecin,Psi Patrol i dinozaury (dubbing),Multikino Szczecin,11:25,,dubbing,2026-08-24T08:49:55.557834
2026-08-24,poniedzialek,szczecin,Psi Patrol i dinozaury (dubbing),Multikino Szczecin,12:40,,dubbing,2026-08-24T08:49:55.557834
2026-08-24,poniedzialek,szczecin,Psi Patrol i dinozaury (dubbing),Multikino Szczecin,13:40,,dubbing,2026-08-24T08:49:55.557834
2026-08-24,poniedzialek,szczecin,Psi Patrol i dinozaury (dubbing),Multikino Szczecin,15:55,,dubbing,2026-08-24T08:49:55.557834
2026-08-24,poniedzialek,szczecin,Psi Patrol i dinozaury (dubbing),Multikino Szczecin,18:10,,dubbing,2026-08-24T08:49:55.557834
2026-08-24,poniedzialek,szczecin,Pucio kocha zwierzaki,Helios Szczecin CHR Kupiec,10:30,,,2026-08-24T08:49:55.557834
2026-08-24,poniedzialek,szczecin,Pucio kocha zwierzaki,Helios Szczecin CHR Kupiec,12:00,,,2026-08-24T08:49:55.557834
2026-08-24,poniedzialek,szczecin,Pucio kocha zwierzaki,Helios Szczecin Outlet Park,10:30,,,2026-08-24T08:49:55.557834
2026-08-24,poniedzialek,szczecin,Pucio kocha zwierzaki,Helios Szczecin Outlet Park,12:00,,,2026-08-24T08:49:55.557834
2026-08-24,poniedzialek,szczecin,Pucio kocha zwierzaki,Helios Szczecin Outlet Park,13:30,,,2026-08-24T08:49:55.557834
2026-08-24,poniedzialek,szczecin,Pucio kocha zwierzaki,Multikino Szczecin,10:25,,,2026-08-24T08:49:55.557834
2026-08-24,poniedzialek,szczecin,Pucio kocha zwierzaki,Multikino Szczecin,13:00,,,2026-08-24T08:49:55.557834
2026-08-24,poniedzialek,szczecin,Pucio kocha zwierzaki,Multikino Szczecin,14:20,,,2026-08-24T08:49:55.557834
2026-08-24,poniedzialek,szczecin,Pucio kocha zwierzaki,Multikino Szczecin,15:45,,,2026-08-24T08:49:55.557834
2026-08-24,poniedzialek,szczecin,Shrek (dubbing),Multikino Szczecin,15:50,,dubbing,2026-08-24T08:49:55.557834
2026-08-24,poniedzialek,szczecin,Spider-Man. Całkiem nowy dzień,Helios Szczecin CHR Kupiec,10:40,,,2026-08-24T08:49:55.557834
2026-08-24,poniedzialek,szczecin,Spider-Man. Całkiem nowy dzień,Helios Szczecin CHR Kupiec,14:30,,,2026-08-24T08:49:55.557834
2026-08-24,poniedzialek,szczecin,Spider-Man. Całkiem nowy dzień,Helios Szczecin CHR Kupiec,18:30,,,2026-08-24T08:49:55.557834
2026-08-24,poniedzialek,szczecin,Spider-Man. Całkiem nowy dzień,Helios Szczecin Outlet Park,10:50,,,2026-08-24T08:49:55.557834
2026-08-24,poniedzialek,szczecin,Spider-Man. Całkiem nowy dzień,Helios Szczecin Outlet Park,14:00,,,2026-08-24T08:49:55.557834
2026-08-24,poniedzialek,szczecin,Spider-Man. Całkiem nowy dzień,Helios Szczecin Outlet Park,15:00,,,2026-08-24T08:49:55.557834
2026-08-24,poniedzialek,szczecin,Spider-Man. Całkiem nowy dzień,Helios Szczecin Outlet Park,17:15,,,2026-08-24T08:49:55.557834
2026-08-24,poniedzialek,szczecin,Spider-Man. Całkiem nowy dzień,Helios Szczecin Outlet Park,18:15,,,2026-08-24T08:49:55.557834
2026-08-24,poniedzialek,szczecin,Spider-Man. Całkiem nowy dzień,Helios Szczecin Outlet Park,20:30,,,2026-08-24T08:49:55.557834
2026-08-24,poniedzialek,szczecin,Spider-Man. Całkiem nowy dzień,Multikino Szczecin,14:15,,,2026-08-24T08:49:55.557834
2026-08-24,poniedzialek,szczecin,Spider-Man. Całkiem nowy dzień,Multikino Szczecin,17:30,,,2026-08-24T08:49:55.557834
2026-08-24,poniedzialek,szczecin,Spider-Man. Całkiem nowy dzień,Multikino Szczecin,20:45,,,2026-08-24T08:49:55.557834
2026-08-24,poniedzialek,szczecin,Spider-Man. Całkiem nowy dzień (dubbing),Multikino Szczecin,10:00,,dubbing,2026-08-24T08:49:55.557834
2026-08-24,poniedzialek,szczecin,Spider-Man. Całkiem nowy dzień (dubbing),Multikino Szczecin,13:15,,dubbing,2026-08-24T08:49:55.557834
2026-08-24,poniedzialek,szczecin,Spider-Man. Całkiem nowy dzień (dubbing),Multikino Szczecin,16:30,,dubbing,2026-08-24T08:49:55.557834
2026-08-24,poniedzialek,szczecin,Spider-Man. Całkiem nowy dzień (dubbing),Multikino Szczecin,19:45,,dubbing,2026-08-24T08:49:55.557834
2026-08-24,poniedzialek,szczecin,Spider-Man. Całkiem nowy dzień 3D (dubbing),Multikino Szczecin,11:00,3D,dubbing,2026-08-24T08:49:55.557834
2026-08-24,poniedzialek,szczecin,Toy Story 5 (dubbing),Multikino Szczecin,10:30,,dubbing,2026-08-24T08:49:55.557834
2026-08-24,poniedzialek,szczecin,Toy Story 5 (dubbing),Multikino Szczecin,11:45,,dubbing,2026-08-24T08:49:55.557834
2026-08-24,poniedzialek,szczecin,Tylko jedna noc,Helios Szczecin CHR Kupiec,16:00,,,2026-08-24T08:49:55.557834
2026-08-24,poniedzialek,szczecin,Tylko jedna noc,Helios Szczecin Outlet Park,11:15,,,2026-08-24T08:49:55.557834
2026-08-24,poniedzialek,szczecin,Tylko jedna noc,Multikino Szczecin,20:30,,,2026-08-24T08:49:55.557834
2026-08-24,poniedzialek,szczecin,Wrong Girls,Kino Pionier 1907 w Szczecinie,17:00,,,2026-08-24T08:49:55.557834
2026-08-24,poniedzialek,szczecin,Wszyscy moi wrogowie,Multikino Szczecin,11:05,,,2026-08-24T08:49:55.557834
2026-08-24,poniedzialek,bydgoszcz,André Rieu. Niech żyje Maastricht!,Helios Bydgoszcz,18:00,,,2026-08-24T08:49:59.111846
2026-08-24,poniedzialek,bydgoszcz,André Rieu. Niech żyje Maastricht!,Multikino Bydgoszcz,16:40,,,2026-08-24T08:49:59.111846
2026-08-24,poniedzialek,bydgoszcz,Arek.Mama.Panorama,Cinema City Bydgoszcz,19:40,,,2026-08-24T08:49:59.111846
2026-08-24,poniedzialek,bydgoszcz,Bogaci i martwi,Cinema City Bydgoszcz,18:50,,,2026-08-24T08:49:59.111846
2026-08-24,poniedzialek,bydgoszcz,Bogaci i martwi,Cinema City Bydgoszcz,21:10,,,2026-08-24T08:49:59.111846
2026-08-24,poniedzialek,bydgoszcz,Buntownik,Cinema City Bydgoszcz,13:20,,,2026-08-24T08:49:59.111846
2026-08-24,poniedzialek,bydgoszcz,Buntownik,Cinema City Bydgoszcz,17:10,,,2026-08-24T08:49:59.111846
2026-08-24,poniedzialek,bydgoszcz,Buntownik,Cinema City Bydgoszcz,19:20,,,2026-08-24T08:49:59.111846
2026-08-24,poniedzialek,bydgoszcz,Buntownik,Cinema City Bydgoszcz,21:30,,,2026-08-24T08:49:59.111846
2026-08-24,poniedzialek,bydgoszcz,Buntownik,Helios Bydgoszcz,14:10,,,2026-08-24T08:49:59.111846
2026-08-24,poniedzialek,bydgoszcz,Buntownik,Helios Bydgoszcz,18:45,,,2026-08-24T08:49:59.111846
2026-08-24,poniedzialek,bydgoszcz,Buntownik,Helios Bydgoszcz,21:00,,,2026-08-24T08:49:59.111846
2026-08-24,poniedzialek,bydgoszcz,Buntownik,Multikino Bydgoszcz,14:20,,,2026-08-24T08:49:59.111846
2026-08-24,poniedzialek,bydgoszcz,Buntownik,Multikino Bydgoszcz,18:25,,,2026-08-24T08:49:59.111846
2026-08-24,poniedzialek,bydgoszcz,Buntownik,Multikino Bydgoszcz,20:45,,,2026-08-24T08:49:59.111846
2026-08-24,poniedzialek,bydgoszcz,Drugie życie,Helios Bydgoszcz,15:00,,,2026-08-24T08:49:59.111846
2026-08-24,poniedzialek,bydgoszcz,Flavia de Luce (dubbing),Cinema City Bydgoszcz,10:30,,dubbing,2026-08-24T08:49:59.111846
2026-08-24,poniedzialek,bydgoszcz,Frances Ha,Cinema City Bydgoszcz,16:10,,,2026-08-24T08:49:59.111846
2026-08-24,poniedzialek,bydgoszcz,Historie równoległe,Cinema City Bydgoszcz,14:20,,,2026-08-24T08:49:59.111846
2026-08-24,poniedzialek,bydgoszcz,Historie równoległe,Multikino Bydgoszcz,10:00,,,2026-08-24T08:49:59.111846
2026-08-24,poniedzialek,bydgoszcz,Historie równoległe,Multikino Bydgoszcz,20:00,,,2026-08-24T08:49:59.111846
2026-08-24,poniedzialek,bydgoszcz,Ice Cream Man,Cinema City Bydgoszcz,22:30,,,2026-08-24T08:49:59.111846
2026-08-24,poniedzialek,bydgoszcz,Koniec Ulicy Dębowej,Cinema City Bydgoszcz,15:30,,,2026-08-24T08:49:59.111846
2026-08-24,poniedzialek,bydgoszcz,Koniec Ulicy Dębowej,Cinema City Bydgoszcz,16:50,,,2026-08-24T08:49:59.111846
2026-08-24,poniedzialek,bydgoszcz,Koniec Ulicy Dębowej,Cinema City Bydgoszcz,21:50,,,2026-08-24T08:49:59.111846
2026-08-24,poniedzialek,bydgoszcz,Koniec Ulicy Dębowej,Helios Bydgoszcz,11:30,,,2026-08-24T08:49:59.111846
2026-08-24,poniedzialek,bydgoszcz,Koniec Ulicy Dębowej,Helios Bydgoszcz,16:40,,,2026-08-24T08:49:59.111846
2026-08-24,poniedzialek,bydgoszcz,Koniec Ulicy Dębowej,Helios Bydgoszcz,21:40,,,2026-08-24T08:49:59.111846
2026-08-24,poniedzialek,bydgoszcz,Koniec Ulicy Dębowej,Multikino Bydgoszcz,13:10,,,2026-08-24T08:49:59.111846
2026-08-24,poniedzialek,bydgoszcz,Koniec Ulicy Dębowej,Multikino Bydgoszcz,19:20,,,2026-08-24T08:49:59.111846
2026-08-24,poniedzialek,bydgoszcz,Księga pustyni,Helios Bydgoszcz,12:00,,,2026-08-24T08:49:59.111846
2026-08-24,poniedzialek,bydgoszcz,Księga pustyni,Helios Bydgoszcz,15:45,,,2026-08-24T08:49:59.111846
2026-08-24,poniedzialek,bydgoszcz,Księga pustyni (dubbing),Cinema City Bydgoszcz,10:00,,dubbing,2026-08-24T08:49:59.111846
2026-08-24,poniedzialek,bydgoszcz,Księga pustyni (dubbing),Cinema City Bydgoszcz,11:00,,dubbing,2026-08-24T08:49:59.111846
2026-08-24,poniedzialek,bydgoszcz,Księga pustyni (dubbing),Cinema City Bydgoszcz,12:15,,dubbing,2026-08-24T08:49:59.111846
2026-08-24,poniedzialek,bydgoszcz,Księga pustyni (dubbing),Cinema City Bydgoszcz,14:30,,dubbing,2026-08-24T08:49:59.111846
2026-08-24,poniedzialek,bydgoszcz,Księga pustyni (dubbing),Cinema City Bydgoszcz,16:50,,dubbing,2026-08-24T08:49:59.111846
2026-08-24,poniedzialek,bydgoszcz,Księga pustyni (dubbing),Multikino Bydgoszcz,11:30,,dubbing,2026-08-24T08:49:59.111846
2026-08-24,poniedzialek,bydgoszcz,Księga pustyni (dubbing),Multikino Bydgoszcz,13:45,,dubbing,2026-08-24T08:49:59.111846
2026-08-24,poniedzialek,bydgoszcz,Księga pustyni (dubbing),Multikino Bydgoszcz,16:00,,dubbing,2026-08-24T08:49:59.111846
2026-08-24,poniedzialek,bydgoszcz,Księga pustyni (dubbing),Multikino Bydgoszcz,18:15,,dubbing,2026-08-24T08:49:59.111846
2026-08-24,poniedzialek,bydgoszcz,Minionki i straszydła (dubbing),Cinema City Bydgoszcz,12:40,,dubbing,2026-08-24T08:49:59.111846
2026-08-24,poniedzialek,bydgoszcz,Minionki i straszydła (dubbing),Cinema City Bydgoszcz,14:50,,dubbing,2026-08-24T08:49:59.111846
2026-08-24,poniedzialek,bydgoszcz,Minionki i straszydła (dubbing),Helios Bydgoszcz,10:00,,dubbing,2026-08-24T08:49:59.111846
2026-08-24,poniedzialek,bydgoszcz,Minionki i straszydła (dubbing),Multikino Bydgoszcz,10:00,,dubbing,2026-08-24T08:49:59.111846
2026-08-24,poniedzialek,bydgoszcz,Minionki i straszydła (dubbing),Multikino Bydgoszcz,13:20,,dubbing,2026-08-24T08:49:59.111846
2026-08-24,poniedzialek,bydgoszcz,Naznaczony: Wyjście z mrocznego wymiaru,Cinema City Bydgoszcz,13:10,,,2026-08-24T08:49:59.111846
2026-08-24,poniedzialek,bydgoszcz,Naznaczony: Wyjście z mrocznego wymiaru,Cinema City Bydgoszcz,15:40,,,2026-08-24T08:49:59.111846
2026-08-24,poniedzialek,bydgoszcz,Naznaczony: Wyjście z mrocznego wymiaru,Cinema City Bydgoszcz,18:10,,,2026-08-24T08:49:59.111846
2026-08-24,poniedzialek,bydgoszcz,Naznaczony: Wyjście z mrocznego wymiaru,Cinema City Bydgoszcz,19:10,,,2026-08-24T08:49:59.111846
2026-08-24,poniedzialek,bydgoszcz,Naznaczony: Wyjście z mrocznego wymiaru,Cinema City Bydgoszcz,20:40,,,2026-08-24T08:49:59.111846
2026-08-24,poniedzialek,bydgoszcz,Naznaczony: Wyjście z mrocznego wymiaru,Helios Bydgoszcz,16:15,,,2026-08-24T08:49:59.111846
2026-08-24,poniedzialek,bydgoszcz,Naznaczony: Wyjście z mrocznego wymiaru,Helios Bydgoszcz,19:00,,,2026-08-24T08:49:59.111846
2026-08-24,poniedzialek,bydgoszcz,Naznaczony: Wyjście z mrocznego wymiaru,Helios Bydgoszcz,20:45,,,2026-08-24T08:49:59.111846
2026-08-24,poniedzialek,bydgoszcz,Naznaczony: Wyjście z mrocznego wymiaru,Multikino Bydgoszcz,15:30,,,2026-08-24T08:49:59.111846
2026-08-24,poniedzialek,bydgoszcz,Naznaczony: Wyjście z mrocznego wymiaru,Multikino Bydgoszcz,18:00,,,2026-08-24T08:49:59.111846
2026-08-24,poniedzialek,bydgoszcz,Naznaczony: Wyjście z mrocznego wymiaru,Multikino Bydgoszcz,20:40,,,2026-08-24T08:49:59.111846
2026-08-24,poniedzialek,bydgoszcz,Odyseja,Cinema City Bydgoszcz,10:30,,,2026-08-24T08:49:59.111846
2026-08-24,poniedzialek,bydgoszcz,Odyseja,Cinema City Bydgoszcz,12:20,,,2026-08-24T08:49:59.111846
2026-08-24,poniedzialek,bydgoszcz,Odyseja,Cinema City Bydgoszcz,14:10,,,2026-08-24T08:49:59.111846
2026-08-24,poniedzialek,bydgoszcz,Odyseja,Cinema City Bydgoszcz,17:50,,,2026-08-24T08:49:59.111846
2026-08-24,poniedzialek,bydgoszcz,Odyseja,Cinema City Bydgoszcz,20:20,,,2026-08-24T08:49:59.111846
2026-08-24,poniedzialek,bydgoszcz,Odyseja,Cinema City Bydgoszcz,21:30,,,2026-08-24T08:49:59.111846
2026-08-24,poniedzialek,bydgoszcz,Odyseja,Helios Bydgoszcz,11:10,,,2026-08-24T08:49:59.111846
2026-08-24,poniedzialek,bydgoszcz,Odyseja,Helios Bydgoszcz,16:30,,,2026-08-24T08:49:59.111846
2026-08-24,poniedzialek,bydgoszcz,Odyseja,Helios Bydgoszcz,19:15,,,2026-08-24T08:49:59.111846
2026-08-24,poniedzialek,bydgoszcz,Odyseja,Multikino Bydgoszcz,12:40,,,2026-08-24T08:49:59.111846
2026-08-24,poniedzialek,bydgoszcz,Odyseja,Multikino Bydgoszcz,15:45,,,2026-08-24T08:49:59.111846
2026-08-24,poniedzialek,bydgoszcz,Odyseja,Multikino Bydgoszcz,19:15,,,2026-08-24T08:49:59.111846
2026-08-24,poniedzialek,bydgoszcz,Odyseja,Multikino Bydgoszcz,20:00,,,2026-08-24T08:49:59.111846
2026-08-24,poniedzialek,bydgoszcz,Psi Patrol i dinozaury,Helios Bydgoszcz,10:40,,,2026-08-24T08:49:59.111846
2026-08-24,poniedzialek,bydgoszcz,Psi Patrol i dinozaury,Helios Bydgoszcz,13:00,,,2026-08-24T08:49:59.111846
2026-08-24,poniedzialek,bydgoszcz,Psi Patrol i dinozaury,Helios Bydgoszcz,17:00,,,2026-08-24T08:49:59.111846
2026-08-24,poniedzialek,bydgoszcz,Psi Patrol i dinozaury (dubbing),Cinema City Bydgoszcz,10:20,,dubbing,2026-08-24T08:49:59.111846
2026-08-24,poniedzialek,bydgoszcz,Psi Patrol i dinozaury (dubbing),Cinema City Bydgoszcz,12:30,,dubbing,2026-08-24T08:49:59.111846
2026-08-24,poniedzialek,bydgoszcz,Psi Patrol i dinozaury (dubbing),Cinema City Bydgoszcz,14:40,,dubbing,2026-08-24T08:49:59.111846
2026-08-24,poniedzialek,bydgoszcz,Psi Patrol i dinozaury (dubbing),Multikino Bydgoszcz,10:30,,dubbing,2026-08-24T08:49:59.111846
2026-08-24,poniedzialek,bydgoszcz,Psi Patrol i dinozaury (dubbing),Multikino Bydgoszcz,12:40,,dubbing,2026-08-24T08:49:59.111846
2026-08-24,poniedzialek,bydgoszcz,Psi Patrol i dinozaury (dubbing),Multikino Bydgoszcz,14:50,,dubbing,2026-08-24T08:49:59.111846
2026-08-24,poniedzialek,bydgoszcz,Psi Patrol i dinozaury (dubbing),Multikino Bydgoszcz,17:00,,dubbing,2026-08-24T08:49:59.111846
2026-08-24,poniedzialek,bydgoszcz,Pucio kocha zwierzaki,Cinema City Bydgoszcz,10:10,,,2026-08-24T08:49:59.111846
2026-08-24,poniedzialek,bydgoszcz,Pucio kocha zwierzaki,Cinema City Bydgoszcz,11:30,,,2026-08-24T08:49:59.111846
2026-08-24,poniedzialek,bydgoszcz,Pucio kocha zwierzaki,Cinema City Bydgoszcz,12:50,,,2026-08-24T08:49:59.111846
2026-08-24,poniedzialek,bydgoszcz,Pucio kocha zwierzaki,Cinema City Bydgoszcz,14:15,,,2026-08-24T08:49:59.111846
2026-08-24,poniedzialek,bydgoszcz,Pucio kocha zwierzaki,Cinema City Bydgoszcz,15:40,,,2026-08-24T08:49:59.111846
2026-08-24,poniedzialek,bydgoszcz,Pucio kocha zwierzaki,Helios Bydgoszcz,10:10,,,2026-08-24T08:49:59.111846
2026-08-24,poniedzialek,bydgoszcz,Pucio kocha zwierzaki,Helios Bydgoszcz,11:20,,,2026-08-24T08:49:59.111846
2026-08-24,poniedzialek,bydgoszcz,Pucio kocha zwierzaki,Helios Bydgoszcz,12:40,,,2026-08-24T08:49:59.111846
2026-08-24,poniedzialek,bydgoszcz,Pucio kocha zwierzaki,Helios Bydgoszcz,14:00,,,2026-08-24T08:49:59.111846
2026-08-24,poniedzialek,bydgoszcz,Pucio kocha zwierzaki,Helios Bydgoszcz,15:10,,,2026-08-24T08:49:59.111846
2026-08-24,poniedzialek,bydgoszcz,Pucio kocha zwierzaki,Multikino Bydgoszcz,10:20,,,2026-08-24T08:49:59.111846
2026-08-24,poniedzialek,bydgoszcz,Pucio kocha zwierzaki,Multikino Bydgoszcz,11:30,,,2026-08-24T08:49:59.111846
2026-08-24,poniedzialek,bydgoszcz,Pucio kocha zwierzaki,Multikino Bydgoszcz,13:05,,,2026-08-24T08:49:59.111846
2026-08-24,poniedzialek,bydgoszcz,Pucio kocha zwierzaki,Multikino Bydgoszcz,16:15,,,2026-08-24T08:49:59.111846
2026-08-24,poniedzialek,bydgoszcz,Shrek (dubbing),Cinema City Bydgoszcz,14:40,,dubbing,2026-08-24T08:49:59.111846
2026-08-24,poniedzialek,bydgoszcz,Shrek (dubbing),Cinema City Bydgoszcz,16:00,,dubbing,2026-08-24T08:49:59.111846
2026-08-24,poniedzialek,bydgoszcz,Shrek (dubbing),Cinema City Bydgoszcz,17:00,,dubbing,2026-08-24T08:49:59.111846
2026-08-24,poniedzialek,bydgoszcz,Shrek (dubbing),Cinema City Bydgoszcz,18:10,,dubbing,2026-08-24T08:49:59.111846
2026-08-24,poniedzialek,bydgoszcz,Spider-Man. Całkiem nowy dzień,Cinema City Bydgoszcz,10:30,,,2026-08-24T08:49:59.111846
2026-08-24,poniedzialek,bydgoszcz,Spider-Man. Całkiem nowy dzień,Cinema City Bydgoszcz,13:40,,,2026-08-24T08:49:59.111846
2026-08-24,poniedzialek,bydgoszcz,Spider-Man. Całkiem nowy dzień,Cinema City Bydgoszcz,16:50,,,2026-08-24T08:49:59.111846
2026-08-24,poniedzialek,bydgoszcz,Spider-Man. Całkiem nowy dzień,Cinema City Bydgoszcz,20:00,,,2026-08-24T08:49:59.111846
2026-08-24,poniedzialek,bydgoszcz,Spider-Man. Całkiem nowy dzień,Helios Bydgoszcz,11:10,,,2026-08-24T08:49:59.111846
2026-08-24,poniedzialek,bydgoszcz,Spider-Man. Całkiem nowy dzień,Helios Bydgoszcz,14:20,,,2026-08-24T08:49:59.111846
2026-08-24,poniedzialek,bydgoszcz,Spider-Man. Całkiem nowy dzień,Helios Bydgoszcz,15:20,,,2026-08-24T08:49:59.111846
2026-08-24,poniedzialek,bydgoszcz,Spider-Man. Całkiem nowy dzień,Helios Bydgoszcz,17:30,,,2026-08-24T08:49:59.111846
2026-08-24,poniedzialek,bydgoszcz,Spider-Man. Całkiem nowy dzień,Helios Bydgoszcz,18:30,,,2026-08-24T08:49:59.111846
2026-08-24,poniedzialek,bydgoszcz,Spider-Man. Całkiem nowy dzień,Helios Bydgoszcz,20:15,,,2026-08-24T08:49:59.111846
2026-08-24,poniedzialek,bydgoszcz,Spider-Man. Całkiem nowy dzień,Multikino Bydgoszcz,12:05,,,2026-08-24T08:49:59.111846
2026-08-24,poniedzialek,bydgoszcz,Spider-Man. Całkiem nowy dzień,Multikino Bydgoszcz,20:40,,,2026-08-24T08:49:59.111846
2026-08-24,poniedzialek,bydgoszcz,Spider-Man. Całkiem nowy dzień (dubbing),Cinema City Bydgoszcz,10:00,,dubbing,2026-08-24T08:49:59.111846
2026-08-24,poniedzialek,bydgoszcz,Spider-Man. Całkiem nowy dzień (dubbing),Cinema City Bydgoszcz,12:30,,dubbing,2026-08-24T08:49:59.111846
2026-08-24,poniedzialek,bydgoszcz,Spider-Man. Całkiem nowy dzień (dubbing),Cinema City Bydgoszcz,13:15,,dubbing,2026-08-24T08:49:59.111846
2026-08-24,poniedzialek,bydgoszcz,Spider-Man. Całkiem nowy dzień (dubbing),Cinema City Bydgoszcz,16:20,,dubbing,2026-08-24T08:49:59.111846
2026-08-24,poniedzialek,bydgoszcz,Spider-Man. Całkiem nowy dzień (dubbing),Cinema City Bydgoszcz,19:30,,dubbing,2026-08-24T08:49:59.111846
2026-08-24,poniedzialek,bydgoszcz,Spider-Man. Całkiem nowy dzień (dubbing),Multikino Bydgoszcz,10:00,,dubbing,2026-08-24T08:49:59.111846
2026-08-24,poniedzialek,bydgoszcz,Spider-Man. Całkiem nowy dzień (dubbing),Multikino Bydgoszcz,11:00,,dubbing,2026-08-24T08:49:59.111846
2026-08-24,poniedzialek,bydgoszcz,Spider-Man. Całkiem nowy dzień (dubbing),Multikino Bydgoszcz,13:15,,dubbing,2026-08-24T08:49:59.111846
2026-08-24,poniedzialek,bydgoszcz,Spider-Man. Całkiem nowy dzień (dubbing),Multikino Bydgoszcz,14:15,,dubbing,2026-08-24T08:49:59.111846
2026-08-24,poniedzialek,bydgoszcz,Spider-Man. Całkiem nowy dzień (dubbing),Multikino Bydgoszcz,16:30,,dubbing,2026-08-24T08:49:59.111846
2026-08-24,poniedzialek,bydgoszcz,Spider-Man. Całkiem nowy dzień (dubbing),Multikino Bydgoszcz,17:30,,dubbing,2026-08-24T08:49:59.111846
2026-08-24,poniedzialek,bydgoszcz,Spider-Man. Całkiem nowy dzień (dubbing),Multikino Bydgoszcz,19:45,,dubbing,2026-08-24T08:49:59.111846
2026-08-24,poniedzialek,bydgoszcz,Spider-Man. Całkiem nowy dzień 3D,Cinema City Bydgoszcz,21:30,3D,,2026-08-24T08:49:59.111846
2026-08-24,poniedzialek,bydgoszcz,Spider-Man. Całkiem nowy dzień 3D (dubbing),Cinema City Bydgoszcz,11:30,3D,dubbing,2026-08-24T08:49:59.111846
2026-08-24,poniedzialek,bydgoszcz,Toy Story 5 (dubbing),Cinema City Bydgoszcz,10:40,,dubbing,2026-08-24T08:49:59.111846
2026-08-24,poniedzialek,bydgoszcz,Toy Story 5 (dubbing),Multikino Bydgoszcz,10:50,,dubbing,2026-08-24T08:49:59.111846
2026-08-24,poniedzialek,bydgoszcz,Tylko jedna noc,Cinema City Bydgoszcz,19:20,,,2026-08-24T08:49:59.111846
2026-08-24,poniedzialek,bydgoszcz,Tylko jedna noc,Cinema City Bydgoszcz,22:10,,,2026-08-24T08:49:59.111846
2026-08-24,poniedzialek,bydgoszcz,Tylko jedna noc,Helios Bydgoszcz,13:50,,,2026-08-24T08:49:59.111846
2026-08-24,poniedzialek,bydgoszcz,Tylko jedna noc,Multikino Bydgoszcz,20:30,,,2026-08-24T08:49:59.111846
2026-08-24,poniedzialek,bydgoszcz,Vaiana,Helios Bydgoszcz,10:20,,,2026-08-24T08:49:59.111846
2026-08-24,poniedzialek,bydgoszcz,Vaiana (dubbing),Multikino Bydgoszcz,10:30,,dubbing,2026-08-24T08:49:59.111846
2026-08-24,poniedzialek,bydgoszcz,Vivaldi i ja,Cinema City Bydgoszcz,11:50,,,2026-08-24T08:49:59.111846
2026-08-24,poniedzialek,bydgoszcz,Vivaldi i ja,Cinema City Bydgoszcz,17:20,,,2026-08-24T08:49:59.111846
2026-08-24,poniedzialek,bydgoszcz,Wrong Girls,Cinema City Bydgoszcz,10:00,,,2026-08-24T08:49:59.111846
2026-08-24,poniedzialek,bydgoszcz,Wrong Girls,Cinema City Bydgoszcz,19:50,,,2026-08-24T08:49:59.111846
2026-08-24,poniedzialek,bydgoszcz,Wrong Girls,Cinema City Bydgoszcz,22:10,,,2026-08-24T08:49:59.111846
2026-08-24,poniedzialek,bydgoszcz,Wszyscy moi wrogowie,Cinema City Bydgoszcz,16:50,,,2026-08-24T08:49:59.111846
2026-08-24,poniedzialek,bydgoszcz,Wszyscy moi wrogowie,Cinema City Bydgoszcz,21:40,,,2026-08-24T08:49:59.111846
2026-08-24,poniedzialek,bydgoszcz,Wszyscy moi wrogowie,Helios Bydgoszcz,12:50,,,2026-08-24T08:49:59.111846
2026-08-24,poniedzialek,bydgoszcz,АСТРАЛ: ЗА МЕЖАМИ ПОТОЙБІЧЧЯ / Naznaczony: Wyjście z mrocznego wymiaru (ukr.),Cinema City Bydgoszcz,21:00,,,2026-08-24T08:49:59.111846
2026-08-24,poniedzialek,bydgoszcz,АСТРАЛ: ЗА МЕЖАМИ ПОТОЙБІЧЧЯ / Naznaczony: Wyjście z mrocznego wymiaru (ukr.),Multikino Bydgoszcz,20:30,,,2026-08-24T08:49:59.111846
2026-08-24,poniedzialek,bydgoszcz,Людина-павук: Абсолютно новий день / Spider-Man. Całkiem nowy dzień (ukr.),Cinema City Bydgoszcz,19:00,,,2026-08-24T08:49:59.111846
2026-08-24,poniedzialek,bydgoszcz,Людина-павук: Абсолютно новий день / Spider-Man. Całkiem nowy dzień (ukr.),Multikino Bydgoszcz,15:15,,,2026-08-24T08:49:59.111846
2026-08-24,poniedzialek,lublin,André Rieu. Niech żyje Maastricht!,Multikino Lublin,16:40,,,2026-08-24T08:50:01.422100
2026-08-24,poniedzialek,lublin,Bogaci i martwi,Cinema City Lublin Felicity,15:50,,,2026-08-24T08:50:01.422100
2026-08-24,poniedzialek,lublin,Bogaci i martwi,Cinema City Lublin Felicity,20:40,,,2026-08-24T08:50:01.422100
2026-08-24,poniedzialek,lublin,Bogaci i martwi,Cinema City Lublin Plaza,11:00,,,2026-08-24T08:50:01.422100
2026-08-24,poniedzialek,lublin,Bogaci i martwi,Cinema City Lublin Plaza,18:50,,,2026-08-24T08:50:01.422100
2026-08-24,poniedzialek,lublin,Buntownik,Cinema City Lublin Felicity,10:10,,,2026-08-24T08:50:01.422100
2026-08-24,poniedzialek,lublin,Buntownik,Cinema City Lublin Felicity,16:50,,,2026-08-24T08:50:01.422100
2026-08-24,poniedzialek,lublin,Buntownik,Cinema City Lublin Felicity,20:00,,,2026-08-24T08:50:01.422100
2026-08-24,poniedzialek,lublin,Buntownik,Cinema City Lublin Felicity,22:10,,,2026-08-24T08:50:01.422100
2026-08-24,poniedzialek,lublin,Buntownik,Cinema City Lublin Plaza,15:10,,,2026-08-24T08:50:01.422100
2026-08-24,poniedzialek,lublin,Buntownik,Cinema City Lublin Plaza,19:40,,,2026-08-24T08:50:01.422100
2026-08-24,poniedzialek,lublin,Buntownik,Cinema City Lublin Plaza,22:00,,,2026-08-24T08:50:01.422100
2026-08-24,poniedzialek,lublin,Buntownik,Multikino Lublin,16:30,,,2026-08-24T08:50:01.422100
2026-08-24,poniedzialek,lublin,Buntownik,Multikino Lublin,18:45,,,2026-08-24T08:50:01.422100
2026-08-24,poniedzialek,lublin,Buntownik,Multikino Lublin,21:00,,,2026-08-24T08:50:01.422100
2026-08-24,poniedzialek,lublin,Flavia de Luce (dubbing),Cinema City Lublin Plaza,10:20,,dubbing,2026-08-24T08:50:01.422100
2026-08-24,poniedzialek,lublin,Follemente. W tym szaleństwie jest metoda,Kino Perła - Browar Perła,20:00,,,2026-08-24T08:50:01.422100
2026-08-24,poniedzialek,lublin,Gorzkie święta,Kino Bajka w Lublinie,19:30,,,2026-08-24T08:50:01.422100
2026-08-24,poniedzialek,lublin,Historie równoległe,Cinema City Lublin Plaza,13:40,,,2026-08-24T08:50:01.422100
2026-08-24,poniedzialek,lublin,Historie równoległe,Kino Bajka w Lublinie,15:00,,,2026-08-24T08:50:01.422100
2026-08-24,poniedzialek,lublin,Historie równoległe,Multikino Lublin,20:00,,,2026-08-24T08:50:01.422100
2026-08-24,poniedzialek,lublin,Ice Cream Man,Cinema City Lublin Felicity,22:00,,,2026-08-24T08:50:01.422100
2026-08-24,poniedzialek,lublin,Koniec Ulicy Dębowej,Cinema City Lublin Felicity,19:10,,,2026-08-24T08:50:01.422100
2026-08-24,poniedzialek,lublin,Koniec Ulicy Dębowej,Cinema City Lublin Felicity,21:40,,,2026-08-24T08:50:01.422100
2026-08-24,poniedzialek,lublin,Koniec Ulicy Dębowej,Cinema City Lublin Plaza,16:40,,,2026-08-24T08:50:01.422100
2026-08-24,poniedzialek,lublin,Koniec Ulicy Dębowej,Cinema City Lublin Plaza,19:15,,,2026-08-24T08:50:01.422100
2026-08-24,poniedzialek,lublin,Koniec Ulicy Dębowej,Cinema City Lublin Plaza,21:50,,,2026-08-24T08:50:01.422100
2026-08-24,poniedzialek,lublin,Koniec Ulicy Dębowej,Multikino Lublin,20:30,,,2026-08-24T08:50:01.422100
2026-08-24,poniedzialek,lublin,Księga pustyni,Kino Bajka w Lublinie,10:00,,,2026-08-24T08:50:01.422100
2026-08-24,poniedzialek,lublin,Księga pustyni,Kino Bajka w Lublinie,10:15,,,2026-08-24T08:50:01.422100
2026-08-24,poniedzialek,lublin,Księga pustyni (dubbing),Cinema City Lublin Felicity,10:50,,dubbing,2026-08-24T08:50:01.422100
2026-08-24,poniedzialek,lublin,Księga pustyni (dubbing),Cinema City Lublin Felicity,12:30,,dubbing,2026-08-24T08:50:01.422100
2026-08-24,poniedzialek,lublin,Księga pustyni (dubbing),Cinema City Lublin Felicity,13:10,,dubbing,2026-08-24T08:50:01.422100
2026-08-24,poniedzialek,lublin,Księga pustyni (dubbing),Cinema City Lublin Felicity,15:20,,dubbing,2026-08-24T08:50:01.422100
2026-08-24,poniedzialek,lublin,Księga pustyni (dubbing),Cinema City Lublin Plaza,10:50,,dubbing,2026-08-24T08:50:01.422100
2026-08-24,poniedzialek,lublin,Księga pustyni (dubbing),Cinema City Lublin Plaza,13:10,,dubbing,2026-08-24T08:50:01.422100
2026-08-24,poniedzialek,lublin,Księga pustyni (dubbing),Cinema City Lublin Plaza,15:30,,dubbing,2026-08-24T08:50:01.422100
2026-08-24,poniedzialek,lublin,Księga pustyni (dubbing),Multikino Lublin,10:15,,dubbing,2026-08-24T08:50:01.422100
2026-08-24,poniedzialek,lublin,Księga pustyni (dubbing),Multikino Lublin,12:30,,dubbing,2026-08-24T08:50:01.422100
2026-08-24,poniedzialek,lublin,Księga pustyni (dubbing),Multikino Lublin,14:45,,dubbing,2026-08-24T08:50:01.422100
2026-08-24,poniedzialek,lublin,Księga pustyni (dubbing),Multikino Lublin,17:00,,dubbing,2026-08-24T08:50:01.422100
2026-08-24,poniedzialek,lublin,Minionki i straszydła (dubbing),Cinema City Lublin Felicity,17:30,,dubbing,2026-08-24T08:50:01.422100
2026-08-24,poniedzialek,lublin,Minionki i straszydła (dubbing),Cinema City Lublin Plaza,10:40,,dubbing,2026-08-24T08:50:01.422100
2026-08-24,poniedzialek,lublin,Minionki i straszydła (dubbing),Cinema City Lublin Plaza,12:50,,dubbing,2026-08-24T08:50:01.422100
2026-08-24,poniedzialek,lublin,Minionki i straszydła (dubbing),Multikino Lublin,12:20,,dubbing,2026-08-24T08:50:01.422100
2026-08-24,poniedzialek,lublin,Naznaczony: Wyjście z mrocznego wymiaru,Cinema City Lublin Felicity,10:50,,,2026-08-24T08:50:01.422100
2026-08-24,poniedzialek,lublin,Naznaczony: Wyjście z mrocznego wymiaru,Cinema City Lublin Felicity,18:10,,,2026-08-24T08:50:01.422100
2026-08-24,poniedzialek,lublin,Naznaczony: Wyjście z mrocznego wymiaru,Cinema City Lublin Felicity,19:10,,,2026-08-24T08:50:01.422100
2026-08-24,poniedzialek,lublin,Naznaczony: Wyjście z mrocznego wymiaru,Cinema City Lublin Felicity,20:40,,,2026-08-24T08:50:01.422100
2026-08-24,poniedzialek,lublin,Naznaczony: Wyjście z mrocznego wymiaru,Cinema City Lublin Plaza,18:40,,,2026-08-24T08:50:01.422100
2026-08-24,poniedzialek,lublin,Naznaczony: Wyjście z mrocznego wymiaru,Cinema City Lublin Plaza,21:10,,,2026-08-24T08:50:01.422100
2026-08-24,poniedzialek,lublin,Naznaczony: Wyjście z mrocznego wymiaru,Multikino Lublin,14:15,,,2026-08-24T08:50:01.422100
2026-08-24,poniedzialek,lublin,Naznaczony: Wyjście z mrocznego wymiaru,Multikino Lublin,18:00,,,2026-08-24T08:50:01.422100
2026-08-24,poniedzialek,lublin,Naznaczony: Wyjście z mrocznego wymiaru,Multikino Lublin,20:30,,,2026-08-24T08:50:01.422100
2026-08-24,poniedzialek,lublin,Nowa fala,Kino Bajka w Lublinie,20:00,,,2026-08-24T08:50:01.422100
2026-08-24,poniedzialek,lublin,Obsesja,Multikino Lublin,11:30,,,2026-08-24T08:50:01.422100
2026-08-24,poniedzialek,lublin,Odyseja,Cinema City Lublin Felicity,10:00,,,2026-08-24T08:50:01.422100
2026-08-24,poniedzialek,lublin,Odyseja,Cinema City Lublin Felicity,13:40,,,2026-08-24T08:50:01.422100
2026-08-24,poniedzialek,lublin,Odyseja,Cinema City Lublin Felicity,17:20,,,2026-08-24T08:50:01.422100
2026-08-24,poniedzialek,lublin,Odyseja,Cinema City Lublin Felicity,21:00,,,2026-08-24T08:50:01.422100
2026-08-24,poniedzialek,lublin,Odyseja,Cinema City Lublin Plaza,12:40,,,2026-08-24T08:50:01.422100
2026-08-24,poniedzialek,lublin,Odyseja,Cinema City Lublin Plaza,16:15,,,2026-08-24T08:50:01.422100
2026-08-24,poniedzialek,lublin,Odyseja,Cinema City Lublin Plaza,19:50,,,2026-08-24T08:50:01.422100
2026-08-24,poniedzialek,lublin,Odyseja,Multikino Lublin,11:10,,,2026-08-24T08:50:01.422100
2026-08-24,poniedzialek,lublin,Odyseja,Multikino Lublin,14:25,,,2026-08-24T08:50:01.422100
2026-08-24,poniedzialek,lublin,Odyseja,Multikino Lublin,19:15,,,2026-08-24T08:50:01.422100
2026-08-24,poniedzialek,lublin,Odyseja,Multikino Lublin,20:15,,,2026-08-24T08:50:01.422100
2026-08-24,poniedzialek,lublin,Odzyskany,Kino Bajka w Lublinie,15:30,,,2026-08-24T08:50:01.422100
2026-08-24,poniedzialek,lublin,Odzyskany,Kino Bajka w Lublinie,17:30,,,2026-08-24T08:50:01.422100
2026-08-24,poniedzialek,lublin,Psi Patrol i dinozaury (dubbing),Cinema City Lublin Felicity,12:20,,dubbing,2026-08-24T08:50:01.422100
2026-08-24,poniedzialek,lublin,Psi Patrol i dinozaury (dubbing),Cinema City Lublin Felicity,14:30,,dubbing,2026-08-24T08:50:01.422100
2026-08-24,poniedzialek,lublin,Psi Patrol i dinozaury (dubbing),Cinema City Lublin Plaza,10:00,,dubbing,2026-08-24T08:50:01.422100
2026-08-24,poniedzialek,lublin,Psi Patrol i dinozaury (dubbing),Cinema City Lublin Plaza,12:10,,dubbing,2026-08-24T08:50:01.422100
2026-08-24,poniedzialek,lublin,Psi Patrol i dinozaury (dubbing),Cinema City Lublin Plaza,14:20,,dubbing,2026-08-24T08:50:01.422100
2026-08-24,poniedzialek,lublin,Psi Patrol i dinozaury (dubbing),Cinema City Lublin Plaza,17:30,,dubbing,2026-08-24T08:50:01.422100
2026-08-24,poniedzialek,lublin,Psi Patrol i dinozaury (dubbing),Multikino Lublin,11:15,,dubbing,2026-08-24T08:50:01.422100
2026-08-24,poniedzialek,lublin,Psi Patrol i dinozaury (dubbing),Multikino Lublin,13:30,,dubbing,2026-08-24T08:50:01.422100
2026-08-24,poniedzialek,lublin,Psi Patrol i dinozaury (dubbing),Multikino Lublin,15:40,,dubbing,2026-08-24T08:50:01.422100
2026-08-24,poniedzialek,lublin,Psi Patrol i dinozaury (dubbing),Multikino Lublin,17:50,,dubbing,2026-08-24T08:50:01.422100
2026-08-24,poniedzialek,lublin,Pucio kocha zwierzaki,Cinema City Lublin Felicity,10:10,,,2026-08-24T08:50:01.422100
2026-08-24,poniedzialek,lublin,Pucio kocha zwierzaki,Cinema City Lublin Felicity,11:40,,,2026-08-24T08:50:01.422100
2026-08-24,poniedzialek,lublin,Pucio kocha zwierzaki,Cinema City Lublin Felicity,13:10,,,2026-08-24T08:50:01.422100
2026-08-24,poniedzialek,lublin,Pucio kocha zwierzaki,Cinema City Lublin Plaza,10:00,,,2026-08-24T08:50:01.422100
2026-08-24,poniedzialek,lublin,Pucio kocha zwierzaki,Cinema City Lublin Plaza,11:30,,,2026-08-24T08:50:01.422100
2026-08-24,poniedzialek,lublin,Pucio kocha zwierzaki,Cinema City Lublin Plaza,15:20,,,2026-08-24T08:50:01.422100
2026-08-24,poniedzialek,lublin,Pucio kocha zwierzaki,Multikino Lublin,10:00,,,2026-08-24T08:50:01.422100
2026-08-24,poniedzialek,lublin,Pucio kocha zwierzaki,Multikino Lublin,11:10,,,2026-08-24T08:50:01.422100
2026-08-24,poniedzialek,lublin,Pucio kocha zwierzaki,Multikino Lublin,13:00,,,2026-08-24T08:50:01.422100
2026-08-24,poniedzialek,lublin,Pucio kocha zwierzaki,Multikino Lublin,14:45,,,2026-08-24T08:50:01.422100
2026-08-24,poniedzialek,lublin,Shrek (dubbing),Cinema City Lublin Felicity,14:40,,dubbing,2026-08-24T08:50:01.422100
2026-08-24,poniedzialek,lublin,Shrek (dubbing),Cinema City Lublin Felicity,16:00,,dubbing,2026-08-24T08:50:01.422100
2026-08-24,poniedzialek,lublin,Shrek (dubbing),Cinema City Lublin Felicity,17:00,,dubbing,2026-08-24T08:50:01.422100
2026-08-24,poniedzialek,lublin,Shrek (dubbing),Cinema City Lublin Plaza,16:30,,dubbing,2026-08-24T08:50:01.422100
2026-08-24,poniedzialek,lublin,Shrek (dubbing),Multikino Lublin,16:00,,dubbing,2026-08-24T08:50:01.422100
2026-08-24,poniedzialek,lublin,Spider-Man. Całkiem nowy dzień,Cinema City Lublin Felicity,11:00,,,2026-08-24T08:50:01.422100
2026-08-24,poniedzialek,lublin,Spider-Man. Całkiem nowy dzień,Cinema City Lublin Felicity,14:50,,,2026-08-24T08:50:01.422100
2026-08-24,poniedzialek,lublin,Spider-Man. Całkiem nowy dzień,Cinema City Lublin Felicity,17:20,,,2026-08-24T08:50:01.422100
2026-08-24,poniedzialek,lublin,Spider-Man. Całkiem nowy dzień,Cinema City Lublin Felicity,20:30,,,2026-08-24T08:50:01.422100
2026-08-24,poniedzialek,lublin,Spider-Man. Całkiem nowy dzień,Cinema City Lublin Felicity,21:10,,,2026-08-24T08:50:01.422100
2026-08-24,poniedzialek,lublin,Spider-Man. Całkiem nowy dzień,Cinema City Lublin Plaza,16:50,,,2026-08-24T08:50:01.422100
2026-08-24,poniedzialek,lublin,Spider-Man. Całkiem nowy dzień,Cinema City Lublin Plaza,20:00,,,2026-08-24T08:50:01.422100
2026-08-24,poniedzialek,lublin,Spider-Man. Całkiem nowy dzień,Cinema City Lublin Plaza,21:20,,,2026-08-24T08:50:01.422100
2026-08-24,poniedzialek,lublin,Spider-Man. Całkiem nowy dzień,Multikino Lublin,17:30,,,2026-08-24T08:50:01.422100
2026-08-24,poniedzialek,lublin,Spider-Man. Całkiem nowy dzień,Multikino Lublin,20:45,,,2026-08-24T08:50:01.422100
2026-08-24,poniedzialek,lublin,Spider-Man. Całkiem nowy dzień (dubbing),Cinema City Lublin Felicity,10:00,,dubbing,2026-08-24T08:50:01.422100
2026-08-24,poniedzialek,lublin,Spider-Man. Całkiem nowy dzień (dubbing),Cinema City Lublin Felicity,13:00,,dubbing,2026-08-24T08:50:01.422100
2026-08-24,poniedzialek,lublin,Spider-Man. Całkiem nowy dzień (dubbing),Cinema City Lublin Felicity,14:10,,dubbing,2026-08-24T08:50:01.422100
2026-08-24,poniedzialek,lublin,Spider-Man. Całkiem nowy dzień (dubbing),Cinema City Lublin Felicity,18:00,,dubbing,2026-08-24T08:50:01.422100
2026-08-24,poniedzialek,lublin,Spider-Man. Całkiem nowy dzień (dubbing),Cinema City Lublin Plaza,11:50,,dubbing,2026-08-24T08:50:01.422100
2026-08-24,poniedzialek,lublin,Spider-Man. Całkiem nowy dzień (dubbing),Cinema City Lublin Plaza,15:00,,dubbing,2026-08-24T08:50:01.422100
2026-08-24,poniedzialek,lublin,Spider-Man. Całkiem nowy dzień (dubbing),Cinema City Lublin Plaza,18:10,,dubbing,2026-08-24T08:50:01.422100
2026-08-24,poniedzialek,lublin,Spider-Man. Całkiem nowy dzień (dubbing),Multikino Lublin,10:00,,dubbing,2026-08-24T08:50:01.422100
2026-08-24,poniedzialek,lublin,Spider-Man. Całkiem nowy dzień (dubbing),Multikino Lublin,11:00,,dubbing,2026-08-24T08:50:01.422100
2026-08-24,poniedzialek,lublin,Spider-Man. Całkiem nowy dzień (dubbing),Multikino Lublin,14:15,,dubbing,2026-08-24T08:50:01.422100
2026-08-24,poniedzialek,lublin,Spider-Man. Całkiem nowy dzień (dubbing),Multikino Lublin,16:30,,dubbing,2026-08-24T08:50:01.422100
2026-08-24,poniedzialek,lublin,Spider-Man. Całkiem nowy dzień (dubbing),Multikino Lublin,19:45,,dubbing,2026-08-24T08:50:01.422100
2026-08-24,poniedzialek,lublin,Spider-Man. Całkiem nowy dzień 3D,Cinema City Lublin Felicity,21:40,3D,,2026-08-24T08:50:01.422100
2026-08-24,poniedzialek,lublin,Spider-Man. Całkiem nowy dzień 3D (dubbing),Cinema City Lublin Felicity,11:30,3D,dubbing,2026-08-24T08:50:01.422100
2026-08-24,poniedzialek,lublin,Spider-Man. Całkiem nowy dzień 3D (dubbing),Multikino Lublin,13:15,3D,dubbing,2026-08-24T08:50:01.422100
2026-08-24,poniedzialek,lublin,Toy Story 5 (dubbing),Cinema City Lublin Felicity,10:00,,dubbing,2026-08-24T08:50:01.422100
2026-08-24,poniedzialek,lublin,Toy Story 5 (dubbing),Cinema City Lublin Plaza,13:30,,dubbing,2026-08-24T08:50:01.422100
2026-08-24,poniedzialek,lublin,Toy Story 5 (dubbing),Multikino Lublin,10:35,,dubbing,2026-08-24T08:50:01.422100
2026-08-24,poniedzialek,lublin,Tylko jedna noc,Cinema City Lublin Felicity,19:40,,,2026-08-24T08:50:01.422100
2026-08-24,poniedzialek,lublin,Tylko jedna noc,Cinema City Lublin Plaza,13:00,,,2026-08-24T08:50:01.422100
2026-08-24,poniedzialek,lublin,Tylko jedna noc,Multikino Lublin,14:00,,,2026-08-24T08:50:01.422100
2026-08-24,poniedzialek,lublin,Vaiana (dubbing),Cinema City Lublin Plaza,11:00,,dubbing,2026-08-24T08:50:01.422100
2026-08-24,poniedzialek,lublin,Vivaldi i ja,Cinema City Lublin Felicity,17:30,,,2026-08-24T08:50:01.422100
2026-08-24,poniedzialek,lublin,Vivaldi i ja,Kino Bajka w Lublinie,17:45,,,2026-08-24T08:50:01.422100
2026-08-24,poniedzialek,lublin,Wrong Girls,Cinema City Lublin Felicity,13:20,,,2026-08-24T08:50:01.422100
2026-08-24,poniedzialek,lublin,Wrong Girls,Cinema City Lublin Felicity,18:20,,,2026-08-24T08:50:01.422100
2026-08-24,poniedzialek,lublin,Wrong Girls,Cinema City Lublin Plaza,20:30,,,2026-08-24T08:50:01.422100
2026-08-24,poniedzialek,lublin,Wszyscy moi wrogowie,Cinema City Lublin Felicity,14:40,,,2026-08-24T08:50:01.422100
2026-08-24,poniedzialek,lublin,Wszyscy moi wrogowie,Cinema City Lublin Plaza,21:20,,,2026-08-24T08:50:01.422100
2026-08-24,poniedzialek,lublin,АСТРАЛ: ЗА МЕЖАМИ ПОТОЙБІЧЧЯ / Naznaczony: Wyjście z mrocznego wymiaru (ukr.),Cinema City Lublin Plaza,16:00,,,2026-08-24T08:50:01.422100
2026-08-24,poniedzialek,katowice,André Rieu. Niech żyje Maastricht!,Helios Katowice,18:00,,,2026-08-24T08:50:04.152517
2026-08-24,poniedzialek,katowice,André Rieu. Niech żyje Maastricht!,Multikino Katowice,16:40,,,2026-08-24T08:50:04.152517
2026-08-24,poniedzialek,katowice,Archikosmos,Kino Kosmos w Katowicach,18:15,,,2026-08-24T08:50:04.152517
2026-08-24,poniedzialek,katowice,Arek.Mama.Panorama,Cinema City Katowice Punkt 44,18:10,,,2026-08-24T08:50:04.152517
2026-08-24,poniedzialek,katowice,Arek.Mama.Panorama,Kino Kosmos w Katowicach,13:20,,,2026-08-24T08:50:04.152517
2026-08-24,poniedzialek,katowice,Arek.Mama.Panorama,Kino Studyjne Światowid w Katowicach,17:00,,,2026-08-24T08:50:04.152517
2026-08-24,poniedzialek,katowice,Bogaci i martwi,Cinema City Katowice Punkt 44,13:30,,,2026-08-24T08:50:04.152517
2026-08-24,poniedzialek,katowice,Bogaci i martwi,Cinema City Katowice Punkt 44,18:10,,,2026-08-24T08:50:04.152517
2026-08-24,poniedzialek,katowice,Bogaci i martwi,Cinema City Katowice Silesia,19:10,,,2026-08-24T08:50:04.152517
2026-08-24,poniedzialek,katowice,Bogaci i martwi,Cinema City Katowice Silesia,21:40,,,2026-08-24T08:50:04.152517
2026-08-24,poniedzialek,katowice,Buntownik,Cinema City Katowice Punkt 44,11:10,,,2026-08-24T08:50:04.152517
2026-08-24,poniedzialek,katowice,Buntownik,Cinema City Katowice Punkt 44,13:20,,,2026-08-24T08:50:04.152517
2026-08-24,poniedzialek,katowice,Buntownik,Cinema City Katowice Punkt 44,15:50,,,2026-08-24T08:50:04.152517
2026-08-24,poniedzialek,katowice,Buntownik,Cinema City Katowice Punkt 44,18:10,,,2026-08-24T08:50:04.152517
2026-08-24,poniedzialek,katowice,Buntownik,Cinema City Katowice Punkt 44,20:30,,,2026-08-24T08:50:04.152517
2026-08-24,poniedzialek,katowice,Buntownik,Cinema City Katowice Silesia,13:00,,,2026-08-24T08:50:04.152517
2026-08-24,poniedzialek,katowice,Buntownik,Cinema City Katowice Silesia,15:20,,,2026-08-24T08:50:04.152517
2026-08-24,poniedzialek,katowice,Buntownik,Cinema City Katowice Silesia,17:40,,,2026-08-24T08:50:04.152517
2026-08-24,poniedzialek,katowice,Buntownik,Cinema City Katowice Silesia,20:00,,,2026-08-24T08:50:04.152517
2026-08-24,poniedzialek,katowice,Buntownik,Cinema City Katowice Silesia,22:20,,,2026-08-24T08:50:04.152517
2026-08-24,poniedzialek,katowice,Buntownik,Helios Katowice,14:00,,,2026-08-24T08:50:04.152517
2026-08-24,poniedzialek,katowice,Buntownik,Helios Katowice,17:45,,,2026-08-24T08:50:04.152517
2026-08-24,poniedzialek,katowice,Buntownik,Helios Katowice,21:00,,,2026-08-24T08:50:04.152517
2026-08-24,poniedzialek,katowice,Buntownik,Multikino Katowice,15:25,,,2026-08-24T08:50:04.152517
2026-08-24,poniedzialek,katowice,Buntownik,Multikino Katowice,17:15,,,2026-08-24T08:50:04.152517
2026-08-24,poniedzialek,katowice,Buntownik,Multikino Katowice,20:10,,,2026-08-24T08:50:04.152517
2026-08-24,poniedzialek,katowice,Do utraty tchu,Kino Kosmos w Katowicach,14:50,,,2026-08-24T08:50:04.152517
2026-08-24,poniedzialek,katowice,Dzień Objawienia,Cinema City Katowice Punkt 44,20:50,,,2026-08-24T08:50:04.152517
2026-08-24,poniedzialek,katowice,Flavia de Luce (dubbing),Cinema City Katowice Punkt 44,11:40,,dubbing,2026-08-24T08:50:04.152517
2026-08-24,poniedzialek,katowice,Flavia de Luce (dubbing),Cinema City Katowice Silesia,10:00,,dubbing,2026-08-24T08:50:04.152517
2026-08-24,poniedzialek,katowice,Frances Ha,Cinema City Katowice Silesia,20:10,,,2026-08-24T08:50:04.152517
2026-08-24,poniedzialek,katowice,Ghost in the shell,Kino Kosmos w Katowicach,20:30,,,2026-08-24T08:50:04.152517
2026-08-24,poniedzialek,katowice,Historie równoległe,Cinema City Katowice Silesia,21:50,,,2026-08-24T08:50:04.152517
2026-08-24,poniedzialek,katowice,Historie równoległe,Kino Kosmos w Katowicach,13:35,,,2026-08-24T08:50:04.152517
2026-08-24,poniedzialek,katowice,Historie równoległe,Kino Studyjne Światowid w Katowicach,17:45,,,2026-08-24T08:50:04.152517
2026-08-24,poniedzialek,katowice,Historie równoległe,Multikino Katowice,20:00,,,2026-08-24T08:50:04.152517
2026-08-24,poniedzialek,katowice,Ice Cream Man,Cinema City Katowice Punkt 44,22:20,,,2026-08-24T08:50:04.152517
2026-08-24,poniedzialek,katowice,Ice Cream Man,Cinema City Katowice Silesia,21:20,,,2026-08-24T08:50:04.152517
2026-08-24,poniedzialek,katowice,Ice Cream Man,Multikino Katowice,13:20,,,2026-08-24T08:50:04.152517
2026-08-24,poniedzialek,katowice,Koniec Ulicy Dębowej,Cinema City Katowice Punkt 44,19:30,,,2026-08-24T08:50:04.152517
2026-08-24,poniedzialek,katowice,Koniec Ulicy Dębowej,Cinema City Katowice Punkt 44,22:00,,,2026-08-24T08:50:04.152517
2026-08-24,poniedzialek,katowice,Koniec Ulicy Dębowej,Cinema City Katowice Silesia,10:50,,,2026-08-24T08:50:04.152517
2026-08-24,poniedzialek,katowice,Koniec Ulicy Dębowej,Cinema City Katowice Silesia,15:50,,,2026-08-24T08:50:04.152517
2026-08-24,poniedzialek,katowice,Koniec Ulicy Dębowej,Cinema City Katowice Silesia,18:20,,,2026-08-24T08:50:04.152517
2026-08-24,poniedzialek,katowice,Koniec Ulicy Dębowej,Cinema City Katowice Silesia,20:50,,,2026-08-24T08:50:04.152517
2026-08-24,poniedzialek,katowice,Koniec Ulicy Dębowej,Helios Katowice,10:50,,,2026-08-24T08:50:04.152517
2026-08-24,poniedzialek,katowice,Koniec Ulicy Dębowej,Helios Katowice,15:00,,,2026-08-24T08:50:04.152517
2026-08-24,poniedzialek,katowice,Koniec Ulicy Dębowej,Helios Katowice,18:45,,,2026-08-24T08:50:04.152517
2026-08-24,poniedzialek,katowice,Koniec Ulicy Dębowej,Multikino Katowice,17:35,,,2026-08-24T08:50:04.152517
2026-08-24,poniedzialek,katowice,Koniec Ulicy Dębowej,Multikino Katowice,20:25,,,2026-08-24T08:50:04.152517
2026-08-24,poniedzialek,katowice,Księga pustyni,Helios Katowice,10:20,,,2026-08-24T08:50:04.152517
2026-08-24,poniedzialek,katowice,Księga pustyni,Helios Katowice,12:30,,,2026-08-24T08:50:04.152517
2026-08-24,poniedzialek,katowice,Księga pustyni,Helios Katowice,14:50,,,2026-08-24T08:50:04.152517
2026-08-24,poniedzialek,katowice,Księga pustyni,Helios Katowice,17:00,,,2026-08-24T08:50:04.152517
2026-08-24,poniedzialek,katowice,Księga pustyni,Kino Studyjne Światowid w Katowicach,13:45,,,2026-08-24T08:50:04.152517
2026-08-24,poniedzialek,katowice,Księga pustyni (dubbing),Cinema City Katowice Punkt 44,10:30,,dubbing,2026-08-24T08:50:04.152517
2026-08-24,poniedzialek,katowice,Księga pustyni (dubbing),Cinema City Katowice Punkt 44,11:30,,dubbing,2026-08-24T08:50:04.152517
2026-08-24,poniedzialek,katowice,Księga pustyni (dubbing),Cinema City Katowice Punkt 44,13:40,,dubbing,2026-08-24T08:50:04.152517
2026-08-24,poniedzialek,katowice,Księga pustyni (dubbing),Cinema City Katowice Punkt 44,15:10,,dubbing,2026-08-24T08:50:04.152517
2026-08-24,poniedzialek,katowice,Księga pustyni (dubbing),Cinema City Katowice Punkt 44,17:20,,dubbing,2026-08-24T08:50:04.152517
2026-08-24,poniedzialek,katowice,Księga pustyni (dubbing),Cinema City Katowice Silesia,10:00,,dubbing,2026-08-24T08:50:04.152517
2026-08-24,poniedzialek,katowice,Księga pustyni (dubbing),Cinema City Katowice Silesia,10:50,,dubbing,2026-08-24T08:50:04.152517
2026-08-24,poniedzialek,katowice,Księga pustyni (dubbing),Cinema City Katowice Silesia,13:10,,dubbing,2026-08-24T08:50:04.152517
2026-08-24,poniedzialek,katowice,Księga pustyni (dubbing),Cinema City Katowice Silesia,15:30,,dubbing,2026-08-24T08:50:04.152517
2026-08-24,poniedzialek,katowice,Księga pustyni (dubbing),Cinema City Katowice Silesia,17:50,,dubbing,2026-08-24T08:50:04.152517
2026-08-24,poniedzialek,katowice,Księga pustyni (dubbing),Multikino Katowice,11:05,,dubbing,2026-08-24T08:50:04.152517
2026-08-24,poniedzialek,katowice,Księga pustyni (dubbing),Multikino Katowice,13:25,,dubbing,2026-08-24T08:50:04.152517
2026-08-24,poniedzialek,katowice,Księga pustyni (dubbing),Multikino Katowice,15:45,,dubbing,2026-08-24T08:50:04.152517
2026-08-24,poniedzialek,katowice,Księga pustyni (dubbing),Multikino Katowice,18:05,,dubbing,2026-08-24T08:50:04.152517
2026-08-24,poniedzialek,katowice,Minionki i straszydła (dubbing),Cinema City Katowice Punkt 44,10:10,,dubbing,2026-08-24T08:50:04.152517
2026-08-24,poniedzialek,katowice,Minionki i straszydła (dubbing),Cinema City Katowice Punkt 44,12:20,,dubbing,2026-08-24T08:50:04.152517
2026-08-24,poniedzialek,katowice,Minionki i straszydła (dubbing),Cinema City Katowice Punkt 44,14:20,,dubbing,2026-08-24T08:50:04.152517
2026-08-24,poniedzialek,katowice,Minionki i straszydła (dubbing),Cinema City Katowice Silesia,12:20,,dubbing,2026-08-24T08:50:04.152517
2026-08-24,poniedzialek,katowice,Minionki i straszydła (dubbing),Cinema City Katowice Silesia,14:30,,dubbing,2026-08-24T08:50:04.152517
2026-08-24,poniedzialek,katowice,Minionki i straszydła (dubbing),Helios Katowice,11:10,,dubbing,2026-08-24T08:50:04.152517
2026-08-24,poniedzialek,katowice,Minionki i straszydła (dubbing),Multikino Katowice,10:00,,dubbing,2026-08-24T08:50:04.152517
2026-08-24,poniedzialek,katowice,Naznaczony: Wyjście z mrocznego wymiaru,Cinema City Katowice Punkt 44,13:50,,,2026-08-24T08:50:04.152517
2026-08-24,poniedzialek,katowice,Naznaczony: Wyjście z mrocznego wymiaru,Cinema City Katowice Punkt 44,16:20,,,2026-08-24T08:50:04.152517
2026-08-24,poniedzialek,katowice,Naznaczony: Wyjście z mrocznego wymiaru,Cinema City Katowice Punkt 44,18:50,,,2026-08-24T08:50:04.152517
2026-08-24,poniedzialek,katowice,Naznaczony: Wyjście z mrocznego wymiaru,Cinema City Katowice Punkt 44,21:30,,,2026-08-24T08:50:04.152517
2026-08-24,poniedzialek,katowice,Naznaczony: Wyjście z mrocznego wymiaru,Cinema City Katowice Silesia,12:05,,,2026-08-24T08:50:04.152517
2026-08-24,poniedzialek,katowice,Naznaczony: Wyjście z mrocznego wymiaru,Cinema City Katowice Silesia,14:30,,,2026-08-24T08:50:04.152517
2026-08-24,poniedzialek,katowice,Naznaczony: Wyjście z mrocznego wymiaru,Cinema City Katowice Silesia,17:00,,,2026-08-24T08:50:04.152517
2026-08-24,poniedzialek,katowice,Naznaczony: Wyjście z mrocznego wymiaru,Cinema City Katowice Silesia,19:30,,,2026-08-24T08:50:04.152517
2026-08-24,poniedzialek,katowice,Naznaczony: Wyjście z mrocznego wymiaru,Cinema City Katowice Silesia,22:00,,,2026-08-24T08:50:04.152517
2026-08-24,poniedzialek,katowice,Naznaczony: Wyjście z mrocznego wymiaru,Helios Katowice,16:15,,,2026-08-24T08:50:04.152517
2026-08-24,poniedzialek,katowice,Naznaczony: Wyjście z mrocznego wymiaru,Helios Katowice,19:15,,,2026-08-24T08:50:04.152517
2026-08-24,poniedzialek,katowice,Naznaczony: Wyjście z mrocznego wymiaru,Helios Katowice,21:50,,,2026-08-24T08:50:04.152517
2026-08-24,poniedzialek,katowice,Naznaczony: Wyjście z mrocznego wymiaru,Multikino Katowice,15:30,,,2026-08-24T08:50:04.152517
2026-08-24,poniedzialek,katowice,Naznaczony: Wyjście z mrocznego wymiaru,Multikino Katowice,18:00,,,2026-08-24T08:50:04.152517
2026-08-24,poniedzialek,katowice,Naznaczony: Wyjście z mrocznego wymiaru,Multikino Katowice,20:35,,,2026-08-24T08:50:04.152517
2026-08-24,poniedzialek,katowice,Nowa fala,Kino Studyjne Światowid w Katowicach,12:00,,,2026-08-24T08:50:04.152517
2026-08-24,poniedzialek,katowice,O czym sobie nie mówimy,Kino Studyjne Światowid w Katowicach,11:30,,,2026-08-24T08:50:04.152517
2026-08-24,poniedzialek,katowice,O czym wie Marielle,Kino Studyjne Światowid w Katowicach,15:30,,,2026-08-24T08:50:04.152517
2026-08-24,poniedzialek,katowice,Obsesja,Multikino Katowice,10:50,,,2026-08-24T08:50:04.152517
2026-08-24,poniedzialek,katowice,Odyseja,Cinema City Katowice Punkt 44,12:40,,,2026-08-24T08:50:04.152517
2026-08-24,poniedzialek,katowice,Odyseja,Cinema City Katowice Punkt 44,16:10,,,2026-08-24T08:50:04.152517
2026-08-24,poniedzialek,katowice,Odyseja,Cinema City Katowice Punkt 44,19:50,,,2026-08-24T08:50:04.152517
2026-08-24,poniedzialek,katowice,Odyseja,Cinema City Katowice Punkt 44,21:20,,,2026-08-24T08:50:04.152517
2026-08-24,poniedzialek,katowice,Odyseja,Cinema City Katowice Punkt 44 IMAX,10:40,,,2026-08-24T08:50:04.152517
2026-08-24,poniedzialek,katowice,Odyseja,Cinema City Katowice Punkt 44 IMAX,14:20,,,2026-08-24T08:50:04.152517
2026-08-24,poniedzialek,katowice,Odyseja,Cinema City Katowice Punkt 44 IMAX,20:40,,,2026-08-24T08:50:04.152517
2026-08-24,poniedzialek,katowice,Odyseja,Cinema City Katowice Silesia,10:40,,,2026-08-24T08:50:04.152517
2026-08-24,poniedzialek,katowice,Odyseja,Cinema City Katowice Silesia,14:20,,,2026-08-24T08:50:04.152517
2026-08-24,poniedzialek,katowice,Odyseja,Cinema City Katowice Silesia,18:00,,,2026-08-24T08:50:04.152517
2026-08-24,poniedzialek,katowice,Odyseja,Cinema City Katowice Silesia,20:20,,,2026-08-24T08:50:04.152517
2026-08-24,poniedzialek,katowice,Odyseja,Cinema City Katowice Silesia,21:40,,,2026-08-24T08:50:04.152517
2026-08-24,poniedzialek,katowice,Odyseja,Helios Katowice,11:20,,,2026-08-24T08:50:04.152517
2026-08-24,poniedzialek,katowice,Odyseja,Helios Katowice,13:10,,,2026-08-24T08:50:04.152517
2026-08-24,poniedzialek,katowice,Odyseja,Helios Katowice,16:40,,,2026-08-24T08:50:04.152517
2026-08-24,poniedzialek,katowice,Odyseja,Helios Katowice,17:30,,,2026-08-24T08:50:04.152517
2026-08-24,poniedzialek,katowice,Odyseja,Helios Katowice,20:15,,,2026-08-24T08:50:04.152517
2026-08-24,poniedzialek,katowice,Odyseja,Multikino Katowice,10:15,,,2026-08-24T08:50:04.152517
2026-08-24,poniedzialek,katowice,Odyseja,Multikino Katowice,13:55,,,2026-08-24T08:50:04.152517
2026-08-24,poniedzialek,katowice,Odyseja,Multikino Katowice,20:45,,,2026-08-24T08:50:04.152517
2026-08-24,poniedzialek,katowice,Odyseja / Одіссея (ukr.),Multikino Katowice,11:45,,,2026-08-24T08:50:04.152517
2026-08-24,poniedzialek,katowice,Odzyskany,Cinema City Katowice Silesia,16:40,,,2026-08-24T08:50:04.152517
2026-08-24,poniedzialek,katowice,Proces,Kino Studyjne Światowid w Katowicach,18:15,,,2026-08-24T08:50:04.152517
2026-08-24,poniedzialek,katowice,Psi Patrol i dinozaury,Helios Katowice,10:10,,,2026-08-24T08:50:04.152517
2026-08-24,poniedzialek,katowice,Psi Patrol i dinozaury,Helios Katowice,13:20,,,2026-08-24T08:50:04.152517
2026-08-24,poniedzialek,katowice,Psi Patrol i dinozaury,Helios Katowice,15:30,,,2026-08-24T08:50:04.152517
2026-08-24,poniedzialek,katowice,Psi Patrol i dinozaury (dubbing),Cinema City Katowice Punkt 44,10:30,,dubbing,2026-08-24T08:50:04.152517
2026-08-24,poniedzialek,katowice,Psi Patrol i dinozaury (dubbing),Cinema City Katowice Punkt 44,12:40,,dubbing,2026-08-24T08:50:04.152517
2026-08-24,poniedzialek,katowice,Psi Patrol i dinozaury (dubbing),Cinema City Katowice Punkt 44,14:50,,dubbing,2026-08-24T08:50:04.152517
2026-08-24,poniedzialek,katowice,Psi Patrol i dinozaury (dubbing),Cinema City Katowice Silesia,10:30,,dubbing,2026-08-24T08:50:04.152517
2026-08-24,poniedzialek,katowice,Psi Patrol i dinozaury (dubbing),Cinema City Katowice Silesia,12:40,,dubbing,2026-08-24T08:50:04.152517
2026-08-24,poniedzialek,katowice,Psi Patrol i dinozaury (dubbing),Cinema City Katowice Silesia,14:50,,dubbing,2026-08-24T08:50:04.152517
2026-08-24,poniedzialek,katowice,Psi Patrol i dinozaury (dubbing),Cinema City Katowice Silesia,17:00,,dubbing,2026-08-24T08:50:04.152517
2026-08-24,poniedzialek,katowice,Psi Patrol i dinozaury (dubbing),Multikino Katowice,12:15,,dubbing,2026-08-24T08:50:04.152517
2026-08-24,poniedzialek,katowice,Psi Patrol i dinozaury (dubbing),Multikino Katowice,14:30,,dubbing,2026-08-24T08:50:04.152517
2026-08-24,poniedzialek,katowice,Pucio kocha zwierzaki,Cinema City Katowice Punkt 44,10:10,,,2026-08-24T08:50:04.152517
2026-08-24,poniedzialek,katowice,Pucio kocha zwierzaki,Cinema City Katowice Punkt 44,10:40,,,2026-08-24T08:50:04.152517
2026-08-24,poniedzialek,katowice,Pucio kocha zwierzaki,Cinema City Katowice Punkt 44,11:40,,,2026-08-24T08:50:04.152517
2026-08-24,poniedzialek,katowice,Pucio kocha zwierzaki,Cinema City Katowice Punkt 44,13:10,,,2026-08-24T08:50:04.152517
2026-08-24,poniedzialek,katowice,Pucio kocha zwierzaki,Cinema City Katowice Punkt 44,14:40,,,2026-08-24T08:50:04.152517
2026-08-24,poniedzialek,katowice,Pucio kocha zwierzaki,Cinema City Katowice Punkt 44,16:10,,,2026-08-24T08:50:04.152517
2026-08-24,poniedzialek,katowice,Pucio kocha zwierzaki,Cinema City Katowice Silesia,10:00,,,2026-08-24T08:50:04.152517
2026-08-24,poniedzialek,katowice,Pucio kocha zwierzaki,Cinema City Katowice Silesia,11:30,,,2026-08-24T08:50:04.152517
2026-08-24,poniedzialek,katowice,Pucio kocha zwierzaki,Cinema City Katowice Silesia,12:10,,,2026-08-24T08:50:04.152517
2026-08-24,poniedzialek,katowice,Pucio kocha zwierzaki,Cinema City Katowice Silesia,13:40,,,2026-08-24T08:50:04.152517
2026-08-24,poniedzialek,katowice,Pucio kocha zwierzaki,Cinema City Katowice Silesia,15:10,,,2026-08-24T08:50:04.152517
2026-08-24,poniedzialek,katowice,Pucio kocha zwierzaki,Helios Katowice,10:00,,,2026-08-24T08:50:04.152517
2026-08-24,poniedzialek,katowice,Pucio kocha zwierzaki,Helios Katowice,10:40,,,2026-08-24T08:50:04.152517
2026-08-24,poniedzialek,katowice,Pucio kocha zwierzaki,Helios Katowice,12:10,,,2026-08-24T08:50:04.152517
2026-08-24,poniedzialek,katowice,Pucio kocha zwierzaki,Helios Katowice,13:50,,,2026-08-24T08:50:04.152517
2026-08-24,poniedzialek,katowice,Pucio kocha zwierzaki,Helios Katowice,15:10,,,2026-08-24T08:50:04.152517
2026-08-24,poniedzialek,katowice,Pucio kocha zwierzaki,Helios Katowice,16:30,,,2026-08-24T08:50:04.152517
2026-08-24,poniedzialek,katowice,Pucio kocha zwierzaki,Multikino Katowice,10:45,,,2026-08-24T08:50:04.152517
2026-08-24,poniedzialek,katowice,Pucio kocha zwierzaki,Multikino Katowice,12:00,,,2026-08-24T08:50:04.152517
2026-08-24,poniedzialek,katowice,Pucio kocha zwierzaki,Multikino Katowice,13:20,,,2026-08-24T08:50:04.152517
2026-08-24,poniedzialek,katowice,Pucio kocha zwierzaki,Multikino Katowice,14:40,,,2026-08-24T08:50:04.152517
2026-08-24,poniedzialek,katowice,Pucio kocha zwierzaki,Multikino Katowice,16:00,,,2026-08-24T08:50:04.152517
2026-08-24,poniedzialek,katowice,Shrek (dubbing),Cinema City Katowice Punkt 44,17:00,,dubbing,2026-08-24T08:50:04.152517
2026-08-24,poniedzialek,katowice,Shrek (dubbing),Cinema City Katowice Punkt 44,19:10,,dubbing,2026-08-24T08:50:04.152517
2026-08-24,poniedzialek,katowice,Shrek (dubbing),Cinema City Katowice Silesia,16:00,,dubbing,2026-08-24T08:50:04.152517
2026-08-24,poniedzialek,katowice,Shrek (dubbing),Cinema City Katowice Silesia,18:10,,dubbing,2026-08-24T08:50:04.152517
2026-08-24,poniedzialek,katowice,Spider-Man. Całkiem nowy dzień,Cinema City Katowice Punkt 44,10:30,,,2026-08-24T08:50:04.152517
2026-08-24,poniedzialek,katowice,Spider-Man. Całkiem nowy dzień,Cinema City Katowice Punkt 44,11:30,,,2026-08-24T08:50:04.152517
2026-08-24,poniedzialek,katowice,Spider-Man. Całkiem nowy dzień,Cinema City Katowice Punkt 44,13:40,,,2026-08-24T08:50:04.152517
2026-08-24,poniedzialek,katowice,Spider-Man. Całkiem nowy dzień,Cinema City Katowice Punkt 44,14:40,,,2026-08-24T08:50:04.152517
2026-08-24,poniedzialek,katowice,Spider-Man. Całkiem nowy dzień,Cinema City Katowice Punkt 44,16:50,,,2026-08-24T08:50:04.152517
2026-08-24,poniedzialek,katowice,Spider-Man. Całkiem nowy dzień,Cinema City Katowice Punkt 44,17:50,,,2026-08-24T08:50:04.152517
2026-08-24,poniedzialek,katowice,Spider-Man. Całkiem nowy dzień,Cinema City Katowice Punkt 44,20:00,,,2026-08-24T08:50:04.152517
2026-08-24,poniedzialek,katowice,Spider-Man. Całkiem nowy dzień,Cinema City Katowice Punkt 44,21:00,,,2026-08-24T08:50:04.152517
2026-08-24,poniedzialek,katowice,Spider-Man. Całkiem nowy dzień,Cinema City Katowice Punkt 44,21:40,,,2026-08-24T08:50:04.152517
2026-08-24,poniedzialek,katowice,Spider-Man. Całkiem nowy dzień,Cinema City Katowice Silesia,11:00,,,2026-08-24T08:50:04.152517
2026-08-24,poniedzialek,katowice,Spider-Man. Całkiem nowy dzień,Cinema City Katowice Silesia,14:10,,,2026-08-24T08:50:04.152517
2026-08-24,poniedzialek,katowice,Spider-Man. Całkiem nowy dzień,Cinema City Katowice Silesia,17:20,,,2026-08-24T08:50:04.152517
2026-08-24,poniedzialek,katowice,Spider-Man. Całkiem nowy dzień,Cinema City Katowice Silesia,19:50,,,2026-08-24T08:50:04.152517
2026-08-24,poniedzialek,katowice,Spider-Man. Całkiem nowy dzień,Cinema City Katowice Silesia,20:30,,,2026-08-24T08:50:04.152517
2026-08-24,poniedzialek,katowice,Spider-Man. Całkiem nowy dzień,Helios Katowice,11:00,,,2026-08-24T08:50:04.152517
2026-08-24,poniedzialek,katowice,Spider-Man. Całkiem nowy dzień,Helios Katowice,14:10,,,2026-08-24T08:50:04.152517
2026-08-24,poniedzialek,katowice,Spider-Man. Całkiem nowy dzień,Helios Katowice,15:20,,,2026-08-24T08:50:04.152517
2026-08-24,poniedzialek,katowice,Spider-Man. Całkiem nowy dzień,Helios Katowice,17:15,,,2026-08-24T08:50:04.152517
2026-08-24,poniedzialek,katowice,Spider-Man. Całkiem nowy dzień,Helios Katowice,18:30,,,2026-08-24T08:50:04.152517
2026-08-24,poniedzialek,katowice,Spider-Man. Całkiem nowy dzień,Helios Katowice,20:30,,,2026-08-24T08:50:04.152517
2026-08-24,poniedzialek,katowice,Spider-Man. Całkiem nowy dzień,Helios Katowice,21:40,,,2026-08-24T08:50:04.152517
2026-08-24,poniedzialek,katowice,Spider-Man. Całkiem nowy dzień,Multikino Katowice,11:00,,,2026-08-24T08:50:04.152517
2026-08-24,poniedzialek,katowice,Spider-Man. Całkiem nowy dzień,Multikino Katowice,13:15,,,2026-08-24T08:50:04.152517
2026-08-24,poniedzialek,katowice,Spider-Man. Całkiem nowy dzień,Multikino Katowice,14:15,,,2026-08-24T08:50:04.152517
2026-08-24,poniedzialek,katowice,Spider-Man. Całkiem nowy dzień,Multikino Katowice,17:30,,,2026-08-24T08:50:04.152517
2026-08-24,poniedzialek,katowice,Spider-Man. Całkiem nowy dzień,Multikino Katowice,20:35,,,2026-08-24T08:50:04.152517
2026-08-24,poniedzialek,katowice,Spider-Man. Całkiem nowy dzień (dubbing),Cinema City Katowice Punkt 44,12:10,,dubbing,2026-08-24T08:50:04.152517
2026-08-24,poniedzialek,katowice,Spider-Man. Całkiem nowy dzień (dubbing),Cinema City Katowice Punkt 44,15:20,,dubbing,2026-08-24T08:50:04.152517
2026-08-24,poniedzialek,katowice,Spider-Man. Całkiem nowy dzień (dubbing),Cinema City Katowice Punkt 44,16:20,,dubbing,2026-08-24T08:50:04.152517
2026-08-24,poniedzialek,katowice,Spider-Man. Całkiem nowy dzień (dubbing),Cinema City Katowice Punkt 44,18:30,,dubbing,2026-08-24T08:50:04.152517
2026-08-24,poniedzialek,katowice,Spider-Man. Całkiem nowy dzień (dubbing),Cinema City Katowice Punkt 44,19:25,,dubbing,2026-08-24T08:50:04.152517
2026-08-24,poniedzialek,katowice,Spider-Man. Całkiem nowy dzień (dubbing),Cinema City Katowice Punkt 44,22:30,,dubbing,2026-08-24T08:50:04.152517
2026-08-24,poniedzialek,katowice,Spider-Man. Całkiem nowy dzień (dubbing),Cinema City Katowice Silesia,10:20,,dubbing,2026-08-24T08:50:04.152517
2026-08-24,poniedzialek,katowice,Spider-Man. Całkiem nowy dzień (dubbing),Cinema City Katowice Silesia,12:40,,dubbing,2026-08-24T08:50:04.152517
2026-08-24,poniedzialek,katowice,Spider-Man. Całkiem nowy dzień (dubbing),Cinema City Katowice Silesia,13:30,,dubbing,2026-08-24T08:50:04.152517
2026-08-24,poniedzialek,katowice,Spider-Man. Całkiem nowy dzień (dubbing),Cinema City Katowice Silesia,15:50,,dubbing,2026-08-24T08:50:04.152517
2026-08-24,poniedzialek,katowice,Spider-Man. Całkiem nowy dzień (dubbing),Cinema City Katowice Silesia,16:40,,dubbing,2026-08-24T08:50:04.152517
2026-08-24,poniedzialek,katowice,Spider-Man. Całkiem nowy dzień (dubbing),Cinema City Katowice Silesia,19:00,,dubbing,2026-08-24T08:50:04.152517
2026-08-24,poniedzialek,katowice,Spider-Man. Całkiem nowy dzień (dubbing),Multikino Katowice,10:00,,dubbing,2026-08-24T08:50:04.152517
2026-08-24,poniedzialek,katowice,Spider-Man. Całkiem nowy dzień (dubbing),Multikino Katowice,12:15,,dubbing,2026-08-24T08:50:04.152517
2026-08-24,poniedzialek,katowice,Spider-Man. Całkiem nowy dzień 3D (dubbing),Cinema City Katowice Punkt 44,17:40,3D,dubbing,2026-08-24T08:50:04.152517
2026-08-24,poniedzialek,katowice,Spider-Man. Całkiem nowy dzień 3D (dubbing),Cinema City Katowice Silesia,15:00,3D,dubbing,2026-08-24T08:50:04.152517
2026-08-24,poniedzialek,katowice,Spider-Man. Całkiem nowy dzień 3D (dubbing),Multikino Katowice,15:30,3D,dubbing,2026-08-24T08:50:04.152517
2026-08-24,poniedzialek,katowice,Spider-Man. Całkiem nowy dzień 3D (dubbing),Multikino Katowice,18:45,3D,dubbing,2026-08-24T08:50:04.152517
2026-08-24,poniedzialek,katowice,Straszny film,Cinema City Katowice Silesia,22:10,,,2026-08-24T08:50:04.152517
2026-08-24,poniedzialek,katowice,Toy Story 5 (dubbing),Cinema City Katowice Punkt 44,10:20,,dubbing,2026-08-24T08:50:04.152517
2026-08-24,poniedzialek,katowice,Toy Story 5 (dubbing),Cinema City Katowice Punkt 44,12:50,,dubbing,2026-08-24T08:50:04.152517
2026-08-24,poniedzialek,katowice,Toy Story 5 (dubbing),Cinema City Katowice Silesia,11:10,,dubbing,2026-08-24T08:50:04.152517
2026-08-24,poniedzialek,katowice,Toy Story 5 (dubbing),Cinema City Katowice Silesia,12:30,,dubbing,2026-08-24T08:50:04.152517
2026-08-24,poniedzialek,katowice,Toy Story 5 (dubbing),Cinema City Katowice Silesia,13:40,,dubbing,2026-08-24T08:50:04.152517
2026-08-24,poniedzialek,katowice,Tylko jedna noc,Cinema City Katowice Punkt 44,15:50,,,2026-08-24T08:50:04.152517
2026-08-24,poniedzialek,katowice,Tylko jedna noc,Cinema City Katowice Punkt 44,20:00,,,2026-08-24T08:50:04.152517
2026-08-24,poniedzialek,katowice,Tylko jedna noc,Cinema City Katowice Silesia,19:20,,,2026-08-24T08:50:04.152517
2026-08-24,poniedzialek,katowice,Tylko jedna noc,Helios Katowice,11:30,,,2026-08-24T08:50:04.152517
2026-08-24,poniedzialek,katowice,Tylko jedna noc,Multikino Katowice,20:30,,,2026-08-24T08:50:04.152517
2026-08-24,poniedzialek,katowice,Vaiana (dubbing),Cinema City Katowice Punkt 44,10:00,,dubbing,2026-08-24T08:50:04.152517
2026-08-24,poniedzialek,katowice,Vaiana (dubbing),Cinema City Katowice Punkt 44,15:40,,dubbing,2026-08-24T08:50:04.152517
2026-08-24,poniedzialek,katowice,Vaiana (dubbing),Cinema City Katowice Silesia,10:00,,dubbing,2026-08-24T08:50:04.152517
2026-08-24,poniedzialek,katowice,Vivaldi i ja,Cinema City Katowice Silesia,13:20,,,2026-08-24T08:50:04.152517
2026-08-24,poniedzialek,katowice,Vivaldi i ja,Cinema City Katowice Silesia,18:50,,,2026-08-24T08:50:04.152517
2026-08-24,poniedzialek,katowice,Vivaldi i ja,Kino Kosmos w Katowicach,16:10,,,2026-08-24T08:50:04.152517
2026-08-24,poniedzialek,katowice,Vivaldi i ja,Kinoteatr Rialto w Katowicach,20:00,,,2026-08-24T08:50:04.152517
2026-08-24,poniedzialek,katowice,Wrong Girls,Cinema City Katowice Punkt 44,11:10,,,2026-08-24T08:50:04.152517
2026-08-24,poniedzialek,katowice,Wrong Girls,Cinema City Katowice Punkt 44,15:50,,,2026-08-24T08:50:04.152517
2026-08-24,poniedzialek,katowice,Wrong Girls,Cinema City Katowice Punkt 44,20:40,,,2026-08-24T08:50:04.152517
2026-08-24,poniedzialek,katowice,Wrong Girls,Cinema City Katowice Silesia,10:10,,,2026-08-24T08:50:04.152517
2026-08-24,poniedzialek,katowice,Wrong Girls,Cinema City Katowice Silesia,18:10,,,2026-08-24T08:50:04.152517
2026-08-24,poniedzialek,katowice,Wrong Girls,Cinema City Katowice Silesia,20:30,,,2026-08-24T08:50:04.152517
2026-08-24,poniedzialek,katowice,Wrong Girls,Kino Kosmos w Katowicach,16:35,,,2026-08-24T08:50:04.152517
2026-08-24,poniedzialek,katowice,Wrong Girls,Kino Studyjne Światowid w Katowicach,20:30,,,2026-08-24T08:50:04.152517
2026-08-24,poniedzialek,katowice,Wszyscy moi wrogowie,Cinema City Katowice Punkt 44,12:50,,,2026-08-24T08:50:04.152517
2026-08-24,poniedzialek,katowice,Wszyscy moi wrogowie,Cinema City Katowice Punkt 44,18:30,,,2026-08-24T08:50:04.152517
2026-08-24,poniedzialek,katowice,Wszyscy moi wrogowie,Cinema City Katowice Punkt 44,21:20,,,2026-08-24T08:50:04.152517
2026-08-24,poniedzialek,katowice,Wszyscy moi wrogowie,Cinema City Katowice Silesia,16:30,,,2026-08-24T08:50:04.152517
2026-08-24,poniedzialek,katowice,Wszyscy moi wrogowie,Helios Katowice,12:20,,,2026-08-24T08:50:04.152517
2026-08-24,poniedzialek,katowice,Wszyscy moi wrogowie,Kino Studyjne Światowid w Katowicach,20:15,,,2026-08-24T08:50:04.152517
2026-08-24,poniedzialek,katowice,Wszyscy moi wrogowie,Multikino Katowice,11:15,,,2026-08-24T08:50:04.152517
2026-08-24,poniedzialek,katowice,Zaproszenie,Kino Studyjne Światowid w Katowicach,15:00,,,2026-08-24T08:50:04.152517
2026-08-24,poniedzialek,katowice,Zaproszenie,Kinoteatr Rialto w Katowicach,17:30,,,2026-08-24T08:50:04.152517
2026-08-24,poniedzialek,katowice,АСТРАЛ: ЗА МЕЖАМИ ПОТОЙБІЧЧЯ / Naznaczony: Wyjście z mrocznego wymiaru (ukr.),Multikino Katowice,17:20,,,2026-08-24T08:50:04.152517
2026-08-24,poniedzialek,katowice,Людина-павук: Абсолютно новий день / Spider-Man. Całkiem nowy dzień (ukr.),Multikino Katowice,14:05,,,2026-08-24T08:50:04.152517
2026-08-24,poniedzialek,katowice,Людина-павук: Абсолютно новий день / Spider-Man. Całkiem nowy dzień (ukr.),Multikino Katowice,20:00,,,2026-08-24T08:50:04.152517
2026-08-24,poniedzialek,katowice,Щенячий патруль: Динофільм / Psi Patrol i dinozaury (ukr.),Multikino Katowice,10:00,,,2026-08-24T08:50:04.152517
2026-08-24,poniedzialek,białystok,André Rieu. Niech żyje Maastricht!,Helios Białystok Alfa,18:00,,,2026-08-24T08:50:06.727690
2026-08-24,poniedzialek,białystok,André Rieu. Niech żyje Maastricht!,Helios Białystok Atrium Biała,18:00,,,2026-08-24T08:50:06.727690
2026-08-24,poniedzialek,białystok,André Rieu. Niech żyje Maastricht!,Helios Białystok Jurowiecka,18:00,,,2026-08-24T08:50:06.727690
2026-08-24,poniedzialek,białystok,Arek.Mama.Panorama,Kino Forum - Białostocki Ośrodek Kultury,15:00,,,2026-08-24T08:50:06.727690
2026-08-24,poniedzialek,białystok,Buntownik,Helios Białystok Alfa,13:00,,,2026-08-24T08:50:06.727690
2026-08-24,poniedzialek,białystok,Buntownik,Helios Białystok Alfa,17:45,,,2026-08-24T08:50:06.727690
2026-08-24,poniedzialek,białystok,Buntownik,Helios Białystok Alfa,21:10,,,2026-08-24T08:50:06.727690
2026-08-24,poniedzialek,białystok,Buntownik,Helios Białystok Atrium Biała,14:00,,,2026-08-24T08:50:06.727690
2026-08-24,poniedzialek,białystok,Buntownik,Helios Białystok Atrium Biała,17:45,,,2026-08-24T08:50:06.727690
2026-08-24,poniedzialek,białystok,Buntownik,Helios Białystok Atrium Biała,21:00,,,2026-08-24T08:50:06.727690
2026-08-24,poniedzialek,białystok,Buntownik,Helios Białystok Jurowiecka,14:00,,,2026-08-24T08:50:06.727690
2026-08-24,poniedzialek,białystok,Buntownik,Helios Białystok Jurowiecka,19:00,,,2026-08-24T08:50:06.727690
2026-08-24,poniedzialek,białystok,Buntownik,Helios Białystok Jurowiecka,20:45,,,2026-08-24T08:50:06.727690
2026-08-24,poniedzialek,białystok,Ekipa zwierzaków,Helios Białystok Jurowiecka,15:00,,,2026-08-24T08:50:06.727690
2026-08-24,poniedzialek,białystok,Historie równoległe,Helios Białystok Alfa,11:00,,,2026-08-24T08:50:06.727690
2026-08-24,poniedzialek,białystok,Ice Cream Man,Helios Białystok Jurowiecka,13:30,,,2026-08-24T08:50:06.727690
2026-08-24,poniedzialek,białystok,Koniec Ulicy Dębowej,Helios Białystok Alfa,14:00,,,2026-08-24T08:50:06.727690
2026-08-24,poniedzialek,białystok,Koniec Ulicy Dębowej,Helios Białystok Alfa,19:20,,,2026-08-24T08:50:06.727690
2026-08-24,poniedzialek,białystok,Koniec Ulicy Dębowej,Helios Białystok Atrium Biała,11:30,,,2026-08-24T08:50:06.727690
2026-08-24,poniedzialek,białystok,Koniec Ulicy Dębowej,Helios Białystok Atrium Biała,15:00,,,2026-08-24T08:50:06.727690
2026-08-24,poniedzialek,białystok,Koniec Ulicy Dębowej,Helios Białystok Atrium Biała,18:45,,,2026-08-24T08:50:06.727690
2026-08-24,poniedzialek,białystok,Koniec Ulicy Dębowej,Helios Białystok Jurowiecka,15:40,,,2026-08-24T08:50:06.727690
2026-08-24,poniedzialek,białystok,Koniec Ulicy Dębowej,Helios Białystok Jurowiecka,18:15,,,2026-08-24T08:50:06.727690
2026-08-24,poniedzialek,białystok,Księga pustyni,Helios Białystok Alfa,10:00,,,2026-08-24T08:50:06.727690
2026-08-24,poniedzialek,białystok,Księga pustyni,Helios Białystok Alfa,11:40,,,2026-08-24T08:50:06.727690
2026-08-24,poniedzialek,białystok,Księga pustyni,Helios Białystok Alfa,16:15,,,2026-08-24T08:50:06.727690
2026-08-24,poniedzialek,białystok,Księga pustyni,Helios Białystok Atrium Biała,10:20,,,2026-08-24T08:50:06.727690
2026-08-24,poniedzialek,białystok,Księga pustyni,Helios Białystok Atrium Biała,12:30,,,2026-08-24T08:50:06.727690
2026-08-24,poniedzialek,białystok,Księga pustyni,Helios Białystok Atrium Biała,14:50,,,2026-08-24T08:50:06.727690
2026-08-24,poniedzialek,białystok,Księga pustyni,Helios Białystok Atrium Biała,17:00,,,2026-08-24T08:50:06.727690
2026-08-24,poniedzialek,białystok,Księga pustyni,Helios Białystok Jurowiecka,11:20,,,2026-08-24T08:50:06.727690
2026-08-24,poniedzialek,białystok,Księga pustyni,Helios Białystok Jurowiecka,16:40,,,2026-08-24T08:50:06.727690
2026-08-24,poniedzialek,białystok,Minionki i straszydła (dubbing),Helios Białystok Alfa,10:50,,dubbing,2026-08-24T08:50:06.727690
2026-08-24,poniedzialek,białystok,Minionki i straszydła (dubbing),Helios Białystok Atrium Biała,10:00,,dubbing,2026-08-24T08:50:06.727690
2026-08-24,poniedzialek,białystok,Minionki i straszydła (dubbing),Helios Białystok Atrium Biała,11:10,,dubbing,2026-08-24T08:50:06.727690
2026-08-24,poniedzialek,białystok,Minionki i straszydła (dubbing),Helios Białystok Jurowiecka,10:20,,dubbing,2026-08-24T08:50:06.727690
2026-08-24,poniedzialek,białystok,Naznaczony: Wyjście z mrocznego wymiaru,Helios Białystok Alfa,15:20,,,2026-08-24T08:50:06.727690
2026-08-24,poniedzialek,białystok,Naznaczony: Wyjście z mrocznego wymiaru,Helios Białystok Alfa,18:30,,,2026-08-24T08:50:06.727690
2026-08-24,poniedzialek,białystok,Naznaczony: Wyjście z mrocznego wymiaru,Helios Białystok Atrium Biała,16:15,,,2026-08-24T08:50:06.727690
2026-08-24,poniedzialek,białystok,Naznaczony: Wyjście z mrocznego wymiaru,Helios Białystok Atrium Biała,19:15,,,2026-08-24T08:50:06.727690
2026-08-24,poniedzialek,białystok,Naznaczony: Wyjście z mrocznego wymiaru,Helios Białystok Atrium Biała,21:40,,,2026-08-24T08:50:06.727690
2026-08-24,poniedzialek,białystok,Naznaczony: Wyjście z mrocznego wymiaru,Helios Białystok Jurowiecka,13:20,,,2026-08-24T08:50:06.727690
2026-08-24,poniedzialek,białystok,Naznaczony: Wyjście z mrocznego wymiaru,Helios Białystok Jurowiecka,20:00,,,2026-08-24T08:50:06.727690
2026-08-24,poniedzialek,białystok,Odyseja,Helios Białystok Alfa,14:40,,,2026-08-24T08:50:06.727690
2026-08-24,poniedzialek,białystok,Odyseja,Helios Białystok Alfa,16:00,,,2026-08-24T08:50:06.727690
2026-08-24,poniedzialek,białystok,Odyseja,Helios Białystok Alfa,19:45,,,2026-08-24T08:50:06.727690
2026-08-24,poniedzialek,białystok,Odyseja,Helios Białystok Atrium Biała,11:20,,,2026-08-24T08:50:06.727690
2026-08-24,poniedzialek,białystok,Odyseja,Helios Białystok Atrium Biała,13:10,,,2026-08-24T08:50:06.727690
2026-08-24,poniedzialek,białystok,Odyseja,Helios Białystok Atrium Biała,16:40,,,2026-08-24T08:50:06.727690
2026-08-24,poniedzialek,białystok,Odyseja,Helios Białystok Atrium Biała,17:30,,,2026-08-24T08:50:06.727690
2026-08-24,poniedzialek,białystok,Odyseja,Helios Białystok Atrium Biała,20:15,,,2026-08-24T08:50:06.727690
2026-08-24,poniedzialek,białystok,Odyseja,Helios Białystok Jurowiecka,11:20,,,2026-08-24T08:50:06.727690
2026-08-24,poniedzialek,białystok,Odyseja,Helios Białystok Jurowiecka,16:20,,,2026-08-24T08:50:06.727690
2026-08-24,poniedzialek,białystok,Odyseja,Helios Białystok Jurowiecka,19:30,,,2026-08-24T08:50:06.727690
2026-08-24,poniedzialek,białystok,Psi Patrol i dinozaury,Helios Białystok Alfa,10:00,,,2026-08-24T08:50:06.727690
2026-08-24,poniedzialek,białystok,Psi Patrol i dinozaury,Helios Białystok Alfa,12:00,,,2026-08-24T08:50:06.727690
2026-08-24,poniedzialek,białystok,Psi Patrol i dinozaury,Helios Białystok Alfa,14:00,,,2026-08-24T08:50:06.727690
2026-08-24,poniedzialek,białystok,Psi Patrol i dinozaury,Helios Białystok Alfa,17:00,,,2026-08-24T08:50:06.727690
2026-08-24,poniedzialek,białystok,Psi Patrol i dinozaury,Helios Białystok Atrium Biała,10:10,,,2026-08-24T08:50:06.727690
2026-08-24,poniedzialek,białystok,Psi Patrol i dinozaury,Helios Białystok Atrium Biała,13:20,,,2026-08-24T08:50:06.727690
2026-08-24,poniedzialek,białystok,Psi Patrol i dinozaury,Helios Białystok Atrium Biała,15:30,,,2026-08-24T08:50:06.727690
2026-08-24,poniedzialek,białystok,Psi Patrol i dinozaury,Helios Białystok Jurowiecka,10:10,,,2026-08-24T08:50:06.727690
2026-08-24,poniedzialek,białystok,Psi Patrol i dinozaury,Helios Białystok Jurowiecka,12:20,,,2026-08-24T08:50:06.727690
2026-08-24,poniedzialek,białystok,Psi Patrol i dinozaury,Helios Białystok Jurowiecka,14:30,,,2026-08-24T08:50:06.727690
2026-08-24,poniedzialek,białystok,Psi Patrol i dinozaury,Helios Białystok Jurowiecka,17:15,,,2026-08-24T08:50:06.727690
2026-08-24,poniedzialek,białystok,Pucio kocha zwierzaki,Helios Białystok Alfa,10:00,,,2026-08-24T08:50:06.727690
2026-08-24,poniedzialek,białystok,Pucio kocha zwierzaki,Helios Białystok Alfa,14:10,,,2026-08-24T08:50:06.727690
2026-08-24,poniedzialek,białystok,Pucio kocha zwierzaki,Helios Białystok Alfa,15:30,,,2026-08-24T08:50:06.727690
2026-08-24,poniedzialek,białystok,Pucio kocha zwierzaki,Helios Białystok Atrium Biała,10:00,,,2026-08-24T08:50:06.727690
2026-08-24,poniedzialek,białystok,Pucio kocha zwierzaki,Helios Białystok Atrium Biała,12:10,,,2026-08-24T08:50:06.727690
2026-08-24,poniedzialek,białystok,Pucio kocha zwierzaki,Helios Białystok Atrium Biała,13:50,,,2026-08-24T08:50:06.727690
2026-08-24,poniedzialek,białystok,Pucio kocha zwierzaki,Helios Białystok Atrium Biała,15:10,,,2026-08-24T08:50:06.727690
2026-08-24,poniedzialek,białystok,Pucio kocha zwierzaki,Helios Białystok Atrium Biała,16:30,,,2026-08-24T08:50:06.727690
2026-08-24,poniedzialek,białystok,Pucio kocha zwierzaki,Helios Białystok Jurowiecka,10:00,,,2026-08-24T08:50:06.727690
2026-08-24,poniedzialek,białystok,Pucio kocha zwierzaki,Helios Białystok Jurowiecka,12:30,,,2026-08-24T08:50:06.727690
2026-08-24,poniedzialek,białystok,Pucio kocha zwierzaki,Helios Białystok Jurowiecka,15:50,,,2026-08-24T08:50:06.727690
2026-08-24,poniedzialek,białystok,Pucio kocha zwierzaki,Helios Białystok Jurowiecka,16:50,,,2026-08-24T08:50:06.727690
2026-08-24,poniedzialek,białystok,Spider-Man. Całkiem nowy dzień,Helios Białystok Alfa,10:10,,,2026-08-24T08:50:06.727690
2026-08-24,poniedzialek,białystok,Spider-Man. Całkiem nowy dzień,Helios Białystok Alfa,11:30,,,2026-08-24T08:50:06.727690
2026-08-24,poniedzialek,białystok,Spider-Man. Całkiem nowy dzień,Helios Białystok Alfa,13:20,,,2026-08-24T08:50:06.727690
2026-08-24,poniedzialek,białystok,Spider-Man. Całkiem nowy dzień,Helios Białystok Alfa,14:50,,,2026-08-24T08:50:06.727690
2026-08-24,poniedzialek,białystok,Spider-Man. Całkiem nowy dzień,Helios Białystok Alfa,16:30,,,2026-08-24T08:50:06.727690
2026-08-24,poniedzialek,białystok,Spider-Man. Całkiem nowy dzień,Helios Białystok Alfa,18:15,,,2026-08-24T08:50:06.727690
2026-08-24,poniedzialek,białystok,Spider-Man. Całkiem nowy dzień,Helios Białystok Alfa,20:50,,,2026-08-24T08:50:06.727690
2026-08-24,poniedzialek,białystok,Spider-Man. Całkiem nowy dzień,Helios Białystok Alfa,21:30,,,2026-08-24T08:50:06.727690
2026-08-24,poniedzialek,białystok,Spider-Man. Całkiem nowy dzień,Helios Białystok Atrium Biała,11:00,,,2026-08-24T08:50:06.727690
2026-08-24,poniedzialek,białystok,Spider-Man. Całkiem nowy dzień,Helios Białystok Atrium Biała,14:10,,,2026-08-24T08:50:06.727690
2026-08-24,poniedzialek,białystok,Spider-Man. Całkiem nowy dzień,Helios Białystok Atrium Biała,15:20,,,2026-08-24T08:50:06.727690
2026-08-24,poniedzialek,białystok,Spider-Man. Całkiem nowy dzień,Helios Białystok Atrium Biała,17:15,,,2026-08-24T08:50:06.727690
2026-08-24,poniedzialek,białystok,Spider-Man. Całkiem nowy dzień,Helios Białystok Atrium Biała,18:30,,,2026-08-24T08:50:06.727690
2026-08-24,poniedzialek,białystok,Spider-Man. Całkiem nowy dzień,Helios Białystok Atrium Biała,20:30,,,2026-08-24T08:50:06.727690
2026-08-24,poniedzialek,białystok,Spider-Man. Całkiem nowy dzień,Helios Białystok Atrium Biała,21:40,,,2026-08-24T08:50:06.727690
2026-08-24,poniedzialek,białystok,Spider-Man. Całkiem nowy dzień,Helios Białystok Jurowiecka,10:30,,,2026-08-24T08:50:06.727690
2026-08-24,poniedzialek,białystok,Spider-Man. Całkiem nowy dzień,Helios Białystok Jurowiecka,13:45,,,2026-08-24T08:50:06.727690
2026-08-24,poniedzialek,białystok,Spider-Man. Całkiem nowy dzień,Helios Białystok Jurowiecka,17:00,,,2026-08-24T08:50:06.727690
2026-08-24,poniedzialek,białystok,Spider-Man. Całkiem nowy dzień,Helios Białystok Jurowiecka,20:15,,,2026-08-24T08:50:06.727690
2026-08-24,poniedzialek,białystok,Toy Story 5 (dubbing),Helios Białystok Atrium Biała,10:40,,dubbing,2026-08-24T08:50:06.727690
2026-08-24,poniedzialek,białystok,Toy Story 5 (dubbing),Helios Białystok Jurowiecka,09:30,,dubbing,2026-08-24T08:50:06.727690
2026-08-24,poniedzialek,białystok,Tylko jedna noc,Helios Białystok Alfa,19:10,,,2026-08-24T08:50:06.727690
2026-08-24,poniedzialek,białystok,Tylko jedna noc,Helios Białystok Atrium Biała,21:10,,,2026-08-24T08:50:06.727690
2026-08-24,poniedzialek,białystok,Tylko jedna noc,Helios Białystok Jurowiecka,21:15,,,2026-08-24T08:50:06.727690
2026-08-24,poniedzialek,białystok,Vaiana,Helios Białystok Jurowiecka,10:45,,,2026-08-24T08:50:06.727690
2026-08-24,poniedzialek,białystok,Vivaldi i ja,Kino Forum - Białostocki Ośrodek Kultury,18:30,,,2026-08-24T08:50:06.727690
2026-08-24,poniedzialek,białystok,Wrong Girls,Helios Białystok Atrium Biała,20:00,,,2026-08-24T08:50:06.727690
2026-08-24,poniedzialek,białystok,Wrong Girls,Kino Forum - Białostocki Ośrodek Kultury,16:30,,,2026-08-24T08:50:06.727690
2026-08-24,poniedzialek,białystok,Wszyscy moi wrogowie,Helios Białystok Alfa,11:50,,,2026-08-24T08:50:06.727690
2026-08-24,poniedzialek,białystok,Wszyscy moi wrogowie,Helios Białystok Atrium Biała,12:20,,,2026-08-24T08:50:06.727690
2026-08-24,poniedzialek,białystok,Wszyscy moi wrogowie,Kino Forum - Białostocki Ośrodek Kultury,20:30,,,2026-08-24T08:50:06.727690
2026-08-24,poniedzialek,gdynia,André Rieu. Niech żyje Maastricht!,Helios Gdynia,18:00,,,2026-08-24T08:50:10.072777
2026-08-24,poniedzialek,gdynia,Arek.Mama.Panorama,Gdyńskie Centrum Filmowe,13:15,,,2026-08-24T08:50:10.072777
2026-08-24,poniedzialek,gdynia,Arek.Mama.Panorama,Gdyńskie Centrum Filmowe,16:40,,,2026-08-24T08:50:10.072777
2026-08-24,poniedzialek,gdynia,Buntownik,Helios Gdynia,12:15,,,2026-08-24T08:50:10.072777
2026-08-24,poniedzialek,gdynia,Buntownik,Helios Gdynia,19:00,,,2026-08-24T08:50:10.072777
2026-08-24,poniedzialek,gdynia,Buntownik,Helios Gdynia,20:50,,,2026-08-24T08:50:10.072777
2026-08-24,poniedzialek,gdynia,Historie równoległe,Gdyńskie Centrum Filmowe,17:40,,,2026-08-24T08:50:10.072777
2026-08-24,poniedzialek,gdynia,Koniec Ulicy Dębowej,Gdyńskie Centrum Filmowe,18:15,,,2026-08-24T08:50:10.072777
2026-08-24,poniedzialek,gdynia,Koniec Ulicy Dębowej,Helios Gdynia,11:30,,,2026-08-24T08:50:10.072777
2026-08-24,poniedzialek,gdynia,Koniec Ulicy Dębowej,Helios Gdynia,15:40,,,2026-08-24T08:50:10.072777
2026-08-24,poniedzialek,gdynia,Koniec Ulicy Dębowej,Helios Gdynia,20:40,,,2026-08-24T08:50:10.072777
2026-08-24,poniedzialek,gdynia,Księga pustyni,Gdyńskie Centrum Filmowe,11:10,,,2026-08-24T08:50:10.072777
2026-08-24,poniedzialek,gdynia,Księga pustyni,Gdyńskie Centrum Filmowe,16:00,,,2026-08-24T08:50:10.072777
2026-08-24,poniedzialek,gdynia,Księga pustyni,Helios Gdynia,10:50,,,2026-08-24T08:50:10.072777
2026-08-24,poniedzialek,gdynia,Księga pustyni,Helios Gdynia,16:00,,,2026-08-24T08:50:10.072777
2026-08-24,poniedzialek,gdynia,Księga pustyni,Helios Gdynia,17:15,,,2026-08-24T08:50:10.072777
2026-08-24,poniedzialek,gdynia,Mamma Mia!,Gdyńskie Centrum Filmowe,18:00,,,2026-08-24T08:50:10.072777
2026-08-24,poniedzialek,gdynia,Minionki i straszydła (dubbing),Helios Gdynia,13:50,,dubbing,2026-08-24T08:50:10.072777
2026-08-24,poniedzialek,gdynia,Naznaczony: Wyjście z mrocznego wymiaru,Helios Gdynia,14:40,,,2026-08-24T08:50:10.072777
2026-08-24,poniedzialek,gdynia,Naznaczony: Wyjście z mrocznego wymiaru,Helios Gdynia,18:15,,,2026-08-24T08:50:10.072777
2026-08-24,poniedzialek,gdynia,Naznaczony: Wyjście z mrocznego wymiaru,Helios Gdynia,21:15,,,2026-08-24T08:50:10.072777
2026-08-24,poniedzialek,gdynia,O czym sobie nie mówimy,Gdyńskie Centrum Filmowe,13:30,,,2026-08-24T08:50:10.072777
2026-08-24,poniedzialek,gdynia,O czym wie Marielle,Gdyńskie Centrum Filmowe,12:00,,,2026-08-24T08:50:10.072777
2026-08-24,poniedzialek,gdynia,O czym wie Marielle,Gdyńskie Centrum Filmowe,15:45,,,2026-08-24T08:50:10.072777
2026-08-24,poniedzialek,gdynia,Odyseja,Helios Gdynia,09:15,,,2026-08-24T08:50:10.072777
2026-08-24,poniedzialek,gdynia,Odyseja,Helios Gdynia,12:50,,,2026-08-24T08:50:10.072777
2026-08-24,poniedzialek,gdynia,Odyseja,Helios Gdynia,14:10,,,2026-08-24T08:50:10.072777
2026-08-24,poniedzialek,gdynia,Odyseja,Helios Gdynia,16:30,,,2026-08-24T08:50:10.072777
2026-08-24,poniedzialek,gdynia,Odyseja,Helios Gdynia,17:45,,,2026-08-24T08:50:10.072777
2026-08-24,poniedzialek,gdynia,Odyseja,Helios Gdynia,19:30,,,2026-08-24T08:50:10.072777
2026-08-24,poniedzialek,gdynia,Odyseja,Helios Gdynia,22:15,,,2026-08-24T08:50:10.072777
2026-08-24,poniedzialek,gdynia,Odzyskany,Gdyńskie Centrum Filmowe,14:50,,,2026-08-24T08:50:10.072777
2026-08-24,poniedzialek,gdynia,Psi Patrol i dinozaury,Gdyńskie Centrum Filmowe,10:30,,,2026-08-24T08:50:10.072777
2026-08-24,poniedzialek,gdynia,Psi Patrol i dinozaury,Helios Gdynia,10:00,,,2026-08-24T08:50:10.072777
2026-08-24,poniedzialek,gdynia,Psi Patrol i dinozaury,Helios Gdynia,12:00,,,2026-08-24T08:50:10.072777
2026-08-24,poniedzialek,gdynia,Psi Patrol i dinozaury,Helios Gdynia,14:30,,,2026-08-24T08:50:10.072777
2026-08-24,poniedzialek,gdynia,Psi Patrol i dinozaury,Helios Gdynia,16:45,,,2026-08-24T08:50:10.072777
2026-08-24,poniedzialek,gdynia,Pucio kocha zwierzaki,Gdyńskie Centrum Filmowe,10:50,,,2026-08-24T08:50:10.072777
2026-08-24,poniedzialek,gdynia,Pucio kocha zwierzaki,Gdyńskie Centrum Filmowe,12:20,,,2026-08-24T08:50:10.072777
2026-08-24,poniedzialek,gdynia,Pucio kocha zwierzaki,Helios Gdynia,10:30,,,2026-08-24T08:50:10.072777
2026-08-24,poniedzialek,gdynia,Pucio kocha zwierzaki,Helios Gdynia,11:10,,,2026-08-24T08:50:10.072777
2026-08-24,poniedzialek,gdynia,Pucio kocha zwierzaki,Helios Gdynia,12:30,,,2026-08-24T08:50:10.072777
2026-08-24,poniedzialek,gdynia,Pucio kocha zwierzaki,Helios Gdynia,14:00,,,2026-08-24T08:50:10.072777
2026-08-24,poniedzialek,gdynia,Spider-Man. Całkiem nowy dzień,Helios Gdynia,11:00,,,2026-08-24T08:50:10.072777
2026-08-24,poniedzialek,gdynia,Spider-Man. Całkiem nowy dzień,Helios Gdynia,14:20,,,2026-08-24T08:50:10.072777
2026-08-24,poniedzialek,gdynia,Spider-Man. Całkiem nowy dzień,Helios Gdynia,15:20,,,2026-08-24T08:50:10.072777
2026-08-24,poniedzialek,gdynia,Spider-Man. Całkiem nowy dzień,Helios Gdynia,17:30,,,2026-08-24T08:50:10.072777
2026-08-24,poniedzialek,gdynia,Spider-Man. Całkiem nowy dzień,Helios Gdynia,18:30,,,2026-08-24T08:50:10.072777
2026-08-24,poniedzialek,gdynia,Spider-Man. Całkiem nowy dzień,Helios Gdynia,21:40,,,2026-08-24T08:50:10.072777
2026-08-24,poniedzialek,gdynia,Tylko jedna noc,Gdyńskie Centrum Filmowe,20:15,,,2026-08-24T08:50:10.072777
2026-08-24,poniedzialek,gdynia,Tylko jedna noc,Helios Gdynia,13:15,,,2026-08-24T08:50:10.072777
2026-08-24,poniedzialek,gdynia,Vivaldi i ja,Gdyńskie Centrum Filmowe,13:50,,,2026-08-24T08:50:10.072777
2026-08-24,poniedzialek,gdynia,Vivaldi i ja,Gdyńskie Centrum Filmowe,20:25,,,2026-08-24T08:50:10.072777
2026-08-24,poniedzialek,gdynia,Wszyscy moi wrogowie,Helios Gdynia,11:40,,,2026-08-24T08:50:10.072777
2026-08-24,poniedzialek,gdynia,Zaproszenie,Gdyńskie Centrum Filmowe,20:35,,,2026-08-24T08:50:10.072777
2026-08-24,poniedzialek,częstochowa,Arek.Mama.Panorama,Kino Studyjne OKF Iluzja w Częstochowie,14:00,,,2026-08-24T08:50:11.978439
2026-08-24,poniedzialek,częstochowa,Bogaci i martwi,Cinema City Częstochowa Galeria Jurajska,18:00,,,2026-08-24T08:50:11.978439
2026-08-24,poniedzialek,częstochowa,Bogaci i martwi,Cinema City Częstochowa Wolność,20:40,,,2026-08-24T08:50:11.978439
2026-08-24,poniedzialek,częstochowa,Buntownik,Cinema City Częstochowa Galeria Jurajska,16:45,,,2026-08-24T08:50:11.978439
2026-08-24,poniedzialek,częstochowa,Buntownik,Cinema City Częstochowa Galeria Jurajska,19:00,,,2026-08-24T08:50:11.978439
2026-08-24,poniedzialek,częstochowa,Buntownik,Cinema City Częstochowa Galeria Jurajska,21:15,,,2026-08-24T08:50:11.978439
2026-08-24,poniedzialek,częstochowa,Buntownik,Cinema City Częstochowa Wolność,13:00,,,2026-08-24T08:50:11.978439
2026-08-24,poniedzialek,częstochowa,Buntownik,Cinema City Częstochowa Wolność,19:50,,,2026-08-24T08:50:11.978439
2026-08-24,poniedzialek,częstochowa,Buntownik,Cinema City Częstochowa Wolność,22:10,,,2026-08-24T08:50:11.978439
2026-08-24,poniedzialek,częstochowa,Ekipa zwierzaków (dubbing),Cinema City Częstochowa Wolność,10:50,,dubbing,2026-08-24T08:50:11.978439
2026-08-24,poniedzialek,częstochowa,Flavia de Luce (dubbing),Cinema City Częstochowa Wolność,12:40,,dubbing,2026-08-24T08:50:11.978439
2026-08-24,poniedzialek,częstochowa,Historie równoległe,Cinema City Częstochowa Galeria Jurajska,22:00,,,2026-08-24T08:50:11.978439
2026-08-24,poniedzialek,częstochowa,Ice Cream Man,Cinema City Częstochowa Galeria Jurajska,22:20,,,2026-08-24T08:50:11.978439
2026-08-24,poniedzialek,częstochowa,Ice Cream Man,Cinema City Częstochowa Wolność,17:00,,,2026-08-24T08:50:11.978439
2026-08-24,poniedzialek,częstochowa,Koniec Ulicy Dębowej,Cinema City Częstochowa Galeria Jurajska,15:10,,,2026-08-24T08:50:11.978439
2026-08-24,poniedzialek,częstochowa,Koniec Ulicy Dębowej,Cinema City Częstochowa Galeria Jurajska,19:30,,,2026-08-24T08:50:11.978439
2026-08-24,poniedzialek,częstochowa,Koniec Ulicy Dębowej,Cinema City Częstochowa Wolność,13:30,,,2026-08-24T08:50:11.978439
2026-08-24,poniedzialek,częstochowa,Koniec Ulicy Dębowej,Cinema City Częstochowa Wolność,18:30,,,2026-08-24T08:50:11.978439
2026-08-24,poniedzialek,częstochowa,Koniec Ulicy Dębowej,Cinema City Częstochowa Wolność,21:10,,,2026-08-24T08:50:11.978439
2026-08-24,poniedzialek,częstochowa,Kronika wypadków miłosnych,Kino Studyjne OKF Iluzja w Częstochowie,18:00,,,2026-08-24T08:50:11.978439
2026-08-24,poniedzialek,częstochowa,Księga pustyni (dubbing),Cinema City Częstochowa Galeria Jurajska,11:00,,dubbing,2026-08-24T08:50:11.978439
2026-08-24,poniedzialek,częstochowa,Księga pustyni (dubbing),Cinema City Częstochowa Galeria Jurajska,14:30,,dubbing,2026-08-24T08:50:11.978439
2026-08-24,poniedzialek,częstochowa,Księga pustyni (dubbing),Cinema City Częstochowa Galeria Jurajska,17:40,,dubbing,2026-08-24T08:50:11.978439
2026-08-24,poniedzialek,częstochowa,Księga pustyni (dubbing),Cinema City Częstochowa Wolność,10:00,,dubbing,2026-08-24T08:50:11.978439
2026-08-24,poniedzialek,częstochowa,Księga pustyni (dubbing),Cinema City Częstochowa Wolność,12:15,,dubbing,2026-08-24T08:50:11.978439
2026-08-24,poniedzialek,częstochowa,Księga pustyni (dubbing),Cinema City Częstochowa Wolność,14:30,,dubbing,2026-08-24T08:50:11.978439
2026-08-24,poniedzialek,częstochowa,Księga pustyni (dubbing),Cinema City Częstochowa Wolność,16:45,,dubbing,2026-08-24T08:50:11.978439
2026-08-24,poniedzialek,częstochowa,Minionki i straszydła (dubbing),Cinema City Częstochowa Galeria Jurajska,11:20,,dubbing,2026-08-24T08:50:11.978439
2026-08-24,poniedzialek,częstochowa,Minionki i straszydła (dubbing),Cinema City Częstochowa Galeria Jurajska,13:30,,dubbing,2026-08-24T08:50:11.978439
2026-08-24,poniedzialek,częstochowa,Minionki i straszydła (dubbing),Cinema City Częstochowa Wolność,11:20,,dubbing,2026-08-24T08:50:11.978439
2026-08-24,poniedzialek,częstochowa,Minionki i straszydła (dubbing),Cinema City Częstochowa Wolność,15:40,,dubbing,2026-08-24T08:50:11.978439
2026-08-24,poniedzialek,częstochowa,Naznaczony: Wyjście z mrocznego wymiaru,Cinema City Częstochowa Galeria Jurajska,17:40,,,2026-08-24T08:50:11.978439
2026-08-24,poniedzialek,częstochowa,Naznaczony: Wyjście z mrocznego wymiaru,Cinema City Częstochowa Galeria Jurajska,20:20,,,2026-08-24T08:50:11.978439
2026-08-24,poniedzialek,częstochowa,Naznaczony: Wyjście z mrocznego wymiaru,Cinema City Częstochowa Wolność,19:30,,,2026-08-24T08:50:11.978439
2026-08-24,poniedzialek,częstochowa,Naznaczony: Wyjście z mrocznego wymiaru,Cinema City Częstochowa Wolność,22:00,,,2026-08-24T08:50:11.978439
2026-08-24,poniedzialek,częstochowa,Obsesja,Cinema City Częstochowa Wolność,22:20,,,2026-08-24T08:50:11.978439
2026-08-24,poniedzialek,częstochowa,Odyseja,Cinema City Częstochowa Galeria Jurajska,14:00,,,2026-08-24T08:50:11.978439
2026-08-24,poniedzialek,częstochowa,Odyseja,Cinema City Częstochowa Galeria Jurajska,19:15,,,2026-08-24T08:50:11.978439
2026-08-24,poniedzialek,częstochowa,Odyseja,Cinema City Częstochowa Wolność,15:10,,,2026-08-24T08:50:11.978439
2026-08-24,poniedzialek,częstochowa,Odyseja,Cinema City Częstochowa Wolność,18:50,,,2026-08-24T08:50:11.978439
2026-08-24,poniedzialek,częstochowa,Psi Patrol i dinozaury (dubbing),Cinema City Częstochowa Galeria Jurajska,10:30,,dubbing,2026-08-24T08:50:11.978439
2026-08-24,poniedzialek,częstochowa,Psi Patrol i dinozaury (dubbing),Cinema City Częstochowa Galeria Jurajska,12:40,,dubbing,2026-08-24T08:50:11.978439
2026-08-24,poniedzialek,częstochowa,Psi Patrol i dinozaury (dubbing),Cinema City Częstochowa Galeria Jurajska,14:50,,dubbing,2026-08-24T08:50:11.978439
2026-08-24,poniedzialek,częstochowa,Psi Patrol i dinozaury (dubbing),Cinema City Częstochowa Galeria Jurajska,17:20,,dubbing,2026-08-24T08:50:11.978439
2026-08-24,poniedzialek,częstochowa,Psi Patrol i dinozaury (dubbing),Cinema City Częstochowa Wolność,10:10,,dubbing,2026-08-24T08:50:11.978439
2026-08-24,poniedzialek,częstochowa,Psi Patrol i dinozaury (dubbing),Cinema City Częstochowa Wolność,11:00,,dubbing,2026-08-24T08:50:11.978439
2026-08-24,poniedzialek,częstochowa,Psi Patrol i dinozaury (dubbing),Cinema City Częstochowa Wolność,13:15,,dubbing,2026-08-24T08:50:11.978439
2026-08-24,poniedzialek,częstochowa,Psi Patrol i dinozaury (dubbing),Cinema City Częstochowa Wolność,15:30,,dubbing,2026-08-24T08:50:11.978439
2026-08-24,poniedzialek,częstochowa,Psi Patrol i dinozaury (dubbing),Cinema City Częstochowa Wolność,17:40,,dubbing,2026-08-24T08:50:11.978439
2026-08-24,poniedzialek,częstochowa,Pucio kocha zwierzaki,Cinema City Częstochowa Galeria Jurajska,11:20,,,2026-08-24T08:50:11.978439
2026-08-24,poniedzialek,częstochowa,Pucio kocha zwierzaki,Cinema City Częstochowa Galeria Jurajska,12:50,,,2026-08-24T08:50:11.978439
2026-08-24,poniedzialek,częstochowa,Pucio kocha zwierzaki,Cinema City Częstochowa Galeria Jurajska,13:10,,,2026-08-24T08:50:11.978439
2026-08-24,poniedzialek,częstochowa,Pucio kocha zwierzaki,Cinema City Częstochowa Galeria Jurajska,14:20,,,2026-08-24T08:50:11.978439
2026-08-24,poniedzialek,częstochowa,Pucio kocha zwierzaki,Cinema City Częstochowa Galeria Jurajska,15:50,,,2026-08-24T08:50:11.978439
2026-08-24,poniedzialek,częstochowa,Pucio kocha zwierzaki,Cinema City Częstochowa Wolność,10:20,,,2026-08-24T08:50:11.978439
2026-08-24,poniedzialek,częstochowa,Pucio kocha zwierzaki,Cinema City Częstochowa Wolność,12:00,,,2026-08-24T08:50:11.978439
2026-08-24,poniedzialek,częstochowa,Pucio kocha zwierzaki,Cinema City Częstochowa Wolność,15:30,,,2026-08-24T08:50:11.978439
2026-08-24,poniedzialek,częstochowa,Pucio kocha zwierzaki,Kino Studyjne OKF Iluzja w Częstochowie,11:00,,,2026-08-24T08:50:11.978439
2026-08-24,poniedzialek,częstochowa,Shrek (dubbing),Cinema City Częstochowa Galeria Jurajska,17:00,,dubbing,2026-08-24T08:50:11.978439
2026-08-24,poniedzialek,częstochowa,Shrek (dubbing),Cinema City Częstochowa Wolność,16:00,,dubbing,2026-08-24T08:50:11.978439
2026-08-24,poniedzialek,częstochowa,Spider-Man. Całkiem nowy dzień,Cinema City Częstochowa Galeria Jurajska,13:40,,,2026-08-24T08:50:11.978439
2026-08-24,poniedzialek,częstochowa,Spider-Man. Całkiem nowy dzień,Cinema City Częstochowa Galeria Jurajska,16:50,,,2026-08-24T08:50:11.978439
2026-08-24,poniedzialek,częstochowa,Spider-Man. Całkiem nowy dzień,Cinema City Częstochowa Galeria Jurajska,20:10,,,2026-08-24T08:50:11.978439
2026-08-24,poniedzialek,częstochowa,Spider-Man. Całkiem nowy dzień,Cinema City Częstochowa Galeria Jurajska,21:30,,,2026-08-24T08:50:11.978439
2026-08-24,poniedzialek,częstochowa,Spider-Man. Całkiem nowy dzień,Cinema City Częstochowa Wolność,16:20,,,2026-08-24T08:50:11.978439
2026-08-24,poniedzialek,częstochowa,Spider-Man. Całkiem nowy dzień,Cinema City Częstochowa Wolność,19:40,,,2026-08-24T08:50:11.978439
2026-08-24,poniedzialek,częstochowa,Spider-Man. Całkiem nowy dzień,Cinema City Częstochowa Wolność,21:20,,,2026-08-24T08:50:11.978439
2026-08-24,poniedzialek,częstochowa,Spider-Man. Całkiem nowy dzień (dubbing),Cinema City Częstochowa Galeria Jurajska,10:30,,dubbing,2026-08-24T08:50:11.978439
2026-08-24,poniedzialek,częstochowa,Spider-Man. Całkiem nowy dzień (dubbing),Cinema City Częstochowa Galeria Jurajska,12:00,,dubbing,2026-08-24T08:50:11.978439
2026-08-24,poniedzialek,częstochowa,Spider-Man. Całkiem nowy dzień (dubbing),Cinema City Częstochowa Galeria Jurajska,15:10,,dubbing,2026-08-24T08:50:11.978439
2026-08-24,poniedzialek,częstochowa,Spider-Man. Całkiem nowy dzień (dubbing),Cinema City Częstochowa Galeria Jurajska,18:20,,dubbing,2026-08-24T08:50:11.978439
2026-08-24,poniedzialek,częstochowa,Spider-Man. Całkiem nowy dzień (dubbing),Cinema City Częstochowa Wolność,11:50,,dubbing,2026-08-24T08:50:11.978439
2026-08-24,poniedzialek,częstochowa,Spider-Man. Całkiem nowy dzień (dubbing),Cinema City Częstochowa Wolność,15:00,,dubbing,2026-08-24T08:50:11.978439
2026-08-24,poniedzialek,częstochowa,Spider-Man. Całkiem nowy dzień (dubbing),Cinema City Częstochowa Wolność,18:10,,dubbing,2026-08-24T08:50:11.978439
2026-08-24,poniedzialek,częstochowa,Toy Story 5 (dubbing),Cinema City Częstochowa Galeria Jurajska,11:30,,dubbing,2026-08-24T08:50:11.978439
2026-08-24,poniedzialek,częstochowa,Toy Story 5 (dubbing),Cinema City Częstochowa Wolność,10:00,,dubbing,2026-08-24T08:50:11.978439
2026-08-24,poniedzialek,częstochowa,Tylko jedna noc,Cinema City Częstochowa Galeria Jurajska,20:00,,,2026-08-24T08:50:11.978439
2026-08-24,poniedzialek,częstochowa,Tylko jedna noc,Cinema City Częstochowa Wolność,21:30,,,2026-08-24T08:50:11.978439
2026-08-24,poniedzialek,częstochowa,Vaiana (dubbing),Cinema City Częstochowa Wolność,13:40,,dubbing,2026-08-24T08:50:11.978439
2026-08-24,poniedzialek,częstochowa,Vivaldi i ja,Kino Studyjne OKF Iluzja w Częstochowie,15:45,,,2026-08-24T08:50:11.978439
2026-08-24,poniedzialek,częstochowa,Wrong Girls,Cinema City Częstochowa Galeria Jurajska,15:40,,,2026-08-24T08:50:11.978439
2026-08-24,poniedzialek,częstochowa,Wrong Girls,Cinema City Częstochowa Galeria Jurajska,20:30,,,2026-08-24T08:50:11.978439
2026-08-24,poniedzialek,częstochowa,Wrong Girls,Cinema City Częstochowa Wolność,19:00,,,2026-08-24T08:50:11.978439
2026-08-24,poniedzialek,częstochowa,Wszyscy moi wrogowie,Cinema City Częstochowa Galeria Jurajska,12:10,,,2026-08-24T08:50:11.978439
2026-08-24,poniedzialek,częstochowa,Wszyscy moi wrogowie,Cinema City Częstochowa Wolność,12:40,,,2026-08-24T08:50:11.978439
2026-08-24,poniedzialek,częstochowa,Wszyscy moi wrogowie,Kino Studyjne OKF Iluzja w Częstochowie,20:30,,,2026-08-24T08:50:11.978439
2026-08-24,poniedzialek,radom,André Rieu. Niech żyje Maastricht!,Helios Radom,18:00,,,2026-08-24T08:50:15.559775
2026-08-24,poniedzialek,radom,André Rieu. Niech żyje Maastricht!,Multikino Radom,16:40,,,2026-08-24T08:50:15.559775
2026-08-24,poniedzialek,radom,Buntownik,Helios Radom,15:45,,,2026-08-24T08:50:15.559775
2026-08-24,poniedzialek,radom,Buntownik,Helios Radom,20:30,,,2026-08-24T08:50:15.559775
2026-08-24,poniedzialek,radom,Buntownik,Multikino Radom,14:25,,,2026-08-24T08:50:15.559775
2026-08-24,poniedzialek,radom,Buntownik,Multikino Radom,20:40,,,2026-08-24T08:50:15.559775
2026-08-24,poniedzialek,radom,Historie równoległe,Multikino Radom,20:00,,,2026-08-24T08:50:15.559775
2026-08-24,poniedzialek,radom,Koniec Ulicy Dębowej,Helios Radom,19:15,,,2026-08-24T08:50:15.559775
2026-08-24,poniedzialek,radom,Koniec Ulicy Dębowej,Multikino Radom,19:45,,,2026-08-24T08:50:15.559775
2026-08-24,poniedzialek,radom,Księga pustyni,Helios Radom,10:00,,,2026-08-24T08:50:15.559775
2026-08-24,poniedzialek,radom,Księga pustyni,Helios Radom,12:10,,,2026-08-24T08:50:15.559775
2026-08-24,poniedzialek,radom,Księga pustyni (dubbing),Kino - Mazowieckie Centrum Sztuki Współczesnej Elektrownia w Radomiu,11:45,,dubbing,2026-08-24T08:50:15.559775
2026-08-24,poniedzialek,radom,Księga pustyni (dubbing),Multikino Radom,10:35,,dubbing,2026-08-24T08:50:15.559775
2026-08-24,poniedzialek,radom,Księga pustyni (dubbing),Multikino Radom,12:20,,dubbing,2026-08-24T08:50:15.559775
2026-08-24,poniedzialek,radom,Księga pustyni (dubbing),Multikino Radom,15:05,,dubbing,2026-08-24T08:50:15.559775
2026-08-24,poniedzialek,radom,Minionki i straszydła (dubbing),Helios Radom,10:50,,dubbing,2026-08-24T08:50:15.559775
2026-08-24,poniedzialek,radom,Minionki i straszydła (dubbing),Multikino Radom,10:00,,dubbing,2026-08-24T08:50:15.559775
2026-08-24,poniedzialek,radom,Minionki i straszydła (dubbing),Multikino Radom,10:30,,dubbing,2026-08-24T08:50:15.559775
2026-08-24,poniedzialek,radom,Naznaczony: Wyjście z mrocznego wymiaru,Helios Radom,13:00,,,2026-08-24T08:50:15.559775
2026-08-24,poniedzialek,radom,Naznaczony: Wyjście z mrocznego wymiaru,Helios Radom,16:50,,,2026-08-24T08:50:15.559775
2026-08-24,poniedzialek,radom,Naznaczony: Wyjście z mrocznego wymiaru,Multikino Radom,12:40,,,2026-08-24T08:50:15.559775
2026-08-24,poniedzialek,radom,Naznaczony: Wyjście z mrocznego wymiaru,Multikino Radom,18:15,,,2026-08-24T08:50:15.559775
2026-08-24,poniedzialek,radom,Nowa fala,Kino - Mazowieckie Centrum Sztuki Współczesnej Elektrownia w Radomiu,13:30,,,2026-08-24T08:50:15.559775
2026-08-24,poniedzialek,radom,Obsesja,Multikino Radom,14:30,,,2026-08-24T08:50:15.559775
2026-08-24,poniedzialek,radom,Odyseja,Helios Radom,13:50,,,2026-08-24T08:50:15.559775
2026-08-24,poniedzialek,radom,Odyseja,Helios Radom,20:50,,,2026-08-24T08:50:15.559775
2026-08-24,poniedzialek,radom,Odyseja,Multikino Radom,19:30,,,2026-08-24T08:50:15.559775
2026-08-24,poniedzialek,radom,Odzyskany,Helios Radom,19:00,,,2026-08-24T08:50:15.559775
2026-08-24,poniedzialek,radom,Odzyskany,Helios Radom,19:00,,,2026-08-24T08:50:15.559775
2026-08-24,poniedzialek,radom,Osiem i pół,Kino - Mazowieckie Centrum Sztuki Współczesnej Elektrownia w Radomiu,17:45,,,2026-08-24T08:50:15.559775
2026-08-24,poniedzialek,radom,Psi Patrol i dinozaury,Helios Radom,10:10,,,2026-08-24T08:50:15.559775
2026-08-24,poniedzialek,radom,Psi Patrol i dinozaury,Helios Radom,12:30,,,2026-08-24T08:50:15.559775
2026-08-24,poniedzialek,radom,Psi Patrol i dinozaury,Helios Radom,14:45,,,2026-08-24T08:50:15.559775
2026-08-24,poniedzialek,radom,Psi Patrol i dinozaury (dubbing),Multikino Radom,10:10,,dubbing,2026-08-24T08:50:15.559775
2026-08-24,poniedzialek,radom,Psi Patrol i dinozaury (dubbing),Multikino Radom,12:45,,dubbing,2026-08-24T08:50:15.559775
2026-08-24,poniedzialek,radom,Psi Patrol i dinozaury (dubbing),Multikino Radom,15:00,,dubbing,2026-08-24T08:50:15.559775
2026-08-24,poniedzialek,radom,Psi Patrol i dinozaury (dubbing),Multikino Radom,17:20,,dubbing,2026-08-24T08:50:15.559775
2026-08-24,poniedzialek,radom,Pucio kocha zwierzaki,Helios Radom,10:30,,,2026-08-24T08:50:15.559775
2026-08-24,poniedzialek,radom,Pucio kocha zwierzaki,Helios Radom,12:00,,,2026-08-24T08:50:15.559775
2026-08-24,poniedzialek,radom,Pucio kocha zwierzaki,Helios Radom,14:20,,,2026-08-24T08:50:15.559775
2026-08-24,poniedzialek,radom,Pucio kocha zwierzaki,Multikino Radom,10:45,,,2026-08-24T08:50:15.559775
2026-08-24,poniedzialek,radom,Pucio kocha zwierzaki,Multikino Radom,11:55,,,2026-08-24T08:50:15.559775
2026-08-24,poniedzialek,radom,Pucio kocha zwierzaki,Multikino Radom,13:05,,,2026-08-24T08:50:15.559775
2026-08-24,poniedzialek,radom,Shrek (dubbing),Multikino Radom,17:00,,dubbing,2026-08-24T08:50:15.559775
2026-08-24,poniedzialek,radom,Spider-Man. Całkiem nowy dzień,Helios Radom,10:40,,,2026-08-24T08:50:15.559775
2026-08-24,poniedzialek,radom,Spider-Man. Całkiem nowy dzień,Helios Radom,13:30,,,2026-08-24T08:50:15.559775
2026-08-24,poniedzialek,radom,Spider-Man. Całkiem nowy dzień,Helios Radom,15:30,,,2026-08-24T08:50:15.559775
2026-08-24,poniedzialek,radom,Spider-Man. Całkiem nowy dzień,Helios Radom,17:30,,,2026-08-24T08:50:15.559775
2026-08-24,poniedzialek,radom,Spider-Man. Całkiem nowy dzień,Helios Radom,20:40,,,2026-08-24T08:50:15.559775
2026-08-24,poniedzialek,radom,Spider-Man. Całkiem nowy dzień,Multikino Radom,20:15,,,2026-08-24T08:50:15.559775
2026-08-24,poniedzialek,radom,Spider-Man. Całkiem nowy dzień (dubbing),Multikino Radom,10:30,,dubbing,2026-08-24T08:50:15.559775
2026-08-24,poniedzialek,radom,Spider-Man. Całkiem nowy dzień (dubbing),Multikino Radom,12:05,,dubbing,2026-08-24T08:50:15.559775
2026-08-24,poniedzialek,radom,Spider-Man. Całkiem nowy dzień (dubbing),Multikino Radom,13:45,,dubbing,2026-08-24T08:50:15.559775
2026-08-24,poniedzialek,radom,Spider-Man. Całkiem nowy dzień (dubbing),Multikino Radom,15:10,,dubbing,2026-08-24T08:50:15.559775
2026-08-24,poniedzialek,radom,Spider-Man. Całkiem nowy dzień (dubbing),Multikino Radom,17:00,,dubbing,2026-08-24T08:50:15.559775
2026-08-24,poniedzialek,radom,Spider-Man. Całkiem nowy dzień (dubbing),Multikino Radom,19:00,,dubbing,2026-08-24T08:50:15.559775
2026-08-24,poniedzialek,radom,Tylko jedna noc,Helios Radom,16:40,,,2026-08-24T08:50:15.559775
2026-08-24,poniedzialek,radom,Tylko jedna noc,Multikino Radom,17:20,,,2026-08-24T08:50:15.559775
2026-08-24,poniedzialek,radom,Vivaldi i ja,Kino - Mazowieckie Centrum Sztuki Współczesnej Elektrownia w Radomiu,15:30,,,2026-08-24T08:50:15.559775
2026-08-24,poniedzialek,radom,Wszyscy moi wrogowie,Kino - Mazowieckie Centrum Sztuki Współczesnej Elektrownia w Radomiu,20:15,,,2026-08-24T08:50:15.559775
2026-08-24,poniedzialek,sosnowiec,André Rieu. Niech żyje Maastricht!,Helios Sosnowiec,18:00,,,2026-08-24T08:50:19.253888
2026-08-24,poniedzialek,sosnowiec,Bogaci i martwi,Cinema City Sosnowiec,20:40,,,2026-08-24T08:50:19.253888
2026-08-24,poniedzialek,sosnowiec,Buntownik,Cinema City Sosnowiec,17:30,,,2026-08-24T08:50:19.253888
2026-08-24,poniedzialek,sosnowiec,Buntownik,Cinema City Sosnowiec,19:45,,,2026-08-24T08:50:19.253888
2026-08-24,poniedzialek,sosnowiec,Buntownik,Helios Sosnowiec,14:40,,,2026-08-24T08:50:19.253888
2026-08-24,poniedzialek,sosnowiec,Buntownik,Helios Sosnowiec,20:00,,,2026-08-24T08:50:19.253888
2026-08-24,poniedzialek,sosnowiec,Ice Cream Man,Cinema City Sosnowiec,22:00,,,2026-08-24T08:50:19.253888
2026-08-24,poniedzialek,sosnowiec,Koniec Ulicy Dębowej,Cinema City Sosnowiec,11:20,,,2026-08-24T08:50:19.253888
2026-08-24,poniedzialek,sosnowiec,Koniec Ulicy Dębowej,Cinema City Sosnowiec,18:10,,,2026-08-24T08:50:19.253888
2026-08-24,poniedzialek,sosnowiec,Koniec Ulicy Dębowej,Helios Sosnowiec,17:30,,,2026-08-24T08:50:19.253888
2026-08-24,poniedzialek,sosnowiec,Księga pustyni,Helios Sosnowiec,12:40,,,2026-08-24T08:50:19.253888
2026-08-24,poniedzialek,sosnowiec,Księga pustyni (dubbing),Cinema City Sosnowiec,10:10,,dubbing,2026-08-24T08:50:19.253888
2026-08-24,poniedzialek,sosnowiec,Księga pustyni (dubbing),Cinema City Sosnowiec,12:30,,dubbing,2026-08-24T08:50:19.253888
2026-08-24,poniedzialek,sosnowiec,Księga pustyni (dubbing),Cinema City Sosnowiec,14:40,,dubbing,2026-08-24T08:50:19.253888
2026-08-24,poniedzialek,sosnowiec,Minionki i straszydła (dubbing),Cinema City Sosnowiec,13:50,,dubbing,2026-08-24T08:50:19.253888
2026-08-24,poniedzialek,sosnowiec,Naznaczony: Wyjście z mrocznego wymiaru,Cinema City Sosnowiec,19:20,,,2026-08-24T08:50:19.253888
2026-08-24,poniedzialek,sosnowiec,Naznaczony: Wyjście z mrocznego wymiaru,Cinema City Sosnowiec,21:50,,,2026-08-24T08:50:19.253888
2026-08-24,poniedzialek,sosnowiec,Naznaczony: Wyjście z mrocznego wymiaru,Helios Sosnowiec,18:15,,,2026-08-24T08:50:19.253888
2026-08-24,poniedzialek,sosnowiec,Odyseja,Cinema City Sosnowiec,19:30,,,2026-08-24T08:50:19.253888
2026-08-24,poniedzialek,sosnowiec,Odyseja,Helios Sosnowiec,11:00,,,2026-08-24T08:50:19.253888
2026-08-24,poniedzialek,sosnowiec,Odyseja,Helios Sosnowiec,13:50,,,2026-08-24T08:50:19.253888
2026-08-24,poniedzialek,sosnowiec,Odyseja,Helios Sosnowiec,20:15,,,2026-08-24T08:50:19.253888
2026-08-24,poniedzialek,sosnowiec,Psi Patrol i dinozaury,Helios Sosnowiec,10:15,,,2026-08-24T08:50:19.253888
2026-08-24,poniedzialek,sosnowiec,Psi Patrol i dinozaury,Helios Sosnowiec,15:50,,,2026-08-24T08:50:19.253888
2026-08-24,poniedzialek,sosnowiec,Psi Patrol i dinozaury (dubbing),Cinema City Sosnowiec,10:50,,dubbing,2026-08-24T08:50:19.253888
2026-08-24,poniedzialek,sosnowiec,Psi Patrol i dinozaury (dubbing),Cinema City Sosnowiec,13:00,,dubbing,2026-08-24T08:50:19.253888
2026-08-24,poniedzialek,sosnowiec,Psi Patrol i dinozaury (dubbing),Cinema City Sosnowiec,15:10,,dubbing,2026-08-24T08:50:19.253888
2026-08-24,poniedzialek,sosnowiec,Psi Patrol i dinozaury (dubbing),Cinema City Sosnowiec,17:20,,dubbing,2026-08-24T08:50:19.253888
2026-08-24,poniedzialek,sosnowiec,Pucio kocha zwierzaki,Cinema City Sosnowiec,10:20,,,2026-08-24T08:50:19.253888
2026-08-24,poniedzialek,sosnowiec,Pucio kocha zwierzaki,Helios Sosnowiec,10:30,,,2026-08-24T08:50:19.253888
2026-08-24,poniedzialek,sosnowiec,Pucio kocha zwierzaki,Helios Sosnowiec,12:00,,,2026-08-24T08:50:19.253888
2026-08-24,poniedzialek,sosnowiec,Shrek (dubbing),Cinema City Sosnowiec,16:00,,dubbing,2026-08-24T08:50:19.253888
2026-08-24,poniedzialek,sosnowiec,Spider-Man. Całkiem nowy dzień,Cinema City Sosnowiec,15:00,,,2026-08-24T08:50:19.253888
2026-08-24,poniedzialek,sosnowiec,Spider-Man. Całkiem nowy dzień,Cinema City Sosnowiec,20:00,,,2026-08-24T08:50:19.253888
2026-08-24,poniedzialek,sosnowiec,Spider-Man. Całkiem nowy dzień,Cinema City Sosnowiec,21:20,,,2026-08-24T08:50:19.253888
2026-08-24,poniedzialek,sosnowiec,Spider-Man. Całkiem nowy dzień,Helios Sosnowiec,10:45,,,2026-08-24T08:50:19.253888
2026-08-24,poniedzialek,sosnowiec,Spider-Man. Całkiem nowy dzień,Helios Sosnowiec,15:00,,,2026-08-24T08:50:19.253888
2026-08-24,poniedzialek,sosnowiec,Spider-Man. Całkiem nowy dzień,Helios Sosnowiec,17:00,,,2026-08-24T08:50:19.253888
2026-08-24,poniedzialek,sosnowiec,Spider-Man. Całkiem nowy dzień,Helios Sosnowiec,20:45,,,2026-08-24T08:50:19.253888
2026-08-24,poniedzialek,sosnowiec,Spider-Man. Całkiem nowy dzień (dubbing),Cinema City Sosnowiec,10:30,,dubbing,2026-08-24T08:50:19.253888
2026-08-24,poniedzialek,sosnowiec,Spider-Man. Całkiem nowy dzień (dubbing),Cinema City Sosnowiec,11:50,,dubbing,2026-08-24T08:50:19.253888
2026-08-24,poniedzialek,sosnowiec,Spider-Man. Całkiem nowy dzień (dubbing),Cinema City Sosnowiec,13:40,,dubbing,2026-08-24T08:50:19.253888
2026-08-24,poniedzialek,sosnowiec,Spider-Man. Całkiem nowy dzień (dubbing),Cinema City Sosnowiec,16:50,,dubbing,2026-08-24T08:50:19.253888
2026-08-24,poniedzialek,sosnowiec,Spider-Man. Całkiem nowy dzień (dubbing),Cinema City Sosnowiec,18:10,,dubbing,2026-08-24T08:50:19.253888
2026-08-24,poniedzialek,sosnowiec,Toy Story 5 (dubbing),Cinema City Sosnowiec,10:00,,dubbing,2026-08-24T08:50:19.253888
2026-08-24,poniedzialek,sosnowiec,Toy Story 5 (dubbing),Cinema City Sosnowiec,12:20,,dubbing,2026-08-24T08:50:19.253888
2026-08-24,poniedzialek,sosnowiec,Tylko jedna noc,Cinema City Sosnowiec,17:00,,,2026-08-24T08:50:19.253888
2026-08-24,poniedzialek,sosnowiec,Tylko jedna noc,Helios Sosnowiec,13:30,,,2026-08-24T08:50:19.253888
2026-08-24,poniedzialek,sosnowiec,Wszyscy moi wrogowie,Cinema City Sosnowiec,14:40,,,2026-08-24T08:50:19.253888
2026-08-24,poniedzialek,kielce,André Rieu. Niech żyje Maastricht!,Helios Kielce,18:00,,,2026-08-24T08:50:21.642403
2026-08-24,poniedzialek,kielce,André Rieu. Niech żyje Maastricht!,Multikino Kielce,16:35,,,2026-08-24T08:50:21.642403
2026-08-24,poniedzialek,kielce,Buntownik,Helios Kielce,14:45,,,2026-08-24T08:50:21.642403
2026-08-24,poniedzialek,kielce,Buntownik,Helios Kielce,18:40,,,2026-08-24T08:50:21.642403
2026-08-24,poniedzialek,kielce,Buntownik,Helios Kielce,21:00,,,2026-08-24T08:50:21.642403
2026-08-24,poniedzialek,kielce,Buntownik,Kino Moskwa w Kielcach,20:00,,,2026-08-24T08:50:21.642403
2026-08-24,poniedzialek,kielce,Buntownik,Multikino Kielce,15:00,,,2026-08-24T08:50:21.642403
2026-08-24,poniedzialek,kielce,Buntownik,Multikino Kielce,17:20,,,2026-08-24T08:50:21.642403
2026-08-24,poniedzialek,kielce,Buntownik,Multikino Kielce,19:40,,,2026-08-24T08:50:21.642403
2026-08-24,poniedzialek,kielce,Historie równoległe,Kino Moskwa w Kielcach,13:40,,,2026-08-24T08:50:21.642403
2026-08-24,poniedzialek,kielce,Historie równoległe,Kino Moskwa w Kielcach,19:15,,,2026-08-24T08:50:21.642403
2026-08-24,poniedzialek,kielce,Historie równoległe,Multikino Kielce,10:00,,,2026-08-24T08:50:21.642403
2026-08-24,poniedzialek,kielce,Historie równoległe,Multikino Kielce,20:00,,,2026-08-24T08:50:21.642403
2026-08-24,poniedzialek,kielce,Koniec Ulicy Dębowej,Helios Kielce,11:30,,,2026-08-24T08:50:21.642403
2026-08-24,poniedzialek,kielce,Koniec Ulicy Dębowej,Helios Kielce,17:00,,,2026-08-24T08:50:21.642403
2026-08-24,poniedzialek,kielce,Koniec Ulicy Dębowej,Helios Kielce,19:15,,,2026-08-24T08:50:21.642403
2026-08-24,poniedzialek,kielce,Koniec Ulicy Dębowej,Multikino Kielce,17:00,,,2026-08-24T08:50:21.642403
2026-08-24,poniedzialek,kielce,Koniec Ulicy Dębowej,Multikino Kielce,19:30,,,2026-08-24T08:50:21.642403
2026-08-24,poniedzialek,kielce,Księga pustyni,Helios Kielce,10:40,,,2026-08-24T08:50:21.642403
2026-08-24,poniedzialek,kielce,Księga pustyni,Helios Kielce,15:40,,,2026-08-24T08:50:21.642403
2026-08-24,poniedzialek,kielce,Księga pustyni,Kino Moskwa w Kielcach,17:20,,,2026-08-24T08:50:21.642403
2026-08-24,poniedzialek,kielce,Księga pustyni (dubbing),Multikino Kielce,10:40,,dubbing,2026-08-24T08:50:21.642403
2026-08-24,poniedzialek,kielce,Księga pustyni (dubbing),Multikino Kielce,13:00,,dubbing,2026-08-24T08:50:21.642403
2026-08-24,poniedzialek,kielce,Księga pustyni (dubbing),Multikino Kielce,15:20,,dubbing,2026-08-24T08:50:21.642403
2026-08-24,poniedzialek,kielce,Księga pustyni (dubbing),Multikino Kielce,17:40,,dubbing,2026-08-24T08:50:21.642403
2026-08-24,poniedzialek,kielce,Minionki i straszydła (dubbing),Helios Kielce,10:20,,dubbing,2026-08-24T08:50:21.642403
2026-08-24,poniedzialek,kielce,Minionki i straszydła (dubbing),Multikino Kielce,10:00,,dubbing,2026-08-24T08:50:21.642403
2026-08-24,poniedzialek,kielce,Minionki i straszydła (dubbing),Multikino Kielce,12:10,,dubbing,2026-08-24T08:50:21.642403
2026-08-24,poniedzialek,kielce,Minionki i straszydła (dubbing),Multikino Kielce,14:25,,dubbing,2026-08-24T08:50:21.642403
2026-08-24,poniedzialek,kielce,Naznaczony: Wyjście z mrocznego wymiaru,Helios Kielce,13:50,,,2026-08-24T08:50:21.642403
2026-08-24,poniedzialek,kielce,Naznaczony: Wyjście z mrocznego wymiaru,Helios Kielce,17:15,,,2026-08-24T08:50:21.642403
2026-08-24,poniedzialek,kielce,Naznaczony: Wyjście z mrocznego wymiaru,Helios Kielce,20:00,,,2026-08-24T08:50:21.642403
2026-08-24,poniedzialek,kielce,Naznaczony: Wyjście z mrocznego wymiaru,Multikino Kielce,15:30,,,2026-08-24T08:50:21.642403
2026-08-24,poniedzialek,kielce,Naznaczony: Wyjście z mrocznego wymiaru,Multikino Kielce,18:00,,,2026-08-24T08:50:21.642403
2026-08-24,poniedzialek,kielce,Naznaczony: Wyjście z mrocznego wymiaru,Multikino Kielce,20:35,,,2026-08-24T08:50:21.642403
2026-08-24,poniedzialek,kielce,Obsesja,Multikino Kielce,20:25,,,2026-08-24T08:50:21.642403
2026-08-24,poniedzialek,kielce,Odyseja,Helios Kielce,11:00,,,2026-08-24T08:50:21.642403
2026-08-24,poniedzialek,kielce,Odyseja,Helios Kielce,14:00,,,2026-08-24T08:50:21.642403
2026-08-24,poniedzialek,kielce,Odyseja,Helios Kielce,16:30,,,2026-08-24T08:50:21.642403
2026-08-24,poniedzialek,kielce,Odyseja,Helios Kielce,20:15,,,2026-08-24T08:50:21.642403
2026-08-24,poniedzialek,kielce,Odyseja,Multikino Kielce,10:40,,,2026-08-24T08:50:21.642403
2026-08-24,poniedzialek,kielce,Odyseja,Multikino Kielce,14:20,,,2026-08-24T08:50:21.642403
2026-08-24,poniedzialek,kielce,Odyseja,Multikino Kielce,20:00,,,2026-08-24T08:50:21.642403
2026-08-24,poniedzialek,kielce,Odzyskany,Kino Moskwa w Kielcach,18:00,,,2026-08-24T08:50:21.642403
2026-08-24,poniedzialek,kielce,Psi Patrol i dinozaury,Helios Kielce,10:00,,,2026-08-24T08:50:21.642403
2026-08-24,poniedzialek,kielce,Psi Patrol i dinozaury,Helios Kielce,12:10,,,2026-08-24T08:50:21.642403
2026-08-24,poniedzialek,kielce,Psi Patrol i dinozaury,Helios Kielce,14:20,,,2026-08-24T08:50:21.642403
2026-08-24,poniedzialek,kielce,Psi Patrol i dinozaury,Helios Kielce,16:15,,,2026-08-24T08:50:21.642403
2026-08-24,poniedzialek,kielce,Psi Patrol i dinozaury,Kino Moskwa w Kielcach,12:30,,,2026-08-24T08:50:21.642403
2026-08-24,poniedzialek,kielce,Psi Patrol i dinozaury (dubbing),Multikino Kielce,10:25,,dubbing,2026-08-24T08:50:21.642403
2026-08-24,poniedzialek,kielce,Psi Patrol i dinozaury (dubbing),Multikino Kielce,11:25,,dubbing,2026-08-24T08:50:21.642403
2026-08-24,poniedzialek,kielce,Psi Patrol i dinozaury (dubbing),Multikino Kielce,12:40,,dubbing,2026-08-24T08:50:21.642403
2026-08-24,poniedzialek,kielce,Psi Patrol i dinozaury (dubbing),Multikino Kielce,13:40,,dubbing,2026-08-24T08:50:21.642403
2026-08-24,poniedzialek,kielce,Psi Patrol i dinozaury (dubbing),Multikino Kielce,15:55,,dubbing,2026-08-24T08:50:21.642403
2026-08-24,poniedzialek,kielce,Psi Patrol i dinozaury (dubbing),Multikino Kielce,18:10,,dubbing,2026-08-24T08:50:21.642403
2026-08-24,poniedzialek,kielce,Pucio kocha zwierzaki,Helios Kielce,10:30,,,2026-08-24T08:50:21.642403
2026-08-24,poniedzialek,kielce,Pucio kocha zwierzaki,Helios Kielce,12:00,,,2026-08-24T08:50:21.642403
2026-08-24,poniedzialek,kielce,Pucio kocha zwierzaki,Helios Kielce,13:30,,,2026-08-24T08:50:21.642403
2026-08-24,poniedzialek,kielce,Pucio kocha zwierzaki,Helios Kielce,15:50,,,2026-08-24T08:50:21.642403
2026-08-24,poniedzialek,kielce,Pucio kocha zwierzaki,Kino Moskwa w Kielcach,12:40,,,2026-08-24T08:50:21.642403
2026-08-24,poniedzialek,kielce,Pucio kocha zwierzaki,Kino Moskwa w Kielcach,16:20,,,2026-08-24T08:50:21.642403
2026-08-24,poniedzialek,kielce,Pucio kocha zwierzaki,Multikino Kielce,10:30,,,2026-08-24T08:50:21.642403
2026-08-24,poniedzialek,kielce,Pucio kocha zwierzaki,Multikino Kielce,11:45,,,2026-08-24T08:50:21.642403
2026-08-24,poniedzialek,kielce,Pucio kocha zwierzaki,Multikino Kielce,13:00,,,2026-08-24T08:50:21.642403
2026-08-24,poniedzialek,kielce,Pucio kocha zwierzaki,Multikino Kielce,14:20,,,2026-08-24T08:50:21.642403
2026-08-24,poniedzialek,kielce,Pucio kocha zwierzaki,Multikino Kielce,15:45,,,2026-08-24T08:50:21.642403
2026-08-24,poniedzialek,kielce,Spider-Man. Całkiem nowy dzień,Helios Kielce,15:00,,,2026-08-24T08:50:21.642403
2026-08-24,poniedzialek,kielce,Spider-Man. Całkiem nowy dzień,Helios Kielce,17:30,,,2026-08-24T08:50:21.642403
2026-08-24,poniedzialek,kielce,Spider-Man. Całkiem nowy dzień,Helios Kielce,18:15,,,2026-08-24T08:50:21.642403
2026-08-24,poniedzialek,kielce,Spider-Man. Całkiem nowy dzień,Helios Kielce,20:45,,,2026-08-24T08:50:21.642403
2026-08-24,poniedzialek,kielce,Spider-Man. Całkiem nowy dzień,Helios Kielce,21:20,,,2026-08-24T08:50:21.642403
2026-08-24,poniedzialek,kielce,Spider-Man. Całkiem nowy dzień,Multikino Kielce,11:00,,,2026-08-24T08:50:21.642403
2026-08-24,poniedzialek,kielce,Spider-Man. Całkiem nowy dzień,Multikino Kielce,14:15,,,2026-08-24T08:50:21.642403
2026-08-24,poniedzialek,kielce,Spider-Man. Całkiem nowy dzień,Multikino Kielce,17:30,,,2026-08-24T08:50:21.642403
2026-08-24,poniedzialek,kielce,Spider-Man. Całkiem nowy dzień,Multikino Kielce,20:45,,,2026-08-24T08:50:21.642403
2026-08-24,poniedzialek,kielce,Spider-Man. Całkiem nowy dzień (dubbing),Helios Kielce,10:30,,dubbing,2026-08-24T08:50:21.642403
2026-08-24,poniedzialek,kielce,Spider-Man. Całkiem nowy dzień (dubbing),Multikino Kielce,10:00,,dubbing,2026-08-24T08:50:21.642403
2026-08-24,poniedzialek,kielce,Spider-Man. Całkiem nowy dzień (dubbing),Multikino Kielce,13:15,,dubbing,2026-08-24T08:50:21.642403
2026-08-24,poniedzialek,kielce,Spider-Man. Całkiem nowy dzień (dubbing),Multikino Kielce,16:30,,dubbing,2026-08-24T08:50:21.642403
2026-08-24,poniedzialek,kielce,Spider-Man. Całkiem nowy dzień (dubbing),Multikino Kielce,19:45,,dubbing,2026-08-24T08:50:21.642403
2026-08-24,poniedzialek,kielce,Toy Story 5 (dubbing),Multikino Kielce,13:10,,dubbing,2026-08-24T08:50:21.642403
2026-08-24,poniedzialek,kielce,Tylko jedna noc,Helios Kielce,13:10,,,2026-08-24T08:50:21.642403
2026-08-24,poniedzialek,kielce,Tylko jedna noc,Multikino Kielce,20:25,,,2026-08-24T08:50:21.642403
2026-08-24,poniedzialek,kielce,Wszyscy moi wrogowie,Helios Kielce,12:50,,,2026-08-24T08:50:21.642403
2026-08-24,poniedzialek,kielce,Wszyscy moi wrogowie,Kino Moskwa w Kielcach,14:30,,,2026-08-24T08:50:21.642403
2026-08-24,poniedzialek,gliwice,Arek.Mama.Panorama,Cinema City Gliwice Forum,19:00,,,2026-08-24T08:50:24.647624
2026-08-24,poniedzialek,gliwice,Bogaci i martwi,Cinema City Gliwice Forum,19:30,,,2026-08-24T08:50:24.647624
2026-08-24,poniedzialek,gliwice,Bogaci i martwi,Cinema City Gliwice Forum,21:50,,,2026-08-24T08:50:24.647624
2026-08-24,poniedzialek,gliwice,Buntownik,Cinema City Gliwice Forum,12:40,,,2026-08-24T08:50:24.647624
2026-08-24,poniedzialek,gliwice,Buntownik,Cinema City Gliwice Forum,15:00,,,2026-08-24T08:50:24.647624
2026-08-24,poniedzialek,gliwice,Buntownik,Cinema City Gliwice Forum,17:20,,,2026-08-24T08:50:24.647624
2026-08-24,poniedzialek,gliwice,Buntownik,Cinema City Gliwice Forum,19:40,,,2026-08-24T08:50:24.647624
2026-08-24,poniedzialek,gliwice,Buntownik,Cinema City Gliwice Forum,22:00,,,2026-08-24T08:50:24.647624
2026-08-24,poniedzialek,gliwice,Flavia de Luce (dubbing),Cinema City Gliwice Forum,11:10,,dubbing,2026-08-24T08:50:24.647624
2026-08-24,poniedzialek,gliwice,Historie równoległe,Cinema City Gliwice Forum,21:00,,,2026-08-24T08:50:24.647624
2026-08-24,poniedzialek,gliwice,Ice Cream Man,Cinema City Gliwice Forum,20:50,,,2026-08-24T08:50:24.647624
2026-08-24,poniedzialek,gliwice,Koniec Ulicy Dębowej,Cinema City Gliwice Forum,13:30,,,2026-08-24T08:50:24.647624
2026-08-24,poniedzialek,gliwice,Koniec Ulicy Dębowej,Cinema City Gliwice Forum,16:10,,,2026-08-24T08:50:24.647624
2026-08-24,poniedzialek,gliwice,Koniec Ulicy Dębowej,Cinema City Gliwice Forum,18:50,,,2026-08-24T08:50:24.647624
2026-08-24,poniedzialek,gliwice,Koniec Ulicy Dębowej,Cinema City Gliwice Forum,21:30,,,2026-08-24T08:50:24.647624
2026-08-24,poniedzialek,gliwice,Księga pustyni (dubbing),Cinema City Gliwice Forum,10:30,,dubbing,2026-08-24T08:50:24.647624
2026-08-24,poniedzialek,gliwice,Księga pustyni (dubbing),Cinema City Gliwice Forum,12:50,,dubbing,2026-08-24T08:50:24.647624
2026-08-24,poniedzialek,gliwice,Księga pustyni (dubbing),Cinema City Gliwice Forum,14:10,,dubbing,2026-08-24T08:50:24.647624
2026-08-24,poniedzialek,gliwice,Księga pustyni (dubbing),Cinema City Gliwice Forum,15:10,,dubbing,2026-08-24T08:50:24.647624
2026-08-24,poniedzialek,gliwice,Księga pustyni (dubbing),Cinema City Gliwice Forum,17:20,,dubbing,2026-08-24T08:50:24.647624
2026-08-24,poniedzialek,gliwice,Minionki i straszydła (dubbing),Cinema City Gliwice Forum,10:00,,dubbing,2026-08-24T08:50:24.647624
2026-08-24,poniedzialek,gliwice,Minionki i straszydła (dubbing),Cinema City Gliwice Forum,12:10,,dubbing,2026-08-24T08:50:24.647624
2026-08-24,poniedzialek,gliwice,Minionki i straszydła (dubbing),Cinema City Gliwice Forum,14:20,,dubbing,2026-08-24T08:50:24.647624
2026-08-24,poniedzialek,gliwice,Minionki i straszydła (dubbing),Cinema City Gliwice Forum,16:30,,dubbing,2026-08-24T08:50:24.647624
2026-08-24,poniedzialek,gliwice,Naznaczony: Wyjście z mrocznego wymiaru,Cinema City Gliwice Forum,11:40,,,2026-08-24T08:50:24.647624
2026-08-24,poniedzialek,gliwice,Naznaczony: Wyjście z mrocznego wymiaru,Cinema City Gliwice Forum,16:20,,,2026-08-24T08:50:24.647624
2026-08-24,poniedzialek,gliwice,Naznaczony: Wyjście z mrocznego wymiaru,Cinema City Gliwice Forum,18:50,,,2026-08-24T08:50:24.647624
2026-08-24,poniedzialek,gliwice,Naznaczony: Wyjście z mrocznego wymiaru,Cinema City Gliwice Forum,21:20,,,2026-08-24T08:50:24.647624
2026-08-24,poniedzialek,gliwice,Naznaczony: Wyjście z mrocznego wymiaru,Cinema City Gliwice Forum,22:30,,,2026-08-24T08:50:24.647624
2026-08-24,poniedzialek,gliwice,Obsesja,Cinema City Gliwice Forum,20:40,,,2026-08-24T08:50:24.647624
2026-08-24,poniedzialek,gliwice,Odyseja,Cinema City Gliwice Forum,10:00,,,2026-08-24T08:50:24.647624
2026-08-24,poniedzialek,gliwice,Odyseja,Cinema City Gliwice Forum,11:00,,,2026-08-24T08:50:24.647624
2026-08-24,poniedzialek,gliwice,Odyseja,Cinema City Gliwice Forum,13:45,,,2026-08-24T08:50:24.647624
2026-08-24,poniedzialek,gliwice,Odyseja,Cinema City Gliwice Forum,17:30,,,2026-08-24T08:50:24.647624
2026-08-24,poniedzialek,gliwice,Odyseja,Cinema City Gliwice Forum,20:20,,,2026-08-24T08:50:24.647624
2026-08-24,poniedzialek,gliwice,Odyseja,Cinema City Gliwice Forum,21:15,,,2026-08-24T08:50:24.647624
2026-08-24,poniedzialek,gliwice,Odzyskany,Cinema City Gliwice Forum,15:20,,,2026-08-24T08:50:24.647624
2026-08-24,poniedzialek,gliwice,Psi Patrol i dinozaury (dubbing),Cinema City Gliwice Forum,10:20,,dubbing,2026-08-24T08:50:24.647624
2026-08-24,poniedzialek,gliwice,Psi Patrol i dinozaury (dubbing),Cinema City Gliwice Forum,12:30,,dubbing,2026-08-24T08:50:24.647624
2026-08-24,poniedzialek,gliwice,Psi Patrol i dinozaury (dubbing),Cinema City Gliwice Forum,14:40,,dubbing,2026-08-24T08:50:24.647624
2026-08-24,poniedzialek,gliwice,Psi Patrol i dinozaury (dubbing),Cinema City Gliwice Forum,16:50,,dubbing,2026-08-24T08:50:24.647624
2026-08-24,poniedzialek,gliwice,Pucio kocha zwierzaki,Cinema City Gliwice Forum,10:10,,,2026-08-24T08:50:24.647624
2026-08-24,poniedzialek,gliwice,Pucio kocha zwierzaki,Cinema City Gliwice Forum,11:40,,,2026-08-24T08:50:24.647624
2026-08-24,poniedzialek,gliwice,Pucio kocha zwierzaki,Cinema City Gliwice Forum,13:10,,,2026-08-24T08:50:24.647624
2026-08-24,poniedzialek,gliwice,Pucio kocha zwierzaki,Cinema City Gliwice Forum,14:40,,,2026-08-24T08:50:24.647624
2026-08-24,poniedzialek,gliwice,Pucio kocha zwierzaki,Cinema City Gliwice Forum,16:10,,,2026-08-24T08:50:24.647624
2026-08-24,poniedzialek,gliwice,Shrek (dubbing),Cinema City Gliwice Forum,16:00,,dubbing,2026-08-24T08:50:24.647624
2026-08-24,poniedzialek,gliwice,Shrek (dubbing),Cinema City Gliwice Forum,18:10,,dubbing,2026-08-24T08:50:24.647624
2026-08-24,poniedzialek,gliwice,Spider-Man. Całkiem nowy dzień,Cinema City Gliwice Forum,10:10,,,2026-08-24T08:50:24.647624
2026-08-24,poniedzialek,gliwice,Spider-Man. Całkiem nowy dzień,Cinema City Gliwice Forum,13:10,,,2026-08-24T08:50:24.647624
2026-08-24,poniedzialek,gliwice,Spider-Man. Całkiem nowy dzień,Cinema City Gliwice Forum,16:20,,,2026-08-24T08:50:24.647624
2026-08-24,poniedzialek,gliwice,Spider-Man. Całkiem nowy dzień,Cinema City Gliwice Forum,19:30,,,2026-08-24T08:50:24.647624
2026-08-24,poniedzialek,gliwice,Spider-Man. Całkiem nowy dzień (dubbing),Cinema City Gliwice Forum,10:00,,dubbing,2026-08-24T08:50:24.647624
2026-08-24,poniedzialek,gliwice,Spider-Man. Całkiem nowy dzień (dubbing),Cinema City Gliwice Forum,11:00,,dubbing,2026-08-24T08:50:24.647624
2026-08-24,poniedzialek,gliwice,Spider-Man. Całkiem nowy dzień (dubbing),Cinema City Gliwice Forum,13:00,,dubbing,2026-08-24T08:50:24.647624
2026-08-24,poniedzialek,gliwice,Spider-Man. Całkiem nowy dzień (dubbing),Cinema City Gliwice Forum,14:10,,dubbing,2026-08-24T08:50:24.647624
2026-08-24,poniedzialek,gliwice,Spider-Man. Całkiem nowy dzień (dubbing),Cinema City Gliwice Forum,18:30,,dubbing,2026-08-24T08:50:24.647624
2026-08-24,poniedzialek,gliwice,Spider-Man. Całkiem nowy dzień 3D,Cinema City Gliwice Forum,17:30,3D,,2026-08-24T08:50:24.647624
2026-08-24,poniedzialek,gliwice,Spider-Man. Całkiem nowy dzień 3D (dubbing),Cinema City Gliwice Forum,14:50,3D,dubbing,2026-08-24T08:50:24.647624
2026-08-24,poniedzialek,gliwice,Toy Story 5 (dubbing),Cinema City Gliwice Forum,10:10,,dubbing,2026-08-24T08:50:24.647624
2026-08-24,poniedzialek,gliwice,Tylko jedna noc,Cinema City Gliwice Forum,20:00,,,2026-08-24T08:50:24.647624
2026-08-24,poniedzialek,gliwice,Tylko jedna noc,Cinema City Gliwice Forum,22:20,,,2026-08-24T08:50:24.647624
2026-08-24,poniedzialek,gliwice,Vaiana (dubbing),Cinema City Gliwice Forum,12:40,,dubbing,2026-08-24T08:50:24.647624
2026-08-24,poniedzialek,gliwice,Vivaldi i ja,Cinema City Gliwice Forum,10:10,,,2026-08-24T08:50:24.647624
2026-08-24,poniedzialek,gliwice,Vivaldi i ja,Cinema City Gliwice Forum,17:30,,,2026-08-24T08:50:24.647624
2026-08-24,poniedzialek,gliwice,Wrong Girls,Cinema City Gliwice Forum,17:40,,,2026-08-24T08:50:24.647624
2026-08-24,poniedzialek,gliwice,Wrong Girls,Cinema City Gliwice Forum,20:00,,,2026-08-24T08:50:24.647624
2026-08-24,poniedzialek,gliwice,Wrong Girls,Cinema City Gliwice Forum,22:20,,,2026-08-24T08:50:24.647624
2026-08-24,poniedzialek,gliwice,Wszyscy moi wrogowie,Cinema City Gliwice Forum,21:40,,,2026-08-24T08:50:24.647624
2026-08-24,poniedzialek,rzeszów,Amadeusz,Kino Zorza w Rzeszowie,18:30,,,2026-08-24T08:50:29.697326
2026-08-24,poniedzialek,rzeszów,André Rieu. Niech żyje Maastricht!,Helios Galeria Rzeszów,18:00,,,2026-08-24T08:50:29.697326
2026-08-24,poniedzialek,rzeszów,André Rieu. Niech żyje Maastricht!,Multikino Rzeszów,16:40,,,2026-08-24T08:50:29.697326
2026-08-24,poniedzialek,rzeszów,Buntownik,Helios Galeria Rzeszów,13:40,,,2026-08-24T08:50:29.697326
2026-08-24,poniedzialek,rzeszów,Buntownik,Helios Galeria Rzeszów,17:30,,,2026-08-24T08:50:29.697326
2026-08-24,poniedzialek,rzeszów,Buntownik,Helios Galeria Rzeszów,20:30,,,2026-08-24T08:50:29.697326
2026-08-24,poniedzialek,rzeszów,Buntownik,Multikino Rzeszów,15:00,,,2026-08-24T08:50:29.697326
2026-08-24,poniedzialek,rzeszów,Buntownik,Multikino Rzeszów,17:20,,,2026-08-24T08:50:29.697326
2026-08-24,poniedzialek,rzeszów,Buntownik,Multikino Rzeszów,19:40,,,2026-08-24T08:50:29.697326
2026-08-24,poniedzialek,rzeszów,Flavia de Luce,Kino Zorza w Rzeszowie,15:40,,,2026-08-24T08:50:29.697326
2026-08-24,poniedzialek,rzeszów,Góra mocy,Kino za Rogiem Café w Rzeszowie,11:00,,,2026-08-24T08:50:29.697326
2026-08-24,poniedzialek,rzeszów,Historie równoległe,Kino Zorza w Rzeszowie,12:15,,,2026-08-24T08:50:29.697326
2026-08-24,poniedzialek,rzeszów,Historie równoległe,Kino Zorza w Rzeszowie,17:40,,,2026-08-24T08:50:29.697326
2026-08-24,poniedzialek,rzeszów,Historie równoległe,Multikino Rzeszów,20:00,,,2026-08-24T08:50:29.697326
2026-08-24,poniedzialek,rzeszów,Koniec Ulicy Dębowej,Helios Galeria Rzeszów,11:20,,,2026-08-24T08:50:29.697326
2026-08-24,poniedzialek,rzeszów,Koniec Ulicy Dębowej,Helios Galeria Rzeszów,15:30,,,2026-08-24T08:50:29.697326
2026-08-24,poniedzialek,rzeszów,Koniec Ulicy Dębowej,Helios Galeria Rzeszów,18:45,,,2026-08-24T08:50:29.697326
2026-08-24,poniedzialek,rzeszów,Koniec Ulicy Dębowej,Kino Zorza w Rzeszowie,12:00,,,2026-08-24T08:50:29.697326
2026-08-24,poniedzialek,rzeszów,Koniec Ulicy Dębowej,Kino Zorza w Rzeszowie,20:15,,,2026-08-24T08:50:29.697326
2026-08-24,poniedzialek,rzeszów,Koniec Ulicy Dębowej,Multikino Rzeszów,17:00,,,2026-08-24T08:50:29.697326
2026-08-24,poniedzialek,rzeszów,Koniec Ulicy Dębowej,Multikino Rzeszów,19:30,,,2026-08-24T08:50:29.697326
2026-08-24,poniedzialek,rzeszów,Koniec Ulicy Dębowej,Multikino Rzeszów,20:35,,,2026-08-24T08:50:29.697326
2026-08-24,poniedzialek,rzeszów,Księga pustyni,Helios Galeria Rzeszów,11:00,,,2026-08-24T08:50:29.697326
2026-08-24,poniedzialek,rzeszów,Księga pustyni,Helios Galeria Rzeszów,13:15,,,2026-08-24T08:50:29.697326
2026-08-24,poniedzialek,rzeszów,Księga pustyni,Kino Zorza w Rzeszowie,10:00,,,2026-08-24T08:50:29.697326
2026-08-24,poniedzialek,rzeszów,Księga pustyni,Kino Zorza w Rzeszowie,14:15,,,2026-08-24T08:50:29.697326
2026-08-24,poniedzialek,rzeszów,Księga pustyni (dubbing),Multikino Rzeszów,11:05,,dubbing,2026-08-24T08:50:29.697326
2026-08-24,poniedzialek,rzeszów,Księga pustyni (dubbing),Multikino Rzeszów,13:25,,dubbing,2026-08-24T08:50:29.697326
2026-08-24,poniedzialek,rzeszów,Księga pustyni (dubbing),Multikino Rzeszów,15:45,,dubbing,2026-08-24T08:50:29.697326
2026-08-24,poniedzialek,rzeszów,Księga pustyni (dubbing),Multikino Rzeszów,17:40,,dubbing,2026-08-24T08:50:29.697326
2026-08-24,poniedzialek,rzeszów,Minionki i straszydła (dubbing),Helios Galeria Rzeszów,11:30,,dubbing,2026-08-24T08:50:29.697326
2026-08-24,poniedzialek,rzeszów,Minionki i straszydła (dubbing),Multikino Rzeszów,11:30,,dubbing,2026-08-24T08:50:29.697326
2026-08-24,poniedzialek,rzeszów,Minionki i straszydła (dubbing),Multikino Rzeszów,13:35,,dubbing,2026-08-24T08:50:29.697326
2026-08-24,poniedzialek,rzeszów,Naznaczony: Wyjście z mrocznego wymiaru,Helios Galeria Rzeszów,17:45,,,2026-08-24T08:50:29.697326
2026-08-24,poniedzialek,rzeszów,Naznaczony: Wyjście z mrocznego wymiaru,Helios Galeria Rzeszów,20:15,,,2026-08-24T08:50:29.697326
2026-08-24,poniedzialek,rzeszów,Naznaczony: Wyjście z mrocznego wymiaru,Multikino Rzeszów,14:10,,,2026-08-24T08:50:29.697326
2026-08-24,poniedzialek,rzeszów,Naznaczony: Wyjście z mrocznego wymiaru,Multikino Rzeszów,18:00,,,2026-08-24T08:50:29.697326
2026-08-24,poniedzialek,rzeszów,Naznaczony: Wyjście z mrocznego wymiaru,Multikino Rzeszów,20:30,,,2026-08-24T08:50:29.697326
2026-08-24,poniedzialek,rzeszów,Nocą w Nowym Jorku,Kino za Rogiem Café w Rzeszowie,17:00,,,2026-08-24T08:50:29.697326
2026-08-24,poniedzialek,rzeszów,Obsesja,Multikino Rzeszów,11:35,,,2026-08-24T08:50:29.697326
2026-08-24,poniedzialek,rzeszów,Odyseja,Helios Galeria Rzeszów,14:30,,,2026-08-24T08:50:29.697326
2026-08-24,poniedzialek,rzeszów,Odyseja,Helios Galeria Rzeszów,17:00,,,2026-08-24T08:50:29.697326
2026-08-24,poniedzialek,rzeszów,Odyseja,Multikino Rzeszów,14:00,,,2026-08-24T08:50:29.697326
2026-08-24,poniedzialek,rzeszów,Odyseja,Multikino Rzeszów,19:55,,,2026-08-24T08:50:29.697326
2026-08-24,poniedzialek,rzeszów,Odzyskany,Kino Zorza w Rzeszowie,17:30,,,2026-08-24T08:50:29.697326
2026-08-24,poniedzialek,rzeszów,Psi Patrol i dinozaury,Helios Galeria Rzeszów,10:00,,,2026-08-24T08:50:29.697326
2026-08-24,poniedzialek,rzeszów,Psi Patrol i dinozaury,Helios Galeria Rzeszów,12:10,,,2026-08-24T08:50:29.697326
2026-08-24,poniedzialek,rzeszów,Psi Patrol i dinozaury,Helios Galeria Rzeszów,16:40,,,2026-08-24T08:50:29.697326
2026-08-24,poniedzialek,rzeszów,Psi Patrol i dinozaury,Kino Zorza w Rzeszowie,10:15,,,2026-08-24T08:50:29.697326
2026-08-24,poniedzialek,rzeszów,Psi Patrol i dinozaury,Kino Zorza w Rzeszowie,14:00,,,2026-08-24T08:50:29.697326
2026-08-24,poniedzialek,rzeszów,Psi Patrol i dinozaury,Kino Zorza w Rzeszowie,15:45,,,2026-08-24T08:50:29.697326
2026-08-24,poniedzialek,rzeszów,Psi Patrol i dinozaury (dubbing),Multikino Rzeszów,10:25,,dubbing,2026-08-24T08:50:29.697326
2026-08-24,poniedzialek,rzeszów,Psi Patrol i dinozaury (dubbing),Multikino Rzeszów,11:25,,dubbing,2026-08-24T08:50:29.697326
2026-08-24,poniedzialek,rzeszów,Psi Patrol i dinozaury (dubbing),Multikino Rzeszów,12:40,,dubbing,2026-08-24T08:50:29.697326
2026-08-24,poniedzialek,rzeszów,Psi Patrol i dinozaury (dubbing),Multikino Rzeszów,13:40,,dubbing,2026-08-24T08:50:29.697326
2026-08-24,poniedzialek,rzeszów,Psi Patrol i dinozaury (dubbing),Multikino Rzeszów,15:55,,dubbing,2026-08-24T08:50:29.697326
2026-08-24,poniedzialek,rzeszów,Psi Patrol i dinozaury (dubbing),Multikino Rzeszów,18:10,,dubbing,2026-08-24T08:50:29.697326
2026-08-24,poniedzialek,rzeszów,Pucio kocha zwierzaki,Helios Galeria Rzeszów,10:00,,,2026-08-24T08:50:29.697326
2026-08-24,poniedzialek,rzeszów,Pucio kocha zwierzaki,Helios Galeria Rzeszów,10:40,,,2026-08-24T08:50:29.697326
2026-08-24,poniedzialek,rzeszów,Pucio kocha zwierzaki,Helios Galeria Rzeszów,12:00,,,2026-08-24T08:50:29.697326
2026-08-24,poniedzialek,rzeszów,Pucio kocha zwierzaki,Helios Galeria Rzeszów,13:30,,,2026-08-24T08:50:29.697326
2026-08-24,poniedzialek,rzeszów,Pucio kocha zwierzaki,Helios Galeria Rzeszów,16:00,,,2026-08-24T08:50:29.697326
2026-08-24,poniedzialek,rzeszów,Pucio kocha zwierzaki,Kino Zorza w Rzeszowie,10:30,,,2026-08-24T08:50:29.697326
2026-08-24,poniedzialek,rzeszów,Pucio kocha zwierzaki,Kino Zorza w Rzeszowie,14:40,,,2026-08-24T08:50:29.697326
2026-08-24,poniedzialek,rzeszów,Pucio kocha zwierzaki,Multikino Rzeszów,10:25,,,2026-08-24T08:50:29.697326
2026-08-24,poniedzialek,rzeszów,Pucio kocha zwierzaki,Multikino Rzeszów,13:00,,,2026-08-24T08:50:29.697326
2026-08-24,poniedzialek,rzeszów,Pucio kocha zwierzaki,Multikino Rzeszów,14:20,,,2026-08-24T08:50:29.697326
2026-08-24,poniedzialek,rzeszów,Pucio kocha zwierzaki,Multikino Rzeszów,15:45,,,2026-08-24T08:50:29.697326
2026-08-24,poniedzialek,rzeszów,Shrek (dubbing),Multikino Rzeszów,15:50,,dubbing,2026-08-24T08:50:29.697326
2026-08-24,poniedzialek,rzeszów,Spider-Man. Całkiem nowy dzień,Helios Galeria Rzeszów,11:10,,,2026-08-24T08:50:29.697326
2026-08-24,poniedzialek,rzeszów,Spider-Man. Całkiem nowy dzień,Helios Galeria Rzeszów,13:50,,,2026-08-24T08:50:29.697326
2026-08-24,poniedzialek,rzeszów,Spider-Man. Całkiem nowy dzień,Helios Galeria Rzeszów,15:10,,,2026-08-24T08:50:29.697326
2026-08-24,poniedzialek,rzeszów,Spider-Man. Całkiem nowy dzień,Helios Galeria Rzeszów,18:15,,,2026-08-24T08:50:29.697326
2026-08-24,poniedzialek,rzeszów,Spider-Man. Całkiem nowy dzień,Helios Galeria Rzeszów,21:20,,,2026-08-24T08:50:29.697326
2026-08-24,poniedzialek,rzeszów,Spider-Man. Całkiem nowy dzień,Multikino Rzeszów,14:15,,,2026-08-24T08:50:29.697326
2026-08-24,poniedzialek,rzeszów,Spider-Man. Całkiem nowy dzień,Multikino Rzeszów,17:30,,,2026-08-24T08:50:29.697326
2026-08-24,poniedzialek,rzeszów,Spider-Man. Całkiem nowy dzień,Multikino Rzeszów,20:45,,,2026-08-24T08:50:29.697326
2026-08-24,poniedzialek,rzeszów,Spider-Man. Całkiem nowy dzień (dubbing),Multikino Rzeszów,10:00,,dubbing,2026-08-24T08:50:29.697326
2026-08-24,poniedzialek,rzeszów,Spider-Man. Całkiem nowy dzień (dubbing),Multikino Rzeszów,13:15,,dubbing,2026-08-24T08:50:29.697326
2026-08-24,poniedzialek,rzeszów,Spider-Man. Całkiem nowy dzień (dubbing),Multikino Rzeszów,16:30,,dubbing,2026-08-24T08:50:29.697326
2026-08-24,poniedzialek,rzeszów,Spider-Man. Całkiem nowy dzień (dubbing),Multikino Rzeszów,19:45,,dubbing,2026-08-24T08:50:29.697326
2026-08-24,poniedzialek,rzeszów,Spider-Man. Całkiem nowy dzień 3D (dubbing),Multikino Rzeszów,11:00,3D,dubbing,2026-08-24T08:50:29.697326
2026-08-24,poniedzialek,rzeszów,Śledząc,Kino za Rogiem Café w Rzeszowie,19:00,,,2026-08-24T08:50:29.697326
2026-08-24,poniedzialek,rzeszów,Toy Story 5 (dubbing),Multikino Rzeszów,10:30,,dubbing,2026-08-24T08:50:29.697326
2026-08-24,poniedzialek,rzeszów,Tylko jedna noc,Helios Galeria Rzeszów,14:15,,,2026-08-24T08:50:29.697326
2026-08-24,poniedzialek,rzeszów,Tylko jedna noc,Kino Zorza w Rzeszowie,11:50,,,2026-08-24T08:50:29.697326
2026-08-24,poniedzialek,rzeszów,Tylko jedna noc,Kino Zorza w Rzeszowie,19:00,,,2026-08-24T08:50:29.697326
2026-08-24,poniedzialek,rzeszów,Tylko jedna noc,Multikino Rzeszów,20:30,,,2026-08-24T08:50:29.697326
2026-08-24,poniedzialek,rzeszów,Vivaldi i ja,Kino Zorza w Rzeszowie,16:00,,,2026-08-24T08:50:29.697326
2026-08-24,poniedzialek,rzeszów,Wszyscy moi wrogowie,Kino Zorza w Rzeszowie,20:50,,,2026-08-24T08:50:29.697326
2026-08-24,poniedzialek,rzeszów,Wszyscy moi wrogowie,Multikino Rzeszów,11:05,,,2026-08-24T08:50:29.697326
2026-08-24,poniedzialek,toruń,Arek.Mama.Panorama,Cinema City Toruń Czerwona Droga,18:00,,,2026-08-24T08:50:32.052079
2026-08-24,poniedzialek,toruń,Arek.Mama.Panorama,Kino Centrum w Toruniu,18:00,,,2026-08-24T08:50:32.052079
2026-08-24,poniedzialek,toruń,Backrooms. Bez wyjścia,Cinema City Toruń Czerwona Droga,22:20,,,2026-08-24T08:50:32.052079
2026-08-24,poniedzialek,toruń,Bogaci i martwi,Cinema City Toruń Czerwona Droga,15:50,,,2026-08-24T08:50:32.052079
2026-08-24,poniedzialek,toruń,Bogaci i martwi,Cinema City Toruń Czerwona Droga,20:40,,,2026-08-24T08:50:32.052079
2026-08-24,poniedzialek,toruń,Bogaci i martwi,Cinema City Toruń Plaza,18:30,,,2026-08-24T08:50:32.052079
2026-08-24,poniedzialek,toruń,Buntownik,Cinema City Toruń Czerwona Droga,13:20,,,2026-08-24T08:50:32.052079
2026-08-24,poniedzialek,toruń,Buntownik,Cinema City Toruń Czerwona Droga,15:40,,,2026-08-24T08:50:32.052079
2026-08-24,poniedzialek,toruń,Buntownik,Cinema City Toruń Czerwona Droga,18:20,,,2026-08-24T08:50:32.052079
2026-08-24,poniedzialek,toruń,Buntownik,Cinema City Toruń Czerwona Droga,20:15,,,2026-08-24T08:50:32.052079
2026-08-24,poniedzialek,toruń,Buntownik,Cinema City Toruń Plaza,15:50,,,2026-08-24T08:50:32.052079
2026-08-24,poniedzialek,toruń,Buntownik,Cinema City Toruń Plaza,18:40,,,2026-08-24T08:50:32.052079
2026-08-24,poniedzialek,toruń,Buntownik,Cinema City Toruń Plaza,21:00,,,2026-08-24T08:50:32.052079
2026-08-24,poniedzialek,toruń,Ekipa zwierzaków (dubbing),Cinema City Toruń Czerwona Droga,11:15,,dubbing,2026-08-24T08:50:32.052079
2026-08-24,poniedzialek,toruń,Flavia de Luce (dubbing),Cinema City Toruń Czerwona Droga,10:20,,dubbing,2026-08-24T08:50:32.052079
2026-08-24,poniedzialek,toruń,Flavia de Luce (dubbing),Cinema City Toruń Plaza,10:15,,dubbing,2026-08-24T08:50:32.052079
2026-08-24,poniedzialek,toruń,Frances Ha,Cinema City Toruń Czerwona Droga,19:50,,,2026-08-24T08:50:32.052079
2026-08-24,poniedzialek,toruń,Historie równoległe,Cinema City Toruń Czerwona Droga,14:50,,,2026-08-24T08:50:32.052079
2026-08-24,poniedzialek,toruń,Ice Cream Man,Cinema City Toruń Czerwona Droga,22:30,,,2026-08-24T08:50:32.052079
2026-08-24,poniedzialek,toruń,Koniec Ulicy Dębowej,Cinema City Toruń Czerwona Droga,10:50,,,2026-08-24T08:50:32.052079
2026-08-24,poniedzialek,toruń,Koniec Ulicy Dębowej,Cinema City Toruń Czerwona Droga,16:30,,,2026-08-24T08:50:32.052079
2026-08-24,poniedzialek,toruń,Koniec Ulicy Dębowej,Cinema City Toruń Czerwona Droga,19:00,,,2026-08-24T08:50:32.052079
2026-08-24,poniedzialek,toruń,Koniec Ulicy Dębowej,Cinema City Toruń Czerwona Droga,21:30,,,2026-08-24T08:50:32.052079
2026-08-24,poniedzialek,toruń,Koniec Ulicy Dębowej,Cinema City Toruń Plaza,15:15,,,2026-08-24T08:50:32.052079
2026-08-24,poniedzialek,toruń,Koniec Ulicy Dębowej,Cinema City Toruń Plaza,17:45,,,2026-08-24T08:50:32.052079
2026-08-24,poniedzialek,toruń,Koniec Ulicy Dębowej,Cinema City Toruń Plaza,20:15,,,2026-08-24T08:50:32.052079
2026-08-24,poniedzialek,toruń,Księga pustyni (dubbing),Cinema City Toruń Czerwona Droga,10:30,,dubbing,2026-08-24T08:50:32.052079
2026-08-24,poniedzialek,toruń,Księga pustyni (dubbing),Cinema City Toruń Czerwona Droga,12:45,,dubbing,2026-08-24T08:50:32.052079
2026-08-24,poniedzialek,toruń,Księga pustyni (dubbing),Cinema City Toruń Czerwona Droga,14:10,,dubbing,2026-08-24T08:50:32.052079
2026-08-24,poniedzialek,toruń,Księga pustyni (dubbing),Cinema City Toruń Czerwona Droga,15:00,,dubbing,2026-08-24T08:50:32.052079
2026-08-24,poniedzialek,toruń,Księga pustyni (dubbing),Cinema City Toruń Czerwona Droga,17:15,,dubbing,2026-08-24T08:50:32.052079
2026-08-24,poniedzialek,toruń,Księga pustyni (dubbing),Cinema City Toruń Plaza,10:10,,dubbing,2026-08-24T08:50:32.052079
2026-08-24,poniedzialek,toruń,Księga pustyni (dubbing),Cinema City Toruń Plaza,12:30,,dubbing,2026-08-24T08:50:32.052079
2026-08-24,poniedzialek,toruń,Księga pustyni (dubbing),Cinema City Toruń Plaza,14:45,,dubbing,2026-08-24T08:50:32.052079
2026-08-24,poniedzialek,toruń,Księga pustyni (dubbing),Cinema City Toruń Plaza,15:50,,dubbing,2026-08-24T08:50:32.052079
2026-08-24,poniedzialek,toruń,Martwe zło: Ogień,Cinema City Toruń Czerwona Droga,22:30,,,2026-08-24T08:50:32.052079
2026-08-24,poniedzialek,toruń,Minionki i straszydła (dubbing),Cinema City Toruń Czerwona Droga,11:00,,dubbing,2026-08-24T08:50:32.052079
2026-08-24,poniedzialek,toruń,Minionki i straszydła (dubbing),Cinema City Toruń Czerwona Droga,13:10,,dubbing,2026-08-24T08:50:32.052079
2026-08-24,poniedzialek,toruń,Minionki i straszydła (dubbing),Cinema City Toruń Plaza,11:30,,dubbing,2026-08-24T08:50:32.052079
2026-08-24,poniedzialek,toruń,Minionki i straszydła (dubbing),Cinema City Toruń Plaza,13:40,,dubbing,2026-08-24T08:50:32.052079
2026-08-24,poniedzialek,toruń,Naznaczony: Wyjście z mrocznego wymiaru,Cinema City Toruń Czerwona Droga,15:15,,,2026-08-24T08:50:32.052079
2026-08-24,poniedzialek,toruń,Naznaczony: Wyjście z mrocznego wymiaru,Cinema City Toruń Czerwona Droga,17:45,,,2026-08-24T08:50:32.052079
2026-08-24,poniedzialek,toruń,Naznaczony: Wyjście z mrocznego wymiaru,Cinema City Toruń Czerwona Droga,20:30,,,2026-08-24T08:50:32.052079
2026-08-24,poniedzialek,toruń,Naznaczony: Wyjście z mrocznego wymiaru,Cinema City Toruń Plaza,19:05,,,2026-08-24T08:50:32.052079
2026-08-24,poniedzialek,toruń,Naznaczony: Wyjście z mrocznego wymiaru,Cinema City Toruń Plaza,21:30,,,2026-08-24T08:50:32.052079
2026-08-24,poniedzialek,toruń,Nowa fala,Kino Centrum w Toruniu,16:00,,,2026-08-24T08:50:32.052079
2026-08-24,poniedzialek,toruń,Nowa fala,Kino Centrum w Toruniu,20:00,,,2026-08-24T08:50:32.052079
2026-08-24,poniedzialek,toruń,Obsesja,Cinema City Toruń Czerwona Droga,22:10,,,2026-08-24T08:50:32.052079
2026-08-24,poniedzialek,toruń,Odyseja,Cinema City Toruń Czerwona Droga,12:50,,,2026-08-24T08:50:32.052079
2026-08-24,poniedzialek,toruń,Odyseja,Cinema City Toruń Czerwona Droga,16:30,,,2026-08-24T08:50:32.052079
2026-08-24,poniedzialek,toruń,Odyseja,Cinema City Toruń Czerwona Droga,20:10,,,2026-08-24T08:50:32.052079
2026-08-24,poniedzialek,toruń,Odyseja,Cinema City Toruń Plaza,15:00,,,2026-08-24T08:50:32.052079
2026-08-24,poniedzialek,toruń,Odyseja,Cinema City Toruń Plaza,18:00,,,2026-08-24T08:50:32.052079
2026-08-24,poniedzialek,toruń,Odzyskany,Cinema City Toruń Czerwona Droga,12:40,,,2026-08-24T08:50:32.052079
2026-08-24,poniedzialek,toruń,Psi Patrol i dinozaury (dubbing),Cinema City Toruń Czerwona Droga,10:00,,dubbing,2026-08-24T08:50:32.052079
2026-08-24,poniedzialek,toruń,Psi Patrol i dinozaury (dubbing),Cinema City Toruń Czerwona Droga,11:20,,dubbing,2026-08-24T08:50:32.052079
2026-08-24,poniedzialek,toruń,Psi Patrol i dinozaury (dubbing),Cinema City Toruń Czerwona Droga,13:30,,dubbing,2026-08-24T08:50:32.052079
2026-08-24,poniedzialek,toruń,Psi Patrol i dinozaury (dubbing),Cinema City Toruń Czerwona Droga,15:40,,dubbing,2026-08-24T08:50:32.052079
2026-08-24,poniedzialek,toruń,Psi Patrol i dinozaury (dubbing),Cinema City Toruń Czerwona Droga,17:50,,dubbing,2026-08-24T08:50:32.052079
2026-08-24,poniedzialek,toruń,Psi Patrol i dinozaury (dubbing),Cinema City Toruń Plaza,10:00,,dubbing,2026-08-24T08:50:32.052079
2026-08-24,poniedzialek,toruń,Psi Patrol i dinozaury (dubbing),Cinema City Toruń Plaza,12:10,,dubbing,2026-08-24T08:50:32.052079
2026-08-24,poniedzialek,toruń,Psi Patrol i dinozaury (dubbing),Cinema City Toruń Plaza,14:20,,dubbing,2026-08-24T08:50:32.052079
2026-08-24,poniedzialek,toruń,Psi Patrol i dinozaury (dubbing),Cinema City Toruń Plaza,16:30,,dubbing,2026-08-24T08:50:32.052079
2026-08-24,poniedzialek,toruń,Pucio kocha zwierzaki,Cinema City Toruń Czerwona Droga,10:00,,,2026-08-24T08:50:32.052079
2026-08-24,poniedzialek,toruń,Pucio kocha zwierzaki,Cinema City Toruń Czerwona Droga,11:30,,,2026-08-24T08:50:32.052079
2026-08-24,poniedzialek,toruń,Pucio kocha zwierzaki,Cinema City Toruń Czerwona Droga,13:00,,,2026-08-24T08:50:32.052079
2026-08-24,poniedzialek,toruń,Pucio kocha zwierzaki,Cinema City Toruń Czerwona Droga,14:30,,,2026-08-24T08:50:32.052079
2026-08-24,poniedzialek,toruń,Pucio kocha zwierzaki,Cinema City Toruń Plaza,10:15,,,2026-08-24T08:50:32.052079
2026-08-24,poniedzialek,toruń,Pucio kocha zwierzaki,Cinema City Toruń Plaza,10:50,,,2026-08-24T08:50:32.052079
2026-08-24,poniedzialek,toruń,Pucio kocha zwierzaki,Cinema City Toruń Plaza,12:20,,,2026-08-24T08:50:32.052079
2026-08-24,poniedzialek,toruń,Pucio kocha zwierzaki,Cinema City Toruń Plaza,13:50,,,2026-08-24T08:50:32.052079
2026-08-24,poniedzialek,toruń,Pucio kocha zwierzaki,Kino Centrum w Toruniu,15:00,,,2026-08-24T08:50:32.052079
2026-08-24,poniedzialek,toruń,Shrek (dubbing),Cinema City Toruń Czerwona Droga,16:00,,dubbing,2026-08-24T08:50:32.052079
2026-08-24,poniedzialek,toruń,Shrek (dubbing),Cinema City Toruń Czerwona Droga,18:10,,dubbing,2026-08-24T08:50:32.052079
2026-08-24,poniedzialek,toruń,Shrek (dubbing),Cinema City Toruń Plaza,17:00,,dubbing,2026-08-24T08:50:32.052079
2026-08-24,poniedzialek,toruń,Spider-Man. Całkiem nowy dzień,Cinema City Toruń Czerwona Droga,14:00,,,2026-08-24T08:50:32.052079
2026-08-24,poniedzialek,toruń,Spider-Man. Całkiem nowy dzień,Cinema City Toruń Czerwona Droga,17:10,,,2026-08-24T08:50:32.052079
2026-08-24,poniedzialek,toruń,Spider-Man. Całkiem nowy dzień,Cinema City Toruń Czerwona Droga,20:20,,,2026-08-24T08:50:32.052079
2026-08-24,poniedzialek,toruń,Spider-Man. Całkiem nowy dzień,Cinema City Toruń Czerwona Droga,21:40,,,2026-08-24T08:50:32.052079
2026-08-24,poniedzialek,toruń,Spider-Man. Całkiem nowy dzień,Cinema City Toruń Plaza,13:40,,,2026-08-24T08:50:32.052079
2026-08-24,poniedzialek,toruń,Spider-Man. Całkiem nowy dzień,Cinema City Toruń Plaza,16:50,,,2026-08-24T08:50:32.052079
2026-08-24,poniedzialek,toruń,Spider-Man. Całkiem nowy dzień,Cinema City Toruń Plaza,20:00,,,2026-08-24T08:50:32.052079
2026-08-24,poniedzialek,toruń,Spider-Man. Całkiem nowy dzień,Cinema City Toruń Plaza,20:50,,,2026-08-24T08:50:32.052079
2026-08-24,poniedzialek,toruń,Spider-Man. Całkiem nowy dzień (dubbing),Cinema City Toruń Czerwona Droga,10:50,,dubbing,2026-08-24T08:50:32.052079
2026-08-24,poniedzialek,toruń,Spider-Man. Całkiem nowy dzień (dubbing),Cinema City Toruń Czerwona Droga,12:10,,dubbing,2026-08-24T08:50:32.052079
2026-08-24,poniedzialek,toruń,Spider-Man. Całkiem nowy dzień (dubbing),Cinema City Toruń Czerwona Droga,15:20,,dubbing,2026-08-24T08:50:32.052079
2026-08-24,poniedzialek,toruń,Spider-Man. Całkiem nowy dzień (dubbing),Cinema City Toruń Czerwona Droga,18:30,,dubbing,2026-08-24T08:50:32.052079
2026-08-24,poniedzialek,toruń,Spider-Man. Całkiem nowy dzień (dubbing),Cinema City Toruń Plaza,10:30,,dubbing,2026-08-24T08:50:32.052079
2026-08-24,poniedzialek,toruń,Spider-Man. Całkiem nowy dzień (dubbing),Cinema City Toruń Plaza,17:45,,dubbing,2026-08-24T08:50:32.052079
2026-08-24,poniedzialek,toruń,Spider-Man. Całkiem nowy dzień 3D (dubbing),Cinema City Toruń Plaza,11:40,3D,dubbing,2026-08-24T08:50:32.052079
2026-08-24,poniedzialek,toruń,Spider-Man. Całkiem nowy dzień 3D (dubbing),Cinema City Toruń Plaza,14:45,3D,dubbing,2026-08-24T08:50:32.052079
2026-08-24,poniedzialek,toruń,Toy Story 5 (dubbing),Cinema City Toruń Czerwona Droga,10:00,,dubbing,2026-08-24T08:50:32.052079
2026-08-24,poniedzialek,toruń,Toy Story 5 (dubbing),Cinema City Toruń Czerwona Droga,12:20,,dubbing,2026-08-24T08:50:32.052079
2026-08-24,poniedzialek,toruń,Toy Story 5 (dubbing),Cinema City Toruń Plaza,11:10,,dubbing,2026-08-24T08:50:32.052079
2026-08-24,poniedzialek,toruń,Toy Story 5 (dubbing),Cinema City Toruń Plaza,13:30,,dubbing,2026-08-24T08:50:32.052079
2026-08-24,poniedzialek,toruń,Tylko jedna noc,Cinema City Toruń Czerwona Droga,20:00,,,2026-08-24T08:50:32.052079
2026-08-24,poniedzialek,toruń,Tylko jedna noc,Cinema City Toruń Plaza,20:30,,,2026-08-24T08:50:32.052079
2026-08-24,poniedzialek,toruń,Vaiana (dubbing),Cinema City Toruń Czerwona Droga,10:10,,dubbing,2026-08-24T08:50:32.052079
2026-08-24,poniedzialek,toruń,Vaiana (dubbing),Cinema City Toruń Plaza,12:20,,dubbing,2026-08-24T08:50:32.052079
2026-08-24,poniedzialek,toruń,Vivaldi i ja,Cinema City Toruń Czerwona Droga,14:45,,,2026-08-24T08:50:32.052079
2026-08-24,poniedzialek,toruń,Vivaldi i ja,Cinema City Toruń Czerwona Droga,19:30,,,2026-08-24T08:50:32.052079
2026-08-24,poniedzialek,toruń,Wrong Girls,Cinema City Toruń Czerwona Droga,17:20,,,2026-08-24T08:50:32.052079
2026-08-24,poniedzialek,toruń,Wrong Girls,Cinema City Toruń Czerwona Droga,19:40,,,2026-08-24T08:50:32.052079
2026-08-24,poniedzialek,toruń,Wrong Girls,Cinema City Toruń Czerwona Droga,22:00,,,2026-08-24T08:50:32.052079
2026-08-24,poniedzialek,toruń,Wrong Girls,Cinema City Toruń Plaza,18:10,,,2026-08-24T08:50:32.052079
2026-08-24,poniedzialek,toruń,Wrong Girls,Cinema City Toruń Plaza,21:30,,,2026-08-24T08:50:32.052079
2026-08-24,poniedzialek,toruń,Wszyscy moi wrogowie,Cinema City Toruń Czerwona Droga,11:10,,,2026-08-24T08:50:32.052079
2026-08-24,poniedzialek,toruń,Wszyscy moi wrogowie,Cinema City Toruń Czerwona Droga,20:45,,,2026-08-24T08:50:32.052079
2026-08-24,poniedzialek,toruń,Wszyscy moi wrogowie,Cinema City Toruń Plaza,21:00,,,2026-08-24T08:50:32.052079
2026-08-24,poniedzialek,toruń,Zaproszenie,Cinema City Toruń Czerwona Droga,13:20,,,2026-08-24T08:50:32.052079
