date,day_name,city,movie_title,cinema_name,time,format,language,event_type,scraped_at
2026-09-03,czwartek,warszawa,Arek.Mama.Panorama,Kinoteka w Warszawie,16:30,,,regular,2026-09-03T12:39:50.326009
2026-09-03,czwartek,warszawa,Bogaci i martwi,Cinema City Warszawa Arkadia,17:10,,,regular,2026-09-03T12:39:50.326009
2026-09-03,czwartek,warszawa,Bogaci i martwi,Cinema City Warszawa Bemowo,16:50,,,regular,2026-09-03T12:39:50.326009
2026-09-03,czwartek,warszawa,Bogaci i martwi,Cinema City Warszawa Galeria Mokotów,17:10,,,regular,2026-09-03T12:39:50.326009
2026-09-03,czwartek,warszawa,Bogaci i martwi,Cinema City Warszawa Galeria Północna,17:10,,,regular,2026-09-03T12:39:50.326009
2026-09-03,czwartek,warszawa,Bogaci i martwi,Cinema City Warszawa Promenada,20:45,,,regular,2026-09-03T12:39:50.326009
2026-09-03,czwartek,warszawa,Bogaci i martwi,Kino Atlantic w Warszawie,14:15,,,regular,2026-09-03T12:39:50.326009
2026-09-03,czwartek,warszawa,Ból i blask,Kino Muranów w Warszawie,18:00,,,regular,2026-09-03T12:39:50.326009
2026-09-03,czwartek,warszawa,Ból i blask,Kino Muranów w Warszawie,18:15,,,regular,2026-09-03T12:39:50.326009
2026-09-03,czwartek,warszawa,Buntownik,Cinema City Warszawa Arkadia,12:40,,,regular,2026-09-03T12:39:50.326009
2026-09-03,czwartek,warszawa,Buntownik,Cinema City Warszawa Arkadia,15:00,,,regular,2026-09-03T12:39:50.326009
2026-09-03,czwartek,warszawa,Buntownik,Cinema City Warszawa Arkadia,17:30,,,regular,2026-09-03T12:39:50.326009
2026-09-03,czwartek,warszawa,Buntownik,Cinema City Warszawa Arkadia,19:50,,,regular,2026-09-03T12:39:50.326009
2026-09-03,czwartek,warszawa,Buntownik,Cinema City Warszawa Arkadia,22:10,,,regular,2026-09-03T12:39:50.326009
2026-09-03,czwartek,warszawa,Buntownik,Cinema City Warszawa Bemowo,13:10,,,regular,2026-09-03T12:39:50.326009
2026-09-03,czwartek,warszawa,Buntownik,Cinema City Warszawa Bemowo,20:50,,,regular,2026-09-03T12:39:50.326009
2026-09-03,czwartek,warszawa,Buntownik,Cinema City Warszawa Galeria Mokotów,12:20,,,regular,2026-09-03T12:39:50.326009
2026-09-03,czwartek,warszawa,Buntownik,Cinema City Warszawa Galeria Mokotów,17:00,,,regular,2026-09-03T12:39:50.326009
2026-09-03,czwartek,warszawa,Buntownik,Cinema City Warszawa Galeria Północna,14:50,,,regular,2026-09-03T12:39:50.326009
2026-09-03,czwartek,warszawa,Buntownik,Cinema City Warszawa Galeria Północna,19:30,,,regular,2026-09-03T12:39:50.326009
2026-09-03,czwartek,warszawa,Buntownik,Cinema City Warszawa Galeria Północna,21:50,,,regular,2026-09-03T12:39:50.326009
2026-09-03,czwartek,warszawa,Buntownik,Cinema City Warszawa Promenada,15:45,,,regular,2026-09-03T12:39:50.326009
2026-09-03,czwartek,warszawa,Buntownik,Cinema City Warszawa Promenada,18:30,,,regular,2026-09-03T12:39:50.326009
2026-09-03,czwartek,warszawa,Buntownik,Cinema City Warszawa Promenada,21:20,,,regular,2026-09-03T12:39:50.326009
2026-09-03,czwartek,warszawa,Buntownik,Cinema City Warszawa Sadyba,17:30,,,regular,2026-09-03T12:39:50.326009
2026-09-03,czwartek,warszawa,Buntownik,Cinema City Warszawa Sadyba,22:00,,,regular,2026-09-03T12:39:50.326009
2026-09-03,czwartek,warszawa,Buntownik,Helios Warszawa Blue City,12:50,,,regular,2026-09-03T12:39:50.326009
2026-09-03,czwartek,warszawa,Buntownik,Helios Warszawa Blue City,18:15,,,regular,2026-09-03T12:39:50.326009
2026-09-03,czwartek,warszawa,Buntownik,Multikino Atrium Reduta w Warszawie,14:40,,,regular,2026-09-03T12:39:50.326009
2026-09-03,czwartek,warszawa,Buntownik,Multikino Atrium Reduta w Warszawie,18:40,,,regular,2026-09-03T12:39:50.326009
2026-09-03,czwartek,warszawa,Buntownik,Multikino Młociny,12:15,,,regular,2026-09-03T12:39:50.326009
2026-09-03,czwartek,warszawa,Buntownik,Multikino Młociny,18:10,,,regular,2026-09-03T12:39:50.326009
2026-09-03,czwartek,warszawa,Buntownik,Multikino Młociny,21:30,,,regular,2026-09-03T12:39:50.326009
2026-09-03,czwartek,warszawa,Buntownik,Multikino Targówek,18:25,,,regular,2026-09-03T12:39:50.326009
2026-09-03,czwartek,warszawa,Buntownik,Multikino Targówek,20:40,,,regular,2026-09-03T12:39:50.326009
2026-09-03,czwartek,warszawa,Buntownik,Multikino Wola,13:50,,,regular,2026-09-03T12:39:50.326009
2026-09-03,czwartek,warszawa,Buntownik,Multikino Wola,18:40,,,regular,2026-09-03T12:39:50.326009
2026-09-03,czwartek,warszawa,Buntownik,Multikino Złote Tarasy,15:05,,,regular,2026-09-03T12:39:50.326009
2026-09-03,czwartek,warszawa,Buntownik,Multikino Złote Tarasy,17:50,,,regular,2026-09-03T12:39:50.326009
2026-09-03,czwartek,warszawa,Do utraty tchu,AMONDO Kino w Warszawie,21:15,,,regular,2026-09-03T12:39:50.326009
2026-09-03,czwartek,warszawa,Dziewięć miesięcy,Kino Iluzjon - Muzeum Sztuki Filmowej w Warszawie,20:00,,,regular,2026-09-03T12:39:50.326009
2026-09-03,czwartek,warszawa,Ekipa zwierzaków (dubbing),Cinema City Warszawa Promenada,11:10,,dubbing,regular,2026-09-03T12:39:50.326009
2026-09-03,czwartek,warszawa,Flavia de Luce (dubbing),Cinema City Warszawa Promenada,10:45,,dubbing,regular,2026-09-03T12:39:50.326009
2026-09-03,czwartek,warszawa,Frances Ha,Kino Elektronik w Warszawie,18:00,,,regular,2026-09-03T12:39:50.326009
2026-09-03,czwartek,warszawa,Frances Ha,Kino Luna w Warszawie,12:15,,,regular,2026-09-03T12:39:50.326009
2026-09-03,czwartek,warszawa,Frances Ha,Kino Muranów w Warszawie,20:30,,,regular,2026-09-03T12:39:50.326009
2026-09-03,czwartek,warszawa,Frances Ha,NoveKino Wisła w Warszawie,12:00,,,regular,2026-09-03T12:39:50.326009
2026-09-03,czwartek,warszawa,Ghost in the shell,Kinoteka w Warszawie,21:30,,,regular,2026-09-03T12:39:50.326009
2026-09-03,czwartek,warszawa,Giulietta i duchy,Kino Praha w Warszawie,18:00,,,regular,2026-09-03T12:39:50.326009
2026-09-03,czwartek,warszawa,Gorzkie święta,Cinema City Warszawa Arkadia,10:10,,,regular,2026-09-03T12:39:50.326009
2026-09-03,czwartek,warszawa,Gorzkie święta,Cinema City Warszawa Arkadia,17:20,,,regular,2026-09-03T12:39:50.326009
2026-09-03,czwartek,warszawa,Gorzkie święta,Cinema City Warszawa Arkadia,20:00,,,regular,2026-09-03T12:39:50.326009
2026-09-03,czwartek,warszawa,Gorzkie święta,Cinema City Warszawa Arkadia,22:30,,,regular,2026-09-03T12:39:50.326009
2026-09-03,czwartek,warszawa,Gorzkie święta,Cinema City Warszawa Bemowo,16:40,,,regular,2026-09-03T12:39:50.326009
2026-09-03,czwartek,warszawa,Gorzkie święta,Cinema City Warszawa Bemowo,19:10,,,regular,2026-09-03T12:39:50.326009
2026-09-03,czwartek,warszawa,Gorzkie święta,Cinema City Warszawa Galeria Mokotów,14:30,,,regular,2026-09-03T12:39:50.326009
2026-09-03,czwartek,warszawa,Gorzkie święta,Cinema City Warszawa Galeria Mokotów,19:15,,,regular,2026-09-03T12:39:50.326009
2026-09-03,czwartek,warszawa,Gorzkie święta,Cinema City Warszawa Galeria Mokotów,21:45,,,regular,2026-09-03T12:39:50.326009
2026-09-03,czwartek,warszawa,Gorzkie święta,Cinema City Warszawa Galeria Północna,15:00,,,regular,2026-09-03T12:39:50.326009
2026-09-03,czwartek,warszawa,Gorzkie święta,Cinema City Warszawa Galeria Północna,19:50,,,regular,2026-09-03T12:39:50.326009
2026-09-03,czwartek,warszawa,Gorzkie święta,Cinema City Warszawa Promenada,15:10,,,regular,2026-09-03T12:39:50.326009
2026-09-03,czwartek,warszawa,Gorzkie święta,Cinema City Warszawa Promenada,17:40,,,regular,2026-09-03T12:39:50.326009
2026-09-03,czwartek,warszawa,Gorzkie święta,Cinema City Warszawa Promenada,20:10,,,regular,2026-09-03T12:39:50.326009
2026-09-03,czwartek,warszawa,Gorzkie święta,Cinema City Warszawa Sadyba,18:10,,,regular,2026-09-03T12:39:50.326009
2026-09-03,czwartek,warszawa,Gorzkie święta,Cinema City Warszawa Sadyba,20:50,,,regular,2026-09-03T12:39:50.326009
2026-09-03,czwartek,warszawa,Gorzkie święta,Helios Warszawa Blue City,12:10,,,regular,2026-09-03T12:39:50.326009
2026-09-03,czwartek,warszawa,Gorzkie święta,Helios Warszawa Blue City,20:15,,,regular,2026-09-03T12:39:50.326009
2026-09-03,czwartek,warszawa,Gorzkie święta,Kino Elektronik w Warszawie,20:30,,,regular,2026-09-03T12:39:50.326009
2026-09-03,czwartek,warszawa,Gorzkie święta,Kino Głębocka 66 w Warszawie,20:00,,,regular,2026-09-03T12:39:50.326009
2026-09-03,czwartek,warszawa,Gorzkie święta,Kino Iluzjon - Muzeum Sztuki Filmowej w Warszawie,18:00,,,regular,2026-09-03T12:39:50.326009
2026-09-03,czwartek,warszawa,Gorzkie święta,Kino Luna w Warszawie,17:10,,,regular,2026-09-03T12:39:50.326009
2026-09-03,czwartek,warszawa,Gorzkie święta,Kino Muranów w Warszawie,17:00,,,regular,2026-09-03T12:39:50.326009
2026-09-03,czwartek,warszawa,Gorzkie święta,Kino Muranów w Warszawie,19:30,,,regular,2026-09-03T12:39:50.326009
2026-09-03,czwartek,warszawa,Gorzkie święta,Kino Muranów w Warszawie,21:35,,,regular,2026-09-03T12:39:50.326009
2026-09-03,czwartek,warszawa,Gorzkie święta,Kino na Boku - Białołęcki Ośrodek Kultury w Warszawie,12:00,,,regular,2026-09-03T12:39:50.326009
2026-09-03,czwartek,warszawa,Gorzkie święta,Kino na Boku - Białołęcki Ośrodek Kultury w Warszawie,19:45,,,regular,2026-09-03T12:39:50.326009
2026-09-03,czwartek,warszawa,Gorzkie święta,Kino Praha w Warszawie,20:45,,,regular,2026-09-03T12:39:50.326009
2026-09-03,czwartek,warszawa,Gorzkie święta,KinoGram w Warszawie,20:30,,,regular,2026-09-03T12:39:50.326009
2026-09-03,czwartek,warszawa,Gorzkie święta,Kinokawiarnia Stacja Falenica w Warszawie,13:30,,,regular,2026-09-03T12:39:50.326009
2026-09-03,czwartek,warszawa,Gorzkie święta,Kinomuzeum w Muzeum Sztuki Nowoczesnej w Warszawie,17:00,,,regular,2026-09-03T12:39:50.326009
2026-09-03,czwartek,warszawa,Gorzkie święta,Kinoteka w Warszawie,11:30,,,regular,2026-09-03T12:39:50.326009
2026-09-03,czwartek,warszawa,Gorzkie święta,Kinoteka w Warszawie,18:15,,,regular,2026-09-03T12:39:50.326009
2026-09-03,czwartek,warszawa,Gorzkie święta,Multikino Młociny,20:25,,,regular,2026-09-03T12:39:50.326009
2026-09-03,czwartek,warszawa,Gorzkie święta,Multikino Targówek,18:15,,,regular,2026-09-03T12:39:50.326009
2026-09-03,czwartek,warszawa,Gorzkie święta,Multikino Targówek,20:50,,,regular,2026-09-03T12:39:50.326009
2026-09-03,czwartek,warszawa,Gorzkie święta,U–jazdowski kino,20:00,,,regular,2026-09-03T12:39:50.326009
2026-09-03,czwartek,warszawa,Gwiazdozbiór Psa,Cinema City Warszawa Arkadia,11:00,,,regular,2026-09-03T12:39:50.326009
2026-09-03,czwartek,warszawa,Gwiazdozbiór Psa,Cinema City Warszawa Arkadia,11:50,,,regular,2026-09-03T12:39:50.326009
2026-09-03,czwartek,warszawa,Gwiazdozbiór Psa,Cinema City Warszawa Arkadia,13:40,,,regular,2026-09-03T12:39:50.326009
2026-09-03,czwartek,warszawa,Gwiazdozbiór Psa,Cinema City Warszawa Arkadia,14:10,,,regular,2026-09-03T12:39:50.326009
2026-09-03,czwartek,warszawa,Gwiazdozbiór Psa,Cinema City Warszawa Arkadia,14:40,,,regular,2026-09-03T12:39:50.326009
2026-09-03,czwartek,warszawa,Gwiazdozbiór Psa,Cinema City Warszawa Arkadia,16:20,,,regular,2026-09-03T12:39:50.326009
2026-09-03,czwartek,warszawa,Gwiazdozbiór Psa,Cinema City Warszawa Arkadia,19:00,,,regular,2026-09-03T12:39:50.326009
2026-09-03,czwartek,warszawa,Gwiazdozbiór Psa,Cinema City Warszawa Arkadia,19:50,,,regular,2026-09-03T12:39:50.326009
2026-09-03,czwartek,warszawa,Gwiazdozbiór Psa,Cinema City Warszawa Arkadia,21:40,,,regular,2026-09-03T12:39:50.326009
2026-09-03,czwartek,warszawa,Gwiazdozbiór Psa,Cinema City Warszawa Bemowo,11:00,,,regular,2026-09-03T12:39:50.326009
2026-09-03,czwartek,warszawa,Gwiazdozbiór Psa,Cinema City Warszawa Bemowo,13:40,,,regular,2026-09-03T12:39:50.326009
2026-09-03,czwartek,warszawa,Gwiazdozbiór Psa,Cinema City Warszawa Bemowo,16:20,,,regular,2026-09-03T12:39:50.326009
2026-09-03,czwartek,warszawa,Gwiazdozbiór Psa,Cinema City Warszawa Bemowo,19:00,,,regular,2026-09-03T12:39:50.326009
2026-09-03,czwartek,warszawa,Gwiazdozbiór Psa,Cinema City Warszawa Bemowo,21:40,,,regular,2026-09-03T12:39:50.326009
2026-09-03,czwartek,warszawa,Gwiazdozbiór Psa,Cinema City Warszawa Galeria Mokotów,11:50,,,regular,2026-09-03T12:39:50.326009
2026-09-03,czwartek,warszawa,Gwiazdozbiór Psa,Cinema City Warszawa Galeria Mokotów,14:30,,,regular,2026-09-03T12:39:50.326009
2026-09-03,czwartek,warszawa,Gwiazdozbiór Psa,Cinema City Warszawa Galeria Mokotów,16:20,,,regular,2026-09-03T12:39:50.326009
2026-09-03,czwartek,warszawa,Gwiazdozbiór Psa,Cinema City Warszawa Galeria Mokotów,17:10,,,regular,2026-09-03T12:39:50.326009
2026-09-03,czwartek,warszawa,Gwiazdozbiór Psa,Cinema City Warszawa Galeria Mokotów,19:00,,,regular,2026-09-03T12:39:50.326009
2026-09-03,czwartek,warszawa,Gwiazdozbiór Psa,Cinema City Warszawa Galeria Mokotów,19:30,,,regular,2026-09-03T12:39:50.326009
2026-09-03,czwartek,warszawa,Gwiazdozbiór Psa,Cinema City Warszawa Galeria Mokotów,19:50,,,regular,2026-09-03T12:39:50.326009
2026-09-03,czwartek,warszawa,Gwiazdozbiór Psa,Cinema City Warszawa Galeria Mokotów,21:40,,,regular,2026-09-03T12:39:50.326009
2026-09-03,czwartek,warszawa,Gwiazdozbiór Psa,Cinema City Warszawa Galeria Mokotów,22:10,,,regular,2026-09-03T12:39:50.326009
2026-09-03,czwartek,warszawa,Gwiazdozbiór Psa,Cinema City Warszawa Galeria Mokotów,22:30,,,regular,2026-09-03T12:39:50.326009
2026-09-03,czwartek,warszawa,Gwiazdozbiór Psa,Cinema City Warszawa Galeria Północna,11:00,,,regular,2026-09-03T12:39:50.326009
2026-09-03,czwartek,warszawa,Gwiazdozbiór Psa,Cinema City Warszawa Galeria Północna,13:40,,,regular,2026-09-03T12:39:50.326009
2026-09-03,czwartek,warszawa,Gwiazdozbiór Psa,Cinema City Warszawa Galeria Północna,16:20,,,regular,2026-09-03T12:39:50.326009
2026-09-03,czwartek,warszawa,Gwiazdozbiór Psa,Cinema City Warszawa Galeria Północna,19:00,,,regular,2026-09-03T12:39:50.326009
2026-09-03,czwartek,warszawa,Gwiazdozbiór Psa,Cinema City Warszawa Galeria Północna,21:40,,,regular,2026-09-03T12:39:50.326009
2026-09-03,czwartek,warszawa,Gwiazdozbiór Psa,Cinema City Warszawa Promenada,11:50,,,regular,2026-09-03T12:39:50.326009
2026-09-03,czwartek,warszawa,Gwiazdozbiór Psa,Cinema City Warszawa Promenada,14:30,,,regular,2026-09-03T12:39:50.326009
2026-09-03,czwartek,warszawa,Gwiazdozbiór Psa,Cinema City Warszawa Promenada,17:10,,,regular,2026-09-03T12:39:50.326009
2026-09-03,czwartek,warszawa,Gwiazdozbiór Psa,Cinema City Warszawa Promenada,18:20,,,regular,2026-09-03T12:39:50.326009
2026-09-03,czwartek,warszawa,Gwiazdozbiór Psa,Cinema City Warszawa Promenada,19:50,,,regular,2026-09-03T12:39:50.326009
2026-09-03,czwartek,warszawa,Gwiazdozbiór Psa,Cinema City Warszawa Promenada,21:00,,,regular,2026-09-03T12:39:50.326009
2026-09-03,czwartek,warszawa,Gwiazdozbiór Psa,Cinema City Warszawa Promenada,22:30,,,regular,2026-09-03T12:39:50.326009
2026-09-03,czwartek,warszawa,Gwiazdozbiór Psa,Cinema City Warszawa Sadyba,11:30,,,regular,2026-09-03T12:39:50.326009
2026-09-03,czwartek,warszawa,Gwiazdozbiór Psa,Cinema City Warszawa Sadyba,14:10,,,regular,2026-09-03T12:39:50.326009
2026-09-03,czwartek,warszawa,Gwiazdozbiór Psa,Cinema City Warszawa Sadyba,16:50,,,regular,2026-09-03T12:39:50.326009
2026-09-03,czwartek,warszawa,Gwiazdozbiór Psa,Cinema City Warszawa Sadyba,19:30,,,regular,2026-09-03T12:39:50.326009
2026-09-03,czwartek,warszawa,Gwiazdozbiór Psa,Cinema City Warszawa Sadyba,22:00,,,regular,2026-09-03T12:39:50.326009
2026-09-03,czwartek,warszawa,Gwiazdozbiór Psa,Cinema City Warszawa Sadyba IMAX,12:30,,,regular,2026-09-03T12:39:50.326009
2026-09-03,czwartek,warszawa,Gwiazdozbiór Psa,Cinema City Warszawa Sadyba IMAX,19:00,,,regular,2026-09-03T12:39:50.326009
2026-09-03,czwartek,warszawa,Gwiazdozbiór Psa,Cinema City Warszawa Sadyba IMAX,21:40,,,regular,2026-09-03T12:39:50.326009
2026-09-03,czwartek,warszawa,Gwiazdozbiór Psa,Helios Warszawa Blue City,11:45,,,regular,2026-09-03T12:39:50.326009
2026-09-03,czwartek,warszawa,Gwiazdozbiór Psa,Helios Warszawa Blue City,18:30,,,regular,2026-09-03T12:39:50.326009
2026-09-03,czwartek,warszawa,Gwiazdozbiór Psa,Helios Warszawa Blue City,20:00,,,regular,2026-09-03T12:39:50.326009
2026-09-03,czwartek,warszawa,Gwiazdozbiór Psa,KinoGram w Warszawie,18:00,,,regular,2026-09-03T12:39:50.326009
2026-09-03,czwartek,warszawa,Gwiazdozbiór Psa,Kinokawiarnia Stacja Falenica w Warszawie,20:15,,,regular,2026-09-03T12:39:50.326009
2026-09-03,czwartek,warszawa,Gwiazdozbiór Psa,Kinoteka w Warszawie,13:15,,,regular,2026-09-03T12:39:50.326009
2026-09-03,czwartek,warszawa,Gwiazdozbiór Psa,Kinoteka w Warszawie,15:45,,,regular,2026-09-03T12:39:50.326009
2026-09-03,czwartek,warszawa,Gwiazdozbiór Psa,Kinoteka w Warszawie,18:00,,,regular,2026-09-03T12:39:50.326009
2026-09-03,czwartek,warszawa,Gwiazdozbiór Psa,Multikino Atrium Reduta w Warszawie,20:00,,,regular,2026-09-03T12:39:50.326009
2026-09-03,czwartek,warszawa,Gwiazdozbiór Psa,Multikino Młociny,17:30,,,regular,2026-09-03T12:39:50.326009
2026-09-03,czwartek,warszawa,Gwiazdozbiór Psa,Multikino Młociny,20:15,,,regular,2026-09-03T12:39:50.326009
2026-09-03,czwartek,warszawa,Gwiazdozbiór Psa,Multikino Targówek,14:45,,,regular,2026-09-03T12:39:50.326009
2026-09-03,czwartek,warszawa,Gwiazdozbiór Psa,Multikino Targówek,17:30,,,regular,2026-09-03T12:39:50.326009
2026-09-03,czwartek,warszawa,Gwiazdozbiór Psa,Multikino Targówek,20:15,,,regular,2026-09-03T12:39:50.326009
2026-09-03,czwartek,warszawa,Gwiazdozbiór Psa,Multikino Wola,20:00,,,regular,2026-09-03T12:39:50.326009
2026-09-03,czwartek,warszawa,Gwiazdozbiór Psa,Multikino Złote Tarasy,17:30,,,regular,2026-09-03T12:39:50.326009
2026-09-03,czwartek,warszawa,Gwiazdozbiór Psa,Multikino Złote Tarasy,20:15,,,regular,2026-09-03T12:39:50.326009
2026-09-03,czwartek,warszawa,Harry Potter i Insygnia Śmierci cz. 1,Kinoteka w Warszawie,17:30,,,regular,2026-09-03T12:39:50.326009
2026-09-03,czwartek,warszawa,Harry Potter i Insygnia Śmierci cz. 2 (dubbing),Kinoteka w Warszawie,20:15,,dubbing,regular,2026-09-03T12:39:50.326009
2026-09-03,czwartek,warszawa,Harry Potter i Insygnia Śmierci cz. 2 (dubbing),Multikino Atrium Reduta w Warszawie,17:15,,dubbing,regular,2026-09-03T12:39:50.326009
2026-09-03,czwartek,warszawa,Harry Potter i Insygnia Śmierci cz. 2 (dubbing),Multikino Młociny,17:15,,dubbing,regular,2026-09-03T12:39:50.326009
2026-09-03,czwartek,warszawa,Harry Potter i Insygnia Śmierci cz. 2 (dubbing),Multikino Targówek,17:15,,dubbing,regular,2026-09-03T12:39:50.326009
2026-09-03,czwartek,warszawa,Harry Potter i Insygnia Śmierci cz. 2 (dubbing),Multikino Wola,17:15,,dubbing,regular,2026-09-03T12:39:50.326009
2026-09-03,czwartek,warszawa,Harry Potter i Insygnia Śmierci cz. 2 (dubbing),Multikino Złote Tarasy,17:15,,dubbing,regular,2026-09-03T12:39:50.326009
2026-09-03,czwartek,warszawa,Harry Potter i Kamień Filozoficzny (dubbing),Cinema City Warszawa Arkadia,17:30,,dubbing,regular,2026-09-03T12:39:50.326009
2026-09-03,czwartek,warszawa,Harry Potter i Kamień Filozoficzny (dubbing),Cinema City Warszawa Bemowo,17:00,,dubbing,regular,2026-09-03T12:39:50.326009
2026-09-03,czwartek,warszawa,Harry Potter i Kamień Filozoficzny (dubbing),Cinema City Warszawa Galeria Mokotów,16:40,,dubbing,regular,2026-09-03T12:39:50.326009
2026-09-03,czwartek,warszawa,Harry Potter i Kamień Filozoficzny (dubbing),Cinema City Warszawa Galeria Północna,17:00,,dubbing,regular,2026-09-03T12:39:50.326009
2026-09-03,czwartek,warszawa,Harry Potter i Kamień Filozoficzny (dubbing),Cinema City Warszawa Promenada,16:30,,dubbing,regular,2026-09-03T12:39:50.326009
2026-09-03,czwartek,warszawa,Harry Potter i Kamień Filozoficzny (dubbing),Cinema City Warszawa Sadyba,18:00,,dubbing,regular,2026-09-03T12:39:50.326009
2026-09-03,czwartek,warszawa,Harry Potter i Kamień Filozoficzny (dubbing),Kinoteka w Warszawie,16:00,,dubbing,regular,2026-09-03T12:39:50.326009
2026-09-03,czwartek,warszawa,Harry Potter i Kamień Filozoficzny (dubbing),Multikino Atrium Reduta w Warszawie,14:00,,dubbing,regular,2026-09-03T12:39:50.326009
2026-09-03,czwartek,warszawa,Harry Potter i Kamień Filozoficzny (dubbing),Multikino Młociny,14:00,,dubbing,regular,2026-09-03T12:39:50.326009
2026-09-03,czwartek,warszawa,Harry Potter i Kamień Filozoficzny (dubbing),Multikino Targówek,14:00,,dubbing,regular,2026-09-03T12:39:50.326009
2026-09-03,czwartek,warszawa,Harry Potter i Kamień Filozoficzny (dubbing),Multikino Wola,14:00,,dubbing,regular,2026-09-03T12:39:50.326009
2026-09-03,czwartek,warszawa,Harry Potter i Kamień Filozoficzny (dubbing),Multikino Złote Tarasy,14:00,,dubbing,regular,2026-09-03T12:39:50.326009
2026-09-03,czwartek,warszawa,Historie równoległe,Cinema City Warszawa Galeria Mokotów,13:40,,,regular,2026-09-03T12:39:50.326009
2026-09-03,czwartek,warszawa,Historie równoległe,Kino Luna w Warszawie,12:30,,,regular,2026-09-03T12:39:50.326009
2026-09-03,czwartek,warszawa,Historie równoległe,Kinoteka w Warszawie,15:10,,,regular,2026-09-03T12:39:50.326009
2026-09-03,czwartek,warszawa,Homo sapiens?,Kino Kultura w Warszawie,16:00,,,regular,2026-09-03T12:39:50.326009
2026-09-03,czwartek,warszawa,Julia Pirotte. Piękno i siła,Kino Iluzjon - Muzeum Sztuki Filmowej w Warszawie,16:00,,,regular,2026-09-03T12:39:50.326009
2026-09-03,czwartek,warszawa,Julia Pirotte. Piękno i siła,Kino Muranów w Warszawie,16:45,,,regular,2026-09-03T12:39:50.326009
2026-09-03,czwartek,warszawa,Julia Pirotte. Piękno i siła,NoveKino Wisła w Warszawie,14:00,,,regular,2026-09-03T12:39:50.326009
2026-09-03,czwartek,warszawa,Kandydaci śmierci,Kino Kultura w Warszawie,16:15,,,regular,2026-09-03T12:39:50.326009
2026-09-03,czwartek,warszawa,Kandydaci śmierci,Kinoteka w Warszawie,18:15,,,regular,2026-09-03T12:39:50.326009
2026-09-03,czwartek,warszawa,Koniec Ulicy Dębowej,Cinema City Warszawa Arkadia,13:10,,,regular,2026-09-03T12:39:50.326009
2026-09-03,czwartek,warszawa,Koniec Ulicy Dębowej,Cinema City Warszawa Arkadia,19:40,,,regular,2026-09-03T12:39:50.326009
2026-09-03,czwartek,warszawa,Koniec Ulicy Dębowej,Cinema City Warszawa Arkadia,22:10,,,regular,2026-09-03T12:39:50.326009
2026-09-03,czwartek,warszawa,Koniec Ulicy Dębowej,Cinema City Warszawa Bemowo,11:45,,,regular,2026-09-03T12:39:50.326009
2026-09-03,czwartek,warszawa,Koniec Ulicy Dębowej,Cinema City Warszawa Bemowo,14:15,,,regular,2026-09-03T12:39:50.326009
2026-09-03,czwartek,warszawa,Koniec Ulicy Dębowej,Cinema City Warszawa Bemowo,19:15,,,regular,2026-09-03T12:39:50.326009
2026-09-03,czwartek,warszawa,Koniec Ulicy Dębowej,Cinema City Warszawa Bemowo,21:45,,,regular,2026-09-03T12:39:50.326009
2026-09-03,czwartek,warszawa,Koniec Ulicy Dębowej,Cinema City Warszawa Galeria Mokotów,10:20,,,regular,2026-09-03T12:39:50.326009
2026-09-03,czwartek,warszawa,Koniec Ulicy Dębowej,Cinema City Warszawa Galeria Mokotów,19:30,,,regular,2026-09-03T12:39:50.326009
2026-09-03,czwartek,warszawa,Koniec Ulicy Dębowej,Cinema City Warszawa Galeria Mokotów,22:00,,,regular,2026-09-03T12:39:50.326009
2026-09-03,czwartek,warszawa,Koniec Ulicy Dębowej,Cinema City Warszawa Promenada,13:15,,,regular,2026-09-03T12:39:50.326009
2026-09-03,czwartek,warszawa,Koniec Ulicy Dębowej,Cinema City Warszawa Promenada,18:00,,,regular,2026-09-03T12:39:50.326009
2026-09-03,czwartek,warszawa,Koniec Ulicy Dębowej,Cinema City Warszawa Promenada,20:30,,,regular,2026-09-03T12:39:50.326009
2026-09-03,czwartek,warszawa,Koniec Ulicy Dębowej,Cinema City Warszawa Sadyba,18:40,,,regular,2026-09-03T12:39:50.326009
2026-09-03,czwartek,warszawa,Koniec Ulicy Dębowej,Cinema City Warszawa Sadyba,21:10,,,regular,2026-09-03T12:39:50.326009
2026-09-03,czwartek,warszawa,Koniec Ulicy Dębowej,Helios Warszawa Blue City,13:00,,,regular,2026-09-03T12:39:50.326009
2026-09-03,czwartek,warszawa,Koniec Ulicy Dębowej,Kinoteka w Warszawie,14:15,,,regular,2026-09-03T12:39:50.326009
2026-09-03,czwartek,warszawa,Koniec Ulicy Dębowej,Multikino Młociny,11:10,,,regular,2026-09-03T12:39:50.326009
2026-09-03,czwartek,warszawa,Koniec Ulicy Dębowej,Multikino Targówek,13:20,,,regular,2026-09-03T12:39:50.326009
2026-09-03,czwartek,warszawa,Koniec Ulicy Dębowej,Multikino Złote Tarasy,10:15,,,regular,2026-09-03T12:39:50.326009
2026-09-03,czwartek,warszawa,Księga pustyni,Helios Warszawa Blue City,10:30,,,regular,2026-09-03T12:39:50.326009
2026-09-03,czwartek,warszawa,Księga pustyni,Helios Warszawa Blue City,14:30,,,regular,2026-09-03T12:39:50.326009
2026-09-03,czwartek,warszawa,Księga pustyni,Kinokawiarnia Stacja Falenica w Warszawie,16:00,,,regular,2026-09-03T12:39:50.326009
2026-09-03,czwartek,warszawa,Księga pustyni (dubbing),Cinema City Warszawa Arkadia,10:30,,dubbing,regular,2026-09-03T12:39:50.326009
2026-09-03,czwartek,warszawa,Księga pustyni (dubbing),Cinema City Warszawa Arkadia,12:40,,dubbing,regular,2026-09-03T12:39:50.326009
2026-09-03,czwartek,warszawa,Księga pustyni (dubbing),Cinema City Warszawa Arkadia,14:50,,dubbing,regular,2026-09-03T12:39:50.326009
2026-09-03,czwartek,warszawa,Księga pustyni (dubbing),Cinema City Warszawa Bemowo,11:30,,dubbing,regular,2026-09-03T12:39:50.326009
2026-09-03,czwartek,warszawa,Księga pustyni (dubbing),Cinema City Warszawa Bemowo,13:15,,dubbing,regular,2026-09-03T12:39:50.326009
2026-09-03,czwartek,warszawa,Księga pustyni (dubbing),Cinema City Warszawa Bemowo,15:30,,dubbing,regular,2026-09-03T12:39:50.326009
2026-09-03,czwartek,warszawa,Księga pustyni (dubbing),Cinema City Warszawa Galeria Mokotów,10:00,,dubbing,regular,2026-09-03T12:39:50.326009
2026-09-03,czwartek,warszawa,Księga pustyni (dubbing),Cinema City Warszawa Galeria Mokotów,11:30,,dubbing,regular,2026-09-03T12:39:50.326009
2026-09-03,czwartek,warszawa,Księga pustyni (dubbing),Cinema City Warszawa Galeria Mokotów,12:15,,dubbing,regular,2026-09-03T12:39:50.326009
2026-09-03,czwartek,warszawa,Księga pustyni (dubbing),Cinema City Warszawa Galeria Mokotów,16:10,,dubbing,regular,2026-09-03T12:39:50.326009
2026-09-03,czwartek,warszawa,Księga pustyni (dubbing),Cinema City Warszawa Galeria Północna,11:20,,dubbing,regular,2026-09-03T12:39:50.326009
2026-09-03,czwartek,warszawa,Księga pustyni (dubbing),Cinema City Warszawa Galeria Północna,13:30,,dubbing,regular,2026-09-03T12:39:50.326009
2026-09-03,czwartek,warszawa,Księga pustyni (dubbing),Cinema City Warszawa Galeria Północna,15:50,,dubbing,regular,2026-09-03T12:39:50.326009
2026-09-03,czwartek,warszawa,Księga pustyni (dubbing),Cinema City Warszawa Promenada,10:15,,dubbing,regular,2026-09-03T12:39:50.326009
2026-09-03,czwartek,warszawa,Księga pustyni (dubbing),Cinema City Warszawa Promenada,11:45,,dubbing,regular,2026-09-03T12:39:50.326009
2026-09-03,czwartek,warszawa,Księga pustyni (dubbing),Cinema City Warszawa Promenada,14:00,,dubbing,regular,2026-09-03T12:39:50.326009
2026-09-03,czwartek,warszawa,Księga pustyni (dubbing),Cinema City Warszawa Promenada,16:00,,dubbing,regular,2026-09-03T12:39:50.326009
2026-09-03,czwartek,warszawa,Księga pustyni (dubbing),Cinema City Warszawa Sadyba,11:00,,dubbing,regular,2026-09-03T12:39:50.326009
2026-09-03,czwartek,warszawa,Księga pustyni (dubbing),Cinema City Warszawa Sadyba,12:20,,dubbing,regular,2026-09-03T12:39:50.326009
2026-09-03,czwartek,warszawa,Księga pustyni (dubbing),Cinema City Warszawa Sadyba,14:40,,dubbing,regular,2026-09-03T12:39:50.326009
2026-09-03,czwartek,warszawa,Księga pustyni (dubbing),Kino Głębocka 66 w Warszawie,14:00,,dubbing,regular,2026-09-03T12:39:50.326009
2026-09-03,czwartek,warszawa,Księga pustyni (dubbing),Kino Głębocka 66 w Warszawie,16:00,,dubbing,regular,2026-09-03T12:39:50.326009
2026-09-03,czwartek,warszawa,Księga pustyni (dubbing),Kino na Boku - Białołęcki Ośrodek Kultury w Warszawie,15:15,,dubbing,regular,2026-09-03T12:39:50.326009
2026-09-03,czwartek,warszawa,Księga pustyni (dubbing),Multikino Atrium Reduta w Warszawie,12:20,,dubbing,regular,2026-09-03T12:39:50.326009
2026-09-03,czwartek,warszawa,Księga pustyni (dubbing),Multikino Młociny,10:00,,dubbing,regular,2026-09-03T12:39:50.326009
2026-09-03,czwartek,warszawa,Księga pustyni (dubbing),Multikino Młociny,13:45,,dubbing,regular,2026-09-03T12:39:50.326009
2026-09-03,czwartek,warszawa,Księga pustyni (dubbing),Multikino Młociny,16:00,,dubbing,regular,2026-09-03T12:39:50.326009
2026-09-03,czwartek,warszawa,Księga pustyni (dubbing),Multikino Targówek,10:00,,dubbing,regular,2026-09-03T12:39:50.326009
2026-09-03,czwartek,warszawa,Księga pustyni (dubbing),Multikino Targówek,13:55,,dubbing,regular,2026-09-03T12:39:50.326009
2026-09-03,czwartek,warszawa,Księga pustyni (dubbing),Multikino Targówek,16:00,,dubbing,regular,2026-09-03T12:39:50.326009
2026-09-03,czwartek,warszawa,Księga pustyni (dubbing),Multikino Wola,12:05,,dubbing,regular,2026-09-03T12:39:50.326009
2026-09-03,czwartek,warszawa,Księga pustyni (dubbing),Multikino Złote Tarasy,10:40,,dubbing,regular,2026-09-03T12:39:50.326009
2026-09-03,czwartek,warszawa,Księga pustyni (dubbing),Multikino Złote Tarasy,12:45,,dubbing,regular,2026-09-03T12:39:50.326009
2026-09-03,czwartek,warszawa,Księżniczka Mononoke,Kino Muranów w Warszawie,18:00,,,regular,2026-09-03T12:39:50.326009
2026-09-03,czwartek,warszawa,Matador,Kino Muranów w Warszawie,22:35,,,regular,2026-09-03T12:39:50.326009
2026-09-03,czwartek,warszawa,Meltdown,Kinoteka w Warszawie,19:00,,,regular,2026-09-03T12:39:50.326009
2026-09-03,czwartek,warszawa,"Miłość, śmierć i dojrzewanie na Obozie Miasma",Kino Elektronik w Warszawie,18:15,,,regular,2026-09-03T12:39:50.326009
2026-09-03,czwartek,warszawa,"Miłość, śmierć i dojrzewanie na Obozie Miasma",Kinomuzeum w Muzeum Sztuki Nowoczesnej w Warszawie,19:30,,,regular,2026-09-03T12:39:50.326009
2026-09-03,czwartek,warszawa,Minionki i straszydła (dubbing),Cinema City Warszawa Arkadia,10:40,,dubbing,regular,2026-09-03T12:39:50.326009
2026-09-03,czwartek,warszawa,Minionki i straszydła (dubbing),Cinema City Warszawa Bemowo,11:10,,dubbing,regular,2026-09-03T12:39:50.326009
2026-09-03,czwartek,warszawa,Minionki i straszydła (dubbing),Cinema City Warszawa Bemowo,14:10,,dubbing,regular,2026-09-03T12:39:50.326009
2026-09-03,czwartek,warszawa,Minionki i straszydła (dubbing),Cinema City Warszawa Galeria Mokotów,11:50,,dubbing,regular,2026-09-03T12:39:50.326009
2026-09-03,czwartek,warszawa,Minionki i straszydła (dubbing),Cinema City Warszawa Galeria Mokotów,14:00,,dubbing,regular,2026-09-03T12:39:50.326009
2026-09-03,czwartek,warszawa,Minionki i straszydła (dubbing),Cinema City Warszawa Galeria Północna,11:20,,dubbing,regular,2026-09-03T12:39:50.326009
2026-09-03,czwartek,warszawa,Minionki i straszydła (dubbing),Cinema City Warszawa Galeria Północna,13:30,,dubbing,regular,2026-09-03T12:39:50.326009
2026-09-03,czwartek,warszawa,Minionki i straszydła (dubbing),Cinema City Warszawa Galeria Północna,15:40,,dubbing,regular,2026-09-03T12:39:50.326009
2026-09-03,czwartek,warszawa,Minionki i straszydła (dubbing),Cinema City Warszawa Promenada,11:00,,dubbing,regular,2026-09-03T12:39:50.326009
2026-09-03,czwartek,warszawa,Minionki i straszydła (dubbing),Cinema City Warszawa Promenada,13:00,,dubbing,regular,2026-09-03T12:39:50.326009
2026-09-03,czwartek,warszawa,Minionki i straszydła (dubbing),Cinema City Warszawa Promenada,15:10,,dubbing,regular,2026-09-03T12:39:50.326009
2026-09-03,czwartek,warszawa,Minionki i straszydła (dubbing),Cinema City Warszawa Sadyba,11:00,,dubbing,regular,2026-09-03T12:39:50.326009
2026-09-03,czwartek,warszawa,Minionki i straszydła (dubbing),Cinema City Warszawa Sadyba,13:20,,dubbing,regular,2026-09-03T12:39:50.326009
2026-09-03,czwartek,warszawa,Minionki i straszydła (dubbing),Cinema City Warszawa Sadyba,14:20,,dubbing,regular,2026-09-03T12:39:50.326009
2026-09-03,czwartek,warszawa,Minionki i straszydła (dubbing),Cinema City Warszawa Sadyba,21:20,,dubbing,regular,2026-09-03T12:39:50.326009
2026-09-03,czwartek,warszawa,Minionki i straszydła (dubbing),Helios Warszawa Blue City,10:50,,dubbing,regular,2026-09-03T12:39:50.326009
2026-09-03,czwartek,warszawa,Minionki i straszydła (dubbing),Multikino Atrium Reduta w Warszawie,10:10,,dubbing,regular,2026-09-03T12:39:50.326009
2026-09-03,czwartek,warszawa,Minionki i straszydła (dubbing),Multikino Młociny,10:05,,dubbing,regular,2026-09-03T12:39:50.326009
2026-09-03,czwartek,warszawa,Minionki i straszydła (dubbing),Multikino Młociny,12:10,,dubbing,regular,2026-09-03T12:39:50.326009
2026-09-03,czwartek,warszawa,Minionki i straszydła (dubbing),Multikino Młociny,14:10,,dubbing,regular,2026-09-03T12:39:50.326009
2026-09-03,czwartek,warszawa,Minionki i straszydła (dubbing),Multikino Targówek,10:00,,dubbing,regular,2026-09-03T12:39:50.326009
2026-09-03,czwartek,warszawa,Minionki i straszydła (dubbing),Multikino Targówek,12:15,,dubbing,regular,2026-09-03T12:39:50.326009
2026-09-03,czwartek,warszawa,Minionki i straszydła (dubbing),Multikino Targówek,14:20,,dubbing,regular,2026-09-03T12:39:50.326009
2026-09-03,czwartek,warszawa,Minionki i straszydła (dubbing),Multikino Targówek,16:25,,dubbing,regular,2026-09-03T12:39:50.326009
2026-09-03,czwartek,warszawa,Minionki i straszydła (dubbing),Multikino Wola,10:00,,dubbing,regular,2026-09-03T12:39:50.326009
2026-09-03,czwartek,warszawa,Minionki i straszydła (dubbing),Multikino Złote Tarasy,10:30,,dubbing,regular,2026-09-03T12:39:50.326009
2026-09-03,czwartek,warszawa,Naznaczony: Wyjście z mrocznego wymiaru,Cinema City Warszawa Arkadia,17:00,,,regular,2026-09-03T12:39:50.326009
2026-09-03,czwartek,warszawa,Naznaczony: Wyjście z mrocznego wymiaru,Cinema City Warszawa Arkadia,19:30,,,regular,2026-09-03T12:39:50.326009
2026-09-03,czwartek,warszawa,Naznaczony: Wyjście z mrocznego wymiaru,Cinema City Warszawa Arkadia,22:00,,,regular,2026-09-03T12:39:50.326009
2026-09-03,czwartek,warszawa,Naznaczony: Wyjście z mrocznego wymiaru,Cinema City Warszawa Arkadia,22:30,,,regular,2026-09-03T12:39:50.326009
2026-09-03,czwartek,warszawa,Naznaczony: Wyjście z mrocznego wymiaru,Cinema City Warszawa Bemowo,17:45,,,regular,2026-09-03T12:39:50.326009
2026-09-03,czwartek,warszawa,Naznaczony: Wyjście z mrocznego wymiaru,Cinema City Warszawa Bemowo,20:10,,,regular,2026-09-03T12:39:50.326009
2026-09-03,czwartek,warszawa,Naznaczony: Wyjście z mrocznego wymiaru,Cinema City Warszawa Galeria Mokotów,13:00,,,regular,2026-09-03T12:39:50.326009
2026-09-03,czwartek,warszawa,Naznaczony: Wyjście z mrocznego wymiaru,Cinema City Warszawa Galeria Mokotów,15:30,,,regular,2026-09-03T12:39:50.326009
2026-09-03,czwartek,warszawa,Naznaczony: Wyjście z mrocznego wymiaru,Cinema City Warszawa Galeria Mokotów,21:50,,,regular,2026-09-03T12:39:50.326009
2026-09-03,czwartek,warszawa,Naznaczony: Wyjście z mrocznego wymiaru,Cinema City Warszawa Galeria Północna,12:00,,,regular,2026-09-03T12:39:50.326009
2026-09-03,czwartek,warszawa,Naznaczony: Wyjście z mrocznego wymiaru,Cinema City Warszawa Galeria Północna,14:30,,,regular,2026-09-03T12:39:50.326009
2026-09-03,czwartek,warszawa,Naznaczony: Wyjście z mrocznego wymiaru,Cinema City Warszawa Galeria Północna,20:20,,,regular,2026-09-03T12:39:50.326009
2026-09-03,czwartek,warszawa,Naznaczony: Wyjście z mrocznego wymiaru,Cinema City Warszawa Promenada,18:40,,,regular,2026-09-03T12:39:50.326009
2026-09-03,czwartek,warszawa,Naznaczony: Wyjście z mrocznego wymiaru,Cinema City Warszawa Promenada,21:10,,,regular,2026-09-03T12:39:50.326009
2026-09-03,czwartek,warszawa,Naznaczony: Wyjście z mrocznego wymiaru,Cinema City Warszawa Promenada,22:10,,,regular,2026-09-03T12:39:50.326009
2026-09-03,czwartek,warszawa,Naznaczony: Wyjście z mrocznego wymiaru,Cinema City Warszawa Sadyba,13:10,,,regular,2026-09-03T12:39:50.326009
2026-09-03,czwartek,warszawa,Naznaczony: Wyjście z mrocznego wymiaru,Cinema City Warszawa Sadyba,15:30,,,regular,2026-09-03T12:39:50.326009
2026-09-03,czwartek,warszawa,Naznaczony: Wyjście z mrocznego wymiaru,Cinema City Warszawa Sadyba,18:00,,,regular,2026-09-03T12:39:50.326009
2026-09-03,czwartek,warszawa,Naznaczony: Wyjście z mrocznego wymiaru,Cinema City Warszawa Sadyba,20:30,,,regular,2026-09-03T12:39:50.326009
2026-09-03,czwartek,warszawa,Naznaczony: Wyjście z mrocznego wymiaru,Cinema City Warszawa Sadyba,21:30,,,regular,2026-09-03T12:39:50.326009
2026-09-03,czwartek,warszawa,Naznaczony: Wyjście z mrocznego wymiaru,Cinema City Warszawa Sadyba,22:00,,,regular,2026-09-03T12:39:50.326009
2026-09-03,czwartek,warszawa,Naznaczony: Wyjście z mrocznego wymiaru,Helios Warszawa Blue City,17:45,,,regular,2026-09-03T12:39:50.326009
2026-09-03,czwartek,warszawa,Naznaczony: Wyjście z mrocznego wymiaru,Helios Warszawa Blue City,21:00,,,regular,2026-09-03T12:39:50.326009
2026-09-03,czwartek,warszawa,Naznaczony: Wyjście z mrocznego wymiaru,Multikino Atrium Reduta w Warszawie,16:10,,,regular,2026-09-03T12:39:50.326009
2026-09-03,czwartek,warszawa,Naznaczony: Wyjście z mrocznego wymiaru,Multikino Atrium Reduta w Warszawie,20:35,,,regular,2026-09-03T12:39:50.326009
2026-09-03,czwartek,warszawa,Naznaczony: Wyjście z mrocznego wymiaru,Multikino Młociny,13:20,,,regular,2026-09-03T12:39:50.326009
2026-09-03,czwartek,warszawa,Naznaczony: Wyjście z mrocznego wymiaru,Multikino Młociny,18:35,,,regular,2026-09-03T12:39:50.326009
2026-09-03,czwartek,warszawa,Naznaczony: Wyjście z mrocznego wymiaru,Multikino Młociny,20:35,,,regular,2026-09-03T12:39:50.326009
2026-09-03,czwartek,warszawa,Naznaczony: Wyjście z mrocznego wymiaru,Multikino Targówek,12:20,,,regular,2026-09-03T12:39:50.326009
2026-09-03,czwartek,warszawa,Naznaczony: Wyjście z mrocznego wymiaru,Multikino Targówek,16:10,,,regular,2026-09-03T12:39:50.326009
2026-09-03,czwartek,warszawa,Naznaczony: Wyjście z mrocznego wymiaru,Multikino Targówek,18:35,,,regular,2026-09-03T12:39:50.326009
2026-09-03,czwartek,warszawa,Naznaczony: Wyjście z mrocznego wymiaru,Multikino Targówek,21:00,,,regular,2026-09-03T12:39:50.326009
2026-09-03,czwartek,warszawa,Naznaczony: Wyjście z mrocznego wymiaru,Multikino Wola,16:10,,,regular,2026-09-03T12:39:50.326009
2026-09-03,czwartek,warszawa,Naznaczony: Wyjście z mrocznego wymiaru,Multikino Wola,20:35,,,regular,2026-09-03T12:39:50.326009
2026-09-03,czwartek,warszawa,Naznaczony: Wyjście z mrocznego wymiaru,Multikino Złote Tarasy,15:25,,,regular,2026-09-03T12:39:50.326009
2026-09-03,czwartek,warszawa,Naznaczony: Wyjście z mrocznego wymiaru,Multikino Złote Tarasy,18:50,,,regular,2026-09-03T12:39:50.326009
2026-09-03,czwartek,warszawa,Naznaczony: Wyjście z mrocznego wymiaru,Multikino Złote Tarasy,21:30,,,regular,2026-09-03T12:39:50.326009
2026-09-03,czwartek,warszawa,Nie patrz w dół 2,Cinema City Warszawa Arkadia,19:50,,,regular,2026-09-03T12:39:50.326009
2026-09-03,czwartek,warszawa,Nie patrz w dół 2,Cinema City Warszawa Bemowo,18:45,,,regular,2026-09-03T12:39:50.326009
2026-09-03,czwartek,warszawa,Nie patrz w dół 2,Cinema City Warszawa Galeria Mokotów,18:40,,,regular,2026-09-03T12:39:50.326009
2026-09-03,czwartek,warszawa,Nie patrz w dół 2,Cinema City Warszawa Galeria Północna,17:50,,,regular,2026-09-03T12:39:50.326009
2026-09-03,czwartek,warszawa,Nie patrz w dół 2,Cinema City Warszawa Promenada,20:20,,,regular,2026-09-03T12:39:50.326009
2026-09-03,czwartek,warszawa,Nie patrz w dół 2,Cinema City Warszawa Sadyba,19:45,,,regular,2026-09-03T12:39:50.326009
2026-09-03,czwartek,warszawa,Niesamowite przygody skarpetek 3. Ale kosmos!,Cinema City Warszawa Promenada,10:30,,,regular,2026-09-03T12:39:50.326009
2026-09-03,czwartek,warszawa,Nowa fala,Kino Elektronik w Warszawie,19:45,,,regular,2026-09-03T12:39:50.326009
2026-09-03,czwartek,warszawa,Nowa fala,Kino Luna w Warszawie,15:10,,,regular,2026-09-03T12:39:50.326009
2026-09-03,czwartek,warszawa,Nowa fala,Kino Praha w Warszawie,16:00,,,regular,2026-09-03T12:39:50.326009
2026-09-03,czwartek,warszawa,Nowa fala,Kino Świt w Warszawie,17:00,,,regular,2026-09-03T12:39:50.326009
2026-09-03,czwartek,warszawa,Nowa fala,Kinokawiarnia Stacja Falenica w Warszawie,13:00,,,regular,2026-09-03T12:39:50.326009
2026-09-03,czwartek,warszawa,Nowa fala,Multikino Atrium Reduta w Warszawie,20:00,,,regular,2026-09-03T12:39:50.326009
2026-09-03,czwartek,warszawa,Nowa fala,Multikino Młociny,20:00,,,regular,2026-09-03T12:39:50.326009
2026-09-03,czwartek,warszawa,Nowa fala,Multikino Targówek,20:00,,,regular,2026-09-03T12:39:50.326009
2026-09-03,czwartek,warszawa,Nowa fala,Multikino Wola,20:00,,,regular,2026-09-03T12:39:50.326009
2026-09-03,czwartek,warszawa,Nowa fala,Multikino Złote Tarasy,20:00,,,regular,2026-09-03T12:39:50.326009
2026-09-03,czwartek,warszawa,O czym sobie nie mówimy,Kinokawiarnia Stacja Falenica w Warszawie,18:15,,,regular,2026-09-03T12:39:50.326009
2026-09-03,czwartek,warszawa,O czym wie Marielle,Kino Atlantic w Warszawie,13:45,,,regular,2026-09-03T12:39:50.326009
2026-09-03,czwartek,warszawa,Obsesja,Cinema City Warszawa Arkadia,22:20,,,regular,2026-09-03T12:39:50.326009
2026-09-03,czwartek,warszawa,Obsesja,Cinema City Warszawa Bemowo,21:40,,,regular,2026-09-03T12:39:50.326009
2026-09-03,czwartek,warszawa,Obsesja,Cinema City Warszawa Promenada,22:10,,,regular,2026-09-03T12:39:50.326009
2026-09-03,czwartek,warszawa,Obsesja,Multikino Młociny,10:10,,,regular,2026-09-03T12:39:50.326009
2026-09-03,czwartek,warszawa,Obsesja,Multikino Złote Tarasy,16:20,,,regular,2026-09-03T12:39:50.326009
2026-09-03,czwartek,warszawa,Odyseja,Cinema City Warszawa Arkadia,12:00,,,regular,2026-09-03T12:39:50.326009
2026-09-03,czwartek,warszawa,Odyseja,Cinema City Warszawa Arkadia,17:20,,,regular,2026-09-03T12:39:50.326009
2026-09-03,czwartek,warszawa,Odyseja,Cinema City Warszawa Arkadia,21:10,,,regular,2026-09-03T12:39:50.326009
2026-09-03,czwartek,warszawa,Odyseja,Cinema City Warszawa Bemowo,12:30,,,regular,2026-09-03T12:39:50.326009
2026-09-03,czwartek,warszawa,Odyseja,Cinema City Warszawa Bemowo,16:00,,,regular,2026-09-03T12:39:50.326009
2026-09-03,czwartek,warszawa,Odyseja,Cinema City Warszawa Bemowo,19:50,,,regular,2026-09-03T12:39:50.326009
2026-09-03,czwartek,warszawa,Odyseja,Cinema City Warszawa Galeria Mokotów,10:00,,,regular,2026-09-03T12:39:50.326009
2026-09-03,czwartek,warszawa,Odyseja,Cinema City Warszawa Galeria Mokotów,13:50,,,regular,2026-09-03T12:39:50.326009
2026-09-03,czwartek,warszawa,Odyseja,Cinema City Warszawa Galeria Mokotów,15:30,,,regular,2026-09-03T12:39:50.326009
2026-09-03,czwartek,warszawa,Odyseja,Cinema City Warszawa Galeria Mokotów,18:00,,,regular,2026-09-03T12:39:50.326009
2026-09-03,czwartek,warszawa,Odyseja,Cinema City Warszawa Galeria Mokotów,21:30,,,regular,2026-09-03T12:39:50.326009
2026-09-03,czwartek,warszawa,Odyseja,Cinema City Warszawa Galeria Północna,12:10,,,regular,2026-09-03T12:39:50.326009
2026-09-03,czwartek,warszawa,Odyseja,Cinema City Warszawa Galeria Północna,14:50,,,regular,2026-09-03T12:39:50.326009
2026-09-03,czwartek,warszawa,Odyseja,Cinema City Warszawa Galeria Północna,15:50,,,regular,2026-09-03T12:39:50.326009
2026-09-03,czwartek,warszawa,Odyseja,Cinema City Warszawa Galeria Północna,18:30,,,regular,2026-09-03T12:39:50.326009
2026-09-03,czwartek,warszawa,Odyseja,Cinema City Warszawa Galeria Północna,20:10,,,regular,2026-09-03T12:39:50.326009
2026-09-03,czwartek,warszawa,Odyseja,Cinema City Warszawa Promenada,14:50,,,regular,2026-09-03T12:39:50.326009
2026-09-03,czwartek,warszawa,Odyseja,Cinema City Warszawa Promenada,20:40,,,regular,2026-09-03T12:39:50.326009
2026-09-03,czwartek,warszawa,Odyseja,Cinema City Warszawa Sadyba,11:10,,,regular,2026-09-03T12:39:50.326009
2026-09-03,czwartek,warszawa,Odyseja,Cinema City Warszawa Sadyba,14:50,,,regular,2026-09-03T12:39:50.326009
2026-09-03,czwartek,warszawa,Odyseja,Cinema City Warszawa Sadyba,18:30,,,regular,2026-09-03T12:39:50.326009
2026-09-03,czwartek,warszawa,Odyseja,Cinema City Warszawa Sadyba IMAX,15:20,,,regular,2026-09-03T12:39:50.326009
2026-09-03,czwartek,warszawa,Odyseja,Helios Warszawa Blue City,14:40,,,regular,2026-09-03T12:39:50.326009
2026-09-03,czwartek,warszawa,Odyseja,Helios Warszawa Blue City,16:00,,,regular,2026-09-03T12:39:50.326009
2026-09-03,czwartek,warszawa,Odyseja,Helios Warszawa Blue City,19:30,,,regular,2026-09-03T12:39:50.326009
2026-09-03,czwartek,warszawa,Odyseja,Kino Luna w Warszawie,19:15,,,regular,2026-09-03T12:39:50.326009
2026-09-03,czwartek,warszawa,Odyseja,KinoGram w Warszawie,17:15,,,regular,2026-09-03T12:39:50.326009
2026-09-03,czwartek,warszawa,Odyseja,Kinoteka w Warszawie,14:30,,,regular,2026-09-03T12:39:50.326009
2026-09-03,czwartek,warszawa,Odyseja,Kinoteka w Warszawie,20:30,,,regular,2026-09-03T12:39:50.326009
2026-09-03,czwartek,warszawa,Odyseja,Multikino Atrium Reduta w Warszawie,10:25,,,regular,2026-09-03T12:39:50.326009
2026-09-03,czwartek,warszawa,Odyseja,Multikino Atrium Reduta w Warszawie,17:00,,,regular,2026-09-03T12:39:50.326009
2026-09-03,czwartek,warszawa,Odyseja,Multikino Młociny,12:15,,,regular,2026-09-03T12:39:50.326009
2026-09-03,czwartek,warszawa,Odyseja,Multikino Młociny,14:30,,,regular,2026-09-03T12:39:50.326009
2026-09-03,czwartek,warszawa,Odyseja,Multikino Młociny,15:50,,,regular,2026-09-03T12:39:50.326009
2026-09-03,czwartek,warszawa,Odyseja,Multikino Młociny,17:00,,,regular,2026-09-03T12:39:50.326009
2026-09-03,czwartek,warszawa,Odyseja,Multikino Młociny,18:00,,,regular,2026-09-03T12:39:50.326009
2026-09-03,czwartek,warszawa,Odyseja,Multikino Młociny,19:25,,,regular,2026-09-03T12:39:50.326009
2026-09-03,czwartek,warszawa,Odyseja,Multikino Targówek,11:10,,,regular,2026-09-03T12:39:50.326009
2026-09-03,czwartek,warszawa,Odyseja,Multikino Targówek,12:10,,,regular,2026-09-03T12:39:50.326009
2026-09-03,czwartek,warszawa,Odyseja,Multikino Targówek,14:45,,,regular,2026-09-03T12:39:50.326009
2026-09-03,czwartek,warszawa,Odyseja,Multikino Targówek,15:45,,,regular,2026-09-03T12:39:50.326009
2026-09-03,czwartek,warszawa,Odyseja,Multikino Targówek,18:20,,,regular,2026-09-03T12:39:50.326009
2026-09-03,czwartek,warszawa,Odyseja,Multikino Targówek,19:20,,,regular,2026-09-03T12:39:50.326009
2026-09-03,czwartek,warszawa,Odyseja,Multikino Wola,10:20,,,regular,2026-09-03T12:39:50.326009
2026-09-03,czwartek,warszawa,Odyseja,Multikino Wola,17:00,,,regular,2026-09-03T12:39:50.326009
2026-09-03,czwartek,warszawa,Odyseja,Multikino Złote Tarasy,10:50,,,regular,2026-09-03T12:39:50.326009
2026-09-03,czwartek,warszawa,Odyseja,Multikino Złote Tarasy,12:45,,,regular,2026-09-03T12:39:50.326009
2026-09-03,czwartek,warszawa,Odyseja,Multikino Złote Tarasy,14:25,,,regular,2026-09-03T12:39:50.326009
2026-09-03,czwartek,warszawa,Odyseja,Multikino Złote Tarasy,18:00,,,regular,2026-09-03T12:39:50.326009
2026-09-03,czwartek,warszawa,Odyseja,Multikino Złote Tarasy,19:35,,,regular,2026-09-03T12:39:50.326009
2026-09-03,czwartek,warszawa,Odyseja / Одіссея (ukr.),Cinema City Warszawa Arkadia,13:40,,,regular,2026-09-03T12:39:50.326009
2026-09-03,czwartek,warszawa,Odyseja / Одіссея (ukr.),Helios Warszawa Blue City,17:30,,,regular,2026-09-03T12:39:50.326009
2026-09-03,czwartek,warszawa,Odzyskany,Cinema City Warszawa Arkadia,13:20,,,regular,2026-09-03T12:39:50.326009
2026-09-03,czwartek,warszawa,Odzyskany,Cinema City Warszawa Sadyba,14:15,,,regular,2026-09-03T12:39:50.326009
2026-09-03,czwartek,warszawa,Ojczyzna,Kino Luna w Warszawie,14:00,,,regular,2026-09-03T12:39:50.326009
2026-09-03,czwartek,warszawa,Ojczyzna,Kinoteka w Warszawie,14:30,,,regular,2026-09-03T12:39:50.326009
2026-09-03,czwartek,warszawa,Ostatni konsjerż,Kinokawiarnia Stacja Falenica w Warszawie,20:30,,,regular,2026-09-03T12:39:50.326009
2026-09-03,czwartek,warszawa,Ostrze przeznaczenia,Cinema City Warszawa Arkadia,18:00,,,regular,2026-09-03T12:39:50.326009
2026-09-03,czwartek,warszawa,Ostrze przeznaczenia,Cinema City Warszawa Bemowo,18:00,,,regular,2026-09-03T12:39:50.326009
2026-09-03,czwartek,warszawa,Ostrze przeznaczenia,Cinema City Warszawa Galeria Mokotów,19:00,,,regular,2026-09-03T12:39:50.326009
2026-09-03,czwartek,warszawa,Ostrze przeznaczenia,Cinema City Warszawa Promenada,18:30,,,regular,2026-09-03T12:39:50.326009
2026-09-03,czwartek,warszawa,Ostrze przeznaczenia,Multikino Atrium Reduta w Warszawie,21:00,,,regular,2026-09-03T12:39:50.326009
2026-09-03,czwartek,warszawa,Ostrze przeznaczenia,Multikino Młociny,21:00,,,regular,2026-09-03T12:39:50.326009
2026-09-03,czwartek,warszawa,Ostrze przeznaczenia,Multikino Targówek,21:00,,,regular,2026-09-03T12:39:50.326009
2026-09-03,czwartek,warszawa,Ostrze przeznaczenia,Multikino Wola,21:00,,,regular,2026-09-03T12:39:50.326009
2026-09-03,czwartek,warszawa,Ostrze przeznaczenia,Multikino Złote Tarasy,21:15,,,regular,2026-09-03T12:39:50.326009
2026-09-03,czwartek,warszawa,Pejzaż w kolorze sepii,Kino Muranów w Warszawie,20:30,,,regular,2026-09-03T12:39:50.326009
2026-09-03,czwartek,warszawa,Proces,Kino Iluzjon - Muzeum Sztuki Filmowej w Warszawie,17:30,,,regular,2026-09-03T12:39:50.326009
2026-09-03,czwartek,warszawa,Proces,Kinoteka w Warszawie,13:30,,,regular,2026-09-03T12:39:50.326009
2026-09-03,czwartek,warszawa,Psi Patrol i dinozaury,Helios Warszawa Blue City,10:15,,,regular,2026-09-03T12:39:50.326009
2026-09-03,czwartek,warszawa,Psi Patrol i dinozaury,Helios Warszawa Blue City,12:30,,,regular,2026-09-03T12:39:50.326009
2026-09-03,czwartek,warszawa,Psi Patrol i dinozaury,Helios Warszawa Blue City,13:50,,,regular,2026-09-03T12:39:50.326009
2026-09-03,czwartek,warszawa,Psi Patrol i dinozaury,Helios Warszawa Blue City,16:45,,,regular,2026-09-03T12:39:50.326009
2026-09-03,czwartek,warszawa,Psi Patrol i dinozaury (dubbing),Cinema City Warszawa Arkadia,10:50,,dubbing,regular,2026-09-03T12:39:50.326009
2026-09-03,czwartek,warszawa,Psi Patrol i dinozaury (dubbing),Cinema City Warszawa Arkadia,13:00,,dubbing,regular,2026-09-03T12:39:50.326009
2026-09-03,czwartek,warszawa,Psi Patrol i dinozaury (dubbing),Cinema City Warszawa Arkadia,15:20,,dubbing,regular,2026-09-03T12:39:50.326009
2026-09-03,czwartek,warszawa,Psi Patrol i dinozaury (dubbing),Cinema City Warszawa Bemowo,11:00,,dubbing,regular,2026-09-03T12:39:50.326009
2026-09-03,czwartek,warszawa,Psi Patrol i dinozaury (dubbing),Cinema City Warszawa Bemowo,12:40,,dubbing,regular,2026-09-03T12:39:50.326009
2026-09-03,czwartek,warszawa,Psi Patrol i dinozaury (dubbing),Cinema City Warszawa Bemowo,15:00,,dubbing,regular,2026-09-03T12:39:50.326009
2026-09-03,czwartek,warszawa,Psi Patrol i dinozaury (dubbing),Cinema City Warszawa Bemowo,17:10,,dubbing,regular,2026-09-03T12:39:50.326009
2026-09-03,czwartek,warszawa,Psi Patrol i dinozaury (dubbing),Cinema City Warszawa Galeria Mokotów,10:40,,dubbing,regular,2026-09-03T12:39:50.326009
2026-09-03,czwartek,warszawa,Psi Patrol i dinozaury (dubbing),Cinema City Warszawa Galeria Mokotów,12:50,,dubbing,regular,2026-09-03T12:39:50.326009
2026-09-03,czwartek,warszawa,Psi Patrol i dinozaury (dubbing),Cinema City Warszawa Galeria Mokotów,15:00,,dubbing,regular,2026-09-03T12:39:50.326009
2026-09-03,czwartek,warszawa,Psi Patrol i dinozaury (dubbing),Cinema City Warszawa Galeria Północna,12:10,,dubbing,regular,2026-09-03T12:39:50.326009
2026-09-03,czwartek,warszawa,Psi Patrol i dinozaury (dubbing),Cinema City Warszawa Galeria Północna,14:20,,dubbing,regular,2026-09-03T12:39:50.326009
2026-09-03,czwartek,warszawa,Psi Patrol i dinozaury (dubbing),Cinema City Warszawa Galeria Północna,16:30,,dubbing,regular,2026-09-03T12:39:50.326009
2026-09-03,czwartek,warszawa,Psi Patrol i dinozaury (dubbing),Cinema City Warszawa Promenada,10:30,,dubbing,regular,2026-09-03T12:39:50.326009
2026-09-03,czwartek,warszawa,Psi Patrol i dinozaury (dubbing),Cinema City Warszawa Promenada,11:30,,dubbing,regular,2026-09-03T12:39:50.326009
2026-09-03,czwartek,warszawa,Psi Patrol i dinozaury (dubbing),Cinema City Warszawa Promenada,13:40,,dubbing,regular,2026-09-03T12:39:50.326009
2026-09-03,czwartek,warszawa,Psi Patrol i dinozaury (dubbing),Cinema City Warszawa Promenada,15:50,,dubbing,regular,2026-09-03T12:39:50.326009
2026-09-03,czwartek,warszawa,Psi Patrol i dinozaury (dubbing),Cinema City Warszawa Promenada,18:10,,dubbing,regular,2026-09-03T12:39:50.326009
2026-09-03,czwartek,warszawa,Psi Patrol i dinozaury (dubbing),Cinema City Warszawa Sadyba,11:00,,dubbing,regular,2026-09-03T12:39:50.326009
2026-09-03,czwartek,warszawa,Psi Patrol i dinozaury (dubbing),Cinema City Warszawa Sadyba,13:10,,dubbing,regular,2026-09-03T12:39:50.326009
2026-09-03,czwartek,warszawa,Psi Patrol i dinozaury (dubbing),Cinema City Warszawa Sadyba,15:20,,dubbing,regular,2026-09-03T12:39:50.326009
2026-09-03,czwartek,warszawa,Psi Patrol i dinozaury (dubbing),Multikino Atrium Reduta w Warszawie,10:45,,dubbing,regular,2026-09-03T12:39:50.326009
2026-09-03,czwartek,warszawa,Psi Patrol i dinozaury (dubbing),Multikino Atrium Reduta w Warszawie,13:30,,dubbing,regular,2026-09-03T12:39:50.326009
2026-09-03,czwartek,warszawa,Psi Patrol i dinozaury (dubbing),Multikino Atrium Reduta w Warszawie,15:40,,dubbing,regular,2026-09-03T12:39:50.326009
2026-09-03,czwartek,warszawa,Psi Patrol i dinozaury (dubbing),Multikino Atrium Reduta w Warszawie,17:50,,dubbing,regular,2026-09-03T12:39:50.326009
2026-09-03,czwartek,warszawa,Psi Patrol i dinozaury (dubbing),Multikino Młociny,10:15,,dubbing,regular,2026-09-03T12:39:50.326009
2026-09-03,czwartek,warszawa,Psi Patrol i dinozaury (dubbing),Multikino Młociny,11:30,,dubbing,regular,2026-09-03T12:39:50.326009
2026-09-03,czwartek,warszawa,Psi Patrol i dinozaury (dubbing),Multikino Młociny,12:30,,dubbing,regular,2026-09-03T12:39:50.326009
2026-09-03,czwartek,warszawa,Psi Patrol i dinozaury (dubbing),Multikino Młociny,13:45,,dubbing,regular,2026-09-03T12:39:50.326009
2026-09-03,czwartek,warszawa,Psi Patrol i dinozaury (dubbing),Multikino Młociny,14:45,,dubbing,regular,2026-09-03T12:39:50.326009
2026-09-03,czwartek,warszawa,Psi Patrol i dinozaury (dubbing),Multikino Młociny,16:00,,dubbing,regular,2026-09-03T12:39:50.326009
2026-09-03,czwartek,warszawa,Psi Patrol i dinozaury (dubbing),Multikino Młociny,18:15,,dubbing,regular,2026-09-03T12:39:50.326009
2026-09-03,czwartek,warszawa,Psi Patrol i dinozaury (dubbing),Multikino Targówek,10:20,,dubbing,regular,2026-09-03T12:39:50.326009
2026-09-03,czwartek,warszawa,Psi Patrol i dinozaury (dubbing),Multikino Targówek,11:40,,dubbing,regular,2026-09-03T12:39:50.326009
2026-09-03,czwartek,warszawa,Psi Patrol i dinozaury (dubbing),Multikino Targówek,12:30,,dubbing,regular,2026-09-03T12:39:50.326009
2026-09-03,czwartek,warszawa,Psi Patrol i dinozaury (dubbing),Multikino Targówek,13:50,,dubbing,regular,2026-09-03T12:39:50.326009
2026-09-03,czwartek,warszawa,Psi Patrol i dinozaury (dubbing),Multikino Targówek,16:00,,dubbing,regular,2026-09-03T12:39:50.326009
2026-09-03,czwartek,warszawa,Psi Patrol i dinozaury (dubbing),Multikino Targówek,18:10,,dubbing,regular,2026-09-03T12:39:50.326009
2026-09-03,czwartek,warszawa,Psi Patrol i dinozaury (dubbing),Multikino Wola,10:40,,dubbing,regular,2026-09-03T12:39:50.326009
2026-09-03,czwartek,warszawa,Psi Patrol i dinozaury (dubbing),Multikino Wola,13:20,,dubbing,regular,2026-09-03T12:39:50.326009
2026-09-03,czwartek,warszawa,Psi Patrol i dinozaury (dubbing),Multikino Wola,15:30,,dubbing,regular,2026-09-03T12:39:50.326009
2026-09-03,czwartek,warszawa,Psi Patrol i dinozaury (dubbing),Multikino Wola,17:45,,dubbing,regular,2026-09-03T12:39:50.326009
2026-09-03,czwartek,warszawa,Psi Patrol i dinozaury (dubbing),Multikino Złote Tarasy,10:55,,dubbing,regular,2026-09-03T12:39:50.326009
2026-09-03,czwartek,warszawa,Psi Patrol i dinozaury (dubbing),Multikino Złote Tarasy,13:10,,dubbing,regular,2026-09-03T12:39:50.326009
2026-09-03,czwartek,warszawa,Psi Patrol i dinozaury (dubbing),Multikino Złote Tarasy,15:20,,dubbing,regular,2026-09-03T12:39:50.326009
2026-09-03,czwartek,warszawa,Psi Patrol i dinozaury (dubbing),Multikino Złote Tarasy,17:25,,dubbing,regular,2026-09-03T12:39:50.326009
2026-09-03,czwartek,warszawa,Pucio kocha zwierzaki,Cinema City Warszawa Arkadia,10:20,,,regular,2026-09-03T12:39:50.326009
2026-09-03,czwartek,warszawa,Pucio kocha zwierzaki,Cinema City Warszawa Arkadia,11:50,,,regular,2026-09-03T12:39:50.326009
2026-09-03,czwartek,warszawa,Pucio kocha zwierzaki,Cinema City Warszawa Arkadia,15:40,,,regular,2026-09-03T12:39:50.326009
2026-09-03,czwartek,warszawa,Pucio kocha zwierzaki,Cinema City Warszawa Bemowo,11:10,,,regular,2026-09-03T12:39:50.326009
2026-09-03,czwartek,warszawa,Pucio kocha zwierzaki,Cinema City Warszawa Bemowo,12:15,,,regular,2026-09-03T12:39:50.326009
2026-09-03,czwartek,warszawa,Pucio kocha zwierzaki,Cinema City Warszawa Bemowo,13:40,,,regular,2026-09-03T12:39:50.326009
2026-09-03,czwartek,warszawa,Pucio kocha zwierzaki,Cinema City Warszawa Bemowo,15:10,,,regular,2026-09-03T12:39:50.326009
2026-09-03,czwartek,warszawa,Pucio kocha zwierzaki,Cinema City Warszawa Galeria Mokotów,10:30,,,regular,2026-09-03T12:39:50.326009
2026-09-03,czwartek,warszawa,Pucio kocha zwierzaki,Cinema City Warszawa Galeria Mokotów,12:00,,,regular,2026-09-03T12:39:50.326009
2026-09-03,czwartek,warszawa,Pucio kocha zwierzaki,Cinema City Warszawa Galeria Mokotów,13:30,,,regular,2026-09-03T12:39:50.326009
2026-09-03,czwartek,warszawa,Pucio kocha zwierzaki,Cinema City Warszawa Galeria Mokotów,15:00,,,regular,2026-09-03T12:39:50.326009
2026-09-03,czwartek,warszawa,Pucio kocha zwierzaki,Cinema City Warszawa Galeria Mokotów,16:30,,,regular,2026-09-03T12:39:50.326009
2026-09-03,czwartek,warszawa,Pucio kocha zwierzaki,Cinema City Warszawa Galeria Północna,11:00,,,regular,2026-09-03T12:39:50.326009
2026-09-03,czwartek,warszawa,Pucio kocha zwierzaki,Cinema City Warszawa Galeria Północna,12:20,,,regular,2026-09-03T12:39:50.326009
2026-09-03,czwartek,warszawa,Pucio kocha zwierzaki,Cinema City Warszawa Galeria Północna,13:50,,,regular,2026-09-03T12:39:50.326009
2026-09-03,czwartek,warszawa,Pucio kocha zwierzaki,Cinema City Warszawa Galeria Północna,15:20,,,regular,2026-09-03T12:39:50.326009
2026-09-03,czwartek,warszawa,Pucio kocha zwierzaki,Cinema City Warszawa Galeria Północna,16:50,,,regular,2026-09-03T12:39:50.326009
2026-09-03,czwartek,warszawa,Pucio kocha zwierzaki,Cinema City Warszawa Promenada,10:20,,,regular,2026-09-03T12:39:50.326009
2026-09-03,czwartek,warszawa,Pucio kocha zwierzaki,Cinema City Warszawa Promenada,12:30,,,regular,2026-09-03T12:39:50.326009
2026-09-03,czwartek,warszawa,Pucio kocha zwierzaki,Cinema City Warszawa Promenada,14:00,,,regular,2026-09-03T12:39:50.326009
2026-09-03,czwartek,warszawa,Pucio kocha zwierzaki,Cinema City Warszawa Promenada,15:30,,,regular,2026-09-03T12:39:50.326009
2026-09-03,czwartek,warszawa,Pucio kocha zwierzaki,Cinema City Warszawa Promenada,17:00,,,regular,2026-09-03T12:39:50.326009
2026-09-03,czwartek,warszawa,Pucio kocha zwierzaki,Cinema City Warszawa Sadyba,11:30,,,regular,2026-09-03T12:39:50.326009
2026-09-03,czwartek,warszawa,Pucio kocha zwierzaki,Cinema City Warszawa Sadyba,12:50,,,regular,2026-09-03T12:39:50.326009
2026-09-03,czwartek,warszawa,Pucio kocha zwierzaki,Cinema City Warszawa Sadyba,16:30,,,regular,2026-09-03T12:39:50.326009
2026-09-03,czwartek,warszawa,Pucio kocha zwierzaki,Helios Warszawa Blue City,10:40,,,regular,2026-09-03T12:39:50.326009
2026-09-03,czwartek,warszawa,Pucio kocha zwierzaki,Helios Warszawa Blue City,12:20,,,regular,2026-09-03T12:39:50.326009
2026-09-03,czwartek,warszawa,Pucio kocha zwierzaki,Helios Warszawa Blue City,15:20,,,regular,2026-09-03T12:39:50.326009
2026-09-03,czwartek,warszawa,Pucio kocha zwierzaki,Kino Głębocka 66 w Warszawie,11:00,,,regular,2026-09-03T12:39:50.326009
2026-09-03,czwartek,warszawa,Pucio kocha zwierzaki,Kino Głębocka 66 w Warszawie,12:00,,,regular,2026-09-03T12:39:50.326009
2026-09-03,czwartek,warszawa,Pucio kocha zwierzaki,Kino Głębocka 66 w Warszawie,13:00,,,regular,2026-09-03T12:39:50.326009
2026-09-03,czwartek,warszawa,Pucio kocha zwierzaki,Kino na Boku - Białołęcki Ośrodek Kultury w Warszawie,14:15,,,regular,2026-09-03T12:39:50.326009
2026-09-03,czwartek,warszawa,Pucio kocha zwierzaki,Kinokawiarnia Stacja Falenica w Warszawie,15:00,,,regular,2026-09-03T12:39:50.326009
2026-09-03,czwartek,warszawa,Pucio kocha zwierzaki,Kinoteka w Warszawie,14:00,,,regular,2026-09-03T12:39:50.326009
2026-09-03,czwartek,warszawa,Pucio kocha zwierzaki,Multikino Atrium Reduta w Warszawie,10:00,,,regular,2026-09-03T12:39:50.326009
2026-09-03,czwartek,warszawa,Pucio kocha zwierzaki,Multikino Atrium Reduta w Warszawie,11:05,,,regular,2026-09-03T12:39:50.326009
2026-09-03,czwartek,warszawa,Pucio kocha zwierzaki,Multikino Atrium Reduta w Warszawie,12:15,,,regular,2026-09-03T12:39:50.326009
2026-09-03,czwartek,warszawa,Pucio kocha zwierzaki,Multikino Młociny,10:00,,,regular,2026-09-03T12:39:50.326009
2026-09-03,czwartek,warszawa,Pucio kocha zwierzaki,Multikino Młociny,11:05,,,regular,2026-09-03T12:39:50.326009
2026-09-03,czwartek,warszawa,Pucio kocha zwierzaki,Multikino Młociny,12:45,,,regular,2026-09-03T12:39:50.326009
2026-09-03,czwartek,warszawa,Pucio kocha zwierzaki,Multikino Młociny,16:15,,,regular,2026-09-03T12:39:50.326009
2026-09-03,czwartek,warszawa,Pucio kocha zwierzaki,Multikino Targówek,10:00,,,regular,2026-09-03T12:39:50.326009
2026-09-03,czwartek,warszawa,Pucio kocha zwierzaki,Multikino Targówek,11:10,,,regular,2026-09-03T12:39:50.326009
2026-09-03,czwartek,warszawa,Pucio kocha zwierzaki,Multikino Targówek,12:40,,,regular,2026-09-03T12:39:50.326009
2026-09-03,czwartek,warszawa,Pucio kocha zwierzaki,Multikino Targówek,14:25,,,regular,2026-09-03T12:39:50.326009
2026-09-03,czwartek,warszawa,Pucio kocha zwierzaki,Multikino Targówek,15:50,,,regular,2026-09-03T12:39:50.326009
2026-09-03,czwartek,warszawa,Pucio kocha zwierzaki,Multikino Targówek,17:05,,,regular,2026-09-03T12:39:50.326009
2026-09-03,czwartek,warszawa,Pucio kocha zwierzaki,Multikino Wola,10:15,,,regular,2026-09-03T12:39:50.326009
2026-09-03,czwartek,warszawa,Pucio kocha zwierzaki,Multikino Wola,11:20,,,regular,2026-09-03T12:39:50.326009
2026-09-03,czwartek,warszawa,Pucio kocha zwierzaki,Multikino Wola,12:30,,,regular,2026-09-03T12:39:50.326009
2026-09-03,czwartek,warszawa,Pucio kocha zwierzaki,Multikino Złote Tarasy,10:20,,,regular,2026-09-03T12:39:50.326009
2026-09-03,czwartek,warszawa,Pucio kocha zwierzaki,Multikino Złote Tarasy,11:30,,,regular,2026-09-03T12:39:50.326009
2026-09-03,czwartek,warszawa,Pucio kocha zwierzaki,Multikino Złote Tarasy,12:40,,,regular,2026-09-03T12:39:50.326009
2026-09-03,czwartek,warszawa,Requiem dla snu,Kino Muranów w Warszawie,20:30,,,regular,2026-09-03T12:39:50.326009
2026-09-03,czwartek,warszawa,Spider-Man. Całkiem nowy dzień,Cinema City Warszawa Arkadia,11:10,,,regular,2026-09-03T12:39:50.326009
2026-09-03,czwartek,warszawa,Spider-Man. Całkiem nowy dzień,Cinema City Warszawa Arkadia,14:20,,,regular,2026-09-03T12:39:50.326009
2026-09-03,czwartek,warszawa,Spider-Man. Całkiem nowy dzień,Cinema City Warszawa Arkadia,18:50,,,regular,2026-09-03T12:39:50.326009
2026-09-03,czwartek,warszawa,Spider-Man. Całkiem nowy dzień,Cinema City Warszawa Arkadia,20:50,,,regular,2026-09-03T12:39:50.326009
2026-09-03,czwartek,warszawa,Spider-Man. Całkiem nowy dzień,Cinema City Warszawa Arkadia,22:00,,,regular,2026-09-03T12:39:50.326009
2026-09-03,czwartek,warszawa,Spider-Man. Całkiem nowy dzień,Cinema City Warszawa Bemowo,13:50,,,regular,2026-09-03T12:39:50.326009
2026-09-03,czwartek,warszawa,Spider-Man. Całkiem nowy dzień,Cinema City Warszawa Bemowo,16:40,,,regular,2026-09-03T12:39:50.326009
2026-09-03,czwartek,warszawa,Spider-Man. Całkiem nowy dzień,Cinema City Warszawa Bemowo,20:20,,,regular,2026-09-03T12:39:50.326009
2026-09-03,czwartek,warszawa,Spider-Man. Całkiem nowy dzień,Cinema City Warszawa Bemowo,21:30,,,regular,2026-09-03T12:39:50.326009
2026-09-03,czwartek,warszawa,Spider-Man. Całkiem nowy dzień,Cinema City Warszawa Galeria Mokotów,10:30,,,regular,2026-09-03T12:39:50.326009
2026-09-03,czwartek,warszawa,Spider-Man. Całkiem nowy dzień,Cinema City Warszawa Galeria Mokotów,13:00,,,regular,2026-09-03T12:39:50.326009
2026-09-03,czwartek,warszawa,Spider-Man. Całkiem nowy dzień,Cinema City Warszawa Galeria Mokotów,13:30,,,regular,2026-09-03T12:39:50.326009
2026-09-03,czwartek,warszawa,Spider-Man. Całkiem nowy dzień,Cinema City Warszawa Galeria Mokotów,18:30,,,regular,2026-09-03T12:39:50.326009
2026-09-03,czwartek,warszawa,Spider-Man. Całkiem nowy dzień,Cinema City Warszawa Galeria Mokotów,20:00,,,regular,2026-09-03T12:39:50.326009
2026-09-03,czwartek,warszawa,Spider-Man. Całkiem nowy dzień,Cinema City Warszawa Galeria Mokotów,21:40,,,regular,2026-09-03T12:39:50.326009
2026-09-03,czwartek,warszawa,Spider-Man. Całkiem nowy dzień,Cinema City Warszawa Galeria Północna,11:40,,,regular,2026-09-03T12:39:50.326009
2026-09-03,czwartek,warszawa,Spider-Man. Całkiem nowy dzień,Cinema City Warszawa Galeria Północna,19:20,,,regular,2026-09-03T12:39:50.326009
2026-09-03,czwartek,warszawa,Spider-Man. Całkiem nowy dzień,Cinema City Warszawa Promenada,14:20,,,regular,2026-09-03T12:39:50.326009
2026-09-03,czwartek,warszawa,Spider-Man. Całkiem nowy dzień,Cinema City Warszawa Promenada,17:30,,,regular,2026-09-03T12:39:50.326009
2026-09-03,czwartek,warszawa,Spider-Man. Całkiem nowy dzień,Cinema City Warszawa Promenada,20:00,,,regular,2026-09-03T12:39:50.326009
2026-09-03,czwartek,warszawa,Spider-Man. Całkiem nowy dzień,Cinema City Warszawa Promenada,22:00,,,regular,2026-09-03T12:39:50.326009
2026-09-03,czwartek,warszawa,Spider-Man. Całkiem nowy dzień,Cinema City Warszawa Sadyba,11:00,,,regular,2026-09-03T12:39:50.326009
2026-09-03,czwartek,warszawa,Spider-Man. Całkiem nowy dzień,Cinema City Warszawa Sadyba,14:10,,,regular,2026-09-03T12:39:50.326009
2026-09-03,czwartek,warszawa,Spider-Man. Całkiem nowy dzień,Cinema City Warszawa Sadyba,17:20,,,regular,2026-09-03T12:39:50.326009
2026-09-03,czwartek,warszawa,Spider-Man. Całkiem nowy dzień,Cinema City Warszawa Sadyba,20:20,,,regular,2026-09-03T12:39:50.326009
2026-09-03,czwartek,warszawa,Spider-Man. Całkiem nowy dzień,Cinema City Warszawa Sadyba,20:45,,,regular,2026-09-03T12:39:50.326009
2026-09-03,czwartek,warszawa,Spider-Man. Całkiem nowy dzień,Cinema City Warszawa Sadyba,21:40,,,regular,2026-09-03T12:39:50.326009
2026-09-03,czwartek,warszawa,Spider-Man. Całkiem nowy dzień,Helios Warszawa Blue City,10:00,,,regular,2026-09-03T12:39:50.326009
2026-09-03,czwartek,warszawa,Spider-Man. Całkiem nowy dzień,Helios Warszawa Blue City,11:15,,,regular,2026-09-03T12:39:50.326009
2026-09-03,czwartek,warszawa,Spider-Man. Całkiem nowy dzień,Helios Warszawa Blue City,12:40,,,regular,2026-09-03T12:39:50.326009
2026-09-03,czwartek,warszawa,Spider-Man. Całkiem nowy dzień,Helios Warszawa Blue City,14:20,,,regular,2026-09-03T12:39:50.326009
2026-09-03,czwartek,warszawa,Spider-Man. Całkiem nowy dzień,Helios Warszawa Blue City,17:00,,,regular,2026-09-03T12:39:50.326009
2026-09-03,czwartek,warszawa,Spider-Man. Całkiem nowy dzień,Helios Warszawa Blue City,20:45,,,regular,2026-09-03T12:39:50.326009
2026-09-03,czwartek,warszawa,Spider-Man. Całkiem nowy dzień,KinoGram w Warszawie,17:30,,,regular,2026-09-03T12:39:50.326009
2026-09-03,czwartek,warszawa,Spider-Man. Całkiem nowy dzień,KinoGram w Warszawie,20:45,,,regular,2026-09-03T12:39:50.326009
2026-09-03,czwartek,warszawa,Spider-Man. Całkiem nowy dzień,Kinoteka w Warszawie,15:00,,,regular,2026-09-03T12:39:50.326009
2026-09-03,czwartek,warszawa,Spider-Man. Całkiem nowy dzień,Kinoteka w Warszawie,18:00,,,regular,2026-09-03T12:39:50.326009
2026-09-03,czwartek,warszawa,Spider-Man. Całkiem nowy dzień,Multikino Atrium Reduta w Warszawie,13:05,,,regular,2026-09-03T12:39:50.326009
2026-09-03,czwartek,warszawa,Spider-Man. Całkiem nowy dzień,Multikino Atrium Reduta w Warszawie,16:15,,,regular,2026-09-03T12:39:50.326009
2026-09-03,czwartek,warszawa,Spider-Man. Całkiem nowy dzień,Multikino Atrium Reduta w Warszawie,19:25,,,regular,2026-09-03T12:39:50.326009
2026-09-03,czwartek,warszawa,Spider-Man. Całkiem nowy dzień,Multikino Młociny,10:00,,,regular,2026-09-03T12:39:50.326009
2026-09-03,czwartek,warszawa,Spider-Man. Całkiem nowy dzień,Multikino Młociny,13:10,,,regular,2026-09-03T12:39:50.326009
2026-09-03,czwartek,warszawa,Spider-Man. Całkiem nowy dzień,Multikino Młociny,16:25,,,regular,2026-09-03T12:39:50.326009
2026-09-03,czwartek,warszawa,Spider-Man. Całkiem nowy dzień,Multikino Młociny,17:25,,,regular,2026-09-03T12:39:50.326009
2026-09-03,czwartek,warszawa,Spider-Man. Całkiem nowy dzień,Multikino Młociny,19:40,,,regular,2026-09-03T12:39:50.326009
2026-09-03,czwartek,warszawa,Spider-Man. Całkiem nowy dzień,Multikino Młociny,20:30,,,regular,2026-09-03T12:39:50.326009
2026-09-03,czwartek,warszawa,Spider-Man. Całkiem nowy dzień,Multikino Targówek,11:00,,,regular,2026-09-03T12:39:50.326009
2026-09-03,czwartek,warszawa,Spider-Man. Całkiem nowy dzień,Multikino Targówek,17:30,,,regular,2026-09-03T12:39:50.326009
2026-09-03,czwartek,warszawa,Spider-Man. Całkiem nowy dzień,Multikino Targówek,20:45,,,regular,2026-09-03T12:39:50.326009
2026-09-03,czwartek,warszawa,Spider-Man. Całkiem nowy dzień,Multikino Wola,16:00,,,regular,2026-09-03T12:39:50.326009
2026-09-03,czwartek,warszawa,Spider-Man. Całkiem nowy dzień,Multikino Wola,19:10,,,regular,2026-09-03T12:39:50.326009
2026-09-03,czwartek,warszawa,Spider-Man. Całkiem nowy dzień,Multikino Złote Tarasy,10:00,,,regular,2026-09-03T12:39:50.326009
2026-09-03,czwartek,warszawa,Spider-Man. Całkiem nowy dzień,Multikino Złote Tarasy,13:15,,,regular,2026-09-03T12:39:50.326009
2026-09-03,czwartek,warszawa,Spider-Man. Całkiem nowy dzień,Multikino Złote Tarasy,16:30,,,regular,2026-09-03T12:39:50.326009
2026-09-03,czwartek,warszawa,Spider-Man. Całkiem nowy dzień,Multikino Złote Tarasy,17:30,,,regular,2026-09-03T12:39:50.326009
2026-09-03,czwartek,warszawa,Spider-Man. Całkiem nowy dzień,Multikino Złote Tarasy,19:45,,,regular,2026-09-03T12:39:50.326009
2026-09-03,czwartek,warszawa,Spider-Man. Całkiem nowy dzień,Multikino Złote Tarasy,20:45,,,regular,2026-09-03T12:39:50.326009
2026-09-03,czwartek,warszawa,Spider-Man. Całkiem nowy dzień (dubbing),Cinema City Warszawa Arkadia,11:40,,dubbing,regular,2026-09-03T12:39:50.326009
2026-09-03,czwartek,warszawa,Spider-Man. Całkiem nowy dzień (dubbing),Cinema City Warszawa Arkadia,14:50,,dubbing,regular,2026-09-03T12:39:50.326009
2026-09-03,czwartek,warszawa,Spider-Man. Całkiem nowy dzień (dubbing),Cinema City Warszawa Arkadia,15:40,,dubbing,regular,2026-09-03T12:39:50.326009
2026-09-03,czwartek,warszawa,Spider-Man. Całkiem nowy dzień (dubbing),Cinema City Warszawa Arkadia,18:00,,dubbing,regular,2026-09-03T12:39:50.326009
2026-09-03,czwartek,warszawa,Spider-Man. Całkiem nowy dzień (dubbing),Cinema City Warszawa Bemowo,12:10,,dubbing,regular,2026-09-03T12:39:50.326009
2026-09-03,czwartek,warszawa,Spider-Man. Całkiem nowy dzień (dubbing),Cinema City Warszawa Bemowo,15:15,,dubbing,regular,2026-09-03T12:39:50.326009
2026-09-03,czwartek,warszawa,Spider-Man. Całkiem nowy dzień (dubbing),Cinema City Warszawa Bemowo,18:20,,dubbing,regular,2026-09-03T12:39:50.326009
2026-09-03,czwartek,warszawa,Spider-Man. Całkiem nowy dzień (dubbing),Cinema City Warszawa Galeria Mokotów,10:00,,dubbing,regular,2026-09-03T12:39:50.326009
2026-09-03,czwartek,warszawa,Spider-Man. Całkiem nowy dzień (dubbing),Cinema City Warszawa Galeria Mokotów,13:10,,dubbing,regular,2026-09-03T12:39:50.326009
2026-09-03,czwartek,warszawa,Spider-Man. Całkiem nowy dzień (dubbing),Cinema City Warszawa Galeria Mokotów,16:20,,dubbing,regular,2026-09-03T12:39:50.326009
2026-09-03,czwartek,warszawa,Spider-Man. Całkiem nowy dzień (dubbing),Cinema City Warszawa Galeria Północna,13:20,,dubbing,regular,2026-09-03T12:39:50.326009
2026-09-03,czwartek,warszawa,Spider-Man. Całkiem nowy dzień (dubbing),Cinema City Warszawa Galeria Północna,16:20,,dubbing,regular,2026-09-03T12:39:50.326009
2026-09-03,czwartek,warszawa,Spider-Man. Całkiem nowy dzień (dubbing),Cinema City Warszawa Promenada,11:10,,dubbing,regular,2026-09-03T12:39:50.326009
2026-09-03,czwartek,warszawa,Spider-Man. Całkiem nowy dzień (dubbing),Cinema City Warszawa Promenada,12:40,,dubbing,regular,2026-09-03T12:39:50.326009
2026-09-03,czwartek,warszawa,Spider-Man. Całkiem nowy dzień (dubbing),Cinema City Warszawa Promenada,15:50,,dubbing,regular,2026-09-03T12:39:50.326009
2026-09-03,czwartek,warszawa,Spider-Man. Całkiem nowy dzień (dubbing),Cinema City Warszawa Promenada,19:00,,dubbing,regular,2026-09-03T12:39:50.326009
2026-09-03,czwartek,warszawa,Spider-Man. Całkiem nowy dzień (dubbing),Cinema City Warszawa Sadyba,11:10,,dubbing,regular,2026-09-03T12:39:50.326009
2026-09-03,czwartek,warszawa,Spider-Man. Całkiem nowy dzień (dubbing),Cinema City Warszawa Sadyba,12:10,,dubbing,regular,2026-09-03T12:39:50.326009
2026-09-03,czwartek,warszawa,Spider-Man. Całkiem nowy dzień (dubbing),Cinema City Warszawa Sadyba,15:20,,dubbing,regular,2026-09-03T12:39:50.326009
2026-09-03,czwartek,warszawa,Spider-Man. Całkiem nowy dzień (dubbing),Cinema City Warszawa Sadyba,18:30,,dubbing,regular,2026-09-03T12:39:50.326009
2026-09-03,czwartek,warszawa,Spider-Man. Całkiem nowy dzień (dubbing),Multikino Atrium Reduta w Warszawie,10:00,,dubbing,regular,2026-09-03T12:39:50.326009
2026-09-03,czwartek,warszawa,Spider-Man. Całkiem nowy dzień (dubbing),Multikino Atrium Reduta w Warszawie,11:00,,dubbing,regular,2026-09-03T12:39:50.326009
2026-09-03,czwartek,warszawa,Spider-Man. Całkiem nowy dzień (dubbing),Multikino Atrium Reduta w Warszawie,14:15,,dubbing,regular,2026-09-03T12:39:50.326009
2026-09-03,czwartek,warszawa,Spider-Man. Całkiem nowy dzień (dubbing),Multikino Atrium Reduta w Warszawie,17:30,,dubbing,regular,2026-09-03T12:39:50.326009
2026-09-03,czwartek,warszawa,Spider-Man. Całkiem nowy dzień (dubbing),Multikino Młociny,10:55,,dubbing,regular,2026-09-03T12:39:50.326009
2026-09-03,czwartek,warszawa,Spider-Man. Całkiem nowy dzień (dubbing),Multikino Targówek,10:00,,dubbing,regular,2026-09-03T12:39:50.326009
2026-09-03,czwartek,warszawa,Spider-Man. Całkiem nowy dzień (dubbing),Multikino Targówek,11:50,,dubbing,regular,2026-09-03T12:39:50.326009
2026-09-03,czwartek,warszawa,Spider-Man. Całkiem nowy dzień (dubbing),Multikino Targówek,13:15,,dubbing,regular,2026-09-03T12:39:50.326009
2026-09-03,czwartek,warszawa,Spider-Man. Całkiem nowy dzień (dubbing),Multikino Targówek,15:05,,dubbing,regular,2026-09-03T12:39:50.326009
2026-09-03,czwartek,warszawa,Spider-Man. Całkiem nowy dzień (dubbing),Multikino Targówek,16:30,,dubbing,regular,2026-09-03T12:39:50.326009
2026-09-03,czwartek,warszawa,Spider-Man. Całkiem nowy dzień (dubbing),Multikino Targówek,18:20,,dubbing,regular,2026-09-03T12:39:50.326009
2026-09-03,czwartek,warszawa,Spider-Man. Całkiem nowy dzień (dubbing),Multikino Targówek,19:45,,dubbing,regular,2026-09-03T12:39:50.326009
2026-09-03,czwartek,warszawa,Spider-Man. Całkiem nowy dzień (dubbing),Multikino Wola,10:10,,dubbing,regular,2026-09-03T12:39:50.326009
2026-09-03,czwartek,warszawa,Spider-Man. Całkiem nowy dzień (dubbing),Multikino Wola,11:00,,dubbing,regular,2026-09-03T12:39:50.326009
2026-09-03,czwartek,warszawa,Spider-Man. Całkiem nowy dzień (dubbing),Multikino Wola,12:50,,dubbing,regular,2026-09-03T12:39:50.326009
2026-09-03,czwartek,warszawa,Spider-Man. Całkiem nowy dzień (dubbing),Multikino Wola,14:15,,dubbing,regular,2026-09-03T12:39:50.326009
2026-09-03,czwartek,warszawa,Spider-Man. Całkiem nowy dzień (dubbing),Multikino Wola,17:30,,dubbing,regular,2026-09-03T12:39:50.326009
2026-09-03,czwartek,warszawa,Spider-Man. Całkiem nowy dzień (dubbing),Multikino Złote Tarasy,11:00,,dubbing,regular,2026-09-03T12:39:50.326009
2026-09-03,czwartek,warszawa,Spider-Man. Całkiem nowy dzień (dubbing),Multikino Złote Tarasy,14:15,,dubbing,regular,2026-09-03T12:39:50.326009
2026-09-03,czwartek,warszawa,Spider-Man. Całkiem nowy dzień 3D,Cinema City Warszawa Galeria Mokotów,15:20,3D,,regular,2026-09-03T12:39:50.326009
2026-09-03,czwartek,warszawa,Spider-Man. Całkiem nowy dzień 3D,Cinema City Warszawa Sadyba,17:40,3D,,regular,2026-09-03T12:39:50.326009
2026-09-03,czwartek,warszawa,Spider-Man. Całkiem nowy dzień 3D (dubbing),Cinema City Warszawa Arkadia,11:00,3D,dubbing,regular,2026-09-03T12:39:50.326009
2026-09-03,czwartek,warszawa,Spider-Man. Całkiem nowy dzień 3D (dubbing),Cinema City Warszawa Arkadia,13:30,3D,dubbing,regular,2026-09-03T12:39:50.326009
2026-09-03,czwartek,warszawa,Spider-Man. Całkiem nowy dzień 3D (dubbing),Cinema City Warszawa Arkadia,16:40,3D,dubbing,regular,2026-09-03T12:39:50.326009
2026-09-03,czwartek,warszawa,Spider-Man. Całkiem nowy dzień 3D (dubbing),Cinema City Warszawa Galeria Mokotów,12:10,3D,dubbing,regular,2026-09-03T12:39:50.326009
2026-09-03,czwartek,warszawa,Spider-Man. Całkiem nowy dzień 3D (dubbing),Cinema City Warszawa Sadyba,14:30,3D,dubbing,regular,2026-09-03T12:39:50.326009
2026-09-03,czwartek,warszawa,Spider-Man. Całkiem nowy dzień 3D (dubbing),Multikino Młociny,14:10,3D,dubbing,regular,2026-09-03T12:39:50.326009
2026-09-03,czwartek,warszawa,Sunny Dancer,Cinema City Warszawa Arkadia,15:30,,,regular,2026-09-03T12:39:50.326009
2026-09-03,czwartek,warszawa,Sunny Dancer,Cinema City Warszawa Arkadia,17:20,,,regular,2026-09-03T12:39:50.326009
2026-09-03,czwartek,warszawa,Sunny Dancer,Cinema City Warszawa Arkadia,19:50,,,regular,2026-09-03T12:39:50.326009
2026-09-03,czwartek,warszawa,Sunny Dancer,Cinema City Warszawa Bemowo,19:20,,,regular,2026-09-03T12:39:50.326009
2026-09-03,czwartek,warszawa,Sunny Dancer,Cinema City Warszawa Galeria Mokotów,19:30,,,regular,2026-09-03T12:39:50.326009
2026-09-03,czwartek,warszawa,Sunny Dancer,Cinema City Warszawa Galeria Północna,18:50,,,regular,2026-09-03T12:39:50.326009
2026-09-03,czwartek,warszawa,Sunny Dancer,Cinema City Warszawa Galeria Północna,21:20,,,regular,2026-09-03T12:39:50.326009
2026-09-03,czwartek,warszawa,Sunny Dancer,Cinema City Warszawa Promenada,17:20,,,regular,2026-09-03T12:39:50.326009
2026-09-03,czwartek,warszawa,Sunny Dancer,Cinema City Warszawa Promenada,19:45,,,regular,2026-09-03T12:39:50.326009
2026-09-03,czwartek,warszawa,Sunny Dancer,Cinema City Warszawa Sadyba,19:20,,,regular,2026-09-03T12:39:50.326009
2026-09-03,czwartek,warszawa,Sunny Dancer,Cinema City Warszawa Sadyba,21:45,,,regular,2026-09-03T12:39:50.326009
2026-09-03,czwartek,warszawa,Sunny Dancer,Kino Iluzjon - Muzeum Sztuki Filmowej w Warszawie,20:15,,,regular,2026-09-03T12:39:50.326009
2026-09-03,czwartek,warszawa,Sunny Dancer,Kinoteka w Warszawie,20:30,,,regular,2026-09-03T12:39:50.326009
2026-09-03,czwartek,warszawa,Sunny Dancer,Multikino Targówek,11:25,,,regular,2026-09-03T12:39:50.326009
2026-09-03,czwartek,warszawa,Sunny Dancer,U–jazdowski kino,18:00,,,regular,2026-09-03T12:39:50.326009
2026-09-03,czwartek,warszawa,Ścieżki życia (lektor),Kinokawiarnia Stacja Falenica w Warszawie,16:00,,lektor,regular,2026-09-03T12:39:50.326009
2026-09-03,czwartek,warszawa,Śledząc,AMONDO Kino w Warszawie,17:30,,,regular,2026-09-03T12:39:50.326009
2026-09-03,czwartek,warszawa,Śledząc,Kino Muranów w Warszawie,16:45,,,regular,2026-09-03T12:39:50.326009
2026-09-03,czwartek,warszawa,Terminator 2: Dzień sądu,Cinema City Warszawa Arkadia,15:30,,,regular,2026-09-03T12:39:50.326009
2026-09-03,czwartek,warszawa,Terminator 2: Dzień sądu,Cinema City Warszawa Arkadia,16:50,,,regular,2026-09-03T12:39:50.326009
2026-09-03,czwartek,warszawa,Terminator 2: Dzień sądu,Cinema City Warszawa Arkadia,18:30,,,regular,2026-09-03T12:39:50.326009
2026-09-03,czwartek,warszawa,Terminator 2: Dzień sądu,Cinema City Warszawa Arkadia,21:30,,,regular,2026-09-03T12:39:50.326009
2026-09-03,czwartek,warszawa,Terminator 2: Dzień sądu,Cinema City Warszawa Bemowo,19:30,,,regular,2026-09-03T12:39:50.326009
2026-09-03,czwartek,warszawa,Terminator 2: Dzień sądu,Cinema City Warszawa Galeria Mokotów,17:30,,,regular,2026-09-03T12:39:50.326009
2026-09-03,czwartek,warszawa,Terminator 2: Dzień sądu,Cinema City Warszawa Galeria Mokotów,20:30,,,regular,2026-09-03T12:39:50.326009
2026-09-03,czwartek,warszawa,Terminator 2: Dzień sądu,Cinema City Warszawa Galeria Północna,19:30,,,regular,2026-09-03T12:39:50.326009
2026-09-03,czwartek,warszawa,Terminator 2: Dzień sądu,Cinema City Warszawa Promenada,16:00,,,regular,2026-09-03T12:39:50.326009
2026-09-03,czwartek,warszawa,Terminator 2: Dzień sądu,Cinema City Warszawa Promenada,19:00,,,regular,2026-09-03T12:39:50.326009
2026-09-03,czwartek,warszawa,Terminator 2: Dzień sądu,Cinema City Warszawa Sadyba,15:30,,,regular,2026-09-03T12:39:50.326009
2026-09-03,czwartek,warszawa,Terminator 2: Dzień sądu,Cinema City Warszawa Sadyba,18:30,,,regular,2026-09-03T12:39:50.326009
2026-09-03,czwartek,warszawa,Terminator 2: Dzień sądu,Helios Warszawa Blue City,18:00,,,regular,2026-09-03T12:39:50.326009
2026-09-03,czwartek,warszawa,Terminator 2: Dzień sądu,Multikino Atrium Reduta w Warszawie,20:30,,,regular,2026-09-03T12:39:50.326009
2026-09-03,czwartek,warszawa,Terminator 2: Dzień sądu,Multikino Młociny,15:45,,,regular,2026-09-03T12:39:50.326009
2026-09-03,czwartek,warszawa,Terminator 2: Dzień sądu,Multikino Młociny,20:20,,,regular,2026-09-03T12:39:50.326009
2026-09-03,czwartek,warszawa,Terminator 2: Dzień sądu,Multikino Targówek,14:45,,,regular,2026-09-03T12:39:50.326009
2026-09-03,czwartek,warszawa,Terminator 2: Dzień sądu,Multikino Targówek,20:20,,,regular,2026-09-03T12:39:50.326009
2026-09-03,czwartek,warszawa,Terminator 2: Dzień sądu,Multikino Wola,14:15,,,regular,2026-09-03T12:39:50.326009
2026-09-03,czwartek,warszawa,Terminator 2: Dzień sądu,Multikino Wola,20:30,,,regular,2026-09-03T12:39:50.326009
2026-09-03,czwartek,warszawa,Terminator 2: Dzień sądu,Multikino Złote Tarasy,20:10,,,regular,2026-09-03T12:39:50.326009
2026-09-03,czwartek,warszawa,Toy Story 5 (dubbing),Cinema City Warszawa Arkadia,11:10,,dubbing,regular,2026-09-03T12:39:50.326009
2026-09-03,czwartek,warszawa,Toy Story 5 (dubbing),Cinema City Warszawa Bemowo,11:30,,dubbing,regular,2026-09-03T12:39:50.326009
2026-09-03,czwartek,warszawa,Toy Story 5 (dubbing),Cinema City Warszawa Galeria Mokotów,10:00,,dubbing,regular,2026-09-03T12:39:50.326009
2026-09-03,czwartek,warszawa,Toy Story 5 (dubbing),Cinema City Warszawa Galeria Północna,12:30,,dubbing,regular,2026-09-03T12:39:50.326009
2026-09-03,czwartek,warszawa,Toy Story 5 (dubbing),Cinema City Warszawa Promenada,10:15,,dubbing,regular,2026-09-03T12:39:50.326009
2026-09-03,czwartek,warszawa,Toy Story 5 (dubbing),Cinema City Warszawa Promenada,11:30,,dubbing,regular,2026-09-03T12:39:50.326009
2026-09-03,czwartek,warszawa,Toy Story 5 (dubbing),Cinema City Warszawa Sadyba,11:00,,dubbing,regular,2026-09-03T12:39:50.326009
2026-09-03,czwartek,warszawa,Toy Story 5 (dubbing),Cinema City Warszawa Sadyba,13:20,,dubbing,regular,2026-09-03T12:39:50.326009
2026-09-03,czwartek,warszawa,Toy Story 5 (dubbing),Cinema City Warszawa Sadyba,15:50,,dubbing,regular,2026-09-03T12:39:50.326009
2026-09-03,czwartek,warszawa,Toy Story 5 (dubbing),Multikino Targówek,10:15,,dubbing,regular,2026-09-03T12:39:50.326009
2026-09-03,czwartek,warszawa,Tylko jedna noc,Cinema City Warszawa Arkadia,13:10,,,regular,2026-09-03T12:39:50.326009
2026-09-03,czwartek,warszawa,Tylko jedna noc,Cinema City Warszawa Arkadia,20:50,,,regular,2026-09-03T12:39:50.326009
2026-09-03,czwartek,warszawa,Tylko jedna noc,Cinema City Warszawa Bemowo,21:50,,,regular,2026-09-03T12:39:50.326009
2026-09-03,czwartek,warszawa,Tylko jedna noc,Cinema City Warszawa Galeria Mokotów,18:50,,,regular,2026-09-03T12:39:50.326009
2026-09-03,czwartek,warszawa,Tylko jedna noc,Cinema City Warszawa Galeria Mokotów,21:20,,,regular,2026-09-03T12:39:50.326009
2026-09-03,czwartek,warszawa,Tylko jedna noc,Cinema City Warszawa Galeria Północna,11:00,,,regular,2026-09-03T12:39:50.326009
2026-09-03,czwartek,warszawa,Tylko jedna noc,Cinema City Warszawa Galeria Północna,12:40,,,regular,2026-09-03T12:39:50.326009
2026-09-03,czwartek,warszawa,Tylko jedna noc,Cinema City Warszawa Galeria Północna,17:30,,,regular,2026-09-03T12:39:50.326009
2026-09-03,czwartek,warszawa,Tylko jedna noc,Cinema City Warszawa Promenada,12:45,,,regular,2026-09-03T12:39:50.326009
2026-09-03,czwartek,warszawa,Tylko jedna noc,Cinema City Warszawa Sadyba,16:20,,,regular,2026-09-03T12:39:50.326009
2026-09-03,czwartek,warszawa,Tylko jedna noc,Kinoteka w Warszawie,16:40,,,regular,2026-09-03T12:39:50.326009
2026-09-03,czwartek,warszawa,Tylko jedna noc,Multikino Młociny,10:55,,,regular,2026-09-03T12:39:50.326009
2026-09-03,czwartek,warszawa,Tylko jedna noc,Multikino Targówek,21:25,,,regular,2026-09-03T12:39:50.326009
2026-09-03,czwartek,warszawa,Tylko jedna noc,Multikino Złote Tarasy,13:00,,,regular,2026-09-03T12:39:50.326009
2026-09-03,czwartek,warszawa,Tylko kochankowie przeżyją,Kino Muranów w Warszawie,22:30,,,regular,2026-09-03T12:39:50.326009
2026-09-03,czwartek,warszawa,Vaiana (dubbing),Cinema City Warszawa Arkadia,10:00,,dubbing,regular,2026-09-03T12:39:50.326009
2026-09-03,czwartek,warszawa,Vaiana (dubbing),Cinema City Warszawa Bemowo,11:20,,dubbing,regular,2026-09-03T12:39:50.326009
2026-09-03,czwartek,warszawa,Vaiana (dubbing),Cinema City Warszawa Promenada,10:40,,dubbing,regular,2026-09-03T12:39:50.326009
2026-09-03,czwartek,warszawa,Vaiana (dubbing),Cinema City Warszawa Promenada,13:20,,dubbing,regular,2026-09-03T12:39:50.326009
2026-09-03,czwartek,warszawa,Vaiana (dubbing),Cinema City Warszawa Sadyba,12:00,,dubbing,regular,2026-09-03T12:39:50.326009
2026-09-03,czwartek,warszawa,Vaiana (dubbing),Multikino Targówek,10:40,,dubbing,regular,2026-09-03T12:39:50.326009
2026-09-03,czwartek,warszawa,Vivaldi i ja,Cinema City Warszawa Arkadia,10:50,,,regular,2026-09-03T12:39:50.326009
2026-09-03,czwartek,warszawa,Vivaldi i ja,Cinema City Warszawa Bemowo,14:00,,,regular,2026-09-03T12:39:50.326009
2026-09-03,czwartek,warszawa,Vivaldi i ja,Cinema City Warszawa Promenada,12:10,,,regular,2026-09-03T12:39:50.326009
2026-09-03,czwartek,warszawa,Vivaldi i ja,Kino Głębocka 66 w Warszawie,18:00,,,regular,2026-09-03T12:39:50.326009
2026-09-03,czwartek,warszawa,Vivaldi i ja,Kino na Boku - Białołęcki Ośrodek Kultury w Warszawie,17:30,,,regular,2026-09-03T12:39:50.326009
2026-09-03,czwartek,warszawa,Vivaldi i ja,Kinokawiarnia Stacja Falenica w Warszawie,18:00,,,regular,2026-09-03T12:39:50.326009
2026-09-03,czwartek,warszawa,Vivaldi i ja,Kinoteka w Warszawie,19:10,,,regular,2026-09-03T12:39:50.326009
2026-09-03,czwartek,warszawa,Wrong Girls,Cinema City Warszawa Arkadia,15:50,,,regular,2026-09-03T12:39:50.326009
2026-09-03,czwartek,warszawa,Wrong Girls,Cinema City Warszawa Arkadia,18:20,,,regular,2026-09-03T12:39:50.326009
2026-09-03,czwartek,warszawa,Wrong Girls,Cinema City Warszawa Bemowo,16:20,,,regular,2026-09-03T12:39:50.326009
2026-09-03,czwartek,warszawa,Wrong Girls,Cinema City Warszawa Galeria Północna,18:10,,,regular,2026-09-03T12:39:50.326009
2026-09-03,czwartek,warszawa,Wrong Girls,Cinema City Warszawa Galeria Północna,22:00,,,regular,2026-09-03T12:39:50.326009
2026-09-03,czwartek,warszawa,Wrong Girls,Cinema City Warszawa Promenada,16:20,,,regular,2026-09-03T12:39:50.326009
2026-09-03,czwartek,warszawa,Wrong Girls,Cinema City Warszawa Sadyba,17:00,,,regular,2026-09-03T12:39:50.326009
2026-09-03,czwartek,warszawa,Wrong Girls,Kinoteka w Warszawie,21:00,,,regular,2026-09-03T12:39:50.326009
2026-09-03,czwartek,warszawa,Wszyscy moi wrogowie,Cinema City Warszawa Arkadia,12:50,,,regular,2026-09-03T12:39:50.326009
2026-09-03,czwartek,warszawa,Wszyscy moi wrogowie,Cinema City Warszawa Arkadia,20:40,,,regular,2026-09-03T12:39:50.326009
2026-09-03,czwartek,warszawa,Wszyscy moi wrogowie,Cinema City Warszawa Bemowo,21:10,,,regular,2026-09-03T12:39:50.326009
2026-09-03,czwartek,warszawa,Wszyscy moi wrogowie,Cinema City Warszawa Galeria Północna,18:20,,,regular,2026-09-03T12:39:50.326009
2026-09-03,czwartek,warszawa,Wszyscy moi wrogowie,Cinema City Warszawa Galeria Północna,21:20,,,regular,2026-09-03T12:39:50.326009
2026-09-03,czwartek,warszawa,Wszyscy moi wrogowie,Cinema City Warszawa Promenada,13:10,,,regular,2026-09-03T12:39:50.326009
2026-09-03,czwartek,warszawa,Zaproszenie,Cinema City Warszawa Bemowo,15:30,,,regular,2026-09-03T12:39:50.326009
2026-09-03,czwartek,warszawa,Zaproszenie,Cinema City Warszawa Promenada,14:00,,,regular,2026-09-03T12:39:50.326009
2026-09-03,czwartek,warszawa,Zaproszenie,Kino Luna w Warszawie,15:45,,,regular,2026-09-03T12:39:50.326009
2026-09-03,czwartek,warszawa,Zaproszenie,KinoGram w Warszawie,21:00,,,regular,2026-09-03T12:39:50.326009
2026-09-03,czwartek,warszawa,Zaproszenie,Kinoteka w Warszawie,18:00,,,regular,2026-09-03T12:39:50.326009
2026-09-03,czwartek,warszawa,Zaproszenie,Kinoteka w Warszawie,21:15,,,regular,2026-09-03T12:39:50.326009
2026-09-03,czwartek,warszawa,Zaproszenie,Multikino Targówek,18:35,,,regular,2026-09-03T12:39:50.326009
2026-09-03,czwartek,warszawa,Zła nie ma,Kino Muranów w Warszawie,22:15,,,regular,2026-09-03T12:39:50.326009
2026-09-03,czwartek,warszawa,Zróbmy sobie przerwę,Helios Warszawa Blue City,20:30,,,regular,2026-09-03T12:39:50.326009
2026-09-03,czwartek,warszawa,АСТРАЛ: ЗА МЕЖАМИ ПОТОЙБІЧЧЯ / Naznaczony: Wyjście z mrocznego wymiaru (ukr.),Cinema City Warszawa Arkadia,22:10,,,regular,2026-09-03T12:39:50.326009
2026-09-03,czwartek,warszawa,Людина-павук: Абсолютно новий день / Spider-Man. Całkiem nowy dzień (ukr.),Cinema City Warszawa Arkadia,10:00,,,regular,2026-09-03T12:39:50.326009
2026-09-03,czwartek,warszawa,Людина-павук: Абсолютно новий день / Spider-Man. Całkiem nowy dzień (ukr.),Helios Warszawa Blue City,14:50,,,regular,2026-09-03T12:39:50.326009
2026-09-03,czwartek,warszawa,Людина-павук: Абсолютно новий день / Spider-Man. Całkiem nowy dzień (ukr.),Helios Warszawa Blue City,21:10,,,regular,2026-09-03T12:39:50.326009
2026-09-03,czwartek,warszawa,Людина-павук: Абсолютно новий день / Spider-Man. Całkiem nowy dzień (ukr.),Multikino Atrium Reduta w Warszawie,13:00,,,regular,2026-09-03T12:39:50.326009
2026-09-03,czwartek,warszawa,Сузір'я великого пса / Gwiazdozbiór Psa (ukr.),Cinema City Warszawa Arkadia,21:00,,,regular,2026-09-03T12:39:50.326009
2026-09-03,czwartek,warszawa,Сузір'я великого пса / Gwiazdozbiór Psa (ukr.),Cinema City Warszawa Galeria Mokotów,16:50,,,regular,2026-09-03T12:39:50.326009
2026-09-03,czwartek,warszawa,Сузір'я великого пса / Gwiazdozbiór Psa (ukr.),Cinema City Warszawa Galeria Północna,20:30,,,regular,2026-09-03T12:39:50.326009
2026-09-03,czwartek,warszawa,Сузір'я великого пса / Gwiazdozbiór Psa (ukr.),Helios Warszawa Blue City,15:45,,,regular,2026-09-03T12:39:50.326009
2026-09-03,czwartek,kraków,Backrooms. Bez wyjścia,Cinema City Kraków Bonarka,22:20,,,regular,2026-09-03T12:39:53.258950
2026-09-03,czwartek,kraków,Bogaci i martwi,Cinema City Kraków Bonarka,20:50,,,regular,2026-09-03T12:39:53.258950
2026-09-03,czwartek,kraków,Bogaci i martwi,Cinema City Kraków Galeria Kazimierz,13:40,,,regular,2026-09-03T12:39:53.258950
2026-09-03,czwartek,kraków,Bogaci i martwi,Cinema City Kraków Galeria Kazimierz,21:15,,,regular,2026-09-03T12:39:53.258950
2026-09-03,czwartek,kraków,Bogaci i martwi,Cinema City Kraków Zakopianka,15:30,,,regular,2026-09-03T12:39:53.258950
2026-09-03,czwartek,kraków,Bogaci i martwi,Kino Kijów w Krakowie,16:00,,,regular,2026-09-03T12:39:53.258950
2026-09-03,czwartek,kraków,Buntownik,Cinema City Kraków Bonarka,11:40,,,regular,2026-09-03T12:39:53.258950
2026-09-03,czwartek,kraków,Buntownik,Cinema City Kraków Bonarka,14:00,,,regular,2026-09-03T12:39:53.258950
2026-09-03,czwartek,kraków,Buntownik,Cinema City Kraków Bonarka,16:20,,,regular,2026-09-03T12:39:53.258950
2026-09-03,czwartek,kraków,Buntownik,Cinema City Kraków Bonarka,18:40,,,regular,2026-09-03T12:39:53.258950
2026-09-03,czwartek,kraków,Buntownik,Cinema City Kraków Bonarka,21:00,,,regular,2026-09-03T12:39:53.258950
2026-09-03,czwartek,kraków,Buntownik,Cinema City Kraków Galeria Kazimierz,16:00,,,regular,2026-09-03T12:39:53.258950
2026-09-03,czwartek,kraków,Buntownik,Cinema City Kraków Galeria Kazimierz,21:10,,,regular,2026-09-03T12:39:53.258950
2026-09-03,czwartek,kraków,Buntownik,Cinema City Kraków Zakopianka,13:15,,,regular,2026-09-03T12:39:53.258950
2026-09-03,czwartek,kraków,Buntownik,Cinema City Kraków Zakopianka,21:20,,,regular,2026-09-03T12:39:53.258950
2026-09-03,czwartek,kraków,Buntownik,Kino Kijów w Krakowie,18:15,,,regular,2026-09-03T12:39:53.258950
2026-09-03,czwartek,kraków,Buntownik,Kino Kijów w Krakowie,20:15,,,regular,2026-09-03T12:39:53.258950
2026-09-03,czwartek,kraków,Buntownik,Multikino Kraków,18:25,,,regular,2026-09-03T12:39:53.258950
2026-09-03,czwartek,kraków,Buntownik,Multikino Kraków,20:40,,,regular,2026-09-03T12:39:53.258950
2026-09-03,czwartek,kraków,Camino dla opornych,Kino Kijów w Krakowie,13:00,,,regular,2026-09-03T12:39:53.258950
2026-09-03,czwartek,kraków,Drama,Kino Pod Baranami w Krakowie,16:15,,,regular,2026-09-03T12:39:53.258950
2026-09-03,czwartek,kraków,Ekipa zwierzaków (dubbing),Cinema City Kraków Galeria Kazimierz,10:00,,dubbing,regular,2026-09-03T12:39:53.258950
2026-09-03,czwartek,kraków,Flavia de Luce (dubbing),Cinema City Kraków Galeria Kazimierz,11:30,,dubbing,regular,2026-09-03T12:39:53.258950
2026-09-03,czwartek,kraków,Frances Ha,Kino Pod Baranami w Krakowie,20:45,,,regular,2026-09-03T12:39:53.258950
2026-09-03,czwartek,kraków,Gorzkie święta,Cinema City Kraków Bonarka,11:40,,,regular,2026-09-03T12:39:53.258950
2026-09-03,czwartek,kraków,Gorzkie święta,Cinema City Kraków Bonarka,18:00,,,regular,2026-09-03T12:39:53.258950
2026-09-03,czwartek,kraków,Gorzkie święta,Cinema City Kraków Bonarka,20:30,,,regular,2026-09-03T12:39:53.258950
2026-09-03,czwartek,kraków,Gorzkie święta,Cinema City Kraków Galeria Kazimierz,17:40,,,regular,2026-09-03T12:39:53.258950
2026-09-03,czwartek,kraków,Gorzkie święta,Cinema City Kraków Galeria Kazimierz,20:40,,,regular,2026-09-03T12:39:53.258950
2026-09-03,czwartek,kraków,Gorzkie święta,Cinema City Kraków Zakopianka,19:20,,,regular,2026-09-03T12:39:53.258950
2026-09-03,czwartek,kraków,Gorzkie święta,Kino Agrafka w Krakowie,16:00,,,regular,2026-09-03T12:39:53.258950
2026-09-03,czwartek,kraków,Gorzkie święta,Kino Kijów w Krakowie,18:15,,,regular,2026-09-03T12:39:53.258950
2026-09-03,czwartek,kraków,Gorzkie święta,Kino Mikro w Galerii Bronowice w Krakowie,17:15,,,regular,2026-09-03T12:39:53.258950
2026-09-03,czwartek,kraków,Gorzkie święta,Kino Mikro w Krakowie,14:30,,,regular,2026-09-03T12:39:53.258950
2026-09-03,czwartek,kraków,Gorzkie święta,Kino Mikro w Krakowie,18:30,,,regular,2026-09-03T12:39:53.258950
2026-09-03,czwartek,kraków,Gorzkie święta,Kino Sfinks w Krakowie,19:00,,,regular,2026-09-03T12:39:53.258950
2026-09-03,czwartek,kraków,Gorzkie święta,Multikino Kraków,17:55,,,regular,2026-09-03T12:39:53.258950
2026-09-03,czwartek,kraków,Gorzkie święta,Multikino Kraków,20:30,,,regular,2026-09-03T12:39:53.258950
2026-09-03,czwartek,kraków,Gwiazdozbiór Psa,Cinema City Kraków Bonarka,11:00,,,regular,2026-09-03T12:39:53.258950
2026-09-03,czwartek,kraków,Gwiazdozbiór Psa,Cinema City Kraków Bonarka,12:40,,,regular,2026-09-03T12:39:53.258950
2026-09-03,czwartek,kraków,Gwiazdozbiór Psa,Cinema City Kraków Bonarka,13:40,,,regular,2026-09-03T12:39:53.258950
2026-09-03,czwartek,kraków,Gwiazdozbiór Psa,Cinema City Kraków Bonarka,14:00,,,regular,2026-09-03T12:39:53.258950
2026-09-03,czwartek,kraków,Gwiazdozbiór Psa,Cinema City Kraków Bonarka,14:10,,,regular,2026-09-03T12:39:53.258950
2026-09-03,czwartek,kraków,Gwiazdozbiór Psa,Cinema City Kraków Bonarka,15:20,,,regular,2026-09-03T12:39:53.258950
2026-09-03,czwartek,kraków,Gwiazdozbiór Psa,Cinema City Kraków Bonarka,16:20,,,regular,2026-09-03T12:39:53.258950
2026-09-03,czwartek,kraków,Gwiazdozbiór Psa,Cinema City Kraków Bonarka,16:40,,,regular,2026-09-03T12:39:53.258950
2026-09-03,czwartek,kraków,Gwiazdozbiór Psa,Cinema City Kraków Bonarka,19:00,,,regular,2026-09-03T12:39:53.258950
2026-09-03,czwartek,kraków,Gwiazdozbiór Psa,Cinema City Kraków Bonarka,19:20,,,regular,2026-09-03T12:39:53.258950
2026-09-03,czwartek,kraków,Gwiazdozbiór Psa,Cinema City Kraków Bonarka,19:50,,,regular,2026-09-03T12:39:53.258950
2026-09-03,czwartek,kraków,Gwiazdozbiór Psa,Cinema City Kraków Bonarka,20:20,,,regular,2026-09-03T12:39:53.258950
2026-09-03,czwartek,kraków,Gwiazdozbiór Psa,Cinema City Kraków Bonarka,21:40,,,regular,2026-09-03T12:39:53.258950
2026-09-03,czwartek,kraków,Gwiazdozbiór Psa,Cinema City Kraków Bonarka,22:00,,,regular,2026-09-03T12:39:53.258950
2026-09-03,czwartek,kraków,Gwiazdozbiór Psa,Cinema City Kraków Galeria Kazimierz,11:50,,,regular,2026-09-03T12:39:53.258950
2026-09-03,czwartek,kraków,Gwiazdozbiór Psa,Cinema City Kraków Galeria Kazimierz,14:30,,,regular,2026-09-03T12:39:53.258950
2026-09-03,czwartek,kraków,Gwiazdozbiór Psa,Cinema City Kraków Galeria Kazimierz,17:10,,,regular,2026-09-03T12:39:53.258950
2026-09-03,czwartek,kraków,Gwiazdozbiór Psa,Cinema City Kraków Galeria Kazimierz,19:50,,,regular,2026-09-03T12:39:53.258950
2026-09-03,czwartek,kraków,Gwiazdozbiór Psa,Cinema City Kraków Galeria Kazimierz,21:00,,,regular,2026-09-03T12:39:53.258950
2026-09-03,czwartek,kraków,Gwiazdozbiór Psa,Cinema City Kraków Galeria Kazimierz,22:30,,,regular,2026-09-03T12:39:53.258950
2026-09-03,czwartek,kraków,Gwiazdozbiór Psa,Cinema City Kraków Zakopianka,11:50,,,regular,2026-09-03T12:39:53.258950
2026-09-03,czwartek,kraków,Gwiazdozbiór Psa,Cinema City Kraków Zakopianka,12:30,,,regular,2026-09-03T12:39:53.258950
2026-09-03,czwartek,kraków,Gwiazdozbiór Psa,Cinema City Kraków Zakopianka,14:30,,,regular,2026-09-03T12:39:53.258950
2026-09-03,czwartek,kraków,Gwiazdozbiór Psa,Cinema City Kraków Zakopianka,17:10,,,regular,2026-09-03T12:39:53.258950
2026-09-03,czwartek,kraków,Gwiazdozbiór Psa,Cinema City Kraków Zakopianka,18:45,,,regular,2026-09-03T12:39:53.258950
2026-09-03,czwartek,kraków,Gwiazdozbiór Psa,Cinema City Kraków Zakopianka,19:50,,,regular,2026-09-03T12:39:53.258950
2026-09-03,czwartek,kraków,Gwiazdozbiór Psa,Cinema City Kraków Zakopianka,21:30,,,regular,2026-09-03T12:39:53.258950
2026-09-03,czwartek,kraków,Gwiazdozbiór Psa,Kino Kijów w Krakowie,16:00,,,regular,2026-09-03T12:39:53.258950
2026-09-03,czwartek,kraków,Gwiazdozbiór Psa,Kino Kijów w Krakowie,20:45,,,regular,2026-09-03T12:39:53.258950
2026-09-03,czwartek,kraków,Gwiazdozbiór Psa,Multikino Kraków,14:45,,,regular,2026-09-03T12:39:53.258950
2026-09-03,czwartek,kraków,Gwiazdozbiór Psa,Multikino Kraków,17:30,,,regular,2026-09-03T12:39:53.258950
2026-09-03,czwartek,kraków,Gwiazdozbiór Psa,Multikino Kraków,20:15,,,regular,2026-09-03T12:39:53.258950
2026-09-03,czwartek,kraków,Harry Potter i Insygnia Śmierci cz. 2 (dubbing),Multikino Kraków,17:15,,dubbing,regular,2026-09-03T12:39:53.258950
2026-09-03,czwartek,kraków,Harry Potter i Kamień Filozoficzny (dubbing),Cinema City Kraków Bonarka,16:30,,dubbing,regular,2026-09-03T12:39:53.258950
2026-09-03,czwartek,kraków,Harry Potter i Kamień Filozoficzny (dubbing),Cinema City Kraków Bonarka,17:30,,dubbing,regular,2026-09-03T12:39:53.258950
2026-09-03,czwartek,kraków,Harry Potter i Kamień Filozoficzny (dubbing),Cinema City Kraków Galeria Kazimierz,16:30,,dubbing,regular,2026-09-03T12:39:53.258950
2026-09-03,czwartek,kraków,Harry Potter i Kamień Filozoficzny (dubbing),Cinema City Kraków Zakopianka,18:00,,dubbing,regular,2026-09-03T12:39:53.258950
2026-09-03,czwartek,kraków,Harry Potter i Kamień Filozoficzny (dubbing),Multikino Kraków,14:00,,dubbing,regular,2026-09-03T12:39:53.258950
2026-09-03,czwartek,kraków,Historie równoległe,Kino Kijów w Krakowie,15:15,,,regular,2026-09-03T12:39:53.258950
2026-09-03,czwartek,kraków,Historie równoległe,Kino Kijów w Krakowie,20:15,,,regular,2026-09-03T12:39:53.258950
2026-09-03,czwartek,kraków,Kandydaci śmierci,Kino Mikro w Krakowie,18:45,,,regular,2026-09-03T12:39:53.258950
2026-09-03,czwartek,kraków,Kandydaci śmierci,Kino Paradox w Krakowie,17:00,,,regular,2026-09-03T12:39:53.258950
2026-09-03,czwartek,kraków,Koniec Ulicy Dębowej,Cinema City Kraków Bonarka,10:00,,,regular,2026-09-03T12:39:53.258950
2026-09-03,czwartek,kraków,Koniec Ulicy Dębowej,Cinema City Kraków Bonarka,12:30,,,regular,2026-09-03T12:39:53.258950
2026-09-03,czwartek,kraków,Koniec Ulicy Dębowej,Cinema City Kraków Bonarka,15:10,,,regular,2026-09-03T12:39:53.258950
2026-09-03,czwartek,kraków,Koniec Ulicy Dębowej,Cinema City Kraków Bonarka,17:50,,,regular,2026-09-03T12:39:53.258950
2026-09-03,czwartek,kraków,Koniec Ulicy Dębowej,Cinema City Kraków Galeria Kazimierz,13:45,,,regular,2026-09-03T12:39:53.258950
2026-09-03,czwartek,kraków,Koniec Ulicy Dębowej,Cinema City Kraków Galeria Kazimierz,16:00,,,regular,2026-09-03T12:39:53.258950
2026-09-03,czwartek,kraków,Koniec Ulicy Dębowej,Cinema City Kraków Galeria Kazimierz,21:50,,,regular,2026-09-03T12:39:53.258950
2026-09-03,czwartek,kraków,Koniec Ulicy Dębowej,Cinema City Kraków Zakopianka,14:30,,,regular,2026-09-03T12:39:53.258950
2026-09-03,czwartek,kraków,Koniec Ulicy Dębowej,Cinema City Kraków Zakopianka,21:30,,,regular,2026-09-03T12:39:53.258950
2026-09-03,czwartek,kraków,Koniec Ulicy Dębowej,Multikino Kraków,15:20,,,regular,2026-09-03T12:39:53.258950
2026-09-03,czwartek,kraków,Kręciołek (dubbing),Kino Kijów w Krakowie,11:15,,dubbing,regular,2026-09-03T12:39:53.258950
2026-09-03,czwartek,kraków,Kręciołek (dubbing),Kino Kijów w Krakowie,14:15,,dubbing,regular,2026-09-03T12:39:53.258950
2026-09-03,czwartek,kraków,Kręciołek (dubbing),Kino Mikro w Galerii Bronowice w Krakowie,14:00,,dubbing,regular,2026-09-03T12:39:53.258950
2026-09-03,czwartek,kraków,Księga pustyni,Kino Kijów w Krakowie,10:45,,,regular,2026-09-03T12:39:53.258950
2026-09-03,czwartek,kraków,Księga pustyni,Kino Kijów w Krakowie,14:15,,,regular,2026-09-03T12:39:53.258950
2026-09-03,czwartek,kraków,Księga pustyni (dubbing),Cinema City Kraków Bonarka,11:10,,dubbing,regular,2026-09-03T12:39:53.258950
2026-09-03,czwartek,kraków,Księga pustyni (dubbing),Cinema City Kraków Bonarka,13:30,,dubbing,regular,2026-09-03T12:39:53.258950
2026-09-03,czwartek,kraków,Księga pustyni (dubbing),Cinema City Kraków Bonarka,14:10,,dubbing,regular,2026-09-03T12:39:53.258950
2026-09-03,czwartek,kraków,Księga pustyni (dubbing),Cinema City Kraków Bonarka,15:40,,dubbing,regular,2026-09-03T12:39:53.258950
2026-09-03,czwartek,kraków,Księga pustyni (dubbing),Cinema City Kraków Galeria Kazimierz,10:15,,dubbing,regular,2026-09-03T12:39:53.258950
2026-09-03,czwartek,kraków,Księga pustyni (dubbing),Cinema City Kraków Galeria Kazimierz,12:30,,dubbing,regular,2026-09-03T12:39:53.258950
2026-09-03,czwartek,kraków,Księga pustyni (dubbing),Cinema City Kraków Zakopianka,12:10,,dubbing,regular,2026-09-03T12:39:53.258950
2026-09-03,czwartek,kraków,Księga pustyni (dubbing),Cinema City Kraków Zakopianka,14:00,,dubbing,regular,2026-09-03T12:39:53.258950
2026-09-03,czwartek,kraków,Księga pustyni (dubbing),Cinema City Kraków Zakopianka,16:15,,dubbing,regular,2026-09-03T12:39:53.258950
2026-09-03,czwartek,kraków,Księga pustyni (dubbing),Kino Mikro w Galerii Bronowice w Krakowie,15:30,,dubbing,regular,2026-09-03T12:39:53.258950
2026-09-03,czwartek,kraków,Księga pustyni (dubbing),Multikino Kraków,10:30,,dubbing,regular,2026-09-03T12:39:53.258950
2026-09-03,czwartek,kraków,Księga pustyni (dubbing),Multikino Kraków,14:45,,dubbing,regular,2026-09-03T12:39:53.258950
2026-09-03,czwartek,kraków,Księga pustyni (dubbing),Multikino Kraków,17:00,,dubbing,regular,2026-09-03T12:39:53.258950
2026-09-03,czwartek,kraków,"Miłość, śmierć i dojrzewanie na Obozie Miasma",Kino Mikro w Krakowie,20:30,,,regular,2026-09-03T12:39:53.258950
2026-09-03,czwartek,kraków,"Miłość, śmierć i dojrzewanie na Obozie Miasma",Multikino Kraków,19:15,,,regular,2026-09-03T12:39:53.258950
2026-09-03,czwartek,kraków,Minionki i straszydła (dubbing),Cinema City Kraków Bonarka,11:40,,dubbing,regular,2026-09-03T12:39:53.258950
2026-09-03,czwartek,kraków,Minionki i straszydła (dubbing),Cinema City Kraków Bonarka,13:50,,dubbing,regular,2026-09-03T12:39:53.258950
2026-09-03,czwartek,kraków,Minionki i straszydła (dubbing),Cinema City Kraków Bonarka,16:10,,dubbing,regular,2026-09-03T12:39:53.258950
2026-09-03,czwartek,kraków,Minionki i straszydła (dubbing),Cinema City Kraków Galeria Kazimierz,11:40,,dubbing,regular,2026-09-03T12:39:53.258950
2026-09-03,czwartek,kraków,Minionki i straszydła (dubbing),Cinema City Kraków Galeria Kazimierz,13:50,,dubbing,regular,2026-09-03T12:39:53.258950
2026-09-03,czwartek,kraków,Minionki i straszydła (dubbing),Cinema City Kraków Zakopianka,11:10,,dubbing,regular,2026-09-03T12:39:53.258950
2026-09-03,czwartek,kraków,Minionki i straszydła (dubbing),Cinema City Kraków Zakopianka,13:50,,dubbing,regular,2026-09-03T12:39:53.258950
2026-09-03,czwartek,kraków,Minionki i straszydła (dubbing),Cinema City Kraków Zakopianka,16:00,,dubbing,regular,2026-09-03T12:39:53.258950
2026-09-03,czwartek,kraków,Minionki i straszydła (dubbing),Multikino Kraków,10:00,,dubbing,regular,2026-09-03T12:39:53.258950
2026-09-03,czwartek,kraków,Minionki i straszydła (dubbing),Multikino Kraków,11:50,,dubbing,regular,2026-09-03T12:39:53.258950
2026-09-03,czwartek,kraków,Naznaczony: Wyjście z mrocznego wymiaru,Cinema City Kraków Bonarka,10:50,,,regular,2026-09-03T12:39:53.258950
2026-09-03,czwartek,kraków,Naznaczony: Wyjście z mrocznego wymiaru,Cinema City Kraków Bonarka,13:20,,,regular,2026-09-03T12:39:53.258950
2026-09-03,czwartek,kraków,Naznaczony: Wyjście z mrocznego wymiaru,Cinema City Kraków Bonarka,15:50,,,regular,2026-09-03T12:39:53.258950
2026-09-03,czwartek,kraków,Naznaczony: Wyjście z mrocznego wymiaru,Cinema City Kraków Bonarka,18:20,,,regular,2026-09-03T12:39:53.258950
2026-09-03,czwartek,kraków,Naznaczony: Wyjście z mrocznego wymiaru,Cinema City Kraków Bonarka,20:50,,,regular,2026-09-03T12:39:53.258950
2026-09-03,czwartek,kraków,Naznaczony: Wyjście z mrocznego wymiaru,Cinema City Kraków Bonarka,22:20,,,regular,2026-09-03T12:39:53.258950
2026-09-03,czwartek,kraków,Naznaczony: Wyjście z mrocznego wymiaru,Cinema City Kraków Galeria Kazimierz,15:30,,,regular,2026-09-03T12:39:53.258950
2026-09-03,czwartek,kraków,Naznaczony: Wyjście z mrocznego wymiaru,Cinema City Kraków Galeria Kazimierz,18:00,,,regular,2026-09-03T12:39:53.258950
2026-09-03,czwartek,kraków,Naznaczony: Wyjście z mrocznego wymiaru,Cinema City Kraków Galeria Kazimierz,20:30,,,regular,2026-09-03T12:39:53.258950
2026-09-03,czwartek,kraków,Naznaczony: Wyjście z mrocznego wymiaru,Cinema City Kraków Zakopianka,18:10,,,regular,2026-09-03T12:39:53.258950
2026-09-03,czwartek,kraków,Naznaczony: Wyjście z mrocznego wymiaru,Cinema City Kraków Zakopianka,20:40,,,regular,2026-09-03T12:39:53.258950
2026-09-03,czwartek,kraków,Naznaczony: Wyjście z mrocznego wymiaru,Cinema City Kraków Zakopianka,21:50,,,regular,2026-09-03T12:39:53.258950
2026-09-03,czwartek,kraków,Naznaczony: Wyjście z mrocznego wymiaru,Multikino Kraków,12:20,,,regular,2026-09-03T12:39:53.258950
2026-09-03,czwartek,kraków,Naznaczony: Wyjście z mrocznego wymiaru,Multikino Kraków,16:20,,,regular,2026-09-03T12:39:53.258950
2026-09-03,czwartek,kraków,Naznaczony: Wyjście z mrocznego wymiaru,Multikino Kraków,18:45,,,regular,2026-09-03T12:39:53.258950
2026-09-03,czwartek,kraków,Naznaczony: Wyjście z mrocznego wymiaru,Multikino Kraków,20:25,,,regular,2026-09-03T12:39:53.258950
2026-09-03,czwartek,kraków,Nie patrz w dół 2,Cinema City Kraków Bonarka,18:20,,,regular,2026-09-03T12:39:53.258950
2026-09-03,czwartek,kraków,Nie patrz w dół 2,Cinema City Kraków Galeria Kazimierz,18:40,,,regular,2026-09-03T12:39:53.258950
2026-09-03,czwartek,kraków,Nie patrz w dół 2,Cinema City Kraków Zakopianka,17:00,,,regular,2026-09-03T12:39:53.258950
2026-09-03,czwartek,kraków,Niebo nad Normandią,Kino Kijów w Krakowie,18:30,,,regular,2026-09-03T12:39:53.258950
2026-09-03,czwartek,kraków,Nowa fala,Kino Mikro w Krakowie,16:45,,,regular,2026-09-03T12:39:53.258950
2026-09-03,czwartek,kraków,Nowa fala,Multikino Kraków,20:00,,,regular,2026-09-03T12:39:53.258950
2026-09-03,czwartek,kraków,O czym wie Marielle,Kino Kijów w Krakowie,16:15,,,regular,2026-09-03T12:39:53.258950
2026-09-03,czwartek,kraków,O czym wie Marielle,Kino Mikro w Krakowie,15:00,,,regular,2026-09-03T12:39:53.258950
2026-09-03,czwartek,kraków,Obcy,Kino Agrafka w Krakowie,20:30,,,regular,2026-09-03T12:39:53.258950
2026-09-03,czwartek,kraków,Obsesja,Cinema City Kraków Galeria Kazimierz,22:00,,,regular,2026-09-03T12:39:53.258950
2026-09-03,czwartek,kraków,Odyseja,Cinema City Kraków Bonarka,10:10,,,regular,2026-09-03T12:39:53.258950
2026-09-03,czwartek,kraków,Odyseja,Cinema City Kraków Bonarka,11:50,,,regular,2026-09-03T12:39:53.258950
2026-09-03,czwartek,kraków,Odyseja,Cinema City Kraków Bonarka,13:50,,,regular,2026-09-03T12:39:53.258950
2026-09-03,czwartek,kraków,Odyseja,Cinema City Kraków Bonarka,14:40,,,regular,2026-09-03T12:39:53.258950
2026-09-03,czwartek,kraków,Odyseja,Cinema City Kraków Bonarka,17:50,,,regular,2026-09-03T12:39:53.258950
2026-09-03,czwartek,kraków,Odyseja,Cinema City Kraków Bonarka,18:20,,,regular,2026-09-03T12:39:53.258950
2026-09-03,czwartek,kraków,Odyseja,Cinema City Kraków Bonarka,20:50,,,regular,2026-09-03T12:39:53.258950
2026-09-03,czwartek,kraków,Odyseja,Cinema City Kraków Bonarka,21:20,,,regular,2026-09-03T12:39:53.258950
2026-09-03,czwartek,kraków,Odyseja,Cinema City Kraków Galeria Kazimierz,14:10,,,regular,2026-09-03T12:39:53.258950
2026-09-03,czwartek,kraków,Odyseja,Cinema City Kraków Galeria Kazimierz,20:10,,,regular,2026-09-03T12:39:53.258950
2026-09-03,czwartek,kraków,Odyseja,Cinema City Kraków Zakopianka,15:10,,,regular,2026-09-03T12:39:53.258950
2026-09-03,czwartek,kraków,Odyseja,Cinema City Kraków Zakopianka,16:30,,,regular,2026-09-03T12:39:53.258950
2026-09-03,czwartek,kraków,Odyseja,Cinema City Kraków Zakopianka,20:00,,,regular,2026-09-03T12:39:53.258950
2026-09-03,czwartek,kraków,Odyseja,Multikino Kraków,10:00,,,regular,2026-09-03T12:39:53.258950
2026-09-03,czwartek,kraków,Odyseja,Multikino Kraków,12:10,,,regular,2026-09-03T12:39:53.258950
2026-09-03,czwartek,kraków,Odyseja,Multikino Kraków,14:45,,,regular,2026-09-03T12:39:53.258950
2026-09-03,czwartek,kraków,Odyseja,Multikino Kraków,15:45,,,regular,2026-09-03T12:39:53.258950
2026-09-03,czwartek,kraków,Odyseja,Multikino Kraków,18:20,,,regular,2026-09-03T12:39:53.258950
2026-09-03,czwartek,kraków,Odyseja,Multikino Kraków,19:20,,,regular,2026-09-03T12:39:53.258950
2026-09-03,czwartek,kraków,Odzyskany,Kino Kijów w Krakowie,12:15,,,regular,2026-09-03T12:39:53.258950
2026-09-03,czwartek,kraków,Odzyskany,Kino Kijów w Krakowie,16:30,,,regular,2026-09-03T12:39:53.258950
2026-09-03,czwartek,kraków,Ostatni konsjerż,Kino Sfinks w Krakowie,18:00,,,regular,2026-09-03T12:39:53.258950
2026-09-03,czwartek,kraków,Ostrze przeznaczenia,Cinema City Kraków Bonarka,18:00,,,regular,2026-09-03T12:39:53.258950
2026-09-03,czwartek,kraków,Ostrze przeznaczenia,Cinema City Kraków Galeria Kazimierz,19:00,,,regular,2026-09-03T12:39:53.258950
2026-09-03,czwartek,kraków,Perfect Days,"Kino Pod Baranami w Małopolskim Ogrodzie Sztuki, czyli Barany w MOSie",17:45,,,regular,2026-09-03T12:39:53.258950
2026-09-03,czwartek,kraków,Proces,Kino Mikro w Krakowie,20:30,,,regular,2026-09-03T12:39:53.258950
2026-09-03,czwartek,kraków,Psi Patrol i dinozaury (dubbing),Cinema City Kraków Bonarka,10:00,,dubbing,regular,2026-09-03T12:39:53.258950
2026-09-03,czwartek,kraków,Psi Patrol i dinozaury (dubbing),Cinema City Kraków Bonarka,12:10,,dubbing,regular,2026-09-03T12:39:53.258950
2026-09-03,czwartek,kraków,Psi Patrol i dinozaury (dubbing),Cinema City Kraków Bonarka,14:20,,dubbing,regular,2026-09-03T12:39:53.258950
2026-09-03,czwartek,kraków,Psi Patrol i dinozaury (dubbing),Cinema City Kraków Bonarka,16:30,,dubbing,regular,2026-09-03T12:39:53.258950
2026-09-03,czwartek,kraków,Psi Patrol i dinozaury (dubbing),Cinema City Kraków Galeria Kazimierz,10:20,,dubbing,regular,2026-09-03T12:39:53.258950
2026-09-03,czwartek,kraków,Psi Patrol i dinozaury (dubbing),Cinema City Kraków Galeria Kazimierz,11:10,,dubbing,regular,2026-09-03T12:39:53.258950
2026-09-03,czwartek,kraków,Psi Patrol i dinozaury (dubbing),Cinema City Kraków Galeria Kazimierz,13:20,,dubbing,regular,2026-09-03T12:39:53.258950
2026-09-03,czwartek,kraków,Psi Patrol i dinozaury (dubbing),Cinema City Kraków Zakopianka,12:10,,dubbing,regular,2026-09-03T12:39:53.258950
2026-09-03,czwartek,kraków,Psi Patrol i dinozaury (dubbing),Cinema City Kraków Zakopianka,14:20,,dubbing,regular,2026-09-03T12:39:53.258950
2026-09-03,czwartek,kraków,Psi Patrol i dinozaury (dubbing),Cinema City Kraków Zakopianka,16:50,,dubbing,regular,2026-09-03T12:39:53.258950
2026-09-03,czwartek,kraków,Psi Patrol i dinozaury (dubbing),Kino Kijów w Krakowie,12:30,,dubbing,regular,2026-09-03T12:39:53.258950
2026-09-03,czwartek,kraków,Psi Patrol i dinozaury (dubbing),Kino Kijów w Krakowie,14:30,,dubbing,regular,2026-09-03T12:39:53.258950
2026-09-03,czwartek,kraków,Psi Patrol i dinozaury (dubbing),Multikino Kraków,10:25,,dubbing,regular,2026-09-03T12:39:53.258950
2026-09-03,czwartek,kraków,Psi Patrol i dinozaury (dubbing),Multikino Kraków,11:40,,dubbing,regular,2026-09-03T12:39:53.258950
2026-09-03,czwartek,kraków,Psi Patrol i dinozaury (dubbing),Multikino Kraków,12:35,,dubbing,regular,2026-09-03T12:39:53.258950
2026-09-03,czwartek,kraków,Psi Patrol i dinozaury (dubbing),Multikino Kraków,13:50,,dubbing,regular,2026-09-03T12:39:53.258950
2026-09-03,czwartek,kraków,Psi Patrol i dinozaury (dubbing),Multikino Kraków,16:00,,dubbing,regular,2026-09-03T12:39:53.258950
2026-09-03,czwartek,kraków,Psi Patrol i dinozaury (dubbing),Multikino Kraków,18:10,,dubbing,regular,2026-09-03T12:39:53.258950
2026-09-03,czwartek,kraków,Pucio kocha zwierzaki,Cinema City Kraków Bonarka,10:30,,,regular,2026-09-03T12:39:53.258950
2026-09-03,czwartek,kraków,Pucio kocha zwierzaki,Cinema City Kraków Bonarka,12:00,,,regular,2026-09-03T12:39:53.258950
2026-09-03,czwartek,kraków,Pucio kocha zwierzaki,Cinema City Kraków Bonarka,13:30,,,regular,2026-09-03T12:39:53.258950
2026-09-03,czwartek,kraków,Pucio kocha zwierzaki,Cinema City Kraków Bonarka,15:00,,,regular,2026-09-03T12:39:53.258950
2026-09-03,czwartek,kraków,Pucio kocha zwierzaki,Cinema City Kraków Bonarka,16:30,,,regular,2026-09-03T12:39:53.258950
2026-09-03,czwartek,kraków,Pucio kocha zwierzaki,Cinema City Kraków Galeria Kazimierz,10:10,,,regular,2026-09-03T12:39:53.258950
2026-09-03,czwartek,kraków,Pucio kocha zwierzaki,Cinema City Kraków Galeria Kazimierz,12:00,,,regular,2026-09-03T12:39:53.258950
2026-09-03,czwartek,kraków,Pucio kocha zwierzaki,Cinema City Kraków Galeria Kazimierz,13:30,,,regular,2026-09-03T12:39:53.258950
2026-09-03,czwartek,kraków,Pucio kocha zwierzaki,Cinema City Kraków Galeria Kazimierz,15:00,,,regular,2026-09-03T12:39:53.258950
2026-09-03,czwartek,kraków,Pucio kocha zwierzaki,Cinema City Kraków Zakopianka,11:00,,,regular,2026-09-03T12:39:53.258950
2026-09-03,czwartek,kraków,Pucio kocha zwierzaki,Cinema City Kraków Zakopianka,12:20,,,regular,2026-09-03T12:39:53.258950
2026-09-03,czwartek,kraków,Pucio kocha zwierzaki,Cinema City Kraków Zakopianka,13:50,,,regular,2026-09-03T12:39:53.258950
2026-09-03,czwartek,kraków,Pucio kocha zwierzaki,Cinema City Kraków Zakopianka,15:20,,,regular,2026-09-03T12:39:53.258950
2026-09-03,czwartek,kraków,Pucio kocha zwierzaki,Kino Kijów w Krakowie,11:00,,,regular,2026-09-03T12:39:53.258950
2026-09-03,czwartek,kraków,Pucio kocha zwierzaki,Kino Kijów w Krakowie,12:45,,,regular,2026-09-03T12:39:53.258950
2026-09-03,czwartek,kraków,Pucio kocha zwierzaki,Kino Mikro w Galerii Bronowice w Krakowie,13:00,,,regular,2026-09-03T12:39:53.258950
2026-09-03,czwartek,kraków,Pucio kocha zwierzaki,Kino Paradox w Krakowie,16:00,,,regular,2026-09-03T12:39:53.258950
2026-09-03,czwartek,kraków,Pucio kocha zwierzaki,Multikino Kraków,10:00,,,regular,2026-09-03T12:39:53.258950
2026-09-03,czwartek,kraków,Pucio kocha zwierzaki,Multikino Kraków,11:10,,,regular,2026-09-03T12:39:53.258950
2026-09-03,czwartek,kraków,Pucio kocha zwierzaki,Multikino Kraków,13:00,,,regular,2026-09-03T12:39:53.258950
2026-09-03,czwartek,kraków,Pucio kocha zwierzaki,Multikino Kraków,14:20,,,regular,2026-09-03T12:39:53.258950
2026-09-03,czwartek,kraków,Pucio kocha zwierzaki,Multikino Kraków,15:40,,,regular,2026-09-03T12:39:53.258950
2026-09-03,czwartek,kraków,Pucio kocha zwierzaki,Multikino Kraków,17:00,,,regular,2026-09-03T12:39:53.258950
2026-09-03,czwartek,kraków,Spider-Man. Całkiem nowy dzień,Cinema City Kraków Bonarka,11:50,,,regular,2026-09-03T12:39:53.258950
2026-09-03,czwartek,kraków,Spider-Man. Całkiem nowy dzień,Cinema City Kraków Bonarka,13:50,,,regular,2026-09-03T12:39:53.258950
2026-09-03,czwartek,kraków,Spider-Man. Całkiem nowy dzień,Cinema City Kraków Bonarka,17:00,,,regular,2026-09-03T12:39:53.258950
2026-09-03,czwartek,kraków,Spider-Man. Całkiem nowy dzień,Cinema City Kraków Bonarka,20:00,,,regular,2026-09-03T12:39:53.258950
2026-09-03,czwartek,kraków,Spider-Man. Całkiem nowy dzień,Cinema City Kraków Bonarka,21:10,,,regular,2026-09-03T12:39:53.258950
2026-09-03,czwartek,kraków,Spider-Man. Całkiem nowy dzień,Cinema City Kraków Bonarka,21:40,,,regular,2026-09-03T12:39:53.258950
2026-09-03,czwartek,kraków,Spider-Man. Całkiem nowy dzień,Cinema City Kraków Bonarka,21:50,,,regular,2026-09-03T12:39:53.258950
2026-09-03,czwartek,kraków,Spider-Man. Całkiem nowy dzień,Cinema City Kraków Galeria Kazimierz,14:50,,,regular,2026-09-03T12:39:53.258950
2026-09-03,czwartek,kraków,Spider-Man. Całkiem nowy dzień,Cinema City Kraków Galeria Kazimierz,18:00,,,regular,2026-09-03T12:39:53.258950
2026-09-03,czwartek,kraków,Spider-Man. Całkiem nowy dzień,Cinema City Kraków Galeria Kazimierz,20:00,,,regular,2026-09-03T12:39:53.258950
2026-09-03,czwartek,kraków,Spider-Man. Całkiem nowy dzień,Cinema City Kraków Zakopianka,14:10,,,regular,2026-09-03T12:39:53.258950
2026-09-03,czwartek,kraków,Spider-Man. Całkiem nowy dzień,Cinema City Kraków Zakopianka,17:15,,,regular,2026-09-03T12:39:53.258950
2026-09-03,czwartek,kraków,Spider-Man. Całkiem nowy dzień,Cinema City Kraków Zakopianka,20:20,,,regular,2026-09-03T12:39:53.258950
2026-09-03,czwartek,kraków,Spider-Man. Całkiem nowy dzień,Multikino Kraków,11:00,,,regular,2026-09-03T12:39:53.258950
2026-09-03,czwartek,kraków,Spider-Man. Całkiem nowy dzień,Multikino Kraków,14:15,,,regular,2026-09-03T12:39:53.258950
2026-09-03,czwartek,kraków,Spider-Man. Całkiem nowy dzień,Multikino Kraków,17:30,,,regular,2026-09-03T12:39:53.258950
2026-09-03,czwartek,kraków,Spider-Man. Całkiem nowy dzień,Multikino Kraków,20:45,,,regular,2026-09-03T12:39:53.258950
2026-09-03,czwartek,kraków,Spider-Man. Całkiem nowy dzień (dubbing),Cinema City Kraków Bonarka,12:30,,dubbing,regular,2026-09-03T12:39:53.258950
2026-09-03,czwartek,kraków,Spider-Man. Całkiem nowy dzień (dubbing),Cinema City Kraków Bonarka,15:50,,dubbing,regular,2026-09-03T12:39:53.258950
2026-09-03,czwartek,kraków,Spider-Man. Całkiem nowy dzień (dubbing),Cinema City Kraków Bonarka,18:00,,dubbing,regular,2026-09-03T12:39:53.258950
2026-09-03,czwartek,kraków,Spider-Man. Całkiem nowy dzień (dubbing),Cinema City Kraków Bonarka,18:45,,dubbing,regular,2026-09-03T12:39:53.258950
2026-09-03,czwartek,kraków,Spider-Man. Całkiem nowy dzień (dubbing),Cinema City Kraków Galeria Kazimierz,10:30,,dubbing,regular,2026-09-03T12:39:53.258950
2026-09-03,czwartek,kraków,Spider-Man. Całkiem nowy dzień (dubbing),Cinema City Kraków Galeria Kazimierz,12:40,,dubbing,regular,2026-09-03T12:39:53.258950
2026-09-03,czwartek,kraków,Spider-Man. Całkiem nowy dzień (dubbing),Cinema City Kraków Galeria Kazimierz,15:50,,dubbing,regular,2026-09-03T12:39:53.258950
2026-09-03,czwartek,kraków,Spider-Man. Całkiem nowy dzień (dubbing),Cinema City Kraków Zakopianka,11:00,,dubbing,regular,2026-09-03T12:39:53.258950
2026-09-03,czwartek,kraków,Spider-Man. Całkiem nowy dzień (dubbing),Cinema City Kraków Zakopianka,12:30,,dubbing,regular,2026-09-03T12:39:53.258950
2026-09-03,czwartek,kraków,Spider-Man. Całkiem nowy dzień (dubbing),Cinema City Kraków Zakopianka,15:40,,dubbing,regular,2026-09-03T12:39:53.258950
2026-09-03,czwartek,kraków,Spider-Man. Całkiem nowy dzień (dubbing),Cinema City Kraków Zakopianka,18:45,,dubbing,regular,2026-09-03T12:39:53.258950
2026-09-03,czwartek,kraków,Spider-Man. Całkiem nowy dzień (dubbing),Kino Kijów w Krakowie,11:15,,dubbing,regular,2026-09-03T12:39:53.258950
2026-09-03,czwartek,kraków,Spider-Man. Całkiem nowy dzień (dubbing),Multikino Kraków,10:00,,dubbing,regular,2026-09-03T12:39:53.258950
2026-09-03,czwartek,kraków,Spider-Man. Całkiem nowy dzień (dubbing),Multikino Kraków,11:45,,dubbing,regular,2026-09-03T12:39:53.258950
2026-09-03,czwartek,kraków,Spider-Man. Całkiem nowy dzień (dubbing),Multikino Kraków,13:15,,dubbing,regular,2026-09-03T12:39:53.258950
2026-09-03,czwartek,kraków,Spider-Man. Całkiem nowy dzień (dubbing),Multikino Kraków,16:30,,dubbing,regular,2026-09-03T12:39:53.258950
2026-09-03,czwartek,kraków,Spider-Man. Całkiem nowy dzień (dubbing),Multikino Kraków,18:15,,dubbing,regular,2026-09-03T12:39:53.258950
2026-09-03,czwartek,kraków,Spider-Man. Całkiem nowy dzień (dubbing),Multikino Kraków,19:45,,dubbing,regular,2026-09-03T12:39:53.258950
2026-09-03,czwartek,kraków,Spider-Man. Całkiem nowy dzień 3D (dubbing),Cinema City Kraków Bonarka,11:00,3D,dubbing,regular,2026-09-03T12:39:53.258950
2026-09-03,czwartek,kraków,Spider-Man. Całkiem nowy dzień 3D (dubbing),Cinema City Kraków Bonarka,14:50,3D,dubbing,regular,2026-09-03T12:39:53.258950
2026-09-03,czwartek,kraków,Spider-Man. Całkiem nowy dzień 3D (dubbing),Multikino Kraków,15:00,3D,dubbing,regular,2026-09-03T12:39:53.258950
2026-09-03,czwartek,kraków,Sunny Dancer,Cinema City Kraków Bonarka,18:40,,,regular,2026-09-03T12:39:53.258950
2026-09-03,czwartek,kraków,Sunny Dancer,Cinema City Kraków Bonarka,21:10,,,regular,2026-09-03T12:39:53.258950
2026-09-03,czwartek,kraków,Sunny Dancer,Cinema City Kraków Galeria Kazimierz,18:15,,,regular,2026-09-03T12:39:53.258950
2026-09-03,czwartek,kraków,Sunny Dancer,Cinema City Kraków Zakopianka,19:00,,,regular,2026-09-03T12:39:53.258950
2026-09-03,czwartek,kraków,Sunny Dancer,Kino Agrafka w Krakowie,18:15,,,regular,2026-09-03T12:39:53.258950
2026-09-03,czwartek,kraków,Sunny Dancer,Kino Kijów w Krakowie,18:00,,,regular,2026-09-03T12:39:53.258950
2026-09-03,czwartek,kraków,Sunny Dancer,Multikino Kraków,12:45,,,regular,2026-09-03T12:39:53.258950
2026-09-03,czwartek,kraków,Terminator 2: Dzień sądu,Cinema City Kraków Bonarka,15:30,,,regular,2026-09-03T12:39:53.258950
2026-09-03,czwartek,kraków,Terminator 2: Dzień sądu,Cinema City Kraków Bonarka,16:50,,,regular,2026-09-03T12:39:53.258950
2026-09-03,czwartek,kraków,Terminator 2: Dzień sądu,Cinema City Kraków Bonarka,18:30,,,regular,2026-09-03T12:39:53.258950
2026-09-03,czwartek,kraków,Terminator 2: Dzień sądu,Cinema City Kraków Bonarka,20:00,,,regular,2026-09-03T12:39:53.258950
2026-09-03,czwartek,kraków,Terminator 2: Dzień sądu,Cinema City Kraków Bonarka,21:30,,,regular,2026-09-03T12:39:53.258950
2026-09-03,czwartek,kraków,Terminator 2: Dzień sądu,Cinema City Kraków Galeria Kazimierz,19:00,,,regular,2026-09-03T12:39:53.258950
2026-09-03,czwartek,kraków,Terminator 2: Dzień sądu,Cinema City Kraków Zakopianka,18:30,,,regular,2026-09-03T12:39:53.258950
2026-09-03,czwartek,kraków,Terminator 2: Dzień sądu,Kino Kijów w Krakowie,20:30,,,regular,2026-09-03T12:39:53.258950
2026-09-03,czwartek,kraków,Terminator 2: Dzień sądu,Multikino Kraków,21:25,,,regular,2026-09-03T12:39:53.258950
2026-09-03,czwartek,kraków,Toy Story 5 (dubbing),Cinema City Kraków Bonarka,10:10,,dubbing,regular,2026-09-03T12:39:53.258950
2026-09-03,czwartek,kraków,Toy Story 5 (dubbing),Cinema City Kraków Bonarka,12:30,,dubbing,regular,2026-09-03T12:39:53.258950
2026-09-03,czwartek,kraków,Toy Story 5 (dubbing),Cinema City Kraków Galeria Kazimierz,11:40,,dubbing,regular,2026-09-03T12:39:53.258950
2026-09-03,czwartek,kraków,Toy Story 5 (dubbing),Multikino Kraków,10:40,,dubbing,regular,2026-09-03T12:39:53.258950
2026-09-03,czwartek,kraków,Tylko jedna noc,Cinema City Kraków Bonarka,11:20,,,regular,2026-09-03T12:39:53.258950
2026-09-03,czwartek,kraków,Tylko jedna noc,Cinema City Kraków Bonarka,18:10,,,regular,2026-09-03T12:39:53.258950
2026-09-03,czwartek,kraków,Tylko jedna noc,Cinema City Kraków Galeria Kazimierz,16:30,,,regular,2026-09-03T12:39:53.258950
2026-09-03,czwartek,kraków,Tylko jedna noc,Cinema City Kraków Zakopianka,22:00,,,regular,2026-09-03T12:39:53.258950
2026-09-03,czwartek,kraków,Tylko jedna noc,Multikino Kraków,21:45,,,regular,2026-09-03T12:39:53.258950
2026-09-03,czwartek,kraków,Vaiana (dubbing),Cinema City Kraków Bonarka,10:00,,dubbing,regular,2026-09-03T12:39:53.258950
2026-09-03,czwartek,kraków,Vaiana (dubbing),Cinema City Kraków Galeria Kazimierz,11:20,,dubbing,regular,2026-09-03T12:39:53.258950
2026-09-03,czwartek,kraków,Vaiana (dubbing),Cinema City Kraków Zakopianka,11:10,,dubbing,regular,2026-09-03T12:39:53.258950
2026-09-03,czwartek,kraków,Vaiana (dubbing),Multikino Kraków,10:20,,dubbing,regular,2026-09-03T12:39:53.258950
2026-09-03,czwartek,kraków,Vivaldi i ja,Cinema City Kraków Bonarka,14:20,,,regular,2026-09-03T12:39:53.258950
2026-09-03,czwartek,kraków,Vivaldi i ja,Cinema City Kraków Zakopianka,11:30,,,regular,2026-09-03T12:39:53.258950
2026-09-03,czwartek,kraków,Vivaldi i ja,Kino Kijów w Krakowie,13:45,,,regular,2026-09-03T12:39:53.258950
2026-09-03,czwartek,kraków,Vivaldi i ja,Kino Kijów w Krakowie,18:15,,,regular,2026-09-03T12:39:53.258950
2026-09-03,czwartek,kraków,Vivaldi i ja,Kino Mikro w Krakowie,16:30,,,regular,2026-09-03T12:39:53.258950
2026-09-03,czwartek,kraków,Vivaldi i ja,Kino Paradox w Krakowie,18:45,,,regular,2026-09-03T12:39:53.258950
2026-09-03,czwartek,kraków,Vivaldi i ja,Kino Sfinks w Krakowie,17:00,,,regular,2026-09-03T12:39:53.258950
2026-09-03,czwartek,kraków,Wielki Marty,Kino Pod Baranami w Krakowie,14:30,,,regular,2026-09-03T12:39:53.258950
2026-09-03,czwartek,kraków,Wrong Girls,Cinema City Kraków Bonarka,10:10,,,regular,2026-09-03T12:39:53.258950
2026-09-03,czwartek,kraków,Wrong Girls,Cinema City Kraków Bonarka,16:50,,,regular,2026-09-03T12:39:53.258950
2026-09-03,czwartek,kraków,Wrong Girls,Cinema City Kraków Galeria Kazimierz,16:15,,,regular,2026-09-03T12:39:53.258950
2026-09-03,czwartek,kraków,Wrong Girls,Cinema City Kraków Zakopianka,21:30,,,regular,2026-09-03T12:39:53.258950
2026-09-03,czwartek,kraków,Wrong Girls,Kino Kijów w Krakowie,20:30,,,regular,2026-09-03T12:39:53.258950
2026-09-03,czwartek,kraków,Wszyscy moi wrogowie,Cinema City Kraków Bonarka,15:00,,,regular,2026-09-03T12:39:53.258950
2026-09-03,czwartek,kraków,Wypadek fortepianowy,Kino Paradox w Krakowie,20:45,,,regular,2026-09-03T12:39:53.258950
2026-09-03,czwartek,kraków,Zaproszenie,Cinema City Kraków Bonarka,20:40,,,regular,2026-09-03T12:39:53.258950
2026-09-03,czwartek,kraków,Zaproszenie,Cinema City Kraków Galeria Kazimierz,14:00,,,regular,2026-09-03T12:39:53.258950
2026-09-03,czwartek,kraków,Zaproszenie,Kino Mikro w Galerii Bronowice w Krakowie,19:15,,,regular,2026-09-03T12:39:53.258950
2026-09-03,czwartek,kraków,АСТРАЛ: ЗА МЕЖАМИ ПОТОЙБІЧЧЯ / Naznaczony: Wyjście z mrocznego wymiaru (ukr.),Multikino Kraków,21:10,,,regular,2026-09-03T12:39:53.258950
2026-09-03,czwartek,kraków,Людина-павук: Абсолютно новий день / Spider-Man. Całkiem nowy dzień (ukr.),Cinema City Kraków Bonarka,19:10,,,regular,2026-09-03T12:39:53.258950
2026-09-03,czwartek,kraków,Людина-павук: Абсолютно новий день / Spider-Man. Całkiem nowy dzień (ukr.),Multikino Kraków,13:05,,,regular,2026-09-03T12:39:53.258950
2026-09-03,czwartek,kraków,Сузір'я великого пса / Gwiazdozbiór Psa (ukr.),Cinema City Kraków Bonarka,20:30,,,regular,2026-09-03T12:39:53.258950
2026-09-03,czwartek,kraków,Сузір'я великого пса / Gwiazdozbiór Psa (ukr.),Cinema City Kraków Galeria Kazimierz,18:30,,,regular,2026-09-03T12:39:53.258950
2026-09-03,czwartek,wrocław,500 mil,Kino Nowe Horyzonty we Wrocławiu,12:00,,,regular,2026-09-03T12:39:56.349395
2026-09-03,czwartek,wrocław,Arek.Mama.Panorama,Kino Nowe Horyzonty we Wrocławiu,13:00,,,regular,2026-09-03T12:39:56.349395
2026-09-03,czwartek,wrocław,Bogaci i martwi,Cinema City Wrocław Korona,13:10,,,regular,2026-09-03T12:39:56.349395
2026-09-03,czwartek,wrocław,Bogaci i martwi,Cinema City Wrocław Wroclavia,21:40,,,regular,2026-09-03T12:39:56.349395
2026-09-03,czwartek,wrocław,Bogaci i martwi,Dolnośląskie Centrum Filmowe (DCF) we Wrocławiu,15:45,,,regular,2026-09-03T12:39:56.349395
2026-09-03,czwartek,wrocław,Bogaci i martwi,Dolnośląskie Centrum Filmowe (DCF) we Wrocławiu,20:15,,,regular,2026-09-03T12:39:56.349395
2026-09-03,czwartek,wrocław,Buntownik,Cinema City Wrocław Korona,15:40,,,regular,2026-09-03T12:39:56.349395
2026-09-03,czwartek,wrocław,Buntownik,Cinema City Wrocław Korona,21:30,,,regular,2026-09-03T12:39:56.349395
2026-09-03,czwartek,wrocław,Buntownik,Cinema City Wrocław Wroclavia,10:00,,,regular,2026-09-03T12:39:56.349395
2026-09-03,czwartek,wrocław,Buntownik,Cinema City Wrocław Wroclavia,12:10,,,regular,2026-09-03T12:39:56.349395
2026-09-03,czwartek,wrocław,Buntownik,Cinema City Wrocław Wroclavia,14:20,,,regular,2026-09-03T12:39:56.349395
2026-09-03,czwartek,wrocław,Buntownik,Cinema City Wrocław Wroclavia,16:30,,,regular,2026-09-03T12:39:56.349395
2026-09-03,czwartek,wrocław,Buntownik,Cinema City Wrocław Wroclavia,22:10,,,regular,2026-09-03T12:39:56.349395
2026-09-03,czwartek,wrocław,Buntownik,Helios Wrocław Magnolia Park,15:40,,,regular,2026-09-03T12:39:56.349395
2026-09-03,czwartek,wrocław,Buntownik,Helios Wrocław Magnolia Park,20:40,,,regular,2026-09-03T12:39:56.349395
2026-09-03,czwartek,wrocław,Buntownik,Multikino Pasaż Grunwaldzki,11:20,,,regular,2026-09-03T12:39:56.349395
2026-09-03,czwartek,wrocław,Buntownik,Multikino Pasaż Grunwaldzki,19:55,,,regular,2026-09-03T12:39:56.349395
2026-09-03,czwartek,wrocław,Dyskusyjny Klub Filmowy,Dyskusyjny Klub Filmowy w Czasoprzestrzeni,19:00,,,regular,2026-09-03T12:39:56.349395
2026-09-03,czwartek,wrocław,Flavia de Luce (dubbing),Cinema City Wrocław Wroclavia,10:20,,dubbing,regular,2026-09-03T12:39:56.349395
2026-09-03,czwartek,wrocław,Frances Ha,Kino Nowe Horyzonty we Wrocławiu,20:45,,,regular,2026-09-03T12:39:56.349395
2026-09-03,czwartek,wrocław,Gorzkie święta,Cinema City Wrocław Korona,20:10,,,regular,2026-09-03T12:39:56.349395
2026-09-03,czwartek,wrocław,Gorzkie święta,Cinema City Wrocław Wroclavia,17:40,,,regular,2026-09-03T12:39:56.349395
2026-09-03,czwartek,wrocław,Gorzkie święta,Cinema City Wrocław Wroclavia,18:40,,,regular,2026-09-03T12:39:56.349395
2026-09-03,czwartek,wrocław,Gorzkie święta,Cinema City Wrocław Wroclavia,21:10,,,regular,2026-09-03T12:39:56.349395
2026-09-03,czwartek,wrocław,Gorzkie święta,Dolnośląskie Centrum Filmowe (DCF) we Wrocławiu,12:00,,,regular,2026-09-03T12:39:56.349395
2026-09-03,czwartek,wrocław,Gorzkie święta,Dolnośląskie Centrum Filmowe (DCF) we Wrocławiu,16:45,,,regular,2026-09-03T12:39:56.349395
2026-09-03,czwartek,wrocław,Gorzkie święta,Helios Wrocław Magnolia Park,14:30,,,regular,2026-09-03T12:39:56.349395
2026-09-03,czwartek,wrocław,Gorzkie święta,Helios Wrocław Magnolia Park,19:30,,,regular,2026-09-03T12:39:56.349395
2026-09-03,czwartek,wrocław,Gorzkie święta,Kino Nowe Horyzonty we Wrocławiu,13:10,,,regular,2026-09-03T12:39:56.349395
2026-09-03,czwartek,wrocław,Gorzkie święta,Kino Nowe Horyzonty we Wrocławiu,15:40,,,regular,2026-09-03T12:39:56.349395
2026-09-03,czwartek,wrocław,Gorzkie święta,Kino Nowe Horyzonty we Wrocławiu,18:00,,,regular,2026-09-03T12:39:56.349395
2026-09-03,czwartek,wrocław,Gorzkie święta,Kino Nowe Horyzonty we Wrocławiu,20:30,,,regular,2026-09-03T12:39:56.349395
2026-09-03,czwartek,wrocław,Gorzkie święta,Multikino Pasaż Grunwaldzki,13:10,,,regular,2026-09-03T12:39:56.349395
2026-09-03,czwartek,wrocław,Gorzkie święta,Multikino Pasaż Grunwaldzki,18:15,,,regular,2026-09-03T12:39:56.349395
2026-09-03,czwartek,wrocław,Gwiazdozbiór Psa,Cinema City Wrocław Korona,11:50,,,regular,2026-09-03T12:39:56.349395
2026-09-03,czwartek,wrocław,Gwiazdozbiór Psa,Cinema City Wrocław Korona,14:30,,,regular,2026-09-03T12:39:56.349395
2026-09-03,czwartek,wrocław,Gwiazdozbiór Psa,Cinema City Wrocław Korona,16:20,,,regular,2026-09-03T12:39:56.349395
2026-09-03,czwartek,wrocław,Gwiazdozbiór Psa,Cinema City Wrocław Korona,17:10,,,regular,2026-09-03T12:39:56.349395
2026-09-03,czwartek,wrocław,Gwiazdozbiór Psa,Cinema City Wrocław Korona,19:00,,,regular,2026-09-03T12:39:56.349395
2026-09-03,czwartek,wrocław,Gwiazdozbiór Psa,Cinema City Wrocław Korona,19:50,,,regular,2026-09-03T12:39:56.349395
2026-09-03,czwartek,wrocław,Gwiazdozbiór Psa,Cinema City Wrocław Korona,21:40,,,regular,2026-09-03T12:39:56.349395
2026-09-03,czwartek,wrocław,Gwiazdozbiór Psa,Cinema City Wrocław Wroclavia,10:00,,,regular,2026-09-03T12:39:56.349395
2026-09-03,czwartek,wrocław,Gwiazdozbiór Psa,Cinema City Wrocław Wroclavia,12:40,,,regular,2026-09-03T12:39:56.349395
2026-09-03,czwartek,wrocław,Gwiazdozbiór Psa,Cinema City Wrocław Wroclavia,13:40,,,regular,2026-09-03T12:39:56.349395
2026-09-03,czwartek,wrocław,Gwiazdozbiór Psa,Cinema City Wrocław Wroclavia,15:20,,,regular,2026-09-03T12:39:56.349395
2026-09-03,czwartek,wrocław,Gwiazdozbiór Psa,Cinema City Wrocław Wroclavia,17:00,,,regular,2026-09-03T12:39:56.349395
2026-09-03,czwartek,wrocław,Gwiazdozbiór Psa,Cinema City Wrocław Wroclavia,18:00,,,regular,2026-09-03T12:39:56.349395
2026-09-03,czwartek,wrocław,Gwiazdozbiór Psa,Cinema City Wrocław Wroclavia,19:10,,,regular,2026-09-03T12:39:56.349395
2026-09-03,czwartek,wrocław,Gwiazdozbiór Psa,Cinema City Wrocław Wroclavia,19:40,,,regular,2026-09-03T12:39:56.349395
2026-09-03,czwartek,wrocław,Gwiazdozbiór Psa,Cinema City Wrocław Wroclavia,20:40,,,regular,2026-09-03T12:39:56.349395
2026-09-03,czwartek,wrocław,Gwiazdozbiór Psa,Cinema City Wrocław Wroclavia,21:45,,,regular,2026-09-03T12:39:56.349395
2026-09-03,czwartek,wrocław,Gwiazdozbiór Psa,Cinema City Wrocław Wroclavia IMAX,17:00,,,regular,2026-09-03T12:39:56.349395
2026-09-03,czwartek,wrocław,Gwiazdozbiór Psa,Cinema City Wrocław Wroclavia IMAX,19:40,,,regular,2026-09-03T12:39:56.349395
2026-09-03,czwartek,wrocław,Gwiazdozbiór Psa,Cinema City Wrocław Wroclavia IMAX,22:20,,,regular,2026-09-03T12:39:56.349395
2026-09-03,czwartek,wrocław,Gwiazdozbiór Psa,Dolnośląskie Centrum Filmowe (DCF) we Wrocławiu,14:15,,,regular,2026-09-03T12:39:56.349395
2026-09-03,czwartek,wrocław,Gwiazdozbiór Psa,Dolnośląskie Centrum Filmowe (DCF) we Wrocławiu,20:00,,,regular,2026-09-03T12:39:56.349395
2026-09-03,czwartek,wrocław,Gwiazdozbiór Psa,Helios Wrocław Magnolia Park,12:50,,,regular,2026-09-03T12:39:56.349395
2026-09-03,czwartek,wrocław,Gwiazdozbiór Psa,Helios Wrocław Magnolia Park,15:30,,,regular,2026-09-03T12:39:56.349395
2026-09-03,czwartek,wrocław,Gwiazdozbiór Psa,Helios Wrocław Magnolia Park,17:30,,,regular,2026-09-03T12:39:56.349395
2026-09-03,czwartek,wrocław,Gwiazdozbiór Psa,Helios Wrocław Magnolia Park,19:00,,,regular,2026-09-03T12:39:56.349395
2026-09-03,czwartek,wrocław,Gwiazdozbiór Psa,Helios Wrocław Magnolia Park,21:00,,,regular,2026-09-03T12:39:56.349395
2026-09-03,czwartek,wrocław,Gwiazdozbiór Psa,Kino Nowe Horyzonty we Wrocławiu,11:45,,,regular,2026-09-03T12:39:56.349395
2026-09-03,czwartek,wrocław,Gwiazdozbiór Psa,Kino Nowe Horyzonty we Wrocławiu,14:30,,,regular,2026-09-03T12:39:56.349395
2026-09-03,czwartek,wrocław,Gwiazdozbiór Psa,Kino Nowe Horyzonty we Wrocławiu,17:00,,,regular,2026-09-03T12:39:56.349395
2026-09-03,czwartek,wrocław,Gwiazdozbiór Psa,Kino Nowe Horyzonty we Wrocławiu,19:30,,,regular,2026-09-03T12:39:56.349395
2026-09-03,czwartek,wrocław,Gwiazdozbiór Psa,Kino Nowe Horyzonty we Wrocławiu,21:00,,,regular,2026-09-03T12:39:56.349395
2026-09-03,czwartek,wrocław,Gwiazdozbiór Psa,Multikino Pasaż Grunwaldzki,13:35,,,regular,2026-09-03T12:39:56.349395
2026-09-03,czwartek,wrocław,Gwiazdozbiór Psa,Multikino Pasaż Grunwaldzki,17:45,,,regular,2026-09-03T12:39:56.349395
2026-09-03,czwartek,wrocław,Gwiazdozbiór Psa,Multikino Pasaż Grunwaldzki,20:30,,,regular,2026-09-03T12:39:56.349395
2026-09-03,czwartek,wrocław,Harry Potter i Insygnia Śmierci cz. 2 (dubbing),Multikino Pasaż Grunwaldzki,17:15,,dubbing,regular,2026-09-03T12:39:56.349395
2026-09-03,czwartek,wrocław,Harry Potter i Kamień Filozoficzny (dubbing),Cinema City Wrocław Korona,18:00,,dubbing,regular,2026-09-03T12:39:56.349395
2026-09-03,czwartek,wrocław,Harry Potter i Kamień Filozoficzny (dubbing),Cinema City Wrocław Wroclavia,16:00,,dubbing,regular,2026-09-03T12:39:56.349395
2026-09-03,czwartek,wrocław,Harry Potter i Kamień Filozoficzny (dubbing),Cinema City Wrocław Wroclavia,17:30,,dubbing,regular,2026-09-03T12:39:56.349395
2026-09-03,czwartek,wrocław,Harry Potter i Kamień Filozoficzny (dubbing),Cinema City Wrocław Wroclavia,19:30,,dubbing,regular,2026-09-03T12:39:56.349395
2026-09-03,czwartek,wrocław,Harry Potter i Kamień Filozoficzny (dubbing),Kino Nowe Horyzonty we Wrocławiu,17:30,,dubbing,regular,2026-09-03T12:39:56.349395
2026-09-03,czwartek,wrocław,Harry Potter i Kamień Filozoficzny (dubbing),Multikino Pasaż Grunwaldzki,14:00,,dubbing,regular,2026-09-03T12:39:56.349395
2026-09-03,czwartek,wrocław,Historie równoległe,Cinema City Wrocław Wroclavia,10:45,,,regular,2026-09-03T12:39:56.349395
2026-09-03,czwartek,wrocław,Historie równoległe,Kino Nowe Horyzonty we Wrocławiu,16:45,,,regular,2026-09-03T12:39:56.349395
2026-09-03,czwartek,wrocław,Historie równoległe,Kino Nowe Horyzonty we Wrocławiu,19:45,,,regular,2026-09-03T12:39:56.349395
2026-09-03,czwartek,wrocław,Homo sapiens?,Kino Nowe Horyzonty we Wrocławiu,13:20,,,regular,2026-09-03T12:39:56.349395
2026-09-03,czwartek,wrocław,Kandydaci śmierci,Kino Nowe Horyzonty we Wrocławiu,15:10,,,regular,2026-09-03T12:39:56.349395
2026-09-03,czwartek,wrocław,Kasyno,Dolnośląskie Centrum Filmowe (DCF) we Wrocławiu,19:00,,,regular,2026-09-03T12:39:56.349395
2026-09-03,czwartek,wrocław,Koniec Ulicy Dębowej,Cinema City Wrocław Korona,11:45,,,regular,2026-09-03T12:39:56.349395
2026-09-03,czwartek,wrocław,Koniec Ulicy Dębowej,Cinema City Wrocław Wroclavia,10:10,,,regular,2026-09-03T12:39:56.349395
2026-09-03,czwartek,wrocław,Koniec Ulicy Dębowej,Cinema City Wrocław Wroclavia,12:40,,,regular,2026-09-03T12:39:56.349395
2026-09-03,czwartek,wrocław,Koniec Ulicy Dębowej,Cinema City Wrocław Wroclavia,20:45,,,regular,2026-09-03T12:39:56.349395
2026-09-03,czwartek,wrocław,Koniec Ulicy Dębowej,Kino Nowe Horyzonty we Wrocławiu,12:45,,,regular,2026-09-03T12:39:56.349395
2026-09-03,czwartek,wrocław,Koniec Ulicy Dębowej,Multikino Pasaż Grunwaldzki,21:00,,,regular,2026-09-03T12:39:56.349395
2026-09-03,czwartek,wrocław,Księga pustyni,Helios Wrocław Magnolia Park,11:10,,,regular,2026-09-03T12:39:56.349395
2026-09-03,czwartek,wrocław,Księga pustyni,Helios Wrocław Magnolia Park,15:00,,,regular,2026-09-03T12:39:56.349395
2026-09-03,czwartek,wrocław,Księga pustyni,Kino Nowe Horyzonty we Wrocławiu,11:15,,,regular,2026-09-03T12:39:56.349395
2026-09-03,czwartek,wrocław,Księga pustyni,Kino Nowe Horyzonty we Wrocławiu,15:30,,,regular,2026-09-03T12:39:56.349395
2026-09-03,czwartek,wrocław,Księga pustyni (dubbing),Cinema City Wrocław Korona,10:40,,dubbing,regular,2026-09-03T12:39:56.349395
2026-09-03,czwartek,wrocław,Księga pustyni (dubbing),Cinema City Wrocław Korona,13:00,,dubbing,regular,2026-09-03T12:39:56.349395
2026-09-03,czwartek,wrocław,Księga pustyni (dubbing),Cinema City Wrocław Korona,15:20,,dubbing,regular,2026-09-03T12:39:56.349395
2026-09-03,czwartek,wrocław,Księga pustyni (dubbing),Cinema City Wrocław Wroclavia,11:00,,dubbing,regular,2026-09-03T12:39:56.349395
2026-09-03,czwartek,wrocław,Księga pustyni (dubbing),Cinema City Wrocław Wroclavia,11:40,,dubbing,regular,2026-09-03T12:39:56.349395
2026-09-03,czwartek,wrocław,Księga pustyni (dubbing),Cinema City Wrocław Wroclavia,13:50,,dubbing,regular,2026-09-03T12:39:56.349395
2026-09-03,czwartek,wrocław,Księga pustyni (dubbing),Cinema City Wrocław Wroclavia,15:20,,dubbing,regular,2026-09-03T12:39:56.349395
2026-09-03,czwartek,wrocław,Księga pustyni (dubbing),Multikino Pasaż Grunwaldzki,10:55,,dubbing,regular,2026-09-03T12:39:56.349395
2026-09-03,czwartek,wrocław,Księga pustyni (dubbing),Multikino Pasaż Grunwaldzki,14:00,,dubbing,regular,2026-09-03T12:39:56.349395
2026-09-03,czwartek,wrocław,Księga pustyni (dubbing),Multikino Pasaż Grunwaldzki,16:15,,dubbing,regular,2026-09-03T12:39:56.349395
2026-09-03,czwartek,wrocław,Kuźma,Kino Nowe Horyzonty we Wrocławiu,18:15,,,regular,2026-09-03T12:39:56.349395
2026-09-03,czwartek,wrocław,Michał Anioł. Miłość i śmierć,Kino Nowe Horyzonty we Wrocławiu,17:15,,,regular,2026-09-03T12:39:56.349395
2026-09-03,czwartek,wrocław,Minionki i straszydła (dubbing),Cinema City Wrocław Korona,10:20,,dubbing,regular,2026-09-03T12:39:56.349395
2026-09-03,czwartek,wrocław,Minionki i straszydła (dubbing),Cinema City Wrocław Korona,12:30,,dubbing,regular,2026-09-03T12:39:56.349395
2026-09-03,czwartek,wrocław,Minionki i straszydła (dubbing),Cinema City Wrocław Korona,14:40,,dubbing,regular,2026-09-03T12:39:56.349395
2026-09-03,czwartek,wrocław,Minionki i straszydła (dubbing),Cinema City Wrocław Wroclavia,13:10,,dubbing,regular,2026-09-03T12:39:56.349395
2026-09-03,czwartek,wrocław,Minionki i straszydła (dubbing),Helios Wrocław Magnolia Park,12:10,,dubbing,regular,2026-09-03T12:39:56.349395
2026-09-03,czwartek,wrocław,Minionki i straszydła (dubbing),Helios Wrocław Magnolia Park,13:30,,dubbing,regular,2026-09-03T12:39:56.349395
2026-09-03,czwartek,wrocław,Minionki i straszydła (dubbing),Kino Nowe Horyzonty we Wrocławiu,09:30,,dubbing,regular,2026-09-03T12:39:56.349395
2026-09-03,czwartek,wrocław,Minionki i straszydła (dubbing),Multikino Pasaż Grunwaldzki,11:00,,dubbing,regular,2026-09-03T12:39:56.349395
2026-09-03,czwartek,wrocław,Naznaczony: Wyjście z mrocznego wymiaru,Cinema City Wrocław Korona,17:40,,,regular,2026-09-03T12:39:56.349395
2026-09-03,czwartek,wrocław,Naznaczony: Wyjście z mrocznego wymiaru,Cinema City Wrocław Korona,20:30,,,regular,2026-09-03T12:39:56.349395
2026-09-03,czwartek,wrocław,Naznaczony: Wyjście z mrocznego wymiaru,Cinema City Wrocław Wroclavia,12:30,,,regular,2026-09-03T12:39:56.349395
2026-09-03,czwartek,wrocław,Naznaczony: Wyjście z mrocznego wymiaru,Cinema City Wrocław Wroclavia,15:00,,,regular,2026-09-03T12:39:56.349395
2026-09-03,czwartek,wrocław,Naznaczony: Wyjście z mrocznego wymiaru,Cinema City Wrocław Wroclavia,16:30,,,regular,2026-09-03T12:39:56.349395
2026-09-03,czwartek,wrocław,Naznaczony: Wyjście z mrocznego wymiaru,Cinema City Wrocław Wroclavia,19:00,,,regular,2026-09-03T12:39:56.349395
2026-09-03,czwartek,wrocław,Naznaczony: Wyjście z mrocznego wymiaru,Cinema City Wrocław Wroclavia,20:50,,,regular,2026-09-03T12:39:56.349395
2026-09-03,czwartek,wrocław,Naznaczony: Wyjście z mrocznego wymiaru,Cinema City Wrocław Wroclavia,21:30,,,regular,2026-09-03T12:39:56.349395
2026-09-03,czwartek,wrocław,Naznaczony: Wyjście z mrocznego wymiaru,Cinema City Wrocław Wroclavia,21:50,,,regular,2026-09-03T12:39:56.349395
2026-09-03,czwartek,wrocław,Naznaczony: Wyjście z mrocznego wymiaru,Helios Wrocław Magnolia Park,16:00,,,regular,2026-09-03T12:39:56.349395
2026-09-03,czwartek,wrocław,Naznaczony: Wyjście z mrocznego wymiaru,Helios Wrocław Magnolia Park,18:30,,,regular,2026-09-03T12:39:56.349395
2026-09-03,czwartek,wrocław,Naznaczony: Wyjście z mrocznego wymiaru,Helios Wrocław Magnolia Park,21:45,,,regular,2026-09-03T12:39:56.349395
2026-09-03,czwartek,wrocław,Naznaczony: Wyjście z mrocznego wymiaru,Multikino Pasaż Grunwaldzki,17:30,,,regular,2026-09-03T12:39:56.349395
2026-09-03,czwartek,wrocław,Naznaczony: Wyjście z mrocznego wymiaru,Multikino Pasaż Grunwaldzki,20:50,,,regular,2026-09-03T12:39:56.349395
2026-09-03,czwartek,wrocław,Nie patrz w dół 2,Cinema City Wrocław Korona,18:10,,,regular,2026-09-03T12:39:56.349395
2026-09-03,czwartek,wrocław,Nie patrz w dół 2,Cinema City Wrocław Wroclavia,18:10,,,regular,2026-09-03T12:39:56.349395
2026-09-03,czwartek,wrocław,Nie patrz w dół 2,Multikino Pasaż Grunwaldzki,20:15,,,regular,2026-09-03T12:39:56.349395
2026-09-03,czwartek,wrocław,Nowa fala,Dolnośląskie Centrum Filmowe (DCF) we Wrocławiu,13:30,,,regular,2026-09-03T12:39:56.349395
2026-09-03,czwartek,wrocław,Nowa fala,Dolnośląskie Centrum Filmowe (DCF) we Wrocławiu,18:00,,,regular,2026-09-03T12:39:56.349395
2026-09-03,czwartek,wrocław,Nowa fala,Kino Nowe Horyzonty we Wrocławiu,17:45,,,regular,2026-09-03T12:39:56.349395
2026-09-03,czwartek,wrocław,Nowa fala,Multikino Pasaż Grunwaldzki,20:00,,,regular,2026-09-03T12:39:56.349395
2026-09-03,czwartek,wrocław,O czym sobie nie mówimy,Dolnośląskie Centrum Filmowe (DCF) we Wrocławiu,12:00,,,regular,2026-09-03T12:39:56.349395
2026-09-03,czwartek,wrocław,O czym sobie nie mówimy,Dolnośląskie Centrum Filmowe (DCF) we Wrocławiu,17:45,,,regular,2026-09-03T12:39:56.349395
2026-09-03,czwartek,wrocław,O czym sobie nie mówimy,Kino Nowe Horyzonty we Wrocławiu,16:15,,,regular,2026-09-03T12:39:56.349395
2026-09-03,czwartek,wrocław,Obsesja,Cinema City Wrocław Korona,21:20,,,regular,2026-09-03T12:39:56.349395
2026-09-03,czwartek,wrocław,Obsesja,Cinema City Wrocław Wroclavia,20:10,,,regular,2026-09-03T12:39:56.349395
2026-09-03,czwartek,wrocław,Obsesja,Multikino Pasaż Grunwaldzki,13:10,,,regular,2026-09-03T12:39:56.349395
2026-09-03,czwartek,wrocław,Odyseja,Cinema City Wrocław Korona,14:20,,,regular,2026-09-03T12:39:56.349395
2026-09-03,czwartek,wrocław,Odyseja,Cinema City Wrocław Korona,20:20,,,regular,2026-09-03T12:39:56.349395
2026-09-03,czwartek,wrocław,Odyseja,Cinema City Wrocław Wroclavia,15:30,,,regular,2026-09-03T12:39:56.349395
2026-09-03,czwartek,wrocław,Odyseja,Cinema City Wrocław Wroclavia,19:10,,,regular,2026-09-03T12:39:56.349395
2026-09-03,czwartek,wrocław,Odyseja,Cinema City Wrocław Wroclavia,21:15,,,regular,2026-09-03T12:39:56.349395
2026-09-03,czwartek,wrocław,Odyseja,Cinema City Wrocław Wroclavia IMAX,10:00,,,regular,2026-09-03T12:39:56.349395
2026-09-03,czwartek,wrocław,Odyseja,Cinema City Wrocław Wroclavia IMAX,13:30,,,regular,2026-09-03T12:39:56.349395
2026-09-03,czwartek,wrocław,Odyseja,Dolnośląskie Centrum Filmowe (DCF) we Wrocławiu,14:30,,,regular,2026-09-03T12:39:56.349395
2026-09-03,czwartek,wrocław,Odyseja,Helios Wrocław Magnolia Park,12:00,,,regular,2026-09-03T12:39:56.349395
2026-09-03,czwartek,wrocław,Odyseja,Helios Wrocław Magnolia Park,17:00,,,regular,2026-09-03T12:39:56.349395
2026-09-03,czwartek,wrocław,Odyseja,Helios Wrocław Magnolia Park,20:15,,,regular,2026-09-03T12:39:56.349395
2026-09-03,czwartek,wrocław,Odyseja,Kino Nowe Horyzonty we Wrocławiu,14:45,,,regular,2026-09-03T12:39:56.349395
2026-09-03,czwartek,wrocław,Odyseja,Kino Nowe Horyzonty we Wrocławiu,18:45,,,regular,2026-09-03T12:39:56.349395
2026-09-03,czwartek,wrocław,Odyseja,Multikino Pasaż Grunwaldzki,10:20,,,regular,2026-09-03T12:39:56.349395
2026-09-03,czwartek,wrocław,Odyseja,Multikino Pasaż Grunwaldzki,11:50,,,regular,2026-09-03T12:39:56.349395
2026-09-03,czwartek,wrocław,Odyseja,Multikino Pasaż Grunwaldzki,15:25,,,regular,2026-09-03T12:39:56.349395
2026-09-03,czwartek,wrocław,Odyseja,Multikino Pasaż Grunwaldzki,19:00,,,regular,2026-09-03T12:39:56.349395
2026-09-03,czwartek,wrocław,Odyseja / Одіссея (ukr.),Multikino Pasaż Grunwaldzki,15:40,,,regular,2026-09-03T12:39:56.349395
2026-09-03,czwartek,wrocław,Odyseja / Одіссея (ukr.),Multikino Pasaż Grunwaldzki,19:15,,,regular,2026-09-03T12:39:56.349395
2026-09-03,czwartek,wrocław,Odzyskany,Cinema City Wrocław Wroclavia,10:30,,,regular,2026-09-03T12:39:56.349395
2026-09-03,czwartek,wrocław,Odzyskany,Cinema City Wrocław Wroclavia,12:45,,,regular,2026-09-03T12:39:56.349395
2026-09-03,czwartek,wrocław,Ostrze przeznaczenia,Cinema City Wrocław Wroclavia,18:00,,,regular,2026-09-03T12:39:56.349395
2026-09-03,czwartek,wrocław,Ostrze przeznaczenia,Cinema City Wrocław Wroclavia,18:50,,,regular,2026-09-03T12:39:56.349395
2026-09-03,czwartek,wrocław,Pejzaż w kolorze sepii,Kino Nowe Horyzonty we Wrocławiu,14:00,,,regular,2026-09-03T12:39:56.349395
2026-09-03,czwartek,wrocław,Pociąg Czerwona Ruta,Kino Nowe Horyzonty we Wrocławiu,14:15,,,regular,2026-09-03T12:39:56.349395
2026-09-03,czwartek,wrocław,Psi Patrol i dinozaury,Helios Wrocław Magnolia Park,11:20,,,regular,2026-09-03T12:39:56.349395
2026-09-03,czwartek,wrocław,Psi Patrol i dinozaury,Helios Wrocław Magnolia Park,13:45,,,regular,2026-09-03T12:39:56.349395
2026-09-03,czwartek,wrocław,Psi Patrol i dinozaury,Helios Wrocław Magnolia Park,17:15,,,regular,2026-09-03T12:39:56.349395
2026-09-03,czwartek,wrocław,Psi Patrol i dinozaury (dubbing),Cinema City Wrocław Korona,10:10,,dubbing,regular,2026-09-03T12:39:56.349395
2026-09-03,czwartek,wrocław,Psi Patrol i dinozaury (dubbing),Cinema City Wrocław Korona,11:45,,dubbing,regular,2026-09-03T12:39:56.349395
2026-09-03,czwartek,wrocław,Psi Patrol i dinozaury (dubbing),Cinema City Wrocław Korona,14:00,,dubbing,regular,2026-09-03T12:39:56.349395
2026-09-03,czwartek,wrocław,Psi Patrol i dinozaury (dubbing),Cinema City Wrocław Korona,16:15,,dubbing,regular,2026-09-03T12:39:56.349395
2026-09-03,czwartek,wrocław,Psi Patrol i dinozaury (dubbing),Cinema City Wrocław Wroclavia,11:20,,dubbing,regular,2026-09-03T12:39:56.349395
2026-09-03,czwartek,wrocław,Psi Patrol i dinozaury (dubbing),Cinema City Wrocław Wroclavia,13:30,,dubbing,regular,2026-09-03T12:39:56.349395
2026-09-03,czwartek,wrocław,Psi Patrol i dinozaury (dubbing),Cinema City Wrocław Wroclavia,16:00,,dubbing,regular,2026-09-03T12:39:56.349395
2026-09-03,czwartek,wrocław,Psi Patrol i dinozaury (dubbing),Multikino Pasaż Grunwaldzki,11:00,,dubbing,regular,2026-09-03T12:39:56.349395
2026-09-03,czwartek,wrocław,Psi Patrol i dinozaury (dubbing),Multikino Pasaż Grunwaldzki,13:15,,dubbing,regular,2026-09-03T12:39:56.349395
2026-09-03,czwartek,wrocław,Psi Patrol i dinozaury (dubbing),Multikino Pasaż Grunwaldzki,15:30,,dubbing,regular,2026-09-03T12:39:56.349395
2026-09-03,czwartek,wrocław,Pucio kocha zwierzaki,Cinema City Wrocław Korona,10:20,,,regular,2026-09-03T12:39:56.349395
2026-09-03,czwartek,wrocław,Pucio kocha zwierzaki,Cinema City Wrocław Korona,12:40,,,regular,2026-09-03T12:39:56.349395
2026-09-03,czwartek,wrocław,Pucio kocha zwierzaki,Cinema City Wrocław Korona,16:30,,,regular,2026-09-03T12:39:56.349395
2026-09-03,czwartek,wrocław,Pucio kocha zwierzaki,Cinema City Wrocław Wroclavia,10:20,,,regular,2026-09-03T12:39:56.349395
2026-09-03,czwartek,wrocław,Pucio kocha zwierzaki,Cinema City Wrocław Wroclavia,11:00,,,regular,2026-09-03T12:39:56.349395
2026-09-03,czwartek,wrocław,Pucio kocha zwierzaki,Cinema City Wrocław Wroclavia,11:20,,,regular,2026-09-03T12:39:56.349395
2026-09-03,czwartek,wrocław,Pucio kocha zwierzaki,Cinema City Wrocław Wroclavia,12:50,,,regular,2026-09-03T12:39:56.349395
2026-09-03,czwartek,wrocław,Pucio kocha zwierzaki,Cinema City Wrocław Wroclavia,14:20,,,regular,2026-09-03T12:39:56.349395
2026-09-03,czwartek,wrocław,Pucio kocha zwierzaki,Cinema City Wrocław Wroclavia,15:50,,,regular,2026-09-03T12:39:56.349395
2026-09-03,czwartek,wrocław,Pucio kocha zwierzaki,Cinema City Wrocław Wroclavia,17:20,,,regular,2026-09-03T12:39:56.349395
2026-09-03,czwartek,wrocław,Pucio kocha zwierzaki,Helios Wrocław Magnolia Park,11:00,,,regular,2026-09-03T12:39:56.349395
2026-09-03,czwartek,wrocław,Pucio kocha zwierzaki,Helios Wrocław Magnolia Park,12:20,,,regular,2026-09-03T12:39:56.349395
2026-09-03,czwartek,wrocław,Pucio kocha zwierzaki,Helios Wrocław Magnolia Park,13:20,,,regular,2026-09-03T12:39:56.349395
2026-09-03,czwartek,wrocław,Pucio kocha zwierzaki,Kino Nowe Horyzonty we Wrocławiu,11:15,,,regular,2026-09-03T12:39:56.349395
2026-09-03,czwartek,wrocław,Pucio kocha zwierzaki,Kino Nowe Horyzonty we Wrocławiu,12:30,,,regular,2026-09-03T12:39:56.349395
2026-09-03,czwartek,wrocław,Pucio kocha zwierzaki,Kino Nowe Horyzonty we Wrocławiu,15:20,,,regular,2026-09-03T12:39:56.349395
2026-09-03,czwartek,wrocław,Pucio kocha zwierzaki,Kino Nowe Horyzonty we Wrocławiu,16:30,,,regular,2026-09-03T12:39:56.349395
2026-09-03,czwartek,wrocław,Pucio kocha zwierzaki,Multikino Pasaż Grunwaldzki,10:30,,,regular,2026-09-03T12:39:56.349395
2026-09-03,czwartek,wrocław,Pucio kocha zwierzaki,Multikino Pasaż Grunwaldzki,11:45,,,regular,2026-09-03T12:39:56.349395
2026-09-03,czwartek,wrocław,Pucio kocha zwierzaki,Multikino Pasaż Grunwaldzki,13:05,,,regular,2026-09-03T12:39:56.349395
2026-09-03,czwartek,wrocław,Pucio kocha zwierzaki,Multikino Pasaż Grunwaldzki,16:15,,,regular,2026-09-03T12:39:56.349395
2026-09-03,czwartek,wrocław,Spider-Man. Całkiem nowy dzień,Cinema City Wrocław Korona,16:50,,,regular,2026-09-03T12:39:56.349395
2026-09-03,czwartek,wrocław,Spider-Man. Całkiem nowy dzień,Cinema City Wrocław Korona,20:00,,,regular,2026-09-03T12:39:56.349395
2026-09-03,czwartek,wrocław,Spider-Man. Całkiem nowy dzień,Cinema City Wrocław Korona,21:50,,,regular,2026-09-03T12:39:56.349395
2026-09-03,czwartek,wrocław,Spider-Man. Całkiem nowy dzień,Cinema City Wrocław Wroclavia,10:10,,,regular,2026-09-03T12:39:56.349395
2026-09-03,czwartek,wrocław,Spider-Man. Całkiem nowy dzień,Cinema City Wrocław Wroclavia,12:30,,,regular,2026-09-03T12:39:56.349395
2026-09-03,czwartek,wrocław,Spider-Man. Całkiem nowy dzień,Cinema City Wrocław Wroclavia,13:15,,,regular,2026-09-03T12:39:56.349395
2026-09-03,czwartek,wrocław,Spider-Man. Całkiem nowy dzień,Cinema City Wrocław Wroclavia,15:40,,,regular,2026-09-03T12:39:56.349395
2026-09-03,czwartek,wrocław,Spider-Man. Całkiem nowy dzień,Cinema City Wrocław Wroclavia,16:20,,,regular,2026-09-03T12:39:56.349395
2026-09-03,czwartek,wrocław,Spider-Man. Całkiem nowy dzień,Cinema City Wrocław Wroclavia,17:40,,,regular,2026-09-03T12:39:56.349395
2026-09-03,czwartek,wrocław,Spider-Man. Całkiem nowy dzień,Cinema City Wrocław Wroclavia,18:00,,,regular,2026-09-03T12:39:56.349395
2026-09-03,czwartek,wrocław,Spider-Man. Całkiem nowy dzień,Cinema City Wrocław Wroclavia,20:40,,,regular,2026-09-03T12:39:56.349395
2026-09-03,czwartek,wrocław,Spider-Man. Całkiem nowy dzień,Cinema City Wrocław Wroclavia,21:00,,,regular,2026-09-03T12:39:56.349395
2026-09-03,czwartek,wrocław,Spider-Man. Całkiem nowy dzień,Cinema City Wrocław Wroclavia,21:30,,,regular,2026-09-03T12:39:56.349395
2026-09-03,czwartek,wrocław,Spider-Man. Całkiem nowy dzień,Helios Wrocław Magnolia Park,11:00,,,regular,2026-09-03T12:39:56.349395
2026-09-03,czwartek,wrocław,Spider-Man. Całkiem nowy dzień,Helios Wrocław Magnolia Park,14:15,,,regular,2026-09-03T12:39:56.349395
2026-09-03,czwartek,wrocław,Spider-Man. Całkiem nowy dzień,Helios Wrocław Magnolia Park,15:50,,,regular,2026-09-03T12:39:56.349395
2026-09-03,czwartek,wrocław,Spider-Man. Całkiem nowy dzień,Helios Wrocław Magnolia Park,18:15,,,regular,2026-09-03T12:39:56.349395
2026-09-03,czwartek,wrocław,Spider-Man. Całkiem nowy dzień,Helios Wrocław Magnolia Park,21:20,,,regular,2026-09-03T12:39:56.349395
2026-09-03,czwartek,wrocław,Spider-Man. Całkiem nowy dzień,Kino Nowe Horyzonty we Wrocławiu,11:30,,,regular,2026-09-03T12:39:56.349395
2026-09-03,czwartek,wrocław,Spider-Man. Całkiem nowy dzień,Kino Nowe Horyzonty we Wrocławiu,17:15,,,regular,2026-09-03T12:39:56.349395
2026-09-03,czwartek,wrocław,Spider-Man. Całkiem nowy dzień,Multikino Pasaż Grunwaldzki,13:15,,,regular,2026-09-03T12:39:56.349395
2026-09-03,czwartek,wrocław,Spider-Man. Całkiem nowy dzień,Multikino Pasaż Grunwaldzki,16:30,,,regular,2026-09-03T12:39:56.349395
2026-09-03,czwartek,wrocław,Spider-Man. Całkiem nowy dzień,Multikino Pasaż Grunwaldzki,19:45,,,regular,2026-09-03T12:39:56.349395
2026-09-03,czwartek,wrocław,Spider-Man. Całkiem nowy dzień (dubbing),Cinema City Wrocław Korona,10:10,,dubbing,regular,2026-09-03T12:39:56.349395
2026-09-03,czwartek,wrocław,Spider-Man. Całkiem nowy dzień (dubbing),Cinema City Wrocław Korona,12:20,,dubbing,regular,2026-09-03T12:39:56.349395
2026-09-03,czwartek,wrocław,Spider-Man. Całkiem nowy dzień (dubbing),Cinema City Wrocław Korona,13:15,,dubbing,regular,2026-09-03T12:39:56.349395
2026-09-03,czwartek,wrocław,Spider-Man. Całkiem nowy dzień (dubbing),Cinema City Wrocław Korona,15:30,,dubbing,regular,2026-09-03T12:39:56.349395
2026-09-03,czwartek,wrocław,Spider-Man. Całkiem nowy dzień (dubbing),Cinema City Wrocław Korona,18:40,,dubbing,regular,2026-09-03T12:39:56.349395
2026-09-03,czwartek,wrocław,Spider-Man. Całkiem nowy dzień (dubbing),Cinema City Wrocław Wroclavia,11:50,,dubbing,regular,2026-09-03T12:39:56.349395
2026-09-03,czwartek,wrocław,Spider-Man. Całkiem nowy dzień (dubbing),Cinema City Wrocław Wroclavia,15:00,,dubbing,regular,2026-09-03T12:39:56.349395
2026-09-03,czwartek,wrocław,Spider-Man. Całkiem nowy dzień (dubbing),Cinema City Wrocław Wroclavia,18:10,,dubbing,regular,2026-09-03T12:39:56.349395
2026-09-03,czwartek,wrocław,Spider-Man. Całkiem nowy dzień (dubbing),Multikino Pasaż Grunwaldzki,10:00,,dubbing,regular,2026-09-03T12:39:56.349395
2026-09-03,czwartek,wrocław,Spider-Man. Całkiem nowy dzień (dubbing),Multikino Pasaż Grunwaldzki,11:30,,dubbing,regular,2026-09-03T12:39:56.349395
2026-09-03,czwartek,wrocław,Spider-Man. Całkiem nowy dzień (dubbing),Multikino Pasaż Grunwaldzki,14:20,,dubbing,regular,2026-09-03T12:39:56.349395
2026-09-03,czwartek,wrocław,Spider-Man. Całkiem nowy dzień (dubbing),Multikino Pasaż Grunwaldzki,18:00,,dubbing,regular,2026-09-03T12:39:56.349395
2026-09-03,czwartek,wrocław,Spider-Man. Całkiem nowy dzień 3D (dubbing),Cinema City Wrocław Wroclavia,10:30,3D,dubbing,regular,2026-09-03T12:39:56.349395
2026-09-03,czwartek,wrocław,Sunny Dancer,Cinema City Wrocław Korona,17:50,,,regular,2026-09-03T12:39:56.349395
2026-09-03,czwartek,wrocław,Sunny Dancer,Cinema City Wrocław Wroclavia,15:40,,,regular,2026-09-03T12:39:56.349395
2026-09-03,czwartek,wrocław,Sunny Dancer,Cinema City Wrocław Wroclavia,20:30,,,regular,2026-09-03T12:39:56.349395
2026-09-03,czwartek,wrocław,Sunny Dancer,Multikino Pasaż Grunwaldzki,15:45,,,regular,2026-09-03T12:39:56.349395
2026-09-03,czwartek,wrocław,Terminator 2: Dzień sądu,Cinema City Wrocław Korona,18:30,,,regular,2026-09-03T12:39:56.349395
2026-09-03,czwartek,wrocław,Terminator 2: Dzień sądu,Cinema City Wrocław Wroclavia,15:40,,,regular,2026-09-03T12:39:56.349395
2026-09-03,czwartek,wrocław,Terminator 2: Dzień sądu,Cinema City Wrocław Wroclavia,16:15,,,regular,2026-09-03T12:39:56.349395
2026-09-03,czwartek,wrocław,Terminator 2: Dzień sądu,Cinema City Wrocław Wroclavia,18:40,,,regular,2026-09-03T12:39:56.349395
2026-09-03,czwartek,wrocław,Terminator 2: Dzień sądu,Helios Wrocław Magnolia Park,18:00,,,regular,2026-09-03T12:39:56.349395
2026-09-03,czwartek,wrocław,Terminator 2: Dzień sądu,Kino Nowe Horyzonty we Wrocławiu,20:00,,,regular,2026-09-03T12:39:56.349395
2026-09-03,czwartek,wrocław,Terminator 2: Dzień sądu,Multikino Pasaż Grunwaldzki,17:30,,,regular,2026-09-03T12:39:56.349395
2026-09-03,czwartek,wrocław,Toy Story 5 (dubbing),Cinema City Wrocław Korona,10:45,,dubbing,regular,2026-09-03T12:39:56.349395
2026-09-03,czwartek,wrocław,Toy Story 5 (dubbing),Cinema City Wrocław Wroclavia,10:20,,dubbing,regular,2026-09-03T12:39:56.349395
2026-09-03,czwartek,wrocław,Toy Story 5 (dubbing),Cinema City Wrocław Wroclavia,12:50,,dubbing,regular,2026-09-03T12:39:56.349395
2026-09-03,czwartek,wrocław,Toy Story 5 (dubbing),Cinema City Wrocław Wroclavia,15:20,,dubbing,regular,2026-09-03T12:39:56.349395
2026-09-03,czwartek,wrocław,Tylko jedna noc,Cinema City Wrocław Wroclavia,18:20,,,regular,2026-09-03T12:39:56.349395
2026-09-03,czwartek,wrocław,Tylko jedna noc,Cinema City Wrocław Wroclavia,20:45,,,regular,2026-09-03T12:39:56.349395
2026-09-03,czwartek,wrocław,Vaiana (dubbing),Cinema City Wrocław Korona,10:00,,dubbing,regular,2026-09-03T12:39:56.349395
2026-09-03,czwartek,wrocław,Vaiana (dubbing),Cinema City Wrocław Wroclavia,10:30,,dubbing,regular,2026-09-03T12:39:56.349395
2026-09-03,czwartek,wrocław,Vaiana (dubbing),Cinema City Wrocław Wroclavia,13:10,,dubbing,regular,2026-09-03T12:39:56.349395
2026-09-03,czwartek,wrocław,Vaiana (dubbing),Cinema City Wrocław Wroclavia,13:50,,dubbing,regular,2026-09-03T12:39:56.349395
2026-09-03,czwartek,wrocław,Vivaldi i ja,Dolnośląskie Centrum Filmowe (DCF) we Wrocławiu,12:30,,,regular,2026-09-03T12:39:56.349395
2026-09-03,czwartek,wrocław,Vivaldi i ja,Dolnośląskie Centrum Filmowe (DCF) we Wrocławiu,17:00,,,regular,2026-09-03T12:39:56.349395
2026-09-03,czwartek,wrocław,Wrong Girls,Cinema City Wrocław Korona,14:10,,,regular,2026-09-03T12:39:56.349395
2026-09-03,czwartek,wrocław,Wrong Girls,Kino Nowe Horyzonty we Wrocławiu,20:15,,,regular,2026-09-03T12:39:56.349395
2026-09-03,czwartek,wrocław,Wszyscy moi wrogowie,Cinema City Wrocław Wroclavia,18:45,,,regular,2026-09-03T12:39:56.349395
2026-09-03,czwartek,wrocław,Zaproszenie,Dolnośląskie Centrum Filmowe (DCF) we Wrocławiu,14:45,,,regular,2026-09-03T12:39:56.349395
2026-09-03,czwartek,wrocław,Zaproszenie,Dolnośląskie Centrum Filmowe (DCF) we Wrocławiu,19:15,,,regular,2026-09-03T12:39:56.349395
2026-09-03,czwartek,wrocław,Zaproszenie,Kino Nowe Horyzonty we Wrocławiu,15:00,,,regular,2026-09-03T12:39:56.349395
2026-09-03,czwartek,wrocław,Zaproszenie,Kino Nowe Horyzonty we Wrocławiu,19:15,,,regular,2026-09-03T12:39:56.349395
2026-09-03,czwartek,wrocław,Zróbmy sobie przerwę,Helios Wrocław Magnolia Park,20:50,,,regular,2026-09-03T12:39:56.349395
2026-09-03,czwartek,wrocław,АСТРАЛ: ЗА МЕЖАМИ ПОТОЙБІЧЧЯ / Naznaczony: Wyjście z mrocznego wymiaru (ukr.),Multikino Pasaż Grunwaldzki,11:35,,,regular,2026-09-03T12:39:56.349395
2026-09-03,czwartek,wrocław,АСТРАЛ: ЗА МЕЖАМИ ПОТОЙБІЧЧЯ / Naznaczony: Wyjście z mrocznego wymiaru (ukr.),Multikino Pasaż Grunwaldzki,18:30,,,regular,2026-09-03T12:39:56.349395
2026-09-03,czwartek,wrocław,АСТРАЛ: ЗА МЕЖАМИ ПОТОЙБІЧЧЯ / Naznaczony: Wyjście z mrocznego wymiaru (ukr.),Multikino Pasaż Grunwaldzki,21:10,,,regular,2026-09-03T12:39:56.349395
2026-09-03,czwartek,wrocław,Людина-павук: Абсолютно новий день / Spider-Man. Całkiem nowy dzień (ukr.),Multikino Pasaż Grunwaldzki,10:00,,,regular,2026-09-03T12:39:56.349395
2026-09-03,czwartek,wrocław,Людина-павук: Абсолютно новий день / Spider-Man. Całkiem nowy dzień (ukr.),Multikino Pasaż Grunwaldzki,13:00,,,regular,2026-09-03T12:39:56.349395
2026-09-03,czwartek,wrocław,Людина-павук: Абсолютно новий день / Spider-Man. Całkiem nowy dzień (ukr.),Multikino Pasaż Grunwaldzki,14:45,,,regular,2026-09-03T12:39:56.349395
2026-09-03,czwartek,wrocław,Людина-павук: Абсолютно новий день / Spider-Man. Całkiem nowy dzień (ukr.),Multikino Pasaż Grunwaldzki,16:15,,,regular,2026-09-03T12:39:56.349395
2026-09-03,czwartek,wrocław,Людина-павук: Абсолютно новий день / Spider-Man. Całkiem nowy dzień (ukr.),Multikino Pasaż Grunwaldzki,19:30,,,regular,2026-09-03T12:39:56.349395
2026-09-03,czwartek,wrocław,Сузір'я великого пса / Gwiazdozbiór Psa (ukr.),Cinema City Wrocław Wroclavia,19:30,,,regular,2026-09-03T12:39:56.349395
2026-09-03,czwartek,poznań,André Rieu. Niech żyje Maastricht!,Kino Teatr Apollo w Poznaniu,17:00,,,regular,2026-09-03T12:39:58.806926
2026-09-03,czwartek,poznań,Arek.Mama.Panorama,Kino Muza w Poznaniu,15:00,,,regular,2026-09-03T12:39:58.806926
2026-09-03,czwartek,poznań,Bogaci i martwi,Charlie Monroe Kino Malta w Poznaniu,17:00,,,regular,2026-09-03T12:39:58.806926
2026-09-03,czwartek,poznań,Bogaci i martwi,Cinema City Poznań Kinepolis,16:00,,,regular,2026-09-03T12:39:58.806926
2026-09-03,czwartek,poznań,Bogaci i martwi,Cinema City Poznań Plaza,13:20,,,regular,2026-09-03T12:39:58.806926
2026-09-03,czwartek,poznań,Buntownik,Cinema City Poznań Kinepolis,17:00,,,regular,2026-09-03T12:39:58.806926
2026-09-03,czwartek,poznań,Buntownik,Cinema City Poznań Kinepolis,19:20,,,regular,2026-09-03T12:39:58.806926
2026-09-03,czwartek,poznań,Buntownik,Cinema City Poznań Kinepolis,22:00,,,regular,2026-09-03T12:39:58.806926
2026-09-03,czwartek,poznań,Buntownik,Cinema City Poznań Plaza,15:50,,,regular,2026-09-03T12:39:58.806926
2026-09-03,czwartek,poznań,Buntownik,Cinema City Poznań Plaza,20:30,,,regular,2026-09-03T12:39:58.806926
2026-09-03,czwartek,poznań,Buntownik,Helios Poznań,14:10,,,regular,2026-09-03T12:39:58.806926
2026-09-03,czwartek,poznań,Buntownik,Helios Poznań,17:00,,,regular,2026-09-03T12:39:58.806926
2026-09-03,czwartek,poznań,Buntownik,Helios Poznań,20:50,,,regular,2026-09-03T12:39:58.806926
2026-09-03,czwartek,poznań,Buntownik,Multikino Poznań Stary Browar,17:00,,,regular,2026-09-03T12:39:58.806926
2026-09-03,czwartek,poznań,Buntownik,Multikino Poznań Stary Browar,19:15,,,regular,2026-09-03T12:39:58.806926
2026-09-03,czwartek,poznań,Buntownik,Multikino Poznań Stary Browar,21:35,,,regular,2026-09-03T12:39:58.806926
2026-09-03,czwartek,poznań,"Dziadku, wiejemy!",Kino Pałacowe w Poznaniu,18:00,,,regular,2026-09-03T12:39:58.806926
2026-09-03,czwartek,poznań,Flavia de Luce (dubbing),Multikino Poznań Stary Browar,10:35,,dubbing,regular,2026-09-03T12:39:58.806926
2026-09-03,czwartek,poznań,Frances Ha,Charlie Monroe Kino Malta w Poznaniu,17:10,,,regular,2026-09-03T12:39:58.806926
2026-09-03,czwartek,poznań,Gorzkie święta,Charlie Monroe Kino Malta w Poznaniu,18:40,,,regular,2026-09-03T12:39:58.806926
2026-09-03,czwartek,poznań,Gorzkie święta,Cinema City Poznań Kinepolis,15:40,,,regular,2026-09-03T12:39:58.806926
2026-09-03,czwartek,poznań,Gorzkie święta,Cinema City Poznań Kinepolis,18:10,,,regular,2026-09-03T12:39:58.806926
2026-09-03,czwartek,poznań,Gorzkie święta,Cinema City Poznań Kinepolis,20:40,,,regular,2026-09-03T12:39:58.806926
2026-09-03,czwartek,poznań,Gorzkie święta,Cinema City Poznań Plaza,15:50,,,regular,2026-09-03T12:39:58.806926
2026-09-03,czwartek,poznań,Gorzkie święta,Cinema City Poznań Plaza,19:30,,,regular,2026-09-03T12:39:58.806926
2026-09-03,czwartek,poznań,Gorzkie święta,Helios Poznań,18:15,,,regular,2026-09-03T12:39:58.806926
2026-09-03,czwartek,poznań,Gorzkie święta,Helios Poznań,21:15,,,regular,2026-09-03T12:39:58.806926
2026-09-03,czwartek,poznań,Gorzkie święta,Kino Bułgarska 19 w Poznaniu,17:10,,,regular,2026-09-03T12:39:58.806926
2026-09-03,czwartek,poznań,Gorzkie święta,Kino Muza w Poznaniu,16:15,,,regular,2026-09-03T12:39:58.806926
2026-09-03,czwartek,poznań,Gorzkie święta,Kino Muza w Poznaniu,19:00,,,regular,2026-09-03T12:39:58.806926
2026-09-03,czwartek,poznań,Gorzkie święta,Kino Muza w Poznaniu,21:15,,,regular,2026-09-03T12:39:58.806926
2026-09-03,czwartek,poznań,Gorzkie święta,Kino Pałacowe w Poznaniu,20:00,,,regular,2026-09-03T12:39:58.806926
2026-09-03,czwartek,poznań,Gorzkie święta,Kino Rialto w Poznaniu,15:00,,,regular,2026-09-03T12:39:58.806926
2026-09-03,czwartek,poznań,Gorzkie święta,Multikino Poznań Stary Browar,17:55,,,regular,2026-09-03T12:39:58.806926
2026-09-03,czwartek,poznań,Gorzkie święta,Multikino Poznań Stary Browar,20:30,,,regular,2026-09-03T12:39:58.806926
2026-09-03,czwartek,poznań,Gwiazdozbiór Psa,Cinema City Poznań Kinepolis,12:00,,,regular,2026-09-03T12:39:58.806926
2026-09-03,czwartek,poznań,Gwiazdozbiór Psa,Cinema City Poznań Kinepolis,13:10,,,regular,2026-09-03T12:39:58.806926
2026-09-03,czwartek,poznań,Gwiazdozbiór Psa,Cinema City Poznań Kinepolis,14:30,,,regular,2026-09-03T12:39:58.806926
2026-09-03,czwartek,poznań,Gwiazdozbiór Psa,Cinema City Poznań Kinepolis,15:50,,,regular,2026-09-03T12:39:58.806926
2026-09-03,czwartek,poznań,Gwiazdozbiór Psa,Cinema City Poznań Kinepolis,17:10,,,regular,2026-09-03T12:39:58.806926
2026-09-03,czwartek,poznań,Gwiazdozbiór Psa,Cinema City Poznań Kinepolis,18:30,,,regular,2026-09-03T12:39:58.806926
2026-09-03,czwartek,poznań,Gwiazdozbiór Psa,Cinema City Poznań Kinepolis,19:50,,,regular,2026-09-03T12:39:58.806926
2026-09-03,czwartek,poznań,Gwiazdozbiór Psa,Cinema City Poznań Kinepolis,21:10,,,regular,2026-09-03T12:39:58.806926
2026-09-03,czwartek,poznań,Gwiazdozbiór Psa,Cinema City Poznań Plaza,11:50,,,regular,2026-09-03T12:39:58.806926
2026-09-03,czwartek,poznań,Gwiazdozbiór Psa,Cinema City Poznań Plaza,14:30,,,regular,2026-09-03T12:39:58.806926
2026-09-03,czwartek,poznań,Gwiazdozbiór Psa,Cinema City Poznań Plaza,17:10,,,regular,2026-09-03T12:39:58.806926
2026-09-03,czwartek,poznań,Gwiazdozbiór Psa,Cinema City Poznań Plaza,19:50,,,regular,2026-09-03T12:39:58.806926
2026-09-03,czwartek,poznań,Gwiazdozbiór Psa,Cinema City Poznań Plaza,22:30,,,regular,2026-09-03T12:39:58.806926
2026-09-03,czwartek,poznań,Gwiazdozbiór Psa,Cinema City Poznań Plaza IMAX,13:30,,,regular,2026-09-03T12:39:58.806926
2026-09-03,czwartek,poznań,Gwiazdozbiór Psa,Cinema City Poznań Plaza IMAX,19:40,,,regular,2026-09-03T12:39:58.806926
2026-09-03,czwartek,poznań,Gwiazdozbiór Psa,Cinema City Poznań Plaza IMAX,22:20,,,regular,2026-09-03T12:39:58.806926
2026-09-03,czwartek,poznań,Gwiazdozbiór Psa,Helios Poznań,12:45,,,regular,2026-09-03T12:39:58.806926
2026-09-03,czwartek,poznań,Gwiazdozbiór Psa,Helios Poznań,15:45,,,regular,2026-09-03T12:39:58.806926
2026-09-03,czwartek,poznań,Gwiazdozbiór Psa,Helios Poznań,18:30,,,regular,2026-09-03T12:39:58.806926
2026-09-03,czwartek,poznań,Gwiazdozbiór Psa,Helios Poznań,20:00,,,regular,2026-09-03T12:39:58.806926
2026-09-03,czwartek,poznań,Gwiazdozbiór Psa,Kino Pałacowe w Poznaniu,15:30,,,regular,2026-09-03T12:39:58.806926
2026-09-03,czwartek,poznań,Gwiazdozbiór Psa,Kino Pałacowe w Poznaniu,20:30,,,regular,2026-09-03T12:39:58.806926
2026-09-03,czwartek,poznań,Gwiazdozbiór Psa,Kino Rialto w Poznaniu,20:15,,,regular,2026-09-03T12:39:58.806926
2026-09-03,czwartek,poznań,Gwiazdozbiór Psa,Multikino Poznań Stary Browar,14:45,,,regular,2026-09-03T12:39:58.806926
2026-09-03,czwartek,poznań,Gwiazdozbiór Psa,Multikino Poznań Stary Browar,17:30,,,regular,2026-09-03T12:39:58.806926
2026-09-03,czwartek,poznań,Gwiazdozbiór Psa,Multikino Poznań Stary Browar,20:15,,,regular,2026-09-03T12:39:58.806926
2026-09-03,czwartek,poznań,Hamnet,Kino Muza w Poznaniu,18:45,,,regular,2026-09-03T12:39:58.806926
2026-09-03,czwartek,poznań,Harry Potter i Insygnia Śmierci cz. 2 (dubbing),Multikino Poznań Stary Browar,17:15,,dubbing,regular,2026-09-03T12:39:58.806926
2026-09-03,czwartek,poznań,Harry Potter i Kamień Filozoficzny (dubbing),Cinema City Poznań Kinepolis,16:30,,dubbing,regular,2026-09-03T12:39:58.806926
2026-09-03,czwartek,poznań,Harry Potter i Kamień Filozoficzny (dubbing),Cinema City Poznań Kinepolis,17:00,,dubbing,regular,2026-09-03T12:39:58.806926
2026-09-03,czwartek,poznań,Harry Potter i Kamień Filozoficzny (dubbing),Cinema City Poznań Plaza,16:40,,dubbing,regular,2026-09-03T12:39:58.806926
2026-09-03,czwartek,poznań,Harry Potter i Kamień Filozoficzny (dubbing),Multikino Poznań Stary Browar,14:00,,dubbing,regular,2026-09-03T12:39:58.806926
2026-09-03,czwartek,poznań,Historie równoległe,Charlie Monroe Kino Malta w Poznaniu,20:30,,,regular,2026-09-03T12:39:58.806926
2026-09-03,czwartek,poznań,Historie równoległe,Kino Muza w Poznaniu,16:30,,,regular,2026-09-03T12:39:58.806926
2026-09-03,czwartek,poznań,Kandydaci śmierci,Kino Muza w Poznaniu,21:00,,,regular,2026-09-03T12:39:58.806926
2026-09-03,czwartek,poznań,Koniec Ulicy Dębowej,Cinema City Poznań Kinepolis,19:00,,,regular,2026-09-03T12:39:58.806926
2026-09-03,czwartek,poznań,Koniec Ulicy Dębowej,Cinema City Poznań Plaza,10:20,,,regular,2026-09-03T12:39:58.806926
2026-09-03,czwartek,poznań,Koniec Ulicy Dębowej,Helios Poznań,11:10,,,regular,2026-09-03T12:39:58.806926
2026-09-03,czwartek,poznań,Koniec Ulicy Dębowej,Helios Poznań,21:30,,,regular,2026-09-03T12:39:58.806926
2026-09-03,czwartek,poznań,Koniec Ulicy Dębowej,Multikino Poznań Stary Browar,19:30,,,regular,2026-09-03T12:39:58.806926
2026-09-03,czwartek,poznań,Koniec Ulicy Dębowej,Multikino Poznań Stary Browar,21:35,,,regular,2026-09-03T12:39:58.806926
2026-09-03,czwartek,poznań,Księga pustyni,Helios Poznań,10:30,,,regular,2026-09-03T12:39:58.806926
2026-09-03,czwartek,poznań,Księga pustyni,Helios Poznań,16:00,,,regular,2026-09-03T12:39:58.806926
2026-09-03,czwartek,poznań,Księga pustyni,Kino Bułgarska 19 w Poznaniu,15:30,,,regular,2026-09-03T12:39:58.806926
2026-09-03,czwartek,poznań,Księga pustyni (dubbing),Cinema City Poznań Kinepolis,12:10,,dubbing,regular,2026-09-03T12:39:58.806926
2026-09-03,czwartek,poznań,Księga pustyni (dubbing),Cinema City Poznań Kinepolis,14:30,,dubbing,regular,2026-09-03T12:39:58.806926
2026-09-03,czwartek,poznań,Księga pustyni (dubbing),Cinema City Poznań Kinepolis,16:40,,dubbing,regular,2026-09-03T12:39:58.806926
2026-09-03,czwartek,poznań,Księga pustyni (dubbing),Cinema City Poznań Plaza,12:50,,dubbing,regular,2026-09-03T12:39:58.806926
2026-09-03,czwartek,poznań,Księga pustyni (dubbing),Cinema City Poznań Plaza,15:10,,dubbing,regular,2026-09-03T12:39:58.806926
2026-09-03,czwartek,poznań,Księga pustyni (dubbing),Multikino Poznań Stary Browar,09:15,,dubbing,regular,2026-09-03T12:39:58.806926
2026-09-03,czwartek,poznań,Księga pustyni (dubbing),Multikino Poznań Stary Browar,10:25,,dubbing,regular,2026-09-03T12:39:58.806926
2026-09-03,czwartek,poznań,Księga pustyni (dubbing),Multikino Poznań Stary Browar,12:40,,dubbing,regular,2026-09-03T12:39:58.806926
2026-09-03,czwartek,poznań,Księga pustyni (dubbing),Multikino Poznań Stary Browar,14:55,,dubbing,regular,2026-09-03T12:39:58.806926
2026-09-03,czwartek,poznań,Księga pustyni (dubbing),Multikino Poznań Stary Browar,17:10,,dubbing,regular,2026-09-03T12:39:58.806926
2026-09-03,czwartek,poznań,Minionki i straszydła (dubbing),Cinema City Poznań Kinepolis,15:50,,dubbing,regular,2026-09-03T12:39:58.806926
2026-09-03,czwartek,poznań,Minionki i straszydła (dubbing),Cinema City Poznań Plaza,10:00,,dubbing,regular,2026-09-03T12:39:58.806926
2026-09-03,czwartek,poznań,Minionki i straszydła (dubbing),Helios Poznań,10:50,,dubbing,regular,2026-09-03T12:39:58.806926
2026-09-03,czwartek,poznań,Minionki i straszydła (dubbing),Helios Poznań,15:15,,dubbing,regular,2026-09-03T12:39:58.806926
2026-09-03,czwartek,poznań,Minionki i straszydła (dubbing),Multikino Poznań Stary Browar,10:25,,dubbing,regular,2026-09-03T12:39:58.806926
2026-09-03,czwartek,poznań,Minionki i straszydła (dubbing),Multikino Poznań Stary Browar,12:35,,dubbing,regular,2026-09-03T12:39:58.806926
2026-09-03,czwartek,poznań,Mulholland Drive,Kino Pałacowe w Poznaniu,21:00,,,regular,2026-09-03T12:39:58.806926
2026-09-03,czwartek,poznań,Naznaczony: Wyjście z mrocznego wymiaru,Cinema City Poznań Kinepolis,16:00,,,regular,2026-09-03T12:39:58.806926
2026-09-03,czwartek,poznań,Naznaczony: Wyjście z mrocznego wymiaru,Cinema City Poznań Kinepolis,18:30,,,regular,2026-09-03T12:39:58.806926
2026-09-03,czwartek,poznań,Naznaczony: Wyjście z mrocznego wymiaru,Cinema City Poznań Kinepolis,21:00,,,regular,2026-09-03T12:39:58.806926
2026-09-03,czwartek,poznań,Naznaczony: Wyjście z mrocznego wymiaru,Cinema City Poznań Plaza,20:00,,,regular,2026-09-03T12:39:58.806926
2026-09-03,czwartek,poznań,Naznaczony: Wyjście z mrocznego wymiaru,Cinema City Poznań Plaza,22:30,,,regular,2026-09-03T12:39:58.806926
2026-09-03,czwartek,poznań,Naznaczony: Wyjście z mrocznego wymiaru,Helios Poznań,16:30,,,regular,2026-09-03T12:39:58.806926
2026-09-03,czwartek,poznań,Naznaczony: Wyjście z mrocznego wymiaru,Helios Poznań,17:30,,,regular,2026-09-03T12:39:58.806926
2026-09-03,czwartek,poznań,Naznaczony: Wyjście z mrocznego wymiaru,Helios Poznań,20:40,,,regular,2026-09-03T12:39:58.806926
2026-09-03,czwartek,poznań,Naznaczony: Wyjście z mrocznego wymiaru,Multikino Poznań Stary Browar,13:55,,,regular,2026-09-03T12:39:58.806926
2026-09-03,czwartek,poznań,Naznaczony: Wyjście z mrocznego wymiaru,Multikino Poznań Stary Browar,16:20,,,regular,2026-09-03T12:39:58.806926
2026-09-03,czwartek,poznań,Naznaczony: Wyjście z mrocznego wymiaru,Multikino Poznań Stary Browar,18:45,,,regular,2026-09-03T12:39:58.806926
2026-09-03,czwartek,poznań,Naznaczony: Wyjście z mrocznego wymiaru,Multikino Poznań Stary Browar,21:10,,,regular,2026-09-03T12:39:58.806926
2026-09-03,czwartek,poznań,Nie patrz w dół 2,Cinema City Poznań Kinepolis,20:00,,,regular,2026-09-03T12:39:58.806926
2026-09-03,czwartek,poznań,Nie patrz w dół 2,Multikino Poznań Stary Browar,17:00,,,regular,2026-09-03T12:39:58.806926
2026-09-03,czwartek,poznań,Nowa fala,Kino Pałacowe w Poznaniu,16:00,,,regular,2026-09-03T12:39:58.806926
2026-09-03,czwartek,poznań,Nowa fala,Multikino Poznań Stary Browar,20:00,,,regular,2026-09-03T12:39:58.806926
2026-09-03,czwartek,poznań,O czym sobie nie mówimy,Kino Bułgarska 19 w Poznaniu,18:00,,,regular,2026-09-03T12:39:58.806926
2026-09-03,czwartek,poznań,O czym sobie nie mówimy,Kino Muza w Poznaniu,14:30,,,regular,2026-09-03T12:39:58.806926
2026-09-03,czwartek,poznań,O czym wie Marielle,Charlie Monroe Kino Malta w Poznaniu,15:25,,,regular,2026-09-03T12:39:58.806926
2026-09-03,czwartek,poznań,Obsesja,Cinema City Poznań Kinepolis,21:30,,,regular,2026-09-03T12:39:58.806926
2026-09-03,czwartek,poznań,Odyseja,Cinema City Poznań Kinepolis,12:30,,,regular,2026-09-03T12:39:58.806926
2026-09-03,czwartek,poznań,Odyseja,Cinema City Poznań Kinepolis,16:15,,,regular,2026-09-03T12:39:58.806926
2026-09-03,czwartek,poznań,Odyseja,Cinema City Poznań Kinepolis,17:40,,,regular,2026-09-03T12:39:58.806926
2026-09-03,czwartek,poznań,Odyseja,Cinema City Poznań Kinepolis,18:00,,,regular,2026-09-03T12:39:58.806926
2026-09-03,czwartek,poznań,Odyseja,Cinema City Poznań Kinepolis,20:00,,,regular,2026-09-03T12:39:58.806926
2026-09-03,czwartek,poznań,Odyseja,Cinema City Poznań Kinepolis,20:50,,,regular,2026-09-03T12:39:58.806926
2026-09-03,czwartek,poznań,Odyseja,Cinema City Poznań Kinepolis,21:20,,,regular,2026-09-03T12:39:58.806926
2026-09-03,czwartek,poznań,Odyseja,Cinema City Poznań Kinepolis,21:30,,,regular,2026-09-03T12:39:58.806926
2026-09-03,czwartek,poznań,Odyseja,Cinema City Poznań Plaza,10:40,,,regular,2026-09-03T12:39:58.806926
2026-09-03,czwartek,poznań,Odyseja,Cinema City Poznań Plaza,14:20,,,regular,2026-09-03T12:39:58.806926
2026-09-03,czwartek,poznań,Odyseja,Cinema City Poznań Plaza,18:00,,,regular,2026-09-03T12:39:58.806926
2026-09-03,czwartek,poznań,Odyseja,Cinema City Poznań Plaza,20:10,,,regular,2026-09-03T12:39:58.806926
2026-09-03,czwartek,poznań,Odyseja,Cinema City Poznań Plaza,21:40,,,regular,2026-09-03T12:39:58.806926
2026-09-03,czwartek,poznań,Odyseja,Cinema City Poznań Plaza IMAX,10:00,,,regular,2026-09-03T12:39:58.806926
2026-09-03,czwartek,poznań,Odyseja,Cinema City Poznań Plaza IMAX,16:10,,,regular,2026-09-03T12:39:58.806926
2026-09-03,czwartek,poznań,Odyseja,Helios Poznań,11:40,,,regular,2026-09-03T12:39:58.806926
2026-09-03,czwartek,poznań,Odyseja,Helios Poznań,13:15,,,regular,2026-09-03T12:39:58.806926
2026-09-03,czwartek,poznań,Odyseja,Helios Poznań,16:45,,,regular,2026-09-03T12:39:58.806926
2026-09-03,czwartek,poznań,Odyseja,Helios Poznań,19:30,,,regular,2026-09-03T12:39:58.806926
2026-09-03,czwartek,poznań,Odyseja,Kino Muza w Poznaniu,18:15,,,regular,2026-09-03T12:39:58.806926
2026-09-03,czwartek,poznań,Odyseja,Multikino Poznań Stary Browar,09:30,,,regular,2026-09-03T12:39:58.806926
2026-09-03,czwartek,poznań,Odyseja,Multikino Poznań Stary Browar,10:55,,,regular,2026-09-03T12:39:58.806926
2026-09-03,czwartek,poznań,Odyseja,Multikino Poznań Stary Browar,14:30,,,regular,2026-09-03T12:39:58.806926
2026-09-03,czwartek,poznań,Odyseja,Multikino Poznań Stary Browar,18:05,,,regular,2026-09-03T12:39:58.806926
2026-09-03,czwartek,poznań,Odyseja,Multikino Poznań Stary Browar,19:25,,,regular,2026-09-03T12:39:58.806926
2026-09-03,czwartek,poznań,Odzyskany,Charlie Monroe Kino Malta w Poznaniu,15:40,,,regular,2026-09-03T12:39:58.806926
2026-09-03,czwartek,poznań,Odzyskany,Cinema City Poznań Kinepolis,15:50,,,regular,2026-09-03T12:39:58.806926
2026-09-03,czwartek,poznań,Odzyskany,Kino Bułgarska 19 w Poznaniu,16:20,,,regular,2026-09-03T12:39:58.806926
2026-09-03,czwartek,poznań,Ojczyzna,Kino Muza w Poznaniu,14:45,,,regular,2026-09-03T12:39:58.806926
2026-09-03,czwartek,poznań,Ostatnia sesja w Paryżu,Charlie Monroe Kino Malta w Poznaniu,16:55,,,regular,2026-09-03T12:39:58.806926
2026-09-03,czwartek,poznań,Ostrze przeznaczenia,Cinema City Poznań Kinepolis,18:00,,,regular,2026-09-03T12:39:58.806926
2026-09-03,czwartek,poznań,Ostrze przeznaczenia,Cinema City Poznań Plaza,18:30,,,regular,2026-09-03T12:39:58.806926
2026-09-03,czwartek,poznań,Psi Patrol i dinozaury,Helios Poznań,10:00,,,regular,2026-09-03T12:39:58.806926
2026-09-03,czwartek,poznań,Psi Patrol i dinozaury,Helios Poznań,12:10,,,regular,2026-09-03T12:39:58.806926
2026-09-03,czwartek,poznań,Psi Patrol i dinozaury,Helios Poznań,13:50,,,regular,2026-09-03T12:39:58.806926
2026-09-03,czwartek,poznań,Psi Patrol i dinozaury,Helios Poznań,15:30,,,regular,2026-09-03T12:39:58.806926
2026-09-03,czwartek,poznań,Psi Patrol i dinozaury (dubbing),Cinema City Poznań Kinepolis,15:40,,dubbing,regular,2026-09-03T12:39:58.806926
2026-09-03,czwartek,poznań,Psi Patrol i dinozaury (dubbing),Cinema City Poznań Kinepolis,17:50,,dubbing,regular,2026-09-03T12:39:58.806926
2026-09-03,czwartek,poznań,Psi Patrol i dinozaury (dubbing),Cinema City Poznań Plaza,11:00,,dubbing,regular,2026-09-03T12:39:58.806926
2026-09-03,czwartek,poznań,Psi Patrol i dinozaury (dubbing),Cinema City Poznań Plaza,13:10,,dubbing,regular,2026-09-03T12:39:58.806926
2026-09-03,czwartek,poznań,Psi Patrol i dinozaury (dubbing),Cinema City Poznań Plaza,15:20,,dubbing,regular,2026-09-03T12:39:58.806926
2026-09-03,czwartek,poznań,Psi Patrol i dinozaury (dubbing),Cinema City Poznań Plaza,17:30,,dubbing,regular,2026-09-03T12:39:58.806926
2026-09-03,czwartek,poznań,Psi Patrol i dinozaury (dubbing),Multikino Poznań Stary Browar,10:20,,dubbing,regular,2026-09-03T12:39:58.806926
2026-09-03,czwartek,poznań,Psi Patrol i dinozaury (dubbing),Multikino Poznań Stary Browar,12:30,,dubbing,regular,2026-09-03T12:39:58.806926
2026-09-03,czwartek,poznań,Psi Patrol i dinozaury (dubbing),Multikino Poznań Stary Browar,14:40,,dubbing,regular,2026-09-03T12:39:58.806926
2026-09-03,czwartek,poznań,Pucio kocha zwierzaki,Cinema City Poznań Kinepolis,12:00,,,regular,2026-09-03T12:39:58.806926
2026-09-03,czwartek,poznań,Pucio kocha zwierzaki,Cinema City Poznań Kinepolis,13:30,,,regular,2026-09-03T12:39:58.806926
2026-09-03,czwartek,poznań,Pucio kocha zwierzaki,Cinema City Poznań Kinepolis,15:00,,,regular,2026-09-03T12:39:58.806926
2026-09-03,czwartek,poznań,Pucio kocha zwierzaki,Cinema City Poznań Plaza,11:20,,,regular,2026-09-03T12:39:58.806926
2026-09-03,czwartek,poznań,Pucio kocha zwierzaki,Cinema City Poznań Plaza,12:50,,,regular,2026-09-03T12:39:58.806926
2026-09-03,czwartek,poznań,Pucio kocha zwierzaki,Cinema City Poznań Plaza,14:20,,,regular,2026-09-03T12:39:58.806926
2026-09-03,czwartek,poznań,Pucio kocha zwierzaki,Helios Poznań,10:10,,,regular,2026-09-03T12:39:58.806926
2026-09-03,czwartek,poznań,Pucio kocha zwierzaki,Helios Poznań,11:00,,,regular,2026-09-03T12:39:58.806926
2026-09-03,czwartek,poznań,Pucio kocha zwierzaki,Helios Poznań,12:30,,,regular,2026-09-03T12:39:58.806926
2026-09-03,czwartek,poznań,Pucio kocha zwierzaki,Helios Poznań,14:20,,,regular,2026-09-03T12:39:58.806926
2026-09-03,czwartek,poznań,Pucio kocha zwierzaki,Kino Bułgarska 19 w Poznaniu,15:20,,,regular,2026-09-03T12:39:58.806926
2026-09-03,czwartek,poznań,Pucio kocha zwierzaki,Multikino Poznań Stary Browar,10:30,,,regular,2026-09-03T12:39:58.806926
2026-09-03,czwartek,poznań,Pucio kocha zwierzaki,Multikino Poznań Stary Browar,11:45,,,regular,2026-09-03T12:39:58.806926
2026-09-03,czwartek,poznań,Pucio kocha zwierzaki,Multikino Poznań Stary Browar,13:00,,,regular,2026-09-03T12:39:58.806926
2026-09-03,czwartek,poznań,Pucio kocha zwierzaki,Multikino Poznań Stary Browar,14:20,,,regular,2026-09-03T12:39:58.806926
2026-09-03,czwartek,poznań,Pucio kocha zwierzaki,Multikino Poznań Stary Browar,15:40,,,regular,2026-09-03T12:39:58.806926
2026-09-03,czwartek,poznań,Sirât,Kino Bułgarska 19 w Poznaniu,20:00,,,regular,2026-09-03T12:39:58.806926
2026-09-03,czwartek,poznań,Spider-Man. Całkiem nowy dzień,Cinema City Poznań Kinepolis,15:50,,,regular,2026-09-03T12:39:58.806926
2026-09-03,czwartek,poznań,Spider-Man. Całkiem nowy dzień,Cinema City Poznań Kinepolis,19:00,,,regular,2026-09-03T12:39:58.806926
2026-09-03,czwartek,poznań,Spider-Man. Całkiem nowy dzień,Cinema City Poznań Kinepolis,20:00,,,regular,2026-09-03T12:39:58.806926
2026-09-03,czwartek,poznań,Spider-Man. Całkiem nowy dzień,Cinema City Poznań Kinepolis,21:10,,,regular,2026-09-03T12:39:58.806926
2026-09-03,czwartek,poznań,Spider-Man. Całkiem nowy dzień,Cinema City Poznań Plaza,19:40,,,regular,2026-09-03T12:39:58.806926
2026-09-03,czwartek,poznań,Spider-Man. Całkiem nowy dzień,Cinema City Poznań Plaza,21:30,,,regular,2026-09-03T12:39:58.806926
2026-09-03,czwartek,poznań,Spider-Man. Całkiem nowy dzień,Helios Poznań,10:40,,,regular,2026-09-03T12:39:58.806926
2026-09-03,czwartek,poznań,Spider-Man. Całkiem nowy dzień,Helios Poznań,11:30,,,regular,2026-09-03T12:39:58.806926
2026-09-03,czwartek,poznań,Spider-Man. Całkiem nowy dzień,Helios Poznań,13:30,,,regular,2026-09-03T12:39:58.806926
2026-09-03,czwartek,poznań,Spider-Man. Całkiem nowy dzień,Helios Poznań,14:45,,,regular,2026-09-03T12:39:58.806926
2026-09-03,czwartek,poznań,Spider-Man. Całkiem nowy dzień,Helios Poznań,17:45,,,regular,2026-09-03T12:39:58.806926
2026-09-03,czwartek,poznań,Spider-Man. Całkiem nowy dzień,Helios Poznań,20:20,,,regular,2026-09-03T12:39:58.806926
2026-09-03,czwartek,poznań,Spider-Man. Całkiem nowy dzień,Helios Poznań,21:00,,,regular,2026-09-03T12:39:58.806926
2026-09-03,czwartek,poznań,Spider-Man. Całkiem nowy dzień,Multikino Poznań Stary Browar,11:00,,,regular,2026-09-03T12:39:58.806926
2026-09-03,czwartek,poznań,Spider-Man. Całkiem nowy dzień,Multikino Poznań Stary Browar,14:15,,,regular,2026-09-03T12:39:58.806926
2026-09-03,czwartek,poznań,Spider-Man. Całkiem nowy dzień,Multikino Poznań Stary Browar,15:15,,,regular,2026-09-03T12:39:58.806926
2026-09-03,czwartek,poznań,Spider-Man. Całkiem nowy dzień,Multikino Poznań Stary Browar,17:30,,,regular,2026-09-03T12:39:58.806926
2026-09-03,czwartek,poznań,Spider-Man. Całkiem nowy dzień,Multikino Poznań Stary Browar,18:30,,,regular,2026-09-03T12:39:58.806926
2026-09-03,czwartek,poznań,Spider-Man. Całkiem nowy dzień,Multikino Poznań Stary Browar,20:45,,,regular,2026-09-03T12:39:58.806926
2026-09-03,czwartek,poznań,Spider-Man. Całkiem nowy dzień (dubbing),Cinema City Poznań Kinepolis,13:50,,dubbing,regular,2026-09-03T12:39:58.806926
2026-09-03,czwartek,poznań,Spider-Man. Całkiem nowy dzień (dubbing),Cinema City Poznań Kinepolis,18:00,,dubbing,regular,2026-09-03T12:39:58.806926
2026-09-03,czwartek,poznań,Spider-Man. Całkiem nowy dzień (dubbing),Cinema City Poznań Plaza,10:10,,dubbing,regular,2026-09-03T12:39:58.806926
2026-09-03,czwartek,poznań,Spider-Man. Całkiem nowy dzień (dubbing),Cinema City Poznań Plaza,12:10,,dubbing,regular,2026-09-03T12:39:58.806926
2026-09-03,czwartek,poznań,Spider-Man. Całkiem nowy dzień (dubbing),Cinema City Poznań Plaza,15:20,,dubbing,regular,2026-09-03T12:39:58.806926
2026-09-03,czwartek,poznań,Spider-Man. Całkiem nowy dzień (dubbing),Multikino Poznań Stary Browar,10:00,,dubbing,regular,2026-09-03T12:39:58.806926
2026-09-03,czwartek,poznań,Spider-Man. Całkiem nowy dzień (dubbing),Multikino Poznań Stary Browar,13:15,,dubbing,regular,2026-09-03T12:39:58.806926
2026-09-03,czwartek,poznań,Spider-Man. Całkiem nowy dzień (dubbing),Multikino Poznań Stary Browar,16:30,,dubbing,regular,2026-09-03T12:39:58.806926
2026-09-03,czwartek,poznań,Spider-Man. Całkiem nowy dzień (dubbing),Multikino Poznań Stary Browar,19:45,,dubbing,regular,2026-09-03T12:39:58.806926
2026-09-03,czwartek,poznań,Spider-Man. Całkiem nowy dzień 3D (dubbing),Cinema City Poznań Plaza,13:30,3D,dubbing,regular,2026-09-03T12:39:58.806926
2026-09-03,czwartek,poznań,Sunny Dancer,Charlie Monroe Kino Malta w Poznaniu,15:20,,,regular,2026-09-03T12:39:58.806926
2026-09-03,czwartek,poznań,Sunny Dancer,Cinema City Poznań Kinepolis,16:10,,,regular,2026-09-03T12:39:58.806926
2026-09-03,czwartek,poznań,Sunny Dancer,Cinema City Poznań Kinepolis,18:40,,,regular,2026-09-03T12:39:58.806926
2026-09-03,czwartek,poznań,Sunny Dancer,Cinema City Poznań Plaza,17:30,,,regular,2026-09-03T12:39:58.806926
2026-09-03,czwartek,poznań,Sunny Dancer,Kino Muza w Poznaniu,21:00,,,regular,2026-09-03T12:39:58.806926
2026-09-03,czwartek,poznań,Sunny Dancer,Multikino Poznań Stary Browar,12:50,,,regular,2026-09-03T12:39:58.806926
2026-09-03,czwartek,poznań,Takie jest życie,Charlie Monroe Kino Malta w Poznaniu,20:25,,,regular,2026-09-03T12:39:58.806926
2026-09-03,czwartek,poznań,Terminator 2: Dzień sądu,Cinema City Poznań Kinepolis,16:00,,,regular,2026-09-03T12:39:58.806926
2026-09-03,czwartek,poznań,Terminator 2: Dzień sądu,Cinema City Poznań Kinepolis,19:00,,,regular,2026-09-03T12:39:58.806926
2026-09-03,czwartek,poznań,Terminator 2: Dzień sądu,Cinema City Poznań Kinepolis,20:30,,,regular,2026-09-03T12:39:58.806926
2026-09-03,czwartek,poznań,Terminator 2: Dzień sądu,Cinema City Poznań Plaza,18:30,,,regular,2026-09-03T12:39:58.806926
2026-09-03,czwartek,poznań,Terminator 2: Dzień sądu,Helios Poznań,18:00,,,regular,2026-09-03T12:39:58.806926
2026-09-03,czwartek,poznań,Terminator 2: Dzień sądu,Multikino Poznań Stary Browar,21:30,,,regular,2026-09-03T12:39:58.806926
2026-09-03,czwartek,poznań,Toy Story 5 (dubbing),Cinema City Poznań Kinepolis,13:10,,dubbing,regular,2026-09-03T12:39:58.806926
2026-09-03,czwartek,poznań,Toy Story 5 (dubbing),Cinema City Poznań Kinepolis,15:30,,dubbing,regular,2026-09-03T12:39:58.806926
2026-09-03,czwartek,poznań,Toy Story 5 (dubbing),Cinema City Poznań Plaza,11:00,,dubbing,regular,2026-09-03T12:39:58.806926
2026-09-03,czwartek,poznań,Toy Story 5 (dubbing),Multikino Poznań Stary Browar,11:35,,dubbing,regular,2026-09-03T12:39:58.806926
2026-09-03,czwartek,poznań,Tylko jedna noc,Cinema City Poznań Kinepolis,18:20,,,regular,2026-09-03T12:39:58.806926
2026-09-03,czwartek,poznań,Tylko jedna noc,Cinema City Poznań Kinepolis,20:50,,,regular,2026-09-03T12:39:58.806926
2026-09-03,czwartek,poznań,Tylko jedna noc,Cinema City Poznań Plaza,16:40,,,regular,2026-09-03T12:39:58.806926
2026-09-03,czwartek,poznań,Tylko jedna noc,Cinema City Poznań Plaza,18:10,,,regular,2026-09-03T12:39:58.806926
2026-09-03,czwartek,poznań,Tylko jedna noc,Multikino Poznań Stary Browar,12:55,,,regular,2026-09-03T12:39:58.806926
2026-09-03,czwartek,poznań,Vaiana (dubbing),Cinema City Poznań Kinepolis,14:50,,dubbing,regular,2026-09-03T12:39:58.806926
2026-09-03,czwartek,poznań,Vaiana (dubbing),Cinema City Poznań Plaza,10:50,,dubbing,regular,2026-09-03T12:39:58.806926
2026-09-03,czwartek,poznań,Vaiana (dubbing),Multikino Poznań Stary Browar,10:10,,dubbing,regular,2026-09-03T12:39:58.806926
2026-09-03,czwartek,poznań,Vivaldi i ja,Charlie Monroe Kino Malta w Poznaniu,18:40,,,regular,2026-09-03T12:39:58.806926
2026-09-03,czwartek,poznań,Vivaldi i ja,Cinema City Poznań Kinepolis,13:10,,,regular,2026-09-03T12:39:58.806926
2026-09-03,czwartek,poznań,Vivaldi i ja,Kino Pałacowe w Poznaniu,18:30,,,regular,2026-09-03T12:39:58.806926
2026-09-03,czwartek,poznań,Wrong Girls,Charlie Monroe Kino Malta w Poznaniu,18:45,,,regular,2026-09-03T12:39:58.806926
2026-09-03,czwartek,poznań,Wrong Girls,Cinema City Poznań Kinepolis,21:10,,,regular,2026-09-03T12:39:58.806926
2026-09-03,czwartek,poznań,Wrong Girls,Cinema City Poznań Plaza,22:10,,,regular,2026-09-03T12:39:58.806926
2026-09-03,czwartek,poznań,Wrong Girls,Kino Muza w Poznaniu,16:45,,,regular,2026-09-03T12:39:58.806926
2026-09-03,czwartek,poznań,Wszyscy moi wrogowie,Cinema City Poznań Plaza,13:40,,,regular,2026-09-03T12:39:58.806926
2026-09-03,czwartek,poznań,Wszyscy moi wrogowie,Kino Bułgarska 19 w Poznaniu,21:10,,,regular,2026-09-03T12:39:58.806926
2026-09-03,czwartek,poznań,Zaproszenie,Charlie Monroe Kino Malta w Poznaniu,20:30,,,regular,2026-09-03T12:39:58.806926
2026-09-03,czwartek,poznań,Zaproszenie,Cinema City Poznań Kinepolis,21:30,,,regular,2026-09-03T12:39:58.806926
2026-09-03,czwartek,poznań,Zaproszenie,Kino Bułgarska 19 w Poznaniu,19:10,,,regular,2026-09-03T12:39:58.806926
2026-09-03,czwartek,poznań,Zróbmy sobie przerwę,Helios Poznań,19:00,,,regular,2026-09-03T12:39:58.806926
2026-09-03,czwartek,poznań,АСТРАЛ: ЗА МЕЖАМИ ПОТОЙБІЧЧЯ / Naznaczony: Wyjście z mrocznego wymiaru (ukr.),Multikino Poznań Stary Browar,15:25,,,regular,2026-09-03T12:39:58.806926
2026-09-03,czwartek,poznań,Сузір'я великого пса / Gwiazdozbiór Psa (ukr.),Cinema City Poznań Plaza,21:20,,,regular,2026-09-03T12:39:58.806926
2026-09-03,czwartek,gdańsk,2046,KinoPort - Centrum Sztuki Współczesnej Łaźnia 2,19:50,,,regular,2026-09-03T12:40:02.194852
2026-09-03,czwartek,gdańsk,Basia. Jestem w sam raz,Cinema1 w Gdańsku,10:00,,,regular,2026-09-03T12:40:02.194852
2026-09-03,czwartek,gdańsk,Buntownik,Cinema1 w Gdańsku,15:00,,,regular,2026-09-03T12:40:02.194852
2026-09-03,czwartek,gdańsk,Buntownik,Cinema1 w Gdańsku,20:30,,,regular,2026-09-03T12:40:02.194852
2026-09-03,czwartek,gdańsk,Buntownik,Helios Gdańsk Forum,13:30,,,regular,2026-09-03T12:40:02.194852
2026-09-03,czwartek,gdańsk,Buntownik,Helios Gdańsk Forum,19:15,,,regular,2026-09-03T12:40:02.194852
2026-09-03,czwartek,gdańsk,Buntownik,Helios Gdańsk Metropolia,14:15,,,regular,2026-09-03T12:40:02.194852
2026-09-03,czwartek,gdańsk,Buntownik,Helios Gdańsk Metropolia,18:30,,,regular,2026-09-03T12:40:02.194852
2026-09-03,czwartek,gdańsk,Buntownik,Multikino Gdańsk,15:05,,,regular,2026-09-03T12:40:02.194852
2026-09-03,czwartek,gdańsk,Buntownik,Multikino Gdańsk,18:15,,,regular,2026-09-03T12:40:02.194852
2026-09-03,czwartek,gdańsk,Buntownik,Multikino Gdańsk,20:55,,,regular,2026-09-03T12:40:02.194852
2026-09-03,czwartek,gdańsk,Frances Ha,Kino Kameralne Cafe w Gdańsku,21:00,,,regular,2026-09-03T12:40:02.194852
2026-09-03,czwartek,gdańsk,Gorzkie święta,Helios Gdańsk Forum,12:10,,,regular,2026-09-03T12:40:02.194852
2026-09-03,czwartek,gdańsk,Gorzkie święta,Helios Gdańsk Forum,20:15,,,regular,2026-09-03T12:40:02.194852
2026-09-03,czwartek,gdańsk,Gorzkie święta,Helios Gdańsk Metropolia,20:40,,,regular,2026-09-03T12:40:02.194852
2026-09-03,czwartek,gdańsk,Gorzkie święta,Kino Kameralne Cafe w Gdańsku,18:30,,,regular,2026-09-03T12:40:02.194852
2026-09-03,czwartek,gdańsk,Gorzkie święta,Kino Spektrum w Gdańsku,18:00,,,regular,2026-09-03T12:40:02.194852
2026-09-03,czwartek,gdańsk,Gorzkie święta,Multikino Gdańsk,20:15,,,regular,2026-09-03T12:40:02.194852
2026-09-03,czwartek,gdańsk,Gwiazdozbiór Psa,Cinema1 w Gdańsku,16:35,,,regular,2026-09-03T12:40:02.194852
2026-09-03,czwartek,gdańsk,Gwiazdozbiór Psa,Cinema1 w Gdańsku,18:35,,,regular,2026-09-03T12:40:02.194852
2026-09-03,czwartek,gdańsk,Gwiazdozbiór Psa,Cinema1 w Gdańsku,20:15,,,regular,2026-09-03T12:40:02.194852
2026-09-03,czwartek,gdańsk,Gwiazdozbiór Psa,Helios Gdańsk Forum,12:50,,,regular,2026-09-03T12:40:02.194852
2026-09-03,czwartek,gdańsk,Gwiazdozbiór Psa,Helios Gdańsk Forum,16:15,,,regular,2026-09-03T12:40:02.194852
2026-09-03,czwartek,gdańsk,Gwiazdozbiór Psa,Helios Gdańsk Forum,19:00,,,regular,2026-09-03T12:40:02.194852
2026-09-03,czwartek,gdańsk,Gwiazdozbiór Psa,Helios Gdańsk Forum,20:30,,,regular,2026-09-03T12:40:02.194852
2026-09-03,czwartek,gdańsk,Gwiazdozbiór Psa,Helios Gdańsk Forum,21:45,,,regular,2026-09-03T12:40:02.194852
2026-09-03,czwartek,gdańsk,Gwiazdozbiór Psa,Helios Gdańsk Metropolia,12:15,,,regular,2026-09-03T12:40:02.194852
2026-09-03,czwartek,gdańsk,Gwiazdozbiór Psa,Helios Gdańsk Metropolia,15:00,,,regular,2026-09-03T12:40:02.194852
2026-09-03,czwartek,gdańsk,Gwiazdozbiór Psa,Helios Gdańsk Metropolia,17:30,,,regular,2026-09-03T12:40:02.194852
2026-09-03,czwartek,gdańsk,Gwiazdozbiór Psa,Helios Gdańsk Metropolia,20:50,,,regular,2026-09-03T12:40:02.194852
2026-09-03,czwartek,gdańsk,Gwiazdozbiór Psa,Multikino Gdańsk,11:35,,,regular,2026-09-03T12:40:02.194852
2026-09-03,czwartek,gdańsk,Gwiazdozbiór Psa,Multikino Gdańsk,17:45,,,regular,2026-09-03T12:40:02.194852
2026-09-03,czwartek,gdańsk,Gwiazdozbiór Psa,Multikino Gdańsk,20:30,,,regular,2026-09-03T12:40:02.194852
2026-09-03,czwartek,gdańsk,Harry Potter i Insygnia Śmierci cz. 2 (dubbing),Multikino Gdańsk,17:15,,dubbing,regular,2026-09-03T12:40:02.194852
2026-09-03,czwartek,gdańsk,Harry Potter i Kamień Filozoficzny (dubbing),Multikino Gdańsk,14:00,,dubbing,regular,2026-09-03T12:40:02.194852
2026-09-03,czwartek,gdańsk,Homo sapiens?,Kino Kameralne Cafe w Gdańsku,13:30,,,regular,2026-09-03T12:40:02.194852
2026-09-03,czwartek,gdańsk,Homo sapiens?,Kino Spektrum w Gdańsku,15:45,,,regular,2026-09-03T12:40:02.194852
2026-09-03,czwartek,gdańsk,Julia Pirotte. Piękno i siła,Kino Spektrum w Gdańsku,20:15,,,regular,2026-09-03T12:40:02.194852
2026-09-03,czwartek,gdańsk,Kandydaci śmierci,Kino Spektrum w Gdańsku,16:00,,,regular,2026-09-03T12:40:02.194852
2026-09-03,czwartek,gdańsk,Koniec Ulicy Dębowej,Cinema1 w Gdańsku,14:15,,,regular,2026-09-03T12:40:02.194852
2026-09-03,czwartek,gdańsk,Koniec Ulicy Dębowej,Helios Gdańsk Forum,17:50,,,regular,2026-09-03T12:40:02.194852
2026-09-03,czwartek,gdańsk,Koniec Ulicy Dębowej,Helios Gdańsk Forum,21:30,,,regular,2026-09-03T12:40:02.194852
2026-09-03,czwartek,gdańsk,Koniec Ulicy Dębowej,Multikino Gdańsk,11:10,,,regular,2026-09-03T12:40:02.194852
2026-09-03,czwartek,gdańsk,Księga pustyni,Helios Gdańsk Forum,10:40,,,regular,2026-09-03T12:40:02.194852
2026-09-03,czwartek,gdańsk,Księga pustyni,Helios Gdańsk Forum,13:50,,,regular,2026-09-03T12:40:02.194852
2026-09-03,czwartek,gdańsk,Księga pustyni,Helios Gdańsk Forum,17:00,,,regular,2026-09-03T12:40:02.194852
2026-09-03,czwartek,gdańsk,Księga pustyni,Helios Gdańsk Metropolia,11:30,,,regular,2026-09-03T12:40:02.194852
2026-09-03,czwartek,gdańsk,Księga pustyni,Helios Gdańsk Metropolia,13:45,,,regular,2026-09-03T12:40:02.194852
2026-09-03,czwartek,gdańsk,Księga pustyni (dubbing),Cinema1 w Gdańsku,10:30,,dubbing,regular,2026-09-03T12:40:02.194852
2026-09-03,czwartek,gdańsk,Księga pustyni (dubbing),Cinema1 w Gdańsku,12:35,,dubbing,regular,2026-09-03T12:40:02.194852
2026-09-03,czwartek,gdańsk,Księga pustyni (dubbing),Cinema1 w Gdańsku,14:45,,dubbing,regular,2026-09-03T12:40:02.194852
2026-09-03,czwartek,gdańsk,Księga pustyni (dubbing),Multikino Gdańsk,10:00,,dubbing,regular,2026-09-03T12:40:02.194852
2026-09-03,czwartek,gdańsk,Księga pustyni (dubbing),Multikino Gdańsk,13:45,,dubbing,regular,2026-09-03T12:40:02.194852
2026-09-03,czwartek,gdańsk,Księga pustyni (dubbing),Multikino Gdańsk,16:00,,dubbing,regular,2026-09-03T12:40:02.194852
2026-09-03,czwartek,gdańsk,Kumotry,Kino Spektrum w Gdańsku,14:15,,,regular,2026-09-03T12:40:02.194852
2026-09-03,czwartek,gdańsk,Kuźma,Kino Kameralne Cafe w Gdańsku,15:45,,,regular,2026-09-03T12:40:02.194852
2026-09-03,czwartek,gdańsk,Minionki i straszydła (dubbing),Cinema1 w Gdańsku,09:30,,dubbing,regular,2026-09-03T12:40:02.194852
2026-09-03,czwartek,gdańsk,Minionki i straszydła (dubbing),Cinema1 w Gdańsku,11:30,,dubbing,regular,2026-09-03T12:40:02.194852
2026-09-03,czwartek,gdańsk,Minionki i straszydła (dubbing),Helios Gdańsk Forum,11:40,,dubbing,regular,2026-09-03T12:40:02.194852
2026-09-03,czwartek,gdańsk,Minionki i straszydła (dubbing),Helios Gdańsk Forum,14:45,,dubbing,regular,2026-09-03T12:40:02.194852
2026-09-03,czwartek,gdańsk,Minionki i straszydła (dubbing),Helios Gdańsk Metropolia,12:00,,dubbing,regular,2026-09-03T12:40:02.194852
2026-09-03,czwartek,gdańsk,Minionki i straszydła (dubbing),Multikino Gdańsk,10:10,,dubbing,regular,2026-09-03T12:40:02.194852
2026-09-03,czwartek,gdańsk,Minionki i straszydła (dubbing),Multikino Gdańsk,12:20,,dubbing,regular,2026-09-03T12:40:02.194852
2026-09-03,czwartek,gdańsk,Minionki i straszydła (dubbing),Multikino Gdańsk,14:25,,dubbing,regular,2026-09-03T12:40:02.194852
2026-09-03,czwartek,gdańsk,Naznaczony: Wyjście z mrocznego wymiaru,Cinema1 w Gdańsku,18:45,,,regular,2026-09-03T12:40:02.194852
2026-09-03,czwartek,gdańsk,Naznaczony: Wyjście z mrocznego wymiaru,Cinema1 w Gdańsku,21:00,,,regular,2026-09-03T12:40:02.194852
2026-09-03,czwartek,gdańsk,Naznaczony: Wyjście z mrocznego wymiaru,Helios Gdańsk Forum,15:20,,,regular,2026-09-03T12:40:02.194852
2026-09-03,czwartek,gdańsk,Naznaczony: Wyjście z mrocznego wymiaru,Helios Gdańsk Forum,18:45,,,regular,2026-09-03T12:40:02.194852
2026-09-03,czwartek,gdańsk,Naznaczony: Wyjście z mrocznego wymiaru,Helios Gdańsk Forum,21:00,,,regular,2026-09-03T12:40:02.194852
2026-09-03,czwartek,gdańsk,Naznaczony: Wyjście z mrocznego wymiaru,Helios Gdańsk Metropolia,16:00,,,regular,2026-09-03T12:40:02.194852
2026-09-03,czwartek,gdańsk,Naznaczony: Wyjście z mrocznego wymiaru,Helios Gdańsk Metropolia,19:00,,,regular,2026-09-03T12:40:02.194852
2026-09-03,czwartek,gdańsk,Naznaczony: Wyjście z mrocznego wymiaru,Helios Gdańsk Metropolia,21:30,,,regular,2026-09-03T12:40:02.194852
2026-09-03,czwartek,gdańsk,Naznaczony: Wyjście z mrocznego wymiaru,Multikino Gdańsk,15:05,,,regular,2026-09-03T12:40:02.194852
2026-09-03,czwartek,gdańsk,Naznaczony: Wyjście z mrocznego wymiaru,Multikino Gdańsk,17:35,,,regular,2026-09-03T12:40:02.194852
2026-09-03,czwartek,gdańsk,Naznaczony: Wyjście z mrocznego wymiaru,Multikino Gdańsk,20:05,,,regular,2026-09-03T12:40:02.194852
2026-09-03,czwartek,gdańsk,Nowa fala,Kino Spektrum w Gdańsku,20:00,,,regular,2026-09-03T12:40:02.194852
2026-09-03,czwartek,gdańsk,Nowa fala,Multikino Gdańsk,20:00,,,regular,2026-09-03T12:40:02.194852
2026-09-03,czwartek,gdańsk,O czym sobie nie mówimy,Kino Spektrum w Gdańsku,17:45,,,regular,2026-09-03T12:40:02.194852
2026-09-03,czwartek,gdańsk,O czym sobie nie mówimy,Kino Żak w Gdańsku,18:00,,,regular,2026-09-03T12:40:02.194852
2026-09-03,czwartek,gdańsk,Obsesja,Helios Gdańsk Forum,20:50,,,regular,2026-09-03T12:40:02.194852
2026-09-03,czwartek,gdańsk,Odyseja,Cinema1 w Gdańsku,17:00,,,regular,2026-09-03T12:40:02.194852
2026-09-03,czwartek,gdańsk,Odyseja,Cinema1 w Gdańsku,19:15,,,regular,2026-09-03T12:40:02.194852
2026-09-03,czwartek,gdańsk,Odyseja,Helios Gdańsk Forum,11:40,,,regular,2026-09-03T12:40:02.194852
2026-09-03,czwartek,gdańsk,Odyseja,Helios Gdańsk Forum,14:30,,,regular,2026-09-03T12:40:02.194852
2026-09-03,czwartek,gdańsk,Odyseja,Helios Gdańsk Forum,16:50,,,regular,2026-09-03T12:40:02.194852
2026-09-03,czwartek,gdańsk,Odyseja,Helios Gdańsk Forum,19:50,,,regular,2026-09-03T12:40:02.194852
2026-09-03,czwartek,gdańsk,Odyseja,Helios Gdańsk Metropolia,11:10,,,regular,2026-09-03T12:40:02.194852
2026-09-03,czwartek,gdańsk,Odyseja,Helios Gdańsk Metropolia,16:20,,,regular,2026-09-03T12:40:02.194852
2026-09-03,czwartek,gdańsk,Odyseja,Helios Gdańsk Metropolia,19:40,,,regular,2026-09-03T12:40:02.194852
2026-09-03,czwartek,gdańsk,Odyseja,Multikino Gdańsk,12:15,,,regular,2026-09-03T12:40:02.194852
2026-09-03,czwartek,gdańsk,Odyseja,Multikino Gdańsk,14:20,,,regular,2026-09-03T12:40:02.194852
2026-09-03,czwartek,gdańsk,Odyseja,Multikino Gdańsk,15:50,,,regular,2026-09-03T12:40:02.194852
2026-09-03,czwartek,gdańsk,Odyseja,Multikino Gdańsk,17:30,,,regular,2026-09-03T12:40:02.194852
2026-09-03,czwartek,gdańsk,Odyseja,Multikino Gdańsk,19:25,,,regular,2026-09-03T12:40:02.194852
2026-09-03,czwartek,gdańsk,Odyseja,Multikino Gdańsk,20:30,,,regular,2026-09-03T12:40:02.194852
2026-09-03,czwartek,gdańsk,Ostrze przeznaczenia,Multikino Gdańsk,21:00,,,regular,2026-09-03T12:40:02.194852
2026-09-03,czwartek,gdańsk,Proces,KinoPort - Centrum Sztuki Współczesnej Łaźnia 2,17:30,,,regular,2026-09-03T12:40:02.194852
2026-09-03,czwartek,gdańsk,Psi Patrol i dinozaury,Helios Gdańsk Forum,10:10,,,regular,2026-09-03T12:40:02.194852
2026-09-03,czwartek,gdańsk,Psi Patrol i dinozaury,Helios Gdańsk Forum,12:20,,,regular,2026-09-03T12:40:02.194852
2026-09-03,czwartek,gdańsk,Psi Patrol i dinozaury,Helios Gdańsk Forum,15:30,,,regular,2026-09-03T12:40:02.194852
2026-09-03,czwartek,gdańsk,Psi Patrol i dinozaury,Helios Gdańsk Forum,17:40,,,regular,2026-09-03T12:40:02.194852
2026-09-03,czwartek,gdańsk,Psi Patrol i dinozaury,Helios Gdańsk Metropolia,11:00,,,regular,2026-09-03T12:40:02.194852
2026-09-03,czwartek,gdańsk,Psi Patrol i dinozaury,Helios Gdańsk Metropolia,13:00,,,regular,2026-09-03T12:40:02.194852
2026-09-03,czwartek,gdańsk,Psi Patrol i dinozaury,Helios Gdańsk Metropolia,15:15,,,regular,2026-09-03T12:40:02.194852
2026-09-03,czwartek,gdańsk,Psi Patrol i dinozaury,Helios Gdańsk Metropolia,16:45,,,regular,2026-09-03T12:40:02.194852
2026-09-03,czwartek,gdańsk,Psi Patrol i dinozaury (dubbing),Cinema1 w Gdańsku,09:30,,dubbing,regular,2026-09-03T12:40:02.194852
2026-09-03,czwartek,gdańsk,Psi Patrol i dinozaury (dubbing),Cinema1 w Gdańsku,10:30,,dubbing,regular,2026-09-03T12:40:02.194852
2026-09-03,czwartek,gdańsk,Psi Patrol i dinozaury (dubbing),Cinema1 w Gdańsku,11:35,,dubbing,regular,2026-09-03T12:40:02.194852
2026-09-03,czwartek,gdańsk,Psi Patrol i dinozaury (dubbing),Cinema1 w Gdańsku,12:45,,dubbing,regular,2026-09-03T12:40:02.194852
2026-09-03,czwartek,gdańsk,Psi Patrol i dinozaury (dubbing),Cinema1 w Gdańsku,17:15,,dubbing,regular,2026-09-03T12:40:02.194852
2026-09-03,czwartek,gdańsk,Psi Patrol i dinozaury (dubbing),Multikino Gdańsk,10:15,,dubbing,regular,2026-09-03T12:40:02.194852
2026-09-03,czwartek,gdańsk,Psi Patrol i dinozaury (dubbing),Multikino Gdańsk,11:15,,dubbing,regular,2026-09-03T12:40:02.194852
2026-09-03,czwartek,gdańsk,Psi Patrol i dinozaury (dubbing),Multikino Gdańsk,12:30,,dubbing,regular,2026-09-03T12:40:02.194852
2026-09-03,czwartek,gdańsk,Psi Patrol i dinozaury (dubbing),Multikino Gdańsk,13:30,,dubbing,regular,2026-09-03T12:40:02.194852
2026-09-03,czwartek,gdańsk,Psi Patrol i dinozaury (dubbing),Multikino Gdańsk,15:45,,dubbing,regular,2026-09-03T12:40:02.194852
2026-09-03,czwartek,gdańsk,Psi Patrol i dinozaury (dubbing),Multikino Gdańsk,18:00,,dubbing,regular,2026-09-03T12:40:02.194852
2026-09-03,czwartek,gdańsk,Pucio kocha zwierzaki,Cinema1 w Gdańsku,10:15,,,regular,2026-09-03T12:40:02.194852
2026-09-03,czwartek,gdańsk,Pucio kocha zwierzaki,Cinema1 w Gdańsku,11:45,,,regular,2026-09-03T12:40:02.194852
2026-09-03,czwartek,gdańsk,Pucio kocha zwierzaki,Cinema1 w Gdańsku,13:00,,,regular,2026-09-03T12:40:02.194852
2026-09-03,czwartek,gdańsk,Pucio kocha zwierzaki,Helios Gdańsk Forum,10:10,,,regular,2026-09-03T12:40:02.194852
2026-09-03,czwartek,gdańsk,Pucio kocha zwierzaki,Helios Gdańsk Forum,12:40,,,regular,2026-09-03T12:40:02.194852
2026-09-03,czwartek,gdańsk,Pucio kocha zwierzaki,Helios Gdańsk Forum,14:00,,,regular,2026-09-03T12:40:02.194852
2026-09-03,czwartek,gdańsk,Pucio kocha zwierzaki,Helios Gdańsk Forum,15:10,,,regular,2026-09-03T12:40:02.194852
2026-09-03,czwartek,gdańsk,Pucio kocha zwierzaki,Helios Gdańsk Metropolia,11:30,,,regular,2026-09-03T12:40:02.194852
2026-09-03,czwartek,gdańsk,Pucio kocha zwierzaki,Helios Gdańsk Metropolia,14:45,,,regular,2026-09-03T12:40:02.194852
2026-09-03,czwartek,gdańsk,Pucio kocha zwierzaki,Multikino Gdańsk,10:00,,,regular,2026-09-03T12:40:02.194852
2026-09-03,czwartek,gdańsk,Pucio kocha zwierzaki,Multikino Gdańsk,11:10,,,regular,2026-09-03T12:40:02.194852
2026-09-03,czwartek,gdańsk,Pucio kocha zwierzaki,Multikino Gdańsk,12:45,,,regular,2026-09-03T12:40:02.194852
2026-09-03,czwartek,gdańsk,Pucio kocha zwierzaki,Multikino Gdańsk,16:30,,,regular,2026-09-03T12:40:02.194852
2026-09-03,czwartek,gdańsk,Spider-Man. Całkiem nowy dzień,Cinema1 w Gdańsku,17:00,,,regular,2026-09-03T12:40:02.194852
2026-09-03,czwartek,gdańsk,Spider-Man. Całkiem nowy dzień,Cinema1 w Gdańsku,19:30,,,regular,2026-09-03T12:40:02.194852
2026-09-03,czwartek,gdańsk,Spider-Man. Całkiem nowy dzień,Cinema1 w Gdańsku,21:05,,,regular,2026-09-03T12:40:02.194852
2026-09-03,czwartek,gdańsk,Spider-Man. Całkiem nowy dzień,Helios Gdańsk Forum,09:30,,,regular,2026-09-03T12:40:02.194852
2026-09-03,czwartek,gdańsk,Spider-Man. Całkiem nowy dzień,Helios Gdańsk Forum,10:30,,,regular,2026-09-03T12:40:02.194852
2026-09-03,czwartek,gdańsk,Spider-Man. Całkiem nowy dzień,Helios Gdańsk Forum,11:10,,,regular,2026-09-03T12:40:02.194852
2026-09-03,czwartek,gdańsk,Spider-Man. Całkiem nowy dzień,Helios Gdańsk Forum,14:15,,,regular,2026-09-03T12:40:02.194852
2026-09-03,czwartek,gdańsk,Spider-Man. Całkiem nowy dzień,Helios Gdańsk Forum,15:45,,,regular,2026-09-03T12:40:02.194852
2026-09-03,czwartek,gdańsk,Spider-Man. Całkiem nowy dzień,Helios Gdańsk Forum,17:30,,,regular,2026-09-03T12:40:02.194852
2026-09-03,czwartek,gdańsk,Spider-Man. Całkiem nowy dzień,Helios Gdańsk Forum,20:40,,,regular,2026-09-03T12:40:02.194852
2026-09-03,czwartek,gdańsk,Spider-Man. Całkiem nowy dzień,Helios Gdańsk Forum,21:20,,,regular,2026-09-03T12:40:02.194852
2026-09-03,czwartek,gdańsk,Spider-Man. Całkiem nowy dzień,Helios Gdańsk Metropolia,11:20,,,regular,2026-09-03T12:40:02.194852
2026-09-03,czwartek,gdańsk,Spider-Man. Całkiem nowy dzień,Helios Gdańsk Metropolia,13:20,,,regular,2026-09-03T12:40:02.194852
2026-09-03,czwartek,gdańsk,Spider-Man. Całkiem nowy dzień,Helios Gdańsk Metropolia,14:30,,,regular,2026-09-03T12:40:02.194852
2026-09-03,czwartek,gdańsk,Spider-Man. Całkiem nowy dzień,Helios Gdańsk Metropolia,16:30,,,regular,2026-09-03T12:40:02.194852
2026-09-03,czwartek,gdańsk,Spider-Man. Całkiem nowy dzień,Helios Gdańsk Metropolia,17:45,,,regular,2026-09-03T12:40:02.194852
2026-09-03,czwartek,gdańsk,Spider-Man. Całkiem nowy dzień,Helios Gdańsk Metropolia,20:00,,,regular,2026-09-03T12:40:02.194852
2026-09-03,czwartek,gdańsk,Spider-Man. Całkiem nowy dzień,Helios Gdańsk Metropolia,20:45,,,regular,2026-09-03T12:40:02.194852
2026-09-03,czwartek,gdańsk,Spider-Man. Całkiem nowy dzień,Multikino Gdańsk,11:00,,,regular,2026-09-03T12:40:02.194852
2026-09-03,czwartek,gdańsk,Spider-Man. Całkiem nowy dzień,Multikino Gdańsk,14:15,,,regular,2026-09-03T12:40:02.194852
2026-09-03,czwartek,gdańsk,Spider-Man. Całkiem nowy dzień,Multikino Gdańsk,17:30,,,regular,2026-09-03T12:40:02.194852
2026-09-03,czwartek,gdańsk,Spider-Man. Całkiem nowy dzień,Multikino Gdańsk,20:45,,,regular,2026-09-03T12:40:02.194852
2026-09-03,czwartek,gdańsk,Spider-Man. Całkiem nowy dzień (dubbing),Cinema1 w Gdańsku,13:45,,dubbing,regular,2026-09-03T12:40:02.194852
2026-09-03,czwartek,gdańsk,Spider-Man. Całkiem nowy dzień (dubbing),Multikino Gdańsk,10:00,,dubbing,regular,2026-09-03T12:40:02.194852
2026-09-03,czwartek,gdańsk,Spider-Man. Całkiem nowy dzień (dubbing),Multikino Gdańsk,13:15,,dubbing,regular,2026-09-03T12:40:02.194852
2026-09-03,czwartek,gdańsk,Spider-Man. Całkiem nowy dzień (dubbing),Multikino Gdańsk,16:30,,dubbing,regular,2026-09-03T12:40:02.194852
2026-09-03,czwartek,gdańsk,Spider-Man. Całkiem nowy dzień (dubbing),Multikino Gdańsk,19:45,,dubbing,regular,2026-09-03T12:40:02.194852
2026-09-03,czwartek,gdańsk,Sunny Dancer,Cinema1 w Gdańsku,13:45,,,regular,2026-09-03T12:40:02.194852
2026-09-03,czwartek,gdańsk,Sunny Dancer,Cinema1 w Gdańsku,16:15,,,regular,2026-09-03T12:40:02.194852
2026-09-03,czwartek,gdańsk,Sunny Dancer,Helios Gdańsk Forum,16:00,,,regular,2026-09-03T12:40:02.194852
2026-09-03,czwartek,gdańsk,Terminator 2: Dzień sądu,Helios Gdańsk Forum,18:00,,,regular,2026-09-03T12:40:02.194852
2026-09-03,czwartek,gdańsk,Terminator 2: Dzień sądu,Helios Gdańsk Metropolia,18:00,,,regular,2026-09-03T12:40:02.194852
2026-09-03,czwartek,gdańsk,Terminator 2: Dzień sądu,Multikino Gdańsk,18:00,,,regular,2026-09-03T12:40:02.194852
2026-09-03,czwartek,gdańsk,Toy Story 5 (dubbing),Cinema1 w Gdańsku,11:35,,dubbing,regular,2026-09-03T12:40:02.194852
2026-09-03,czwartek,gdańsk,Toy Story 5 (dubbing),Cinema1 w Gdańsku,14:00,,dubbing,regular,2026-09-03T12:40:02.194852
2026-09-03,czwartek,gdańsk,Toy Story 5 (dubbing),Multikino Gdańsk,10:20,,dubbing,regular,2026-09-03T12:40:02.194852
2026-09-03,czwartek,gdańsk,Tylko jedna noc,Helios Gdańsk Forum,11:20,,,regular,2026-09-03T12:40:02.194852
2026-09-03,czwartek,gdańsk,Vaiana,Helios Gdańsk Forum,10:00,,,regular,2026-09-03T12:40:02.194852
2026-09-03,czwartek,gdańsk,Vaiana (dubbing),Multikino Gdańsk,12:20,,dubbing,regular,2026-09-03T12:40:02.194852
2026-09-03,czwartek,gdańsk,Wrong Girls,Helios Gdańsk Forum,13:40,,,regular,2026-09-03T12:40:02.194852
2026-09-03,czwartek,gdańsk,Wrong Girls,Kino Spektrum w Gdańsku,14:00,,,regular,2026-09-03T12:40:02.194852
2026-09-03,czwartek,gdańsk,Wrong Girls,Kino Żak w Gdańsku,20:15,,,regular,2026-09-03T12:40:02.194852
2026-09-03,czwartek,gdańsk,Zaproszenie,Cinema1 w Gdańsku,16:15,,,regular,2026-09-03T12:40:02.194852
2026-09-03,czwartek,gdańsk,Zróbmy sobie przerwę,Helios Gdańsk Forum,18:30,,,regular,2026-09-03T12:40:02.194852
2026-09-03,czwartek,gdańsk,Zróbmy sobie przerwę,Helios Gdańsk Metropolia,20:15,,,regular,2026-09-03T12:40:02.194852
2026-09-03,czwartek,łódź,Bogaci i martwi,Cinema City Łódź Manufaktura,14:00,,,regular,2026-09-03T12:40:05.504103
2026-09-03,czwartek,łódź,Buntownik,Cinema City Łódź Manufaktura,11:40,,,regular,2026-09-03T12:40:05.504103
2026-09-03,czwartek,łódź,Buntownik,Cinema City Łódź Manufaktura,20:50,,,regular,2026-09-03T12:40:05.504103
2026-09-03,czwartek,łódź,Buntownik,Helios Łódź,13:30,,,regular,2026-09-03T12:40:05.504103
2026-09-03,czwartek,łódź,Buntownik,Helios Łódź,19:15,,,regular,2026-09-03T12:40:05.504103
2026-09-03,czwartek,łódź,Buntownik,Multikino Silver Screen Łódź,11:25,,,regular,2026-09-03T12:40:05.504103
2026-09-03,czwartek,łódź,Buntownik,Multikino Silver Screen Łódź,20:00,,,regular,2026-09-03T12:40:05.504103
2026-09-03,czwartek,łódź,Drugie życie,Kino Tatry w Łodzi,20:00,,,regular,2026-09-03T12:40:05.504103
2026-09-03,czwartek,łódź,Flavia de Luce (dubbing),Cinema City Łódź Manufaktura,10:00,,dubbing,regular,2026-09-03T12:40:05.504103
2026-09-03,czwartek,łódź,Gorzkie święta,Cinema City Łódź Manufaktura,11:30,,,regular,2026-09-03T12:40:05.504103
2026-09-03,czwartek,łódź,Gorzkie święta,Cinema City Łódź Manufaktura,18:20,,,regular,2026-09-03T12:40:05.504103
2026-09-03,czwartek,łódź,Gorzkie święta,Cinema City Łódź Manufaktura,20:50,,,regular,2026-09-03T12:40:05.504103
2026-09-03,czwartek,łódź,Gorzkie święta,Helios Łódź,12:10,,,regular,2026-09-03T12:40:05.504103
2026-09-03,czwartek,łódź,Gorzkie święta,Helios Łódź,20:15,,,regular,2026-09-03T12:40:05.504103
2026-09-03,czwartek,łódź,Gorzkie święta,Multikino Silver Screen Łódź,17:10,,,regular,2026-09-03T12:40:05.504103
2026-09-03,czwartek,łódź,Gwiazdozbiór Psa,Cinema City Łódź Manufaktura,10:00,,,regular,2026-09-03T12:40:05.504103
2026-09-03,czwartek,łódź,Gwiazdozbiór Psa,Cinema City Łódź Manufaktura,11:40,,,regular,2026-09-03T12:40:05.504103
2026-09-03,czwartek,łódź,Gwiazdozbiór Psa,Cinema City Łódź Manufaktura,12:40,,,regular,2026-09-03T12:40:05.504103
2026-09-03,czwartek,łódź,Gwiazdozbiór Psa,Cinema City Łódź Manufaktura,14:10,,,regular,2026-09-03T12:40:05.504103
2026-09-03,czwartek,łódź,Gwiazdozbiór Psa,Cinema City Łódź Manufaktura,15:20,,,regular,2026-09-03T12:40:05.504103
2026-09-03,czwartek,łódź,Gwiazdozbiór Psa,Cinema City Łódź Manufaktura,16:40,,,regular,2026-09-03T12:40:05.504103
2026-09-03,czwartek,łódź,Gwiazdozbiór Psa,Cinema City Łódź Manufaktura,17:00,,,regular,2026-09-03T12:40:05.504103
2026-09-03,czwartek,łódź,Gwiazdozbiór Psa,Cinema City Łódź Manufaktura,18:00,,,regular,2026-09-03T12:40:05.504103
2026-09-03,czwartek,łódź,Gwiazdozbiór Psa,Cinema City Łódź Manufaktura,19:50,,,regular,2026-09-03T12:40:05.504103
2026-09-03,czwartek,łódź,Gwiazdozbiór Psa,Cinema City Łódź Manufaktura,20:40,,,regular,2026-09-03T12:40:05.504103
2026-09-03,czwartek,łódź,Gwiazdozbiór Psa,Cinema City Łódź Manufaktura IMAX,17:00,,,regular,2026-09-03T12:40:05.504103
2026-09-03,czwartek,łódź,Gwiazdozbiór Psa,Cinema City Łódź Manufaktura IMAX,19:40,,,regular,2026-09-03T12:40:05.504103
2026-09-03,czwartek,łódź,Gwiazdozbiór Psa,Cinema City Łódź Manufaktura IMAX,22:20,,,regular,2026-09-03T12:40:05.504103
2026-09-03,czwartek,łódź,Gwiazdozbiór Psa,Helios Łódź,12:50,,,regular,2026-09-03T12:40:05.504103
2026-09-03,czwartek,łódź,Gwiazdozbiór Psa,Helios Łódź,16:15,,,regular,2026-09-03T12:40:05.504103
2026-09-03,czwartek,łódź,Gwiazdozbiór Psa,Helios Łódź,19:00,,,regular,2026-09-03T12:40:05.504103
2026-09-03,czwartek,łódź,Gwiazdozbiór Psa,Helios Łódź,20:30,,,regular,2026-09-03T12:40:05.504103
2026-09-03,czwartek,łódź,Gwiazdozbiór Psa,Helios Łódź,21:45,,,regular,2026-09-03T12:40:05.504103
2026-09-03,czwartek,łódź,Gwiazdozbiór Psa,Multikino Silver Screen Łódź,17:30,,,regular,2026-09-03T12:40:05.504103
2026-09-03,czwartek,łódź,Gwiazdozbiór Psa,Multikino Silver Screen Łódź,20:15,,,regular,2026-09-03T12:40:05.504103
2026-09-03,czwartek,łódź,Harry Potter i Insygnia Śmierci cz. 2 (dubbing),Multikino Silver Screen Łódź,17:15,,dubbing,regular,2026-09-03T12:40:05.504103
2026-09-03,czwartek,łódź,Harry Potter i Kamień Filozoficzny (dubbing),Cinema City Łódź Manufaktura,17:30,,dubbing,regular,2026-09-03T12:40:05.504103
2026-09-03,czwartek,łódź,Harry Potter i Kamień Filozoficzny (dubbing),Multikino Silver Screen Łódź,14:00,,dubbing,regular,2026-09-03T12:40:05.504103
2026-09-03,czwartek,łódź,Koniec Ulicy Dębowej,Cinema City Łódź Manufaktura,10:10,,,regular,2026-09-03T12:40:05.504103
2026-09-03,czwartek,łódź,Koniec Ulicy Dębowej,Cinema City Łódź Manufaktura,16:30,,,regular,2026-09-03T12:40:05.504103
2026-09-03,czwartek,łódź,Koniec Ulicy Dębowej,Cinema City Łódź Manufaktura,19:10,,,regular,2026-09-03T12:40:05.504103
2026-09-03,czwartek,łódź,Koniec Ulicy Dębowej,Helios Łódź,17:50,,,regular,2026-09-03T12:40:05.504103
2026-09-03,czwartek,łódź,Koniec Ulicy Dębowej,Helios Łódź,21:30,,,regular,2026-09-03T12:40:05.504103
2026-09-03,czwartek,łódź,Koniec Ulicy Dębowej,Multikino Silver Screen Łódź,21:10,,,regular,2026-09-03T12:40:05.504103
2026-09-03,czwartek,łódź,Księga pustyni,Helios Łódź,11:20,,,regular,2026-09-03T12:40:05.504103
2026-09-03,czwartek,łódź,Księga pustyni,Helios Łódź,13:50,,,regular,2026-09-03T12:40:05.504103
2026-09-03,czwartek,łódź,Księga pustyni,Helios Łódź,17:00,,,regular,2026-09-03T12:40:05.504103
2026-09-03,czwartek,łódź,Księga pustyni,Kino Charlie w Łodzi,16:15,,,regular,2026-09-03T12:40:05.504103
2026-09-03,czwartek,łódź,Księga pustyni (dubbing),Cinema City Łódź Manufaktura,10:50,,dubbing,regular,2026-09-03T12:40:05.504103
2026-09-03,czwartek,łódź,Księga pustyni (dubbing),Cinema City Łódź Manufaktura,13:00,,dubbing,regular,2026-09-03T12:40:05.504103
2026-09-03,czwartek,łódź,Księga pustyni (dubbing),Cinema City Łódź Manufaktura,15:10,,dubbing,regular,2026-09-03T12:40:05.504103
2026-09-03,czwartek,łódź,Księga pustyni (dubbing),Multikino Silver Screen Łódź,10:10,,dubbing,regular,2026-09-03T12:40:05.504103
2026-09-03,czwartek,łódź,Księga pustyni (dubbing),Multikino Silver Screen Łódź,13:40,,dubbing,regular,2026-09-03T12:40:05.504103
2026-09-03,czwartek,łódź,Minionki i straszydła (dubbing),Cinema City Łódź Manufaktura,12:10,,dubbing,regular,2026-09-03T12:40:05.504103
2026-09-03,czwartek,łódź,Minionki i straszydła (dubbing),Cinema City Łódź Manufaktura,14:15,,dubbing,regular,2026-09-03T12:40:05.504103
2026-09-03,czwartek,łódź,Minionki i straszydła (dubbing),Cinema City Łódź Manufaktura,16:20,,dubbing,regular,2026-09-03T12:40:05.504103
2026-09-03,czwartek,łódź,Minionki i straszydła (dubbing),Helios Łódź,11:50,,dubbing,regular,2026-09-03T12:40:05.504103
2026-09-03,czwartek,łódź,Minionki i straszydła (dubbing),Helios Łódź,14:45,,dubbing,regular,2026-09-03T12:40:05.504103
2026-09-03,czwartek,łódź,Minionki i straszydła (dubbing),Multikino Silver Screen Łódź,10:00,,dubbing,regular,2026-09-03T12:40:05.504103
2026-09-03,czwartek,łódź,Monterey Pop,Kino Kinematograf w Muzeum Kinematografii w Łodzi,17:00,,,regular,2026-09-03T12:40:05.504103
2026-09-03,czwartek,łódź,Naznaczony: Wyjście z mrocznego wymiaru,Cinema City Łódź Manufaktura,14:30,,,regular,2026-09-03T12:40:05.504103
2026-09-03,czwartek,łódź,Naznaczony: Wyjście z mrocznego wymiaru,Cinema City Łódź Manufaktura,18:00,,,regular,2026-09-03T12:40:05.504103
2026-09-03,czwartek,łódź,Naznaczony: Wyjście z mrocznego wymiaru,Cinema City Łódź Manufaktura,19:00,,,regular,2026-09-03T12:40:05.504103
2026-09-03,czwartek,łódź,Naznaczony: Wyjście z mrocznego wymiaru,Cinema City Łódź Manufaktura,19:45,,,regular,2026-09-03T12:40:05.504103
2026-09-03,czwartek,łódź,Naznaczony: Wyjście z mrocznego wymiaru,Cinema City Łódź Manufaktura,20:30,,,regular,2026-09-03T12:40:05.504103
2026-09-03,czwartek,łódź,Naznaczony: Wyjście z mrocznego wymiaru,Cinema City Łódź Manufaktura,21:30,,,regular,2026-09-03T12:40:05.504103
2026-09-03,czwartek,łódź,Naznaczony: Wyjście z mrocznego wymiaru,Cinema City Łódź Manufaktura,22:10,,,regular,2026-09-03T12:40:05.504103
2026-09-03,czwartek,łódź,Naznaczony: Wyjście z mrocznego wymiaru,Cinema City Łódź Manufaktura,22:30,,,regular,2026-09-03T12:40:05.504103
2026-09-03,czwartek,łódź,Naznaczony: Wyjście z mrocznego wymiaru,Helios Łódź,15:20,,,regular,2026-09-03T12:40:05.504103
2026-09-03,czwartek,łódź,Naznaczony: Wyjście z mrocznego wymiaru,Helios Łódź,18:45,,,regular,2026-09-03T12:40:05.504103
2026-09-03,czwartek,łódź,Naznaczony: Wyjście z mrocznego wymiaru,Helios Łódź,21:00,,,regular,2026-09-03T12:40:05.504103
2026-09-03,czwartek,łódź,Naznaczony: Wyjście z mrocznego wymiaru,Multikino Silver Screen Łódź,18:45,,,regular,2026-09-03T12:40:05.504103
2026-09-03,czwartek,łódź,Naznaczony: Wyjście z mrocznego wymiaru,Multikino Silver Screen Łódź,21:15,,,regular,2026-09-03T12:40:05.504103
2026-09-03,czwartek,łódź,Nie patrz w dół 2,Cinema City Łódź Manufaktura,20:45,,,regular,2026-09-03T12:40:05.504103
2026-09-03,czwartek,łódź,Nie patrz w dół 2,Multikino Silver Screen Łódź,18:25,,,regular,2026-09-03T12:40:05.504103
2026-09-03,czwartek,łódź,Nowa fala,Multikino Silver Screen Łódź,20:00,,,regular,2026-09-03T12:40:05.504103
2026-09-03,czwartek,łódź,O czym wie Marielle,Kino Charlie w Łodzi,20:00,,,regular,2026-09-03T12:40:05.504103
2026-09-03,czwartek,łódź,Obsesja,Helios Łódź,20:50,,,regular,2026-09-03T12:40:05.504103
2026-09-03,czwartek,łódź,Obsesja,Multikino Silver Screen Łódź,15:55,,,regular,2026-09-03T12:40:05.504103
2026-09-03,czwartek,łódź,Odyseja,Cinema City Łódź Manufaktura,12:00,,,regular,2026-09-03T12:40:05.504103
2026-09-03,czwartek,łódź,Odyseja,Cinema City Łódź Manufaktura,21:40,,,regular,2026-09-03T12:40:05.504103
2026-09-03,czwartek,łódź,Odyseja,Cinema City Łódź Manufaktura IMAX,10:00,,,regular,2026-09-03T12:40:05.504103
2026-09-03,czwartek,łódź,Odyseja,Cinema City Łódź Manufaktura IMAX,13:30,,,regular,2026-09-03T12:40:05.504103
2026-09-03,czwartek,łódź,Odyseja,Helios Łódź,11:40,,,regular,2026-09-03T12:40:05.504103
2026-09-03,czwartek,łódź,Odyseja,Helios Łódź,14:30,,,regular,2026-09-03T12:40:05.504103
2026-09-03,czwartek,łódź,Odyseja,Helios Łódź,16:50,,,regular,2026-09-03T12:40:05.504103
2026-09-03,czwartek,łódź,Odyseja,Helios Łódź,19:50,,,regular,2026-09-03T12:40:05.504103
2026-09-03,czwartek,łódź,Odyseja,Multikino Silver Screen Łódź,10:20,,,regular,2026-09-03T12:40:05.504103
2026-09-03,czwartek,łódź,Odyseja,Multikino Silver Screen Łódź,12:25,,,regular,2026-09-03T12:40:05.504103
2026-09-03,czwartek,łódź,Odyseja,Multikino Silver Screen Łódź,16:00,,,regular,2026-09-03T12:40:05.504103
2026-09-03,czwartek,łódź,Odyseja,Multikino Silver Screen Łódź,18:30,,,regular,2026-09-03T12:40:05.504103
2026-09-03,czwartek,łódź,Odyseja,Multikino Silver Screen Łódź,19:35,,,regular,2026-09-03T12:40:05.504103
2026-09-03,czwartek,łódź,Ostrze przeznaczenia,Cinema City Łódź Manufaktura,18:00,,,regular,2026-09-03T12:40:05.504103
2026-09-03,czwartek,łódź,Pejzaż w kolorze sepii,Kino Charlie w Łodzi,15:05,,,regular,2026-09-03T12:40:05.504103
2026-09-03,czwartek,łódź,Piknik pod Wiszącą Skałą,Kino Tatry w Łodzi,17:15,,,regular,2026-09-03T12:40:05.504103
2026-09-03,czwartek,łódź,Psi Patrol i dinozaury,Helios Łódź,12:20,,,regular,2026-09-03T12:40:05.504103
2026-09-03,czwartek,łódź,Psi Patrol i dinozaury,Helios Łódź,15:30,,,regular,2026-09-03T12:40:05.504103
2026-09-03,czwartek,łódź,Psi Patrol i dinozaury,Helios Łódź,17:40,,,regular,2026-09-03T12:40:05.504103
2026-09-03,czwartek,łódź,Psi Patrol i dinozaury,Kino Charlie w Łodzi,14:20,,,regular,2026-09-03T12:40:05.504103
2026-09-03,czwartek,łódź,Psi Patrol i dinozaury (dubbing),Cinema City Łódź Manufaktura,11:20,,dubbing,regular,2026-09-03T12:40:05.504103
2026-09-03,czwartek,łódź,Psi Patrol i dinozaury (dubbing),Cinema City Łódź Manufaktura,13:30,,dubbing,regular,2026-09-03T12:40:05.504103
2026-09-03,czwartek,łódź,Psi Patrol i dinozaury (dubbing),Cinema City Łódź Manufaktura,15:45,,dubbing,regular,2026-09-03T12:40:05.504103
2026-09-03,czwartek,łódź,Psi Patrol i dinozaury (dubbing),Multikino Silver Screen Łódź,12:10,,dubbing,regular,2026-09-03T12:40:05.504103
2026-09-03,czwartek,łódź,Psi Patrol i dinozaury (dubbing),Multikino Silver Screen Łódź,15:35,,dubbing,regular,2026-09-03T12:40:05.504103
2026-09-03,czwartek,łódź,Psi Patrol i dinozaury (dubbing),Multikino Silver Screen Łódź,17:45,,dubbing,regular,2026-09-03T12:40:05.504103
2026-09-03,czwartek,łódź,Pucio kocha zwierzaki,Cinema City Łódź Manufaktura,10:30,,,regular,2026-09-03T12:40:05.504103
2026-09-03,czwartek,łódź,Pucio kocha zwierzaki,Cinema City Łódź Manufaktura,12:00,,,regular,2026-09-03T12:40:05.504103
2026-09-03,czwartek,łódź,Pucio kocha zwierzaki,Cinema City Łódź Manufaktura,13:30,,,regular,2026-09-03T12:40:05.504103
2026-09-03,czwartek,łódź,Pucio kocha zwierzaki,Cinema City Łódź Manufaktura,15:00,,,regular,2026-09-03T12:40:05.504103
2026-09-03,czwartek,łódź,Pucio kocha zwierzaki,Helios Łódź,11:30,,,regular,2026-09-03T12:40:05.504103
2026-09-03,czwartek,łódź,Pucio kocha zwierzaki,Helios Łódź,14:00,,,regular,2026-09-03T12:40:05.504103
2026-09-03,czwartek,łódź,Pucio kocha zwierzaki,Helios Łódź,15:10,,,regular,2026-09-03T12:40:05.504103
2026-09-03,czwartek,łódź,Pucio kocha zwierzaki,Multikino Silver Screen Łódź,10:35,,,regular,2026-09-03T12:40:05.504103
2026-09-03,czwartek,łódź,Pucio kocha zwierzaki,Multikino Silver Screen Łódź,11:45,,,regular,2026-09-03T12:40:05.504103
2026-09-03,czwartek,łódź,Pucio kocha zwierzaki,Multikino Silver Screen Łódź,14:20,,,regular,2026-09-03T12:40:05.504103
2026-09-03,czwartek,łódź,Spider-Man. Całkiem nowy dzień,Cinema City Łódź Manufaktura,10:30,,,regular,2026-09-03T12:40:05.504103
2026-09-03,czwartek,łódź,Spider-Man. Całkiem nowy dzień,Cinema City Łódź Manufaktura,13:40,,,regular,2026-09-03T12:40:05.504103
2026-09-03,czwartek,łódź,Spider-Man. Całkiem nowy dzień,Cinema City Łódź Manufaktura,18:10,,,regular,2026-09-03T12:40:05.504103
2026-09-03,czwartek,łódź,Spider-Man. Całkiem nowy dzień,Cinema City Łódź Manufaktura,20:00,,,regular,2026-09-03T12:40:05.504103
2026-09-03,czwartek,łódź,Spider-Man. Całkiem nowy dzień,Cinema City Łódź Manufaktura,21:30,,,regular,2026-09-03T12:40:05.504103
2026-09-03,czwartek,łódź,Spider-Man. Całkiem nowy dzień,Helios Łódź,11:10,,,regular,2026-09-03T12:40:05.504103
2026-09-03,czwartek,łódź,Spider-Man. Całkiem nowy dzień,Helios Łódź,14:15,,,regular,2026-09-03T12:40:05.504103
2026-09-03,czwartek,łódź,Spider-Man. Całkiem nowy dzień,Helios Łódź,15:45,,,regular,2026-09-03T12:40:05.504103
2026-09-03,czwartek,łódź,Spider-Man. Całkiem nowy dzień,Helios Łódź,17:30,,,regular,2026-09-03T12:40:05.504103
2026-09-03,czwartek,łódź,Spider-Man. Całkiem nowy dzień,Helios Łódź,20:40,,,regular,2026-09-03T12:40:05.504103
2026-09-03,czwartek,łódź,Spider-Man. Całkiem nowy dzień,Helios Łódź,21:20,,,regular,2026-09-03T12:40:05.504103
2026-09-03,czwartek,łódź,Spider-Man. Całkiem nowy dzień,Multikino Silver Screen Łódź,18:00,,,regular,2026-09-03T12:40:05.504103
2026-09-03,czwartek,łódź,Spider-Man. Całkiem nowy dzień,Multikino Silver Screen Łódź,20:45,,,regular,2026-09-03T12:40:05.504103
2026-09-03,czwartek,łódź,Spider-Man. Całkiem nowy dzień (dubbing),Cinema City Łódź Manufaktura,11:50,,dubbing,regular,2026-09-03T12:40:05.504103
2026-09-03,czwartek,łódź,Spider-Man. Całkiem nowy dzień (dubbing),Cinema City Łódź Manufaktura,15:00,,dubbing,regular,2026-09-03T12:40:05.504103
2026-09-03,czwartek,łódź,Spider-Man. Całkiem nowy dzień (dubbing),Cinema City Łódź Manufaktura,16:50,,dubbing,regular,2026-09-03T12:40:05.504103
2026-09-03,czwartek,łódź,Spider-Man. Całkiem nowy dzień (dubbing),Multikino Silver Screen Łódź,10:00,,dubbing,regular,2026-09-03T12:40:05.504103
2026-09-03,czwartek,łódź,Spider-Man. Całkiem nowy dzień (dubbing),Multikino Silver Screen Łódź,11:30,,dubbing,regular,2026-09-03T12:40:05.504103
2026-09-03,czwartek,łódź,Spider-Man. Całkiem nowy dzień (dubbing),Multikino Silver Screen Łódź,13:15,,dubbing,regular,2026-09-03T12:40:05.504103
2026-09-03,czwartek,łódź,Spider-Man. Całkiem nowy dzień (dubbing),Multikino Silver Screen Łódź,14:45,,dubbing,regular,2026-09-03T12:40:05.504103
2026-09-03,czwartek,łódź,Spider-Man. Całkiem nowy dzień (dubbing),Multikino Silver Screen Łódź,16:30,,dubbing,regular,2026-09-03T12:40:05.504103
2026-09-03,czwartek,łódź,Spider-Man. Całkiem nowy dzień (dubbing),Multikino Silver Screen Łódź,19:45,,dubbing,regular,2026-09-03T12:40:05.504103
2026-09-03,czwartek,łódź,Spider-Man. Całkiem nowy dzień 3D,Cinema City Łódź Manufaktura,17:30,3D,,regular,2026-09-03T12:40:05.504103
2026-09-03,czwartek,łódź,Spider-Man. Całkiem nowy dzień 3D (dubbing),Cinema City Łódź Manufaktura,11:00,3D,dubbing,regular,2026-09-03T12:40:05.504103
2026-09-03,czwartek,łódź,Spider-Man. Całkiem nowy dzień 3D (dubbing),Cinema City Łódź Manufaktura,14:20,3D,dubbing,regular,2026-09-03T12:40:05.504103
2026-09-03,czwartek,łódź,Sunny Dancer,Cinema City Łódź Manufaktura,14:00,,,regular,2026-09-03T12:40:05.504103
2026-09-03,czwartek,łódź,Sunny Dancer,Cinema City Łódź Manufaktura,20:30,,,regular,2026-09-03T12:40:05.504103
2026-09-03,czwartek,łódź,Sunny Dancer,Helios Łódź,16:00,,,regular,2026-09-03T12:40:05.504103
2026-09-03,czwartek,łódź,Terminator 2: Dzień sądu,Cinema City Łódź Manufaktura,15:40,,,regular,2026-09-03T12:40:05.504103
2026-09-03,czwartek,łódź,Terminator 2: Dzień sądu,Cinema City Łódź Manufaktura,16:50,,,regular,2026-09-03T12:40:05.504103
2026-09-03,czwartek,łódź,Terminator 2: Dzień sądu,Cinema City Łódź Manufaktura,18:40,,,regular,2026-09-03T12:40:05.504103
2026-09-03,czwartek,łódź,Terminator 2: Dzień sądu,Helios Łódź,18:00,,,regular,2026-09-03T12:40:05.504103
2026-09-03,czwartek,łódź,Terminator 2: Dzień sądu,Multikino Silver Screen Łódź,19:45,,,regular,2026-09-03T12:40:05.504103
2026-09-03,czwartek,łódź,Toy Story 5 (dubbing),Cinema City Łódź Manufaktura,16:30,,dubbing,regular,2026-09-03T12:40:05.504103
2026-09-03,czwartek,łódź,Tylko jedna noc,Cinema City Łódź Manufaktura,22:10,,,regular,2026-09-03T12:40:05.504103
2026-09-03,czwartek,łódź,Tylko jedna noc,Helios Łódź,11:20,,,regular,2026-09-03T12:40:05.504103
2026-09-03,czwartek,łódź,Vaiana,Helios Łódź,11:10,,,regular,2026-09-03T12:40:05.504103
2026-09-03,czwartek,łódź,Vaiana (dubbing),Cinema City Łódź Manufaktura,12:40,,dubbing,regular,2026-09-03T12:40:05.504103
2026-09-03,czwartek,łódź,Vaiana (dubbing),Cinema City Łódź Manufaktura,15:20,,dubbing,regular,2026-09-03T12:40:05.504103
2026-09-03,czwartek,łódź,Vivaldi i ja,Cinema City Łódź Manufaktura,11:50,,,regular,2026-09-03T12:40:05.504103
2026-09-03,czwartek,łódź,Vivaldi i ja,Kino Kinematograf w Muzeum Kinematografii w Łodzi,19:45,,,regular,2026-09-03T12:40:05.504103
2026-09-03,czwartek,łódź,Wrong Girls,Helios Łódź,13:40,,,regular,2026-09-03T12:40:05.504103
2026-09-03,czwartek,łódź,Wrong Girls,Kino Charlie w Łodzi,20:30,,,regular,2026-09-03T12:40:05.504103
2026-09-03,czwartek,łódź,Wszyscy moi wrogowie,Cinema City Łódź Manufaktura,21:40,,,regular,2026-09-03T12:40:05.504103
2026-09-03,czwartek,łódź,Zróbmy sobie przerwę,Helios Łódź,18:30,,,regular,2026-09-03T12:40:05.504103
2026-09-03,czwartek,łódź,АСТРАЛ: ЗА МЕЖАМИ ПОТОЙБІЧЧЯ / Naznaczony: Wyjście z mrocznego wymiaru (ukr.),Multikino Silver Screen Łódź,13:00,,,regular,2026-09-03T12:40:05.504103
2026-09-03,czwartek,łódź,Людина-павук: Абсолютно новий день / Spider-Man. Całkiem nowy dzień (ukr.),Multikino Silver Screen Łódź,15:30,,,regular,2026-09-03T12:40:05.504103
2026-09-03,czwartek,łódź,Сузір'я великого пса / Gwiazdozbiór Psa (ukr.),Cinema City Łódź Manufaktura,19:30,,,regular,2026-09-03T12:40:05.504103
2026-09-03,czwartek,szczecin,Buntownik,Helios Szczecin CHR Kupiec,21:00,,,regular,2026-09-03T12:40:07.915924
2026-09-03,czwartek,szczecin,Buntownik,Helios Szczecin Outlet Park,18:15,,,regular,2026-09-03T12:40:07.915924
2026-09-03,czwartek,szczecin,Buntownik,Helios Szczecin Outlet Park,20:30,,,regular,2026-09-03T12:40:07.915924
2026-09-03,czwartek,szczecin,Buntownik,Multikino Szczecin,18:00,,,regular,2026-09-03T12:40:07.915924
2026-09-03,czwartek,szczecin,Buntownik,Multikino Szczecin,20:20,,,regular,2026-09-03T12:40:07.915924
2026-09-03,czwartek,szczecin,Gorzkie święta,Kino Pionier 1907 w Szczecinie,17:00,,,regular,2026-09-03T12:40:07.915924
2026-09-03,czwartek,szczecin,Gorzkie święta,Multikino Szczecin,19:30,,,regular,2026-09-03T12:40:07.915924
2026-09-03,czwartek,szczecin,Gwiazdozbiór Psa,Helios Szczecin CHR Kupiec,14:50,,,regular,2026-09-03T12:40:07.915924
2026-09-03,czwartek,szczecin,Gwiazdozbiór Psa,Helios Szczecin CHR Kupiec,18:30,,,regular,2026-09-03T12:40:07.915924
2026-09-03,czwartek,szczecin,Gwiazdozbiór Psa,Helios Szczecin Outlet Park,11:30,,,regular,2026-09-03T12:40:07.915924
2026-09-03,czwartek,szczecin,Gwiazdozbiór Psa,Helios Szczecin Outlet Park,15:50,,,regular,2026-09-03T12:40:07.915924
2026-09-03,czwartek,szczecin,Gwiazdozbiór Psa,Helios Szczecin Outlet Park,19:00,,,regular,2026-09-03T12:40:07.915924
2026-09-03,czwartek,szczecin,Gwiazdozbiór Psa,Helios Szczecin Outlet Park,21:00,,,regular,2026-09-03T12:40:07.915924
2026-09-03,czwartek,szczecin,Gwiazdozbiór Psa,Multikino Szczecin,17:30,,,regular,2026-09-03T12:40:07.915924
2026-09-03,czwartek,szczecin,Gwiazdozbiór Psa,Multikino Szczecin,20:15,,,regular,2026-09-03T12:40:07.915924
2026-09-03,czwartek,szczecin,Harry Potter i Insygnia Śmierci cz. 2 (dubbing),Multikino Szczecin,17:15,,dubbing,regular,2026-09-03T12:40:07.915924
2026-09-03,czwartek,szczecin,Harry Potter i Kamień Filozoficzny (dubbing),Multikino Szczecin,14:00,,dubbing,regular,2026-09-03T12:40:07.915924
2026-09-03,czwartek,szczecin,Historie równoległe,Kino Pionier 1907 w Szczecinie,16:30,,,regular,2026-09-03T12:40:07.915924
2026-09-03,czwartek,szczecin,Koniec Ulicy Dębowej,Multikino Szczecin,13:10,,,regular,2026-09-03T12:40:07.915924
2026-09-03,czwartek,szczecin,Księga pustyni,Helios Szczecin CHR Kupiec,11:20,,,regular,2026-09-03T12:40:07.915924
2026-09-03,czwartek,szczecin,Księga pustyni,Helios Szczecin Outlet Park,10:10,,,regular,2026-09-03T12:40:07.915924
2026-09-03,czwartek,szczecin,Księga pustyni,Helios Szczecin Outlet Park,12:30,,,regular,2026-09-03T12:40:07.915924
2026-09-03,czwartek,szczecin,Księga pustyni,Helios Szczecin Outlet Park,15:40,,,regular,2026-09-03T12:40:07.915924
2026-09-03,czwartek,szczecin,Księga pustyni (dubbing),Multikino Szczecin,10:20,,dubbing,regular,2026-09-03T12:40:07.915924
2026-09-03,czwartek,szczecin,Księga pustyni (dubbing),Multikino Szczecin,12:35,,dubbing,regular,2026-09-03T12:40:07.915924
2026-09-03,czwartek,szczecin,Księga pustyni (dubbing),Multikino Szczecin,14:50,,dubbing,regular,2026-09-03T12:40:07.915924
2026-09-03,czwartek,szczecin,Księga pustyni (dubbing),Multikino Szczecin,17:05,,dubbing,regular,2026-09-03T12:40:07.915924
2026-09-03,czwartek,szczecin,Minionki i straszydła (dubbing),Helios Szczecin CHR Kupiec,11:10,,dubbing,regular,2026-09-03T12:40:07.915924
2026-09-03,czwartek,szczecin,Minionki i straszydła (dubbing),Helios Szczecin Outlet Park,10:20,,dubbing,regular,2026-09-03T12:40:07.915924
2026-09-03,czwartek,szczecin,Minionki i straszydła (dubbing),Helios Szczecin Outlet Park,13:15,,dubbing,regular,2026-09-03T12:40:07.915924
2026-09-03,czwartek,szczecin,Minionki i straszydła (dubbing),Multikino Szczecin,10:35,,dubbing,regular,2026-09-03T12:40:07.915924
2026-09-03,czwartek,szczecin,Minionki i straszydła (dubbing),Multikino Szczecin,11:30,,dubbing,regular,2026-09-03T12:40:07.915924
2026-09-03,czwartek,szczecin,Minionki i straszydła (dubbing),Multikino Szczecin,13:40,,dubbing,regular,2026-09-03T12:40:07.915924
2026-09-03,czwartek,szczecin,Minionki i straszydła (dubbing),Multikino Szczecin,15:50,,dubbing,regular,2026-09-03T12:40:07.915924
2026-09-03,czwartek,szczecin,Naznaczony: Wyjście z mrocznego wymiaru,Helios Szczecin CHR Kupiec,20:10,,,regular,2026-09-03T12:40:07.915924
2026-09-03,czwartek,szczecin,Naznaczony: Wyjście z mrocznego wymiaru,Helios Szczecin CHR Kupiec,21:15,,,regular,2026-09-03T12:40:07.915924
2026-09-03,czwartek,szczecin,Naznaczony: Wyjście z mrocznego wymiaru,Helios Szczecin Outlet Park,15:00,,,regular,2026-09-03T12:40:07.915924
2026-09-03,czwartek,szczecin,Naznaczony: Wyjście z mrocznego wymiaru,Helios Szczecin Outlet Park,18:30,,,regular,2026-09-03T12:40:07.915924
2026-09-03,czwartek,szczecin,Naznaczony: Wyjście z mrocznego wymiaru,Helios Szczecin Outlet Park,20:45,,,regular,2026-09-03T12:40:07.915924
2026-09-03,czwartek,szczecin,Naznaczony: Wyjście z mrocznego wymiaru,Multikino Szczecin,16:20,,,regular,2026-09-03T12:40:07.915924
2026-09-03,czwartek,szczecin,Naznaczony: Wyjście z mrocznego wymiaru,Multikino Szczecin,18:45,,,regular,2026-09-03T12:40:07.915924
2026-09-03,czwartek,szczecin,Naznaczony: Wyjście z mrocznego wymiaru,Multikino Szczecin,21:10,,,regular,2026-09-03T12:40:07.915924
2026-09-03,czwartek,szczecin,Nowa fala,Multikino Szczecin,20:00,,,regular,2026-09-03T12:40:07.915924
2026-09-03,czwartek,szczecin,Odyseja,Helios Szczecin CHR Kupiec,13:30,,,regular,2026-09-03T12:40:07.915924
2026-09-03,czwartek,szczecin,Odyseja,Helios Szczecin CHR Kupiec,17:30,,,regular,2026-09-03T12:40:07.915924
2026-09-03,czwartek,szczecin,Odyseja,Helios Szczecin Outlet Park,11:40,,,regular,2026-09-03T12:40:07.915924
2026-09-03,czwartek,szczecin,Odyseja,Helios Szczecin Outlet Park,14:30,,,regular,2026-09-03T12:40:07.915924
2026-09-03,czwartek,szczecin,Odyseja,Helios Szczecin Outlet Park,15:20,,,regular,2026-09-03T12:40:07.915924
2026-09-03,czwartek,szczecin,Odyseja,Helios Szczecin Outlet Park,20:00,,,regular,2026-09-03T12:40:07.915924
2026-09-03,czwartek,szczecin,Odyseja,Helios Szczecin Outlet Park,21:40,,,regular,2026-09-03T12:40:07.915924
2026-09-03,czwartek,szczecin,Odyseja,Multikino Szczecin,12:45,,,regular,2026-09-03T12:40:07.915924
2026-09-03,czwartek,szczecin,Odyseja,Multikino Szczecin,15:45,,,regular,2026-09-03T12:40:07.915924
2026-09-03,czwartek,szczecin,Odyseja,Multikino Szczecin,19:20,,,regular,2026-09-03T12:40:07.915924
2026-09-03,czwartek,szczecin,Psi Patrol i dinozaury,Helios Szczecin CHR Kupiec,11:30,,,regular,2026-09-03T12:40:07.915924
2026-09-03,czwartek,szczecin,Psi Patrol i dinozaury,Helios Szczecin CHR Kupiec,13:40,,,regular,2026-09-03T12:40:07.915924
2026-09-03,czwartek,szczecin,Psi Patrol i dinozaury,Helios Szczecin CHR Kupiec,15:50,,,regular,2026-09-03T12:40:07.915924
2026-09-03,czwartek,szczecin,Psi Patrol i dinozaury,Helios Szczecin Outlet Park,11:20,,,regular,2026-09-03T12:40:07.915924
2026-09-03,czwartek,szczecin,Psi Patrol i dinozaury,Helios Szczecin Outlet Park,13:30,,,regular,2026-09-03T12:40:07.915924
2026-09-03,czwartek,szczecin,Psi Patrol i dinozaury,Helios Szczecin Outlet Park,17:00,,,regular,2026-09-03T12:40:07.915924
2026-09-03,czwartek,szczecin,Psi Patrol i dinozaury (dubbing),Multikino Szczecin,10:30,,dubbing,regular,2026-09-03T12:40:07.915924
2026-09-03,czwartek,szczecin,Psi Patrol i dinozaury (dubbing),Multikino Szczecin,11:20,,dubbing,regular,2026-09-03T12:40:07.915924
2026-09-03,czwartek,szczecin,Psi Patrol i dinozaury (dubbing),Multikino Szczecin,12:40,,dubbing,regular,2026-09-03T12:40:07.915924
2026-09-03,czwartek,szczecin,Psi Patrol i dinozaury (dubbing),Multikino Szczecin,13:30,,dubbing,regular,2026-09-03T12:40:07.915924
2026-09-03,czwartek,szczecin,Psi Patrol i dinozaury (dubbing),Multikino Szczecin,15:40,,dubbing,regular,2026-09-03T12:40:07.915924
2026-09-03,czwartek,szczecin,Psi Patrol i dinozaury (dubbing),Multikino Szczecin,17:50,,dubbing,regular,2026-09-03T12:40:07.915924
2026-09-03,czwartek,szczecin,Pucio kocha zwierzaki,Helios Szczecin CHR Kupiec,11:00,,,regular,2026-09-03T12:40:07.915924
2026-09-03,czwartek,szczecin,Pucio kocha zwierzaki,Helios Szczecin CHR Kupiec,13:20,,,regular,2026-09-03T12:40:07.915924
2026-09-03,czwartek,szczecin,Pucio kocha zwierzaki,Helios Szczecin Outlet Park,10:30,,,regular,2026-09-03T12:40:07.915924
2026-09-03,czwartek,szczecin,Pucio kocha zwierzaki,Helios Szczecin Outlet Park,11:50,,,regular,2026-09-03T12:40:07.915924
2026-09-03,czwartek,szczecin,Pucio kocha zwierzaki,Helios Szczecin Outlet Park,15:30,,,regular,2026-09-03T12:40:07.915924
2026-09-03,czwartek,szczecin,Pucio kocha zwierzaki,Multikino Szczecin,10:55,,,regular,2026-09-03T12:40:07.915924
2026-09-03,czwartek,szczecin,Pucio kocha zwierzaki,Multikino Szczecin,12:00,,,regular,2026-09-03T12:40:07.915924
2026-09-03,czwartek,szczecin,Pucio kocha zwierzaki,Multikino Szczecin,14:50,,,regular,2026-09-03T12:40:07.915924
2026-09-03,czwartek,szczecin,Pucio kocha zwierzaki,Multikino Szczecin,16:10,,,regular,2026-09-03T12:40:07.915924
2026-09-03,czwartek,szczecin,Requiem dla snu,Kino Pionier 1907 w Szczecinie,19:15,,,regular,2026-09-03T12:40:07.915924
2026-09-03,czwartek,szczecin,Spider-Man. Całkiem nowy dzień,Helios Szczecin CHR Kupiec,12:20,,,regular,2026-09-03T12:40:07.915924
2026-09-03,czwartek,szczecin,Spider-Man. Całkiem nowy dzień,Helios Szczecin CHR Kupiec,15:30,,,regular,2026-09-03T12:40:07.915924
2026-09-03,czwartek,szczecin,Spider-Man. Całkiem nowy dzień,Helios Szczecin CHR Kupiec,17:00,,,regular,2026-09-03T12:40:07.915924
2026-09-03,czwartek,szczecin,Spider-Man. Całkiem nowy dzień,Helios Szczecin CHR Kupiec,20:45,,,regular,2026-09-03T12:40:07.915924
2026-09-03,czwartek,szczecin,Spider-Man. Całkiem nowy dzień,Helios Szczecin Outlet Park,10:50,,,regular,2026-09-03T12:40:07.915924
2026-09-03,czwartek,szczecin,Spider-Man. Całkiem nowy dzień,Helios Szczecin Outlet Park,12:45,,,regular,2026-09-03T12:40:07.915924
2026-09-03,czwartek,szczecin,Spider-Man. Całkiem nowy dzień,Helios Szczecin Outlet Park,14:00,,,regular,2026-09-03T12:40:07.915924
2026-09-03,czwartek,szczecin,Spider-Man. Całkiem nowy dzień,Helios Szczecin Outlet Park,17:15,,,regular,2026-09-03T12:40:07.915924
2026-09-03,czwartek,szczecin,Spider-Man. Całkiem nowy dzień,Helios Szczecin Outlet Park,19:15,,,regular,2026-09-03T12:40:07.915924
2026-09-03,czwartek,szczecin,Spider-Man. Całkiem nowy dzień,Helios Szczecin Outlet Park,20:20,,,regular,2026-09-03T12:40:07.915924
2026-09-03,czwartek,szczecin,Spider-Man. Całkiem nowy dzień,Multikino Szczecin,10:50,,,regular,2026-09-03T12:40:07.915924
2026-09-03,czwartek,szczecin,Spider-Man. Całkiem nowy dzień,Multikino Szczecin,17:20,,,regular,2026-09-03T12:40:07.915924
2026-09-03,czwartek,szczecin,Spider-Man. Całkiem nowy dzień,Multikino Szczecin,20:35,,,regular,2026-09-03T12:40:07.915924
2026-09-03,czwartek,szczecin,Spider-Man. Całkiem nowy dzień (dubbing),Multikino Szczecin,10:00,,dubbing,regular,2026-09-03T12:40:07.915924
2026-09-03,czwartek,szczecin,Spider-Man. Całkiem nowy dzień (dubbing),Multikino Szczecin,13:15,,dubbing,regular,2026-09-03T12:40:07.915924
2026-09-03,czwartek,szczecin,Spider-Man. Całkiem nowy dzień (dubbing),Multikino Szczecin,14:05,,dubbing,regular,2026-09-03T12:40:07.915924
2026-09-03,czwartek,szczecin,Spider-Man. Całkiem nowy dzień (dubbing),Multikino Szczecin,16:30,,dubbing,regular,2026-09-03T12:40:07.915924
2026-09-03,czwartek,szczecin,Spider-Man. Całkiem nowy dzień (dubbing),Multikino Szczecin,19:45,,dubbing,regular,2026-09-03T12:40:07.915924
2026-09-03,czwartek,szczecin,Sunny Dancer,Kino Pionier 1907 w Szczecinie,19:15,,,regular,2026-09-03T12:40:07.915924
2026-09-03,czwartek,szczecin,Terminator 2: Dzień sądu,Helios Szczecin CHR Kupiec,18:00,,,regular,2026-09-03T12:40:07.915924
2026-09-03,czwartek,szczecin,Terminator 2: Dzień sądu,Helios Szczecin Outlet Park,18:00,,,regular,2026-09-03T12:40:07.915924
2026-09-03,czwartek,szczecin,Terminator 2: Dzień sądu,Multikino Szczecin,20:05,,,regular,2026-09-03T12:40:07.915924
2026-09-03,czwartek,szczecin,Toy Story 5 (dubbing),Multikino Szczecin,11:35,,dubbing,regular,2026-09-03T12:40:07.915924
2026-09-03,czwartek,szczecin,Zróbmy sobie przerwę,Helios Szczecin Outlet Park,17:30,,,regular,2026-09-03T12:40:07.915924
2026-09-03,czwartek,bydgoszcz,Błysk Oka: I blok filmów konkursowych (w ramach 12. Festiwalu Przeźrocza),Kino Orzeł w Bydgoszczy,17:00,,,regular,2026-09-03T12:40:10.762985
2026-09-03,czwartek,bydgoszcz,Bogaci i martwi,Cinema City Bydgoszcz,22:30,,,regular,2026-09-03T12:40:10.762985
2026-09-03,czwartek,bydgoszcz,Buntownik,Cinema City Bydgoszcz,15:50,,,regular,2026-09-03T12:40:10.762985
2026-09-03,czwartek,bydgoszcz,Buntownik,Cinema City Bydgoszcz,18:10,,,regular,2026-09-03T12:40:10.762985
2026-09-03,czwartek,bydgoszcz,Buntownik,Helios Bydgoszcz,14:15,,,regular,2026-09-03T12:40:10.762985
2026-09-03,czwartek,bydgoszcz,Buntownik,Helios Bydgoszcz,18:30,,,regular,2026-09-03T12:40:10.762985
2026-09-03,czwartek,bydgoszcz,Buntownik,Multikino Bydgoszcz,16:10,,,regular,2026-09-03T12:40:10.762985
2026-09-03,czwartek,bydgoszcz,Buntownik,Multikino Bydgoszcz,20:15,,,regular,2026-09-03T12:40:10.762985
2026-09-03,czwartek,bydgoszcz,Flavia de Luce (dubbing),Cinema City Bydgoszcz,10:30,,dubbing,regular,2026-09-03T12:40:10.762985
2026-09-03,czwartek,bydgoszcz,Gorzkie święta,Cinema City Bydgoszcz,15:20,,,regular,2026-09-03T12:40:10.762985
2026-09-03,czwartek,bydgoszcz,Gorzkie święta,Cinema City Bydgoszcz,18:00,,,regular,2026-09-03T12:40:10.762985
2026-09-03,czwartek,bydgoszcz,Gorzkie święta,Cinema City Bydgoszcz,21:30,,,regular,2026-09-03T12:40:10.762985
2026-09-03,czwartek,bydgoszcz,Gorzkie święta,Helios Bydgoszcz,20:40,,,regular,2026-09-03T12:40:10.762985
2026-09-03,czwartek,bydgoszcz,Gorzkie święta,Multikino Bydgoszcz,18:15,,,regular,2026-09-03T12:40:10.762985
2026-09-03,czwartek,bydgoszcz,Gwiazdozbiór Psa,Cinema City Bydgoszcz,11:00,,,regular,2026-09-03T12:40:10.762985
2026-09-03,czwartek,bydgoszcz,Gwiazdozbiór Psa,Cinema City Bydgoszcz,13:40,,,regular,2026-09-03T12:40:10.762985
2026-09-03,czwartek,bydgoszcz,Gwiazdozbiór Psa,Cinema City Bydgoszcz,14:10,,,regular,2026-09-03T12:40:10.762985
2026-09-03,czwartek,bydgoszcz,Gwiazdozbiór Psa,Cinema City Bydgoszcz,16:20,,,regular,2026-09-03T12:40:10.762985
2026-09-03,czwartek,bydgoszcz,Gwiazdozbiór Psa,Cinema City Bydgoszcz,19:00,,,regular,2026-09-03T12:40:10.762985
2026-09-03,czwartek,bydgoszcz,Gwiazdozbiór Psa,Cinema City Bydgoszcz,19:45,,,regular,2026-09-03T12:40:10.762985
2026-09-03,czwartek,bydgoszcz,Gwiazdozbiór Psa,Cinema City Bydgoszcz,19:50,,,regular,2026-09-03T12:40:10.762985
2026-09-03,czwartek,bydgoszcz,Gwiazdozbiór Psa,Cinema City Bydgoszcz,21:40,,,regular,2026-09-03T12:40:10.762985
2026-09-03,czwartek,bydgoszcz,Gwiazdozbiór Psa,Helios Bydgoszcz,12:15,,,regular,2026-09-03T12:40:10.762985
2026-09-03,czwartek,bydgoszcz,Gwiazdozbiór Psa,Helios Bydgoszcz,15:00,,,regular,2026-09-03T12:40:10.762985
2026-09-03,czwartek,bydgoszcz,Gwiazdozbiór Psa,Helios Bydgoszcz,17:30,,,regular,2026-09-03T12:40:10.762985
2026-09-03,czwartek,bydgoszcz,Gwiazdozbiór Psa,Helios Bydgoszcz,20:50,,,regular,2026-09-03T12:40:10.762985
2026-09-03,czwartek,bydgoszcz,Gwiazdozbiór Psa,Multikino Bydgoszcz,14:45,,,regular,2026-09-03T12:40:10.762985
2026-09-03,czwartek,bydgoszcz,Gwiazdozbiór Psa,Multikino Bydgoszcz,17:45,,,regular,2026-09-03T12:40:10.762985
2026-09-03,czwartek,bydgoszcz,Gwiazdozbiór Psa,Multikino Bydgoszcz,20:30,,,regular,2026-09-03T12:40:10.762985
2026-09-03,czwartek,bydgoszcz,Harry Potter i Insygnia Śmierci cz. 2 (dubbing),Multikino Bydgoszcz,17:15,,dubbing,regular,2026-09-03T12:40:10.762985
2026-09-03,czwartek,bydgoszcz,Harry Potter i Kamień Filozoficzny (dubbing),Cinema City Bydgoszcz,17:30,,dubbing,regular,2026-09-03T12:40:10.762985
2026-09-03,czwartek,bydgoszcz,Harry Potter i Kamień Filozoficzny (dubbing),Multikino Bydgoszcz,14:00,,dubbing,regular,2026-09-03T12:40:10.762985
2026-09-03,czwartek,bydgoszcz,Koniec Ulicy Dębowej,Cinema City Bydgoszcz,16:50,,,regular,2026-09-03T12:40:10.762985
2026-09-03,czwartek,bydgoszcz,Koniec Ulicy Dębowej,Cinema City Bydgoszcz,19:20,,,regular,2026-09-03T12:40:10.762985
2026-09-03,czwartek,bydgoszcz,Koniec Ulicy Dębowej,Cinema City Bydgoszcz,21:50,,,regular,2026-09-03T12:40:10.762985
2026-09-03,czwartek,bydgoszcz,Koniec Ulicy Dębowej,Multikino Bydgoszcz,13:35,,,regular,2026-09-03T12:40:10.762985
2026-09-03,czwartek,bydgoszcz,Księga pustyni,Helios Bydgoszcz,11:30,,,regular,2026-09-03T12:40:10.762985
2026-09-03,czwartek,bydgoszcz,Księga pustyni,Helios Bydgoszcz,13:45,,,regular,2026-09-03T12:40:10.762985
2026-09-03,czwartek,bydgoszcz,Księga pustyni (dubbing),Cinema City Bydgoszcz,10:50,,dubbing,regular,2026-09-03T12:40:10.762985
2026-09-03,czwartek,bydgoszcz,Księga pustyni (dubbing),Cinema City Bydgoszcz,11:10,,dubbing,regular,2026-09-03T12:40:10.762985
2026-09-03,czwartek,bydgoszcz,Księga pustyni (dubbing),Cinema City Bydgoszcz,13:15,,dubbing,regular,2026-09-03T12:40:10.762985
2026-09-03,czwartek,bydgoszcz,Księga pustyni (dubbing),Cinema City Bydgoszcz,15:30,,dubbing,regular,2026-09-03T12:40:10.762985
2026-09-03,czwartek,bydgoszcz,Księga pustyni (dubbing),Multikino Bydgoszcz,11:30,,dubbing,regular,2026-09-03T12:40:10.762985
2026-09-03,czwartek,bydgoszcz,Księga pustyni (dubbing),Multikino Bydgoszcz,13:45,,dubbing,regular,2026-09-03T12:40:10.762985
2026-09-03,czwartek,bydgoszcz,Księga pustyni (dubbing),Multikino Bydgoszcz,16:00,,dubbing,regular,2026-09-03T12:40:10.762985
2026-09-03,czwartek,bydgoszcz,Małe formy wielkich mistrzów - zestaw filmów krótkometrażowych (w ramach 12. Festiwalu Przeźrocza),Kino Orzeł w Bydgoszczy,19:30,,,regular,2026-09-03T12:40:10.762985
2026-09-03,czwartek,bydgoszcz,Minionki i straszydła (dubbing),Cinema City Bydgoszcz,12:40,,dubbing,regular,2026-09-03T12:40:10.762985
2026-09-03,czwartek,bydgoszcz,Minionki i straszydła (dubbing),Cinema City Bydgoszcz,14:50,,dubbing,regular,2026-09-03T12:40:10.762985
2026-09-03,czwartek,bydgoszcz,Minionki i straszydła (dubbing),Helios Bydgoszcz,10:30,,dubbing,regular,2026-09-03T12:40:10.762985
2026-09-03,czwartek,bydgoszcz,Minionki i straszydła (dubbing),Multikino Bydgoszcz,10:15,,dubbing,regular,2026-09-03T12:40:10.762985
2026-09-03,czwartek,bydgoszcz,Minionki i straszydła (dubbing),Multikino Bydgoszcz,12:20,,dubbing,regular,2026-09-03T12:40:10.762985
2026-09-03,czwartek,bydgoszcz,Minionki i straszydła (dubbing),Multikino Bydgoszcz,14:25,,dubbing,regular,2026-09-03T12:40:10.762985
2026-09-03,czwartek,bydgoszcz,Naznaczony: Wyjście z mrocznego wymiaru,Cinema City Bydgoszcz,13:10,,,regular,2026-09-03T12:40:10.762985
2026-09-03,czwartek,bydgoszcz,Naznaczony: Wyjście z mrocznego wymiaru,Cinema City Bydgoszcz,15:40,,,regular,2026-09-03T12:40:10.762985
2026-09-03,czwartek,bydgoszcz,Naznaczony: Wyjście z mrocznego wymiaru,Cinema City Bydgoszcz,18:10,,,regular,2026-09-03T12:40:10.762985
2026-09-03,czwartek,bydgoszcz,Naznaczony: Wyjście z mrocznego wymiaru,Cinema City Bydgoszcz,20:40,,,regular,2026-09-03T12:40:10.762985
2026-09-03,czwartek,bydgoszcz,Naznaczony: Wyjście z mrocznego wymiaru,Cinema City Bydgoszcz,21:00,,,regular,2026-09-03T12:40:10.762985
2026-09-03,czwartek,bydgoszcz,Naznaczony: Wyjście z mrocznego wymiaru,Cinema City Bydgoszcz,22:30,,,regular,2026-09-03T12:40:10.762985
2026-09-03,czwartek,bydgoszcz,Naznaczony: Wyjście z mrocznego wymiaru,Helios Bydgoszcz,16:00,,,regular,2026-09-03T12:40:10.762985
2026-09-03,czwartek,bydgoszcz,Naznaczony: Wyjście z mrocznego wymiaru,Helios Bydgoszcz,19:00,,,regular,2026-09-03T12:40:10.762985
2026-09-03,czwartek,bydgoszcz,Naznaczony: Wyjście z mrocznego wymiaru,Helios Bydgoszcz,21:30,,,regular,2026-09-03T12:40:10.762985
2026-09-03,czwartek,bydgoszcz,Naznaczony: Wyjście z mrocznego wymiaru,Multikino Bydgoszcz,11:15,,,regular,2026-09-03T12:40:10.762985
2026-09-03,czwartek,bydgoszcz,Naznaczony: Wyjście z mrocznego wymiaru,Multikino Bydgoszcz,13:45,,,regular,2026-09-03T12:40:10.762985
2026-09-03,czwartek,bydgoszcz,Naznaczony: Wyjście z mrocznego wymiaru,Multikino Bydgoszcz,16:15,,,regular,2026-09-03T12:40:10.762985
2026-09-03,czwartek,bydgoszcz,Naznaczony: Wyjście z mrocznego wymiaru,Multikino Bydgoszcz,18:45,,,regular,2026-09-03T12:40:10.762985
2026-09-03,czwartek,bydgoszcz,Naznaczony: Wyjście z mrocznego wymiaru,Multikino Bydgoszcz,21:15,,,regular,2026-09-03T12:40:10.762985
2026-09-03,czwartek,bydgoszcz,Nie patrz w dół 2,Cinema City Bydgoszcz,20:30,,,regular,2026-09-03T12:40:10.762985
2026-09-03,czwartek,bydgoszcz,Nie patrz w dół 2,Multikino Bydgoszcz,17:40,,,regular,2026-09-03T12:40:10.762985
2026-09-03,czwartek,bydgoszcz,Nowa fala,Multikino Bydgoszcz,20:00,,,regular,2026-09-03T12:40:10.762985
2026-09-03,czwartek,bydgoszcz,Odyseja,Cinema City Bydgoszcz,10:00,,,regular,2026-09-03T12:40:10.762985
2026-09-03,czwartek,bydgoszcz,Odyseja,Cinema City Bydgoszcz,11:00,,,regular,2026-09-03T12:40:10.762985
2026-09-03,czwartek,bydgoszcz,Odyseja,Cinema City Bydgoszcz,13:50,,,regular,2026-09-03T12:40:10.762985
2026-09-03,czwartek,bydgoszcz,Odyseja,Cinema City Bydgoszcz,14:30,,,regular,2026-09-03T12:40:10.762985
2026-09-03,czwartek,bydgoszcz,Odyseja,Cinema City Bydgoszcz,18:10,,,regular,2026-09-03T12:40:10.762985
2026-09-03,czwartek,bydgoszcz,Odyseja,Cinema City Bydgoszcz,21:50,,,regular,2026-09-03T12:40:10.762985
2026-09-03,czwartek,bydgoszcz,Odyseja,Helios Bydgoszcz,11:00,,,regular,2026-09-03T12:40:10.762985
2026-09-03,czwartek,bydgoszcz,Odyseja,Helios Bydgoszcz,16:20,,,regular,2026-09-03T12:40:10.762985
2026-09-03,czwartek,bydgoszcz,Odyseja,Helios Bydgoszcz,19:40,,,regular,2026-09-03T12:40:10.762985
2026-09-03,czwartek,bydgoszcz,Odyseja,Multikino Bydgoszcz,10:00,,,regular,2026-09-03T12:40:10.762985
2026-09-03,czwartek,bydgoszcz,Odyseja,Multikino Bydgoszcz,12:25,,,regular,2026-09-03T12:40:10.762985
2026-09-03,czwartek,bydgoszcz,Odyseja,Multikino Bydgoszcz,16:00,,,regular,2026-09-03T12:40:10.762985
2026-09-03,czwartek,bydgoszcz,Odyseja,Multikino Bydgoszcz,18:30,,,regular,2026-09-03T12:40:10.762985
2026-09-03,czwartek,bydgoszcz,Odyseja,Multikino Bydgoszcz,19:35,,,regular,2026-09-03T12:40:10.762985
2026-09-03,czwartek,bydgoszcz,Ojczyzna,Pałac Młodzieży w Bydgoszczy,19:15,,,regular,2026-09-03T12:40:10.762985
2026-09-03,czwartek,bydgoszcz,Ostrze przeznaczenia,Cinema City Bydgoszcz,18:00,,,regular,2026-09-03T12:40:10.762985
2026-09-03,czwartek,bydgoszcz,Psi Patrol i dinozaury,Helios Bydgoszcz,10:00,,,regular,2026-09-03T12:40:10.762985
2026-09-03,czwartek,bydgoszcz,Psi Patrol i dinozaury,Helios Bydgoszcz,13:00,,,regular,2026-09-03T12:40:10.762985
2026-09-03,czwartek,bydgoszcz,Psi Patrol i dinozaury,Helios Bydgoszcz,15:15,,,regular,2026-09-03T12:40:10.762985
2026-09-03,czwartek,bydgoszcz,Psi Patrol i dinozaury,Helios Bydgoszcz,16:45,,,regular,2026-09-03T12:40:10.762985
2026-09-03,czwartek,bydgoszcz,Psi Patrol i dinozaury (dubbing),Cinema City Bydgoszcz,10:20,,dubbing,regular,2026-09-03T12:40:10.762985
2026-09-03,czwartek,bydgoszcz,Psi Patrol i dinozaury (dubbing),Cinema City Bydgoszcz,12:30,,dubbing,regular,2026-09-03T12:40:10.762985
2026-09-03,czwartek,bydgoszcz,Psi Patrol i dinozaury (dubbing),Cinema City Bydgoszcz,14:40,,dubbing,regular,2026-09-03T12:40:10.762985
2026-09-03,czwartek,bydgoszcz,Psi Patrol i dinozaury (dubbing),Multikino Bydgoszcz,10:15,,dubbing,regular,2026-09-03T12:40:10.762985
2026-09-03,czwartek,bydgoszcz,Psi Patrol i dinozaury (dubbing),Multikino Bydgoszcz,11:15,,dubbing,regular,2026-09-03T12:40:10.762985
2026-09-03,czwartek,bydgoszcz,Psi Patrol i dinozaury (dubbing),Multikino Bydgoszcz,12:30,,dubbing,regular,2026-09-03T12:40:10.762985
2026-09-03,czwartek,bydgoszcz,Psi Patrol i dinozaury (dubbing),Multikino Bydgoszcz,13:30,,dubbing,regular,2026-09-03T12:40:10.762985
2026-09-03,czwartek,bydgoszcz,Psi Patrol i dinozaury (dubbing),Multikino Bydgoszcz,15:45,,dubbing,regular,2026-09-03T12:40:10.762985
2026-09-03,czwartek,bydgoszcz,Psi Patrol i dinozaury (dubbing),Multikino Bydgoszcz,18:00,,dubbing,regular,2026-09-03T12:40:10.762985
2026-09-03,czwartek,bydgoszcz,Pucio kocha zwierzaki,Cinema City Bydgoszcz,10:00,,,regular,2026-09-03T12:40:10.762985
2026-09-03,czwartek,bydgoszcz,Pucio kocha zwierzaki,Cinema City Bydgoszcz,11:20,,,regular,2026-09-03T12:40:10.762985
2026-09-03,czwartek,bydgoszcz,Pucio kocha zwierzaki,Cinema City Bydgoszcz,12:40,,,regular,2026-09-03T12:40:10.762985
2026-09-03,czwartek,bydgoszcz,Pucio kocha zwierzaki,Cinema City Bydgoszcz,14:00,,,regular,2026-09-03T12:40:10.762985
2026-09-03,czwartek,bydgoszcz,Pucio kocha zwierzaki,Helios Bydgoszcz,10:20,,,regular,2026-09-03T12:40:10.762985
2026-09-03,czwartek,bydgoszcz,Pucio kocha zwierzaki,Helios Bydgoszcz,11:50,,,regular,2026-09-03T12:40:10.762985
2026-09-03,czwartek,bydgoszcz,Pucio kocha zwierzaki,Helios Bydgoszcz,12:50,,,regular,2026-09-03T12:40:10.762985
2026-09-03,czwartek,bydgoszcz,Pucio kocha zwierzaki,Helios Bydgoszcz,14:45,,,regular,2026-09-03T12:40:10.762985
2026-09-03,czwartek,bydgoszcz,Pucio kocha zwierzaki,Multikino Bydgoszcz,10:00,,,regular,2026-09-03T12:40:10.762985
2026-09-03,czwartek,bydgoszcz,Pucio kocha zwierzaki,Multikino Bydgoszcz,11:10,,,regular,2026-09-03T12:40:10.762985
2026-09-03,czwartek,bydgoszcz,Pucio kocha zwierzaki,Multikino Bydgoszcz,12:45,,,regular,2026-09-03T12:40:10.762985
2026-09-03,czwartek,bydgoszcz,Pucio kocha zwierzaki,Multikino Bydgoszcz,16:30,,,regular,2026-09-03T12:40:10.762985
2026-09-03,czwartek,bydgoszcz,Spider-Man. Całkiem nowy dzień,Cinema City Bydgoszcz,10:30,,,regular,2026-09-03T12:40:10.762985
2026-09-03,czwartek,bydgoszcz,Spider-Man. Całkiem nowy dzień,Cinema City Bydgoszcz,13:40,,,regular,2026-09-03T12:40:10.762985
2026-09-03,czwartek,bydgoszcz,Spider-Man. Całkiem nowy dzień,Cinema City Bydgoszcz,16:50,,,regular,2026-09-03T12:40:10.762985
2026-09-03,czwartek,bydgoszcz,Spider-Man. Całkiem nowy dzień,Cinema City Bydgoszcz,20:00,,,regular,2026-09-03T12:40:10.762985
2026-09-03,czwartek,bydgoszcz,Spider-Man. Całkiem nowy dzień,Helios Bydgoszcz,11:15,,,regular,2026-09-03T12:40:10.762985
2026-09-03,czwartek,bydgoszcz,Spider-Man. Całkiem nowy dzień,Helios Bydgoszcz,13:20,,,regular,2026-09-03T12:40:10.762985
2026-09-03,czwartek,bydgoszcz,Spider-Man. Całkiem nowy dzień,Helios Bydgoszcz,14:30,,,regular,2026-09-03T12:40:10.762985
2026-09-03,czwartek,bydgoszcz,Spider-Man. Całkiem nowy dzień,Helios Bydgoszcz,16:30,,,regular,2026-09-03T12:40:10.762985
2026-09-03,czwartek,bydgoszcz,Spider-Man. Całkiem nowy dzień,Helios Bydgoszcz,17:45,,,regular,2026-09-03T12:40:10.762985
2026-09-03,czwartek,bydgoszcz,Spider-Man. Całkiem nowy dzień,Helios Bydgoszcz,20:00,,,regular,2026-09-03T12:40:10.762985
2026-09-03,czwartek,bydgoszcz,Spider-Man. Całkiem nowy dzień,Helios Bydgoszcz,21:00,,,regular,2026-09-03T12:40:10.762985
2026-09-03,czwartek,bydgoszcz,Spider-Man. Całkiem nowy dzień,Multikino Bydgoszcz,20:35,,,regular,2026-09-03T12:40:10.762985
2026-09-03,czwartek,bydgoszcz,Spider-Man. Całkiem nowy dzień (dubbing),Cinema City Bydgoszcz,10:00,,dubbing,regular,2026-09-03T12:40:10.762985
2026-09-03,czwartek,bydgoszcz,Spider-Man. Całkiem nowy dzień (dubbing),Cinema City Bydgoszcz,13:15,,dubbing,regular,2026-09-03T12:40:10.762985
2026-09-03,czwartek,bydgoszcz,Spider-Man. Całkiem nowy dzień (dubbing),Cinema City Bydgoszcz,16:30,,dubbing,regular,2026-09-03T12:40:10.762985
2026-09-03,czwartek,bydgoszcz,Spider-Man. Całkiem nowy dzień (dubbing),Multikino Bydgoszcz,10:00,,dubbing,regular,2026-09-03T12:40:10.762985
2026-09-03,czwartek,bydgoszcz,Spider-Man. Całkiem nowy dzień (dubbing),Multikino Bydgoszcz,11:00,,dubbing,regular,2026-09-03T12:40:10.762985
2026-09-03,czwartek,bydgoszcz,Spider-Man. Całkiem nowy dzień (dubbing),Multikino Bydgoszcz,13:15,,dubbing,regular,2026-09-03T12:40:10.762985
2026-09-03,czwartek,bydgoszcz,Spider-Man. Całkiem nowy dzień (dubbing),Multikino Bydgoszcz,14:15,,dubbing,regular,2026-09-03T12:40:10.762985
2026-09-03,czwartek,bydgoszcz,Spider-Man. Całkiem nowy dzień (dubbing),Multikino Bydgoszcz,16:30,,dubbing,regular,2026-09-03T12:40:10.762985
2026-09-03,czwartek,bydgoszcz,Spider-Man. Całkiem nowy dzień (dubbing),Multikino Bydgoszcz,17:30,,dubbing,regular,2026-09-03T12:40:10.762985
2026-09-03,czwartek,bydgoszcz,Spider-Man. Całkiem nowy dzień (dubbing),Multikino Bydgoszcz,19:45,,dubbing,regular,2026-09-03T12:40:10.762985
2026-09-03,czwartek,bydgoszcz,Spider-Man. Całkiem nowy dzień 3D (dubbing),Cinema City Bydgoszcz,11:00,3D,dubbing,regular,2026-09-03T12:40:10.762985
2026-09-03,czwartek,bydgoszcz,Sunny Dancer,Cinema City Bydgoszcz,13:20,,,regular,2026-09-03T12:40:10.762985
2026-09-03,czwartek,bydgoszcz,Sunny Dancer,Cinema City Bydgoszcz,20:50,,,regular,2026-09-03T12:40:10.762985
2026-09-03,czwartek,bydgoszcz,Terminator 2: Dzień sądu,Cinema City Bydgoszcz,15:30,,,regular,2026-09-03T12:40:10.762985
2026-09-03,czwartek,bydgoszcz,Terminator 2: Dzień sądu,Cinema City Bydgoszcz,16:50,,,regular,2026-09-03T12:40:10.762985
2026-09-03,czwartek,bydgoszcz,Terminator 2: Dzień sądu,Cinema City Bydgoszcz,18:30,,,regular,2026-09-03T12:40:10.762985
2026-09-03,czwartek,bydgoszcz,Terminator 2: Dzień sądu,Helios Bydgoszcz,18:00,,,regular,2026-09-03T12:40:10.762985
2026-09-03,czwartek,bydgoszcz,Terminator 2: Dzień sądu,Multikino Bydgoszcz,20:00,,,regular,2026-09-03T12:40:10.762985
2026-09-03,czwartek,bydgoszcz,Toy Story 5 (dubbing),Cinema City Bydgoszcz,10:15,,dubbing,regular,2026-09-03T12:40:10.762985
2026-09-03,czwartek,bydgoszcz,Toy Story 5 (dubbing),Cinema City Bydgoszcz,10:40,,dubbing,regular,2026-09-03T12:40:10.762985
2026-09-03,czwartek,bydgoszcz,Toy Story 5 (dubbing),Multikino Bydgoszcz,10:20,,dubbing,regular,2026-09-03T12:40:10.762985
2026-09-03,czwartek,bydgoszcz,Tylko jedna noc,Cinema City Bydgoszcz,19:40,,,regular,2026-09-03T12:40:10.762985
2026-09-03,czwartek,bydgoszcz,Vaiana,Helios Bydgoszcz,10:30,,,regular,2026-09-03T12:40:10.762985
2026-09-03,czwartek,bydgoszcz,Vivaldi i ja,Cinema City Bydgoszcz,12:40,,,regular,2026-09-03T12:40:10.762985
2026-09-03,czwartek,bydgoszcz,Wszyscy moi wrogowie,Cinema City Bydgoszcz,16:50,,,regular,2026-09-03T12:40:10.762985
2026-09-03,czwartek,bydgoszcz,Wszyscy moi wrogowie,Cinema City Bydgoszcz,22:00,,,regular,2026-09-03T12:40:10.762985
2026-09-03,czwartek,bydgoszcz,Zróbmy sobie przerwę,Helios Bydgoszcz,20:15,,,regular,2026-09-03T12:40:10.762985
2026-09-03,czwartek,bydgoszcz,АСТРАЛ: ЗА МЕЖАМИ ПОТОЙБІЧЧЯ / Naznaczony: Wyjście z mrocznego wymiaru (ukr.),Multikino Bydgoszcz,20:50,,,regular,2026-09-03T12:40:10.762985
2026-09-03,czwartek,bydgoszcz,Сузір'я великого пса / Gwiazdozbiór Psa (ukr.),Cinema City Bydgoszcz,20:30,,,regular,2026-09-03T12:40:10.762985
2026-09-03,czwartek,lublin,500 mil,Kino Bajka w Lublinie,20:00,,,regular,2026-09-03T12:40:13.670206
2026-09-03,czwartek,lublin,Arek.Mama.Panorama,Kino Bajka w Lublinie,16:45,,,regular,2026-09-03T12:40:13.670206
2026-09-03,czwartek,lublin,Bogaci i martwi,Cinema City Lublin Felicity,15:50,,,regular,2026-09-03T12:40:13.670206
2026-09-03,czwartek,lublin,Bogaci i martwi,Cinema City Lublin Plaza,15:00,,,regular,2026-09-03T12:40:13.670206
2026-09-03,czwartek,lublin,Buntownik,Cinema City Lublin Felicity,16:10,,,regular,2026-09-03T12:40:13.670206
2026-09-03,czwartek,lublin,Buntownik,Cinema City Lublin Felicity,21:30,,,regular,2026-09-03T12:40:13.670206
2026-09-03,czwartek,lublin,Buntownik,Cinema City Lublin Plaza,13:00,,,regular,2026-09-03T12:40:13.670206
2026-09-03,czwartek,lublin,Buntownik,Cinema City Lublin Plaza,17:50,,,regular,2026-09-03T12:40:13.670206
2026-09-03,czwartek,lublin,Buntownik,Multikino Lublin,16:05,,,regular,2026-09-03T12:40:13.670206
2026-09-03,czwartek,lublin,Buntownik,Multikino Lublin,20:45,,,regular,2026-09-03T12:40:13.670206
2026-09-03,czwartek,lublin,Gorzkie święta,Cinema City Lublin Felicity,17:40,,,regular,2026-09-03T12:40:13.670206
2026-09-03,czwartek,lublin,Gorzkie święta,Cinema City Lublin Felicity,20:10,,,regular,2026-09-03T12:40:13.670206
2026-09-03,czwartek,lublin,Gorzkie święta,Cinema City Lublin Plaza,20:50,,,regular,2026-09-03T12:40:13.670206
2026-09-03,czwartek,lublin,Gorzkie święta,Kino Bajka w Lublinie,15:30,,,regular,2026-09-03T12:40:13.670206
2026-09-03,czwartek,lublin,Gorzkie święta,Kino Bajka w Lublinie,19:45,,,regular,2026-09-03T12:40:13.670206
2026-09-03,czwartek,lublin,Gwiazdozbiór Psa,Cinema City Lublin Felicity,11:00,,,regular,2026-09-03T12:40:13.670206
2026-09-03,czwartek,lublin,Gwiazdozbiór Psa,Cinema City Lublin Felicity,13:40,,,regular,2026-09-03T12:40:13.670206
2026-09-03,czwartek,lublin,Gwiazdozbiór Psa,Cinema City Lublin Felicity,14:10,,,regular,2026-09-03T12:40:13.670206
2026-09-03,czwartek,lublin,Gwiazdozbiór Psa,Cinema City Lublin Felicity,16:20,,,regular,2026-09-03T12:40:13.670206
2026-09-03,czwartek,lublin,Gwiazdozbiór Psa,Cinema City Lublin Felicity,19:00,,,regular,2026-09-03T12:40:13.670206
2026-09-03,czwartek,lublin,Gwiazdozbiór Psa,Cinema City Lublin Felicity,19:50,,,regular,2026-09-03T12:40:13.670206
2026-09-03,czwartek,lublin,Gwiazdozbiór Psa,Cinema City Lublin Felicity,21:40,,,regular,2026-09-03T12:40:13.670206
2026-09-03,czwartek,lublin,Gwiazdozbiór Psa,Cinema City Lublin Plaza,13:00,,,regular,2026-09-03T12:40:13.670206
2026-09-03,czwartek,lublin,Gwiazdozbiór Psa,Cinema City Lublin Plaza,15:40,,,regular,2026-09-03T12:40:13.670206
2026-09-03,czwartek,lublin,Gwiazdozbiór Psa,Cinema City Lublin Plaza,18:20,,,regular,2026-09-03T12:40:13.670206
2026-09-03,czwartek,lublin,Gwiazdozbiór Psa,Cinema City Lublin Plaza,21:00,,,regular,2026-09-03T12:40:13.670206
2026-09-03,czwartek,lublin,Gwiazdozbiór Psa,Multikino Lublin,12:30,,,regular,2026-09-03T12:40:13.670206
2026-09-03,czwartek,lublin,Gwiazdozbiór Psa,Multikino Lublin,17:30,,,regular,2026-09-03T12:40:13.670206
2026-09-03,czwartek,lublin,Gwiazdozbiór Psa,Multikino Lublin,20:15,,,regular,2026-09-03T12:40:13.670206
2026-09-03,czwartek,lublin,Harry Potter i Insygnia Śmierci cz. 2 (dubbing),Multikino Lublin,17:15,,dubbing,regular,2026-09-03T12:40:13.670206
2026-09-03,czwartek,lublin,Harry Potter i Kamień Filozoficzny (dubbing),Cinema City Lublin Felicity,17:30,,dubbing,regular,2026-09-03T12:40:13.670206
2026-09-03,czwartek,lublin,Harry Potter i Kamień Filozoficzny (dubbing),Cinema City Lublin Plaza,18:00,,dubbing,regular,2026-09-03T12:40:13.670206
2026-09-03,czwartek,lublin,Harry Potter i Kamień Filozoficzny (dubbing),Multikino Lublin,14:00,,dubbing,regular,2026-09-03T12:40:13.670206
2026-09-03,czwartek,lublin,Ice Cream Man,Cinema City Lublin Felicity,22:00,,,regular,2026-09-03T12:40:13.670206
2026-09-03,czwartek,lublin,Julia Pirotte. Piękno i siła,Kino Bajka w Lublinie,18:15,,,regular,2026-09-03T12:40:13.670206
2026-09-03,czwartek,lublin,Koniec Ulicy Dębowej,Cinema City Lublin Felicity,16:40,,,regular,2026-09-03T12:40:13.670206
2026-09-03,czwartek,lublin,Koniec Ulicy Dębowej,Cinema City Lublin Felicity,21:40,,,regular,2026-09-03T12:40:13.670206
2026-09-03,czwartek,lublin,Koniec Ulicy Dębowej,Cinema City Lublin Plaza,13:00,,,regular,2026-09-03T12:40:13.670206
2026-09-03,czwartek,lublin,Koniec Ulicy Dębowej,Cinema City Lublin Plaza,21:30,,,regular,2026-09-03T12:40:13.670206
2026-09-03,czwartek,lublin,Koniec Ulicy Dębowej,Multikino Lublin,11:25,,,regular,2026-09-03T12:40:13.670206
2026-09-03,czwartek,lublin,Księga pustyni,Kino Bajka w Lublinie,12:30,,,regular,2026-09-03T12:40:13.670206
2026-09-03,czwartek,lublin,Księga pustyni (dubbing),Cinema City Lublin Felicity,11:30,,dubbing,regular,2026-09-03T12:40:13.670206
2026-09-03,czwartek,lublin,Księga pustyni (dubbing),Cinema City Lublin Felicity,15:30,,dubbing,regular,2026-09-03T12:40:13.670206
2026-09-03,czwartek,lublin,Księga pustyni (dubbing),Cinema City Lublin Plaza,12:10,,dubbing,regular,2026-09-03T12:40:13.670206
2026-09-03,czwartek,lublin,Księga pustyni (dubbing),Multikino Lublin,10:15,,dubbing,regular,2026-09-03T12:40:13.670206
2026-09-03,czwartek,lublin,Księga pustyni (dubbing),Multikino Lublin,15:15,,dubbing,regular,2026-09-03T12:40:13.670206
2026-09-03,czwartek,lublin,Minionki i straszydła (dubbing),Cinema City Lublin Felicity,17:30,,dubbing,regular,2026-09-03T12:40:13.670206
2026-09-03,czwartek,lublin,Minionki i straszydła (dubbing),Cinema City Lublin Plaza,10:45,,dubbing,regular,2026-09-03T12:40:13.670206
2026-09-03,czwartek,lublin,Minionki i straszydła (dubbing),Cinema City Lublin Plaza,12:50,,dubbing,regular,2026-09-03T12:40:13.670206
2026-09-03,czwartek,lublin,Minionki i straszydła (dubbing),Cinema City Lublin Plaza,15:40,,dubbing,regular,2026-09-03T12:40:13.670206
2026-09-03,czwartek,lublin,Minionki i straszydła (dubbing),Multikino Lublin,10:10,,dubbing,regular,2026-09-03T12:40:13.670206
2026-09-03,czwartek,lublin,Minionki i straszydła (dubbing),Multikino Lublin,12:20,,dubbing,regular,2026-09-03T12:40:13.670206
2026-09-03,czwartek,lublin,Naznaczony: Wyjście z mrocznego wymiaru,Cinema City Lublin Felicity,11:00,,,regular,2026-09-03T12:40:13.670206
2026-09-03,czwartek,lublin,Naznaczony: Wyjście z mrocznego wymiaru,Cinema City Lublin Felicity,20:50,,,regular,2026-09-03T12:40:13.670206
2026-09-03,czwartek,lublin,Naznaczony: Wyjście z mrocznego wymiaru,Cinema City Lublin Plaza,18:10,,,regular,2026-09-03T12:40:13.670206
2026-09-03,czwartek,lublin,Naznaczony: Wyjście z mrocznego wymiaru,Cinema City Lublin Plaza,22:00,,,regular,2026-09-03T12:40:13.670206
2026-09-03,czwartek,lublin,Naznaczony: Wyjście z mrocznego wymiaru,Multikino Lublin,14:30,,,regular,2026-09-03T12:40:13.670206
2026-09-03,czwartek,lublin,Naznaczony: Wyjście z mrocznego wymiaru,Multikino Lublin,18:20,,,regular,2026-09-03T12:40:13.670206
2026-09-03,czwartek,lublin,Naznaczony: Wyjście z mrocznego wymiaru,Multikino Lublin,21:10,,,regular,2026-09-03T12:40:13.670206
2026-09-03,czwartek,lublin,Nie patrz w dół 2,Cinema City Lublin Felicity,18:20,,,regular,2026-09-03T12:40:13.670206
2026-09-03,czwartek,lublin,Nie patrz w dół 2,Cinema City Lublin Plaza,20:40,,,regular,2026-09-03T12:40:13.670206
2026-09-03,czwartek,lublin,Nie patrz w dół 2,Multikino Lublin,17:00,,,regular,2026-09-03T12:40:13.670206
2026-09-03,czwartek,lublin,Nowa fala,Multikino Lublin,20:00,,,regular,2026-09-03T12:40:13.670206
2026-09-03,czwartek,lublin,Obsesja,Multikino Lublin,13:35,,,regular,2026-09-03T12:40:13.670206
2026-09-03,czwartek,lublin,Odyseja,Cinema City Lublin Felicity,13:50,,,regular,2026-09-03T12:40:13.670206
2026-09-03,czwartek,lublin,Odyseja,Cinema City Lublin Felicity,21:00,,,regular,2026-09-03T12:40:13.670206
2026-09-03,czwartek,lublin,Odyseja,Cinema City Lublin Plaza,14:20,,,regular,2026-09-03T12:40:13.670206
2026-09-03,czwartek,lublin,Odyseja,Cinema City Lublin Plaza,20:00,,,regular,2026-09-03T12:40:13.670206
2026-09-03,czwartek,lublin,Odyseja,Multikino Lublin,10:35,,,regular,2026-09-03T12:40:13.670206
2026-09-03,czwartek,lublin,Odyseja,Multikino Lublin,15:25,,,regular,2026-09-03T12:40:13.670206
2026-09-03,czwartek,lublin,Odyseja,Multikino Lublin,19:00,,,regular,2026-09-03T12:40:13.670206
2026-09-03,czwartek,lublin,Odyseja,Multikino Lublin,19:20,,,regular,2026-09-03T12:40:13.670206
2026-09-03,czwartek,lublin,Odzyskany,Kino Bajka w Lublinie,17:45,,,regular,2026-09-03T12:40:13.670206
2026-09-03,czwartek,lublin,Ostrze przeznaczenia,Cinema City Lublin Plaza,18:00,,,regular,2026-09-03T12:40:13.670206
2026-09-03,czwartek,lublin,Przygoda na Mariensztacie,Kino - Centrum Kultury w Lublinie,18:00,,,regular,2026-09-03T12:40:13.670206
2026-09-03,czwartek,lublin,Psi Patrol i dinozaury (dubbing),Cinema City Lublin Felicity,12:20,,dubbing,regular,2026-09-03T12:40:13.670206
2026-09-03,czwartek,lublin,Psi Patrol i dinozaury (dubbing),Cinema City Lublin Felicity,14:30,,dubbing,regular,2026-09-03T12:40:13.670206
2026-09-03,czwartek,lublin,Psi Patrol i dinozaury (dubbing),Cinema City Lublin Plaza,11:20,,dubbing,regular,2026-09-03T12:40:13.670206
2026-09-03,czwartek,lublin,Psi Patrol i dinozaury (dubbing),Cinema City Lublin Plaza,13:40,,dubbing,regular,2026-09-03T12:40:13.670206
2026-09-03,czwartek,lublin,Psi Patrol i dinozaury (dubbing),Cinema City Lublin Plaza,15:50,,dubbing,regular,2026-09-03T12:40:13.670206
2026-09-03,czwartek,lublin,Psi Patrol i dinozaury (dubbing),Cinema City Lublin Plaza,17:40,,dubbing,regular,2026-09-03T12:40:13.670206
2026-09-03,czwartek,lublin,Psi Patrol i dinozaury (dubbing),Multikino Lublin,11:00,,dubbing,regular,2026-09-03T12:40:13.670206
2026-09-03,czwartek,lublin,Psi Patrol i dinozaury (dubbing),Multikino Lublin,13:15,,dubbing,regular,2026-09-03T12:40:13.670206
2026-09-03,czwartek,lublin,Psi Patrol i dinozaury (dubbing),Multikino Lublin,15:30,,dubbing,regular,2026-09-03T12:40:13.670206
2026-09-03,czwartek,lublin,Psi Patrol i dinozaury (dubbing),Multikino Lublin,17:45,,dubbing,regular,2026-09-03T12:40:13.670206
2026-09-03,czwartek,lublin,Pucio kocha zwierzaki,Cinema City Lublin Felicity,11:40,,,regular,2026-09-03T12:40:13.670206
2026-09-03,czwartek,lublin,Pucio kocha zwierzaki,Cinema City Lublin Felicity,13:10,,,regular,2026-09-03T12:40:13.670206
2026-09-03,czwartek,lublin,Pucio kocha zwierzaki,Cinema City Lublin Plaza,11:00,,,regular,2026-09-03T12:40:13.670206
2026-09-03,czwartek,lublin,Pucio kocha zwierzaki,Cinema City Lublin Plaza,15:00,,,regular,2026-09-03T12:40:13.670206
2026-09-03,czwartek,lublin,Pucio kocha zwierzaki,Kino Bajka w Lublinie,14:15,,,regular,2026-09-03T12:40:13.670206
2026-09-03,czwartek,lublin,Pucio kocha zwierzaki,Multikino Lublin,10:00,,,regular,2026-09-03T12:40:13.670206
2026-09-03,czwartek,lublin,Pucio kocha zwierzaki,Multikino Lublin,11:10,,,regular,2026-09-03T12:40:13.670206
2026-09-03,czwartek,lublin,Pucio kocha zwierzaki,Multikino Lublin,12:20,,,regular,2026-09-03T12:40:13.670206
2026-09-03,czwartek,lublin,Pucio kocha zwierzaki,Multikino Lublin,14:10,,,regular,2026-09-03T12:40:13.670206
2026-09-03,czwartek,lublin,Spider-Man. Całkiem nowy dzień,Cinema City Lublin Felicity,14:50,,,regular,2026-09-03T12:40:13.670206
2026-09-03,czwartek,lublin,Spider-Man. Całkiem nowy dzień,Cinema City Lublin Felicity,21:10,,,regular,2026-09-03T12:40:13.670206
2026-09-03,czwartek,lublin,Spider-Man. Całkiem nowy dzień,Cinema City Lublin Plaza,17:00,,,regular,2026-09-03T12:40:13.670206
2026-09-03,czwartek,lublin,Spider-Man. Całkiem nowy dzień,Cinema City Lublin Plaza,20:10,,,regular,2026-09-03T12:40:13.670206
2026-09-03,czwartek,lublin,Spider-Man. Całkiem nowy dzień,Multikino Lublin,19:45,,,regular,2026-09-03T12:40:13.670206
2026-09-03,czwartek,lublin,Spider-Man. Całkiem nowy dzień (dubbing),Cinema City Lublin Felicity,10:00,,dubbing,regular,2026-09-03T12:40:13.670206
2026-09-03,czwartek,lublin,Spider-Man. Całkiem nowy dzień (dubbing),Cinema City Lublin Felicity,11:40,,dubbing,regular,2026-09-03T12:40:13.670206
2026-09-03,czwartek,lublin,Spider-Man. Całkiem nowy dzień (dubbing),Cinema City Lublin Felicity,13:00,,dubbing,regular,2026-09-03T12:40:13.670206
2026-09-03,czwartek,lublin,Spider-Man. Całkiem nowy dzień (dubbing),Cinema City Lublin Felicity,18:00,,dubbing,regular,2026-09-03T12:40:13.670206
2026-09-03,czwartek,lublin,Spider-Man. Całkiem nowy dzień (dubbing),Cinema City Lublin Plaza,13:50,,dubbing,regular,2026-09-03T12:40:13.670206
2026-09-03,czwartek,lublin,Spider-Man. Całkiem nowy dzień (dubbing),Multikino Lublin,10:00,,dubbing,regular,2026-09-03T12:40:13.670206
2026-09-03,czwartek,lublin,Spider-Man. Całkiem nowy dzień (dubbing),Multikino Lublin,11:30,,dubbing,regular,2026-09-03T12:40:13.670206
2026-09-03,czwartek,lublin,Spider-Man. Całkiem nowy dzień (dubbing),Multikino Lublin,14:45,,dubbing,regular,2026-09-03T12:40:13.670206
2026-09-03,czwartek,lublin,Spider-Man. Całkiem nowy dzień (dubbing),Multikino Lublin,16:30,,dubbing,regular,2026-09-03T12:40:13.670206
2026-09-03,czwartek,lublin,Spider-Man. Całkiem nowy dzień (dubbing),Multikino Lublin,18:00,,dubbing,regular,2026-09-03T12:40:13.670206
2026-09-03,czwartek,lublin,Spider-Man. Całkiem nowy dzień 3D (dubbing),Cinema City Lublin Felicity,11:00,3D,dubbing,regular,2026-09-03T12:40:13.670206
2026-09-03,czwartek,lublin,Spider-Man. Całkiem nowy dzień 3D (dubbing),Multikino Lublin,13:15,3D,dubbing,regular,2026-09-03T12:40:13.670206
2026-09-03,czwartek,lublin,Sunny Dancer,Cinema City Lublin Felicity,19:10,,,regular,2026-09-03T12:40:13.670206
2026-09-03,czwartek,lublin,Sunny Dancer,Cinema City Lublin Plaza,16:30,,,regular,2026-09-03T12:40:13.670206
2026-09-03,czwartek,lublin,Terminator 2: Dzień sądu,Cinema City Lublin Felicity,16:50,,,regular,2026-09-03T12:40:13.670206
2026-09-03,czwartek,lublin,Terminator 2: Dzień sądu,Cinema City Lublin Felicity,18:30,,,regular,2026-09-03T12:40:13.670206
2026-09-03,czwartek,lublin,Terminator 2: Dzień sądu,Cinema City Lublin Plaza,19:00,,,regular,2026-09-03T12:40:13.670206
2026-09-03,czwartek,lublin,Terminator 2: Dzień sądu,Multikino Lublin,20:00,,,regular,2026-09-03T12:40:13.670206
2026-09-03,czwartek,lublin,Toy Story 5 (dubbing),Cinema City Lublin Plaza,11:10,,dubbing,regular,2026-09-03T12:40:13.670206
2026-09-03,czwartek,lublin,Tylko jedna noc,Cinema City Lublin Felicity,19:40,,,regular,2026-09-03T12:40:13.670206
2026-09-03,czwartek,lublin,Tylko jedna noc,Cinema City Lublin Plaza,15:20,,,regular,2026-09-03T12:40:13.670206
2026-09-03,czwartek,lublin,Vivaldi i ja,Cinema City Lublin Felicity,13:00,,,regular,2026-09-03T12:40:13.670206
2026-09-03,czwartek,lublin,Vivaldi i ja,Kino Bajka w Lublinie,14:30,,,regular,2026-09-03T12:40:13.670206
2026-09-03,czwartek,lublin,Wrong Girls,Cinema City Lublin Felicity,13:30,,,regular,2026-09-03T12:40:13.670206
2026-09-03,czwartek,lublin,Wrong Girls,Cinema City Lublin Plaza,12:40,,,regular,2026-09-03T12:40:13.670206
2026-09-03,czwartek,lublin,Wszyscy moi wrogowie,Cinema City Lublin Felicity,14:40,,,regular,2026-09-03T12:40:13.670206
2026-09-03,czwartek,lublin,Сузір'я великого пса / Gwiazdozbiór Psa (ukr.),Cinema City Lublin Plaza,20:20,,,regular,2026-09-03T12:40:13.670206
2026-09-03,czwartek,katowice,Arek.Mama.Panorama,Cinema City Katowice Punkt 44,18:10,,,regular,2026-09-03T12:40:16.833262
2026-09-03,czwartek,katowice,Bogaci i martwi,Cinema City Katowice Punkt 44,13:50,,,regular,2026-09-03T12:40:16.833262
2026-09-03,czwartek,katowice,Bogaci i martwi,Cinema City Katowice Silesia,19:00,,,regular,2026-09-03T12:40:16.833262
2026-09-03,czwartek,katowice,Buntownik,Cinema City Katowice Punkt 44,11:10,,,regular,2026-09-03T12:40:16.833262
2026-09-03,czwartek,katowice,Buntownik,Cinema City Katowice Punkt 44,16:00,,,regular,2026-09-03T12:40:16.833262
2026-09-03,czwartek,katowice,Buntownik,Cinema City Katowice Punkt 44,18:15,,,regular,2026-09-03T12:40:16.833262
2026-09-03,czwartek,katowice,Buntownik,Cinema City Katowice Punkt 44,20:30,,,regular,2026-09-03T12:40:16.833262
2026-09-03,czwartek,katowice,Buntownik,Cinema City Katowice Silesia,13:00,,,regular,2026-09-03T12:40:16.833262
2026-09-03,czwartek,katowice,Buntownik,Cinema City Katowice Silesia,15:20,,,regular,2026-09-03T12:40:16.833262
2026-09-03,czwartek,katowice,Buntownik,Cinema City Katowice Silesia,19:20,,,regular,2026-09-03T12:40:16.833262
2026-09-03,czwartek,katowice,Buntownik,Cinema City Katowice Silesia,21:40,,,regular,2026-09-03T12:40:16.833262
2026-09-03,czwartek,katowice,Buntownik,Helios Katowice,14:10,,,regular,2026-09-03T12:40:16.833262
2026-09-03,czwartek,katowice,Buntownik,Helios Katowice,17:00,,,regular,2026-09-03T12:40:16.833262
2026-09-03,czwartek,katowice,Buntownik,Helios Katowice,20:50,,,regular,2026-09-03T12:40:16.833262
2026-09-03,czwartek,katowice,Buntownik,Multikino Katowice,15:40,,,regular,2026-09-03T12:40:16.833262
2026-09-03,czwartek,katowice,Buntownik,Multikino Katowice,20:25,,,regular,2026-09-03T12:40:16.833262
2026-09-03,czwartek,katowice,Camino dla opornych,Kino Studyjne Światowid w Katowicach,18:00,,,regular,2026-09-03T12:40:16.833262
2026-09-03,czwartek,katowice,Dzień Objawienia,Cinema City Katowice Punkt 44,20:50,,,regular,2026-09-03T12:40:16.833262
2026-09-03,czwartek,katowice,Flavia de Luce (dubbing),Cinema City Katowice Silesia,10:00,,dubbing,regular,2026-09-03T12:40:16.833262
2026-09-03,czwartek,katowice,Gorzkie święta,Cinema City Katowice Punkt 44,16:00,,,regular,2026-09-03T12:40:16.833262
2026-09-03,czwartek,katowice,Gorzkie święta,Cinema City Katowice Punkt 44,18:30,,,regular,2026-09-03T12:40:16.833262
2026-09-03,czwartek,katowice,Gorzkie święta,Cinema City Katowice Punkt 44,21:00,,,regular,2026-09-03T12:40:16.833262
2026-09-03,czwartek,katowice,Gorzkie święta,Cinema City Katowice Silesia,15:20,,,regular,2026-09-03T12:40:16.833262
2026-09-03,czwartek,katowice,Gorzkie święta,Cinema City Katowice Silesia,20:40,,,regular,2026-09-03T12:40:16.833262
2026-09-03,czwartek,katowice,Gorzkie święta,Helios Katowice,18:15,,,regular,2026-09-03T12:40:16.833262
2026-09-03,czwartek,katowice,Gorzkie święta,Helios Katowice,21:15,,,regular,2026-09-03T12:40:16.833262
2026-09-03,czwartek,katowice,Gorzkie święta,Kino Kosmos w Katowicach,18:20,,,regular,2026-09-03T12:40:16.833262
2026-09-03,czwartek,katowice,Gorzkie święta,Kino Studyjne Światowid w Katowicach,12:00,,,regular,2026-09-03T12:40:16.833262
2026-09-03,czwartek,katowice,Gorzkie święta,Kino Studyjne Światowid w Katowicach,20:00,,,regular,2026-09-03T12:40:16.833262
2026-09-03,czwartek,katowice,Gorzkie święta,Kinoteatr Rialto w Katowicach,20:00,,,regular,2026-09-03T12:40:16.833262
2026-09-03,czwartek,katowice,Gorzkie święta,Multikino Katowice,18:45,,,regular,2026-09-03T12:40:16.833262
2026-09-03,czwartek,katowice,Gwiazdozbiór Psa,Cinema City Katowice Punkt 44,11:50,,,regular,2026-09-03T12:40:16.833262
2026-09-03,czwartek,katowice,Gwiazdozbiór Psa,Cinema City Katowice Punkt 44,13:20,,,regular,2026-09-03T12:40:16.833262
2026-09-03,czwartek,katowice,Gwiazdozbiór Psa,Cinema City Katowice Punkt 44,14:30,,,regular,2026-09-03T12:40:16.833262
2026-09-03,czwartek,katowice,Gwiazdozbiór Psa,Cinema City Katowice Punkt 44,17:10,,,regular,2026-09-03T12:40:16.833262
2026-09-03,czwartek,katowice,Gwiazdozbiór Psa,Cinema City Katowice Punkt 44,18:00,,,regular,2026-09-03T12:40:16.833262
2026-09-03,czwartek,katowice,Gwiazdozbiór Psa,Cinema City Katowice Punkt 44,19:50,,,regular,2026-09-03T12:40:16.833262
2026-09-03,czwartek,katowice,Gwiazdozbiór Psa,Cinema City Katowice Punkt 44,20:40,,,regular,2026-09-03T12:40:16.833262
2026-09-03,czwartek,katowice,Gwiazdozbiór Psa,Cinema City Katowice Punkt 44 IMAX,12:30,,,regular,2026-09-03T12:40:16.833262
2026-09-03,czwartek,katowice,Gwiazdozbiór Psa,Cinema City Katowice Punkt 44 IMAX,18:40,,,regular,2026-09-03T12:40:16.833262
2026-09-03,czwartek,katowice,Gwiazdozbiór Psa,Cinema City Katowice Punkt 44 IMAX,21:20,,,regular,2026-09-03T12:40:16.833262
2026-09-03,czwartek,katowice,Gwiazdozbiór Psa,Cinema City Katowice Silesia,11:00,,,regular,2026-09-03T12:40:16.833262
2026-09-03,czwartek,katowice,Gwiazdozbiór Psa,Cinema City Katowice Silesia,13:40,,,regular,2026-09-03T12:40:16.833262
2026-09-03,czwartek,katowice,Gwiazdozbiór Psa,Cinema City Katowice Silesia,16:20,,,regular,2026-09-03T12:40:16.833262
2026-09-03,czwartek,katowice,Gwiazdozbiór Psa,Cinema City Katowice Silesia,18:10,,,regular,2026-09-03T12:40:16.833262
2026-09-03,czwartek,katowice,Gwiazdozbiór Psa,Cinema City Katowice Silesia,19:00,,,regular,2026-09-03T12:40:16.833262
2026-09-03,czwartek,katowice,Gwiazdozbiór Psa,Cinema City Katowice Silesia,20:50,,,regular,2026-09-03T12:40:16.833262
2026-09-03,czwartek,katowice,Gwiazdozbiór Psa,Cinema City Katowice Silesia,21:40,,,regular,2026-09-03T12:40:16.833262
2026-09-03,czwartek,katowice,Gwiazdozbiór Psa,Helios Katowice,12:45,,,regular,2026-09-03T12:40:16.833262
2026-09-03,czwartek,katowice,Gwiazdozbiór Psa,Helios Katowice,15:45,,,regular,2026-09-03T12:40:16.833262
2026-09-03,czwartek,katowice,Gwiazdozbiór Psa,Helios Katowice,18:30,,,regular,2026-09-03T12:40:16.833262
2026-09-03,czwartek,katowice,Gwiazdozbiór Psa,Helios Katowice,20:00,,,regular,2026-09-03T12:40:16.833262
2026-09-03,czwartek,katowice,Gwiazdozbiór Psa,Multikino Katowice,17:30,,,regular,2026-09-03T12:40:16.833262
2026-09-03,czwartek,katowice,Gwiazdozbiór Psa,Multikino Katowice,20:15,,,regular,2026-09-03T12:40:16.833262
2026-09-03,czwartek,katowice,Harry Potter i Insygnia Śmierci cz. 2 (dubbing),Multikino Katowice,17:15,,dubbing,regular,2026-09-03T12:40:16.833262
2026-09-03,czwartek,katowice,Harry Potter i Kamień Filozoficzny (dubbing),Cinema City Katowice Punkt 44,16:40,,dubbing,regular,2026-09-03T12:40:16.833262
2026-09-03,czwartek,katowice,Harry Potter i Kamień Filozoficzny (dubbing),Cinema City Katowice Silesia,17:30,,dubbing,regular,2026-09-03T12:40:16.833262
2026-09-03,czwartek,katowice,Harry Potter i Kamień Filozoficzny (dubbing),Multikino Katowice,14:00,,dubbing,regular,2026-09-03T12:40:16.833262
2026-09-03,czwartek,katowice,Julia Pirotte. Piękno i siła,Kino Studyjne Światowid w Katowicach,17:00,,,regular,2026-09-03T12:40:16.833262
2026-09-03,czwartek,katowice,Koniec Ulicy Dębowej,Cinema City Katowice Punkt 44,17:20,,,regular,2026-09-03T12:40:16.833262
2026-09-03,czwartek,katowice,Koniec Ulicy Dębowej,Cinema City Katowice Punkt 44,22:00,,,regular,2026-09-03T12:40:16.833262
2026-09-03,czwartek,katowice,Koniec Ulicy Dębowej,Cinema City Katowice Silesia,11:50,,,regular,2026-09-03T12:40:16.833262
2026-09-03,czwartek,katowice,Koniec Ulicy Dębowej,Cinema City Katowice Silesia,14:20,,,regular,2026-09-03T12:40:16.833262
2026-09-03,czwartek,katowice,Koniec Ulicy Dębowej,Helios Katowice,11:10,,,regular,2026-09-03T12:40:16.833262
2026-09-03,czwartek,katowice,Koniec Ulicy Dębowej,Helios Katowice,21:30,,,regular,2026-09-03T12:40:16.833262
2026-09-03,czwartek,katowice,Koniec Ulicy Dębowej,Multikino Katowice,21:40,,,regular,2026-09-03T12:40:16.833262
2026-09-03,czwartek,katowice,Księga pustyni,Helios Katowice,10:30,,,regular,2026-09-03T12:40:16.833262
2026-09-03,czwartek,katowice,Księga pustyni,Helios Katowice,16:00,,,regular,2026-09-03T12:40:16.833262
2026-09-03,czwartek,katowice,Księga pustyni,Kino Studyjne Światowid w Katowicach,15:30,,,regular,2026-09-03T12:40:16.833262
2026-09-03,czwartek,katowice,Księga pustyni (dubbing),Cinema City Katowice Punkt 44,11:20,,dubbing,regular,2026-09-03T12:40:16.833262
2026-09-03,czwartek,katowice,Księga pustyni (dubbing),Cinema City Katowice Punkt 44,13:40,,dubbing,regular,2026-09-03T12:40:16.833262
2026-09-03,czwartek,katowice,Księga pustyni (dubbing),Cinema City Katowice Punkt 44,15:10,,dubbing,regular,2026-09-03T12:40:16.833262
2026-09-03,czwartek,katowice,Księga pustyni (dubbing),Cinema City Katowice Silesia,10:00,,dubbing,regular,2026-09-03T12:40:16.833262
2026-09-03,czwartek,katowice,Księga pustyni (dubbing),Cinema City Katowice Silesia,10:50,,dubbing,regular,2026-09-03T12:40:16.833262
2026-09-03,czwartek,katowice,Księga pustyni (dubbing),Cinema City Katowice Silesia,13:10,,dubbing,regular,2026-09-03T12:40:16.833262
2026-09-03,czwartek,katowice,Księga pustyni (dubbing),Multikino Katowice,11:20,,dubbing,regular,2026-09-03T12:40:16.833262
2026-09-03,czwartek,katowice,Księga pustyni (dubbing),Multikino Katowice,13:35,,dubbing,regular,2026-09-03T12:40:16.833262
2026-09-03,czwartek,katowice,Kuźma,Kino Kosmos w Katowicach,15:35,,,regular,2026-09-03T12:40:16.833262
2026-09-03,czwartek,katowice,"Miłość, śmierć i dojrzewanie w Camp Miasma",Kino Kosmos w Katowicach,20:00,,,regular,2026-09-03T12:40:16.833262
2026-09-03,czwartek,katowice,Minionki i straszydła (dubbing),Cinema City Katowice Punkt 44,11:10,,dubbing,regular,2026-09-03T12:40:16.833262
2026-09-03,czwartek,katowice,Minionki i straszydła (dubbing),Cinema City Katowice Punkt 44,13:20,,dubbing,regular,2026-09-03T12:40:16.833262
2026-09-03,czwartek,katowice,Minionki i straszydła (dubbing),Cinema City Katowice Silesia,12:20,,dubbing,regular,2026-09-03T12:40:16.833262
2026-09-03,czwartek,katowice,Minionki i straszydła (dubbing),Cinema City Katowice Silesia,14:30,,dubbing,regular,2026-09-03T12:40:16.833262
2026-09-03,czwartek,katowice,Minionki i straszydła (dubbing),Helios Katowice,10:50,,dubbing,regular,2026-09-03T12:40:16.833262
2026-09-03,czwartek,katowice,Minionki i straszydła (dubbing),Helios Katowice,15:15,,dubbing,regular,2026-09-03T12:40:16.833262
2026-09-03,czwartek,katowice,Minionki i straszydła (dubbing),Multikino Katowice,15:20,,dubbing,regular,2026-09-03T12:40:16.833262
2026-09-03,czwartek,katowice,Naznaczony: Wyjście z mrocznego wymiaru,Cinema City Katowice Punkt 44,16:10,,,regular,2026-09-03T12:40:16.833262
2026-09-03,czwartek,katowice,Naznaczony: Wyjście z mrocznego wymiaru,Cinema City Katowice Punkt 44,18:50,,,regular,2026-09-03T12:40:16.833262
2026-09-03,czwartek,katowice,Naznaczony: Wyjście z mrocznego wymiaru,Cinema City Katowice Punkt 44,21:30,,,regular,2026-09-03T12:40:16.833262
2026-09-03,czwartek,katowice,Naznaczony: Wyjście z mrocznego wymiaru,Cinema City Katowice Silesia,12:00,,,regular,2026-09-03T12:40:16.833262
2026-09-03,czwartek,katowice,Naznaczony: Wyjście z mrocznego wymiaru,Cinema City Katowice Silesia,14:30,,,regular,2026-09-03T12:40:16.833262
2026-09-03,czwartek,katowice,Naznaczony: Wyjście z mrocznego wymiaru,Cinema City Katowice Silesia,17:00,,,regular,2026-09-03T12:40:16.833262
2026-09-03,czwartek,katowice,Naznaczony: Wyjście z mrocznego wymiaru,Cinema City Katowice Silesia,19:30,,,regular,2026-09-03T12:40:16.833262
2026-09-03,czwartek,katowice,Naznaczony: Wyjście z mrocznego wymiaru,Cinema City Katowice Silesia,22:00,,,regular,2026-09-03T12:40:16.833262
2026-09-03,czwartek,katowice,Naznaczony: Wyjście z mrocznego wymiaru,Helios Katowice,16:30,,,regular,2026-09-03T12:40:16.833262
2026-09-03,czwartek,katowice,Naznaczony: Wyjście z mrocznego wymiaru,Helios Katowice,17:30,,,regular,2026-09-03T12:40:16.833262
2026-09-03,czwartek,katowice,Naznaczony: Wyjście z mrocznego wymiaru,Helios Katowice,20:40,,,regular,2026-09-03T12:40:16.833262
2026-09-03,czwartek,katowice,Naznaczony: Wyjście z mrocznego wymiaru,Multikino Katowice,15:55,,,regular,2026-09-03T12:40:16.833262
2026-09-03,czwartek,katowice,Naznaczony: Wyjście z mrocznego wymiaru,Multikino Katowice,18:20,,,regular,2026-09-03T12:40:16.833262
2026-09-03,czwartek,katowice,Naznaczony: Wyjście z mrocznego wymiaru,Multikino Katowice,20:45,,,regular,2026-09-03T12:40:16.833262
2026-09-03,czwartek,katowice,Nie patrz w dół 2,Cinema City Katowice Punkt 44,19:50,,,regular,2026-09-03T12:40:16.833262
2026-09-03,czwartek,katowice,Nie patrz w dół 2,Cinema City Katowice Silesia,17:40,,,regular,2026-09-03T12:40:16.833262
2026-09-03,czwartek,katowice,Nie patrz w dół 2,Multikino Katowice,20:35,,,regular,2026-09-03T12:40:16.833262
2026-09-03,czwartek,katowice,Nowa fala,Kino Kosmos w Katowicach,16:20,,,regular,2026-09-03T12:40:16.833262
2026-09-03,czwartek,katowice,Nowa fala,Kino Studyjne Światowid w Katowicach,14:00,,,regular,2026-09-03T12:40:16.833262
2026-09-03,czwartek,katowice,Nowa fala,Multikino Katowice,20:00,,,regular,2026-09-03T12:40:16.833262
2026-09-03,czwartek,katowice,O czym sobie nie mówimy,Kino Studyjne Światowid w Katowicach,16:00,,,regular,2026-09-03T12:40:16.833262
2026-09-03,czwartek,katowice,O czym wie Marielle,Kino Studyjne Światowid w Katowicach,20:30,,,regular,2026-09-03T12:40:16.833262
2026-09-03,czwartek,katowice,Odyseja,Cinema City Katowice Punkt 44,11:00,,,regular,2026-09-03T12:40:16.833262
2026-09-03,czwartek,katowice,Odyseja,Cinema City Katowice Punkt 44,14:30,,,regular,2026-09-03T12:40:16.833262
2026-09-03,czwartek,katowice,Odyseja,Cinema City Katowice Punkt 44,20:00,,,regular,2026-09-03T12:40:16.833262
2026-09-03,czwartek,katowice,Odyseja,Cinema City Katowice Punkt 44 IMAX,15:10,,,regular,2026-09-03T12:40:16.833262
2026-09-03,czwartek,katowice,Odyseja,Cinema City Katowice Silesia,10:40,,,regular,2026-09-03T12:40:16.833262
2026-09-03,czwartek,katowice,Odyseja,Cinema City Katowice Silesia,14:20,,,regular,2026-09-03T12:40:16.833262
2026-09-03,czwartek,katowice,Odyseja,Cinema City Katowice Silesia,18:00,,,regular,2026-09-03T12:40:16.833262
2026-09-03,czwartek,katowice,Odyseja,Cinema City Katowice Silesia,21:40,,,regular,2026-09-03T12:40:16.833262
2026-09-03,czwartek,katowice,Odyseja,Helios Katowice,11:40,,,regular,2026-09-03T12:40:16.833262
2026-09-03,czwartek,katowice,Odyseja,Helios Katowice,13:15,,,regular,2026-09-03T12:40:16.833262
2026-09-03,czwartek,katowice,Odyseja,Helios Katowice,16:45,,,regular,2026-09-03T12:40:16.833262
2026-09-03,czwartek,katowice,Odyseja,Helios Katowice,19:30,,,regular,2026-09-03T12:40:16.833262
2026-09-03,czwartek,katowice,Odyseja,Multikino Katowice,16:00,,,regular,2026-09-03T12:40:16.833262
2026-09-03,czwartek,katowice,Odyseja,Multikino Katowice,17:10,,,regular,2026-09-03T12:40:16.833262
2026-09-03,czwartek,katowice,Odyseja,Multikino Katowice,19:35,,,regular,2026-09-03T12:40:16.833262
2026-09-03,czwartek,katowice,Odyseja / Одіссея (ukr.),Multikino Katowice,10:25,,,regular,2026-09-03T12:40:16.833262
2026-09-03,czwartek,katowice,Odzyskany,Cinema City Katowice Silesia,16:40,,,regular,2026-09-03T12:40:16.833262
2026-09-03,czwartek,katowice,Ostrze przeznaczenia,Cinema City Katowice Silesia,18:00,,,regular,2026-09-03T12:40:16.833262
2026-09-03,czwartek,katowice,Ostrze przeznaczenia,Multikino Katowice,21:00,,,regular,2026-09-03T12:40:16.833262
2026-09-03,czwartek,katowice,Psi Patrol i dinozaury,Helios Katowice,10:00,,,regular,2026-09-03T12:40:16.833262
2026-09-03,czwartek,katowice,Psi Patrol i dinozaury,Helios Katowice,12:10,,,regular,2026-09-03T12:40:16.833262
2026-09-03,czwartek,katowice,Psi Patrol i dinozaury,Helios Katowice,13:50,,,regular,2026-09-03T12:40:16.833262
2026-09-03,czwartek,katowice,Psi Patrol i dinozaury,Helios Katowice,15:30,,,regular,2026-09-03T12:40:16.833262
2026-09-03,czwartek,katowice,Psi Patrol i dinozaury (dubbing),Cinema City Katowice Punkt 44,12:20,,dubbing,regular,2026-09-03T12:40:16.833262
2026-09-03,czwartek,katowice,Psi Patrol i dinozaury (dubbing),Cinema City Katowice Punkt 44,14:30,,dubbing,regular,2026-09-03T12:40:16.833262
2026-09-03,czwartek,katowice,Psi Patrol i dinozaury (dubbing),Cinema City Katowice Silesia,10:30,,dubbing,regular,2026-09-03T12:40:16.833262
2026-09-03,czwartek,katowice,Psi Patrol i dinozaury (dubbing),Cinema City Katowice Silesia,12:40,,dubbing,regular,2026-09-03T12:40:16.833262
2026-09-03,czwartek,katowice,Psi Patrol i dinozaury (dubbing),Cinema City Katowice Silesia,14:50,,dubbing,regular,2026-09-03T12:40:16.833262
2026-09-03,czwartek,katowice,Psi Patrol i dinozaury (dubbing),Cinema City Katowice Silesia,17:10,,dubbing,regular,2026-09-03T12:40:16.833262
2026-09-03,czwartek,katowice,Psi Patrol i dinozaury (dubbing),Multikino Katowice,10:00,,dubbing,regular,2026-09-03T12:40:16.833262
2026-09-03,czwartek,katowice,Psi Patrol i dinozaury (dubbing),Multikino Katowice,11:00,,dubbing,regular,2026-09-03T12:40:16.833262
2026-09-03,czwartek,katowice,Psi Patrol i dinozaury (dubbing),Multikino Katowice,12:10,,dubbing,regular,2026-09-03T12:40:16.833262
2026-09-03,czwartek,katowice,Psi Patrol i dinozaury (dubbing),Multikino Katowice,14:20,,dubbing,regular,2026-09-03T12:40:16.833262
2026-09-03,czwartek,katowice,Psi Patrol i dinozaury (dubbing),Multikino Katowice,16:30,,dubbing,regular,2026-09-03T12:40:16.833262
2026-09-03,czwartek,katowice,Pucio kocha zwierzaki,Cinema City Katowice Punkt 44,11:40,,,regular,2026-09-03T12:40:16.833262
2026-09-03,czwartek,katowice,Pucio kocha zwierzaki,Cinema City Katowice Punkt 44,13:10,,,regular,2026-09-03T12:40:16.833262
2026-09-03,czwartek,katowice,Pucio kocha zwierzaki,Cinema City Katowice Punkt 44,14:40,,,regular,2026-09-03T12:40:16.833262
2026-09-03,czwartek,katowice,Pucio kocha zwierzaki,Cinema City Katowice Punkt 44,16:10,,,regular,2026-09-03T12:40:16.833262
2026-09-03,czwartek,katowice,Pucio kocha zwierzaki,Cinema City Katowice Silesia,10:00,,,regular,2026-09-03T12:40:16.833262
2026-09-03,czwartek,katowice,Pucio kocha zwierzaki,Cinema City Katowice Silesia,11:30,,,regular,2026-09-03T12:40:16.833262
2026-09-03,czwartek,katowice,Pucio kocha zwierzaki,Cinema City Katowice Silesia,12:10,,,regular,2026-09-03T12:40:16.833262
2026-09-03,czwartek,katowice,Pucio kocha zwierzaki,Cinema City Katowice Silesia,13:40,,,regular,2026-09-03T12:40:16.833262
2026-09-03,czwartek,katowice,Pucio kocha zwierzaki,Cinema City Katowice Silesia,15:10,,,regular,2026-09-03T12:40:16.833262
2026-09-03,czwartek,katowice,Pucio kocha zwierzaki,Helios Katowice,10:10,,,regular,2026-09-03T12:40:16.833262
2026-09-03,czwartek,katowice,Pucio kocha zwierzaki,Helios Katowice,11:00,,,regular,2026-09-03T12:40:16.833262
2026-09-03,czwartek,katowice,Pucio kocha zwierzaki,Helios Katowice,12:30,,,regular,2026-09-03T12:40:16.833262
2026-09-03,czwartek,katowice,Pucio kocha zwierzaki,Helios Katowice,14:20,,,regular,2026-09-03T12:40:16.833262
2026-09-03,czwartek,katowice,Pucio kocha zwierzaki,Kino Studyjne Światowid w Katowicach,12:30,,,regular,2026-09-03T12:40:16.833262
2026-09-03,czwartek,katowice,Pucio kocha zwierzaki,Multikino Katowice,10:30,,,regular,2026-09-03T12:40:16.833262
2026-09-03,czwartek,katowice,Pucio kocha zwierzaki,Multikino Katowice,11:45,,,regular,2026-09-03T12:40:16.833262
2026-09-03,czwartek,katowice,Pucio kocha zwierzaki,Multikino Katowice,13:00,,,regular,2026-09-03T12:40:16.833262
2026-09-03,czwartek,katowice,Pucio kocha zwierzaki,Multikino Katowice,14:20,,,regular,2026-09-03T12:40:16.833262
2026-09-03,czwartek,katowice,Spider-Man. Całkiem nowy dzień,Cinema City Katowice Punkt 44,16:30,,,regular,2026-09-03T12:40:16.833262
2026-09-03,czwartek,katowice,Spider-Man. Całkiem nowy dzień,Cinema City Katowice Punkt 44,19:40,,,regular,2026-09-03T12:40:16.833262
2026-09-03,czwartek,katowice,Spider-Man. Całkiem nowy dzień,Cinema City Katowice Punkt 44,21:40,,,regular,2026-09-03T12:40:16.833262
2026-09-03,czwartek,katowice,Spider-Man. Całkiem nowy dzień,Cinema City Katowice Silesia,11:00,,,regular,2026-09-03T12:40:16.833262
2026-09-03,czwartek,katowice,Spider-Man. Całkiem nowy dzień,Cinema City Katowice Silesia,14:10,,,regular,2026-09-03T12:40:16.833262
2026-09-03,czwartek,katowice,Spider-Man. Całkiem nowy dzień,Cinema City Katowice Silesia,20:00,,,regular,2026-09-03T12:40:16.833262
2026-09-03,czwartek,katowice,Spider-Man. Całkiem nowy dzień,Cinema City Katowice Silesia,20:50,,,regular,2026-09-03T12:40:16.833262
2026-09-03,czwartek,katowice,Spider-Man. Całkiem nowy dzień,Helios Katowice,10:40,,,regular,2026-09-03T12:40:16.833262
2026-09-03,czwartek,katowice,Spider-Man. Całkiem nowy dzień,Helios Katowice,11:30,,,regular,2026-09-03T12:40:16.833262
2026-09-03,czwartek,katowice,Spider-Man. Całkiem nowy dzień,Helios Katowice,13:30,,,regular,2026-09-03T12:40:16.833262
2026-09-03,czwartek,katowice,Spider-Man. Całkiem nowy dzień,Helios Katowice,14:45,,,regular,2026-09-03T12:40:16.833262
2026-09-03,czwartek,katowice,Spider-Man. Całkiem nowy dzień,Helios Katowice,17:45,,,regular,2026-09-03T12:40:16.833262
2026-09-03,czwartek,katowice,Spider-Man. Całkiem nowy dzień,Helios Katowice,20:20,,,regular,2026-09-03T12:40:16.833262
2026-09-03,czwartek,katowice,Spider-Man. Całkiem nowy dzień,Helios Katowice,21:00,,,regular,2026-09-03T12:40:16.833262
2026-09-03,czwartek,katowice,Spider-Man. Całkiem nowy dzień,Multikino Katowice,10:00,,,regular,2026-09-03T12:40:16.833262
2026-09-03,czwartek,katowice,Spider-Man. Całkiem nowy dzień,Multikino Katowice,13:15,,,regular,2026-09-03T12:40:16.833262
2026-09-03,czwartek,katowice,Spider-Man. Całkiem nowy dzień,Multikino Katowice,16:30,,,regular,2026-09-03T12:40:16.833262
2026-09-03,czwartek,katowice,Spider-Man. Całkiem nowy dzień,Multikino Katowice,18:30,,,regular,2026-09-03T12:40:16.833262
2026-09-03,czwartek,katowice,Spider-Man. Całkiem nowy dzień,Multikino Katowice,19:45,,,regular,2026-09-03T12:40:16.833262
2026-09-03,czwartek,katowice,Spider-Man. Całkiem nowy dzień (dubbing),Cinema City Katowice Punkt 44,12:10,,dubbing,regular,2026-09-03T12:40:16.833262
2026-09-03,czwartek,katowice,Spider-Man. Całkiem nowy dzień (dubbing),Cinema City Katowice Punkt 44,15:20,,dubbing,regular,2026-09-03T12:40:16.833262
2026-09-03,czwartek,katowice,Spider-Man. Całkiem nowy dzień (dubbing),Cinema City Katowice Punkt 44,18:30,,dubbing,regular,2026-09-03T12:40:16.833262
2026-09-03,czwartek,katowice,Spider-Man. Całkiem nowy dzień (dubbing),Cinema City Katowice Silesia,12:40,,dubbing,regular,2026-09-03T12:40:16.833262
2026-09-03,czwartek,katowice,Spider-Man. Całkiem nowy dzień (dubbing),Cinema City Katowice Silesia,15:50,,dubbing,regular,2026-09-03T12:40:16.833262
2026-09-03,czwartek,katowice,Spider-Man. Całkiem nowy dzień (dubbing),Cinema City Katowice Silesia,17:20,,dubbing,regular,2026-09-03T12:40:16.833262
2026-09-03,czwartek,katowice,Spider-Man. Całkiem nowy dzień (dubbing),Cinema City Katowice Silesia,19:00,,dubbing,regular,2026-09-03T12:40:16.833262
2026-09-03,czwartek,katowice,Spider-Man. Całkiem nowy dzień (dubbing),Cinema City Katowice Silesia,20:30,,dubbing,regular,2026-09-03T12:40:16.833262
2026-09-03,czwartek,katowice,Spider-Man. Całkiem nowy dzień (dubbing),Multikino Katowice,10:50,,dubbing,regular,2026-09-03T12:40:16.833262
2026-09-03,czwartek,katowice,Spider-Man. Całkiem nowy dzień (dubbing),Multikino Katowice,14:05,,dubbing,regular,2026-09-03T12:40:16.833262
2026-09-03,czwartek,katowice,Spider-Man. Całkiem nowy dzień (dubbing),Multikino Katowice,17:20,,dubbing,regular,2026-09-03T12:40:16.833262
2026-09-03,czwartek,katowice,Spider-Man. Całkiem nowy dzień 3D (dubbing),Cinema City Katowice Punkt 44,17:40,3D,dubbing,regular,2026-09-03T12:40:16.833262
2026-09-03,czwartek,katowice,Spider-Man. Całkiem nowy dzień 3D (dubbing),Cinema City Katowice Silesia,15:00,3D,dubbing,regular,2026-09-03T12:40:16.833262
2026-09-03,czwartek,katowice,Spider-Man. Całkiem nowy dzień 3D (dubbing),Multikino Katowice,15:15,3D,dubbing,regular,2026-09-03T12:40:16.833262
2026-09-03,czwartek,katowice,Straszny film,Cinema City Katowice Silesia,22:10,,,regular,2026-09-03T12:40:16.833262
2026-09-03,czwartek,katowice,Sunny Dancer,Cinema City Katowice Punkt 44,14:50,,,regular,2026-09-03T12:40:16.833262
2026-09-03,czwartek,katowice,Sunny Dancer,Cinema City Katowice Punkt 44,17:20,,,regular,2026-09-03T12:40:16.833262
2026-09-03,czwartek,katowice,Sunny Dancer,Cinema City Katowice Punkt 44,19:50,,,regular,2026-09-03T12:40:16.833262
2026-09-03,czwartek,katowice,Sunny Dancer,Cinema City Katowice Silesia,18:50,,,regular,2026-09-03T12:40:16.833262
2026-09-03,czwartek,katowice,Sunny Dancer,Cinema City Katowice Silesia,21:20,,,regular,2026-09-03T12:40:16.833262
2026-09-03,czwartek,katowice,Sunny Dancer,Kino Kosmos w Katowicach,20:30,,,regular,2026-09-03T12:40:16.833262
2026-09-03,czwartek,katowice,Terminator 2: Dzień sądu,Cinema City Katowice Punkt 44,15:30,,,regular,2026-09-03T12:40:16.833262
2026-09-03,czwartek,katowice,Terminator 2: Dzień sądu,Cinema City Katowice Punkt 44,18:30,,,regular,2026-09-03T12:40:16.833262
2026-09-03,czwartek,katowice,Terminator 2: Dzień sądu,Cinema City Katowice Punkt 44,21:30,,,regular,2026-09-03T12:40:16.833262
2026-09-03,czwartek,katowice,Terminator 2: Dzień sądu,Cinema City Katowice Silesia,17:00,,,regular,2026-09-03T12:40:16.833262
2026-09-03,czwartek,katowice,Terminator 2: Dzień sądu,Cinema City Katowice Silesia,20:00,,,regular,2026-09-03T12:40:16.833262
2026-09-03,czwartek,katowice,Terminator 2: Dzień sądu,Helios Katowice,18:00,,,regular,2026-09-03T12:40:16.833262
2026-09-03,czwartek,katowice,Terminator 2: Dzień sądu,Multikino Katowice,13:10,,,regular,2026-09-03T12:40:16.833262
2026-09-03,czwartek,katowice,Terminator 2: Dzień sądu,Multikino Katowice,21:20,,,regular,2026-09-03T12:40:16.833262
2026-09-03,czwartek,katowice,Toy Story 5 (dubbing),Cinema City Katowice Punkt 44,12:50,,dubbing,regular,2026-09-03T12:40:16.833262
2026-09-03,czwartek,katowice,Toy Story 5 (dubbing),Cinema City Katowice Silesia,10:10,,dubbing,regular,2026-09-03T12:40:16.833262
2026-09-03,czwartek,katowice,Toy Story 5 (dubbing),Cinema City Katowice Silesia,12:30,,dubbing,regular,2026-09-03T12:40:16.833262
2026-09-03,czwartek,katowice,Toy Story 5 (dubbing),Cinema City Katowice Silesia,15:00,,dubbing,regular,2026-09-03T12:40:16.833262
2026-09-03,czwartek,katowice,Tylko jedna noc,Cinema City Katowice Punkt 44,15:50,,,regular,2026-09-03T12:40:16.833262
2026-09-03,czwartek,katowice,Tylko jedna noc,Cinema City Katowice Punkt 44,20:00,,,regular,2026-09-03T12:40:16.833262
2026-09-03,czwartek,katowice,Tylko jedna noc,Cinema City Katowice Silesia,16:30,,,regular,2026-09-03T12:40:16.833262
2026-09-03,czwartek,katowice,Vaiana (dubbing),Cinema City Katowice Silesia,10:00,,dubbing,regular,2026-09-03T12:40:16.833262
2026-09-03,czwartek,katowice,Vivaldi i ja,Cinema City Katowice Silesia,12:30,,,regular,2026-09-03T12:40:16.833262
2026-09-03,czwartek,katowice,Vivaldi i ja,Kinoteatr Rialto w Katowicach,17:30,,,regular,2026-09-03T12:40:16.833262
2026-09-03,czwartek,katowice,Wrong Girls,Cinema City Katowice Punkt 44,11:30,,,regular,2026-09-03T12:40:16.833262
2026-09-03,czwartek,katowice,Wrong Girls,Cinema City Katowice Silesia,10:10,,,regular,2026-09-03T12:40:16.833262
2026-09-03,czwartek,katowice,Wrong Girls,Cinema City Katowice Silesia,21:30,,,regular,2026-09-03T12:40:16.833262
2026-09-03,czwartek,katowice,Wrong Girls,Kino Kosmos w Katowicach,18:05,,,regular,2026-09-03T12:40:16.833262
2026-09-03,czwartek,katowice,Wszyscy moi wrogowie,Cinema City Katowice Punkt 44,11:50,,,regular,2026-09-03T12:40:16.833262
2026-09-03,czwartek,katowice,Zaproszenie,Kinoteatr Rialto w Katowicach,15:15,,,regular,2026-09-03T12:40:16.833262
2026-09-03,czwartek,katowice,Zróbmy sobie przerwę,Helios Katowice,19:00,,,regular,2026-09-03T12:40:16.833262
2026-09-03,czwartek,katowice,Zróbmy sobie przerwę,Kino Studyjne Światowid w Katowicach,13:30,,,regular,2026-09-03T12:40:16.833262
2026-09-03,czwartek,katowice,Zróbmy sobie przerwę,Kino Studyjne Światowid w Katowicach,18:30,,,regular,2026-09-03T12:40:16.833262
2026-09-03,czwartek,katowice,АСТРАЛ: ЗА МЕЖАМИ ПОТОЙБІЧЧЯ / Naznaczony: Wyjście z mrocznego wymiaru (ukr.),Multikino Katowice,17:55,,,regular,2026-09-03T12:40:16.833262
2026-09-03,czwartek,katowice,Людина-павук: Абсолютно новий день / Spider-Man. Całkiem nowy dzień (ukr.),Multikino Katowice,10:40,,,regular,2026-09-03T12:40:16.833262
2026-09-03,czwartek,katowice,Людина-павук: Абсолютно новий день / Spider-Man. Całkiem nowy dzień (ukr.),Multikino Katowice,13:55,,,regular,2026-09-03T12:40:16.833262
2026-09-03,czwartek,białystok,Buntownik,Helios Białystok Alfa,15:40,,,regular,2026-09-03T12:40:19.233680
2026-09-03,czwartek,białystok,Buntownik,Helios Białystok Alfa,20:40,,,regular,2026-09-03T12:40:19.233680
2026-09-03,czwartek,białystok,Buntownik,Helios Białystok Atrium Biała,16:40,,,regular,2026-09-03T12:40:19.233680
2026-09-03,czwartek,białystok,Buntownik,Helios Białystok Atrium Biała,20:50,,,regular,2026-09-03T12:40:19.233680
2026-09-03,czwartek,białystok,Buntownik,Helios Białystok Jurowiecka,16:15,,,regular,2026-09-03T12:40:19.233680
2026-09-03,czwartek,białystok,Buntownik,Helios Białystok Jurowiecka,20:00,,,regular,2026-09-03T12:40:19.233680
2026-09-03,czwartek,białystok,Gorzkie święta,Helios Białystok Alfa,14:30,,,regular,2026-09-03T12:40:19.233680
2026-09-03,czwartek,białystok,Gorzkie święta,Helios Białystok Alfa,19:30,,,regular,2026-09-03T12:40:19.233680
2026-09-03,czwartek,białystok,Gorzkie święta,Kino Forum - Białostocki Ośrodek Kultury,14:15,,,regular,2026-09-03T12:40:19.233680
2026-09-03,czwartek,białystok,Gorzkie święta,Kino Forum - Białostocki Ośrodek Kultury,20:30,,,regular,2026-09-03T12:40:19.233680
2026-09-03,czwartek,białystok,Gwiazdozbiór Psa,Helios Białystok Alfa,12:50,,,regular,2026-09-03T12:40:19.233680
2026-09-03,czwartek,białystok,Gwiazdozbiór Psa,Helios Białystok Alfa,15:30,,,regular,2026-09-03T12:40:19.233680
2026-09-03,czwartek,białystok,Gwiazdozbiór Psa,Helios Białystok Alfa,17:30,,,regular,2026-09-03T12:40:19.233680
2026-09-03,czwartek,białystok,Gwiazdozbiór Psa,Helios Białystok Alfa,19:00,,,regular,2026-09-03T12:40:19.233680
2026-09-03,czwartek,białystok,Gwiazdozbiór Psa,Helios Białystok Alfa,21:00,,,regular,2026-09-03T12:40:19.233680
2026-09-03,czwartek,białystok,Gwiazdozbiór Psa,Helios Białystok Atrium Biała,12:10,,,regular,2026-09-03T12:40:19.233680
2026-09-03,czwartek,białystok,Gwiazdozbiór Psa,Helios Białystok Atrium Biała,15:45,,,regular,2026-09-03T12:40:19.233680
2026-09-03,czwartek,białystok,Gwiazdozbiór Psa,Helios Białystok Atrium Biała,18:30,,,regular,2026-09-03T12:40:19.233680
2026-09-03,czwartek,białystok,Gwiazdozbiór Psa,Helios Białystok Atrium Biała,21:15,,,regular,2026-09-03T12:40:19.233680
2026-09-03,czwartek,białystok,Gwiazdozbiór Psa,Helios Białystok Jurowiecka,14:10,,,regular,2026-09-03T12:40:19.233680
2026-09-03,czwartek,białystok,Gwiazdozbiór Psa,Helios Białystok Jurowiecka,17:00,,,regular,2026-09-03T12:40:19.233680
2026-09-03,czwartek,białystok,Gwiazdozbiór Psa,Helios Białystok Jurowiecka,19:45,,,regular,2026-09-03T12:40:19.233680
2026-09-03,czwartek,białystok,Koniec Ulicy Dębowej,Helios Białystok Alfa,20:50,,,regular,2026-09-03T12:40:19.233680
2026-09-03,czwartek,białystok,Koniec Ulicy Dębowej,Helios Białystok Atrium Biała,11:10,,,regular,2026-09-03T12:40:19.233680
2026-09-03,czwartek,białystok,Koniec Ulicy Dębowej,Helios Białystok Atrium Biała,20:00,,,regular,2026-09-03T12:40:19.233680
2026-09-03,czwartek,białystok,Księga pustyni,Helios Białystok Alfa,11:10,,,regular,2026-09-03T12:40:19.233680
2026-09-03,czwartek,białystok,Księga pustyni,Helios Białystok Alfa,15:00,,,regular,2026-09-03T12:40:19.233680
2026-09-03,czwartek,białystok,Księga pustyni,Helios Białystok Atrium Biała,12:45,,,regular,2026-09-03T12:40:19.233680
2026-09-03,czwartek,białystok,Księga pustyni,Helios Białystok Atrium Biała,15:00,,,regular,2026-09-03T12:40:19.233680
2026-09-03,czwartek,białystok,Księga pustyni,Helios Białystok Atrium Biała,17:15,,,regular,2026-09-03T12:40:19.233680
2026-09-03,czwartek,białystok,Księga pustyni,Helios Białystok Jurowiecka,11:30,,,regular,2026-09-03T12:40:19.233680
2026-09-03,czwartek,białystok,Księga pustyni,Helios Białystok Jurowiecka,16:45,,,regular,2026-09-03T12:40:19.233680
2026-09-03,czwartek,białystok,Minionki i straszydła (dubbing),Helios Białystok Alfa,12:10,,dubbing,regular,2026-09-03T12:40:19.233680
2026-09-03,czwartek,białystok,Minionki i straszydła (dubbing),Helios Białystok Alfa,13:30,,dubbing,regular,2026-09-03T12:40:19.233680
2026-09-03,czwartek,białystok,Naznaczony: Wyjście z mrocznego wymiaru,Helios Białystok Alfa,16:00,,,regular,2026-09-03T12:40:19.233680
2026-09-03,czwartek,białystok,Naznaczony: Wyjście z mrocznego wymiaru,Helios Białystok Alfa,18:30,,,regular,2026-09-03T12:40:19.233680
2026-09-03,czwartek,białystok,Naznaczony: Wyjście z mrocznego wymiaru,Helios Białystok Alfa,21:45,,,regular,2026-09-03T12:40:19.233680
2026-09-03,czwartek,białystok,Naznaczony: Wyjście z mrocznego wymiaru,Helios Białystok Atrium Biała,13:00,,,regular,2026-09-03T12:40:19.233680
2026-09-03,czwartek,białystok,Naznaczony: Wyjście z mrocznego wymiaru,Helios Białystok Atrium Biała,19:00,,,regular,2026-09-03T12:40:19.233680
2026-09-03,czwartek,białystok,Naznaczony: Wyjście z mrocznego wymiaru,Helios Białystok Atrium Biała,21:30,,,regular,2026-09-03T12:40:19.233680
2026-09-03,czwartek,białystok,Naznaczony: Wyjście z mrocznego wymiaru,Helios Białystok Jurowiecka,12:15,,,regular,2026-09-03T12:40:19.233680
2026-09-03,czwartek,białystok,Naznaczony: Wyjście z mrocznego wymiaru,Helios Białystok Jurowiecka,19:30,,,regular,2026-09-03T12:40:19.233680
2026-09-03,czwartek,białystok,Naznaczony: Wyjście z mrocznego wymiaru,Helios Białystok Jurowiecka,21:00,,,regular,2026-09-03T12:40:19.233680
2026-09-03,czwartek,białystok,Odyseja,Helios Białystok Alfa,12:00,,,regular,2026-09-03T12:40:19.233680
2026-09-03,czwartek,białystok,Odyseja,Helios Białystok Alfa,17:00,,,regular,2026-09-03T12:40:19.233680
2026-09-03,czwartek,białystok,Odyseja,Helios Białystok Alfa,20:15,,,regular,2026-09-03T12:40:19.233680
2026-09-03,czwartek,białystok,Odyseja,Helios Białystok Atrium Biała,11:50,,,regular,2026-09-03T12:40:19.233680
2026-09-03,czwartek,białystok,Odyseja,Helios Białystok Atrium Biała,13:50,,,regular,2026-09-03T12:40:19.233680
2026-09-03,czwartek,białystok,Odyseja,Helios Białystok Atrium Biała,17:30,,,regular,2026-09-03T12:40:19.233680
2026-09-03,czwartek,białystok,Odyseja,Helios Białystok Atrium Biała,19:30,,,regular,2026-09-03T12:40:19.233680
2026-09-03,czwartek,białystok,Odyseja,Helios Białystok Jurowiecka,12:00,,,regular,2026-09-03T12:40:19.233680
2026-09-03,czwartek,białystok,Odyseja,Helios Białystok Jurowiecka,15:45,,,regular,2026-09-03T12:40:19.233680
2026-09-03,czwartek,białystok,Odyseja,Helios Białystok Jurowiecka,19:00,,,regular,2026-09-03T12:40:19.233680
2026-09-03,czwartek,białystok,Psi Patrol i dinozaury,Helios Białystok Alfa,11:20,,,regular,2026-09-03T12:40:19.233680
2026-09-03,czwartek,białystok,Psi Patrol i dinozaury,Helios Białystok Alfa,13:45,,,regular,2026-09-03T12:40:19.233680
2026-09-03,czwartek,białystok,Psi Patrol i dinozaury,Helios Białystok Alfa,17:15,,,regular,2026-09-03T12:40:19.233680
2026-09-03,czwartek,białystok,Psi Patrol i dinozaury,Helios Białystok Atrium Biała,11:20,,,regular,2026-09-03T12:40:19.233680
2026-09-03,czwartek,białystok,Psi Patrol i dinozaury,Helios Białystok Atrium Biała,13:30,,,regular,2026-09-03T12:40:19.233680
2026-09-03,czwartek,białystok,Psi Patrol i dinozaury,Helios Białystok Atrium Biała,15:30,,,regular,2026-09-03T12:40:19.233680
2026-09-03,czwartek,białystok,Psi Patrol i dinozaury,Helios Białystok Atrium Biała,17:45,,,regular,2026-09-03T12:40:19.233680
2026-09-03,czwartek,białystok,Psi Patrol i dinozaury,Helios Białystok Jurowiecka,11:00,,,regular,2026-09-03T12:40:19.233680
2026-09-03,czwartek,białystok,Psi Patrol i dinozaury,Helios Białystok Jurowiecka,13:15,,,regular,2026-09-03T12:40:19.233680
2026-09-03,czwartek,białystok,Psi Patrol i dinozaury,Helios Białystok Jurowiecka,15:30,,,regular,2026-09-03T12:40:19.233680
2026-09-03,czwartek,białystok,Psi Patrol i dinozaury,Helios Białystok Jurowiecka,17:45,,,regular,2026-09-03T12:40:19.233680
2026-09-03,czwartek,białystok,Pucio kocha zwierzaki,Helios Białystok Alfa,11:00,,,regular,2026-09-03T12:40:19.233680
2026-09-03,czwartek,białystok,Pucio kocha zwierzaki,Helios Białystok Alfa,12:20,,,regular,2026-09-03T12:40:19.233680
2026-09-03,czwartek,białystok,Pucio kocha zwierzaki,Helios Białystok Alfa,13:20,,,regular,2026-09-03T12:40:19.233680
2026-09-03,czwartek,białystok,Pucio kocha zwierzaki,Helios Białystok Atrium Biała,11:40,,,regular,2026-09-03T12:40:19.233680
2026-09-03,czwartek,białystok,Pucio kocha zwierzaki,Helios Białystok Atrium Biała,15:20,,,regular,2026-09-03T12:40:19.233680
2026-09-03,czwartek,białystok,Pucio kocha zwierzaki,Helios Białystok Atrium Biała,16:50,,,regular,2026-09-03T12:40:19.233680
2026-09-03,czwartek,białystok,Pucio kocha zwierzaki,Helios Białystok Jurowiecka,11:10,,,regular,2026-09-03T12:40:19.233680
2026-09-03,czwartek,białystok,Pucio kocha zwierzaki,Helios Białystok Jurowiecka,14:40,,,regular,2026-09-03T12:40:19.233680
2026-09-03,czwartek,białystok,Spider-Man. Całkiem nowy dzień,Helios Białystok Alfa,11:00,,,regular,2026-09-03T12:40:19.233680
2026-09-03,czwartek,białystok,Spider-Man. Całkiem nowy dzień,Helios Białystok Alfa,14:15,,,regular,2026-09-03T12:40:19.233680
2026-09-03,czwartek,białystok,Spider-Man. Całkiem nowy dzień,Helios Białystok Alfa,15:50,,,regular,2026-09-03T12:40:19.233680
2026-09-03,czwartek,białystok,Spider-Man. Całkiem nowy dzień,Helios Białystok Alfa,18:15,,,regular,2026-09-03T12:40:19.233680
2026-09-03,czwartek,białystok,Spider-Man. Całkiem nowy dzień,Helios Białystok Alfa,21:20,,,regular,2026-09-03T12:40:19.233680
2026-09-03,czwartek,białystok,Spider-Man. Całkiem nowy dzień,Helios Białystok Atrium Biała,11:00,,,regular,2026-09-03T12:40:19.233680
2026-09-03,czwartek,białystok,Spider-Man. Całkiem nowy dzień,Helios Białystok Atrium Biała,13:40,,,regular,2026-09-03T12:40:19.233680
2026-09-03,czwartek,białystok,Spider-Man. Całkiem nowy dzień,Helios Białystok Atrium Biała,14:45,,,regular,2026-09-03T12:40:19.233680
2026-09-03,czwartek,białystok,Spider-Man. Całkiem nowy dzień,Helios Białystok Atrium Biała,17:00,,,regular,2026-09-03T12:40:19.233680
2026-09-03,czwartek,białystok,Spider-Man. Całkiem nowy dzień,Helios Białystok Atrium Biała,20:15,,,regular,2026-09-03T12:40:19.233680
2026-09-03,czwartek,białystok,Spider-Man. Całkiem nowy dzień,Helios Białystok Atrium Biała,21:00,,,regular,2026-09-03T12:40:19.233680
2026-09-03,czwartek,białystok,Spider-Man. Całkiem nowy dzień,Helios Białystok Jurowiecka,11:00,,,regular,2026-09-03T12:40:19.233680
2026-09-03,czwartek,białystok,Spider-Man. Całkiem nowy dzień,Helios Białystok Jurowiecka,13:45,,,regular,2026-09-03T12:40:19.233680
2026-09-03,czwartek,białystok,Spider-Man. Całkiem nowy dzień,Helios Białystok Jurowiecka,14:50,,,regular,2026-09-03T12:40:19.233680
2026-09-03,czwartek,białystok,Spider-Man. Całkiem nowy dzień,Helios Białystok Jurowiecka,18:00,,,regular,2026-09-03T12:40:19.233680
2026-09-03,czwartek,białystok,Spider-Man. Całkiem nowy dzień,Helios Białystok Jurowiecka,21:15,,,regular,2026-09-03T12:40:19.233680
2026-09-03,czwartek,białystok,Sunny Dancer,Helios Białystok Atrium Biała,18:15,,,regular,2026-09-03T12:40:19.233680
2026-09-03,czwartek,białystok,Sunny Dancer,Kino Forum - Białostocki Ośrodek Kultury,16:30,,,regular,2026-09-03T12:40:19.233680
2026-09-03,czwartek,białystok,Terminator 2: Dzień sądu,Helios Białystok Alfa,18:00,,,regular,2026-09-03T12:40:19.233680
2026-09-03,czwartek,białystok,Terminator 2: Dzień sądu,Helios Białystok Atrium Biała,18:00,,,regular,2026-09-03T12:40:19.233680
2026-09-03,czwartek,białystok,Toy Story 5 (dubbing),Helios Białystok Atrium Biała,14:15,,dubbing,regular,2026-09-03T12:40:19.233680
2026-09-03,czwartek,białystok,Toy Story 5 (dubbing),Helios Białystok Jurowiecka,12:30,,dubbing,regular,2026-09-03T12:40:19.233680
2026-09-03,czwartek,białystok,Tylko jedna noc,Helios Białystok Atrium Biała,20:40,,,regular,2026-09-03T12:40:19.233680
2026-09-03,czwartek,białystok,Vivaldi i ja,Kino Forum - Białostocki Ośrodek Kultury,18:30,,,regular,2026-09-03T12:40:19.233680
2026-09-03,czwartek,białystok,Wrong Girls,Helios Białystok Atrium Biała,11:30,,,regular,2026-09-03T12:40:19.233680
2026-09-03,czwartek,białystok,Zróbmy sobie przerwę,Helios Białystok Jurowiecka,18:30,,,regular,2026-09-03T12:40:19.233680
2026-09-03,czwartek,gdynia,Arek.Mama.Panorama,Gdyńskie Centrum Filmowe,16:50,,,regular,2026-09-03T12:40:21.831821
2026-09-03,czwartek,gdynia,Buntownik,Helios Gdynia,12:20,,,regular,2026-09-03T12:40:21.831821
2026-09-03,czwartek,gdynia,Buntownik,Helios Gdynia,16:00,,,regular,2026-09-03T12:40:21.831821
2026-09-03,czwartek,gdynia,Buntownik,Helios Gdynia,20:45,,,regular,2026-09-03T12:40:21.831821
2026-09-03,czwartek,gdynia,Gorzkie święta,Helios Gdynia,17:00,,,regular,2026-09-03T12:40:21.831821
2026-09-03,czwartek,gdynia,Gwiazdozbiór Psa,Helios Gdynia,14:30,,,regular,2026-09-03T12:40:21.831821
2026-09-03,czwartek,gdynia,Gwiazdozbiór Psa,Helios Gdynia,17:40,,,regular,2026-09-03T12:40:21.831821
2026-09-03,czwartek,gdynia,Gwiazdozbiór Psa,Helios Gdynia,18:30,,,regular,2026-09-03T12:40:21.831821
2026-09-03,czwartek,gdynia,Gwiazdozbiór Psa,Helios Gdynia,20:30,,,regular,2026-09-03T12:40:21.831821
2026-09-03,czwartek,gdynia,Julia Pirotte. Piękno i siła,Gdyńskie Centrum Filmowe,20:35,,,regular,2026-09-03T12:40:21.831821
2026-09-03,czwartek,gdynia,Koniec Ulicy Dębowej,Helios Gdynia,12:10,,,regular,2026-09-03T12:40:21.831821
2026-09-03,czwartek,gdynia,Księga pustyni,Gdyńskie Centrum Filmowe,10:25,,,regular,2026-09-03T12:40:21.831821
2026-09-03,czwartek,gdynia,Księga pustyni,Gdyńskie Centrum Filmowe,15:45,,,regular,2026-09-03T12:40:21.831821
2026-09-03,czwartek,gdynia,Księga pustyni,Helios Gdynia,10:20,,,regular,2026-09-03T12:40:21.831821
2026-09-03,czwartek,gdynia,Księga pustyni,Helios Gdynia,13:40,,,regular,2026-09-03T12:40:21.831821
2026-09-03,czwartek,gdynia,Księga pustyni,Helios Gdynia,15:50,,,regular,2026-09-03T12:40:21.831821
2026-09-03,czwartek,gdynia,Kura,Gdyńskie Centrum Filmowe,18:15,,,regular,2026-09-03T12:40:21.831821
2026-09-03,czwartek,gdynia,Minionki i straszydła (dubbing),Helios Gdynia,10:10,,dubbing,regular,2026-09-03T12:40:21.831821
2026-09-03,czwartek,gdynia,Naznaczony: Wyjście z mrocznego wymiaru,Helios Gdynia,12:45,,,regular,2026-09-03T12:40:21.831821
2026-09-03,czwartek,gdynia,Naznaczony: Wyjście z mrocznego wymiaru,Helios Gdynia,18:15,,,regular,2026-09-03T12:40:21.831821
2026-09-03,czwartek,gdynia,Naznaczony: Wyjście z mrocznego wymiaru,Helios Gdynia,21:00,,,regular,2026-09-03T12:40:21.831821
2026-09-03,czwartek,gdynia,O czym wie Marielle,Gdyńskie Centrum Filmowe,16:25,,,regular,2026-09-03T12:40:21.831821
2026-09-03,czwartek,gdynia,Odyseja,Helios Gdynia,10:00,,,regular,2026-09-03T12:40:21.831821
2026-09-03,czwartek,gdynia,Odyseja,Helios Gdynia,11:10,,,regular,2026-09-03T12:40:21.831821
2026-09-03,czwartek,gdynia,Odyseja,Helios Gdynia,13:20,,,regular,2026-09-03T12:40:21.831821
2026-09-03,czwartek,gdynia,Odyseja,Helios Gdynia,14:50,,,regular,2026-09-03T12:40:21.831821
2026-09-03,czwartek,gdynia,Odyseja,Helios Gdynia,19:30,,,regular,2026-09-03T12:40:21.831821
2026-09-03,czwartek,gdynia,Odyseja,Helios Gdynia,21:10,,,regular,2026-09-03T12:40:21.831821
2026-09-03,czwartek,gdynia,Psi Patrol i dinozaury,Helios Gdynia,10:00,,,regular,2026-09-03T12:40:21.831821
2026-09-03,czwartek,gdynia,Psi Patrol i dinozaury,Helios Gdynia,11:00,,,regular,2026-09-03T12:40:21.831821
2026-09-03,czwartek,gdynia,Psi Patrol i dinozaury,Helios Gdynia,15:15,,,regular,2026-09-03T12:40:21.831821
2026-09-03,czwartek,gdynia,Psi Patrol i dinozaury,Helios Gdynia,17:15,,,regular,2026-09-03T12:40:21.831821
2026-09-03,czwartek,gdynia,Pucio kocha zwierzaki,Helios Gdynia,10:00,,,regular,2026-09-03T12:40:21.831821
2026-09-03,czwartek,gdynia,Pucio kocha zwierzaki,Helios Gdynia,11:20,,,regular,2026-09-03T12:40:21.831821
2026-09-03,czwartek,gdynia,Pucio kocha zwierzaki,Helios Gdynia,14:40,,,regular,2026-09-03T12:40:21.831821
2026-09-03,czwartek,gdynia,Spider-Man. Całkiem nowy dzień,Helios Gdynia,10:20,,,regular,2026-09-03T12:40:21.831821
2026-09-03,czwartek,gdynia,Spider-Man. Całkiem nowy dzień,Helios Gdynia,12:20,,,regular,2026-09-03T12:40:21.831821
2026-09-03,czwartek,gdynia,Spider-Man. Całkiem nowy dzień,Helios Gdynia,13:30,,,regular,2026-09-03T12:40:21.831821
2026-09-03,czwartek,gdynia,Spider-Man. Całkiem nowy dzień,Helios Gdynia,15:40,,,regular,2026-09-03T12:40:21.831821
2026-09-03,czwartek,gdynia,Spider-Man. Całkiem nowy dzień,Helios Gdynia,16:45,,,regular,2026-09-03T12:40:21.831821
2026-09-03,czwartek,gdynia,Spider-Man. Całkiem nowy dzień,Helios Gdynia,19:00,,,regular,2026-09-03T12:40:21.831821
2026-09-03,czwartek,gdynia,Spider-Man. Całkiem nowy dzień,Helios Gdynia,20:15,,,regular,2026-09-03T12:40:21.831821
2026-09-03,czwartek,gdynia,Terminator 2: Dzień sądu,Helios Gdynia,18:00,,,regular,2026-09-03T12:40:21.831821
2026-09-03,czwartek,gdynia,Zróbmy sobie przerwę,Helios Gdynia,19:45,,,regular,2026-09-03T12:40:21.831821
2026-09-03,czwartek,częstochowa,Bogaci i martwi,Cinema City Częstochowa Galeria Jurajska,14:00,,,regular,2026-09-03T12:40:24.190513
2026-09-03,czwartek,częstochowa,Bogaci i martwi,Cinema City Częstochowa Wolność,13:50,,,regular,2026-09-03T12:40:24.190513
2026-09-03,czwartek,częstochowa,Buntownik,Cinema City Częstochowa Galeria Jurajska,17:45,,,regular,2026-09-03T12:40:24.190513
2026-09-03,czwartek,częstochowa,Buntownik,Cinema City Częstochowa Galeria Jurajska,22:20,,,regular,2026-09-03T12:40:24.190513
2026-09-03,czwartek,częstochowa,Buntownik,Cinema City Częstochowa Wolność,13:40,,,regular,2026-09-03T12:40:24.190513
2026-09-03,czwartek,częstochowa,Buntownik,Cinema City Częstochowa Wolność,21:40,,,regular,2026-09-03T12:40:24.190513
2026-09-03,czwartek,częstochowa,Ekipa zwierzaków (dubbing),Cinema City Częstochowa Wolność,12:30,,dubbing,regular,2026-09-03T12:40:24.190513
2026-09-03,czwartek,częstochowa,Flavia de Luce (dubbing),Cinema City Częstochowa Wolność,11:30,,dubbing,regular,2026-09-03T12:40:24.190513
2026-09-03,czwartek,częstochowa,Gorzkie święta,Cinema City Częstochowa Galeria Jurajska,20:00,,,regular,2026-09-03T12:40:24.190513
2026-09-03,czwartek,częstochowa,Gorzkie święta,Cinema City Częstochowa Wolność,20:10,,,regular,2026-09-03T12:40:24.190513
2026-09-03,czwartek,częstochowa,Gwiazdozbiór Psa,Cinema City Częstochowa Galeria Jurajska,11:00,,,regular,2026-09-03T12:40:24.190513
2026-09-03,czwartek,częstochowa,Gwiazdozbiór Psa,Cinema City Częstochowa Galeria Jurajska,13:40,,,regular,2026-09-03T12:40:24.190513
2026-09-03,czwartek,częstochowa,Gwiazdozbiór Psa,Cinema City Częstochowa Galeria Jurajska,16:20,,,regular,2026-09-03T12:40:24.190513
2026-09-03,czwartek,częstochowa,Gwiazdozbiór Psa,Cinema City Częstochowa Galeria Jurajska,19:00,,,regular,2026-09-03T12:40:24.190513
2026-09-03,czwartek,częstochowa,Gwiazdozbiór Psa,Cinema City Częstochowa Galeria Jurajska,21:40,,,regular,2026-09-03T12:40:24.190513
2026-09-03,czwartek,częstochowa,Gwiazdozbiór Psa,Cinema City Częstochowa Wolność,13:00,,,regular,2026-09-03T12:40:24.190513
2026-09-03,czwartek,częstochowa,Gwiazdozbiór Psa,Cinema City Częstochowa Wolność,15:40,,,regular,2026-09-03T12:40:24.190513
2026-09-03,czwartek,częstochowa,Gwiazdozbiór Psa,Cinema City Częstochowa Wolność,18:20,,,regular,2026-09-03T12:40:24.190513
2026-09-03,czwartek,częstochowa,Gwiazdozbiór Psa,Cinema City Częstochowa Wolność,21:00,,,regular,2026-09-03T12:40:24.190513
2026-09-03,czwartek,częstochowa,Harry Potter i Kamień Filozoficzny (dubbing),Cinema City Częstochowa Galeria Jurajska,17:00,,dubbing,regular,2026-09-03T12:40:24.190513
2026-09-03,czwartek,częstochowa,Harry Potter i Kamień Filozoficzny (dubbing),Cinema City Częstochowa Wolność,18:10,,dubbing,regular,2026-09-03T12:40:24.190513
2026-09-03,czwartek,częstochowa,Julia Pirotte. Piękno i siła,Kino Studyjne OKF Iluzja w Częstochowie,16:40,,,regular,2026-09-03T12:40:24.190513
2026-09-03,czwartek,częstochowa,Koniec Ulicy Dębowej,Cinema City Częstochowa Galeria Jurajska,21:20,,,regular,2026-09-03T12:40:24.190513
2026-09-03,czwartek,częstochowa,Koniec Ulicy Dębowej,Cinema City Częstochowa Wolność,16:20,,,regular,2026-09-03T12:40:24.190513
2026-09-03,czwartek,częstochowa,Księga pustyni (dubbing),Cinema City Częstochowa Galeria Jurajska,11:00,,dubbing,regular,2026-09-03T12:40:24.190513
2026-09-03,czwartek,częstochowa,Księga pustyni (dubbing),Cinema City Częstochowa Galeria Jurajska,13:15,,dubbing,regular,2026-09-03T12:40:24.190513
2026-09-03,czwartek,częstochowa,Księga pustyni (dubbing),Cinema City Częstochowa Galeria Jurajska,15:30,,dubbing,regular,2026-09-03T12:40:24.190513
2026-09-03,czwartek,częstochowa,Księga pustyni (dubbing),Cinema City Częstochowa Wolność,11:40,,dubbing,regular,2026-09-03T12:40:24.190513
2026-09-03,czwartek,częstochowa,Księga pustyni (dubbing),Cinema City Częstochowa Wolność,15:40,,dubbing,regular,2026-09-03T12:40:24.190513
2026-09-03,czwartek,częstochowa,Minionki i straszydła (dubbing),Cinema City Częstochowa Galeria Jurajska,10:30,,dubbing,regular,2026-09-03T12:40:24.190513
2026-09-03,czwartek,częstochowa,Minionki i straszydła (dubbing),Cinema City Częstochowa Galeria Jurajska,12:40,,dubbing,regular,2026-09-03T12:40:24.190513
2026-09-03,czwartek,częstochowa,Minionki i straszydła (dubbing),Cinema City Częstochowa Wolność,11:30,,dubbing,regular,2026-09-03T12:40:24.190513
2026-09-03,czwartek,częstochowa,Minionki i straszydła (dubbing),Cinema City Częstochowa Wolność,15:50,,dubbing,regular,2026-09-03T12:40:24.190513
2026-09-03,czwartek,częstochowa,Naznaczony: Wyjście z mrocznego wymiaru,Cinema City Częstochowa Galeria Jurajska,19:30,,,regular,2026-09-03T12:40:24.190513
2026-09-03,czwartek,częstochowa,Naznaczony: Wyjście z mrocznego wymiaru,Cinema City Częstochowa Galeria Jurajska,22:00,,,regular,2026-09-03T12:40:24.190513
2026-09-03,czwartek,częstochowa,Naznaczony: Wyjście z mrocznego wymiaru,Cinema City Częstochowa Wolność,19:00,,,regular,2026-09-03T12:40:24.190513
2026-09-03,czwartek,częstochowa,Naznaczony: Wyjście z mrocznego wymiaru,Cinema City Częstochowa Wolność,21:30,,,regular,2026-09-03T12:40:24.190513
2026-09-03,czwartek,częstochowa,Nie patrz w dół 2,Cinema City Częstochowa Galeria Jurajska,18:20,,,regular,2026-09-03T12:40:24.190513
2026-09-03,czwartek,częstochowa,Nie patrz w dół 2,Cinema City Częstochowa Wolność,17:30,,,regular,2026-09-03T12:40:24.190513
2026-09-03,czwartek,częstochowa,Nowa fala,Kino Studyjne OKF Iluzja w Częstochowie,20:30,,,regular,2026-09-03T12:40:24.190513
2026-09-03,czwartek,częstochowa,Obsesja,Cinema City Częstochowa Wolność,22:00,,,regular,2026-09-03T12:40:24.190513
2026-09-03,czwartek,częstochowa,Odyseja,Cinema City Częstochowa Galeria Jurajska,13:40,,,regular,2026-09-03T12:40:24.190513
2026-09-03,czwartek,częstochowa,Odyseja,Cinema City Częstochowa Galeria Jurajska,20:30,,,regular,2026-09-03T12:40:24.190513
2026-09-03,czwartek,częstochowa,Odyseja,Cinema City Częstochowa Wolność,20:00,,,regular,2026-09-03T12:40:24.190513
2026-09-03,czwartek,częstochowa,Odzyskany,Cinema City Częstochowa Wolność,15:10,,,regular,2026-09-03T12:40:24.190513
2026-09-03,czwartek,częstochowa,Ostrze przeznaczenia,Cinema City Częstochowa Wolność,18:00,,,regular,2026-09-03T12:40:24.190513
2026-09-03,czwartek,częstochowa,Psi Patrol i dinozaury (dubbing),Cinema City Częstochowa Galeria Jurajska,10:40,,dubbing,regular,2026-09-03T12:40:24.190513
2026-09-03,czwartek,częstochowa,Psi Patrol i dinozaury (dubbing),Cinema City Częstochowa Galeria Jurajska,11:30,,dubbing,regular,2026-09-03T12:40:24.190513
2026-09-03,czwartek,częstochowa,Psi Patrol i dinozaury (dubbing),Cinema City Częstochowa Galeria Jurajska,13:50,,dubbing,regular,2026-09-03T12:40:24.190513
2026-09-03,czwartek,częstochowa,Psi Patrol i dinozaury (dubbing),Cinema City Częstochowa Galeria Jurajska,16:10,,dubbing,regular,2026-09-03T12:40:24.190513
2026-09-03,czwartek,częstochowa,Psi Patrol i dinozaury (dubbing),Cinema City Częstochowa Galeria Jurajska,17:20,,dubbing,regular,2026-09-03T12:40:24.190513
2026-09-03,czwartek,częstochowa,Psi Patrol i dinozaury (dubbing),Cinema City Częstochowa Wolność,11:00,,dubbing,regular,2026-09-03T12:40:24.190513
2026-09-03,czwartek,częstochowa,Psi Patrol i dinozaury (dubbing),Cinema City Częstochowa Wolność,13:10,,dubbing,regular,2026-09-03T12:40:24.190513
2026-09-03,czwartek,częstochowa,Psi Patrol i dinozaury (dubbing),Cinema City Częstochowa Wolność,15:20,,dubbing,regular,2026-09-03T12:40:24.190513
2026-09-03,czwartek,częstochowa,Psi Patrol i dinozaury (dubbing),Cinema City Częstochowa Wolność,16:40,,dubbing,regular,2026-09-03T12:40:24.190513
2026-09-03,czwartek,częstochowa,Pucio kocha zwierzaki,Cinema City Częstochowa Galeria Jurajska,11:00,,,regular,2026-09-03T12:40:24.190513
2026-09-03,czwartek,częstochowa,Pucio kocha zwierzaki,Cinema City Częstochowa Galeria Jurajska,12:30,,,regular,2026-09-03T12:40:24.190513
2026-09-03,czwartek,częstochowa,Pucio kocha zwierzaki,Cinema City Częstochowa Galeria Jurajska,14:00,,,regular,2026-09-03T12:40:24.190513
2026-09-03,czwartek,częstochowa,Pucio kocha zwierzaki,Cinema City Częstochowa Galeria Jurajska,15:30,,,regular,2026-09-03T12:40:24.190513
2026-09-03,czwartek,częstochowa,Pucio kocha zwierzaki,Cinema City Częstochowa Wolność,11:00,,,regular,2026-09-03T12:40:24.190513
2026-09-03,czwartek,częstochowa,Pucio kocha zwierzaki,Cinema City Częstochowa Wolność,14:00,,,regular,2026-09-03T12:40:24.190513
2026-09-03,czwartek,częstochowa,Spider-Man. Całkiem nowy dzień,Cinema City Częstochowa Galeria Jurajska,17:10,,,regular,2026-09-03T12:40:24.190513
2026-09-03,czwartek,częstochowa,Spider-Man. Całkiem nowy dzień,Cinema City Częstochowa Galeria Jurajska,20:20,,,regular,2026-09-03T12:40:24.190513
2026-09-03,czwartek,częstochowa,Spider-Man. Całkiem nowy dzień,Cinema City Częstochowa Wolność,20:50,,,regular,2026-09-03T12:40:24.190513
2026-09-03,czwartek,częstochowa,Spider-Man. Całkiem nowy dzień (dubbing),Cinema City Częstochowa Galeria Jurajska,10:50,,dubbing,regular,2026-09-03T12:40:24.190513
2026-09-03,czwartek,częstochowa,Spider-Man. Całkiem nowy dzień (dubbing),Cinema City Częstochowa Galeria Jurajska,12:50,,dubbing,regular,2026-09-03T12:40:24.190513
2026-09-03,czwartek,częstochowa,Spider-Man. Całkiem nowy dzień (dubbing),Cinema City Częstochowa Galeria Jurajska,16:00,,dubbing,regular,2026-09-03T12:40:24.190513
2026-09-03,czwartek,częstochowa,Spider-Man. Całkiem nowy dzień (dubbing),Cinema City Częstochowa Galeria Jurajska,19:10,,dubbing,regular,2026-09-03T12:40:24.190513
2026-09-03,czwartek,częstochowa,Spider-Man. Całkiem nowy dzień (dubbing),Cinema City Częstochowa Wolność,14:40,,dubbing,regular,2026-09-03T12:40:24.190513
2026-09-03,czwartek,częstochowa,Spider-Man. Całkiem nowy dzień (dubbing),Cinema City Częstochowa Wolność,17:45,,dubbing,regular,2026-09-03T12:40:24.190513
2026-09-03,czwartek,częstochowa,Sunny Dancer,Cinema City Częstochowa Galeria Jurajska,18:50,,,regular,2026-09-03T12:40:24.190513
2026-09-03,czwartek,częstochowa,Sunny Dancer,Cinema City Częstochowa Wolność,17:40,,,regular,2026-09-03T12:40:24.190513
2026-09-03,czwartek,częstochowa,Terminator 2: Dzień sądu,Cinema City Częstochowa Galeria Jurajska,20:40,,,regular,2026-09-03T12:40:24.190513
2026-09-03,czwartek,częstochowa,Terminator 2: Dzień sądu,Cinema City Częstochowa Wolność,19:00,,,regular,2026-09-03T12:40:24.190513
2026-09-03,czwartek,częstochowa,Toy Story 5 (dubbing),Cinema City Częstochowa Galeria Jurajska,11:10,,dubbing,regular,2026-09-03T12:40:24.190513
2026-09-03,czwartek,częstochowa,Toy Story 5 (dubbing),Cinema City Częstochowa Wolność,12:40,,dubbing,regular,2026-09-03T12:40:24.190513
2026-09-03,czwartek,częstochowa,Tylko jedna noc,Cinema City Częstochowa Galeria Jurajska,14:50,,,regular,2026-09-03T12:40:24.190513
2026-09-03,czwartek,częstochowa,Tylko jedna noc,Cinema City Częstochowa Wolność,21:00,,,regular,2026-09-03T12:40:24.190513
2026-09-03,czwartek,częstochowa,Vaiana (dubbing),Cinema City Częstochowa Wolność,11:20,,dubbing,regular,2026-09-03T12:40:24.190513
2026-09-03,czwartek,częstochowa,Vivaldi i ja,Kino Studyjne OKF Iluzja w Częstochowie,14:30,,,regular,2026-09-03T12:40:24.190513
2026-09-03,czwartek,częstochowa,Wrong Girls,Cinema City Częstochowa Galeria Jurajska,16:30,,,regular,2026-09-03T12:40:24.190513
2026-09-03,czwartek,częstochowa,Wrong Girls,Cinema City Częstochowa Wolność,14:00,,,regular,2026-09-03T12:40:24.190513
2026-09-03,czwartek,radom,Buntownik,Helios Radom,14:40,,,regular,2026-09-03T12:40:26.812078
2026-09-03,czwartek,radom,Buntownik,Helios Radom,20:50,,,regular,2026-09-03T12:40:26.812078
2026-09-03,czwartek,radom,Buntownik,Multikino Radom,13:50,,,regular,2026-09-03T12:40:26.812078
2026-09-03,czwartek,radom,Buntownik,Multikino Radom,18:40,,,regular,2026-09-03T12:40:26.812078
2026-09-03,czwartek,radom,Camino dla opornych,Kino - Mazowieckie Centrum Sztuki Współczesnej Elektrownia w Radomiu,17:45,,,regular,2026-09-03T12:40:26.812078
2026-09-03,czwartek,radom,Gorzkie święta,Kino - Mazowieckie Centrum Sztuki Współczesnej Elektrownia w Radomiu,20:00,,,regular,2026-09-03T12:40:26.812078
2026-09-03,czwartek,radom,Gwiazdozbiór Psa,Helios Radom,15:15,,,regular,2026-09-03T12:40:26.812078
2026-09-03,czwartek,radom,Gwiazdozbiór Psa,Helios Radom,18:30,,,regular,2026-09-03T12:40:26.812078
2026-09-03,czwartek,radom,Gwiazdozbiór Psa,Helios Radom,21:15,,,regular,2026-09-03T12:40:26.812078
2026-09-03,czwartek,radom,Gwiazdozbiór Psa,Multikino Radom,20:00,,,regular,2026-09-03T12:40:26.812078
2026-09-03,czwartek,radom,Harry Potter i Insygnia Śmierci cz. 2 (dubbing),Multikino Radom,17:15,,dubbing,regular,2026-09-03T12:40:26.812078
2026-09-03,czwartek,radom,Harry Potter i Kamień Filozoficzny (dubbing),Multikino Radom,14:00,,dubbing,regular,2026-09-03T12:40:26.812078
2026-09-03,czwartek,radom,Księga pustyni,Helios Radom,09:30,,,regular,2026-09-03T12:40:26.812078
2026-09-03,czwartek,radom,Księga pustyni,Helios Radom,16:15,,,regular,2026-09-03T12:40:26.812078
2026-09-03,czwartek,radom,Księga pustyni (dubbing),Kino - Mazowieckie Centrum Sztuki Współczesnej Elektrownia w Radomiu,13:45,,dubbing,regular,2026-09-03T12:40:26.812078
2026-09-03,czwartek,radom,Księga pustyni (dubbing),Multikino Radom,12:15,,dubbing,regular,2026-09-03T12:40:26.812078
2026-09-03,czwartek,radom,Minionki i straszydła (dubbing),Helios Radom,11:20,,dubbing,regular,2026-09-03T12:40:26.812078
2026-09-03,czwartek,radom,Minionki i straszydła (dubbing),Multikino Radom,10:10,,dubbing,regular,2026-09-03T12:40:26.812078
2026-09-03,czwartek,radom,Naznaczony: Wyjście z mrocznego wymiaru,Helios Radom,19:00,,,regular,2026-09-03T12:40:26.812078
2026-09-03,czwartek,radom,Naznaczony: Wyjście z mrocznego wymiaru,Helios Radom,21:30,,,regular,2026-09-03T12:40:26.812078
2026-09-03,czwartek,radom,Naznaczony: Wyjście z mrocznego wymiaru,Multikino Radom,16:10,,,regular,2026-09-03T12:40:26.812078
2026-09-03,czwartek,radom,Naznaczony: Wyjście z mrocznego wymiaru,Multikino Radom,20:35,,,regular,2026-09-03T12:40:26.812078
2026-09-03,czwartek,radom,Nowa fala,Multikino Radom,20:00,,,regular,2026-09-03T12:40:26.812078
2026-09-03,czwartek,radom,Obsesja,Multikino Radom,14:30,,,regular,2026-09-03T12:40:26.812078
2026-09-03,czwartek,radom,Odyseja,Helios Radom,11:40,,,regular,2026-09-03T12:40:26.812078
2026-09-03,czwartek,radom,Odyseja,Helios Radom,17:00,,,regular,2026-09-03T12:40:26.812078
2026-09-03,czwartek,radom,Odyseja,Multikino Radom,10:25,,,regular,2026-09-03T12:40:26.812078
2026-09-03,czwartek,radom,Odyseja,Multikino Radom,17:00,,,regular,2026-09-03T12:40:26.812078
2026-09-03,czwartek,radom,Ostrze przeznaczenia,Multikino Radom,21:00,,,regular,2026-09-03T12:40:26.812078
2026-09-03,czwartek,radom,Psi Patrol i dinozaury,Helios Radom,12:15,,,regular,2026-09-03T12:40:26.812078
2026-09-03,czwartek,radom,Psi Patrol i dinozaury,Helios Radom,14:00,,,regular,2026-09-03T12:40:26.812078
2026-09-03,czwartek,radom,Psi Patrol i dinozaury,Helios Radom,16:45,,,regular,2026-09-03T12:40:26.812078
2026-09-03,czwartek,radom,Psi Patrol i dinozaury (dubbing),Multikino Radom,10:40,,dubbing,regular,2026-09-03T12:40:26.812078
2026-09-03,czwartek,radom,Psi Patrol i dinozaury (dubbing),Multikino Radom,13:20,,dubbing,regular,2026-09-03T12:40:26.812078
2026-09-03,czwartek,radom,Psi Patrol i dinozaury (dubbing),Multikino Radom,15:30,,dubbing,regular,2026-09-03T12:40:26.812078
2026-09-03,czwartek,radom,Psi Patrol i dinozaury (dubbing),Multikino Radom,17:45,,dubbing,regular,2026-09-03T12:40:26.812078
2026-09-03,czwartek,radom,Pucio kocha zwierzaki,Helios Radom,11:10,,,regular,2026-09-03T12:40:26.812078
2026-09-03,czwartek,radom,Pucio kocha zwierzaki,Helios Radom,12:40,,,regular,2026-09-03T12:40:26.812078
2026-09-03,czwartek,radom,Pucio kocha zwierzaki,Multikino Radom,10:15,,,regular,2026-09-03T12:40:26.812078
2026-09-03,czwartek,radom,Pucio kocha zwierzaki,Multikino Radom,11:20,,,regular,2026-09-03T12:40:26.812078
2026-09-03,czwartek,radom,Pucio kocha zwierzaki,Multikino Radom,12:30,,,regular,2026-09-03T12:40:26.812078
2026-09-03,czwartek,radom,Spider-Man. Całkiem nowy dzień,Helios Radom,11:00,,,regular,2026-09-03T12:40:26.812078
2026-09-03,czwartek,radom,Spider-Man. Całkiem nowy dzień,Helios Radom,13:30,,,regular,2026-09-03T12:40:26.812078
2026-09-03,czwartek,radom,Spider-Man. Całkiem nowy dzień,Helios Radom,14:15,,,regular,2026-09-03T12:40:26.812078
2026-09-03,czwartek,radom,Spider-Man. Całkiem nowy dzień,Helios Radom,17:30,,,regular,2026-09-03T12:40:26.812078
2026-09-03,czwartek,radom,Spider-Man. Całkiem nowy dzień,Helios Radom,20:30,,,regular,2026-09-03T12:40:26.812078
2026-09-03,czwartek,radom,Spider-Man. Całkiem nowy dzień,Multikino Radom,16:00,,,regular,2026-09-03T12:40:26.812078
2026-09-03,czwartek,radom,Spider-Man. Całkiem nowy dzień,Multikino Radom,19:10,,,regular,2026-09-03T12:40:26.812078
2026-09-03,czwartek,radom,Spider-Man. Całkiem nowy dzień (dubbing),Multikino Radom,10:10,,dubbing,regular,2026-09-03T12:40:26.812078
2026-09-03,czwartek,radom,Spider-Man. Całkiem nowy dzień (dubbing),Multikino Radom,11:00,,dubbing,regular,2026-09-03T12:40:26.812078
2026-09-03,czwartek,radom,Spider-Man. Całkiem nowy dzień (dubbing),Multikino Radom,12:50,,dubbing,regular,2026-09-03T12:40:26.812078
2026-09-03,czwartek,radom,Spider-Man. Całkiem nowy dzień (dubbing),Multikino Radom,14:15,,dubbing,regular,2026-09-03T12:40:26.812078
2026-09-03,czwartek,radom,Spider-Man. Całkiem nowy dzień (dubbing),Multikino Radom,17:30,,dubbing,regular,2026-09-03T12:40:26.812078
2026-09-03,czwartek,radom,Terminator 2: Dzień sądu,Helios Radom,18:00,,,regular,2026-09-03T12:40:26.812078
2026-09-03,czwartek,radom,Terminator 2: Dzień sądu,Multikino Radom,20:30,,,regular,2026-09-03T12:40:26.812078
2026-09-03,czwartek,radom,Vivaldi i ja,Kino - Mazowieckie Centrum Sztuki Współczesnej Elektrownia w Radomiu,15:30,,,regular,2026-09-03T12:40:26.812078
2026-09-03,czwartek,radom,Zróbmy sobie przerwę,Helios Radom,20:40,,,regular,2026-09-03T12:40:26.812078
2026-09-03,czwartek,sosnowiec,Bogaci i martwi,Cinema City Sosnowiec,22:00,,,regular,2026-09-03T12:40:29.850654
2026-09-03,czwartek,sosnowiec,Buntownik,Cinema City Sosnowiec,18:50,,,regular,2026-09-03T12:40:29.850654
2026-09-03,czwartek,sosnowiec,Buntownik,Cinema City Sosnowiec,21:10,,,regular,2026-09-03T12:40:29.850654
2026-09-03,czwartek,sosnowiec,Buntownik,Helios Sosnowiec,21:00,,,regular,2026-09-03T12:40:29.850654
2026-09-03,czwartek,sosnowiec,Gwiazdozbiór Psa,Cinema City Sosnowiec,14:00,,,regular,2026-09-03T12:40:29.850654
2026-09-03,czwartek,sosnowiec,Gwiazdozbiór Psa,Cinema City Sosnowiec,16:20,,,regular,2026-09-03T12:40:29.850654
2026-09-03,czwartek,sosnowiec,Gwiazdozbiór Psa,Cinema City Sosnowiec,19:00,,,regular,2026-09-03T12:40:29.850654
2026-09-03,czwartek,sosnowiec,Gwiazdozbiór Psa,Cinema City Sosnowiec,21:40,,,regular,2026-09-03T12:40:29.850654
2026-09-03,czwartek,sosnowiec,Gwiazdozbiór Psa,Helios Sosnowiec,14:50,,,regular,2026-09-03T12:40:29.850654
2026-09-03,czwartek,sosnowiec,Gwiazdozbiór Psa,Helios Sosnowiec,18:30,,,regular,2026-09-03T12:40:29.850654
2026-09-03,czwartek,sosnowiec,Harry Potter i Kamień Filozoficzny (dubbing),Cinema City Sosnowiec,17:00,,dubbing,regular,2026-09-03T12:40:29.850654
2026-09-03,czwartek,sosnowiec,Koniec Ulicy Dębowej,Cinema City Sosnowiec,14:45,,,regular,2026-09-03T12:40:29.850654
2026-09-03,czwartek,sosnowiec,Koniec Ulicy Dębowej,Cinema City Sosnowiec,17:25,,,regular,2026-09-03T12:40:29.850654
2026-09-03,czwartek,sosnowiec,Księga pustyni,Helios Sosnowiec,11:30,,,regular,2026-09-03T12:40:29.850654
2026-09-03,czwartek,sosnowiec,Księga pustyni (dubbing),Cinema City Sosnowiec,12:20,,dubbing,regular,2026-09-03T12:40:29.850654
2026-09-03,czwartek,sosnowiec,Księga pustyni (dubbing),Cinema City Sosnowiec,14:40,,dubbing,regular,2026-09-03T12:40:29.850654
2026-09-03,czwartek,sosnowiec,Minionki i straszydła (dubbing),Cinema City Sosnowiec,12:30,,dubbing,regular,2026-09-03T12:40:29.850654
2026-09-03,czwartek,sosnowiec,Naznaczony: Wyjście z mrocznego wymiaru,Cinema City Sosnowiec,17:00,,,regular,2026-09-03T12:40:29.850654
2026-09-03,czwartek,sosnowiec,Naznaczony: Wyjście z mrocznego wymiaru,Cinema City Sosnowiec,19:30,,,regular,2026-09-03T12:40:29.850654
2026-09-03,czwartek,sosnowiec,Naznaczony: Wyjście z mrocznego wymiaru,Cinema City Sosnowiec,22:00,,,regular,2026-09-03T12:40:29.850654
2026-09-03,czwartek,sosnowiec,Naznaczony: Wyjście z mrocznego wymiaru,Helios Sosnowiec,20:10,,,regular,2026-09-03T12:40:29.850654
2026-09-03,czwartek,sosnowiec,Naznaczony: Wyjście z mrocznego wymiaru,Helios Sosnowiec,21:15,,,regular,2026-09-03T12:40:29.850654
2026-09-03,czwartek,sosnowiec,Nie patrz w dół 2,Cinema City Sosnowiec,19:50,,,regular,2026-09-03T12:40:29.850654
2026-09-03,czwartek,sosnowiec,Odyseja,Cinema City Sosnowiec,13:20,,,regular,2026-09-03T12:40:29.850654
2026-09-03,czwartek,sosnowiec,Odyseja,Helios Sosnowiec,13:20,,,regular,2026-09-03T12:40:29.850654
2026-09-03,czwartek,sosnowiec,Odyseja,Helios Sosnowiec,17:30,,,regular,2026-09-03T12:40:29.850654
2026-09-03,czwartek,sosnowiec,Psi Patrol i dinozaury,Helios Sosnowiec,11:00,,,regular,2026-09-03T12:40:29.850654
2026-09-03,czwartek,sosnowiec,Psi Patrol i dinozaury,Helios Sosnowiec,13:40,,,regular,2026-09-03T12:40:29.850654
2026-09-03,czwartek,sosnowiec,Psi Patrol i dinozaury,Helios Sosnowiec,15:50,,,regular,2026-09-03T12:40:29.850654
2026-09-03,czwartek,sosnowiec,Psi Patrol i dinozaury (dubbing),Cinema City Sosnowiec,12:00,,dubbing,regular,2026-09-03T12:40:29.850654
2026-09-03,czwartek,sosnowiec,Psi Patrol i dinozaury (dubbing),Cinema City Sosnowiec,14:10,,dubbing,regular,2026-09-03T12:40:29.850654
2026-09-03,czwartek,sosnowiec,Psi Patrol i dinozaury (dubbing),Cinema City Sosnowiec,16:40,,dubbing,regular,2026-09-03T12:40:29.850654
2026-09-03,czwartek,sosnowiec,Pucio kocha zwierzaki,Cinema City Sosnowiec,12:00,,,regular,2026-09-03T12:40:29.850654
2026-09-03,czwartek,sosnowiec,Pucio kocha zwierzaki,Helios Sosnowiec,12:00,,,regular,2026-09-03T12:40:29.850654
2026-09-03,czwartek,sosnowiec,Pucio kocha zwierzaki,Helios Sosnowiec,13:30,,,regular,2026-09-03T12:40:29.850654
2026-09-03,czwartek,sosnowiec,Spider-Man. Całkiem nowy dzień,Cinema City Sosnowiec,20:00,,,regular,2026-09-03T12:40:29.850654
2026-09-03,czwartek,sosnowiec,Spider-Man. Całkiem nowy dzień,Helios Sosnowiec,12:15,,,regular,2026-09-03T12:40:29.850654
2026-09-03,czwartek,sosnowiec,Spider-Man. Całkiem nowy dzień,Helios Sosnowiec,15:20,,,regular,2026-09-03T12:40:29.850654
2026-09-03,czwartek,sosnowiec,Spider-Man. Całkiem nowy dzień,Helios Sosnowiec,17:00,,,regular,2026-09-03T12:40:29.850654
2026-09-03,czwartek,sosnowiec,Spider-Man. Całkiem nowy dzień,Helios Sosnowiec,20:45,,,regular,2026-09-03T12:40:29.850654
2026-09-03,czwartek,sosnowiec,Spider-Man. Całkiem nowy dzień (dubbing),Cinema City Sosnowiec,13:40,,dubbing,regular,2026-09-03T12:40:29.850654
2026-09-03,czwartek,sosnowiec,Spider-Man. Całkiem nowy dzień (dubbing),Cinema City Sosnowiec,16:50,,dubbing,regular,2026-09-03T12:40:29.850654
2026-09-03,czwartek,sosnowiec,Terminator 2: Dzień sądu,Cinema City Sosnowiec,20:30,,,regular,2026-09-03T12:40:29.850654
2026-09-03,czwartek,sosnowiec,Terminator 2: Dzień sądu,Helios Sosnowiec,18:00,,,regular,2026-09-03T12:40:29.850654
2026-09-03,czwartek,kielce,Buntownik,Helios Kielce,15:40,,,regular,2026-09-03T12:40:33.530281
2026-09-03,czwartek,kielce,Buntownik,Helios Kielce,20:40,,,regular,2026-09-03T12:40:33.530281
2026-09-03,czwartek,kielce,Buntownik,Kino Moskwa w Kielcach,19:40,,,regular,2026-09-03T12:40:33.530281
2026-09-03,czwartek,kielce,Buntownik,Multikino Kielce,18:35,,,regular,2026-09-03T12:40:33.530281
2026-09-03,czwartek,kielce,Buntownik,Multikino Kielce,20:40,,,regular,2026-09-03T12:40:33.530281
2026-09-03,czwartek,kielce,Gorzkie święta,Helios Kielce,14:30,,,regular,2026-09-03T12:40:33.530281
2026-09-03,czwartek,kielce,Gorzkie święta,Helios Kielce,19:30,,,regular,2026-09-03T12:40:33.530281
2026-09-03,czwartek,kielce,Gorzkie święta,Kino Moskwa w Kielcach,12:45,,,regular,2026-09-03T12:40:33.530281
2026-09-03,czwartek,kielce,Gorzkie święta,Kino Moskwa w Kielcach,17:30,,,regular,2026-09-03T12:40:33.530281
2026-09-03,czwartek,kielce,Gorzkie święta,Multikino Kielce,20:25,,,regular,2026-09-03T12:40:33.530281
2026-09-03,czwartek,kielce,Gwiazdozbiór Psa,Helios Kielce,12:50,,,regular,2026-09-03T12:40:33.530281
2026-09-03,czwartek,kielce,Gwiazdozbiór Psa,Helios Kielce,15:30,,,regular,2026-09-03T12:40:33.530281
2026-09-03,czwartek,kielce,Gwiazdozbiór Psa,Helios Kielce,17:30,,,regular,2026-09-03T12:40:33.530281
2026-09-03,czwartek,kielce,Gwiazdozbiór Psa,Helios Kielce,19:00,,,regular,2026-09-03T12:40:33.530281
2026-09-03,czwartek,kielce,Gwiazdozbiór Psa,Helios Kielce,21:00,,,regular,2026-09-03T12:40:33.530281
2026-09-03,czwartek,kielce,Gwiazdozbiór Psa,Kino Moskwa w Kielcach,13:30,,,regular,2026-09-03T12:40:33.530281
2026-09-03,czwartek,kielce,Gwiazdozbiór Psa,Kino Moskwa w Kielcach,19:45,,,regular,2026-09-03T12:40:33.530281
2026-09-03,czwartek,kielce,Gwiazdozbiór Psa,Multikino Kielce,17:30,,,regular,2026-09-03T12:40:33.530281
2026-09-03,czwartek,kielce,Gwiazdozbiór Psa,Multikino Kielce,20:15,,,regular,2026-09-03T12:40:33.530281
2026-09-03,czwartek,kielce,Harry Potter i Insygnia Śmierci cz. 2 (dubbing),Multikino Kielce,17:15,,dubbing,regular,2026-09-03T12:40:33.530281
2026-09-03,czwartek,kielce,Harry Potter i Kamień Filozoficzny (dubbing),Multikino Kielce,14:00,,dubbing,regular,2026-09-03T12:40:33.530281
2026-09-03,czwartek,kielce,Historie równoległe,Kino Moskwa w Kielcach,15:00,,,regular,2026-09-03T12:40:33.530281
2026-09-03,czwartek,kielce,Koniec Ulicy Dębowej,Multikino Kielce,13:50,,,regular,2026-09-03T12:40:33.530281
2026-09-03,czwartek,kielce,Księga pustyni,Helios Kielce,11:10,,,regular,2026-09-03T12:40:33.530281
2026-09-03,czwartek,kielce,Księga pustyni,Helios Kielce,15:00,,,regular,2026-09-03T12:40:33.530281
2026-09-03,czwartek,kielce,Księga pustyni,Kino Moskwa w Kielcach,17:45,,,regular,2026-09-03T12:40:33.530281
2026-09-03,czwartek,kielce,Księga pustyni (dubbing),Multikino Kielce,11:55,,dubbing,regular,2026-09-03T12:40:33.530281
2026-09-03,czwartek,kielce,Księga pustyni (dubbing),Multikino Kielce,14:10,,dubbing,regular,2026-09-03T12:40:33.530281
2026-09-03,czwartek,kielce,Księga pustyni (dubbing),Multikino Kielce,15:45,,dubbing,regular,2026-09-03T12:40:33.530281
2026-09-03,czwartek,kielce,Minionki i straszydła (dubbing),Helios Kielce,12:10,,dubbing,regular,2026-09-03T12:40:33.530281
2026-09-03,czwartek,kielce,Minionki i straszydła (dubbing),Helios Kielce,13:30,,dubbing,regular,2026-09-03T12:40:33.530281
2026-09-03,czwartek,kielce,Minionki i straszydła (dubbing),Multikino Kielce,13:05,,dubbing,regular,2026-09-03T12:40:33.530281
2026-09-03,czwartek,kielce,Minionki i straszydła (dubbing),Multikino Kielce,16:25,,dubbing,regular,2026-09-03T12:40:33.530281
2026-09-03,czwartek,kielce,Najważniejsze to kochać,Kino Fenomen w Kielcach,18:00,,,regular,2026-09-03T12:40:33.530281
2026-09-03,czwartek,kielce,Naznaczony: Wyjście z mrocznego wymiaru,Helios Kielce,16:00,,,regular,2026-09-03T12:40:33.530281
2026-09-03,czwartek,kielce,Naznaczony: Wyjście z mrocznego wymiaru,Helios Kielce,18:30,,,regular,2026-09-03T12:40:33.530281
2026-09-03,czwartek,kielce,Naznaczony: Wyjście z mrocznego wymiaru,Helios Kielce,21:45,,,regular,2026-09-03T12:40:33.530281
2026-09-03,czwartek,kielce,Naznaczony: Wyjście z mrocznego wymiaru,Multikino Kielce,16:20,,,regular,2026-09-03T12:40:33.530281
2026-09-03,czwartek,kielce,Naznaczony: Wyjście z mrocznego wymiaru,Multikino Kielce,18:45,,,regular,2026-09-03T12:40:33.530281
2026-09-03,czwartek,kielce,Naznaczony: Wyjście z mrocznego wymiaru,Multikino Kielce,21:10,,,regular,2026-09-03T12:40:33.530281
2026-09-03,czwartek,kielce,Nie patrz w dół 2,Multikino Kielce,18:00,,,regular,2026-09-03T12:40:33.530281
2026-09-03,czwartek,kielce,Nowa fala,Multikino Kielce,20:00,,,regular,2026-09-03T12:40:33.530281
2026-09-03,czwartek,kielce,Obsesja,Multikino Kielce,11:15,,,regular,2026-09-03T12:40:33.530281
2026-09-03,czwartek,kielce,Odyseja,Helios Kielce,12:00,,,regular,2026-09-03T12:40:33.530281
2026-09-03,czwartek,kielce,Odyseja,Helios Kielce,17:00,,,regular,2026-09-03T12:40:33.530281
2026-09-03,czwartek,kielce,Odyseja,Helios Kielce,20:15,,,regular,2026-09-03T12:40:33.530281
2026-09-03,czwartek,kielce,Odyseja,Multikino Kielce,11:35,,,regular,2026-09-03T12:40:33.530281
2026-09-03,czwartek,kielce,Odyseja,Multikino Kielce,15:20,,,regular,2026-09-03T12:40:33.530281
2026-09-03,czwartek,kielce,Odyseja,Multikino Kielce,19:00,,,regular,2026-09-03T12:40:33.530281
2026-09-03,czwartek,kielce,Odzyskany,Kino Moskwa w Kielcach,15:45,,,regular,2026-09-03T12:40:33.530281
2026-09-03,czwartek,kielce,Ostrze przeznaczenia,Multikino Kielce,21:00,,,regular,2026-09-03T12:40:33.530281
2026-09-03,czwartek,kielce,Psi Patrol i dinozaury,Helios Kielce,11:20,,,regular,2026-09-03T12:40:33.530281
2026-09-03,czwartek,kielce,Psi Patrol i dinozaury,Helios Kielce,13:45,,,regular,2026-09-03T12:40:33.530281
2026-09-03,czwartek,kielce,Psi Patrol i dinozaury,Helios Kielce,17:15,,,regular,2026-09-03T12:40:33.530281
2026-09-03,czwartek,kielce,Psi Patrol i dinozaury (dubbing),Multikino Kielce,10:45,,dubbing,regular,2026-09-03T12:40:33.530281
2026-09-03,czwartek,kielce,Psi Patrol i dinozaury (dubbing),Multikino Kielce,11:40,,dubbing,regular,2026-09-03T12:40:33.530281
2026-09-03,czwartek,kielce,Psi Patrol i dinozaury (dubbing),Multikino Kielce,13:55,,dubbing,regular,2026-09-03T12:40:33.530281
2026-09-03,czwartek,kielce,Psi Patrol i dinozaury (dubbing),Multikino Kielce,15:15,,dubbing,regular,2026-09-03T12:40:33.530281
2026-09-03,czwartek,kielce,Psi Patrol i dinozaury (dubbing),Multikino Kielce,16:05,,dubbing,regular,2026-09-03T12:40:33.530281
2026-09-03,czwartek,kielce,Psi Patrol i dinozaury (dubbing),Multikino Kielce,18:15,,dubbing,regular,2026-09-03T12:40:33.530281
2026-09-03,czwartek,kielce,Pucio kocha zwierzaki,Helios Kielce,11:00,,,regular,2026-09-03T12:40:33.530281
2026-09-03,czwartek,kielce,Pucio kocha zwierzaki,Helios Kielce,12:20,,,regular,2026-09-03T12:40:33.530281
2026-09-03,czwartek,kielce,Pucio kocha zwierzaki,Helios Kielce,13:20,,,regular,2026-09-03T12:40:33.530281
2026-09-03,czwartek,kielce,Pucio kocha zwierzaki,Multikino Kielce,10:35,,,regular,2026-09-03T12:40:33.530281
2026-09-03,czwartek,kielce,Pucio kocha zwierzaki,Multikino Kielce,11:50,,,regular,2026-09-03T12:40:33.530281
2026-09-03,czwartek,kielce,Pucio kocha zwierzaki,Multikino Kielce,13:05,,,regular,2026-09-03T12:40:33.530281
2026-09-03,czwartek,kielce,Pucio kocha zwierzaki,Multikino Kielce,14:25,,,regular,2026-09-03T12:40:33.530281
2026-09-03,czwartek,kielce,Spider-Man. Całkiem nowy dzień,Helios Kielce,11:00,,,regular,2026-09-03T12:40:33.530281
2026-09-03,czwartek,kielce,Spider-Man. Całkiem nowy dzień,Helios Kielce,14:15,,,regular,2026-09-03T12:40:33.530281
2026-09-03,czwartek,kielce,Spider-Man. Całkiem nowy dzień,Helios Kielce,15:50,,,regular,2026-09-03T12:40:33.530281
2026-09-03,czwartek,kielce,Spider-Man. Całkiem nowy dzień,Helios Kielce,18:15,,,regular,2026-09-03T12:40:33.530281
2026-09-03,czwartek,kielce,Spider-Man. Całkiem nowy dzień,Helios Kielce,21:20,,,regular,2026-09-03T12:40:33.530281
2026-09-03,czwartek,kielce,Spider-Man. Całkiem nowy dzień,Multikino Kielce,14:05,,,regular,2026-09-03T12:40:33.530281
2026-09-03,czwartek,kielce,Spider-Man. Całkiem nowy dzień,Multikino Kielce,20:35,,,regular,2026-09-03T12:40:33.530281
2026-09-03,czwartek,kielce,Spider-Man. Całkiem nowy dzień (dubbing),Multikino Kielce,10:00,,dubbing,regular,2026-09-03T12:40:33.530281
2026-09-03,czwartek,kielce,Spider-Man. Całkiem nowy dzień (dubbing),Multikino Kielce,10:50,,dubbing,regular,2026-09-03T12:40:33.530281
2026-09-03,czwartek,kielce,Spider-Man. Całkiem nowy dzień (dubbing),Multikino Kielce,13:15,,dubbing,regular,2026-09-03T12:40:33.530281
2026-09-03,czwartek,kielce,Spider-Man. Całkiem nowy dzień (dubbing),Multikino Kielce,16:30,,dubbing,regular,2026-09-03T12:40:33.530281
2026-09-03,czwartek,kielce,Spider-Man. Całkiem nowy dzień (dubbing),Multikino Kielce,17:20,,dubbing,regular,2026-09-03T12:40:33.530281
2026-09-03,czwartek,kielce,Spider-Man. Całkiem nowy dzień (dubbing),Multikino Kielce,19:45,,dubbing,regular,2026-09-03T12:40:33.530281
2026-09-03,czwartek,kielce,Terminator 2: Dzień sądu,Helios Kielce,18:00,,,regular,2026-09-03T12:40:33.530281
2026-09-03,czwartek,kielce,Toy Story 5 (dubbing),Multikino Kielce,11:30,,dubbing,regular,2026-09-03T12:40:33.530281
2026-09-03,czwartek,kielce,Zróbmy sobie przerwę,Helios Kielce,20:50,,,regular,2026-09-03T12:40:33.530281
2026-09-03,czwartek,gliwice,Bogaci i martwi,Cinema City Gliwice Forum,21:30,,,regular,2026-09-03T12:40:36.368790
2026-09-03,czwartek,gliwice,Buntownik,Cinema City Gliwice Forum,10:00,,,regular,2026-09-03T12:40:36.368790
2026-09-03,czwartek,gliwice,Buntownik,Cinema City Gliwice Forum,13:20,,,regular,2026-09-03T12:40:36.368790
2026-09-03,czwartek,gliwice,Buntownik,Cinema City Gliwice Forum,20:25,,,regular,2026-09-03T12:40:36.368790
2026-09-03,czwartek,gliwice,Buntownik,Cinema City Gliwice Forum,22:00,,,regular,2026-09-03T12:40:36.368790
2026-09-03,czwartek,gliwice,Gorzkie święta,Cinema City Gliwice Forum,11:30,,,regular,2026-09-03T12:40:36.368790
2026-09-03,czwartek,gliwice,Gorzkie święta,Cinema City Gliwice Forum,17:30,,,regular,2026-09-03T12:40:36.368790
2026-09-03,czwartek,gliwice,Gorzkie święta,Cinema City Gliwice Forum,19:50,,,regular,2026-09-03T12:40:36.368790
2026-09-03,czwartek,gliwice,Gwiazdozbiór Psa,Cinema City Gliwice Forum,11:50,,,regular,2026-09-03T12:40:36.368790
2026-09-03,czwartek,gliwice,Gwiazdozbiór Psa,Cinema City Gliwice Forum,14:30,,,regular,2026-09-03T12:40:36.368790
2026-09-03,czwartek,gliwice,Gwiazdozbiór Psa,Cinema City Gliwice Forum,15:30,,,regular,2026-09-03T12:40:36.368790
2026-09-03,czwartek,gliwice,Gwiazdozbiór Psa,Cinema City Gliwice Forum,17:10,,,regular,2026-09-03T12:40:36.368790
2026-09-03,czwartek,gliwice,Gwiazdozbiór Psa,Cinema City Gliwice Forum,19:50,,,regular,2026-09-03T12:40:36.368790
2026-09-03,czwartek,gliwice,Gwiazdozbiór Psa,Cinema City Gliwice Forum,20:50,,,regular,2026-09-03T12:40:36.368790
2026-09-03,czwartek,gliwice,Gwiazdozbiór Psa,Cinema City Gliwice Forum,22:30,,,regular,2026-09-03T12:40:36.368790
2026-09-03,czwartek,gliwice,Harry Potter i Kamień Filozoficzny (dubbing),Cinema City Gliwice Forum,18:00,,dubbing,regular,2026-09-03T12:40:36.368790
2026-09-03,czwartek,gliwice,Koniec Ulicy Dębowej,Cinema City Gliwice Forum,12:50,,,regular,2026-09-03T12:40:36.368790
2026-09-03,czwartek,gliwice,Koniec Ulicy Dębowej,Cinema City Gliwice Forum,15:30,,,regular,2026-09-03T12:40:36.368790
2026-09-03,czwartek,gliwice,Koniec Ulicy Dębowej,Cinema City Gliwice Forum,18:00,,,regular,2026-09-03T12:40:36.368790
2026-09-03,czwartek,gliwice,Koniec Ulicy Dębowej,Cinema City Gliwice Forum,21:20,,,regular,2026-09-03T12:40:36.368790
2026-09-03,czwartek,gliwice,Księga pustyni (dubbing),Cinema City Gliwice Forum,11:20,,dubbing,regular,2026-09-03T12:40:36.368790
2026-09-03,czwartek,gliwice,Księga pustyni (dubbing),Cinema City Gliwice Forum,13:30,,dubbing,regular,2026-09-03T12:40:36.368790
2026-09-03,czwartek,gliwice,Księga pustyni (dubbing),Cinema City Gliwice Forum,14:10,,dubbing,regular,2026-09-03T12:40:36.368790
2026-09-03,czwartek,gliwice,Księga pustyni (dubbing),Cinema City Gliwice Forum,15:40,,dubbing,regular,2026-09-03T12:40:36.368790
2026-09-03,czwartek,gliwice,Minionki i straszydła (dubbing),Cinema City Gliwice Forum,11:30,,dubbing,regular,2026-09-03T12:40:36.368790
2026-09-03,czwartek,gliwice,Minionki i straszydła (dubbing),Cinema City Gliwice Forum,13:40,,dubbing,regular,2026-09-03T12:40:36.368790
2026-09-03,czwartek,gliwice,Minionki i straszydła (dubbing),Cinema City Gliwice Forum,15:50,,dubbing,regular,2026-09-03T12:40:36.368790
2026-09-03,czwartek,gliwice,Naznaczony: Wyjście z mrocznego wymiaru,Cinema City Gliwice Forum,16:20,,,regular,2026-09-03T12:40:36.368790
2026-09-03,czwartek,gliwice,Naznaczony: Wyjście z mrocznego wymiaru,Cinema City Gliwice Forum,18:50,,,regular,2026-09-03T12:40:36.368790
2026-09-03,czwartek,gliwice,Naznaczony: Wyjście z mrocznego wymiaru,Cinema City Gliwice Forum,19:00,,,regular,2026-09-03T12:40:36.368790
2026-09-03,czwartek,gliwice,Naznaczony: Wyjście z mrocznego wymiaru,Cinema City Gliwice Forum,21:20,,,regular,2026-09-03T12:40:36.368790
2026-09-03,czwartek,gliwice,Naznaczony: Wyjście z mrocznego wymiaru,Cinema City Gliwice Forum,22:30,,,regular,2026-09-03T12:40:36.368790
2026-09-03,czwartek,gliwice,Nie patrz w dół 2,Cinema City Gliwice Forum,20:45,,,regular,2026-09-03T12:40:36.368790
2026-09-03,czwartek,gliwice,Odyseja,Cinema City Gliwice Forum,11:00,,,regular,2026-09-03T12:40:36.368790
2026-09-03,czwartek,gliwice,Odyseja,Cinema City Gliwice Forum,12:20,,,regular,2026-09-03T12:40:36.368790
2026-09-03,czwartek,gliwice,Odyseja,Cinema City Gliwice Forum,16:00,,,regular,2026-09-03T12:40:36.368790
2026-09-03,czwartek,gliwice,Odyseja,Cinema City Gliwice Forum,19:30,,,regular,2026-09-03T12:40:36.368790
2026-09-03,czwartek,gliwice,Ostrze przeznaczenia,Cinema City Gliwice Forum,18:00,,,regular,2026-09-03T12:40:36.368790
2026-09-03,czwartek,gliwice,Psi Patrol i dinozaury (dubbing),Cinema City Gliwice Forum,10:20,,dubbing,regular,2026-09-03T12:40:36.368790
2026-09-03,czwartek,gliwice,Psi Patrol i dinozaury (dubbing),Cinema City Gliwice Forum,12:30,,dubbing,regular,2026-09-03T12:40:36.368790
2026-09-03,czwartek,gliwice,Psi Patrol i dinozaury (dubbing),Cinema City Gliwice Forum,14:40,,dubbing,regular,2026-09-03T12:40:36.368790
2026-09-03,czwartek,gliwice,Psi Patrol i dinozaury (dubbing),Cinema City Gliwice Forum,16:50,,dubbing,regular,2026-09-03T12:40:36.368790
2026-09-03,czwartek,gliwice,Pucio kocha zwierzaki,Cinema City Gliwice Forum,10:10,,,regular,2026-09-03T12:40:36.368790
2026-09-03,czwartek,gliwice,Pucio kocha zwierzaki,Cinema City Gliwice Forum,11:40,,,regular,2026-09-03T12:40:36.368790
2026-09-03,czwartek,gliwice,Pucio kocha zwierzaki,Cinema City Gliwice Forum,13:10,,,regular,2026-09-03T12:40:36.368790
2026-09-03,czwartek,gliwice,Pucio kocha zwierzaki,Cinema City Gliwice Forum,14:40,,,regular,2026-09-03T12:40:36.368790
2026-09-03,czwartek,gliwice,Pucio kocha zwierzaki,Cinema City Gliwice Forum,16:10,,,regular,2026-09-03T12:40:36.368790
2026-09-03,czwartek,gliwice,Spider-Man. Całkiem nowy dzień,Cinema City Gliwice Forum,10:30,,,regular,2026-09-03T12:40:36.368790
2026-09-03,czwartek,gliwice,Spider-Man. Całkiem nowy dzień,Cinema City Gliwice Forum,13:40,,,regular,2026-09-03T12:40:36.368790
2026-09-03,czwartek,gliwice,Spider-Man. Całkiem nowy dzień,Cinema City Gliwice Forum,16:50,,,regular,2026-09-03T12:40:36.368790
2026-09-03,czwartek,gliwice,Spider-Man. Całkiem nowy dzień,Cinema City Gliwice Forum,20:00,,,regular,2026-09-03T12:40:36.368790
2026-09-03,czwartek,gliwice,Spider-Man. Całkiem nowy dzień,Cinema City Gliwice Forum,21:10,,,regular,2026-09-03T12:40:36.368790
2026-09-03,czwartek,gliwice,Spider-Man. Całkiem nowy dzień,Cinema City Gliwice Forum,22:15,,,regular,2026-09-03T12:40:36.368790
2026-09-03,czwartek,gliwice,Spider-Man. Całkiem nowy dzień (dubbing),Cinema City Gliwice Forum,11:40,,dubbing,regular,2026-09-03T12:40:36.368790
2026-09-03,czwartek,gliwice,Spider-Man. Całkiem nowy dzień (dubbing),Cinema City Gliwice Forum,14:50,,dubbing,regular,2026-09-03T12:40:36.368790
2026-09-03,czwartek,gliwice,Spider-Man. Całkiem nowy dzień (dubbing),Cinema City Gliwice Forum,18:00,,dubbing,regular,2026-09-03T12:40:36.368790
2026-09-03,czwartek,gliwice,Spider-Man. Całkiem nowy dzień 3D,Cinema City Gliwice Forum,17:40,3D,,regular,2026-09-03T12:40:36.368790
2026-09-03,czwartek,gliwice,Spider-Man. Całkiem nowy dzień 3D (dubbing),Cinema City Gliwice Forum,14:30,3D,dubbing,regular,2026-09-03T12:40:36.368790
2026-09-03,czwartek,gliwice,Sunny Dancer,Cinema City Gliwice Forum,18:00,,,regular,2026-09-03T12:40:36.368790
2026-09-03,czwartek,gliwice,Sunny Dancer,Cinema City Gliwice Forum,20:30,,,regular,2026-09-03T12:40:36.368790
2026-09-03,czwartek,gliwice,Terminator 2: Dzień sądu,Cinema City Gliwice Forum,16:00,,,regular,2026-09-03T12:40:36.368790
2026-09-03,czwartek,gliwice,Terminator 2: Dzień sądu,Cinema City Gliwice Forum,19:00,,,regular,2026-09-03T12:40:36.368790
2026-09-03,czwartek,gliwice,Toy Story 5 (dubbing),Cinema City Gliwice Forum,11:00,,dubbing,regular,2026-09-03T12:40:36.368790
2026-09-03,czwartek,gliwice,Vaiana (dubbing),Cinema City Gliwice Forum,13:20,,dubbing,regular,2026-09-03T12:40:36.368790
2026-09-03,czwartek,gliwice,Vivaldi i ja,Cinema City Gliwice Forum,10:50,,,regular,2026-09-03T12:40:36.368790
2026-09-03,czwartek,gliwice,Wszyscy moi wrogowie,Cinema City Gliwice Forum,10:00,,,regular,2026-09-03T12:40:36.368790
2026-09-03,czwartek,rzeszów,Bogaci i martwi,Kino Zorza w Rzeszowie,18:10,,,regular,2026-09-03T12:40:41.347583
2026-09-03,czwartek,rzeszów,Buntownik,Helios Galeria Rzeszów,20:30,,,regular,2026-09-03T12:40:41.347583
2026-09-03,czwartek,rzeszów,Buntownik,Helios Galeria Rzeszów,21:30,,,regular,2026-09-03T12:40:41.347583
2026-09-03,czwartek,rzeszów,Buntownik,Kino Zorza w Rzeszowie,20:20,,,regular,2026-09-03T12:40:41.347583
2026-09-03,czwartek,rzeszów,Buntownik,Multikino Rzeszów,15:50,,,regular,2026-09-03T12:40:41.347583
2026-09-03,czwartek,rzeszów,Buntownik,Multikino Rzeszów,19:50,,,regular,2026-09-03T12:40:41.347583
2026-09-03,czwartek,rzeszów,Franz Kafka,Kino za Rogiem Café w Rzeszowie,16:30,,,regular,2026-09-03T12:40:41.347583
2026-09-03,czwartek,rzeszów,Gorzkie święta,Kino Zorza w Rzeszowie,14:00,,,regular,2026-09-03T12:40:41.347583
2026-09-03,czwartek,rzeszów,Gorzkie święta,Kino Zorza w Rzeszowie,18:00,,,regular,2026-09-03T12:40:41.347583
2026-09-03,czwartek,rzeszów,Gorzkie święta,Kino Zorza w Rzeszowie,20:50,,,regular,2026-09-03T12:40:41.347583
2026-09-03,czwartek,rzeszów,Gorzkie święta,Multikino Rzeszów,19:25,,,regular,2026-09-03T12:40:41.347583
2026-09-03,czwartek,rzeszów,Gwiazdozbiór Psa,Helios Galeria Rzeszów,11:20,,,regular,2026-09-03T12:40:41.347583
2026-09-03,czwartek,rzeszów,Gwiazdozbiór Psa,Helios Galeria Rzeszów,15:45,,,regular,2026-09-03T12:40:41.347583
2026-09-03,czwartek,rzeszów,Gwiazdozbiór Psa,Helios Galeria Rzeszów,18:30,,,regular,2026-09-03T12:40:41.347583
2026-09-03,czwartek,rzeszów,Gwiazdozbiór Psa,Helios Galeria Rzeszów,20:00,,,regular,2026-09-03T12:40:41.347583
2026-09-03,czwartek,rzeszów,Gwiazdozbiór Psa,Kino Zorza w Rzeszowie,14:20,,,regular,2026-09-03T12:40:41.347583
2026-09-03,czwartek,rzeszów,Gwiazdozbiór Psa,Kino Zorza w Rzeszowie,20:00,,,regular,2026-09-03T12:40:41.347583
2026-09-03,czwartek,rzeszów,Gwiazdozbiór Psa,Multikino Rzeszów,17:30,,,regular,2026-09-03T12:40:41.347583
2026-09-03,czwartek,rzeszów,Gwiazdozbiór Psa,Multikino Rzeszów,20:15,,,regular,2026-09-03T12:40:41.347583
2026-09-03,czwartek,rzeszów,Harry Potter i Insygnia Śmierci cz. 2 (dubbing),Multikino Rzeszów,17:15,,dubbing,regular,2026-09-03T12:40:41.347583
2026-09-03,czwartek,rzeszów,Harry Potter i Kamień Filozoficzny (dubbing),Multikino Rzeszów,14:00,,dubbing,regular,2026-09-03T12:40:41.347583
2026-09-03,czwartek,rzeszów,Julia Pirotte. Piękno i siła,Kino Zorza w Rzeszowie,12:30,,,regular,2026-09-03T12:40:41.347583
2026-09-03,czwartek,rzeszów,Julia Pirotte. Piękno i siła,Kino Zorza w Rzeszowie,16:30,,,regular,2026-09-03T12:40:41.347583
2026-09-03,czwartek,rzeszów,Koniec Ulicy Dębowej,Multikino Rzeszów,14:45,,,regular,2026-09-03T12:40:41.347583
2026-09-03,czwartek,rzeszów,Księga pustyni,Helios Galeria Rzeszów,12:00,,,regular,2026-09-03T12:40:41.347583
2026-09-03,czwartek,rzeszów,Księga pustyni,Helios Galeria Rzeszów,14:15,,,regular,2026-09-03T12:40:41.347583
2026-09-03,czwartek,rzeszów,Księga pustyni,Kino Zorza w Rzeszowie,10:30,,,regular,2026-09-03T12:40:41.347583
2026-09-03,czwartek,rzeszów,Księga pustyni,Kino Zorza w Rzeszowie,12:15,,,regular,2026-09-03T12:40:41.347583
2026-09-03,czwartek,rzeszów,Księga pustyni,Kino Zorza w Rzeszowie,14:30,,,regular,2026-09-03T12:40:41.347583
2026-09-03,czwartek,rzeszów,Księga pustyni (dubbing),Multikino Rzeszów,10:15,,dubbing,regular,2026-09-03T12:40:41.347583
2026-09-03,czwartek,rzeszów,Księga pustyni (dubbing),Multikino Rzeszów,12:30,,dubbing,regular,2026-09-03T12:40:41.347583
2026-09-03,czwartek,rzeszów,Księga pustyni (dubbing),Multikino Rzeszów,17:15,,dubbing,regular,2026-09-03T12:40:41.347583
2026-09-03,czwartek,rzeszów,Minionki i straszydła (dubbing),Helios Galeria Rzeszów,11:10,,dubbing,regular,2026-09-03T12:40:41.347583
2026-09-03,czwartek,rzeszów,Minionki i straszydła (dubbing),Multikino Rzeszów,11:25,,dubbing,regular,2026-09-03T12:40:41.347583
2026-09-03,czwartek,rzeszów,Minionki i straszydła (dubbing),Multikino Rzeszów,13:35,,dubbing,regular,2026-09-03T12:40:41.347583
2026-09-03,czwartek,rzeszów,Minionki i straszydła (dubbing),Multikino Rzeszów,15:30,,dubbing,regular,2026-09-03T12:40:41.347583
2026-09-03,czwartek,rzeszów,Naznaczony: Wyjście z mrocznego wymiaru,Helios Galeria Rzeszów,15:00,,,regular,2026-09-03T12:40:41.347583
2026-09-03,czwartek,rzeszów,Naznaczony: Wyjście z mrocznego wymiaru,Helios Galeria Rzeszów,19:00,,,regular,2026-09-03T12:40:41.347583
2026-09-03,czwartek,rzeszów,Naznaczony: Wyjście z mrocznego wymiaru,Multikino Rzeszów,16:20,,,regular,2026-09-03T12:40:41.347583
2026-09-03,czwartek,rzeszów,Naznaczony: Wyjście z mrocznego wymiaru,Multikino Rzeszów,18:50,,,regular,2026-09-03T12:40:41.347583
2026-09-03,czwartek,rzeszów,Naznaczony: Wyjście z mrocznego wymiaru,Multikino Rzeszów,21:15,,,regular,2026-09-03T12:40:41.347583
2026-09-03,czwartek,rzeszów,Nowa fala,Multikino Rzeszów,20:00,,,regular,2026-09-03T12:40:41.347583
2026-09-03,czwartek,rzeszów,O czym wie Marielle,Kino Zorza w Rzeszowie,16:20,,,regular,2026-09-03T12:40:41.347583
2026-09-03,czwartek,rzeszów,Odyseja,Helios Galeria Rzeszów,13:10,,,regular,2026-09-03T12:40:41.347583
2026-09-03,czwartek,rzeszów,Odyseja,Helios Galeria Rzeszów,15:15,,,regular,2026-09-03T12:40:41.347583
2026-09-03,czwartek,rzeszów,Odyseja,Helios Galeria Rzeszów,19:30,,,regular,2026-09-03T12:40:41.347583
2026-09-03,czwartek,rzeszów,Odyseja,Multikino Rzeszów,12:10,,,regular,2026-09-03T12:40:41.347583
2026-09-03,czwartek,rzeszów,Odyseja,Multikino Rzeszów,15:45,,,regular,2026-09-03T12:40:41.347583
2026-09-03,czwartek,rzeszów,Odyseja,Multikino Rzeszów,19:15,,,regular,2026-09-03T12:40:41.347583
2026-09-03,czwartek,rzeszów,Osiem i pół,Kino Zorza w Rzeszowie,18:30,,,regular,2026-09-03T12:40:41.347583
2026-09-03,czwartek,rzeszów,Ostrze przeznaczenia,Multikino Rzeszów,21:00,,,regular,2026-09-03T12:40:41.347583
2026-09-03,czwartek,rzeszów,Psi Patrol i dinozaury,Helios Galeria Rzeszów,10:15,,,regular,2026-09-03T12:40:41.347583
2026-09-03,czwartek,rzeszów,Psi Patrol i dinozaury,Helios Galeria Rzeszów,10:45,,,regular,2026-09-03T12:40:41.347583
2026-09-03,czwartek,rzeszów,Psi Patrol i dinozaury,Helios Galeria Rzeszów,13:00,,,regular,2026-09-03T12:40:41.347583
2026-09-03,czwartek,rzeszów,Psi Patrol i dinozaury,Helios Galeria Rzeszów,17:15,,,regular,2026-09-03T12:40:41.347583
2026-09-03,czwartek,rzeszów,Psi Patrol i dinozaury (dubbing),Multikino Rzeszów,10:00,,dubbing,regular,2026-09-03T12:40:41.347583
2026-09-03,czwartek,rzeszów,Psi Patrol i dinozaury (dubbing),Multikino Rzeszów,11:10,,dubbing,regular,2026-09-03T12:40:41.347583
2026-09-03,czwartek,rzeszów,Psi Patrol i dinozaury (dubbing),Multikino Rzeszów,12:10,,dubbing,regular,2026-09-03T12:40:41.347583
2026-09-03,czwartek,rzeszów,Psi Patrol i dinozaury (dubbing),Multikino Rzeszów,13:20,,dubbing,regular,2026-09-03T12:40:41.347583
2026-09-03,czwartek,rzeszów,Psi Patrol i dinozaury (dubbing),Multikino Rzeszów,14:10,,dubbing,regular,2026-09-03T12:40:41.347583
2026-09-03,czwartek,rzeszów,Psi Patrol i dinozaury (dubbing),Multikino Rzeszów,15:30,,dubbing,regular,2026-09-03T12:40:41.347583
2026-09-03,czwartek,rzeszów,Psi Patrol i dinozaury (dubbing),Multikino Rzeszów,17:45,,dubbing,regular,2026-09-03T12:40:41.347583
2026-09-03,czwartek,rzeszów,Pucio kocha zwierzaki,Helios Galeria Rzeszów,10:00,,,regular,2026-09-03T12:40:41.347583
2026-09-03,czwartek,rzeszów,Pucio kocha zwierzaki,Helios Galeria Rzeszów,13:30,,,regular,2026-09-03T12:40:41.347583
2026-09-03,czwartek,rzeszów,Pucio kocha zwierzaki,Helios Galeria Rzeszów,16:30,,,regular,2026-09-03T12:40:41.347583
2026-09-03,czwartek,rzeszów,Pucio kocha zwierzaki,Multikino Rzeszów,10:00,,,regular,2026-09-03T12:40:41.347583
2026-09-03,czwartek,rzeszów,Pucio kocha zwierzaki,Multikino Rzeszów,11:05,,,regular,2026-09-03T12:40:41.347583
2026-09-03,czwartek,rzeszów,Pucio kocha zwierzaki,Multikino Rzeszów,14:20,,,regular,2026-09-03T12:40:41.347583
2026-09-03,czwartek,rzeszów,Spider-Man. Całkiem nowy dzień,Helios Galeria Rzeszów,10:00,,,regular,2026-09-03T12:40:41.347583
2026-09-03,czwartek,rzeszów,Spider-Man. Całkiem nowy dzień,Helios Galeria Rzeszów,12:30,,,regular,2026-09-03T12:40:41.347583
2026-09-03,czwartek,rzeszów,Spider-Man. Całkiem nowy dzień,Helios Galeria Rzeszów,14:00,,,regular,2026-09-03T12:40:41.347583
2026-09-03,czwartek,rzeszów,Spider-Man. Całkiem nowy dzień,Helios Galeria Rzeszów,16:45,,,regular,2026-09-03T12:40:41.347583
2026-09-03,czwartek,rzeszów,Spider-Man. Całkiem nowy dzień,Helios Galeria Rzeszów,17:30,,,regular,2026-09-03T12:40:41.347583
2026-09-03,czwartek,rzeszów,Spider-Man. Całkiem nowy dzień,Helios Galeria Rzeszów,21:15,,,regular,2026-09-03T12:40:41.347583
2026-09-03,czwartek,rzeszów,Spider-Man. Całkiem nowy dzień,Multikino Rzeszów,11:10,,,regular,2026-09-03T12:40:41.347583
2026-09-03,czwartek,rzeszów,Spider-Man. Całkiem nowy dzień,Multikino Rzeszów,14:25,,,regular,2026-09-03T12:40:41.347583
2026-09-03,czwartek,rzeszów,Spider-Man. Całkiem nowy dzień,Multikino Rzeszów,17:30,,,regular,2026-09-03T12:40:41.347583
2026-09-03,czwartek,rzeszów,Spider-Man. Całkiem nowy dzień,Multikino Rzeszów,20:35,,,regular,2026-09-03T12:40:41.347583
2026-09-03,czwartek,rzeszów,Spider-Man. Całkiem nowy dzień (dubbing),Multikino Rzeszów,10:00,,dubbing,regular,2026-09-03T12:40:41.347583
2026-09-03,czwartek,rzeszów,Spider-Man. Całkiem nowy dzień (dubbing),Multikino Rzeszów,13:15,,dubbing,regular,2026-09-03T12:40:41.347583
2026-09-03,czwartek,rzeszów,Spider-Man. Całkiem nowy dzień (dubbing),Multikino Rzeszów,16:30,,dubbing,regular,2026-09-03T12:40:41.347583
2026-09-03,czwartek,rzeszów,Spider-Man. Całkiem nowy dzień (dubbing),Multikino Rzeszów,19:45,,dubbing,regular,2026-09-03T12:40:41.347583
2026-09-03,czwartek,rzeszów,Terminator 2: Dzień sądu,Helios Galeria Rzeszów,18:00,,,regular,2026-09-03T12:40:41.347583
2026-09-03,czwartek,rzeszów,Terminator 2: Dzień sądu,Multikino Rzeszów,18:10,,,regular,2026-09-03T12:40:41.347583
2026-09-03,czwartek,rzeszów,Toy Story 5 (dubbing),Multikino Rzeszów,11:40,,dubbing,regular,2026-09-03T12:40:41.347583
2026-09-03,czwartek,rzeszów,Vivaldi i ja,Kino Zorza w Rzeszowie,12:00,,,regular,2026-09-03T12:40:41.347583
2026-09-03,czwartek,rzeszów,Vivaldi i ja,Kino Zorza w Rzeszowie,16:10,,,regular,2026-09-03T12:40:41.347583
2026-09-03,czwartek,rzeszów,Zróbmy sobie przerwę,Helios Galeria Rzeszów,20:45,,,regular,2026-09-03T12:40:41.347583
2026-09-03,czwartek,rzeszów,Życie Chucka,Kino za Rogiem Café w Rzeszowie,19:00,,,regular,2026-09-03T12:40:41.347583
2026-09-03,czwartek,toruń,Arek.Mama.Panorama,Kino Centrum w Toruniu,18:00,,,regular,2026-09-03T12:40:44.053843
2026-09-03,czwartek,toruń,Bogaci i martwi,Cinema City Toruń Czerwona Droga,20:30,,,regular,2026-09-03T12:40:44.053843
2026-09-03,czwartek,toruń,Bogaci i martwi,Cinema City Toruń Plaza,12:20,,,regular,2026-09-03T12:40:44.053843
2026-09-03,czwartek,toruń,Buntownik,Cinema City Toruń Czerwona Droga,15:00,,,regular,2026-09-03T12:40:44.053843
2026-09-03,czwartek,toruń,Buntownik,Cinema City Toruń Czerwona Droga,19:30,,,regular,2026-09-03T12:40:44.053843
2026-09-03,czwartek,toruń,Buntownik,Cinema City Toruń Czerwona Droga,21:45,,,regular,2026-09-03T12:40:44.053843
2026-09-03,czwartek,toruń,Buntownik,Cinema City Toruń Plaza,20:50,,,regular,2026-09-03T12:40:44.053843
2026-09-03,czwartek,toruń,Ekipa zwierzaków (dubbing),Cinema City Toruń Czerwona Droga,10:40,,dubbing,regular,2026-09-03T12:40:44.053843
2026-09-03,czwartek,toruń,Flavia de Luce (dubbing),Cinema City Toruń Czerwona Droga,10:10,,dubbing,regular,2026-09-03T12:40:44.053843
2026-09-03,czwartek,toruń,Gorzkie święta,Cinema City Toruń Czerwona Droga,17:50,,,regular,2026-09-03T12:40:44.053843
2026-09-03,czwartek,toruń,Gorzkie święta,Cinema City Toruń Czerwona Droga,20:30,,,regular,2026-09-03T12:40:44.053843
2026-09-03,czwartek,toruń,Gorzkie święta,Cinema City Toruń Plaza,18:20,,,regular,2026-09-03T12:40:44.053843
2026-09-03,czwartek,toruń,Gwiazdozbiór Psa,Cinema City Toruń Czerwona Droga,11:50,,,regular,2026-09-03T12:40:44.053843
2026-09-03,czwartek,toruń,Gwiazdozbiór Psa,Cinema City Toruń Czerwona Droga,14:30,,,regular,2026-09-03T12:40:44.053843
2026-09-03,czwartek,toruń,Gwiazdozbiór Psa,Cinema City Toruń Czerwona Droga,17:10,,,regular,2026-09-03T12:40:44.053843
2026-09-03,czwartek,toruń,Gwiazdozbiór Psa,Cinema City Toruń Czerwona Droga,19:50,,,regular,2026-09-03T12:40:44.053843
2026-09-03,czwartek,toruń,Gwiazdozbiór Psa,Cinema City Toruń Czerwona Droga,20:40,,,regular,2026-09-03T12:40:44.053843
2026-09-03,czwartek,toruń,Gwiazdozbiór Psa,Cinema City Toruń Plaza,11:00,,,regular,2026-09-03T12:40:44.053843
2026-09-03,czwartek,toruń,Gwiazdozbiór Psa,Cinema City Toruń Plaza,13:40,,,regular,2026-09-03T12:40:44.053843
2026-09-03,czwartek,toruń,Gwiazdozbiór Psa,Cinema City Toruń Plaza,16:15,,,regular,2026-09-03T12:40:44.053843
2026-09-03,czwartek,toruń,Gwiazdozbiór Psa,Cinema City Toruń Plaza,18:50,,,regular,2026-09-03T12:40:44.053843
2026-09-03,czwartek,toruń,Gwiazdozbiór Psa,Cinema City Toruń Plaza,21:30,,,regular,2026-09-03T12:40:44.053843
2026-09-03,czwartek,toruń,Harry Potter i Kamień Filozoficzny (dubbing),Cinema City Toruń Czerwona Droga,16:30,,dubbing,regular,2026-09-03T12:40:44.053843
2026-09-03,czwartek,toruń,Harry Potter i Kamień Filozoficzny (dubbing),Cinema City Toruń Plaza,17:00,,dubbing,regular,2026-09-03T12:40:44.053843
2026-09-03,czwartek,toruń,Koniec Ulicy Dębowej,Cinema City Toruń Czerwona Droga,12:45,,,regular,2026-09-03T12:40:44.053843
2026-09-03,czwartek,toruń,Koniec Ulicy Dębowej,Cinema City Toruń Czerwona Droga,17:40,,,regular,2026-09-03T12:40:44.053843
2026-09-03,czwartek,toruń,Koniec Ulicy Dębowej,Cinema City Toruń Plaza,15:45,,,regular,2026-09-03T12:40:44.053843
2026-09-03,czwartek,toruń,Księga pustyni (dubbing),Cinema City Toruń Czerwona Droga,10:15,,dubbing,regular,2026-09-03T12:40:44.053843
2026-09-03,czwartek,toruń,Księga pustyni (dubbing),Cinema City Toruń Czerwona Droga,11:00,,dubbing,regular,2026-09-03T12:40:44.053843
2026-09-03,czwartek,toruń,Księga pustyni (dubbing),Cinema City Toruń Czerwona Droga,13:30,,dubbing,regular,2026-09-03T12:40:44.053843
2026-09-03,czwartek,toruń,Księga pustyni (dubbing),Cinema City Toruń Czerwona Droga,15:50,,dubbing,regular,2026-09-03T12:40:44.053843
2026-09-03,czwartek,toruń,Księga pustyni (dubbing),Cinema City Toruń Plaza,11:30,,dubbing,regular,2026-09-03T12:40:44.053843
2026-09-03,czwartek,toruń,Księga pustyni (dubbing),Cinema City Toruń Plaza,13:45,,dubbing,regular,2026-09-03T12:40:44.053843
2026-09-03,czwartek,toruń,Minionki i straszydła (dubbing),Cinema City Toruń Czerwona Droga,10:00,,dubbing,regular,2026-09-03T12:40:44.053843
2026-09-03,czwartek,toruń,Minionki i straszydła (dubbing),Cinema City Toruń Czerwona Droga,12:10,,dubbing,regular,2026-09-03T12:40:44.053843
2026-09-03,czwartek,toruń,Minionki i straszydła (dubbing),Cinema City Toruń Czerwona Droga,14:20,,dubbing,regular,2026-09-03T12:40:44.053843
2026-09-03,czwartek,toruń,Minionki i straszydła (dubbing),Cinema City Toruń Plaza,14:50,,dubbing,regular,2026-09-03T12:40:44.053843
2026-09-03,czwartek,toruń,Naznaczony: Wyjście z mrocznego wymiaru,Cinema City Toruń Czerwona Droga,15:30,,,regular,2026-09-03T12:40:44.053843
2026-09-03,czwartek,toruń,Naznaczony: Wyjście z mrocznego wymiaru,Cinema City Toruń Czerwona Droga,20:00,,,regular,2026-09-03T12:40:44.053843
2026-09-03,czwartek,toruń,Naznaczony: Wyjście z mrocznego wymiaru,Cinema City Toruń Czerwona Droga,22:00,,,regular,2026-09-03T12:40:44.053843
2026-09-03,czwartek,toruń,Naznaczony: Wyjście z mrocznego wymiaru,Cinema City Toruń Plaza,16:00,,,regular,2026-09-03T12:40:44.053843
2026-09-03,czwartek,toruń,Naznaczony: Wyjście z mrocznego wymiaru,Cinema City Toruń Plaza,20:20,,,regular,2026-09-03T12:40:44.053843
2026-09-03,czwartek,toruń,Nie patrz w dół 2,Cinema City Toruń Czerwona Droga,18:20,,,regular,2026-09-03T12:40:44.053843
2026-09-03,czwartek,toruń,Nie patrz w dół 2,Cinema City Toruń Plaza,18:30,,,regular,2026-09-03T12:40:44.053843
2026-09-03,czwartek,toruń,Nowa fala,Kino Centrum w Toruniu,16:00,,,regular,2026-09-03T12:40:44.053843
2026-09-03,czwartek,toruń,Nowa fala,Kino Centrum w Toruniu,20:00,,,regular,2026-09-03T12:40:44.053843
2026-09-03,czwartek,toruń,Obsesja,Cinema City Toruń Czerwona Droga,20:50,,,regular,2026-09-03T12:40:44.053843
2026-09-03,czwartek,toruń,Odyseja,Cinema City Toruń Czerwona Droga,12:30,,,regular,2026-09-03T12:40:44.053843
2026-09-03,czwartek,toruń,Odyseja,Cinema City Toruń Czerwona Droga,16:10,,,regular,2026-09-03T12:40:44.053843
2026-09-03,czwartek,toruń,Odyseja,Cinema City Toruń Czerwona Droga,19:45,,,regular,2026-09-03T12:40:44.053843
2026-09-03,czwartek,toruń,Odyseja,Cinema City Toruń Plaza,14:30,,,regular,2026-09-03T12:40:44.053843
2026-09-03,czwartek,toruń,Odyseja,Cinema City Toruń Plaza,20:30,,,regular,2026-09-03T12:40:44.053843
2026-09-03,czwartek,toruń,Ostrze przeznaczenia,Cinema City Toruń Czerwona Droga,18:00,,,regular,2026-09-03T12:40:44.053843
2026-09-03,czwartek,toruń,Psi Patrol i dinozaury (dubbing),Cinema City Toruń Czerwona Droga,10:30,,dubbing,regular,2026-09-03T12:40:44.053843
2026-09-03,czwartek,toruń,Psi Patrol i dinozaury (dubbing),Cinema City Toruń Czerwona Droga,11:30,,dubbing,regular,2026-09-03T12:40:44.053843
2026-09-03,czwartek,toruń,Psi Patrol i dinozaury (dubbing),Cinema City Toruń Czerwona Droga,13:40,,dubbing,regular,2026-09-03T12:40:44.053843
2026-09-03,czwartek,toruń,Psi Patrol i dinozaury (dubbing),Cinema City Toruń Czerwona Droga,15:50,,dubbing,regular,2026-09-03T12:40:44.053843
2026-09-03,czwartek,toruń,Psi Patrol i dinozaury (dubbing),Cinema City Toruń Czerwona Droga,17:20,,dubbing,regular,2026-09-03T12:40:44.053843
2026-09-03,czwartek,toruń,Psi Patrol i dinozaury (dubbing),Cinema City Toruń Plaza,11:00,,dubbing,regular,2026-09-03T12:40:44.053843
2026-09-03,czwartek,toruń,Psi Patrol i dinozaury (dubbing),Cinema City Toruń Plaza,13:10,,dubbing,regular,2026-09-03T12:40:44.053843
2026-09-03,czwartek,toruń,Psi Patrol i dinozaury (dubbing),Cinema City Toruń Plaza,15:20,,dubbing,regular,2026-09-03T12:40:44.053843
2026-09-03,czwartek,toruń,Psi Patrol i dinozaury (dubbing),Cinema City Toruń Plaza,17:30,,dubbing,regular,2026-09-03T12:40:44.053843
2026-09-03,czwartek,toruń,Pucio kocha zwierzaki,Cinema City Toruń Czerwona Droga,10:30,,,regular,2026-09-03T12:40:44.053843
2026-09-03,czwartek,toruń,Pucio kocha zwierzaki,Cinema City Toruń Czerwona Droga,12:00,,,regular,2026-09-03T12:40:44.053843
2026-09-03,czwartek,toruń,Pucio kocha zwierzaki,Cinema City Toruń Czerwona Droga,13:30,,,regular,2026-09-03T12:40:44.053843
2026-09-03,czwartek,toruń,Pucio kocha zwierzaki,Cinema City Toruń Czerwona Droga,15:00,,,regular,2026-09-03T12:40:44.053843
2026-09-03,czwartek,toruń,Pucio kocha zwierzaki,Cinema City Toruń Czerwona Droga,16:30,,,regular,2026-09-03T12:40:44.053843
2026-09-03,czwartek,toruń,Pucio kocha zwierzaki,Cinema City Toruń Plaza,11:15,,,regular,2026-09-03T12:40:44.053843
2026-09-03,czwartek,toruń,Pucio kocha zwierzaki,Cinema City Toruń Plaza,12:45,,,regular,2026-09-03T12:40:44.053843
2026-09-03,czwartek,toruń,Pucio kocha zwierzaki,Cinema City Toruń Plaza,14:15,,,regular,2026-09-03T12:40:44.053843
2026-09-03,czwartek,toruń,Pucio kocha zwierzaki,Kino Centrum w Toruniu,15:00,,,regular,2026-09-03T12:40:44.053843
2026-09-03,czwartek,toruń,Spider-Man. Całkiem nowy dzień,Cinema City Toruń Czerwona Droga,14:40,,,regular,2026-09-03T12:40:44.053843
2026-09-03,czwartek,toruń,Spider-Man. Całkiem nowy dzień,Cinema City Toruń Czerwona Droga,18:00,,,regular,2026-09-03T12:40:44.053843
2026-09-03,czwartek,toruń,Spider-Man. Całkiem nowy dzień,Cinema City Toruń Czerwona Droga,21:10,,,regular,2026-09-03T12:40:44.053843
2026-09-03,czwartek,toruń,Spider-Man. Całkiem nowy dzień,Cinema City Toruń Plaza,15:00,,,regular,2026-09-03T12:40:44.053843
2026-09-03,czwartek,toruń,Spider-Man. Całkiem nowy dzień,Cinema City Toruń Plaza,18:00,,,regular,2026-09-03T12:40:44.053843
2026-09-03,czwartek,toruń,Spider-Man. Całkiem nowy dzień,Cinema City Toruń Plaza,21:00,,,regular,2026-09-03T12:40:44.053843
2026-09-03,czwartek,toruń,Spider-Man. Całkiem nowy dzień (dubbing),Cinema City Toruń Czerwona Droga,11:30,,dubbing,regular,2026-09-03T12:40:44.053843
2026-09-03,czwartek,toruń,Spider-Man. Całkiem nowy dzień (dubbing),Cinema City Toruń Czerwona Droga,12:50,,dubbing,regular,2026-09-03T12:40:44.053843
2026-09-03,czwartek,toruń,Spider-Man. Całkiem nowy dzień (dubbing),Cinema City Toruń Czerwona Droga,16:00,,dubbing,regular,2026-09-03T12:40:44.053843
2026-09-03,czwartek,toruń,Spider-Man. Całkiem nowy dzień (dubbing),Cinema City Toruń Czerwona Droga,19:10,,dubbing,regular,2026-09-03T12:40:44.053843
2026-09-03,czwartek,toruń,Spider-Man. Całkiem nowy dzień (dubbing),Cinema City Toruń Plaza,11:50,,dubbing,regular,2026-09-03T12:40:44.053843
2026-09-03,czwartek,toruń,Spider-Man. Całkiem nowy dzień (dubbing),Cinema City Toruń Plaza,16:30,,dubbing,regular,2026-09-03T12:40:44.053843
2026-09-03,czwartek,toruń,Spider-Man. Całkiem nowy dzień (dubbing),Cinema City Toruń Plaza,19:45,,dubbing,regular,2026-09-03T12:40:44.053843
2026-09-03,czwartek,toruń,Spider-Man. Całkiem nowy dzień 3D (dubbing),Cinema City Toruń Plaza,13:20,3D,dubbing,regular,2026-09-03T12:40:44.053843
2026-09-03,czwartek,toruń,Sunny Dancer,Cinema City Toruń Czerwona Droga,15:15,,,regular,2026-09-03T12:40:44.053843
2026-09-03,czwartek,toruń,Sunny Dancer,Cinema City Toruń Czerwona Droga,20:10,,,regular,2026-09-03T12:40:44.053843
2026-09-03,czwartek,toruń,Sunny Dancer,Cinema City Toruń Plaza,18:00,,,regular,2026-09-03T12:40:44.053843
2026-09-03,czwartek,toruń,Terminator 2: Dzień sądu,Cinema City Toruń Czerwona Droga,16:00,,,regular,2026-09-03T12:40:44.053843
2026-09-03,czwartek,toruń,Terminator 2: Dzień sądu,Cinema City Toruń Czerwona Droga,19:00,,,regular,2026-09-03T12:40:44.053843
2026-09-03,czwartek,toruń,Terminator 2: Dzień sądu,Cinema City Toruń Plaza,19:35,,,regular,2026-09-03T12:40:44.053843
2026-09-03,czwartek,toruń,Toy Story 5 (dubbing),Cinema City Toruń Czerwona Droga,11:00,,dubbing,regular,2026-09-03T12:40:44.053843
2026-09-03,czwartek,toruń,Toy Story 5 (dubbing),Cinema City Toruń Czerwona Droga,12:30,,dubbing,regular,2026-09-03T12:40:44.053843
2026-09-03,czwartek,toruń,Toy Story 5 (dubbing),Cinema City Toruń Plaza,11:00,,dubbing,regular,2026-09-03T12:40:44.053843
2026-09-03,czwartek,toruń,Vaiana (dubbing),Cinema City Toruń Czerwona Droga,10:20,,dubbing,regular,2026-09-03T12:40:44.053843
2026-09-03,czwartek,toruń,Vaiana (dubbing),Cinema City Toruń Plaza,11:50,,dubbing,regular,2026-09-03T12:40:44.053843
2026-09-03,czwartek,toruń,Vivaldi i ja,Cinema City Toruń Czerwona Droga,13:00,,,regular,2026-09-03T12:40:44.053843
2026-09-03,czwartek,toruń,Wrong Girls,Cinema City Toruń Czerwona Droga,18:10,,,regular,2026-09-03T12:40:44.053843
2026-09-03,czwartek,toruń,Wrong Girls,Cinema City Toruń Plaza,21:00,,,regular,2026-09-03T12:40:44.053843
2026-09-03,czwartek,toruń,Zaproszenie,Cinema City Toruń Czerwona Droga,13:30,,,regular,2026-09-03T12:40:44.053843
2026-09-03,,podlaska,Psi patrol i dinozaury,Biała Podlaska,14:50,2D,,regular,2026-09-03T12:40:48.645059
2026-09-03,,podlaska,Spider-Man: Całkiem nowy dzień,Biała Podlaska,15:10,2D,original,regular,2026-09-03T12:40:48.645133
2026-09-03,,podlaska,Gwiazdozbiór psa,Biała Podlaska,16:20,2D,original,regular,2026-09-03T12:40:48.645150
2026-09-03,,podlaska,Harry Potter i Kamień Filozoficzny - 25. rocznica,Biała Podlaska,17:00,2D,,regular,2026-09-03T12:40:48.645168
2026-09-03,,podlaska,Buntownik,Biała Podlaska,17:50,2D,original,regular,2026-09-03T12:40:48.645184
2026-09-03,,podlaska,Nie patrz w dół 2,Biała Podlaska,18:20,2D,original,regular,2026-09-03T12:40:48.645198
2026-09-03,,podlaska,Gwiazdozbiór psa,Biała Podlaska,19:00,2D,original,regular,2026-09-03T12:40:48.645212
2026-09-03,,podlaska,Spider-Man: Całkiem nowy dzień,Biała Podlaska,20:10,2D,original,regular,2026-09-03T12:40:48.645236
2026-09-03,,podlaska,Terminator 2: Dzień sądu 35. Rocznica,Biała Podlaska,20:20,2D,original,regular,2026-09-03T12:40:48.645253
2026-09-03,,podlaska,Naznaczony: Wyjście z mrocznego wymiaru,Biała Podlaska,20:40,2D,original,regular,2026-09-03T12:40:48.645269
2026-09-03,,podlaska,Gwiazdozbiór psa,Biała Podlaska,21:40,2D,original,regular,2026-09-03T12:40:48.645282
2026-09-03,,bielsko-biała,Spider-Man: Całkiem nowy dzień,Bielsko-Biała,14:30,2D,original,regular,2026-09-03T12:40:49.989479
2026-09-03,,bielsko-biała,Psi patrol i dinozaury,Bielsko-Biała,14:40,2D,,regular,2026-09-03T12:40:49.989503
2026-09-03,,bielsko-biała,Gorzkie święta,Bielsko-Biała,15:10,2D,original,regular,2026-09-03T12:40:49.989515
2026-09-03,,bielsko-biała,Odyseja,Bielsko-Biała,15:20,2D,original,regular,2026-09-03T12:40:49.989526
2026-09-03,,bielsko-biała,Naznaczony: Wyjście z mrocznego wymiaru,Bielsko-Biała,15:30,2D,original,regular,2026-09-03T12:40:49.989537
2026-09-03,,bielsko-biała,Pucio kocha zwierzaki,Bielsko-Biała,15:40,2D,,regular,2026-09-03T12:40:49.989547
2026-09-03,,bielsko-biała,Buntownik,Bielsko-Biała,16:10,2D,original,regular,2026-09-03T12:40:49.989558
2026-09-03,,bielsko-biała,Gwiazdozbiór psa,Bielsko-Biała,16:20,2D,original,regular,2026-09-03T12:40:49.989570
2026-09-03,,bielsko-biała,Bogaci i martwi,Bielsko-Biała,16:40,2D,original,regular,2026-09-03T12:40:49.989581
2026-09-03,,bielsko-biała,Spider-Man: Całkiem nowy dzień,Bielsko-Biała,16:50,2D,original,regular,2026-09-03T12:40:49.989591
2026-09-03,,bielsko-biała,Harry Potter i Kamień Filozoficzny - 25. rocznica,Bielsko-Biała,17:00,2D,,regular,2026-09-03T12:40:49.989603
2026-09-03,,bielsko-biała,Tylko jedna noc,Bielsko-Biała,17:10,2D,original,regular,2026-09-03T12:40:49.989612
2026-09-03,,bielsko-biała,Spider-Man: Całkiem nowy dzień,Bielsko-Biała,17:40,2D,original,regular,2026-09-03T12:40:49.989622
2026-09-03,,bielsko-biała,Gorzkie święta,Bielsko-Biała,17:40,2D,original,regular,2026-09-03T12:40:49.989632
2026-09-03,,bielsko-biała,Ostrze przeznaczenia,Bielsko-Biała,18:00,2D,original,regular,2026-09-03T12:40:49.989644
2026-09-03,,bielsko-biała,Naznaczony: Wyjście z mrocznego wymiaru,Bielsko-Biała,18:20,2D,original,regular,2026-09-03T12:40:49.989655
2026-09-03,,bielsko-biała,Spider-Man: Całkiem nowy dzień,Bielsko-Biała,18:50,2D,original,regular,2026-09-03T12:40:49.989665
2026-09-03,,bielsko-biała,Gwiazdozbiór psa,Bielsko-Biała,19:00,2D,original,regular,2026-09-03T12:40:49.989675
2026-09-03,,bielsko-biała,Sunny Dancer,Bielsko-Biała,19:00,2D,original,regular,2026-09-03T12:40:49.989686
2026-09-03,,bielsko-biała,Terminator 2: Dzień sądu 35. Rocznica,Bielsko-Biała,19:30,2D,original,regular,2026-09-03T12:40:49.989696
2026-09-03,,bielsko-biała,Spider-Man: Całkiem nowy dzień,Bielsko-Biała,20:00,2D,original,regular,2026-09-03T12:40:49.989706
2026-09-03,,bielsko-biała,Odyseja,Bielsko-Biała,20:15,2D,original,regular,2026-09-03T12:40:49.989716
2026-09-03,,bielsko-biała,Koniec ulicy Dębowej,Bielsko-Biała,20:20,2D,original,regular,2026-09-03T12:40:49.989727
2026-09-03,,bielsko-biała,Nie patrz w dół 2,Bielsko-Biała,20:45,2D,original,regular,2026-09-03T12:40:49.989737
2026-09-03,,bielsko-biała,Spider-Man: Całkiem nowy dzień,Bielsko-Biała,20:50,2D,original,regular,2026-09-03T12:40:49.989747
2026-09-03,,bielsko-biała,Naznaczony: Wyjście z mrocznego wymiaru,Bielsko-Biała,20:50,2D,original,regular,2026-09-03T12:40:49.989758
2026-09-03,,bielsko-biała,Buntownik,Bielsko-Biała,21:30,2D,original,regular,2026-09-03T12:40:49.989767
2026-09-03,,bielsko-biała,Gwiazdozbiór psa,Bielsko-Biała,21:40,2D,original,regular,2026-09-03T12:40:49.989777
2026-09-03,,bielsko-biała,Spider-Man: Całkiem nowy dzień,Bielsko-Biała,22:00,2D,original,regular,2026-09-03T12:40:49.989787
2026-09-03,,bydgoszcz,Odyseja,Bydgoszcz,14:30,2D,original,regular,2026-09-03T12:40:51.457972
2026-09-03,,bydgoszcz,Psi patrol i dinozaury,Bydgoszcz,14:40,2D,,regular,2026-09-03T12:40:51.457998
2026-09-03,,bydgoszcz,Minionki i straszydła,Bydgoszcz,14:50,2D,,regular,2026-09-03T12:40:51.458012
2026-09-03,,bydgoszcz,Gorzkie święta,Bydgoszcz,15:20,2D,original,regular,2026-09-03T12:40:51.458022
2026-09-03,,bydgoszcz,Terminator 2: Dzień sądu 35. Rocznica,Bydgoszcz,15:30,2D,original,regular,2026-09-03T12:40:51.458034
2026-09-03,,bydgoszcz,Księga pustyni,Bydgoszcz,15:30,2D,,regular,2026-09-03T12:40:51.458044
2026-09-03,,bydgoszcz,Naznaczony: Wyjście z mrocznego wymiaru,Bydgoszcz,15:40,2D,original,regular,2026-09-03T12:40:51.458055
2026-09-03,,bydgoszcz,Buntownik,Bydgoszcz,15:50,2D,original,regular,2026-09-03T12:40:51.458083
2026-09-03,,bydgoszcz,Gwiazdozbiór psa,Bydgoszcz,16:20,2D,original,regular,2026-09-03T12:40:51.458095
2026-09-03,,bydgoszcz,Spider-Man: Całkiem nowy dzień,Bydgoszcz,16:30,2D,original,regular,2026-09-03T12:40:51.458106
2026-09-03,,bydgoszcz,Koniec ulicy Dębowej,Bydgoszcz,16:50,2D,original,regular,2026-09-03T12:40:51.458116
2026-09-03,,bydgoszcz,Spider-Man: Całkiem nowy dzień,Bydgoszcz,16:50,2D,original,regular,2026-09-03T12:40:51.458126
2026-09-03,,bydgoszcz,Wszyscy moi wrogowie,Bydgoszcz,16:50,2D,original,regular,2026-09-03T12:40:51.458136
2026-09-03,,bydgoszcz,Terminator 2: Dzień sądu 35. Rocznica,Bydgoszcz,16:50,4DX,original,regular,2026-09-03T12:40:51.458145
2026-09-03,,bydgoszcz,Harry Potter i Kamień Filozoficzny - 25. rocznica,Bydgoszcz,17:30,2D,,regular,2026-09-03T12:40:51.458155
2026-09-03,,bydgoszcz,Ostrze przeznaczenia,Bydgoszcz,18:00,2D,original,regular,2026-09-03T12:40:51.458166
2026-09-03,,bydgoszcz,Gorzkie święta,Bydgoszcz,18:00,2D,original,regular,2026-09-03T12:40:51.458175
2026-09-03,,bydgoszcz,Odyseja,Bydgoszcz,18:10,2D,original,regular,2026-09-03T12:40:51.458185
2026-09-03,,bydgoszcz,Buntownik,Bydgoszcz,18:10,2D,original,regular,2026-09-03T12:40:51.458194
2026-09-03,,bydgoszcz,Naznaczony: Wyjście z mrocznego wymiaru,Bydgoszcz,18:10,2D,original,regular,2026-09-03T12:40:51.458204
2026-09-03,,bydgoszcz,Terminator 2: Dzień sądu 35. Rocznica,Bydgoszcz,18:30,2D,original,regular,2026-09-03T12:40:51.458214
2026-09-03,,bydgoszcz,Gwiazdozbiór psa,Bydgoszcz,19:00,2D,original,regular,2026-09-03T12:40:51.458223
2026-09-03,,bydgoszcz,Koniec ulicy Dębowej,Bydgoszcz,19:20,2D,original,regular,2026-09-03T12:40:51.458233
2026-09-03,,bydgoszcz,Tylko jedna noc,Bydgoszcz,19:40,2D,original,regular,2026-09-03T12:40:51.458242
2026-09-03,,bydgoszcz,Gwiazdozbiór psa,Bydgoszcz,19:45,2D,original,regular,2026-09-03T12:40:51.458252
2026-09-03,,bydgoszcz,Gwiazdozbiór psa,Bydgoszcz,19:50,4DX,original,regular,2026-09-03T12:40:51.458260
2026-09-03,,bydgoszcz,Spider-Man: Całkiem nowy dzień,Bydgoszcz,20:00,2D,original,regular,2026-09-03T12:40:51.458269
2026-09-03,,bydgoszcz,Gwiazdozbiór psa ukraiński dubbing,Bydgoszcz,20:30,2D,dubbing,regular,2026-09-03T12:40:51.458278
2026-09-03,,bydgoszcz,Nie patrz w dół 2,Bydgoszcz,20:30,2D,original,regular,2026-09-03T12:40:51.458289
2026-09-03,,bydgoszcz,Naznaczony: Wyjście z mrocznego wymiaru,Bydgoszcz,20:40,2D,original,regular,2026-09-03T12:40:51.458298
2026-09-03,,bydgoszcz,Sunny Dancer,Bydgoszcz,20:50,2D,original,regular,2026-09-03T12:40:51.458308
2026-09-03,,bydgoszcz,Naznaczony: Wyjście z mrocznego wymiaru,Bydgoszcz,21:00,2D,original,regular,2026-09-03T12:40:51.458318
2026-09-03,,bydgoszcz,Gorzkie święta,Bydgoszcz,21:30,2D,original,regular,2026-09-03T12:40:51.458327
2026-09-03,,bydgoszcz,Gwiazdozbiór psa,Bydgoszcz,21:40,2D,original,regular,2026-09-03T12:40:51.458336
2026-09-03,,bydgoszcz,Odyseja,Bydgoszcz,21:50,2D,original,regular,2026-09-03T12:40:51.458345
2026-09-03,,bydgoszcz,Koniec ulicy Dębowej,Bydgoszcz,21:50,2D,original,regular,2026-09-03T12:40:51.458355
2026-09-03,,bydgoszcz,Wszyscy moi wrogowie,Bydgoszcz,22:00,2D,original,regular,2026-09-03T12:40:51.458364
2026-09-03,,bydgoszcz,Bogaci i martwi,Bydgoszcz,22:30,2D,original,regular,2026-09-03T12:40:51.458375
2026-09-03,,bydgoszcz,Naznaczony: Wyjście z mrocznego wymiaru,Bydgoszcz,22:30,4DX,original,regular,2026-09-03T12:40:51.458383
2026-09-03,,bytom,Psi patrol i dinozaury,Bytom,15:10,2D,,regular,2026-09-03T12:40:52.931654
2026-09-03,,bytom,Spider-Man: Całkiem nowy dzień,Bytom,15:15,2D,original,regular,2026-09-03T12:40:52.931680
2026-09-03,,bytom,Odyseja,Bytom,15:40,2D,original,regular,2026-09-03T12:40:52.931693
2026-09-03,,bytom,Księga pustyni,Bytom,15:50,2D,,regular,2026-09-03T12:40:52.931703
2026-09-03,,bytom,Minionki i straszydła,Bytom,16:00,2D,,regular,2026-09-03T12:40:52.931713
2026-09-03,,bytom,Pucio kocha zwierzaki,Bytom,16:10,2D,,regular,2026-09-03T12:40:52.931723
2026-09-03,,bytom,Gwiazdozbiór psa,Bytom,16:20,2D,original,regular,2026-09-03T12:40:52.931733
2026-09-03,,bytom,Wrong Girls,Bytom,16:50,2D,original,regular,2026-09-03T12:40:52.931743
2026-09-03,,bytom,Psi patrol i dinozaury,Bytom,17:20,2D,,regular,2026-09-03T12:40:52.931752
2026-09-03,,bytom,Tylko jedna noc,Bytom,17:40,2D,original,regular,2026-09-03T12:40:52.931761
2026-09-03,,bytom,Harry Potter i Kamień Filozoficzny - 25. rocznica,Bytom,18:00,2D,,regular,2026-09-03T12:40:52.931771
2026-09-03,,bytom,Sunny Dancer,Bytom,18:10,2D,original,regular,2026-09-03T12:40:52.931781
2026-09-03,,bytom,Spider-Man: Całkiem nowy dzień,Bytom,18:20,2D,original,regular,2026-09-03T12:40:52.931790
2026-09-03,,bytom,Gwiazdozbiór psa,Bytom,19:00,2D,original,regular,2026-09-03T12:40:52.931800
2026-09-03,,bytom,Gorzkie święta,Bytom,19:10,2D,original,regular,2026-09-03T12:40:52.931809
2026-09-03,,bytom,Odyseja,Bytom,19:20,2D,original,regular,2026-09-03T12:40:52.931819
2026-09-03,,bytom,Terminator 2: Dzień sądu 35. Rocznica,Bytom,19:30,2D,original,regular,2026-09-03T12:40:52.931829
2026-09-03,,bytom,Spider-Man: Całkiem nowy dzień,Bytom,20:00,2D,original,regular,2026-09-03T12:40:52.931839
2026-09-03,,bytom,Nie patrz w dół 2,Bytom,20:40,2D,original,regular,2026-09-03T12:40:52.931849
2026-09-03,,bytom,Naznaczony: Wyjście z mrocznego wymiaru,Bytom,21:20,2D,original,regular,2026-09-03T12:40:52.931860
2026-09-03,,bytom,Koniec ulicy Dębowej,Bytom,21:30,2D,original,regular,2026-09-03T12:40:52.931871
2026-09-03,,bytom,Buntownik,Bytom,21:40,2D,original,regular,2026-09-03T12:40:52.931881
2026-09-03,,bytom,Gwiazdozbiór psa,Bytom,21:40,2D,original,regular,2026-09-03T12:40:52.931890
2026-09-03,,cieszyn,Psi patrol i dinozaury,Cieszyn,14:50,2D,,regular,2026-09-03T12:40:54.368276
2026-09-03,,cieszyn,Spider-Man: Całkiem nowy dzień,Cieszyn,15:10,2D,original,regular,2026-09-03T12:40:54.368304
2026-09-03,,cieszyn,Odyseja,Cieszyn,16:00,2D,original,regular,2026-09-03T12:40:54.368318
2026-09-03,,cieszyn,Gwiazdozbiór psa,Cieszyn,16:20,2D,original,regular,2026-09-03T12:40:54.368329
2026-09-03,,cieszyn,Harry Potter i Kamień Filozoficzny - 25. rocznica,Cieszyn,17:00,2D,,regular,2026-09-03T12:40:54.368342
2026-09-03,,cieszyn,Spider-Man: Całkiem nowy dzień,Cieszyn,18:10,2D,original,regular,2026-09-03T12:40:54.368353
2026-09-03,,cieszyn,Gwiazdozbiór psa,Cieszyn,19:00,2D,original,regular,2026-09-03T12:40:54.368363
2026-09-03,,cieszyn,Naznaczony: Wyjście z mrocznego wymiaru,Cieszyn,19:30,2D,original,regular,2026-09-03T12:40:54.368376
2026-09-03,,cieszyn,Terminator 2: Dzień sądu 35. Rocznica,Cieszyn,20:30,2D,original,regular,2026-09-03T12:40:54.368389
2026-09-03,,cieszyn,Spider-Man: Całkiem nowy dzień,Cieszyn,21:20,2D,original,regular,2026-09-03T12:40:54.368400
2026-09-03,,cieszyn,Gwiazdozbiór psa,Cieszyn,21:40,2D,original,regular,2026-09-03T12:40:54.368411
2026-09-03,,cieszyn,Koniec ulicy Dębowej,Cieszyn,22:00,2D,original,regular,2026-09-03T12:40:54.368423
2026-09-03,,częstochowa,Tylko jedna noc,Częstochowa - Galeria Jurajska,14:50,2D,original,regular,2026-09-03T12:40:56.061261
2026-09-03,,częstochowa,Pucio kocha zwierzaki,Częstochowa - Galeria Jurajska,15:30,2D,,regular,2026-09-03T12:40:56.061291
2026-09-03,,częstochowa,Księga pustyni,Częstochowa - Galeria Jurajska,15:30,2D,,regular,2026-09-03T12:40:56.061307
2026-09-03,,częstochowa,Spider-Man: Całkiem nowy dzień,Częstochowa - Galeria Jurajska,16:00,2D,original,regular,2026-09-03T12:40:56.061321
2026-09-03,,częstochowa,Psi patrol i dinozaury,Częstochowa - Galeria Jurajska,16:10,2D,,regular,2026-09-03T12:40:56.061333
2026-09-03,,częstochowa,Gwiazdozbiór psa,Częstochowa - Galeria Jurajska,16:20,2D,original,regular,2026-09-03T12:40:56.061346
2026-09-03,,częstochowa,Wrong Girls,Częstochowa - Galeria Jurajska,16:30,2D,original,regular,2026-09-03T12:40:56.061359
2026-09-03,,częstochowa,Harry Potter i Kamień Filozoficzny - 25. rocznica,Częstochowa - Galeria Jurajska,17:00,2D,,regular,2026-09-03T12:40:56.061373
2026-09-03,,częstochowa,Spider-Man: Całkiem nowy dzień,Częstochowa - Galeria Jurajska,17:10,2D,original,regular,2026-09-03T12:40:56.061387
2026-09-03,,częstochowa,Psi patrol i dinozaury,Częstochowa - Galeria Jurajska,17:20,2D,,regular,2026-09-03T12:40:56.061397
2026-09-03,,częstochowa,Buntownik,Częstochowa - Galeria Jurajska,17:45,2D,original,regular,2026-09-03T12:40:56.061408
2026-09-03,,częstochowa,Nie patrz w dół 2,Częstochowa - Galeria Jurajska,18:20,2D,original,regular,2026-09-03T12:40:56.061418
2026-09-03,,częstochowa,Sunny Dancer,Częstochowa - Galeria Jurajska,18:50,2D,original,regular,2026-09-03T12:40:56.061427
2026-09-03,,częstochowa,Gwiazdozbiór psa,Częstochowa - Galeria Jurajska,19:00,2D,original,regular,2026-09-03T12:40:56.061438
2026-09-03,,częstochowa,Spider-Man: Całkiem nowy dzień,Częstochowa - Galeria Jurajska,19:10,2D,original,regular,2026-09-03T12:40:56.061448
2026-09-03,,częstochowa,Naznaczony: Wyjście z mrocznego wymiaru,Częstochowa - Galeria Jurajska,19:30,2D,original,regular,2026-09-03T12:40:56.061460
2026-09-03,,częstochowa,Gorzkie święta,Częstochowa - Galeria Jurajska,20:00,2D,original,regular,2026-09-03T12:40:56.061470
2026-09-03,,częstochowa,Spider-Man: Całkiem nowy dzień,Częstochowa - Galeria Jurajska,20:20,2D,original,regular,2026-09-03T12:40:56.061479
2026-09-03,,częstochowa,Odyseja,Częstochowa - Galeria Jurajska,20:30,2D,original,regular,2026-09-03T12:40:56.061489
2026-09-03,,częstochowa,Terminator 2: Dzień sądu 35. Rocznica,Częstochowa - Galeria Jurajska,20:40,2D,original,regular,2026-09-03T12:40:56.061500
2026-09-03,,częstochowa,Koniec ulicy Dębowej,Częstochowa - Galeria Jurajska,21:20,2D,original,regular,2026-09-03T12:40:56.061511
2026-09-03,,częstochowa,Gwiazdozbiór psa,Częstochowa - Galeria Jurajska,21:40,2D,original,regular,2026-09-03T12:40:56.061520
2026-09-03,,częstochowa,Naznaczony: Wyjście z mrocznego wymiaru,Częstochowa - Galeria Jurajska,22:00,2D,original,regular,2026-09-03T12:40:56.061530
2026-09-03,,częstochowa,Buntownik,Częstochowa - Galeria Jurajska,22:20,2D,original,regular,2026-09-03T12:40:56.061539
2026-09-03,,częstochowa,Spider-Man: Całkiem nowy dzień,Częstochowa - Wolność,14:40,2D,original,regular,2026-09-03T12:40:57.869389
2026-09-03,,częstochowa,Odzyskany,Częstochowa - Wolność,15:10,2D,original,regular,2026-09-03T12:40:57.869418
2026-09-03,,częstochowa,Psi patrol i dinozaury,Częstochowa - Wolność,15:20,2D,,regular,2026-09-03T12:40:57.869432
2026-09-03,,częstochowa,Gwiazdozbiór psa,Częstochowa - Wolność,15:40,2D,original,regular,2026-09-03T12:40:57.869445
2026-09-03,,częstochowa,Księga pustyni,Częstochowa - Wolność,15:40,2D,,regular,2026-09-03T12:40:57.869457
2026-09-03,,częstochowa,Minionki i straszydła,Częstochowa - Wolność,15:50,2D,,regular,2026-09-03T12:40:57.869469
2026-09-03,,częstochowa,Koniec ulicy Dębowej,Częstochowa - Wolność,16:20,2D,original,regular,2026-09-03T12:40:57.869482
2026-09-03,,częstochowa,Psi patrol i dinozaury,Częstochowa - Wolność,16:40,2D,,regular,2026-09-03T12:40:57.869493
2026-09-03,,częstochowa,Nie patrz w dół 2,Częstochowa - Wolność,17:30,2D,original,regular,2026-09-03T12:40:57.869507
2026-09-03,,częstochowa,Sunny Dancer,Częstochowa - Wolność,17:40,2D,original,regular,2026-09-03T12:40:57.869519
2026-09-03,,częstochowa,Spider-Man: Całkiem nowy dzień,Częstochowa - Wolność,17:45,2D,original,regular,2026-09-03T12:40:57.869531
2026-09-03,,częstochowa,Ostrze przeznaczenia,Częstochowa - Wolność,18:00,2D,original,regular,2026-09-03T12:40:57.869546
2026-09-03,,częstochowa,Harry Potter i Kamień Filozoficzny - 25. rocznica,Częstochowa - Wolność,18:10,2D,,regular,2026-09-03T12:40:57.869559
2026-09-03,,częstochowa,Gwiazdozbiór psa,Częstochowa - Wolność,18:20,2D,original,regular,2026-09-03T12:40:57.869571
2026-09-03,,częstochowa,Terminator 2: Dzień sądu 35. Rocznica,Częstochowa - Wolność,19:00,2D,original,regular,2026-09-03T12:40:57.869584
2026-09-03,,częstochowa,Naznaczony: Wyjście z mrocznego wymiaru,Częstochowa - Wolność,19:00,2D,original,regular,2026-09-03T12:40:57.869597
2026-09-03,,częstochowa,Odyseja,Częstochowa - Wolność,20:00,2D,original,regular,2026-09-03T12:40:57.869610
2026-09-03,,częstochowa,Gorzkie święta,Częstochowa - Wolność,20:10,2D,original,regular,2026-09-03T12:40:57.869621
2026-09-03,,częstochowa,Spider-Man: Całkiem nowy dzień,Częstochowa - Wolność,20:50,2D,original,regular,2026-09-03T12:40:57.869632
2026-09-03,,częstochowa,Gwiazdozbiór psa,Częstochowa - Wolność,21:00,2D,original,regular,2026-09-03T12:40:57.869643
2026-09-03,,częstochowa,Tylko jedna noc,Częstochowa - Wolność,21:00,2D,original,regular,2026-09-03T12:40:57.869654
2026-09-03,,częstochowa,Naznaczony: Wyjście z mrocznego wymiaru,Częstochowa - Wolność,21:30,2D,original,regular,2026-09-03T12:40:57.869666
2026-09-03,,częstochowa,Buntownik,Częstochowa - Wolność,21:40,2D,original,regular,2026-09-03T12:40:57.869677
2026-09-03,,częstochowa,Obsesja,Częstochowa - Wolność,22:00,2D,original,regular,2026-09-03T12:40:57.869689
2026-09-03,,elbląg,Buntownik,Elbląg,14:40,2D,original,regular,2026-09-03T12:40:59.978528
2026-09-03,,elbląg,Spider-Man: Całkiem nowy dzień,Elbląg,15:20,2D,original,regular,2026-09-03T12:40:59.978560
2026-09-03,,elbląg,Psi patrol i dinozaury,Elbląg,15:45,2D,,regular,2026-09-03T12:40:59.978574
2026-09-03,,elbląg,Gwiazdozbiór psa,Elbląg,16:20,2D,original,regular,2026-09-03T12:40:59.978587
2026-09-03,,elbląg,Spider-Man: Całkiem nowy dzień,Elbląg,16:50,2D,original,regular,2026-09-03T12:40:59.978600
2026-09-03,,elbląg,Księga pustyni,Elbląg,16:50,2D,,regular,2026-09-03T12:40:59.978612
2026-09-03,,elbląg,Harry Potter i Kamień Filozoficzny - 25. rocznica,Elbląg,17:00,2D,,regular,2026-09-03T12:40:59.978625
2026-09-03,,elbląg,Naznaczony: Wyjście z mrocznego wymiaru,Elbląg,18:00,2D,original,regular,2026-09-03T12:40:59.978639
2026-09-03,,elbląg,Spider-Man: Całkiem nowy dzień,Elbląg,18:30,2D,original,regular,2026-09-03T12:40:59.978651
2026-09-03,,elbląg,Gwiazdozbiór psa,Elbląg,19:00,2D,original,regular,2026-09-03T12:40:59.978662
2026-09-03,,elbląg,Nie patrz w dół 2,Elbląg,19:00,2D,original,regular,2026-09-03T12:40:59.978674
2026-09-03,,elbląg,Spider-Man: Całkiem nowy dzień,Elbląg,20:00,2D,original,regular,2026-09-03T12:40:59.978687
2026-09-03,,elbląg,Terminator 2: Dzień sądu 35. Rocznica,Elbląg,20:30,2D,original,regular,2026-09-03T12:40:59.978700
2026-09-03,,elbląg,Naznaczony: Wyjście z mrocznego wymiaru,Elbląg,20:40,2D,original,regular,2026-09-03T12:40:59.978714
2026-09-03,,elbląg,Odyseja,Elbląg,21:20,2D,original,regular,2026-09-03T12:40:59.978726
2026-09-03,,elbląg,Spider-Man: Całkiem nowy dzień,Elbląg,21:40,2D,original,regular,2026-09-03T12:40:59.978739
2026-09-03,,elbląg,Gwiazdozbiór psa,Elbląg,21:40,2D,original,regular,2026-09-03T12:40:59.978751
2026-09-03,,gliwice,Gwiazdozbiór psa,Gliwice,14:30,2D,original,regular,2026-09-03T12:41:02.380643
2026-09-03,,gliwice,Spider-Man: Całkiem nowy dzień,Gliwice,14:30,3D,original,regular,2026-09-03T12:41:02.380670
2026-09-03,,gliwice,Pucio kocha zwierzaki,Gliwice,14:40,2D,,regular,2026-09-03T12:41:02.380685
2026-09-03,,gliwice,Psi patrol i dinozaury,Gliwice,14:40,2D,,regular,2026-09-03T12:41:02.380697
2026-09-03,,gliwice,Spider-Man: Całkiem nowy dzień,Gliwice,14:50,2D,original,regular,2026-09-03T12:41:02.380710
2026-09-03,,gliwice,Gwiazdozbiór psa,Gliwice,15:30,2D,original,regular,2026-09-03T12:41:02.380722
2026-09-03,,gliwice,Koniec ulicy Dębowej,Gliwice,15:30,2D,original,regular,2026-09-03T12:41:02.380735
2026-09-03,,gliwice,Księga pustyni,Gliwice,15:40,2D,,regular,2026-09-03T12:41:02.380747
2026-09-03,,gliwice,Minionki i straszydła,Gliwice,15:50,2D,,regular,2026-09-03T12:41:02.380758
2026-09-03,,gliwice,Terminator 2: Dzień sądu 35. Rocznica,Gliwice,16:00,2D,original,regular,2026-09-03T12:41:02.380771
2026-09-03,,gliwice,Odyseja,Gliwice,16:00,2D,original,regular,2026-09-03T12:41:02.380783
2026-09-03,,gliwice,Pucio kocha zwierzaki,Gliwice,16:10,2D,,regular,2026-09-03T12:41:02.380795
2026-09-03,,gliwice,Naznaczony: Wyjście z mrocznego wymiaru,Gliwice,16:20,2D,original,regular,2026-09-03T12:41:02.380808
2026-09-03,,gliwice,Spider-Man: Całkiem nowy dzień,Gliwice,16:50,2D,original,regular,2026-09-03T12:41:02.380819
2026-09-03,,gliwice,Psi patrol i dinozaury,Gliwice,16:50,2D,,regular,2026-09-03T12:41:02.380830
2026-09-03,,gliwice,Gwiazdozbiór psa,Gliwice,17:10,2D,original,regular,2026-09-03T12:41:02.380842
2026-09-03,,gliwice,Gorzkie święta,Gliwice,17:30,2D,original,regular,2026-09-03T12:41:02.380853
2026-09-03,,gliwice,Spider-Man: Całkiem nowy dzień,Gliwice,17:40,3D,original,regular,2026-09-03T12:41:02.380864
2026-09-03,,gliwice,Ostrze przeznaczenia,Gliwice,18:00,2D,original,regular,2026-09-03T12:41:02.380878
2026-09-03,,gliwice,Koniec ulicy Dębowej,Gliwice,18:00,2D,original,regular,2026-09-03T12:41:02.380890
2026-09-03,,gliwice,Sunny Dancer,Gliwice,18:00,2D,original,regular,2026-09-03T12:41:02.380901
2026-09-03,,gliwice,Spider-Man: Całkiem nowy dzień,Gliwice,18:00,2D,original,regular,2026-09-03T12:41:02.380913
2026-09-03,,gliwice,Harry Potter i Kamień Filozoficzny - 25. rocznica,Gliwice,18:00,2D,,regular,2026-09-03T12:41:02.380926
2026-09-03,,gliwice,Naznaczony: Wyjście z mrocznego wymiaru,Gliwice,18:50,2D,original,regular,2026-09-03T12:41:02.380938
2026-09-03,,gliwice,Terminator 2: Dzień sądu 35. Rocznica,Gliwice,19:00,2D,original,regular,2026-09-03T12:41:02.380950
2026-09-03,,gliwice,Naznaczony: Wyjście z mrocznego wymiaru,Gliwice,19:00,2D,original,regular,2026-09-03T12:41:02.380962
2026-09-03,,gliwice,Odyseja,Gliwice,19:30,2D,original,regular,2026-09-03T12:41:02.380973
2026-09-03,,gliwice,Gwiazdozbiór psa,Gliwice,19:50,2D,original,regular,2026-09-03T12:41:02.380985
2026-09-03,,gliwice,Gorzkie święta,Gliwice,19:50,2D,original,regular,2026-09-03T12:41:02.380996
2026-09-03,,gliwice,Spider-Man: Całkiem nowy dzień,Gliwice,20:00,2D,original,regular,2026-09-03T12:41:02.381008
2026-09-03,,gliwice,Buntownik,Gliwice,20:25,2D,original,regular,2026-09-03T12:41:02.381019
2026-09-03,,gliwice,Sunny Dancer,Gliwice,20:30,2D,original,regular,2026-09-03T12:41:02.381030
2026-09-03,,gliwice,Nie patrz w dół 2,Gliwice,20:45,2D,original,regular,2026-09-03T12:41:02.381042
2026-09-03,,gliwice,Gwiazdozbiór psa,Gliwice,20:50,2D,original,regular,2026-09-03T12:41:02.381054
2026-09-03,,gliwice,Spider-Man: Całkiem nowy dzień,Gliwice,21:10,2D,original,regular,2026-09-03T12:41:02.381088
2026-09-03,,gliwice,Naznaczony: Wyjście z mrocznego wymiaru,Gliwice,21:20,2D,original,regular,2026-09-03T12:41:02.381103
2026-09-03,,gliwice,Koniec ulicy Dębowej,Gliwice,21:20,2D,original,regular,2026-09-03T12:41:02.381116
2026-09-03,,gliwice,Bogaci i martwi,Gliwice,21:30,2D,original,regular,2026-09-03T12:41:02.381128
2026-09-03,,gliwice,Buntownik,Gliwice,22:00,2D,original,regular,2026-09-03T12:41:02.381140
2026-09-03,,gliwice,Spider-Man: Całkiem nowy dzień,Gliwice,22:15,2D,original,regular,2026-09-03T12:41:02.381151
2026-09-03,,gliwice,Gwiazdozbiór psa,Gliwice,22:30,2D,original,regular,2026-09-03T12:41:02.381163
2026-09-03,,gliwice,Naznaczony: Wyjście z mrocznego wymiaru,Gliwice,22:30,2D,original,regular,2026-09-03T12:41:02.381176
2026-09-03,,katowice,Gwiazdozbiór psa,Katowice - Punkt 44,14:30,2D,original,regular,2026-09-03T12:41:04.302281
2026-09-03,,katowice,Odyseja,Katowice - Punkt 44,14:30,2D,original,regular,2026-09-03T12:41:04.302307
2026-09-03,,katowice,Psi patrol i dinozaury,Katowice - Punkt 44,14:30,2D,,regular,2026-09-03T12:41:04.302318
2026-09-03,,katowice,Pucio kocha zwierzaki,Katowice - Punkt 44,14:40,2D,,regular,2026-09-03T12:41:04.302328
2026-09-03,,katowice,Sunny Dancer,Katowice - Punkt 44,14:50,2D,original,regular,2026-09-03T12:41:04.302339
2026-09-03,,katowice,Księga pustyni,Katowice - Punkt 44,15:10,2D,,regular,2026-09-03T12:41:04.302349
2026-09-03,,katowice,Odyseja,Katowice - Punkt 44,15:10,IMAX,original,regular,2026-09-03T12:41:04.302356
2026-09-03,,katowice,Spider-Man: Całkiem nowy dzień,Katowice - Punkt 44,15:20,2D,original,regular,2026-09-03T12:41:04.302367
2026-09-03,,katowice,Terminator 2: Dzień sądu 35. Rocznica,Katowice - Punkt 44,15:30,2D,original,regular,2026-09-03T12:41:04.302378
2026-09-03,,katowice,Tylko jedna noc,Katowice - Punkt 44,15:50,2D,original,regular,2026-09-03T12:41:04.302387
2026-09-03,,katowice,Buntownik,Katowice - Punkt 44,16:00,2D,original,regular,2026-09-03T12:41:04.302398
2026-09-03,,katowice,Gorzkie święta,Katowice - Punkt 44,16:00,2D,original,regular,2026-09-03T12:41:04.302407
2026-09-03,,katowice,Pucio kocha zwierzaki,Katowice - Punkt 44,16:10,2D,,regular,2026-09-03T12:41:04.302417
2026-09-03,,katowice,Naznaczony: Wyjście z mrocznego wymiaru,Katowice - Punkt 44,16:10,2D,original,regular,2026-09-03T12:41:04.302428
2026-09-03,,katowice,Spider-Man: Całkiem nowy dzień,Katowice - Punkt 44,16:30,2D,original,regular,2026-09-03T12:41:04.302438
2026-09-03,,katowice,Harry Potter i Kamień Filozoficzny - 25. rocznica,Katowice - Punkt 44,16:40,2D,,regular,2026-09-03T12:41:04.302449
2026-09-03,,katowice,Gwiazdozbiór psa,Katowice - Punkt 44,17:10,2D,original,regular,2026-09-03T12:41:04.302459
2026-09-03,,katowice,Koniec ulicy Dębowej,Katowice - Punkt 44,17:20,2D,original,regular,2026-09-03T12:41:04.302470
2026-09-03,,katowice,Sunny Dancer,Katowice - Punkt 44,17:20,2D,original,regular,2026-09-03T12:41:04.302480
2026-09-03,,katowice,Spider-Man: Całkiem nowy dzień,Katowice - Punkt 44,17:40,3D,original,regular,2026-09-03T12:41:04.302489
2026-09-03,,katowice,Gwiazdozbiór psa,Katowice - Punkt 44,18:00,2D,original,regular,2026-09-03T12:41:04.302498
2026-09-03,,katowice,Arek.Mama.Panorama,Katowice - Punkt 44,18:10,2D,original,regular,2026-09-03T12:41:04.302507
2026-09-03,,katowice,Buntownik,Katowice - Punkt 44,18:15,2D,original,regular,2026-09-03T12:41:04.302517
2026-09-03,,katowice,Spider-Man: Całkiem nowy dzień,Katowice - Punkt 44,18:30,2D,original,regular,2026-09-03T12:41:04.302526
2026-09-03,,katowice,Terminator 2: Dzień sądu 35. Rocznica,Katowice - Punkt 44,18:30,2D,original,regular,2026-09-03T12:41:04.302536
2026-09-03,,katowice,Gorzkie święta,Katowice - Punkt 44,18:30,2D,original,regular,2026-09-03T12:41:04.302545
2026-09-03,,katowice,Gwiazdozbiór psa,Katowice - Punkt 44,18:40,IMAX,original,regular,2026-09-03T12:41:04.302551
2026-09-03,,katowice,Naznaczony: Wyjście z mrocznego wymiaru,Katowice - Punkt 44,18:50,2D,original,regular,2026-09-03T12:41:04.302561
2026-09-03,,katowice,Spider-Man: Całkiem nowy dzień,Katowice - Punkt 44,19:40,2D,original,regular,2026-09-03T12:41:04.302571
2026-09-03,,katowice,Gwiazdozbiór psa,Katowice - Punkt 44,19:50,2D,original,regular,2026-09-03T12:41:04.302581
2026-09-03,,katowice,Nie patrz w dół 2,Katowice - Punkt 44,19:50,2D,original,regular,2026-09-03T12:41:04.302590
2026-09-03,,katowice,Sunny Dancer,Katowice - Punkt 44,19:50,2D,original,regular,2026-09-03T12:41:04.302600
2026-09-03,,katowice,Odyseja,Katowice - Punkt 44,20:00,2D,original,regular,2026-09-03T12:41:04.302609
2026-09-03,,katowice,Tylko jedna noc,Katowice - Punkt 44,20:00,2D,original,regular,2026-09-03T12:41:04.302618
2026-09-03,,katowice,Buntownik,Katowice - Punkt 44,20:30,2D,original,regular,2026-09-03T12:41:04.302628
2026-09-03,,katowice,Gwiazdozbiór psa,Katowice - Punkt 44,20:40,2D,original,regular,2026-09-03T12:41:04.302637
2026-09-03,,katowice,Dzień objawienia,Katowice - Punkt 44,20:50,2D,original,regular,2026-09-03T12:41:04.302647
2026-09-03,,katowice,Gorzkie święta,Katowice - Punkt 44,21:00,2D,original,regular,2026-09-03T12:41:04.302656
2026-09-03,,katowice,Gwiazdozbiór psa,Katowice - Punkt 44,21:20,IMAX,original,regular,2026-09-03T12:41:04.302663
2026-09-03,,katowice,Naznaczony: Wyjście z mrocznego wymiaru,Katowice - Punkt 44,21:30,2D,original,regular,2026-09-03T12:41:04.302672
2026-09-03,,katowice,Terminator 2: Dzień sądu 35. Rocznica,Katowice - Punkt 44,21:30,2D,original,regular,2026-09-03T12:41:04.302682
2026-09-03,,katowice,Spider-Man: Całkiem nowy dzień,Katowice - Punkt 44,21:40,2D,original,regular,2026-09-03T12:41:04.302691
2026-09-03,,katowice,Koniec ulicy Dębowej,Katowice - Punkt 44,22:00,2D,original,regular,2026-09-03T12:41:04.302701
2026-09-03,,katowice,Naznaczony: Wyjście z mrocznego wymiaru,Katowice - Silesia,14:30,2D,original,regular,2026-09-03T12:41:06.035318
2026-09-03,,katowice,Minionki i straszydła,Katowice - Silesia,14:30,2D,,regular,2026-09-03T12:41:06.035343
2026-09-03,,katowice,Psi patrol i dinozaury,Katowice - Silesia,14:50,2D,,regular,2026-09-03T12:41:06.035355
2026-09-03,,katowice,Toy Story 5,Katowice - Silesia,15:00,2D,original,regular,2026-09-03T12:41:06.035368
2026-09-03,,katowice,Spider-Man: Całkiem nowy dzień,Katowice - Silesia,15:00,3D,original,regular,2026-09-03T12:41:06.035379
2026-09-03,,katowice,Pucio kocha zwierzaki,Katowice - Silesia,15:10,2D,,regular,2026-09-03T12:41:06.035390
2026-09-03,,katowice,Buntownik,Katowice - Silesia,15:20,2D,original,regular,2026-09-03T12:41:06.035401
2026-09-03,,katowice,Gorzkie święta,Katowice - Silesia,15:20,2D,original,regular,2026-09-03T12:41:06.035411
2026-09-03,,katowice,Spider-Man: Całkiem nowy dzień,Katowice - Silesia,15:50,2D,original,regular,2026-09-03T12:41:06.035421
2026-09-03,,katowice,Gwiazdozbiór psa,Katowice - Silesia,16:20,2D,original,regular,2026-09-03T12:41:06.035432
2026-09-03,,katowice,Tylko jedna noc,Katowice - Silesia,16:30,2D,original,regular,2026-09-03T12:41:06.035441
2026-09-03,,katowice,Odzyskany,Katowice - Silesia,16:40,2D,original,regular,2026-09-03T12:41:06.035451
2026-09-03,,katowice,Terminator 2: Dzień sądu 35. Rocznica,Katowice - Silesia,17:00,2D,original,regular,2026-09-03T12:41:06.035463
2026-09-03,,katowice,Naznaczony: Wyjście z mrocznego wymiaru,Katowice - Silesia,17:00,2D,original,regular,2026-09-03T12:41:06.035474
2026-09-03,,katowice,Psi patrol i dinozaury,Katowice - Silesia,17:10,2D,,regular,2026-09-03T12:41:06.035484
2026-09-03,,katowice,Spider-Man: Całkiem nowy dzień,Katowice - Silesia,17:20,2D,original,regular,2026-09-03T12:41:06.035494
2026-09-03,,katowice,Harry Potter i Kamień Filozoficzny - 25. rocznica,Katowice - Silesia,17:30,2D,,regular,2026-09-03T12:41:06.035505
2026-09-03,,katowice,Nie patrz w dół 2,Katowice - Silesia,17:40,2D,original,regular,2026-09-03T12:41:06.035516
2026-09-03,,katowice,Ostrze przeznaczenia,Katowice - Silesia,18:00,2D,original,regular,2026-09-03T12:41:06.035528
2026-09-03,,katowice,Odyseja,Katowice - Silesia,18:00,2D,original,regular,2026-09-03T12:41:06.035538
2026-09-03,,katowice,Gwiazdozbiór psa,Katowice - Silesia,18:10,2D,original,regular,2026-09-03T12:41:06.035548
2026-09-03,,katowice,Sunny Dancer,Katowice - Silesia,18:50,2D,original,regular,2026-09-03T12:41:06.035558
2026-09-03,,katowice,Spider-Man: Całkiem nowy dzień,Katowice - Silesia,19:00,2D,original,regular,2026-09-03T12:41:06.035568
2026-09-03,,katowice,Gwiazdozbiór psa,Katowice - Silesia,19:00,2D,original,regular,2026-09-03T12:41:06.035579
2026-09-03,,katowice,Bogaci i martwi,Katowice - Silesia,19:00,2D,original,regular,2026-09-03T12:41:06.035590
2026-09-03,,katowice,Buntownik,Katowice - Silesia,19:20,2D,original,regular,2026-09-03T12:41:06.035600
2026-09-03,,katowice,Naznaczony: Wyjście z mrocznego wymiaru,Katowice - Silesia,19:30,2D,original,regular,2026-09-03T12:41:06.035610
2026-09-03,,katowice,Spider-Man: Całkiem nowy dzień,Katowice - Silesia,20:00,2D,original,regular,2026-09-03T12:41:06.035620
2026-09-03,,katowice,Terminator 2: Dzień sądu 35. Rocznica,Katowice - Silesia,20:00,2D,original,regular,2026-09-03T12:41:06.035631
2026-09-03,,katowice,Spider-Man: Całkiem nowy dzień,Katowice - Silesia,20:30,2D,original,regular,2026-09-03T12:41:06.035641
2026-09-03,,katowice,Gorzkie święta,Katowice - Silesia,20:40,2D,original,regular,2026-09-03T12:41:06.035651
2026-09-03,,katowice,Spider-Man: Całkiem nowy dzień,Katowice - Silesia,20:50,2D,original,regular,2026-09-03T12:41:06.035661
2026-09-03,,katowice,Gwiazdozbiór psa,Katowice - Silesia,20:50,2D,original,regular,2026-09-03T12:41:06.035670
2026-09-03,,katowice,Sunny Dancer,Katowice - Silesia,21:20,2D,original,regular,2026-09-03T12:41:06.035680
2026-09-03,,katowice,Wrong Girls,Katowice - Silesia,21:30,2D,original,regular,2026-09-03T12:41:06.035690
2026-09-03,,katowice,Odyseja,Katowice - Silesia,21:40,2D,original,regular,2026-09-03T12:41:06.035700
2026-09-03,,katowice,Gwiazdozbiór psa,Katowice - Silesia,21:40,2D,original,regular,2026-09-03T12:41:06.035710
2026-09-03,,katowice,Buntownik,Katowice - Silesia,21:40,2D,original,regular,2026-09-03T12:41:06.035720
2026-09-03,,katowice,Naznaczony: Wyjście z mrocznego wymiaru,Katowice - Silesia,22:00,2D,original,regular,2026-09-03T12:41:06.035730
2026-09-03,,katowice,Straszny film,Katowice - Silesia,22:10,2D,original,regular,2026-09-03T12:41:06.035741
2026-09-03,,kraków,Odyseja,Kraków - Bonarka,14:40,2D,original,regular,2026-09-03T12:41:07.839112
2026-09-03,,kraków,Spider-Man: Całkiem nowy dzień,Kraków - Bonarka,14:50,3D,original,regular,2026-09-03T12:41:07.839144
2026-09-03,,kraków,Pucio kocha zwierzaki,Kraków - Bonarka,15:00,2D,,regular,2026-09-03T12:41:07.839157
2026-09-03,,kraków,Wszyscy moi wrogowie,Kraków - Bonarka,15:00,2D,original,regular,2026-09-03T12:41:07.839168
2026-09-03,,kraków,Koniec ulicy Dębowej,Kraków - Bonarka,15:10,2D,original,regular,2026-09-03T12:41:07.839180
2026-09-03,,kraków,Gwiazdozbiór psa,Kraków - Bonarka,15:20,2D,original,regular,2026-09-03T12:41:07.839196
2026-09-03,,kraków,Terminator 2: Dzień sądu 35. Rocznica,Kraków - Bonarka,15:30,2D,original,regular,2026-09-03T12:41:07.839207
2026-09-03,,kraków,Księga pustyni,Kraków - Bonarka,15:40,2D,,regular,2026-09-03T12:41:07.839219
2026-09-03,,kraków,Naznaczony: Wyjście z mrocznego wymiaru,Kraków - Bonarka,15:50,2D,original,regular,2026-09-03T12:41:07.839231
2026-09-03,,kraków,Spider-Man: Całkiem nowy dzień,Kraków - Bonarka,15:50,2D,original,regular,2026-09-03T12:41:07.839242
2026-09-03,,kraków,Minionki i straszydła,Kraków - Bonarka,16:10,2D,,regular,2026-09-03T12:41:07.839252
2026-09-03,,kraków,Buntownik,Kraków - Bonarka,16:20,2D,original,regular,2026-09-03T12:41:07.839262
2026-09-03,,kraków,Gwiazdozbiór psa,Kraków - Bonarka,16:20,2D,original,regular,2026-09-03T12:41:07.839272
2026-09-03,,kraków,Harry Potter i Kamień Filozoficzny - 25. rocznica,Kraków - Bonarka,16:30,2D,,regular,2026-09-03T12:41:07.839284
2026-09-03,,kraków,Pucio kocha zwierzaki,Kraków - Bonarka,16:30,2D,,regular,2026-09-03T12:41:07.839293
2026-09-03,,kraków,Psi patrol i dinozaury,Kraków - Bonarka,16:30,2D,,regular,2026-09-03T12:41:07.839303
2026-09-03,,kraków,Gwiazdozbiór psa,Kraków - Bonarka,16:40,2D,original,regular,2026-09-03T12:41:07.839313
2026-09-03,,kraków,Terminator 2: Dzień sądu 35. Rocznica,Kraków - Bonarka,16:50,4DX,original,regular,2026-09-03T12:41:07.839321
2026-09-03,,kraków,Wrong Girls,Kraków - Bonarka,16:50,2D,original,regular,2026-09-03T12:41:07.839332
2026-09-03,,kraków,Spider-Man: Całkiem nowy dzień,Kraków - Bonarka,17:00,2D,original,regular,2026-09-03T12:41:07.839342
2026-09-03,,kraków,Harry Potter i Kamień Filozoficzny - 25. rocznica,Kraków - Bonarka,17:30,2D,,regular,2026-09-03T12:41:07.839353
2026-09-03,,kraków,Koniec ulicy Dębowej,Kraków - Bonarka,17:50,2D,original,regular,2026-09-03T12:41:07.839364
2026-09-03,,kraków,Odyseja,Kraków - Bonarka,17:50,2D,original,regular,2026-09-03T12:41:07.839374
2026-09-03,,kraków,Ostrze przeznaczenia,Kraków - Bonarka,18:00,2D,original,regular,2026-09-03T12:41:07.839385
2026-09-03,,kraków,Spider-Man: Całkiem nowy dzień,Kraków - Bonarka,18:00,2D,original,regular,2026-09-03T12:41:07.839396
2026-09-03,,kraków,Gorzkie święta,Kraków - Bonarka,18:00,2D,original,regular,2026-09-03T12:41:07.839406
2026-09-03,,kraków,Tylko jedna noc,Kraków - Bonarka,18:10,2D,original,regular,2026-09-03T12:41:07.839415
2026-09-03,,kraków,Odyseja,Kraków - Bonarka,18:20,2D,original,regular,2026-09-03T12:41:07.839426
2026-09-03,,kraków,Nie patrz w dół 2,Kraków - Bonarka,18:20,2D,original,regular,2026-09-03T12:41:07.839436
2026-09-03,,kraków,Naznaczony: Wyjście z mrocznego wymiaru,Kraków - Bonarka,18:20,2D,original,regular,2026-09-03T12:41:07.839447
2026-09-03,,kraków,Terminator 2: Dzień sądu 35. Rocznica,Kraków - Bonarka,18:30,2D,original,regular,2026-09-03T12:41:07.839457
2026-09-03,,kraków,Buntownik,Kraków - Bonarka,18:40,2D,original,regular,2026-09-03T12:41:07.839467
2026-09-03,,kraków,Sunny Dancer,Kraków - Bonarka,18:40,2D,original,regular,2026-09-03T12:41:07.839477
2026-09-03,,kraków,Spider-Man: Całkiem nowy dzień,Kraków - Bonarka,18:45,2D,original,regular,2026-09-03T12:41:07.839487
2026-09-03,,kraków,Gwiazdozbiór psa,Kraków - Bonarka,19:00,2D,original,regular,2026-09-03T12:41:07.839497
2026-09-03,,kraków,Spider-Man: Całkiem nowy dzień ukraiński dubbing,Kraków - Bonarka,19:10,2D,dubbing,regular,2026-09-03T12:41:07.839507
2026-09-03,,kraków,Gwiazdozbiór psa,Kraków - Bonarka,19:20,2D,original,regular,2026-09-03T12:41:07.839517
2026-09-03,,kraków,Gwiazdozbiór psa,Kraków - Bonarka,19:50,4DX,original,regular,2026-09-03T12:41:07.839525
2026-09-03,,kraków,Terminator 2: Dzień sądu 35. Rocznica,Kraków - Bonarka,20:00,2D,original,regular,2026-09-03T12:41:07.839536
2026-09-03,,kraków,Spider-Man: Całkiem nowy dzień,Kraków - Bonarka,20:00,2D,original,regular,2026-09-03T12:41:07.839546
2026-09-03,,kraków,Gwiazdozbiór psa,Kraków - Bonarka,20:20,2D,original,regular,2026-09-03T12:41:07.839556
2026-09-03,,kraków,Gwiazdozbiór psa ukraiński dubbing,Kraków - Bonarka,20:30,2D,dubbing,regular,2026-09-03T12:41:07.839566
2026-09-03,,kraków,Gorzkie święta,Kraków - Bonarka,20:30,2D,original,regular,2026-09-03T12:41:07.839575
2026-09-03,,kraków,Zaproszenie,Kraków - Bonarka,20:40,2D,original,regular,2026-09-03T12:41:07.839585
2026-09-03,,kraków,Naznaczony: Wyjście z mrocznego wymiaru,Kraków - Bonarka,20:50,2D,original,regular,2026-09-03T12:41:07.839595
2026-09-03,,kraków,Odyseja,Kraków - Bonarka,20:50,2D,original,regular,2026-09-03T12:41:07.839606
2026-09-03,,kraków,Bogaci i martwi,Kraków - Bonarka,20:50,2D,original,regular,2026-09-03T12:41:07.839616
2026-09-03,,kraków,Buntownik,Kraków - Bonarka,21:00,2D,original,regular,2026-09-03T12:41:07.839626
2026-09-03,,kraków,Spider-Man: Całkiem nowy dzień,Kraków - Bonarka,21:10,2D,original,regular,2026-09-03T12:41:07.839636
2026-09-03,,kraków,Sunny Dancer,Kraków - Bonarka,21:10,2D,original,regular,2026-09-03T12:41:07.839647
2026-09-03,,kraków,Odyseja,Kraków - Bonarka,21:20,2D,original,regular,2026-09-03T12:41:07.839656
2026-09-03,,kraków,Terminator 2: Dzień sądu 35. Rocznica,Kraków - Bonarka,21:30,2D,original,regular,2026-09-03T12:41:07.839666
2026-09-03,,kraków,Gwiazdozbiór psa,Kraków - Bonarka,21:40,2D,original,regular,2026-09-03T12:41:07.839675
2026-09-03,,kraków,Spider-Man: Całkiem nowy dzień,Kraków - Bonarka,21:40,2D,original,regular,2026-09-03T12:41:07.839685
2026-09-03,,kraków,Spider-Man: Całkiem nowy dzień,Kraków - Bonarka,21:50,2D,original,regular,2026-09-03T12:41:07.839695
2026-09-03,,kraków,Gwiazdozbiór psa,Kraków - Bonarka,22:00,2D,original,regular,2026-09-03T12:41:07.839705
2026-09-03,,kraków,Naznaczony: Wyjście z mrocznego wymiaru,Kraków - Bonarka,22:20,4DX,original,regular,2026-09-03T12:41:07.839713
2026-09-03,,kraków,Backrooms. Bez wyjścia,Kraków - Bonarka,22:20,2D,original,regular,2026-09-03T12:41:07.839723
2026-09-03,,kraków,Gwiazdozbiór psa,Kraków - Galeria Kazimierz,14:30,2D,original,regular,2026-09-03T12:41:09.643983
2026-09-03,,kraków,Spider-Man: Całkiem nowy dzień,Kraków - Galeria Kazimierz,14:50,2D,original,regular,2026-09-03T12:41:09.644009
2026-09-03,,kraków,Pucio kocha zwierzaki,Kraków - Galeria Kazimierz,15:00,2D,,regular,2026-09-03T12:41:09.644022
2026-09-03,,kraków,Naznaczony: Wyjście z mrocznego wymiaru,Kraków - Galeria Kazimierz,15:30,2D,original,regular,2026-09-03T12:41:09.644034
2026-09-03,,kraków,Spider-Man: Całkiem nowy dzień,Kraków - Galeria Kazimierz,15:50,2D,original,regular,2026-09-03T12:41:09.644045
2026-09-03,,kraków,Koniec ulicy Dębowej,Kraków - Galeria Kazimierz,16:00,2D,original,regular,2026-09-03T12:41:09.644057
2026-09-03,,kraków,Buntownik,Kraków - Galeria Kazimierz,16:00,2D,original,regular,2026-09-03T12:41:09.644089
2026-09-03,,kraków,Wrong Girls,Kraków - Galeria Kazimierz,16:15,2D,original,regular,2026-09-03T12:41:09.644101
2026-09-03,,kraków,Tylko jedna noc,Kraków - Galeria Kazimierz,16:30,2D,original,regular,2026-09-03T12:41:09.644111
2026-09-03,,kraków,Harry Potter i Kamień Filozoficzny - 25. rocznica,Kraków - Galeria Kazimierz,16:30,2D,,regular,2026-09-03T12:41:09.644123
2026-09-03,,kraków,Gwiazdozbiór psa,Kraków - Galeria Kazimierz,17:10,2D,original,regular,2026-09-03T12:41:09.644133
2026-09-03,,kraków,Gorzkie święta,Kraków - Galeria Kazimierz,17:40,2D,original,regular,2026-09-03T12:41:09.644142
2026-09-03,,kraków,Naznaczony: Wyjście z mrocznego wymiaru,Kraków - Galeria Kazimierz,18:00,2D,original,regular,2026-09-03T12:41:09.644152
2026-09-03,,kraków,Spider-Man: Całkiem nowy dzień,Kraków - Galeria Kazimierz,18:00,2D,original,regular,2026-09-03T12:41:09.644162
2026-09-03,,kraków,Sunny Dancer,Kraków - Galeria Kazimierz,18:15,2D,original,regular,2026-09-03T12:41:09.644175
2026-09-03,,kraków,Gwiazdozbiór psa ukraiński dubbing,Kraków - Galeria Kazimierz,18:30,2D,dubbing,regular,2026-09-03T12:41:09.644184
2026-09-03,,kraków,Nie patrz w dół 2,Kraków - Galeria Kazimierz,18:40,2D,original,regular,2026-09-03T12:41:09.644194
2026-09-03,,kraków,Ostrze przeznaczenia,Kraków - Galeria Kazimierz,19:00,2D,original,regular,2026-09-03T12:41:09.644205
2026-09-03,,kraków,Terminator 2: Dzień sądu 35. Rocznica,Kraków - Galeria Kazimierz,19:00,2D,original,regular,2026-09-03T12:41:09.644216
2026-09-03,,kraków,Gwiazdozbiór psa,Kraków - Galeria Kazimierz,19:50,2D,original,regular,2026-09-03T12:41:09.644226
2026-09-03,,kraków,Spider-Man: Całkiem nowy dzień,Kraków - Galeria Kazimierz,20:00,2D,original,regular,2026-09-03T12:41:09.644236
2026-09-03,,kraków,Odyseja,Kraków - Galeria Kazimierz,20:10,2D,original,regular,2026-09-03T12:41:09.644246
2026-09-03,,kraków,Naznaczony: Wyjście z mrocznego wymiaru,Kraków - Galeria Kazimierz,20:30,2D,original,regular,2026-09-03T12:41:09.644255
2026-09-03,,kraków,Gorzkie święta,Kraków - Galeria Kazimierz,20:40,2D,original,regular,2026-09-03T12:41:09.644264
2026-09-03,,kraków,Gwiazdozbiór psa,Kraków - Galeria Kazimierz,21:00,2D,original,regular,2026-09-03T12:41:09.644273
2026-09-03,,kraków,Buntownik,Kraków - Galeria Kazimierz,21:10,2D,original,regular,2026-09-03T12:41:09.644283
2026-09-03,,kraków,Bogaci i martwi,Kraków - Galeria Kazimierz,21:15,2D,original,regular,2026-09-03T12:41:09.644293
2026-09-03,,kraków,Koniec ulicy Dębowej,Kraków - Galeria Kazimierz,21:50,2D,original,regular,2026-09-03T12:41:09.644303
2026-09-03,,kraków,Obsesja,Kraków - Galeria Kazimierz,22:00,2D,original,regular,2026-09-03T12:41:09.644314
2026-09-03,,kraków,Gwiazdozbiór psa,Kraków - Galeria Kazimierz,22:30,2D,original,regular,2026-09-03T12:41:09.644324
2026-09-03,,kraków,Koniec ulicy Dębowej,Kraków - Zakopianka,14:30,2D,original,regular,2026-09-03T12:41:11.687347
2026-09-03,,kraków,Gwiazdozbiór psa,Kraków - Zakopianka,14:30,2D,original,regular,2026-09-03T12:41:11.687372
2026-09-03,,kraków,Odyseja,Kraków - Zakopianka,15:10,IMAX,original,regular,2026-09-03T12:41:11.687381
2026-09-03,,kraków,Pucio kocha zwierzaki,Kraków - Zakopianka,15:20,2D,,regular,2026-09-03T12:41:11.687392
2026-09-03,,kraków,Bogaci i martwi,Kraków - Zakopianka,15:30,2D,original,regular,2026-09-03T12:41:11.687404
2026-09-03,,kraków,Spider-Man: Całkiem nowy dzień,Kraków - Zakopianka,15:40,2D,original,regular,2026-09-03T12:41:11.687416
2026-09-03,,kraków,Minionki i straszydła,Kraków - Zakopianka,16:00,2D,,regular,2026-09-03T12:41:11.687426
2026-09-03,,kraków,Księga pustyni,Kraków - Zakopianka,16:15,2D,,regular,2026-09-03T12:41:11.687437
2026-09-03,,kraków,Odyseja,Kraków - Zakopianka,16:30,2D,original,regular,2026-09-03T12:41:11.687447
2026-09-03,,kraków,Psi patrol i dinozaury,Kraków - Zakopianka,16:50,2D,,regular,2026-09-03T12:41:11.687457
2026-09-03,,kraków,Nie patrz w dół 2,Kraków - Zakopianka,17:00,2D,original,regular,2026-09-03T12:41:11.687468
2026-09-03,,kraków,Gwiazdozbiór psa,Kraków - Zakopianka,17:10,2D,original,regular,2026-09-03T12:41:11.687479
2026-09-03,,kraków,Spider-Man: Całkiem nowy dzień,Kraków - Zakopianka,17:15,2D,original,regular,2026-09-03T12:41:11.687490
2026-09-03,,kraków,Harry Potter i Kamień Filozoficzny - 25. rocznica,Kraków - Zakopianka,18:00,2D,,regular,2026-09-03T12:41:11.687501
2026-09-03,,kraków,Naznaczony: Wyjście z mrocznego wymiaru,Kraków - Zakopianka,18:10,2D,original,regular,2026-09-03T12:41:11.687513
2026-09-03,,kraków,Terminator 2: Dzień sądu 35. Rocznica,Kraków - Zakopianka,18:30,2D,original,regular,2026-09-03T12:41:11.687523
2026-09-03,,kraków,Spider-Man: Całkiem nowy dzień,Kraków - Zakopianka,18:45,2D,original,regular,2026-09-03T12:41:11.687533
2026-09-03,,kraków,Gwiazdozbiór psa,Kraków - Zakopianka,18:45,IMAX,original,regular,2026-09-03T12:41:11.687540
2026-09-03,,kraków,Sunny Dancer,Kraków - Zakopianka,19:00,2D,original,regular,2026-09-03T12:41:11.687551
2026-09-03,,kraków,Gorzkie święta,Kraków - Zakopianka,19:20,2D,original,regular,2026-09-03T12:41:11.687560
2026-09-03,,kraków,Gwiazdozbiór psa,Kraków - Zakopianka,19:50,2D,original,regular,2026-09-03T12:41:11.687571
2026-09-03,,kraków,Odyseja,Kraków - Zakopianka,20:00,2D,original,regular,2026-09-03T12:41:11.687580
2026-09-03,,kraków,Spider-Man: Całkiem nowy dzień,Kraków - Zakopianka,20:20,2D,original,regular,2026-09-03T12:41:11.687590
2026-09-03,,kraków,Naznaczony: Wyjście z mrocznego wymiaru,Kraków - Zakopianka,20:40,2D,original,regular,2026-09-03T12:41:11.687601
2026-09-03,,kraków,Buntownik,Kraków - Zakopianka,21:20,2D,original,regular,2026-09-03T12:41:11.687612
2026-09-03,,kraków,Wrong Girls,Kraków - Zakopianka,21:30,2D,original,regular,2026-09-03T12:41:11.687621
2026-09-03,,kraków,Koniec ulicy Dębowej,Kraków - Zakopianka,21:30,2D,original,regular,2026-09-03T12:41:11.687632
2026-09-03,,kraków,Gwiazdozbiór psa,Kraków - Zakopianka,21:30,IMAX,original,regular,2026-09-03T12:41:11.687639
2026-09-03,,kraków,Naznaczony: Wyjście z mrocznego wymiaru,Kraków - Zakopianka,21:50,2D,original,regular,2026-09-03T12:41:11.687650
2026-09-03,,kraków,Tylko jedna noc,Kraków - Zakopianka,22:00,2D,original,regular,2026-09-03T12:41:11.687659
2026-09-03,,lublin,Psi patrol i dinozaury,Lublin - Felicity,14:30,2D,,regular,2026-09-03T12:41:13.304948
2026-09-03,,lublin,Wszyscy moi wrogowie,Lublin - Felicity,14:40,2D,original,regular,2026-09-03T12:41:13.304973
2026-09-03,,lublin,Spider-Man: Całkiem nowy dzień,Lublin - Felicity,14:50,2D,original,regular,2026-09-03T12:41:13.304988
2026-09-03,,lublin,Księga pustyni,Lublin - Felicity,15:30,2D,,regular,2026-09-03T12:41:13.304998
2026-09-03,,lublin,Bogaci i martwi,Lublin - Felicity,15:50,2D,original,regular,2026-09-03T12:41:13.305010
2026-09-03,,lublin,Buntownik,Lublin - Felicity,16:10,2D,original,regular,2026-09-03T12:41:13.305021
2026-09-03,,lublin,Gwiazdozbiór psa,Lublin - Felicity,16:20,2D,original,regular,2026-09-03T12:41:13.305032
2026-09-03,,lublin,Koniec ulicy Dębowej,Lublin - Felicity,16:40,2D,original,regular,2026-09-03T12:41:13.305044
2026-09-03,,lublin,Terminator 2: Dzień sądu 35. Rocznica,Lublin - Felicity,16:50,4DX,original,regular,2026-09-03T12:41:13.305053
2026-09-03,,lublin,Minionki i straszydła,Lublin - Felicity,17:30,2D,,regular,2026-09-03T12:41:13.305063
2026-09-03,,lublin,Harry Potter i Kamień Filozoficzny - 25. rocznica,Lublin - Felicity,17:30,2D,,regular,2026-09-03T12:41:13.305100
2026-09-03,,lublin,Gorzkie święta,Lublin - Felicity,17:40,2D,original,regular,2026-09-03T12:41:13.305111
2026-09-03,,lublin,Spider-Man: Całkiem nowy dzień,Lublin - Felicity,18:00,2D,original,regular,2026-09-03T12:41:13.305122
2026-09-03,,lublin,Nie patrz w dół 2,Lublin - Felicity,18:20,2D,original,regular,2026-09-03T12:41:13.305132
2026-09-03,,lublin,Terminator 2: Dzień sądu 35. Rocznica,Lublin - Felicity,18:30,2D,original,regular,2026-09-03T12:41:13.305143
2026-09-03,,lublin,Gwiazdozbiór psa,Lublin - Felicity,19:00,2D,original,regular,2026-09-03T12:41:13.305153
2026-09-03,,lublin,Sunny Dancer,Lublin - Felicity,19:10,2D,original,regular,2026-09-03T12:41:13.305163
2026-09-03,,lublin,Tylko jedna noc,Lublin - Felicity,19:40,2D,original,regular,2026-09-03T12:41:13.305174
2026-09-03,,lublin,Gwiazdozbiór psa,Lublin - Felicity,19:50,4DX,original,regular,2026-09-03T12:41:13.305184
2026-09-03,,lublin,Gorzkie święta,Lublin - Felicity,20:10,2D,original,regular,2026-09-03T12:41:13.305194
2026-09-03,,lublin,Naznaczony: Wyjście z mrocznego wymiaru,Lublin - Felicity,20:50,2D,original,regular,2026-09-03T12:41:13.305206
2026-09-03,,lublin,Odyseja,Lublin - Felicity,21:00,2D,original,regular,2026-09-03T12:41:13.305216
2026-09-03,,lublin,Spider-Man: Całkiem nowy dzień,Lublin - Felicity,21:10,2D,original,regular,2026-09-03T12:41:13.305229
2026-09-03,,lublin,Buntownik,Lublin - Felicity,21:30,2D,original,regular,2026-09-03T12:41:13.305239
2026-09-03,,lublin,Gwiazdozbiór psa,Lublin - Felicity,21:40,2D,original,regular,2026-09-03T12:41:13.305248
2026-09-03,,lublin,Koniec ulicy Dębowej,Lublin - Felicity,21:40,2D,original,regular,2026-09-03T12:41:13.305259
2026-09-03,,lublin,Ice Cream Man,Lublin - Felicity,22:00,2D,original,regular,2026-09-03T12:41:13.305269
2026-09-03,,lublin,Pucio kocha zwierzaki,Lublin - Plaza,15:00,2D,,regular,2026-09-03T12:41:14.765489
2026-09-03,,lublin,Bogaci i martwi,Lublin - Plaza,15:00,2D,original,regular,2026-09-03T12:41:14.765515
2026-09-03,,lublin,Tylko jedna noc,Lublin - Plaza,15:20,2D,original,regular,2026-09-03T12:41:14.765526
2026-09-03,,lublin,Gwiazdozbiór psa,Lublin - Plaza,15:40,2D,original,regular,2026-09-03T12:41:14.765538
2026-09-03,,lublin,Minionki i straszydła,Lublin - Plaza,15:40,2D,,regular,2026-09-03T12:41:14.765548
2026-09-03,,lublin,Psi patrol i dinozaury,Lublin - Plaza,15:50,2D,,regular,2026-09-03T12:41:14.765558
2026-09-03,,lublin,Sunny Dancer,Lublin - Plaza,16:30,2D,original,regular,2026-09-03T12:41:14.765568
2026-09-03,,lublin,Spider-Man: Całkiem nowy dzień,Lublin - Plaza,17:00,2D,original,regular,2026-09-03T12:41:14.765579
2026-09-03,,lublin,Psi patrol i dinozaury,Lublin - Plaza,17:40,2D,,regular,2026-09-03T12:41:14.765588
2026-09-03,,lublin,Buntownik,Lublin - Plaza,17:50,2D,original,regular,2026-09-03T12:41:14.765598
2026-09-03,,lublin,Ostrze przeznaczenia,Lublin - Plaza,18:00,2D,original,regular,2026-09-03T12:41:14.765609
2026-09-03,,lublin,Harry Potter i Kamień Filozoficzny - 25. rocznica,Lublin - Plaza,18:00,2D,,regular,2026-09-03T12:41:14.765620
2026-09-03,,lublin,Naznaczony: Wyjście z mrocznego wymiaru,Lublin - Plaza,18:10,2D,original,regular,2026-09-03T12:41:14.765632
2026-09-03,,lublin,Gwiazdozbiór psa,Lublin - Plaza,18:20,2D,original,regular,2026-09-03T12:41:14.765641
2026-09-03,,lublin,Terminator 2: Dzień sądu 35. Rocznica,Lublin - Plaza,19:00,2D,original,regular,2026-09-03T12:41:14.765651
2026-09-03,,lublin,Odyseja,Lublin - Plaza,20:00,2D,original,regular,2026-09-03T12:41:14.765661
2026-09-03,,lublin,Spider-Man: Całkiem nowy dzień,Lublin - Plaza,20:10,2D,original,regular,2026-09-03T12:41:14.765671
2026-09-03,,lublin,Gwiazdozbiór psa ukraiński dubbing,Lublin - Plaza,20:20,2D,dubbing,regular,2026-09-03T12:41:14.765680
2026-09-03,,lublin,Nie patrz w dół 2,Lublin - Plaza,20:40,2D,original,regular,2026-09-03T12:41:14.765690
2026-09-03,,lublin,Gorzkie święta,Lublin - Plaza,20:50,2D,original,regular,2026-09-03T12:41:14.765699
2026-09-03,,lublin,Gwiazdozbiór psa,Lublin - Plaza,21:00,2D,original,regular,2026-09-03T12:41:14.765708
2026-09-03,,lublin,Koniec ulicy Dębowej,Lublin - Plaza,21:30,2D,original,regular,2026-09-03T12:41:14.765719
2026-09-03,,lublin,Naznaczony: Wyjście z mrocznego wymiaru,Lublin - Plaza,22:00,2D,original,regular,2026-09-03T12:41:14.765729
2026-09-03,,łódź,Naznaczony: Wyjście z mrocznego wymiaru,Łódź Manufaktura,14:30,2D,original,regular,2026-09-03T12:41:16.790555
2026-09-03,,łódź,Pucio kocha zwierzaki,Łódź Manufaktura,15:00,2D,,regular,2026-09-03T12:41:16.790582
2026-09-03,,łódź,Spider-Man: Całkiem nowy dzień,Łódź Manufaktura,15:00,2D,original,regular,2026-09-03T12:41:16.790595
2026-09-03,,łódź,Księga pustyni,Łódź Manufaktura,15:10,2D,,regular,2026-09-03T12:41:16.790607
2026-09-03,,łódź,Gwiazdozbiór psa,Łódź Manufaktura,15:20,2D,original,regular,2026-09-03T12:41:16.790618
2026-09-03,,łódź,Vaiana,Łódź Manufaktura,15:20,2D,original,regular,2026-09-03T12:41:16.790629
2026-09-03,,łódź,Terminator 2: Dzień sądu 35. Rocznica,Łódź Manufaktura,15:40,2D,original,regular,2026-09-03T12:41:16.790640
2026-09-03,,łódź,Psi patrol i dinozaury,Łódź Manufaktura,15:45,2D,,regular,2026-09-03T12:41:16.790651
2026-09-03,,łódź,Minionki i straszydła,Łódź Manufaktura,16:20,2D,,regular,2026-09-03T12:41:16.790661
2026-09-03,,łódź,Koniec ulicy Dębowej,Łódź Manufaktura,16:30,2D,original,regular,2026-09-03T12:41:16.790672
2026-09-03,,łódź,Toy Story 5,Łódź Manufaktura,16:30,2D,original,regular,2026-09-03T12:41:16.790684
2026-09-03,,łódź,Gwiazdozbiór psa,Łódź Manufaktura,16:40,2D,original,regular,2026-09-03T12:41:16.790693
2026-09-03,,łódź,Terminator 2: Dzień sądu 35. Rocznica,Łódź Manufaktura,16:50,4DX,original,regular,2026-09-03T12:41:16.790702
2026-09-03,,łódź,Spider-Man: Całkiem nowy dzień,Łódź Manufaktura,16:50,2D,original,regular,2026-09-03T12:41:16.790712
2026-09-03,,łódź,Gwiazdozbiór psa,Łódź Manufaktura,17:00,2D,original,regular,2026-09-03T12:41:16.790722
2026-09-03,,łódź,Spider-Man: Całkiem nowy dzień,Łódź Manufaktura,17:30,3D,original,regular,2026-09-03T12:41:16.790738
2026-09-03,,łódź,Harry Potter i Kamień Filozoficzny - 25. rocznica,Łódź Manufaktura,17:30,2D,,regular,2026-09-03T12:41:16.790749
2026-09-03,,łódź,Ostrze przeznaczenia,Łódź Manufaktura,18:00,2D,original,regular,2026-09-03T12:41:16.790760
2026-09-03,,łódź,Gwiazdozbiór psa,Łódź Manufaktura,18:00,2D,original,regular,2026-09-03T12:41:16.790770
2026-09-03,,łódź,Naznaczony: Wyjście z mrocznego wymiaru,Łódź Manufaktura,18:00,2D,original,regular,2026-09-03T12:41:16.790781
2026-09-03,,łódź,Spider-Man: Całkiem nowy dzień,Łódź Manufaktura,18:10,2D,original,regular,2026-09-03T12:41:16.790791
2026-09-03,,łódź,Gorzkie święta,Łódź Manufaktura,18:20,2D,original,regular,2026-09-03T12:41:16.790801
2026-09-03,,łódź,Terminator 2: Dzień sądu 35. Rocznica,Łódź Manufaktura,18:40,2D,original,regular,2026-09-03T12:41:16.790811
2026-09-03,,łódź,Naznaczony: Wyjście z mrocznego wymiaru,Łódź Manufaktura,19:00,2D,original,regular,2026-09-03T12:41:16.790822
2026-09-03,,łódź,Koniec ulicy Dębowej,Łódź Manufaktura,19:10,2D,original,regular,2026-09-03T12:41:16.790832
2026-09-03,,łódź,Gwiazdozbiór psa ukraiński dubbing,Łódź Manufaktura,19:30,2D,dubbing,regular,2026-09-03T12:41:16.790842
2026-09-03,,łódź,Gwiazdozbiór psa,Łódź Manufaktura,19:40,IMAX,original,regular,2026-09-03T12:41:16.790848
2026-09-03,,łódź,Naznaczony: Wyjście z mrocznego wymiaru,Łódź Manufaktura,19:45,2D,original,regular,2026-09-03T12:41:16.790859
2026-09-03,,łódź,Gwiazdozbiór psa,Łódź Manufaktura,19:50,4DX,original,regular,2026-09-03T12:41:16.790866
2026-09-03,,łódź,Spider-Man: Całkiem nowy dzień,Łódź Manufaktura,20:00,2D,original,regular,2026-09-03T12:41:16.790876
2026-09-03,,łódź,Sunny Dancer,Łódź Manufaktura,20:30,2D,original,regular,2026-09-03T12:41:16.790887
2026-09-03,,łódź,Naznaczony: Wyjście z mrocznego wymiaru,Łódź Manufaktura,20:30,2D,original,regular,2026-09-03T12:41:16.790897
2026-09-03,,łódź,Gwiazdozbiór psa,Łódź Manufaktura,20:40,2D,original,regular,2026-09-03T12:41:16.790906
2026-09-03,,łódź,Nie patrz w dół 2,Łódź Manufaktura,20:45,2D,original,regular,2026-09-03T12:41:16.790917
2026-09-03,,łódź,Gorzkie święta,Łódź Manufaktura,20:50,2D,original,regular,2026-09-03T12:41:16.790927
2026-09-03,,łódź,Buntownik,Łódź Manufaktura,20:50,2D,original,regular,2026-09-03T12:41:16.790937
2026-09-03,,łódź,Spider-Man: Całkiem nowy dzień,Łódź Manufaktura,21:30,2D,original,regular,2026-09-03T12:41:16.790948
2026-09-03,,łódź,Naznaczony: Wyjście z mrocznego wymiaru,Łódź Manufaktura,21:30,2D,original,regular,2026-09-03T12:41:16.790958
2026-09-03,,łódź,Odyseja,Łódź Manufaktura,21:40,2D,original,regular,2026-09-03T12:41:16.790969
2026-09-03,,łódź,Wszyscy moi wrogowie,Łódź Manufaktura,21:40,2D,original,regular,2026-09-03T12:41:16.790980
2026-09-03,,łódź,Naznaczony: Wyjście z mrocznego wymiaru,Łódź Manufaktura,22:10,2D,original,regular,2026-09-03T12:41:16.790990
2026-09-03,,łódź,Tylko jedna noc,Łódź Manufaktura,22:10,2D,original,regular,2026-09-03T12:41:16.791000
2026-09-03,,łódź,Gwiazdozbiór psa,Łódź Manufaktura,22:20,IMAX,original,regular,2026-09-03T12:41:16.791006
2026-09-03,,łódź,Naznaczony: Wyjście z mrocznego wymiaru,Łódź Manufaktura,22:30,4DX,original,regular,2026-09-03T12:41:16.791014
2026-09-03,,poznań,Gwiazdozbiór psa,Poznań - Kinepolis,14:30,2D,original,regular,2026-09-03T12:41:19.228025
2026-09-03,,poznań,Księga pustyni,Poznań - Kinepolis,14:30,2D,,regular,2026-09-03T12:41:19.228051
2026-09-03,,poznań,Vaiana,Poznań - Kinepolis,14:50,2D,original,regular,2026-09-03T12:41:19.228081
2026-09-03,,poznań,Pucio kocha zwierzaki,Poznań - Kinepolis,15:00,2D,,regular,2026-09-03T12:41:19.228095
2026-09-03,,poznań,Toy Story 5,Poznań - Kinepolis,15:30,2D,original,regular,2026-09-03T12:41:19.228109
2026-09-03,,poznań,Psi patrol i dinozaury,Poznań - Kinepolis,15:40,2D,,regular,2026-09-03T12:41:19.228119
2026-09-03,,poznań,Gorzkie święta,Poznań - Kinepolis,15:40,2D,original,regular,2026-09-03T12:41:19.228130
2026-09-03,,poznań,Gwiazdozbiór psa,Poznań - Kinepolis,15:50,2D,original,regular,2026-09-03T12:41:19.228141
2026-09-03,,poznań,Minionki i straszydła,Poznań - Kinepolis,15:50,2D,,regular,2026-09-03T12:41:19.228151
2026-09-03,,poznań,Spider-Man: Całkiem nowy dzień,Poznań - Kinepolis,15:50,2D,original,regular,2026-09-03T12:41:19.228163
2026-09-03,,poznań,Odzyskany,Poznań - Kinepolis,15:50,2D,original,regular,2026-09-03T12:41:19.228173
2026-09-03,,poznań,Naznaczony: Wyjście z mrocznego wymiaru,Poznań - Kinepolis,16:00,2D,original,regular,2026-09-03T12:41:19.228185
2026-09-03,,poznań,Terminator 2: Dzień sądu 35. Rocznica,Poznań - Kinepolis,16:00,2D,original,regular,2026-09-03T12:41:19.228196
2026-09-03,,poznań,Bogaci i martwi,Poznań - Kinepolis,16:00,2D,original,regular,2026-09-03T12:41:19.228208
2026-09-03,,poznań,Sunny Dancer,Poznań - Kinepolis,16:10,2D,original,regular,2026-09-03T12:41:19.228219
2026-09-03,,poznań,Odyseja,Poznań - Kinepolis,16:15,2D,original,regular,2026-09-03T12:41:19.228230
2026-09-03,,poznań,Harry Potter i Kamień Filozoficzny - 25. rocznica,Poznań - Kinepolis,16:30,2D,,regular,2026-09-03T12:41:19.228242
2026-09-03,,poznań,Księga pustyni,Poznań - Kinepolis,16:40,2D,,regular,2026-09-03T12:41:19.228252
2026-09-03,,poznań,Harry Potter i Kamień Filozoficzny - 25. rocznica,Poznań - Kinepolis,17:00,2D,,regular,2026-09-03T12:41:19.228263
2026-09-03,,poznań,Buntownik,Poznań - Kinepolis,17:00,2D,original,regular,2026-09-03T12:41:19.228274
2026-09-03,,poznań,Gwiazdozbiór psa,Poznań - Kinepolis,17:10,2D,original,regular,2026-09-03T12:41:19.228284
2026-09-03,,poznań,Odyseja,Poznań - Kinepolis,17:40,2D,original,regular,2026-09-03T12:41:19.228295
2026-09-03,,poznań,Psi patrol i dinozaury,Poznań - Kinepolis,17:50,2D,,regular,2026-09-03T12:41:19.228305
2026-09-03,,poznań,Ostrze przeznaczenia,Poznań - Kinepolis,18:00,2D,original,regular,2026-09-03T12:41:19.228316
2026-09-03,,poznań,Spider-Man: Całkiem nowy dzień,Poznań - Kinepolis,18:00,2D,original,regular,2026-09-03T12:41:19.228328
2026-09-03,,poznań,Odyseja,Poznań - Kinepolis,18:00,2D,original,regular,2026-09-03T12:41:19.228338
2026-09-03,,poznań,Gorzkie święta,Poznań - Kinepolis,18:10,2D,original,regular,2026-09-03T12:41:19.228348
2026-09-03,,poznań,Tylko jedna noc,Poznań - Kinepolis,18:20,2D,original,regular,2026-09-03T12:41:19.228358
2026-09-03,,poznań,Gwiazdozbiór psa,Poznań - Kinepolis,18:30,2D,original,regular,2026-09-03T12:41:19.228369
2026-09-03,,poznań,Naznaczony: Wyjście z mrocznego wymiaru,Poznań - Kinepolis,18:30,2D,original,regular,2026-09-03T12:41:19.228380
2026-09-03,,poznań,Sunny Dancer,Poznań - Kinepolis,18:40,2D,original,regular,2026-09-03T12:41:19.228390
2026-09-03,,poznań,Koniec ulicy Dębowej,Poznań - Kinepolis,19:00,2D,original,regular,2026-09-03T12:41:19.228402
2026-09-03,,poznań,Spider-Man: Całkiem nowy dzień,Poznań - Kinepolis,19:00,2D,original,regular,2026-09-03T12:41:19.228413
2026-09-03,,poznań,Terminator 2: Dzień sądu 35. Rocznica,Poznań - Kinepolis,19:00,2D,original,regular,2026-09-03T12:41:19.228424
2026-09-03,,poznań,Buntownik,Poznań - Kinepolis,19:20,2D,original,regular,2026-09-03T12:41:19.228434
2026-09-03,,poznań,Gwiazdozbiór psa,Poznań - Kinepolis,19:50,2D,original,regular,2026-09-03T12:41:19.228444
2026-09-03,,poznań,Odyseja,Poznań - Kinepolis,20:00,2D,original,regular,2026-09-03T12:41:19.228455
2026-09-03,,poznań,Spider-Man: Całkiem nowy dzień,Poznań - Kinepolis,20:00,2D,original,regular,2026-09-03T12:41:19.228466
2026-09-03,,poznań,Nie patrz w dół 2,Poznań - Kinepolis,20:00,2D,original,regular,2026-09-03T12:41:19.228477
2026-09-03,,poznań,Terminator 2: Dzień sądu 35. Rocznica,Poznań - Kinepolis,20:30,2D,original,regular,2026-09-03T12:41:19.228488
2026-09-03,,poznań,Gorzkie święta,Poznań - Kinepolis,20:40,2D,original,regular,2026-09-03T12:41:19.228498
2026-09-03,,poznań,Odyseja,Poznań - Kinepolis,20:50,2D,original,regular,2026-09-03T12:41:19.228507
2026-09-03,,poznań,Tylko jedna noc,Poznań - Kinepolis,20:50,2D,original,regular,2026-09-03T12:41:19.228517
2026-09-03,,poznań,Naznaczony: Wyjście z mrocznego wymiaru,Poznań - Kinepolis,21:00,2D,original,regular,2026-09-03T12:41:19.228528
2026-09-03,,poznań,Gwiazdozbiór psa,Poznań - Kinepolis,21:10,2D,original,regular,2026-09-03T12:41:19.228539
2026-09-03,,poznań,Spider-Man: Całkiem nowy dzień,Poznań - Kinepolis,21:10,2D,original,regular,2026-09-03T12:41:19.228550
2026-09-03,,poznań,Wrong Girls,Poznań - Kinepolis,21:10,2D,original,regular,2026-09-03T12:41:19.228560
2026-09-03,,poznań,Odyseja,Poznań - Kinepolis,21:20,2D,original,regular,2026-09-03T12:41:19.228572
2026-09-03,,poznań,Obsesja,Poznań - Kinepolis,21:30,2D,original,regular,2026-09-03T12:41:19.228582
2026-09-03,,poznań,Odyseja,Poznań - Kinepolis,21:30,2D,original,regular,2026-09-03T12:41:19.228592
2026-09-03,,poznań,Zaproszenie,Poznań - Kinepolis,21:30,2D,original,regular,2026-09-03T12:41:19.228602
2026-09-03,,poznań,Buntownik,Poznań - Kinepolis,22:00,2D,original,regular,2026-09-03T12:41:19.228612
2026-09-03,,poznań,Gwiazdozbiór psa,Poznań - Plaza,14:30,2D,original,regular,2026-09-03T12:41:21.106619
2026-09-03,,poznań,Księga pustyni,Poznań - Plaza,15:10,2D,,regular,2026-09-03T12:41:21.106646
2026-09-03,,poznań,Psi patrol i dinozaury,Poznań - Plaza,15:20,2D,,regular,2026-09-03T12:41:21.106659
2026-09-03,,poznań,Spider-Man: Całkiem nowy dzień,Poznań - Plaza,15:20,2D,original,regular,2026-09-03T12:41:21.106671
2026-09-03,,poznań,Gorzkie święta,Poznań - Plaza,15:50,2D,original,regular,2026-09-03T12:41:21.106682
2026-09-03,,poznań,Buntownik,Poznań - Plaza,15:50,2D,original,regular,2026-09-03T12:41:21.106692
2026-09-03,,poznań,Odyseja,Poznań - Plaza,16:10,IMAX,original,regular,2026-09-03T12:41:21.106700
2026-09-03,,poznań,Harry Potter i Kamień Filozoficzny - 25. rocznica,Poznań - Plaza,16:40,2D,,regular,2026-09-03T12:41:21.106711
2026-09-03,,poznań,Tylko jedna noc,Poznań - Plaza,16:40,2D,original,regular,2026-09-03T12:41:21.106721
2026-09-03,,poznań,Gwiazdozbiór psa,Poznań - Plaza,17:10,2D,original,regular,2026-09-03T12:41:21.106731
2026-09-03,,poznań,Psi patrol i dinozaury,Poznań - Plaza,17:30,2D,,regular,2026-09-03T12:41:21.106741
2026-09-03,,poznań,Sunny Dancer,Poznań - Plaza,17:30,2D,original,regular,2026-09-03T12:41:21.106751
2026-09-03,,poznań,Odyseja,Poznań - Plaza,18:00,2D,original,regular,2026-09-03T12:41:21.106762
2026-09-03,,poznań,Tylko jedna noc,Poznań - Plaza,18:10,2D,original,regular,2026-09-03T12:41:21.106772
2026-09-03,,poznań,Ostrze przeznaczenia,Poznań - Plaza,18:30,2D,original,regular,2026-09-03T12:41:21.106783
2026-09-03,,poznań,Terminator 2: Dzień sądu 35. Rocznica,Poznań - Plaza,18:30,2D,original,regular,2026-09-03T12:41:21.106794
2026-09-03,,poznań,Gorzkie święta,Poznań - Plaza,19:30,2D,original,regular,2026-09-03T12:41:21.106804
2026-09-03,,poznań,Spider-Man: Całkiem nowy dzień,Poznań - Plaza,19:40,2D,original,regular,2026-09-03T12:41:21.106814
2026-09-03,,poznań,Gwiazdozbiór psa,Poznań - Plaza,19:40,IMAX,original,regular,2026-09-03T12:41:21.106821
2026-09-03,,poznań,Gwiazdozbiór psa,Poznań - Plaza,19:50,2D,original,regular,2026-09-03T12:41:21.106831
2026-09-03,,poznań,Naznaczony: Wyjście z mrocznego wymiaru,Poznań - Plaza,20:00,2D,original,regular,2026-09-03T12:41:21.106843
2026-09-03,,poznań,Odyseja,Poznań - Plaza,20:10,2D,original,regular,2026-09-03T12:41:21.106853
2026-09-03,,poznań,Buntownik,Poznań - Plaza,20:30,2D,original,regular,2026-09-03T12:41:21.106863
2026-09-03,,poznań,Gwiazdozbiór psa ukraiński dubbing,Poznań - Plaza,21:20,2D,dubbing,regular,2026-09-03T12:41:21.106873
2026-09-03,,poznań,Spider-Man: Całkiem nowy dzień,Poznań - Plaza,21:30,2D,original,regular,2026-09-03T12:41:21.106884
2026-09-03,,poznań,Odyseja,Poznań - Plaza,21:40,2D,original,regular,2026-09-03T12:41:21.106894
2026-09-03,,poznań,Wrong Girls,Poznań - Plaza,22:10,2D,original,regular,2026-09-03T12:41:21.106904
2026-09-03,,poznań,Gwiazdozbiór psa,Poznań - Plaza,22:20,IMAX,original,regular,2026-09-03T12:41:21.106911
2026-09-03,,poznań,Gwiazdozbiór psa,Poznań - Plaza,22:30,2D,original,regular,2026-09-03T12:41:21.106921
2026-09-03,,poznań,Naznaczony: Wyjście z mrocznego wymiaru,Poznań - Plaza,22:30,2D,original,regular,2026-09-03T12:41:21.106932
2026-09-03,,ruda-śląska,Minionki i straszydła,Ruda Śląska,15:00,2D,,regular,2026-09-03T12:41:23.039463
2026-09-03,,ruda-śląska,Wrong Girls,Ruda Śląska,15:30,2D,original,regular,2026-09-03T12:41:23.039487
2026-09-03,,ruda-śląska,Psi patrol i dinozaury,Ruda Śląska,15:40,2D,,regular,2026-09-03T12:41:23.039498
2026-09-03,,ruda-śląska,Spider-Man: Całkiem nowy dzień,Ruda Śląska,15:40,2D,original,regular,2026-09-03T12:41:23.039510
2026-09-03,,ruda-śląska,Odyseja,Ruda Śląska,16:00,2D,original,regular,2026-09-03T12:41:23.039521
2026-09-03,,ruda-śląska,Vivaldi i ja,Ruda Śląska,16:20,2D,original,regular,2026-09-03T12:41:23.039532
2026-09-03,,ruda-śląska,Gwiazdozbiór psa,Ruda Śląska,16:50,2D,original,regular,2026-09-03T12:41:23.039543
2026-09-03,,ruda-śląska,Księga pustyni,Ruda Śląska,16:50,2D,,regular,2026-09-03T12:41:23.039554
2026-09-03,,ruda-śląska,Koniec ulicy Dębowej,Ruda Śląska,17:10,2D,original,regular,2026-09-03T12:41:23.039565
2026-09-03,,ruda-śląska,Psi patrol i dinozaury,Ruda Śląska,17:50,2D,,regular,2026-09-03T12:41:23.039574
2026-09-03,,ruda-śląska,Naznaczony: Wyjście z mrocznego wymiaru,Ruda Śląska,18:00,2D,original,regular,2026-09-03T12:41:23.039586
2026-09-03,,ruda-śląska,Sunny Dancer,Ruda Śląska,18:50,2D,original,regular,2026-09-03T12:41:23.039597
2026-09-03,,ruda-śląska,Harry Potter i Kamień Filozoficzny - 25. rocznica,Ruda Śląska,19:00,2D,,regular,2026-09-03T12:41:23.039608
2026-09-03,,ruda-śląska,Terminator 2: Dzień sądu 35. Rocznica,Ruda Śląska,19:00,2D,original,regular,2026-09-03T12:41:23.039619
2026-09-03,,ruda-śląska,Gwiazdozbiór psa,Ruda Śląska,19:30,2D,original,regular,2026-09-03T12:41:23.039629
2026-09-03,,ruda-śląska,Buntownik,Ruda Śląska,19:40,2D,original,regular,2026-09-03T12:41:23.039640
2026-09-03,,ruda-śląska,Gorzkie święta,Ruda Śląska,19:50,2D,original,regular,2026-09-03T12:41:23.039650
2026-09-03,,ruda-śląska,Spider-Man: Całkiem nowy dzień,Ruda Śląska,20:00,2D,original,regular,2026-09-03T12:41:23.039660
2026-09-03,,ruda-śląska,Naznaczony: Wyjście z mrocznego wymiaru,Ruda Śląska,20:40,2D,original,regular,2026-09-03T12:41:23.039671
2026-09-03,,rybnik,Bogaci i martwi,Rybnik,14:45,2D,original,regular,2026-09-03T12:41:24.735224
2026-09-03,,rybnik,Pucio kocha zwierzaki,Rybnik,15:30,2D,,regular,2026-09-03T12:41:24.735251
2026-09-03,,rybnik,Koniec ulicy Dębowej,Rybnik,15:30,2D,original,regular,2026-09-03T12:41:24.735269
2026-09-03,,rybnik,Odyseja,Rybnik,16:00,2D,original,regular,2026-09-03T12:41:24.735283
2026-09-03,,rybnik,Gwiazdozbiór psa,Rybnik,16:20,2D,original,regular,2026-09-03T12:41:24.735296
2026-09-03,,rybnik,Psi patrol i dinozaury,Rybnik,16:30,2D,,regular,2026-09-03T12:41:24.735308
2026-09-03,,rybnik,Minionki i straszydła,Rybnik,16:50,2D,,regular,2026-09-03T12:41:24.735321
2026-09-03,,rybnik,Spider-Man: Całkiem nowy dzień,Rybnik,16:50,2D,original,regular,2026-09-03T12:41:24.735334
2026-09-03,,rybnik,Sunny Dancer,Rybnik,17:00,2D,original,regular,2026-09-03T12:41:24.735347
2026-09-03,,rybnik,Księga pustyni,Rybnik,17:10,2D,,regular,2026-09-03T12:41:24.735358
2026-09-03,,rybnik,Nie patrz w dół 2,Rybnik,18:10,2D,original,regular,2026-09-03T12:41:24.735371
2026-09-03,,rybnik,Buntownik,Rybnik,18:50,2D,original,regular,2026-09-03T12:41:24.735383
2026-09-03,,rybnik,Harry Potter i Kamień Filozoficzny - 25. rocznica,Rybnik,19:00,2D,,regular,2026-09-03T12:41:24.735396
2026-09-03,,rybnik,Gwiazdozbiór psa,Rybnik,19:00,2D,original,regular,2026-09-03T12:41:24.735409
2026-09-03,,rybnik,Naznaczony: Wyjście z mrocznego wymiaru,Rybnik,19:20,2D,original,regular,2026-09-03T12:41:24.735423
2026-09-03,,rybnik,Terminator 2: Dzień sądu 35. Rocznica,Rybnik,19:30,2D,original,regular,2026-09-03T12:41:24.735436
2026-09-03,,rybnik,Odyseja,Rybnik,19:40,2D,original,regular,2026-09-03T12:41:24.735448
2026-09-03,,rybnik,Spider-Man: Całkiem nowy dzień,Rybnik,20:00,2D,original,regular,2026-09-03T12:41:24.735460
2026-09-03,,rybnik,Gorzkie święta,Rybnik,20:30,2D,original,regular,2026-09-03T12:41:24.735473
2026-09-03,,rybnik,Spider-Man: Całkiem nowy dzień,Rybnik,21:10,2D,original,regular,2026-09-03T12:41:24.735485
2026-09-03,,rybnik,Gwiazdozbiór psa,Rybnik,21:40,2D,original,regular,2026-09-03T12:41:24.735499
2026-09-03,,rybnik,Naznaczony: Wyjście z mrocznego wymiaru,Rybnik,21:50,2D,original,regular,2026-09-03T12:41:24.735512
2026-09-03,,sosnowiec,Księga pustyni,Sosnowiec,14:40,2D,,regular,2026-09-03T12:41:26.480882
2026-09-03,,sosnowiec,Koniec ulicy Dębowej,Sosnowiec,14:45,2D,original,regular,2026-09-03T12:41:26.480912
2026-09-03,,sosnowiec,Gwiazdozbiór psa,Sosnowiec,16:20,2D,original,regular,2026-09-03T12:41:26.480927
2026-09-03,,sosnowiec,Psi patrol i dinozaury,Sosnowiec,16:40,2D,,regular,2026-09-03T12:41:26.480940
2026-09-03,,sosnowiec,Spider-Man: Całkiem nowy dzień,Sosnowiec,16:50,2D,original,regular,2026-09-03T12:41:26.480953
2026-09-03,,sosnowiec,Harry Potter i Kamień Filozoficzny - 25. rocznica,Sosnowiec,17:00,2D,,regular,2026-09-03T12:41:26.480966
2026-09-03,,sosnowiec,Naznaczony: Wyjście z mrocznego wymiaru,Sosnowiec,17:00,2D,original,regular,2026-09-03T12:41:26.480980
2026-09-03,,sosnowiec,Koniec ulicy Dębowej,Sosnowiec,17:25,2D,original,regular,2026-09-03T12:41:26.480993
2026-09-03,,sosnowiec,Buntownik,Sosnowiec,18:50,2D,original,regular,2026-09-03T12:41:26.481006
2026-09-03,,sosnowiec,Gwiazdozbiór psa,Sosnowiec,19:00,2D,original,regular,2026-09-03T12:41:26.481017
2026-09-03,,sosnowiec,Naznaczony: Wyjście z mrocznego wymiaru,Sosnowiec,19:30,2D,original,regular,2026-09-03T12:41:26.481029
2026-09-03,,sosnowiec,Nie patrz w dół 2,Sosnowiec,19:50,2D,original,regular,2026-09-03T12:41:26.481042
2026-09-03,,sosnowiec,Spider-Man: Całkiem nowy dzień,Sosnowiec,20:00,2D,original,regular,2026-09-03T12:41:26.481054
2026-09-03,,sosnowiec,Terminator 2: Dzień sądu 35. Rocznica,Sosnowiec,20:30,2D,original,regular,2026-09-03T12:41:26.481066
2026-09-03,,sosnowiec,Buntownik,Sosnowiec,21:10,2D,original,regular,2026-09-03T12:41:26.481114
2026-09-03,,sosnowiec,Gwiazdozbiór psa,Sosnowiec,21:40,2D,original,regular,2026-09-03T12:41:26.481126
2026-09-03,,sosnowiec,Naznaczony: Wyjście z mrocznego wymiaru,Sosnowiec,22:00,2D,original,regular,2026-09-03T12:41:26.481138
2026-09-03,,sosnowiec,Bogaci i martwi,Sosnowiec,22:00,2D,original,regular,2026-09-03T12:41:26.481151
2026-09-03,,gdańsk,Odyseja,Starogard Gdański,14:30,2D,original,regular,2026-09-03T12:41:28.117345
2026-09-03,,gdańsk,Pucio kocha zwierzaki,Starogard Gdański,14:40,2D,,regular,2026-09-03T12:41:28.117369
2026-09-03,,gdańsk,Spider-Man: Całkiem nowy dzień,Starogard Gdański,14:50,2D,original,regular,2026-09-03T12:41:28.117383
2026-09-03,,gdańsk,Naznaczony: Wyjście z mrocznego wymiaru,Starogard Gdański,15:00,2D,original,regular,2026-09-03T12:41:28.117396
2026-09-03,,gdańsk,Spider-Man: Całkiem nowy dzień,Starogard Gdański,16:10,2D,original,regular,2026-09-03T12:41:28.117407
2026-09-03,,gdańsk,Psi patrol i dinozaury,Starogard Gdański,16:30,2D,,regular,2026-09-03T12:41:28.117418
2026-09-03,,gdańsk,Gwiazdozbiór psa,Starogard Gdański,16:40,2D,original,regular,2026-09-03T12:41:28.117428
2026-09-03,,gdańsk,Spider-Man: Całkiem nowy dzień,Starogard Gdański,17:30,2D,original,regular,2026-09-03T12:41:28.117438
2026-09-03,,gdańsk,Harry Potter i Kamień Filozoficzny - 25. rocznica,Starogard Gdański,18:00,2D,,regular,2026-09-03T12:41:28.117450
2026-09-03,,gdańsk,Buntownik,Starogard Gdański,18:10,2D,original,regular,2026-09-03T12:41:28.117461
2026-09-03,,gdańsk,Nie patrz w dół 2,Starogard Gdański,18:40,2D,original,regular,2026-09-03T12:41:28.117471
2026-09-03,,gdańsk,Gwiazdozbiór psa,Starogard Gdański,19:15,2D,original,regular,2026-09-03T12:41:28.117481
2026-09-03,,gdańsk,Spider-Man: Całkiem nowy dzień,Starogard Gdański,19:20,2D,original,regular,2026-09-03T12:41:28.117491
2026-09-03,,gdańsk,Naznaczony: Wyjście z mrocznego wymiaru,Starogard Gdański,20:30,2D,original,regular,2026-09-03T12:41:28.117501
2026-09-03,,gdańsk,Spider-Man: Całkiem nowy dzień,Starogard Gdański,20:40,2D,original,regular,2026-09-03T12:41:28.117511
2026-09-03,,gdańsk,Bogaci i martwi,Starogard Gdański,21:00,2D,original,regular,2026-09-03T12:41:28.117524
2026-09-03,,gdańsk,Terminator 2: Dzień sądu 35. Rocznica,Starogard Gdański,21:20,2D,original,regular,2026-09-03T12:41:28.117535
2026-09-03,,gdańsk,Gwiazdozbiór psa,Starogard Gdański,21:50,2D,original,regular,2026-09-03T12:41:28.117545
2026-09-03,,toruń,Gwiazdozbiór psa,Toruń - Czerwona Droga,14:30,2D,original,regular,2026-09-03T12:41:29.965123
2026-09-03,,toruń,Spider-Man: Całkiem nowy dzień,Toruń - Czerwona Droga,14:40,2D,original,regular,2026-09-03T12:41:29.965154
2026-09-03,,toruń,Pucio kocha zwierzaki,Toruń - Czerwona Droga,15:00,2D,,regular,2026-09-03T12:41:29.965173
2026-09-03,,toruń,Buntownik,Toruń - Czerwona Droga,15:00,2D,original,regular,2026-09-03T12:41:29.965187
2026-09-03,,toruń,Sunny Dancer,Toruń - Czerwona Droga,15:15,2D,original,regular,2026-09-03T12:41:29.965197
2026-09-03,,toruń,Naznaczony: Wyjście z mrocznego wymiaru,Toruń - Czerwona Droga,15:30,2D,original,regular,2026-09-03T12:41:29.965209
2026-09-03,,toruń,Księga pustyni,Toruń - Czerwona Droga,15:50,2D,,regular,2026-09-03T12:41:29.965220
2026-09-03,,toruń,Psi patrol i dinozaury,Toruń - Czerwona Droga,15:50,2D,,regular,2026-09-03T12:41:29.965230
2026-09-03,,toruń,Terminator 2: Dzień sądu 35. Rocznica,Toruń - Czerwona Droga,16:00,2D,original,regular,2026-09-03T12:41:29.965242
2026-09-03,,toruń,Spider-Man: Całkiem nowy dzień,Toruń - Czerwona Droga,16:00,2D,original,regular,2026-09-03T12:41:29.965252
2026-09-03,,toruń,Odyseja,Toruń - Czerwona Droga,16:10,2D,original,regular,2026-09-03T12:41:29.965263
2026-09-03,,toruń,Pucio kocha zwierzaki,Toruń - Czerwona Droga,16:30,2D,,regular,2026-09-03T12:41:29.965272
2026-09-03,,toruń,Harry Potter i Kamień Filozoficzny - 25. rocznica,Toruń - Czerwona Droga,16:30,2D,,regular,2026-09-03T12:41:29.965283
2026-09-03,,toruń,Gwiazdozbiór psa,Toruń - Czerwona Droga,17:10,2D,original,regular,2026-09-03T12:41:29.965294
2026-09-03,,toruń,Psi patrol i dinozaury,Toruń - Czerwona Droga,17:20,2D,,regular,2026-09-03T12:41:29.965303
2026-09-03,,toruń,Koniec ulicy Dębowej,Toruń - Czerwona Droga,17:40,2D,original,regular,2026-09-03T12:41:29.965315
2026-09-03,,toruń,Gorzkie święta,Toruń - Czerwona Droga,17:50,2D,original,regular,2026-09-03T12:41:29.965325
2026-09-03,,toruń,Ostrze przeznaczenia,Toruń - Czerwona Droga,18:00,2D,original,regular,2026-09-03T12:41:29.965336
2026-09-03,,toruń,Spider-Man: Całkiem nowy dzień,Toruń - Czerwona Droga,18:00,2D,original,regular,2026-09-03T12:41:29.965346
2026-09-03,,toruń,Wrong Girls,Toruń - Czerwona Droga,18:10,2D,original,regular,2026-09-03T12:41:29.965356
2026-09-03,,toruń,Nie patrz w dół 2,Toruń - Czerwona Droga,18:20,2D,original,regular,2026-09-03T12:41:29.965366
2026-09-03,,toruń,Terminator 2: Dzień sądu 35. Rocznica,Toruń - Czerwona Droga,19:00,2D,original,regular,2026-09-03T12:41:29.965377
2026-09-03,,toruń,Spider-Man: Całkiem nowy dzień,Toruń - Czerwona Droga,19:10,2D,original,regular,2026-09-03T12:41:29.965387
2026-09-03,,toruń,Buntownik,Toruń - Czerwona Droga,19:30,2D,original,regular,2026-09-03T12:41:29.965397
2026-09-03,,toruń,Odyseja,Toruń - Czerwona Droga,19:45,2D,original,regular,2026-09-03T12:41:29.965407
2026-09-03,,toruń,Gwiazdozbiór psa,Toruń - Czerwona Droga,19:50,2D,original,regular,2026-09-03T12:41:29.965417
2026-09-03,,toruń,Naznaczony: Wyjście z mrocznego wymiaru,Toruń - Czerwona Droga,20:00,2D,original,regular,2026-09-03T12:41:29.965428
2026-09-03,,toruń,Sunny Dancer,Toruń - Czerwona Droga,20:10,2D,original,regular,2026-09-03T12:41:29.965438
2026-09-03,,toruń,Bogaci i martwi,Toruń - Czerwona Droga,20:30,2D,original,regular,2026-09-03T12:41:29.965449
2026-09-03,,toruń,Gorzkie święta,Toruń - Czerwona Droga,20:30,2D,original,regular,2026-09-03T12:41:29.965458
2026-09-03,,toruń,Gwiazdozbiór psa,Toruń - Czerwona Droga,20:40,2D,original,regular,2026-09-03T12:41:29.965468
2026-09-03,,toruń,Obsesja,Toruń - Czerwona Droga,20:50,2D,original,regular,2026-09-03T12:41:29.965478
2026-09-03,,toruń,Spider-Man: Całkiem nowy dzień,Toruń - Czerwona Droga,21:10,2D,original,regular,2026-09-03T12:41:29.965489
2026-09-03,,toruń,Buntownik,Toruń - Czerwona Droga,21:45,2D,original,regular,2026-09-03T12:41:29.965498
2026-09-03,,toruń,Naznaczony: Wyjście z mrocznego wymiaru,Toruń - Czerwona Droga,22:00,2D,original,regular,2026-09-03T12:41:29.965508
2026-09-03,,toruń,Odyseja,Toruń - Plaza,14:30,2D,original,regular,2026-09-03T12:41:31.999472
2026-09-03,,toruń,Minionki i straszydła,Toruń - Plaza,14:50,2D,,regular,2026-09-03T12:41:31.999497
2026-09-03,,toruń,Spider-Man: Całkiem nowy dzień,Toruń - Plaza,15:00,2D,original,regular,2026-09-03T12:41:31.999510
2026-09-03,,toruń,Psi patrol i dinozaury,Toruń - Plaza,15:20,2D,,regular,2026-09-03T12:41:31.999520
2026-09-03,,toruń,Koniec ulicy Dębowej,Toruń - Plaza,15:45,2D,original,regular,2026-09-03T12:41:31.999532
2026-09-03,,toruń,Naznaczony: Wyjście z mrocznego wymiaru,Toruń - Plaza,16:00,2D,original,regular,2026-09-03T12:41:31.999543
2026-09-03,,toruń,Gwiazdozbiór psa,Toruń - Plaza,16:15,2D,original,regular,2026-09-03T12:41:31.999554
2026-09-03,,toruń,Spider-Man: Całkiem nowy dzień,Toruń - Plaza,16:30,2D,original,regular,2026-09-03T12:41:31.999564
2026-09-03,,toruń,Harry Potter i Kamień Filozoficzny - 25. rocznica,Toruń - Plaza,17:00,2D,,regular,2026-09-03T12:41:31.999574
2026-09-03,,toruń,Psi patrol i dinozaury,Toruń - Plaza,17:30,2D,,regular,2026-09-03T12:41:31.999583
2026-09-03,,toruń,Sunny Dancer,Toruń - Plaza,18:00,2D,original,regular,2026-09-03T12:41:31.999593
2026-09-03,,toruń,Spider-Man: Całkiem nowy dzień,Toruń - Plaza,18:00,2D,original,regular,2026-09-03T12:41:31.999603
2026-09-03,,toruń,Gorzkie święta,Toruń - Plaza,18:20,2D,original,regular,2026-09-03T12:41:31.999612
2026-09-03,,toruń,Nie patrz w dół 2,Toruń - Plaza,18:30,2D,original,regular,2026-09-03T12:41:31.999622
2026-09-03,,toruń,Gwiazdozbiór psa,Toruń - Plaza,18:50,2D,original,regular,2026-09-03T12:41:31.999632
2026-09-03,,toruń,Terminator 2: Dzień sądu 35. Rocznica,Toruń - Plaza,19:35,2D,original,regular,2026-09-03T12:41:31.999642
2026-09-03,,toruń,Spider-Man: Całkiem nowy dzień,Toruń - Plaza,19:45,2D,original,regular,2026-09-03T12:41:31.999652
2026-09-03,,toruń,Naznaczony: Wyjście z mrocznego wymiaru,Toruń - Plaza,20:20,2D,original,regular,2026-09-03T12:41:31.999662
2026-09-03,,toruń,Odyseja,Toruń - Plaza,20:30,2D,original,regular,2026-09-03T12:41:31.999672
2026-09-03,,toruń,Buntownik,Toruń - Plaza,20:50,2D,original,regular,2026-09-03T12:41:31.999681
2026-09-03,,toruń,Spider-Man: Całkiem nowy dzień,Toruń - Plaza,21:00,2D,original,regular,2026-09-03T12:41:31.999691
2026-09-03,,toruń,Wrong Girls,Toruń - Plaza,21:00,2D,original,regular,2026-09-03T12:41:31.999700
2026-09-03,,toruń,Gwiazdozbiór psa,Toruń - Plaza,21:30,2D,original,regular,2026-09-03T12:41:31.999710
2026-09-03,,wałbrzych,Spider-Man: Całkiem nowy dzień,Wałbrzych,14:50,2D,original,regular,2026-09-03T12:41:34.003531
2026-09-03,,wałbrzych,Księga pustyni,Wałbrzych,15:10,2D,,regular,2026-09-03T12:41:34.003555
2026-09-03,,wałbrzych,Buntownik,Wałbrzych,15:30,2D,original,regular,2026-09-03T12:41:34.003567
2026-09-03,,wałbrzych,Koniec ulicy Dębowej,Wałbrzych,15:45,2D,original,regular,2026-09-03T12:41:34.003579
2026-09-03,,wałbrzych,Gwiazdozbiór psa,Wałbrzych,16:20,2D,original,regular,2026-09-03T12:41:34.003590
2026-09-03,,wałbrzych,Spider-Man: Całkiem nowy dzień,Wałbrzych,16:50,2D,original,regular,2026-09-03T12:41:34.003600
2026-09-03,,wałbrzych,Harry Potter i Kamień Filozoficzny - 25. rocznica,Wałbrzych,17:20,2D,,regular,2026-09-03T12:41:34.003612
2026-09-03,,wałbrzych,Gorzkie święta,Wałbrzych,17:40,2D,original,regular,2026-09-03T12:41:34.003622
2026-09-03,,wałbrzych,Nie patrz w dół 2,Wałbrzych,17:50,2D,original,regular,2026-09-03T12:41:34.003633
2026-09-03,,wałbrzych,Spider-Man: Całkiem nowy dzień,Wałbrzych,18:00,2D,original,regular,2026-09-03T12:41:34.003643
2026-09-03,,wałbrzych,Naznaczony: Wyjście z mrocznego wymiaru,Wałbrzych,18:10,2D,original,regular,2026-09-03T12:41:34.003655
2026-09-03,,wałbrzych,Gwiazdozbiór psa,Wałbrzych,19:00,2D,original,regular,2026-09-03T12:41:34.003665
2026-09-03,,wałbrzych,Spider-Man: Całkiem nowy dzień,Wałbrzych,20:00,2D,original,regular,2026-09-03T12:41:34.003675
2026-09-03,,wałbrzych,Buntownik,Wałbrzych,20:10,2D,original,regular,2026-09-03T12:41:34.003685
2026-09-03,,wałbrzych,Odyseja,Wałbrzych,20:20,2D,original,regular,2026-09-03T12:41:34.003696
2026-09-03,,wałbrzych,Naznaczony: Wyjście z mrocznego wymiaru,Wałbrzych,20:40,2D,original,regular,2026-09-03T12:41:34.003706
2026-09-03,,wałbrzych,Terminator 2: Dzień sądu 35. Rocznica,Wałbrzych,20:45,2D,original,regular,2026-09-03T12:41:34.003717
2026-09-03,,wałbrzych,Spider-Man: Całkiem nowy dzień,Wałbrzych,21:10,2D,original,regular,2026-09-03T12:41:34.003727
2026-09-03,,wałbrzych,Gwiazdozbiór psa,Wałbrzych,21:40,2D,original,regular,2026-09-03T12:41:34.003736
2026-09-03,,warszawa,Gwiazdozbiór psa,Warszawa -  Arkadia,14:40,2D,original,regular,2026-09-03T12:41:35.791627
2026-09-03,,warszawa,Spider-Man: Całkiem nowy dzień,Warszawa -  Arkadia,14:50,2D,original,regular,2026-09-03T12:41:35.791652
2026-09-03,,warszawa,Księga pustyni,Warszawa -  Arkadia,14:50,2D,,regular,2026-09-03T12:41:35.791665
2026-09-03,,warszawa,Buntownik,Warszawa -  Arkadia,15:00,2D,original,regular,2026-09-03T12:41:35.791676
2026-09-03,,warszawa,Psi patrol i dinozaury,Warszawa -  Arkadia,15:20,2D,,regular,2026-09-03T12:41:35.791686
2026-09-03,,warszawa,Sunny Dancer,Warszawa -  Arkadia,15:30,2D,original,regular,2026-09-03T12:41:35.791696
2026-09-03,,warszawa,Terminator 2: Dzień sądu 35. Rocznica,Warszawa -  Arkadia,15:30,2D,original,regular,2026-09-03T12:41:35.791708
2026-09-03,,warszawa,Pucio kocha zwierzaki,Warszawa -  Arkadia,15:40,2D,,regular,2026-09-03T12:41:35.791718
2026-09-03,,warszawa,Spider-Man: Całkiem nowy dzień,Warszawa -  Arkadia,15:40,2D,original,regular,2026-09-03T12:41:35.791728
2026-09-03,,warszawa,Wrong Girls,Warszawa -  Arkadia,15:50,2D,original,regular,2026-09-03T12:41:35.791738
2026-09-03,,warszawa,Gwiazdozbiór psa,Warszawa -  Arkadia,16:20,2D,original,regular,2026-09-03T12:41:35.791748
2026-09-03,,warszawa,Spider-Man: Całkiem nowy dzień,Warszawa -  Arkadia,16:40,3D,original,regular,2026-09-03T12:41:35.791758
2026-09-03,,warszawa,Terminator 2: Dzień sądu 35. Rocznica,Warszawa -  Arkadia,16:50,4DX,original,regular,2026-09-03T12:41:35.791766
2026-09-03,,warszawa,Naznaczony: Wyjście z mrocznego wymiaru,Warszawa -  Arkadia,17:00,2D,original,regular,2026-09-03T12:41:35.791778
2026-09-03,,warszawa,Bogaci i martwi,Warszawa -  Arkadia,17:10,2D,original,regular,2026-09-03T12:41:35.791789
2026-09-03,,warszawa,Gorzkie święta,Warszawa -  Arkadia,17:20,2D,original,regular,2026-09-03T12:41:35.791798
2026-09-03,,warszawa,Odyseja,Warszawa -  Arkadia,17:20,2D,original,regular,2026-09-03T12:41:35.791808
2026-09-03,,warszawa,Sunny Dancer,Warszawa -  Arkadia,17:20,2D,original,regular,2026-09-03T12:41:35.791817
2026-09-03,,warszawa,Harry Potter i Kamień Filozoficzny - 25. rocznica,Warszawa -  Arkadia,17:30,2D,,regular,2026-09-03T12:41:35.791828
2026-09-03,,warszawa,Buntownik,Warszawa -  Arkadia,17:30,2D,original,regular,2026-09-03T12:41:35.791837
2026-09-03,,warszawa,Ostrze przeznaczenia,Warszawa -  Arkadia,18:00,2D,original,regular,2026-09-03T12:41:35.791848
2026-09-03,,warszawa,Spider-Man: Całkiem nowy dzień,Warszawa -  Arkadia,18:00,2D,original,regular,2026-09-03T12:41:35.791858
2026-09-03,,warszawa,Wrong Girls,Warszawa -  Arkadia,18:20,2D,original,regular,2026-09-03T12:41:35.791866
2026-09-03,,warszawa,Terminator 2: Dzień sądu 35. Rocznica,Warszawa -  Arkadia,18:30,2D,original,regular,2026-09-03T12:41:35.791877
2026-09-03,,warszawa,Spider-Man: Całkiem nowy dzień,Warszawa -  Arkadia,18:50,2D,original,regular,2026-09-03T12:41:35.791887
2026-09-03,,warszawa,Gwiazdozbiór psa,Warszawa -  Arkadia,19:00,2D,original,regular,2026-09-03T12:41:35.791896
2026-09-03,,warszawa,Naznaczony: Wyjście z mrocznego wymiaru,Warszawa -  Arkadia,19:30,2D,original,regular,2026-09-03T12:41:35.791907
2026-09-03,,warszawa,Koniec ulicy Dębowej,Warszawa -  Arkadia,19:40,2D,original,regular,2026-09-03T12:41:35.791917
2026-09-03,,warszawa,Nie patrz w dół 2,Warszawa -  Arkadia,19:50,2D,original,regular,2026-09-03T12:41:35.791928
2026-09-03,,warszawa,Gwiazdozbiór psa,Warszawa -  Arkadia,19:50,4DX,original,regular,2026-09-03T12:41:35.791936
2026-09-03,,warszawa,Sunny Dancer,Warszawa -  Arkadia,19:50,2D,original,regular,2026-09-03T12:41:35.791945
2026-09-03,,warszawa,Buntownik,Warszawa -  Arkadia,19:50,2D,original,regular,2026-09-03T12:41:35.791954
2026-09-03,,warszawa,Gorzkie święta,Warszawa -  Arkadia,20:00,2D,original,regular,2026-09-03T12:41:35.791963
2026-09-03,,warszawa,Wszyscy moi wrogowie,Warszawa -  Arkadia,20:40,2D,original,regular,2026-09-03T12:41:35.791973
2026-09-03,,warszawa,Tylko jedna noc,Warszawa -  Arkadia,20:50,2D,original,regular,2026-09-03T12:41:35.791982
2026-09-03,,warszawa,Spider-Man: Całkiem nowy dzień,Warszawa -  Arkadia,20:50,2D,original,regular,2026-09-03T12:41:35.791991
2026-09-03,,warszawa,Gwiazdozbiór psa ukraiński dubbing,Warszawa -  Arkadia,21:00,2D,dubbing,regular,2026-09-03T12:41:35.792000
2026-09-03,,warszawa,Odyseja,Warszawa -  Arkadia,21:10,2D,original,regular,2026-09-03T12:41:35.792009
2026-09-03,,warszawa,Terminator 2: Dzień sądu 35. Rocznica,Warszawa -  Arkadia,21:30,2D,original,regular,2026-09-03T12:41:35.792020
2026-09-03,,warszawa,Gwiazdozbiór psa,Warszawa -  Arkadia,21:40,2D,original,regular,2026-09-03T12:41:35.792029
2026-09-03,,warszawa,Naznaczony: Wyjście z mrocznego wymiaru,Warszawa -  Arkadia,22:00,2D,original,regular,2026-09-03T12:41:35.792039
2026-09-03,,warszawa,Spider-Man: Całkiem nowy dzień,Warszawa -  Arkadia,22:00,2D,original,regular,2026-09-03T12:41:35.792049
2026-09-03,,warszawa,Naznaczony: Wyjście z mrocznego wymiaru ukraiński dubbing,Warszawa -  Arkadia,22:10,2D,dubbing,regular,2026-09-03T12:41:35.792059
2026-09-03,,warszawa,Buntownik,Warszawa -  Arkadia,22:10,2D,original,regular,2026-09-03T12:41:35.792084
2026-09-03,,warszawa,Koniec ulicy Dębowej,Warszawa -  Arkadia,22:10,2D,original,regular,2026-09-03T12:41:35.792096
2026-09-03,,warszawa,Obsesja,Warszawa -  Arkadia,22:20,2D,original,regular,2026-09-03T12:41:35.792106
2026-09-03,,warszawa,Gorzkie święta,Warszawa -  Arkadia,22:30,2D,original,regular,2026-09-03T12:41:35.792114
2026-09-03,,warszawa,Naznaczony: Wyjście z mrocznego wymiaru,Warszawa -  Arkadia,22:30,4DX,original,regular,2026-09-03T12:41:35.792123
2026-09-03,,warszawa,Psi patrol i dinozaury,Warszawa - Bemowo,15:00,2D,,regular,2026-09-03T12:41:37.799681
2026-09-03,,warszawa,Pucio kocha zwierzaki,Warszawa - Bemowo,15:10,2D,,regular,2026-09-03T12:41:37.799704
2026-09-03,,warszawa,Spider-Man: Całkiem nowy dzień,Warszawa - Bemowo,15:15,2D,original,regular,2026-09-03T12:41:37.799718
2026-09-03,,warszawa,Księga pustyni,Warszawa - Bemowo,15:30,2D,,regular,2026-09-03T12:41:37.799729
2026-09-03,,warszawa,Zaproszenie,Warszawa - Bemowo,15:30,2D,original,regular,2026-09-03T12:41:37.799739
2026-09-03,,warszawa,Odyseja,Warszawa - Bemowo,16:00,2D,original,regular,2026-09-03T12:41:37.799751
2026-09-03,,warszawa,Wrong Girls,Warszawa - Bemowo,16:20,2D,original,regular,2026-09-03T12:41:37.799760
2026-09-03,,warszawa,Gwiazdozbiór psa,Warszawa - Bemowo,16:20,2D,original,regular,2026-09-03T12:41:37.799771
2026-09-03,,warszawa,Gorzkie święta,Warszawa - Bemowo,16:40,2D,original,regular,2026-09-03T12:41:37.799781
2026-09-03,,warszawa,Spider-Man: Całkiem nowy dzień,Warszawa - Bemowo,16:40,2D,original,regular,2026-09-03T12:41:37.799791
2026-09-03,,warszawa,Bogaci i martwi,Warszawa - Bemowo,16:50,2D,original,regular,2026-09-03T12:41:37.799802
2026-09-03,,warszawa,Harry Potter i Kamień Filozoficzny - 25. rocznica,Warszawa - Bemowo,17:00,2D,,regular,2026-09-03T12:41:37.799813
2026-09-03,,warszawa,Psi patrol i dinozaury,Warszawa - Bemowo,17:10,2D,,regular,2026-09-03T12:41:37.799823
2026-09-03,,warszawa,Naznaczony: Wyjście z mrocznego wymiaru,Warszawa - Bemowo,17:45,2D,original,regular,2026-09-03T12:41:37.799834
2026-09-03,,warszawa,Ostrze przeznaczenia,Warszawa - Bemowo,18:00,2D,original,regular,2026-09-03T12:41:37.799845
2026-09-03,,warszawa,Spider-Man: Całkiem nowy dzień,Warszawa - Bemowo,18:20,2D,original,regular,2026-09-03T12:41:37.799856
2026-09-03,,warszawa,Nie patrz w dół 2,Warszawa - Bemowo,18:45,2D,original,regular,2026-09-03T12:41:37.799867
2026-09-03,,warszawa,Gwiazdozbiór psa,Warszawa - Bemowo,19:00,2D,original,regular,2026-09-03T12:41:37.799877
2026-09-03,,warszawa,Gorzkie święta,Warszawa - Bemowo,19:10,2D,original,regular,2026-09-03T12:41:37.799887
2026-09-03,,warszawa,Koniec ulicy Dębowej,Warszawa - Bemowo,19:15,2D,original,regular,2026-09-03T12:41:37.799898
2026-09-03,,warszawa,Sunny Dancer,Warszawa - Bemowo,19:20,2D,original,regular,2026-09-03T12:41:37.799909
2026-09-03,,warszawa,Terminator 2: Dzień sądu 35. Rocznica,Warszawa - Bemowo,19:30,2D,original,regular,2026-09-03T12:41:37.799920
2026-09-03,,warszawa,Odyseja,Warszawa - Bemowo,19:50,2D,original,regular,2026-09-03T12:41:37.799930
2026-09-03,,warszawa,Naznaczony: Wyjście z mrocznego wymiaru,Warszawa - Bemowo,20:10,2D,original,regular,2026-09-03T12:41:37.799940
2026-09-03,,warszawa,Spider-Man: Całkiem nowy dzień,Warszawa - Bemowo,20:20,2D,original,regular,2026-09-03T12:41:37.799951
2026-09-03,,warszawa,Buntownik,Warszawa - Bemowo,20:50,2D,original,regular,2026-09-03T12:41:37.799960
2026-09-03,,warszawa,Wszyscy moi wrogowie,Warszawa - Bemowo,21:10,2D,original,regular,2026-09-03T12:41:37.799970
2026-09-03,,warszawa,Spider-Man: Całkiem nowy dzień,Warszawa - Bemowo,21:30,2D,original,regular,2026-09-03T12:41:37.799979
2026-09-03,,warszawa,Obsesja,Warszawa - Bemowo,21:40,2D,original,regular,2026-09-03T12:41:37.799988
2026-09-03,,warszawa,Gwiazdozbiór psa,Warszawa - Bemowo,21:40,2D,original,regular,2026-09-03T12:41:37.799998
2026-09-03,,warszawa,Koniec ulicy Dębowej,Warszawa - Bemowo,21:45,2D,original,regular,2026-09-03T12:41:37.800008
2026-09-03,,warszawa,Tylko jedna noc,Warszawa - Bemowo,21:50,2D,original,regular,2026-09-03T12:41:37.800017
2026-09-03,,warszawa,Naznaczony: Wyjście z mrocznego wymiaru,Warszawa - Białołęka Galeria Północna,14:30,2D,original,regular,2026-09-03T12:41:39.505056
2026-09-03,,warszawa,Buntownik,Warszawa - Białołęka Galeria Północna,14:50,2D,original,regular,2026-09-03T12:41:39.505120
2026-09-03,,warszawa,Odyseja,Warszawa - Białołęka Galeria Północna,14:50,2D,original,regular,2026-09-03T12:41:39.505133
2026-09-03,,warszawa,Gorzkie święta,Warszawa - Białołęka Galeria Północna,15:00,2D,original,regular,2026-09-03T12:41:39.505144
2026-09-03,,warszawa,Pucio kocha zwierzaki,Warszawa - Białołęka Galeria Północna,15:20,2D,,regular,2026-09-03T12:41:39.505155
2026-09-03,,warszawa,Minionki i straszydła,Warszawa - Białołęka Galeria Północna,15:40,2D,,regular,2026-09-03T12:41:39.505168
2026-09-03,,warszawa,Odyseja,Warszawa - Białołęka Galeria Północna,15:50,2D,original,regular,2026-09-03T12:41:39.505179
2026-09-03,,warszawa,Księga pustyni,Warszawa - Białołęka Galeria Północna,15:50,2D,,regular,2026-09-03T12:41:39.505189
2026-09-03,,warszawa,Gwiazdozbiór psa,Warszawa - Białołęka Galeria Północna,16:20,Dolby Atmos,original,regular,2026-09-03T12:41:39.505201
2026-09-03,,warszawa,Spider-Man: Całkiem nowy dzień,Warszawa - Białołęka Galeria Północna,16:20,2D,original,regular,2026-09-03T12:41:39.505212
2026-09-03,,warszawa,Psi patrol i dinozaury,Warszawa - Białołęka Galeria Północna,16:30,2D,,regular,2026-09-03T12:41:39.505222
2026-09-03,,warszawa,Pucio kocha zwierzaki,Warszawa - Białołęka Galeria Północna,16:50,2D,,regular,2026-09-03T12:41:39.505231
2026-09-03,,warszawa,Harry Potter i Kamień Filozoficzny - 25. rocznica,Warszawa - Białołęka Galeria Północna,17:00,2D,,regular,2026-09-03T12:41:39.505242
2026-09-03,,warszawa,Bogaci i martwi,Warszawa - Białołęka Galeria Północna,17:10,2D,original,regular,2026-09-03T12:41:39.505253
2026-09-03,,warszawa,Tylko jedna noc,Warszawa - Białołęka Galeria Północna,17:30,2D,original,regular,2026-09-03T12:41:39.505262
2026-09-03,,warszawa,Nie patrz w dół 2,Warszawa - Białołęka Galeria Północna,17:50,2D,original,regular,2026-09-03T12:41:39.505273
2026-09-03,,warszawa,Wrong Girls,Warszawa - Białołęka Galeria Północna,18:10,2D,original,regular,2026-09-03T12:41:39.505283
2026-09-03,,warszawa,Wszyscy moi wrogowie,Warszawa - Białołęka Galeria Północna,18:20,2D,original,regular,2026-09-03T12:41:39.505294
2026-09-03,,warszawa,Odyseja,Warszawa - Białołęka Galeria Północna,18:30,2D,original,regular,2026-09-03T12:41:39.505304
2026-09-03,,warszawa,Sunny Dancer,Warszawa - Białołęka Galeria Północna,18:50,2D,original,regular,2026-09-03T12:41:39.505314
2026-09-03,,warszawa,Gwiazdozbiór psa,Warszawa - Białołęka Galeria Północna,19:00,Dolby Atmos,original,regular,2026-09-03T12:41:39.505325
2026-09-03,,warszawa,Spider-Man: Całkiem nowy dzień,Warszawa - Białołęka Galeria Północna,19:20,2D,original,regular,2026-09-03T12:41:39.505335
2026-09-03,,warszawa,Terminator 2: Dzień sądu 35. Rocznica,Warszawa - Białołęka Galeria Północna,19:30,2D,original,regular,2026-09-03T12:41:39.505346
2026-09-03,,warszawa,Buntownik,Warszawa - Białołęka Galeria Północna,19:30,2D,original,regular,2026-09-03T12:41:39.505356
2026-09-03,,warszawa,Gorzkie święta,Warszawa - Białołęka Galeria Północna,19:50,2D,original,regular,2026-09-03T12:41:39.505365
2026-09-03,,warszawa,Odyseja,Warszawa - Białołęka Galeria Północna,20:10,2D,original,regular,2026-09-03T12:41:39.505375
2026-09-03,,warszawa,Naznaczony: Wyjście z mrocznego wymiaru,Warszawa - Białołęka Galeria Północna,20:20,2D,original,regular,2026-09-03T12:41:39.505386
2026-09-03,,warszawa,Gwiazdozbiór psa ukraiński dubbing,Warszawa - Białołęka Galeria Północna,20:30,2D,dubbing,regular,2026-09-03T12:41:39.505395
2026-09-03,,warszawa,Wszyscy moi wrogowie,Warszawa - Białołęka Galeria Północna,21:20,2D,original,regular,2026-09-03T12:41:39.505406
2026-09-03,,warszawa,Sunny Dancer,Warszawa - Białołęka Galeria Północna,21:20,2D,original,regular,2026-09-03T12:41:39.505415
2026-09-03,,warszawa,Gwiazdozbiór psa,Warszawa - Białołęka Galeria Północna,21:40,Dolby Atmos,original,regular,2026-09-03T12:41:39.505426
2026-09-03,,warszawa,Buntownik,Warszawa - Białołęka Galeria Północna,21:50,2D,original,regular,2026-09-03T12:41:39.505435
2026-09-03,,warszawa,Wrong Girls,Warszawa - Białołęka Galeria Północna,22:00,2D,original,regular,2026-09-03T12:41:39.505445
2026-09-03,,warszawa,Spider-Man: Całkiem nowy dzień,Warszawa - Janki,14:40,2D,original,regular,2026-09-03T12:41:41.127448
2026-09-03,,warszawa,Pucio kocha zwierzaki,Warszawa - Janki,15:00,2D,,regular,2026-09-03T12:41:41.127474
2026-09-03,,warszawa,Naznaczony: Wyjście z mrocznego wymiaru,Warszawa - Janki,15:00,2D,original,regular,2026-09-03T12:41:41.127488
2026-09-03,,warszawa,Psi patrol i dinozaury,Warszawa - Janki,15:20,2D,,regular,2026-09-03T12:41:41.127499
2026-09-03,,warszawa,Spider-Man: Całkiem nowy dzień,Warszawa - Janki,15:30,3D,original,regular,2026-09-03T12:41:41.127509
2026-09-03,,warszawa,Księga pustyni,Warszawa - Janki,15:45,2D,,regular,2026-09-03T12:41:41.127519
2026-09-03,,warszawa,Gwiazdozbiór psa,Warszawa - Janki,16:20,2D,original,regular,2026-09-03T12:41:41.127530
2026-09-03,,warszawa,Nie patrz w dół 2,Warszawa - Janki,16:20,2D,original,regular,2026-09-03T12:41:41.127540
2026-09-03,,warszawa,Pucio kocha zwierzaki,Warszawa - Janki,16:30,2D,,regular,2026-09-03T12:41:41.127550
2026-09-03,,warszawa,Spider-Man: Całkiem nowy dzień,Warszawa - Janki,17:00,2D,original,regular,2026-09-03T12:41:41.127561
2026-09-03,,warszawa,Harry Potter i Kamień Filozoficzny - 25. rocznica,Warszawa - Janki,17:00,2D,,regular,2026-09-03T12:41:41.127572
2026-09-03,,warszawa,Psi patrol i dinozaury,Warszawa - Janki,17:30,2D,,regular,2026-09-03T12:41:41.127581
2026-09-03,,warszawa,Gorzkie święta,Warszawa - Janki,17:30,2D,original,regular,2026-09-03T12:41:41.127592
2026-09-03,,warszawa,Spider-Man: Całkiem nowy dzień,Warszawa - Janki,17:50,2D,original,regular,2026-09-03T12:41:41.127602
2026-09-03,,warszawa,Sunny Dancer,Warszawa - Janki,18:00,2D,original,regular,2026-09-03T12:41:41.127612
2026-09-03,,warszawa,Gwiazdozbiór psa ukraiński dubbing,Warszawa - Janki,18:00,2D,dubbing,regular,2026-09-03T12:41:41.127622
2026-09-03,,warszawa,Spider-Man: Całkiem nowy dzień,Warszawa - Janki,18:40,3D,original,regular,2026-09-03T12:41:41.127631
2026-09-03,,warszawa,Naznaczony: Wyjście z mrocznego wymiaru,Warszawa - Janki,18:40,2D,original,regular,2026-09-03T12:41:41.127641
2026-09-03,,warszawa,Gwiazdozbiór psa,Warszawa - Janki,19:00,2D,original,regular,2026-09-03T12:41:41.127652
2026-09-03,,warszawa,Terminator 2: Dzień sądu 35. Rocznica,Warszawa - Janki,19:40,2D,original,regular,2026-09-03T12:41:41.127662
2026-09-03,,warszawa,Gorzkie święta,Warszawa - Janki,20:00,2D,original,regular,2026-09-03T12:41:41.127672
2026-09-03,,warszawa,Spider-Man: Całkiem nowy dzień,Warszawa - Janki,20:10,2D,original,regular,2026-09-03T12:41:41.127682
2026-09-03,,warszawa,Odyseja,Warszawa - Janki,20:20,2D,original,regular,2026-09-03T12:41:41.127692
2026-09-03,,warszawa,Buntownik,Warszawa - Janki,20:30,2D,original,regular,2026-09-03T12:41:41.127702
2026-09-03,,warszawa,Koniec ulicy Dębowej,Warszawa - Janki,20:40,2D,original,regular,2026-09-03T12:41:41.127714
2026-09-03,,warszawa,Bogaci i martwi,Warszawa - Janki,21:00,2D,original,regular,2026-09-03T12:41:41.127725
2026-09-03,,warszawa,Naznaczony: Wyjście z mrocznego wymiaru,Warszawa - Janki,21:10,2D,original,regular,2026-09-03T12:41:41.127735
2026-09-03,,warszawa,Gwiazdozbiór psa,Warszawa - Janki,21:40,2D,original,regular,2026-09-03T12:41:41.127745
2026-09-03,,warszawa,Tylko jedna noc,Warszawa - Janki,21:50,2D,original,regular,2026-09-03T12:41:41.127755
2026-09-03,,warszawa,Gwiazdozbiór psa,Warszawa - Mokotów,14:30,2D,original,regular,2026-09-03T12:41:43.546880
2026-09-03,,warszawa,Gorzkie święta,Warszawa - Mokotów,14:30,2D,original,regular,2026-09-03T12:41:43.546906
2026-09-03,,warszawa,Pucio kocha zwierzaki,Warszawa - Mokotów,15:00,2D,,regular,2026-09-03T12:41:43.546920
2026-09-03,,warszawa,Naznaczony: Wyjście z mrocznego wymiaru,Warszawa - Mokotów,15:30,2D,original,regular,2026-09-03T12:41:43.546935
2026-09-03,,warszawa,Odyseja,Warszawa - Mokotów,15:30,2D,original,regular,2026-09-03T12:41:43.546947
2026-09-03,,warszawa,Księga pustyni,Warszawa - Mokotów,16:10,2D,,regular,2026-09-03T12:41:43.546959
2026-09-03,,warszawa,Spider-Man: Całkiem nowy dzień,Warszawa - Mokotów,16:20,2D,original,regular,2026-09-03T12:41:43.546972
2026-09-03,,warszawa,Gwiazdozbiór psa,Warszawa - Mokotów,16:20,ScreenX,original,regular,2026-09-03T12:41:43.546982
2026-09-03,,warszawa,Pucio kocha zwierzaki,Warszawa - Mokotów,16:30,2D,,regular,2026-09-03T12:41:43.546993
2026-09-03,,warszawa,Harry Potter i Kamień Filozoficzny - 25. rocznica,Warszawa - Mokotów,16:40,2D,,regular,2026-09-03T12:41:43.547005
2026-09-03,,warszawa,Gwiazdozbiór psa ukraiński dubbing,Warszawa - Mokotów,16:50,2D,dubbing,regular,2026-09-03T12:41:43.547017
2026-09-03,,warszawa,Buntownik,Warszawa - Mokotów,17:00,2D,original,regular,2026-09-03T12:41:43.547029
2026-09-03,,warszawa,Gwiazdozbiór psa,Warszawa - Mokotów,17:10,2D,original,regular,2026-09-03T12:41:43.547040
2026-09-03,,warszawa,Bogaci i martwi,Warszawa - Mokotów,17:10,2D,original,regular,2026-09-03T12:41:43.547052
2026-09-03,,warszawa,Terminator 2: Dzień sądu 35. Rocznica,Warszawa - Mokotów,17:30,2D,original,regular,2026-09-03T12:41:43.547098
2026-09-03,,warszawa,Odyseja,Warszawa - Mokotów,18:00,2D,original,regular,2026-09-03T12:41:43.547116
2026-09-03,,warszawa,Spider-Man: Całkiem nowy dzień,Warszawa - Mokotów,18:30,2D,original,regular,2026-09-03T12:41:43.547128
2026-09-03,,warszawa,Nie patrz w dół 2,Warszawa - Mokotów,18:40,2D,original,regular,2026-09-03T12:41:43.547140
2026-09-03,,warszawa,Tylko jedna noc,Warszawa - Mokotów,18:50,2D,original,regular,2026-09-03T12:41:43.547151
2026-09-03,,warszawa,Ostrze przeznaczenia,Warszawa - Mokotów,19:00,2D,original,regular,2026-09-03T12:41:43.547164
2026-09-03,,warszawa,Gwiazdozbiór psa,Warszawa - Mokotów,19:00,ScreenX,original,regular,2026-09-03T12:41:43.547174
2026-09-03,,warszawa,Gorzkie święta,Warszawa - Mokotów,19:15,2D,original,regular,2026-09-03T12:41:43.547187
2026-09-03,,warszawa,Koniec ulicy Dębowej,Warszawa - Mokotów,19:30,2D,original,regular,2026-09-03T12:41:43.547200
2026-09-03,,warszawa,Gwiazdozbiór psa,Warszawa - Mokotów,19:30,2D,original,regular,2026-09-03T12:41:43.547211
2026-09-03,,warszawa,Sunny Dancer,Warszawa - Mokotów,19:30,2D,original,regular,2026-09-03T12:41:43.547223
2026-09-03,,warszawa,Gwiazdozbiór psa,Warszawa - Mokotów,19:50,2D,original,regular,2026-09-03T12:41:43.547234
2026-09-03,,warszawa,Spider-Man: Całkiem nowy dzień,Warszawa - Mokotów,20:00,2D,original,regular,2026-09-03T12:41:43.547245
2026-09-03,,warszawa,Terminator 2: Dzień sądu 35. Rocznica,Warszawa - Mokotów,20:30,2D,original,regular,2026-09-03T12:41:43.547257
2026-09-03,,warszawa,Tylko jedna noc,Warszawa - Mokotów,21:20,2D,original,regular,2026-09-03T12:41:43.547268
2026-09-03,,warszawa,Odyseja,Warszawa - Mokotów,21:30,2D,original,regular,2026-09-03T12:41:43.547279
2026-09-03,,warszawa,Spider-Man: Całkiem nowy dzień,Warszawa - Mokotów,21:40,2D,original,regular,2026-09-03T12:41:43.547290
2026-09-03,,warszawa,Gwiazdozbiór psa,Warszawa - Mokotów,21:40,ScreenX,original,regular,2026-09-03T12:41:43.547300
2026-09-03,,warszawa,Gorzkie święta,Warszawa - Mokotów,21:45,2D,original,regular,2026-09-03T12:41:43.547311
2026-09-03,,warszawa,Naznaczony: Wyjście z mrocznego wymiaru,Warszawa - Mokotów,21:50,2D,original,regular,2026-09-03T12:41:43.547323
2026-09-03,,warszawa,Koniec ulicy Dębowej,Warszawa - Mokotów,22:00,2D,original,regular,2026-09-03T12:41:43.547336
2026-09-03,,warszawa,Gwiazdozbiór psa,Warszawa - Mokotów,22:10,2D,original,regular,2026-09-03T12:41:43.547347
2026-09-03,,warszawa,Gwiazdozbiór psa,Warszawa - Mokotów,22:30,2D,original,regular,2026-09-03T12:41:43.547358
2026-09-03,,warszawa,Gwiazdozbiór psa,Warszawa - Promenada,14:30,2D,original,regular,2026-09-03T12:41:45.928020
2026-09-03,,warszawa,Odyseja,Warszawa - Promenada,14:50,2D,original,regular,2026-09-03T12:41:45.928049
2026-09-03,,warszawa,Minionki i straszydła,Warszawa - Promenada,15:10,2D,,regular,2026-09-03T12:41:45.928102
2026-09-03,,warszawa,Gorzkie święta,Warszawa - Promenada,15:10,2D,original,regular,2026-09-03T12:41:45.928121
2026-09-03,,warszawa,Pucio kocha zwierzaki,Warszawa - Promenada,15:30,2D,,regular,2026-09-03T12:41:45.928135
2026-09-03,,warszawa,Buntownik,Warszawa - Promenada,15:45,2D,original,regular,2026-09-03T12:41:45.928149
2026-09-03,,warszawa,Spider-Man: Całkiem nowy dzień,Warszawa - Promenada,15:50,2D,original,regular,2026-09-03T12:41:45.928163
2026-09-03,,warszawa,Psi patrol i dinozaury,Warszawa - Promenada,15:50,2D,,regular,2026-09-03T12:41:45.928177
2026-09-03,,warszawa,Księga pustyni,Warszawa - Promenada,16:00,2D,,regular,2026-09-03T12:41:45.928195
2026-09-03,,warszawa,Terminator 2: Dzień sądu 35. Rocznica,Warszawa - Promenada,16:00,2D,original,regular,2026-09-03T12:41:45.928211
2026-09-03,,warszawa,Wrong Girls,Warszawa - Promenada,16:20,2D,original,regular,2026-09-03T12:41:45.928225
2026-09-03,,warszawa,Harry Potter i Kamień Filozoficzny - 25. rocznica,Warszawa - Promenada,16:30,2D,,regular,2026-09-03T12:41:45.928239
2026-09-03,,warszawa,Pucio kocha zwierzaki,Warszawa - Promenada,17:00,2D,,regular,2026-09-03T12:41:45.928250
2026-09-03,,warszawa,Gwiazdozbiór psa,Warszawa - Promenada,17:10,2D,original,regular,2026-09-03T12:41:45.928262
2026-09-03,,warszawa,Sunny Dancer,Warszawa - Promenada,17:20,2D,original,regular,2026-09-03T12:41:45.928273
2026-09-03,,warszawa,Spider-Man: Całkiem nowy dzień,Warszawa - Promenada,17:30,2D,original,regular,2026-09-03T12:41:45.928285
2026-09-03,,warszawa,Gorzkie święta,Warszawa - Promenada,17:40,2D,original,regular,2026-09-03T12:41:45.928297
2026-09-03,,warszawa,Koniec ulicy Dębowej,Warszawa - Promenada,18:00,2D,original,regular,2026-09-03T12:41:45.928309
2026-09-03,,warszawa,Psi patrol i dinozaury,Warszawa - Promenada,18:10,2D,,regular,2026-09-03T12:41:45.928320
2026-09-03,,warszawa,Gwiazdozbiór psa,Warszawa - Promenada,18:20,2D,original,regular,2026-09-03T12:41:45.928331
2026-09-03,,warszawa,Ostrze przeznaczenia,Warszawa - Promenada,18:30,2D,original,regular,2026-09-03T12:41:45.928344
2026-09-03,,warszawa,Buntownik,Warszawa - Promenada,18:30,2D,original,regular,2026-09-03T12:41:45.928359
2026-09-03,,warszawa,Naznaczony: Wyjście z mrocznego wymiaru,Warszawa - Promenada,18:40,2D,original,regular,2026-09-03T12:41:45.928372
2026-09-03,,warszawa,Spider-Man: Całkiem nowy dzień,Warszawa - Promenada,19:00,2D,original,regular,2026-09-03T12:41:45.928384
2026-09-03,,warszawa,Terminator 2: Dzień sądu 35. Rocznica,Warszawa - Promenada,19:00,2D,original,regular,2026-09-03T12:41:45.928395
2026-09-03,,warszawa,Sunny Dancer,Warszawa - Promenada,19:45,2D,original,regular,2026-09-03T12:41:45.928407
2026-09-03,,warszawa,Gwiazdozbiór psa,Warszawa - Promenada,19:50,2D,original,regular,2026-09-03T12:41:45.928418
2026-09-03,,warszawa,Spider-Man: Całkiem nowy dzień,Warszawa - Promenada,20:00,2D,original,regular,2026-09-03T12:41:45.928429
2026-09-03,,warszawa,Gorzkie święta,Warszawa - Promenada,20:10,2D,original,regular,2026-09-03T12:41:45.928440
2026-09-03,,warszawa,Nie patrz w dół 2,Warszawa - Promenada,20:20,2D,original,regular,2026-09-03T12:41:45.928452
2026-09-03,,warszawa,Koniec ulicy Dębowej,Warszawa - Promenada,20:30,2D,original,regular,2026-09-03T12:41:45.928464
2026-09-03,,warszawa,Odyseja,Warszawa - Promenada,20:40,2D,original,regular,2026-09-03T12:41:45.928476
2026-09-03,,warszawa,Bogaci i martwi,Warszawa - Promenada,20:45,2D,original,regular,2026-09-03T12:41:45.928488
2026-09-03,,warszawa,Gwiazdozbiór psa,Warszawa - Promenada,21:00,2D,original,regular,2026-09-03T12:41:45.928499
2026-09-03,,warszawa,Naznaczony: Wyjście z mrocznego wymiaru,Warszawa - Promenada,21:10,2D,original,regular,2026-09-03T12:41:45.928511
2026-09-03,,warszawa,Buntownik,Warszawa - Promenada,21:20,2D,original,regular,2026-09-03T12:41:45.928522
2026-09-03,,warszawa,Spider-Man: Całkiem nowy dzień,Warszawa - Promenada,22:00,2D,original,regular,2026-09-03T12:41:45.928534
2026-09-03,,warszawa,Obsesja,Warszawa - Promenada,22:10,2D,original,regular,2026-09-03T12:41:45.928545
2026-09-03,,warszawa,Naznaczony: Wyjście z mrocznego wymiaru,Warszawa - Promenada,22:10,2D,original,regular,2026-09-03T12:41:45.928557
2026-09-03,,warszawa,Gwiazdozbiór psa,Warszawa - Promenada,22:30,2D,original,regular,2026-09-03T12:41:45.928568
2026-09-03,,warszawa,Spider-Man: Całkiem nowy dzień,Warszawa - Sadyba,14:30,3D,original,regular,2026-09-03T12:41:47.581730
2026-09-03,,warszawa,Księga pustyni,Warszawa - Sadyba,14:40,2D,,regular,2026-09-03T12:41:47.581756
2026-09-03,,warszawa,Odyseja,Warszawa - Sadyba,14:50,2D,original,regular,2026-09-03T12:41:47.581769
2026-09-03,,warszawa,Psi patrol i dinozaury,Warszawa - Sadyba,15:20,2D,,regular,2026-09-03T12:41:47.581780
2026-09-03,,warszawa,Spider-Man: Całkiem nowy dzień,Warszawa - Sadyba,15:20,2D,original,regular,2026-09-03T12:41:47.581792
2026-09-03,,warszawa,Odyseja,Warszawa - Sadyba,15:20,IMAX,original,regular,2026-09-03T12:41:47.581799
2026-09-03,,warszawa,Naznaczony: Wyjście z mrocznego wymiaru,Warszawa - Sadyba,15:30,2D,original,regular,2026-09-03T12:41:47.581812
2026-09-03,,warszawa,Terminator 2: Dzień sądu 35. Rocznica,Warszawa - Sadyba,15:30,2D,original,regular,2026-09-03T12:41:47.581826
2026-09-03,,warszawa,Toy Story 5,Warszawa - Sadyba,15:50,2D,original,regular,2026-09-03T12:41:47.581838
2026-09-03,,warszawa,Tylko jedna noc,Warszawa - Sadyba,16:20,2D,original,regular,2026-09-03T12:41:47.581849
2026-09-03,,warszawa,Pucio kocha zwierzaki,Warszawa - Sadyba,16:30,2D,,regular,2026-09-03T12:41:47.581860
2026-09-03,,warszawa,Gwiazdozbiór psa,Warszawa - Sadyba,16:50,2D,original,regular,2026-09-03T12:41:47.581872
2026-09-03,,warszawa,Wrong Girls,Warszawa - Sadyba,17:00,2D,original,regular,2026-09-03T12:41:47.581883
2026-09-03,,warszawa,Spider-Man: Całkiem nowy dzień,Warszawa - Sadyba,17:20,2D,original,regular,2026-09-03T12:41:47.581894
2026-09-03,,warszawa,Buntownik,Warszawa - Sadyba,17:30,2D,original,regular,2026-09-03T12:41:47.581905
2026-09-03,,warszawa,Spider-Man: Całkiem nowy dzień,Warszawa - Sadyba,17:40,3D,original,regular,2026-09-03T12:41:47.581915
2026-09-03,,warszawa,Naznaczony: Wyjście z mrocznego wymiaru,Warszawa - Sadyba,18:00,2D,original,regular,2026-09-03T12:41:47.581927
2026-09-03,,warszawa,Harry Potter i Kamień Filozoficzny - 25. rocznica,Warszawa - Sadyba,18:00,2D,,regular,2026-09-03T12:41:47.581939
2026-09-03,,warszawa,Gorzkie święta,Warszawa - Sadyba,18:10,2D,original,regular,2026-09-03T12:41:47.581950
2026-09-03,,warszawa,Odyseja,Warszawa - Sadyba,18:30,2D,original,regular,2026-09-03T12:41:47.581960
2026-09-03,,warszawa,Spider-Man: Całkiem nowy dzień,Warszawa - Sadyba,18:30,2D,original,regular,2026-09-03T12:41:47.581971
2026-09-03,,warszawa,Terminator 2: Dzień sądu 35. Rocznica,Warszawa - Sadyba,18:30,2D,original,regular,2026-09-03T12:41:47.581983
2026-09-03,,warszawa,Koniec ulicy Dębowej,Warszawa - Sadyba,18:40,2D,original,regular,2026-09-03T12:41:47.581995
2026-09-03,,warszawa,Gwiazdozbiór psa,Warszawa - Sadyba,19:00,IMAX,original,regular,2026-09-03T12:41:47.582003
2026-09-03,,warszawa,Sunny Dancer,Warszawa - Sadyba,19:20,2D,original,regular,2026-09-03T12:41:47.582014
2026-09-03,,warszawa,Gwiazdozbiór psa,Warszawa - Sadyba,19:30,2D,original,regular,2026-09-03T12:41:47.582025
2026-09-03,,warszawa,Nie patrz w dół 2,Warszawa - Sadyba,19:45,2D,original,regular,2026-09-03T12:41:47.582036
2026-09-03,,warszawa,Spider-Man: Całkiem nowy dzień,Warszawa - Sadyba,20:20,2D,original,regular,2026-09-03T12:41:47.582047
2026-09-03,,warszawa,Naznaczony: Wyjście z mrocznego wymiaru,Warszawa - Sadyba,20:30,2D,original,regular,2026-09-03T12:41:47.582059
2026-09-03,,warszawa,Spider-Man: Całkiem nowy dzień,Warszawa - Sadyba,20:45,2D,original,regular,2026-09-03T12:41:47.582091
2026-09-03,,warszawa,Gorzkie święta,Warszawa - Sadyba,20:50,2D,original,regular,2026-09-03T12:41:47.582102
2026-09-03,,warszawa,Koniec ulicy Dębowej,Warszawa - Sadyba,21:10,2D,original,regular,2026-09-03T12:41:47.582114
2026-09-03,,warszawa,Minionki i straszydła,Warszawa - Sadyba,21:20,2D,,regular,2026-09-03T12:41:47.582125
2026-09-03,,warszawa,Naznaczony: Wyjście z mrocznego wymiaru,Warszawa - Sadyba,21:30,2D,original,regular,2026-09-03T12:41:47.582137
2026-09-03,,warszawa,Spider-Man: Całkiem nowy dzień,Warszawa - Sadyba,21:40,2D,original,regular,2026-09-03T12:41:47.582148
2026-09-03,,warszawa,Gwiazdozbiór psa,Warszawa - Sadyba,21:40,IMAX,original,regular,2026-09-03T12:41:47.582155
2026-09-03,,warszawa,Sunny Dancer,Warszawa - Sadyba,21:45,2D,original,regular,2026-09-03T12:41:47.582166
2026-09-03,,warszawa,Naznaczony: Wyjście z mrocznego wymiaru,Warszawa - Sadyba,22:00,2D,original,regular,2026-09-03T12:41:47.582177
2026-09-03,,warszawa,Buntownik,Warszawa - Sadyba,22:00,2D,original,regular,2026-09-03T12:41:47.582190
2026-09-03,,warszawa,Gwiazdozbiór psa,Warszawa - Sadyba,22:00,2D,original,regular,2026-09-03T12:41:47.582200
2026-09-03,,wrocław,Gwiazdozbiór psa,Wrocław - Korona,14:30,Dolby Atmos,original,regular,2026-09-03T12:41:48.877057
2026-09-03,,wrocław,Minionki i straszydła,Wrocław - Korona,14:40,2D,,regular,2026-09-03T12:41:48.877112
2026-09-03,,wrocław,Księga pustyni,Wrocław - Korona,15:20,2D,,regular,2026-09-03T12:41:48.877125
2026-09-03,,wrocław,Spider-Man: Całkiem nowy dzień,Wrocław - Korona,15:30,2D,original,regular,2026-09-03T12:41:48.877137
2026-09-03,,wrocław,Buntownik,Wrocław - Korona,15:40,2D,original,regular,2026-09-03T12:41:48.877149
2026-09-03,,wrocław,Psi patrol i dinozaury,Wrocław - Korona,16:15,2D,,regular,2026-09-03T12:41:48.877160
2026-09-03,,wrocław,Gwiazdozbiór psa,Wrocław - Korona,16:20,ScreenX,original,regular,2026-09-03T12:41:48.877169
2026-09-03,,wrocław,Pucio kocha zwierzaki,Wrocław - Korona,16:30,2D,,regular,2026-09-03T12:41:48.877181
2026-09-03,,wrocław,Spider-Man: Całkiem nowy dzień,Wrocław - Korona,16:50,2D,original,regular,2026-09-03T12:41:48.877192
2026-09-03,,wrocław,Gwiazdozbiór psa,Wrocław - Korona,17:10,Dolby Atmos,original,regular,2026-09-03T12:41:48.877207
2026-09-03,,wrocław,Naznaczony: Wyjście z mrocznego wymiaru,Wrocław - Korona,17:40,2D,original,regular,2026-09-03T12:41:48.877220
2026-09-03,,wrocław,Sunny Dancer,Wrocław - Korona,17:50,2D,original,regular,2026-09-03T12:41:48.877231
2026-09-03,,wrocław,Harry Potter i Kamień Filozoficzny - 25. rocznica,Wrocław - Korona,18:00,2D,,regular,2026-09-03T12:41:48.877243
2026-09-03,,wrocław,Nie patrz w dół 2,Wrocław - Korona,18:10,2D,original,regular,2026-09-03T12:41:48.877254
2026-09-03,,wrocław,Terminator 2: Dzień sądu 35. Rocznica,Wrocław - Korona,18:30,2D,original,regular,2026-09-03T12:41:48.877266
2026-09-03,,wrocław,Spider-Man: Całkiem nowy dzień,Wrocław - Korona,18:40,2D,original,regular,2026-09-03T12:41:48.877277
2026-09-03,,wrocław,Gwiazdozbiór psa,Wrocław - Korona,19:00,ScreenX,original,regular,2026-09-03T12:41:48.877287
2026-09-03,,wrocław,Gwiazdozbiór psa,Wrocław - Korona,19:50,Dolby Atmos,original,regular,2026-09-03T12:41:48.877298
2026-09-03,,wrocław,Spider-Man: Całkiem nowy dzień,Wrocław - Korona,20:00,2D,original,regular,2026-09-03T12:41:48.877309
2026-09-03,,wrocław,Gorzkie święta,Wrocław - Korona,20:10,2D,original,regular,2026-09-03T12:41:48.877320
2026-09-03,,wrocław,Odyseja,Wrocław - Korona,20:20,2D,original,regular,2026-09-03T12:41:48.877330
2026-09-03,,wrocław,Naznaczony: Wyjście z mrocznego wymiaru,Wrocław - Korona,20:30,2D,original,regular,2026-09-03T12:41:48.877342
2026-09-03,,wrocław,Obsesja,Wrocław - Korona,21:20,2D,original,regular,2026-09-03T12:41:48.877353
2026-09-03,,wrocław,Buntownik,Wrocław - Korona,21:30,2D,original,regular,2026-09-03T12:41:48.877364
2026-09-03,,wrocław,Gwiazdozbiór psa,Wrocław - Korona,21:40,ScreenX,original,regular,2026-09-03T12:41:48.877373
2026-09-03,,wrocław,Spider-Man: Całkiem nowy dzień,Wrocław - Korona,21:50,2D,original,regular,2026-09-03T12:41:48.877384
2026-09-03,,wrocław,Spider-Man: Całkiem nowy dzień,Wrocław - Wroclavia,15:00,2D,original,regular,2026-09-03T12:41:51.190451
2026-09-03,,wrocław,Naznaczony: Wyjście z mrocznego wymiaru,Wrocław - Wroclavia,15:00,2D,original,regular,2026-09-03T12:41:51.190491
2026-09-03,,wrocław,Gwiazdozbiór psa,Wrocław - Wroclavia,15:20,Dolby Atmos,original,regular,2026-09-03T12:41:51.190503
2026-09-03,,wrocław,Toy Story 5,Wrocław - Wroclavia,15:20,2D,original,regular,2026-09-03T12:41:51.190517
2026-09-03,,wrocław,Księga pustyni,Wrocław - Wroclavia,15:20,2D,,regular,2026-09-03T12:41:51.190529
2026-09-03,,wrocław,Odyseja,Wrocław - Wroclavia,15:30,2D,original,regular,2026-09-03T12:41:51.190541
2026-09-03,,wrocław,Sunny Dancer,Wrocław - Wroclavia,15:40,2D,original,regular,2026-09-03T12:41:51.190553
2026-09-03,,wrocław,Spider-Man: Całkiem nowy dzień,Wrocław - Wroclavia,15:40,Dolby Atmos,original,regular,2026-09-03T12:41:51.190566
2026-09-03,,wrocław,Terminator 2: Dzień sądu 35. Rocznica,Wrocław - Wroclavia,15:40,2D,original,regular,2026-09-03T12:41:51.190578
2026-09-03,,wrocław,Pucio kocha zwierzaki,Wrocław - Wroclavia,15:50,2D,,regular,2026-09-03T12:41:51.190590
2026-09-03,,wrocław,Harry Potter i Kamień Filozoficzny - 25. rocznica,Wrocław - Wroclavia,16:00,2D,,regular,2026-09-03T12:41:51.190603
2026-09-03,,wrocław,Psi patrol i dinozaury,Wrocław - Wroclavia,16:00,2D,,regular,2026-09-03T12:41:51.190614
2026-09-03,,wrocław,Terminator 2: Dzień sądu 35. Rocznica,Wrocław - Wroclavia,16:15,4DX,original,regular,2026-09-03T12:41:51.190623
2026-09-03,,wrocław,Spider-Man: Całkiem nowy dzień,Wrocław - Wroclavia,16:20,2D,original,regular,2026-09-03T12:41:51.190634
2026-09-03,,wrocław,Buntownik,Wrocław - Wroclavia,16:30,2D,original,regular,2026-09-03T12:41:51.190646
2026-09-03,,wrocław,Naznaczony: Wyjście z mrocznego wymiaru,Wrocław - Wroclavia,16:30,2D,original,regular,2026-09-03T12:41:51.190658
2026-09-03,,wrocław,Gwiazdozbiór psa,Wrocław - Wroclavia,17:00,2D,original,regular,2026-09-03T12:41:51.190670
2026-09-03,,wrocław,Pucio kocha zwierzaki,Wrocław - Wroclavia,17:20,2D,,regular,2026-09-03T12:41:51.190688
2026-09-03,,wrocław,Harry Potter i Kamień Filozoficzny - 25. rocznica,Wrocław - Wroclavia,17:30,2D,,regular,2026-09-03T12:41:51.190700
2026-09-03,,wrocław,Gorzkie święta,Wrocław - Wroclavia,17:40,2D,original,regular,2026-09-03T12:41:51.190711
2026-09-03,,wrocław,Spider-Man: Całkiem nowy dzień,Wrocław - Wroclavia,17:40,2D,original,regular,2026-09-03T12:41:51.190723
2026-09-03,,wrocław,Ostrze przeznaczenia,Wrocław - Wroclavia,18:00,2D,original,regular,2026-09-03T12:41:51.190736
2026-09-03,,wrocław,Gwiazdozbiór psa,Wrocław - Wroclavia,18:00,Dolby Atmos,original,regular,2026-09-03T12:41:51.190747
2026-09-03,,wrocław,Spider-Man: Całkiem nowy dzień,Wrocław - Wroclavia,18:00,2D,original,regular,2026-09-03T12:41:51.190760
2026-09-03,,wrocław,Nie patrz w dół 2,Wrocław - Wroclavia,18:10,2D,original,regular,2026-09-03T12:41:51.190772
2026-09-03,,wrocław,Spider-Man: Całkiem nowy dzień,Wrocław - Wroclavia,18:10,2D,original,regular,2026-09-03T12:41:51.190784
2026-09-03,,wrocław,Tylko jedna noc,Wrocław - Wroclavia,18:20,2D,original,regular,2026-09-03T12:41:51.190795
2026-09-03,,wrocław,Gorzkie święta,Wrocław - Wroclavia,18:40,2D,original,regular,2026-09-03T12:41:51.190806
2026-09-03,,wrocław,Terminator 2: Dzień sądu 35. Rocznica,Wrocław - Wroclavia,18:40,2D,original,regular,2026-09-03T12:41:51.190817
2026-09-03,,wrocław,Wszyscy moi wrogowie,Wrocław - Wroclavia,18:45,2D,original,regular,2026-09-03T12:41:51.190829
2026-09-03,,wrocław,Ostrze przeznaczenia,Wrocław - Wroclavia,18:50,2D,original,regular,2026-09-03T12:41:51.190841
2026-09-03,,wrocław,Naznaczony: Wyjście z mrocznego wymiaru,Wrocław - Wroclavia,19:00,2D,original,regular,2026-09-03T12:41:51.190853
2026-09-03,,wrocław,Odyseja,Wrocław - Wroclavia,19:10,2D,original,regular,2026-09-03T12:41:51.190865
2026-09-03,,wrocław,Gwiazdozbiór psa,Wrocław - Wroclavia,19:10,4DX,original,regular,2026-09-03T12:41:51.190874
2026-09-03,,wrocław,Gwiazdozbiór psa ukraiński dubbing,Wrocław - Wroclavia,19:30,2D,dubbing,regular,2026-09-03T12:41:51.190884
2026-09-03,,wrocław,Harry Potter i Kamień Filozoficzny - 25. rocznica,Wrocław - Wroclavia,19:30,2D,,regular,2026-09-03T12:41:51.190896
2026-09-03,,wrocław,Gwiazdozbiór psa,Wrocław - Wroclavia,19:40,2D,original,regular,2026-09-03T12:41:51.190908
2026-09-03,,wrocław,Obsesja,Wrocław - Wroclavia,20:10,2D,original,regular,2026-09-03T12:41:51.190927
2026-09-03,,wrocław,Sunny Dancer,Wrocław - Wroclavia,20:30,2D,original,regular,2026-09-03T12:41:51.190938
2026-09-03,,wrocław,Gwiazdozbiór psa,Wrocław - Wroclavia,20:40,Dolby Atmos,original,regular,2026-09-03T12:41:51.190950
2026-09-03,,wrocław,Spider-Man: Całkiem nowy dzień,Wrocław - Wroclavia,20:40,2D,original,regular,2026-09-03T12:41:51.190961
2026-09-03,,wrocław,Tylko jedna noc,Wrocław - Wroclavia,20:45,2D,original,regular,2026-09-03T12:41:51.190971
2026-09-03,,wrocław,Koniec ulicy Dębowej,Wrocław - Wroclavia,20:45,2D,original,regular,2026-09-03T12:41:51.190984
2026-09-03,,wrocław,Naznaczony: Wyjście z mrocznego wymiaru,Wrocław - Wroclavia,20:50,2D,original,regular,2026-09-03T12:41:51.190996
2026-09-03,,wrocław,Spider-Man: Całkiem nowy dzień,Wrocław - Wroclavia,21:00,2D,original,regular,2026-09-03T12:41:51.191008
2026-09-03,,wrocław,Gorzkie święta,Wrocław - Wroclavia,21:10,2D,original,regular,2026-09-03T12:41:51.191019
2026-09-03,,wrocław,Odyseja,Wrocław - Wroclavia,21:15,2D,original,regular,2026-09-03T12:41:51.191030
2026-09-03,,wrocław,Spider-Man: Całkiem nowy dzień,Wrocław - Wroclavia,21:30,Dolby Atmos,original,regular,2026-09-03T12:41:51.191042
2026-09-03,,wrocław,Naznaczony: Wyjście z mrocznego wymiaru,Wrocław - Wroclavia,21:30,2D,original,regular,2026-09-03T12:41:51.191054
2026-09-03,,wrocław,Bogaci i martwi,Wrocław - Wroclavia,21:40,2D,original,regular,2026-09-03T12:41:51.191082
2026-09-03,,wrocław,Gwiazdozbiór psa,Wrocław - Wroclavia,21:45,4DX,original,regular,2026-09-03T12:41:51.191091
2026-09-03,,wrocław,Naznaczony: Wyjście z mrocznego wymiaru,Wrocław - Wroclavia,21:50,2D,original,regular,2026-09-03T12:41:51.191103
2026-09-03,,wrocław,Buntownik,Wrocław - Wroclavia,22:10,2D,original,regular,2026-09-03T12:41:51.191115
2026-09-03,,wrocław,Gwiazdozbiór psa,Wrocław - Wroclavia,22:20,IMAX,original,regular,2026-09-03T12:41:51.191122
2026-09-03,,zielona-góra,Księga pustyni,Zielona Góra,14:30,2D,,regular,2026-09-03T12:41:52.521950
2026-09-03,,zielona-góra,Psi patrol i dinozaury,Zielona Góra,14:50,2D,,regular,2026-09-03T12:41:52.521971
2026-09-03,,zielona-góra,Spider-Man: Całkiem nowy dzień,Zielona Góra,15:00,2D,original,regular,2026-09-03T12:41:52.521985
2026-09-03,,zielona-góra,Pucio kocha zwierzaki,Zielona Góra,15:20,2D,,regular,2026-09-03T12:41:52.521997
2026-09-03,,zielona-góra,Buntownik,Zielona Góra,15:50,2D,original,regular,2026-09-03T12:41:52.522008
2026-09-03,,zielona-góra,Spider-Man: Całkiem nowy dzień ukraiński dubbing,Zielona Góra,16:00,2D,dubbing,regular,2026-09-03T12:41:52.522020
2026-09-03,,zielona-góra,Tylko jedna noc,Zielona Góra,16:00,2D,original,regular,2026-09-03T12:41:52.522031
2026-09-03,,zielona-góra,Gwiazdozbiór psa,Zielona Góra,16:20,2D,original,regular,2026-09-03T12:41:52.522070
2026-09-03,,zielona-góra,Księga pustyni,Zielona Góra,16:40,2D,,regular,2026-09-03T12:41:52.522091
2026-09-03,,zielona-góra,Naznaczony: Wyjście z mrocznego wymiaru,Zielona Góra,16:50,2D,original,regular,2026-09-03T12:41:52.522118
2026-09-03,,zielona-góra,Harry Potter i Kamień Filozoficzny - 25. rocznica,Zielona Góra,17:00,2D,,regular,2026-09-03T12:41:52.522130
2026-09-03,,zielona-góra,Spider-Man: Całkiem nowy dzień,Zielona Góra,17:10,2D,original,regular,2026-09-03T12:41:52.522142
2026-09-03,,zielona-góra,Ostrze przeznaczenia,Zielona Góra,18:00,2D,original,regular,2026-09-03T12:41:52.522172
2026-09-03,,zielona-góra,Spider-Man: Całkiem nowy dzień,Zielona Góra,18:10,2D,original,regular,2026-09-03T12:41:52.522184
2026-09-03,,zielona-góra,Gwiazdozbiór psa ukraiński dubbing,Zielona Góra,18:30,2D,dubbing,regular,2026-09-03T12:41:52.522194
2026-09-03,,zielona-góra,Gwiazdozbiór psa,Zielona Góra,19:00,2D,original,regular,2026-09-03T12:41:52.522206
2026-09-03,,zielona-góra,Nie patrz w dół 2,Zielona Góra,19:00,2D,original,regular,2026-09-03T12:41:52.522219
2026-09-03,,zielona-góra,Sunny Dancer,Zielona Góra,19:10,2D,original,regular,2026-09-03T12:41:52.522230
2026-09-03,,zielona-góra,Naznaczony: Wyjście z mrocznego wymiaru,Zielona Góra,19:20,2D,original,regular,2026-09-03T12:41:52.522242
2026-09-03,,zielona-góra,Gorzkie święta,Zielona Góra,20:20,2D,original,regular,2026-09-03T12:41:52.522252
2026-09-03,,zielona-góra,Terminator 2: Dzień sądu 35. Rocznica,Zielona Góra,20:30,2D,original,regular,2026-09-03T12:41:52.522263
2026-09-03,,zielona-góra,Odyseja,Zielona Góra,20:50,2D,original,regular,2026-09-03T12:41:52.522274
2026-09-03,,zielona-góra,Tylko jedna noc,Zielona Góra,21:10,2D,original,regular,2026-09-03T12:41:52.522285
2026-09-03,,zielona-góra,Spider-Man: Całkiem nowy dzień,Zielona Góra,21:20,2D,original,regular,2026-09-03T12:41:52.522295
2026-09-03,,zielona-góra,Gwiazdozbiór psa,Zielona Góra,21:40,2D,original,regular,2026-09-03T12:41:52.522306
2026-09-03,,zielona-góra,Bogaci i martwi,Zielona Góra,21:40,2D,original,regular,2026-09-03T12:41:52.522317
2026-09-03,,zielona-góra,Koniec ulicy Dębowej,Zielona Góra,21:40,2D,original,regular,2026-09-03T12:41:52.522329
2026-09-03,,zielona-góra,Naznaczony: Wyjście z mrocznego wymiaru,Zielona Góra,21:50,2D,original,regular,2026-09-03T12:41:52.522341
