date,day_name,city,movie_title,cinema_name,time,format,language,event_type,scraped_at
2026-09-02,sroda,warszawa,Arek.Mama.Panorama,Kinoteka w Warszawie,16:30,,,regular,2026-09-02T12:37:04.964690
2026-09-02,sroda,warszawa,Asterix i Obelix: Misja Kleopatra,Kino Kultura w Warszawie,18:15,,,regular,2026-09-02T12:37:04.964690
2026-09-02,sroda,warszawa,Bogaci i martwi,Cinema City Warszawa Arkadia,17:10,,,regular,2026-09-02T12:37:04.964690
2026-09-02,sroda,warszawa,Bogaci i martwi,Cinema City Warszawa Bemowo,16:50,,,regular,2026-09-02T12:37:04.964690
2026-09-02,sroda,warszawa,Bogaci i martwi,Cinema City Warszawa Galeria Mokotów,17:10,,,regular,2026-09-02T12:37:04.964690
2026-09-02,sroda,warszawa,Bogaci i martwi,Cinema City Warszawa Galeria Północna,17:10,,,regular,2026-09-02T12:37:04.964690
2026-09-02,sroda,warszawa,Bogaci i martwi,Cinema City Warszawa Promenada,20:45,,,regular,2026-09-02T12:37:04.964690
2026-09-02,sroda,warszawa,Bogaci i martwi,Kino Atlantic w Warszawie,14:15,,,regular,2026-09-02T12:37:04.964690
2026-09-02,sroda,warszawa,Ból i blask,Kino Muranów w Warszawie,18:00,,,regular,2026-09-02T12:37:04.964690
2026-09-02,sroda,warszawa,Ból i blask,Kino Muranów w Warszawie,18:15,,,regular,2026-09-02T12:37:04.964690
2026-09-02,sroda,warszawa,Buntownik,Cinema City Warszawa Arkadia,12:40,,,regular,2026-09-02T12:37:04.964690
2026-09-02,sroda,warszawa,Buntownik,Cinema City Warszawa Arkadia,15:00,,,regular,2026-09-02T12:37:04.964690
2026-09-02,sroda,warszawa,Buntownik,Cinema City Warszawa Arkadia,17:30,,,regular,2026-09-02T12:37:04.964690
2026-09-02,sroda,warszawa,Buntownik,Cinema City Warszawa Arkadia,19:50,,,regular,2026-09-02T12:37:04.964690
2026-09-02,sroda,warszawa,Buntownik,Cinema City Warszawa Arkadia,22:10,,,regular,2026-09-02T12:37:04.964690
2026-09-02,sroda,warszawa,Buntownik,Cinema City Warszawa Bemowo,13:10,,,regular,2026-09-02T12:37:04.964690
2026-09-02,sroda,warszawa,Buntownik,Cinema City Warszawa Bemowo,20:50,,,regular,2026-09-02T12:37:04.964690
2026-09-02,sroda,warszawa,Buntownik,Cinema City Warszawa Galeria Mokotów,12:20,,,regular,2026-09-02T12:37:04.964690
2026-09-02,sroda,warszawa,Buntownik,Cinema City Warszawa Galeria Mokotów,17:00,,,regular,2026-09-02T12:37:04.964690
2026-09-02,sroda,warszawa,Buntownik,Cinema City Warszawa Galeria Północna,14:50,,,regular,2026-09-02T12:37:04.964690
2026-09-02,sroda,warszawa,Buntownik,Cinema City Warszawa Galeria Północna,19:30,,,regular,2026-09-02T12:37:04.964690
2026-09-02,sroda,warszawa,Buntownik,Cinema City Warszawa Galeria Północna,21:50,,,regular,2026-09-02T12:37:04.964690
2026-09-02,sroda,warszawa,Buntownik,Cinema City Warszawa Promenada,15:45,,,regular,2026-09-02T12:37:04.964690
2026-09-02,sroda,warszawa,Buntownik,Cinema City Warszawa Promenada,18:30,,,regular,2026-09-02T12:37:04.964690
2026-09-02,sroda,warszawa,Buntownik,Cinema City Warszawa Promenada,21:20,,,regular,2026-09-02T12:37:04.964690
2026-09-02,sroda,warszawa,Buntownik,Cinema City Warszawa Sadyba,17:30,,,regular,2026-09-02T12:37:04.964690
2026-09-02,sroda,warszawa,Buntownik,Cinema City Warszawa Sadyba,22:00,,,regular,2026-09-02T12:37:04.964690
2026-09-02,sroda,warszawa,Buntownik,Helios Warszawa Blue City,13:15,,,regular,2026-09-02T12:37:04.964690
2026-09-02,sroda,warszawa,Buntownik,Helios Warszawa Blue City,18:15,,,regular,2026-09-02T12:37:04.964690
2026-09-02,sroda,warszawa,Buntownik,Multikino Atrium Reduta w Warszawie,14:40,,,regular,2026-09-02T12:37:04.964690
2026-09-02,sroda,warszawa,Buntownik,Multikino Atrium Reduta w Warszawie,18:40,,,regular,2026-09-02T12:37:04.964690
2026-09-02,sroda,warszawa,Buntownik,Multikino Młociny,12:15,,,regular,2026-09-02T12:37:04.964690
2026-09-02,sroda,warszawa,Buntownik,Multikino Młociny,18:10,,,regular,2026-09-02T12:37:04.964690
2026-09-02,sroda,warszawa,Buntownik,Multikino Młociny,21:30,,,regular,2026-09-02T12:37:04.964690
2026-09-02,sroda,warszawa,Buntownik,Multikino Targówek,18:25,,,regular,2026-09-02T12:37:04.964690
2026-09-02,sroda,warszawa,Buntownik,Multikino Targówek,20:40,,,regular,2026-09-02T12:37:04.964690
2026-09-02,sroda,warszawa,Buntownik,Multikino Wola,13:50,,,regular,2026-09-02T12:37:04.964690
2026-09-02,sroda,warszawa,Buntownik,Multikino Wola,18:40,,,regular,2026-09-02T12:37:04.964690
2026-09-02,sroda,warszawa,Buntownik,Multikino Złote Tarasy,15:05,,,regular,2026-09-02T12:37:04.964690
2026-09-02,sroda,warszawa,Buntownik,Multikino Złote Tarasy,17:50,,,regular,2026-09-02T12:37:04.964690
2026-09-02,sroda,warszawa,Do utraty tchu,AMONDO Kino w Warszawie,21:15,,,regular,2026-09-02T12:37:04.964690
2026-09-02,sroda,warszawa,Dziewięć miesięcy,Kino Iluzjon - Muzeum Sztuki Filmowej w Warszawie,20:00,,,regular,2026-09-02T12:37:04.964690
2026-09-02,sroda,warszawa,Ekipa zwierzaków (dubbing),Cinema City Warszawa Promenada,11:10,,dubbing,regular,2026-09-02T12:37:04.964690
2026-09-02,sroda,warszawa,Flavia de Luce (dubbing),Cinema City Warszawa Promenada,10:45,,dubbing,regular,2026-09-02T12:37:04.964690
2026-09-02,sroda,warszawa,Frances Ha,Kino Elektronik w Warszawie,18:00,,,regular,2026-09-02T12:37:04.964690
2026-09-02,sroda,warszawa,Frances Ha,Kino Luna w Warszawie,12:15,,,regular,2026-09-02T12:37:04.964690
2026-09-02,sroda,warszawa,Frances Ha,Kino Muranów w Warszawie,20:30,,,regular,2026-09-02T12:37:04.964690
2026-09-02,sroda,warszawa,Frances Ha,NoveKino Wisła w Warszawie,12:00,,,regular,2026-09-02T12:37:04.964690
2026-09-02,sroda,warszawa,Ghost in the shell,Kinoteka w Warszawie,21:30,,,regular,2026-09-02T12:37:04.964690
2026-09-02,sroda,warszawa,Giulietta i duchy,Kino Praha w Warszawie,18:00,,,regular,2026-09-02T12:37:04.964690
2026-09-02,sroda,warszawa,Gorzkie święta,Cinema City Warszawa Arkadia,10:10,,,regular,2026-09-02T12:37:04.964690
2026-09-02,sroda,warszawa,Gorzkie święta,Cinema City Warszawa Arkadia,17:20,,,regular,2026-09-02T12:37:04.964690
2026-09-02,sroda,warszawa,Gorzkie święta,Cinema City Warszawa Arkadia,20:00,,,regular,2026-09-02T12:37:04.964690
2026-09-02,sroda,warszawa,Gorzkie święta,Cinema City Warszawa Arkadia,22:30,,,regular,2026-09-02T12:37:04.964690
2026-09-02,sroda,warszawa,Gorzkie święta,Cinema City Warszawa Bemowo,16:40,,,regular,2026-09-02T12:37:04.964690
2026-09-02,sroda,warszawa,Gorzkie święta,Cinema City Warszawa Bemowo,19:10,,,regular,2026-09-02T12:37:04.964690
2026-09-02,sroda,warszawa,Gorzkie święta,Cinema City Warszawa Galeria Mokotów,14:30,,,regular,2026-09-02T12:37:04.964690
2026-09-02,sroda,warszawa,Gorzkie święta,Cinema City Warszawa Galeria Mokotów,19:15,,,regular,2026-09-02T12:37:04.964690
2026-09-02,sroda,warszawa,Gorzkie święta,Cinema City Warszawa Galeria Mokotów,21:45,,,regular,2026-09-02T12:37:04.964690
2026-09-02,sroda,warszawa,Gorzkie święta,Cinema City Warszawa Galeria Północna,15:00,,,regular,2026-09-02T12:37:04.964690
2026-09-02,sroda,warszawa,Gorzkie święta,Cinema City Warszawa Galeria Północna,19:50,,,regular,2026-09-02T12:37:04.964690
2026-09-02,sroda,warszawa,Gorzkie święta,Cinema City Warszawa Promenada,15:10,,,regular,2026-09-02T12:37:04.964690
2026-09-02,sroda,warszawa,Gorzkie święta,Cinema City Warszawa Promenada,17:40,,,regular,2026-09-02T12:37:04.964690
2026-09-02,sroda,warszawa,Gorzkie święta,Cinema City Warszawa Promenada,20:10,,,regular,2026-09-02T12:37:04.964690
2026-09-02,sroda,warszawa,Gorzkie święta,Cinema City Warszawa Sadyba,18:10,,,regular,2026-09-02T12:37:04.964690
2026-09-02,sroda,warszawa,Gorzkie święta,Cinema City Warszawa Sadyba,20:50,,,regular,2026-09-02T12:37:04.964690
2026-09-02,sroda,warszawa,Gorzkie święta,Helios Warszawa Blue City,12:10,,,regular,2026-09-02T12:37:04.964690
2026-09-02,sroda,warszawa,Gorzkie święta,Helios Warszawa Blue City,20:15,,,regular,2026-09-02T12:37:04.964690
2026-09-02,sroda,warszawa,Gorzkie święta,Kino Atlantic w Warszawie,13:15,,,regular,2026-09-02T12:37:04.964690
2026-09-02,sroda,warszawa,Gorzkie święta,Kino Atlantic w Warszawie,17:45,,,regular,2026-09-02T12:37:04.964690
2026-09-02,sroda,warszawa,Gorzkie święta,Kino Atlantic w Warszawie,19:45,,,regular,2026-09-02T12:37:04.964690
2026-09-02,sroda,warszawa,Gorzkie święta,Kino Atlantic w Warszawie,20:00,,,regular,2026-09-02T12:37:04.964690
2026-09-02,sroda,warszawa,Gorzkie święta,Kino Elektronik w Warszawie,20:30,,,regular,2026-09-02T12:37:04.964690
2026-09-02,sroda,warszawa,Gorzkie święta,Kino Głębocka 66 w Warszawie,20:00,,,regular,2026-09-02T12:37:04.964690
2026-09-02,sroda,warszawa,Gorzkie święta,Kino Iluzjon - Muzeum Sztuki Filmowej w Warszawie,18:00,,,regular,2026-09-02T12:37:04.964690
2026-09-02,sroda,warszawa,Gorzkie święta,Kino Kultura w Warszawie,18:00,,,regular,2026-09-02T12:37:04.964690
2026-09-02,sroda,warszawa,Gorzkie święta,Kino Luna w Warszawie,17:10,,,regular,2026-09-02T12:37:04.964690
2026-09-02,sroda,warszawa,Gorzkie święta,Kino Muranów w Warszawie,17:00,,,regular,2026-09-02T12:37:04.964690
2026-09-02,sroda,warszawa,Gorzkie święta,Kino Muranów w Warszawie,19:30,,,regular,2026-09-02T12:37:04.964690
2026-09-02,sroda,warszawa,Gorzkie święta,Kino Muranów w Warszawie,21:35,,,regular,2026-09-02T12:37:04.964690
2026-09-02,sroda,warszawa,Gorzkie święta,Kino na Boku - Białołęcki Ośrodek Kultury w Warszawie,12:00,,,regular,2026-09-02T12:37:04.964690
2026-09-02,sroda,warszawa,Gorzkie święta,Kino na Boku - Białołęcki Ośrodek Kultury w Warszawie,19:45,,,regular,2026-09-02T12:37:04.964690
2026-09-02,sroda,warszawa,Gorzkie święta,Kino Praha w Warszawie,20:45,,,regular,2026-09-02T12:37:04.964690
2026-09-02,sroda,warszawa,Gorzkie święta,KinoGram w Warszawie,20:30,,,regular,2026-09-02T12:37:04.964690
2026-09-02,sroda,warszawa,Gorzkie święta,Kinokawiarnia Stacja Falenica w Warszawie,13:30,,,regular,2026-09-02T12:37:04.964690
2026-09-02,sroda,warszawa,Gorzkie święta,Kinomuzeum w Muzeum Sztuki Nowoczesnej w Warszawie,17:00,,,regular,2026-09-02T12:37:04.964690
2026-09-02,sroda,warszawa,Gorzkie święta,Kinoteka w Warszawie,11:30,,,regular,2026-09-02T12:37:04.964690
2026-09-02,sroda,warszawa,Gorzkie święta,Kinoteka w Warszawie,18:15,,,regular,2026-09-02T12:37:04.964690
2026-09-02,sroda,warszawa,Gorzkie święta,Multikino Młociny,20:25,,,regular,2026-09-02T12:37:04.964690
2026-09-02,sroda,warszawa,Gorzkie święta,Multikino Targówek,18:15,,,regular,2026-09-02T12:37:04.964690
2026-09-02,sroda,warszawa,Gorzkie święta,Multikino Targówek,20:50,,,regular,2026-09-02T12:37:04.964690
2026-09-02,sroda,warszawa,Gorzkie święta,NoveKino Wisła w Warszawie,13:45,,,regular,2026-09-02T12:37:04.964690
2026-09-02,sroda,warszawa,Gorzkie święta,NoveKino Wisła w Warszawie,20:00,,,regular,2026-09-02T12:37:04.964690
2026-09-02,sroda,warszawa,Gorzkie święta,U–jazdowski kino,20:00,,,regular,2026-09-02T12:37:04.964690
2026-09-02,sroda,warszawa,Gwiazdozbiór Psa,Cinema City Warszawa Arkadia,11:00,,,regular,2026-09-02T12:37:04.964690
2026-09-02,sroda,warszawa,Gwiazdozbiór Psa,Cinema City Warszawa Arkadia,11:50,,,regular,2026-09-02T12:37:04.964690
2026-09-02,sroda,warszawa,Gwiazdozbiór Psa,Cinema City Warszawa Arkadia,13:40,,,regular,2026-09-02T12:37:04.964690
2026-09-02,sroda,warszawa,Gwiazdozbiór Psa,Cinema City Warszawa Arkadia,14:10,,,regular,2026-09-02T12:37:04.964690
2026-09-02,sroda,warszawa,Gwiazdozbiór Psa,Cinema City Warszawa Arkadia,14:40,,,regular,2026-09-02T12:37:04.964690
2026-09-02,sroda,warszawa,Gwiazdozbiór Psa,Cinema City Warszawa Arkadia,16:20,,,regular,2026-09-02T12:37:04.964690
2026-09-02,sroda,warszawa,Gwiazdozbiór Psa,Cinema City Warszawa Arkadia,19:00,,,regular,2026-09-02T12:37:04.964690
2026-09-02,sroda,warszawa,Gwiazdozbiór Psa,Cinema City Warszawa Arkadia,19:50,,,regular,2026-09-02T12:37:04.964690
2026-09-02,sroda,warszawa,Gwiazdozbiór Psa,Cinema City Warszawa Arkadia,21:40,,,regular,2026-09-02T12:37:04.964690
2026-09-02,sroda,warszawa,Gwiazdozbiór Psa,Cinema City Warszawa Bemowo,11:00,,,regular,2026-09-02T12:37:04.964690
2026-09-02,sroda,warszawa,Gwiazdozbiór Psa,Cinema City Warszawa Bemowo,13:40,,,regular,2026-09-02T12:37:04.964690
2026-09-02,sroda,warszawa,Gwiazdozbiór Psa,Cinema City Warszawa Bemowo,16:20,,,regular,2026-09-02T12:37:04.964690
2026-09-02,sroda,warszawa,Gwiazdozbiór Psa,Cinema City Warszawa Bemowo,19:00,,,regular,2026-09-02T12:37:04.964690
2026-09-02,sroda,warszawa,Gwiazdozbiór Psa,Cinema City Warszawa Bemowo,21:40,,,regular,2026-09-02T12:37:04.964690
2026-09-02,sroda,warszawa,Gwiazdozbiór Psa,Cinema City Warszawa Galeria Mokotów,11:50,,,regular,2026-09-02T12:37:04.964690
2026-09-02,sroda,warszawa,Gwiazdozbiór Psa,Cinema City Warszawa Galeria Mokotów,14:30,,,regular,2026-09-02T12:37:04.964690
2026-09-02,sroda,warszawa,Gwiazdozbiór Psa,Cinema City Warszawa Galeria Mokotów,16:20,,,regular,2026-09-02T12:37:04.964690
2026-09-02,sroda,warszawa,Gwiazdozbiór Psa,Cinema City Warszawa Galeria Mokotów,17:10,,,regular,2026-09-02T12:37:04.964690
2026-09-02,sroda,warszawa,Gwiazdozbiór Psa,Cinema City Warszawa Galeria Mokotów,19:00,,,regular,2026-09-02T12:37:04.964690
2026-09-02,sroda,warszawa,Gwiazdozbiór Psa,Cinema City Warszawa Galeria Mokotów,19:30,,,regular,2026-09-02T12:37:04.964690
2026-09-02,sroda,warszawa,Gwiazdozbiór Psa,Cinema City Warszawa Galeria Mokotów,19:50,,,regular,2026-09-02T12:37:04.964690
2026-09-02,sroda,warszawa,Gwiazdozbiór Psa,Cinema City Warszawa Galeria Mokotów,21:40,,,regular,2026-09-02T12:37:04.964690
2026-09-02,sroda,warszawa,Gwiazdozbiór Psa,Cinema City Warszawa Galeria Mokotów,22:10,,,regular,2026-09-02T12:37:04.964690
2026-09-02,sroda,warszawa,Gwiazdozbiór Psa,Cinema City Warszawa Galeria Mokotów,22:30,,,regular,2026-09-02T12:37:04.964690
2026-09-02,sroda,warszawa,Gwiazdozbiór Psa,Cinema City Warszawa Galeria Północna,11:00,,,regular,2026-09-02T12:37:04.964690
2026-09-02,sroda,warszawa,Gwiazdozbiór Psa,Cinema City Warszawa Galeria Północna,13:40,,,regular,2026-09-02T12:37:04.964690
2026-09-02,sroda,warszawa,Gwiazdozbiór Psa,Cinema City Warszawa Galeria Północna,16:20,,,regular,2026-09-02T12:37:04.964690
2026-09-02,sroda,warszawa,Gwiazdozbiór Psa,Cinema City Warszawa Galeria Północna,19:00,,,regular,2026-09-02T12:37:04.964690
2026-09-02,sroda,warszawa,Gwiazdozbiór Psa,Cinema City Warszawa Galeria Północna,21:40,,,regular,2026-09-02T12:37:04.964690
2026-09-02,sroda,warszawa,Gwiazdozbiór Psa,Cinema City Warszawa Promenada,11:50,,,regular,2026-09-02T12:37:04.964690
2026-09-02,sroda,warszawa,Gwiazdozbiór Psa,Cinema City Warszawa Promenada,14:30,,,regular,2026-09-02T12:37:04.964690
2026-09-02,sroda,warszawa,Gwiazdozbiór Psa,Cinema City Warszawa Promenada,17:10,,,regular,2026-09-02T12:37:04.964690
2026-09-02,sroda,warszawa,Gwiazdozbiór Psa,Cinema City Warszawa Promenada,18:20,,,regular,2026-09-02T12:37:04.964690
2026-09-02,sroda,warszawa,Gwiazdozbiór Psa,Cinema City Warszawa Promenada,19:50,,,regular,2026-09-02T12:37:04.964690
2026-09-02,sroda,warszawa,Gwiazdozbiór Psa,Cinema City Warszawa Promenada,21:00,,,regular,2026-09-02T12:37:04.964690
2026-09-02,sroda,warszawa,Gwiazdozbiór Psa,Cinema City Warszawa Promenada,22:30,,,regular,2026-09-02T12:37:04.964690
2026-09-02,sroda,warszawa,Gwiazdozbiór Psa,Cinema City Warszawa Sadyba,11:30,,,regular,2026-09-02T12:37:04.964690
2026-09-02,sroda,warszawa,Gwiazdozbiór Psa,Cinema City Warszawa Sadyba,14:10,,,regular,2026-09-02T12:37:04.964690
2026-09-02,sroda,warszawa,Gwiazdozbiór Psa,Cinema City Warszawa Sadyba,16:50,,,regular,2026-09-02T12:37:04.964690
2026-09-02,sroda,warszawa,Gwiazdozbiór Psa,Cinema City Warszawa Sadyba,19:30,,,regular,2026-09-02T12:37:04.964690
2026-09-02,sroda,warszawa,Gwiazdozbiór Psa,Cinema City Warszawa Sadyba,22:00,,,regular,2026-09-02T12:37:04.964690
2026-09-02,sroda,warszawa,Gwiazdozbiór Psa,Cinema City Warszawa Sadyba IMAX,12:30,,,regular,2026-09-02T12:37:04.964690
2026-09-02,sroda,warszawa,Gwiazdozbiór Psa,Cinema City Warszawa Sadyba IMAX,19:00,,,regular,2026-09-02T12:37:04.964690
2026-09-02,sroda,warszawa,Gwiazdozbiór Psa,Cinema City Warszawa Sadyba IMAX,21:40,,,regular,2026-09-02T12:37:04.964690
2026-09-02,sroda,warszawa,Gwiazdozbiór Psa,Helios Warszawa Blue City,11:45,,,regular,2026-09-02T12:37:04.964690
2026-09-02,sroda,warszawa,Gwiazdozbiór Psa,Helios Warszawa Blue City,18:30,,,regular,2026-09-02T12:37:04.964690
2026-09-02,sroda,warszawa,Gwiazdozbiór Psa,Helios Warszawa Blue City,20:00,,,regular,2026-09-02T12:37:04.964690
2026-09-02,sroda,warszawa,Gwiazdozbiór Psa,Kino Atlantic w Warszawie,12:30,,,regular,2026-09-02T12:37:04.964690
2026-09-02,sroda,warszawa,Gwiazdozbiór Psa,Kino Atlantic w Warszawie,15:00,,,regular,2026-09-02T12:37:04.964690
2026-09-02,sroda,warszawa,Gwiazdozbiór Psa,Kino Atlantic w Warszawie,20:15,,,regular,2026-09-02T12:37:04.964690
2026-09-02,sroda,warszawa,Gwiazdozbiór Psa,Kino Kultura w Warszawie,20:30,,,regular,2026-09-02T12:37:04.964690
2026-09-02,sroda,warszawa,Gwiazdozbiór Psa,KinoGram w Warszawie,18:00,,,regular,2026-09-02T12:37:04.964690
2026-09-02,sroda,warszawa,Gwiazdozbiór Psa,Kinokawiarnia Stacja Falenica w Warszawie,20:15,,,regular,2026-09-02T12:37:04.964690
2026-09-02,sroda,warszawa,Gwiazdozbiór Psa,Kinoteka w Warszawie,13:15,,,regular,2026-09-02T12:37:04.964690
2026-09-02,sroda,warszawa,Gwiazdozbiór Psa,Kinoteka w Warszawie,15:45,,,regular,2026-09-02T12:37:04.964690
2026-09-02,sroda,warszawa,Gwiazdozbiór Psa,Kinoteka w Warszawie,18:00,,,regular,2026-09-02T12:37:04.964690
2026-09-02,sroda,warszawa,Gwiazdozbiór Psa,Kinoteka w Warszawie,20:45,,,regular,2026-09-02T12:37:04.964690
2026-09-02,sroda,warszawa,Gwiazdozbiór Psa,Multikino Atrium Reduta w Warszawie,20:00,,,regular,2026-09-02T12:37:04.964690
2026-09-02,sroda,warszawa,Gwiazdozbiór Psa,Multikino Młociny,17:30,,,regular,2026-09-02T12:37:04.964690
2026-09-02,sroda,warszawa,Gwiazdozbiór Psa,Multikino Młociny,20:15,,,regular,2026-09-02T12:37:04.964690
2026-09-02,sroda,warszawa,Gwiazdozbiór Psa,Multikino Targówek,14:45,,,regular,2026-09-02T12:37:04.964690
2026-09-02,sroda,warszawa,Gwiazdozbiór Psa,Multikino Targówek,17:30,,,regular,2026-09-02T12:37:04.964690
2026-09-02,sroda,warszawa,Gwiazdozbiór Psa,Multikino Targówek,20:15,,,regular,2026-09-02T12:37:04.964690
2026-09-02,sroda,warszawa,Gwiazdozbiór Psa,Multikino Wola,20:00,,,regular,2026-09-02T12:37:04.964690
2026-09-02,sroda,warszawa,Gwiazdozbiór Psa,Multikino Złote Tarasy,17:30,,,regular,2026-09-02T12:37:04.964690
2026-09-02,sroda,warszawa,Gwiazdozbiór Psa,Multikino Złote Tarasy,20:15,,,regular,2026-09-02T12:37:04.964690
2026-09-02,sroda,warszawa,Gwiazdozbiór Psa,NoveKino Wisła w Warszawie,15:40,,,regular,2026-09-02T12:37:04.964690
2026-09-02,sroda,warszawa,Gwiazdozbiór Psa,NoveKino Wisła w Warszawie,20:10,,,regular,2026-09-02T12:37:04.964690
2026-09-02,sroda,warszawa,Harry Potter i Insygnia Śmierci cz. 1,Kinoteka w Warszawie,17:30,,,regular,2026-09-02T12:37:04.964690
2026-09-02,sroda,warszawa,Harry Potter i Insygnia Śmierci cz. 2 (dubbing),Kinoteka w Warszawie,20:15,,dubbing,regular,2026-09-02T12:37:04.964690
2026-09-02,sroda,warszawa,Harry Potter i Insygnia Śmierci cz. 2 (dubbing),Multikino Atrium Reduta w Warszawie,17:15,,dubbing,regular,2026-09-02T12:37:04.964690
2026-09-02,sroda,warszawa,Harry Potter i Insygnia Śmierci cz. 2 (dubbing),Multikino Młociny,17:15,,dubbing,regular,2026-09-02T12:37:04.964690
2026-09-02,sroda,warszawa,Harry Potter i Insygnia Śmierci cz. 2 (dubbing),Multikino Targówek,17:15,,dubbing,regular,2026-09-02T12:37:04.964690
2026-09-02,sroda,warszawa,Harry Potter i Insygnia Śmierci cz. 2 (dubbing),Multikino Wola,17:15,,dubbing,regular,2026-09-02T12:37:04.964690
2026-09-02,sroda,warszawa,Harry Potter i Insygnia Śmierci cz. 2 (dubbing),Multikino Złote Tarasy,17:15,,dubbing,regular,2026-09-02T12:37:04.964690
2026-09-02,sroda,warszawa,Harry Potter i Kamień Filozoficzny (dubbing),Cinema City Warszawa Arkadia,17:30,,dubbing,regular,2026-09-02T12:37:04.964690
2026-09-02,sroda,warszawa,Harry Potter i Kamień Filozoficzny (dubbing),Cinema City Warszawa Bemowo,17:00,,dubbing,regular,2026-09-02T12:37:04.964690
2026-09-02,sroda,warszawa,Harry Potter i Kamień Filozoficzny (dubbing),Cinema City Warszawa Galeria Mokotów,16:40,,dubbing,regular,2026-09-02T12:37:04.964690
2026-09-02,sroda,warszawa,Harry Potter i Kamień Filozoficzny (dubbing),Cinema City Warszawa Galeria Północna,17:00,,dubbing,regular,2026-09-02T12:37:04.964690
2026-09-02,sroda,warszawa,Harry Potter i Kamień Filozoficzny (dubbing),Cinema City Warszawa Promenada,16:30,,dubbing,regular,2026-09-02T12:37:04.964690
2026-09-02,sroda,warszawa,Harry Potter i Kamień Filozoficzny (dubbing),Cinema City Warszawa Sadyba,18:00,,dubbing,regular,2026-09-02T12:37:04.964690
2026-09-02,sroda,warszawa,Harry Potter i Kamień Filozoficzny (dubbing),Kinoteka w Warszawie,16:00,,dubbing,regular,2026-09-02T12:37:04.964690
2026-09-02,sroda,warszawa,Harry Potter i Kamień Filozoficzny (dubbing),Multikino Atrium Reduta w Warszawie,14:00,,dubbing,regular,2026-09-02T12:37:04.964690
2026-09-02,sroda,warszawa,Harry Potter i Kamień Filozoficzny (dubbing),Multikino Młociny,14:00,,dubbing,regular,2026-09-02T12:37:04.964690
2026-09-02,sroda,warszawa,Harry Potter i Kamień Filozoficzny (dubbing),Multikino Targówek,14:00,,dubbing,regular,2026-09-02T12:37:04.964690
2026-09-02,sroda,warszawa,Harry Potter i Kamień Filozoficzny (dubbing),Multikino Wola,14:00,,dubbing,regular,2026-09-02T12:37:04.964690
2026-09-02,sroda,warszawa,Harry Potter i Kamień Filozoficzny (dubbing),Multikino Złote Tarasy,14:00,,dubbing,regular,2026-09-02T12:37:04.964690
2026-09-02,sroda,warszawa,Historie równoległe,Cinema City Warszawa Galeria Mokotów,13:40,,,regular,2026-09-02T12:37:04.964690
2026-09-02,sroda,warszawa,Historie równoległe,Kino Luna w Warszawie,12:30,,,regular,2026-09-02T12:37:04.964690
2026-09-02,sroda,warszawa,Historie równoległe,Kinoteka w Warszawie,15:10,,,regular,2026-09-02T12:37:04.964690
2026-09-02,sroda,warszawa,Homo sapiens?,Kino Kultura w Warszawie,16:00,,,regular,2026-09-02T12:37:04.964690
2026-09-02,sroda,warszawa,Julia Pirotte. Piękno i siła,Kino Iluzjon - Muzeum Sztuki Filmowej w Warszawie,16:00,,,regular,2026-09-02T12:37:04.964690
2026-09-02,sroda,warszawa,Julia Pirotte. Piękno i siła,Kino Kultura w Warszawie,13:30,,,regular,2026-09-02T12:37:04.964690
2026-09-02,sroda,warszawa,Julia Pirotte. Piękno i siła,Kino Muranów w Warszawie,16:45,,,regular,2026-09-02T12:37:04.964690
2026-09-02,sroda,warszawa,Julia Pirotte. Piękno i siła,NoveKino Wisła w Warszawie,14:00,,,regular,2026-09-02T12:37:04.964690
2026-09-02,sroda,warszawa,Kandydaci śmierci,Kino Kultura w Warszawie,16:15,,,regular,2026-09-02T12:37:04.964690
2026-09-02,sroda,warszawa,Kandydaci śmierci,Kinoteka w Warszawie,18:15,,,regular,2026-09-02T12:37:04.964690
2026-09-02,sroda,warszawa,Kandydaci śmierci (seans z audiodeskrypcją),Kino Kultura w Warszawie,16:15,,,regular,2026-09-02T12:37:04.964690
2026-09-02,sroda,warszawa,Koniec Ulicy Dębowej,Cinema City Warszawa Arkadia,13:10,,,regular,2026-09-02T12:37:04.964690
2026-09-02,sroda,warszawa,Koniec Ulicy Dębowej,Cinema City Warszawa Arkadia,19:40,,,regular,2026-09-02T12:37:04.964690
2026-09-02,sroda,warszawa,Koniec Ulicy Dębowej,Cinema City Warszawa Arkadia,22:10,,,regular,2026-09-02T12:37:04.964690
2026-09-02,sroda,warszawa,Koniec Ulicy Dębowej,Cinema City Warszawa Bemowo,11:45,,,regular,2026-09-02T12:37:04.964690
2026-09-02,sroda,warszawa,Koniec Ulicy Dębowej,Cinema City Warszawa Bemowo,14:15,,,regular,2026-09-02T12:37:04.964690
2026-09-02,sroda,warszawa,Koniec Ulicy Dębowej,Cinema City Warszawa Bemowo,19:15,,,regular,2026-09-02T12:37:04.964690
2026-09-02,sroda,warszawa,Koniec Ulicy Dębowej,Cinema City Warszawa Bemowo,21:45,,,regular,2026-09-02T12:37:04.964690
2026-09-02,sroda,warszawa,Koniec Ulicy Dębowej,Cinema City Warszawa Galeria Mokotów,10:20,,,regular,2026-09-02T12:37:04.964690
2026-09-02,sroda,warszawa,Koniec Ulicy Dębowej,Cinema City Warszawa Galeria Mokotów,19:30,,,regular,2026-09-02T12:37:04.964690
2026-09-02,sroda,warszawa,Koniec Ulicy Dębowej,Cinema City Warszawa Galeria Mokotów,22:00,,,regular,2026-09-02T12:37:04.964690
2026-09-02,sroda,warszawa,Koniec Ulicy Dębowej,Cinema City Warszawa Promenada,13:15,,,regular,2026-09-02T12:37:04.964690
2026-09-02,sroda,warszawa,Koniec Ulicy Dębowej,Cinema City Warszawa Promenada,18:00,,,regular,2026-09-02T12:37:04.964690
2026-09-02,sroda,warszawa,Koniec Ulicy Dębowej,Cinema City Warszawa Promenada,20:30,,,regular,2026-09-02T12:37:04.964690
2026-09-02,sroda,warszawa,Koniec Ulicy Dębowej,Cinema City Warszawa Sadyba,18:40,,,regular,2026-09-02T12:37:04.964690
2026-09-02,sroda,warszawa,Koniec Ulicy Dębowej,Cinema City Warszawa Sadyba,21:10,,,regular,2026-09-02T12:37:04.964690
2026-09-02,sroda,warszawa,Koniec Ulicy Dębowej,Helios Warszawa Blue City,13:00,,,regular,2026-09-02T12:37:04.964690
2026-09-02,sroda,warszawa,Koniec Ulicy Dębowej,Kinoteka w Warszawie,14:15,,,regular,2026-09-02T12:37:04.964690
2026-09-02,sroda,warszawa,Koniec Ulicy Dębowej,Multikino Młociny,11:10,,,regular,2026-09-02T12:37:04.964690
2026-09-02,sroda,warszawa,Koniec Ulicy Dębowej,Multikino Targówek,13:20,,,regular,2026-09-02T12:37:04.964690
2026-09-02,sroda,warszawa,Koniec Ulicy Dębowej,Multikino Złote Tarasy,10:15,,,regular,2026-09-02T12:37:04.964690
2026-09-02,sroda,warszawa,Księga pustyni,Helios Warszawa Blue City,10:30,,,regular,2026-09-02T12:37:04.964690
2026-09-02,sroda,warszawa,Księga pustyni,Helios Warszawa Blue City,15:30,,,regular,2026-09-02T12:37:04.964690
2026-09-02,sroda,warszawa,Księga pustyni,Kinokawiarnia Stacja Falenica w Warszawie,16:00,,,regular,2026-09-02T12:37:04.964690
2026-09-02,sroda,warszawa,Księga pustyni (dubbing),Cinema City Warszawa Arkadia,10:30,,dubbing,regular,2026-09-02T12:37:04.964690
2026-09-02,sroda,warszawa,Księga pustyni (dubbing),Cinema City Warszawa Arkadia,12:40,,dubbing,regular,2026-09-02T12:37:04.964690
2026-09-02,sroda,warszawa,Księga pustyni (dubbing),Cinema City Warszawa Arkadia,14:50,,dubbing,regular,2026-09-02T12:37:04.964690
2026-09-02,sroda,warszawa,Księga pustyni (dubbing),Cinema City Warszawa Bemowo,11:30,,dubbing,regular,2026-09-02T12:37:04.964690
2026-09-02,sroda,warszawa,Księga pustyni (dubbing),Cinema City Warszawa Bemowo,13:15,,dubbing,regular,2026-09-02T12:37:04.964690
2026-09-02,sroda,warszawa,Księga pustyni (dubbing),Cinema City Warszawa Bemowo,15:30,,dubbing,regular,2026-09-02T12:37:04.964690
2026-09-02,sroda,warszawa,Księga pustyni (dubbing),Cinema City Warszawa Galeria Mokotów,10:00,,dubbing,regular,2026-09-02T12:37:04.964690
2026-09-02,sroda,warszawa,Księga pustyni (dubbing),Cinema City Warszawa Galeria Mokotów,11:30,,dubbing,regular,2026-09-02T12:37:04.964690
2026-09-02,sroda,warszawa,Księga pustyni (dubbing),Cinema City Warszawa Galeria Mokotów,12:15,,dubbing,regular,2026-09-02T12:37:04.964690
2026-09-02,sroda,warszawa,Księga pustyni (dubbing),Cinema City Warszawa Galeria Mokotów,14:30,,dubbing,regular,2026-09-02T12:37:04.964690
2026-09-02,sroda,warszawa,Księga pustyni (dubbing),Cinema City Warszawa Galeria Mokotów,16:40,,dubbing,regular,2026-09-02T12:37:04.964690
2026-09-02,sroda,warszawa,Księga pustyni (dubbing),Cinema City Warszawa Galeria Północna,11:20,,dubbing,regular,2026-09-02T12:37:04.964690
2026-09-02,sroda,warszawa,Księga pustyni (dubbing),Cinema City Warszawa Galeria Północna,13:30,,dubbing,regular,2026-09-02T12:37:04.964690
2026-09-02,sroda,warszawa,Księga pustyni (dubbing),Cinema City Warszawa Galeria Północna,15:50,,dubbing,regular,2026-09-02T12:37:04.964690
2026-09-02,sroda,warszawa,Księga pustyni (dubbing),Cinema City Warszawa Promenada,10:15,,dubbing,regular,2026-09-02T12:37:04.964690
2026-09-02,sroda,warszawa,Księga pustyni (dubbing),Cinema City Warszawa Promenada,11:45,,dubbing,regular,2026-09-02T12:37:04.964690
2026-09-02,sroda,warszawa,Księga pustyni (dubbing),Cinema City Warszawa Promenada,14:00,,dubbing,regular,2026-09-02T12:37:04.964690
2026-09-02,sroda,warszawa,Księga pustyni (dubbing),Cinema City Warszawa Promenada,16:00,,dubbing,regular,2026-09-02T12:37:04.964690
2026-09-02,sroda,warszawa,Księga pustyni (dubbing),Cinema City Warszawa Sadyba,11:00,,dubbing,regular,2026-09-02T12:37:04.964690
2026-09-02,sroda,warszawa,Księga pustyni (dubbing),Cinema City Warszawa Sadyba,12:20,,dubbing,regular,2026-09-02T12:37:04.964690
2026-09-02,sroda,warszawa,Księga pustyni (dubbing),Cinema City Warszawa Sadyba,14:40,,dubbing,regular,2026-09-02T12:37:04.964690
2026-09-02,sroda,warszawa,Księga pustyni (dubbing),Kino Głębocka 66 w Warszawie,14:00,,dubbing,regular,2026-09-02T12:37:04.964690
2026-09-02,sroda,warszawa,Księga pustyni (dubbing),Kino Głębocka 66 w Warszawie,16:00,,dubbing,regular,2026-09-02T12:37:04.964690
2026-09-02,sroda,warszawa,Księga pustyni (dubbing),Kino na Boku - Białołęcki Ośrodek Kultury w Warszawie,15:15,,dubbing,regular,2026-09-02T12:37:04.964690
2026-09-02,sroda,warszawa,Księga pustyni (dubbing),Multikino Atrium Reduta w Warszawie,12:20,,dubbing,regular,2026-09-02T12:37:04.964690
2026-09-02,sroda,warszawa,Księga pustyni (dubbing),Multikino Młociny,10:00,,dubbing,regular,2026-09-02T12:37:04.964690
2026-09-02,sroda,warszawa,Księga pustyni (dubbing),Multikino Młociny,13:45,,dubbing,regular,2026-09-02T12:37:04.964690
2026-09-02,sroda,warszawa,Księga pustyni (dubbing),Multikino Młociny,16:00,,dubbing,regular,2026-09-02T12:37:04.964690
2026-09-02,sroda,warszawa,Księga pustyni (dubbing),Multikino Targówek,10:00,,dubbing,regular,2026-09-02T12:37:04.964690
2026-09-02,sroda,warszawa,Księga pustyni (dubbing),Multikino Targówek,13:55,,dubbing,regular,2026-09-02T12:37:04.964690
2026-09-02,sroda,warszawa,Księga pustyni (dubbing),Multikino Targówek,16:00,,dubbing,regular,2026-09-02T12:37:04.964690
2026-09-02,sroda,warszawa,Księga pustyni (dubbing),Multikino Wola,12:05,,dubbing,regular,2026-09-02T12:37:04.964690
2026-09-02,sroda,warszawa,Księga pustyni (dubbing),Multikino Złote Tarasy,10:40,,dubbing,regular,2026-09-02T12:37:04.964690
2026-09-02,sroda,warszawa,Księga pustyni (dubbing),Multikino Złote Tarasy,12:45,,dubbing,regular,2026-09-02T12:37:04.964690
2026-09-02,sroda,warszawa,Księżniczka Mononoke,Kino Muranów w Warszawie,18:00,,,regular,2026-09-02T12:37:04.964690
2026-09-02,sroda,warszawa,Matador,Kino Muranów w Warszawie,22:35,,,regular,2026-09-02T12:37:04.964690
2026-09-02,sroda,warszawa,Meltdown,Kinoteka w Warszawie,19:00,,,regular,2026-09-02T12:37:04.964690
2026-09-02,sroda,warszawa,"Miłość, śmierć i dojrzewanie na Obozie Miasma",Kino Elektronik w Warszawie,18:15,,,regular,2026-09-02T12:37:04.964690
2026-09-02,sroda,warszawa,"Miłość, śmierć i dojrzewanie na Obozie Miasma",Kinomuzeum w Muzeum Sztuki Nowoczesnej w Warszawie,19:30,,,regular,2026-09-02T12:37:04.964690
2026-09-02,sroda,warszawa,Minionki i straszydła (dubbing),Cinema City Warszawa Arkadia,10:40,,dubbing,regular,2026-09-02T12:37:04.964690
2026-09-02,sroda,warszawa,Minionki i straszydła (dubbing),Cinema City Warszawa Bemowo,11:10,,dubbing,regular,2026-09-02T12:37:04.964690
2026-09-02,sroda,warszawa,Minionki i straszydła (dubbing),Cinema City Warszawa Bemowo,14:10,,dubbing,regular,2026-09-02T12:37:04.964690
2026-09-02,sroda,warszawa,Minionki i straszydła (dubbing),Cinema City Warszawa Galeria Mokotów,11:50,,dubbing,regular,2026-09-02T12:37:04.964690
2026-09-02,sroda,warszawa,Minionki i straszydła (dubbing),Cinema City Warszawa Galeria Mokotów,14:00,,dubbing,regular,2026-09-02T12:37:04.964690
2026-09-02,sroda,warszawa,Minionki i straszydła (dubbing),Cinema City Warszawa Galeria Północna,11:20,,dubbing,regular,2026-09-02T12:37:04.964690
2026-09-02,sroda,warszawa,Minionki i straszydła (dubbing),Cinema City Warszawa Galeria Północna,13:30,,dubbing,regular,2026-09-02T12:37:04.964690
2026-09-02,sroda,warszawa,Minionki i straszydła (dubbing),Cinema City Warszawa Galeria Północna,15:40,,dubbing,regular,2026-09-02T12:37:04.964690
2026-09-02,sroda,warszawa,Minionki i straszydła (dubbing),Cinema City Warszawa Promenada,11:00,,dubbing,regular,2026-09-02T12:37:04.964690
2026-09-02,sroda,warszawa,Minionki i straszydła (dubbing),Cinema City Warszawa Promenada,13:00,,dubbing,regular,2026-09-02T12:37:04.964690
2026-09-02,sroda,warszawa,Minionki i straszydła (dubbing),Cinema City Warszawa Promenada,15:10,,dubbing,regular,2026-09-02T12:37:04.964690
2026-09-02,sroda,warszawa,Minionki i straszydła (dubbing),Cinema City Warszawa Sadyba,11:00,,dubbing,regular,2026-09-02T12:37:04.964690
2026-09-02,sroda,warszawa,Minionki i straszydła (dubbing),Cinema City Warszawa Sadyba,13:20,,dubbing,regular,2026-09-02T12:37:04.964690
2026-09-02,sroda,warszawa,Minionki i straszydła (dubbing),Cinema City Warszawa Sadyba,14:20,,dubbing,regular,2026-09-02T12:37:04.964690
2026-09-02,sroda,warszawa,Minionki i straszydła (dubbing),Cinema City Warszawa Sadyba,21:20,,dubbing,regular,2026-09-02T12:37:04.964690
2026-09-02,sroda,warszawa,Minionki i straszydła (dubbing),Helios Warszawa Blue City,10:50,,dubbing,regular,2026-09-02T12:37:04.964690
2026-09-02,sroda,warszawa,Minionki i straszydła (dubbing),Helios Warszawa Blue City,14:30,,dubbing,regular,2026-09-02T12:37:04.964690
2026-09-02,sroda,warszawa,Minionki i straszydła (dubbing),Multikino Atrium Reduta w Warszawie,10:10,,dubbing,regular,2026-09-02T12:37:04.964690
2026-09-02,sroda,warszawa,Minionki i straszydła (dubbing),Multikino Młociny,10:05,,dubbing,regular,2026-09-02T12:37:04.964690
2026-09-02,sroda,warszawa,Minionki i straszydła (dubbing),Multikino Młociny,12:10,,dubbing,regular,2026-09-02T12:37:04.964690
2026-09-02,sroda,warszawa,Minionki i straszydła (dubbing),Multikino Młociny,14:10,,dubbing,regular,2026-09-02T12:37:04.964690
2026-09-02,sroda,warszawa,Minionki i straszydła (dubbing),Multikino Targówek,10:00,,dubbing,regular,2026-09-02T12:37:04.964690
2026-09-02,sroda,warszawa,Minionki i straszydła (dubbing),Multikino Targówek,12:15,,dubbing,regular,2026-09-02T12:37:04.964690
2026-09-02,sroda,warszawa,Minionki i straszydła (dubbing),Multikino Targówek,14:20,,dubbing,regular,2026-09-02T12:37:04.964690
2026-09-02,sroda,warszawa,Minionki i straszydła (dubbing),Multikino Targówek,16:25,,dubbing,regular,2026-09-02T12:37:04.964690
2026-09-02,sroda,warszawa,Minionki i straszydła (dubbing),Multikino Wola,10:00,,dubbing,regular,2026-09-02T12:37:04.964690
2026-09-02,sroda,warszawa,Minionki i straszydła (dubbing),Multikino Złote Tarasy,10:30,,dubbing,regular,2026-09-02T12:37:04.964690
2026-09-02,sroda,warszawa,Naznaczony: Wyjście z mrocznego wymiaru,Cinema City Warszawa Arkadia,17:00,,,regular,2026-09-02T12:37:04.964690
2026-09-02,sroda,warszawa,Naznaczony: Wyjście z mrocznego wymiaru,Cinema City Warszawa Arkadia,19:30,,,regular,2026-09-02T12:37:04.964690
2026-09-02,sroda,warszawa,Naznaczony: Wyjście z mrocznego wymiaru,Cinema City Warszawa Arkadia,22:00,,,regular,2026-09-02T12:37:04.964690
2026-09-02,sroda,warszawa,Naznaczony: Wyjście z mrocznego wymiaru,Cinema City Warszawa Arkadia,22:30,,,regular,2026-09-02T12:37:04.964690
2026-09-02,sroda,warszawa,Naznaczony: Wyjście z mrocznego wymiaru,Cinema City Warszawa Bemowo,17:45,,,regular,2026-09-02T12:37:04.964690
2026-09-02,sroda,warszawa,Naznaczony: Wyjście z mrocznego wymiaru,Cinema City Warszawa Bemowo,20:10,,,regular,2026-09-02T12:37:04.964690
2026-09-02,sroda,warszawa,Naznaczony: Wyjście z mrocznego wymiaru,Cinema City Warszawa Galeria Mokotów,13:00,,,regular,2026-09-02T12:37:04.964690
2026-09-02,sroda,warszawa,Naznaczony: Wyjście z mrocznego wymiaru,Cinema City Warszawa Galeria Mokotów,15:30,,,regular,2026-09-02T12:37:04.964690
2026-09-02,sroda,warszawa,Naznaczony: Wyjście z mrocznego wymiaru,Cinema City Warszawa Galeria Mokotów,21:50,,,regular,2026-09-02T12:37:04.964690
2026-09-02,sroda,warszawa,Naznaczony: Wyjście z mrocznego wymiaru,Cinema City Warszawa Galeria Północna,12:00,,,regular,2026-09-02T12:37:04.964690
2026-09-02,sroda,warszawa,Naznaczony: Wyjście z mrocznego wymiaru,Cinema City Warszawa Galeria Północna,14:30,,,regular,2026-09-02T12:37:04.964690
2026-09-02,sroda,warszawa,Naznaczony: Wyjście z mrocznego wymiaru,Cinema City Warszawa Galeria Północna,20:20,,,regular,2026-09-02T12:37:04.964690
2026-09-02,sroda,warszawa,Naznaczony: Wyjście z mrocznego wymiaru,Cinema City Warszawa Promenada,18:40,,,regular,2026-09-02T12:37:04.964690
2026-09-02,sroda,warszawa,Naznaczony: Wyjście z mrocznego wymiaru,Cinema City Warszawa Promenada,21:10,,,regular,2026-09-02T12:37:04.964690
2026-09-02,sroda,warszawa,Naznaczony: Wyjście z mrocznego wymiaru,Cinema City Warszawa Promenada,22:10,,,regular,2026-09-02T12:37:04.964690
2026-09-02,sroda,warszawa,Naznaczony: Wyjście z mrocznego wymiaru,Cinema City Warszawa Sadyba,13:10,,,regular,2026-09-02T12:37:04.964690
2026-09-02,sroda,warszawa,Naznaczony: Wyjście z mrocznego wymiaru,Cinema City Warszawa Sadyba,15:30,,,regular,2026-09-02T12:37:04.964690
2026-09-02,sroda,warszawa,Naznaczony: Wyjście z mrocznego wymiaru,Cinema City Warszawa Sadyba,18:00,,,regular,2026-09-02T12:37:04.964690
2026-09-02,sroda,warszawa,Naznaczony: Wyjście z mrocznego wymiaru,Cinema City Warszawa Sadyba,20:30,,,regular,2026-09-02T12:37:04.964690
2026-09-02,sroda,warszawa,Naznaczony: Wyjście z mrocznego wymiaru,Cinema City Warszawa Sadyba,21:30,,,regular,2026-09-02T12:37:04.964690
2026-09-02,sroda,warszawa,Naznaczony: Wyjście z mrocznego wymiaru,Cinema City Warszawa Sadyba,22:00,,,regular,2026-09-02T12:37:04.964690
2026-09-02,sroda,warszawa,Naznaczony: Wyjście z mrocznego wymiaru,Helios Warszawa Blue City,17:45,,,regular,2026-09-02T12:37:04.964690
2026-09-02,sroda,warszawa,Naznaczony: Wyjście z mrocznego wymiaru,Helios Warszawa Blue City,21:00,,,regular,2026-09-02T12:37:04.964690
2026-09-02,sroda,warszawa,Naznaczony: Wyjście z mrocznego wymiaru,Multikino Atrium Reduta w Warszawie,16:10,,,regular,2026-09-02T12:37:04.964690
2026-09-02,sroda,warszawa,Naznaczony: Wyjście z mrocznego wymiaru,Multikino Atrium Reduta w Warszawie,20:35,,,regular,2026-09-02T12:37:04.964690
2026-09-02,sroda,warszawa,Naznaczony: Wyjście z mrocznego wymiaru,Multikino Młociny,13:20,,,regular,2026-09-02T12:37:04.964690
2026-09-02,sroda,warszawa,Naznaczony: Wyjście z mrocznego wymiaru,Multikino Młociny,18:35,,,regular,2026-09-02T12:37:04.964690
2026-09-02,sroda,warszawa,Naznaczony: Wyjście z mrocznego wymiaru,Multikino Młociny,20:35,,,regular,2026-09-02T12:37:04.964690
2026-09-02,sroda,warszawa,Naznaczony: Wyjście z mrocznego wymiaru,Multikino Targówek,12:20,,,regular,2026-09-02T12:37:04.964690
2026-09-02,sroda,warszawa,Naznaczony: Wyjście z mrocznego wymiaru,Multikino Targówek,16:10,,,regular,2026-09-02T12:37:04.964690
2026-09-02,sroda,warszawa,Naznaczony: Wyjście z mrocznego wymiaru,Multikino Targówek,18:35,,,regular,2026-09-02T12:37:04.964690
2026-09-02,sroda,warszawa,Naznaczony: Wyjście z mrocznego wymiaru,Multikino Targówek,21:00,,,regular,2026-09-02T12:37:04.964690
2026-09-02,sroda,warszawa,Naznaczony: Wyjście z mrocznego wymiaru,Multikino Wola,16:10,,,regular,2026-09-02T12:37:04.964690
2026-09-02,sroda,warszawa,Naznaczony: Wyjście z mrocznego wymiaru,Multikino Wola,20:35,,,regular,2026-09-02T12:37:04.964690
2026-09-02,sroda,warszawa,Naznaczony: Wyjście z mrocznego wymiaru,Multikino Złote Tarasy,15:25,,,regular,2026-09-02T12:37:04.964690
2026-09-02,sroda,warszawa,Naznaczony: Wyjście z mrocznego wymiaru,Multikino Złote Tarasy,18:50,,,regular,2026-09-02T12:37:04.964690
2026-09-02,sroda,warszawa,Naznaczony: Wyjście z mrocznego wymiaru,Multikino Złote Tarasy,21:30,,,regular,2026-09-02T12:37:04.964690
2026-09-02,sroda,warszawa,Nie patrz w dół 2,Cinema City Warszawa Arkadia,19:50,,,regular,2026-09-02T12:37:04.964690
2026-09-02,sroda,warszawa,Nie patrz w dół 2,Cinema City Warszawa Bemowo,18:45,,,regular,2026-09-02T12:37:04.964690
2026-09-02,sroda,warszawa,Nie patrz w dół 2,Cinema City Warszawa Galeria Mokotów,18:40,,,regular,2026-09-02T12:37:04.964690
2026-09-02,sroda,warszawa,Nie patrz w dół 2,Cinema City Warszawa Galeria Północna,17:50,,,regular,2026-09-02T12:37:04.964690
2026-09-02,sroda,warszawa,Nie patrz w dół 2,Cinema City Warszawa Promenada,20:20,,,regular,2026-09-02T12:37:04.964690
2026-09-02,sroda,warszawa,Nie patrz w dół 2,Cinema City Warszawa Sadyba,19:45,,,regular,2026-09-02T12:37:04.964690
2026-09-02,sroda,warszawa,Niebo nad Normandią,NoveKino Wisła w Warszawie,18:00,,,regular,2026-09-02T12:37:04.964690
2026-09-02,sroda,warszawa,Niesamowite przygody skarpetek 3. Ale kosmos!,Cinema City Warszawa Promenada,10:30,,,regular,2026-09-02T12:37:04.964690
2026-09-02,sroda,warszawa,Nowa fala,Kino Elektronik w Warszawie,19:45,,,regular,2026-09-02T12:37:04.964690
2026-09-02,sroda,warszawa,Nowa fala,Kino Luna w Warszawie,15:10,,,regular,2026-09-02T12:37:04.964690
2026-09-02,sroda,warszawa,Nowa fala,Kino Praha w Warszawie,16:00,,,regular,2026-09-02T12:37:04.964690
2026-09-02,sroda,warszawa,Nowa fala,Kino Świt w Warszawie,17:00,,,regular,2026-09-02T12:37:04.964690
2026-09-02,sroda,warszawa,Nowa fala,Kinokawiarnia Stacja Falenica w Warszawie,13:00,,,regular,2026-09-02T12:37:04.964690
2026-09-02,sroda,warszawa,Nowa fala,Multikino Atrium Reduta w Warszawie,20:00,,,regular,2026-09-02T12:37:04.964690
2026-09-02,sroda,warszawa,Nowa fala,Multikino Młociny,20:00,,,regular,2026-09-02T12:37:04.964690
2026-09-02,sroda,warszawa,Nowa fala,Multikino Targówek,20:00,,,regular,2026-09-02T12:37:04.964690
2026-09-02,sroda,warszawa,Nowa fala,Multikino Wola,20:00,,,regular,2026-09-02T12:37:04.964690
2026-09-02,sroda,warszawa,Nowa fala,Multikino Złote Tarasy,20:00,,,regular,2026-09-02T12:37:04.964690
2026-09-02,sroda,warszawa,O czym sobie nie mówimy,Kino Atlantic w Warszawie,12:00,,,regular,2026-09-02T12:37:04.964690
2026-09-02,sroda,warszawa,O czym sobie nie mówimy,Kinokawiarnia Stacja Falenica w Warszawie,18:15,,,regular,2026-09-02T12:37:04.964690
2026-09-02,sroda,warszawa,O czym wie Marielle,Kino Atlantic w Warszawie,13:45,,,regular,2026-09-02T12:37:04.964690
2026-09-02,sroda,warszawa,Obsesja,Cinema City Warszawa Arkadia,22:20,,,regular,2026-09-02T12:37:04.964690
2026-09-02,sroda,warszawa,Obsesja,Cinema City Warszawa Bemowo,21:40,,,regular,2026-09-02T12:37:04.964690
2026-09-02,sroda,warszawa,Obsesja,Cinema City Warszawa Promenada,22:10,,,regular,2026-09-02T12:37:04.964690
2026-09-02,sroda,warszawa,Obsesja,Multikino Młociny,10:10,,,regular,2026-09-02T12:37:04.964690
2026-09-02,sroda,warszawa,Obsesja,Multikino Złote Tarasy,16:20,,,regular,2026-09-02T12:37:04.964690
2026-09-02,sroda,warszawa,Odyseja,Cinema City Warszawa Arkadia,12:00,,,regular,2026-09-02T12:37:04.964690
2026-09-02,sroda,warszawa,Odyseja,Cinema City Warszawa Arkadia,17:20,,,regular,2026-09-02T12:37:04.964690
2026-09-02,sroda,warszawa,Odyseja,Cinema City Warszawa Arkadia,21:10,,,regular,2026-09-02T12:37:04.964690
2026-09-02,sroda,warszawa,Odyseja,Cinema City Warszawa Bemowo,12:30,,,regular,2026-09-02T12:37:04.964690
2026-09-02,sroda,warszawa,Odyseja,Cinema City Warszawa Bemowo,16:00,,,regular,2026-09-02T12:37:04.964690
2026-09-02,sroda,warszawa,Odyseja,Cinema City Warszawa Bemowo,19:50,,,regular,2026-09-02T12:37:04.964690
2026-09-02,sroda,warszawa,Odyseja,Cinema City Warszawa Galeria Mokotów,10:00,,,regular,2026-09-02T12:37:04.964690
2026-09-02,sroda,warszawa,Odyseja,Cinema City Warszawa Galeria Mokotów,13:50,,,regular,2026-09-02T12:37:04.964690
2026-09-02,sroda,warszawa,Odyseja,Cinema City Warszawa Galeria Mokotów,15:30,,,regular,2026-09-02T12:37:04.964690
2026-09-02,sroda,warszawa,Odyseja,Cinema City Warszawa Galeria Mokotów,18:00,,,regular,2026-09-02T12:37:04.964690
2026-09-02,sroda,warszawa,Odyseja,Cinema City Warszawa Galeria Mokotów,21:30,,,regular,2026-09-02T12:37:04.964690
2026-09-02,sroda,warszawa,Odyseja,Cinema City Warszawa Galeria Północna,12:10,,,regular,2026-09-02T12:37:04.964690
2026-09-02,sroda,warszawa,Odyseja,Cinema City Warszawa Galeria Północna,14:50,,,regular,2026-09-02T12:37:04.964690
2026-09-02,sroda,warszawa,Odyseja,Cinema City Warszawa Galeria Północna,15:50,,,regular,2026-09-02T12:37:04.964690
2026-09-02,sroda,warszawa,Odyseja,Cinema City Warszawa Galeria Północna,18:30,,,regular,2026-09-02T12:37:04.964690
2026-09-02,sroda,warszawa,Odyseja,Cinema City Warszawa Galeria Północna,20:10,,,regular,2026-09-02T12:37:04.964690
2026-09-02,sroda,warszawa,Odyseja,Cinema City Warszawa Promenada,14:50,,,regular,2026-09-02T12:37:04.964690
2026-09-02,sroda,warszawa,Odyseja,Cinema City Warszawa Promenada,20:40,,,regular,2026-09-02T12:37:04.964690
2026-09-02,sroda,warszawa,Odyseja,Cinema City Warszawa Sadyba,11:10,,,regular,2026-09-02T12:37:04.964690
2026-09-02,sroda,warszawa,Odyseja,Cinema City Warszawa Sadyba,14:50,,,regular,2026-09-02T12:37:04.964690
2026-09-02,sroda,warszawa,Odyseja,Cinema City Warszawa Sadyba,18:30,,,regular,2026-09-02T12:37:04.964690
2026-09-02,sroda,warszawa,Odyseja,Cinema City Warszawa Sadyba IMAX,15:20,,,regular,2026-09-02T12:37:04.964690
2026-09-02,sroda,warszawa,Odyseja,Helios Warszawa Blue City,14:40,,,regular,2026-09-02T12:37:04.964690
2026-09-02,sroda,warszawa,Odyseja,Helios Warszawa Blue City,16:00,,,regular,2026-09-02T12:37:04.964690
2026-09-02,sroda,warszawa,Odyseja,Helios Warszawa Blue City,19:30,,,regular,2026-09-02T12:37:04.964690
2026-09-02,sroda,warszawa,Odyseja,Kino Atlantic w Warszawie,16:30,,,regular,2026-09-02T12:37:04.964690
2026-09-02,sroda,warszawa,Odyseja,Kino Luna w Warszawie,19:15,,,regular,2026-09-02T12:37:04.964690
2026-09-02,sroda,warszawa,Odyseja,KinoGram w Warszawie,17:15,,,regular,2026-09-02T12:37:04.964690
2026-09-02,sroda,warszawa,Odyseja,Kinoteka w Warszawie,14:30,,,regular,2026-09-02T12:37:04.964690
2026-09-02,sroda,warszawa,Odyseja,Kinoteka w Warszawie,20:30,,,regular,2026-09-02T12:37:04.964690
2026-09-02,sroda,warszawa,Odyseja,Multikino Atrium Reduta w Warszawie,10:25,,,regular,2026-09-02T12:37:04.964690
2026-09-02,sroda,warszawa,Odyseja,Multikino Atrium Reduta w Warszawie,17:00,,,regular,2026-09-02T12:37:04.964690
2026-09-02,sroda,warszawa,Odyseja,Multikino Młociny,12:15,,,regular,2026-09-02T12:37:04.964690
2026-09-02,sroda,warszawa,Odyseja,Multikino Młociny,14:30,,,regular,2026-09-02T12:37:04.964690
2026-09-02,sroda,warszawa,Odyseja,Multikino Młociny,15:50,,,regular,2026-09-02T12:37:04.964690
2026-09-02,sroda,warszawa,Odyseja,Multikino Młociny,17:00,,,regular,2026-09-02T12:37:04.964690
2026-09-02,sroda,warszawa,Odyseja,Multikino Młociny,18:00,,,regular,2026-09-02T12:37:04.964690
2026-09-02,sroda,warszawa,Odyseja,Multikino Młociny,19:25,,,regular,2026-09-02T12:37:04.964690
2026-09-02,sroda,warszawa,Odyseja,Multikino Targówek,11:10,,,regular,2026-09-02T12:37:04.964690
2026-09-02,sroda,warszawa,Odyseja,Multikino Targówek,12:10,,,regular,2026-09-02T12:37:04.964690
2026-09-02,sroda,warszawa,Odyseja,Multikino Targówek,14:45,,,regular,2026-09-02T12:37:04.964690
2026-09-02,sroda,warszawa,Odyseja,Multikino Targówek,15:45,,,regular,2026-09-02T12:37:04.964690
2026-09-02,sroda,warszawa,Odyseja,Multikino Targówek,18:20,,,regular,2026-09-02T12:37:04.964690
2026-09-02,sroda,warszawa,Odyseja,Multikino Targówek,19:20,,,regular,2026-09-02T12:37:04.964690
2026-09-02,sroda,warszawa,Odyseja,Multikino Wola,10:20,,,regular,2026-09-02T12:37:04.964690
2026-09-02,sroda,warszawa,Odyseja,Multikino Wola,17:00,,,regular,2026-09-02T12:37:04.964690
2026-09-02,sroda,warszawa,Odyseja,Multikino Złote Tarasy,10:50,,,regular,2026-09-02T12:37:04.964690
2026-09-02,sroda,warszawa,Odyseja,Multikino Złote Tarasy,12:45,,,regular,2026-09-02T12:37:04.964690
2026-09-02,sroda,warszawa,Odyseja,Multikino Złote Tarasy,14:25,,,regular,2026-09-02T12:37:04.964690
2026-09-02,sroda,warszawa,Odyseja,Multikino Złote Tarasy,18:00,,,regular,2026-09-02T12:37:04.964690
2026-09-02,sroda,warszawa,Odyseja,Multikino Złote Tarasy,19:35,,,regular,2026-09-02T12:37:04.964690
2026-09-02,sroda,warszawa,Odyseja / Одіссея (ukr.),Cinema City Warszawa Arkadia,13:40,,,regular,2026-09-02T12:37:04.964690
2026-09-02,sroda,warszawa,Odyseja / Одіссея (ukr.),Helios Warszawa Blue City,17:30,,,regular,2026-09-02T12:37:04.964690
2026-09-02,sroda,warszawa,Odzyskany,Cinema City Warszawa Arkadia,13:20,,,regular,2026-09-02T12:37:04.964690
2026-09-02,sroda,warszawa,Odzyskany,Cinema City Warszawa Sadyba,14:15,,,regular,2026-09-02T12:37:04.964690
2026-09-02,sroda,warszawa,Odzyskany,NoveKino Wisła w Warszawie,16:00,,,regular,2026-09-02T12:37:04.964690
2026-09-02,sroda,warszawa,Ojczyzna,Kino Atlantic w Warszawie,11:45,,,regular,2026-09-02T12:37:04.964690
2026-09-02,sroda,warszawa,Ojczyzna,Kino Atlantic w Warszawie,15:45,,,regular,2026-09-02T12:37:04.964690
2026-09-02,sroda,warszawa,Ojczyzna,Kino Luna w Warszawie,14:00,,,regular,2026-09-02T12:37:04.964690
2026-09-02,sroda,warszawa,Ojczyzna,Kinoteka w Warszawie,14:30,,,regular,2026-09-02T12:37:04.964690
2026-09-02,sroda,warszawa,Ojczyzna,NoveKino Wisła w Warszawie,12:15,,,regular,2026-09-02T12:37:04.964690
2026-09-02,sroda,warszawa,Ostatni konsjerż,Kinokawiarnia Stacja Falenica w Warszawie,20:30,,,regular,2026-09-02T12:37:04.964690
2026-09-02,sroda,warszawa,Ostrze przeznaczenia,Cinema City Warszawa Arkadia,18:00,,,regular,2026-09-02T12:37:04.964690
2026-09-02,sroda,warszawa,Ostrze przeznaczenia,Cinema City Warszawa Bemowo,18:00,,,regular,2026-09-02T12:37:04.964690
2026-09-02,sroda,warszawa,Ostrze przeznaczenia,Cinema City Warszawa Galeria Mokotów,19:00,,,regular,2026-09-02T12:37:04.964690
2026-09-02,sroda,warszawa,Ostrze przeznaczenia,Cinema City Warszawa Promenada,18:30,,,regular,2026-09-02T12:37:04.964690
2026-09-02,sroda,warszawa,Ostrze przeznaczenia,Multikino Atrium Reduta w Warszawie,21:00,,,regular,2026-09-02T12:37:04.964690
2026-09-02,sroda,warszawa,Ostrze przeznaczenia,Multikino Młociny,21:00,,,regular,2026-09-02T12:37:04.964690
2026-09-02,sroda,warszawa,Ostrze przeznaczenia,Multikino Targówek,21:00,,,regular,2026-09-02T12:37:04.964690
2026-09-02,sroda,warszawa,Ostrze przeznaczenia,Multikino Wola,21:00,,,regular,2026-09-02T12:37:04.964690
2026-09-02,sroda,warszawa,Ostrze przeznaczenia,Multikino Złote Tarasy,21:15,,,regular,2026-09-02T12:37:04.964690
2026-09-02,sroda,warszawa,Pejzaż w kolorze sepii,Kino Muranów w Warszawie,20:30,,,regular,2026-09-02T12:37:04.964690
2026-09-02,sroda,warszawa,Proces,Kino Iluzjon - Muzeum Sztuki Filmowej w Warszawie,17:30,,,regular,2026-09-02T12:37:04.964690
2026-09-02,sroda,warszawa,Proces,Kinoteka w Warszawie,13:30,,,regular,2026-09-02T12:37:04.964690
2026-09-02,sroda,warszawa,Psi Patrol i dinozaury,Helios Warszawa Blue City,10:15,,,regular,2026-09-02T12:37:04.964690
2026-09-02,sroda,warszawa,Psi Patrol i dinozaury,Helios Warszawa Blue City,12:30,,,regular,2026-09-02T12:37:04.964690
2026-09-02,sroda,warszawa,Psi Patrol i dinozaury,Helios Warszawa Blue City,13:50,,,regular,2026-09-02T12:37:04.964690
2026-09-02,sroda,warszawa,Psi Patrol i dinozaury,Helios Warszawa Blue City,16:45,,,regular,2026-09-02T12:37:04.964690
2026-09-02,sroda,warszawa,Psi Patrol i dinozaury,NoveKino Wisła w Warszawie,13:50,,,regular,2026-09-02T12:37:04.964690
2026-09-02,sroda,warszawa,Psi Patrol i dinozaury (dubbing),Cinema City Warszawa Arkadia,10:50,,dubbing,regular,2026-09-02T12:37:04.964690
2026-09-02,sroda,warszawa,Psi Patrol i dinozaury (dubbing),Cinema City Warszawa Arkadia,13:00,,dubbing,regular,2026-09-02T12:37:04.964690
2026-09-02,sroda,warszawa,Psi Patrol i dinozaury (dubbing),Cinema City Warszawa Arkadia,15:20,,dubbing,regular,2026-09-02T12:37:04.964690
2026-09-02,sroda,warszawa,Psi Patrol i dinozaury (dubbing),Cinema City Warszawa Bemowo,11:00,,dubbing,regular,2026-09-02T12:37:04.964690
2026-09-02,sroda,warszawa,Psi Patrol i dinozaury (dubbing),Cinema City Warszawa Bemowo,12:40,,dubbing,regular,2026-09-02T12:37:04.964690
2026-09-02,sroda,warszawa,Psi Patrol i dinozaury (dubbing),Cinema City Warszawa Bemowo,15:00,,dubbing,regular,2026-09-02T12:37:04.964690
2026-09-02,sroda,warszawa,Psi Patrol i dinozaury (dubbing),Cinema City Warszawa Bemowo,17:10,,dubbing,regular,2026-09-02T12:37:04.964690
2026-09-02,sroda,warszawa,Psi Patrol i dinozaury (dubbing),Cinema City Warszawa Galeria Mokotów,10:40,,dubbing,regular,2026-09-02T12:37:04.964690
2026-09-02,sroda,warszawa,Psi Patrol i dinozaury (dubbing),Cinema City Warszawa Galeria Mokotów,12:50,,dubbing,regular,2026-09-02T12:37:04.964690
2026-09-02,sroda,warszawa,Psi Patrol i dinozaury (dubbing),Cinema City Warszawa Galeria Mokotów,15:00,,dubbing,regular,2026-09-02T12:37:04.964690
2026-09-02,sroda,warszawa,Psi Patrol i dinozaury (dubbing),Cinema City Warszawa Galeria Północna,12:10,,dubbing,regular,2026-09-02T12:37:04.964690
2026-09-02,sroda,warszawa,Psi Patrol i dinozaury (dubbing),Cinema City Warszawa Galeria Północna,14:20,,dubbing,regular,2026-09-02T12:37:04.964690
2026-09-02,sroda,warszawa,Psi Patrol i dinozaury (dubbing),Cinema City Warszawa Galeria Północna,16:30,,dubbing,regular,2026-09-02T12:37:04.964690
2026-09-02,sroda,warszawa,Psi Patrol i dinozaury (dubbing),Cinema City Warszawa Promenada,10:30,,dubbing,regular,2026-09-02T12:37:04.964690
2026-09-02,sroda,warszawa,Psi Patrol i dinozaury (dubbing),Cinema City Warszawa Promenada,11:30,,dubbing,regular,2026-09-02T12:37:04.964690
2026-09-02,sroda,warszawa,Psi Patrol i dinozaury (dubbing),Cinema City Warszawa Promenada,13:40,,dubbing,regular,2026-09-02T12:37:04.964690
2026-09-02,sroda,warszawa,Psi Patrol i dinozaury (dubbing),Cinema City Warszawa Promenada,15:50,,dubbing,regular,2026-09-02T12:37:04.964690
2026-09-02,sroda,warszawa,Psi Patrol i dinozaury (dubbing),Cinema City Warszawa Promenada,18:10,,dubbing,regular,2026-09-02T12:37:04.964690
2026-09-02,sroda,warszawa,Psi Patrol i dinozaury (dubbing),Cinema City Warszawa Sadyba,11:00,,dubbing,regular,2026-09-02T12:37:04.964690
2026-09-02,sroda,warszawa,Psi Patrol i dinozaury (dubbing),Cinema City Warszawa Sadyba,13:10,,dubbing,regular,2026-09-02T12:37:04.964690
2026-09-02,sroda,warszawa,Psi Patrol i dinozaury (dubbing),Cinema City Warszawa Sadyba,15:20,,dubbing,regular,2026-09-02T12:37:04.964690
2026-09-02,sroda,warszawa,Psi Patrol i dinozaury (dubbing),Multikino Atrium Reduta w Warszawie,10:45,,dubbing,regular,2026-09-02T12:37:04.964690
2026-09-02,sroda,warszawa,Psi Patrol i dinozaury (dubbing),Multikino Atrium Reduta w Warszawie,13:30,,dubbing,regular,2026-09-02T12:37:04.964690
2026-09-02,sroda,warszawa,Psi Patrol i dinozaury (dubbing),Multikino Atrium Reduta w Warszawie,15:40,,dubbing,regular,2026-09-02T12:37:04.964690
2026-09-02,sroda,warszawa,Psi Patrol i dinozaury (dubbing),Multikino Atrium Reduta w Warszawie,17:50,,dubbing,regular,2026-09-02T12:37:04.964690
2026-09-02,sroda,warszawa,Psi Patrol i dinozaury (dubbing),Multikino Młociny,10:15,,dubbing,regular,2026-09-02T12:37:04.964690
2026-09-02,sroda,warszawa,Psi Patrol i dinozaury (dubbing),Multikino Młociny,11:30,,dubbing,regular,2026-09-02T12:37:04.964690
2026-09-02,sroda,warszawa,Psi Patrol i dinozaury (dubbing),Multikino Młociny,12:30,,dubbing,regular,2026-09-02T12:37:04.964690
2026-09-02,sroda,warszawa,Psi Patrol i dinozaury (dubbing),Multikino Młociny,13:45,,dubbing,regular,2026-09-02T12:37:04.964690
2026-09-02,sroda,warszawa,Psi Patrol i dinozaury (dubbing),Multikino Młociny,14:45,,dubbing,regular,2026-09-02T12:37:04.964690
2026-09-02,sroda,warszawa,Psi Patrol i dinozaury (dubbing),Multikino Młociny,16:00,,dubbing,regular,2026-09-02T12:37:04.964690
2026-09-02,sroda,warszawa,Psi Patrol i dinozaury (dubbing),Multikino Młociny,18:15,,dubbing,regular,2026-09-02T12:37:04.964690
2026-09-02,sroda,warszawa,Psi Patrol i dinozaury (dubbing),Multikino Targówek,10:20,,dubbing,regular,2026-09-02T12:37:04.964690
2026-09-02,sroda,warszawa,Psi Patrol i dinozaury (dubbing),Multikino Targówek,11:40,,dubbing,regular,2026-09-02T12:37:04.964690
2026-09-02,sroda,warszawa,Psi Patrol i dinozaury (dubbing),Multikino Targówek,12:30,,dubbing,regular,2026-09-02T12:37:04.964690
2026-09-02,sroda,warszawa,Psi Patrol i dinozaury (dubbing),Multikino Targówek,13:50,,dubbing,regular,2026-09-02T12:37:04.964690
2026-09-02,sroda,warszawa,Psi Patrol i dinozaury (dubbing),Multikino Targówek,16:00,,dubbing,regular,2026-09-02T12:37:04.964690
2026-09-02,sroda,warszawa,Psi Patrol i dinozaury (dubbing),Multikino Targówek,18:10,,dubbing,regular,2026-09-02T12:37:04.964690
2026-09-02,sroda,warszawa,Psi Patrol i dinozaury (dubbing),Multikino Wola,10:40,,dubbing,regular,2026-09-02T12:37:04.964690
2026-09-02,sroda,warszawa,Psi Patrol i dinozaury (dubbing),Multikino Wola,13:20,,dubbing,regular,2026-09-02T12:37:04.964690
2026-09-02,sroda,warszawa,Psi Patrol i dinozaury (dubbing),Multikino Wola,15:30,,dubbing,regular,2026-09-02T12:37:04.964690
2026-09-02,sroda,warszawa,Psi Patrol i dinozaury (dubbing),Multikino Wola,17:45,,dubbing,regular,2026-09-02T12:37:04.964690
2026-09-02,sroda,warszawa,Psi Patrol i dinozaury (dubbing),Multikino Złote Tarasy,10:55,,dubbing,regular,2026-09-02T12:37:04.964690
2026-09-02,sroda,warszawa,Psi Patrol i dinozaury (dubbing),Multikino Złote Tarasy,13:10,,dubbing,regular,2026-09-02T12:37:04.964690
2026-09-02,sroda,warszawa,Psi Patrol i dinozaury (dubbing),Multikino Złote Tarasy,15:20,,dubbing,regular,2026-09-02T12:37:04.964690
2026-09-02,sroda,warszawa,Psi Patrol i dinozaury (dubbing),Multikino Złote Tarasy,17:25,,dubbing,regular,2026-09-02T12:37:04.964690
2026-09-02,sroda,warszawa,Pucio kocha zwierzaki,Cinema City Warszawa Arkadia,10:20,,,regular,2026-09-02T12:37:04.964690
2026-09-02,sroda,warszawa,Pucio kocha zwierzaki,Cinema City Warszawa Arkadia,11:50,,,regular,2026-09-02T12:37:04.964690
2026-09-02,sroda,warszawa,Pucio kocha zwierzaki,Cinema City Warszawa Arkadia,15:40,,,regular,2026-09-02T12:37:04.964690
2026-09-02,sroda,warszawa,Pucio kocha zwierzaki,Cinema City Warszawa Bemowo,11:10,,,regular,2026-09-02T12:37:04.964690
2026-09-02,sroda,warszawa,Pucio kocha zwierzaki,Cinema City Warszawa Bemowo,12:15,,,regular,2026-09-02T12:37:04.964690
2026-09-02,sroda,warszawa,Pucio kocha zwierzaki,Cinema City Warszawa Bemowo,13:40,,,regular,2026-09-02T12:37:04.964690
2026-09-02,sroda,warszawa,Pucio kocha zwierzaki,Cinema City Warszawa Bemowo,15:10,,,regular,2026-09-02T12:37:04.964690
2026-09-02,sroda,warszawa,Pucio kocha zwierzaki,Cinema City Warszawa Galeria Mokotów,10:30,,,regular,2026-09-02T12:37:04.964690
2026-09-02,sroda,warszawa,Pucio kocha zwierzaki,Cinema City Warszawa Galeria Mokotów,12:00,,,regular,2026-09-02T12:37:04.964690
2026-09-02,sroda,warszawa,Pucio kocha zwierzaki,Cinema City Warszawa Galeria Mokotów,13:30,,,regular,2026-09-02T12:37:04.964690
2026-09-02,sroda,warszawa,Pucio kocha zwierzaki,Cinema City Warszawa Galeria Mokotów,15:00,,,regular,2026-09-02T12:37:04.964690
2026-09-02,sroda,warszawa,Pucio kocha zwierzaki,Cinema City Warszawa Galeria Mokotów,16:30,,,regular,2026-09-02T12:37:04.964690
2026-09-02,sroda,warszawa,Pucio kocha zwierzaki,Cinema City Warszawa Galeria Północna,11:00,,,regular,2026-09-02T12:37:04.964690
2026-09-02,sroda,warszawa,Pucio kocha zwierzaki,Cinema City Warszawa Galeria Północna,12:20,,,regular,2026-09-02T12:37:04.964690
2026-09-02,sroda,warszawa,Pucio kocha zwierzaki,Cinema City Warszawa Galeria Północna,13:50,,,regular,2026-09-02T12:37:04.964690
2026-09-02,sroda,warszawa,Pucio kocha zwierzaki,Cinema City Warszawa Galeria Północna,15:20,,,regular,2026-09-02T12:37:04.964690
2026-09-02,sroda,warszawa,Pucio kocha zwierzaki,Cinema City Warszawa Galeria Północna,16:50,,,regular,2026-09-02T12:37:04.964690
2026-09-02,sroda,warszawa,Pucio kocha zwierzaki,Cinema City Warszawa Promenada,10:20,,,regular,2026-09-02T12:37:04.964690
2026-09-02,sroda,warszawa,Pucio kocha zwierzaki,Cinema City Warszawa Promenada,12:30,,,regular,2026-09-02T12:37:04.964690
2026-09-02,sroda,warszawa,Pucio kocha zwierzaki,Cinema City Warszawa Promenada,14:00,,,regular,2026-09-02T12:37:04.964690
2026-09-02,sroda,warszawa,Pucio kocha zwierzaki,Cinema City Warszawa Promenada,15:30,,,regular,2026-09-02T12:37:04.964690
2026-09-02,sroda,warszawa,Pucio kocha zwierzaki,Cinema City Warszawa Promenada,17:00,,,regular,2026-09-02T12:37:04.964690
2026-09-02,sroda,warszawa,Pucio kocha zwierzaki,Cinema City Warszawa Sadyba,11:30,,,regular,2026-09-02T12:37:04.964690
2026-09-02,sroda,warszawa,Pucio kocha zwierzaki,Cinema City Warszawa Sadyba,12:50,,,regular,2026-09-02T12:37:04.964690
2026-09-02,sroda,warszawa,Pucio kocha zwierzaki,Cinema City Warszawa Sadyba,16:30,,,regular,2026-09-02T12:37:04.964690
2026-09-02,sroda,warszawa,Pucio kocha zwierzaki,Helios Warszawa Blue City,10:40,,,regular,2026-09-02T12:37:04.964690
2026-09-02,sroda,warszawa,Pucio kocha zwierzaki,Helios Warszawa Blue City,12:20,,,regular,2026-09-02T12:37:04.964690
2026-09-02,sroda,warszawa,Pucio kocha zwierzaki,Helios Warszawa Blue City,15:20,,,regular,2026-09-02T12:37:04.964690
2026-09-02,sroda,warszawa,Pucio kocha zwierzaki,Kino Głębocka 66 w Warszawie,11:00,,,regular,2026-09-02T12:37:04.964690
2026-09-02,sroda,warszawa,Pucio kocha zwierzaki,Kino Głębocka 66 w Warszawie,12:00,,,regular,2026-09-02T12:37:04.964690
2026-09-02,sroda,warszawa,Pucio kocha zwierzaki,Kino Głębocka 66 w Warszawie,13:00,,,regular,2026-09-02T12:37:04.964690
2026-09-02,sroda,warszawa,Pucio kocha zwierzaki,Kino na Boku - Białołęcki Ośrodek Kultury w Warszawie,14:15,,,regular,2026-09-02T12:37:04.964690
2026-09-02,sroda,warszawa,Pucio kocha zwierzaki,Kinokawiarnia Stacja Falenica w Warszawie,15:00,,,regular,2026-09-02T12:37:04.964690
2026-09-02,sroda,warszawa,Pucio kocha zwierzaki,Kinoteka w Warszawie,14:00,,,regular,2026-09-02T12:37:04.964690
2026-09-02,sroda,warszawa,Pucio kocha zwierzaki,Multikino Atrium Reduta w Warszawie,10:00,,,regular,2026-09-02T12:37:04.964690
2026-09-02,sroda,warszawa,Pucio kocha zwierzaki,Multikino Atrium Reduta w Warszawie,11:05,,,regular,2026-09-02T12:37:04.964690
2026-09-02,sroda,warszawa,Pucio kocha zwierzaki,Multikino Atrium Reduta w Warszawie,12:15,,,regular,2026-09-02T12:37:04.964690
2026-09-02,sroda,warszawa,Pucio kocha zwierzaki,Multikino Młociny,10:00,,,regular,2026-09-02T12:37:04.964690
2026-09-02,sroda,warszawa,Pucio kocha zwierzaki,Multikino Młociny,11:05,,,regular,2026-09-02T12:37:04.964690
2026-09-02,sroda,warszawa,Pucio kocha zwierzaki,Multikino Młociny,12:45,,,regular,2026-09-02T12:37:04.964690
2026-09-02,sroda,warszawa,Pucio kocha zwierzaki,Multikino Młociny,16:15,,,regular,2026-09-02T12:37:04.964690
2026-09-02,sroda,warszawa,Pucio kocha zwierzaki,Multikino Targówek,10:00,,,regular,2026-09-02T12:37:04.964690
2026-09-02,sroda,warszawa,Pucio kocha zwierzaki,Multikino Targówek,11:10,,,regular,2026-09-02T12:37:04.964690
2026-09-02,sroda,warszawa,Pucio kocha zwierzaki,Multikino Targówek,12:40,,,regular,2026-09-02T12:37:04.964690
2026-09-02,sroda,warszawa,Pucio kocha zwierzaki,Multikino Targówek,14:25,,,regular,2026-09-02T12:37:04.964690
2026-09-02,sroda,warszawa,Pucio kocha zwierzaki,Multikino Targówek,15:50,,,regular,2026-09-02T12:37:04.964690
2026-09-02,sroda,warszawa,Pucio kocha zwierzaki,Multikino Targówek,17:05,,,regular,2026-09-02T12:37:04.964690
2026-09-02,sroda,warszawa,Pucio kocha zwierzaki,Multikino Wola,10:15,,,regular,2026-09-02T12:37:04.964690
2026-09-02,sroda,warszawa,Pucio kocha zwierzaki,Multikino Wola,11:20,,,regular,2026-09-02T12:37:04.964690
2026-09-02,sroda,warszawa,Pucio kocha zwierzaki,Multikino Wola,12:30,,,regular,2026-09-02T12:37:04.964690
2026-09-02,sroda,warszawa,Pucio kocha zwierzaki,Multikino Złote Tarasy,10:20,,,regular,2026-09-02T12:37:04.964690
2026-09-02,sroda,warszawa,Pucio kocha zwierzaki,Multikino Złote Tarasy,11:30,,,regular,2026-09-02T12:37:04.964690
2026-09-02,sroda,warszawa,Pucio kocha zwierzaki,Multikino Złote Tarasy,12:40,,,regular,2026-09-02T12:37:04.964690
2026-09-02,sroda,warszawa,Requiem dla snu,Kino Muranów w Warszawie,20:30,,,regular,2026-09-02T12:37:04.964690
2026-09-02,sroda,warszawa,Spider-Man. Całkiem nowy dzień,Cinema City Warszawa Arkadia,11:10,,,regular,2026-09-02T12:37:04.964690
2026-09-02,sroda,warszawa,Spider-Man. Całkiem nowy dzień,Cinema City Warszawa Arkadia,14:20,,,regular,2026-09-02T12:37:04.964690
2026-09-02,sroda,warszawa,Spider-Man. Całkiem nowy dzień,Cinema City Warszawa Arkadia,18:50,,,regular,2026-09-02T12:37:04.964690
2026-09-02,sroda,warszawa,Spider-Man. Całkiem nowy dzień,Cinema City Warszawa Arkadia,20:50,,,regular,2026-09-02T12:37:04.964690
2026-09-02,sroda,warszawa,Spider-Man. Całkiem nowy dzień,Cinema City Warszawa Arkadia,22:00,,,regular,2026-09-02T12:37:04.964690
2026-09-02,sroda,warszawa,Spider-Man. Całkiem nowy dzień,Cinema City Warszawa Bemowo,13:50,,,regular,2026-09-02T12:37:04.964690
2026-09-02,sroda,warszawa,Spider-Man. Całkiem nowy dzień,Cinema City Warszawa Bemowo,16:40,,,regular,2026-09-02T12:37:04.964690
2026-09-02,sroda,warszawa,Spider-Man. Całkiem nowy dzień,Cinema City Warszawa Bemowo,20:20,,,regular,2026-09-02T12:37:04.964690
2026-09-02,sroda,warszawa,Spider-Man. Całkiem nowy dzień,Cinema City Warszawa Bemowo,21:30,,,regular,2026-09-02T12:37:04.964690
2026-09-02,sroda,warszawa,Spider-Man. Całkiem nowy dzień,Cinema City Warszawa Galeria Mokotów,10:30,,,regular,2026-09-02T12:37:04.964690
2026-09-02,sroda,warszawa,Spider-Man. Całkiem nowy dzień,Cinema City Warszawa Galeria Mokotów,13:00,,,regular,2026-09-02T12:37:04.964690
2026-09-02,sroda,warszawa,Spider-Man. Całkiem nowy dzień,Cinema City Warszawa Galeria Mokotów,13:30,,,regular,2026-09-02T12:37:04.964690
2026-09-02,sroda,warszawa,Spider-Man. Całkiem nowy dzień,Cinema City Warszawa Galeria Mokotów,18:30,,,regular,2026-09-02T12:37:04.964690
2026-09-02,sroda,warszawa,Spider-Man. Całkiem nowy dzień,Cinema City Warszawa Galeria Mokotów,20:00,,,regular,2026-09-02T12:37:04.964690
2026-09-02,sroda,warszawa,Spider-Man. Całkiem nowy dzień,Cinema City Warszawa Galeria Mokotów,21:40,,,regular,2026-09-02T12:37:04.964690
2026-09-02,sroda,warszawa,Spider-Man. Całkiem nowy dzień,Cinema City Warszawa Galeria Północna,11:40,,,regular,2026-09-02T12:37:04.964690
2026-09-02,sroda,warszawa,Spider-Man. Całkiem nowy dzień,Cinema City Warszawa Galeria Północna,19:20,,,regular,2026-09-02T12:37:04.964690
2026-09-02,sroda,warszawa,Spider-Man. Całkiem nowy dzień,Cinema City Warszawa Promenada,14:20,,,regular,2026-09-02T12:37:04.964690
2026-09-02,sroda,warszawa,Spider-Man. Całkiem nowy dzień,Cinema City Warszawa Promenada,17:30,,,regular,2026-09-02T12:37:04.964690
2026-09-02,sroda,warszawa,Spider-Man. Całkiem nowy dzień,Cinema City Warszawa Promenada,20:00,,,regular,2026-09-02T12:37:04.964690
2026-09-02,sroda,warszawa,Spider-Man. Całkiem nowy dzień,Cinema City Warszawa Promenada,22:00,,,regular,2026-09-02T12:37:04.964690
2026-09-02,sroda,warszawa,Spider-Man. Całkiem nowy dzień,Cinema City Warszawa Sadyba,11:00,,,regular,2026-09-02T12:37:04.964690
2026-09-02,sroda,warszawa,Spider-Man. Całkiem nowy dzień,Cinema City Warszawa Sadyba,14:10,,,regular,2026-09-02T12:37:04.964690
2026-09-02,sroda,warszawa,Spider-Man. Całkiem nowy dzień,Cinema City Warszawa Sadyba,17:20,,,regular,2026-09-02T12:37:04.964690
2026-09-02,sroda,warszawa,Spider-Man. Całkiem nowy dzień,Cinema City Warszawa Sadyba,20:20,,,regular,2026-09-02T12:37:04.964690
2026-09-02,sroda,warszawa,Spider-Man. Całkiem nowy dzień,Cinema City Warszawa Sadyba,20:45,,,regular,2026-09-02T12:37:04.964690
2026-09-02,sroda,warszawa,Spider-Man. Całkiem nowy dzień,Cinema City Warszawa Sadyba,21:40,,,regular,2026-09-02T12:37:04.964690
2026-09-02,sroda,warszawa,Spider-Man. Całkiem nowy dzień,Helios Warszawa Blue City,10:00,,,regular,2026-09-02T12:37:04.964690
2026-09-02,sroda,warszawa,Spider-Man. Całkiem nowy dzień,Helios Warszawa Blue City,11:15,,,regular,2026-09-02T12:37:04.964690
2026-09-02,sroda,warszawa,Spider-Man. Całkiem nowy dzień,Helios Warszawa Blue City,12:40,,,regular,2026-09-02T12:37:04.964690
2026-09-02,sroda,warszawa,Spider-Man. Całkiem nowy dzień,Helios Warszawa Blue City,14:20,,,regular,2026-09-02T12:37:04.964690
2026-09-02,sroda,warszawa,Spider-Man. Całkiem nowy dzień,Helios Warszawa Blue City,17:00,,,regular,2026-09-02T12:37:04.964690
2026-09-02,sroda,warszawa,Spider-Man. Całkiem nowy dzień,Helios Warszawa Blue City,20:45,,,regular,2026-09-02T12:37:04.964690
2026-09-02,sroda,warszawa,Spider-Man. Całkiem nowy dzień,KinoGram w Warszawie,17:30,,,regular,2026-09-02T12:37:04.964690
2026-09-02,sroda,warszawa,Spider-Man. Całkiem nowy dzień,KinoGram w Warszawie,20:45,,,regular,2026-09-02T12:37:04.964690
2026-09-02,sroda,warszawa,Spider-Man. Całkiem nowy dzień,Kinoteka w Warszawie,15:00,,,regular,2026-09-02T12:37:04.964690
2026-09-02,sroda,warszawa,Spider-Man. Całkiem nowy dzień,Kinoteka w Warszawie,18:00,,,regular,2026-09-02T12:37:04.964690
2026-09-02,sroda,warszawa,Spider-Man. Całkiem nowy dzień,Multikino Atrium Reduta w Warszawie,13:05,,,regular,2026-09-02T12:37:04.964690
2026-09-02,sroda,warszawa,Spider-Man. Całkiem nowy dzień,Multikino Atrium Reduta w Warszawie,16:15,,,regular,2026-09-02T12:37:04.964690
2026-09-02,sroda,warszawa,Spider-Man. Całkiem nowy dzień,Multikino Atrium Reduta w Warszawie,19:25,,,regular,2026-09-02T12:37:04.964690
2026-09-02,sroda,warszawa,Spider-Man. Całkiem nowy dzień,Multikino Młociny,10:00,,,regular,2026-09-02T12:37:04.964690
2026-09-02,sroda,warszawa,Spider-Man. Całkiem nowy dzień,Multikino Młociny,13:10,,,regular,2026-09-02T12:37:04.964690
2026-09-02,sroda,warszawa,Spider-Man. Całkiem nowy dzień,Multikino Młociny,16:25,,,regular,2026-09-02T12:37:04.964690
2026-09-02,sroda,warszawa,Spider-Man. Całkiem nowy dzień,Multikino Młociny,17:25,,,regular,2026-09-02T12:37:04.964690
2026-09-02,sroda,warszawa,Spider-Man. Całkiem nowy dzień,Multikino Młociny,19:40,,,regular,2026-09-02T12:37:04.964690
2026-09-02,sroda,warszawa,Spider-Man. Całkiem nowy dzień,Multikino Młociny,20:30,,,regular,2026-09-02T12:37:04.964690
2026-09-02,sroda,warszawa,Spider-Man. Całkiem nowy dzień,Multikino Targówek,11:00,,,regular,2026-09-02T12:37:04.964690
2026-09-02,sroda,warszawa,Spider-Man. Całkiem nowy dzień,Multikino Targówek,17:30,,,regular,2026-09-02T12:37:04.964690
2026-09-02,sroda,warszawa,Spider-Man. Całkiem nowy dzień,Multikino Targówek,20:45,,,regular,2026-09-02T12:37:04.964690
2026-09-02,sroda,warszawa,Spider-Man. Całkiem nowy dzień,Multikino Wola,16:00,,,regular,2026-09-02T12:37:04.964690
2026-09-02,sroda,warszawa,Spider-Man. Całkiem nowy dzień,Multikino Wola,19:10,,,regular,2026-09-02T12:37:04.964690
2026-09-02,sroda,warszawa,Spider-Man. Całkiem nowy dzień,Multikino Złote Tarasy,10:00,,,regular,2026-09-02T12:37:04.964690
2026-09-02,sroda,warszawa,Spider-Man. Całkiem nowy dzień,Multikino Złote Tarasy,13:15,,,regular,2026-09-02T12:37:04.964690
2026-09-02,sroda,warszawa,Spider-Man. Całkiem nowy dzień,Multikino Złote Tarasy,16:30,,,regular,2026-09-02T12:37:04.964690
2026-09-02,sroda,warszawa,Spider-Man. Całkiem nowy dzień,Multikino Złote Tarasy,17:30,,,regular,2026-09-02T12:37:04.964690
2026-09-02,sroda,warszawa,Spider-Man. Całkiem nowy dzień,Multikino Złote Tarasy,19:45,,,regular,2026-09-02T12:37:04.964690
2026-09-02,sroda,warszawa,Spider-Man. Całkiem nowy dzień,Multikino Złote Tarasy,20:45,,,regular,2026-09-02T12:37:04.964690
2026-09-02,sroda,warszawa,Spider-Man. Całkiem nowy dzień (dubbing),Cinema City Warszawa Arkadia,11:40,,dubbing,regular,2026-09-02T12:37:04.964690
2026-09-02,sroda,warszawa,Spider-Man. Całkiem nowy dzień (dubbing),Cinema City Warszawa Arkadia,14:50,,dubbing,regular,2026-09-02T12:37:04.964690
2026-09-02,sroda,warszawa,Spider-Man. Całkiem nowy dzień (dubbing),Cinema City Warszawa Arkadia,15:40,,dubbing,regular,2026-09-02T12:37:04.964690
2026-09-02,sroda,warszawa,Spider-Man. Całkiem nowy dzień (dubbing),Cinema City Warszawa Arkadia,18:00,,dubbing,regular,2026-09-02T12:37:04.964690
2026-09-02,sroda,warszawa,Spider-Man. Całkiem nowy dzień (dubbing),Cinema City Warszawa Bemowo,12:10,,dubbing,regular,2026-09-02T12:37:04.964690
2026-09-02,sroda,warszawa,Spider-Man. Całkiem nowy dzień (dubbing),Cinema City Warszawa Bemowo,15:15,,dubbing,regular,2026-09-02T12:37:04.964690
2026-09-02,sroda,warszawa,Spider-Man. Całkiem nowy dzień (dubbing),Cinema City Warszawa Bemowo,18:20,,dubbing,regular,2026-09-02T12:37:04.964690
2026-09-02,sroda,warszawa,Spider-Man. Całkiem nowy dzień (dubbing),Cinema City Warszawa Galeria Mokotów,10:00,,dubbing,regular,2026-09-02T12:37:04.964690
2026-09-02,sroda,warszawa,Spider-Man. Całkiem nowy dzień (dubbing),Cinema City Warszawa Galeria Mokotów,13:10,,dubbing,regular,2026-09-02T12:37:04.964690
2026-09-02,sroda,warszawa,Spider-Man. Całkiem nowy dzień (dubbing),Cinema City Warszawa Galeria Mokotów,16:20,,dubbing,regular,2026-09-02T12:37:04.964690
2026-09-02,sroda,warszawa,Spider-Man. Całkiem nowy dzień (dubbing),Cinema City Warszawa Galeria Północna,13:20,,dubbing,regular,2026-09-02T12:37:04.964690
2026-09-02,sroda,warszawa,Spider-Man. Całkiem nowy dzień (dubbing),Cinema City Warszawa Galeria Północna,16:20,,dubbing,regular,2026-09-02T12:37:04.964690
2026-09-02,sroda,warszawa,Spider-Man. Całkiem nowy dzień (dubbing),Cinema City Warszawa Promenada,11:10,,dubbing,regular,2026-09-02T12:37:04.964690
2026-09-02,sroda,warszawa,Spider-Man. Całkiem nowy dzień (dubbing),Cinema City Warszawa Promenada,12:40,,dubbing,regular,2026-09-02T12:37:04.964690
2026-09-02,sroda,warszawa,Spider-Man. Całkiem nowy dzień (dubbing),Cinema City Warszawa Promenada,15:50,,dubbing,regular,2026-09-02T12:37:04.964690
2026-09-02,sroda,warszawa,Spider-Man. Całkiem nowy dzień (dubbing),Cinema City Warszawa Promenada,19:00,,dubbing,regular,2026-09-02T12:37:04.964690
2026-09-02,sroda,warszawa,Spider-Man. Całkiem nowy dzień (dubbing),Cinema City Warszawa Sadyba,11:10,,dubbing,regular,2026-09-02T12:37:04.964690
2026-09-02,sroda,warszawa,Spider-Man. Całkiem nowy dzień (dubbing),Cinema City Warszawa Sadyba,12:10,,dubbing,regular,2026-09-02T12:37:04.964690
2026-09-02,sroda,warszawa,Spider-Man. Całkiem nowy dzień (dubbing),Cinema City Warszawa Sadyba,15:20,,dubbing,regular,2026-09-02T12:37:04.964690
2026-09-02,sroda,warszawa,Spider-Man. Całkiem nowy dzień (dubbing),Cinema City Warszawa Sadyba,18:30,,dubbing,regular,2026-09-02T12:37:04.964690
2026-09-02,sroda,warszawa,Spider-Man. Całkiem nowy dzień (dubbing),Multikino Atrium Reduta w Warszawie,10:00,,dubbing,regular,2026-09-02T12:37:04.964690
2026-09-02,sroda,warszawa,Spider-Man. Całkiem nowy dzień (dubbing),Multikino Atrium Reduta w Warszawie,11:00,,dubbing,regular,2026-09-02T12:37:04.964690
2026-09-02,sroda,warszawa,Spider-Man. Całkiem nowy dzień (dubbing),Multikino Atrium Reduta w Warszawie,14:15,,dubbing,regular,2026-09-02T12:37:04.964690
2026-09-02,sroda,warszawa,Spider-Man. Całkiem nowy dzień (dubbing),Multikino Atrium Reduta w Warszawie,17:30,,dubbing,regular,2026-09-02T12:37:04.964690
2026-09-02,sroda,warszawa,Spider-Man. Całkiem nowy dzień (dubbing),Multikino Młociny,10:55,,dubbing,regular,2026-09-02T12:37:04.964690
2026-09-02,sroda,warszawa,Spider-Man. Całkiem nowy dzień (dubbing),Multikino Targówek,10:00,,dubbing,regular,2026-09-02T12:37:04.964690
2026-09-02,sroda,warszawa,Spider-Man. Całkiem nowy dzień (dubbing),Multikino Targówek,11:50,,dubbing,regular,2026-09-02T12:37:04.964690
2026-09-02,sroda,warszawa,Spider-Man. Całkiem nowy dzień (dubbing),Multikino Targówek,13:15,,dubbing,regular,2026-09-02T12:37:04.964690
2026-09-02,sroda,warszawa,Spider-Man. Całkiem nowy dzień (dubbing),Multikino Targówek,15:05,,dubbing,regular,2026-09-02T12:37:04.964690
2026-09-02,sroda,warszawa,Spider-Man. Całkiem nowy dzień (dubbing),Multikino Targówek,16:30,,dubbing,regular,2026-09-02T12:37:04.964690
2026-09-02,sroda,warszawa,Spider-Man. Całkiem nowy dzień (dubbing),Multikino Targówek,18:20,,dubbing,regular,2026-09-02T12:37:04.964690
2026-09-02,sroda,warszawa,Spider-Man. Całkiem nowy dzień (dubbing),Multikino Targówek,19:45,,dubbing,regular,2026-09-02T12:37:04.964690
2026-09-02,sroda,warszawa,Spider-Man. Całkiem nowy dzień (dubbing),Multikino Wola,10:10,,dubbing,regular,2026-09-02T12:37:04.964690
2026-09-02,sroda,warszawa,Spider-Man. Całkiem nowy dzień (dubbing),Multikino Wola,11:00,,dubbing,regular,2026-09-02T12:37:04.964690
2026-09-02,sroda,warszawa,Spider-Man. Całkiem nowy dzień (dubbing),Multikino Wola,12:50,,dubbing,regular,2026-09-02T12:37:04.964690
2026-09-02,sroda,warszawa,Spider-Man. Całkiem nowy dzień (dubbing),Multikino Wola,14:15,,dubbing,regular,2026-09-02T12:37:04.964690
2026-09-02,sroda,warszawa,Spider-Man. Całkiem nowy dzień (dubbing),Multikino Wola,17:30,,dubbing,regular,2026-09-02T12:37:04.964690
2026-09-02,sroda,warszawa,Spider-Man. Całkiem nowy dzień (dubbing),Multikino Złote Tarasy,11:00,,dubbing,regular,2026-09-02T12:37:04.964690
2026-09-02,sroda,warszawa,Spider-Man. Całkiem nowy dzień (dubbing),Multikino Złote Tarasy,14:15,,dubbing,regular,2026-09-02T12:37:04.964690
2026-09-02,sroda,warszawa,Spider-Man. Całkiem nowy dzień 3D,Cinema City Warszawa Galeria Mokotów,15:20,3D,,regular,2026-09-02T12:37:04.964690
2026-09-02,sroda,warszawa,Spider-Man. Całkiem nowy dzień 3D,Cinema City Warszawa Sadyba,17:40,3D,,regular,2026-09-02T12:37:04.964690
2026-09-02,sroda,warszawa,Spider-Man. Całkiem nowy dzień 3D (dubbing),Cinema City Warszawa Arkadia,11:00,3D,dubbing,regular,2026-09-02T12:37:04.964690
2026-09-02,sroda,warszawa,Spider-Man. Całkiem nowy dzień 3D (dubbing),Cinema City Warszawa Arkadia,13:30,3D,dubbing,regular,2026-09-02T12:37:04.964690
2026-09-02,sroda,warszawa,Spider-Man. Całkiem nowy dzień 3D (dubbing),Cinema City Warszawa Arkadia,16:40,3D,dubbing,regular,2026-09-02T12:37:04.964690
2026-09-02,sroda,warszawa,Spider-Man. Całkiem nowy dzień 3D (dubbing),Cinema City Warszawa Galeria Mokotów,12:10,3D,dubbing,regular,2026-09-02T12:37:04.964690
2026-09-02,sroda,warszawa,Spider-Man. Całkiem nowy dzień 3D (dubbing),Cinema City Warszawa Sadyba,14:30,3D,dubbing,regular,2026-09-02T12:37:04.964690
2026-09-02,sroda,warszawa,Spider-Man. Całkiem nowy dzień 3D (dubbing),Multikino Młociny,14:10,3D,dubbing,regular,2026-09-02T12:37:04.964690
2026-09-02,sroda,warszawa,Sunny Dancer,Cinema City Warszawa Arkadia,15:30,,,regular,2026-09-02T12:37:04.964690
2026-09-02,sroda,warszawa,Sunny Dancer,Cinema City Warszawa Arkadia,17:20,,,regular,2026-09-02T12:37:04.964690
2026-09-02,sroda,warszawa,Sunny Dancer,Cinema City Warszawa Arkadia,19:50,,,regular,2026-09-02T12:37:04.964690
2026-09-02,sroda,warszawa,Sunny Dancer,Cinema City Warszawa Bemowo,19:20,,,regular,2026-09-02T12:37:04.964690
2026-09-02,sroda,warszawa,Sunny Dancer,Cinema City Warszawa Galeria Mokotów,19:30,,,regular,2026-09-02T12:37:04.964690
2026-09-02,sroda,warszawa,Sunny Dancer,Cinema City Warszawa Galeria Północna,18:50,,,regular,2026-09-02T12:37:04.964690
2026-09-02,sroda,warszawa,Sunny Dancer,Cinema City Warszawa Galeria Północna,21:20,,,regular,2026-09-02T12:37:04.964690
2026-09-02,sroda,warszawa,Sunny Dancer,Cinema City Warszawa Promenada,17:20,,,regular,2026-09-02T12:37:04.964690
2026-09-02,sroda,warszawa,Sunny Dancer,Cinema City Warszawa Promenada,19:45,,,regular,2026-09-02T12:37:04.964690
2026-09-02,sroda,warszawa,Sunny Dancer,Cinema City Warszawa Sadyba,19:20,,,regular,2026-09-02T12:37:04.964690
2026-09-02,sroda,warszawa,Sunny Dancer,Cinema City Warszawa Sadyba,21:45,,,regular,2026-09-02T12:37:04.964690
2026-09-02,sroda,warszawa,Sunny Dancer,Kino Iluzjon - Muzeum Sztuki Filmowej w Warszawie,20:15,,,regular,2026-09-02T12:37:04.964690
2026-09-02,sroda,warszawa,Sunny Dancer,Kinoteka w Warszawie,20:30,,,regular,2026-09-02T12:37:04.964690
2026-09-02,sroda,warszawa,Sunny Dancer,Multikino Targówek,11:25,,,regular,2026-09-02T12:37:04.964690
2026-09-02,sroda,warszawa,Sunny Dancer,NoveKino Wisła w Warszawie,15:45,,,regular,2026-09-02T12:37:04.964690
2026-09-02,sroda,warszawa,Sunny Dancer,U–jazdowski kino,18:00,,,regular,2026-09-02T12:37:04.964690
2026-09-02,sroda,warszawa,Ścieżki życia (lektor),Kinokawiarnia Stacja Falenica w Warszawie,16:00,,lektor,regular,2026-09-02T12:37:04.964690
2026-09-02,sroda,warszawa,Śledząc,AMONDO Kino w Warszawie,17:30,,,regular,2026-09-02T12:37:04.964690
2026-09-02,sroda,warszawa,Śledząc,Kino Muranów w Warszawie,16:45,,,regular,2026-09-02T12:37:04.964690
2026-09-02,sroda,warszawa,Terminator 2: Dzień sądu,Cinema City Warszawa Arkadia,15:30,,,regular,2026-09-02T12:37:04.964690
2026-09-02,sroda,warszawa,Terminator 2: Dzień sądu,Cinema City Warszawa Arkadia,16:50,,,regular,2026-09-02T12:37:04.964690
2026-09-02,sroda,warszawa,Terminator 2: Dzień sądu,Cinema City Warszawa Arkadia,18:30,,,regular,2026-09-02T12:37:04.964690
2026-09-02,sroda,warszawa,Terminator 2: Dzień sądu,Cinema City Warszawa Arkadia,21:30,,,regular,2026-09-02T12:37:04.964690
2026-09-02,sroda,warszawa,Terminator 2: Dzień sądu,Cinema City Warszawa Bemowo,19:30,,,regular,2026-09-02T12:37:04.964690
2026-09-02,sroda,warszawa,Terminator 2: Dzień sądu,Cinema City Warszawa Galeria Mokotów,17:30,,,regular,2026-09-02T12:37:04.964690
2026-09-02,sroda,warszawa,Terminator 2: Dzień sądu,Cinema City Warszawa Galeria Mokotów,20:30,,,regular,2026-09-02T12:37:04.964690
2026-09-02,sroda,warszawa,Terminator 2: Dzień sądu,Cinema City Warszawa Galeria Północna,19:30,,,regular,2026-09-02T12:37:04.964690
2026-09-02,sroda,warszawa,Terminator 2: Dzień sądu,Cinema City Warszawa Promenada,16:00,,,regular,2026-09-02T12:37:04.964690
2026-09-02,sroda,warszawa,Terminator 2: Dzień sądu,Cinema City Warszawa Promenada,19:00,,,regular,2026-09-02T12:37:04.964690
2026-09-02,sroda,warszawa,Terminator 2: Dzień sądu,Cinema City Warszawa Sadyba,15:30,,,regular,2026-09-02T12:37:04.964690
2026-09-02,sroda,warszawa,Terminator 2: Dzień sądu,Cinema City Warszawa Sadyba,18:30,,,regular,2026-09-02T12:37:04.964690
2026-09-02,sroda,warszawa,Terminator 2: Dzień sądu,Helios Warszawa Blue City,18:00,,,regular,2026-09-02T12:37:04.964690
2026-09-02,sroda,warszawa,Terminator 2: Dzień sądu,Multikino Atrium Reduta w Warszawie,20:30,,,regular,2026-09-02T12:37:04.964690
2026-09-02,sroda,warszawa,Terminator 2: Dzień sądu,Multikino Młociny,15:45,,,regular,2026-09-02T12:37:04.964690
2026-09-02,sroda,warszawa,Terminator 2: Dzień sądu,Multikino Młociny,20:20,,,regular,2026-09-02T12:37:04.964690
2026-09-02,sroda,warszawa,Terminator 2: Dzień sądu,Multikino Targówek,14:45,,,regular,2026-09-02T12:37:04.964690
2026-09-02,sroda,warszawa,Terminator 2: Dzień sądu,Multikino Targówek,20:20,,,regular,2026-09-02T12:37:04.964690
2026-09-02,sroda,warszawa,Terminator 2: Dzień sądu,Multikino Wola,14:15,,,regular,2026-09-02T12:37:04.964690
2026-09-02,sroda,warszawa,Terminator 2: Dzień sądu,Multikino Wola,20:30,,,regular,2026-09-02T12:37:04.964690
2026-09-02,sroda,warszawa,Terminator 2: Dzień sądu,Multikino Złote Tarasy,20:10,,,regular,2026-09-02T12:37:04.964690
2026-09-02,sroda,warszawa,Tony,Kino Atlantic w Warszawie,18:00,,,regular,2026-09-02T12:37:04.964690
2026-09-02,sroda,warszawa,Toy Story 5 (dubbing),Cinema City Warszawa Arkadia,11:10,,dubbing,regular,2026-09-02T12:37:04.964690
2026-09-02,sroda,warszawa,Toy Story 5 (dubbing),Cinema City Warszawa Bemowo,11:30,,dubbing,regular,2026-09-02T12:37:04.964690
2026-09-02,sroda,warszawa,Toy Story 5 (dubbing),Cinema City Warszawa Galeria Mokotów,10:00,,dubbing,regular,2026-09-02T12:37:04.964690
2026-09-02,sroda,warszawa,Toy Story 5 (dubbing),Cinema City Warszawa Galeria Północna,12:30,,dubbing,regular,2026-09-02T12:37:04.964690
2026-09-02,sroda,warszawa,Toy Story 5 (dubbing),Cinema City Warszawa Promenada,10:15,,dubbing,regular,2026-09-02T12:37:04.964690
2026-09-02,sroda,warszawa,Toy Story 5 (dubbing),Cinema City Warszawa Promenada,11:30,,dubbing,regular,2026-09-02T12:37:04.964690
2026-09-02,sroda,warszawa,Toy Story 5 (dubbing),Cinema City Warszawa Sadyba,11:00,,dubbing,regular,2026-09-02T12:37:04.964690
2026-09-02,sroda,warszawa,Toy Story 5 (dubbing),Cinema City Warszawa Sadyba,13:20,,dubbing,regular,2026-09-02T12:37:04.964690
2026-09-02,sroda,warszawa,Toy Story 5 (dubbing),Cinema City Warszawa Sadyba,15:50,,dubbing,regular,2026-09-02T12:37:04.964690
2026-09-02,sroda,warszawa,Toy Story 5 (dubbing),Multikino Targówek,10:15,,dubbing,regular,2026-09-02T12:37:04.964690
2026-09-02,sroda,warszawa,Tylko jedna noc,Cinema City Warszawa Arkadia,13:10,,,regular,2026-09-02T12:37:04.964690
2026-09-02,sroda,warszawa,Tylko jedna noc,Cinema City Warszawa Arkadia,20:50,,,regular,2026-09-02T12:37:04.964690
2026-09-02,sroda,warszawa,Tylko jedna noc,Cinema City Warszawa Bemowo,21:50,,,regular,2026-09-02T12:37:04.964690
2026-09-02,sroda,warszawa,Tylko jedna noc,Cinema City Warszawa Galeria Mokotów,18:50,,,regular,2026-09-02T12:37:04.964690
2026-09-02,sroda,warszawa,Tylko jedna noc,Cinema City Warszawa Galeria Mokotów,21:20,,,regular,2026-09-02T12:37:04.964690
2026-09-02,sroda,warszawa,Tylko jedna noc,Cinema City Warszawa Galeria Północna,11:00,,,regular,2026-09-02T12:37:04.964690
2026-09-02,sroda,warszawa,Tylko jedna noc,Cinema City Warszawa Galeria Północna,12:40,,,regular,2026-09-02T12:37:04.964690
2026-09-02,sroda,warszawa,Tylko jedna noc,Cinema City Warszawa Galeria Północna,17:30,,,regular,2026-09-02T12:37:04.964690
2026-09-02,sroda,warszawa,Tylko jedna noc,Cinema City Warszawa Promenada,12:45,,,regular,2026-09-02T12:37:04.964690
2026-09-02,sroda,warszawa,Tylko jedna noc,Cinema City Warszawa Sadyba,16:20,,,regular,2026-09-02T12:37:04.964690
2026-09-02,sroda,warszawa,Tylko jedna noc,Kinoteka w Warszawie,16:40,,,regular,2026-09-02T12:37:04.964690
2026-09-02,sroda,warszawa,Tylko jedna noc,Multikino Młociny,10:55,,,regular,2026-09-02T12:37:04.964690
2026-09-02,sroda,warszawa,Tylko jedna noc,Multikino Targówek,21:25,,,regular,2026-09-02T12:37:04.964690
2026-09-02,sroda,warszawa,Tylko jedna noc,Multikino Złote Tarasy,13:00,,,regular,2026-09-02T12:37:04.964690
2026-09-02,sroda,warszawa,Tylko kochankowie przeżyją,Kino Muranów w Warszawie,22:30,,,regular,2026-09-02T12:37:04.964690
2026-09-02,sroda,warszawa,Vaiana (dubbing),Cinema City Warszawa Arkadia,10:00,,dubbing,regular,2026-09-02T12:37:04.964690
2026-09-02,sroda,warszawa,Vaiana (dubbing),Cinema City Warszawa Bemowo,11:20,,dubbing,regular,2026-09-02T12:37:04.964690
2026-09-02,sroda,warszawa,Vaiana (dubbing),Cinema City Warszawa Promenada,10:40,,dubbing,regular,2026-09-02T12:37:04.964690
2026-09-02,sroda,warszawa,Vaiana (dubbing),Cinema City Warszawa Promenada,13:20,,dubbing,regular,2026-09-02T12:37:04.964690
2026-09-02,sroda,warszawa,Vaiana (dubbing),Cinema City Warszawa Sadyba,12:00,,dubbing,regular,2026-09-02T12:37:04.964690
2026-09-02,sroda,warszawa,Vaiana (dubbing),Multikino Targówek,10:40,,dubbing,regular,2026-09-02T12:37:04.964690
2026-09-02,sroda,warszawa,Vivaldi i ja,Cinema City Warszawa Arkadia,10:50,,,regular,2026-09-02T12:37:04.964690
2026-09-02,sroda,warszawa,Vivaldi i ja,Cinema City Warszawa Bemowo,14:00,,,regular,2026-09-02T12:37:04.964690
2026-09-02,sroda,warszawa,Vivaldi i ja,Cinema City Warszawa Promenada,12:10,,,regular,2026-09-02T12:37:04.964690
2026-09-02,sroda,warszawa,Vivaldi i ja,Kino Atlantic w Warszawie,11:00,,,regular,2026-09-02T12:37:04.964690
2026-09-02,sroda,warszawa,Vivaldi i ja,Kino Atlantic w Warszawie,15:30,,,regular,2026-09-02T12:37:04.964690
2026-09-02,sroda,warszawa,Vivaldi i ja,Kino Głębocka 66 w Warszawie,18:00,,,regular,2026-09-02T12:37:04.964690
2026-09-02,sroda,warszawa,Vivaldi i ja,Kino Kultura w Warszawie,20:15,,,regular,2026-09-02T12:37:04.964690
2026-09-02,sroda,warszawa,Vivaldi i ja,Kino na Boku - Białołęcki Ośrodek Kultury w Warszawie,17:30,,,regular,2026-09-02T12:37:04.964690
2026-09-02,sroda,warszawa,Vivaldi i ja,Kinokawiarnia Stacja Falenica w Warszawie,18:00,,,regular,2026-09-02T12:37:04.964690
2026-09-02,sroda,warszawa,Vivaldi i ja,Kinoteka w Warszawie,19:10,,,regular,2026-09-02T12:37:04.964690
2026-09-02,sroda,warszawa,Vivaldi i ja,NoveKino Wisła w Warszawie,11:30,,,regular,2026-09-02T12:37:04.964690
2026-09-02,sroda,warszawa,Vivaldi i ja,NoveKino Wisła w Warszawie,18:00,,,regular,2026-09-02T12:37:04.964690
2026-09-02,sroda,warszawa,Wielkie piękno,NoveKino Wisła w Warszawie,20:00,,,regular,2026-09-02T12:37:04.964690
2026-09-02,sroda,warszawa,Wrong Girls,Cinema City Warszawa Arkadia,15:50,,,regular,2026-09-02T12:37:04.964690
2026-09-02,sroda,warszawa,Wrong Girls,Cinema City Warszawa Arkadia,18:20,,,regular,2026-09-02T12:37:04.964690
2026-09-02,sroda,warszawa,Wrong Girls,Cinema City Warszawa Bemowo,16:20,,,regular,2026-09-02T12:37:04.964690
2026-09-02,sroda,warszawa,Wrong Girls,Cinema City Warszawa Galeria Północna,18:10,,,regular,2026-09-02T12:37:04.964690
2026-09-02,sroda,warszawa,Wrong Girls,Cinema City Warszawa Galeria Północna,22:00,,,regular,2026-09-02T12:37:04.964690
2026-09-02,sroda,warszawa,Wrong Girls,Cinema City Warszawa Promenada,16:20,,,regular,2026-09-02T12:37:04.964690
2026-09-02,sroda,warszawa,Wrong Girls,Cinema City Warszawa Sadyba,17:00,,,regular,2026-09-02T12:37:04.964690
2026-09-02,sroda,warszawa,Wrong Girls,Kinoteka w Warszawie,21:00,,,regular,2026-09-02T12:37:04.964690
2026-09-02,sroda,warszawa,Wszyscy moi wrogowie,Cinema City Warszawa Arkadia,12:50,,,regular,2026-09-02T12:37:04.964690
2026-09-02,sroda,warszawa,Wszyscy moi wrogowie,Cinema City Warszawa Arkadia,20:40,,,regular,2026-09-02T12:37:04.964690
2026-09-02,sroda,warszawa,Wszyscy moi wrogowie,Cinema City Warszawa Bemowo,21:10,,,regular,2026-09-02T12:37:04.964690
2026-09-02,sroda,warszawa,Wszyscy moi wrogowie,Cinema City Warszawa Galeria Północna,18:20,,,regular,2026-09-02T12:37:04.964690
2026-09-02,sroda,warszawa,Wszyscy moi wrogowie,Cinema City Warszawa Galeria Północna,21:20,,,regular,2026-09-02T12:37:04.964690
2026-09-02,sroda,warszawa,Wszyscy moi wrogowie,Cinema City Warszawa Promenada,13:10,,,regular,2026-09-02T12:37:04.964690
2026-09-02,sroda,warszawa,Zaproszenie,Cinema City Warszawa Bemowo,15:30,,,regular,2026-09-02T12:37:04.964690
2026-09-02,sroda,warszawa,Zaproszenie,Cinema City Warszawa Promenada,14:00,,,regular,2026-09-02T12:37:04.964690
2026-09-02,sroda,warszawa,Zaproszenie,Kino Atlantic w Warszawie,17:30,,,regular,2026-09-02T12:37:04.964690
2026-09-02,sroda,warszawa,Zaproszenie,Kino Luna w Warszawie,15:45,,,regular,2026-09-02T12:37:04.964690
2026-09-02,sroda,warszawa,Zaproszenie,KinoGram w Warszawie,21:00,,,regular,2026-09-02T12:37:04.964690
2026-09-02,sroda,warszawa,Zaproszenie,Kinoteka w Warszawie,18:00,,,regular,2026-09-02T12:37:04.964690
2026-09-02,sroda,warszawa,Zaproszenie,Kinoteka w Warszawie,21:15,,,regular,2026-09-02T12:37:04.964690
2026-09-02,sroda,warszawa,Zaproszenie,Multikino Targówek,18:35,,,regular,2026-09-02T12:37:04.964690
2026-09-02,sroda,warszawa,Zaproszenie,NoveKino Wisła w Warszawie,17:50,,,regular,2026-09-02T12:37:04.964690
2026-09-02,sroda,warszawa,Zła nie ma,Kino Muranów w Warszawie,22:15,,,regular,2026-09-02T12:37:04.964690
2026-09-02,sroda,warszawa,Zróbmy sobie przerwę,Helios Warszawa Blue City,20:30,,,regular,2026-09-02T12:37:04.964690
2026-09-02,sroda,warszawa,АСТРАЛ: ЗА МЕЖАМИ ПОТОЙБІЧЧЯ / Naznaczony: Wyjście z mrocznego wymiaru (ukr.),Cinema City Warszawa Arkadia,22:10,,,regular,2026-09-02T12:37:04.964690
2026-09-02,sroda,warszawa,Людина-павук: Абсолютно новий день / Spider-Man. Całkiem nowy dzień (ukr.),Cinema City Warszawa Arkadia,10:00,,,regular,2026-09-02T12:37:04.964690
2026-09-02,sroda,warszawa,Людина-павук: Абсолютно новий день / Spider-Man. Całkiem nowy dzień (ukr.),Helios Warszawa Blue City,14:50,,,regular,2026-09-02T12:37:04.964690
2026-09-02,sroda,warszawa,Людина-павук: Абсолютно новий день / Spider-Man. Całkiem nowy dzień (ukr.),Helios Warszawa Blue City,21:10,,,regular,2026-09-02T12:37:04.964690
2026-09-02,sroda,warszawa,Людина-павук: Абсолютно новий день / Spider-Man. Całkiem nowy dzień (ukr.),Multikino Atrium Reduta w Warszawie,13:00,,,regular,2026-09-02T12:37:04.964690
2026-09-02,sroda,warszawa,Сузір'я великого пса / Gwiazdozbiór Psa (ukr.),Cinema City Warszawa Arkadia,21:00,,,regular,2026-09-02T12:37:04.964690
2026-09-02,sroda,warszawa,Сузір'я великого пса / Gwiazdozbiór Psa (ukr.),Cinema City Warszawa Galeria Mokotów,16:50,,,regular,2026-09-02T12:37:04.964690
2026-09-02,sroda,warszawa,Сузір'я великого пса / Gwiazdozbiór Psa (ukr.),Cinema City Warszawa Galeria Północna,20:30,,,regular,2026-09-02T12:37:04.964690
2026-09-02,sroda,warszawa,Сузір'я великого пса / Gwiazdozbiór Psa (ukr.),Helios Warszawa Blue City,15:45,,,regular,2026-09-02T12:37:04.964690
2026-09-02,sroda,kraków,Backrooms. Bez wyjścia,Cinema City Kraków Bonarka,22:20,,,regular,2026-09-02T12:37:07.078216
2026-09-02,sroda,kraków,Bogaci i martwi,Cinema City Kraków Bonarka,20:50,,,regular,2026-09-02T12:37:07.078216
2026-09-02,sroda,kraków,Bogaci i martwi,Cinema City Kraków Galeria Kazimierz,13:40,,,regular,2026-09-02T12:37:07.078216
2026-09-02,sroda,kraków,Bogaci i martwi,Cinema City Kraków Galeria Kazimierz,21:15,,,regular,2026-09-02T12:37:07.078216
2026-09-02,sroda,kraków,Bogaci i martwi,Cinema City Kraków Zakopianka,15:30,,,regular,2026-09-02T12:37:07.078216
2026-09-02,sroda,kraków,Bogaci i martwi,Kino Kijów w Krakowie,16:00,,,regular,2026-09-02T12:37:07.078216
2026-09-02,sroda,kraków,Buntownik,Cinema City Kraków Bonarka,11:40,,,regular,2026-09-02T12:37:07.078216
2026-09-02,sroda,kraków,Buntownik,Cinema City Kraków Bonarka,14:00,,,regular,2026-09-02T12:37:07.078216
2026-09-02,sroda,kraków,Buntownik,Cinema City Kraków Bonarka,16:20,,,regular,2026-09-02T12:37:07.078216
2026-09-02,sroda,kraków,Buntownik,Cinema City Kraków Bonarka,18:40,,,regular,2026-09-02T12:37:07.078216
2026-09-02,sroda,kraków,Buntownik,Cinema City Kraków Bonarka,21:00,,,regular,2026-09-02T12:37:07.078216
2026-09-02,sroda,kraków,Buntownik,Cinema City Kraków Galeria Kazimierz,16:00,,,regular,2026-09-02T12:37:07.078216
2026-09-02,sroda,kraków,Buntownik,Cinema City Kraków Galeria Kazimierz,21:10,,,regular,2026-09-02T12:37:07.078216
2026-09-02,sroda,kraków,Buntownik,Cinema City Kraków Zakopianka,13:15,,,regular,2026-09-02T12:37:07.078216
2026-09-02,sroda,kraków,Buntownik,Cinema City Kraków Zakopianka,21:20,,,regular,2026-09-02T12:37:07.078216
2026-09-02,sroda,kraków,Buntownik,Kino Kijów w Krakowie,18:15,,,regular,2026-09-02T12:37:07.078216
2026-09-02,sroda,kraków,Buntownik,Kino Kijów w Krakowie,20:15,,,regular,2026-09-02T12:37:07.078216
2026-09-02,sroda,kraków,Buntownik,Multikino Kraków,18:25,,,regular,2026-09-02T12:37:07.078216
2026-09-02,sroda,kraków,Buntownik,Multikino Kraków,20:40,,,regular,2026-09-02T12:37:07.078216
2026-09-02,sroda,kraków,Camino dla opornych,Kino Kijów w Krakowie,13:00,,,regular,2026-09-02T12:37:07.078216
2026-09-02,sroda,kraków,Drama,Kino Pod Baranami w Krakowie,16:15,,,regular,2026-09-02T12:37:07.078216
2026-09-02,sroda,kraków,Duchy Inisherin,Kino Pod Baranami w Krakowie,14:05,,,regular,2026-09-02T12:37:07.078216
2026-09-02,sroda,kraków,Ekipa zwierzaków (dubbing),Cinema City Kraków Galeria Kazimierz,10:00,,dubbing,regular,2026-09-02T12:37:07.078216
2026-09-02,sroda,kraków,Flavia de Luce (dubbing),Cinema City Kraków Galeria Kazimierz,11:30,,dubbing,regular,2026-09-02T12:37:07.078216
2026-09-02,sroda,kraków,Frances Ha,Kino Pod Baranami w Krakowie,20:45,,,regular,2026-09-02T12:37:07.078216
2026-09-02,sroda,kraków,Gorzkie święta,Cinema City Kraków Bonarka,11:40,,,regular,2026-09-02T12:37:07.078216
2026-09-02,sroda,kraków,Gorzkie święta,Cinema City Kraków Bonarka,18:00,,,regular,2026-09-02T12:37:07.078216
2026-09-02,sroda,kraków,Gorzkie święta,Cinema City Kraków Bonarka,20:30,,,regular,2026-09-02T12:37:07.078216
2026-09-02,sroda,kraków,Gorzkie święta,Cinema City Kraków Galeria Kazimierz,17:40,,,regular,2026-09-02T12:37:07.078216
2026-09-02,sroda,kraków,Gorzkie święta,Cinema City Kraków Galeria Kazimierz,20:40,,,regular,2026-09-02T12:37:07.078216
2026-09-02,sroda,kraków,Gorzkie święta,Cinema City Kraków Zakopianka,19:20,,,regular,2026-09-02T12:37:07.078216
2026-09-02,sroda,kraków,Gorzkie święta,Kino Agrafka w Krakowie,16:00,,,regular,2026-09-02T12:37:07.078216
2026-09-02,sroda,kraków,Gorzkie święta,Kino Kijów w Krakowie,18:15,,,regular,2026-09-02T12:37:07.078216
2026-09-02,sroda,kraków,Gorzkie święta,Kino Mikro w Galerii Bronowice w Krakowie,17:15,,,regular,2026-09-02T12:37:07.078216
2026-09-02,sroda,kraków,Gorzkie święta,Kino Mikro w Krakowie,14:30,,,regular,2026-09-02T12:37:07.078216
2026-09-02,sroda,kraków,Gorzkie święta,Kino Mikro w Krakowie,18:30,,,regular,2026-09-02T12:37:07.078216
2026-09-02,sroda,kraków,Gorzkie święta,Kino Pod Baranami w Krakowie,12:00,,,regular,2026-09-02T12:37:07.078216
2026-09-02,sroda,kraków,Gorzkie święta,Kino Pod Baranami w Krakowie,18:30,,,regular,2026-09-02T12:37:07.078216
2026-09-02,sroda,kraków,Gorzkie święta,Kino Pod Baranami w Krakowie,20:15,,,regular,2026-09-02T12:37:07.078216
2026-09-02,sroda,kraków,Gorzkie święta,Kino Pod Baranami w Krakowie,23:00,,,regular,2026-09-02T12:37:07.078216
2026-09-02,sroda,kraków,Gorzkie święta,Kino Sfinks w Krakowie,19:00,,,regular,2026-09-02T12:37:07.078216
2026-09-02,sroda,kraków,Gorzkie święta,Multikino Kraków,17:55,,,regular,2026-09-02T12:37:07.078216
2026-09-02,sroda,kraków,Gorzkie święta,Multikino Kraków,20:30,,,regular,2026-09-02T12:37:07.078216
2026-09-02,sroda,kraków,Gwiazdozbiór Psa,Cinema City Kraków Bonarka,11:00,,,regular,2026-09-02T12:37:07.078216
2026-09-02,sroda,kraków,Gwiazdozbiór Psa,Cinema City Kraków Bonarka,12:40,,,regular,2026-09-02T12:37:07.078216
2026-09-02,sroda,kraków,Gwiazdozbiór Psa,Cinema City Kraków Bonarka,13:40,,,regular,2026-09-02T12:37:07.078216
2026-09-02,sroda,kraków,Gwiazdozbiór Psa,Cinema City Kraków Bonarka,14:00,,,regular,2026-09-02T12:37:07.078216
2026-09-02,sroda,kraków,Gwiazdozbiór Psa,Cinema City Kraków Bonarka,14:10,,,regular,2026-09-02T12:37:07.078216
2026-09-02,sroda,kraków,Gwiazdozbiór Psa,Cinema City Kraków Bonarka,15:20,,,regular,2026-09-02T12:37:07.078216
2026-09-02,sroda,kraków,Gwiazdozbiór Psa,Cinema City Kraków Bonarka,16:20,,,regular,2026-09-02T12:37:07.078216
2026-09-02,sroda,kraków,Gwiazdozbiór Psa,Cinema City Kraków Bonarka,16:40,,,regular,2026-09-02T12:37:07.078216
2026-09-02,sroda,kraków,Gwiazdozbiór Psa,Cinema City Kraków Bonarka,19:00,,,regular,2026-09-02T12:37:07.078216
2026-09-02,sroda,kraków,Gwiazdozbiór Psa,Cinema City Kraków Bonarka,19:20,,,regular,2026-09-02T12:37:07.078216
2026-09-02,sroda,kraków,Gwiazdozbiór Psa,Cinema City Kraków Bonarka,19:50,,,regular,2026-09-02T12:37:07.078216
2026-09-02,sroda,kraków,Gwiazdozbiór Psa,Cinema City Kraków Bonarka,20:20,,,regular,2026-09-02T12:37:07.078216
2026-09-02,sroda,kraków,Gwiazdozbiór Psa,Cinema City Kraków Bonarka,21:40,,,regular,2026-09-02T12:37:07.078216
2026-09-02,sroda,kraków,Gwiazdozbiór Psa,Cinema City Kraków Bonarka,22:00,,,regular,2026-09-02T12:37:07.078216
2026-09-02,sroda,kraków,Gwiazdozbiór Psa,Cinema City Kraków Galeria Kazimierz,11:50,,,regular,2026-09-02T12:37:07.078216
2026-09-02,sroda,kraków,Gwiazdozbiór Psa,Cinema City Kraków Galeria Kazimierz,14:30,,,regular,2026-09-02T12:37:07.078216
2026-09-02,sroda,kraków,Gwiazdozbiór Psa,Cinema City Kraków Galeria Kazimierz,17:10,,,regular,2026-09-02T12:37:07.078216
2026-09-02,sroda,kraków,Gwiazdozbiór Psa,Cinema City Kraków Galeria Kazimierz,19:50,,,regular,2026-09-02T12:37:07.078216
2026-09-02,sroda,kraków,Gwiazdozbiór Psa,Cinema City Kraków Galeria Kazimierz,21:00,,,regular,2026-09-02T12:37:07.078216
2026-09-02,sroda,kraków,Gwiazdozbiór Psa,Cinema City Kraków Galeria Kazimierz,22:30,,,regular,2026-09-02T12:37:07.078216
2026-09-02,sroda,kraków,Gwiazdozbiór Psa,Cinema City Kraków Zakopianka,11:50,,,regular,2026-09-02T12:37:07.078216
2026-09-02,sroda,kraków,Gwiazdozbiór Psa,Cinema City Kraków Zakopianka,12:30,,,regular,2026-09-02T12:37:07.078216
2026-09-02,sroda,kraków,Gwiazdozbiór Psa,Cinema City Kraków Zakopianka,14:30,,,regular,2026-09-02T12:37:07.078216
2026-09-02,sroda,kraków,Gwiazdozbiór Psa,Cinema City Kraków Zakopianka,17:10,,,regular,2026-09-02T12:37:07.078216
2026-09-02,sroda,kraków,Gwiazdozbiór Psa,Cinema City Kraków Zakopianka,18:45,,,regular,2026-09-02T12:37:07.078216
2026-09-02,sroda,kraków,Gwiazdozbiór Psa,Cinema City Kraków Zakopianka,19:50,,,regular,2026-09-02T12:37:07.078216
2026-09-02,sroda,kraków,Gwiazdozbiór Psa,Cinema City Kraków Zakopianka,21:30,,,regular,2026-09-02T12:37:07.078216
2026-09-02,sroda,kraków,Gwiazdozbiór Psa,Kino Kijów w Krakowie,16:00,,,regular,2026-09-02T12:37:07.078216
2026-09-02,sroda,kraków,Gwiazdozbiór Psa,Kino Kijów w Krakowie,20:45,,,regular,2026-09-02T12:37:07.078216
2026-09-02,sroda,kraków,Gwiazdozbiór Psa,"Kino Pod Baranami w Małopolskim Ogrodzie Sztuki, czyli Barany w MOSie",13:10,,,regular,2026-09-02T12:37:07.078216
2026-09-02,sroda,kraków,Gwiazdozbiór Psa,"Kino Pod Baranami w Małopolskim Ogrodzie Sztuki, czyli Barany w MOSie",20:35,,,regular,2026-09-02T12:37:07.078216
2026-09-02,sroda,kraków,Gwiazdozbiór Psa,Multikino Kraków,14:45,,,regular,2026-09-02T12:37:07.078216
2026-09-02,sroda,kraków,Gwiazdozbiór Psa,Multikino Kraków,17:30,,,regular,2026-09-02T12:37:07.078216
2026-09-02,sroda,kraków,Gwiazdozbiór Psa,Multikino Kraków,20:15,,,regular,2026-09-02T12:37:07.078216
2026-09-02,sroda,kraków,Harry Potter i Insygnia Śmierci cz. 2 (dubbing),Multikino Kraków,17:15,,dubbing,regular,2026-09-02T12:37:07.078216
2026-09-02,sroda,kraków,Harry Potter i Kamień Filozoficzny (dubbing),Cinema City Kraków Bonarka,16:30,,dubbing,regular,2026-09-02T12:37:07.078216
2026-09-02,sroda,kraków,Harry Potter i Kamień Filozoficzny (dubbing),Cinema City Kraków Bonarka,17:30,,dubbing,regular,2026-09-02T12:37:07.078216
2026-09-02,sroda,kraków,Harry Potter i Kamień Filozoficzny (dubbing),Cinema City Kraków Galeria Kazimierz,16:30,,dubbing,regular,2026-09-02T12:37:07.078216
2026-09-02,sroda,kraków,Harry Potter i Kamień Filozoficzny (dubbing),Cinema City Kraków Zakopianka,18:00,,dubbing,regular,2026-09-02T12:37:07.078216
2026-09-02,sroda,kraków,Harry Potter i Kamień Filozoficzny (dubbing),Multikino Kraków,14:00,,dubbing,regular,2026-09-02T12:37:07.078216
2026-09-02,sroda,kraków,Historie równoległe,Kino Kijów w Krakowie,15:15,,,regular,2026-09-02T12:37:07.078216
2026-09-02,sroda,kraków,Historie równoległe,Kino Kijów w Krakowie,20:15,,,regular,2026-09-02T12:37:07.078216
2026-09-02,sroda,kraków,Historie równoległe,"Kino Pod Baranami w Małopolskim Ogrodzie Sztuki, czyli Barany w MOSie",15:35,,,regular,2026-09-02T12:37:07.078216
2026-09-02,sroda,kraków,Kandydaci śmierci,Kino Mikro w Krakowie,18:45,,,regular,2026-09-02T12:37:07.078216
2026-09-02,sroda,kraków,Kandydaci śmierci,Kino Paradox w Krakowie,17:00,,,regular,2026-09-02T12:37:07.078216
2026-09-02,sroda,kraków,Koniec Ulicy Dębowej,Cinema City Kraków Bonarka,10:00,,,regular,2026-09-02T12:37:07.078216
2026-09-02,sroda,kraków,Koniec Ulicy Dębowej,Cinema City Kraków Bonarka,12:30,,,regular,2026-09-02T12:37:07.078216
2026-09-02,sroda,kraków,Koniec Ulicy Dębowej,Cinema City Kraków Bonarka,15:10,,,regular,2026-09-02T12:37:07.078216
2026-09-02,sroda,kraków,Koniec Ulicy Dębowej,Cinema City Kraków Bonarka,17:50,,,regular,2026-09-02T12:37:07.078216
2026-09-02,sroda,kraków,Koniec Ulicy Dębowej,Cinema City Kraków Galeria Kazimierz,13:45,,,regular,2026-09-02T12:37:07.078216
2026-09-02,sroda,kraków,Koniec Ulicy Dębowej,Cinema City Kraków Galeria Kazimierz,16:00,,,regular,2026-09-02T12:37:07.078216
2026-09-02,sroda,kraków,Koniec Ulicy Dębowej,Cinema City Kraków Galeria Kazimierz,21:50,,,regular,2026-09-02T12:37:07.078216
2026-09-02,sroda,kraków,Koniec Ulicy Dębowej,Cinema City Kraków Zakopianka,14:30,,,regular,2026-09-02T12:37:07.078216
2026-09-02,sroda,kraków,Koniec Ulicy Dębowej,Cinema City Kraków Zakopianka,21:30,,,regular,2026-09-02T12:37:07.078216
2026-09-02,sroda,kraków,Koniec Ulicy Dębowej,Multikino Kraków,15:20,,,regular,2026-09-02T12:37:07.078216
2026-09-02,sroda,kraków,Kręciołek (dubbing),Kino Kijów w Krakowie,11:15,,dubbing,regular,2026-09-02T12:37:07.078216
2026-09-02,sroda,kraków,Kręciołek (dubbing),Kino Kijów w Krakowie,14:15,,dubbing,regular,2026-09-02T12:37:07.078216
2026-09-02,sroda,kraków,Kręciołek (dubbing),Kino Mikro w Galerii Bronowice w Krakowie,14:00,,dubbing,regular,2026-09-02T12:37:07.078216
2026-09-02,sroda,kraków,Księga pustyni,Kino Kijów w Krakowie,10:45,,,regular,2026-09-02T12:37:07.078216
2026-09-02,sroda,kraków,Księga pustyni,Kino Kijów w Krakowie,14:15,,,regular,2026-09-02T12:37:07.078216
2026-09-02,sroda,kraków,Księga pustyni (dubbing),Cinema City Kraków Bonarka,11:10,,dubbing,regular,2026-09-02T12:37:07.078216
2026-09-02,sroda,kraków,Księga pustyni (dubbing),Cinema City Kraków Bonarka,13:30,,dubbing,regular,2026-09-02T12:37:07.078216
2026-09-02,sroda,kraków,Księga pustyni (dubbing),Cinema City Kraków Bonarka,14:10,,dubbing,regular,2026-09-02T12:37:07.078216
2026-09-02,sroda,kraków,Księga pustyni (dubbing),Cinema City Kraków Bonarka,15:40,,dubbing,regular,2026-09-02T12:37:07.078216
2026-09-02,sroda,kraków,Księga pustyni (dubbing),Cinema City Kraków Galeria Kazimierz,10:15,,dubbing,regular,2026-09-02T12:37:07.078216
2026-09-02,sroda,kraków,Księga pustyni (dubbing),Cinema City Kraków Galeria Kazimierz,12:30,,dubbing,regular,2026-09-02T12:37:07.078216
2026-09-02,sroda,kraków,Księga pustyni (dubbing),Cinema City Kraków Zakopianka,12:10,,dubbing,regular,2026-09-02T12:37:07.078216
2026-09-02,sroda,kraków,Księga pustyni (dubbing),Cinema City Kraków Zakopianka,14:00,,dubbing,regular,2026-09-02T12:37:07.078216
2026-09-02,sroda,kraków,Księga pustyni (dubbing),Cinema City Kraków Zakopianka,16:15,,dubbing,regular,2026-09-02T12:37:07.078216
2026-09-02,sroda,kraków,Księga pustyni (dubbing),Kino Mikro w Galerii Bronowice w Krakowie,15:30,,dubbing,regular,2026-09-02T12:37:07.078216
2026-09-02,sroda,kraków,Księga pustyni (dubbing),Multikino Kraków,10:30,,dubbing,regular,2026-09-02T12:37:07.078216
2026-09-02,sroda,kraków,Księga pustyni (dubbing),Multikino Kraków,14:45,,dubbing,regular,2026-09-02T12:37:07.078216
2026-09-02,sroda,kraków,Księga pustyni (dubbing),Multikino Kraków,17:00,,dubbing,regular,2026-09-02T12:37:07.078216
2026-09-02,sroda,kraków,"Miłość, śmierć i dojrzewanie na Obozie Miasma",Kino Mikro w Krakowie,20:30,,,regular,2026-09-02T12:37:07.078216
2026-09-02,sroda,kraków,"Miłość, śmierć i dojrzewanie na Obozie Miasma",Multikino Kraków,19:15,,,regular,2026-09-02T12:37:07.078216
2026-09-02,sroda,kraków,Minionki i straszydła (dubbing),Cinema City Kraków Bonarka,11:40,,dubbing,regular,2026-09-02T12:37:07.078216
2026-09-02,sroda,kraków,Minionki i straszydła (dubbing),Cinema City Kraków Bonarka,13:50,,dubbing,regular,2026-09-02T12:37:07.078216
2026-09-02,sroda,kraków,Minionki i straszydła (dubbing),Cinema City Kraków Bonarka,16:10,,dubbing,regular,2026-09-02T12:37:07.078216
2026-09-02,sroda,kraków,Minionki i straszydła (dubbing),Cinema City Kraków Galeria Kazimierz,11:40,,dubbing,regular,2026-09-02T12:37:07.078216
2026-09-02,sroda,kraków,Minionki i straszydła (dubbing),Cinema City Kraków Galeria Kazimierz,13:50,,dubbing,regular,2026-09-02T12:37:07.078216
2026-09-02,sroda,kraków,Minionki i straszydła (dubbing),Cinema City Kraków Zakopianka,11:10,,dubbing,regular,2026-09-02T12:37:07.078216
2026-09-02,sroda,kraków,Minionki i straszydła (dubbing),Cinema City Kraków Zakopianka,13:50,,dubbing,regular,2026-09-02T12:37:07.078216
2026-09-02,sroda,kraków,Minionki i straszydła (dubbing),Cinema City Kraków Zakopianka,16:00,,dubbing,regular,2026-09-02T12:37:07.078216
2026-09-02,sroda,kraków,Minionki i straszydła (dubbing),Multikino Kraków,10:00,,dubbing,regular,2026-09-02T12:37:07.078216
2026-09-02,sroda,kraków,Minionki i straszydła (dubbing),Multikino Kraków,11:50,,dubbing,regular,2026-09-02T12:37:07.078216
2026-09-02,sroda,kraków,Naznaczony: Wyjście z mrocznego wymiaru,Cinema City Kraków Bonarka,10:50,,,regular,2026-09-02T12:37:07.078216
2026-09-02,sroda,kraków,Naznaczony: Wyjście z mrocznego wymiaru,Cinema City Kraków Bonarka,13:20,,,regular,2026-09-02T12:37:07.078216
2026-09-02,sroda,kraków,Naznaczony: Wyjście z mrocznego wymiaru,Cinema City Kraków Bonarka,15:50,,,regular,2026-09-02T12:37:07.078216
2026-09-02,sroda,kraków,Naznaczony: Wyjście z mrocznego wymiaru,Cinema City Kraków Bonarka,18:20,,,regular,2026-09-02T12:37:07.078216
2026-09-02,sroda,kraków,Naznaczony: Wyjście z mrocznego wymiaru,Cinema City Kraków Bonarka,20:50,,,regular,2026-09-02T12:37:07.078216
2026-09-02,sroda,kraków,Naznaczony: Wyjście z mrocznego wymiaru,Cinema City Kraków Bonarka,22:20,,,regular,2026-09-02T12:37:07.078216
2026-09-02,sroda,kraków,Naznaczony: Wyjście z mrocznego wymiaru,Cinema City Kraków Galeria Kazimierz,15:30,,,regular,2026-09-02T12:37:07.078216
2026-09-02,sroda,kraków,Naznaczony: Wyjście z mrocznego wymiaru,Cinema City Kraków Galeria Kazimierz,18:00,,,regular,2026-09-02T12:37:07.078216
2026-09-02,sroda,kraków,Naznaczony: Wyjście z mrocznego wymiaru,Cinema City Kraków Galeria Kazimierz,20:30,,,regular,2026-09-02T12:37:07.078216
2026-09-02,sroda,kraków,Naznaczony: Wyjście z mrocznego wymiaru,Cinema City Kraków Zakopianka,18:10,,,regular,2026-09-02T12:37:07.078216
2026-09-02,sroda,kraków,Naznaczony: Wyjście z mrocznego wymiaru,Cinema City Kraków Zakopianka,20:40,,,regular,2026-09-02T12:37:07.078216
2026-09-02,sroda,kraków,Naznaczony: Wyjście z mrocznego wymiaru,Cinema City Kraków Zakopianka,21:50,,,regular,2026-09-02T12:37:07.078216
2026-09-02,sroda,kraków,Naznaczony: Wyjście z mrocznego wymiaru,Multikino Kraków,12:20,,,regular,2026-09-02T12:37:07.078216
2026-09-02,sroda,kraków,Naznaczony: Wyjście z mrocznego wymiaru,Multikino Kraków,16:20,,,regular,2026-09-02T12:37:07.078216
2026-09-02,sroda,kraków,Naznaczony: Wyjście z mrocznego wymiaru,Multikino Kraków,18:45,,,regular,2026-09-02T12:37:07.078216
2026-09-02,sroda,kraków,Naznaczony: Wyjście z mrocznego wymiaru,Multikino Kraków,20:25,,,regular,2026-09-02T12:37:07.078216
2026-09-02,sroda,kraków,Nie patrz w dół 2,Cinema City Kraków Bonarka,18:20,,,regular,2026-09-02T12:37:07.078216
2026-09-02,sroda,kraków,Nie patrz w dół 2,Cinema City Kraków Galeria Kazimierz,18:40,,,regular,2026-09-02T12:37:07.078216
2026-09-02,sroda,kraków,Nie patrz w dół 2,Cinema City Kraków Zakopianka,17:00,,,regular,2026-09-02T12:37:07.078216
2026-09-02,sroda,kraków,Niebo nad Normandią,Kino Kijów w Krakowie,18:30,,,regular,2026-09-02T12:37:07.078216
2026-09-02,sroda,kraków,Nowa fala,Kino Mikro w Krakowie,16:45,,,regular,2026-09-02T12:37:07.078216
2026-09-02,sroda,kraków,Nowa fala,"Kino Pod Baranami w Małopolskim Ogrodzie Sztuki, czyli Barany w MOSie",11:00,,,regular,2026-09-02T12:37:07.078216
2026-09-02,sroda,kraków,Nowa fala,Multikino Kraków,20:00,,,regular,2026-09-02T12:37:07.078216
2026-09-02,sroda,kraków,O czym wie Marielle,Kino Kijów w Krakowie,16:15,,,regular,2026-09-02T12:37:07.078216
2026-09-02,sroda,kraków,O czym wie Marielle,Kino Mikro w Krakowie,15:00,,,regular,2026-09-02T12:37:07.078216
2026-09-02,sroda,kraków,Obcy,Kino Agrafka w Krakowie,20:30,,,regular,2026-09-02T12:37:07.078216
2026-09-02,sroda,kraków,Obsesja,Cinema City Kraków Galeria Kazimierz,22:00,,,regular,2026-09-02T12:37:07.078216
2026-09-02,sroda,kraków,Odyseja,Cinema City Kraków Bonarka,10:10,,,regular,2026-09-02T12:37:07.078216
2026-09-02,sroda,kraków,Odyseja,Cinema City Kraków Bonarka,11:50,,,regular,2026-09-02T12:37:07.078216
2026-09-02,sroda,kraków,Odyseja,Cinema City Kraków Bonarka,13:50,,,regular,2026-09-02T12:37:07.078216
2026-09-02,sroda,kraków,Odyseja,Cinema City Kraków Bonarka,14:40,,,regular,2026-09-02T12:37:07.078216
2026-09-02,sroda,kraków,Odyseja,Cinema City Kraków Bonarka,17:50,,,regular,2026-09-02T12:37:07.078216
2026-09-02,sroda,kraków,Odyseja,Cinema City Kraków Bonarka,18:20,,,regular,2026-09-02T12:37:07.078216
2026-09-02,sroda,kraków,Odyseja,Cinema City Kraków Bonarka,20:50,,,regular,2026-09-02T12:37:07.078216
2026-09-02,sroda,kraków,Odyseja,Cinema City Kraków Bonarka,21:20,,,regular,2026-09-02T12:37:07.078216
2026-09-02,sroda,kraków,Odyseja,Cinema City Kraków Galeria Kazimierz,14:10,,,regular,2026-09-02T12:37:07.078216
2026-09-02,sroda,kraków,Odyseja,Cinema City Kraków Galeria Kazimierz,20:10,,,regular,2026-09-02T12:37:07.078216
2026-09-02,sroda,kraków,Odyseja,Cinema City Kraków Zakopianka,15:10,,,regular,2026-09-02T12:37:07.078216
2026-09-02,sroda,kraków,Odyseja,Cinema City Kraków Zakopianka,16:30,,,regular,2026-09-02T12:37:07.078216
2026-09-02,sroda,kraków,Odyseja,Cinema City Kraków Zakopianka,20:00,,,regular,2026-09-02T12:37:07.078216
2026-09-02,sroda,kraków,Odyseja,"Kino Pod Baranami w Małopolskim Ogrodzie Sztuki, czyli Barany w MOSie",17:15,,,regular,2026-09-02T12:37:07.078216
2026-09-02,sroda,kraków,Odyseja,Multikino Kraków,11:10,,,regular,2026-09-02T12:37:07.078216
2026-09-02,sroda,kraków,Odyseja,Multikino Kraków,12:10,,,regular,2026-09-02T12:37:07.078216
2026-09-02,sroda,kraków,Odyseja,Multikino Kraków,14:45,,,regular,2026-09-02T12:37:07.078216
2026-09-02,sroda,kraków,Odyseja,Multikino Kraków,15:45,,,regular,2026-09-02T12:37:07.078216
2026-09-02,sroda,kraków,Odyseja,Multikino Kraków,18:20,,,regular,2026-09-02T12:37:07.078216
2026-09-02,sroda,kraków,Odyseja,Multikino Kraków,19:20,,,regular,2026-09-02T12:37:07.078216
2026-09-02,sroda,kraków,Odzyskany,Kino Kijów w Krakowie,12:15,,,regular,2026-09-02T12:37:07.078216
2026-09-02,sroda,kraków,Odzyskany,Kino Kijów w Krakowie,16:30,,,regular,2026-09-02T12:37:07.078216
2026-09-02,sroda,kraków,Ostatni konsjerż,Kino Sfinks w Krakowie,18:00,,,regular,2026-09-02T12:37:07.078216
2026-09-02,sroda,kraków,Ostrze przeznaczenia,Cinema City Kraków Bonarka,18:00,,,regular,2026-09-02T12:37:07.078216
2026-09-02,sroda,kraków,Ostrze przeznaczenia,Cinema City Kraków Galeria Kazimierz,19:00,,,regular,2026-09-02T12:37:07.078216
2026-09-02,sroda,kraków,Perfect Days,"Kino Pod Baranami w Małopolskim Ogrodzie Sztuki, czyli Barany w MOSie",17:45,,,regular,2026-09-02T12:37:07.078216
2026-09-02,sroda,kraków,Proces,Kino Mikro w Krakowie,20:30,,,regular,2026-09-02T12:37:07.078216
2026-09-02,sroda,kraków,Psi Patrol i dinozaury (dubbing),Cinema City Kraków Bonarka,10:00,,dubbing,regular,2026-09-02T12:37:07.078216
2026-09-02,sroda,kraków,Psi Patrol i dinozaury (dubbing),Cinema City Kraków Bonarka,12:10,,dubbing,regular,2026-09-02T12:37:07.078216
2026-09-02,sroda,kraków,Psi Patrol i dinozaury (dubbing),Cinema City Kraków Bonarka,14:20,,dubbing,regular,2026-09-02T12:37:07.078216
2026-09-02,sroda,kraków,Psi Patrol i dinozaury (dubbing),Cinema City Kraków Bonarka,16:30,,dubbing,regular,2026-09-02T12:37:07.078216
2026-09-02,sroda,kraków,Psi Patrol i dinozaury (dubbing),Cinema City Kraków Galeria Kazimierz,10:20,,dubbing,regular,2026-09-02T12:37:07.078216
2026-09-02,sroda,kraków,Psi Patrol i dinozaury (dubbing),Cinema City Kraków Galeria Kazimierz,11:10,,dubbing,regular,2026-09-02T12:37:07.078216
2026-09-02,sroda,kraków,Psi Patrol i dinozaury (dubbing),Cinema City Kraków Galeria Kazimierz,13:20,,dubbing,regular,2026-09-02T12:37:07.078216
2026-09-02,sroda,kraków,Psi Patrol i dinozaury (dubbing),Cinema City Kraków Zakopianka,12:10,,dubbing,regular,2026-09-02T12:37:07.078216
2026-09-02,sroda,kraków,Psi Patrol i dinozaury (dubbing),Cinema City Kraków Zakopianka,14:20,,dubbing,regular,2026-09-02T12:37:07.078216
2026-09-02,sroda,kraków,Psi Patrol i dinozaury (dubbing),Cinema City Kraków Zakopianka,16:50,,dubbing,regular,2026-09-02T12:37:07.078216
2026-09-02,sroda,kraków,Psi Patrol i dinozaury (dubbing),Kino Kijów w Krakowie,12:30,,dubbing,regular,2026-09-02T12:37:07.078216
2026-09-02,sroda,kraków,Psi Patrol i dinozaury (dubbing),Kino Kijów w Krakowie,14:30,,dubbing,regular,2026-09-02T12:37:07.078216
2026-09-02,sroda,kraków,Psi Patrol i dinozaury (dubbing),Multikino Kraków,10:25,,dubbing,regular,2026-09-02T12:37:07.078216
2026-09-02,sroda,kraków,Psi Patrol i dinozaury (dubbing),Multikino Kraków,11:40,,dubbing,regular,2026-09-02T12:37:07.078216
2026-09-02,sroda,kraków,Psi Patrol i dinozaury (dubbing),Multikino Kraków,12:35,,dubbing,regular,2026-09-02T12:37:07.078216
2026-09-02,sroda,kraków,Psi Patrol i dinozaury (dubbing),Multikino Kraków,13:50,,dubbing,regular,2026-09-02T12:37:07.078216
2026-09-02,sroda,kraków,Psi Patrol i dinozaury (dubbing),Multikino Kraków,16:00,,dubbing,regular,2026-09-02T12:37:07.078216
2026-09-02,sroda,kraków,Psi Patrol i dinozaury (dubbing),Multikino Kraków,18:10,,dubbing,regular,2026-09-02T12:37:07.078216
2026-09-02,sroda,kraków,Pucio kocha zwierzaki,Cinema City Kraków Bonarka,10:30,,,regular,2026-09-02T12:37:07.078216
2026-09-02,sroda,kraków,Pucio kocha zwierzaki,Cinema City Kraków Bonarka,12:00,,,regular,2026-09-02T12:37:07.078216
2026-09-02,sroda,kraków,Pucio kocha zwierzaki,Cinema City Kraków Bonarka,13:30,,,regular,2026-09-02T12:37:07.078216
2026-09-02,sroda,kraków,Pucio kocha zwierzaki,Cinema City Kraków Bonarka,15:00,,,regular,2026-09-02T12:37:07.078216
2026-09-02,sroda,kraków,Pucio kocha zwierzaki,Cinema City Kraków Bonarka,16:30,,,regular,2026-09-02T12:37:07.078216
2026-09-02,sroda,kraków,Pucio kocha zwierzaki,Cinema City Kraków Galeria Kazimierz,10:10,,,regular,2026-09-02T12:37:07.078216
2026-09-02,sroda,kraków,Pucio kocha zwierzaki,Cinema City Kraków Galeria Kazimierz,12:00,,,regular,2026-09-02T12:37:07.078216
2026-09-02,sroda,kraków,Pucio kocha zwierzaki,Cinema City Kraków Galeria Kazimierz,13:30,,,regular,2026-09-02T12:37:07.078216
2026-09-02,sroda,kraków,Pucio kocha zwierzaki,Cinema City Kraków Galeria Kazimierz,15:00,,,regular,2026-09-02T12:37:07.078216
2026-09-02,sroda,kraków,Pucio kocha zwierzaki,Cinema City Kraków Zakopianka,11:00,,,regular,2026-09-02T12:37:07.078216
2026-09-02,sroda,kraków,Pucio kocha zwierzaki,Cinema City Kraków Zakopianka,12:20,,,regular,2026-09-02T12:37:07.078216
2026-09-02,sroda,kraków,Pucio kocha zwierzaki,Cinema City Kraków Zakopianka,13:50,,,regular,2026-09-02T12:37:07.078216
2026-09-02,sroda,kraków,Pucio kocha zwierzaki,Cinema City Kraków Zakopianka,15:20,,,regular,2026-09-02T12:37:07.078216
2026-09-02,sroda,kraków,Pucio kocha zwierzaki,Kino Kijów w Krakowie,11:00,,,regular,2026-09-02T12:37:07.078216
2026-09-02,sroda,kraków,Pucio kocha zwierzaki,Kino Kijów w Krakowie,12:45,,,regular,2026-09-02T12:37:07.078216
2026-09-02,sroda,kraków,Pucio kocha zwierzaki,Kino Mikro w Galerii Bronowice w Krakowie,13:00,,,regular,2026-09-02T12:37:07.078216
2026-09-02,sroda,kraków,Pucio kocha zwierzaki,Kino Paradox w Krakowie,16:00,,,regular,2026-09-02T12:37:07.078216
2026-09-02,sroda,kraków,Pucio kocha zwierzaki,Multikino Kraków,10:00,,,regular,2026-09-02T12:37:07.078216
2026-09-02,sroda,kraków,Pucio kocha zwierzaki,Multikino Kraków,11:10,,,regular,2026-09-02T12:37:07.078216
2026-09-02,sroda,kraków,Pucio kocha zwierzaki,Multikino Kraków,13:00,,,regular,2026-09-02T12:37:07.078216
2026-09-02,sroda,kraków,Pucio kocha zwierzaki,Multikino Kraków,14:20,,,regular,2026-09-02T12:37:07.078216
2026-09-02,sroda,kraków,Pucio kocha zwierzaki,Multikino Kraków,15:40,,,regular,2026-09-02T12:37:07.078216
2026-09-02,sroda,kraków,Pucio kocha zwierzaki,Multikino Kraków,17:00,,,regular,2026-09-02T12:37:07.078216
2026-09-02,sroda,kraków,Spider-Man. Całkiem nowy dzień,Cinema City Kraków Bonarka,11:50,,,regular,2026-09-02T12:37:07.078216
2026-09-02,sroda,kraków,Spider-Man. Całkiem nowy dzień,Cinema City Kraków Bonarka,13:50,,,regular,2026-09-02T12:37:07.078216
2026-09-02,sroda,kraków,Spider-Man. Całkiem nowy dzień,Cinema City Kraków Bonarka,17:00,,,regular,2026-09-02T12:37:07.078216
2026-09-02,sroda,kraków,Spider-Man. Całkiem nowy dzień,Cinema City Kraków Bonarka,20:00,,,regular,2026-09-02T12:37:07.078216
2026-09-02,sroda,kraków,Spider-Man. Całkiem nowy dzień,Cinema City Kraków Bonarka,21:10,,,regular,2026-09-02T12:37:07.078216
2026-09-02,sroda,kraków,Spider-Man. Całkiem nowy dzień,Cinema City Kraków Bonarka,21:50,,,regular,2026-09-02T12:37:07.078216
2026-09-02,sroda,kraków,Spider-Man. Całkiem nowy dzień,Cinema City Kraków Bonarka,22:00,,,regular,2026-09-02T12:37:07.078216
2026-09-02,sroda,kraków,Spider-Man. Całkiem nowy dzień,Cinema City Kraków Galeria Kazimierz,14:50,,,regular,2026-09-02T12:37:07.078216
2026-09-02,sroda,kraków,Spider-Man. Całkiem nowy dzień,Cinema City Kraków Galeria Kazimierz,18:00,,,regular,2026-09-02T12:37:07.078216
2026-09-02,sroda,kraków,Spider-Man. Całkiem nowy dzień,Cinema City Kraków Galeria Kazimierz,20:00,,,regular,2026-09-02T12:37:07.078216
2026-09-02,sroda,kraków,Spider-Man. Całkiem nowy dzień,Cinema City Kraków Zakopianka,14:10,,,regular,2026-09-02T12:37:07.078216
2026-09-02,sroda,kraków,Spider-Man. Całkiem nowy dzień,Cinema City Kraków Zakopianka,17:15,,,regular,2026-09-02T12:37:07.078216
2026-09-02,sroda,kraków,Spider-Man. Całkiem nowy dzień,Cinema City Kraków Zakopianka,20:20,,,regular,2026-09-02T12:37:07.078216
2026-09-02,sroda,kraków,Spider-Man. Całkiem nowy dzień,Multikino Kraków,11:00,,,regular,2026-09-02T12:37:07.078216
2026-09-02,sroda,kraków,Spider-Man. Całkiem nowy dzień,Multikino Kraków,14:15,,,regular,2026-09-02T12:37:07.078216
2026-09-02,sroda,kraków,Spider-Man. Całkiem nowy dzień,Multikino Kraków,17:30,,,regular,2026-09-02T12:37:07.078216
2026-09-02,sroda,kraków,Spider-Man. Całkiem nowy dzień,Multikino Kraków,20:45,,,regular,2026-09-02T12:37:07.078216
2026-09-02,sroda,kraków,Spider-Man. Całkiem nowy dzień (dubbing),Cinema City Kraków Bonarka,12:30,,dubbing,regular,2026-09-02T12:37:07.078216
2026-09-02,sroda,kraków,Spider-Man. Całkiem nowy dzień (dubbing),Cinema City Kraków Bonarka,15:50,,dubbing,regular,2026-09-02T12:37:07.078216
2026-09-02,sroda,kraków,Spider-Man. Całkiem nowy dzień (dubbing),Cinema City Kraków Bonarka,18:00,,dubbing,regular,2026-09-02T12:37:07.078216
2026-09-02,sroda,kraków,Spider-Man. Całkiem nowy dzień (dubbing),Cinema City Kraków Bonarka,18:50,,dubbing,regular,2026-09-02T12:37:07.078216
2026-09-02,sroda,kraków,Spider-Man. Całkiem nowy dzień (dubbing),Cinema City Kraków Galeria Kazimierz,10:30,,dubbing,regular,2026-09-02T12:37:07.078216
2026-09-02,sroda,kraków,Spider-Man. Całkiem nowy dzień (dubbing),Cinema City Kraków Galeria Kazimierz,12:40,,dubbing,regular,2026-09-02T12:37:07.078216
2026-09-02,sroda,kraków,Spider-Man. Całkiem nowy dzień (dubbing),Cinema City Kraków Galeria Kazimierz,15:50,,dubbing,regular,2026-09-02T12:37:07.078216
2026-09-02,sroda,kraków,Spider-Man. Całkiem nowy dzień (dubbing),Cinema City Kraków Zakopianka,11:00,,dubbing,regular,2026-09-02T12:37:07.078216
2026-09-02,sroda,kraków,Spider-Man. Całkiem nowy dzień (dubbing),Cinema City Kraków Zakopianka,12:30,,dubbing,regular,2026-09-02T12:37:07.078216
2026-09-02,sroda,kraków,Spider-Man. Całkiem nowy dzień (dubbing),Cinema City Kraków Zakopianka,15:40,,dubbing,regular,2026-09-02T12:37:07.078216
2026-09-02,sroda,kraków,Spider-Man. Całkiem nowy dzień (dubbing),Cinema City Kraków Zakopianka,18:45,,dubbing,regular,2026-09-02T12:37:07.078216
2026-09-02,sroda,kraków,Spider-Man. Całkiem nowy dzień (dubbing),Kino Kijów w Krakowie,11:15,,dubbing,regular,2026-09-02T12:37:07.078216
2026-09-02,sroda,kraków,Spider-Man. Całkiem nowy dzień (dubbing),Multikino Kraków,10:00,,dubbing,regular,2026-09-02T12:37:07.078216
2026-09-02,sroda,kraków,Spider-Man. Całkiem nowy dzień (dubbing),Multikino Kraków,11:45,,dubbing,regular,2026-09-02T12:37:07.078216
2026-09-02,sroda,kraków,Spider-Man. Całkiem nowy dzień (dubbing),Multikino Kraków,13:15,,dubbing,regular,2026-09-02T12:37:07.078216
2026-09-02,sroda,kraków,Spider-Man. Całkiem nowy dzień (dubbing),Multikino Kraków,16:30,,dubbing,regular,2026-09-02T12:37:07.078216
2026-09-02,sroda,kraków,Spider-Man. Całkiem nowy dzień (dubbing),Multikino Kraków,18:15,,dubbing,regular,2026-09-02T12:37:07.078216
2026-09-02,sroda,kraków,Spider-Man. Całkiem nowy dzień (dubbing),Multikino Kraków,19:45,,dubbing,regular,2026-09-02T12:37:07.078216
2026-09-02,sroda,kraków,Spider-Man. Całkiem nowy dzień 3D (dubbing),Cinema City Kraków Bonarka,11:00,3D,dubbing,regular,2026-09-02T12:37:07.078216
2026-09-02,sroda,kraków,Spider-Man. Całkiem nowy dzień 3D (dubbing),Cinema City Kraków Bonarka,14:50,3D,dubbing,regular,2026-09-02T12:37:07.078216
2026-09-02,sroda,kraków,Spider-Man. Całkiem nowy dzień 3D (dubbing),Multikino Kraków,15:00,3D,dubbing,regular,2026-09-02T12:37:07.078216
2026-09-02,sroda,kraków,Sunny Dancer,Cinema City Kraków Bonarka,18:40,,,regular,2026-09-02T12:37:07.078216
2026-09-02,sroda,kraków,Sunny Dancer,Cinema City Kraków Bonarka,21:10,,,regular,2026-09-02T12:37:07.078216
2026-09-02,sroda,kraków,Sunny Dancer,Cinema City Kraków Galeria Kazimierz,18:15,,,regular,2026-09-02T12:37:07.078216
2026-09-02,sroda,kraków,Sunny Dancer,Cinema City Kraków Zakopianka,19:00,,,regular,2026-09-02T12:37:07.078216
2026-09-02,sroda,kraków,Sunny Dancer,Kino Agrafka w Krakowie,18:15,,,regular,2026-09-02T12:37:07.078216
2026-09-02,sroda,kraków,Sunny Dancer,Kino Kijów w Krakowie,18:00,,,regular,2026-09-02T12:37:07.078216
2026-09-02,sroda,kraków,Sunny Dancer,"Kino Pod Baranami w Małopolskim Ogrodzie Sztuki, czyli Barany w MOSie",20:25,,,regular,2026-09-02T12:37:07.078216
2026-09-02,sroda,kraków,Sunny Dancer,Multikino Kraków,12:45,,,regular,2026-09-02T12:37:07.078216
2026-09-02,sroda,kraków,"Tamte dni, tamte noce",Kino Pod Baranami w Krakowie,17:30,,,regular,2026-09-02T12:37:07.078216
2026-09-02,sroda,kraków,Terminator 2: Dzień sądu,Cinema City Kraków Bonarka,15:30,,,regular,2026-09-02T12:37:07.078216
2026-09-02,sroda,kraków,Terminator 2: Dzień sądu,Cinema City Kraków Bonarka,16:50,,,regular,2026-09-02T12:37:07.078216
2026-09-02,sroda,kraków,Terminator 2: Dzień sądu,Cinema City Kraków Bonarka,18:30,,,regular,2026-09-02T12:37:07.078216
2026-09-02,sroda,kraków,Terminator 2: Dzień sądu,Cinema City Kraków Bonarka,20:00,,,regular,2026-09-02T12:37:07.078216
2026-09-02,sroda,kraków,Terminator 2: Dzień sądu,Cinema City Kraków Bonarka,21:30,,,regular,2026-09-02T12:37:07.078216
2026-09-02,sroda,kraków,Terminator 2: Dzień sądu,Cinema City Kraków Galeria Kazimierz,19:00,,,regular,2026-09-02T12:37:07.078216
2026-09-02,sroda,kraków,Terminator 2: Dzień sądu,Cinema City Kraków Zakopianka,18:30,,,regular,2026-09-02T12:37:07.078216
2026-09-02,sroda,kraków,Terminator 2: Dzień sądu,Kino Kijów w Krakowie,20:30,,,regular,2026-09-02T12:37:07.078216
2026-09-02,sroda,kraków,Terminator 2: Dzień sądu,Multikino Kraków,21:25,,,regular,2026-09-02T12:37:07.078216
2026-09-02,sroda,kraków,Toy Story 5 (dubbing),Cinema City Kraków Bonarka,10:10,,dubbing,regular,2026-09-02T12:37:07.078216
2026-09-02,sroda,kraków,Toy Story 5 (dubbing),Cinema City Kraków Bonarka,12:30,,dubbing,regular,2026-09-02T12:37:07.078216
2026-09-02,sroda,kraków,Toy Story 5 (dubbing),Cinema City Kraków Galeria Kazimierz,11:40,,dubbing,regular,2026-09-02T12:37:07.078216
2026-09-02,sroda,kraków,Toy Story 5 (dubbing),Multikino Kraków,10:40,,dubbing,regular,2026-09-02T12:37:07.078216
2026-09-02,sroda,kraków,"Trzy billboardy za Ebbing, Missouri",Kino Pod Baranami w Krakowie,12:15,,,regular,2026-09-02T12:37:07.078216
2026-09-02,sroda,kraków,Tylko jedna noc,Cinema City Kraków Bonarka,11:20,,,regular,2026-09-02T12:37:07.078216
2026-09-02,sroda,kraków,Tylko jedna noc,Cinema City Kraków Bonarka,18:10,,,regular,2026-09-02T12:37:07.078216
2026-09-02,sroda,kraków,Tylko jedna noc,Cinema City Kraków Galeria Kazimierz,16:30,,,regular,2026-09-02T12:37:07.078216
2026-09-02,sroda,kraków,Tylko jedna noc,Cinema City Kraków Zakopianka,22:00,,,regular,2026-09-02T12:37:07.078216
2026-09-02,sroda,kraków,Tylko jedna noc,Multikino Kraków,21:45,,,regular,2026-09-02T12:37:07.078216
2026-09-02,sroda,kraków,Vaiana (dubbing),Cinema City Kraków Bonarka,10:00,,dubbing,regular,2026-09-02T12:37:07.078216
2026-09-02,sroda,kraków,Vaiana (dubbing),Cinema City Kraków Galeria Kazimierz,11:20,,dubbing,regular,2026-09-02T12:37:07.078216
2026-09-02,sroda,kraków,Vaiana (dubbing),Cinema City Kraków Zakopianka,11:10,,dubbing,regular,2026-09-02T12:37:07.078216
2026-09-02,sroda,kraków,Vaiana (dubbing),Multikino Kraków,10:20,,dubbing,regular,2026-09-02T12:37:07.078216
2026-09-02,sroda,kraków,Vivaldi i ja,Cinema City Kraków Bonarka,14:20,,,regular,2026-09-02T12:37:07.078216
2026-09-02,sroda,kraków,Vivaldi i ja,Cinema City Kraków Zakopianka,11:30,,,regular,2026-09-02T12:37:07.078216
2026-09-02,sroda,kraków,Vivaldi i ja,Kino Kijów w Krakowie,13:45,,,regular,2026-09-02T12:37:07.078216
2026-09-02,sroda,kraków,Vivaldi i ja,Kino Kijów w Krakowie,18:15,,,regular,2026-09-02T12:37:07.078216
2026-09-02,sroda,kraków,Vivaldi i ja,Kino Mikro w Krakowie,16:30,,,regular,2026-09-02T12:37:07.078216
2026-09-02,sroda,kraków,Vivaldi i ja,Kino Paradox w Krakowie,18:45,,,regular,2026-09-02T12:37:07.078216
2026-09-02,sroda,kraków,Vivaldi i ja,"Kino Pod Baranami w Małopolskim Ogrodzie Sztuki, czyli Barany w MOSie",18:15,,,regular,2026-09-02T12:37:07.078216
2026-09-02,sroda,kraków,Vivaldi i ja,Kino Sfinks w Krakowie,17:00,,,regular,2026-09-02T12:37:07.078216
2026-09-02,sroda,kraków,Wielki Marty,Kino Pod Baranami w Krakowie,14:30,,,regular,2026-09-02T12:37:07.078216
2026-09-02,sroda,kraków,Wielkie piękno,"Kino Pod Baranami w Małopolskim Ogrodzie Sztuki, czyli Barany w MOSie",20:15,,,regular,2026-09-02T12:37:07.078216
2026-09-02,sroda,kraków,Wrong Girls,Cinema City Kraków Bonarka,10:10,,,regular,2026-09-02T12:37:07.078216
2026-09-02,sroda,kraków,Wrong Girls,Cinema City Kraków Bonarka,16:50,,,regular,2026-09-02T12:37:07.078216
2026-09-02,sroda,kraków,Wrong Girls,Cinema City Kraków Galeria Kazimierz,16:15,,,regular,2026-09-02T12:37:07.078216
2026-09-02,sroda,kraków,Wrong Girls,Cinema City Kraków Zakopianka,21:30,,,regular,2026-09-02T12:37:07.078216
2026-09-02,sroda,kraków,Wrong Girls,Kino Kijów w Krakowie,20:30,,,regular,2026-09-02T12:37:07.078216
2026-09-02,sroda,kraków,Wszyscy moi wrogowie,Cinema City Kraków Bonarka,15:00,,,regular,2026-09-02T12:37:07.078216
2026-09-02,sroda,kraków,Wszystko wszędzie naraz,"Kino Pod Baranami w Małopolskim Ogrodzie Sztuki, czyli Barany w MOSie",15:00,,,regular,2026-09-02T12:37:07.078216
2026-09-02,sroda,kraków,Wypadek fortepianowy,Kino Paradox w Krakowie,20:45,,,regular,2026-09-02T12:37:07.078216
2026-09-02,sroda,kraków,Zaproszenie,Cinema City Kraków Bonarka,20:40,,,regular,2026-09-02T12:37:07.078216
2026-09-02,sroda,kraków,Zaproszenie,Cinema City Kraków Galeria Kazimierz,14:00,,,regular,2026-09-02T12:37:07.078216
2026-09-02,sroda,kraków,Zaproszenie,Kino Mikro w Galerii Bronowice w Krakowie,19:15,,,regular,2026-09-02T12:37:07.078216
2026-09-02,sroda,kraków,Zaproszenie,"Kino Pod Baranami w Małopolskim Ogrodzie Sztuki, czyli Barany w MOSie",15:00,,,regular,2026-09-02T12:37:07.078216
2026-09-02,sroda,kraków,АСТРАЛ: ЗА МЕЖАМИ ПОТОЙБІЧЧЯ / Naznaczony: Wyjście z mrocznego wymiaru (ukr.),Multikino Kraków,21:10,,,regular,2026-09-02T12:37:07.078216
2026-09-02,sroda,kraków,Людина-павук: Абсолютно новий день / Spider-Man. Całkiem nowy dzień (ukr.),Cinema City Kraków Bonarka,19:10,,,regular,2026-09-02T12:37:07.078216
2026-09-02,sroda,kraków,Людина-павук: Абсолютно новий день / Spider-Man. Całkiem nowy dzień (ukr.),Multikino Kraków,13:05,,,regular,2026-09-02T12:37:07.078216
2026-09-02,sroda,kraków,Сузір'я великого пса / Gwiazdozbiór Psa (ukr.),Cinema City Kraków Bonarka,20:30,,,regular,2026-09-02T12:37:07.078216
2026-09-02,sroda,kraków,Сузір'я великого пса / Gwiazdozbiór Psa (ukr.),Cinema City Kraków Galeria Kazimierz,18:30,,,regular,2026-09-02T12:37:07.078216
2026-09-02,sroda,wrocław,500 mil,Kino Nowe Horyzonty we Wrocławiu,12:00,,,regular,2026-09-02T12:37:09.897857
2026-09-02,sroda,wrocław,Arek.Mama.Panorama,Kino Nowe Horyzonty we Wrocławiu,13:00,,,regular,2026-09-02T12:37:09.897857
2026-09-02,sroda,wrocław,Bogaci i martwi,Cinema City Wrocław Korona,13:10,,,regular,2026-09-02T12:37:09.897857
2026-09-02,sroda,wrocław,Bogaci i martwi,Cinema City Wrocław Wroclavia,21:40,,,regular,2026-09-02T12:37:09.897857
2026-09-02,sroda,wrocław,Bogaci i martwi,Dolnośląskie Centrum Filmowe (DCF) we Wrocławiu,15:45,,,regular,2026-09-02T12:37:09.897857
2026-09-02,sroda,wrocław,Bogaci i martwi,Dolnośląskie Centrum Filmowe (DCF) we Wrocławiu,20:15,,,regular,2026-09-02T12:37:09.897857
2026-09-02,sroda,wrocław,Buntownik,Cinema City Wrocław Korona,15:40,,,regular,2026-09-02T12:37:09.897857
2026-09-02,sroda,wrocław,Buntownik,Cinema City Wrocław Korona,21:30,,,regular,2026-09-02T12:37:09.897857
2026-09-02,sroda,wrocław,Buntownik,Cinema City Wrocław Wroclavia,10:00,,,regular,2026-09-02T12:37:09.897857
2026-09-02,sroda,wrocław,Buntownik,Cinema City Wrocław Wroclavia,12:10,,,regular,2026-09-02T12:37:09.897857
2026-09-02,sroda,wrocław,Buntownik,Cinema City Wrocław Wroclavia,14:20,,,regular,2026-09-02T12:37:09.897857
2026-09-02,sroda,wrocław,Buntownik,Cinema City Wrocław Wroclavia,16:30,,,regular,2026-09-02T12:37:09.897857
2026-09-02,sroda,wrocław,Buntownik,Cinema City Wrocław Wroclavia,22:10,,,regular,2026-09-02T12:37:09.897857
2026-09-02,sroda,wrocław,Buntownik,Helios Wrocław Magnolia Park,15:40,,,regular,2026-09-02T12:37:09.897857
2026-09-02,sroda,wrocław,Buntownik,Helios Wrocław Magnolia Park,20:40,,,regular,2026-09-02T12:37:09.897857
2026-09-02,sroda,wrocław,Buntownik,Multikino Pasaż Grunwaldzki,11:20,,,regular,2026-09-02T12:37:09.897857
2026-09-02,sroda,wrocław,Buntownik,Multikino Pasaż Grunwaldzki,19:55,,,regular,2026-09-02T12:37:09.897857
2026-09-02,sroda,wrocław,Dyskusyjny Klub Filmowy,Dyskusyjny Klub Filmowy w Czasoprzestrzeni,19:00,,,regular,2026-09-02T12:37:09.897857
2026-09-02,sroda,wrocław,Flavia de Luce (dubbing),Cinema City Wrocław Wroclavia,10:20,,dubbing,regular,2026-09-02T12:37:09.897857
2026-09-02,sroda,wrocław,Frances Ha,Kino Nowe Horyzonty we Wrocławiu,20:45,,,regular,2026-09-02T12:37:09.897857
2026-09-02,sroda,wrocław,Gorzkie święta,Cinema City Wrocław Korona,20:10,,,regular,2026-09-02T12:37:09.897857
2026-09-02,sroda,wrocław,Gorzkie święta,Cinema City Wrocław Wroclavia,17:40,,,regular,2026-09-02T12:37:09.897857
2026-09-02,sroda,wrocław,Gorzkie święta,Cinema City Wrocław Wroclavia,18:40,,,regular,2026-09-02T12:37:09.897857
2026-09-02,sroda,wrocław,Gorzkie święta,Cinema City Wrocław Wroclavia,21:10,,,regular,2026-09-02T12:37:09.897857
2026-09-02,sroda,wrocław,Gorzkie święta,Dolnośląskie Centrum Filmowe (DCF) we Wrocławiu,12:00,,,regular,2026-09-02T12:37:09.897857
2026-09-02,sroda,wrocław,Gorzkie święta,Dolnośląskie Centrum Filmowe (DCF) we Wrocławiu,16:45,,,regular,2026-09-02T12:37:09.897857
2026-09-02,sroda,wrocław,Gorzkie święta,Helios Wrocław Magnolia Park,14:30,,,regular,2026-09-02T12:37:09.897857
2026-09-02,sroda,wrocław,Gorzkie święta,Helios Wrocław Magnolia Park,19:30,,,regular,2026-09-02T12:37:09.897857
2026-09-02,sroda,wrocław,Gorzkie święta,Kino Nowe Horyzonty we Wrocławiu,13:10,,,regular,2026-09-02T12:37:09.897857
2026-09-02,sroda,wrocław,Gorzkie święta,Kino Nowe Horyzonty we Wrocławiu,15:40,,,regular,2026-09-02T12:37:09.897857
2026-09-02,sroda,wrocław,Gorzkie święta,Kino Nowe Horyzonty we Wrocławiu,18:00,,,regular,2026-09-02T12:37:09.897857
2026-09-02,sroda,wrocław,Gorzkie święta,Kino Nowe Horyzonty we Wrocławiu,20:30,,,regular,2026-09-02T12:37:09.897857
2026-09-02,sroda,wrocław,Gorzkie święta,Multikino Pasaż Grunwaldzki,13:10,,,regular,2026-09-02T12:37:09.897857
2026-09-02,sroda,wrocław,Gorzkie święta,Multikino Pasaż Grunwaldzki,18:15,,,regular,2026-09-02T12:37:09.897857
2026-09-02,sroda,wrocław,Gwiazdozbiór Psa,Cinema City Wrocław Korona,11:50,,,regular,2026-09-02T12:37:09.897857
2026-09-02,sroda,wrocław,Gwiazdozbiór Psa,Cinema City Wrocław Korona,14:30,,,regular,2026-09-02T12:37:09.897857
2026-09-02,sroda,wrocław,Gwiazdozbiór Psa,Cinema City Wrocław Korona,16:20,,,regular,2026-09-02T12:37:09.897857
2026-09-02,sroda,wrocław,Gwiazdozbiór Psa,Cinema City Wrocław Korona,17:10,,,regular,2026-09-02T12:37:09.897857
2026-09-02,sroda,wrocław,Gwiazdozbiór Psa,Cinema City Wrocław Korona,19:00,,,regular,2026-09-02T12:37:09.897857
2026-09-02,sroda,wrocław,Gwiazdozbiór Psa,Cinema City Wrocław Korona,19:50,,,regular,2026-09-02T12:37:09.897857
2026-09-02,sroda,wrocław,Gwiazdozbiór Psa,Cinema City Wrocław Korona,21:40,,,regular,2026-09-02T12:37:09.897857
2026-09-02,sroda,wrocław,Gwiazdozbiór Psa,Cinema City Wrocław Wroclavia,10:00,,,regular,2026-09-02T12:37:09.897857
2026-09-02,sroda,wrocław,Gwiazdozbiór Psa,Cinema City Wrocław Wroclavia,12:40,,,regular,2026-09-02T12:37:09.897857
2026-09-02,sroda,wrocław,Gwiazdozbiór Psa,Cinema City Wrocław Wroclavia,13:40,,,regular,2026-09-02T12:37:09.897857
2026-09-02,sroda,wrocław,Gwiazdozbiór Psa,Cinema City Wrocław Wroclavia,15:20,,,regular,2026-09-02T12:37:09.897857
2026-09-02,sroda,wrocław,Gwiazdozbiór Psa,Cinema City Wrocław Wroclavia,17:00,,,regular,2026-09-02T12:37:09.897857
2026-09-02,sroda,wrocław,Gwiazdozbiór Psa,Cinema City Wrocław Wroclavia,18:00,,,regular,2026-09-02T12:37:09.897857
2026-09-02,sroda,wrocław,Gwiazdozbiór Psa,Cinema City Wrocław Wroclavia,19:10,,,regular,2026-09-02T12:37:09.897857
2026-09-02,sroda,wrocław,Gwiazdozbiór Psa,Cinema City Wrocław Wroclavia,19:40,,,regular,2026-09-02T12:37:09.897857
2026-09-02,sroda,wrocław,Gwiazdozbiór Psa,Cinema City Wrocław Wroclavia,20:40,,,regular,2026-09-02T12:37:09.897857
2026-09-02,sroda,wrocław,Gwiazdozbiór Psa,Cinema City Wrocław Wroclavia,21:45,,,regular,2026-09-02T12:37:09.897857
2026-09-02,sroda,wrocław,Gwiazdozbiór Psa,Cinema City Wrocław Wroclavia IMAX,17:00,,,regular,2026-09-02T12:37:09.897857
2026-09-02,sroda,wrocław,Gwiazdozbiór Psa,Cinema City Wrocław Wroclavia IMAX,19:40,,,regular,2026-09-02T12:37:09.897857
2026-09-02,sroda,wrocław,Gwiazdozbiór Psa,Cinema City Wrocław Wroclavia IMAX,22:20,,,regular,2026-09-02T12:37:09.897857
2026-09-02,sroda,wrocław,Gwiazdozbiór Psa,Dolnośląskie Centrum Filmowe (DCF) we Wrocławiu,14:15,,,regular,2026-09-02T12:37:09.897857
2026-09-02,sroda,wrocław,Gwiazdozbiór Psa,Dolnośląskie Centrum Filmowe (DCF) we Wrocławiu,20:00,,,regular,2026-09-02T12:37:09.897857
2026-09-02,sroda,wrocław,Gwiazdozbiór Psa,Helios Wrocław Magnolia Park,12:50,,,regular,2026-09-02T12:37:09.897857
2026-09-02,sroda,wrocław,Gwiazdozbiór Psa,Helios Wrocław Magnolia Park,15:30,,,regular,2026-09-02T12:37:09.897857
2026-09-02,sroda,wrocław,Gwiazdozbiór Psa,Helios Wrocław Magnolia Park,17:30,,,regular,2026-09-02T12:37:09.897857
2026-09-02,sroda,wrocław,Gwiazdozbiór Psa,Helios Wrocław Magnolia Park,19:00,,,regular,2026-09-02T12:37:09.897857
2026-09-02,sroda,wrocław,Gwiazdozbiór Psa,Helios Wrocław Magnolia Park,21:00,,,regular,2026-09-02T12:37:09.897857
2026-09-02,sroda,wrocław,Gwiazdozbiór Psa,Kino Nowe Horyzonty we Wrocławiu,11:45,,,regular,2026-09-02T12:37:09.897857
2026-09-02,sroda,wrocław,Gwiazdozbiór Psa,Kino Nowe Horyzonty we Wrocławiu,14:30,,,regular,2026-09-02T12:37:09.897857
2026-09-02,sroda,wrocław,Gwiazdozbiór Psa,Kino Nowe Horyzonty we Wrocławiu,17:00,,,regular,2026-09-02T12:37:09.897857
2026-09-02,sroda,wrocław,Gwiazdozbiór Psa,Kino Nowe Horyzonty we Wrocławiu,19:30,,,regular,2026-09-02T12:37:09.897857
2026-09-02,sroda,wrocław,Gwiazdozbiór Psa,Kino Nowe Horyzonty we Wrocławiu,21:00,,,regular,2026-09-02T12:37:09.897857
2026-09-02,sroda,wrocław,Gwiazdozbiór Psa,Multikino Pasaż Grunwaldzki,13:35,,,regular,2026-09-02T12:37:09.897857
2026-09-02,sroda,wrocław,Gwiazdozbiór Psa,Multikino Pasaż Grunwaldzki,17:45,,,regular,2026-09-02T12:37:09.897857
2026-09-02,sroda,wrocław,Gwiazdozbiór Psa,Multikino Pasaż Grunwaldzki,20:30,,,regular,2026-09-02T12:37:09.897857
2026-09-02,sroda,wrocław,Harry Potter i Insygnia Śmierci cz. 2 (dubbing),Multikino Pasaż Grunwaldzki,17:15,,dubbing,regular,2026-09-02T12:37:09.897857
2026-09-02,sroda,wrocław,Harry Potter i Kamień Filozoficzny (dubbing),Cinema City Wrocław Korona,18:00,,dubbing,regular,2026-09-02T12:37:09.897857
2026-09-02,sroda,wrocław,Harry Potter i Kamień Filozoficzny (dubbing),Cinema City Wrocław Wroclavia,16:00,,dubbing,regular,2026-09-02T12:37:09.897857
2026-09-02,sroda,wrocław,Harry Potter i Kamień Filozoficzny (dubbing),Cinema City Wrocław Wroclavia,17:30,,dubbing,regular,2026-09-02T12:37:09.897857
2026-09-02,sroda,wrocław,Harry Potter i Kamień Filozoficzny (dubbing),Cinema City Wrocław Wroclavia,19:30,,dubbing,regular,2026-09-02T12:37:09.897857
2026-09-02,sroda,wrocław,Harry Potter i Kamień Filozoficzny (dubbing),Kino Nowe Horyzonty we Wrocławiu,17:30,,dubbing,regular,2026-09-02T12:37:09.897857
2026-09-02,sroda,wrocław,Harry Potter i Kamień Filozoficzny (dubbing),Multikino Pasaż Grunwaldzki,14:00,,dubbing,regular,2026-09-02T12:37:09.897857
2026-09-02,sroda,wrocław,Historie równoległe,Cinema City Wrocław Wroclavia,10:45,,,regular,2026-09-02T12:37:09.897857
2026-09-02,sroda,wrocław,Historie równoległe,Kino Nowe Horyzonty we Wrocławiu,16:45,,,regular,2026-09-02T12:37:09.897857
2026-09-02,sroda,wrocław,Historie równoległe,Kino Nowe Horyzonty we Wrocławiu,19:45,,,regular,2026-09-02T12:37:09.897857
2026-09-02,sroda,wrocław,Homo sapiens?,Kino Nowe Horyzonty we Wrocławiu,13:20,,,regular,2026-09-02T12:37:09.897857
2026-09-02,sroda,wrocław,Kandydaci śmierci,Kino Nowe Horyzonty we Wrocławiu,15:10,,,regular,2026-09-02T12:37:09.897857
2026-09-02,sroda,wrocław,Kasyno,Dolnośląskie Centrum Filmowe (DCF) we Wrocławiu,19:00,,,regular,2026-09-02T12:37:09.897857
2026-09-02,sroda,wrocław,Koniec Ulicy Dębowej,Cinema City Wrocław Korona,11:45,,,regular,2026-09-02T12:37:09.897857
2026-09-02,sroda,wrocław,Koniec Ulicy Dębowej,Cinema City Wrocław Wroclavia,10:10,,,regular,2026-09-02T12:37:09.897857
2026-09-02,sroda,wrocław,Koniec Ulicy Dębowej,Cinema City Wrocław Wroclavia,12:40,,,regular,2026-09-02T12:37:09.897857
2026-09-02,sroda,wrocław,Koniec Ulicy Dębowej,Cinema City Wrocław Wroclavia,20:45,,,regular,2026-09-02T12:37:09.897857
2026-09-02,sroda,wrocław,Koniec Ulicy Dębowej,Kino Nowe Horyzonty we Wrocławiu,12:45,,,regular,2026-09-02T12:37:09.897857
2026-09-02,sroda,wrocław,Koniec Ulicy Dębowej,Multikino Pasaż Grunwaldzki,21:00,,,regular,2026-09-02T12:37:09.897857
2026-09-02,sroda,wrocław,Księga pustyni,Helios Wrocław Magnolia Park,11:10,,,regular,2026-09-02T12:37:09.897857
2026-09-02,sroda,wrocław,Księga pustyni,Helios Wrocław Magnolia Park,15:00,,,regular,2026-09-02T12:37:09.897857
2026-09-02,sroda,wrocław,Księga pustyni,Kino Nowe Horyzonty we Wrocławiu,11:15,,,regular,2026-09-02T12:37:09.897857
2026-09-02,sroda,wrocław,Księga pustyni,Kino Nowe Horyzonty we Wrocławiu,15:30,,,regular,2026-09-02T12:37:09.897857
2026-09-02,sroda,wrocław,Księga pustyni (dubbing),Cinema City Wrocław Korona,10:40,,dubbing,regular,2026-09-02T12:37:09.897857
2026-09-02,sroda,wrocław,Księga pustyni (dubbing),Cinema City Wrocław Korona,13:00,,dubbing,regular,2026-09-02T12:37:09.897857
2026-09-02,sroda,wrocław,Księga pustyni (dubbing),Cinema City Wrocław Korona,15:20,,dubbing,regular,2026-09-02T12:37:09.897857
2026-09-02,sroda,wrocław,Księga pustyni (dubbing),Cinema City Wrocław Wroclavia,11:00,,dubbing,regular,2026-09-02T12:37:09.897857
2026-09-02,sroda,wrocław,Księga pustyni (dubbing),Cinema City Wrocław Wroclavia,11:40,,dubbing,regular,2026-09-02T12:37:09.897857
2026-09-02,sroda,wrocław,Księga pustyni (dubbing),Cinema City Wrocław Wroclavia,13:50,,dubbing,regular,2026-09-02T12:37:09.897857
2026-09-02,sroda,wrocław,Księga pustyni (dubbing),Cinema City Wrocław Wroclavia,15:20,,dubbing,regular,2026-09-02T12:37:09.897857
2026-09-02,sroda,wrocław,Księga pustyni (dubbing),Multikino Pasaż Grunwaldzki,10:55,,dubbing,regular,2026-09-02T12:37:09.897857
2026-09-02,sroda,wrocław,Księga pustyni (dubbing),Multikino Pasaż Grunwaldzki,14:00,,dubbing,regular,2026-09-02T12:37:09.897857
2026-09-02,sroda,wrocław,Księga pustyni (dubbing),Multikino Pasaż Grunwaldzki,16:15,,dubbing,regular,2026-09-02T12:37:09.897857
2026-09-02,sroda,wrocław,Kuźma,Kino Nowe Horyzonty we Wrocławiu,18:15,,,regular,2026-09-02T12:37:09.897857
2026-09-02,sroda,wrocław,Michał Anioł. Miłość i śmierć,Kino Nowe Horyzonty we Wrocławiu,17:15,,,regular,2026-09-02T12:37:09.897857
2026-09-02,sroda,wrocław,Minionki i straszydła (dubbing),Cinema City Wrocław Korona,10:20,,dubbing,regular,2026-09-02T12:37:09.897857
2026-09-02,sroda,wrocław,Minionki i straszydła (dubbing),Cinema City Wrocław Korona,12:30,,dubbing,regular,2026-09-02T12:37:09.897857
2026-09-02,sroda,wrocław,Minionki i straszydła (dubbing),Cinema City Wrocław Korona,14:40,,dubbing,regular,2026-09-02T12:37:09.897857
2026-09-02,sroda,wrocław,Minionki i straszydła (dubbing),Cinema City Wrocław Wroclavia,13:10,,dubbing,regular,2026-09-02T12:37:09.897857
2026-09-02,sroda,wrocław,Minionki i straszydła (dubbing),Helios Wrocław Magnolia Park,12:10,,dubbing,regular,2026-09-02T12:37:09.897857
2026-09-02,sroda,wrocław,Minionki i straszydła (dubbing),Helios Wrocław Magnolia Park,13:30,,dubbing,regular,2026-09-02T12:37:09.897857
2026-09-02,sroda,wrocław,Minionki i straszydła (dubbing),Kino Nowe Horyzonty we Wrocławiu,09:30,,dubbing,regular,2026-09-02T12:37:09.897857
2026-09-02,sroda,wrocław,Minionki i straszydła (dubbing),Multikino Pasaż Grunwaldzki,11:00,,dubbing,regular,2026-09-02T12:37:09.897857
2026-09-02,sroda,wrocław,Naznaczony: Wyjście z mrocznego wymiaru,Cinema City Wrocław Korona,17:40,,,regular,2026-09-02T12:37:09.897857
2026-09-02,sroda,wrocław,Naznaczony: Wyjście z mrocznego wymiaru,Cinema City Wrocław Korona,20:30,,,regular,2026-09-02T12:37:09.897857
2026-09-02,sroda,wrocław,Naznaczony: Wyjście z mrocznego wymiaru,Cinema City Wrocław Wroclavia,12:30,,,regular,2026-09-02T12:37:09.897857
2026-09-02,sroda,wrocław,Naznaczony: Wyjście z mrocznego wymiaru,Cinema City Wrocław Wroclavia,15:00,,,regular,2026-09-02T12:37:09.897857
2026-09-02,sroda,wrocław,Naznaczony: Wyjście z mrocznego wymiaru,Cinema City Wrocław Wroclavia,16:30,,,regular,2026-09-02T12:37:09.897857
2026-09-02,sroda,wrocław,Naznaczony: Wyjście z mrocznego wymiaru,Cinema City Wrocław Wroclavia,19:00,,,regular,2026-09-02T12:37:09.897857
2026-09-02,sroda,wrocław,Naznaczony: Wyjście z mrocznego wymiaru,Cinema City Wrocław Wroclavia,20:50,,,regular,2026-09-02T12:37:09.897857
2026-09-02,sroda,wrocław,Naznaczony: Wyjście z mrocznego wymiaru,Cinema City Wrocław Wroclavia,21:30,,,regular,2026-09-02T12:37:09.897857
2026-09-02,sroda,wrocław,Naznaczony: Wyjście z mrocznego wymiaru,Cinema City Wrocław Wroclavia,21:50,,,regular,2026-09-02T12:37:09.897857
2026-09-02,sroda,wrocław,Naznaczony: Wyjście z mrocznego wymiaru,Helios Wrocław Magnolia Park,16:00,,,regular,2026-09-02T12:37:09.897857
2026-09-02,sroda,wrocław,Naznaczony: Wyjście z mrocznego wymiaru,Helios Wrocław Magnolia Park,18:30,,,regular,2026-09-02T12:37:09.897857
2026-09-02,sroda,wrocław,Naznaczony: Wyjście z mrocznego wymiaru,Helios Wrocław Magnolia Park,21:45,,,regular,2026-09-02T12:37:09.897857
2026-09-02,sroda,wrocław,Naznaczony: Wyjście z mrocznego wymiaru,Multikino Pasaż Grunwaldzki,17:30,,,regular,2026-09-02T12:37:09.897857
2026-09-02,sroda,wrocław,Naznaczony: Wyjście z mrocznego wymiaru,Multikino Pasaż Grunwaldzki,20:50,,,regular,2026-09-02T12:37:09.897857
2026-09-02,sroda,wrocław,Nie patrz w dół 2,Cinema City Wrocław Korona,18:10,,,regular,2026-09-02T12:37:09.897857
2026-09-02,sroda,wrocław,Nie patrz w dół 2,Cinema City Wrocław Wroclavia,18:10,,,regular,2026-09-02T12:37:09.897857
2026-09-02,sroda,wrocław,Nie patrz w dół 2,Multikino Pasaż Grunwaldzki,20:15,,,regular,2026-09-02T12:37:09.897857
2026-09-02,sroda,wrocław,Nowa fala,Dolnośląskie Centrum Filmowe (DCF) we Wrocławiu,13:30,,,regular,2026-09-02T12:37:09.897857
2026-09-02,sroda,wrocław,Nowa fala,Dolnośląskie Centrum Filmowe (DCF) we Wrocławiu,18:00,,,regular,2026-09-02T12:37:09.897857
2026-09-02,sroda,wrocław,Nowa fala,Kino Nowe Horyzonty we Wrocławiu,17:45,,,regular,2026-09-02T12:37:09.897857
2026-09-02,sroda,wrocław,Nowa fala,Multikino Pasaż Grunwaldzki,20:00,,,regular,2026-09-02T12:37:09.897857
2026-09-02,sroda,wrocław,O czym sobie nie mówimy,Dolnośląskie Centrum Filmowe (DCF) we Wrocławiu,12:00,,,regular,2026-09-02T12:37:09.897857
2026-09-02,sroda,wrocław,O czym sobie nie mówimy,Dolnośląskie Centrum Filmowe (DCF) we Wrocławiu,17:45,,,regular,2026-09-02T12:37:09.897857
2026-09-02,sroda,wrocław,O czym sobie nie mówimy,Kino Nowe Horyzonty we Wrocławiu,16:15,,,regular,2026-09-02T12:37:09.897857
2026-09-02,sroda,wrocław,Obsesja,Cinema City Wrocław Korona,21:20,,,regular,2026-09-02T12:37:09.897857
2026-09-02,sroda,wrocław,Obsesja,Cinema City Wrocław Wroclavia,20:10,,,regular,2026-09-02T12:37:09.897857
2026-09-02,sroda,wrocław,Obsesja,Multikino Pasaż Grunwaldzki,13:10,,,regular,2026-09-02T12:37:09.897857
2026-09-02,sroda,wrocław,Odyseja,Cinema City Wrocław Korona,14:20,,,regular,2026-09-02T12:37:09.897857
2026-09-02,sroda,wrocław,Odyseja,Cinema City Wrocław Korona,20:20,,,regular,2026-09-02T12:37:09.897857
2026-09-02,sroda,wrocław,Odyseja,Cinema City Wrocław Wroclavia,15:30,,,regular,2026-09-02T12:37:09.897857
2026-09-02,sroda,wrocław,Odyseja,Cinema City Wrocław Wroclavia,19:10,,,regular,2026-09-02T12:37:09.897857
2026-09-02,sroda,wrocław,Odyseja,Cinema City Wrocław Wroclavia,21:15,,,regular,2026-09-02T12:37:09.897857
2026-09-02,sroda,wrocław,Odyseja,Cinema City Wrocław Wroclavia IMAX,10:00,,,regular,2026-09-02T12:37:09.897857
2026-09-02,sroda,wrocław,Odyseja,Cinema City Wrocław Wroclavia IMAX,13:30,,,regular,2026-09-02T12:37:09.897857
2026-09-02,sroda,wrocław,Odyseja,Dolnośląskie Centrum Filmowe (DCF) we Wrocławiu,14:30,,,regular,2026-09-02T12:37:09.897857
2026-09-02,sroda,wrocław,Odyseja,Helios Wrocław Magnolia Park,12:00,,,regular,2026-09-02T12:37:09.897857
2026-09-02,sroda,wrocław,Odyseja,Helios Wrocław Magnolia Park,17:00,,,regular,2026-09-02T12:37:09.897857
2026-09-02,sroda,wrocław,Odyseja,Helios Wrocław Magnolia Park,20:15,,,regular,2026-09-02T12:37:09.897857
2026-09-02,sroda,wrocław,Odyseja,Kino Nowe Horyzonty we Wrocławiu,14:45,,,regular,2026-09-02T12:37:09.897857
2026-09-02,sroda,wrocław,Odyseja,Kino Nowe Horyzonty we Wrocławiu,18:45,,,regular,2026-09-02T12:37:09.897857
2026-09-02,sroda,wrocław,Odyseja,Multikino Pasaż Grunwaldzki,10:20,,,regular,2026-09-02T12:37:09.897857
2026-09-02,sroda,wrocław,Odyseja,Multikino Pasaż Grunwaldzki,11:50,,,regular,2026-09-02T12:37:09.897857
2026-09-02,sroda,wrocław,Odyseja,Multikino Pasaż Grunwaldzki,15:25,,,regular,2026-09-02T12:37:09.897857
2026-09-02,sroda,wrocław,Odyseja,Multikino Pasaż Grunwaldzki,19:00,,,regular,2026-09-02T12:37:09.897857
2026-09-02,sroda,wrocław,Odyseja / Одіссея (ukr.),Multikino Pasaż Grunwaldzki,15:40,,,regular,2026-09-02T12:37:09.897857
2026-09-02,sroda,wrocław,Odyseja / Одіссея (ukr.),Multikino Pasaż Grunwaldzki,19:15,,,regular,2026-09-02T12:37:09.897857
2026-09-02,sroda,wrocław,Odzyskany,Cinema City Wrocław Wroclavia,10:30,,,regular,2026-09-02T12:37:09.897857
2026-09-02,sroda,wrocław,Odzyskany,Cinema City Wrocław Wroclavia,12:45,,,regular,2026-09-02T12:37:09.897857
2026-09-02,sroda,wrocław,Ostrze przeznaczenia,Cinema City Wrocław Wroclavia,18:00,,,regular,2026-09-02T12:37:09.897857
2026-09-02,sroda,wrocław,Pejzaż w kolorze sepii,Kino Nowe Horyzonty we Wrocławiu,14:00,,,regular,2026-09-02T12:37:09.897857
2026-09-02,sroda,wrocław,Pociąg Czerwona Ruta,Kino Nowe Horyzonty we Wrocławiu,14:15,,,regular,2026-09-02T12:37:09.897857
2026-09-02,sroda,wrocław,Psi Patrol i dinozaury,Helios Wrocław Magnolia Park,11:20,,,regular,2026-09-02T12:37:09.897857
2026-09-02,sroda,wrocław,Psi Patrol i dinozaury,Helios Wrocław Magnolia Park,13:45,,,regular,2026-09-02T12:37:09.897857
2026-09-02,sroda,wrocław,Psi Patrol i dinozaury,Helios Wrocław Magnolia Park,17:15,,,regular,2026-09-02T12:37:09.897857
2026-09-02,sroda,wrocław,Psi Patrol i dinozaury (dubbing),Cinema City Wrocław Korona,10:10,,dubbing,regular,2026-09-02T12:37:09.897857
2026-09-02,sroda,wrocław,Psi Patrol i dinozaury (dubbing),Cinema City Wrocław Korona,11:45,,dubbing,regular,2026-09-02T12:37:09.897857
2026-09-02,sroda,wrocław,Psi Patrol i dinozaury (dubbing),Cinema City Wrocław Korona,14:00,,dubbing,regular,2026-09-02T12:37:09.897857
2026-09-02,sroda,wrocław,Psi Patrol i dinozaury (dubbing),Cinema City Wrocław Korona,16:15,,dubbing,regular,2026-09-02T12:37:09.897857
2026-09-02,sroda,wrocław,Psi Patrol i dinozaury (dubbing),Cinema City Wrocław Wroclavia,11:20,,dubbing,regular,2026-09-02T12:37:09.897857
2026-09-02,sroda,wrocław,Psi Patrol i dinozaury (dubbing),Cinema City Wrocław Wroclavia,13:30,,dubbing,regular,2026-09-02T12:37:09.897857
2026-09-02,sroda,wrocław,Psi Patrol i dinozaury (dubbing),Cinema City Wrocław Wroclavia,16:00,,dubbing,regular,2026-09-02T12:37:09.897857
2026-09-02,sroda,wrocław,Psi Patrol i dinozaury (dubbing),Multikino Pasaż Grunwaldzki,11:00,,dubbing,regular,2026-09-02T12:37:09.897857
2026-09-02,sroda,wrocław,Psi Patrol i dinozaury (dubbing),Multikino Pasaż Grunwaldzki,13:15,,dubbing,regular,2026-09-02T12:37:09.897857
2026-09-02,sroda,wrocław,Psi Patrol i dinozaury (dubbing),Multikino Pasaż Grunwaldzki,15:30,,dubbing,regular,2026-09-02T12:37:09.897857
2026-09-02,sroda,wrocław,Pucio kocha zwierzaki,Cinema City Wrocław Korona,10:20,,,regular,2026-09-02T12:37:09.897857
2026-09-02,sroda,wrocław,Pucio kocha zwierzaki,Cinema City Wrocław Korona,12:40,,,regular,2026-09-02T12:37:09.897857
2026-09-02,sroda,wrocław,Pucio kocha zwierzaki,Cinema City Wrocław Korona,16:30,,,regular,2026-09-02T12:37:09.897857
2026-09-02,sroda,wrocław,Pucio kocha zwierzaki,Cinema City Wrocław Wroclavia,10:20,,,regular,2026-09-02T12:37:09.897857
2026-09-02,sroda,wrocław,Pucio kocha zwierzaki,Cinema City Wrocław Wroclavia,11:00,,,regular,2026-09-02T12:37:09.897857
2026-09-02,sroda,wrocław,Pucio kocha zwierzaki,Cinema City Wrocław Wroclavia,11:20,,,regular,2026-09-02T12:37:09.897857
2026-09-02,sroda,wrocław,Pucio kocha zwierzaki,Cinema City Wrocław Wroclavia,12:50,,,regular,2026-09-02T12:37:09.897857
2026-09-02,sroda,wrocław,Pucio kocha zwierzaki,Cinema City Wrocław Wroclavia,14:20,,,regular,2026-09-02T12:37:09.897857
2026-09-02,sroda,wrocław,Pucio kocha zwierzaki,Cinema City Wrocław Wroclavia,15:50,,,regular,2026-09-02T12:37:09.897857
2026-09-02,sroda,wrocław,Pucio kocha zwierzaki,Cinema City Wrocław Wroclavia,17:20,,,regular,2026-09-02T12:37:09.897857
2026-09-02,sroda,wrocław,Pucio kocha zwierzaki,Helios Wrocław Magnolia Park,11:00,,,regular,2026-09-02T12:37:09.897857
2026-09-02,sroda,wrocław,Pucio kocha zwierzaki,Helios Wrocław Magnolia Park,12:20,,,regular,2026-09-02T12:37:09.897857
2026-09-02,sroda,wrocław,Pucio kocha zwierzaki,Helios Wrocław Magnolia Park,13:20,,,regular,2026-09-02T12:37:09.897857
2026-09-02,sroda,wrocław,Pucio kocha zwierzaki,Kino Nowe Horyzonty we Wrocławiu,11:15,,,regular,2026-09-02T12:37:09.897857
2026-09-02,sroda,wrocław,Pucio kocha zwierzaki,Kino Nowe Horyzonty we Wrocławiu,12:30,,,regular,2026-09-02T12:37:09.897857
2026-09-02,sroda,wrocław,Pucio kocha zwierzaki,Kino Nowe Horyzonty we Wrocławiu,15:20,,,regular,2026-09-02T12:37:09.897857
2026-09-02,sroda,wrocław,Pucio kocha zwierzaki,Kino Nowe Horyzonty we Wrocławiu,16:30,,,regular,2026-09-02T12:37:09.897857
2026-09-02,sroda,wrocław,Pucio kocha zwierzaki,Multikino Pasaż Grunwaldzki,10:30,,,regular,2026-09-02T12:37:09.897857
2026-09-02,sroda,wrocław,Pucio kocha zwierzaki,Multikino Pasaż Grunwaldzki,11:45,,,regular,2026-09-02T12:37:09.897857
2026-09-02,sroda,wrocław,Pucio kocha zwierzaki,Multikino Pasaż Grunwaldzki,13:05,,,regular,2026-09-02T12:37:09.897857
2026-09-02,sroda,wrocław,Pucio kocha zwierzaki,Multikino Pasaż Grunwaldzki,16:15,,,regular,2026-09-02T12:37:09.897857
2026-09-02,sroda,wrocław,Spider-Man. Całkiem nowy dzień,Cinema City Wrocław Korona,16:50,,,regular,2026-09-02T12:37:09.897857
2026-09-02,sroda,wrocław,Spider-Man. Całkiem nowy dzień,Cinema City Wrocław Korona,20:00,,,regular,2026-09-02T12:37:09.897857
2026-09-02,sroda,wrocław,Spider-Man. Całkiem nowy dzień,Cinema City Wrocław Korona,21:50,,,regular,2026-09-02T12:37:09.897857
2026-09-02,sroda,wrocław,Spider-Man. Całkiem nowy dzień,Cinema City Wrocław Wroclavia,10:10,,,regular,2026-09-02T12:37:09.897857
2026-09-02,sroda,wrocław,Spider-Man. Całkiem nowy dzień,Cinema City Wrocław Wroclavia,12:30,,,regular,2026-09-02T12:37:09.897857
2026-09-02,sroda,wrocław,Spider-Man. Całkiem nowy dzień,Cinema City Wrocław Wroclavia,13:15,,,regular,2026-09-02T12:37:09.897857
2026-09-02,sroda,wrocław,Spider-Man. Całkiem nowy dzień,Cinema City Wrocław Wroclavia,15:40,,,regular,2026-09-02T12:37:09.897857
2026-09-02,sroda,wrocław,Spider-Man. Całkiem nowy dzień,Cinema City Wrocław Wroclavia,16:20,,,regular,2026-09-02T12:37:09.897857
2026-09-02,sroda,wrocław,Spider-Man. Całkiem nowy dzień,Cinema City Wrocław Wroclavia,17:40,,,regular,2026-09-02T12:37:09.897857
2026-09-02,sroda,wrocław,Spider-Man. Całkiem nowy dzień,Cinema City Wrocław Wroclavia,18:00,,,regular,2026-09-02T12:37:09.897857
2026-09-02,sroda,wrocław,Spider-Man. Całkiem nowy dzień,Cinema City Wrocław Wroclavia,20:40,,,regular,2026-09-02T12:37:09.897857
2026-09-02,sroda,wrocław,Spider-Man. Całkiem nowy dzień,Cinema City Wrocław Wroclavia,21:00,,,regular,2026-09-02T12:37:09.897857
2026-09-02,sroda,wrocław,Spider-Man. Całkiem nowy dzień,Cinema City Wrocław Wroclavia,21:30,,,regular,2026-09-02T12:37:09.897857
2026-09-02,sroda,wrocław,Spider-Man. Całkiem nowy dzień,Helios Wrocław Magnolia Park,11:00,,,regular,2026-09-02T12:37:09.897857
2026-09-02,sroda,wrocław,Spider-Man. Całkiem nowy dzień,Helios Wrocław Magnolia Park,14:15,,,regular,2026-09-02T12:37:09.897857
2026-09-02,sroda,wrocław,Spider-Man. Całkiem nowy dzień,Helios Wrocław Magnolia Park,15:50,,,regular,2026-09-02T12:37:09.897857
2026-09-02,sroda,wrocław,Spider-Man. Całkiem nowy dzień,Helios Wrocław Magnolia Park,18:15,,,regular,2026-09-02T12:37:09.897857
2026-09-02,sroda,wrocław,Spider-Man. Całkiem nowy dzień,Helios Wrocław Magnolia Park,21:20,,,regular,2026-09-02T12:37:09.897857
2026-09-02,sroda,wrocław,Spider-Man. Całkiem nowy dzień,Kino Nowe Horyzonty we Wrocławiu,11:30,,,regular,2026-09-02T12:37:09.897857
2026-09-02,sroda,wrocław,Spider-Man. Całkiem nowy dzień,Kino Nowe Horyzonty we Wrocławiu,17:15,,,regular,2026-09-02T12:37:09.897857
2026-09-02,sroda,wrocław,Spider-Man. Całkiem nowy dzień,Multikino Pasaż Grunwaldzki,13:15,,,regular,2026-09-02T12:37:09.897857
2026-09-02,sroda,wrocław,Spider-Man. Całkiem nowy dzień,Multikino Pasaż Grunwaldzki,16:30,,,regular,2026-09-02T12:37:09.897857
2026-09-02,sroda,wrocław,Spider-Man. Całkiem nowy dzień,Multikino Pasaż Grunwaldzki,19:45,,,regular,2026-09-02T12:37:09.897857
2026-09-02,sroda,wrocław,Spider-Man. Całkiem nowy dzień (dubbing),Cinema City Wrocław Korona,10:10,,dubbing,regular,2026-09-02T12:37:09.897857
2026-09-02,sroda,wrocław,Spider-Man. Całkiem nowy dzień (dubbing),Cinema City Wrocław Korona,12:20,,dubbing,regular,2026-09-02T12:37:09.897857
2026-09-02,sroda,wrocław,Spider-Man. Całkiem nowy dzień (dubbing),Cinema City Wrocław Korona,13:15,,dubbing,regular,2026-09-02T12:37:09.897857
2026-09-02,sroda,wrocław,Spider-Man. Całkiem nowy dzień (dubbing),Cinema City Wrocław Korona,15:30,,dubbing,regular,2026-09-02T12:37:09.897857
2026-09-02,sroda,wrocław,Spider-Man. Całkiem nowy dzień (dubbing),Cinema City Wrocław Korona,18:40,,dubbing,regular,2026-09-02T12:37:09.897857
2026-09-02,sroda,wrocław,Spider-Man. Całkiem nowy dzień (dubbing),Cinema City Wrocław Wroclavia,11:50,,dubbing,regular,2026-09-02T12:37:09.897857
2026-09-02,sroda,wrocław,Spider-Man. Całkiem nowy dzień (dubbing),Cinema City Wrocław Wroclavia,15:00,,dubbing,regular,2026-09-02T12:37:09.897857
2026-09-02,sroda,wrocław,Spider-Man. Całkiem nowy dzień (dubbing),Cinema City Wrocław Wroclavia,18:10,,dubbing,regular,2026-09-02T12:37:09.897857
2026-09-02,sroda,wrocław,Spider-Man. Całkiem nowy dzień (dubbing),Multikino Pasaż Grunwaldzki,10:00,,dubbing,regular,2026-09-02T12:37:09.897857
2026-09-02,sroda,wrocław,Spider-Man. Całkiem nowy dzień (dubbing),Multikino Pasaż Grunwaldzki,11:30,,dubbing,regular,2026-09-02T12:37:09.897857
2026-09-02,sroda,wrocław,Spider-Man. Całkiem nowy dzień (dubbing),Multikino Pasaż Grunwaldzki,14:20,,dubbing,regular,2026-09-02T12:37:09.897857
2026-09-02,sroda,wrocław,Spider-Man. Całkiem nowy dzień (dubbing),Multikino Pasaż Grunwaldzki,18:00,,dubbing,regular,2026-09-02T12:37:09.897857
2026-09-02,sroda,wrocław,Spider-Man. Całkiem nowy dzień 3D (dubbing),Cinema City Wrocław Wroclavia,10:30,3D,dubbing,regular,2026-09-02T12:37:09.897857
2026-09-02,sroda,wrocław,Sunny Dancer,Cinema City Wrocław Korona,17:50,,,regular,2026-09-02T12:37:09.897857
2026-09-02,sroda,wrocław,Sunny Dancer,Cinema City Wrocław Wroclavia,15:40,,,regular,2026-09-02T12:37:09.897857
2026-09-02,sroda,wrocław,Sunny Dancer,Cinema City Wrocław Wroclavia,20:30,,,regular,2026-09-02T12:37:09.897857
2026-09-02,sroda,wrocław,Sunny Dancer,Multikino Pasaż Grunwaldzki,15:45,,,regular,2026-09-02T12:37:09.897857
2026-09-02,sroda,wrocław,Terminator 2: Dzień sądu,Cinema City Wrocław Korona,18:30,,,regular,2026-09-02T12:37:09.897857
2026-09-02,sroda,wrocław,Terminator 2: Dzień sądu,Cinema City Wrocław Wroclavia,15:40,,,regular,2026-09-02T12:37:09.897857
2026-09-02,sroda,wrocław,Terminator 2: Dzień sądu,Cinema City Wrocław Wroclavia,16:15,,,regular,2026-09-02T12:37:09.897857
2026-09-02,sroda,wrocław,Terminator 2: Dzień sądu,Cinema City Wrocław Wroclavia,18:40,,,regular,2026-09-02T12:37:09.897857
2026-09-02,sroda,wrocław,Terminator 2: Dzień sądu,Helios Wrocław Magnolia Park,18:00,,,regular,2026-09-02T12:37:09.897857
2026-09-02,sroda,wrocław,Terminator 2: Dzień sądu,Kino Nowe Horyzonty we Wrocławiu,20:00,,,regular,2026-09-02T12:37:09.897857
2026-09-02,sroda,wrocław,Terminator 2: Dzień sądu,Multikino Pasaż Grunwaldzki,17:30,,,regular,2026-09-02T12:37:09.897857
2026-09-02,sroda,wrocław,Toy Story 5 (dubbing),Cinema City Wrocław Korona,10:45,,dubbing,regular,2026-09-02T12:37:09.897857
2026-09-02,sroda,wrocław,Toy Story 5 (dubbing),Cinema City Wrocław Wroclavia,10:20,,dubbing,regular,2026-09-02T12:37:09.897857
2026-09-02,sroda,wrocław,Toy Story 5 (dubbing),Cinema City Wrocław Wroclavia,12:50,,dubbing,regular,2026-09-02T12:37:09.897857
2026-09-02,sroda,wrocław,Toy Story 5 (dubbing),Cinema City Wrocław Wroclavia,15:20,,dubbing,regular,2026-09-02T12:37:09.897857
2026-09-02,sroda,wrocław,Tylko jedna noc,Cinema City Wrocław Wroclavia,18:20,,,regular,2026-09-02T12:37:09.897857
2026-09-02,sroda,wrocław,Tylko jedna noc,Cinema City Wrocław Wroclavia,20:45,,,regular,2026-09-02T12:37:09.897857
2026-09-02,sroda,wrocław,Vaiana (dubbing),Cinema City Wrocław Korona,10:00,,dubbing,regular,2026-09-02T12:37:09.897857
2026-09-02,sroda,wrocław,Vaiana (dubbing),Cinema City Wrocław Wroclavia,10:30,,dubbing,regular,2026-09-02T12:37:09.897857
2026-09-02,sroda,wrocław,Vaiana (dubbing),Cinema City Wrocław Wroclavia,13:10,,dubbing,regular,2026-09-02T12:37:09.897857
2026-09-02,sroda,wrocław,Vaiana (dubbing),Cinema City Wrocław Wroclavia,13:50,,dubbing,regular,2026-09-02T12:37:09.897857
2026-09-02,sroda,wrocław,Vivaldi i ja,Dolnośląskie Centrum Filmowe (DCF) we Wrocławiu,12:30,,,regular,2026-09-02T12:37:09.897857
2026-09-02,sroda,wrocław,Vivaldi i ja,Dolnośląskie Centrum Filmowe (DCF) we Wrocławiu,17:00,,,regular,2026-09-02T12:37:09.897857
2026-09-02,sroda,wrocław,Wrong Girls,Cinema City Wrocław Korona,14:10,,,regular,2026-09-02T12:37:09.897857
2026-09-02,sroda,wrocław,Wrong Girls,Kino Nowe Horyzonty we Wrocławiu,20:15,,,regular,2026-09-02T12:37:09.897857
2026-09-02,sroda,wrocław,Wszyscy moi wrogowie,Cinema City Wrocław Wroclavia,18:45,,,regular,2026-09-02T12:37:09.897857
2026-09-02,sroda,wrocław,Zaproszenie,Dolnośląskie Centrum Filmowe (DCF) we Wrocławiu,14:45,,,regular,2026-09-02T12:37:09.897857
2026-09-02,sroda,wrocław,Zaproszenie,Dolnośląskie Centrum Filmowe (DCF) we Wrocławiu,19:15,,,regular,2026-09-02T12:37:09.897857
2026-09-02,sroda,wrocław,Zaproszenie,Kino Nowe Horyzonty we Wrocławiu,15:00,,,regular,2026-09-02T12:37:09.897857
2026-09-02,sroda,wrocław,Zaproszenie,Kino Nowe Horyzonty we Wrocławiu,19:15,,,regular,2026-09-02T12:37:09.897857
2026-09-02,sroda,wrocław,Zróbmy sobie przerwę,Helios Wrocław Magnolia Park,20:50,,,regular,2026-09-02T12:37:09.897857
2026-09-02,sroda,wrocław,АСТРАЛ: ЗА МЕЖАМИ ПОТОЙБІЧЧЯ / Naznaczony: Wyjście z mrocznego wymiaru (ukr.),Multikino Pasaż Grunwaldzki,11:35,,,regular,2026-09-02T12:37:09.897857
2026-09-02,sroda,wrocław,АСТРАЛ: ЗА МЕЖАМИ ПОТОЙБІЧЧЯ / Naznaczony: Wyjście z mrocznego wymiaru (ukr.),Multikino Pasaż Grunwaldzki,18:30,,,regular,2026-09-02T12:37:09.897857
2026-09-02,sroda,wrocław,АСТРАЛ: ЗА МЕЖАМИ ПОТОЙБІЧЧЯ / Naznaczony: Wyjście z mrocznego wymiaru (ukr.),Multikino Pasaż Grunwaldzki,21:10,,,regular,2026-09-02T12:37:09.897857
2026-09-02,sroda,wrocław,Людина-павук: Абсолютно новий день / Spider-Man. Całkiem nowy dzień (ukr.),Multikino Pasaż Grunwaldzki,10:00,,,regular,2026-09-02T12:37:09.897857
2026-09-02,sroda,wrocław,Людина-павук: Абсолютно новий день / Spider-Man. Całkiem nowy dzień (ukr.),Multikino Pasaż Grunwaldzki,13:00,,,regular,2026-09-02T12:37:09.897857
2026-09-02,sroda,wrocław,Людина-павук: Абсолютно новий день / Spider-Man. Całkiem nowy dzień (ukr.),Multikino Pasaż Grunwaldzki,14:45,,,regular,2026-09-02T12:37:09.897857
2026-09-02,sroda,wrocław,Людина-павук: Абсолютно новий день / Spider-Man. Całkiem nowy dzień (ukr.),Multikino Pasaż Grunwaldzki,16:15,,,regular,2026-09-02T12:37:09.897857
2026-09-02,sroda,wrocław,Людина-павук: Абсолютно новий день / Spider-Man. Całkiem nowy dzień (ukr.),Multikino Pasaż Grunwaldzki,19:30,,,regular,2026-09-02T12:37:09.897857
2026-09-02,sroda,wrocław,Сузір'я великого пса / Gwiazdozbiór Psa (ukr.),Cinema City Wrocław Wroclavia,19:30,,,regular,2026-09-02T12:37:09.897857
2026-09-02,sroda,poznań,André Rieu. Niech żyje Maastricht!,Kino Teatr Apollo w Poznaniu,17:00,,,regular,2026-09-02T12:37:12.587181
2026-09-02,sroda,poznań,Arek.Mama.Panorama,Kino Muza w Poznaniu,15:00,,,regular,2026-09-02T12:37:12.587181
2026-09-02,sroda,poznań,Bogaci i martwi,Charlie Monroe Kino Malta w Poznaniu,17:00,,,regular,2026-09-02T12:37:12.587181
2026-09-02,sroda,poznań,Bogaci i martwi,Cinema City Poznań Kinepolis,16:00,,,regular,2026-09-02T12:37:12.587181
2026-09-02,sroda,poznań,Bogaci i martwi,Cinema City Poznań Plaza,13:20,,,regular,2026-09-02T12:37:12.587181
2026-09-02,sroda,poznań,Buntownik,Cinema City Poznań Kinepolis,17:00,,,regular,2026-09-02T12:37:12.587181
2026-09-02,sroda,poznań,Buntownik,Cinema City Poznań Kinepolis,19:20,,,regular,2026-09-02T12:37:12.587181
2026-09-02,sroda,poznań,Buntownik,Cinema City Poznań Kinepolis,22:00,,,regular,2026-09-02T12:37:12.587181
2026-09-02,sroda,poznań,Buntownik,Cinema City Poznań Plaza,15:50,,,regular,2026-09-02T12:37:12.587181
2026-09-02,sroda,poznań,Buntownik,Cinema City Poznań Plaza,20:30,,,regular,2026-09-02T12:37:12.587181
2026-09-02,sroda,poznań,Buntownik,Helios Poznań,14:10,,,regular,2026-09-02T12:37:12.587181
2026-09-02,sroda,poznań,Buntownik,Helios Poznań,17:00,,,regular,2026-09-02T12:37:12.587181
2026-09-02,sroda,poznań,Buntownik,Helios Poznań,20:50,,,regular,2026-09-02T12:37:12.587181
2026-09-02,sroda,poznań,Buntownik,Multikino Poznań Stary Browar,17:00,,,regular,2026-09-02T12:37:12.587181
2026-09-02,sroda,poznań,Buntownik,Multikino Poznań Stary Browar,19:15,,,regular,2026-09-02T12:37:12.587181
2026-09-02,sroda,poznań,Buntownik,Multikino Poznań Stary Browar,21:35,,,regular,2026-09-02T12:37:12.587181
2026-09-02,sroda,poznań,"Dziadku, wiejemy!",Kino Pałacowe w Poznaniu,18:00,,,regular,2026-09-02T12:37:12.587181
2026-09-02,sroda,poznań,Flavia de Luce (dubbing),Multikino Poznań Stary Browar,10:35,,dubbing,regular,2026-09-02T12:37:12.587181
2026-09-02,sroda,poznań,Frances Ha,Charlie Monroe Kino Malta w Poznaniu,17:10,,,regular,2026-09-02T12:37:12.587181
2026-09-02,sroda,poznań,Gorzkie święta,Charlie Monroe Kino Malta w Poznaniu,18:40,,,regular,2026-09-02T12:37:12.587181
2026-09-02,sroda,poznań,Gorzkie święta,Cinema City Poznań Kinepolis,15:40,,,regular,2026-09-02T12:37:12.587181
2026-09-02,sroda,poznań,Gorzkie święta,Cinema City Poznań Kinepolis,18:10,,,regular,2026-09-02T12:37:12.587181
2026-09-02,sroda,poznań,Gorzkie święta,Cinema City Poznań Kinepolis,20:40,,,regular,2026-09-02T12:37:12.587181
2026-09-02,sroda,poznań,Gorzkie święta,Cinema City Poznań Plaza,15:50,,,regular,2026-09-02T12:37:12.587181
2026-09-02,sroda,poznań,Gorzkie święta,Cinema City Poznań Plaza,19:30,,,regular,2026-09-02T12:37:12.587181
2026-09-02,sroda,poznań,Gorzkie święta,Helios Poznań,18:15,,,regular,2026-09-02T12:37:12.587181
2026-09-02,sroda,poznań,Gorzkie święta,Helios Poznań,21:15,,,regular,2026-09-02T12:37:12.587181
2026-09-02,sroda,poznań,Gorzkie święta,Kino Bułgarska 19 w Poznaniu,17:10,,,regular,2026-09-02T12:37:12.587181
2026-09-02,sroda,poznań,Gorzkie święta,Kino Muza w Poznaniu,16:15,,,regular,2026-09-02T12:37:12.587181
2026-09-02,sroda,poznań,Gorzkie święta,Kino Muza w Poznaniu,19:00,,,regular,2026-09-02T12:37:12.587181
2026-09-02,sroda,poznań,Gorzkie święta,Kino Muza w Poznaniu,21:15,,,regular,2026-09-02T12:37:12.587181
2026-09-02,sroda,poznań,Gorzkie święta,Kino Pałacowe w Poznaniu,20:00,,,regular,2026-09-02T12:37:12.587181
2026-09-02,sroda,poznań,Gorzkie święta,Kino Rialto w Poznaniu,15:00,,,regular,2026-09-02T12:37:12.587181
2026-09-02,sroda,poznań,Gorzkie święta,Multikino Poznań Stary Browar,17:55,,,regular,2026-09-02T12:37:12.587181
2026-09-02,sroda,poznań,Gorzkie święta,Multikino Poznań Stary Browar,20:30,,,regular,2026-09-02T12:37:12.587181
2026-09-02,sroda,poznań,Gwiazdozbiór Psa,Cinema City Poznań Kinepolis,12:00,,,regular,2026-09-02T12:37:12.587181
2026-09-02,sroda,poznań,Gwiazdozbiór Psa,Cinema City Poznań Kinepolis,13:10,,,regular,2026-09-02T12:37:12.587181
2026-09-02,sroda,poznań,Gwiazdozbiór Psa,Cinema City Poznań Kinepolis,14:30,,,regular,2026-09-02T12:37:12.587181
2026-09-02,sroda,poznań,Gwiazdozbiór Psa,Cinema City Poznań Kinepolis,15:50,,,regular,2026-09-02T12:37:12.587181
2026-09-02,sroda,poznań,Gwiazdozbiór Psa,Cinema City Poznań Kinepolis,17:10,,,regular,2026-09-02T12:37:12.587181
2026-09-02,sroda,poznań,Gwiazdozbiór Psa,Cinema City Poznań Kinepolis,18:30,,,regular,2026-09-02T12:37:12.587181
2026-09-02,sroda,poznań,Gwiazdozbiór Psa,Cinema City Poznań Kinepolis,19:50,,,regular,2026-09-02T12:37:12.587181
2026-09-02,sroda,poznań,Gwiazdozbiór Psa,Cinema City Poznań Kinepolis,21:10,,,regular,2026-09-02T12:37:12.587181
2026-09-02,sroda,poznań,Gwiazdozbiór Psa,Cinema City Poznań Plaza,11:50,,,regular,2026-09-02T12:37:12.587181
2026-09-02,sroda,poznań,Gwiazdozbiór Psa,Cinema City Poznań Plaza,14:30,,,regular,2026-09-02T12:37:12.587181
2026-09-02,sroda,poznań,Gwiazdozbiór Psa,Cinema City Poznań Plaza,17:10,,,regular,2026-09-02T12:37:12.587181
2026-09-02,sroda,poznań,Gwiazdozbiór Psa,Cinema City Poznań Plaza,19:50,,,regular,2026-09-02T12:37:12.587181
2026-09-02,sroda,poznań,Gwiazdozbiór Psa,Cinema City Poznań Plaza,22:30,,,regular,2026-09-02T12:37:12.587181
2026-09-02,sroda,poznań,Gwiazdozbiór Psa,Cinema City Poznań Plaza IMAX,13:30,,,regular,2026-09-02T12:37:12.587181
2026-09-02,sroda,poznań,Gwiazdozbiór Psa,Cinema City Poznań Plaza IMAX,19:40,,,regular,2026-09-02T12:37:12.587181
2026-09-02,sroda,poznań,Gwiazdozbiór Psa,Cinema City Poznań Plaza IMAX,22:20,,,regular,2026-09-02T12:37:12.587181
2026-09-02,sroda,poznań,Gwiazdozbiór Psa,Helios Poznań,12:45,,,regular,2026-09-02T12:37:12.587181
2026-09-02,sroda,poznań,Gwiazdozbiór Psa,Helios Poznań,15:45,,,regular,2026-09-02T12:37:12.587181
2026-09-02,sroda,poznań,Gwiazdozbiór Psa,Helios Poznań,18:30,,,regular,2026-09-02T12:37:12.587181
2026-09-02,sroda,poznań,Gwiazdozbiór Psa,Helios Poznań,20:00,,,regular,2026-09-02T12:37:12.587181
2026-09-02,sroda,poznań,Gwiazdozbiór Psa,Kino Pałacowe w Poznaniu,15:30,,,regular,2026-09-02T12:37:12.587181
2026-09-02,sroda,poznań,Gwiazdozbiór Psa,Kino Pałacowe w Poznaniu,20:30,,,regular,2026-09-02T12:37:12.587181
2026-09-02,sroda,poznań,Gwiazdozbiór Psa,Kino Rialto w Poznaniu,20:15,,,regular,2026-09-02T12:37:12.587181
2026-09-02,sroda,poznań,Gwiazdozbiór Psa,Multikino Poznań Stary Browar,14:45,,,regular,2026-09-02T12:37:12.587181
2026-09-02,sroda,poznań,Gwiazdozbiór Psa,Multikino Poznań Stary Browar,17:30,,,regular,2026-09-02T12:37:12.587181
2026-09-02,sroda,poznań,Gwiazdozbiór Psa,Multikino Poznań Stary Browar,20:15,,,regular,2026-09-02T12:37:12.587181
2026-09-02,sroda,poznań,Hamnet,Kino Muza w Poznaniu,18:45,,,regular,2026-09-02T12:37:12.587181
2026-09-02,sroda,poznań,Harry Potter i Insygnia Śmierci cz. 2 (dubbing),Multikino Poznań Stary Browar,17:15,,dubbing,regular,2026-09-02T12:37:12.587181
2026-09-02,sroda,poznań,Harry Potter i Kamień Filozoficzny (dubbing),Cinema City Poznań Kinepolis,16:30,,dubbing,regular,2026-09-02T12:37:12.587181
2026-09-02,sroda,poznań,Harry Potter i Kamień Filozoficzny (dubbing),Cinema City Poznań Kinepolis,17:00,,dubbing,regular,2026-09-02T12:37:12.587181
2026-09-02,sroda,poznań,Harry Potter i Kamień Filozoficzny (dubbing),Cinema City Poznań Plaza,16:40,,dubbing,regular,2026-09-02T12:37:12.587181
2026-09-02,sroda,poznań,Harry Potter i Kamień Filozoficzny (dubbing),Multikino Poznań Stary Browar,14:00,,dubbing,regular,2026-09-02T12:37:12.587181
2026-09-02,sroda,poznań,Historie równoległe,Charlie Monroe Kino Malta w Poznaniu,20:30,,,regular,2026-09-02T12:37:12.587181
2026-09-02,sroda,poznań,Historie równoległe,Kino Muza w Poznaniu,16:30,,,regular,2026-09-02T12:37:12.587181
2026-09-02,sroda,poznań,Kandydaci śmierci,Kino Muza w Poznaniu,21:00,,,regular,2026-09-02T12:37:12.587181
2026-09-02,sroda,poznań,Koniec Ulicy Dębowej,Cinema City Poznań Kinepolis,19:00,,,regular,2026-09-02T12:37:12.587181
2026-09-02,sroda,poznań,Koniec Ulicy Dębowej,Cinema City Poznań Plaza,10:20,,,regular,2026-09-02T12:37:12.587181
2026-09-02,sroda,poznań,Koniec Ulicy Dębowej,Helios Poznań,11:10,,,regular,2026-09-02T12:37:12.587181
2026-09-02,sroda,poznań,Koniec Ulicy Dębowej,Helios Poznań,21:30,,,regular,2026-09-02T12:37:12.587181
2026-09-02,sroda,poznań,Koniec Ulicy Dębowej,Multikino Poznań Stary Browar,19:30,,,regular,2026-09-02T12:37:12.587181
2026-09-02,sroda,poznań,Koniec Ulicy Dębowej,Multikino Poznań Stary Browar,21:35,,,regular,2026-09-02T12:37:12.587181
2026-09-02,sroda,poznań,Księga pustyni,Helios Poznań,10:30,,,regular,2026-09-02T12:37:12.587181
2026-09-02,sroda,poznań,Księga pustyni,Helios Poznań,16:00,,,regular,2026-09-02T12:37:12.587181
2026-09-02,sroda,poznań,Księga pustyni,Kino Bułgarska 19 w Poznaniu,15:30,,,regular,2026-09-02T12:37:12.587181
2026-09-02,sroda,poznań,Księga pustyni (dubbing),Cinema City Poznań Kinepolis,12:10,,dubbing,regular,2026-09-02T12:37:12.587181
2026-09-02,sroda,poznań,Księga pustyni (dubbing),Cinema City Poznań Kinepolis,14:30,,dubbing,regular,2026-09-02T12:37:12.587181
2026-09-02,sroda,poznań,Księga pustyni (dubbing),Cinema City Poznań Kinepolis,16:40,,dubbing,regular,2026-09-02T12:37:12.587181
2026-09-02,sroda,poznań,Księga pustyni (dubbing),Cinema City Poznań Plaza,12:50,,dubbing,regular,2026-09-02T12:37:12.587181
2026-09-02,sroda,poznań,Księga pustyni (dubbing),Cinema City Poznań Plaza,15:10,,dubbing,regular,2026-09-02T12:37:12.587181
2026-09-02,sroda,poznań,Księga pustyni (dubbing),Multikino Poznań Stary Browar,09:15,,dubbing,regular,2026-09-02T12:37:12.587181
2026-09-02,sroda,poznań,Księga pustyni (dubbing),Multikino Poznań Stary Browar,10:25,,dubbing,regular,2026-09-02T12:37:12.587181
2026-09-02,sroda,poznań,Księga pustyni (dubbing),Multikino Poznań Stary Browar,12:40,,dubbing,regular,2026-09-02T12:37:12.587181
2026-09-02,sroda,poznań,Księga pustyni (dubbing),Multikino Poznań Stary Browar,14:55,,dubbing,regular,2026-09-02T12:37:12.587181
2026-09-02,sroda,poznań,Księga pustyni (dubbing),Multikino Poznań Stary Browar,17:10,,dubbing,regular,2026-09-02T12:37:12.587181
2026-09-02,sroda,poznań,Minionki i straszydła (dubbing),Cinema City Poznań Kinepolis,15:50,,dubbing,regular,2026-09-02T12:37:12.587181
2026-09-02,sroda,poznań,Minionki i straszydła (dubbing),Cinema City Poznań Plaza,10:00,,dubbing,regular,2026-09-02T12:37:12.587181
2026-09-02,sroda,poznań,Minionki i straszydła (dubbing),Helios Poznań,10:50,,dubbing,regular,2026-09-02T12:37:12.587181
2026-09-02,sroda,poznań,Minionki i straszydła (dubbing),Helios Poznań,15:15,,dubbing,regular,2026-09-02T12:37:12.587181
2026-09-02,sroda,poznań,Minionki i straszydła (dubbing),Multikino Poznań Stary Browar,10:25,,dubbing,regular,2026-09-02T12:37:12.587181
2026-09-02,sroda,poznań,Minionki i straszydła (dubbing),Multikino Poznań Stary Browar,12:35,,dubbing,regular,2026-09-02T12:37:12.587181
2026-09-02,sroda,poznań,Mulholland Drive,Kino Pałacowe w Poznaniu,21:00,,,regular,2026-09-02T12:37:12.587181
2026-09-02,sroda,poznań,Naznaczony: Wyjście z mrocznego wymiaru,Cinema City Poznań Kinepolis,16:00,,,regular,2026-09-02T12:37:12.587181
2026-09-02,sroda,poznań,Naznaczony: Wyjście z mrocznego wymiaru,Cinema City Poznań Kinepolis,18:30,,,regular,2026-09-02T12:37:12.587181
2026-09-02,sroda,poznań,Naznaczony: Wyjście z mrocznego wymiaru,Cinema City Poznań Kinepolis,21:00,,,regular,2026-09-02T12:37:12.587181
2026-09-02,sroda,poznań,Naznaczony: Wyjście z mrocznego wymiaru,Cinema City Poznań Plaza,20:00,,,regular,2026-09-02T12:37:12.587181
2026-09-02,sroda,poznań,Naznaczony: Wyjście z mrocznego wymiaru,Cinema City Poznań Plaza,22:30,,,regular,2026-09-02T12:37:12.587181
2026-09-02,sroda,poznań,Naznaczony: Wyjście z mrocznego wymiaru,Helios Poznań,16:30,,,regular,2026-09-02T12:37:12.587181
2026-09-02,sroda,poznań,Naznaczony: Wyjście z mrocznego wymiaru,Helios Poznań,17:30,,,regular,2026-09-02T12:37:12.587181
2026-09-02,sroda,poznań,Naznaczony: Wyjście z mrocznego wymiaru,Helios Poznań,20:40,,,regular,2026-09-02T12:37:12.587181
2026-09-02,sroda,poznań,Naznaczony: Wyjście z mrocznego wymiaru,Multikino Poznań Stary Browar,13:55,,,regular,2026-09-02T12:37:12.587181
2026-09-02,sroda,poznań,Naznaczony: Wyjście z mrocznego wymiaru,Multikino Poznań Stary Browar,16:20,,,regular,2026-09-02T12:37:12.587181
2026-09-02,sroda,poznań,Naznaczony: Wyjście z mrocznego wymiaru,Multikino Poznań Stary Browar,18:45,,,regular,2026-09-02T12:37:12.587181
2026-09-02,sroda,poznań,Naznaczony: Wyjście z mrocznego wymiaru,Multikino Poznań Stary Browar,21:10,,,regular,2026-09-02T12:37:12.587181
2026-09-02,sroda,poznań,Nie patrz w dół 2,Cinema City Poznań Kinepolis,20:00,,,regular,2026-09-02T12:37:12.587181
2026-09-02,sroda,poznań,Nie patrz w dół 2,Multikino Poznań Stary Browar,17:00,,,regular,2026-09-02T12:37:12.587181
2026-09-02,sroda,poznań,Nowa fala,Kino Pałacowe w Poznaniu,16:00,,,regular,2026-09-02T12:37:12.587181
2026-09-02,sroda,poznań,Nowa fala,Multikino Poznań Stary Browar,20:00,,,regular,2026-09-02T12:37:12.587181
2026-09-02,sroda,poznań,O czym sobie nie mówimy,Kino Bułgarska 19 w Poznaniu,18:00,,,regular,2026-09-02T12:37:12.587181
2026-09-02,sroda,poznań,O czym sobie nie mówimy,Kino Muza w Poznaniu,14:30,,,regular,2026-09-02T12:37:12.587181
2026-09-02,sroda,poznań,O czym wie Marielle,Charlie Monroe Kino Malta w Poznaniu,15:25,,,regular,2026-09-02T12:37:12.587181
2026-09-02,sroda,poznań,Obsesja,Cinema City Poznań Kinepolis,21:30,,,regular,2026-09-02T12:37:12.587181
2026-09-02,sroda,poznań,Odyseja,Cinema City Poznań Kinepolis,12:30,,,regular,2026-09-02T12:37:12.587181
2026-09-02,sroda,poznań,Odyseja,Cinema City Poznań Kinepolis,16:15,,,regular,2026-09-02T12:37:12.587181
2026-09-02,sroda,poznań,Odyseja,Cinema City Poznań Kinepolis,17:40,,,regular,2026-09-02T12:37:12.587181
2026-09-02,sroda,poznań,Odyseja,Cinema City Poznań Kinepolis,18:00,,,regular,2026-09-02T12:37:12.587181
2026-09-02,sroda,poznań,Odyseja,Cinema City Poznań Kinepolis,20:00,,,regular,2026-09-02T12:37:12.587181
2026-09-02,sroda,poznań,Odyseja,Cinema City Poznań Kinepolis,20:50,,,regular,2026-09-02T12:37:12.587181
2026-09-02,sroda,poznań,Odyseja,Cinema City Poznań Kinepolis,21:20,,,regular,2026-09-02T12:37:12.587181
2026-09-02,sroda,poznań,Odyseja,Cinema City Poznań Kinepolis,21:30,,,regular,2026-09-02T12:37:12.587181
2026-09-02,sroda,poznań,Odyseja,Cinema City Poznań Plaza,10:40,,,regular,2026-09-02T12:37:12.587181
2026-09-02,sroda,poznań,Odyseja,Cinema City Poznań Plaza,14:20,,,regular,2026-09-02T12:37:12.587181
2026-09-02,sroda,poznań,Odyseja,Cinema City Poznań Plaza,18:00,,,regular,2026-09-02T12:37:12.587181
2026-09-02,sroda,poznań,Odyseja,Cinema City Poznań Plaza,20:10,,,regular,2026-09-02T12:37:12.587181
2026-09-02,sroda,poznań,Odyseja,Cinema City Poznań Plaza,21:40,,,regular,2026-09-02T12:37:12.587181
2026-09-02,sroda,poznań,Odyseja,Cinema City Poznań Plaza IMAX,10:00,,,regular,2026-09-02T12:37:12.587181
2026-09-02,sroda,poznań,Odyseja,Cinema City Poznań Plaza IMAX,16:10,,,regular,2026-09-02T12:37:12.587181
2026-09-02,sroda,poznań,Odyseja,Helios Poznań,11:40,,,regular,2026-09-02T12:37:12.587181
2026-09-02,sroda,poznań,Odyseja,Helios Poznań,13:15,,,regular,2026-09-02T12:37:12.587181
2026-09-02,sroda,poznań,Odyseja,Helios Poznań,16:45,,,regular,2026-09-02T12:37:12.587181
2026-09-02,sroda,poznań,Odyseja,Helios Poznań,19:30,,,regular,2026-09-02T12:37:12.587181
2026-09-02,sroda,poznań,Odyseja,Kino Muza w Poznaniu,18:15,,,regular,2026-09-02T12:37:12.587181
2026-09-02,sroda,poznań,Odyseja,Multikino Poznań Stary Browar,10:55,,,regular,2026-09-02T12:37:12.587181
2026-09-02,sroda,poznań,Odyseja,Multikino Poznań Stary Browar,14:30,,,regular,2026-09-02T12:37:12.587181
2026-09-02,sroda,poznań,Odyseja,Multikino Poznań Stary Browar,18:05,,,regular,2026-09-02T12:37:12.587181
2026-09-02,sroda,poznań,Odyseja,Multikino Poznań Stary Browar,19:25,,,regular,2026-09-02T12:37:12.587181
2026-09-02,sroda,poznań,Odzyskany,Charlie Monroe Kino Malta w Poznaniu,15:40,,,regular,2026-09-02T12:37:12.587181
2026-09-02,sroda,poznań,Odzyskany,Cinema City Poznań Kinepolis,15:50,,,regular,2026-09-02T12:37:12.587181
2026-09-02,sroda,poznań,Odzyskany,Kino Bułgarska 19 w Poznaniu,16:20,,,regular,2026-09-02T12:37:12.587181
2026-09-02,sroda,poznań,Ojczyzna,Kino Muza w Poznaniu,14:45,,,regular,2026-09-02T12:37:12.587181
2026-09-02,sroda,poznań,Ostatnia sesja w Paryżu,Charlie Monroe Kino Malta w Poznaniu,16:55,,,regular,2026-09-02T12:37:12.587181
2026-09-02,sroda,poznań,Ostrze przeznaczenia,Cinema City Poznań Kinepolis,18:00,,,regular,2026-09-02T12:37:12.587181
2026-09-02,sroda,poznań,Ostrze przeznaczenia,Cinema City Poznań Plaza,18:30,,,regular,2026-09-02T12:37:12.587181
2026-09-02,sroda,poznań,Psi Patrol i dinozaury,Helios Poznań,10:00,,,regular,2026-09-02T12:37:12.587181
2026-09-02,sroda,poznań,Psi Patrol i dinozaury,Helios Poznań,12:10,,,regular,2026-09-02T12:37:12.587181
2026-09-02,sroda,poznań,Psi Patrol i dinozaury,Helios Poznań,13:50,,,regular,2026-09-02T12:37:12.587181
2026-09-02,sroda,poznań,Psi Patrol i dinozaury,Helios Poznań,15:30,,,regular,2026-09-02T12:37:12.587181
2026-09-02,sroda,poznań,Psi Patrol i dinozaury (dubbing),Cinema City Poznań Kinepolis,12:30,,dubbing,regular,2026-09-02T12:37:12.587181
2026-09-02,sroda,poznań,Psi Patrol i dinozaury (dubbing),Cinema City Poznań Kinepolis,15:40,,dubbing,regular,2026-09-02T12:37:12.587181
2026-09-02,sroda,poznań,Psi Patrol i dinozaury (dubbing),Cinema City Poznań Kinepolis,17:50,,dubbing,regular,2026-09-02T12:37:12.587181
2026-09-02,sroda,poznań,Psi Patrol i dinozaury (dubbing),Cinema City Poznań Plaza,11:00,,dubbing,regular,2026-09-02T12:37:12.587181
2026-09-02,sroda,poznań,Psi Patrol i dinozaury (dubbing),Cinema City Poznań Plaza,13:10,,dubbing,regular,2026-09-02T12:37:12.587181
2026-09-02,sroda,poznań,Psi Patrol i dinozaury (dubbing),Cinema City Poznań Plaza,15:20,,dubbing,regular,2026-09-02T12:37:12.587181
2026-09-02,sroda,poznań,Psi Patrol i dinozaury (dubbing),Cinema City Poznań Plaza,17:30,,dubbing,regular,2026-09-02T12:37:12.587181
2026-09-02,sroda,poznań,Psi Patrol i dinozaury (dubbing),Multikino Poznań Stary Browar,09:30,,dubbing,regular,2026-09-02T12:37:12.587181
2026-09-02,sroda,poznań,Psi Patrol i dinozaury (dubbing),Multikino Poznań Stary Browar,10:20,,dubbing,regular,2026-09-02T12:37:12.587181
2026-09-02,sroda,poznań,Psi Patrol i dinozaury (dubbing),Multikino Poznań Stary Browar,11:45,,dubbing,regular,2026-09-02T12:37:12.587181
2026-09-02,sroda,poznań,Psi Patrol i dinozaury (dubbing),Multikino Poznań Stary Browar,12:30,,dubbing,regular,2026-09-02T12:37:12.587181
2026-09-02,sroda,poznań,Psi Patrol i dinozaury (dubbing),Multikino Poznań Stary Browar,14:40,,dubbing,regular,2026-09-02T12:37:12.587181
2026-09-02,sroda,poznań,Pucio kocha zwierzaki,Cinema City Poznań Kinepolis,12:00,,,regular,2026-09-02T12:37:12.587181
2026-09-02,sroda,poznań,Pucio kocha zwierzaki,Cinema City Poznań Kinepolis,13:30,,,regular,2026-09-02T12:37:12.587181
2026-09-02,sroda,poznań,Pucio kocha zwierzaki,Cinema City Poznań Kinepolis,15:00,,,regular,2026-09-02T12:37:12.587181
2026-09-02,sroda,poznań,Pucio kocha zwierzaki,Cinema City Poznań Plaza,11:20,,,regular,2026-09-02T12:37:12.587181
2026-09-02,sroda,poznań,Pucio kocha zwierzaki,Cinema City Poznań Plaza,12:50,,,regular,2026-09-02T12:37:12.587181
2026-09-02,sroda,poznań,Pucio kocha zwierzaki,Cinema City Poznań Plaza,14:20,,,regular,2026-09-02T12:37:12.587181
2026-09-02,sroda,poznań,Pucio kocha zwierzaki,Helios Poznań,10:10,,,regular,2026-09-02T12:37:12.587181
2026-09-02,sroda,poznań,Pucio kocha zwierzaki,Helios Poznań,11:00,,,regular,2026-09-02T12:37:12.587181
2026-09-02,sroda,poznań,Pucio kocha zwierzaki,Helios Poznań,12:30,,,regular,2026-09-02T12:37:12.587181
2026-09-02,sroda,poznań,Pucio kocha zwierzaki,Helios Poznań,14:20,,,regular,2026-09-02T12:37:12.587181
2026-09-02,sroda,poznań,Pucio kocha zwierzaki,Kino Bułgarska 19 w Poznaniu,15:20,,,regular,2026-09-02T12:37:12.587181
2026-09-02,sroda,poznań,Pucio kocha zwierzaki,Multikino Poznań Stary Browar,10:30,,,regular,2026-09-02T12:37:12.587181
2026-09-02,sroda,poznań,Pucio kocha zwierzaki,Multikino Poznań Stary Browar,11:45,,,regular,2026-09-02T12:37:12.587181
2026-09-02,sroda,poznań,Pucio kocha zwierzaki,Multikino Poznań Stary Browar,13:00,,,regular,2026-09-02T12:37:12.587181
2026-09-02,sroda,poznań,Pucio kocha zwierzaki,Multikino Poznań Stary Browar,14:20,,,regular,2026-09-02T12:37:12.587181
2026-09-02,sroda,poznań,Pucio kocha zwierzaki,Multikino Poznań Stary Browar,15:40,,,regular,2026-09-02T12:37:12.587181
2026-09-02,sroda,poznań,Sirât,Kino Bułgarska 19 w Poznaniu,20:00,,,regular,2026-09-02T12:37:12.587181
2026-09-02,sroda,poznań,Spider-Man. Całkiem nowy dzień,Cinema City Poznań Kinepolis,15:50,,,regular,2026-09-02T12:37:12.587181
2026-09-02,sroda,poznań,Spider-Man. Całkiem nowy dzień,Cinema City Poznań Kinepolis,19:00,,,regular,2026-09-02T12:37:12.587181
2026-09-02,sroda,poznań,Spider-Man. Całkiem nowy dzień,Cinema City Poznań Kinepolis,20:00,,,regular,2026-09-02T12:37:12.587181
2026-09-02,sroda,poznań,Spider-Man. Całkiem nowy dzień,Cinema City Poznań Kinepolis,21:10,,,regular,2026-09-02T12:37:12.587181
2026-09-02,sroda,poznań,Spider-Man. Całkiem nowy dzień,Cinema City Poznań Plaza,19:40,,,regular,2026-09-02T12:37:12.587181
2026-09-02,sroda,poznań,Spider-Man. Całkiem nowy dzień,Cinema City Poznań Plaza,21:30,,,regular,2026-09-02T12:37:12.587181
2026-09-02,sroda,poznań,Spider-Man. Całkiem nowy dzień,Helios Poznań,10:40,,,regular,2026-09-02T12:37:12.587181
2026-09-02,sroda,poznań,Spider-Man. Całkiem nowy dzień,Helios Poznań,11:30,,,regular,2026-09-02T12:37:12.587181
2026-09-02,sroda,poznań,Spider-Man. Całkiem nowy dzień,Helios Poznań,13:30,,,regular,2026-09-02T12:37:12.587181
2026-09-02,sroda,poznań,Spider-Man. Całkiem nowy dzień,Helios Poznań,14:45,,,regular,2026-09-02T12:37:12.587181
2026-09-02,sroda,poznań,Spider-Man. Całkiem nowy dzień,Helios Poznań,17:45,,,regular,2026-09-02T12:37:12.587181
2026-09-02,sroda,poznań,Spider-Man. Całkiem nowy dzień,Helios Poznań,20:20,,,regular,2026-09-02T12:37:12.587181
2026-09-02,sroda,poznań,Spider-Man. Całkiem nowy dzień,Helios Poznań,21:00,,,regular,2026-09-02T12:37:12.587181
2026-09-02,sroda,poznań,Spider-Man. Całkiem nowy dzień,Multikino Poznań Stary Browar,11:00,,,regular,2026-09-02T12:37:12.587181
2026-09-02,sroda,poznań,Spider-Man. Całkiem nowy dzień,Multikino Poznań Stary Browar,14:15,,,regular,2026-09-02T12:37:12.587181
2026-09-02,sroda,poznań,Spider-Man. Całkiem nowy dzień,Multikino Poznań Stary Browar,15:15,,,regular,2026-09-02T12:37:12.587181
2026-09-02,sroda,poznań,Spider-Man. Całkiem nowy dzień,Multikino Poznań Stary Browar,17:30,,,regular,2026-09-02T12:37:12.587181
2026-09-02,sroda,poznań,Spider-Man. Całkiem nowy dzień,Multikino Poznań Stary Browar,18:30,,,regular,2026-09-02T12:37:12.587181
2026-09-02,sroda,poznań,Spider-Man. Całkiem nowy dzień,Multikino Poznań Stary Browar,20:45,,,regular,2026-09-02T12:37:12.587181
2026-09-02,sroda,poznań,Spider-Man. Całkiem nowy dzień (dubbing),Cinema City Poznań Kinepolis,13:50,,dubbing,regular,2026-09-02T12:37:12.587181
2026-09-02,sroda,poznań,Spider-Man. Całkiem nowy dzień (dubbing),Cinema City Poznań Kinepolis,18:00,,dubbing,regular,2026-09-02T12:37:12.587181
2026-09-02,sroda,poznań,Spider-Man. Całkiem nowy dzień (dubbing),Cinema City Poznań Plaza,10:10,,dubbing,regular,2026-09-02T12:37:12.587181
2026-09-02,sroda,poznań,Spider-Man. Całkiem nowy dzień (dubbing),Cinema City Poznań Plaza,12:10,,dubbing,regular,2026-09-02T12:37:12.587181
2026-09-02,sroda,poznań,Spider-Man. Całkiem nowy dzień (dubbing),Cinema City Poznań Plaza,15:20,,dubbing,regular,2026-09-02T12:37:12.587181
2026-09-02,sroda,poznań,Spider-Man. Całkiem nowy dzień (dubbing),Multikino Poznań Stary Browar,10:00,,dubbing,regular,2026-09-02T12:37:12.587181
2026-09-02,sroda,poznań,Spider-Man. Całkiem nowy dzień (dubbing),Multikino Poznań Stary Browar,13:15,,dubbing,regular,2026-09-02T12:37:12.587181
2026-09-02,sroda,poznań,Spider-Man. Całkiem nowy dzień (dubbing),Multikino Poznań Stary Browar,16:30,,dubbing,regular,2026-09-02T12:37:12.587181
2026-09-02,sroda,poznań,Spider-Man. Całkiem nowy dzień (dubbing),Multikino Poznań Stary Browar,19:45,,dubbing,regular,2026-09-02T12:37:12.587181
2026-09-02,sroda,poznań,Spider-Man. Całkiem nowy dzień 3D (dubbing),Cinema City Poznań Plaza,13:30,3D,dubbing,regular,2026-09-02T12:37:12.587181
2026-09-02,sroda,poznań,Sunny Dancer,Charlie Monroe Kino Malta w Poznaniu,15:20,,,regular,2026-09-02T12:37:12.587181
2026-09-02,sroda,poznań,Sunny Dancer,Cinema City Poznań Kinepolis,16:10,,,regular,2026-09-02T12:37:12.587181
2026-09-02,sroda,poznań,Sunny Dancer,Cinema City Poznań Kinepolis,18:40,,,regular,2026-09-02T12:37:12.587181
2026-09-02,sroda,poznań,Sunny Dancer,Cinema City Poznań Plaza,17:30,,,regular,2026-09-02T12:37:12.587181
2026-09-02,sroda,poznań,Sunny Dancer,Kino Muza w Poznaniu,21:00,,,regular,2026-09-02T12:37:12.587181
2026-09-02,sroda,poznań,Sunny Dancer,Multikino Poznań Stary Browar,12:50,,,regular,2026-09-02T12:37:12.587181
2026-09-02,sroda,poznań,Takie jest życie,Charlie Monroe Kino Malta w Poznaniu,20:25,,,regular,2026-09-02T12:37:12.587181
2026-09-02,sroda,poznań,Terminator 2: Dzień sądu,Cinema City Poznań Kinepolis,16:00,,,regular,2026-09-02T12:37:12.587181
2026-09-02,sroda,poznań,Terminator 2: Dzień sądu,Cinema City Poznań Kinepolis,19:00,,,regular,2026-09-02T12:37:12.587181
2026-09-02,sroda,poznań,Terminator 2: Dzień sądu,Cinema City Poznań Kinepolis,20:30,,,regular,2026-09-02T12:37:12.587181
2026-09-02,sroda,poznań,Terminator 2: Dzień sądu,Cinema City Poznań Plaza,18:30,,,regular,2026-09-02T12:37:12.587181
2026-09-02,sroda,poznań,Terminator 2: Dzień sądu,Helios Poznań,18:00,,,regular,2026-09-02T12:37:12.587181
2026-09-02,sroda,poznań,Terminator 2: Dzień sądu,Multikino Poznań Stary Browar,21:30,,,regular,2026-09-02T12:37:12.587181
2026-09-02,sroda,poznań,Toy Story 5 (dubbing),Cinema City Poznań Kinepolis,13:10,,dubbing,regular,2026-09-02T12:37:12.587181
2026-09-02,sroda,poznań,Toy Story 5 (dubbing),Cinema City Poznań Kinepolis,15:30,,dubbing,regular,2026-09-02T12:37:12.587181
2026-09-02,sroda,poznań,Toy Story 5 (dubbing),Cinema City Poznań Plaza,11:00,,dubbing,regular,2026-09-02T12:37:12.587181
2026-09-02,sroda,poznań,Toy Story 5 (dubbing),Multikino Poznań Stary Browar,11:35,,dubbing,regular,2026-09-02T12:37:12.587181
2026-09-02,sroda,poznań,Tylko jedna noc,Cinema City Poznań Kinepolis,18:20,,,regular,2026-09-02T12:37:12.587181
2026-09-02,sroda,poznań,Tylko jedna noc,Cinema City Poznań Kinepolis,20:50,,,regular,2026-09-02T12:37:12.587181
2026-09-02,sroda,poznań,Tylko jedna noc,Cinema City Poznań Plaza,16:40,,,regular,2026-09-02T12:37:12.587181
2026-09-02,sroda,poznań,Tylko jedna noc,Cinema City Poznań Plaza,18:10,,,regular,2026-09-02T12:37:12.587181
2026-09-02,sroda,poznań,Tylko jedna noc,Multikino Poznań Stary Browar,12:55,,,regular,2026-09-02T12:37:12.587181
2026-09-02,sroda,poznań,Vaiana (dubbing),Cinema City Poznań Kinepolis,14:50,,dubbing,regular,2026-09-02T12:37:12.587181
2026-09-02,sroda,poznań,Vaiana (dubbing),Cinema City Poznań Plaza,10:50,,dubbing,regular,2026-09-02T12:37:12.587181
2026-09-02,sroda,poznań,Vaiana (dubbing),Multikino Poznań Stary Browar,10:10,,dubbing,regular,2026-09-02T12:37:12.587181
2026-09-02,sroda,poznań,Vivaldi i ja,Charlie Monroe Kino Malta w Poznaniu,18:40,,,regular,2026-09-02T12:37:12.587181
2026-09-02,sroda,poznań,Vivaldi i ja,Cinema City Poznań Kinepolis,13:10,,,regular,2026-09-02T12:37:12.587181
2026-09-02,sroda,poznań,Vivaldi i ja,Kino Pałacowe w Poznaniu,18:30,,,regular,2026-09-02T12:37:12.587181
2026-09-02,sroda,poznań,Wrong Girls,Charlie Monroe Kino Malta w Poznaniu,18:45,,,regular,2026-09-02T12:37:12.587181
2026-09-02,sroda,poznań,Wrong Girls,Cinema City Poznań Kinepolis,21:10,,,regular,2026-09-02T12:37:12.587181
2026-09-02,sroda,poznań,Wrong Girls,Cinema City Poznań Plaza,22:10,,,regular,2026-09-02T12:37:12.587181
2026-09-02,sroda,poznań,Wrong Girls,Kino Muza w Poznaniu,16:45,,,regular,2026-09-02T12:37:12.587181
2026-09-02,sroda,poznań,Wszyscy moi wrogowie,Cinema City Poznań Plaza,13:40,,,regular,2026-09-02T12:37:12.587181
2026-09-02,sroda,poznań,Wszyscy moi wrogowie,Kino Bułgarska 19 w Poznaniu,21:10,,,regular,2026-09-02T12:37:12.587181
2026-09-02,sroda,poznań,Zaproszenie,Charlie Monroe Kino Malta w Poznaniu,20:30,,,regular,2026-09-02T12:37:12.587181
2026-09-02,sroda,poznań,Zaproszenie,Cinema City Poznań Kinepolis,21:30,,,regular,2026-09-02T12:37:12.587181
2026-09-02,sroda,poznań,Zaproszenie,Kino Bułgarska 19 w Poznaniu,19:10,,,regular,2026-09-02T12:37:12.587181
2026-09-02,sroda,poznań,Zróbmy sobie przerwę,Helios Poznań,19:00,,,regular,2026-09-02T12:37:12.587181
2026-09-02,sroda,poznań,АСТРАЛ: ЗА МЕЖАМИ ПОТОЙБІЧЧЯ / Naznaczony: Wyjście z mrocznego wymiaru (ukr.),Multikino Poznań Stary Browar,15:25,,,regular,2026-09-02T12:37:12.587181
2026-09-02,sroda,poznań,Сузір'я великого пса / Gwiazdozbiór Psa (ukr.),Cinema City Poznań Plaza,21:20,,,regular,2026-09-02T12:37:12.587181
2026-09-02,sroda,gdańsk,Basia. Jestem w sam raz,Cinema1 w Gdańsku,10:00,,,regular,2026-09-02T12:37:15.746324
2026-09-02,sroda,gdańsk,Buntownik,Cinema1 w Gdańsku,15:00,,,regular,2026-09-02T12:37:15.746324
2026-09-02,sroda,gdańsk,Buntownik,Cinema1 w Gdańsku,20:30,,,regular,2026-09-02T12:37:15.746324
2026-09-02,sroda,gdańsk,Buntownik,Helios Gdańsk Forum,13:30,,,regular,2026-09-02T12:37:15.746324
2026-09-02,sroda,gdańsk,Buntownik,Helios Gdańsk Forum,19:15,,,regular,2026-09-02T12:37:15.746324
2026-09-02,sroda,gdańsk,Buntownik,Helios Gdańsk Metropolia,14:15,,,regular,2026-09-02T12:37:15.746324
2026-09-02,sroda,gdańsk,Buntownik,Helios Gdańsk Metropolia,18:30,,,regular,2026-09-02T12:37:15.746324
2026-09-02,sroda,gdańsk,Buntownik,Multikino Gdańsk,15:05,,,regular,2026-09-02T12:37:15.746324
2026-09-02,sroda,gdańsk,Buntownik,Multikino Gdańsk,18:15,,,regular,2026-09-02T12:37:15.746324
2026-09-02,sroda,gdańsk,Buntownik,Multikino Gdańsk,20:55,,,regular,2026-09-02T12:37:15.746324
2026-09-02,sroda,gdańsk,Frances Ha,Kino Kameralne Cafe w Gdańsku,21:00,,,regular,2026-09-02T12:37:15.746324
2026-09-02,sroda,gdańsk,Gorzkie święta,Helios Gdańsk Forum,12:10,,,regular,2026-09-02T12:37:15.746324
2026-09-02,sroda,gdańsk,Gorzkie święta,Helios Gdańsk Forum,20:15,,,regular,2026-09-02T12:37:15.746324
2026-09-02,sroda,gdańsk,Gorzkie święta,Helios Gdańsk Metropolia,20:40,,,regular,2026-09-02T12:37:15.746324
2026-09-02,sroda,gdańsk,Gorzkie święta,Kino Kameralne Cafe w Gdańsku,18:30,,,regular,2026-09-02T12:37:15.746324
2026-09-02,sroda,gdańsk,Gorzkie święta,Kino Spektrum w Gdańsku,18:00,,,regular,2026-09-02T12:37:15.746324
2026-09-02,sroda,gdańsk,Gorzkie święta,Multikino Gdańsk,20:15,,,regular,2026-09-02T12:37:15.746324
2026-09-02,sroda,gdańsk,Gwiazdozbiór Psa,Cinema1 w Gdańsku,16:35,,,regular,2026-09-02T12:37:15.746324
2026-09-02,sroda,gdańsk,Gwiazdozbiór Psa,Cinema1 w Gdańsku,18:35,,,regular,2026-09-02T12:37:15.746324
2026-09-02,sroda,gdańsk,Gwiazdozbiór Psa,Cinema1 w Gdańsku,20:15,,,regular,2026-09-02T12:37:15.746324
2026-09-02,sroda,gdańsk,Gwiazdozbiór Psa,Helios Gdańsk Forum,12:50,,,regular,2026-09-02T12:37:15.746324
2026-09-02,sroda,gdańsk,Gwiazdozbiór Psa,Helios Gdańsk Forum,16:15,,,regular,2026-09-02T12:37:15.746324
2026-09-02,sroda,gdańsk,Gwiazdozbiór Psa,Helios Gdańsk Forum,19:00,,,regular,2026-09-02T12:37:15.746324
2026-09-02,sroda,gdańsk,Gwiazdozbiór Psa,Helios Gdańsk Forum,20:30,,,regular,2026-09-02T12:37:15.746324
2026-09-02,sroda,gdańsk,Gwiazdozbiór Psa,Helios Gdańsk Forum,21:45,,,regular,2026-09-02T12:37:15.746324
2026-09-02,sroda,gdańsk,Gwiazdozbiór Psa,Helios Gdańsk Metropolia,12:15,,,regular,2026-09-02T12:37:15.746324
2026-09-02,sroda,gdańsk,Gwiazdozbiór Psa,Helios Gdańsk Metropolia,15:00,,,regular,2026-09-02T12:37:15.746324
2026-09-02,sroda,gdańsk,Gwiazdozbiór Psa,Helios Gdańsk Metropolia,17:30,,,regular,2026-09-02T12:37:15.746324
2026-09-02,sroda,gdańsk,Gwiazdozbiór Psa,Helios Gdańsk Metropolia,20:50,,,regular,2026-09-02T12:37:15.746324
2026-09-02,sroda,gdańsk,Gwiazdozbiór Psa,Multikino Gdańsk,11:35,,,regular,2026-09-02T12:37:15.746324
2026-09-02,sroda,gdańsk,Gwiazdozbiór Psa,Multikino Gdańsk,17:45,,,regular,2026-09-02T12:37:15.746324
2026-09-02,sroda,gdańsk,Gwiazdozbiór Psa,Multikino Gdańsk,20:30,,,regular,2026-09-02T12:37:15.746324
2026-09-02,sroda,gdańsk,Harry Potter i Insygnia Śmierci cz. 2 (dubbing),Multikino Gdańsk,17:15,,dubbing,regular,2026-09-02T12:37:15.746324
2026-09-02,sroda,gdańsk,Harry Potter i Kamień Filozoficzny (dubbing),Multikino Gdańsk,14:00,,dubbing,regular,2026-09-02T12:37:15.746324
2026-09-02,sroda,gdańsk,Homo sapiens?,Kino Kameralne Cafe w Gdańsku,13:30,,,regular,2026-09-02T12:37:15.746324
2026-09-02,sroda,gdańsk,Homo sapiens?,Kino Spektrum w Gdańsku,15:45,,,regular,2026-09-02T12:37:15.746324
2026-09-02,sroda,gdańsk,Julia Pirotte. Piękno i siła,Kino Spektrum w Gdańsku,20:15,,,regular,2026-09-02T12:37:15.746324
2026-09-02,sroda,gdańsk,Kandydaci śmierci,Kino Spektrum w Gdańsku,16:00,,,regular,2026-09-02T12:37:15.746324
2026-09-02,sroda,gdańsk,Koniec Ulicy Dębowej,Cinema1 w Gdańsku,14:15,,,regular,2026-09-02T12:37:15.746324
2026-09-02,sroda,gdańsk,Koniec Ulicy Dębowej,Helios Gdańsk Forum,17:50,,,regular,2026-09-02T12:37:15.746324
2026-09-02,sroda,gdańsk,Koniec Ulicy Dębowej,Helios Gdańsk Forum,21:30,,,regular,2026-09-02T12:37:15.746324
2026-09-02,sroda,gdańsk,Koniec Ulicy Dębowej,Multikino Gdańsk,11:10,,,regular,2026-09-02T12:37:15.746324
2026-09-02,sroda,gdańsk,Księga pustyni,Helios Gdańsk Forum,10:40,,,regular,2026-09-02T12:37:15.746324
2026-09-02,sroda,gdańsk,Księga pustyni,Helios Gdańsk Forum,13:50,,,regular,2026-09-02T12:37:15.746324
2026-09-02,sroda,gdańsk,Księga pustyni,Helios Gdańsk Forum,17:00,,,regular,2026-09-02T12:37:15.746324
2026-09-02,sroda,gdańsk,Księga pustyni,Helios Gdańsk Metropolia,11:30,,,regular,2026-09-02T12:37:15.746324
2026-09-02,sroda,gdańsk,Księga pustyni,Helios Gdańsk Metropolia,13:45,,,regular,2026-09-02T12:37:15.746324
2026-09-02,sroda,gdańsk,Księga pustyni (dubbing),Cinema1 w Gdańsku,10:30,,dubbing,regular,2026-09-02T12:37:15.746324
2026-09-02,sroda,gdańsk,Księga pustyni (dubbing),Cinema1 w Gdańsku,12:35,,dubbing,regular,2026-09-02T12:37:15.746324
2026-09-02,sroda,gdańsk,Księga pustyni (dubbing),Cinema1 w Gdańsku,14:45,,dubbing,regular,2026-09-02T12:37:15.746324
2026-09-02,sroda,gdańsk,Księga pustyni (dubbing),Multikino Gdańsk,10:00,,dubbing,regular,2026-09-02T12:37:15.746324
2026-09-02,sroda,gdańsk,Księga pustyni (dubbing),Multikino Gdańsk,13:45,,dubbing,regular,2026-09-02T12:37:15.746324
2026-09-02,sroda,gdańsk,Księga pustyni (dubbing),Multikino Gdańsk,16:00,,dubbing,regular,2026-09-02T12:37:15.746324
2026-09-02,sroda,gdańsk,Kumotry,Kino Spektrum w Gdańsku,14:15,,,regular,2026-09-02T12:37:15.746324
2026-09-02,sroda,gdańsk,Kuźma,Kino Kameralne Cafe w Gdańsku,15:45,,,regular,2026-09-02T12:37:15.746324
2026-09-02,sroda,gdańsk,Minionki i straszydła (dubbing),Cinema1 w Gdańsku,09:30,,dubbing,regular,2026-09-02T12:37:15.746324
2026-09-02,sroda,gdańsk,Minionki i straszydła (dubbing),Cinema1 w Gdańsku,11:30,,dubbing,regular,2026-09-02T12:37:15.746324
2026-09-02,sroda,gdańsk,Minionki i straszydła (dubbing),Helios Gdańsk Forum,11:40,,dubbing,regular,2026-09-02T12:37:15.746324
2026-09-02,sroda,gdańsk,Minionki i straszydła (dubbing),Helios Gdańsk Forum,14:45,,dubbing,regular,2026-09-02T12:37:15.746324
2026-09-02,sroda,gdańsk,Minionki i straszydła (dubbing),Helios Gdańsk Metropolia,12:00,,dubbing,regular,2026-09-02T12:37:15.746324
2026-09-02,sroda,gdańsk,Minionki i straszydła (dubbing),Multikino Gdańsk,10:10,,dubbing,regular,2026-09-02T12:37:15.746324
2026-09-02,sroda,gdańsk,Minionki i straszydła (dubbing),Multikino Gdańsk,12:20,,dubbing,regular,2026-09-02T12:37:15.746324
2026-09-02,sroda,gdańsk,Minionki i straszydła (dubbing),Multikino Gdańsk,14:25,,dubbing,regular,2026-09-02T12:37:15.746324
2026-09-02,sroda,gdańsk,Naznaczony: Wyjście z mrocznego wymiaru,Cinema1 w Gdańsku,18:45,,,regular,2026-09-02T12:37:15.746324
2026-09-02,sroda,gdańsk,Naznaczony: Wyjście z mrocznego wymiaru,Cinema1 w Gdańsku,21:00,,,regular,2026-09-02T12:37:15.746324
2026-09-02,sroda,gdańsk,Naznaczony: Wyjście z mrocznego wymiaru,Helios Gdańsk Forum,15:20,,,regular,2026-09-02T12:37:15.746324
2026-09-02,sroda,gdańsk,Naznaczony: Wyjście z mrocznego wymiaru,Helios Gdańsk Forum,18:45,,,regular,2026-09-02T12:37:15.746324
2026-09-02,sroda,gdańsk,Naznaczony: Wyjście z mrocznego wymiaru,Helios Gdańsk Forum,21:00,,,regular,2026-09-02T12:37:15.746324
2026-09-02,sroda,gdańsk,Naznaczony: Wyjście z mrocznego wymiaru,Helios Gdańsk Metropolia,16:00,,,regular,2026-09-02T12:37:15.746324
2026-09-02,sroda,gdańsk,Naznaczony: Wyjście z mrocznego wymiaru,Helios Gdańsk Metropolia,19:00,,,regular,2026-09-02T12:37:15.746324
2026-09-02,sroda,gdańsk,Naznaczony: Wyjście z mrocznego wymiaru,Helios Gdańsk Metropolia,21:30,,,regular,2026-09-02T12:37:15.746324
2026-09-02,sroda,gdańsk,Naznaczony: Wyjście z mrocznego wymiaru,Multikino Gdańsk,15:05,,,regular,2026-09-02T12:37:15.746324
2026-09-02,sroda,gdańsk,Naznaczony: Wyjście z mrocznego wymiaru,Multikino Gdańsk,17:35,,,regular,2026-09-02T12:37:15.746324
2026-09-02,sroda,gdańsk,Naznaczony: Wyjście z mrocznego wymiaru,Multikino Gdańsk,20:05,,,regular,2026-09-02T12:37:15.746324
2026-09-02,sroda,gdańsk,Nowa fala,Kino Spektrum w Gdańsku,20:00,,,regular,2026-09-02T12:37:15.746324
2026-09-02,sroda,gdańsk,Nowa fala,Multikino Gdańsk,20:00,,,regular,2026-09-02T12:37:15.746324
2026-09-02,sroda,gdańsk,O czym sobie nie mówimy,Kino Spektrum w Gdańsku,17:45,,,regular,2026-09-02T12:37:15.746324
2026-09-02,sroda,gdańsk,O czym sobie nie mówimy,Kino Żak w Gdańsku,18:00,,,regular,2026-09-02T12:37:15.746324
2026-09-02,sroda,gdańsk,Obsesja,Helios Gdańsk Forum,20:50,,,regular,2026-09-02T12:37:15.746324
2026-09-02,sroda,gdańsk,Odyseja,Cinema1 w Gdańsku,17:00,,,regular,2026-09-02T12:37:15.746324
2026-09-02,sroda,gdańsk,Odyseja,Cinema1 w Gdańsku,19:15,,,regular,2026-09-02T12:37:15.746324
2026-09-02,sroda,gdańsk,Odyseja,Helios Gdańsk Forum,11:40,,,regular,2026-09-02T12:37:15.746324
2026-09-02,sroda,gdańsk,Odyseja,Helios Gdańsk Forum,14:30,,,regular,2026-09-02T12:37:15.746324
2026-09-02,sroda,gdańsk,Odyseja,Helios Gdańsk Forum,16:50,,,regular,2026-09-02T12:37:15.746324
2026-09-02,sroda,gdańsk,Odyseja,Helios Gdańsk Forum,19:50,,,regular,2026-09-02T12:37:15.746324
2026-09-02,sroda,gdańsk,Odyseja,Helios Gdańsk Metropolia,11:10,,,regular,2026-09-02T12:37:15.746324
2026-09-02,sroda,gdańsk,Odyseja,Helios Gdańsk Metropolia,16:20,,,regular,2026-09-02T12:37:15.746324
2026-09-02,sroda,gdańsk,Odyseja,Helios Gdańsk Metropolia,19:40,,,regular,2026-09-02T12:37:15.746324
2026-09-02,sroda,gdańsk,Odyseja,Multikino Gdańsk,12:15,,,regular,2026-09-02T12:37:15.746324
2026-09-02,sroda,gdańsk,Odyseja,Multikino Gdańsk,14:20,,,regular,2026-09-02T12:37:15.746324
2026-09-02,sroda,gdańsk,Odyseja,Multikino Gdańsk,15:50,,,regular,2026-09-02T12:37:15.746324
2026-09-02,sroda,gdańsk,Odyseja,Multikino Gdańsk,17:30,,,regular,2026-09-02T12:37:15.746324
2026-09-02,sroda,gdańsk,Odyseja,Multikino Gdańsk,19:25,,,regular,2026-09-02T12:37:15.746324
2026-09-02,sroda,gdańsk,Odyseja,Multikino Gdańsk,20:30,,,regular,2026-09-02T12:37:15.746324
2026-09-02,sroda,gdańsk,Ostrze przeznaczenia,Multikino Gdańsk,21:00,,,regular,2026-09-02T12:37:15.746324
2026-09-02,sroda,gdańsk,Psi Patrol i dinozaury,Helios Gdańsk Forum,10:10,,,regular,2026-09-02T12:37:15.746324
2026-09-02,sroda,gdańsk,Psi Patrol i dinozaury,Helios Gdańsk Forum,12:20,,,regular,2026-09-02T12:37:15.746324
2026-09-02,sroda,gdańsk,Psi Patrol i dinozaury,Helios Gdańsk Forum,15:30,,,regular,2026-09-02T12:37:15.746324
2026-09-02,sroda,gdańsk,Psi Patrol i dinozaury,Helios Gdańsk Forum,17:40,,,regular,2026-09-02T12:37:15.746324
2026-09-02,sroda,gdańsk,Psi Patrol i dinozaury,Helios Gdańsk Metropolia,11:00,,,regular,2026-09-02T12:37:15.746324
2026-09-02,sroda,gdańsk,Psi Patrol i dinozaury,Helios Gdańsk Metropolia,13:00,,,regular,2026-09-02T12:37:15.746324
2026-09-02,sroda,gdańsk,Psi Patrol i dinozaury,Helios Gdańsk Metropolia,15:15,,,regular,2026-09-02T12:37:15.746324
2026-09-02,sroda,gdańsk,Psi Patrol i dinozaury,Helios Gdańsk Metropolia,16:45,,,regular,2026-09-02T12:37:15.746324
2026-09-02,sroda,gdańsk,Psi Patrol i dinozaury (dubbing),Cinema1 w Gdańsku,09:30,,dubbing,regular,2026-09-02T12:37:15.746324
2026-09-02,sroda,gdańsk,Psi Patrol i dinozaury (dubbing),Cinema1 w Gdańsku,10:30,,dubbing,regular,2026-09-02T12:37:15.746324
2026-09-02,sroda,gdańsk,Psi Patrol i dinozaury (dubbing),Cinema1 w Gdańsku,11:35,,dubbing,regular,2026-09-02T12:37:15.746324
2026-09-02,sroda,gdańsk,Psi Patrol i dinozaury (dubbing),Cinema1 w Gdańsku,12:45,,dubbing,regular,2026-09-02T12:37:15.746324
2026-09-02,sroda,gdańsk,Psi Patrol i dinozaury (dubbing),Cinema1 w Gdańsku,17:15,,dubbing,regular,2026-09-02T12:37:15.746324
2026-09-02,sroda,gdańsk,Psi Patrol i dinozaury (dubbing),Multikino Gdańsk,10:15,,dubbing,regular,2026-09-02T12:37:15.746324
2026-09-02,sroda,gdańsk,Psi Patrol i dinozaury (dubbing),Multikino Gdańsk,11:15,,dubbing,regular,2026-09-02T12:37:15.746324
2026-09-02,sroda,gdańsk,Psi Patrol i dinozaury (dubbing),Multikino Gdańsk,12:30,,dubbing,regular,2026-09-02T12:37:15.746324
2026-09-02,sroda,gdańsk,Psi Patrol i dinozaury (dubbing),Multikino Gdańsk,13:30,,dubbing,regular,2026-09-02T12:37:15.746324
2026-09-02,sroda,gdańsk,Psi Patrol i dinozaury (dubbing),Multikino Gdańsk,15:45,,dubbing,regular,2026-09-02T12:37:15.746324
2026-09-02,sroda,gdańsk,Psi Patrol i dinozaury (dubbing),Multikino Gdańsk,18:00,,dubbing,regular,2026-09-02T12:37:15.746324
2026-09-02,sroda,gdańsk,Pucio kocha zwierzaki,Cinema1 w Gdańsku,10:15,,,regular,2026-09-02T12:37:15.746324
2026-09-02,sroda,gdańsk,Pucio kocha zwierzaki,Cinema1 w Gdańsku,11:45,,,regular,2026-09-02T12:37:15.746324
2026-09-02,sroda,gdańsk,Pucio kocha zwierzaki,Cinema1 w Gdańsku,13:00,,,regular,2026-09-02T12:37:15.746324
2026-09-02,sroda,gdańsk,Pucio kocha zwierzaki,Helios Gdańsk Forum,10:10,,,regular,2026-09-02T12:37:15.746324
2026-09-02,sroda,gdańsk,Pucio kocha zwierzaki,Helios Gdańsk Forum,12:40,,,regular,2026-09-02T12:37:15.746324
2026-09-02,sroda,gdańsk,Pucio kocha zwierzaki,Helios Gdańsk Forum,14:00,,,regular,2026-09-02T12:37:15.746324
2026-09-02,sroda,gdańsk,Pucio kocha zwierzaki,Helios Gdańsk Forum,15:10,,,regular,2026-09-02T12:37:15.746324
2026-09-02,sroda,gdańsk,Pucio kocha zwierzaki,Helios Gdańsk Metropolia,11:30,,,regular,2026-09-02T12:37:15.746324
2026-09-02,sroda,gdańsk,Pucio kocha zwierzaki,Helios Gdańsk Metropolia,14:45,,,regular,2026-09-02T12:37:15.746324
2026-09-02,sroda,gdańsk,Pucio kocha zwierzaki,Multikino Gdańsk,10:00,,,regular,2026-09-02T12:37:15.746324
2026-09-02,sroda,gdańsk,Pucio kocha zwierzaki,Multikino Gdańsk,11:10,,,regular,2026-09-02T12:37:15.746324
2026-09-02,sroda,gdańsk,Pucio kocha zwierzaki,Multikino Gdańsk,12:45,,,regular,2026-09-02T12:37:15.746324
2026-09-02,sroda,gdańsk,Pucio kocha zwierzaki,Multikino Gdańsk,16:30,,,regular,2026-09-02T12:37:15.746324
2026-09-02,sroda,gdańsk,Spider-Man. Całkiem nowy dzień,Cinema1 w Gdańsku,17:00,,,regular,2026-09-02T12:37:15.746324
2026-09-02,sroda,gdańsk,Spider-Man. Całkiem nowy dzień,Cinema1 w Gdańsku,19:30,,,regular,2026-09-02T12:37:15.746324
2026-09-02,sroda,gdańsk,Spider-Man. Całkiem nowy dzień,Cinema1 w Gdańsku,21:05,,,regular,2026-09-02T12:37:15.746324
2026-09-02,sroda,gdańsk,Spider-Man. Całkiem nowy dzień,Helios Gdańsk Forum,09:30,,,regular,2026-09-02T12:37:15.746324
2026-09-02,sroda,gdańsk,Spider-Man. Całkiem nowy dzień,Helios Gdańsk Forum,10:30,,,regular,2026-09-02T12:37:15.746324
2026-09-02,sroda,gdańsk,Spider-Man. Całkiem nowy dzień,Helios Gdańsk Forum,11:10,,,regular,2026-09-02T12:37:15.746324
2026-09-02,sroda,gdańsk,Spider-Man. Całkiem nowy dzień,Helios Gdańsk Forum,14:15,,,regular,2026-09-02T12:37:15.746324
2026-09-02,sroda,gdańsk,Spider-Man. Całkiem nowy dzień,Helios Gdańsk Forum,15:45,,,regular,2026-09-02T12:37:15.746324
2026-09-02,sroda,gdańsk,Spider-Man. Całkiem nowy dzień,Helios Gdańsk Forum,17:30,,,regular,2026-09-02T12:37:15.746324
2026-09-02,sroda,gdańsk,Spider-Man. Całkiem nowy dzień,Helios Gdańsk Forum,20:40,,,regular,2026-09-02T12:37:15.746324
2026-09-02,sroda,gdańsk,Spider-Man. Całkiem nowy dzień,Helios Gdańsk Forum,21:20,,,regular,2026-09-02T12:37:15.746324
2026-09-02,sroda,gdańsk,Spider-Man. Całkiem nowy dzień,Helios Gdańsk Metropolia,11:20,,,regular,2026-09-02T12:37:15.746324
2026-09-02,sroda,gdańsk,Spider-Man. Całkiem nowy dzień,Helios Gdańsk Metropolia,13:20,,,regular,2026-09-02T12:37:15.746324
2026-09-02,sroda,gdańsk,Spider-Man. Całkiem nowy dzień,Helios Gdańsk Metropolia,14:30,,,regular,2026-09-02T12:37:15.746324
2026-09-02,sroda,gdańsk,Spider-Man. Całkiem nowy dzień,Helios Gdańsk Metropolia,16:30,,,regular,2026-09-02T12:37:15.746324
2026-09-02,sroda,gdańsk,Spider-Man. Całkiem nowy dzień,Helios Gdańsk Metropolia,17:45,,,regular,2026-09-02T12:37:15.746324
2026-09-02,sroda,gdańsk,Spider-Man. Całkiem nowy dzień,Helios Gdańsk Metropolia,20:00,,,regular,2026-09-02T12:37:15.746324
2026-09-02,sroda,gdańsk,Spider-Man. Całkiem nowy dzień,Helios Gdańsk Metropolia,20:45,,,regular,2026-09-02T12:37:15.746324
2026-09-02,sroda,gdańsk,Spider-Man. Całkiem nowy dzień,Multikino Gdańsk,11:00,,,regular,2026-09-02T12:37:15.746324
2026-09-02,sroda,gdańsk,Spider-Man. Całkiem nowy dzień,Multikino Gdańsk,14:15,,,regular,2026-09-02T12:37:15.746324
2026-09-02,sroda,gdańsk,Spider-Man. Całkiem nowy dzień,Multikino Gdańsk,17:30,,,regular,2026-09-02T12:37:15.746324
2026-09-02,sroda,gdańsk,Spider-Man. Całkiem nowy dzień,Multikino Gdańsk,20:45,,,regular,2026-09-02T12:37:15.746324
2026-09-02,sroda,gdańsk,Spider-Man. Całkiem nowy dzień (dubbing),Cinema1 w Gdańsku,13:45,,dubbing,regular,2026-09-02T12:37:15.746324
2026-09-02,sroda,gdańsk,Spider-Man. Całkiem nowy dzień (dubbing),Multikino Gdańsk,10:00,,dubbing,regular,2026-09-02T12:37:15.746324
2026-09-02,sroda,gdańsk,Spider-Man. Całkiem nowy dzień (dubbing),Multikino Gdańsk,13:15,,dubbing,regular,2026-09-02T12:37:15.746324
2026-09-02,sroda,gdańsk,Spider-Man. Całkiem nowy dzień (dubbing),Multikino Gdańsk,16:30,,dubbing,regular,2026-09-02T12:37:15.746324
2026-09-02,sroda,gdańsk,Spider-Man. Całkiem nowy dzień (dubbing),Multikino Gdańsk,19:45,,dubbing,regular,2026-09-02T12:37:15.746324
2026-09-02,sroda,gdańsk,Sunny Dancer,Cinema1 w Gdańsku,13:45,,,regular,2026-09-02T12:37:15.746324
2026-09-02,sroda,gdańsk,Sunny Dancer,Cinema1 w Gdańsku,16:15,,,regular,2026-09-02T12:37:15.746324
2026-09-02,sroda,gdańsk,Sunny Dancer,Helios Gdańsk Forum,16:00,,,regular,2026-09-02T12:37:15.746324
2026-09-02,sroda,gdańsk,Terminator 2: Dzień sądu,Helios Gdańsk Forum,18:00,,,regular,2026-09-02T12:37:15.746324
2026-09-02,sroda,gdańsk,Terminator 2: Dzień sądu,Helios Gdańsk Metropolia,18:00,,,regular,2026-09-02T12:37:15.746324
2026-09-02,sroda,gdańsk,Terminator 2: Dzień sądu,Multikino Gdańsk,18:00,,,regular,2026-09-02T12:37:15.746324
2026-09-02,sroda,gdańsk,Toy Story 5 (dubbing),Cinema1 w Gdańsku,11:35,,dubbing,regular,2026-09-02T12:37:15.746324
2026-09-02,sroda,gdańsk,Toy Story 5 (dubbing),Cinema1 w Gdańsku,14:00,,dubbing,regular,2026-09-02T12:37:15.746324
2026-09-02,sroda,gdańsk,Toy Story 5 (dubbing),Multikino Gdańsk,10:20,,dubbing,regular,2026-09-02T12:37:15.746324
2026-09-02,sroda,gdańsk,Tylko jedna noc,Helios Gdańsk Forum,11:20,,,regular,2026-09-02T12:37:15.746324
2026-09-02,sroda,gdańsk,Vaiana,Helios Gdańsk Forum,10:00,,,regular,2026-09-02T12:37:15.746324
2026-09-02,sroda,gdańsk,Vaiana (dubbing),Multikino Gdańsk,12:20,,dubbing,regular,2026-09-02T12:37:15.746324
2026-09-02,sroda,gdańsk,Wrong Girls,Helios Gdańsk Forum,13:40,,,regular,2026-09-02T12:37:15.746324
2026-09-02,sroda,gdańsk,Wrong Girls,Kino Spektrum w Gdańsku,14:00,,,regular,2026-09-02T12:37:15.746324
2026-09-02,sroda,gdańsk,Wrong Girls,Kino Żak w Gdańsku,20:15,,,regular,2026-09-02T12:37:15.746324
2026-09-02,sroda,gdańsk,Zaproszenie,Cinema1 w Gdańsku,16:15,,,regular,2026-09-02T12:37:15.746324
2026-09-02,sroda,gdańsk,Zróbmy sobie przerwę,Helios Gdańsk Forum,18:30,,,regular,2026-09-02T12:37:15.746324
2026-09-02,sroda,gdańsk,Zróbmy sobie przerwę,Helios Gdańsk Metropolia,20:15,,,regular,2026-09-02T12:37:15.746324
2026-09-02,sroda,łódź,Arek.Mama.Panorama,Kino Charlie w Łodzi,19:10,,,regular,2026-09-02T12:37:17.715224
2026-09-02,sroda,łódź,Bogaci i martwi,Cinema City Łódź Manufaktura,14:00,,,regular,2026-09-02T12:37:17.715224
2026-09-02,sroda,łódź,Bogaci i martwi,Kino Charlie w Łodzi,18:25,,,regular,2026-09-02T12:37:17.715224
2026-09-02,sroda,łódź,Buntownik,Cinema City Łódź Manufaktura,11:40,,,regular,2026-09-02T12:37:17.715224
2026-09-02,sroda,łódź,Buntownik,Cinema City Łódź Manufaktura,20:50,,,regular,2026-09-02T12:37:17.715224
2026-09-02,sroda,łódź,Buntownik,Helios Łódź,13:30,,,regular,2026-09-02T12:37:17.715224
2026-09-02,sroda,łódź,Buntownik,Helios Łódź,19:15,,,regular,2026-09-02T12:37:17.715224
2026-09-02,sroda,łódź,Buntownik,Multikino Silver Screen Łódź,11:25,,,regular,2026-09-02T12:37:17.715224
2026-09-02,sroda,łódź,Buntownik,Multikino Silver Screen Łódź,20:00,,,regular,2026-09-02T12:37:17.715224
2026-09-02,sroda,łódź,Drugie życie,Kino Tatry w Łodzi,20:00,,,regular,2026-09-02T12:37:17.715224
2026-09-02,sroda,łódź,Flavia de Luce (dubbing),Cinema City Łódź Manufaktura,10:00,,dubbing,regular,2026-09-02T12:37:17.715224
2026-09-02,sroda,łódź,Gorzkie święta,Cinema City Łódź Manufaktura,11:30,,,regular,2026-09-02T12:37:17.715224
2026-09-02,sroda,łódź,Gorzkie święta,Cinema City Łódź Manufaktura,18:20,,,regular,2026-09-02T12:37:17.715224
2026-09-02,sroda,łódź,Gorzkie święta,Cinema City Łódź Manufaktura,20:50,,,regular,2026-09-02T12:37:17.715224
2026-09-02,sroda,łódź,Gorzkie święta,Helios Łódź,12:10,,,regular,2026-09-02T12:37:17.715224
2026-09-02,sroda,łódź,Gorzkie święta,Helios Łódź,20:15,,,regular,2026-09-02T12:37:17.715224
2026-09-02,sroda,łódź,Gorzkie święta,Kino Charlie w Łodzi,15:45,,,regular,2026-09-02T12:37:17.715224
2026-09-02,sroda,łódź,Gorzkie święta,Kino Charlie w Łodzi,18:00,,,regular,2026-09-02T12:37:17.715224
2026-09-02,sroda,łódź,Gorzkie święta,Kino Charlie w Łodzi,20:30,,,regular,2026-09-02T12:37:17.715224
2026-09-02,sroda,łódź,Gorzkie święta,Multikino Silver Screen Łódź,17:10,,,regular,2026-09-02T12:37:17.715224
2026-09-02,sroda,łódź,Gwiazdozbiór Psa,Cinema City Łódź Manufaktura,10:00,,,regular,2026-09-02T12:37:17.715224
2026-09-02,sroda,łódź,Gwiazdozbiór Psa,Cinema City Łódź Manufaktura,11:40,,,regular,2026-09-02T12:37:17.715224
2026-09-02,sroda,łódź,Gwiazdozbiór Psa,Cinema City Łódź Manufaktura,12:40,,,regular,2026-09-02T12:37:17.715224
2026-09-02,sroda,łódź,Gwiazdozbiór Psa,Cinema City Łódź Manufaktura,14:10,,,regular,2026-09-02T12:37:17.715224
2026-09-02,sroda,łódź,Gwiazdozbiór Psa,Cinema City Łódź Manufaktura,15:20,,,regular,2026-09-02T12:37:17.715224
2026-09-02,sroda,łódź,Gwiazdozbiór Psa,Cinema City Łódź Manufaktura,16:40,,,regular,2026-09-02T12:37:17.715224
2026-09-02,sroda,łódź,Gwiazdozbiór Psa,Cinema City Łódź Manufaktura,17:00,,,regular,2026-09-02T12:37:17.715224
2026-09-02,sroda,łódź,Gwiazdozbiór Psa,Cinema City Łódź Manufaktura,18:00,,,regular,2026-09-02T12:37:17.715224
2026-09-02,sroda,łódź,Gwiazdozbiór Psa,Cinema City Łódź Manufaktura,19:50,,,regular,2026-09-02T12:37:17.715224
2026-09-02,sroda,łódź,Gwiazdozbiór Psa,Cinema City Łódź Manufaktura,20:40,,,regular,2026-09-02T12:37:17.715224
2026-09-02,sroda,łódź,Gwiazdozbiór Psa,Cinema City Łódź Manufaktura IMAX,17:00,,,regular,2026-09-02T12:37:17.715224
2026-09-02,sroda,łódź,Gwiazdozbiór Psa,Cinema City Łódź Manufaktura IMAX,19:40,,,regular,2026-09-02T12:37:17.715224
2026-09-02,sroda,łódź,Gwiazdozbiór Psa,Cinema City Łódź Manufaktura IMAX,22:20,,,regular,2026-09-02T12:37:17.715224
2026-09-02,sroda,łódź,Gwiazdozbiór Psa,Helios Łódź,12:50,,,regular,2026-09-02T12:37:17.715224
2026-09-02,sroda,łódź,Gwiazdozbiór Psa,Helios Łódź,16:15,,,regular,2026-09-02T12:37:17.715224
2026-09-02,sroda,łódź,Gwiazdozbiór Psa,Helios Łódź,19:00,,,regular,2026-09-02T12:37:17.715224
2026-09-02,sroda,łódź,Gwiazdozbiór Psa,Helios Łódź,20:30,,,regular,2026-09-02T12:37:17.715224
2026-09-02,sroda,łódź,Gwiazdozbiór Psa,Helios Łódź,21:45,,,regular,2026-09-02T12:37:17.715224
2026-09-02,sroda,łódź,Gwiazdozbiór Psa,Kino Charlie w Łodzi,18:00,,,regular,2026-09-02T12:37:17.715224
2026-09-02,sroda,łódź,Gwiazdozbiór Psa,Kino Charlie w Łodzi,20:15,,,regular,2026-09-02T12:37:17.715224
2026-09-02,sroda,łódź,Gwiazdozbiór Psa,Multikino Silver Screen Łódź,17:30,,,regular,2026-09-02T12:37:17.715224
2026-09-02,sroda,łódź,Gwiazdozbiór Psa,Multikino Silver Screen Łódź,20:15,,,regular,2026-09-02T12:37:17.715224
2026-09-02,sroda,łódź,Harry Potter i Insygnia Śmierci cz. 2 (dubbing),Multikino Silver Screen Łódź,17:15,,dubbing,regular,2026-09-02T12:37:17.715224
2026-09-02,sroda,łódź,Harry Potter i Kamień Filozoficzny (dubbing),Cinema City Łódź Manufaktura,17:30,,dubbing,regular,2026-09-02T12:37:17.715224
2026-09-02,sroda,łódź,Harry Potter i Kamień Filozoficzny (dubbing),Multikino Silver Screen Łódź,14:00,,dubbing,regular,2026-09-02T12:37:17.715224
2026-09-02,sroda,łódź,Historie równoległe,Kino Charlie w Łodzi,15:40,,,regular,2026-09-02T12:37:17.715224
2026-09-02,sroda,łódź,Homo sapiens?,Kino Charlie w Łodzi,20:25,,,regular,2026-09-02T12:37:17.715224
2026-09-02,sroda,łódź,Julia Pirotte. Piękno i siła,Kino Charlie w Łodzi,16:30,,,regular,2026-09-02T12:37:17.715224
2026-09-02,sroda,łódź,Koniec Ulicy Dębowej,Cinema City Łódź Manufaktura,10:10,,,regular,2026-09-02T12:37:17.715224
2026-09-02,sroda,łódź,Koniec Ulicy Dębowej,Cinema City Łódź Manufaktura,16:30,,,regular,2026-09-02T12:37:17.715224
2026-09-02,sroda,łódź,Koniec Ulicy Dębowej,Cinema City Łódź Manufaktura,19:10,,,regular,2026-09-02T12:37:17.715224
2026-09-02,sroda,łódź,Koniec Ulicy Dębowej,Helios Łódź,17:50,,,regular,2026-09-02T12:37:17.715224
2026-09-02,sroda,łódź,Koniec Ulicy Dębowej,Helios Łódź,21:30,,,regular,2026-09-02T12:37:17.715224
2026-09-02,sroda,łódź,Koniec Ulicy Dębowej,Multikino Silver Screen Łódź,21:10,,,regular,2026-09-02T12:37:17.715224
2026-09-02,sroda,łódź,Księga pustyni,Helios Łódź,11:20,,,regular,2026-09-02T12:37:17.715224
2026-09-02,sroda,łódź,Księga pustyni,Helios Łódź,13:50,,,regular,2026-09-02T12:37:17.715224
2026-09-02,sroda,łódź,Księga pustyni,Helios Łódź,17:00,,,regular,2026-09-02T12:37:17.715224
2026-09-02,sroda,łódź,Księga pustyni,Kino Charlie w Łodzi,16:15,,,regular,2026-09-02T12:37:17.715224
2026-09-02,sroda,łódź,Księga pustyni (dubbing),Cinema City Łódź Manufaktura,10:50,,dubbing,regular,2026-09-02T12:37:17.715224
2026-09-02,sroda,łódź,Księga pustyni (dubbing),Cinema City Łódź Manufaktura,13:00,,dubbing,regular,2026-09-02T12:37:17.715224
2026-09-02,sroda,łódź,Księga pustyni (dubbing),Cinema City Łódź Manufaktura,15:10,,dubbing,regular,2026-09-02T12:37:17.715224
2026-09-02,sroda,łódź,Księga pustyni (dubbing),Multikino Silver Screen Łódź,10:10,,dubbing,regular,2026-09-02T12:37:17.715224
2026-09-02,sroda,łódź,Księga pustyni (dubbing),Multikino Silver Screen Łódź,13:40,,dubbing,regular,2026-09-02T12:37:17.715224
2026-09-02,sroda,łódź,Minionki i straszydła (dubbing),Cinema City Łódź Manufaktura,12:10,,dubbing,regular,2026-09-02T12:37:17.715224
2026-09-02,sroda,łódź,Minionki i straszydła (dubbing),Cinema City Łódź Manufaktura,14:15,,dubbing,regular,2026-09-02T12:37:17.715224
2026-09-02,sroda,łódź,Minionki i straszydła (dubbing),Cinema City Łódź Manufaktura,16:20,,dubbing,regular,2026-09-02T12:37:17.715224
2026-09-02,sroda,łódź,Minionki i straszydła (dubbing),Helios Łódź,11:50,,dubbing,regular,2026-09-02T12:37:17.715224
2026-09-02,sroda,łódź,Minionki i straszydła (dubbing),Helios Łódź,14:45,,dubbing,regular,2026-09-02T12:37:17.715224
2026-09-02,sroda,łódź,Minionki i straszydła (dubbing),Multikino Silver Screen Łódź,10:00,,dubbing,regular,2026-09-02T12:37:17.715224
2026-09-02,sroda,łódź,Monterey Pop,Kino Kinematograf w Muzeum Kinematografii w Łodzi,17:00,,,regular,2026-09-02T12:37:17.715224
2026-09-02,sroda,łódź,Naznaczony: Wyjście z mrocznego wymiaru,Cinema City Łódź Manufaktura,14:30,,,regular,2026-09-02T12:37:17.715224
2026-09-02,sroda,łódź,Naznaczony: Wyjście z mrocznego wymiaru,Cinema City Łódź Manufaktura,18:00,,,regular,2026-09-02T12:37:17.715224
2026-09-02,sroda,łódź,Naznaczony: Wyjście z mrocznego wymiaru,Cinema City Łódź Manufaktura,19:00,,,regular,2026-09-02T12:37:17.715224
2026-09-02,sroda,łódź,Naznaczony: Wyjście z mrocznego wymiaru,Cinema City Łódź Manufaktura,19:45,,,regular,2026-09-02T12:37:17.715224
2026-09-02,sroda,łódź,Naznaczony: Wyjście z mrocznego wymiaru,Cinema City Łódź Manufaktura,20:30,,,regular,2026-09-02T12:37:17.715224
2026-09-02,sroda,łódź,Naznaczony: Wyjście z mrocznego wymiaru,Cinema City Łódź Manufaktura,21:30,,,regular,2026-09-02T12:37:17.715224
2026-09-02,sroda,łódź,Naznaczony: Wyjście z mrocznego wymiaru,Cinema City Łódź Manufaktura,22:10,,,regular,2026-09-02T12:37:17.715224
2026-09-02,sroda,łódź,Naznaczony: Wyjście z mrocznego wymiaru,Cinema City Łódź Manufaktura,22:30,,,regular,2026-09-02T12:37:17.715224
2026-09-02,sroda,łódź,Naznaczony: Wyjście z mrocznego wymiaru,Helios Łódź,15:20,,,regular,2026-09-02T12:37:17.715224
2026-09-02,sroda,łódź,Naznaczony: Wyjście z mrocznego wymiaru,Helios Łódź,18:45,,,regular,2026-09-02T12:37:17.715224
2026-09-02,sroda,łódź,Naznaczony: Wyjście z mrocznego wymiaru,Helios Łódź,21:00,,,regular,2026-09-02T12:37:17.715224
2026-09-02,sroda,łódź,Naznaczony: Wyjście z mrocznego wymiaru,Multikino Silver Screen Łódź,18:45,,,regular,2026-09-02T12:37:17.715224
2026-09-02,sroda,łódź,Naznaczony: Wyjście z mrocznego wymiaru,Multikino Silver Screen Łódź,21:15,,,regular,2026-09-02T12:37:17.715224
2026-09-02,sroda,łódź,Nie patrz w dół 2,Cinema City Łódź Manufaktura,20:45,,,regular,2026-09-02T12:37:17.715224
2026-09-02,sroda,łódź,Nie patrz w dół 2,Multikino Silver Screen Łódź,18:25,,,regular,2026-09-02T12:37:17.715224
2026-09-02,sroda,łódź,Nowa fala,Multikino Silver Screen Łódź,20:00,,,regular,2026-09-02T12:37:17.715224
2026-09-02,sroda,łódź,O czym sobie nie mówimy,Kino Charlie w Łodzi,15:30,,,regular,2026-09-02T12:37:17.715224
2026-09-02,sroda,łódź,O czym sobie nie mówimy,Kino Charlie w Łodzi,18:00,,,regular,2026-09-02T12:37:17.715224
2026-09-02,sroda,łódź,O czym sobie nie mówimy,Kino Charlie w Łodzi,19:45,,,regular,2026-09-02T12:37:17.715224
2026-09-02,sroda,łódź,O czym wie Marielle,Kino Charlie w Łodzi,20:00,,,regular,2026-09-02T12:37:17.715224
2026-09-02,sroda,łódź,Obsesja,Helios Łódź,20:50,,,regular,2026-09-02T12:37:17.715224
2026-09-02,sroda,łódź,Obsesja,Multikino Silver Screen Łódź,15:55,,,regular,2026-09-02T12:37:17.715224
2026-09-02,sroda,łódź,Odyseja,Cinema City Łódź Manufaktura,12:00,,,regular,2026-09-02T12:37:17.715224
2026-09-02,sroda,łódź,Odyseja,Cinema City Łódź Manufaktura,21:40,,,regular,2026-09-02T12:37:17.715224
2026-09-02,sroda,łódź,Odyseja,Cinema City Łódź Manufaktura IMAX,10:00,,,regular,2026-09-02T12:37:17.715224
2026-09-02,sroda,łódź,Odyseja,Cinema City Łódź Manufaktura IMAX,13:30,,,regular,2026-09-02T12:37:17.715224
2026-09-02,sroda,łódź,Odyseja,Helios Łódź,11:40,,,regular,2026-09-02T12:37:17.715224
2026-09-02,sroda,łódź,Odyseja,Helios Łódź,14:30,,,regular,2026-09-02T12:37:17.715224
2026-09-02,sroda,łódź,Odyseja,Helios Łódź,16:50,,,regular,2026-09-02T12:37:17.715224
2026-09-02,sroda,łódź,Odyseja,Helios Łódź,19:50,,,regular,2026-09-02T12:37:17.715224
2026-09-02,sroda,łódź,Odyseja,Multikino Silver Screen Łódź,10:20,,,regular,2026-09-02T12:37:17.715224
2026-09-02,sroda,łódź,Odyseja,Multikino Silver Screen Łódź,12:25,,,regular,2026-09-02T12:37:17.715224
2026-09-02,sroda,łódź,Odyseja,Multikino Silver Screen Łódź,16:00,,,regular,2026-09-02T12:37:17.715224
2026-09-02,sroda,łódź,Odyseja,Multikino Silver Screen Łódź,18:30,,,regular,2026-09-02T12:37:17.715224
2026-09-02,sroda,łódź,Odyseja,Multikino Silver Screen Łódź,19:35,,,regular,2026-09-02T12:37:17.715224
2026-09-02,sroda,łódź,Odzyskany,Kino Charlie w Łodzi,17:50,,,regular,2026-09-02T12:37:17.715224
2026-09-02,sroda,łódź,Ojczyzna,Kino Charlie w Łodzi,17:35,,,regular,2026-09-02T12:37:17.715224
2026-09-02,sroda,łódź,Ostatnia sesja w Paryżu,Kino Charlie w Łodzi,15:00,,,regular,2026-09-02T12:37:17.715224
2026-09-02,sroda,łódź,Ostrze przeznaczenia,Cinema City Łódź Manufaktura,18:00,,,regular,2026-09-02T12:37:17.715224
2026-09-02,sroda,łódź,Pejzaż w kolorze sepii,Kino Charlie w Łodzi,15:05,,,regular,2026-09-02T12:37:17.715224
2026-09-02,sroda,łódź,Piknik pod Wiszącą Skałą,Kino Tatry w Łodzi,17:15,,,regular,2026-09-02T12:37:17.715224
2026-09-02,sroda,łódź,Psi Patrol i dinozaury,Helios Łódź,12:20,,,regular,2026-09-02T12:37:17.715224
2026-09-02,sroda,łódź,Psi Patrol i dinozaury,Helios Łódź,15:30,,,regular,2026-09-02T12:37:17.715224
2026-09-02,sroda,łódź,Psi Patrol i dinozaury,Helios Łódź,17:40,,,regular,2026-09-02T12:37:17.715224
2026-09-02,sroda,łódź,Psi Patrol i dinozaury,Kino Charlie w Łodzi,14:20,,,regular,2026-09-02T12:37:17.715224
2026-09-02,sroda,łódź,Psi Patrol i dinozaury (dubbing),Cinema City Łódź Manufaktura,11:20,,dubbing,regular,2026-09-02T12:37:17.715224
2026-09-02,sroda,łódź,Psi Patrol i dinozaury (dubbing),Cinema City Łódź Manufaktura,13:30,,dubbing,regular,2026-09-02T12:37:17.715224
2026-09-02,sroda,łódź,Psi Patrol i dinozaury (dubbing),Cinema City Łódź Manufaktura,15:45,,dubbing,regular,2026-09-02T12:37:17.715224
2026-09-02,sroda,łódź,Psi Patrol i dinozaury (dubbing),Multikino Silver Screen Łódź,12:10,,dubbing,regular,2026-09-02T12:37:17.715224
2026-09-02,sroda,łódź,Psi Patrol i dinozaury (dubbing),Multikino Silver Screen Łódź,15:35,,dubbing,regular,2026-09-02T12:37:17.715224
2026-09-02,sroda,łódź,Psi Patrol i dinozaury (dubbing),Multikino Silver Screen Łódź,17:45,,dubbing,regular,2026-09-02T12:37:17.715224
2026-09-02,sroda,łódź,Pucio kocha zwierzaki,Cinema City Łódź Manufaktura,10:30,,,regular,2026-09-02T12:37:17.715224
2026-09-02,sroda,łódź,Pucio kocha zwierzaki,Cinema City Łódź Manufaktura,12:00,,,regular,2026-09-02T12:37:17.715224
2026-09-02,sroda,łódź,Pucio kocha zwierzaki,Cinema City Łódź Manufaktura,13:30,,,regular,2026-09-02T12:37:17.715224
2026-09-02,sroda,łódź,Pucio kocha zwierzaki,Cinema City Łódź Manufaktura,15:00,,,regular,2026-09-02T12:37:17.715224
2026-09-02,sroda,łódź,Pucio kocha zwierzaki,Helios Łódź,11:30,,,regular,2026-09-02T12:37:17.715224
2026-09-02,sroda,łódź,Pucio kocha zwierzaki,Helios Łódź,14:00,,,regular,2026-09-02T12:37:17.715224
2026-09-02,sroda,łódź,Pucio kocha zwierzaki,Helios Łódź,15:10,,,regular,2026-09-02T12:37:17.715224
2026-09-02,sroda,łódź,Pucio kocha zwierzaki,Kino Charlie w Łodzi,15:35,,,regular,2026-09-02T12:37:17.715224
2026-09-02,sroda,łódź,Pucio kocha zwierzaki,Multikino Silver Screen Łódź,10:35,,,regular,2026-09-02T12:37:17.715224
2026-09-02,sroda,łódź,Pucio kocha zwierzaki,Multikino Silver Screen Łódź,11:45,,,regular,2026-09-02T12:37:17.715224
2026-09-02,sroda,łódź,Pucio kocha zwierzaki,Multikino Silver Screen Łódź,14:20,,,regular,2026-09-02T12:37:17.715224
2026-09-02,sroda,łódź,Spider-Man. Całkiem nowy dzień,Cinema City Łódź Manufaktura,10:30,,,regular,2026-09-02T12:37:17.715224
2026-09-02,sroda,łódź,Spider-Man. Całkiem nowy dzień,Cinema City Łódź Manufaktura,13:40,,,regular,2026-09-02T12:37:17.715224
2026-09-02,sroda,łódź,Spider-Man. Całkiem nowy dzień,Cinema City Łódź Manufaktura,18:10,,,regular,2026-09-02T12:37:17.715224
2026-09-02,sroda,łódź,Spider-Man. Całkiem nowy dzień,Cinema City Łódź Manufaktura,20:00,,,regular,2026-09-02T12:37:17.715224
2026-09-02,sroda,łódź,Spider-Man. Całkiem nowy dzień,Cinema City Łódź Manufaktura,21:30,,,regular,2026-09-02T12:37:17.715224
2026-09-02,sroda,łódź,Spider-Man. Całkiem nowy dzień,Helios Łódź,11:10,,,regular,2026-09-02T12:37:17.715224
2026-09-02,sroda,łódź,Spider-Man. Całkiem nowy dzień,Helios Łódź,14:15,,,regular,2026-09-02T12:37:17.715224
2026-09-02,sroda,łódź,Spider-Man. Całkiem nowy dzień,Helios Łódź,15:45,,,regular,2026-09-02T12:37:17.715224
2026-09-02,sroda,łódź,Spider-Man. Całkiem nowy dzień,Helios Łódź,17:30,,,regular,2026-09-02T12:37:17.715224
2026-09-02,sroda,łódź,Spider-Man. Całkiem nowy dzień,Helios Łódź,20:40,,,regular,2026-09-02T12:37:17.715224
2026-09-02,sroda,łódź,Spider-Man. Całkiem nowy dzień,Helios Łódź,21:20,,,regular,2026-09-02T12:37:17.715224
2026-09-02,sroda,łódź,Spider-Man. Całkiem nowy dzień,Multikino Silver Screen Łódź,18:00,,,regular,2026-09-02T12:37:17.715224
2026-09-02,sroda,łódź,Spider-Man. Całkiem nowy dzień,Multikino Silver Screen Łódź,20:45,,,regular,2026-09-02T12:37:17.715224
2026-09-02,sroda,łódź,Spider-Man. Całkiem nowy dzień (dubbing),Cinema City Łódź Manufaktura,11:50,,dubbing,regular,2026-09-02T12:37:17.715224
2026-09-02,sroda,łódź,Spider-Man. Całkiem nowy dzień (dubbing),Cinema City Łódź Manufaktura,15:00,,dubbing,regular,2026-09-02T12:37:17.715224
2026-09-02,sroda,łódź,Spider-Man. Całkiem nowy dzień (dubbing),Cinema City Łódź Manufaktura,16:50,,dubbing,regular,2026-09-02T12:37:17.715224
2026-09-02,sroda,łódź,Spider-Man. Całkiem nowy dzień (dubbing),Multikino Silver Screen Łódź,10:00,,dubbing,regular,2026-09-02T12:37:17.715224
2026-09-02,sroda,łódź,Spider-Man. Całkiem nowy dzień (dubbing),Multikino Silver Screen Łódź,11:30,,dubbing,regular,2026-09-02T12:37:17.715224
2026-09-02,sroda,łódź,Spider-Man. Całkiem nowy dzień (dubbing),Multikino Silver Screen Łódź,13:15,,dubbing,regular,2026-09-02T12:37:17.715224
2026-09-02,sroda,łódź,Spider-Man. Całkiem nowy dzień (dubbing),Multikino Silver Screen Łódź,14:45,,dubbing,regular,2026-09-02T12:37:17.715224
2026-09-02,sroda,łódź,Spider-Man. Całkiem nowy dzień (dubbing),Multikino Silver Screen Łódź,16:30,,dubbing,regular,2026-09-02T12:37:17.715224
2026-09-02,sroda,łódź,Spider-Man. Całkiem nowy dzień (dubbing),Multikino Silver Screen Łódź,19:45,,dubbing,regular,2026-09-02T12:37:17.715224
2026-09-02,sroda,łódź,Spider-Man. Całkiem nowy dzień 3D,Cinema City Łódź Manufaktura,17:30,3D,,regular,2026-09-02T12:37:17.715224
2026-09-02,sroda,łódź,Spider-Man. Całkiem nowy dzień 3D (dubbing),Cinema City Łódź Manufaktura,11:00,3D,dubbing,regular,2026-09-02T12:37:17.715224
2026-09-02,sroda,łódź,Spider-Man. Całkiem nowy dzień 3D (dubbing),Cinema City Łódź Manufaktura,14:20,3D,dubbing,regular,2026-09-02T12:37:17.715224
2026-09-02,sroda,łódź,Sunny Dancer,Cinema City Łódź Manufaktura,14:00,,,regular,2026-09-02T12:37:17.715224
2026-09-02,sroda,łódź,Sunny Dancer,Cinema City Łódź Manufaktura,20:30,,,regular,2026-09-02T12:37:17.715224
2026-09-02,sroda,łódź,Sunny Dancer,Helios Łódź,16:00,,,regular,2026-09-02T12:37:17.715224
2026-09-02,sroda,łódź,Terminator 2: Dzień sądu,Cinema City Łódź Manufaktura,15:40,,,regular,2026-09-02T12:37:17.715224
2026-09-02,sroda,łódź,Terminator 2: Dzień sądu,Cinema City Łódź Manufaktura,16:50,,,regular,2026-09-02T12:37:17.715224
2026-09-02,sroda,łódź,Terminator 2: Dzień sądu,Cinema City Łódź Manufaktura,18:40,,,regular,2026-09-02T12:37:17.715224
2026-09-02,sroda,łódź,Terminator 2: Dzień sądu,Helios Łódź,18:00,,,regular,2026-09-02T12:37:17.715224
2026-09-02,sroda,łódź,Terminator 2: Dzień sądu,Multikino Silver Screen Łódź,19:45,,,regular,2026-09-02T12:37:17.715224
2026-09-02,sroda,łódź,Toy Story 5 (dubbing),Cinema City Łódź Manufaktura,16:30,,dubbing,regular,2026-09-02T12:37:17.715224
2026-09-02,sroda,łódź,Tylko jedna noc,Cinema City Łódź Manufaktura,22:10,,,regular,2026-09-02T12:37:17.715224
2026-09-02,sroda,łódź,Tylko jedna noc,Helios Łódź,11:20,,,regular,2026-09-02T12:37:17.715224
2026-09-02,sroda,łódź,Vaiana,Helios Łódź,11:10,,,regular,2026-09-02T12:37:17.715224
2026-09-02,sroda,łódź,Vaiana (dubbing),Cinema City Łódź Manufaktura,12:40,,dubbing,regular,2026-09-02T12:37:17.715224
2026-09-02,sroda,łódź,Vaiana (dubbing),Cinema City Łódź Manufaktura,15:20,,dubbing,regular,2026-09-02T12:37:17.715224
2026-09-02,sroda,łódź,Vivaldi i ja,Cinema City Łódź Manufaktura,11:50,,,regular,2026-09-02T12:37:17.715224
2026-09-02,sroda,łódź,Vivaldi i ja,Kino Kinematograf w Muzeum Kinematografii w Łodzi,19:45,,,regular,2026-09-02T12:37:17.715224
2026-09-02,sroda,łódź,Wartość sentymentalna,Kino Charlie w Łodzi,16:50,,,regular,2026-09-02T12:37:17.715224
2026-09-02,sroda,łódź,Wrong Girls,Helios Łódź,13:40,,,regular,2026-09-02T12:37:17.715224
2026-09-02,sroda,łódź,Wrong Girls,Kino Charlie w Łodzi,20:30,,,regular,2026-09-02T12:37:17.715224
2026-09-02,sroda,łódź,Wszyscy moi wrogowie,Cinema City Łódź Manufaktura,21:40,,,regular,2026-09-02T12:37:17.715224
2026-09-02,sroda,łódź,Wszyscy moi wrogowie,Kino Charlie w Łodzi,19:25,,,regular,2026-09-02T12:37:17.715224
2026-09-02,sroda,łódź,Zaproszenie,Kino Charlie w Łodzi,15:45,,,regular,2026-09-02T12:37:17.715224
2026-09-02,sroda,łódź,Zaproszenie,Kino Charlie w Łodzi,18:15,,,regular,2026-09-02T12:37:17.715224
2026-09-02,sroda,łódź,Zaproszenie,Kino Charlie w Łodzi,20:30,,,regular,2026-09-02T12:37:17.715224
2026-09-02,sroda,łódź,Zróbmy sobie przerwę,Helios Łódź,18:30,,,regular,2026-09-02T12:37:17.715224
2026-09-02,sroda,łódź,АСТРАЛ: ЗА МЕЖАМИ ПОТОЙБІЧЧЯ / Naznaczony: Wyjście z mrocznego wymiaru (ukr.),Multikino Silver Screen Łódź,13:00,,,regular,2026-09-02T12:37:17.715224
2026-09-02,sroda,łódź,Людина-павук: Абсолютно новий день / Spider-Man. Całkiem nowy dzień (ukr.),Multikino Silver Screen Łódź,15:30,,,regular,2026-09-02T12:37:17.715224
2026-09-02,sroda,łódź,Сузір'я великого пса / Gwiazdozbiór Psa (ukr.),Cinema City Łódź Manufaktura,19:30,,,regular,2026-09-02T12:37:17.715224
2026-09-02,sroda,szczecin,Buntownik,Helios Szczecin CHR Kupiec,21:00,,,regular,2026-09-02T12:37:21.367704
2026-09-02,sroda,szczecin,Buntownik,Helios Szczecin Outlet Park,18:15,,,regular,2026-09-02T12:37:21.367704
2026-09-02,sroda,szczecin,Buntownik,Helios Szczecin Outlet Park,20:30,,,regular,2026-09-02T12:37:21.367704
2026-09-02,sroda,szczecin,Buntownik,Multikino Szczecin,18:00,,,regular,2026-09-02T12:37:21.367704
2026-09-02,sroda,szczecin,Buntownik,Multikino Szczecin,20:20,,,regular,2026-09-02T12:37:21.367704
2026-09-02,sroda,szczecin,Gorzkie święta,Kino Pionier 1907 w Szczecinie,17:00,,,regular,2026-09-02T12:37:21.367704
2026-09-02,sroda,szczecin,Gorzkie święta,Multikino Szczecin,19:30,,,regular,2026-09-02T12:37:21.367704
2026-09-02,sroda,szczecin,Gwiazdozbiór Psa,Helios Szczecin CHR Kupiec,14:50,,,regular,2026-09-02T12:37:21.367704
2026-09-02,sroda,szczecin,Gwiazdozbiór Psa,Helios Szczecin CHR Kupiec,18:30,,,regular,2026-09-02T12:37:21.367704
2026-09-02,sroda,szczecin,Gwiazdozbiór Psa,Helios Szczecin Outlet Park,11:30,,,regular,2026-09-02T12:37:21.367704
2026-09-02,sroda,szczecin,Gwiazdozbiór Psa,Helios Szczecin Outlet Park,15:50,,,regular,2026-09-02T12:37:21.367704
2026-09-02,sroda,szczecin,Gwiazdozbiór Psa,Helios Szczecin Outlet Park,19:00,,,regular,2026-09-02T12:37:21.367704
2026-09-02,sroda,szczecin,Gwiazdozbiór Psa,Helios Szczecin Outlet Park,21:00,,,regular,2026-09-02T12:37:21.367704
2026-09-02,sroda,szczecin,Gwiazdozbiór Psa,Multikino Szczecin,17:30,,,regular,2026-09-02T12:37:21.367704
2026-09-02,sroda,szczecin,Gwiazdozbiór Psa,Multikino Szczecin,20:15,,,regular,2026-09-02T12:37:21.367704
2026-09-02,sroda,szczecin,Harry Potter i Insygnia Śmierci cz. 2 (dubbing),Multikino Szczecin,17:15,,dubbing,regular,2026-09-02T12:37:21.367704
2026-09-02,sroda,szczecin,Harry Potter i Kamień Filozoficzny (dubbing),Multikino Szczecin,14:00,,dubbing,regular,2026-09-02T12:37:21.367704
2026-09-02,sroda,szczecin,Historie równoległe,Kino Pionier 1907 w Szczecinie,16:30,,,regular,2026-09-02T12:37:21.367704
2026-09-02,sroda,szczecin,Koniec Ulicy Dębowej,Multikino Szczecin,13:10,,,regular,2026-09-02T12:37:21.367704
2026-09-02,sroda,szczecin,Księga pustyni,Helios Szczecin CHR Kupiec,11:20,,,regular,2026-09-02T12:37:21.367704
2026-09-02,sroda,szczecin,Księga pustyni,Helios Szczecin Outlet Park,10:10,,,regular,2026-09-02T12:37:21.367704
2026-09-02,sroda,szczecin,Księga pustyni,Helios Szczecin Outlet Park,12:30,,,regular,2026-09-02T12:37:21.367704
2026-09-02,sroda,szczecin,Księga pustyni,Helios Szczecin Outlet Park,15:40,,,regular,2026-09-02T12:37:21.367704
2026-09-02,sroda,szczecin,Księga pustyni (dubbing),Multikino Szczecin,10:20,,dubbing,regular,2026-09-02T12:37:21.367704
2026-09-02,sroda,szczecin,Księga pustyni (dubbing),Multikino Szczecin,12:35,,dubbing,regular,2026-09-02T12:37:21.367704
2026-09-02,sroda,szczecin,Księga pustyni (dubbing),Multikino Szczecin,14:50,,dubbing,regular,2026-09-02T12:37:21.367704
2026-09-02,sroda,szczecin,Księga pustyni (dubbing),Multikino Szczecin,17:05,,dubbing,regular,2026-09-02T12:37:21.367704
2026-09-02,sroda,szczecin,Minionki i straszydła (dubbing),Helios Szczecin CHR Kupiec,11:10,,dubbing,regular,2026-09-02T12:37:21.367704
2026-09-02,sroda,szczecin,Minionki i straszydła (dubbing),Helios Szczecin Outlet Park,10:20,,dubbing,regular,2026-09-02T12:37:21.367704
2026-09-02,sroda,szczecin,Minionki i straszydła (dubbing),Helios Szczecin Outlet Park,13:15,,dubbing,regular,2026-09-02T12:37:21.367704
2026-09-02,sroda,szczecin,Minionki i straszydła (dubbing),Multikino Szczecin,10:35,,dubbing,regular,2026-09-02T12:37:21.367704
2026-09-02,sroda,szczecin,Minionki i straszydła (dubbing),Multikino Szczecin,11:30,,dubbing,regular,2026-09-02T12:37:21.367704
2026-09-02,sroda,szczecin,Minionki i straszydła (dubbing),Multikino Szczecin,13:40,,dubbing,regular,2026-09-02T12:37:21.367704
2026-09-02,sroda,szczecin,Minionki i straszydła (dubbing),Multikino Szczecin,15:50,,dubbing,regular,2026-09-02T12:37:21.367704
2026-09-02,sroda,szczecin,Naznaczony: Wyjście z mrocznego wymiaru,Helios Szczecin CHR Kupiec,20:10,,,regular,2026-09-02T12:37:21.367704
2026-09-02,sroda,szczecin,Naznaczony: Wyjście z mrocznego wymiaru,Helios Szczecin CHR Kupiec,21:15,,,regular,2026-09-02T12:37:21.367704
2026-09-02,sroda,szczecin,Naznaczony: Wyjście z mrocznego wymiaru,Helios Szczecin Outlet Park,15:00,,,regular,2026-09-02T12:37:21.367704
2026-09-02,sroda,szczecin,Naznaczony: Wyjście z mrocznego wymiaru,Helios Szczecin Outlet Park,18:30,,,regular,2026-09-02T12:37:21.367704
2026-09-02,sroda,szczecin,Naznaczony: Wyjście z mrocznego wymiaru,Helios Szczecin Outlet Park,20:45,,,regular,2026-09-02T12:37:21.367704
2026-09-02,sroda,szczecin,Naznaczony: Wyjście z mrocznego wymiaru,Multikino Szczecin,16:20,,,regular,2026-09-02T12:37:21.367704
2026-09-02,sroda,szczecin,Naznaczony: Wyjście z mrocznego wymiaru,Multikino Szczecin,18:45,,,regular,2026-09-02T12:37:21.367704
2026-09-02,sroda,szczecin,Naznaczony: Wyjście z mrocznego wymiaru,Multikino Szczecin,21:10,,,regular,2026-09-02T12:37:21.367704
2026-09-02,sroda,szczecin,Nowa fala,Multikino Szczecin,20:00,,,regular,2026-09-02T12:37:21.367704
2026-09-02,sroda,szczecin,Odyseja,Helios Szczecin CHR Kupiec,13:30,,,regular,2026-09-02T12:37:21.367704
2026-09-02,sroda,szczecin,Odyseja,Helios Szczecin CHR Kupiec,17:30,,,regular,2026-09-02T12:37:21.367704
2026-09-02,sroda,szczecin,Odyseja,Helios Szczecin Outlet Park,11:40,,,regular,2026-09-02T12:37:21.367704
2026-09-02,sroda,szczecin,Odyseja,Helios Szczecin Outlet Park,14:30,,,regular,2026-09-02T12:37:21.367704
2026-09-02,sroda,szczecin,Odyseja,Helios Szczecin Outlet Park,15:20,,,regular,2026-09-02T12:37:21.367704
2026-09-02,sroda,szczecin,Odyseja,Helios Szczecin Outlet Park,20:00,,,regular,2026-09-02T12:37:21.367704
2026-09-02,sroda,szczecin,Odyseja,Helios Szczecin Outlet Park,21:40,,,regular,2026-09-02T12:37:21.367704
2026-09-02,sroda,szczecin,Odyseja,Multikino Szczecin,12:45,,,regular,2026-09-02T12:37:21.367704
2026-09-02,sroda,szczecin,Odyseja,Multikino Szczecin,15:45,,,regular,2026-09-02T12:37:21.367704
2026-09-02,sroda,szczecin,Odyseja,Multikino Szczecin,19:20,,,regular,2026-09-02T12:37:21.367704
2026-09-02,sroda,szczecin,Psi Patrol i dinozaury,Helios Szczecin CHR Kupiec,11:30,,,regular,2026-09-02T12:37:21.367704
2026-09-02,sroda,szczecin,Psi Patrol i dinozaury,Helios Szczecin CHR Kupiec,13:40,,,regular,2026-09-02T12:37:21.367704
2026-09-02,sroda,szczecin,Psi Patrol i dinozaury,Helios Szczecin CHR Kupiec,15:50,,,regular,2026-09-02T12:37:21.367704
2026-09-02,sroda,szczecin,Psi Patrol i dinozaury,Helios Szczecin Outlet Park,11:20,,,regular,2026-09-02T12:37:21.367704
2026-09-02,sroda,szczecin,Psi Patrol i dinozaury,Helios Szczecin Outlet Park,13:30,,,regular,2026-09-02T12:37:21.367704
2026-09-02,sroda,szczecin,Psi Patrol i dinozaury,Helios Szczecin Outlet Park,17:00,,,regular,2026-09-02T12:37:21.367704
2026-09-02,sroda,szczecin,Psi Patrol i dinozaury (dubbing),Multikino Szczecin,10:30,,dubbing,regular,2026-09-02T12:37:21.367704
2026-09-02,sroda,szczecin,Psi Patrol i dinozaury (dubbing),Multikino Szczecin,11:20,,dubbing,regular,2026-09-02T12:37:21.367704
2026-09-02,sroda,szczecin,Psi Patrol i dinozaury (dubbing),Multikino Szczecin,12:40,,dubbing,regular,2026-09-02T12:37:21.367704
2026-09-02,sroda,szczecin,Psi Patrol i dinozaury (dubbing),Multikino Szczecin,13:30,,dubbing,regular,2026-09-02T12:37:21.367704
2026-09-02,sroda,szczecin,Psi Patrol i dinozaury (dubbing),Multikino Szczecin,15:40,,dubbing,regular,2026-09-02T12:37:21.367704
2026-09-02,sroda,szczecin,Psi Patrol i dinozaury (dubbing),Multikino Szczecin,17:50,,dubbing,regular,2026-09-02T12:37:21.367704
2026-09-02,sroda,szczecin,Pucio kocha zwierzaki,Helios Szczecin CHR Kupiec,11:00,,,regular,2026-09-02T12:37:21.367704
2026-09-02,sroda,szczecin,Pucio kocha zwierzaki,Helios Szczecin CHR Kupiec,13:20,,,regular,2026-09-02T12:37:21.367704
2026-09-02,sroda,szczecin,Pucio kocha zwierzaki,Helios Szczecin Outlet Park,10:30,,,regular,2026-09-02T12:37:21.367704
2026-09-02,sroda,szczecin,Pucio kocha zwierzaki,Helios Szczecin Outlet Park,11:50,,,regular,2026-09-02T12:37:21.367704
2026-09-02,sroda,szczecin,Pucio kocha zwierzaki,Helios Szczecin Outlet Park,15:30,,,regular,2026-09-02T12:37:21.367704
2026-09-02,sroda,szczecin,Pucio kocha zwierzaki,Multikino Szczecin,10:55,,,regular,2026-09-02T12:37:21.367704
2026-09-02,sroda,szczecin,Pucio kocha zwierzaki,Multikino Szczecin,12:00,,,regular,2026-09-02T12:37:21.367704
2026-09-02,sroda,szczecin,Pucio kocha zwierzaki,Multikino Szczecin,14:50,,,regular,2026-09-02T12:37:21.367704
2026-09-02,sroda,szczecin,Pucio kocha zwierzaki,Multikino Szczecin,16:10,,,regular,2026-09-02T12:37:21.367704
2026-09-02,sroda,szczecin,Requiem dla snu,Kino Pionier 1907 w Szczecinie,19:15,,,regular,2026-09-02T12:37:21.367704
2026-09-02,sroda,szczecin,Spider-Man. Całkiem nowy dzień,Helios Szczecin CHR Kupiec,12:20,,,regular,2026-09-02T12:37:21.367704
2026-09-02,sroda,szczecin,Spider-Man. Całkiem nowy dzień,Helios Szczecin CHR Kupiec,15:30,,,regular,2026-09-02T12:37:21.367704
2026-09-02,sroda,szczecin,Spider-Man. Całkiem nowy dzień,Helios Szczecin CHR Kupiec,17:00,,,regular,2026-09-02T12:37:21.367704
2026-09-02,sroda,szczecin,Spider-Man. Całkiem nowy dzień,Helios Szczecin CHR Kupiec,20:45,,,regular,2026-09-02T12:37:21.367704
2026-09-02,sroda,szczecin,Spider-Man. Całkiem nowy dzień,Helios Szczecin Outlet Park,10:50,,,regular,2026-09-02T12:37:21.367704
2026-09-02,sroda,szczecin,Spider-Man. Całkiem nowy dzień,Helios Szczecin Outlet Park,12:45,,,regular,2026-09-02T12:37:21.367704
2026-09-02,sroda,szczecin,Spider-Man. Całkiem nowy dzień,Helios Szczecin Outlet Park,14:00,,,regular,2026-09-02T12:37:21.367704
2026-09-02,sroda,szczecin,Spider-Man. Całkiem nowy dzień,Helios Szczecin Outlet Park,17:15,,,regular,2026-09-02T12:37:21.367704
2026-09-02,sroda,szczecin,Spider-Man. Całkiem nowy dzień,Helios Szczecin Outlet Park,19:15,,,regular,2026-09-02T12:37:21.367704
2026-09-02,sroda,szczecin,Spider-Man. Całkiem nowy dzień,Helios Szczecin Outlet Park,20:20,,,regular,2026-09-02T12:37:21.367704
2026-09-02,sroda,szczecin,Spider-Man. Całkiem nowy dzień,Multikino Szczecin,10:50,,,regular,2026-09-02T12:37:21.367704
2026-09-02,sroda,szczecin,Spider-Man. Całkiem nowy dzień,Multikino Szczecin,17:20,,,regular,2026-09-02T12:37:21.367704
2026-09-02,sroda,szczecin,Spider-Man. Całkiem nowy dzień,Multikino Szczecin,20:35,,,regular,2026-09-02T12:37:21.367704
2026-09-02,sroda,szczecin,Spider-Man. Całkiem nowy dzień (dubbing),Multikino Szczecin,10:00,,dubbing,regular,2026-09-02T12:37:21.367704
2026-09-02,sroda,szczecin,Spider-Man. Całkiem nowy dzień (dubbing),Multikino Szczecin,13:15,,dubbing,regular,2026-09-02T12:37:21.367704
2026-09-02,sroda,szczecin,Spider-Man. Całkiem nowy dzień (dubbing),Multikino Szczecin,14:05,,dubbing,regular,2026-09-02T12:37:21.367704
2026-09-02,sroda,szczecin,Spider-Man. Całkiem nowy dzień (dubbing),Multikino Szczecin,16:30,,dubbing,regular,2026-09-02T12:37:21.367704
2026-09-02,sroda,szczecin,Spider-Man. Całkiem nowy dzień (dubbing),Multikino Szczecin,19:45,,dubbing,regular,2026-09-02T12:37:21.367704
2026-09-02,sroda,szczecin,Sunny Dancer,Kino Pionier 1907 w Szczecinie,19:15,,,regular,2026-09-02T12:37:21.367704
2026-09-02,sroda,szczecin,Terminator 2: Dzień sądu,Helios Szczecin CHR Kupiec,18:00,,,regular,2026-09-02T12:37:21.367704
2026-09-02,sroda,szczecin,Terminator 2: Dzień sądu,Helios Szczecin Outlet Park,18:00,,,regular,2026-09-02T12:37:21.367704
2026-09-02,sroda,szczecin,Terminator 2: Dzień sądu,Multikino Szczecin,20:05,,,regular,2026-09-02T12:37:21.367704
2026-09-02,sroda,szczecin,Toy Story 5 (dubbing),Multikino Szczecin,11:35,,dubbing,regular,2026-09-02T12:37:21.367704
2026-09-02,sroda,szczecin,Zróbmy sobie przerwę,Helios Szczecin Outlet Park,17:30,,,regular,2026-09-02T12:37:21.367704
2026-09-02,sroda,bydgoszcz,Błysk Oka: I blok filmów konkursowych (w ramach 12. Festiwalu Przeźrocza),Kino Orzeł w Bydgoszczy,17:00,,,regular,2026-09-02T12:37:23.753641
2026-09-02,sroda,bydgoszcz,Bogaci i martwi,Cinema City Bydgoszcz,22:30,,,regular,2026-09-02T12:37:23.753641
2026-09-02,sroda,bydgoszcz,Buntownik,Cinema City Bydgoszcz,15:50,,,regular,2026-09-02T12:37:23.753641
2026-09-02,sroda,bydgoszcz,Buntownik,Cinema City Bydgoszcz,18:10,,,regular,2026-09-02T12:37:23.753641
2026-09-02,sroda,bydgoszcz,Buntownik,Helios Bydgoszcz,14:15,,,regular,2026-09-02T12:37:23.753641
2026-09-02,sroda,bydgoszcz,Buntownik,Helios Bydgoszcz,18:30,,,regular,2026-09-02T12:37:23.753641
2026-09-02,sroda,bydgoszcz,Buntownik,Multikino Bydgoszcz,16:10,,,regular,2026-09-02T12:37:23.753641
2026-09-02,sroda,bydgoszcz,Buntownik,Multikino Bydgoszcz,20:15,,,regular,2026-09-02T12:37:23.753641
2026-09-02,sroda,bydgoszcz,Flavia de Luce (dubbing),Cinema City Bydgoszcz,10:30,,dubbing,regular,2026-09-02T12:37:23.753641
2026-09-02,sroda,bydgoszcz,Gorzkie święta,Cinema City Bydgoszcz,15:20,,,regular,2026-09-02T12:37:23.753641
2026-09-02,sroda,bydgoszcz,Gorzkie święta,Cinema City Bydgoszcz,18:00,,,regular,2026-09-02T12:37:23.753641
2026-09-02,sroda,bydgoszcz,Gorzkie święta,Cinema City Bydgoszcz,21:30,,,regular,2026-09-02T12:37:23.753641
2026-09-02,sroda,bydgoszcz,Gorzkie święta,Helios Bydgoszcz,20:40,,,regular,2026-09-02T12:37:23.753641
2026-09-02,sroda,bydgoszcz,Gorzkie święta,Multikino Bydgoszcz,18:15,,,regular,2026-09-02T12:37:23.753641
2026-09-02,sroda,bydgoszcz,Gwiazdozbiór Psa,Cinema City Bydgoszcz,11:00,,,regular,2026-09-02T12:37:23.753641
2026-09-02,sroda,bydgoszcz,Gwiazdozbiór Psa,Cinema City Bydgoszcz,13:40,,,regular,2026-09-02T12:37:23.753641
2026-09-02,sroda,bydgoszcz,Gwiazdozbiór Psa,Cinema City Bydgoszcz,14:10,,,regular,2026-09-02T12:37:23.753641
2026-09-02,sroda,bydgoszcz,Gwiazdozbiór Psa,Cinema City Bydgoszcz,16:20,,,regular,2026-09-02T12:37:23.753641
2026-09-02,sroda,bydgoszcz,Gwiazdozbiór Psa,Cinema City Bydgoszcz,19:00,,,regular,2026-09-02T12:37:23.753641
2026-09-02,sroda,bydgoszcz,Gwiazdozbiór Psa,Cinema City Bydgoszcz,19:45,,,regular,2026-09-02T12:37:23.753641
2026-09-02,sroda,bydgoszcz,Gwiazdozbiór Psa,Cinema City Bydgoszcz,19:50,,,regular,2026-09-02T12:37:23.753641
2026-09-02,sroda,bydgoszcz,Gwiazdozbiór Psa,Cinema City Bydgoszcz,21:40,,,regular,2026-09-02T12:37:23.753641
2026-09-02,sroda,bydgoszcz,Gwiazdozbiór Psa,Helios Bydgoszcz,12:15,,,regular,2026-09-02T12:37:23.753641
2026-09-02,sroda,bydgoszcz,Gwiazdozbiór Psa,Helios Bydgoszcz,15:00,,,regular,2026-09-02T12:37:23.753641
2026-09-02,sroda,bydgoszcz,Gwiazdozbiór Psa,Helios Bydgoszcz,17:30,,,regular,2026-09-02T12:37:23.753641
2026-09-02,sroda,bydgoszcz,Gwiazdozbiór Psa,Helios Bydgoszcz,20:50,,,regular,2026-09-02T12:37:23.753641
2026-09-02,sroda,bydgoszcz,Gwiazdozbiór Psa,Multikino Bydgoszcz,14:45,,,regular,2026-09-02T12:37:23.753641
2026-09-02,sroda,bydgoszcz,Gwiazdozbiór Psa,Multikino Bydgoszcz,17:45,,,regular,2026-09-02T12:37:23.753641
2026-09-02,sroda,bydgoszcz,Gwiazdozbiór Psa,Multikino Bydgoszcz,20:30,,,regular,2026-09-02T12:37:23.753641
2026-09-02,sroda,bydgoszcz,Harry Potter i Insygnia Śmierci cz. 2 (dubbing),Multikino Bydgoszcz,17:15,,dubbing,regular,2026-09-02T12:37:23.753641
2026-09-02,sroda,bydgoszcz,Harry Potter i Kamień Filozoficzny (dubbing),Cinema City Bydgoszcz,17:30,,dubbing,regular,2026-09-02T12:37:23.753641
2026-09-02,sroda,bydgoszcz,Harry Potter i Kamień Filozoficzny (dubbing),Multikino Bydgoszcz,14:00,,dubbing,regular,2026-09-02T12:37:23.753641
2026-09-02,sroda,bydgoszcz,Koniec Ulicy Dębowej,Cinema City Bydgoszcz,16:50,,,regular,2026-09-02T12:37:23.753641
2026-09-02,sroda,bydgoszcz,Koniec Ulicy Dębowej,Cinema City Bydgoszcz,19:20,,,regular,2026-09-02T12:37:23.753641
2026-09-02,sroda,bydgoszcz,Koniec Ulicy Dębowej,Cinema City Bydgoszcz,21:50,,,regular,2026-09-02T12:37:23.753641
2026-09-02,sroda,bydgoszcz,Koniec Ulicy Dębowej,Multikino Bydgoszcz,13:35,,,regular,2026-09-02T12:37:23.753641
2026-09-02,sroda,bydgoszcz,Księga pustyni,Helios Bydgoszcz,11:30,,,regular,2026-09-02T12:37:23.753641
2026-09-02,sroda,bydgoszcz,Księga pustyni,Helios Bydgoszcz,13:45,,,regular,2026-09-02T12:37:23.753641
2026-09-02,sroda,bydgoszcz,Księga pustyni (dubbing),Cinema City Bydgoszcz,10:50,,dubbing,regular,2026-09-02T12:37:23.753641
2026-09-02,sroda,bydgoszcz,Księga pustyni (dubbing),Cinema City Bydgoszcz,11:10,,dubbing,regular,2026-09-02T12:37:23.753641
2026-09-02,sroda,bydgoszcz,Księga pustyni (dubbing),Cinema City Bydgoszcz,13:15,,dubbing,regular,2026-09-02T12:37:23.753641
2026-09-02,sroda,bydgoszcz,Księga pustyni (dubbing),Cinema City Bydgoszcz,15:30,,dubbing,regular,2026-09-02T12:37:23.753641
2026-09-02,sroda,bydgoszcz,Księga pustyni (dubbing),Multikino Bydgoszcz,11:30,,dubbing,regular,2026-09-02T12:37:23.753641
2026-09-02,sroda,bydgoszcz,Księga pustyni (dubbing),Multikino Bydgoszcz,13:45,,dubbing,regular,2026-09-02T12:37:23.753641
2026-09-02,sroda,bydgoszcz,Księga pustyni (dubbing),Multikino Bydgoszcz,16:00,,dubbing,regular,2026-09-02T12:37:23.753641
2026-09-02,sroda,bydgoszcz,Małe formy wielkich mistrzów - zestaw filmów krótkometrażowych (w ramach 12. Festiwalu Przeźrocza),Kino Orzeł w Bydgoszczy,19:30,,,regular,2026-09-02T12:37:23.753641
2026-09-02,sroda,bydgoszcz,Minionki i straszydła (dubbing),Cinema City Bydgoszcz,12:40,,dubbing,regular,2026-09-02T12:37:23.753641
2026-09-02,sroda,bydgoszcz,Minionki i straszydła (dubbing),Cinema City Bydgoszcz,14:50,,dubbing,regular,2026-09-02T12:37:23.753641
2026-09-02,sroda,bydgoszcz,Minionki i straszydła (dubbing),Helios Bydgoszcz,10:30,,dubbing,regular,2026-09-02T12:37:23.753641
2026-09-02,sroda,bydgoszcz,Minionki i straszydła (dubbing),Multikino Bydgoszcz,10:15,,dubbing,regular,2026-09-02T12:37:23.753641
2026-09-02,sroda,bydgoszcz,Minionki i straszydła (dubbing),Multikino Bydgoszcz,12:20,,dubbing,regular,2026-09-02T12:37:23.753641
2026-09-02,sroda,bydgoszcz,Minionki i straszydła (dubbing),Multikino Bydgoszcz,14:25,,dubbing,regular,2026-09-02T12:37:23.753641
2026-09-02,sroda,bydgoszcz,Naznaczony: Wyjście z mrocznego wymiaru,Cinema City Bydgoszcz,13:10,,,regular,2026-09-02T12:37:23.753641
2026-09-02,sroda,bydgoszcz,Naznaczony: Wyjście z mrocznego wymiaru,Cinema City Bydgoszcz,15:40,,,regular,2026-09-02T12:37:23.753641
2026-09-02,sroda,bydgoszcz,Naznaczony: Wyjście z mrocznego wymiaru,Cinema City Bydgoszcz,18:10,,,regular,2026-09-02T12:37:23.753641
2026-09-02,sroda,bydgoszcz,Naznaczony: Wyjście z mrocznego wymiaru,Cinema City Bydgoszcz,20:40,,,regular,2026-09-02T12:37:23.753641
2026-09-02,sroda,bydgoszcz,Naznaczony: Wyjście z mrocznego wymiaru,Cinema City Bydgoszcz,21:00,,,regular,2026-09-02T12:37:23.753641
2026-09-02,sroda,bydgoszcz,Naznaczony: Wyjście z mrocznego wymiaru,Cinema City Bydgoszcz,22:30,,,regular,2026-09-02T12:37:23.753641
2026-09-02,sroda,bydgoszcz,Naznaczony: Wyjście z mrocznego wymiaru,Helios Bydgoszcz,16:00,,,regular,2026-09-02T12:37:23.753641
2026-09-02,sroda,bydgoszcz,Naznaczony: Wyjście z mrocznego wymiaru,Helios Bydgoszcz,19:00,,,regular,2026-09-02T12:37:23.753641
2026-09-02,sroda,bydgoszcz,Naznaczony: Wyjście z mrocznego wymiaru,Helios Bydgoszcz,21:30,,,regular,2026-09-02T12:37:23.753641
2026-09-02,sroda,bydgoszcz,Naznaczony: Wyjście z mrocznego wymiaru,Multikino Bydgoszcz,11:15,,,regular,2026-09-02T12:37:23.753641
2026-09-02,sroda,bydgoszcz,Naznaczony: Wyjście z mrocznego wymiaru,Multikino Bydgoszcz,13:45,,,regular,2026-09-02T12:37:23.753641
2026-09-02,sroda,bydgoszcz,Naznaczony: Wyjście z mrocznego wymiaru,Multikino Bydgoszcz,16:15,,,regular,2026-09-02T12:37:23.753641
2026-09-02,sroda,bydgoszcz,Naznaczony: Wyjście z mrocznego wymiaru,Multikino Bydgoszcz,18:45,,,regular,2026-09-02T12:37:23.753641
2026-09-02,sroda,bydgoszcz,Naznaczony: Wyjście z mrocznego wymiaru,Multikino Bydgoszcz,21:15,,,regular,2026-09-02T12:37:23.753641
2026-09-02,sroda,bydgoszcz,Nie patrz w dół 2,Cinema City Bydgoszcz,20:30,,,regular,2026-09-02T12:37:23.753641
2026-09-02,sroda,bydgoszcz,Nie patrz w dół 2,Multikino Bydgoszcz,17:40,,,regular,2026-09-02T12:37:23.753641
2026-09-02,sroda,bydgoszcz,Nowa fala,Multikino Bydgoszcz,20:00,,,regular,2026-09-02T12:37:23.753641
2026-09-02,sroda,bydgoszcz,Odyseja,Cinema City Bydgoszcz,10:00,,,regular,2026-09-02T12:37:23.753641
2026-09-02,sroda,bydgoszcz,Odyseja,Cinema City Bydgoszcz,11:00,,,regular,2026-09-02T12:37:23.753641
2026-09-02,sroda,bydgoszcz,Odyseja,Cinema City Bydgoszcz,13:50,,,regular,2026-09-02T12:37:23.753641
2026-09-02,sroda,bydgoszcz,Odyseja,Cinema City Bydgoszcz,14:30,,,regular,2026-09-02T12:37:23.753641
2026-09-02,sroda,bydgoszcz,Odyseja,Cinema City Bydgoszcz,18:10,,,regular,2026-09-02T12:37:23.753641
2026-09-02,sroda,bydgoszcz,Odyseja,Cinema City Bydgoszcz,21:50,,,regular,2026-09-02T12:37:23.753641
2026-09-02,sroda,bydgoszcz,Odyseja,Helios Bydgoszcz,11:00,,,regular,2026-09-02T12:37:23.753641
2026-09-02,sroda,bydgoszcz,Odyseja,Helios Bydgoszcz,16:20,,,regular,2026-09-02T12:37:23.753641
2026-09-02,sroda,bydgoszcz,Odyseja,Helios Bydgoszcz,19:40,,,regular,2026-09-02T12:37:23.753641
2026-09-02,sroda,bydgoszcz,Odyseja,Multikino Bydgoszcz,10:00,,,regular,2026-09-02T12:37:23.753641
2026-09-02,sroda,bydgoszcz,Odyseja,Multikino Bydgoszcz,12:25,,,regular,2026-09-02T12:37:23.753641
2026-09-02,sroda,bydgoszcz,Odyseja,Multikino Bydgoszcz,16:00,,,regular,2026-09-02T12:37:23.753641
2026-09-02,sroda,bydgoszcz,Odyseja,Multikino Bydgoszcz,18:30,,,regular,2026-09-02T12:37:23.753641
2026-09-02,sroda,bydgoszcz,Odyseja,Multikino Bydgoszcz,19:35,,,regular,2026-09-02T12:37:23.753641
2026-09-02,sroda,bydgoszcz,Ojczyzna,Pałac Młodzieży w Bydgoszczy,19:15,,,regular,2026-09-02T12:37:23.753641
2026-09-02,sroda,bydgoszcz,Ostrze przeznaczenia,Cinema City Bydgoszcz,18:00,,,regular,2026-09-02T12:37:23.753641
2026-09-02,sroda,bydgoszcz,Psi Patrol i dinozaury,Helios Bydgoszcz,10:00,,,regular,2026-09-02T12:37:23.753641
2026-09-02,sroda,bydgoszcz,Psi Patrol i dinozaury,Helios Bydgoszcz,13:00,,,regular,2026-09-02T12:37:23.753641
2026-09-02,sroda,bydgoszcz,Psi Patrol i dinozaury,Helios Bydgoszcz,15:15,,,regular,2026-09-02T12:37:23.753641
2026-09-02,sroda,bydgoszcz,Psi Patrol i dinozaury,Helios Bydgoszcz,16:45,,,regular,2026-09-02T12:37:23.753641
2026-09-02,sroda,bydgoszcz,Psi Patrol i dinozaury (dubbing),Cinema City Bydgoszcz,10:20,,dubbing,regular,2026-09-02T12:37:23.753641
2026-09-02,sroda,bydgoszcz,Psi Patrol i dinozaury (dubbing),Cinema City Bydgoszcz,12:30,,dubbing,regular,2026-09-02T12:37:23.753641
2026-09-02,sroda,bydgoszcz,Psi Patrol i dinozaury (dubbing),Cinema City Bydgoszcz,14:40,,dubbing,regular,2026-09-02T12:37:23.753641
2026-09-02,sroda,bydgoszcz,Psi Patrol i dinozaury (dubbing),Multikino Bydgoszcz,10:15,,dubbing,regular,2026-09-02T12:37:23.753641
2026-09-02,sroda,bydgoszcz,Psi Patrol i dinozaury (dubbing),Multikino Bydgoszcz,11:15,,dubbing,regular,2026-09-02T12:37:23.753641
2026-09-02,sroda,bydgoszcz,Psi Patrol i dinozaury (dubbing),Multikino Bydgoszcz,12:30,,dubbing,regular,2026-09-02T12:37:23.753641
2026-09-02,sroda,bydgoszcz,Psi Patrol i dinozaury (dubbing),Multikino Bydgoszcz,13:30,,dubbing,regular,2026-09-02T12:37:23.753641
2026-09-02,sroda,bydgoszcz,Psi Patrol i dinozaury (dubbing),Multikino Bydgoszcz,15:45,,dubbing,regular,2026-09-02T12:37:23.753641
2026-09-02,sroda,bydgoszcz,Psi Patrol i dinozaury (dubbing),Multikino Bydgoszcz,18:00,,dubbing,regular,2026-09-02T12:37:23.753641
2026-09-02,sroda,bydgoszcz,Pucio kocha zwierzaki,Cinema City Bydgoszcz,10:00,,,regular,2026-09-02T12:37:23.753641
2026-09-02,sroda,bydgoszcz,Pucio kocha zwierzaki,Cinema City Bydgoszcz,11:20,,,regular,2026-09-02T12:37:23.753641
2026-09-02,sroda,bydgoszcz,Pucio kocha zwierzaki,Cinema City Bydgoszcz,12:40,,,regular,2026-09-02T12:37:23.753641
2026-09-02,sroda,bydgoszcz,Pucio kocha zwierzaki,Cinema City Bydgoszcz,14:00,,,regular,2026-09-02T12:37:23.753641
2026-09-02,sroda,bydgoszcz,Pucio kocha zwierzaki,Helios Bydgoszcz,10:20,,,regular,2026-09-02T12:37:23.753641
2026-09-02,sroda,bydgoszcz,Pucio kocha zwierzaki,Helios Bydgoszcz,11:50,,,regular,2026-09-02T12:37:23.753641
2026-09-02,sroda,bydgoszcz,Pucio kocha zwierzaki,Helios Bydgoszcz,12:50,,,regular,2026-09-02T12:37:23.753641
2026-09-02,sroda,bydgoszcz,Pucio kocha zwierzaki,Helios Bydgoszcz,14:45,,,regular,2026-09-02T12:37:23.753641
2026-09-02,sroda,bydgoszcz,Pucio kocha zwierzaki,Multikino Bydgoszcz,10:00,,,regular,2026-09-02T12:37:23.753641
2026-09-02,sroda,bydgoszcz,Pucio kocha zwierzaki,Multikino Bydgoszcz,11:10,,,regular,2026-09-02T12:37:23.753641
2026-09-02,sroda,bydgoszcz,Pucio kocha zwierzaki,Multikino Bydgoszcz,12:45,,,regular,2026-09-02T12:37:23.753641
2026-09-02,sroda,bydgoszcz,Pucio kocha zwierzaki,Multikino Bydgoszcz,16:30,,,regular,2026-09-02T12:37:23.753641
2026-09-02,sroda,bydgoszcz,Spider-Man. Całkiem nowy dzień,Cinema City Bydgoszcz,10:30,,,regular,2026-09-02T12:37:23.753641
2026-09-02,sroda,bydgoszcz,Spider-Man. Całkiem nowy dzień,Cinema City Bydgoszcz,13:40,,,regular,2026-09-02T12:37:23.753641
2026-09-02,sroda,bydgoszcz,Spider-Man. Całkiem nowy dzień,Cinema City Bydgoszcz,16:50,,,regular,2026-09-02T12:37:23.753641
2026-09-02,sroda,bydgoszcz,Spider-Man. Całkiem nowy dzień,Cinema City Bydgoszcz,20:00,,,regular,2026-09-02T12:37:23.753641
2026-09-02,sroda,bydgoszcz,Spider-Man. Całkiem nowy dzień,Helios Bydgoszcz,11:15,,,regular,2026-09-02T12:37:23.753641
2026-09-02,sroda,bydgoszcz,Spider-Man. Całkiem nowy dzień,Helios Bydgoszcz,13:20,,,regular,2026-09-02T12:37:23.753641
2026-09-02,sroda,bydgoszcz,Spider-Man. Całkiem nowy dzień,Helios Bydgoszcz,14:30,,,regular,2026-09-02T12:37:23.753641
2026-09-02,sroda,bydgoszcz,Spider-Man. Całkiem nowy dzień,Helios Bydgoszcz,16:30,,,regular,2026-09-02T12:37:23.753641
2026-09-02,sroda,bydgoszcz,Spider-Man. Całkiem nowy dzień,Helios Bydgoszcz,17:45,,,regular,2026-09-02T12:37:23.753641
2026-09-02,sroda,bydgoszcz,Spider-Man. Całkiem nowy dzień,Helios Bydgoszcz,20:00,,,regular,2026-09-02T12:37:23.753641
2026-09-02,sroda,bydgoszcz,Spider-Man. Całkiem nowy dzień,Helios Bydgoszcz,21:00,,,regular,2026-09-02T12:37:23.753641
2026-09-02,sroda,bydgoszcz,Spider-Man. Całkiem nowy dzień,Multikino Bydgoszcz,20:35,,,regular,2026-09-02T12:37:23.753641
2026-09-02,sroda,bydgoszcz,Spider-Man. Całkiem nowy dzień (dubbing),Cinema City Bydgoszcz,10:00,,dubbing,regular,2026-09-02T12:37:23.753641
2026-09-02,sroda,bydgoszcz,Spider-Man. Całkiem nowy dzień (dubbing),Cinema City Bydgoszcz,13:15,,dubbing,regular,2026-09-02T12:37:23.753641
2026-09-02,sroda,bydgoszcz,Spider-Man. Całkiem nowy dzień (dubbing),Cinema City Bydgoszcz,16:30,,dubbing,regular,2026-09-02T12:37:23.753641
2026-09-02,sroda,bydgoszcz,Spider-Man. Całkiem nowy dzień (dubbing),Multikino Bydgoszcz,10:00,,dubbing,regular,2026-09-02T12:37:23.753641
2026-09-02,sroda,bydgoszcz,Spider-Man. Całkiem nowy dzień (dubbing),Multikino Bydgoszcz,11:00,,dubbing,regular,2026-09-02T12:37:23.753641
2026-09-02,sroda,bydgoszcz,Spider-Man. Całkiem nowy dzień (dubbing),Multikino Bydgoszcz,13:15,,dubbing,regular,2026-09-02T12:37:23.753641
2026-09-02,sroda,bydgoszcz,Spider-Man. Całkiem nowy dzień (dubbing),Multikino Bydgoszcz,14:15,,dubbing,regular,2026-09-02T12:37:23.753641
2026-09-02,sroda,bydgoszcz,Spider-Man. Całkiem nowy dzień (dubbing),Multikino Bydgoszcz,16:30,,dubbing,regular,2026-09-02T12:37:23.753641
2026-09-02,sroda,bydgoszcz,Spider-Man. Całkiem nowy dzień (dubbing),Multikino Bydgoszcz,17:30,,dubbing,regular,2026-09-02T12:37:23.753641
2026-09-02,sroda,bydgoszcz,Spider-Man. Całkiem nowy dzień (dubbing),Multikino Bydgoszcz,19:45,,dubbing,regular,2026-09-02T12:37:23.753641
2026-09-02,sroda,bydgoszcz,Spider-Man. Całkiem nowy dzień 3D (dubbing),Cinema City Bydgoszcz,11:00,3D,dubbing,regular,2026-09-02T12:37:23.753641
2026-09-02,sroda,bydgoszcz,Sunny Dancer,Cinema City Bydgoszcz,13:20,,,regular,2026-09-02T12:37:23.753641
2026-09-02,sroda,bydgoszcz,Sunny Dancer,Cinema City Bydgoszcz,20:50,,,regular,2026-09-02T12:37:23.753641
2026-09-02,sroda,bydgoszcz,Terminator 2: Dzień sądu,Cinema City Bydgoszcz,15:30,,,regular,2026-09-02T12:37:23.753641
2026-09-02,sroda,bydgoszcz,Terminator 2: Dzień sądu,Cinema City Bydgoszcz,16:50,,,regular,2026-09-02T12:37:23.753641
2026-09-02,sroda,bydgoszcz,Terminator 2: Dzień sądu,Cinema City Bydgoszcz,18:30,,,regular,2026-09-02T12:37:23.753641
2026-09-02,sroda,bydgoszcz,Terminator 2: Dzień sądu,Helios Bydgoszcz,18:00,,,regular,2026-09-02T12:37:23.753641
2026-09-02,sroda,bydgoszcz,Terminator 2: Dzień sądu,Multikino Bydgoszcz,20:00,,,regular,2026-09-02T12:37:23.753641
2026-09-02,sroda,bydgoszcz,Toy Story 5 (dubbing),Cinema City Bydgoszcz,10:15,,dubbing,regular,2026-09-02T12:37:23.753641
2026-09-02,sroda,bydgoszcz,Toy Story 5 (dubbing),Cinema City Bydgoszcz,10:40,,dubbing,regular,2026-09-02T12:37:23.753641
2026-09-02,sroda,bydgoszcz,Toy Story 5 (dubbing),Multikino Bydgoszcz,10:20,,dubbing,regular,2026-09-02T12:37:23.753641
2026-09-02,sroda,bydgoszcz,Tylko jedna noc,Cinema City Bydgoszcz,19:40,,,regular,2026-09-02T12:37:23.753641
2026-09-02,sroda,bydgoszcz,Vaiana,Helios Bydgoszcz,10:30,,,regular,2026-09-02T12:37:23.753641
2026-09-02,sroda,bydgoszcz,Vivaldi i ja,Cinema City Bydgoszcz,12:40,,,regular,2026-09-02T12:37:23.753641
2026-09-02,sroda,bydgoszcz,Wszyscy moi wrogowie,Cinema City Bydgoszcz,16:50,,,regular,2026-09-02T12:37:23.753641
2026-09-02,sroda,bydgoszcz,Wszyscy moi wrogowie,Cinema City Bydgoszcz,22:00,,,regular,2026-09-02T12:37:23.753641
2026-09-02,sroda,bydgoszcz,Zróbmy sobie przerwę,Helios Bydgoszcz,20:15,,,regular,2026-09-02T12:37:23.753641
2026-09-02,sroda,bydgoszcz,АСТРАЛ: ЗА МЕЖАМИ ПОТОЙБІЧЧЯ / Naznaczony: Wyjście z mrocznego wymiaru (ukr.),Multikino Bydgoszcz,20:50,,,regular,2026-09-02T12:37:23.753641
2026-09-02,sroda,bydgoszcz,Сузір'я великого пса / Gwiazdozbiór Psa (ukr.),Cinema City Bydgoszcz,20:30,,,regular,2026-09-02T12:37:23.753641
2026-09-02,sroda,lublin,500 mil,Kino Bajka w Lublinie,20:00,,,regular,2026-09-02T12:37:26.789333
2026-09-02,sroda,lublin,Arek.Mama.Panorama,Kino Bajka w Lublinie,16:45,,,regular,2026-09-02T12:37:26.789333
2026-09-02,sroda,lublin,Bogaci i martwi,Cinema City Lublin Felicity,15:50,,,regular,2026-09-02T12:37:26.789333
2026-09-02,sroda,lublin,Bogaci i martwi,Cinema City Lublin Plaza,15:00,,,regular,2026-09-02T12:37:26.789333
2026-09-02,sroda,lublin,Buntownik,Cinema City Lublin Felicity,16:10,,,regular,2026-09-02T12:37:26.789333
2026-09-02,sroda,lublin,Buntownik,Cinema City Lublin Felicity,21:30,,,regular,2026-09-02T12:37:26.789333
2026-09-02,sroda,lublin,Buntownik,Cinema City Lublin Plaza,13:00,,,regular,2026-09-02T12:37:26.789333
2026-09-02,sroda,lublin,Buntownik,Cinema City Lublin Plaza,17:50,,,regular,2026-09-02T12:37:26.789333
2026-09-02,sroda,lublin,Buntownik,Multikino Lublin,16:05,,,regular,2026-09-02T12:37:26.789333
2026-09-02,sroda,lublin,Buntownik,Multikino Lublin,20:45,,,regular,2026-09-02T12:37:26.789333
2026-09-02,sroda,lublin,Gorzkie święta,Cinema City Lublin Felicity,17:40,,,regular,2026-09-02T12:37:26.789333
2026-09-02,sroda,lublin,Gorzkie święta,Cinema City Lublin Felicity,20:10,,,regular,2026-09-02T12:37:26.789333
2026-09-02,sroda,lublin,Gorzkie święta,Cinema City Lublin Plaza,20:50,,,regular,2026-09-02T12:37:26.789333
2026-09-02,sroda,lublin,Gorzkie święta,Kino Bajka w Lublinie,15:30,,,regular,2026-09-02T12:37:26.789333
2026-09-02,sroda,lublin,Gorzkie święta,Kino Bajka w Lublinie,19:45,,,regular,2026-09-02T12:37:26.789333
2026-09-02,sroda,lublin,Gwiazdozbiór Psa,Cinema City Lublin Felicity,11:00,,,regular,2026-09-02T12:37:26.789333
2026-09-02,sroda,lublin,Gwiazdozbiór Psa,Cinema City Lublin Felicity,13:40,,,regular,2026-09-02T12:37:26.789333
2026-09-02,sroda,lublin,Gwiazdozbiór Psa,Cinema City Lublin Felicity,14:10,,,regular,2026-09-02T12:37:26.789333
2026-09-02,sroda,lublin,Gwiazdozbiór Psa,Cinema City Lublin Felicity,16:20,,,regular,2026-09-02T12:37:26.789333
2026-09-02,sroda,lublin,Gwiazdozbiór Psa,Cinema City Lublin Felicity,19:00,,,regular,2026-09-02T12:37:26.789333
2026-09-02,sroda,lublin,Gwiazdozbiór Psa,Cinema City Lublin Felicity,19:50,,,regular,2026-09-02T12:37:26.789333
2026-09-02,sroda,lublin,Gwiazdozbiór Psa,Cinema City Lublin Felicity,21:40,,,regular,2026-09-02T12:37:26.789333
2026-09-02,sroda,lublin,Gwiazdozbiór Psa,Cinema City Lublin Plaza,13:00,,,regular,2026-09-02T12:37:26.789333
2026-09-02,sroda,lublin,Gwiazdozbiór Psa,Cinema City Lublin Plaza,15:40,,,regular,2026-09-02T12:37:26.789333
2026-09-02,sroda,lublin,Gwiazdozbiór Psa,Cinema City Lublin Plaza,18:20,,,regular,2026-09-02T12:37:26.789333
2026-09-02,sroda,lublin,Gwiazdozbiór Psa,Cinema City Lublin Plaza,21:00,,,regular,2026-09-02T12:37:26.789333
2026-09-02,sroda,lublin,Gwiazdozbiór Psa,Multikino Lublin,12:30,,,regular,2026-09-02T12:37:26.789333
2026-09-02,sroda,lublin,Gwiazdozbiór Psa,Multikino Lublin,17:30,,,regular,2026-09-02T12:37:26.789333
2026-09-02,sroda,lublin,Gwiazdozbiór Psa,Multikino Lublin,20:15,,,regular,2026-09-02T12:37:26.789333
2026-09-02,sroda,lublin,Harry Potter i Insygnia Śmierci cz. 2 (dubbing),Multikino Lublin,17:15,,dubbing,regular,2026-09-02T12:37:26.789333
2026-09-02,sroda,lublin,Harry Potter i Kamień Filozoficzny (dubbing),Cinema City Lublin Felicity,17:30,,dubbing,regular,2026-09-02T12:37:26.789333
2026-09-02,sroda,lublin,Harry Potter i Kamień Filozoficzny (dubbing),Cinema City Lublin Plaza,18:00,,dubbing,regular,2026-09-02T12:37:26.789333
2026-09-02,sroda,lublin,Harry Potter i Kamień Filozoficzny (dubbing),Multikino Lublin,14:00,,dubbing,regular,2026-09-02T12:37:26.789333
2026-09-02,sroda,lublin,Ice Cream Man,Cinema City Lublin Felicity,22:00,,,regular,2026-09-02T12:37:26.789333
2026-09-02,sroda,lublin,Julia Pirotte. Piękno i siła,Kino Bajka w Lublinie,18:15,,,regular,2026-09-02T12:37:26.789333
2026-09-02,sroda,lublin,Koniec Ulicy Dębowej,Cinema City Lublin Felicity,16:40,,,regular,2026-09-02T12:37:26.789333
2026-09-02,sroda,lublin,Koniec Ulicy Dębowej,Cinema City Lublin Felicity,21:40,,,regular,2026-09-02T12:37:26.789333
2026-09-02,sroda,lublin,Koniec Ulicy Dębowej,Cinema City Lublin Plaza,13:00,,,regular,2026-09-02T12:37:26.789333
2026-09-02,sroda,lublin,Koniec Ulicy Dębowej,Cinema City Lublin Plaza,21:30,,,regular,2026-09-02T12:37:26.789333
2026-09-02,sroda,lublin,Koniec Ulicy Dębowej,Multikino Lublin,11:25,,,regular,2026-09-02T12:37:26.789333
2026-09-02,sroda,lublin,Księga pustyni,Kino Bajka w Lublinie,12:30,,,regular,2026-09-02T12:37:26.789333
2026-09-02,sroda,lublin,Księga pustyni (dubbing),Cinema City Lublin Felicity,11:30,,dubbing,regular,2026-09-02T12:37:26.789333
2026-09-02,sroda,lublin,Księga pustyni (dubbing),Cinema City Lublin Felicity,15:30,,dubbing,regular,2026-09-02T12:37:26.789333
2026-09-02,sroda,lublin,Księga pustyni (dubbing),Cinema City Lublin Plaza,12:10,,dubbing,regular,2026-09-02T12:37:26.789333
2026-09-02,sroda,lublin,Księga pustyni (dubbing),Multikino Lublin,10:15,,dubbing,regular,2026-09-02T12:37:26.789333
2026-09-02,sroda,lublin,Księga pustyni (dubbing),Multikino Lublin,15:15,,dubbing,regular,2026-09-02T12:37:26.789333
2026-09-02,sroda,lublin,Minionki i straszydła (dubbing),Cinema City Lublin Felicity,17:30,,dubbing,regular,2026-09-02T12:37:26.789333
2026-09-02,sroda,lublin,Minionki i straszydła (dubbing),Cinema City Lublin Plaza,10:45,,dubbing,regular,2026-09-02T12:37:26.789333
2026-09-02,sroda,lublin,Minionki i straszydła (dubbing),Cinema City Lublin Plaza,12:50,,dubbing,regular,2026-09-02T12:37:26.789333
2026-09-02,sroda,lublin,Minionki i straszydła (dubbing),Cinema City Lublin Plaza,15:40,,dubbing,regular,2026-09-02T12:37:26.789333
2026-09-02,sroda,lublin,Minionki i straszydła (dubbing),Multikino Lublin,10:10,,dubbing,regular,2026-09-02T12:37:26.789333
2026-09-02,sroda,lublin,Minionki i straszydła (dubbing),Multikino Lublin,12:20,,dubbing,regular,2026-09-02T12:37:26.789333
2026-09-02,sroda,lublin,Naznaczony: Wyjście z mrocznego wymiaru,Cinema City Lublin Felicity,11:00,,,regular,2026-09-02T12:37:26.789333
2026-09-02,sroda,lublin,Naznaczony: Wyjście z mrocznego wymiaru,Cinema City Lublin Felicity,20:50,,,regular,2026-09-02T12:37:26.789333
2026-09-02,sroda,lublin,Naznaczony: Wyjście z mrocznego wymiaru,Cinema City Lublin Plaza,18:10,,,regular,2026-09-02T12:37:26.789333
2026-09-02,sroda,lublin,Naznaczony: Wyjście z mrocznego wymiaru,Cinema City Lublin Plaza,22:00,,,regular,2026-09-02T12:37:26.789333
2026-09-02,sroda,lublin,Naznaczony: Wyjście z mrocznego wymiaru,Multikino Lublin,14:30,,,regular,2026-09-02T12:37:26.789333
2026-09-02,sroda,lublin,Naznaczony: Wyjście z mrocznego wymiaru,Multikino Lublin,18:20,,,regular,2026-09-02T12:37:26.789333
2026-09-02,sroda,lublin,Naznaczony: Wyjście z mrocznego wymiaru,Multikino Lublin,21:10,,,regular,2026-09-02T12:37:26.789333
2026-09-02,sroda,lublin,Nie patrz w dół 2,Cinema City Lublin Felicity,18:20,,,regular,2026-09-02T12:37:26.789333
2026-09-02,sroda,lublin,Nie patrz w dół 2,Cinema City Lublin Plaza,20:40,,,regular,2026-09-02T12:37:26.789333
2026-09-02,sroda,lublin,Nie patrz w dół 2,Multikino Lublin,17:00,,,regular,2026-09-02T12:37:26.789333
2026-09-02,sroda,lublin,Nowa fala,Multikino Lublin,20:00,,,regular,2026-09-02T12:37:26.789333
2026-09-02,sroda,lublin,Obsesja,Multikino Lublin,13:35,,,regular,2026-09-02T12:37:26.789333
2026-09-02,sroda,lublin,Odyseja,Cinema City Lublin Felicity,13:50,,,regular,2026-09-02T12:37:26.789333
2026-09-02,sroda,lublin,Odyseja,Cinema City Lublin Felicity,21:00,,,regular,2026-09-02T12:37:26.789333
2026-09-02,sroda,lublin,Odyseja,Cinema City Lublin Plaza,14:20,,,regular,2026-09-02T12:37:26.789333
2026-09-02,sroda,lublin,Odyseja,Cinema City Lublin Plaza,20:00,,,regular,2026-09-02T12:37:26.789333
2026-09-02,sroda,lublin,Odyseja,Multikino Lublin,10:35,,,regular,2026-09-02T12:37:26.789333
2026-09-02,sroda,lublin,Odyseja,Multikino Lublin,15:25,,,regular,2026-09-02T12:37:26.789333
2026-09-02,sroda,lublin,Odyseja,Multikino Lublin,19:00,,,regular,2026-09-02T12:37:26.789333
2026-09-02,sroda,lublin,Odyseja,Multikino Lublin,19:20,,,regular,2026-09-02T12:37:26.789333
2026-09-02,sroda,lublin,Odzyskany,Kino Bajka w Lublinie,17:45,,,regular,2026-09-02T12:37:26.789333
2026-09-02,sroda,lublin,Ostrze przeznaczenia,Cinema City Lublin Plaza,18:00,,,regular,2026-09-02T12:37:26.789333
2026-09-02,sroda,lublin,Przygoda na Mariensztacie,Kino - Centrum Kultury w Lublinie,18:00,,,regular,2026-09-02T12:37:26.789333
2026-09-02,sroda,lublin,Psi Patrol i dinozaury (dubbing),Cinema City Lublin Felicity,12:20,,dubbing,regular,2026-09-02T12:37:26.789333
2026-09-02,sroda,lublin,Psi Patrol i dinozaury (dubbing),Cinema City Lublin Felicity,14:30,,dubbing,regular,2026-09-02T12:37:26.789333
2026-09-02,sroda,lublin,Psi Patrol i dinozaury (dubbing),Cinema City Lublin Plaza,11:20,,dubbing,regular,2026-09-02T12:37:26.789333
2026-09-02,sroda,lublin,Psi Patrol i dinozaury (dubbing),Cinema City Lublin Plaza,13:40,,dubbing,regular,2026-09-02T12:37:26.789333
2026-09-02,sroda,lublin,Psi Patrol i dinozaury (dubbing),Cinema City Lublin Plaza,15:50,,dubbing,regular,2026-09-02T12:37:26.789333
2026-09-02,sroda,lublin,Psi Patrol i dinozaury (dubbing),Cinema City Lublin Plaza,17:40,,dubbing,regular,2026-09-02T12:37:26.789333
2026-09-02,sroda,lublin,Psi Patrol i dinozaury (dubbing),Multikino Lublin,11:00,,dubbing,regular,2026-09-02T12:37:26.789333
2026-09-02,sroda,lublin,Psi Patrol i dinozaury (dubbing),Multikino Lublin,13:15,,dubbing,regular,2026-09-02T12:37:26.789333
2026-09-02,sroda,lublin,Psi Patrol i dinozaury (dubbing),Multikino Lublin,15:30,,dubbing,regular,2026-09-02T12:37:26.789333
2026-09-02,sroda,lublin,Psi Patrol i dinozaury (dubbing),Multikino Lublin,17:45,,dubbing,regular,2026-09-02T12:37:26.789333
2026-09-02,sroda,lublin,Pucio kocha zwierzaki,Cinema City Lublin Felicity,11:40,,,regular,2026-09-02T12:37:26.789333
2026-09-02,sroda,lublin,Pucio kocha zwierzaki,Cinema City Lublin Felicity,13:10,,,regular,2026-09-02T12:37:26.789333
2026-09-02,sroda,lublin,Pucio kocha zwierzaki,Cinema City Lublin Plaza,11:00,,,regular,2026-09-02T12:37:26.789333
2026-09-02,sroda,lublin,Pucio kocha zwierzaki,Cinema City Lublin Plaza,15:00,,,regular,2026-09-02T12:37:26.789333
2026-09-02,sroda,lublin,Pucio kocha zwierzaki,Kino Bajka w Lublinie,14:15,,,regular,2026-09-02T12:37:26.789333
2026-09-02,sroda,lublin,Pucio kocha zwierzaki,Multikino Lublin,10:00,,,regular,2026-09-02T12:37:26.789333
2026-09-02,sroda,lublin,Pucio kocha zwierzaki,Multikino Lublin,11:10,,,regular,2026-09-02T12:37:26.789333
2026-09-02,sroda,lublin,Pucio kocha zwierzaki,Multikino Lublin,12:20,,,regular,2026-09-02T12:37:26.789333
2026-09-02,sroda,lublin,Pucio kocha zwierzaki,Multikino Lublin,14:10,,,regular,2026-09-02T12:37:26.789333
2026-09-02,sroda,lublin,Spider-Man. Całkiem nowy dzień,Cinema City Lublin Felicity,14:50,,,regular,2026-09-02T12:37:26.789333
2026-09-02,sroda,lublin,Spider-Man. Całkiem nowy dzień,Cinema City Lublin Felicity,21:10,,,regular,2026-09-02T12:37:26.789333
2026-09-02,sroda,lublin,Spider-Man. Całkiem nowy dzień,Cinema City Lublin Plaza,17:00,,,regular,2026-09-02T12:37:26.789333
2026-09-02,sroda,lublin,Spider-Man. Całkiem nowy dzień,Cinema City Lublin Plaza,20:10,,,regular,2026-09-02T12:37:26.789333
2026-09-02,sroda,lublin,Spider-Man. Całkiem nowy dzień,Multikino Lublin,19:45,,,regular,2026-09-02T12:37:26.789333
2026-09-02,sroda,lublin,Spider-Man. Całkiem nowy dzień (dubbing),Cinema City Lublin Felicity,10:00,,dubbing,regular,2026-09-02T12:37:26.789333
2026-09-02,sroda,lublin,Spider-Man. Całkiem nowy dzień (dubbing),Cinema City Lublin Felicity,11:40,,dubbing,regular,2026-09-02T12:37:26.789333
2026-09-02,sroda,lublin,Spider-Man. Całkiem nowy dzień (dubbing),Cinema City Lublin Felicity,13:00,,dubbing,regular,2026-09-02T12:37:26.789333
2026-09-02,sroda,lublin,Spider-Man. Całkiem nowy dzień (dubbing),Cinema City Lublin Felicity,18:00,,dubbing,regular,2026-09-02T12:37:26.789333
2026-09-02,sroda,lublin,Spider-Man. Całkiem nowy dzień (dubbing),Cinema City Lublin Plaza,13:50,,dubbing,regular,2026-09-02T12:37:26.789333
2026-09-02,sroda,lublin,Spider-Man. Całkiem nowy dzień (dubbing),Multikino Lublin,10:00,,dubbing,regular,2026-09-02T12:37:26.789333
2026-09-02,sroda,lublin,Spider-Man. Całkiem nowy dzień (dubbing),Multikino Lublin,11:30,,dubbing,regular,2026-09-02T12:37:26.789333
2026-09-02,sroda,lublin,Spider-Man. Całkiem nowy dzień (dubbing),Multikino Lublin,14:45,,dubbing,regular,2026-09-02T12:37:26.789333
2026-09-02,sroda,lublin,Spider-Man. Całkiem nowy dzień (dubbing),Multikino Lublin,16:30,,dubbing,regular,2026-09-02T12:37:26.789333
2026-09-02,sroda,lublin,Spider-Man. Całkiem nowy dzień (dubbing),Multikino Lublin,18:00,,dubbing,regular,2026-09-02T12:37:26.789333
2026-09-02,sroda,lublin,Spider-Man. Całkiem nowy dzień 3D (dubbing),Cinema City Lublin Felicity,11:00,3D,dubbing,regular,2026-09-02T12:37:26.789333
2026-09-02,sroda,lublin,Spider-Man. Całkiem nowy dzień 3D (dubbing),Multikino Lublin,13:15,3D,dubbing,regular,2026-09-02T12:37:26.789333
2026-09-02,sroda,lublin,Sunny Dancer,Cinema City Lublin Felicity,19:10,,,regular,2026-09-02T12:37:26.789333
2026-09-02,sroda,lublin,Sunny Dancer,Cinema City Lublin Plaza,16:30,,,regular,2026-09-02T12:37:26.789333
2026-09-02,sroda,lublin,Terminator 2: Dzień sądu,Cinema City Lublin Felicity,16:50,,,regular,2026-09-02T12:37:26.789333
2026-09-02,sroda,lublin,Terminator 2: Dzień sądu,Cinema City Lublin Felicity,18:30,,,regular,2026-09-02T12:37:26.789333
2026-09-02,sroda,lublin,Terminator 2: Dzień sądu,Cinema City Lublin Plaza,19:00,,,regular,2026-09-02T12:37:26.789333
2026-09-02,sroda,lublin,Terminator 2: Dzień sądu,Multikino Lublin,20:00,,,regular,2026-09-02T12:37:26.789333
2026-09-02,sroda,lublin,Toy Story 5 (dubbing),Cinema City Lublin Plaza,11:10,,dubbing,regular,2026-09-02T12:37:26.789333
2026-09-02,sroda,lublin,Tylko jedna noc,Cinema City Lublin Felicity,19:40,,,regular,2026-09-02T12:37:26.789333
2026-09-02,sroda,lublin,Tylko jedna noc,Cinema City Lublin Plaza,15:20,,,regular,2026-09-02T12:37:26.789333
2026-09-02,sroda,lublin,Vivaldi i ja,Cinema City Lublin Felicity,13:00,,,regular,2026-09-02T12:37:26.789333
2026-09-02,sroda,lublin,Vivaldi i ja,Kino Bajka w Lublinie,14:30,,,regular,2026-09-02T12:37:26.789333
2026-09-02,sroda,lublin,Wrong Girls,Cinema City Lublin Felicity,13:30,,,regular,2026-09-02T12:37:26.789333
2026-09-02,sroda,lublin,Wrong Girls,Cinema City Lublin Plaza,12:40,,,regular,2026-09-02T12:37:26.789333
2026-09-02,sroda,lublin,Wszyscy moi wrogowie,Cinema City Lublin Felicity,14:40,,,regular,2026-09-02T12:37:26.789333
2026-09-02,sroda,lublin,Сузір'я великого пса / Gwiazdozbiór Psa (ukr.),Cinema City Lublin Plaza,20:20,,,regular,2026-09-02T12:37:26.789333
2026-09-02,sroda,katowice,Arek.Mama.Panorama,Cinema City Katowice Punkt 44,18:10,,,regular,2026-09-02T12:37:28.850175
2026-09-02,sroda,katowice,Bogaci i martwi,Cinema City Katowice Punkt 44,13:50,,,regular,2026-09-02T12:37:28.850175
2026-09-02,sroda,katowice,Bogaci i martwi,Cinema City Katowice Silesia,19:00,,,regular,2026-09-02T12:37:28.850175
2026-09-02,sroda,katowice,Buntownik,Cinema City Katowice Punkt 44,11:10,,,regular,2026-09-02T12:37:28.850175
2026-09-02,sroda,katowice,Buntownik,Cinema City Katowice Punkt 44,16:00,,,regular,2026-09-02T12:37:28.850175
2026-09-02,sroda,katowice,Buntownik,Cinema City Katowice Punkt 44,18:15,,,regular,2026-09-02T12:37:28.850175
2026-09-02,sroda,katowice,Buntownik,Cinema City Katowice Punkt 44,20:30,,,regular,2026-09-02T12:37:28.850175
2026-09-02,sroda,katowice,Buntownik,Cinema City Katowice Silesia,13:00,,,regular,2026-09-02T12:37:28.850175
2026-09-02,sroda,katowice,Buntownik,Cinema City Katowice Silesia,15:20,,,regular,2026-09-02T12:37:28.850175
2026-09-02,sroda,katowice,Buntownik,Cinema City Katowice Silesia,19:20,,,regular,2026-09-02T12:37:28.850175
2026-09-02,sroda,katowice,Buntownik,Cinema City Katowice Silesia,21:40,,,regular,2026-09-02T12:37:28.850175
2026-09-02,sroda,katowice,Buntownik,Helios Katowice,14:10,,,regular,2026-09-02T12:37:28.850175
2026-09-02,sroda,katowice,Buntownik,Helios Katowice,17:00,,,regular,2026-09-02T12:37:28.850175
2026-09-02,sroda,katowice,Buntownik,Helios Katowice,20:50,,,regular,2026-09-02T12:37:28.850175
2026-09-02,sroda,katowice,Buntownik,Multikino Katowice,15:40,,,regular,2026-09-02T12:37:28.850175
2026-09-02,sroda,katowice,Buntownik,Multikino Katowice,20:25,,,regular,2026-09-02T12:37:28.850175
2026-09-02,sroda,katowice,Camino dla opornych,Kino Studyjne Światowid w Katowicach,18:00,,,regular,2026-09-02T12:37:28.850175
2026-09-02,sroda,katowice,Dzień Objawienia,Cinema City Katowice Punkt 44,20:50,,,regular,2026-09-02T12:37:28.850175
2026-09-02,sroda,katowice,Flavia de Luce (dubbing),Cinema City Katowice Silesia,10:00,,dubbing,regular,2026-09-02T12:37:28.850175
2026-09-02,sroda,katowice,Gorzkie święta,Cinema City Katowice Punkt 44,16:00,,,regular,2026-09-02T12:37:28.850175
2026-09-02,sroda,katowice,Gorzkie święta,Cinema City Katowice Punkt 44,18:30,,,regular,2026-09-02T12:37:28.850175
2026-09-02,sroda,katowice,Gorzkie święta,Cinema City Katowice Punkt 44,21:00,,,regular,2026-09-02T12:37:28.850175
2026-09-02,sroda,katowice,Gorzkie święta,Cinema City Katowice Silesia,15:20,,,regular,2026-09-02T12:37:28.850175
2026-09-02,sroda,katowice,Gorzkie święta,Cinema City Katowice Silesia,20:40,,,regular,2026-09-02T12:37:28.850175
2026-09-02,sroda,katowice,Gorzkie święta,Helios Katowice,18:15,,,regular,2026-09-02T12:37:28.850175
2026-09-02,sroda,katowice,Gorzkie święta,Helios Katowice,21:15,,,regular,2026-09-02T12:37:28.850175
2026-09-02,sroda,katowice,Gorzkie święta,Kino Kosmos w Katowicach,18:20,,,regular,2026-09-02T12:37:28.850175
2026-09-02,sroda,katowice,Gorzkie święta,Kino Studyjne Światowid w Katowicach,12:00,,,regular,2026-09-02T12:37:28.850175
2026-09-02,sroda,katowice,Gorzkie święta,Kino Studyjne Światowid w Katowicach,20:00,,,regular,2026-09-02T12:37:28.850175
2026-09-02,sroda,katowice,Gorzkie święta,Kinoteatr Rialto w Katowicach,20:00,,,regular,2026-09-02T12:37:28.850175
2026-09-02,sroda,katowice,Gorzkie święta,Multikino Katowice,18:45,,,regular,2026-09-02T12:37:28.850175
2026-09-02,sroda,katowice,Gwiazdozbiór Psa,Cinema City Katowice Punkt 44,11:50,,,regular,2026-09-02T12:37:28.850175
2026-09-02,sroda,katowice,Gwiazdozbiór Psa,Cinema City Katowice Punkt 44,13:20,,,regular,2026-09-02T12:37:28.850175
2026-09-02,sroda,katowice,Gwiazdozbiór Psa,Cinema City Katowice Punkt 44,14:30,,,regular,2026-09-02T12:37:28.850175
2026-09-02,sroda,katowice,Gwiazdozbiór Psa,Cinema City Katowice Punkt 44,17:10,,,regular,2026-09-02T12:37:28.850175
2026-09-02,sroda,katowice,Gwiazdozbiór Psa,Cinema City Katowice Punkt 44,18:00,,,regular,2026-09-02T12:37:28.850175
2026-09-02,sroda,katowice,Gwiazdozbiór Psa,Cinema City Katowice Punkt 44,19:50,,,regular,2026-09-02T12:37:28.850175
2026-09-02,sroda,katowice,Gwiazdozbiór Psa,Cinema City Katowice Punkt 44,20:40,,,regular,2026-09-02T12:37:28.850175
2026-09-02,sroda,katowice,Gwiazdozbiór Psa,Cinema City Katowice Punkt 44 IMAX,12:30,,,regular,2026-09-02T12:37:28.850175
2026-09-02,sroda,katowice,Gwiazdozbiór Psa,Cinema City Katowice Punkt 44 IMAX,18:40,,,regular,2026-09-02T12:37:28.850175
2026-09-02,sroda,katowice,Gwiazdozbiór Psa,Cinema City Katowice Punkt 44 IMAX,21:20,,,regular,2026-09-02T12:37:28.850175
2026-09-02,sroda,katowice,Gwiazdozbiór Psa,Cinema City Katowice Silesia,11:00,,,regular,2026-09-02T12:37:28.850175
2026-09-02,sroda,katowice,Gwiazdozbiór Psa,Cinema City Katowice Silesia,13:40,,,regular,2026-09-02T12:37:28.850175
2026-09-02,sroda,katowice,Gwiazdozbiór Psa,Cinema City Katowice Silesia,16:20,,,regular,2026-09-02T12:37:28.850175
2026-09-02,sroda,katowice,Gwiazdozbiór Psa,Cinema City Katowice Silesia,18:10,,,regular,2026-09-02T12:37:28.850175
2026-09-02,sroda,katowice,Gwiazdozbiór Psa,Cinema City Katowice Silesia,19:00,,,regular,2026-09-02T12:37:28.850175
2026-09-02,sroda,katowice,Gwiazdozbiór Psa,Cinema City Katowice Silesia,20:50,,,regular,2026-09-02T12:37:28.850175
2026-09-02,sroda,katowice,Gwiazdozbiór Psa,Cinema City Katowice Silesia,21:40,,,regular,2026-09-02T12:37:28.850175
2026-09-02,sroda,katowice,Gwiazdozbiór Psa,Helios Katowice,12:45,,,regular,2026-09-02T12:37:28.850175
2026-09-02,sroda,katowice,Gwiazdozbiór Psa,Helios Katowice,15:45,,,regular,2026-09-02T12:37:28.850175
2026-09-02,sroda,katowice,Gwiazdozbiór Psa,Helios Katowice,18:30,,,regular,2026-09-02T12:37:28.850175
2026-09-02,sroda,katowice,Gwiazdozbiór Psa,Helios Katowice,20:00,,,regular,2026-09-02T12:37:28.850175
2026-09-02,sroda,katowice,Gwiazdozbiór Psa,Multikino Katowice,17:30,,,regular,2026-09-02T12:37:28.850175
2026-09-02,sroda,katowice,Gwiazdozbiór Psa,Multikino Katowice,20:15,,,regular,2026-09-02T12:37:28.850175
2026-09-02,sroda,katowice,Harry Potter i Insygnia Śmierci cz. 2 (dubbing),Multikino Katowice,17:15,,dubbing,regular,2026-09-02T12:37:28.850175
2026-09-02,sroda,katowice,Harry Potter i Kamień Filozoficzny (dubbing),Cinema City Katowice Punkt 44,16:40,,dubbing,regular,2026-09-02T12:37:28.850175
2026-09-02,sroda,katowice,Harry Potter i Kamień Filozoficzny (dubbing),Cinema City Katowice Silesia,17:30,,dubbing,regular,2026-09-02T12:37:28.850175
2026-09-02,sroda,katowice,Harry Potter i Kamień Filozoficzny (dubbing),Multikino Katowice,14:00,,dubbing,regular,2026-09-02T12:37:28.850175
2026-09-02,sroda,katowice,Julia Pirotte. Piękno i siła,Kino Studyjne Światowid w Katowicach,17:00,,,regular,2026-09-02T12:37:28.850175
2026-09-02,sroda,katowice,Koniec Ulicy Dębowej,Cinema City Katowice Punkt 44,17:20,,,regular,2026-09-02T12:37:28.850175
2026-09-02,sroda,katowice,Koniec Ulicy Dębowej,Cinema City Katowice Punkt 44,22:00,,,regular,2026-09-02T12:37:28.850175
2026-09-02,sroda,katowice,Koniec Ulicy Dębowej,Cinema City Katowice Silesia,11:50,,,regular,2026-09-02T12:37:28.850175
2026-09-02,sroda,katowice,Koniec Ulicy Dębowej,Cinema City Katowice Silesia,14:20,,,regular,2026-09-02T12:37:28.850175
2026-09-02,sroda,katowice,Koniec Ulicy Dębowej,Helios Katowice,11:10,,,regular,2026-09-02T12:37:28.850175
2026-09-02,sroda,katowice,Koniec Ulicy Dębowej,Helios Katowice,21:30,,,regular,2026-09-02T12:37:28.850175
2026-09-02,sroda,katowice,Koniec Ulicy Dębowej,Multikino Katowice,21:40,,,regular,2026-09-02T12:37:28.850175
2026-09-02,sroda,katowice,Księga pustyni,Helios Katowice,10:30,,,regular,2026-09-02T12:37:28.850175
2026-09-02,sroda,katowice,Księga pustyni,Helios Katowice,16:00,,,regular,2026-09-02T12:37:28.850175
2026-09-02,sroda,katowice,Księga pustyni,Kino Studyjne Światowid w Katowicach,15:30,,,regular,2026-09-02T12:37:28.850175
2026-09-02,sroda,katowice,Księga pustyni (dubbing),Cinema City Katowice Punkt 44,11:20,,dubbing,regular,2026-09-02T12:37:28.850175
2026-09-02,sroda,katowice,Księga pustyni (dubbing),Cinema City Katowice Punkt 44,13:40,,dubbing,regular,2026-09-02T12:37:28.850175
2026-09-02,sroda,katowice,Księga pustyni (dubbing),Cinema City Katowice Punkt 44,15:10,,dubbing,regular,2026-09-02T12:37:28.850175
2026-09-02,sroda,katowice,Księga pustyni (dubbing),Cinema City Katowice Silesia,10:00,,dubbing,regular,2026-09-02T12:37:28.850175
2026-09-02,sroda,katowice,Księga pustyni (dubbing),Cinema City Katowice Silesia,10:50,,dubbing,regular,2026-09-02T12:37:28.850175
2026-09-02,sroda,katowice,Księga pustyni (dubbing),Cinema City Katowice Silesia,13:10,,dubbing,regular,2026-09-02T12:37:28.850175
2026-09-02,sroda,katowice,Księga pustyni (dubbing),Multikino Katowice,11:20,,dubbing,regular,2026-09-02T12:37:28.850175
2026-09-02,sroda,katowice,Księga pustyni (dubbing),Multikino Katowice,13:35,,dubbing,regular,2026-09-02T12:37:28.850175
2026-09-02,sroda,katowice,Kuźma,Kino Kosmos w Katowicach,15:35,,,regular,2026-09-02T12:37:28.850175
2026-09-02,sroda,katowice,"Miłość, śmierć i dojrzewanie w Camp Miasma",Kino Kosmos w Katowicach,20:00,,,regular,2026-09-02T12:37:28.850175
2026-09-02,sroda,katowice,Minionki i straszydła (dubbing),Cinema City Katowice Punkt 44,11:10,,dubbing,regular,2026-09-02T12:37:28.850175
2026-09-02,sroda,katowice,Minionki i straszydła (dubbing),Cinema City Katowice Punkt 44,13:20,,dubbing,regular,2026-09-02T12:37:28.850175
2026-09-02,sroda,katowice,Minionki i straszydła (dubbing),Cinema City Katowice Silesia,12:20,,dubbing,regular,2026-09-02T12:37:28.850175
2026-09-02,sroda,katowice,Minionki i straszydła (dubbing),Cinema City Katowice Silesia,14:30,,dubbing,regular,2026-09-02T12:37:28.850175
2026-09-02,sroda,katowice,Minionki i straszydła (dubbing),Helios Katowice,10:50,,dubbing,regular,2026-09-02T12:37:28.850175
2026-09-02,sroda,katowice,Minionki i straszydła (dubbing),Helios Katowice,15:15,,dubbing,regular,2026-09-02T12:37:28.850175
2026-09-02,sroda,katowice,Minionki i straszydła (dubbing),Multikino Katowice,15:20,,dubbing,regular,2026-09-02T12:37:28.850175
2026-09-02,sroda,katowice,Naznaczony: Wyjście z mrocznego wymiaru,Cinema City Katowice Punkt 44,16:10,,,regular,2026-09-02T12:37:28.850175
2026-09-02,sroda,katowice,Naznaczony: Wyjście z mrocznego wymiaru,Cinema City Katowice Punkt 44,18:50,,,regular,2026-09-02T12:37:28.850175
2026-09-02,sroda,katowice,Naznaczony: Wyjście z mrocznego wymiaru,Cinema City Katowice Punkt 44,21:30,,,regular,2026-09-02T12:37:28.850175
2026-09-02,sroda,katowice,Naznaczony: Wyjście z mrocznego wymiaru,Cinema City Katowice Silesia,12:00,,,regular,2026-09-02T12:37:28.850175
2026-09-02,sroda,katowice,Naznaczony: Wyjście z mrocznego wymiaru,Cinema City Katowice Silesia,14:30,,,regular,2026-09-02T12:37:28.850175
2026-09-02,sroda,katowice,Naznaczony: Wyjście z mrocznego wymiaru,Cinema City Katowice Silesia,17:00,,,regular,2026-09-02T12:37:28.850175
2026-09-02,sroda,katowice,Naznaczony: Wyjście z mrocznego wymiaru,Cinema City Katowice Silesia,19:30,,,regular,2026-09-02T12:37:28.850175
2026-09-02,sroda,katowice,Naznaczony: Wyjście z mrocznego wymiaru,Cinema City Katowice Silesia,22:00,,,regular,2026-09-02T12:37:28.850175
2026-09-02,sroda,katowice,Naznaczony: Wyjście z mrocznego wymiaru,Helios Katowice,16:30,,,regular,2026-09-02T12:37:28.850175
2026-09-02,sroda,katowice,Naznaczony: Wyjście z mrocznego wymiaru,Helios Katowice,17:30,,,regular,2026-09-02T12:37:28.850175
2026-09-02,sroda,katowice,Naznaczony: Wyjście z mrocznego wymiaru,Helios Katowice,20:40,,,regular,2026-09-02T12:37:28.850175
2026-09-02,sroda,katowice,Naznaczony: Wyjście z mrocznego wymiaru,Multikino Katowice,15:55,,,regular,2026-09-02T12:37:28.850175
2026-09-02,sroda,katowice,Naznaczony: Wyjście z mrocznego wymiaru,Multikino Katowice,18:20,,,regular,2026-09-02T12:37:28.850175
2026-09-02,sroda,katowice,Naznaczony: Wyjście z mrocznego wymiaru,Multikino Katowice,20:45,,,regular,2026-09-02T12:37:28.850175
2026-09-02,sroda,katowice,Nie patrz w dół 2,Cinema City Katowice Punkt 44,19:50,,,regular,2026-09-02T12:37:28.850175
2026-09-02,sroda,katowice,Nie patrz w dół 2,Cinema City Katowice Silesia,17:40,,,regular,2026-09-02T12:37:28.850175
2026-09-02,sroda,katowice,Nie patrz w dół 2,Multikino Katowice,20:35,,,regular,2026-09-02T12:37:28.850175
2026-09-02,sroda,katowice,Nowa fala,Kino Kosmos w Katowicach,16:20,,,regular,2026-09-02T12:37:28.850175
2026-09-02,sroda,katowice,Nowa fala,Kino Studyjne Światowid w Katowicach,14:00,,,regular,2026-09-02T12:37:28.850175
2026-09-02,sroda,katowice,Nowa fala,Multikino Katowice,20:00,,,regular,2026-09-02T12:37:28.850175
2026-09-02,sroda,katowice,O czym sobie nie mówimy,Kino Studyjne Światowid w Katowicach,16:00,,,regular,2026-09-02T12:37:28.850175
2026-09-02,sroda,katowice,O czym wie Marielle,Kino Studyjne Światowid w Katowicach,20:30,,,regular,2026-09-02T12:37:28.850175
2026-09-02,sroda,katowice,Odyseja,Cinema City Katowice Punkt 44,11:00,,,regular,2026-09-02T12:37:28.850175
2026-09-02,sroda,katowice,Odyseja,Cinema City Katowice Punkt 44,14:30,,,regular,2026-09-02T12:37:28.850175
2026-09-02,sroda,katowice,Odyseja,Cinema City Katowice Punkt 44,20:00,,,regular,2026-09-02T12:37:28.850175
2026-09-02,sroda,katowice,Odyseja,Cinema City Katowice Punkt 44 IMAX,15:10,,,regular,2026-09-02T12:37:28.850175
2026-09-02,sroda,katowice,Odyseja,Cinema City Katowice Silesia,10:40,,,regular,2026-09-02T12:37:28.850175
2026-09-02,sroda,katowice,Odyseja,Cinema City Katowice Silesia,14:20,,,regular,2026-09-02T12:37:28.850175
2026-09-02,sroda,katowice,Odyseja,Cinema City Katowice Silesia,18:00,,,regular,2026-09-02T12:37:28.850175
2026-09-02,sroda,katowice,Odyseja,Cinema City Katowice Silesia,21:40,,,regular,2026-09-02T12:37:28.850175
2026-09-02,sroda,katowice,Odyseja,Helios Katowice,11:40,,,regular,2026-09-02T12:37:28.850175
2026-09-02,sroda,katowice,Odyseja,Helios Katowice,13:15,,,regular,2026-09-02T12:37:28.850175
2026-09-02,sroda,katowice,Odyseja,Helios Katowice,16:45,,,regular,2026-09-02T12:37:28.850175
2026-09-02,sroda,katowice,Odyseja,Helios Katowice,19:30,,,regular,2026-09-02T12:37:28.850175
2026-09-02,sroda,katowice,Odyseja,Multikino Katowice,16:00,,,regular,2026-09-02T12:37:28.850175
2026-09-02,sroda,katowice,Odyseja,Multikino Katowice,17:10,,,regular,2026-09-02T12:37:28.850175
2026-09-02,sroda,katowice,Odyseja,Multikino Katowice,19:35,,,regular,2026-09-02T12:37:28.850175
2026-09-02,sroda,katowice,Odyseja / Одіссея (ukr.),Multikino Katowice,10:25,,,regular,2026-09-02T12:37:28.850175
2026-09-02,sroda,katowice,Odzyskany,Cinema City Katowice Silesia,16:40,,,regular,2026-09-02T12:37:28.850175
2026-09-02,sroda,katowice,Ostrze przeznaczenia,Cinema City Katowice Silesia,18:00,,,regular,2026-09-02T12:37:28.850175
2026-09-02,sroda,katowice,Ostrze przeznaczenia,Multikino Katowice,21:00,,,regular,2026-09-02T12:37:28.850175
2026-09-02,sroda,katowice,Psi Patrol i dinozaury,Helios Katowice,10:00,,,regular,2026-09-02T12:37:28.850175
2026-09-02,sroda,katowice,Psi Patrol i dinozaury,Helios Katowice,12:10,,,regular,2026-09-02T12:37:28.850175
2026-09-02,sroda,katowice,Psi Patrol i dinozaury,Helios Katowice,13:50,,,regular,2026-09-02T12:37:28.850175
2026-09-02,sroda,katowice,Psi Patrol i dinozaury,Helios Katowice,15:30,,,regular,2026-09-02T12:37:28.850175
2026-09-02,sroda,katowice,Psi Patrol i dinozaury (dubbing),Cinema City Katowice Punkt 44,12:20,,dubbing,regular,2026-09-02T12:37:28.850175
2026-09-02,sroda,katowice,Psi Patrol i dinozaury (dubbing),Cinema City Katowice Punkt 44,14:30,,dubbing,regular,2026-09-02T12:37:28.850175
2026-09-02,sroda,katowice,Psi Patrol i dinozaury (dubbing),Cinema City Katowice Silesia,10:30,,dubbing,regular,2026-09-02T12:37:28.850175
2026-09-02,sroda,katowice,Psi Patrol i dinozaury (dubbing),Cinema City Katowice Silesia,12:40,,dubbing,regular,2026-09-02T12:37:28.850175
2026-09-02,sroda,katowice,Psi Patrol i dinozaury (dubbing),Cinema City Katowice Silesia,14:50,,dubbing,regular,2026-09-02T12:37:28.850175
2026-09-02,sroda,katowice,Psi Patrol i dinozaury (dubbing),Cinema City Katowice Silesia,17:10,,dubbing,regular,2026-09-02T12:37:28.850175
2026-09-02,sroda,katowice,Psi Patrol i dinozaury (dubbing),Multikino Katowice,10:00,,dubbing,regular,2026-09-02T12:37:28.850175
2026-09-02,sroda,katowice,Psi Patrol i dinozaury (dubbing),Multikino Katowice,11:00,,dubbing,regular,2026-09-02T12:37:28.850175
2026-09-02,sroda,katowice,Psi Patrol i dinozaury (dubbing),Multikino Katowice,12:10,,dubbing,regular,2026-09-02T12:37:28.850175
2026-09-02,sroda,katowice,Psi Patrol i dinozaury (dubbing),Multikino Katowice,14:20,,dubbing,regular,2026-09-02T12:37:28.850175
2026-09-02,sroda,katowice,Psi Patrol i dinozaury (dubbing),Multikino Katowice,16:30,,dubbing,regular,2026-09-02T12:37:28.850175
2026-09-02,sroda,katowice,Pucio kocha zwierzaki,Cinema City Katowice Punkt 44,11:40,,,regular,2026-09-02T12:37:28.850175
2026-09-02,sroda,katowice,Pucio kocha zwierzaki,Cinema City Katowice Punkt 44,13:10,,,regular,2026-09-02T12:37:28.850175
2026-09-02,sroda,katowice,Pucio kocha zwierzaki,Cinema City Katowice Punkt 44,14:40,,,regular,2026-09-02T12:37:28.850175
2026-09-02,sroda,katowice,Pucio kocha zwierzaki,Cinema City Katowice Punkt 44,16:10,,,regular,2026-09-02T12:37:28.850175
2026-09-02,sroda,katowice,Pucio kocha zwierzaki,Cinema City Katowice Silesia,10:00,,,regular,2026-09-02T12:37:28.850175
2026-09-02,sroda,katowice,Pucio kocha zwierzaki,Cinema City Katowice Silesia,11:30,,,regular,2026-09-02T12:37:28.850175
2026-09-02,sroda,katowice,Pucio kocha zwierzaki,Cinema City Katowice Silesia,12:10,,,regular,2026-09-02T12:37:28.850175
2026-09-02,sroda,katowice,Pucio kocha zwierzaki,Cinema City Katowice Silesia,13:40,,,regular,2026-09-02T12:37:28.850175
2026-09-02,sroda,katowice,Pucio kocha zwierzaki,Cinema City Katowice Silesia,15:10,,,regular,2026-09-02T12:37:28.850175
2026-09-02,sroda,katowice,Pucio kocha zwierzaki,Helios Katowice,10:10,,,regular,2026-09-02T12:37:28.850175
2026-09-02,sroda,katowice,Pucio kocha zwierzaki,Helios Katowice,11:00,,,regular,2026-09-02T12:37:28.850175
2026-09-02,sroda,katowice,Pucio kocha zwierzaki,Helios Katowice,12:30,,,regular,2026-09-02T12:37:28.850175
2026-09-02,sroda,katowice,Pucio kocha zwierzaki,Helios Katowice,14:20,,,regular,2026-09-02T12:37:28.850175
2026-09-02,sroda,katowice,Pucio kocha zwierzaki,Kino Studyjne Światowid w Katowicach,12:30,,,regular,2026-09-02T12:37:28.850175
2026-09-02,sroda,katowice,Pucio kocha zwierzaki,Multikino Katowice,10:30,,,regular,2026-09-02T12:37:28.850175
2026-09-02,sroda,katowice,Pucio kocha zwierzaki,Multikino Katowice,11:45,,,regular,2026-09-02T12:37:28.850175
2026-09-02,sroda,katowice,Pucio kocha zwierzaki,Multikino Katowice,13:00,,,regular,2026-09-02T12:37:28.850175
2026-09-02,sroda,katowice,Pucio kocha zwierzaki,Multikino Katowice,14:20,,,regular,2026-09-02T12:37:28.850175
2026-09-02,sroda,katowice,Spider-Man. Całkiem nowy dzień,Cinema City Katowice Punkt 44,16:30,,,regular,2026-09-02T12:37:28.850175
2026-09-02,sroda,katowice,Spider-Man. Całkiem nowy dzień,Cinema City Katowice Punkt 44,19:40,,,regular,2026-09-02T12:37:28.850175
2026-09-02,sroda,katowice,Spider-Man. Całkiem nowy dzień,Cinema City Katowice Punkt 44,21:40,,,regular,2026-09-02T12:37:28.850175
2026-09-02,sroda,katowice,Spider-Man. Całkiem nowy dzień,Cinema City Katowice Silesia,11:00,,,regular,2026-09-02T12:37:28.850175
2026-09-02,sroda,katowice,Spider-Man. Całkiem nowy dzień,Cinema City Katowice Silesia,14:10,,,regular,2026-09-02T12:37:28.850175
2026-09-02,sroda,katowice,Spider-Man. Całkiem nowy dzień,Cinema City Katowice Silesia,20:00,,,regular,2026-09-02T12:37:28.850175
2026-09-02,sroda,katowice,Spider-Man. Całkiem nowy dzień,Cinema City Katowice Silesia,20:50,,,regular,2026-09-02T12:37:28.850175
2026-09-02,sroda,katowice,Spider-Man. Całkiem nowy dzień,Helios Katowice,10:40,,,regular,2026-09-02T12:37:28.850175
2026-09-02,sroda,katowice,Spider-Man. Całkiem nowy dzień,Helios Katowice,11:30,,,regular,2026-09-02T12:37:28.850175
2026-09-02,sroda,katowice,Spider-Man. Całkiem nowy dzień,Helios Katowice,13:30,,,regular,2026-09-02T12:37:28.850175
2026-09-02,sroda,katowice,Spider-Man. Całkiem nowy dzień,Helios Katowice,14:45,,,regular,2026-09-02T12:37:28.850175
2026-09-02,sroda,katowice,Spider-Man. Całkiem nowy dzień,Helios Katowice,17:45,,,regular,2026-09-02T12:37:28.850175
2026-09-02,sroda,katowice,Spider-Man. Całkiem nowy dzień,Helios Katowice,20:20,,,regular,2026-09-02T12:37:28.850175
2026-09-02,sroda,katowice,Spider-Man. Całkiem nowy dzień,Helios Katowice,21:00,,,regular,2026-09-02T12:37:28.850175
2026-09-02,sroda,katowice,Spider-Man. Całkiem nowy dzień,Multikino Katowice,10:00,,,regular,2026-09-02T12:37:28.850175
2026-09-02,sroda,katowice,Spider-Man. Całkiem nowy dzień,Multikino Katowice,13:15,,,regular,2026-09-02T12:37:28.850175
2026-09-02,sroda,katowice,Spider-Man. Całkiem nowy dzień,Multikino Katowice,16:30,,,regular,2026-09-02T12:37:28.850175
2026-09-02,sroda,katowice,Spider-Man. Całkiem nowy dzień,Multikino Katowice,18:30,,,regular,2026-09-02T12:37:28.850175
2026-09-02,sroda,katowice,Spider-Man. Całkiem nowy dzień,Multikino Katowice,19:45,,,regular,2026-09-02T12:37:28.850175
2026-09-02,sroda,katowice,Spider-Man. Całkiem nowy dzień (dubbing),Cinema City Katowice Punkt 44,12:10,,dubbing,regular,2026-09-02T12:37:28.850175
2026-09-02,sroda,katowice,Spider-Man. Całkiem nowy dzień (dubbing),Cinema City Katowice Punkt 44,15:20,,dubbing,regular,2026-09-02T12:37:28.850175
2026-09-02,sroda,katowice,Spider-Man. Całkiem nowy dzień (dubbing),Cinema City Katowice Punkt 44,18:30,,dubbing,regular,2026-09-02T12:37:28.850175
2026-09-02,sroda,katowice,Spider-Man. Całkiem nowy dzień (dubbing),Cinema City Katowice Silesia,12:40,,dubbing,regular,2026-09-02T12:37:28.850175
2026-09-02,sroda,katowice,Spider-Man. Całkiem nowy dzień (dubbing),Cinema City Katowice Silesia,15:50,,dubbing,regular,2026-09-02T12:37:28.850175
2026-09-02,sroda,katowice,Spider-Man. Całkiem nowy dzień (dubbing),Cinema City Katowice Silesia,17:20,,dubbing,regular,2026-09-02T12:37:28.850175
2026-09-02,sroda,katowice,Spider-Man. Całkiem nowy dzień (dubbing),Cinema City Katowice Silesia,19:00,,dubbing,regular,2026-09-02T12:37:28.850175
2026-09-02,sroda,katowice,Spider-Man. Całkiem nowy dzień (dubbing),Cinema City Katowice Silesia,20:30,,dubbing,regular,2026-09-02T12:37:28.850175
2026-09-02,sroda,katowice,Spider-Man. Całkiem nowy dzień (dubbing),Multikino Katowice,10:50,,dubbing,regular,2026-09-02T12:37:28.850175
2026-09-02,sroda,katowice,Spider-Man. Całkiem nowy dzień (dubbing),Multikino Katowice,14:05,,dubbing,regular,2026-09-02T12:37:28.850175
2026-09-02,sroda,katowice,Spider-Man. Całkiem nowy dzień (dubbing),Multikino Katowice,17:20,,dubbing,regular,2026-09-02T12:37:28.850175
2026-09-02,sroda,katowice,Spider-Man. Całkiem nowy dzień 3D (dubbing),Cinema City Katowice Punkt 44,17:40,3D,dubbing,regular,2026-09-02T12:37:28.850175
2026-09-02,sroda,katowice,Spider-Man. Całkiem nowy dzień 3D (dubbing),Cinema City Katowice Silesia,15:00,3D,dubbing,regular,2026-09-02T12:37:28.850175
2026-09-02,sroda,katowice,Spider-Man. Całkiem nowy dzień 3D (dubbing),Multikino Katowice,15:15,3D,dubbing,regular,2026-09-02T12:37:28.850175
2026-09-02,sroda,katowice,Straszny film,Cinema City Katowice Silesia,22:10,,,regular,2026-09-02T12:37:28.850175
2026-09-02,sroda,katowice,Sunny Dancer,Cinema City Katowice Punkt 44,14:50,,,regular,2026-09-02T12:37:28.850175
2026-09-02,sroda,katowice,Sunny Dancer,Cinema City Katowice Punkt 44,17:20,,,regular,2026-09-02T12:37:28.850175
2026-09-02,sroda,katowice,Sunny Dancer,Cinema City Katowice Punkt 44,19:50,,,regular,2026-09-02T12:37:28.850175
2026-09-02,sroda,katowice,Sunny Dancer,Cinema City Katowice Silesia,18:50,,,regular,2026-09-02T12:37:28.850175
2026-09-02,sroda,katowice,Sunny Dancer,Cinema City Katowice Silesia,21:20,,,regular,2026-09-02T12:37:28.850175
2026-09-02,sroda,katowice,Sunny Dancer,Kino Kosmos w Katowicach,20:30,,,regular,2026-09-02T12:37:28.850175
2026-09-02,sroda,katowice,Terminator 2: Dzień sądu,Cinema City Katowice Punkt 44,15:30,,,regular,2026-09-02T12:37:28.850175
2026-09-02,sroda,katowice,Terminator 2: Dzień sądu,Cinema City Katowice Punkt 44,18:30,,,regular,2026-09-02T12:37:28.850175
2026-09-02,sroda,katowice,Terminator 2: Dzień sądu,Cinema City Katowice Punkt 44,21:30,,,regular,2026-09-02T12:37:28.850175
2026-09-02,sroda,katowice,Terminator 2: Dzień sądu,Cinema City Katowice Silesia,17:00,,,regular,2026-09-02T12:37:28.850175
2026-09-02,sroda,katowice,Terminator 2: Dzień sądu,Cinema City Katowice Silesia,20:00,,,regular,2026-09-02T12:37:28.850175
2026-09-02,sroda,katowice,Terminator 2: Dzień sądu,Helios Katowice,18:00,,,regular,2026-09-02T12:37:28.850175
2026-09-02,sroda,katowice,Terminator 2: Dzień sądu,Multikino Katowice,13:10,,,regular,2026-09-02T12:37:28.850175
2026-09-02,sroda,katowice,Terminator 2: Dzień sądu,Multikino Katowice,21:20,,,regular,2026-09-02T12:37:28.850175
2026-09-02,sroda,katowice,Toy Story 5 (dubbing),Cinema City Katowice Punkt 44,12:50,,dubbing,regular,2026-09-02T12:37:28.850175
2026-09-02,sroda,katowice,Toy Story 5 (dubbing),Cinema City Katowice Silesia,10:10,,dubbing,regular,2026-09-02T12:37:28.850175
2026-09-02,sroda,katowice,Toy Story 5 (dubbing),Cinema City Katowice Silesia,12:30,,dubbing,regular,2026-09-02T12:37:28.850175
2026-09-02,sroda,katowice,Toy Story 5 (dubbing),Cinema City Katowice Silesia,15:00,,dubbing,regular,2026-09-02T12:37:28.850175
2026-09-02,sroda,katowice,Tylko jedna noc,Cinema City Katowice Punkt 44,15:50,,,regular,2026-09-02T12:37:28.850175
2026-09-02,sroda,katowice,Tylko jedna noc,Cinema City Katowice Punkt 44,20:00,,,regular,2026-09-02T12:37:28.850175
2026-09-02,sroda,katowice,Tylko jedna noc,Cinema City Katowice Silesia,16:30,,,regular,2026-09-02T12:37:28.850175
2026-09-02,sroda,katowice,Vaiana (dubbing),Cinema City Katowice Silesia,10:00,,dubbing,regular,2026-09-02T12:37:28.850175
2026-09-02,sroda,katowice,Vivaldi i ja,Cinema City Katowice Silesia,12:30,,,regular,2026-09-02T12:37:28.850175
2026-09-02,sroda,katowice,Vivaldi i ja,Kinoteatr Rialto w Katowicach,17:30,,,regular,2026-09-02T12:37:28.850175
2026-09-02,sroda,katowice,Wrong Girls,Cinema City Katowice Punkt 44,11:30,,,regular,2026-09-02T12:37:28.850175
2026-09-02,sroda,katowice,Wrong Girls,Cinema City Katowice Silesia,10:10,,,regular,2026-09-02T12:37:28.850175
2026-09-02,sroda,katowice,Wrong Girls,Cinema City Katowice Silesia,21:30,,,regular,2026-09-02T12:37:28.850175
2026-09-02,sroda,katowice,Wrong Girls,Kino Kosmos w Katowicach,18:05,,,regular,2026-09-02T12:37:28.850175
2026-09-02,sroda,katowice,Wszyscy moi wrogowie,Cinema City Katowice Punkt 44,11:50,,,regular,2026-09-02T12:37:28.850175
2026-09-02,sroda,katowice,Zaproszenie,Kinoteatr Rialto w Katowicach,15:15,,,regular,2026-09-02T12:37:28.850175
2026-09-02,sroda,katowice,Zróbmy sobie przerwę,Helios Katowice,19:00,,,regular,2026-09-02T12:37:28.850175
2026-09-02,sroda,katowice,Zróbmy sobie przerwę,Kino Studyjne Światowid w Katowicach,13:30,,,regular,2026-09-02T12:37:28.850175
2026-09-02,sroda,katowice,Zróbmy sobie przerwę,Kino Studyjne Światowid w Katowicach,18:30,,,regular,2026-09-02T12:37:28.850175
2026-09-02,sroda,katowice,АСТРАЛ: ЗА МЕЖАМИ ПОТОЙБІЧЧЯ / Naznaczony: Wyjście z mrocznego wymiaru (ukr.),Multikino Katowice,17:55,,,regular,2026-09-02T12:37:28.850175
2026-09-02,sroda,katowice,Людина-павук: Абсолютно новий день / Spider-Man. Całkiem nowy dzień (ukr.),Multikino Katowice,10:40,,,regular,2026-09-02T12:37:28.850175
2026-09-02,sroda,katowice,Людина-павук: Абсолютно новий день / Spider-Man. Całkiem nowy dzień (ukr.),Multikino Katowice,13:55,,,regular,2026-09-02T12:37:28.850175
2026-09-02,sroda,białystok,Buntownik,Helios Białystok Alfa,15:40,,,regular,2026-09-02T12:37:31.959518
2026-09-02,sroda,białystok,Buntownik,Helios Białystok Alfa,20:40,,,regular,2026-09-02T12:37:31.959518
2026-09-02,sroda,białystok,Buntownik,Helios Białystok Atrium Biała,16:40,,,regular,2026-09-02T12:37:31.959518
2026-09-02,sroda,białystok,Buntownik,Helios Białystok Atrium Biała,20:50,,,regular,2026-09-02T12:37:31.959518
2026-09-02,sroda,białystok,Buntownik,Helios Białystok Jurowiecka,16:15,,,regular,2026-09-02T12:37:31.959518
2026-09-02,sroda,białystok,Buntownik,Helios Białystok Jurowiecka,20:00,,,regular,2026-09-02T12:37:31.959518
2026-09-02,sroda,białystok,Gorzkie święta,Helios Białystok Alfa,14:30,,,regular,2026-09-02T12:37:31.959518
2026-09-02,sroda,białystok,Gorzkie święta,Helios Białystok Alfa,19:30,,,regular,2026-09-02T12:37:31.959518
2026-09-02,sroda,białystok,Gorzkie święta,Kino Forum - Białostocki Ośrodek Kultury,14:15,,,regular,2026-09-02T12:37:31.959518
2026-09-02,sroda,białystok,Gorzkie święta,Kino Forum - Białostocki Ośrodek Kultury,20:30,,,regular,2026-09-02T12:37:31.959518
2026-09-02,sroda,białystok,Gwiazdozbiór Psa,Helios Białystok Alfa,12:50,,,regular,2026-09-02T12:37:31.959518
2026-09-02,sroda,białystok,Gwiazdozbiór Psa,Helios Białystok Alfa,15:30,,,regular,2026-09-02T12:37:31.959518
2026-09-02,sroda,białystok,Gwiazdozbiór Psa,Helios Białystok Alfa,17:30,,,regular,2026-09-02T12:37:31.959518
2026-09-02,sroda,białystok,Gwiazdozbiór Psa,Helios Białystok Alfa,19:00,,,regular,2026-09-02T12:37:31.959518
2026-09-02,sroda,białystok,Gwiazdozbiór Psa,Helios Białystok Alfa,21:00,,,regular,2026-09-02T12:37:31.959518
2026-09-02,sroda,białystok,Gwiazdozbiór Psa,Helios Białystok Atrium Biała,12:10,,,regular,2026-09-02T12:37:31.959518
2026-09-02,sroda,białystok,Gwiazdozbiór Psa,Helios Białystok Atrium Biała,15:45,,,regular,2026-09-02T12:37:31.959518
2026-09-02,sroda,białystok,Gwiazdozbiór Psa,Helios Białystok Atrium Biała,18:30,,,regular,2026-09-02T12:37:31.959518
2026-09-02,sroda,białystok,Gwiazdozbiór Psa,Helios Białystok Atrium Biała,21:15,,,regular,2026-09-02T12:37:31.959518
2026-09-02,sroda,białystok,Gwiazdozbiór Psa,Helios Białystok Jurowiecka,14:10,,,regular,2026-09-02T12:37:31.959518
2026-09-02,sroda,białystok,Gwiazdozbiór Psa,Helios Białystok Jurowiecka,17:00,,,regular,2026-09-02T12:37:31.959518
2026-09-02,sroda,białystok,Gwiazdozbiór Psa,Helios Białystok Jurowiecka,19:45,,,regular,2026-09-02T12:37:31.959518
2026-09-02,sroda,białystok,Koniec Ulicy Dębowej,Helios Białystok Alfa,20:50,,,regular,2026-09-02T12:37:31.959518
2026-09-02,sroda,białystok,Koniec Ulicy Dębowej,Helios Białystok Atrium Biała,11:10,,,regular,2026-09-02T12:37:31.959518
2026-09-02,sroda,białystok,Koniec Ulicy Dębowej,Helios Białystok Atrium Biała,20:00,,,regular,2026-09-02T12:37:31.959518
2026-09-02,sroda,białystok,Księga pustyni,Helios Białystok Alfa,11:10,,,regular,2026-09-02T12:37:31.959518
2026-09-02,sroda,białystok,Księga pustyni,Helios Białystok Alfa,15:00,,,regular,2026-09-02T12:37:31.959518
2026-09-02,sroda,białystok,Księga pustyni,Helios Białystok Atrium Biała,12:45,,,regular,2026-09-02T12:37:31.959518
2026-09-02,sroda,białystok,Księga pustyni,Helios Białystok Atrium Biała,15:00,,,regular,2026-09-02T12:37:31.959518
2026-09-02,sroda,białystok,Księga pustyni,Helios Białystok Atrium Biała,17:15,,,regular,2026-09-02T12:37:31.959518
2026-09-02,sroda,białystok,Księga pustyni,Helios Białystok Jurowiecka,11:30,,,regular,2026-09-02T12:37:31.959518
2026-09-02,sroda,białystok,Księga pustyni,Helios Białystok Jurowiecka,16:45,,,regular,2026-09-02T12:37:31.959518
2026-09-02,sroda,białystok,Minionki i straszydła (dubbing),Helios Białystok Alfa,12:10,,dubbing,regular,2026-09-02T12:37:31.959518
2026-09-02,sroda,białystok,Minionki i straszydła (dubbing),Helios Białystok Alfa,13:30,,dubbing,regular,2026-09-02T12:37:31.959518
2026-09-02,sroda,białystok,Naznaczony: Wyjście z mrocznego wymiaru,Helios Białystok Alfa,16:00,,,regular,2026-09-02T12:37:31.959518
2026-09-02,sroda,białystok,Naznaczony: Wyjście z mrocznego wymiaru,Helios Białystok Alfa,18:30,,,regular,2026-09-02T12:37:31.959518
2026-09-02,sroda,białystok,Naznaczony: Wyjście z mrocznego wymiaru,Helios Białystok Alfa,21:45,,,regular,2026-09-02T12:37:31.959518
2026-09-02,sroda,białystok,Naznaczony: Wyjście z mrocznego wymiaru,Helios Białystok Atrium Biała,13:00,,,regular,2026-09-02T12:37:31.959518
2026-09-02,sroda,białystok,Naznaczony: Wyjście z mrocznego wymiaru,Helios Białystok Atrium Biała,19:00,,,regular,2026-09-02T12:37:31.959518
2026-09-02,sroda,białystok,Naznaczony: Wyjście z mrocznego wymiaru,Helios Białystok Atrium Biała,21:30,,,regular,2026-09-02T12:37:31.959518
2026-09-02,sroda,białystok,Naznaczony: Wyjście z mrocznego wymiaru,Helios Białystok Jurowiecka,12:15,,,regular,2026-09-02T12:37:31.959518
2026-09-02,sroda,białystok,Naznaczony: Wyjście z mrocznego wymiaru,Helios Białystok Jurowiecka,19:30,,,regular,2026-09-02T12:37:31.959518
2026-09-02,sroda,białystok,Naznaczony: Wyjście z mrocznego wymiaru,Helios Białystok Jurowiecka,21:00,,,regular,2026-09-02T12:37:31.959518
2026-09-02,sroda,białystok,Odyseja,Helios Białystok Alfa,12:00,,,regular,2026-09-02T12:37:31.959518
2026-09-02,sroda,białystok,Odyseja,Helios Białystok Alfa,17:00,,,regular,2026-09-02T12:37:31.959518
2026-09-02,sroda,białystok,Odyseja,Helios Białystok Alfa,20:15,,,regular,2026-09-02T12:37:31.959518
2026-09-02,sroda,białystok,Odyseja,Helios Białystok Atrium Biała,11:50,,,regular,2026-09-02T12:37:31.959518
2026-09-02,sroda,białystok,Odyseja,Helios Białystok Atrium Biała,13:50,,,regular,2026-09-02T12:37:31.959518
2026-09-02,sroda,białystok,Odyseja,Helios Białystok Atrium Biała,17:30,,,regular,2026-09-02T12:37:31.959518
2026-09-02,sroda,białystok,Odyseja,Helios Białystok Atrium Biała,19:30,,,regular,2026-09-02T12:37:31.959518
2026-09-02,sroda,białystok,Odyseja,Helios Białystok Jurowiecka,12:00,,,regular,2026-09-02T12:37:31.959518
2026-09-02,sroda,białystok,Odyseja,Helios Białystok Jurowiecka,15:45,,,regular,2026-09-02T12:37:31.959518
2026-09-02,sroda,białystok,Odyseja,Helios Białystok Jurowiecka,19:00,,,regular,2026-09-02T12:37:31.959518
2026-09-02,sroda,białystok,Psi Patrol i dinozaury,Helios Białystok Alfa,11:20,,,regular,2026-09-02T12:37:31.959518
2026-09-02,sroda,białystok,Psi Patrol i dinozaury,Helios Białystok Alfa,13:45,,,regular,2026-09-02T12:37:31.959518
2026-09-02,sroda,białystok,Psi Patrol i dinozaury,Helios Białystok Alfa,17:15,,,regular,2026-09-02T12:37:31.959518
2026-09-02,sroda,białystok,Psi Patrol i dinozaury,Helios Białystok Atrium Biała,11:20,,,regular,2026-09-02T12:37:31.959518
2026-09-02,sroda,białystok,Psi Patrol i dinozaury,Helios Białystok Atrium Biała,13:30,,,regular,2026-09-02T12:37:31.959518
2026-09-02,sroda,białystok,Psi Patrol i dinozaury,Helios Białystok Atrium Biała,15:30,,,regular,2026-09-02T12:37:31.959518
2026-09-02,sroda,białystok,Psi Patrol i dinozaury,Helios Białystok Atrium Biała,17:45,,,regular,2026-09-02T12:37:31.959518
2026-09-02,sroda,białystok,Psi Patrol i dinozaury,Helios Białystok Jurowiecka,11:00,,,regular,2026-09-02T12:37:31.959518
2026-09-02,sroda,białystok,Psi Patrol i dinozaury,Helios Białystok Jurowiecka,13:15,,,regular,2026-09-02T12:37:31.959518
2026-09-02,sroda,białystok,Psi Patrol i dinozaury,Helios Białystok Jurowiecka,15:30,,,regular,2026-09-02T12:37:31.959518
2026-09-02,sroda,białystok,Psi Patrol i dinozaury,Helios Białystok Jurowiecka,17:45,,,regular,2026-09-02T12:37:31.959518
2026-09-02,sroda,białystok,Pucio kocha zwierzaki,Helios Białystok Alfa,11:00,,,regular,2026-09-02T12:37:31.959518
2026-09-02,sroda,białystok,Pucio kocha zwierzaki,Helios Białystok Alfa,12:20,,,regular,2026-09-02T12:37:31.959518
2026-09-02,sroda,białystok,Pucio kocha zwierzaki,Helios Białystok Alfa,13:20,,,regular,2026-09-02T12:37:31.959518
2026-09-02,sroda,białystok,Pucio kocha zwierzaki,Helios Białystok Atrium Biała,11:40,,,regular,2026-09-02T12:37:31.959518
2026-09-02,sroda,białystok,Pucio kocha zwierzaki,Helios Białystok Atrium Biała,15:20,,,regular,2026-09-02T12:37:31.959518
2026-09-02,sroda,białystok,Pucio kocha zwierzaki,Helios Białystok Atrium Biała,16:50,,,regular,2026-09-02T12:37:31.959518
2026-09-02,sroda,białystok,Pucio kocha zwierzaki,Helios Białystok Jurowiecka,11:10,,,regular,2026-09-02T12:37:31.959518
2026-09-02,sroda,białystok,Pucio kocha zwierzaki,Helios Białystok Jurowiecka,14:40,,,regular,2026-09-02T12:37:31.959518
2026-09-02,sroda,białystok,Spider-Man. Całkiem nowy dzień,Helios Białystok Alfa,11:00,,,regular,2026-09-02T12:37:31.959518
2026-09-02,sroda,białystok,Spider-Man. Całkiem nowy dzień,Helios Białystok Alfa,14:15,,,regular,2026-09-02T12:37:31.959518
2026-09-02,sroda,białystok,Spider-Man. Całkiem nowy dzień,Helios Białystok Alfa,15:50,,,regular,2026-09-02T12:37:31.959518
2026-09-02,sroda,białystok,Spider-Man. Całkiem nowy dzień,Helios Białystok Alfa,18:15,,,regular,2026-09-02T12:37:31.959518
2026-09-02,sroda,białystok,Spider-Man. Całkiem nowy dzień,Helios Białystok Alfa,21:20,,,regular,2026-09-02T12:37:31.959518
2026-09-02,sroda,białystok,Spider-Man. Całkiem nowy dzień,Helios Białystok Atrium Biała,11:00,,,regular,2026-09-02T12:37:31.959518
2026-09-02,sroda,białystok,Spider-Man. Całkiem nowy dzień,Helios Białystok Atrium Biała,13:40,,,regular,2026-09-02T12:37:31.959518
2026-09-02,sroda,białystok,Spider-Man. Całkiem nowy dzień,Helios Białystok Atrium Biała,14:45,,,regular,2026-09-02T12:37:31.959518
2026-09-02,sroda,białystok,Spider-Man. Całkiem nowy dzień,Helios Białystok Atrium Biała,17:00,,,regular,2026-09-02T12:37:31.959518
2026-09-02,sroda,białystok,Spider-Man. Całkiem nowy dzień,Helios Białystok Atrium Biała,20:15,,,regular,2026-09-02T12:37:31.959518
2026-09-02,sroda,białystok,Spider-Man. Całkiem nowy dzień,Helios Białystok Atrium Biała,21:00,,,regular,2026-09-02T12:37:31.959518
2026-09-02,sroda,białystok,Spider-Man. Całkiem nowy dzień,Helios Białystok Jurowiecka,11:00,,,regular,2026-09-02T12:37:31.959518
2026-09-02,sroda,białystok,Spider-Man. Całkiem nowy dzień,Helios Białystok Jurowiecka,13:45,,,regular,2026-09-02T12:37:31.959518
2026-09-02,sroda,białystok,Spider-Man. Całkiem nowy dzień,Helios Białystok Jurowiecka,14:50,,,regular,2026-09-02T12:37:31.959518
2026-09-02,sroda,białystok,Spider-Man. Całkiem nowy dzień,Helios Białystok Jurowiecka,18:00,,,regular,2026-09-02T12:37:31.959518
2026-09-02,sroda,białystok,Spider-Man. Całkiem nowy dzień,Helios Białystok Jurowiecka,21:15,,,regular,2026-09-02T12:37:31.959518
2026-09-02,sroda,białystok,Sunny Dancer,Helios Białystok Atrium Biała,18:15,,,regular,2026-09-02T12:37:31.959518
2026-09-02,sroda,białystok,Sunny Dancer,Kino Forum - Białostocki Ośrodek Kultury,16:30,,,regular,2026-09-02T12:37:31.959518
2026-09-02,sroda,białystok,Terminator 2: Dzień sądu,Helios Białystok Alfa,18:00,,,regular,2026-09-02T12:37:31.959518
2026-09-02,sroda,białystok,Terminator 2: Dzień sądu,Helios Białystok Atrium Biała,18:00,,,regular,2026-09-02T12:37:31.959518
2026-09-02,sroda,białystok,Toy Story 5 (dubbing),Helios Białystok Atrium Biała,14:15,,dubbing,regular,2026-09-02T12:37:31.959518
2026-09-02,sroda,białystok,Toy Story 5 (dubbing),Helios Białystok Jurowiecka,12:30,,dubbing,regular,2026-09-02T12:37:31.959518
2026-09-02,sroda,białystok,Tylko jedna noc,Helios Białystok Atrium Biała,20:40,,,regular,2026-09-02T12:37:31.959518
2026-09-02,sroda,białystok,Vivaldi i ja,Kino Forum - Białostocki Ośrodek Kultury,18:30,,,regular,2026-09-02T12:37:31.959518
2026-09-02,sroda,białystok,Wrong Girls,Helios Białystok Atrium Biała,11:30,,,regular,2026-09-02T12:37:31.959518
2026-09-02,sroda,białystok,Zróbmy sobie przerwę,Helios Białystok Jurowiecka,18:30,,,regular,2026-09-02T12:37:31.959518
2026-09-02,sroda,gdynia,Arek.Mama.Panorama,Gdyńskie Centrum Filmowe,16:50,,,regular,2026-09-02T12:37:34.635156
2026-09-02,sroda,gdynia,Buntownik,Helios Gdynia,12:20,,,regular,2026-09-02T12:37:34.635156
2026-09-02,sroda,gdynia,Buntownik,Helios Gdynia,16:00,,,regular,2026-09-02T12:37:34.635156
2026-09-02,sroda,gdynia,Buntownik,Helios Gdynia,20:45,,,regular,2026-09-02T12:37:34.635156
2026-09-02,sroda,gdynia,Gorzkie święta,Gdyńskie Centrum Filmowe,12:20,,,regular,2026-09-02T12:37:34.635156
2026-09-02,sroda,gdynia,Gorzkie święta,Gdyńskie Centrum Filmowe,17:45,,,regular,2026-09-02T12:37:34.635156
2026-09-02,sroda,gdynia,Gorzkie święta,Helios Gdynia,17:00,,,regular,2026-09-02T12:37:34.635156
2026-09-02,sroda,gdynia,Gwiazdozbiór Psa,Gdyńskie Centrum Filmowe,14:00,,,regular,2026-09-02T12:37:34.635156
2026-09-02,sroda,gdynia,Gwiazdozbiór Psa,Gdyńskie Centrum Filmowe,20:00,,,regular,2026-09-02T12:37:34.635156
2026-09-02,sroda,gdynia,Gwiazdozbiór Psa,Helios Gdynia,14:30,,,regular,2026-09-02T12:37:34.635156
2026-09-02,sroda,gdynia,Gwiazdozbiór Psa,Helios Gdynia,17:40,,,regular,2026-09-02T12:37:34.635156
2026-09-02,sroda,gdynia,Gwiazdozbiór Psa,Helios Gdynia,18:30,,,regular,2026-09-02T12:37:34.635156
2026-09-02,sroda,gdynia,Gwiazdozbiór Psa,Helios Gdynia,20:30,,,regular,2026-09-02T12:37:34.635156
2026-09-02,sroda,gdynia,Julia Pirotte. Piękno i siła,Gdyńskie Centrum Filmowe,20:35,,,regular,2026-09-02T12:37:34.635156
2026-09-02,sroda,gdynia,Koniec Ulicy Dębowej,Helios Gdynia,12:10,,,regular,2026-09-02T12:37:34.635156
2026-09-02,sroda,gdynia,Kręciołek (dubbing),Gdyńskie Centrum Filmowe,10:10,,dubbing,regular,2026-09-02T12:37:34.635156
2026-09-02,sroda,gdynia,Księga pustyni,Gdyńskie Centrum Filmowe,10:25,,,regular,2026-09-02T12:37:34.635156
2026-09-02,sroda,gdynia,Księga pustyni,Gdyńskie Centrum Filmowe,15:45,,,regular,2026-09-02T12:37:34.635156
2026-09-02,sroda,gdynia,Księga pustyni,Helios Gdynia,10:20,,,regular,2026-09-02T12:37:34.635156
2026-09-02,sroda,gdynia,Księga pustyni,Helios Gdynia,13:40,,,regular,2026-09-02T12:37:34.635156
2026-09-02,sroda,gdynia,Księga pustyni,Helios Gdynia,15:50,,,regular,2026-09-02T12:37:34.635156
2026-09-02,sroda,gdynia,Kura,Gdyńskie Centrum Filmowe,18:15,,,regular,2026-09-02T12:37:34.635156
2026-09-02,sroda,gdynia,Minionki i straszydła (dubbing),Helios Gdynia,10:10,,dubbing,regular,2026-09-02T12:37:34.635156
2026-09-02,sroda,gdynia,Naznaczony: Wyjście z mrocznego wymiaru,Helios Gdynia,12:45,,,regular,2026-09-02T12:37:34.635156
2026-09-02,sroda,gdynia,Naznaczony: Wyjście z mrocznego wymiaru,Helios Gdynia,18:15,,,regular,2026-09-02T12:37:34.635156
2026-09-02,sroda,gdynia,Naznaczony: Wyjście z mrocznego wymiaru,Helios Gdynia,21:00,,,regular,2026-09-02T12:37:34.635156
2026-09-02,sroda,gdynia,O czym wie Marielle,Gdyńskie Centrum Filmowe,16:25,,,regular,2026-09-02T12:37:34.635156
2026-09-02,sroda,gdynia,Odyseja,Helios Gdynia,10:00,,,regular,2026-09-02T12:37:34.635156
2026-09-02,sroda,gdynia,Odyseja,Helios Gdynia,11:10,,,regular,2026-09-02T12:37:34.635156
2026-09-02,sroda,gdynia,Odyseja,Helios Gdynia,13:20,,,regular,2026-09-02T12:37:34.635156
2026-09-02,sroda,gdynia,Odyseja,Helios Gdynia,14:50,,,regular,2026-09-02T12:37:34.635156
2026-09-02,sroda,gdynia,Odyseja,Helios Gdynia,19:30,,,regular,2026-09-02T12:37:34.635156
2026-09-02,sroda,gdynia,Odyseja,Helios Gdynia,21:10,,,regular,2026-09-02T12:37:34.635156
2026-09-02,sroda,gdynia,Psi Patrol i dinozaury,Helios Gdynia,10:00,,,regular,2026-09-02T12:37:34.635156
2026-09-02,sroda,gdynia,Psi Patrol i dinozaury,Helios Gdynia,11:00,,,regular,2026-09-02T12:37:34.635156
2026-09-02,sroda,gdynia,Psi Patrol i dinozaury,Helios Gdynia,15:15,,,regular,2026-09-02T12:37:34.635156
2026-09-02,sroda,gdynia,Psi Patrol i dinozaury,Helios Gdynia,17:15,,,regular,2026-09-02T12:37:34.635156
2026-09-02,sroda,gdynia,Pucio kocha zwierzaki,Gdyńskie Centrum Filmowe,11:00,,,regular,2026-09-02T12:37:34.635156
2026-09-02,sroda,gdynia,Pucio kocha zwierzaki,Gdyńskie Centrum Filmowe,14:30,,,regular,2026-09-02T12:37:34.635156
2026-09-02,sroda,gdynia,Pucio kocha zwierzaki,Helios Gdynia,10:00,,,regular,2026-09-02T12:37:34.635156
2026-09-02,sroda,gdynia,Pucio kocha zwierzaki,Helios Gdynia,11:20,,,regular,2026-09-02T12:37:34.635156
2026-09-02,sroda,gdynia,Pucio kocha zwierzaki,Helios Gdynia,14:40,,,regular,2026-09-02T12:37:34.635156
2026-09-02,sroda,gdynia,Spider-Man. Całkiem nowy dzień,Helios Gdynia,10:20,,,regular,2026-09-02T12:37:34.635156
2026-09-02,sroda,gdynia,Spider-Man. Całkiem nowy dzień,Helios Gdynia,12:20,,,regular,2026-09-02T12:37:34.635156
2026-09-02,sroda,gdynia,Spider-Man. Całkiem nowy dzień,Helios Gdynia,13:30,,,regular,2026-09-02T12:37:34.635156
2026-09-02,sroda,gdynia,Spider-Man. Całkiem nowy dzień,Helios Gdynia,15:40,,,regular,2026-09-02T12:37:34.635156
2026-09-02,sroda,gdynia,Spider-Man. Całkiem nowy dzień,Helios Gdynia,16:45,,,regular,2026-09-02T12:37:34.635156
2026-09-02,sroda,gdynia,Spider-Man. Całkiem nowy dzień,Helios Gdynia,19:00,,,regular,2026-09-02T12:37:34.635156
2026-09-02,sroda,gdynia,Spider-Man. Całkiem nowy dzień,Helios Gdynia,20:15,,,regular,2026-09-02T12:37:34.635156
2026-09-02,sroda,gdynia,Sunny Dancer,Gdyńskie Centrum Filmowe,14:45,,,regular,2026-09-02T12:37:34.635156
2026-09-02,sroda,gdynia,Terminator 2: Dzień sądu,Helios Gdynia,18:00,,,regular,2026-09-02T12:37:34.635156
2026-09-02,sroda,gdynia,Vivaldi i ja,Gdyńskie Centrum Filmowe,11:50,,,regular,2026-09-02T12:37:34.635156
2026-09-02,sroda,gdynia,Vivaldi i ja,Gdyńskie Centrum Filmowe,18:25,,,regular,2026-09-02T12:37:34.635156
2026-09-02,sroda,gdynia,Zróbmy sobie przerwę,Gdyńskie Centrum Filmowe,12:10,,,regular,2026-09-02T12:37:34.635156
2026-09-02,sroda,gdynia,Zróbmy sobie przerwę,Gdyńskie Centrum Filmowe,20:15,,,regular,2026-09-02T12:37:34.635156
2026-09-02,sroda,gdynia,Zróbmy sobie przerwę,Helios Gdynia,19:45,,,regular,2026-09-02T12:37:34.635156
2026-09-02,sroda,częstochowa,Bogaci i martwi,Cinema City Częstochowa Galeria Jurajska,14:00,,,regular,2026-09-02T12:37:36.574540
2026-09-02,sroda,częstochowa,Bogaci i martwi,Cinema City Częstochowa Wolność,13:50,,,regular,2026-09-02T12:37:36.574540
2026-09-02,sroda,częstochowa,Buntownik,Cinema City Częstochowa Galeria Jurajska,17:45,,,regular,2026-09-02T12:37:36.574540
2026-09-02,sroda,częstochowa,Buntownik,Cinema City Częstochowa Galeria Jurajska,22:20,,,regular,2026-09-02T12:37:36.574540
2026-09-02,sroda,częstochowa,Buntownik,Cinema City Częstochowa Wolność,13:40,,,regular,2026-09-02T12:37:36.574540
2026-09-02,sroda,częstochowa,Buntownik,Cinema City Częstochowa Wolność,21:40,,,regular,2026-09-02T12:37:36.574540
2026-09-02,sroda,częstochowa,Ekipa zwierzaków (dubbing),Cinema City Częstochowa Wolność,12:30,,dubbing,regular,2026-09-02T12:37:36.574540
2026-09-02,sroda,częstochowa,Flavia de Luce (dubbing),Cinema City Częstochowa Wolność,11:30,,dubbing,regular,2026-09-02T12:37:36.574540
2026-09-02,sroda,częstochowa,Gorzkie święta,Cinema City Częstochowa Galeria Jurajska,20:00,,,regular,2026-09-02T12:37:36.574540
2026-09-02,sroda,częstochowa,Gorzkie święta,Cinema City Częstochowa Wolność,20:10,,,regular,2026-09-02T12:37:36.574540
2026-09-02,sroda,częstochowa,Gorzkie święta,Kino Studyjne OKF Iluzja w Częstochowie,18:15,,,regular,2026-09-02T12:37:36.574540
2026-09-02,sroda,częstochowa,Gwiazdozbiór Psa,Cinema City Częstochowa Galeria Jurajska,11:00,,,regular,2026-09-02T12:37:36.574540
2026-09-02,sroda,częstochowa,Gwiazdozbiór Psa,Cinema City Częstochowa Galeria Jurajska,13:40,,,regular,2026-09-02T12:37:36.574540
2026-09-02,sroda,częstochowa,Gwiazdozbiór Psa,Cinema City Częstochowa Galeria Jurajska,16:20,,,regular,2026-09-02T12:37:36.574540
2026-09-02,sroda,częstochowa,Gwiazdozbiór Psa,Cinema City Częstochowa Galeria Jurajska,19:00,,,regular,2026-09-02T12:37:36.574540
2026-09-02,sroda,częstochowa,Gwiazdozbiór Psa,Cinema City Częstochowa Galeria Jurajska,21:40,,,regular,2026-09-02T12:37:36.574540
2026-09-02,sroda,częstochowa,Gwiazdozbiór Psa,Cinema City Częstochowa Wolność,13:00,,,regular,2026-09-02T12:37:36.574540
2026-09-02,sroda,częstochowa,Gwiazdozbiór Psa,Cinema City Częstochowa Wolność,15:40,,,regular,2026-09-02T12:37:36.574540
2026-09-02,sroda,częstochowa,Gwiazdozbiór Psa,Cinema City Częstochowa Wolność,18:20,,,regular,2026-09-02T12:37:36.574540
2026-09-02,sroda,częstochowa,Gwiazdozbiór Psa,Cinema City Częstochowa Wolność,21:00,,,regular,2026-09-02T12:37:36.574540
2026-09-02,sroda,częstochowa,Harry Potter i Kamień Filozoficzny (dubbing),Cinema City Częstochowa Galeria Jurajska,17:00,,dubbing,regular,2026-09-02T12:37:36.574540
2026-09-02,sroda,częstochowa,Harry Potter i Kamień Filozoficzny (dubbing),Cinema City Częstochowa Wolność,18:10,,dubbing,regular,2026-09-02T12:37:36.574540
2026-09-02,sroda,częstochowa,Julia Pirotte. Piękno i siła,Kino Studyjne OKF Iluzja w Częstochowie,16:40,,,regular,2026-09-02T12:37:36.574540
2026-09-02,sroda,częstochowa,Koniec Ulicy Dębowej,Cinema City Częstochowa Galeria Jurajska,21:20,,,regular,2026-09-02T12:37:36.574540
2026-09-02,sroda,częstochowa,Koniec Ulicy Dębowej,Cinema City Częstochowa Wolność,16:20,,,regular,2026-09-02T12:37:36.574540
2026-09-02,sroda,częstochowa,Księga pustyni (dubbing),Cinema City Częstochowa Galeria Jurajska,11:00,,dubbing,regular,2026-09-02T12:37:36.574540
2026-09-02,sroda,częstochowa,Księga pustyni (dubbing),Cinema City Częstochowa Galeria Jurajska,13:15,,dubbing,regular,2026-09-02T12:37:36.574540
2026-09-02,sroda,częstochowa,Księga pustyni (dubbing),Cinema City Częstochowa Galeria Jurajska,15:30,,dubbing,regular,2026-09-02T12:37:36.574540
2026-09-02,sroda,częstochowa,Księga pustyni (dubbing),Cinema City Częstochowa Wolność,11:40,,dubbing,regular,2026-09-02T12:37:36.574540
2026-09-02,sroda,częstochowa,Księga pustyni (dubbing),Cinema City Częstochowa Wolność,15:40,,dubbing,regular,2026-09-02T12:37:36.574540
2026-09-02,sroda,częstochowa,Minionki i straszydła (dubbing),Cinema City Częstochowa Galeria Jurajska,10:30,,dubbing,regular,2026-09-02T12:37:36.574540
2026-09-02,sroda,częstochowa,Minionki i straszydła (dubbing),Cinema City Częstochowa Galeria Jurajska,12:40,,dubbing,regular,2026-09-02T12:37:36.574540
2026-09-02,sroda,częstochowa,Minionki i straszydła (dubbing),Cinema City Częstochowa Wolność,11:30,,dubbing,regular,2026-09-02T12:37:36.574540
2026-09-02,sroda,częstochowa,Minionki i straszydła (dubbing),Cinema City Częstochowa Wolność,15:50,,dubbing,regular,2026-09-02T12:37:36.574540
2026-09-02,sroda,częstochowa,Naznaczony: Wyjście z mrocznego wymiaru,Cinema City Częstochowa Galeria Jurajska,19:30,,,regular,2026-09-02T12:37:36.574540
2026-09-02,sroda,częstochowa,Naznaczony: Wyjście z mrocznego wymiaru,Cinema City Częstochowa Galeria Jurajska,22:00,,,regular,2026-09-02T12:37:36.574540
2026-09-02,sroda,częstochowa,Naznaczony: Wyjście z mrocznego wymiaru,Cinema City Częstochowa Wolność,19:00,,,regular,2026-09-02T12:37:36.574540
2026-09-02,sroda,częstochowa,Naznaczony: Wyjście z mrocznego wymiaru,Cinema City Częstochowa Wolność,21:30,,,regular,2026-09-02T12:37:36.574540
2026-09-02,sroda,częstochowa,Nie patrz w dół 2,Cinema City Częstochowa Galeria Jurajska,18:20,,,regular,2026-09-02T12:37:36.574540
2026-09-02,sroda,częstochowa,Nie patrz w dół 2,Cinema City Częstochowa Wolność,17:30,,,regular,2026-09-02T12:37:36.574540
2026-09-02,sroda,częstochowa,Nowa fala,Kino Studyjne OKF Iluzja w Częstochowie,20:30,,,regular,2026-09-02T12:37:36.574540
2026-09-02,sroda,częstochowa,Obsesja,Cinema City Częstochowa Wolność,22:00,,,regular,2026-09-02T12:37:36.574540
2026-09-02,sroda,częstochowa,Odyseja,Cinema City Częstochowa Galeria Jurajska,13:40,,,regular,2026-09-02T12:37:36.574540
2026-09-02,sroda,częstochowa,Odyseja,Cinema City Częstochowa Galeria Jurajska,20:30,,,regular,2026-09-02T12:37:36.574540
2026-09-02,sroda,częstochowa,Odyseja,Cinema City Częstochowa Wolność,20:00,,,regular,2026-09-02T12:37:36.574540
2026-09-02,sroda,częstochowa,Odzyskany,Cinema City Częstochowa Wolność,15:10,,,regular,2026-09-02T12:37:36.574540
2026-09-02,sroda,częstochowa,Ostrze przeznaczenia,Cinema City Częstochowa Wolność,18:00,,,regular,2026-09-02T12:37:36.574540
2026-09-02,sroda,częstochowa,Psi Patrol i dinozaury (dubbing),Cinema City Częstochowa Galeria Jurajska,10:40,,dubbing,regular,2026-09-02T12:37:36.574540
2026-09-02,sroda,częstochowa,Psi Patrol i dinozaury (dubbing),Cinema City Częstochowa Galeria Jurajska,11:30,,dubbing,regular,2026-09-02T12:37:36.574540
2026-09-02,sroda,częstochowa,Psi Patrol i dinozaury (dubbing),Cinema City Częstochowa Galeria Jurajska,13:50,,dubbing,regular,2026-09-02T12:37:36.574540
2026-09-02,sroda,częstochowa,Psi Patrol i dinozaury (dubbing),Cinema City Częstochowa Galeria Jurajska,16:10,,dubbing,regular,2026-09-02T12:37:36.574540
2026-09-02,sroda,częstochowa,Psi Patrol i dinozaury (dubbing),Cinema City Częstochowa Galeria Jurajska,17:20,,dubbing,regular,2026-09-02T12:37:36.574540
2026-09-02,sroda,częstochowa,Psi Patrol i dinozaury (dubbing),Cinema City Częstochowa Wolność,11:00,,dubbing,regular,2026-09-02T12:37:36.574540
2026-09-02,sroda,częstochowa,Psi Patrol i dinozaury (dubbing),Cinema City Częstochowa Wolność,13:10,,dubbing,regular,2026-09-02T12:37:36.574540
2026-09-02,sroda,częstochowa,Psi Patrol i dinozaury (dubbing),Cinema City Częstochowa Wolność,15:20,,dubbing,regular,2026-09-02T12:37:36.574540
2026-09-02,sroda,częstochowa,Psi Patrol i dinozaury (dubbing),Cinema City Częstochowa Wolność,16:40,,dubbing,regular,2026-09-02T12:37:36.574540
2026-09-02,sroda,częstochowa,Pucio kocha zwierzaki,Cinema City Częstochowa Galeria Jurajska,11:00,,,regular,2026-09-02T12:37:36.574540
2026-09-02,sroda,częstochowa,Pucio kocha zwierzaki,Cinema City Częstochowa Galeria Jurajska,12:30,,,regular,2026-09-02T12:37:36.574540
2026-09-02,sroda,częstochowa,Pucio kocha zwierzaki,Cinema City Częstochowa Galeria Jurajska,14:00,,,regular,2026-09-02T12:37:36.574540
2026-09-02,sroda,częstochowa,Pucio kocha zwierzaki,Cinema City Częstochowa Galeria Jurajska,15:30,,,regular,2026-09-02T12:37:36.574540
2026-09-02,sroda,częstochowa,Pucio kocha zwierzaki,Cinema City Częstochowa Wolność,11:00,,,regular,2026-09-02T12:37:36.574540
2026-09-02,sroda,częstochowa,Pucio kocha zwierzaki,Cinema City Częstochowa Wolność,14:00,,,regular,2026-09-02T12:37:36.574540
2026-09-02,sroda,częstochowa,Spider-Man. Całkiem nowy dzień,Cinema City Częstochowa Galeria Jurajska,17:10,,,regular,2026-09-02T12:37:36.574540
2026-09-02,sroda,częstochowa,Spider-Man. Całkiem nowy dzień,Cinema City Częstochowa Galeria Jurajska,20:20,,,regular,2026-09-02T12:37:36.574540
2026-09-02,sroda,częstochowa,Spider-Man. Całkiem nowy dzień,Cinema City Częstochowa Wolność,20:50,,,regular,2026-09-02T12:37:36.574540
2026-09-02,sroda,częstochowa,Spider-Man. Całkiem nowy dzień (dubbing),Cinema City Częstochowa Galeria Jurajska,10:50,,dubbing,regular,2026-09-02T12:37:36.574540
2026-09-02,sroda,częstochowa,Spider-Man. Całkiem nowy dzień (dubbing),Cinema City Częstochowa Galeria Jurajska,12:50,,dubbing,regular,2026-09-02T12:37:36.574540
2026-09-02,sroda,częstochowa,Spider-Man. Całkiem nowy dzień (dubbing),Cinema City Częstochowa Galeria Jurajska,16:00,,dubbing,regular,2026-09-02T12:37:36.574540
2026-09-02,sroda,częstochowa,Spider-Man. Całkiem nowy dzień (dubbing),Cinema City Częstochowa Galeria Jurajska,19:10,,dubbing,regular,2026-09-02T12:37:36.574540
2026-09-02,sroda,częstochowa,Spider-Man. Całkiem nowy dzień (dubbing),Cinema City Częstochowa Wolność,14:40,,dubbing,regular,2026-09-02T12:37:36.574540
2026-09-02,sroda,częstochowa,Spider-Man. Całkiem nowy dzień (dubbing),Cinema City Częstochowa Wolność,17:45,,dubbing,regular,2026-09-02T12:37:36.574540
2026-09-02,sroda,częstochowa,Sunny Dancer,Cinema City Częstochowa Galeria Jurajska,18:50,,,regular,2026-09-02T12:37:36.574540
2026-09-02,sroda,częstochowa,Sunny Dancer,Cinema City Częstochowa Wolność,17:40,,,regular,2026-09-02T12:37:36.574540
2026-09-02,sroda,częstochowa,Terminator 2: Dzień sądu,Cinema City Częstochowa Galeria Jurajska,20:40,,,regular,2026-09-02T12:37:36.574540
2026-09-02,sroda,częstochowa,Terminator 2: Dzień sądu,Cinema City Częstochowa Wolność,19:00,,,regular,2026-09-02T12:37:36.574540
2026-09-02,sroda,częstochowa,Toy Story 5 (dubbing),Cinema City Częstochowa Galeria Jurajska,11:10,,dubbing,regular,2026-09-02T12:37:36.574540
2026-09-02,sroda,częstochowa,Toy Story 5 (dubbing),Cinema City Częstochowa Wolność,12:40,,dubbing,regular,2026-09-02T12:37:36.574540
2026-09-02,sroda,częstochowa,Tylko jedna noc,Cinema City Częstochowa Galeria Jurajska,14:50,,,regular,2026-09-02T12:37:36.574540
2026-09-02,sroda,częstochowa,Tylko jedna noc,Cinema City Częstochowa Wolność,21:00,,,regular,2026-09-02T12:37:36.574540
2026-09-02,sroda,częstochowa,Vaiana (dubbing),Cinema City Częstochowa Wolność,11:20,,dubbing,regular,2026-09-02T12:37:36.574540
2026-09-02,sroda,częstochowa,Vivaldi i ja,Kino Studyjne OKF Iluzja w Częstochowie,14:30,,,regular,2026-09-02T12:37:36.574540
2026-09-02,sroda,częstochowa,Wrong Girls,Cinema City Częstochowa Galeria Jurajska,16:30,,,regular,2026-09-02T12:37:36.574540
2026-09-02,sroda,częstochowa,Wrong Girls,Cinema City Częstochowa Wolność,14:00,,,regular,2026-09-02T12:37:36.574540
2026-09-02,sroda,radom,Buntownik,Helios Radom,14:40,,,regular,2026-09-02T12:37:39.602189
2026-09-02,sroda,radom,Buntownik,Helios Radom,20:50,,,regular,2026-09-02T12:37:39.602189
2026-09-02,sroda,radom,Buntownik,Multikino Radom,13:50,,,regular,2026-09-02T12:37:39.602189
2026-09-02,sroda,radom,Buntownik,Multikino Radom,18:40,,,regular,2026-09-02T12:37:39.602189
2026-09-02,sroda,radom,Camino dla opornych,Kino - Mazowieckie Centrum Sztuki Współczesnej Elektrownia w Radomiu,17:45,,,regular,2026-09-02T12:37:39.602189
2026-09-02,sroda,radom,Gorzkie święta,Kino - Mazowieckie Centrum Sztuki Współczesnej Elektrownia w Radomiu,20:00,,,regular,2026-09-02T12:37:39.602189
2026-09-02,sroda,radom,Gwiazdozbiór Psa,Helios Radom,15:15,,,regular,2026-09-02T12:37:39.602189
2026-09-02,sroda,radom,Gwiazdozbiór Psa,Helios Radom,18:30,,,regular,2026-09-02T12:37:39.602189
2026-09-02,sroda,radom,Gwiazdozbiór Psa,Helios Radom,21:15,,,regular,2026-09-02T12:37:39.602189
2026-09-02,sroda,radom,Gwiazdozbiór Psa,Multikino Radom,20:00,,,regular,2026-09-02T12:37:39.602189
2026-09-02,sroda,radom,Harry Potter i Insygnia Śmierci cz. 2 (dubbing),Multikino Radom,17:15,,dubbing,regular,2026-09-02T12:37:39.602189
2026-09-02,sroda,radom,Harry Potter i Kamień Filozoficzny (dubbing),Multikino Radom,14:00,,dubbing,regular,2026-09-02T12:37:39.602189
2026-09-02,sroda,radom,Księga pustyni,Helios Radom,16:15,,,regular,2026-09-02T12:37:39.602189
2026-09-02,sroda,radom,Księga pustyni (dubbing),Kino - Mazowieckie Centrum Sztuki Współczesnej Elektrownia w Radomiu,13:45,,dubbing,regular,2026-09-02T12:37:39.602189
2026-09-02,sroda,radom,Księga pustyni (dubbing),Multikino Radom,12:15,,dubbing,regular,2026-09-02T12:37:39.602189
2026-09-02,sroda,radom,Minionki i straszydła (dubbing),Helios Radom,11:20,,dubbing,regular,2026-09-02T12:37:39.602189
2026-09-02,sroda,radom,Minionki i straszydła (dubbing),Multikino Radom,10:10,,dubbing,regular,2026-09-02T12:37:39.602189
2026-09-02,sroda,radom,Naznaczony: Wyjście z mrocznego wymiaru,Helios Radom,19:00,,,regular,2026-09-02T12:37:39.602189
2026-09-02,sroda,radom,Naznaczony: Wyjście z mrocznego wymiaru,Helios Radom,21:30,,,regular,2026-09-02T12:37:39.602189
2026-09-02,sroda,radom,Naznaczony: Wyjście z mrocznego wymiaru,Multikino Radom,16:10,,,regular,2026-09-02T12:37:39.602189
2026-09-02,sroda,radom,Naznaczony: Wyjście z mrocznego wymiaru,Multikino Radom,20:35,,,regular,2026-09-02T12:37:39.602189
2026-09-02,sroda,radom,Nowa fala,Multikino Radom,20:00,,,regular,2026-09-02T12:37:39.602189
2026-09-02,sroda,radom,Obsesja,Multikino Radom,14:30,,,regular,2026-09-02T12:37:39.602189
2026-09-02,sroda,radom,Odyseja,Helios Radom,11:40,,,regular,2026-09-02T12:37:39.602189
2026-09-02,sroda,radom,Odyseja,Helios Radom,17:00,,,regular,2026-09-02T12:37:39.602189
2026-09-02,sroda,radom,Odyseja,Multikino Radom,10:25,,,regular,2026-09-02T12:37:39.602189
2026-09-02,sroda,radom,Odyseja,Multikino Radom,17:00,,,regular,2026-09-02T12:37:39.602189
2026-09-02,sroda,radom,Ostrze przeznaczenia,Multikino Radom,21:00,,,regular,2026-09-02T12:37:39.602189
2026-09-02,sroda,radom,Psi Patrol i dinozaury,Helios Radom,12:15,,,regular,2026-09-02T12:37:39.602189
2026-09-02,sroda,radom,Psi Patrol i dinozaury,Helios Radom,14:00,,,regular,2026-09-02T12:37:39.602189
2026-09-02,sroda,radom,Psi Patrol i dinozaury,Helios Radom,16:45,,,regular,2026-09-02T12:37:39.602189
2026-09-02,sroda,radom,Psi Patrol i dinozaury (dubbing),Multikino Radom,10:40,,dubbing,regular,2026-09-02T12:37:39.602189
2026-09-02,sroda,radom,Psi Patrol i dinozaury (dubbing),Multikino Radom,13:20,,dubbing,regular,2026-09-02T12:37:39.602189
2026-09-02,sroda,radom,Psi Patrol i dinozaury (dubbing),Multikino Radom,15:30,,dubbing,regular,2026-09-02T12:37:39.602189
2026-09-02,sroda,radom,Psi Patrol i dinozaury (dubbing),Multikino Radom,17:45,,dubbing,regular,2026-09-02T12:37:39.602189
2026-09-02,sroda,radom,Pucio kocha zwierzaki,Helios Radom,11:10,,,regular,2026-09-02T12:37:39.602189
2026-09-02,sroda,radom,Pucio kocha zwierzaki,Helios Radom,12:40,,,regular,2026-09-02T12:37:39.602189
2026-09-02,sroda,radom,Pucio kocha zwierzaki,Multikino Radom,10:15,,,regular,2026-09-02T12:37:39.602189
2026-09-02,sroda,radom,Pucio kocha zwierzaki,Multikino Radom,11:20,,,regular,2026-09-02T12:37:39.602189
2026-09-02,sroda,radom,Pucio kocha zwierzaki,Multikino Radom,12:30,,,regular,2026-09-02T12:37:39.602189
2026-09-02,sroda,radom,Spider-Man. Całkiem nowy dzień,Helios Radom,11:00,,,regular,2026-09-02T12:37:39.602189
2026-09-02,sroda,radom,Spider-Man. Całkiem nowy dzień,Helios Radom,13:30,,,regular,2026-09-02T12:37:39.602189
2026-09-02,sroda,radom,Spider-Man. Całkiem nowy dzień,Helios Radom,14:15,,,regular,2026-09-02T12:37:39.602189
2026-09-02,sroda,radom,Spider-Man. Całkiem nowy dzień,Helios Radom,17:30,,,regular,2026-09-02T12:37:39.602189
2026-09-02,sroda,radom,Spider-Man. Całkiem nowy dzień,Helios Radom,20:30,,,regular,2026-09-02T12:37:39.602189
2026-09-02,sroda,radom,Spider-Man. Całkiem nowy dzień,Multikino Radom,16:00,,,regular,2026-09-02T12:37:39.602189
2026-09-02,sroda,radom,Spider-Man. Całkiem nowy dzień,Multikino Radom,19:10,,,regular,2026-09-02T12:37:39.602189
2026-09-02,sroda,radom,Spider-Man. Całkiem nowy dzień (dubbing),Multikino Radom,10:10,,dubbing,regular,2026-09-02T12:37:39.602189
2026-09-02,sroda,radom,Spider-Man. Całkiem nowy dzień (dubbing),Multikino Radom,11:00,,dubbing,regular,2026-09-02T12:37:39.602189
2026-09-02,sroda,radom,Spider-Man. Całkiem nowy dzień (dubbing),Multikino Radom,12:50,,dubbing,regular,2026-09-02T12:37:39.602189
2026-09-02,sroda,radom,Spider-Man. Całkiem nowy dzień (dubbing),Multikino Radom,14:15,,dubbing,regular,2026-09-02T12:37:39.602189
2026-09-02,sroda,radom,Spider-Man. Całkiem nowy dzień (dubbing),Multikino Radom,17:30,,dubbing,regular,2026-09-02T12:37:39.602189
2026-09-02,sroda,radom,Terminator 2: Dzień sądu,Helios Radom,18:00,,,regular,2026-09-02T12:37:39.602189
2026-09-02,sroda,radom,Terminator 2: Dzień sądu,Multikino Radom,20:30,,,regular,2026-09-02T12:37:39.602189
2026-09-02,sroda,radom,Vivaldi i ja,Kino - Mazowieckie Centrum Sztuki Współczesnej Elektrownia w Radomiu,15:30,,,regular,2026-09-02T12:37:39.602189
2026-09-02,sroda,radom,Zróbmy sobie przerwę,Helios Radom,20:40,,,regular,2026-09-02T12:37:39.602189
2026-09-02,sroda,sosnowiec,Bogaci i martwi,Cinema City Sosnowiec,22:00,,,regular,2026-09-02T12:37:41.721084
2026-09-02,sroda,sosnowiec,Buntownik,Cinema City Sosnowiec,18:50,,,regular,2026-09-02T12:37:41.721084
2026-09-02,sroda,sosnowiec,Buntownik,Cinema City Sosnowiec,21:10,,,regular,2026-09-02T12:37:41.721084
2026-09-02,sroda,sosnowiec,Buntownik,Helios Sosnowiec,21:00,,,regular,2026-09-02T12:37:41.721084
2026-09-02,sroda,sosnowiec,Gwiazdozbiór Psa,Cinema City Sosnowiec,14:00,,,regular,2026-09-02T12:37:41.721084
2026-09-02,sroda,sosnowiec,Gwiazdozbiór Psa,Cinema City Sosnowiec,16:20,,,regular,2026-09-02T12:37:41.721084
2026-09-02,sroda,sosnowiec,Gwiazdozbiór Psa,Cinema City Sosnowiec,19:00,,,regular,2026-09-02T12:37:41.721084
2026-09-02,sroda,sosnowiec,Gwiazdozbiór Psa,Cinema City Sosnowiec,21:40,,,regular,2026-09-02T12:37:41.721084
2026-09-02,sroda,sosnowiec,Gwiazdozbiór Psa,Helios Sosnowiec,14:50,,,regular,2026-09-02T12:37:41.721084
2026-09-02,sroda,sosnowiec,Gwiazdozbiór Psa,Helios Sosnowiec,18:30,,,regular,2026-09-02T12:37:41.721084
2026-09-02,sroda,sosnowiec,Harry Potter i Kamień Filozoficzny (dubbing),Cinema City Sosnowiec,17:00,,dubbing,regular,2026-09-02T12:37:41.721084
2026-09-02,sroda,sosnowiec,Koniec Ulicy Dębowej,Cinema City Sosnowiec,14:45,,,regular,2026-09-02T12:37:41.721084
2026-09-02,sroda,sosnowiec,Koniec Ulicy Dębowej,Cinema City Sosnowiec,17:25,,,regular,2026-09-02T12:37:41.721084
2026-09-02,sroda,sosnowiec,Księga pustyni,Helios Sosnowiec,11:30,,,regular,2026-09-02T12:37:41.721084
2026-09-02,sroda,sosnowiec,Księga pustyni (dubbing),Cinema City Sosnowiec,12:20,,dubbing,regular,2026-09-02T12:37:41.721084
2026-09-02,sroda,sosnowiec,Księga pustyni (dubbing),Cinema City Sosnowiec,14:40,,dubbing,regular,2026-09-02T12:37:41.721084
2026-09-02,sroda,sosnowiec,Minionki i straszydła (dubbing),Cinema City Sosnowiec,12:30,,dubbing,regular,2026-09-02T12:37:41.721084
2026-09-02,sroda,sosnowiec,Naznaczony: Wyjście z mrocznego wymiaru,Cinema City Sosnowiec,17:00,,,regular,2026-09-02T12:37:41.721084
2026-09-02,sroda,sosnowiec,Naznaczony: Wyjście z mrocznego wymiaru,Cinema City Sosnowiec,19:30,,,regular,2026-09-02T12:37:41.721084
2026-09-02,sroda,sosnowiec,Naznaczony: Wyjście z mrocznego wymiaru,Cinema City Sosnowiec,22:00,,,regular,2026-09-02T12:37:41.721084
2026-09-02,sroda,sosnowiec,Naznaczony: Wyjście z mrocznego wymiaru,Helios Sosnowiec,20:10,,,regular,2026-09-02T12:37:41.721084
2026-09-02,sroda,sosnowiec,Naznaczony: Wyjście z mrocznego wymiaru,Helios Sosnowiec,21:15,,,regular,2026-09-02T12:37:41.721084
2026-09-02,sroda,sosnowiec,Nie patrz w dół 2,Cinema City Sosnowiec,19:50,,,regular,2026-09-02T12:37:41.721084
2026-09-02,sroda,sosnowiec,Odyseja,Cinema City Sosnowiec,13:20,,,regular,2026-09-02T12:37:41.721084
2026-09-02,sroda,sosnowiec,Odyseja,Helios Sosnowiec,13:20,,,regular,2026-09-02T12:37:41.721084
2026-09-02,sroda,sosnowiec,Odyseja,Helios Sosnowiec,17:30,,,regular,2026-09-02T12:37:41.721084
2026-09-02,sroda,sosnowiec,Psi Patrol i dinozaury,Helios Sosnowiec,11:00,,,regular,2026-09-02T12:37:41.721084
2026-09-02,sroda,sosnowiec,Psi Patrol i dinozaury,Helios Sosnowiec,13:40,,,regular,2026-09-02T12:37:41.721084
2026-09-02,sroda,sosnowiec,Psi Patrol i dinozaury,Helios Sosnowiec,15:50,,,regular,2026-09-02T12:37:41.721084
2026-09-02,sroda,sosnowiec,Psi Patrol i dinozaury (dubbing),Cinema City Sosnowiec,12:00,,dubbing,regular,2026-09-02T12:37:41.721084
2026-09-02,sroda,sosnowiec,Psi Patrol i dinozaury (dubbing),Cinema City Sosnowiec,14:10,,dubbing,regular,2026-09-02T12:37:41.721084
2026-09-02,sroda,sosnowiec,Psi Patrol i dinozaury (dubbing),Cinema City Sosnowiec,16:40,,dubbing,regular,2026-09-02T12:37:41.721084
2026-09-02,sroda,sosnowiec,Pucio kocha zwierzaki,Cinema City Sosnowiec,12:00,,,regular,2026-09-02T12:37:41.721084
2026-09-02,sroda,sosnowiec,Pucio kocha zwierzaki,Helios Sosnowiec,12:00,,,regular,2026-09-02T12:37:41.721084
2026-09-02,sroda,sosnowiec,Pucio kocha zwierzaki,Helios Sosnowiec,13:30,,,regular,2026-09-02T12:37:41.721084
2026-09-02,sroda,sosnowiec,Spider-Man. Całkiem nowy dzień,Cinema City Sosnowiec,20:00,,,regular,2026-09-02T12:37:41.721084
2026-09-02,sroda,sosnowiec,Spider-Man. Całkiem nowy dzień,Helios Sosnowiec,12:15,,,regular,2026-09-02T12:37:41.721084
2026-09-02,sroda,sosnowiec,Spider-Man. Całkiem nowy dzień,Helios Sosnowiec,15:20,,,regular,2026-09-02T12:37:41.721084
2026-09-02,sroda,sosnowiec,Spider-Man. Całkiem nowy dzień,Helios Sosnowiec,17:00,,,regular,2026-09-02T12:37:41.721084
2026-09-02,sroda,sosnowiec,Spider-Man. Całkiem nowy dzień,Helios Sosnowiec,20:45,,,regular,2026-09-02T12:37:41.721084
2026-09-02,sroda,sosnowiec,Spider-Man. Całkiem nowy dzień (dubbing),Cinema City Sosnowiec,13:40,,dubbing,regular,2026-09-02T12:37:41.721084
2026-09-02,sroda,sosnowiec,Spider-Man. Całkiem nowy dzień (dubbing),Cinema City Sosnowiec,16:50,,dubbing,regular,2026-09-02T12:37:41.721084
2026-09-02,sroda,sosnowiec,Terminator 2: Dzień sądu,Cinema City Sosnowiec,20:30,,,regular,2026-09-02T12:37:41.721084
2026-09-02,sroda,sosnowiec,Terminator 2: Dzień sądu,Helios Sosnowiec,18:00,,,regular,2026-09-02T12:37:41.721084
2026-09-02,sroda,kielce,Buntownik,Helios Kielce,15:40,,,regular,2026-09-02T12:37:43.766721
2026-09-02,sroda,kielce,Buntownik,Helios Kielce,20:40,,,regular,2026-09-02T12:37:43.766721
2026-09-02,sroda,kielce,Buntownik,Kino Moskwa w Kielcach,19:40,,,regular,2026-09-02T12:37:43.766721
2026-09-02,sroda,kielce,Buntownik,Multikino Kielce,18:35,,,regular,2026-09-02T12:37:43.766721
2026-09-02,sroda,kielce,Buntownik,Multikino Kielce,20:40,,,regular,2026-09-02T12:37:43.766721
2026-09-02,sroda,kielce,Gorzkie święta,Helios Kielce,14:30,,,regular,2026-09-02T12:37:43.766721
2026-09-02,sroda,kielce,Gorzkie święta,Helios Kielce,19:30,,,regular,2026-09-02T12:37:43.766721
2026-09-02,sroda,kielce,Gorzkie święta,Kino Moskwa w Kielcach,12:45,,,regular,2026-09-02T12:37:43.766721
2026-09-02,sroda,kielce,Gorzkie święta,Kino Moskwa w Kielcach,17:30,,,regular,2026-09-02T12:37:43.766721
2026-09-02,sroda,kielce,Gorzkie święta,Multikino Kielce,20:25,,,regular,2026-09-02T12:37:43.766721
2026-09-02,sroda,kielce,Gwiazdozbiór Psa,Helios Kielce,12:50,,,regular,2026-09-02T12:37:43.766721
2026-09-02,sroda,kielce,Gwiazdozbiór Psa,Helios Kielce,15:30,,,regular,2026-09-02T12:37:43.766721
2026-09-02,sroda,kielce,Gwiazdozbiór Psa,Helios Kielce,17:30,,,regular,2026-09-02T12:37:43.766721
2026-09-02,sroda,kielce,Gwiazdozbiór Psa,Helios Kielce,19:00,,,regular,2026-09-02T12:37:43.766721
2026-09-02,sroda,kielce,Gwiazdozbiór Psa,Helios Kielce,21:00,,,regular,2026-09-02T12:37:43.766721
2026-09-02,sroda,kielce,Gwiazdozbiór Psa,Kino Moskwa w Kielcach,13:30,,,regular,2026-09-02T12:37:43.766721
2026-09-02,sroda,kielce,Gwiazdozbiór Psa,Kino Moskwa w Kielcach,19:45,,,regular,2026-09-02T12:37:43.766721
2026-09-02,sroda,kielce,Gwiazdozbiór Psa,Multikino Kielce,17:30,,,regular,2026-09-02T12:37:43.766721
2026-09-02,sroda,kielce,Gwiazdozbiór Psa,Multikino Kielce,20:15,,,regular,2026-09-02T12:37:43.766721
2026-09-02,sroda,kielce,Harry Potter i Insygnia Śmierci cz. 2 (dubbing),Multikino Kielce,17:15,,dubbing,regular,2026-09-02T12:37:43.766721
2026-09-02,sroda,kielce,Harry Potter i Kamień Filozoficzny (dubbing),Multikino Kielce,14:00,,dubbing,regular,2026-09-02T12:37:43.766721
2026-09-02,sroda,kielce,Historie równoległe,Kino Moskwa w Kielcach,15:00,,,regular,2026-09-02T12:37:43.766721
2026-09-02,sroda,kielce,Koniec Ulicy Dębowej,Multikino Kielce,13:50,,,regular,2026-09-02T12:37:43.766721
2026-09-02,sroda,kielce,Księga pustyni,Helios Kielce,11:10,,,regular,2026-09-02T12:37:43.766721
2026-09-02,sroda,kielce,Księga pustyni,Helios Kielce,15:00,,,regular,2026-09-02T12:37:43.766721
2026-09-02,sroda,kielce,Księga pustyni,Kino Moskwa w Kielcach,17:45,,,regular,2026-09-02T12:37:43.766721
2026-09-02,sroda,kielce,Księga pustyni (dubbing),Multikino Kielce,11:55,,dubbing,regular,2026-09-02T12:37:43.766721
2026-09-02,sroda,kielce,Księga pustyni (dubbing),Multikino Kielce,14:10,,dubbing,regular,2026-09-02T12:37:43.766721
2026-09-02,sroda,kielce,Księga pustyni (dubbing),Multikino Kielce,15:45,,dubbing,regular,2026-09-02T12:37:43.766721
2026-09-02,sroda,kielce,Minionki i straszydła (dubbing),Helios Kielce,12:10,,dubbing,regular,2026-09-02T12:37:43.766721
2026-09-02,sroda,kielce,Minionki i straszydła (dubbing),Helios Kielce,13:30,,dubbing,regular,2026-09-02T12:37:43.766721
2026-09-02,sroda,kielce,Minionki i straszydła (dubbing),Multikino Kielce,13:05,,dubbing,regular,2026-09-02T12:37:43.766721
2026-09-02,sroda,kielce,Minionki i straszydła (dubbing),Multikino Kielce,16:25,,dubbing,regular,2026-09-02T12:37:43.766721
2026-09-02,sroda,kielce,Najważniejsze to kochać,Kino Fenomen w Kielcach,18:00,,,regular,2026-09-02T12:37:43.766721
2026-09-02,sroda,kielce,Naznaczony: Wyjście z mrocznego wymiaru,Helios Kielce,16:00,,,regular,2026-09-02T12:37:43.766721
2026-09-02,sroda,kielce,Naznaczony: Wyjście z mrocznego wymiaru,Helios Kielce,18:30,,,regular,2026-09-02T12:37:43.766721
2026-09-02,sroda,kielce,Naznaczony: Wyjście z mrocznego wymiaru,Helios Kielce,21:45,,,regular,2026-09-02T12:37:43.766721
2026-09-02,sroda,kielce,Naznaczony: Wyjście z mrocznego wymiaru,Multikino Kielce,16:20,,,regular,2026-09-02T12:37:43.766721
2026-09-02,sroda,kielce,Naznaczony: Wyjście z mrocznego wymiaru,Multikino Kielce,18:45,,,regular,2026-09-02T12:37:43.766721
2026-09-02,sroda,kielce,Naznaczony: Wyjście z mrocznego wymiaru,Multikino Kielce,21:10,,,regular,2026-09-02T12:37:43.766721
2026-09-02,sroda,kielce,Nie patrz w dół 2,Multikino Kielce,18:00,,,regular,2026-09-02T12:37:43.766721
2026-09-02,sroda,kielce,Nowa fala,Multikino Kielce,20:00,,,regular,2026-09-02T12:37:43.766721
2026-09-02,sroda,kielce,Obsesja,Multikino Kielce,11:15,,,regular,2026-09-02T12:37:43.766721
2026-09-02,sroda,kielce,Odyseja,Helios Kielce,12:00,,,regular,2026-09-02T12:37:43.766721
2026-09-02,sroda,kielce,Odyseja,Helios Kielce,17:00,,,regular,2026-09-02T12:37:43.766721
2026-09-02,sroda,kielce,Odyseja,Helios Kielce,20:15,,,regular,2026-09-02T12:37:43.766721
2026-09-02,sroda,kielce,Odyseja,Multikino Kielce,11:35,,,regular,2026-09-02T12:37:43.766721
2026-09-02,sroda,kielce,Odyseja,Multikino Kielce,15:20,,,regular,2026-09-02T12:37:43.766721
2026-09-02,sroda,kielce,Odyseja,Multikino Kielce,19:00,,,regular,2026-09-02T12:37:43.766721
2026-09-02,sroda,kielce,Odzyskany,Kino Moskwa w Kielcach,15:45,,,regular,2026-09-02T12:37:43.766721
2026-09-02,sroda,kielce,Ostrze przeznaczenia,Multikino Kielce,21:00,,,regular,2026-09-02T12:37:43.766721
2026-09-02,sroda,kielce,Psi Patrol i dinozaury,Helios Kielce,11:20,,,regular,2026-09-02T12:37:43.766721
2026-09-02,sroda,kielce,Psi Patrol i dinozaury,Helios Kielce,13:45,,,regular,2026-09-02T12:37:43.766721
2026-09-02,sroda,kielce,Psi Patrol i dinozaury,Helios Kielce,17:15,,,regular,2026-09-02T12:37:43.766721
2026-09-02,sroda,kielce,Psi Patrol i dinozaury (dubbing),Multikino Kielce,10:45,,dubbing,regular,2026-09-02T12:37:43.766721
2026-09-02,sroda,kielce,Psi Patrol i dinozaury (dubbing),Multikino Kielce,11:40,,dubbing,regular,2026-09-02T12:37:43.766721
2026-09-02,sroda,kielce,Psi Patrol i dinozaury (dubbing),Multikino Kielce,13:55,,dubbing,regular,2026-09-02T12:37:43.766721
2026-09-02,sroda,kielce,Psi Patrol i dinozaury (dubbing),Multikino Kielce,15:15,,dubbing,regular,2026-09-02T12:37:43.766721
2026-09-02,sroda,kielce,Psi Patrol i dinozaury (dubbing),Multikino Kielce,16:05,,dubbing,regular,2026-09-02T12:37:43.766721
2026-09-02,sroda,kielce,Psi Patrol i dinozaury (dubbing),Multikino Kielce,18:15,,dubbing,regular,2026-09-02T12:37:43.766721
2026-09-02,sroda,kielce,Pucio kocha zwierzaki,Helios Kielce,11:00,,,regular,2026-09-02T12:37:43.766721
2026-09-02,sroda,kielce,Pucio kocha zwierzaki,Helios Kielce,12:20,,,regular,2026-09-02T12:37:43.766721
2026-09-02,sroda,kielce,Pucio kocha zwierzaki,Helios Kielce,13:20,,,regular,2026-09-02T12:37:43.766721
2026-09-02,sroda,kielce,Pucio kocha zwierzaki,Multikino Kielce,10:35,,,regular,2026-09-02T12:37:43.766721
2026-09-02,sroda,kielce,Pucio kocha zwierzaki,Multikino Kielce,11:50,,,regular,2026-09-02T12:37:43.766721
2026-09-02,sroda,kielce,Pucio kocha zwierzaki,Multikino Kielce,13:05,,,regular,2026-09-02T12:37:43.766721
2026-09-02,sroda,kielce,Pucio kocha zwierzaki,Multikino Kielce,14:25,,,regular,2026-09-02T12:37:43.766721
2026-09-02,sroda,kielce,Spider-Man. Całkiem nowy dzień,Helios Kielce,11:00,,,regular,2026-09-02T12:37:43.766721
2026-09-02,sroda,kielce,Spider-Man. Całkiem nowy dzień,Helios Kielce,14:15,,,regular,2026-09-02T12:37:43.766721
2026-09-02,sroda,kielce,Spider-Man. Całkiem nowy dzień,Helios Kielce,15:50,,,regular,2026-09-02T12:37:43.766721
2026-09-02,sroda,kielce,Spider-Man. Całkiem nowy dzień,Helios Kielce,18:15,,,regular,2026-09-02T12:37:43.766721
2026-09-02,sroda,kielce,Spider-Man. Całkiem nowy dzień,Helios Kielce,21:20,,,regular,2026-09-02T12:37:43.766721
2026-09-02,sroda,kielce,Spider-Man. Całkiem nowy dzień,Multikino Kielce,14:05,,,regular,2026-09-02T12:37:43.766721
2026-09-02,sroda,kielce,Spider-Man. Całkiem nowy dzień,Multikino Kielce,20:35,,,regular,2026-09-02T12:37:43.766721
2026-09-02,sroda,kielce,Spider-Man. Całkiem nowy dzień (dubbing),Multikino Kielce,10:00,,dubbing,regular,2026-09-02T12:37:43.766721
2026-09-02,sroda,kielce,Spider-Man. Całkiem nowy dzień (dubbing),Multikino Kielce,10:50,,dubbing,regular,2026-09-02T12:37:43.766721
2026-09-02,sroda,kielce,Spider-Man. Całkiem nowy dzień (dubbing),Multikino Kielce,13:15,,dubbing,regular,2026-09-02T12:37:43.766721
2026-09-02,sroda,kielce,Spider-Man. Całkiem nowy dzień (dubbing),Multikino Kielce,16:30,,dubbing,regular,2026-09-02T12:37:43.766721
2026-09-02,sroda,kielce,Spider-Man. Całkiem nowy dzień (dubbing),Multikino Kielce,17:20,,dubbing,regular,2026-09-02T12:37:43.766721
2026-09-02,sroda,kielce,Spider-Man. Całkiem nowy dzień (dubbing),Multikino Kielce,19:45,,dubbing,regular,2026-09-02T12:37:43.766721
2026-09-02,sroda,kielce,Terminator 2: Dzień sądu,Helios Kielce,18:00,,,regular,2026-09-02T12:37:43.766721
2026-09-02,sroda,kielce,Toy Story 5 (dubbing),Multikino Kielce,11:30,,dubbing,regular,2026-09-02T12:37:43.766721
2026-09-02,sroda,kielce,Zróbmy sobie przerwę,Helios Kielce,20:50,,,regular,2026-09-02T12:37:43.766721
2026-09-02,sroda,gliwice,Bogaci i martwi,Cinema City Gliwice Forum,21:30,,,regular,2026-09-02T12:37:47.063459
2026-09-02,sroda,gliwice,Buntownik,Cinema City Gliwice Forum,10:00,,,regular,2026-09-02T12:37:47.063459
2026-09-02,sroda,gliwice,Buntownik,Cinema City Gliwice Forum,13:20,,,regular,2026-09-02T12:37:47.063459
2026-09-02,sroda,gliwice,Buntownik,Cinema City Gliwice Forum,20:25,,,regular,2026-09-02T12:37:47.063459
2026-09-02,sroda,gliwice,Buntownik,Cinema City Gliwice Forum,22:00,,,regular,2026-09-02T12:37:47.063459
2026-09-02,sroda,gliwice,Gorzkie święta,Cinema City Gliwice Forum,11:30,,,regular,2026-09-02T12:37:47.063459
2026-09-02,sroda,gliwice,Gorzkie święta,Cinema City Gliwice Forum,17:30,,,regular,2026-09-02T12:37:47.063459
2026-09-02,sroda,gliwice,Gorzkie święta,Cinema City Gliwice Forum,19:50,,,regular,2026-09-02T12:37:47.063459
2026-09-02,sroda,gliwice,Gwiazdozbiór Psa,Cinema City Gliwice Forum,11:50,,,regular,2026-09-02T12:37:47.063459
2026-09-02,sroda,gliwice,Gwiazdozbiór Psa,Cinema City Gliwice Forum,14:30,,,regular,2026-09-02T12:37:47.063459
2026-09-02,sroda,gliwice,Gwiazdozbiór Psa,Cinema City Gliwice Forum,15:30,,,regular,2026-09-02T12:37:47.063459
2026-09-02,sroda,gliwice,Gwiazdozbiór Psa,Cinema City Gliwice Forum,17:10,,,regular,2026-09-02T12:37:47.063459
2026-09-02,sroda,gliwice,Gwiazdozbiór Psa,Cinema City Gliwice Forum,19:50,,,regular,2026-09-02T12:37:47.063459
2026-09-02,sroda,gliwice,Gwiazdozbiór Psa,Cinema City Gliwice Forum,20:50,,,regular,2026-09-02T12:37:47.063459
2026-09-02,sroda,gliwice,Gwiazdozbiór Psa,Cinema City Gliwice Forum,22:30,,,regular,2026-09-02T12:37:47.063459
2026-09-02,sroda,gliwice,Harry Potter i Kamień Filozoficzny (dubbing),Cinema City Gliwice Forum,18:00,,dubbing,regular,2026-09-02T12:37:47.063459
2026-09-02,sroda,gliwice,Koniec Ulicy Dębowej,Cinema City Gliwice Forum,12:50,,,regular,2026-09-02T12:37:47.063459
2026-09-02,sroda,gliwice,Koniec Ulicy Dębowej,Cinema City Gliwice Forum,15:30,,,regular,2026-09-02T12:37:47.063459
2026-09-02,sroda,gliwice,Koniec Ulicy Dębowej,Cinema City Gliwice Forum,18:00,,,regular,2026-09-02T12:37:47.063459
2026-09-02,sroda,gliwice,Koniec Ulicy Dębowej,Cinema City Gliwice Forum,21:20,,,regular,2026-09-02T12:37:47.063459
2026-09-02,sroda,gliwice,Księga pustyni (dubbing),Cinema City Gliwice Forum,11:20,,dubbing,regular,2026-09-02T12:37:47.063459
2026-09-02,sroda,gliwice,Księga pustyni (dubbing),Cinema City Gliwice Forum,13:30,,dubbing,regular,2026-09-02T12:37:47.063459
2026-09-02,sroda,gliwice,Księga pustyni (dubbing),Cinema City Gliwice Forum,14:10,,dubbing,regular,2026-09-02T12:37:47.063459
2026-09-02,sroda,gliwice,Księga pustyni (dubbing),Cinema City Gliwice Forum,15:40,,dubbing,regular,2026-09-02T12:37:47.063459
2026-09-02,sroda,gliwice,Minionki i straszydła (dubbing),Cinema City Gliwice Forum,11:30,,dubbing,regular,2026-09-02T12:37:47.063459
2026-09-02,sroda,gliwice,Minionki i straszydła (dubbing),Cinema City Gliwice Forum,13:40,,dubbing,regular,2026-09-02T12:37:47.063459
2026-09-02,sroda,gliwice,Minionki i straszydła (dubbing),Cinema City Gliwice Forum,15:50,,dubbing,regular,2026-09-02T12:37:47.063459
2026-09-02,sroda,gliwice,Naznaczony: Wyjście z mrocznego wymiaru,Cinema City Gliwice Forum,16:20,,,regular,2026-09-02T12:37:47.063459
2026-09-02,sroda,gliwice,Naznaczony: Wyjście z mrocznego wymiaru,Cinema City Gliwice Forum,18:50,,,regular,2026-09-02T12:37:47.063459
2026-09-02,sroda,gliwice,Naznaczony: Wyjście z mrocznego wymiaru,Cinema City Gliwice Forum,19:00,,,regular,2026-09-02T12:37:47.063459
2026-09-02,sroda,gliwice,Naznaczony: Wyjście z mrocznego wymiaru,Cinema City Gliwice Forum,21:20,,,regular,2026-09-02T12:37:47.063459
2026-09-02,sroda,gliwice,Naznaczony: Wyjście z mrocznego wymiaru,Cinema City Gliwice Forum,22:30,,,regular,2026-09-02T12:37:47.063459
2026-09-02,sroda,gliwice,Nie patrz w dół 2,Cinema City Gliwice Forum,20:45,,,regular,2026-09-02T12:37:47.063459
2026-09-02,sroda,gliwice,Odyseja,Cinema City Gliwice Forum,11:00,,,regular,2026-09-02T12:37:47.063459
2026-09-02,sroda,gliwice,Odyseja,Cinema City Gliwice Forum,12:20,,,regular,2026-09-02T12:37:47.063459
2026-09-02,sroda,gliwice,Odyseja,Cinema City Gliwice Forum,16:00,,,regular,2026-09-02T12:37:47.063459
2026-09-02,sroda,gliwice,Odyseja,Cinema City Gliwice Forum,19:30,,,regular,2026-09-02T12:37:47.063459
2026-09-02,sroda,gliwice,Ostrze przeznaczenia,Cinema City Gliwice Forum,18:00,,,regular,2026-09-02T12:37:47.063459
2026-09-02,sroda,gliwice,Psi Patrol i dinozaury (dubbing),Cinema City Gliwice Forum,10:20,,dubbing,regular,2026-09-02T12:37:47.063459
2026-09-02,sroda,gliwice,Psi Patrol i dinozaury (dubbing),Cinema City Gliwice Forum,12:30,,dubbing,regular,2026-09-02T12:37:47.063459
2026-09-02,sroda,gliwice,Psi Patrol i dinozaury (dubbing),Cinema City Gliwice Forum,14:40,,dubbing,regular,2026-09-02T12:37:47.063459
2026-09-02,sroda,gliwice,Psi Patrol i dinozaury (dubbing),Cinema City Gliwice Forum,16:50,,dubbing,regular,2026-09-02T12:37:47.063459
2026-09-02,sroda,gliwice,Pucio kocha zwierzaki,Cinema City Gliwice Forum,10:10,,,regular,2026-09-02T12:37:47.063459
2026-09-02,sroda,gliwice,Pucio kocha zwierzaki,Cinema City Gliwice Forum,11:40,,,regular,2026-09-02T12:37:47.063459
2026-09-02,sroda,gliwice,Pucio kocha zwierzaki,Cinema City Gliwice Forum,13:10,,,regular,2026-09-02T12:37:47.063459
2026-09-02,sroda,gliwice,Pucio kocha zwierzaki,Cinema City Gliwice Forum,14:40,,,regular,2026-09-02T12:37:47.063459
2026-09-02,sroda,gliwice,Pucio kocha zwierzaki,Cinema City Gliwice Forum,16:10,,,regular,2026-09-02T12:37:47.063459
2026-09-02,sroda,gliwice,Spider-Man. Całkiem nowy dzień,Cinema City Gliwice Forum,10:30,,,regular,2026-09-02T12:37:47.063459
2026-09-02,sroda,gliwice,Spider-Man. Całkiem nowy dzień,Cinema City Gliwice Forum,13:40,,,regular,2026-09-02T12:37:47.063459
2026-09-02,sroda,gliwice,Spider-Man. Całkiem nowy dzień,Cinema City Gliwice Forum,16:50,,,regular,2026-09-02T12:37:47.063459
2026-09-02,sroda,gliwice,Spider-Man. Całkiem nowy dzień,Cinema City Gliwice Forum,20:00,,,regular,2026-09-02T12:37:47.063459
2026-09-02,sroda,gliwice,Spider-Man. Całkiem nowy dzień,Cinema City Gliwice Forum,21:10,,,regular,2026-09-02T12:37:47.063459
2026-09-02,sroda,gliwice,Spider-Man. Całkiem nowy dzień,Cinema City Gliwice Forum,22:15,,,regular,2026-09-02T12:37:47.063459
2026-09-02,sroda,gliwice,Spider-Man. Całkiem nowy dzień (dubbing),Cinema City Gliwice Forum,11:40,,dubbing,regular,2026-09-02T12:37:47.063459
2026-09-02,sroda,gliwice,Spider-Man. Całkiem nowy dzień (dubbing),Cinema City Gliwice Forum,14:50,,dubbing,regular,2026-09-02T12:37:47.063459
2026-09-02,sroda,gliwice,Spider-Man. Całkiem nowy dzień (dubbing),Cinema City Gliwice Forum,18:00,,dubbing,regular,2026-09-02T12:37:47.063459
2026-09-02,sroda,gliwice,Spider-Man. Całkiem nowy dzień 3D,Cinema City Gliwice Forum,17:40,3D,,regular,2026-09-02T12:37:47.063459
2026-09-02,sroda,gliwice,Spider-Man. Całkiem nowy dzień 3D (dubbing),Cinema City Gliwice Forum,14:30,3D,dubbing,regular,2026-09-02T12:37:47.063459
2026-09-02,sroda,gliwice,Sunny Dancer,Cinema City Gliwice Forum,18:00,,,regular,2026-09-02T12:37:47.063459
2026-09-02,sroda,gliwice,Sunny Dancer,Cinema City Gliwice Forum,20:30,,,regular,2026-09-02T12:37:47.063459
2026-09-02,sroda,gliwice,Terminator 2: Dzień sądu,Cinema City Gliwice Forum,16:00,,,regular,2026-09-02T12:37:47.063459
2026-09-02,sroda,gliwice,Terminator 2: Dzień sądu,Cinema City Gliwice Forum,19:00,,,regular,2026-09-02T12:37:47.063459
2026-09-02,sroda,gliwice,Toy Story 5 (dubbing),Cinema City Gliwice Forum,11:00,,dubbing,regular,2026-09-02T12:37:47.063459
2026-09-02,sroda,gliwice,Vaiana (dubbing),Cinema City Gliwice Forum,13:20,,dubbing,regular,2026-09-02T12:37:47.063459
2026-09-02,sroda,gliwice,Vivaldi i ja,Cinema City Gliwice Forum,10:50,,,regular,2026-09-02T12:37:47.063459
2026-09-02,sroda,gliwice,Wszyscy moi wrogowie,Cinema City Gliwice Forum,10:00,,,regular,2026-09-02T12:37:47.063459
2026-09-02,sroda,rzeszów,Bogaci i martwi,Kino Zorza w Rzeszowie,18:10,,,regular,2026-09-02T12:37:53.863244
2026-09-02,sroda,rzeszów,Buntownik,Helios Galeria Rzeszów,20:30,,,regular,2026-09-02T12:37:53.863244
2026-09-02,sroda,rzeszów,Buntownik,Helios Galeria Rzeszów,21:30,,,regular,2026-09-02T12:37:53.863244
2026-09-02,sroda,rzeszów,Buntownik,Kino Zorza w Rzeszowie,20:20,,,regular,2026-09-02T12:37:53.863244
2026-09-02,sroda,rzeszów,Buntownik,Multikino Rzeszów,15:50,,,regular,2026-09-02T12:37:53.863244
2026-09-02,sroda,rzeszów,Buntownik,Multikino Rzeszów,19:50,,,regular,2026-09-02T12:37:53.863244
2026-09-02,sroda,rzeszów,Franz Kafka,Kino za Rogiem Café w Rzeszowie,16:30,,,regular,2026-09-02T12:37:53.863244
2026-09-02,sroda,rzeszów,Gorzkie święta,Kino Zorza w Rzeszowie,14:00,,,regular,2026-09-02T12:37:53.863244
2026-09-02,sroda,rzeszów,Gorzkie święta,Kino Zorza w Rzeszowie,18:00,,,regular,2026-09-02T12:37:53.863244
2026-09-02,sroda,rzeszów,Gorzkie święta,Kino Zorza w Rzeszowie,20:50,,,regular,2026-09-02T12:37:53.863244
2026-09-02,sroda,rzeszów,Gorzkie święta,Multikino Rzeszów,19:25,,,regular,2026-09-02T12:37:53.863244
2026-09-02,sroda,rzeszów,Gwiazdozbiór Psa,Helios Galeria Rzeszów,11:20,,,regular,2026-09-02T12:37:53.863244
2026-09-02,sroda,rzeszów,Gwiazdozbiór Psa,Helios Galeria Rzeszów,15:45,,,regular,2026-09-02T12:37:53.863244
2026-09-02,sroda,rzeszów,Gwiazdozbiór Psa,Helios Galeria Rzeszów,18:30,,,regular,2026-09-02T12:37:53.863244
2026-09-02,sroda,rzeszów,Gwiazdozbiór Psa,Helios Galeria Rzeszów,20:00,,,regular,2026-09-02T12:37:53.863244
2026-09-02,sroda,rzeszów,Gwiazdozbiór Psa,Kino Zorza w Rzeszowie,14:20,,,regular,2026-09-02T12:37:53.863244
2026-09-02,sroda,rzeszów,Gwiazdozbiór Psa,Kino Zorza w Rzeszowie,20:00,,,regular,2026-09-02T12:37:53.863244
2026-09-02,sroda,rzeszów,Gwiazdozbiór Psa,Multikino Rzeszów,17:30,,,regular,2026-09-02T12:37:53.863244
2026-09-02,sroda,rzeszów,Gwiazdozbiór Psa,Multikino Rzeszów,20:15,,,regular,2026-09-02T12:37:53.863244
2026-09-02,sroda,rzeszów,Harry Potter i Insygnia Śmierci cz. 2 (dubbing),Multikino Rzeszów,17:15,,dubbing,regular,2026-09-02T12:37:53.863244
2026-09-02,sroda,rzeszów,Harry Potter i Kamień Filozoficzny (dubbing),Multikino Rzeszów,14:00,,dubbing,regular,2026-09-02T12:37:53.863244
2026-09-02,sroda,rzeszów,Julia Pirotte. Piękno i siła,Kino Zorza w Rzeszowie,12:30,,,regular,2026-09-02T12:37:53.863244
2026-09-02,sroda,rzeszów,Julia Pirotte. Piękno i siła,Kino Zorza w Rzeszowie,16:30,,,regular,2026-09-02T12:37:53.863244
2026-09-02,sroda,rzeszów,Koniec Ulicy Dębowej,Multikino Rzeszów,14:45,,,regular,2026-09-02T12:37:53.863244
2026-09-02,sroda,rzeszów,Księga pustyni,Helios Galeria Rzeszów,12:00,,,regular,2026-09-02T12:37:53.863244
2026-09-02,sroda,rzeszów,Księga pustyni,Helios Galeria Rzeszów,14:15,,,regular,2026-09-02T12:37:53.863244
2026-09-02,sroda,rzeszów,Księga pustyni,Kino Zorza w Rzeszowie,10:30,,,regular,2026-09-02T12:37:53.863244
2026-09-02,sroda,rzeszów,Księga pustyni,Kino Zorza w Rzeszowie,12:15,,,regular,2026-09-02T12:37:53.863244
2026-09-02,sroda,rzeszów,Księga pustyni,Kino Zorza w Rzeszowie,14:30,,,regular,2026-09-02T12:37:53.863244
2026-09-02,sroda,rzeszów,Księga pustyni (dubbing),Multikino Rzeszów,10:15,,dubbing,regular,2026-09-02T12:37:53.863244
2026-09-02,sroda,rzeszów,Księga pustyni (dubbing),Multikino Rzeszów,12:30,,dubbing,regular,2026-09-02T12:37:53.863244
2026-09-02,sroda,rzeszów,Księga pustyni (dubbing),Multikino Rzeszów,17:15,,dubbing,regular,2026-09-02T12:37:53.863244
2026-09-02,sroda,rzeszów,Minionki i straszydła (dubbing),Helios Galeria Rzeszów,11:10,,dubbing,regular,2026-09-02T12:37:53.863244
2026-09-02,sroda,rzeszów,Minionki i straszydła (dubbing),Multikino Rzeszów,11:25,,dubbing,regular,2026-09-02T12:37:53.863244
2026-09-02,sroda,rzeszów,Minionki i straszydła (dubbing),Multikino Rzeszów,13:35,,dubbing,regular,2026-09-02T12:37:53.863244
2026-09-02,sroda,rzeszów,Minionki i straszydła (dubbing),Multikino Rzeszów,15:30,,dubbing,regular,2026-09-02T12:37:53.863244
2026-09-02,sroda,rzeszów,Naznaczony: Wyjście z mrocznego wymiaru,Helios Galeria Rzeszów,15:00,,,regular,2026-09-02T12:37:53.863244
2026-09-02,sroda,rzeszów,Naznaczony: Wyjście z mrocznego wymiaru,Helios Galeria Rzeszów,19:00,,,regular,2026-09-02T12:37:53.863244
2026-09-02,sroda,rzeszów,Naznaczony: Wyjście z mrocznego wymiaru,Multikino Rzeszów,16:20,,,regular,2026-09-02T12:37:53.863244
2026-09-02,sroda,rzeszów,Naznaczony: Wyjście z mrocznego wymiaru,Multikino Rzeszów,18:50,,,regular,2026-09-02T12:37:53.863244
2026-09-02,sroda,rzeszów,Naznaczony: Wyjście z mrocznego wymiaru,Multikino Rzeszów,21:15,,,regular,2026-09-02T12:37:53.863244
2026-09-02,sroda,rzeszów,Nowa fala,Multikino Rzeszów,20:00,,,regular,2026-09-02T12:37:53.863244
2026-09-02,sroda,rzeszów,O czym wie Marielle,Kino Zorza w Rzeszowie,16:20,,,regular,2026-09-02T12:37:53.863244
2026-09-02,sroda,rzeszów,Odyseja,Helios Galeria Rzeszów,13:10,,,regular,2026-09-02T12:37:53.863244
2026-09-02,sroda,rzeszów,Odyseja,Helios Galeria Rzeszów,15:15,,,regular,2026-09-02T12:37:53.863244
2026-09-02,sroda,rzeszów,Odyseja,Helios Galeria Rzeszów,19:30,,,regular,2026-09-02T12:37:53.863244
2026-09-02,sroda,rzeszów,Odyseja,Multikino Rzeszów,12:10,,,regular,2026-09-02T12:37:53.863244
2026-09-02,sroda,rzeszów,Odyseja,Multikino Rzeszów,15:45,,,regular,2026-09-02T12:37:53.863244
2026-09-02,sroda,rzeszów,Odyseja,Multikino Rzeszów,19:15,,,regular,2026-09-02T12:37:53.863244
2026-09-02,sroda,rzeszów,Osiem i pół,Kino Zorza w Rzeszowie,18:30,,,regular,2026-09-02T12:37:53.863244
2026-09-02,sroda,rzeszów,Ostrze przeznaczenia,Multikino Rzeszów,21:00,,,regular,2026-09-02T12:37:53.863244
2026-09-02,sroda,rzeszów,Psi Patrol i dinozaury,Helios Galeria Rzeszów,10:15,,,regular,2026-09-02T12:37:53.863244
2026-09-02,sroda,rzeszów,Psi Patrol i dinozaury,Helios Galeria Rzeszów,10:45,,,regular,2026-09-02T12:37:53.863244
2026-09-02,sroda,rzeszów,Psi Patrol i dinozaury,Helios Galeria Rzeszów,13:00,,,regular,2026-09-02T12:37:53.863244
2026-09-02,sroda,rzeszów,Psi Patrol i dinozaury,Helios Galeria Rzeszów,17:15,,,regular,2026-09-02T12:37:53.863244
2026-09-02,sroda,rzeszów,Psi Patrol i dinozaury (dubbing),Multikino Rzeszów,10:00,,dubbing,regular,2026-09-02T12:37:53.863244
2026-09-02,sroda,rzeszów,Psi Patrol i dinozaury (dubbing),Multikino Rzeszów,11:10,,dubbing,regular,2026-09-02T12:37:53.863244
2026-09-02,sroda,rzeszów,Psi Patrol i dinozaury (dubbing),Multikino Rzeszów,12:10,,dubbing,regular,2026-09-02T12:37:53.863244
2026-09-02,sroda,rzeszów,Psi Patrol i dinozaury (dubbing),Multikino Rzeszów,13:20,,dubbing,regular,2026-09-02T12:37:53.863244
2026-09-02,sroda,rzeszów,Psi Patrol i dinozaury (dubbing),Multikino Rzeszów,14:10,,dubbing,regular,2026-09-02T12:37:53.863244
2026-09-02,sroda,rzeszów,Psi Patrol i dinozaury (dubbing),Multikino Rzeszów,15:30,,dubbing,regular,2026-09-02T12:37:53.863244
2026-09-02,sroda,rzeszów,Psi Patrol i dinozaury (dubbing),Multikino Rzeszów,17:45,,dubbing,regular,2026-09-02T12:37:53.863244
2026-09-02,sroda,rzeszów,Pucio kocha zwierzaki,Helios Galeria Rzeszów,10:00,,,regular,2026-09-02T12:37:53.863244
2026-09-02,sroda,rzeszów,Pucio kocha zwierzaki,Helios Galeria Rzeszów,13:30,,,regular,2026-09-02T12:37:53.863244
2026-09-02,sroda,rzeszów,Pucio kocha zwierzaki,Helios Galeria Rzeszów,16:30,,,regular,2026-09-02T12:37:53.863244
2026-09-02,sroda,rzeszów,Pucio kocha zwierzaki,Multikino Rzeszów,10:00,,,regular,2026-09-02T12:37:53.863244
2026-09-02,sroda,rzeszów,Pucio kocha zwierzaki,Multikino Rzeszów,11:05,,,regular,2026-09-02T12:37:53.863244
2026-09-02,sroda,rzeszów,Pucio kocha zwierzaki,Multikino Rzeszów,14:20,,,regular,2026-09-02T12:37:53.863244
2026-09-02,sroda,rzeszów,Spider-Man. Całkiem nowy dzień,Helios Galeria Rzeszów,10:00,,,regular,2026-09-02T12:37:53.863244
2026-09-02,sroda,rzeszów,Spider-Man. Całkiem nowy dzień,Helios Galeria Rzeszów,12:30,,,regular,2026-09-02T12:37:53.863244
2026-09-02,sroda,rzeszów,Spider-Man. Całkiem nowy dzień,Helios Galeria Rzeszów,14:00,,,regular,2026-09-02T12:37:53.863244
2026-09-02,sroda,rzeszów,Spider-Man. Całkiem nowy dzień,Helios Galeria Rzeszów,16:45,,,regular,2026-09-02T12:37:53.863244
2026-09-02,sroda,rzeszów,Spider-Man. Całkiem nowy dzień,Helios Galeria Rzeszów,17:30,,,regular,2026-09-02T12:37:53.863244
2026-09-02,sroda,rzeszów,Spider-Man. Całkiem nowy dzień,Helios Galeria Rzeszów,21:15,,,regular,2026-09-02T12:37:53.863244
2026-09-02,sroda,rzeszów,Spider-Man. Całkiem nowy dzień,Multikino Rzeszów,11:10,,,regular,2026-09-02T12:37:53.863244
2026-09-02,sroda,rzeszów,Spider-Man. Całkiem nowy dzień,Multikino Rzeszów,14:25,,,regular,2026-09-02T12:37:53.863244
2026-09-02,sroda,rzeszów,Spider-Man. Całkiem nowy dzień,Multikino Rzeszów,17:30,,,regular,2026-09-02T12:37:53.863244
2026-09-02,sroda,rzeszów,Spider-Man. Całkiem nowy dzień,Multikino Rzeszów,20:35,,,regular,2026-09-02T12:37:53.863244
2026-09-02,sroda,rzeszów,Spider-Man. Całkiem nowy dzień (dubbing),Multikino Rzeszów,10:00,,dubbing,regular,2026-09-02T12:37:53.863244
2026-09-02,sroda,rzeszów,Spider-Man. Całkiem nowy dzień (dubbing),Multikino Rzeszów,13:15,,dubbing,regular,2026-09-02T12:37:53.863244
2026-09-02,sroda,rzeszów,Spider-Man. Całkiem nowy dzień (dubbing),Multikino Rzeszów,16:30,,dubbing,regular,2026-09-02T12:37:53.863244
2026-09-02,sroda,rzeszów,Spider-Man. Całkiem nowy dzień (dubbing),Multikino Rzeszów,19:45,,dubbing,regular,2026-09-02T12:37:53.863244
2026-09-02,sroda,rzeszów,Terminator 2: Dzień sądu,Helios Galeria Rzeszów,18:00,,,regular,2026-09-02T12:37:53.863244
2026-09-02,sroda,rzeszów,Terminator 2: Dzień sądu,Multikino Rzeszów,18:10,,,regular,2026-09-02T12:37:53.863244
2026-09-02,sroda,rzeszów,Toy Story 5 (dubbing),Multikino Rzeszów,11:40,,dubbing,regular,2026-09-02T12:37:53.863244
2026-09-02,sroda,rzeszów,Vivaldi i ja,Kino Zorza w Rzeszowie,12:00,,,regular,2026-09-02T12:37:53.863244
2026-09-02,sroda,rzeszów,Vivaldi i ja,Kino Zorza w Rzeszowie,16:10,,,regular,2026-09-02T12:37:53.863244
2026-09-02,sroda,rzeszów,Zróbmy sobie przerwę,Helios Galeria Rzeszów,20:45,,,regular,2026-09-02T12:37:53.863244
2026-09-02,sroda,rzeszów,Życie Chucka,Kino za Rogiem Café w Rzeszowie,19:00,,,regular,2026-09-02T12:37:53.863244
2026-09-02,sroda,toruń,Arek.Mama.Panorama,Kino Centrum w Toruniu,18:00,,,regular,2026-09-02T12:37:57.559384
2026-09-02,sroda,toruń,Bogaci i martwi,Cinema City Toruń Czerwona Droga,20:30,,,regular,2026-09-02T12:37:57.559384
2026-09-02,sroda,toruń,Bogaci i martwi,Cinema City Toruń Plaza,12:20,,,regular,2026-09-02T12:37:57.559384
2026-09-02,sroda,toruń,Buntownik,Cinema City Toruń Czerwona Droga,15:00,,,regular,2026-09-02T12:37:57.559384
2026-09-02,sroda,toruń,Buntownik,Cinema City Toruń Czerwona Droga,19:30,,,regular,2026-09-02T12:37:57.559384
2026-09-02,sroda,toruń,Buntownik,Cinema City Toruń Czerwona Droga,21:45,,,regular,2026-09-02T12:37:57.559384
2026-09-02,sroda,toruń,Buntownik,Cinema City Toruń Plaza,20:50,,,regular,2026-09-02T12:37:57.559384
2026-09-02,sroda,toruń,Ekipa zwierzaków (dubbing),Cinema City Toruń Czerwona Droga,10:40,,dubbing,regular,2026-09-02T12:37:57.559384
2026-09-02,sroda,toruń,Flavia de Luce (dubbing),Cinema City Toruń Czerwona Droga,10:10,,dubbing,regular,2026-09-02T12:37:57.559384
2026-09-02,sroda,toruń,Gorzkie święta,Cinema City Toruń Czerwona Droga,17:50,,,regular,2026-09-02T12:37:57.559384
2026-09-02,sroda,toruń,Gorzkie święta,Cinema City Toruń Czerwona Droga,20:30,,,regular,2026-09-02T12:37:57.559384
2026-09-02,sroda,toruń,Gorzkie święta,Cinema City Toruń Plaza,18:20,,,regular,2026-09-02T12:37:57.559384
2026-09-02,sroda,toruń,Gwiazdozbiór Psa,Cinema City Toruń Czerwona Droga,11:50,,,regular,2026-09-02T12:37:57.559384
2026-09-02,sroda,toruń,Gwiazdozbiór Psa,Cinema City Toruń Czerwona Droga,14:30,,,regular,2026-09-02T12:37:57.559384
2026-09-02,sroda,toruń,Gwiazdozbiór Psa,Cinema City Toruń Czerwona Droga,17:10,,,regular,2026-09-02T12:37:57.559384
2026-09-02,sroda,toruń,Gwiazdozbiór Psa,Cinema City Toruń Czerwona Droga,19:50,,,regular,2026-09-02T12:37:57.559384
2026-09-02,sroda,toruń,Gwiazdozbiór Psa,Cinema City Toruń Czerwona Droga,20:40,,,regular,2026-09-02T12:37:57.559384
2026-09-02,sroda,toruń,Gwiazdozbiór Psa,Cinema City Toruń Plaza,11:00,,,regular,2026-09-02T12:37:57.559384
2026-09-02,sroda,toruń,Gwiazdozbiór Psa,Cinema City Toruń Plaza,13:40,,,regular,2026-09-02T12:37:57.559384
2026-09-02,sroda,toruń,Gwiazdozbiór Psa,Cinema City Toruń Plaza,16:15,,,regular,2026-09-02T12:37:57.559384
2026-09-02,sroda,toruń,Gwiazdozbiór Psa,Cinema City Toruń Plaza,18:50,,,regular,2026-09-02T12:37:57.559384
2026-09-02,sroda,toruń,Gwiazdozbiór Psa,Cinema City Toruń Plaza,21:30,,,regular,2026-09-02T12:37:57.559384
2026-09-02,sroda,toruń,Harry Potter i Kamień Filozoficzny (dubbing),Cinema City Toruń Czerwona Droga,16:30,,dubbing,regular,2026-09-02T12:37:57.559384
2026-09-02,sroda,toruń,Harry Potter i Kamień Filozoficzny (dubbing),Cinema City Toruń Plaza,17:00,,dubbing,regular,2026-09-02T12:37:57.559384
2026-09-02,sroda,toruń,Koniec Ulicy Dębowej,Cinema City Toruń Czerwona Droga,12:45,,,regular,2026-09-02T12:37:57.559384
2026-09-02,sroda,toruń,Koniec Ulicy Dębowej,Cinema City Toruń Czerwona Droga,17:40,,,regular,2026-09-02T12:37:57.559384
2026-09-02,sroda,toruń,Koniec Ulicy Dębowej,Cinema City Toruń Plaza,15:45,,,regular,2026-09-02T12:37:57.559384
2026-09-02,sroda,toruń,Księga pustyni (dubbing),Cinema City Toruń Czerwona Droga,10:15,,dubbing,regular,2026-09-02T12:37:57.559384
2026-09-02,sroda,toruń,Księga pustyni (dubbing),Cinema City Toruń Czerwona Droga,11:00,,dubbing,regular,2026-09-02T12:37:57.559384
2026-09-02,sroda,toruń,Księga pustyni (dubbing),Cinema City Toruń Czerwona Droga,13:30,,dubbing,regular,2026-09-02T12:37:57.559384
2026-09-02,sroda,toruń,Księga pustyni (dubbing),Cinema City Toruń Czerwona Droga,15:50,,dubbing,regular,2026-09-02T12:37:57.559384
2026-09-02,sroda,toruń,Księga pustyni (dubbing),Cinema City Toruń Plaza,11:30,,dubbing,regular,2026-09-02T12:37:57.559384
2026-09-02,sroda,toruń,Księga pustyni (dubbing),Cinema City Toruń Plaza,13:45,,dubbing,regular,2026-09-02T12:37:57.559384
2026-09-02,sroda,toruń,Minionki i straszydła (dubbing),Cinema City Toruń Czerwona Droga,10:00,,dubbing,regular,2026-09-02T12:37:57.559384
2026-09-02,sroda,toruń,Minionki i straszydła (dubbing),Cinema City Toruń Czerwona Droga,12:10,,dubbing,regular,2026-09-02T12:37:57.559384
2026-09-02,sroda,toruń,Minionki i straszydła (dubbing),Cinema City Toruń Czerwona Droga,14:20,,dubbing,regular,2026-09-02T12:37:57.559384
2026-09-02,sroda,toruń,Minionki i straszydła (dubbing),Cinema City Toruń Plaza,14:50,,dubbing,regular,2026-09-02T12:37:57.559384
2026-09-02,sroda,toruń,Naznaczony: Wyjście z mrocznego wymiaru,Cinema City Toruń Czerwona Droga,15:30,,,regular,2026-09-02T12:37:57.559384
2026-09-02,sroda,toruń,Naznaczony: Wyjście z mrocznego wymiaru,Cinema City Toruń Czerwona Droga,20:00,,,regular,2026-09-02T12:37:57.559384
2026-09-02,sroda,toruń,Naznaczony: Wyjście z mrocznego wymiaru,Cinema City Toruń Czerwona Droga,22:00,,,regular,2026-09-02T12:37:57.559384
2026-09-02,sroda,toruń,Naznaczony: Wyjście z mrocznego wymiaru,Cinema City Toruń Plaza,16:00,,,regular,2026-09-02T12:37:57.559384
2026-09-02,sroda,toruń,Naznaczony: Wyjście z mrocznego wymiaru,Cinema City Toruń Plaza,20:20,,,regular,2026-09-02T12:37:57.559384
2026-09-02,sroda,toruń,Nie patrz w dół 2,Cinema City Toruń Czerwona Droga,18:20,,,regular,2026-09-02T12:37:57.559384
2026-09-02,sroda,toruń,Nie patrz w dół 2,Cinema City Toruń Plaza,18:30,,,regular,2026-09-02T12:37:57.559384
2026-09-02,sroda,toruń,Nowa fala,Kino Centrum w Toruniu,16:00,,,regular,2026-09-02T12:37:57.559384
2026-09-02,sroda,toruń,Nowa fala,Kino Centrum w Toruniu,20:00,,,regular,2026-09-02T12:37:57.559384
2026-09-02,sroda,toruń,Obsesja,Cinema City Toruń Czerwona Droga,20:50,,,regular,2026-09-02T12:37:57.559384
2026-09-02,sroda,toruń,Odyseja,Cinema City Toruń Czerwona Droga,12:30,,,regular,2026-09-02T12:37:57.559384
2026-09-02,sroda,toruń,Odyseja,Cinema City Toruń Czerwona Droga,16:10,,,regular,2026-09-02T12:37:57.559384
2026-09-02,sroda,toruń,Odyseja,Cinema City Toruń Czerwona Droga,19:45,,,regular,2026-09-02T12:37:57.559384
2026-09-02,sroda,toruń,Odyseja,Cinema City Toruń Plaza,14:30,,,regular,2026-09-02T12:37:57.559384
2026-09-02,sroda,toruń,Odyseja,Cinema City Toruń Plaza,20:30,,,regular,2026-09-02T12:37:57.559384
2026-09-02,sroda,toruń,Ostrze przeznaczenia,Cinema City Toruń Czerwona Droga,18:00,,,regular,2026-09-02T12:37:57.559384
2026-09-02,sroda,toruń,Psi Patrol i dinozaury (dubbing),Cinema City Toruń Czerwona Droga,10:30,,dubbing,regular,2026-09-02T12:37:57.559384
2026-09-02,sroda,toruń,Psi Patrol i dinozaury (dubbing),Cinema City Toruń Czerwona Droga,11:30,,dubbing,regular,2026-09-02T12:37:57.559384
2026-09-02,sroda,toruń,Psi Patrol i dinozaury (dubbing),Cinema City Toruń Czerwona Droga,13:40,,dubbing,regular,2026-09-02T12:37:57.559384
2026-09-02,sroda,toruń,Psi Patrol i dinozaury (dubbing),Cinema City Toruń Czerwona Droga,15:50,,dubbing,regular,2026-09-02T12:37:57.559384
2026-09-02,sroda,toruń,Psi Patrol i dinozaury (dubbing),Cinema City Toruń Czerwona Droga,17:20,,dubbing,regular,2026-09-02T12:37:57.559384
2026-09-02,sroda,toruń,Psi Patrol i dinozaury (dubbing),Cinema City Toruń Plaza,11:00,,dubbing,regular,2026-09-02T12:37:57.559384
2026-09-02,sroda,toruń,Psi Patrol i dinozaury (dubbing),Cinema City Toruń Plaza,13:10,,dubbing,regular,2026-09-02T12:37:57.559384
2026-09-02,sroda,toruń,Psi Patrol i dinozaury (dubbing),Cinema City Toruń Plaza,15:20,,dubbing,regular,2026-09-02T12:37:57.559384
2026-09-02,sroda,toruń,Psi Patrol i dinozaury (dubbing),Cinema City Toruń Plaza,17:30,,dubbing,regular,2026-09-02T12:37:57.559384
2026-09-02,sroda,toruń,Pucio kocha zwierzaki,Cinema City Toruń Czerwona Droga,10:30,,,regular,2026-09-02T12:37:57.559384
2026-09-02,sroda,toruń,Pucio kocha zwierzaki,Cinema City Toruń Czerwona Droga,12:00,,,regular,2026-09-02T12:37:57.559384
2026-09-02,sroda,toruń,Pucio kocha zwierzaki,Cinema City Toruń Czerwona Droga,13:30,,,regular,2026-09-02T12:37:57.559384
2026-09-02,sroda,toruń,Pucio kocha zwierzaki,Cinema City Toruń Czerwona Droga,15:00,,,regular,2026-09-02T12:37:57.559384
2026-09-02,sroda,toruń,Pucio kocha zwierzaki,Cinema City Toruń Czerwona Droga,16:30,,,regular,2026-09-02T12:37:57.559384
2026-09-02,sroda,toruń,Pucio kocha zwierzaki,Cinema City Toruń Plaza,11:15,,,regular,2026-09-02T12:37:57.559384
2026-09-02,sroda,toruń,Pucio kocha zwierzaki,Cinema City Toruń Plaza,12:45,,,regular,2026-09-02T12:37:57.559384
2026-09-02,sroda,toruń,Pucio kocha zwierzaki,Cinema City Toruń Plaza,14:15,,,regular,2026-09-02T12:37:57.559384
2026-09-02,sroda,toruń,Pucio kocha zwierzaki,Kino Centrum w Toruniu,15:00,,,regular,2026-09-02T12:37:57.559384
2026-09-02,sroda,toruń,Spider-Man. Całkiem nowy dzień,Cinema City Toruń Czerwona Droga,14:40,,,regular,2026-09-02T12:37:57.559384
2026-09-02,sroda,toruń,Spider-Man. Całkiem nowy dzień,Cinema City Toruń Czerwona Droga,18:00,,,regular,2026-09-02T12:37:57.559384
2026-09-02,sroda,toruń,Spider-Man. Całkiem nowy dzień,Cinema City Toruń Czerwona Droga,21:10,,,regular,2026-09-02T12:37:57.559384
2026-09-02,sroda,toruń,Spider-Man. Całkiem nowy dzień,Cinema City Toruń Plaza,15:00,,,regular,2026-09-02T12:37:57.559384
2026-09-02,sroda,toruń,Spider-Man. Całkiem nowy dzień,Cinema City Toruń Plaza,18:00,,,regular,2026-09-02T12:37:57.559384
2026-09-02,sroda,toruń,Spider-Man. Całkiem nowy dzień,Cinema City Toruń Plaza,21:00,,,regular,2026-09-02T12:37:57.559384
2026-09-02,sroda,toruń,Spider-Man. Całkiem nowy dzień (dubbing),Cinema City Toruń Czerwona Droga,11:30,,dubbing,regular,2026-09-02T12:37:57.559384
2026-09-02,sroda,toruń,Spider-Man. Całkiem nowy dzień (dubbing),Cinema City Toruń Czerwona Droga,12:50,,dubbing,regular,2026-09-02T12:37:57.559384
2026-09-02,sroda,toruń,Spider-Man. Całkiem nowy dzień (dubbing),Cinema City Toruń Czerwona Droga,16:00,,dubbing,regular,2026-09-02T12:37:57.559384
2026-09-02,sroda,toruń,Spider-Man. Całkiem nowy dzień (dubbing),Cinema City Toruń Czerwona Droga,19:10,,dubbing,regular,2026-09-02T12:37:57.559384
2026-09-02,sroda,toruń,Spider-Man. Całkiem nowy dzień (dubbing),Cinema City Toruń Plaza,11:50,,dubbing,regular,2026-09-02T12:37:57.559384
2026-09-02,sroda,toruń,Spider-Man. Całkiem nowy dzień (dubbing),Cinema City Toruń Plaza,16:30,,dubbing,regular,2026-09-02T12:37:57.559384
2026-09-02,sroda,toruń,Spider-Man. Całkiem nowy dzień (dubbing),Cinema City Toruń Plaza,19:45,,dubbing,regular,2026-09-02T12:37:57.559384
2026-09-02,sroda,toruń,Spider-Man. Całkiem nowy dzień 3D (dubbing),Cinema City Toruń Plaza,13:20,3D,dubbing,regular,2026-09-02T12:37:57.559384
2026-09-02,sroda,toruń,Sunny Dancer,Cinema City Toruń Czerwona Droga,15:15,,,regular,2026-09-02T12:37:57.559384
2026-09-02,sroda,toruń,Sunny Dancer,Cinema City Toruń Czerwona Droga,20:10,,,regular,2026-09-02T12:37:57.559384
2026-09-02,sroda,toruń,Sunny Dancer,Cinema City Toruń Plaza,18:00,,,regular,2026-09-02T12:37:57.559384
2026-09-02,sroda,toruń,Terminator 2: Dzień sądu,Cinema City Toruń Czerwona Droga,16:00,,,regular,2026-09-02T12:37:57.559384
2026-09-02,sroda,toruń,Terminator 2: Dzień sądu,Cinema City Toruń Czerwona Droga,19:00,,,regular,2026-09-02T12:37:57.559384
2026-09-02,sroda,toruń,Terminator 2: Dzień sądu,Cinema City Toruń Plaza,19:35,,,regular,2026-09-02T12:37:57.559384
2026-09-02,sroda,toruń,Toy Story 5 (dubbing),Cinema City Toruń Czerwona Droga,11:00,,dubbing,regular,2026-09-02T12:37:57.559384
2026-09-02,sroda,toruń,Toy Story 5 (dubbing),Cinema City Toruń Czerwona Droga,12:30,,dubbing,regular,2026-09-02T12:37:57.559384
2026-09-02,sroda,toruń,Toy Story 5 (dubbing),Cinema City Toruń Plaza,11:00,,dubbing,regular,2026-09-02T12:37:57.559384
2026-09-02,sroda,toruń,Vaiana (dubbing),Cinema City Toruń Czerwona Droga,10:20,,dubbing,regular,2026-09-02T12:37:57.559384
2026-09-02,sroda,toruń,Vaiana (dubbing),Cinema City Toruń Plaza,11:50,,dubbing,regular,2026-09-02T12:37:57.559384
2026-09-02,sroda,toruń,Vivaldi i ja,Cinema City Toruń Czerwona Droga,13:00,,,regular,2026-09-02T12:37:57.559384
2026-09-02,sroda,toruń,Wrong Girls,Cinema City Toruń Czerwona Droga,18:10,,,regular,2026-09-02T12:37:57.559384
2026-09-02,sroda,toruń,Wrong Girls,Cinema City Toruń Plaza,21:00,,,regular,2026-09-02T12:37:57.559384
2026-09-02,sroda,toruń,Zaproszenie,Cinema City Toruń Czerwona Droga,13:30,,,regular,2026-09-02T12:37:57.559384
2026-09-02,,podlaska,Psi patrol i dinozaury,Biała Podlaska,14:50,2D,,regular,2026-09-02T12:38:00.987848
2026-09-02,,podlaska,Spider-Man: Całkiem nowy dzień,Biała Podlaska,15:10,2D,original,regular,2026-09-02T12:38:00.987881
2026-09-02,,podlaska,Gwiazdozbiór psa,Biała Podlaska,16:20,2D,original,regular,2026-09-02T12:38:00.987895
2026-09-02,,podlaska,Harry Potter i Kamień Filozoficzny - 25. rocznica,Biała Podlaska,17:00,2D,,regular,2026-09-02T12:38:00.987908
2026-09-02,,podlaska,Buntownik,Biała Podlaska,17:50,2D,original,regular,2026-09-02T12:38:00.987921
2026-09-02,,podlaska,Nie patrz w dół 2,Biała Podlaska,18:20,2D,original,regular,2026-09-02T12:38:00.987933
2026-09-02,,podlaska,Gwiazdozbiór psa,Biała Podlaska,19:00,2D,original,regular,2026-09-02T12:38:00.987943
2026-09-02,,podlaska,Spider-Man: Całkiem nowy dzień,Biała Podlaska,20:10,2D,original,regular,2026-09-02T12:38:00.987963
2026-09-02,,podlaska,Terminator 2: Dzień sądu 35. Rocznica,Biała Podlaska,20:20,2D,original,regular,2026-09-02T12:38:00.987977
2026-09-02,,podlaska,Naznaczony: Wyjście z mrocznego wymiaru,Biała Podlaska,20:40,2D,original,regular,2026-09-02T12:38:00.987991
2026-09-02,,podlaska,Gwiazdozbiór psa,Biała Podlaska,21:40,2D,original,regular,2026-09-02T12:38:00.988001
2026-09-02,,bielsko-biała,Spider-Man: Całkiem nowy dzień,Bielsko-Biała,14:30,2D,original,regular,2026-09-02T12:38:02.118969
2026-09-02,,bielsko-biała,Psi patrol i dinozaury,Bielsko-Biała,14:40,2D,,regular,2026-09-02T12:38:02.118994
2026-09-02,,bielsko-biała,Gorzkie święta,Bielsko-Biała,15:10,2D,original,regular,2026-09-02T12:38:02.119006
2026-09-02,,bielsko-biała,Odyseja,Bielsko-Biała,15:20,2D,original,regular,2026-09-02T12:38:02.119017
2026-09-02,,bielsko-biała,Naznaczony: Wyjście z mrocznego wymiaru,Bielsko-Biała,15:30,2D,original,regular,2026-09-02T12:38:02.119028
2026-09-02,,bielsko-biała,Pucio kocha zwierzaki,Bielsko-Biała,15:40,2D,,regular,2026-09-02T12:38:02.119038
2026-09-02,,bielsko-biała,Buntownik,Bielsko-Biała,16:10,2D,original,regular,2026-09-02T12:38:02.119047
2026-09-02,,bielsko-biała,Gwiazdozbiór psa,Bielsko-Biała,16:20,2D,original,regular,2026-09-02T12:38:02.119058
2026-09-02,,bielsko-biała,Bogaci i martwi,Bielsko-Biała,16:40,2D,original,regular,2026-09-02T12:38:02.119068
2026-09-02,,bielsko-biała,Spider-Man: Całkiem nowy dzień,Bielsko-Biała,16:50,2D,original,regular,2026-09-02T12:38:02.119078
2026-09-02,,bielsko-biała,Harry Potter i Kamień Filozoficzny - 25. rocznica,Bielsko-Biała,17:00,2D,,regular,2026-09-02T12:38:02.119089
2026-09-02,,bielsko-biała,Tylko jedna noc,Bielsko-Biała,17:10,2D,original,regular,2026-09-02T12:38:02.119097
2026-09-02,,bielsko-biała,Spider-Man: Całkiem nowy dzień,Bielsko-Biała,17:40,2D,original,regular,2026-09-02T12:38:02.119106
2026-09-02,,bielsko-biała,Gorzkie święta,Bielsko-Biała,17:40,2D,original,regular,2026-09-02T12:38:02.119115
2026-09-02,,bielsko-biała,Tylko jedna noc,Bielsko-Biała,18:00,2D,original,regular,2026-09-02T12:38:02.119123
2026-09-02,,bielsko-biała,Naznaczony: Wyjście z mrocznego wymiaru,Bielsko-Biała,18:20,2D,original,regular,2026-09-02T12:38:02.119137
2026-09-02,,bielsko-biała,Gwiazdozbiór psa,Bielsko-Biała,19:00,2D,original,regular,2026-09-02T12:38:02.119146
2026-09-02,,bielsko-biała,Sunny Dancer,Bielsko-Biała,19:00,2D,original,regular,2026-09-02T12:38:02.119155
2026-09-02,,bielsko-biała,Odyseja,Bielsko-Biała,19:00,2D,original,regular,2026-09-02T12:38:02.119164
2026-09-02,,bielsko-biała,Terminator 2: Dzień sądu 35. Rocznica,Bielsko-Biała,19:30,2D,original,regular,2026-09-02T12:38:02.119174
2026-09-02,,bielsko-biała,Spider-Man: Całkiem nowy dzień,Bielsko-Biała,20:00,2D,original,regular,2026-09-02T12:38:02.119183
2026-09-02,,bielsko-biała,Odyseja,Bielsko-Biała,20:15,2D,original,regular,2026-09-02T12:38:02.119192
2026-09-02,,bielsko-biała,Koniec ulicy Dębowej,Bielsko-Biała,20:20,2D,original,regular,2026-09-02T12:38:02.119202
2026-09-02,,bielsko-biała,Nie patrz w dół 2,Bielsko-Biała,20:30,2D,original,regular,2026-09-02T12:38:02.119211
2026-09-02,,bielsko-biała,Spider-Man: Całkiem nowy dzień,Bielsko-Biała,20:50,2D,original,regular,2026-09-02T12:38:02.119220
2026-09-02,,bielsko-biała,Naznaczony: Wyjście z mrocznego wymiaru,Bielsko-Biała,20:50,2D,original,regular,2026-09-02T12:38:02.119230
2026-09-02,,bielsko-biała,Buntownik,Bielsko-Biała,21:30,2D,original,regular,2026-09-02T12:38:02.119238
2026-09-02,,bielsko-biała,Gwiazdozbiór psa,Bielsko-Biała,21:40,2D,original,regular,2026-09-02T12:38:02.119247
2026-09-02,,bydgoszcz,Odyseja,Bydgoszcz,14:30,2D,original,regular,2026-09-02T12:38:03.592097
2026-09-02,,bydgoszcz,Psi patrol i dinozaury,Bydgoszcz,14:40,2D,,regular,2026-09-02T12:38:03.592124
2026-09-02,,bydgoszcz,Minionki i straszydła,Bydgoszcz,14:50,2D,,regular,2026-09-02T12:38:03.592138
2026-09-02,,bydgoszcz,Gorzkie święta,Bydgoszcz,15:20,2D,original,regular,2026-09-02T12:38:03.592149
2026-09-02,,bydgoszcz,Terminator 2: Dzień sądu 35. Rocznica,Bydgoszcz,15:30,2D,original,regular,2026-09-02T12:38:03.592160
2026-09-02,,bydgoszcz,Naznaczony: Wyjście z mrocznego wymiaru,Bydgoszcz,15:40,2D,original,regular,2026-09-02T12:38:03.592171
2026-09-02,,bydgoszcz,Buntownik,Bydgoszcz,15:50,2D,original,regular,2026-09-02T12:38:03.592181
2026-09-02,,bydgoszcz,Księga pustyni,Bydgoszcz,16:10,2D,,regular,2026-09-02T12:38:03.592191
2026-09-02,,bydgoszcz,Gwiazdozbiór psa,Bydgoszcz,16:20,2D,original,regular,2026-09-02T12:38:03.592201
2026-09-02,,bydgoszcz,Spider-Man: Całkiem nowy dzień,Bydgoszcz,16:30,2D,original,regular,2026-09-02T12:38:03.592211
2026-09-02,,bydgoszcz,Koniec ulicy Dębowej,Bydgoszcz,16:50,2D,original,regular,2026-09-02T12:38:03.592222
2026-09-02,,bydgoszcz,Wszyscy moi wrogowie,Bydgoszcz,16:50,2D,original,regular,2026-09-02T12:38:03.592231
2026-09-02,,bydgoszcz,Spider-Man: Całkiem nowy dzień,Bydgoszcz,16:50,2D,original,regular,2026-09-02T12:38:03.592241
2026-09-02,,bydgoszcz,Terminator 2: Dzień sądu 35. Rocznica,Bydgoszcz,16:50,4DX,original,regular,2026-09-02T12:38:03.592248
2026-09-02,,bydgoszcz,Harry Potter i Kamień Filozoficzny - 25. rocznica,Bydgoszcz,17:30,2D,,regular,2026-09-02T12:38:03.592259
2026-09-02,,bydgoszcz,Gorzkie święta,Bydgoszcz,18:00,2D,original,regular,2026-09-02T12:38:03.592268
2026-09-02,,bydgoszcz,Odyseja,Bydgoszcz,18:10,2D,original,regular,2026-09-02T12:38:03.592278
2026-09-02,,bydgoszcz,Buntownik,Bydgoszcz,18:10,2D,original,regular,2026-09-02T12:38:03.592288
2026-09-02,,bydgoszcz,Naznaczony: Wyjście z mrocznego wymiaru,Bydgoszcz,18:10,2D,original,regular,2026-09-02T12:38:03.592297
2026-09-02,,bydgoszcz,Katy Perry: The Lifetimes Tour - Live From Paris,Bydgoszcz,18:30,2D,,regular,2026-09-02T12:38:03.592305
2026-09-02,,bydgoszcz,Terminator 2: Dzień sądu 35. Rocznica,Bydgoszcz,18:30,2D,original,regular,2026-09-02T12:38:03.592314
2026-09-02,,bydgoszcz,Gwiazdozbiór psa,Bydgoszcz,19:00,2D,original,regular,2026-09-02T12:38:03.592323
2026-09-02,,bydgoszcz,Koniec ulicy Dębowej,Bydgoszcz,19:20,2D,original,regular,2026-09-02T12:38:03.592333
2026-09-02,,bydgoszcz,Nie patrz w dół 2,Bydgoszcz,19:40,2D,original,regular,2026-09-02T12:38:03.592342
2026-09-02,,bydgoszcz,Gwiazdozbiór psa,Bydgoszcz,19:45,2D,original,regular,2026-09-02T12:38:03.592351
2026-09-02,,bydgoszcz,Gwiazdozbiór psa,Bydgoszcz,19:50,4DX,original,regular,2026-09-02T12:38:03.592359
2026-09-02,,bydgoszcz,Spider-Man: Całkiem nowy dzień,Bydgoszcz,20:00,2D,original,regular,2026-09-02T12:38:03.592370
2026-09-02,,bydgoszcz,Gwiazdozbiór psa ukraiński dubbing,Bydgoszcz,20:30,2D,dubbing,regular,2026-09-02T12:38:03.592379
2026-09-02,,bydgoszcz,Sunny Dancer,Bydgoszcz,20:30,2D,original,regular,2026-09-02T12:38:03.592388
2026-09-02,,bydgoszcz,Naznaczony: Wyjście z mrocznego wymiaru,Bydgoszcz,20:40,2D,original,regular,2026-09-02T12:38:03.592397
2026-09-02,,bydgoszcz,Naznaczony: Wyjście z mrocznego wymiaru,Bydgoszcz,21:00,2D,original,regular,2026-09-02T12:38:03.592406
2026-09-02,,bydgoszcz,Buntownik,Bydgoszcz,21:20,2D,original,regular,2026-09-02T12:38:03.592415
2026-09-02,,bydgoszcz,Gorzkie święta,Bydgoszcz,21:30,2D,original,regular,2026-09-02T12:38:03.592424
2026-09-02,,bydgoszcz,Gwiazdozbiór psa,Bydgoszcz,21:40,2D,original,regular,2026-09-02T12:38:03.592432
2026-09-02,,bydgoszcz,Odyseja,Bydgoszcz,21:50,2D,original,regular,2026-09-02T12:38:03.592441
2026-09-02,,bydgoszcz,Koniec ulicy Dębowej,Bydgoszcz,21:50,2D,original,regular,2026-09-02T12:38:03.592450
2026-09-02,,bydgoszcz,Bogaci i martwi,Bydgoszcz,22:00,2D,original,regular,2026-09-02T12:38:03.592460
2026-09-02,,bydgoszcz,Tylko jedna noc,Bydgoszcz,22:30,2D,original,regular,2026-09-02T12:38:03.592469
2026-09-02,,bydgoszcz,Naznaczony: Wyjście z mrocznego wymiaru,Bydgoszcz,22:30,4DX,original,regular,2026-09-02T12:38:03.592477
2026-09-02,,bytom,Psi patrol i dinozaury,Bytom,15:10,2D,,regular,2026-09-02T12:38:05.532836
2026-09-02,,bytom,Spider-Man: Całkiem nowy dzień,Bytom,15:15,2D,original,regular,2026-09-02T12:38:05.532867
2026-09-02,,bytom,Odyseja,Bytom,15:40,2D,original,regular,2026-09-02T12:38:05.532879
2026-09-02,,bytom,Księga pustyni,Bytom,15:50,2D,,regular,2026-09-02T12:38:05.532889
2026-09-02,,bytom,Minionki i straszydła,Bytom,16:00,2D,,regular,2026-09-02T12:38:05.532899
2026-09-02,,bytom,Pucio kocha zwierzaki,Bytom,16:10,2D,,regular,2026-09-02T12:38:05.532909
2026-09-02,,bytom,Gwiazdozbiór psa,Bytom,16:20,2D,original,regular,2026-09-02T12:38:05.532919
2026-09-02,,bytom,Wrong Girls,Bytom,16:50,2D,original,regular,2026-09-02T12:38:05.532928
2026-09-02,,bytom,Psi patrol i dinozaury,Bytom,17:20,2D,,regular,2026-09-02T12:38:05.532937
2026-09-02,,bytom,Tylko jedna noc,Bytom,17:40,2D,original,regular,2026-09-02T12:38:05.532945
2026-09-02,,bytom,Harry Potter i Kamień Filozoficzny - 25. rocznica,Bytom,18:00,2D,,regular,2026-09-02T12:38:05.532956
2026-09-02,,bytom,Sunny Dancer,Bytom,18:10,2D,original,regular,2026-09-02T12:38:05.532965
2026-09-02,,bytom,Spider-Man: Całkiem nowy dzień,Bytom,18:20,2D,original,regular,2026-09-02T12:38:05.532975
2026-09-02,,bytom,Gwiazdozbiór psa,Bytom,19:00,2D,original,regular,2026-09-02T12:38:05.532985
2026-09-02,,bytom,Gorzkie święta,Bytom,19:10,2D,original,regular,2026-09-02T12:38:05.532994
2026-09-02,,bytom,Odyseja,Bytom,19:20,2D,original,regular,2026-09-02T12:38:05.533005
2026-09-02,,bytom,Terminator 2: Dzień sądu 35. Rocznica,Bytom,19:30,2D,original,regular,2026-09-02T12:38:05.533015
2026-09-02,,bytom,Spider-Man: Całkiem nowy dzień,Bytom,20:00,2D,original,regular,2026-09-02T12:38:05.533025
2026-09-02,,bytom,Nie patrz w dół 2,Bytom,20:40,2D,original,regular,2026-09-02T12:38:05.533034
2026-09-02,,bytom,Naznaczony: Wyjście z mrocznego wymiaru,Bytom,21:20,2D,original,regular,2026-09-02T12:38:05.533046
2026-09-02,,bytom,Koniec ulicy Dębowej,Bytom,21:30,2D,original,regular,2026-09-02T12:38:05.533057
2026-09-02,,bytom,Buntownik,Bytom,21:40,2D,original,regular,2026-09-02T12:38:05.533066
2026-09-02,,bytom,Gwiazdozbiór psa,Bytom,21:40,2D,original,regular,2026-09-02T12:38:05.533074
2026-09-02,,cieszyn,Psi patrol i dinozaury,Cieszyn,14:50,2D,,regular,2026-09-02T12:38:07.557127
2026-09-02,,cieszyn,Spider-Man: Całkiem nowy dzień,Cieszyn,15:10,2D,original,regular,2026-09-02T12:38:07.557159
2026-09-02,,cieszyn,Odyseja,Cieszyn,16:00,2D,original,regular,2026-09-02T12:38:07.557172
2026-09-02,,cieszyn,Gwiazdozbiór psa,Cieszyn,16:20,2D,original,regular,2026-09-02T12:38:07.557184
2026-09-02,,cieszyn,Harry Potter i Kamień Filozoficzny - 25. rocznica,Cieszyn,17:00,2D,,regular,2026-09-02T12:38:07.557197
2026-09-02,,cieszyn,Spider-Man: Całkiem nowy dzień,Cieszyn,18:10,2D,original,regular,2026-09-02T12:38:07.557208
2026-09-02,,cieszyn,Gwiazdozbiór psa,Cieszyn,19:00,2D,original,regular,2026-09-02T12:38:07.557218
2026-09-02,,cieszyn,Naznaczony: Wyjście z mrocznego wymiaru,Cieszyn,19:30,2D,original,regular,2026-09-02T12:38:07.557231
2026-09-02,,cieszyn,Terminator 2: Dzień sądu 35. Rocznica,Cieszyn,20:30,2D,original,regular,2026-09-02T12:38:07.557243
2026-09-02,,cieszyn,Spider-Man: Całkiem nowy dzień,Cieszyn,21:20,2D,original,regular,2026-09-02T12:38:07.557253
2026-09-02,,cieszyn,Gwiazdozbiór psa,Cieszyn,21:40,2D,original,regular,2026-09-02T12:38:07.557262
2026-09-02,,cieszyn,Koniec ulicy Dębowej,Cieszyn,22:00,2D,original,regular,2026-09-02T12:38:07.557273
2026-09-02,,częstochowa,Tylko jedna noc,Częstochowa - Galeria Jurajska,14:50,2D,original,regular,2026-09-02T12:38:09.076006
2026-09-02,,częstochowa,Pucio kocha zwierzaki,Częstochowa - Galeria Jurajska,15:30,2D,,regular,2026-09-02T12:38:09.076033
2026-09-02,,częstochowa,Księga pustyni,Częstochowa - Galeria Jurajska,15:30,2D,,regular,2026-09-02T12:38:09.076047
2026-09-02,,częstochowa,Spider-Man: Całkiem nowy dzień,Częstochowa - Galeria Jurajska,16:00,2D,original,regular,2026-09-02T12:38:09.076059
2026-09-02,,częstochowa,Psi patrol i dinozaury,Częstochowa - Galeria Jurajska,16:10,2D,,regular,2026-09-02T12:38:09.076069
2026-09-02,,częstochowa,Gwiazdozbiór psa,Częstochowa - Galeria Jurajska,16:20,2D,original,regular,2026-09-02T12:38:09.076080
2026-09-02,,częstochowa,Wrong Girls,Częstochowa - Galeria Jurajska,16:30,2D,original,regular,2026-09-02T12:38:09.076089
2026-09-02,,częstochowa,Harry Potter i Kamień Filozoficzny - 25. rocznica,Częstochowa - Galeria Jurajska,17:00,2D,,regular,2026-09-02T12:38:09.076101
2026-09-02,,częstochowa,Spider-Man: Całkiem nowy dzień,Częstochowa - Galeria Jurajska,17:10,2D,original,regular,2026-09-02T12:38:09.076110
2026-09-02,,częstochowa,Psi patrol i dinozaury,Częstochowa - Galeria Jurajska,17:20,2D,,regular,2026-09-02T12:38:09.076119
2026-09-02,,częstochowa,Buntownik,Częstochowa - Galeria Jurajska,17:45,2D,original,regular,2026-09-02T12:38:09.076129
2026-09-02,,częstochowa,Nie patrz w dół 2,Częstochowa - Galeria Jurajska,18:20,2D,original,regular,2026-09-02T12:38:09.076138
2026-09-02,,częstochowa,Sunny Dancer,Częstochowa - Galeria Jurajska,18:50,2D,original,regular,2026-09-02T12:38:09.076148
2026-09-02,,częstochowa,Gwiazdozbiór psa,Częstochowa - Galeria Jurajska,19:00,2D,original,regular,2026-09-02T12:38:09.076158
2026-09-02,,częstochowa,Spider-Man: Całkiem nowy dzień,Częstochowa - Galeria Jurajska,19:10,2D,original,regular,2026-09-02T12:38:09.076167
2026-09-02,,częstochowa,Naznaczony: Wyjście z mrocznego wymiaru,Częstochowa - Galeria Jurajska,19:30,2D,original,regular,2026-09-02T12:38:09.076179
2026-09-02,,częstochowa,Gorzkie święta,Częstochowa - Galeria Jurajska,20:00,2D,original,regular,2026-09-02T12:38:09.076189
2026-09-02,,częstochowa,Spider-Man: Całkiem nowy dzień,Częstochowa - Galeria Jurajska,20:20,2D,original,regular,2026-09-02T12:38:09.076199
2026-09-02,,częstochowa,Odyseja,Częstochowa - Galeria Jurajska,20:30,2D,original,regular,2026-09-02T12:38:09.076208
2026-09-02,,częstochowa,Terminator 2: Dzień sądu 35. Rocznica,Częstochowa - Galeria Jurajska,20:40,2D,original,regular,2026-09-02T12:38:09.076219
2026-09-02,,częstochowa,Koniec ulicy Dębowej,Częstochowa - Galeria Jurajska,21:20,2D,original,regular,2026-09-02T12:38:09.076230
2026-09-02,,częstochowa,Gwiazdozbiór psa,Częstochowa - Galeria Jurajska,21:40,2D,original,regular,2026-09-02T12:38:09.076240
2026-09-02,,częstochowa,Naznaczony: Wyjście z mrocznego wymiaru,Częstochowa - Galeria Jurajska,22:00,2D,original,regular,2026-09-02T12:38:09.076250
2026-09-02,,częstochowa,Buntownik,Częstochowa - Galeria Jurajska,22:20,2D,original,regular,2026-09-02T12:38:09.076260
2026-09-02,,częstochowa,Spider-Man: Całkiem nowy dzień,Częstochowa - Wolność,14:40,2D,original,regular,2026-09-02T12:38:10.402438
2026-09-02,,częstochowa,Psi patrol i dinozaury,Częstochowa - Wolność,15:20,2D,,regular,2026-09-02T12:38:10.402463
2026-09-02,,częstochowa,Gwiazdozbiór psa,Częstochowa - Wolność,15:40,2D,original,regular,2026-09-02T12:38:10.402476
2026-09-02,,częstochowa,Księga pustyni,Częstochowa - Wolność,15:40,2D,,regular,2026-09-02T12:38:10.402487
2026-09-02,,częstochowa,Koniec ulicy Dębowej,Częstochowa - Wolność,16:20,2D,original,regular,2026-09-02T12:38:10.402498
2026-09-02,,częstochowa,Odyseja,Częstochowa - Wolność,16:30,2D,original,regular,2026-09-02T12:38:10.402508
2026-09-02,,częstochowa,Minionki i straszydła,Częstochowa - Wolność,16:30,2D,,regular,2026-09-02T12:38:10.402518
2026-09-02,,częstochowa,Psi patrol i dinozaury,Częstochowa - Wolność,16:40,2D,,regular,2026-09-02T12:38:10.402526
2026-09-02,,częstochowa,Sunny Dancer,Częstochowa - Wolność,17:40,2D,original,regular,2026-09-02T12:38:10.402536
2026-09-02,,częstochowa,Spider-Man: Całkiem nowy dzień,Częstochowa - Wolność,17:45,2D,original,regular,2026-09-02T12:38:10.402546
2026-09-02,,częstochowa,Harry Potter i Kamień Filozoficzny - 25. rocznica,Częstochowa - Wolność,18:10,2D,,regular,2026-09-02T12:38:10.402557
2026-09-02,,częstochowa,Gwiazdozbiór psa,Częstochowa - Wolność,18:20,2D,original,regular,2026-09-02T12:38:10.402566
2026-09-02,,częstochowa,Nie patrz w dół 2,Częstochowa - Wolność,18:40,2D,original,regular,2026-09-02T12:38:10.402576
2026-09-02,,częstochowa,Terminator 2: Dzień sądu 35. Rocznica,Częstochowa - Wolność,19:00,2D,original,regular,2026-09-02T12:38:10.402587
2026-09-02,,częstochowa,Naznaczony: Wyjście z mrocznego wymiaru,Częstochowa - Wolność,19:00,2D,original,regular,2026-09-02T12:38:10.402614
2026-09-02,,częstochowa,Odyseja,Częstochowa - Wolność,20:00,2D,original,regular,2026-09-02T12:38:10.402623
2026-09-02,,częstochowa,Gorzkie święta,Częstochowa - Wolność,20:10,2D,original,regular,2026-09-02T12:38:10.402632
2026-09-02,,częstochowa,Spider-Man: Całkiem nowy dzień,Częstochowa - Wolność,20:50,2D,original,regular,2026-09-02T12:38:10.402641
2026-09-02,,częstochowa,Gwiazdozbiór psa,Częstochowa - Wolność,21:00,2D,original,regular,2026-09-02T12:38:10.402650
2026-09-02,,częstochowa,Tylko jedna noc,Częstochowa - Wolność,21:00,2D,original,regular,2026-09-02T12:38:10.402659
2026-09-02,,częstochowa,Naznaczony: Wyjście z mrocznego wymiaru,Częstochowa - Wolność,21:30,2D,original,regular,2026-09-02T12:38:10.402668
2026-09-02,,częstochowa,Buntownik,Częstochowa - Wolność,21:40,2D,original,regular,2026-09-02T12:38:10.402678
2026-09-02,,częstochowa,Obsesja,Częstochowa - Wolność,22:00,2D,original,regular,2026-09-02T12:38:10.402686
2026-09-02,,elbląg,Buntownik,Elbląg,14:40,2D,original,regular,2026-09-02T12:38:11.944420
2026-09-02,,elbląg,Spider-Man: Całkiem nowy dzień,Elbląg,15:20,2D,original,regular,2026-09-02T12:38:11.944448
2026-09-02,,elbląg,Psi patrol i dinozaury,Elbląg,15:45,2D,,regular,2026-09-02T12:38:11.944460
2026-09-02,,elbląg,Gwiazdozbiór psa,Elbląg,16:20,2D,original,regular,2026-09-02T12:38:11.944471
2026-09-02,,elbląg,Księga pustyni,Elbląg,16:50,2D,,regular,2026-09-02T12:38:11.944480
2026-09-02,,elbląg,Spider-Man: Całkiem nowy dzień,Elbląg,16:50,2D,original,regular,2026-09-02T12:38:11.944490
2026-09-02,,elbląg,Harry Potter i Kamień Filozoficzny - 25. rocznica,Elbląg,17:00,2D,,regular,2026-09-02T12:38:11.944502
2026-09-02,,elbląg,Naznaczony: Wyjście z mrocznego wymiaru,Elbląg,18:00,2D,original,regular,2026-09-02T12:38:11.944513
2026-09-02,,elbląg,Spider-Man: Całkiem nowy dzień,Elbląg,18:30,2D,original,regular,2026-09-02T12:38:11.944523
2026-09-02,,elbląg,Nie patrz w dół 2,Elbląg,19:00,2D,original,regular,2026-09-02T12:38:11.944532
2026-09-02,,elbląg,Gwiazdozbiór psa,Elbląg,19:00,2D,original,regular,2026-09-02T12:38:11.944541
2026-09-02,,elbląg,Spider-Man: Całkiem nowy dzień,Elbląg,20:00,2D,original,regular,2026-09-02T12:38:11.944550
2026-09-02,,elbląg,Terminator 2: Dzień sądu 35. Rocznica,Elbląg,20:30,2D,original,regular,2026-09-02T12:38:11.944560
2026-09-02,,elbląg,Naznaczony: Wyjście z mrocznego wymiaru,Elbląg,20:40,2D,original,regular,2026-09-02T12:38:11.944570
2026-09-02,,elbląg,Odyseja,Elbląg,21:20,2D,original,regular,2026-09-02T12:38:11.944580
2026-09-02,,elbląg,Gwiazdozbiór psa,Elbląg,21:40,2D,original,regular,2026-09-02T12:38:11.944605
2026-09-02,,elbląg,Spider-Man: Całkiem nowy dzień,Elbląg,21:40,2D,original,regular,2026-09-02T12:38:11.944615
2026-09-02,,gliwice,Gwiazdozbiór psa,Gliwice,14:30,2D,original,regular,2026-09-02T12:38:13.305679
2026-09-02,,gliwice,Spider-Man: Całkiem nowy dzień,Gliwice,14:30,3D,original,regular,2026-09-02T12:38:13.305707
2026-09-02,,gliwice,Pucio kocha zwierzaki,Gliwice,14:40,2D,,regular,2026-09-02T12:38:13.305719
2026-09-02,,gliwice,Psi patrol i dinozaury,Gliwice,14:40,2D,,regular,2026-09-02T12:38:13.305728
2026-09-02,,gliwice,Spider-Man: Całkiem nowy dzień,Gliwice,14:50,2D,original,regular,2026-09-02T12:38:13.305738
2026-09-02,,gliwice,Gwiazdozbiór psa,Gliwice,15:30,2D,original,regular,2026-09-02T12:38:13.305748
2026-09-02,,gliwice,Koniec ulicy Dębowej,Gliwice,15:30,2D,original,regular,2026-09-02T12:38:13.305759
2026-09-02,,gliwice,Księga pustyni,Gliwice,15:40,2D,,regular,2026-09-02T12:38:13.305769
2026-09-02,,gliwice,Minionki i straszydła,Gliwice,15:50,2D,,regular,2026-09-02T12:38:13.305780
2026-09-02,,gliwice,Terminator 2: Dzień sądu 35. Rocznica,Gliwice,16:00,2D,original,regular,2026-09-02T12:38:13.305792
2026-09-02,,gliwice,Odyseja,Gliwice,16:00,2D,original,regular,2026-09-02T12:38:13.305802
2026-09-02,,gliwice,Pucio kocha zwierzaki,Gliwice,16:10,2D,,regular,2026-09-02T12:38:13.305810
2026-09-02,,gliwice,Naznaczony: Wyjście z mrocznego wymiaru,Gliwice,16:20,2D,original,regular,2026-09-02T12:38:13.305822
2026-09-02,,gliwice,Spider-Man: Całkiem nowy dzień,Gliwice,16:50,2D,original,regular,2026-09-02T12:38:13.305832
2026-09-02,,gliwice,Psi patrol i dinozaury,Gliwice,16:50,2D,,regular,2026-09-02T12:38:13.305840
2026-09-02,,gliwice,Gwiazdozbiór psa,Gliwice,17:10,2D,original,regular,2026-09-02T12:38:13.305850
2026-09-02,,gliwice,Gorzkie święta,Gliwice,17:30,2D,original,regular,2026-09-02T12:38:13.305859
2026-09-02,,gliwice,Spider-Man: Całkiem nowy dzień,Gliwice,17:40,3D,original,regular,2026-09-02T12:38:13.305867
2026-09-02,,gliwice,Koniec ulicy Dębowej,Gliwice,18:00,2D,original,regular,2026-09-02T12:38:13.305877
2026-09-02,,gliwice,Sunny Dancer,Gliwice,18:00,2D,original,regular,2026-09-02T12:38:13.305886
2026-09-02,,gliwice,Spider-Man: Całkiem nowy dzień,Gliwice,18:00,2D,original,regular,2026-09-02T12:38:13.305895
2026-09-02,,gliwice,Harry Potter i Kamień Filozoficzny - 25. rocznica,Gliwice,18:00,2D,,regular,2026-09-02T12:38:13.305906
2026-09-02,,gliwice,Naznaczony: Wyjście z mrocznego wymiaru,Gliwice,18:00,2D,original,regular,2026-09-02T12:38:13.305915
2026-09-02,,gliwice,Naznaczony: Wyjście z mrocznego wymiaru,Gliwice,18:50,2D,original,regular,2026-09-02T12:38:13.305924
2026-09-02,,gliwice,Terminator 2: Dzień sądu 35. Rocznica,Gliwice,19:00,2D,original,regular,2026-09-02T12:38:13.305934
2026-09-02,,gliwice,Naznaczony: Wyjście z mrocznego wymiaru,Gliwice,19:00,2D,original,regular,2026-09-02T12:38:13.305944
2026-09-02,,gliwice,Odyseja,Gliwice,19:30,2D,original,regular,2026-09-02T12:38:13.305953
2026-09-02,,gliwice,Gwiazdozbiór psa,Gliwice,19:50,2D,original,regular,2026-09-02T12:38:13.305962
2026-09-02,,gliwice,Gorzkie święta,Gliwice,19:50,2D,original,regular,2026-09-02T12:38:13.305970
2026-09-02,,gliwice,Spider-Man: Całkiem nowy dzień,Gliwice,20:00,2D,original,regular,2026-09-02T12:38:13.305979
2026-09-02,,gliwice,Buntownik,Gliwice,20:25,2D,original,regular,2026-09-02T12:38:13.305988
2026-09-02,,gliwice,Sunny Dancer,Gliwice,20:30,2D,original,regular,2026-09-02T12:38:13.305997
2026-09-02,,gliwice,Nie patrz w dół 2,Gliwice,20:45,2D,original,regular,2026-09-02T12:38:13.306007
2026-09-02,,gliwice,Gwiazdozbiór psa,Gliwice,20:50,2D,original,regular,2026-09-02T12:38:13.306015
2026-09-02,,gliwice,Spider-Man: Całkiem nowy dzień,Gliwice,21:10,2D,original,regular,2026-09-02T12:38:13.306025
2026-09-02,,gliwice,Naznaczony: Wyjście z mrocznego wymiaru,Gliwice,21:20,2D,original,regular,2026-09-02T12:38:13.306035
2026-09-02,,gliwice,Koniec ulicy Dębowej,Gliwice,21:20,2D,original,regular,2026-09-02T12:38:13.306044
2026-09-02,,gliwice,Bogaci i martwi,Gliwice,21:30,2D,original,regular,2026-09-02T12:38:13.306054
2026-09-02,,gliwice,Buntownik,Gliwice,22:00,2D,original,regular,2026-09-02T12:38:13.306063
2026-09-02,,gliwice,Spider-Man: Całkiem nowy dzień,Gliwice,22:15,2D,original,regular,2026-09-02T12:38:13.306072
2026-09-02,,gliwice,Gwiazdozbiór psa,Gliwice,22:30,2D,original,regular,2026-09-02T12:38:13.306081
2026-09-02,,gliwice,Naznaczony: Wyjście z mrocznego wymiaru,Gliwice,22:30,2D,original,regular,2026-09-02T12:38:13.306090
2026-09-02,,katowice,Gwiazdozbiór psa,Katowice - Punkt 44,14:30,2D,original,regular,2026-09-02T12:38:15.457057
2026-09-02,,katowice,Odyseja,Katowice - Punkt 44,14:30,2D,original,regular,2026-09-02T12:38:15.457082
2026-09-02,,katowice,Psi patrol i dinozaury,Katowice - Punkt 44,14:30,2D,,regular,2026-09-02T12:38:15.457094
2026-09-02,,katowice,Pucio kocha zwierzaki,Katowice - Punkt 44,14:40,2D,,regular,2026-09-02T12:38:15.457103
2026-09-02,,katowice,Sunny Dancer,Katowice - Punkt 44,14:50,2D,original,regular,2026-09-02T12:38:15.457113
2026-09-02,,katowice,Księga pustyni,Katowice - Punkt 44,15:10,2D,,regular,2026-09-02T12:38:15.457124
2026-09-02,,katowice,Spider-Man: Całkiem nowy dzień,Katowice - Punkt 44,15:20,2D,original,regular,2026-09-02T12:38:15.457135
2026-09-02,,katowice,Terminator 2: Dzień sądu 35. Rocznica,Katowice - Punkt 44,15:30,2D,original,regular,2026-09-02T12:38:15.457146
2026-09-02,,katowice,Tylko jedna noc,Katowice - Punkt 44,15:50,2D,original,regular,2026-09-02T12:38:15.457155
2026-09-02,,katowice,Buntownik,Katowice - Punkt 44,16:00,2D,original,regular,2026-09-02T12:38:15.457165
2026-09-02,,katowice,Gorzkie święta,Katowice - Punkt 44,16:00,2D,original,regular,2026-09-02T12:38:15.457174
2026-09-02,,katowice,Pucio kocha zwierzaki,Katowice - Punkt 44,16:10,2D,,regular,2026-09-02T12:38:15.457182
2026-09-02,,katowice,Naznaczony: Wyjście z mrocznego wymiaru,Katowice - Punkt 44,16:10,2D,original,regular,2026-09-02T12:38:15.457194
2026-09-02,,katowice,Gwiazdozbiór psa,Katowice - Punkt 44,16:20,IMAX,original,regular,2026-09-02T12:38:15.457201
2026-09-02,,katowice,Spider-Man: Całkiem nowy dzień,Katowice - Punkt 44,16:30,2D,original,regular,2026-09-02T12:38:15.457212
2026-09-02,,katowice,Harry Potter i Kamień Filozoficzny - 25. rocznica,Katowice - Punkt 44,16:40,2D,,regular,2026-09-02T12:38:15.457222
2026-09-02,,katowice,Gwiazdozbiór psa,Katowice - Punkt 44,17:10,2D,original,regular,2026-09-02T12:38:15.457232
2026-09-02,,katowice,Koniec ulicy Dębowej,Katowice - Punkt 44,17:20,2D,original,regular,2026-09-02T12:38:15.457243
2026-09-02,,katowice,Sunny Dancer,Katowice - Punkt 44,17:20,2D,original,regular,2026-09-02T12:38:15.457251
2026-09-02,,katowice,Spider-Man: Całkiem nowy dzień,Katowice - Punkt 44,17:40,3D,original,regular,2026-09-02T12:38:15.457260
2026-09-02,,katowice,Gwiazdozbiór psa,Katowice - Punkt 44,18:00,2D,original,regular,2026-09-02T12:38:15.457269
2026-09-02,,katowice,Buntownik,Katowice - Punkt 44,18:15,2D,original,regular,2026-09-02T12:38:15.457277
2026-09-02,,katowice,Katy Perry: The Lifetimes Tour - Live From Paris,Katowice - Punkt 44,18:30,2D,,regular,2026-09-02T12:38:15.457285
2026-09-02,,katowice,Spider-Man: Całkiem nowy dzień,Katowice - Punkt 44,18:30,2D,original,regular,2026-09-02T12:38:15.457294
2026-09-02,,katowice,Terminator 2: Dzień sądu 35. Rocznica,Katowice - Punkt 44,18:30,2D,original,regular,2026-09-02T12:38:15.457302
2026-09-02,,katowice,Gorzkie święta,Katowice - Punkt 44,18:30,2D,original,regular,2026-09-02T12:38:15.457311
2026-09-02,,katowice,Naznaczony: Wyjście z mrocznego wymiaru,Katowice - Punkt 44,18:50,2D,original,regular,2026-09-02T12:38:15.457320
2026-09-02,,katowice,Katy Perry: The Lifetimes Tour - Live From Paris,Katowice - Punkt 44,19:00,IMAX,,regular,2026-09-02T12:38:15.457327
2026-09-02,,katowice,Spider-Man: Całkiem nowy dzień,Katowice - Punkt 44,19:40,2D,original,regular,2026-09-02T12:38:15.457336
2026-09-02,,katowice,Gwiazdozbiór psa,Katowice - Punkt 44,19:50,2D,original,regular,2026-09-02T12:38:15.457344
2026-09-02,,katowice,Nie patrz w dół 2,Katowice - Punkt 44,19:50,2D,original,regular,2026-09-02T12:38:15.457354
2026-09-02,,katowice,Sunny Dancer,Katowice - Punkt 44,19:50,2D,original,regular,2026-09-02T12:38:15.457363
2026-09-02,,katowice,Odyseja,Katowice - Punkt 44,20:00,2D,original,regular,2026-09-02T12:38:15.457372
2026-09-02,,katowice,Buntownik,Katowice - Punkt 44,20:30,2D,original,regular,2026-09-02T12:38:15.457380
2026-09-02,,katowice,Gwiazdozbiór psa,Katowice - Punkt 44,20:40,2D,original,regular,2026-09-02T12:38:15.457389
2026-09-02,,katowice,Dzień objawienia,Katowice - Punkt 44,20:50,2D,original,regular,2026-09-02T12:38:15.457399
2026-09-02,,katowice,Gorzkie święta,Katowice - Punkt 44,21:00,2D,original,regular,2026-09-02T12:38:15.457408
2026-09-02,,katowice,Tylko jedna noc,Katowice - Punkt 44,21:20,2D,original,regular,2026-09-02T12:38:15.457416
2026-09-02,,katowice,Naznaczony: Wyjście z mrocznego wymiaru,Katowice - Punkt 44,21:30,2D,original,regular,2026-09-02T12:38:15.457425
2026-09-02,,katowice,Terminator 2: Dzień sądu 35. Rocznica,Katowice - Punkt 44,21:30,2D,original,regular,2026-09-02T12:38:15.457434
2026-09-02,,katowice,Spider-Man: Całkiem nowy dzień,Katowice - Punkt 44,21:40,2D,original,regular,2026-09-02T12:38:15.457442
2026-09-02,,katowice,Gwiazdozbiór psa,Katowice - Punkt 44,21:50,IMAX,original,regular,2026-09-02T12:38:15.457449
2026-09-02,,katowice,Koniec ulicy Dębowej,Katowice - Punkt 44,22:00,2D,original,regular,2026-09-02T12:38:15.457458
2026-09-02,,katowice,Naznaczony: Wyjście z mrocznego wymiaru,Katowice - Silesia,14:30,2D,original,regular,2026-09-02T12:38:17.270330
2026-09-02,,katowice,Minionki i straszydła,Katowice - Silesia,14:30,2D,,regular,2026-09-02T12:38:17.270356
2026-09-02,,katowice,Psi patrol i dinozaury,Katowice - Silesia,14:50,2D,,regular,2026-09-02T12:38:17.270368
2026-09-02,,katowice,Toy Story 5,Katowice - Silesia,15:00,2D,original,regular,2026-09-02T12:38:17.270380
2026-09-02,,katowice,Spider-Man: Całkiem nowy dzień,Katowice - Silesia,15:00,3D,original,regular,2026-09-02T12:38:17.270391
2026-09-02,,katowice,Pucio kocha zwierzaki,Katowice - Silesia,15:10,2D,,regular,2026-09-02T12:38:17.270400
2026-09-02,,katowice,Buntownik,Katowice - Silesia,15:20,2D,original,regular,2026-09-02T12:38:17.270410
2026-09-02,,katowice,Gorzkie święta,Katowice - Silesia,15:20,2D,original,regular,2026-09-02T12:38:17.270420
2026-09-02,,katowice,Spider-Man: Całkiem nowy dzień,Katowice - Silesia,15:50,2D,original,regular,2026-09-02T12:38:17.270429
2026-09-02,,katowice,Gwiazdozbiór psa,Katowice - Silesia,16:20,2D,original,regular,2026-09-02T12:38:17.270440
2026-09-02,,katowice,Tylko jedna noc,Katowice - Silesia,16:30,2D,original,regular,2026-09-02T12:38:17.270448
2026-09-02,,katowice,Odzyskany,Katowice - Silesia,16:40,2D,original,regular,2026-09-02T12:38:17.270458
2026-09-02,,katowice,Terminator 2: Dzień sądu 35. Rocznica,Katowice - Silesia,17:00,2D,original,regular,2026-09-02T12:38:17.270469
2026-09-02,,katowice,Naznaczony: Wyjście z mrocznego wymiaru,Katowice - Silesia,17:00,2D,original,regular,2026-09-02T12:38:17.270479
2026-09-02,,katowice,Psi patrol i dinozaury,Katowice - Silesia,17:10,2D,,regular,2026-09-02T12:38:17.270487
2026-09-02,,katowice,Spider-Man: Całkiem nowy dzień,Katowice - Silesia,17:20,2D,original,regular,2026-09-02T12:38:17.270496
2026-09-02,,katowice,Harry Potter i Kamień Filozoficzny - 25. rocznica,Katowice - Silesia,17:30,2D,,regular,2026-09-02T12:38:17.270507
2026-09-02,,katowice,Nie patrz w dół 2,Katowice - Silesia,17:40,2D,original,regular,2026-09-02T12:38:17.270517
2026-09-02,,katowice,Księga pustyni,Katowice - Silesia,17:50,2D,,regular,2026-09-02T12:38:17.270526
2026-09-02,,katowice,Odyseja,Katowice - Silesia,18:00,2D,original,regular,2026-09-02T12:38:17.270535
2026-09-02,,katowice,Gwiazdozbiór psa,Katowice - Silesia,18:10,2D,original,regular,2026-09-02T12:38:17.270545
2026-09-02,,katowice,Sunny Dancer,Katowice - Silesia,18:50,2D,original,regular,2026-09-02T12:38:17.270554
2026-09-02,,katowice,Spider-Man: Całkiem nowy dzień,Katowice - Silesia,19:00,2D,original,regular,2026-09-02T12:38:17.270563
2026-09-02,,katowice,Gwiazdozbiór psa,Katowice - Silesia,19:00,2D,original,regular,2026-09-02T12:38:17.270573
2026-09-02,,katowice,Bogaci i martwi,Katowice - Silesia,19:00,2D,original,regular,2026-09-02T12:38:17.270583
2026-09-02,,katowice,Buntownik,Katowice - Silesia,19:20,2D,original,regular,2026-09-02T12:38:17.270606
2026-09-02,,katowice,Naznaczony: Wyjście z mrocznego wymiaru,Katowice - Silesia,19:30,2D,original,regular,2026-09-02T12:38:17.270617
2026-09-02,,katowice,Spider-Man: Całkiem nowy dzień,Katowice - Silesia,20:00,2D,original,regular,2026-09-02T12:38:17.270626
2026-09-02,,katowice,Terminator 2: Dzień sądu 35. Rocznica,Katowice - Silesia,20:00,2D,original,regular,2026-09-02T12:38:17.270636
2026-09-02,,katowice,Gorzkie święta,Katowice - Silesia,20:00,2D,original,regular,2026-09-02T12:38:17.270645
2026-09-02,,katowice,Spider-Man: Całkiem nowy dzień,Katowice - Silesia,20:30,2D,original,regular,2026-09-02T12:38:17.270654
2026-09-02,,katowice,Spider-Man: Całkiem nowy dzień,Katowice - Silesia,20:50,2D,original,regular,2026-09-02T12:38:17.270663
2026-09-02,,katowice,Gwiazdozbiór psa,Katowice - Silesia,20:50,2D,original,regular,2026-09-02T12:38:17.270672
2026-09-02,,katowice,Sunny Dancer,Katowice - Silesia,21:20,2D,original,regular,2026-09-02T12:38:17.270680
2026-09-02,,katowice,Wrong Girls,Katowice - Silesia,21:30,2D,original,regular,2026-09-02T12:38:17.270689
2026-09-02,,katowice,Odyseja,Katowice - Silesia,21:40,2D,original,regular,2026-09-02T12:38:17.270698
2026-09-02,,katowice,Gwiazdozbiór psa,Katowice - Silesia,21:40,2D,original,regular,2026-09-02T12:38:17.270707
2026-09-02,,katowice,Buntownik,Katowice - Silesia,21:40,2D,original,regular,2026-09-02T12:38:17.270717
2026-09-02,,katowice,Naznaczony: Wyjście z mrocznego wymiaru,Katowice - Silesia,22:00,2D,original,regular,2026-09-02T12:38:17.270726
2026-09-02,,katowice,Straszny film,Katowice - Silesia,22:10,2D,original,regular,2026-09-02T12:38:17.270736
2026-09-02,,kraków,Odyseja,Kraków - Bonarka,14:40,2D,original,regular,2026-09-02T12:38:19.420787
2026-09-02,,kraków,Spider-Man: Całkiem nowy dzień,Kraków - Bonarka,14:50,3D,original,regular,2026-09-02T12:38:19.420817
2026-09-02,,kraków,Pucio kocha zwierzaki,Kraków - Bonarka,15:00,2D,,regular,2026-09-02T12:38:19.420830
2026-09-02,,kraków,Wszyscy moi wrogowie,Kraków - Bonarka,15:00,2D,original,regular,2026-09-02T12:38:19.420841
2026-09-02,,kraków,Koniec ulicy Dębowej,Kraków - Bonarka,15:10,2D,original,regular,2026-09-02T12:38:19.420853
2026-09-02,,kraków,Gwiazdozbiór psa,Kraków - Bonarka,15:20,2D,original,regular,2026-09-02T12:38:19.420864
2026-09-02,,kraków,Terminator 2: Dzień sądu 35. Rocznica,Kraków - Bonarka,15:30,2D,original,regular,2026-09-02T12:38:19.420877
2026-09-02,,kraków,Księga pustyni,Kraków - Bonarka,15:40,2D,,regular,2026-09-02T12:38:19.420888
2026-09-02,,kraków,Gwiazdozbiór psa,Kraków - Bonarka,15:50,2D,original,regular,2026-09-02T12:38:19.420899
2026-09-02,,kraków,Naznaczony: Wyjście z mrocznego wymiaru,Kraków - Bonarka,15:50,2D,original,regular,2026-09-02T12:38:19.420911
2026-09-02,,kraków,Spider-Man: Całkiem nowy dzień,Kraków - Bonarka,15:50,2D,original,regular,2026-09-02T12:38:19.420921
2026-09-02,,kraków,Minionki i straszydła,Kraków - Bonarka,16:10,2D,,regular,2026-09-02T12:38:19.420931
2026-09-02,,kraków,Buntownik,Kraków - Bonarka,16:20,2D,original,regular,2026-09-02T12:38:19.420941
2026-09-02,,kraków,Gwiazdozbiór psa,Kraków - Bonarka,16:20,2D,original,regular,2026-09-02T12:38:19.420951
2026-09-02,,kraków,Harry Potter i Kamień Filozoficzny - 25. rocznica,Kraków - Bonarka,16:30,2D,,regular,2026-09-02T12:38:19.420962
2026-09-02,,kraków,Pucio kocha zwierzaki,Kraków - Bonarka,16:30,2D,,regular,2026-09-02T12:38:19.420971
2026-09-02,,kraków,Psi patrol i dinozaury,Kraków - Bonarka,16:30,2D,,regular,2026-09-02T12:38:19.420980
2026-09-02,,kraków,Terminator 2: Dzień sądu 35. Rocznica,Kraków - Bonarka,16:50,4DX,original,regular,2026-09-02T12:38:19.420988
2026-09-02,,kraków,Wrong Girls,Kraków - Bonarka,16:50,2D,original,regular,2026-09-02T12:38:19.420997
2026-09-02,,kraków,Spider-Man: Całkiem nowy dzień,Kraków - Bonarka,17:00,2D,original,regular,2026-09-02T12:38:19.421007
2026-09-02,,kraków,Harry Potter i Kamień Filozoficzny - 25. rocznica,Kraków - Bonarka,17:30,2D,,regular,2026-09-02T12:38:19.421017
2026-09-02,,kraków,Sunny Dancer,Kraków - Bonarka,17:40,2D,original,regular,2026-09-02T12:38:19.421027
2026-09-02,,kraków,Koniec ulicy Dębowej,Kraków - Bonarka,17:50,2D,original,regular,2026-09-02T12:38:19.421038
2026-09-02,,kraków,Odyseja,Kraków - Bonarka,17:50,2D,original,regular,2026-09-02T12:38:19.421047
2026-09-02,,kraków,Spider-Man: Całkiem nowy dzień,Kraków - Bonarka,18:00,2D,original,regular,2026-09-02T12:38:19.421057
2026-09-02,,kraków,Gorzkie święta,Kraków - Bonarka,18:00,2D,original,regular,2026-09-02T12:38:19.421067
2026-09-02,,kraków,Tylko jedna noc,Kraków - Bonarka,18:10,2D,original,regular,2026-09-02T12:38:19.421076
2026-09-02,,kraków,Odyseja,Kraków - Bonarka,18:20,2D,original,regular,2026-09-02T12:38:19.421086
2026-09-02,,kraków,Nie patrz w dół 2,Kraków - Bonarka,18:20,2D,original,regular,2026-09-02T12:38:19.421096
2026-09-02,,kraków,Naznaczony: Wyjście z mrocznego wymiaru,Kraków - Bonarka,18:20,2D,original,regular,2026-09-02T12:38:19.421106
2026-09-02,,kraków,Katy Perry: The Lifetimes Tour - Live From Paris,Kraków - Bonarka,18:30,2D,,regular,2026-09-02T12:38:19.421115
2026-09-02,,kraków,Terminator 2: Dzień sądu 35. Rocznica,Kraków - Bonarka,18:30,2D,original,regular,2026-09-02T12:38:19.421124
2026-09-02,,kraków,Katy Perry: The Lifetimes Tour - Live From Paris,Kraków - Bonarka,18:40,2D,,regular,2026-09-02T12:38:19.421133
2026-09-02,,kraków,Buntownik,Kraków - Bonarka,18:40,2D,original,regular,2026-09-02T12:38:19.421142
2026-09-02,,kraków,Spider-Man: Całkiem nowy dzień,Kraków - Bonarka,18:50,2D,original,regular,2026-09-02T12:38:19.421151
2026-09-02,,kraków,Gwiazdozbiór psa,Kraków - Bonarka,19:00,2D,original,regular,2026-09-02T12:38:19.421161
2026-09-02,,kraków,Spider-Man: Całkiem nowy dzień ukraiński dubbing,Kraków - Bonarka,19:10,2D,dubbing,regular,2026-09-02T12:38:19.421170
2026-09-02,,kraków,Gwiazdozbiór psa,Kraków - Bonarka,19:50,4DX,original,regular,2026-09-02T12:38:19.421178
2026-09-02,,kraków,Terminator 2: Dzień sądu 35. Rocznica,Kraków - Bonarka,20:00,2D,original,regular,2026-09-02T12:38:19.421188
2026-09-02,,kraków,Bogaci i martwi,Kraków - Bonarka,20:00,2D,original,regular,2026-09-02T12:38:19.421198
2026-09-02,,kraków,Spider-Man: Całkiem nowy dzień,Kraków - Bonarka,20:00,2D,original,regular,2026-09-02T12:38:19.421208
2026-09-02,,kraków,Gwiazdozbiór psa,Kraków - Bonarka,20:20,2D,original,regular,2026-09-02T12:38:19.421217
2026-09-02,,kraków,Gwiazdozbiór psa ukraiński dubbing,Kraków - Bonarka,20:30,2D,dubbing,regular,2026-09-02T12:38:19.421226
2026-09-02,,kraków,Gorzkie święta,Kraków - Bonarka,20:30,2D,original,regular,2026-09-02T12:38:19.421235
2026-09-02,,kraków,Zaproszenie,Kraków - Bonarka,20:40,2D,original,regular,2026-09-02T12:38:19.421245
2026-09-02,,kraków,Naznaczony: Wyjście z mrocznego wymiaru,Kraków - Bonarka,20:50,2D,original,regular,2026-09-02T12:38:19.421255
2026-09-02,,kraków,Odyseja,Kraków - Bonarka,20:50,2D,original,regular,2026-09-02T12:38:19.421264
2026-09-02,,kraków,Buntownik,Kraków - Bonarka,21:00,2D,original,regular,2026-09-02T12:38:19.421273
2026-09-02,,kraków,Spider-Man: Całkiem nowy dzień,Kraków - Bonarka,21:10,2D,original,regular,2026-09-02T12:38:19.421282
2026-09-02,,kraków,Sunny Dancer,Kraków - Bonarka,21:20,2D,original,regular,2026-09-02T12:38:19.421292
2026-09-02,,kraków,Odyseja,Kraków - Bonarka,21:20,2D,original,regular,2026-09-02T12:38:19.421301
2026-09-02,,kraków,Terminator 2: Dzień sądu 35. Rocznica,Kraków - Bonarka,21:30,2D,original,regular,2026-09-02T12:38:19.421311
2026-09-02,,kraków,Gwiazdozbiór psa,Kraków - Bonarka,21:30,2D,original,regular,2026-09-02T12:38:19.421320
2026-09-02,,kraków,Gwiazdozbiór psa,Kraków - Bonarka,21:40,2D,original,regular,2026-09-02T12:38:19.421329
2026-09-02,,kraków,Spider-Man: Całkiem nowy dzień,Kraków - Bonarka,21:50,2D,original,regular,2026-09-02T12:38:19.421339
2026-09-02,,kraków,Spider-Man: Całkiem nowy dzień,Kraków - Bonarka,22:00,2D,original,regular,2026-09-02T12:38:19.421349
2026-09-02,,kraków,Naznaczony: Wyjście z mrocznego wymiaru,Kraków - Bonarka,22:20,4DX,original,regular,2026-09-02T12:38:19.421356
2026-09-02,,kraków,Ice Cream Man,Kraków - Bonarka,22:20,2D,original,regular,2026-09-02T12:38:19.421366
2026-09-02,,kraków,Backrooms. Bez wyjścia,Kraków - Bonarka,22:20,2D,original,regular,2026-09-02T12:38:19.421376
2026-09-02,,kraków,Gwiazdozbiór psa,Kraków - Galeria Kazimierz,14:30,2D,original,regular,2026-09-02T12:38:21.030080
2026-09-02,,kraków,Spider-Man: Całkiem nowy dzień,Kraków - Galeria Kazimierz,14:40,2D,original,regular,2026-09-02T12:38:21.030108
2026-09-02,,kraków,Pucio kocha zwierzaki,Kraków - Galeria Kazimierz,15:00,2D,,regular,2026-09-02T12:38:21.030120
2026-09-02,,kraków,Naznaczony: Wyjście z mrocznego wymiaru,Kraków - Galeria Kazimierz,15:30,2D,original,regular,2026-09-02T12:38:21.030132
2026-09-02,,kraków,Spider-Man: Całkiem nowy dzień,Kraków - Galeria Kazimierz,15:50,2D,original,regular,2026-09-02T12:38:21.030143
2026-09-02,,kraków,Koniec ulicy Dębowej,Kraków - Galeria Kazimierz,16:00,2D,original,regular,2026-09-02T12:38:21.030154
2026-09-02,,kraków,Wrong Girls,Kraków - Galeria Kazimierz,16:00,2D,original,regular,2026-09-02T12:38:21.030163
2026-09-02,,kraków,Buntownik,Kraków - Galeria Kazimierz,16:00,2D,original,regular,2026-09-02T12:38:21.030173
2026-09-02,,kraków,Tylko jedna noc,Kraków - Galeria Kazimierz,16:20,2D,original,regular,2026-09-02T12:38:21.030181
2026-09-02,,kraków,Harry Potter i Kamień Filozoficzny - 25. rocznica,Kraków - Galeria Kazimierz,16:30,2D,,regular,2026-09-02T12:38:21.030193
2026-09-02,,kraków,Gwiazdozbiór psa,Kraków - Galeria Kazimierz,17:10,2D,original,regular,2026-09-02T12:38:21.030202
2026-09-02,,kraków,Gorzkie święta,Kraków - Galeria Kazimierz,17:40,2D,original,regular,2026-09-02T12:38:21.030212
2026-09-02,,kraków,Spider-Man: Całkiem nowy dzień,Kraków - Galeria Kazimierz,17:50,2D,original,regular,2026-09-02T12:38:21.030221
2026-09-02,,kraków,Naznaczony: Wyjście z mrocznego wymiaru,Kraków - Galeria Kazimierz,18:00,2D,original,regular,2026-09-02T12:38:21.030231
2026-09-02,,kraków,Sunny Dancer,Kraków - Galeria Kazimierz,18:15,2D,original,regular,2026-09-02T12:38:21.030240
2026-09-02,,kraków,Gwiazdozbiór psa,Kraków - Galeria Kazimierz,18:20,2D,original,regular,2026-09-02T12:38:21.030250
2026-09-02,,kraków,Gwiazdozbiór psa ukraiński dubbing,Kraków - Galeria Kazimierz,18:30,2D,dubbing,regular,2026-09-02T12:38:21.030259
2026-09-02,,kraków,Nie patrz w dół 2,Kraków - Galeria Kazimierz,18:45,2D,original,regular,2026-09-02T12:38:21.030268
2026-09-02,,kraków,Terminator 2: Dzień sądu 35. Rocznica,Kraków - Galeria Kazimierz,19:00,2D,original,regular,2026-09-02T12:38:21.030279
2026-09-02,,kraków,Gwiazdozbiór psa,Kraków - Galeria Kazimierz,19:50,2D,original,regular,2026-09-02T12:38:21.030288
2026-09-02,,kraków,Spider-Man: Całkiem nowy dzień,Kraków - Galeria Kazimierz,20:00,2D,original,regular,2026-09-02T12:38:21.030298
2026-09-02,,kraków,Odyseja,Kraków - Galeria Kazimierz,20:10,2D,original,regular,2026-09-02T12:38:21.030307
2026-09-02,,kraków,Naznaczony: Wyjście z mrocznego wymiaru,Kraków - Galeria Kazimierz,20:30,2D,original,regular,2026-09-02T12:38:21.030317
2026-09-02,,kraków,Gorzkie święta,Kraków - Galeria Kazimierz,20:40,2D,original,regular,2026-09-02T12:38:21.030325
2026-09-02,,kraków,Buntownik,Kraków - Galeria Kazimierz,21:00,2D,original,regular,2026-09-02T12:38:21.030334
2026-09-02,,kraków,Bogaci i martwi,Kraków - Galeria Kazimierz,21:00,2D,original,regular,2026-09-02T12:38:21.030344
2026-09-02,,kraków,Obsesja,Kraków - Galeria Kazimierz,21:10,2D,original,regular,2026-09-02T12:38:21.030353
2026-09-02,,kraków,Koniec ulicy Dębowej,Kraków - Galeria Kazimierz,21:15,2D,original,regular,2026-09-02T12:38:21.030362
2026-09-02,,kraków,Tylko jedna noc,Kraków - Galeria Kazimierz,22:00,2D,original,regular,2026-09-02T12:38:21.030372
2026-09-02,,kraków,Gwiazdozbiór psa,Kraków - Galeria Kazimierz,22:30,2D,original,regular,2026-09-02T12:38:21.030381
2026-09-02,,kraków,Gwiazdozbiór psa,Kraków - Zakopianka,14:30,2D,original,regular,2026-09-02T12:38:22.385313
2026-09-02,,kraków,Pucio kocha zwierzaki,Kraków - Zakopianka,15:20,2D,,regular,2026-09-02T12:38:22.385340
2026-09-02,,kraków,Spider-Man: Całkiem nowy dzień,Kraków - Zakopianka,15:40,2D,original,regular,2026-09-02T12:38:22.385353
2026-09-02,,kraków,Naznaczony: Wyjście z mrocznego wymiaru,Kraków - Zakopianka,15:45,2D,original,regular,2026-09-02T12:38:22.385366
2026-09-02,,kraków,Psi patrol i dinozaury,Kraków - Zakopianka,16:10,2D,,regular,2026-09-02T12:38:22.385375
2026-09-02,,kraków,Księga pustyni,Kraków - Zakopianka,16:15,2D,,regular,2026-09-02T12:38:22.385385
2026-09-02,,kraków,Gwiazdozbiór psa,Kraków - Zakopianka,16:20,IMAX,original,regular,2026-09-02T12:38:22.385392
2026-09-02,,kraków,Odyseja,Kraków - Zakopianka,16:30,2D,original,regular,2026-09-02T12:38:22.385402
2026-09-02,,kraków,Buntownik,Kraków - Zakopianka,16:30,2D,original,regular,2026-09-02T12:38:22.385412
2026-09-02,,kraków,Nie patrz w dół 2,Kraków - Zakopianka,16:50,2D,original,regular,2026-09-02T12:38:22.385422
2026-09-02,,kraków,Gwiazdozbiór psa,Kraków - Zakopianka,17:10,2D,original,regular,2026-09-02T12:38:22.385432
2026-09-02,,kraków,Spider-Man: Całkiem nowy dzień,Kraków - Zakopianka,17:15,2D,original,regular,2026-09-02T12:38:22.385442
2026-09-02,,kraków,Gorzkie święta,Kraków - Zakopianka,18:10,2D,original,regular,2026-09-02T12:38:22.385451
2026-09-02,,kraków,Katy Perry: The Lifetimes Tour - Live From Paris,Kraków - Zakopianka,18:30,2D,,regular,2026-09-02T12:38:22.385459
2026-09-02,,kraków,Terminator 2: Dzień sądu 35. Rocznica,Kraków - Zakopianka,18:30,2D,original,regular,2026-09-02T12:38:22.385469
2026-09-02,,kraków,Harry Potter i Kamień Filozoficzny - 25. rocznica,Kraków - Zakopianka,18:40,2D,,regular,2026-09-02T12:38:22.385480
2026-09-02,,kraków,Spider-Man: Całkiem nowy dzień,Kraków - Zakopianka,18:45,2D,original,regular,2026-09-02T12:38:22.385489
2026-09-02,,kraków,Katy Perry: The Lifetimes Tour - Live From Paris,Kraków - Zakopianka,19:00,IMAX,,regular,2026-09-02T12:38:22.385496
2026-09-02,,kraków,Sunny Dancer,Kraków - Zakopianka,19:10,2D,original,regular,2026-09-02T12:38:22.385505
2026-09-02,,kraków,Gwiazdozbiór psa,Kraków - Zakopianka,19:50,2D,original,regular,2026-09-02T12:38:22.385515
2026-09-02,,kraków,Odyseja,Kraków - Zakopianka,20:00,2D,original,regular,2026-09-02T12:38:22.385524
2026-09-02,,kraków,Spider-Man: Całkiem nowy dzień,Kraków - Zakopianka,20:20,2D,original,regular,2026-09-02T12:38:22.385533
2026-09-02,,kraków,Naznaczony: Wyjście z mrocznego wymiaru,Kraków - Zakopianka,20:45,2D,original,regular,2026-09-02T12:38:22.385542
2026-09-02,,kraków,Tylko jedna noc,Kraków - Zakopianka,21:30,2D,original,regular,2026-09-02T12:38:22.385551
2026-09-02,,kraków,Koniec ulicy Dębowej,Kraków - Zakopianka,21:30,2D,original,regular,2026-09-02T12:38:22.385561
2026-09-02,,kraków,Wrong Girls,Kraków - Zakopianka,21:40,2D,original,regular,2026-09-02T12:38:22.385570
2026-09-02,,kraków,Naznaczony: Wyjście z mrocznego wymiaru,Kraków - Zakopianka,21:50,2D,original,regular,2026-09-02T12:38:22.385580
2026-09-02,,kraków,Gwiazdozbiór psa,Kraków - Zakopianka,21:50,IMAX,original,regular,2026-09-02T12:38:22.385586
2026-09-02,,kraków,Buntownik,Kraków - Zakopianka,22:00,2D,original,regular,2026-09-02T12:38:22.385620
2026-09-02,,lublin,Psi patrol i dinozaury,Lublin - Felicity,14:30,2D,,regular,2026-09-02T12:38:23.640063
2026-09-02,,lublin,Wszyscy moi wrogowie,Lublin - Felicity,14:40,2D,original,regular,2026-09-02T12:38:23.640089
2026-09-02,,lublin,Spider-Man: Całkiem nowy dzień,Lublin - Felicity,14:50,2D,original,regular,2026-09-02T12:38:23.640104
2026-09-02,,lublin,Księga pustyni,Lublin - Felicity,15:30,2D,,regular,2026-09-02T12:38:23.640114
2026-09-02,,lublin,Bogaci i martwi,Lublin - Felicity,15:50,2D,original,regular,2026-09-02T12:38:23.640125
2026-09-02,,lublin,Buntownik,Lublin - Felicity,16:10,2D,original,regular,2026-09-02T12:38:23.640135
2026-09-02,,lublin,Gwiazdozbiór psa,Lublin - Felicity,16:20,2D,original,regular,2026-09-02T12:38:23.640144
2026-09-02,,lublin,Koniec ulicy Dębowej,Lublin - Felicity,16:40,2D,original,regular,2026-09-02T12:38:23.640155
2026-09-02,,lublin,Terminator 2: Dzień sądu 35. Rocznica,Lublin - Felicity,16:50,4DX,original,regular,2026-09-02T12:38:23.640164
2026-09-02,,lublin,Minionki i straszydła,Lublin - Felicity,17:30,2D,,regular,2026-09-02T12:38:23.640174
2026-09-02,,lublin,Harry Potter i Kamień Filozoficzny - 25. rocznica,Lublin - Felicity,17:30,2D,,regular,2026-09-02T12:38:23.640184
2026-09-02,,lublin,Gorzkie święta,Lublin - Felicity,17:40,2D,original,regular,2026-09-02T12:38:23.640193
2026-09-02,,lublin,Spider-Man: Całkiem nowy dzień,Lublin - Felicity,18:00,2D,original,regular,2026-09-02T12:38:23.640203
2026-09-02,,lublin,Nie patrz w dół 2,Lublin - Felicity,18:20,2D,original,regular,2026-09-02T12:38:23.640213
2026-09-02,,lublin,Terminator 2: Dzień sądu 35. Rocznica,Lublin - Felicity,18:30,2D,original,regular,2026-09-02T12:38:23.640223
2026-09-02,,lublin,Gwiazdozbiór psa,Lublin - Felicity,19:00,2D,original,regular,2026-09-02T12:38:23.640232
2026-09-02,,lublin,Sunny Dancer,Lublin - Felicity,19:10,2D,original,regular,2026-09-02T12:38:23.640242
2026-09-02,,lublin,Tylko jedna noc,Lublin - Felicity,19:40,2D,original,regular,2026-09-02T12:38:23.640250
2026-09-02,,lublin,Gwiazdozbiór psa,Lublin - Felicity,19:50,4DX,original,regular,2026-09-02T12:38:23.640257
2026-09-02,,lublin,Gorzkie święta,Lublin - Felicity,20:10,2D,original,regular,2026-09-02T12:38:23.640266
2026-09-02,,lublin,Naznaczony: Wyjście z mrocznego wymiaru,Lublin - Felicity,20:50,2D,original,regular,2026-09-02T12:38:23.640277
2026-09-02,,lublin,Odyseja,Lublin - Felicity,21:00,2D,original,regular,2026-09-02T12:38:23.640287
2026-09-02,,lublin,Spider-Man: Całkiem nowy dzień,Lublin - Felicity,21:10,2D,original,regular,2026-09-02T12:38:23.640296
2026-09-02,,lublin,Buntownik,Lublin - Felicity,21:30,2D,original,regular,2026-09-02T12:38:23.640305
2026-09-02,,lublin,Gwiazdozbiór psa,Lublin - Felicity,21:40,2D,original,regular,2026-09-02T12:38:23.640313
2026-09-02,,lublin,Koniec ulicy Dębowej,Lublin - Felicity,21:40,2D,original,regular,2026-09-02T12:38:23.640323
2026-09-02,,lublin,Ice Cream Man,Lublin - Felicity,22:00,2D,original,regular,2026-09-02T12:38:23.640332
2026-09-02,,lublin,Pucio kocha zwierzaki,Lublin - Plaza,15:00,2D,,regular,2026-09-02T12:38:25.263817
2026-09-02,,lublin,Bogaci i martwi,Lublin - Plaza,15:00,2D,original,regular,2026-09-02T12:38:25.263843
2026-09-02,,lublin,Tylko jedna noc,Lublin - Plaza,15:20,2D,original,regular,2026-09-02T12:38:25.263854
2026-09-02,,lublin,Gwiazdozbiór psa,Lublin - Plaza,15:40,2D,original,regular,2026-09-02T12:38:25.263866
2026-09-02,,lublin,Psi patrol i dinozaury,Lublin - Plaza,15:50,2D,,regular,2026-09-02T12:38:25.263875
2026-09-02,,lublin,Minionki i straszydła,Lublin - Plaza,16:10,2D,,regular,2026-09-02T12:38:25.263885
2026-09-02,,lublin,Wrong Girls,Lublin - Plaza,16:30,2D,original,regular,2026-09-02T12:38:25.263894
2026-09-02,,lublin,Spider-Man: Całkiem nowy dzień,Lublin - Plaza,17:00,2D,original,regular,2026-09-02T12:38:25.263905
2026-09-02,,lublin,Psi patrol i dinozaury,Lublin - Plaza,17:40,2D,,regular,2026-09-02T12:38:25.263913
2026-09-02,,lublin,Buntownik,Lublin - Plaza,17:50,2D,original,regular,2026-09-02T12:38:25.263922
2026-09-02,,lublin,Harry Potter i Kamień Filozoficzny - 25. rocznica,Lublin - Plaza,18:00,2D,,regular,2026-09-02T12:38:25.263934
2026-09-02,,lublin,Naznaczony: Wyjście z mrocznego wymiaru,Lublin - Plaza,18:10,2D,original,regular,2026-09-02T12:38:25.263945
2026-09-02,,lublin,Sunny Dancer,Lublin - Plaza,18:20,2D,original,regular,2026-09-02T12:38:25.263955
2026-09-02,,lublin,Gwiazdozbiór psa,Lublin - Plaza,18:20,2D,original,regular,2026-09-02T12:38:25.263963
2026-09-02,,lublin,Terminator 2: Dzień sądu 35. Rocznica,Lublin - Plaza,19:00,2D,original,regular,2026-09-02T12:38:25.263973
2026-09-02,,lublin,Odyseja,Lublin - Plaza,20:00,2D,original,regular,2026-09-02T12:38:25.263983
2026-09-02,,lublin,Spider-Man: Całkiem nowy dzień,Lublin - Plaza,20:10,2D,original,regular,2026-09-02T12:38:25.263992
2026-09-02,,lublin,Gwiazdozbiór psa ukraiński dubbing,Lublin - Plaza,20:20,2D,dubbing,regular,2026-09-02T12:38:25.264001
2026-09-02,,lublin,Nie patrz w dół 2,Lublin - Plaza,20:40,2D,original,regular,2026-09-02T12:38:25.264010
2026-09-02,,lublin,Gorzkie święta,Lublin - Plaza,20:50,2D,original,regular,2026-09-02T12:38:25.264020
2026-09-02,,lublin,Gwiazdozbiór psa,Lublin - Plaza,21:00,2D,original,regular,2026-09-02T12:38:25.264029
2026-09-02,,lublin,Koniec ulicy Dębowej,Lublin - Plaza,21:30,2D,original,regular,2026-09-02T12:38:25.264040
2026-09-02,,lublin,Naznaczony: Wyjście z mrocznego wymiaru,Lublin - Plaza,22:00,2D,original,regular,2026-09-02T12:38:25.264050
2026-09-02,,łódź,Naznaczony: Wyjście z mrocznego wymiaru,Łódź Manufaktura,14:30,2D,original,regular,2026-09-02T12:38:27.014028
2026-09-02,,łódź,Pucio kocha zwierzaki,Łódź Manufaktura,15:00,2D,,regular,2026-09-02T12:38:27.014065
2026-09-02,,łódź,Spider-Man: Całkiem nowy dzień,Łódź Manufaktura,15:00,2D,original,regular,2026-09-02T12:38:27.014084
2026-09-02,,łódź,Księga pustyni,Łódź Manufaktura,15:10,2D,,regular,2026-09-02T12:38:27.014100
2026-09-02,,łódź,Gwiazdozbiór psa,Łódź Manufaktura,15:20,2D,original,regular,2026-09-02T12:38:27.014116
2026-09-02,,łódź,Vaiana,Łódź Manufaktura,15:20,2D,original,regular,2026-09-02T12:38:27.014132
2026-09-02,,łódź,Terminator 2: Dzień sądu 35. Rocznica,Łódź Manufaktura,15:40,2D,original,regular,2026-09-02T12:38:27.014150
2026-09-02,,łódź,Psi patrol i dinozaury,Łódź Manufaktura,15:45,2D,,regular,2026-09-02T12:38:27.014160
2026-09-02,,łódź,Toy Story 5,Łódź Manufaktura,16:10,2D,original,regular,2026-09-02T12:38:27.014173
2026-09-02,,łódź,Gwiazdozbiór psa,Łódź Manufaktura,16:10,IMAX,original,regular,2026-09-02T12:38:27.014180
2026-09-02,,łódź,Minionki i straszydła,Łódź Manufaktura,16:20,2D,,regular,2026-09-02T12:38:27.014190
2026-09-02,,łódź,Koniec ulicy Dębowej,Łódź Manufaktura,16:30,2D,original,regular,2026-09-02T12:38:27.014214
2026-09-02,,łódź,Gwiazdozbiór psa,Łódź Manufaktura,16:40,2D,original,regular,2026-09-02T12:38:27.014224
2026-09-02,,łódź,Terminator 2: Dzień sądu 35. Rocznica,Łódź Manufaktura,16:50,4DX,original,regular,2026-09-02T12:38:27.014232
2026-09-02,,łódź,Spider-Man: Całkiem nowy dzień,Łódź Manufaktura,16:50,2D,original,regular,2026-09-02T12:38:27.014242
2026-09-02,,łódź,Gwiazdozbiór psa,Łódź Manufaktura,17:00,2D,original,regular,2026-09-02T12:38:27.014251
2026-09-02,,łódź,Spider-Man: Całkiem nowy dzień,Łódź Manufaktura,17:30,3D,original,regular,2026-09-02T12:38:27.014260
2026-09-02,,łódź,Harry Potter i Kamień Filozoficzny - 25. rocznica,Łódź Manufaktura,17:30,2D,,regular,2026-09-02T12:38:27.014271
2026-09-02,,łódź,Gwiazdozbiór psa,Łódź Manufaktura,18:00,2D,original,regular,2026-09-02T12:38:27.014280
2026-09-02,,łódź,Naznaczony: Wyjście z mrocznego wymiaru,Łódź Manufaktura,18:00,2D,original,regular,2026-09-02T12:38:27.014291
2026-09-02,,łódź,Nie patrz w dół 2,Łódź Manufaktura,18:00,2D,original,regular,2026-09-02T12:38:27.014301
2026-09-02,,łódź,Spider-Man: Całkiem nowy dzień,Łódź Manufaktura,18:10,2D,original,regular,2026-09-02T12:38:27.014311
2026-09-02,,łódź,Gorzkie święta,Łódź Manufaktura,18:20,2D,original,regular,2026-09-02T12:38:27.014321
2026-09-02,,łódź,Katy Perry: The Lifetimes Tour - Live From Paris,Łódź Manufaktura,18:30,2D,,regular,2026-09-02T12:38:27.014330
2026-09-02,,łódź,Terminator 2: Dzień sądu 35. Rocznica,Łódź Manufaktura,18:40,2D,original,regular,2026-09-02T12:38:27.014339
2026-09-02,,łódź,Katy Perry: The Lifetimes Tour - Live From Paris,Łódź Manufaktura,19:00,IMAX,,regular,2026-09-02T12:38:27.014345
2026-09-02,,łódź,Koniec ulicy Dębowej,Łódź Manufaktura,19:10,2D,original,regular,2026-09-02T12:38:27.014355
2026-09-02,,łódź,Gwiazdozbiór psa ukraiński dubbing,Łódź Manufaktura,19:30,2D,dubbing,regular,2026-09-02T12:38:27.014365
2026-09-02,,łódź,Naznaczony: Wyjście z mrocznego wymiaru,Łódź Manufaktura,19:45,2D,original,regular,2026-09-02T12:38:27.014375
2026-09-02,,łódź,Gwiazdozbiór psa,Łódź Manufaktura,19:50,4DX,original,regular,2026-09-02T12:38:27.014383
2026-09-02,,łódź,Spider-Man: Całkiem nowy dzień,Łódź Manufaktura,20:00,2D,original,regular,2026-09-02T12:38:27.014392
2026-09-02,,łódź,Odyseja,Łódź Manufaktura,20:20,2D,original,regular,2026-09-02T12:38:27.014402
2026-09-02,,łódź,Sunny Dancer,Łódź Manufaktura,20:30,2D,original,regular,2026-09-02T12:38:27.014413
2026-09-02,,łódź,Naznaczony: Wyjście z mrocznego wymiaru,Łódź Manufaktura,20:30,2D,original,regular,2026-09-02T12:38:27.014433
2026-09-02,,łódź,Gwiazdozbiór psa,Łódź Manufaktura,20:40,2D,original,regular,2026-09-02T12:38:27.014449
2026-09-02,,łódź,Gorzkie święta,Łódź Manufaktura,20:50,2D,original,regular,2026-09-02T12:38:27.014465
2026-09-02,,łódź,Buntownik,Łódź Manufaktura,20:50,2D,original,regular,2026-09-02T12:38:27.014482
2026-09-02,,łódź,Spider-Man: Całkiem nowy dzień,Łódź Manufaktura,21:30,2D,original,regular,2026-09-02T12:38:27.014491
2026-09-02,,łódź,Naznaczony: Wyjście z mrocznego wymiaru,Łódź Manufaktura,21:30,2D,original,regular,2026-09-02T12:38:27.014502
2026-09-02,,łódź,Odyseja,Łódź Manufaktura,21:40,2D,original,regular,2026-09-02T12:38:27.014516
2026-09-02,,łódź,Wszyscy moi wrogowie,Łódź Manufaktura,21:40,2D,original,regular,2026-09-02T12:38:27.014534
2026-09-02,,łódź,Gwiazdozbiór psa,Łódź Manufaktura,22:00,IMAX,original,regular,2026-09-02T12:38:27.014547
2026-09-02,,łódź,Naznaczony: Wyjście z mrocznego wymiaru,Łódź Manufaktura,22:10,2D,original,regular,2026-09-02T12:38:27.014562
2026-09-02,,łódź,Tylko jedna noc,Łódź Manufaktura,22:10,2D,original,regular,2026-09-02T12:38:27.014571
2026-09-02,,łódź,Naznaczony: Wyjście z mrocznego wymiaru,Łódź Manufaktura,22:30,4DX,original,regular,2026-09-02T12:38:27.014580
2026-09-02,,poznań,Gwiazdozbiór psa,Poznań - Kinepolis,14:30,2D,original,regular,2026-09-02T12:38:28.563333
2026-09-02,,poznań,Księga pustyni,Poznań - Kinepolis,14:30,2D,,regular,2026-09-02T12:38:28.563360
2026-09-02,,poznań,Vaiana,Poznań - Kinepolis,14:50,2D,original,regular,2026-09-02T12:38:28.563373
2026-09-02,,poznań,Pucio kocha zwierzaki,Poznań - Kinepolis,15:00,2D,,regular,2026-09-02T12:38:28.563385
2026-09-02,,poznań,Toy Story 5,Poznań - Kinepolis,15:30,2D,original,regular,2026-09-02T12:38:28.563396
2026-09-02,,poznań,Psi patrol i dinozaury,Poznań - Kinepolis,15:40,2D,,regular,2026-09-02T12:38:28.563406
2026-09-02,,poznań,Gorzkie święta,Poznań - Kinepolis,15:40,2D,original,regular,2026-09-02T12:38:28.563417
2026-09-02,,poznań,Gwiazdozbiór psa,Poznań - Kinepolis,15:50,2D,original,regular,2026-09-02T12:38:28.563427
2026-09-02,,poznań,Minionki i straszydła,Poznań - Kinepolis,15:50,2D,,regular,2026-09-02T12:38:28.563437
2026-09-02,,poznań,Spider-Man: Całkiem nowy dzień,Poznań - Kinepolis,15:50,2D,original,regular,2026-09-02T12:38:28.563449
2026-09-02,,poznań,Naznaczony: Wyjście z mrocznego wymiaru,Poznań - Kinepolis,16:00,2D,original,regular,2026-09-02T12:38:28.563460
2026-09-02,,poznań,Terminator 2: Dzień sądu 35. Rocznica,Poznań - Kinepolis,16:00,2D,original,regular,2026-09-02T12:38:28.563471
2026-09-02,,poznań,Bogaci i martwi,Poznań - Kinepolis,16:00,2D,original,regular,2026-09-02T12:38:28.563481
2026-09-02,,poznań,Sunny Dancer,Poznań - Kinepolis,16:10,2D,original,regular,2026-09-02T12:38:28.563492
2026-09-02,,poznań,Odyseja,Poznań - Kinepolis,16:15,2D,original,regular,2026-09-02T12:38:28.563502
2026-09-02,,poznań,Harry Potter i Kamień Filozoficzny - 25. rocznica,Poznań - Kinepolis,16:30,2D,,regular,2026-09-02T12:38:28.563513
2026-09-02,,poznań,Księga pustyni,Poznań - Kinepolis,16:40,2D,,regular,2026-09-02T12:38:28.563523
2026-09-02,,poznań,Harry Potter i Kamień Filozoficzny - 25. rocznica,Poznań - Kinepolis,17:00,2D,,regular,2026-09-02T12:38:28.563533
2026-09-02,,poznań,Buntownik,Poznań - Kinepolis,17:00,2D,original,regular,2026-09-02T12:38:28.563543
2026-09-02,,poznań,Gwiazdozbiór psa,Poznań - Kinepolis,17:10,2D,original,regular,2026-09-02T12:38:28.563552
2026-09-02,,poznań,Odzyskany,Poznań - Kinepolis,17:30,2D,original,regular,2026-09-02T12:38:28.563562
2026-09-02,,poznań,Odyseja,Poznań - Kinepolis,17:40,2D,original,regular,2026-09-02T12:38:28.563571
2026-09-02,,poznań,Psi patrol i dinozaury,Poznań - Kinepolis,17:50,2D,,regular,2026-09-02T12:38:28.563580
2026-09-02,,poznań,Spider-Man: Całkiem nowy dzień,Poznań - Kinepolis,18:00,2D,original,regular,2026-09-02T12:38:28.563603
2026-09-02,,poznań,Odyseja,Poznań - Kinepolis,18:00,2D,original,regular,2026-09-02T12:38:28.563613
2026-09-02,,poznań,Gorzkie święta,Poznań - Kinepolis,18:10,2D,original,regular,2026-09-02T12:38:28.563621
2026-09-02,,poznań,Tylko jedna noc,Poznań - Kinepolis,18:20,2D,original,regular,2026-09-02T12:38:28.563631
2026-09-02,,poznań,Gwiazdozbiór psa,Poznań - Kinepolis,18:30,2D,original,regular,2026-09-02T12:38:28.563640
2026-09-02,,poznań,Naznaczony: Wyjście z mrocznego wymiaru,Poznań - Kinepolis,18:30,2D,original,regular,2026-09-02T12:38:28.563650
2026-09-02,,poznań,Sunny Dancer,Poznań - Kinepolis,18:40,2D,original,regular,2026-09-02T12:38:28.563660
2026-09-02,,poznań,Koniec ulicy Dębowej,Poznań - Kinepolis,19:00,2D,original,regular,2026-09-02T12:38:28.563670
2026-09-02,,poznań,Spider-Man: Całkiem nowy dzień,Poznań - Kinepolis,19:00,2D,original,regular,2026-09-02T12:38:28.563680
2026-09-02,,poznań,Terminator 2: Dzień sądu 35. Rocznica,Poznań - Kinepolis,19:00,2D,original,regular,2026-09-02T12:38:28.563690
2026-09-02,,poznań,Buntownik,Poznań - Kinepolis,19:20,2D,original,regular,2026-09-02T12:38:28.563698
2026-09-02,,poznań,Odyseja,Poznań - Kinepolis,19:40,2D,original,regular,2026-09-02T12:38:28.563707
2026-09-02,,poznań,Gwiazdozbiór psa,Poznań - Kinepolis,19:50,2D,original,regular,2026-09-02T12:38:28.563716
2026-09-02,,poznań,Odyseja,Poznań - Kinepolis,20:00,2D,original,regular,2026-09-02T12:38:28.563726
2026-09-02,,poznań,Spider-Man: Całkiem nowy dzień,Poznań - Kinepolis,20:00,2D,original,regular,2026-09-02T12:38:28.563735
2026-09-02,,poznań,Nie patrz w dół 2,Poznań - Kinepolis,20:00,2D,original,regular,2026-09-02T12:38:28.563745
2026-09-02,,poznań,Terminator 2: Dzień sądu 35. Rocznica,Poznań - Kinepolis,20:30,2D,original,regular,2026-09-02T12:38:28.563756
2026-09-02,,poznań,Gorzkie święta,Poznań - Kinepolis,20:40,2D,original,regular,2026-09-02T12:38:28.563764
2026-09-02,,poznań,Tylko jedna noc,Poznań - Kinepolis,20:50,2D,original,regular,2026-09-02T12:38:28.563772
2026-09-02,,poznań,Naznaczony: Wyjście z mrocznego wymiaru,Poznań - Kinepolis,21:00,2D,original,regular,2026-09-02T12:38:28.563782
2026-09-02,,poznań,Gwiazdozbiór psa,Poznań - Kinepolis,21:10,2D,original,regular,2026-09-02T12:38:28.563792
2026-09-02,,poznań,Spider-Man: Całkiem nowy dzień,Poznań - Kinepolis,21:10,2D,original,regular,2026-09-02T12:38:28.563801
2026-09-02,,poznań,Wrong Girls,Poznań - Kinepolis,21:10,2D,original,regular,2026-09-02T12:38:28.563810
2026-09-02,,poznań,Odyseja,Poznań - Kinepolis,21:20,2D,original,regular,2026-09-02T12:38:28.563820
2026-09-02,,poznań,Obsesja,Poznań - Kinepolis,21:30,2D,original,regular,2026-09-02T12:38:28.563829
2026-09-02,,poznań,Odyseja,Poznań - Kinepolis,21:30,2D,original,regular,2026-09-02T12:38:28.563838
2026-09-02,,poznań,Zaproszenie,Poznań - Kinepolis,21:30,2D,original,regular,2026-09-02T12:38:28.563847
2026-09-02,,poznań,Buntownik,Poznań - Kinepolis,22:00,2D,original,regular,2026-09-02T12:38:28.563857
2026-09-02,,poznań,Pucio kocha zwierzaki,Poznań - Plaza,14:30,2D,,regular,2026-09-02T12:38:30.319936
2026-09-02,,poznań,Gwiazdozbiór psa,Poznań - Plaza,14:30,2D,original,regular,2026-09-02T12:38:30.319966
2026-09-02,,poznań,Księga pustyni,Poznań - Plaza,15:10,2D,,regular,2026-09-02T12:38:30.319979
2026-09-02,,poznań,Psi patrol i dinozaury,Poznań - Plaza,15:20,2D,,regular,2026-09-02T12:38:30.319989
2026-09-02,,poznań,Spider-Man: Całkiem nowy dzień,Poznań - Plaza,15:20,2D,original,regular,2026-09-02T12:38:30.320001
2026-09-02,,poznań,Buntownik,Poznań - Plaza,15:50,2D,original,regular,2026-09-02T12:38:30.320011
2026-09-02,,poznań,Gorzkie święta,Poznań - Plaza,16:00,2D,original,regular,2026-09-02T12:38:30.320022
2026-09-02,,poznań,Gwiazdozbiór psa,Poznań - Plaza,16:20,IMAX,original,regular,2026-09-02T12:38:30.320029
2026-09-02,,poznań,Harry Potter i Kamień Filozoficzny - 25. rocznica,Poznań - Plaza,16:40,2D,,regular,2026-09-02T12:38:30.320040
2026-09-02,,poznań,Tylko jedna noc,Poznań - Plaza,16:40,2D,original,regular,2026-09-02T12:38:30.320050
2026-09-02,,poznań,Gwiazdozbiór psa,Poznań - Plaza,17:10,2D,original,regular,2026-09-02T12:38:30.320059
2026-09-02,,poznań,Psi patrol i dinozaury,Poznań - Plaza,17:30,2D,,regular,2026-09-02T12:38:30.320068
2026-09-02,,poznań,Sunny Dancer,Poznań - Plaza,17:30,2D,original,regular,2026-09-02T12:38:30.320078
2026-09-02,,poznań,Odyseja,Poznań - Plaza,18:00,2D,original,regular,2026-09-02T12:38:30.320088
2026-09-02,,poznań,Tylko jedna noc,Poznań - Plaza,18:10,2D,original,regular,2026-09-02T12:38:30.320097
2026-09-02,,poznań,Katy Perry: The Lifetimes Tour - Live From Paris,Poznań - Plaza,18:30,2D,,regular,2026-09-02T12:38:30.320105
2026-09-02,,poznań,Terminator 2: Dzień sądu 35. Rocznica,Poznań - Plaza,18:30,2D,original,regular,2026-09-02T12:38:30.320117
2026-09-02,,poznań,Katy Perry: The Lifetimes Tour - Live From Paris,Poznań - Plaza,19:00,IMAX,,regular,2026-09-02T12:38:30.320123
2026-09-02,,poznań,Gorzkie święta,Poznań - Plaza,19:30,2D,original,regular,2026-09-02T12:38:30.320132
2026-09-02,,poznań,Spider-Man: Całkiem nowy dzień,Poznań - Plaza,19:40,2D,original,regular,2026-09-02T12:38:30.320141
2026-09-02,,poznań,Gwiazdozbiór psa,Poznań - Plaza,19:50,2D,original,regular,2026-09-02T12:38:30.320150
2026-09-02,,poznań,Naznaczony: Wyjście z mrocznego wymiaru,Poznań - Plaza,20:00,2D,original,regular,2026-09-02T12:38:30.320162
2026-09-02,,poznań,Odyseja,Poznań - Plaza,20:10,2D,original,regular,2026-09-02T12:38:30.320171
2026-09-02,,poznań,Buntownik,Poznań - Plaza,20:30,2D,original,regular,2026-09-02T12:38:30.320180
2026-09-02,,poznań,Gwiazdozbiór psa ukraiński dubbing,Poznań - Plaza,21:20,2D,dubbing,regular,2026-09-02T12:38:30.320189
2026-09-02,,poznań,Spider-Man: Całkiem nowy dzień,Poznań - Plaza,21:30,2D,original,regular,2026-09-02T12:38:30.320199
2026-09-02,,poznań,Odyseja,Poznań - Plaza,21:40,2D,original,regular,2026-09-02T12:38:30.320208
2026-09-02,,poznań,Gwiazdozbiór psa,Poznań - Plaza,22:00,IMAX,original,regular,2026-09-02T12:38:30.320216
2026-09-02,,poznań,Wrong Girls,Poznań - Plaza,22:10,2D,original,regular,2026-09-02T12:38:30.320225
2026-09-02,,poznań,Gwiazdozbiór psa,Poznań - Plaza,22:30,2D,original,regular,2026-09-02T12:38:30.320235
2026-09-02,,poznań,Naznaczony: Wyjście z mrocznego wymiaru,Poznań - Plaza,22:30,2D,original,regular,2026-09-02T12:38:30.320245
2026-09-02,,ruda-śląska,Minionki i straszydła,Ruda Śląska,15:00,2D,,regular,2026-09-02T12:38:31.384399
2026-09-02,,ruda-śląska,Wrong Girls,Ruda Śląska,15:30,2D,original,regular,2026-09-02T12:38:31.384425
2026-09-02,,ruda-śląska,Psi patrol i dinozaury,Ruda Śląska,15:40,2D,,regular,2026-09-02T12:38:31.384436
2026-09-02,,ruda-śląska,Spider-Man: Całkiem nowy dzień,Ruda Śląska,15:40,2D,original,regular,2026-09-02T12:38:31.384448
2026-09-02,,ruda-śląska,Odyseja,Ruda Śląska,16:00,2D,original,regular,2026-09-02T12:38:31.384457
2026-09-02,,ruda-śląska,Vivaldi i ja,Ruda Śląska,16:20,2D,original,regular,2026-09-02T12:38:31.384468
2026-09-02,,ruda-śląska,Gwiazdozbiór psa,Ruda Śląska,16:50,2D,original,regular,2026-09-02T12:38:31.384478
2026-09-02,,ruda-śląska,Księga pustyni,Ruda Śląska,16:50,2D,,regular,2026-09-02T12:38:31.384488
2026-09-02,,ruda-śląska,Koniec ulicy Dębowej,Ruda Śląska,17:10,2D,original,regular,2026-09-02T12:38:31.384498
2026-09-02,,ruda-śląska,Psi patrol i dinozaury,Ruda Śląska,17:50,2D,,regular,2026-09-02T12:38:31.384507
2026-09-02,,ruda-śląska,Naznaczony: Wyjście z mrocznego wymiaru,Ruda Śląska,18:00,2D,original,regular,2026-09-02T12:38:31.384518
2026-09-02,,ruda-śląska,Sunny Dancer,Ruda Śląska,18:50,2D,original,regular,2026-09-02T12:38:31.384527
2026-09-02,,ruda-śląska,Harry Potter i Kamień Filozoficzny - 25. rocznica,Ruda Śląska,19:00,2D,,regular,2026-09-02T12:38:31.384538
2026-09-02,,ruda-śląska,Terminator 2: Dzień sądu 35. Rocznica,Ruda Śląska,19:00,2D,original,regular,2026-09-02T12:38:31.384548
2026-09-02,,ruda-śląska,Gwiazdozbiór psa,Ruda Śląska,19:30,2D,original,regular,2026-09-02T12:38:31.384557
2026-09-02,,ruda-śląska,Buntownik,Ruda Śląska,19:40,2D,original,regular,2026-09-02T12:38:31.384566
2026-09-02,,ruda-śląska,Gorzkie święta,Ruda Śląska,19:50,2D,original,regular,2026-09-02T12:38:31.384576
2026-09-02,,ruda-śląska,Spider-Man: Całkiem nowy dzień,Ruda Śląska,20:00,2D,original,regular,2026-09-02T12:38:31.384585
2026-09-02,,ruda-śląska,Naznaczony: Wyjście z mrocznego wymiaru,Ruda Śląska,20:40,2D,original,regular,2026-09-02T12:38:31.384634
2026-09-02,,rybnik,Bogaci i martwi,Rybnik,14:45,2D,original,regular,2026-09-02T12:38:32.936893
2026-09-02,,rybnik,Pucio kocha zwierzaki,Rybnik,15:30,2D,,regular,2026-09-02T12:38:32.936920
2026-09-02,,rybnik,Koniec ulicy Dębowej,Rybnik,15:30,2D,original,regular,2026-09-02T12:38:32.936935
2026-09-02,,rybnik,Odyseja,Rybnik,16:00,2D,original,regular,2026-09-02T12:38:32.936947
2026-09-02,,rybnik,Gwiazdozbiór psa,Rybnik,16:20,2D,original,regular,2026-09-02T12:38:32.936959
2026-09-02,,rybnik,Psi patrol i dinozaury,Rybnik,16:30,2D,,regular,2026-09-02T12:38:32.936968
2026-09-02,,rybnik,Minionki i straszydła,Rybnik,16:50,2D,,regular,2026-09-02T12:38:32.936977
2026-09-02,,rybnik,Spider-Man: Całkiem nowy dzień,Rybnik,16:50,2D,original,regular,2026-09-02T12:38:32.936987
2026-09-02,,rybnik,Sunny Dancer,Rybnik,17:00,2D,original,regular,2026-09-02T12:38:32.936997
2026-09-02,,rybnik,Księga pustyni,Rybnik,17:10,2D,,regular,2026-09-02T12:38:32.937006
2026-09-02,,rybnik,Nie patrz w dół 2,Rybnik,18:10,2D,original,regular,2026-09-02T12:38:32.937016
2026-09-02,,rybnik,Buntownik,Rybnik,18:50,2D,original,regular,2026-09-02T12:38:32.937025
2026-09-02,,rybnik,Harry Potter i Kamień Filozoficzny - 25. rocznica,Rybnik,19:00,2D,,regular,2026-09-02T12:38:32.937036
2026-09-02,,rybnik,Gwiazdozbiór psa,Rybnik,19:00,2D,original,regular,2026-09-02T12:38:32.937045
2026-09-02,,rybnik,Naznaczony: Wyjście z mrocznego wymiaru,Rybnik,19:20,2D,original,regular,2026-09-02T12:38:32.937057
2026-09-02,,rybnik,Terminator 2: Dzień sądu 35. Rocznica,Rybnik,19:30,2D,original,regular,2026-09-02T12:38:32.937067
2026-09-02,,rybnik,Odyseja,Rybnik,19:40,2D,original,regular,2026-09-02T12:38:32.937076
2026-09-02,,rybnik,Spider-Man: Całkiem nowy dzień,Rybnik,20:00,2D,original,regular,2026-09-02T12:38:32.937085
2026-09-02,,rybnik,Gorzkie święta,Rybnik,20:30,2D,original,regular,2026-09-02T12:38:32.937094
2026-09-02,,rybnik,Spider-Man: Całkiem nowy dzień,Rybnik,21:10,2D,original,regular,2026-09-02T12:38:32.937103
2026-09-02,,rybnik,Gwiazdozbiór psa,Rybnik,21:40,2D,original,regular,2026-09-02T12:38:32.937112
2026-09-02,,rybnik,Naznaczony: Wyjście z mrocznego wymiaru,Rybnik,21:50,2D,original,regular,2026-09-02T12:38:32.937121
2026-09-02,,sosnowiec,Księga pustyni,Sosnowiec,14:40,2D,,regular,2026-09-02T12:38:34.515256
2026-09-02,,sosnowiec,Koniec ulicy Dębowej,Sosnowiec,14:45,2D,original,regular,2026-09-02T12:38:34.515284
2026-09-02,,sosnowiec,Gwiazdozbiór psa,Sosnowiec,16:20,2D,original,regular,2026-09-02T12:38:34.515297
2026-09-02,,sosnowiec,Psi patrol i dinozaury,Sosnowiec,16:40,2D,,regular,2026-09-02T12:38:34.515307
2026-09-02,,sosnowiec,Spider-Man: Całkiem nowy dzień,Sosnowiec,16:50,2D,original,regular,2026-09-02T12:38:34.515318
2026-09-02,,sosnowiec,Harry Potter i Kamień Filozoficzny - 25. rocznica,Sosnowiec,17:00,2D,,regular,2026-09-02T12:38:34.515330
2026-09-02,,sosnowiec,Naznaczony: Wyjście z mrocznego wymiaru,Sosnowiec,17:00,2D,original,regular,2026-09-02T12:38:34.515341
2026-09-02,,sosnowiec,Koniec ulicy Dębowej,Sosnowiec,17:25,2D,original,regular,2026-09-02T12:38:34.515351
2026-09-02,,sosnowiec,Buntownik,Sosnowiec,18:45,2D,original,regular,2026-09-02T12:38:34.515361
2026-09-02,,sosnowiec,Gwiazdozbiór psa,Sosnowiec,19:00,2D,original,regular,2026-09-02T12:38:34.515370
2026-09-02,,sosnowiec,Naznaczony: Wyjście z mrocznego wymiaru,Sosnowiec,19:30,2D,original,regular,2026-09-02T12:38:34.515379
2026-09-02,,sosnowiec,Nie patrz w dół 2,Sosnowiec,19:50,2D,original,regular,2026-09-02T12:38:34.515389
2026-09-02,,sosnowiec,Spider-Man: Całkiem nowy dzień,Sosnowiec,20:00,2D,original,regular,2026-09-02T12:38:34.515398
2026-09-02,,sosnowiec,Terminator 2: Dzień sądu 35. Rocznica,Sosnowiec,20:30,2D,original,regular,2026-09-02T12:38:34.515408
2026-09-02,,sosnowiec,Buntownik,Sosnowiec,21:00,2D,original,regular,2026-09-02T12:38:34.515417
2026-09-02,,sosnowiec,Gwiazdozbiór psa,Sosnowiec,21:40,2D,original,regular,2026-09-02T12:38:34.515425
2026-09-02,,sosnowiec,Naznaczony: Wyjście z mrocznego wymiaru,Sosnowiec,22:00,2D,original,regular,2026-09-02T12:38:34.515434
2026-09-02,,sosnowiec,Bogaci i martwi,Sosnowiec,22:00,2D,original,regular,2026-09-02T12:38:34.515444
2026-09-02,,gdańsk,Odyseja,Starogard Gdański,14:30,2D,original,regular,2026-09-02T12:38:36.126955
2026-09-02,,gdańsk,Pucio kocha zwierzaki,Starogard Gdański,14:40,2D,,regular,2026-09-02T12:38:36.126983
2026-09-02,,gdańsk,Spider-Man: Całkiem nowy dzień,Starogard Gdański,14:50,2D,original,regular,2026-09-02T12:38:36.126998
2026-09-02,,gdańsk,Naznaczony: Wyjście z mrocznego wymiaru,Starogard Gdański,15:00,2D,original,regular,2026-09-02T12:38:36.127011
2026-09-02,,gdańsk,Spider-Man: Całkiem nowy dzień,Starogard Gdański,16:10,2D,original,regular,2026-09-02T12:38:36.127021
2026-09-02,,gdańsk,Psi patrol i dinozaury,Starogard Gdański,16:30,2D,,regular,2026-09-02T12:38:36.127032
2026-09-02,,gdańsk,Gwiazdozbiór psa,Starogard Gdański,16:40,2D,original,regular,2026-09-02T12:38:36.127042
2026-09-02,,gdańsk,Spider-Man: Całkiem nowy dzień,Starogard Gdański,17:30,2D,original,regular,2026-09-02T12:38:36.127051
2026-09-02,,gdańsk,Harry Potter i Kamień Filozoficzny - 25. rocznica,Starogard Gdański,18:00,2D,,regular,2026-09-02T12:38:36.127062
2026-09-02,,gdańsk,Buntownik,Starogard Gdański,18:10,2D,original,regular,2026-09-02T12:38:36.127072
2026-09-02,,gdańsk,Nie patrz w dół 2,Starogard Gdański,18:40,2D,original,regular,2026-09-02T12:38:36.127082
2026-09-02,,gdańsk,Gwiazdozbiór psa,Starogard Gdański,19:15,2D,original,regular,2026-09-02T12:38:36.127090
2026-09-02,,gdańsk,Spider-Man: Całkiem nowy dzień,Starogard Gdański,19:20,2D,original,regular,2026-09-02T12:38:36.127099
2026-09-02,,gdańsk,Naznaczony: Wyjście z mrocznego wymiaru,Starogard Gdański,20:30,2D,original,regular,2026-09-02T12:38:36.127109
2026-09-02,,gdańsk,Spider-Man: Całkiem nowy dzień,Starogard Gdański,20:40,2D,original,regular,2026-09-02T12:38:36.127118
2026-09-02,,gdańsk,Bogaci i martwi,Starogard Gdański,21:00,2D,original,regular,2026-09-02T12:38:36.127129
2026-09-02,,gdańsk,Terminator 2: Dzień sądu 35. Rocznica,Starogard Gdański,21:20,2D,original,regular,2026-09-02T12:38:36.127139
2026-09-02,,gdańsk,Gwiazdozbiór psa,Starogard Gdański,21:50,2D,original,regular,2026-09-02T12:38:36.127149
2026-09-02,,toruń,Gwiazdozbiór psa,Toruń - Czerwona Droga,14:30,2D,original,regular,2026-09-02T12:38:37.191919
2026-09-02,,toruń,Buntownik,Toruń - Czerwona Droga,15:00,2D,original,regular,2026-09-02T12:38:37.191947
2026-09-02,,toruń,Sunny Dancer,Toruń - Czerwona Droga,15:15,2D,original,regular,2026-09-02T12:38:37.191958
2026-09-02,,toruń,Pucio kocha zwierzaki,Toruń - Czerwona Droga,15:30,2D,,regular,2026-09-02T12:38:37.191969
2026-09-02,,toruń,Naznaczony: Wyjście z mrocznego wymiaru,Toruń - Czerwona Droga,15:30,2D,original,regular,2026-09-02T12:38:37.191982
2026-09-02,,toruń,Księga pustyni,Toruń - Czerwona Droga,15:50,2D,,regular,2026-09-02T12:38:37.191992
2026-09-02,,toruń,Psi patrol i dinozaury,Toruń - Czerwona Droga,15:50,2D,,regular,2026-09-02T12:38:37.192001
2026-09-02,,toruń,Terminator 2: Dzień sądu 35. Rocznica,Toruń - Czerwona Droga,16:00,2D,original,regular,2026-09-02T12:38:37.192013
2026-09-02,,toruń,Spider-Man: Całkiem nowy dzień,Toruń - Czerwona Droga,16:00,2D,original,regular,2026-09-02T12:38:37.192023
2026-09-02,,toruń,Odyseja,Toruń - Czerwona Droga,16:10,2D,original,regular,2026-09-02T12:38:37.192033
2026-09-02,,toruń,Harry Potter i Kamień Filozoficzny - 25. rocznica,Toruń - Czerwona Droga,16:30,2D,,regular,2026-09-02T12:38:37.192044
2026-09-02,,toruń,Pucio kocha zwierzaki,Toruń - Czerwona Droga,17:00,2D,,regular,2026-09-02T12:38:37.192053
2026-09-02,,toruń,Gwiazdozbiór psa,Toruń - Czerwona Droga,17:10,2D,original,regular,2026-09-02T12:38:37.192063
2026-09-02,,toruń,Spider-Man: Całkiem nowy dzień,Toruń - Czerwona Droga,17:15,2D,original,regular,2026-09-02T12:38:37.192072
2026-09-02,,toruń,Psi patrol i dinozaury,Toruń - Czerwona Droga,17:20,2D,,regular,2026-09-02T12:38:37.192080
2026-09-02,,toruń,Koniec ulicy Dębowej,Toruń - Czerwona Droga,17:40,2D,original,regular,2026-09-02T12:38:37.192091
2026-09-02,,toruń,Gorzkie święta,Toruń - Czerwona Droga,18:00,2D,original,regular,2026-09-02T12:38:37.192101
2026-09-02,,toruń,Spider-Man: Całkiem nowy dzień,Toruń - Czerwona Droga,18:00,2D,original,regular,2026-09-02T12:38:37.192110
2026-09-02,,toruń,Wrong Girls,Toruń - Czerwona Droga,18:10,2D,original,regular,2026-09-02T12:38:37.192119
2026-09-02,,toruń,Katy Perry: The Lifetimes Tour - Live From Paris,Toruń - Czerwona Droga,18:30,2D,,regular,2026-09-02T12:38:37.192127
2026-09-02,,toruń,Terminator 2: Dzień sądu 35. Rocznica,Toruń - Czerwona Droga,19:00,2D,original,regular,2026-09-02T12:38:37.192137
2026-09-02,,toruń,Spider-Man: Całkiem nowy dzień,Toruń - Czerwona Droga,19:10,2D,original,regular,2026-09-02T12:38:37.192146
2026-09-02,,toruń,Buntownik,Toruń - Czerwona Droga,19:30,2D,original,regular,2026-09-02T12:38:37.192155
2026-09-02,,toruń,Odyseja,Toruń - Czerwona Droga,19:45,2D,original,regular,2026-09-02T12:38:37.192164
2026-09-02,,toruń,Gwiazdozbiór psa,Toruń - Czerwona Droga,19:50,2D,original,regular,2026-09-02T12:38:37.192173
2026-09-02,,toruń,Naznaczony: Wyjście z mrocznego wymiaru,Toruń - Czerwona Droga,20:00,2D,original,regular,2026-09-02T12:38:37.192182
2026-09-02,,toruń,Sunny Dancer,Toruń - Czerwona Droga,20:10,2D,original,regular,2026-09-02T12:38:37.192191
2026-09-02,,toruń,Nie patrz w dół 2,Toruń - Czerwona Droga,20:20,2D,original,regular,2026-09-02T12:38:37.192201
2026-09-02,,toruń,Bogaci i martwi,Toruń - Czerwona Droga,20:30,2D,original,regular,2026-09-02T12:38:37.192212
2026-09-02,,toruń,Gorzkie święta,Toruń - Czerwona Droga,20:40,2D,original,regular,2026-09-02T12:38:37.192221
2026-09-02,,toruń,Spider-Man: Całkiem nowy dzień,Toruń - Czerwona Droga,21:10,2D,original,regular,2026-09-02T12:38:37.192231
2026-09-02,,toruń,Obsesja,Toruń - Czerwona Droga,21:30,2D,original,regular,2026-09-02T12:38:37.192240
2026-09-02,,toruń,Buntownik,Toruń - Czerwona Droga,21:45,2D,original,regular,2026-09-02T12:38:37.192249
2026-09-02,,toruń,Naznaczony: Wyjście z mrocznego wymiaru,Toruń - Czerwona Droga,22:00,2D,original,regular,2026-09-02T12:38:37.192258
2026-09-02,,toruń,Odyseja,Toruń - Plaza,14:30,2D,original,regular,2026-09-02T12:38:38.900200
2026-09-02,,toruń,Minionki i straszydła,Toruń - Plaza,14:50,2D,,regular,2026-09-02T12:38:38.900230
2026-09-02,,toruń,Spider-Man: Całkiem nowy dzień,Toruń - Plaza,15:00,2D,original,regular,2026-09-02T12:38:38.900244
2026-09-02,,toruń,Psi patrol i dinozaury,Toruń - Plaza,15:20,2D,,regular,2026-09-02T12:38:38.900254
2026-09-02,,toruń,Koniec ulicy Dębowej,Toruń - Plaza,15:45,2D,original,regular,2026-09-02T12:38:38.900265
2026-09-02,,toruń,Naznaczony: Wyjście z mrocznego wymiaru,Toruń - Plaza,16:00,2D,original,regular,2026-09-02T12:38:38.900277
2026-09-02,,toruń,Gwiazdozbiór psa,Toruń - Plaza,16:15,2D,original,regular,2026-09-02T12:38:38.900287
2026-09-02,,toruń,Spider-Man: Całkiem nowy dzień,Toruń - Plaza,16:30,2D,original,regular,2026-09-02T12:38:38.900297
2026-09-02,,toruń,Harry Potter i Kamień Filozoficzny - 25. rocznica,Toruń - Plaza,17:00,2D,,regular,2026-09-02T12:38:38.900308
2026-09-02,,toruń,Psi patrol i dinozaury,Toruń - Plaza,17:30,2D,,regular,2026-09-02T12:38:38.900316
2026-09-02,,toruń,Sunny Dancer,Toruń - Plaza,18:00,2D,original,regular,2026-09-02T12:38:38.900326
2026-09-02,,toruń,Spider-Man: Całkiem nowy dzień,Toruń - Plaza,18:00,2D,original,regular,2026-09-02T12:38:38.900335
2026-09-02,,toruń,Gorzkie święta,Toruń - Plaza,18:20,2D,original,regular,2026-09-02T12:38:38.900345
2026-09-02,,toruń,Nie patrz w dół 2,Toruń - Plaza,18:30,2D,original,regular,2026-09-02T12:38:38.900354
2026-09-02,,toruń,Gwiazdozbiór psa,Toruń - Plaza,18:50,2D,original,regular,2026-09-02T12:38:38.900363
2026-09-02,,toruń,Terminator 2: Dzień sądu 35. Rocznica,Toruń - Plaza,19:35,2D,original,regular,2026-09-02T12:38:38.900373
2026-09-02,,toruń,Spider-Man: Całkiem nowy dzień,Toruń - Plaza,19:45,2D,original,regular,2026-09-02T12:38:38.900382
2026-09-02,,toruń,Naznaczony: Wyjście z mrocznego wymiaru,Toruń - Plaza,20:20,2D,original,regular,2026-09-02T12:38:38.900391
2026-09-02,,toruń,Odyseja,Toruń - Plaza,20:30,2D,original,regular,2026-09-02T12:38:38.900400
2026-09-02,,toruń,Buntownik,Toruń - Plaza,20:50,2D,original,regular,2026-09-02T12:38:38.900410
2026-09-02,,toruń,Spider-Man: Całkiem nowy dzień,Toruń - Plaza,21:00,2D,original,regular,2026-09-02T12:38:38.900419
2026-09-02,,toruń,Wrong Girls,Toruń - Plaza,21:00,2D,original,regular,2026-09-02T12:38:38.900428
2026-09-02,,toruń,Gwiazdozbiór psa,Toruń - Plaza,21:30,2D,original,regular,2026-09-02T12:38:38.900436
2026-09-02,,wałbrzych,Spider-Man: Całkiem nowy dzień,Wałbrzych,14:50,2D,original,regular,2026-09-02T12:38:40.480822
2026-09-02,,wałbrzych,Księga pustyni,Wałbrzych,15:10,2D,,regular,2026-09-02T12:38:40.480849
2026-09-02,,wałbrzych,Buntownik,Wałbrzych,15:30,2D,original,regular,2026-09-02T12:38:40.480861
2026-09-02,,wałbrzych,Koniec ulicy Dębowej,Wałbrzych,15:45,2D,original,regular,2026-09-02T12:38:40.480873
2026-09-02,,wałbrzych,Gwiazdozbiór psa,Wałbrzych,16:20,2D,original,regular,2026-09-02T12:38:40.480883
2026-09-02,,wałbrzych,Spider-Man: Całkiem nowy dzień,Wałbrzych,16:50,2D,original,regular,2026-09-02T12:38:40.480893
2026-09-02,,wałbrzych,Harry Potter i Kamień Filozoficzny - 25. rocznica,Wałbrzych,17:20,2D,,regular,2026-09-02T12:38:40.480903
2026-09-02,,wałbrzych,Gorzkie święta,Wałbrzych,17:40,2D,original,regular,2026-09-02T12:38:40.480913
2026-09-02,,wałbrzych,Nie patrz w dół 2,Wałbrzych,17:50,2D,original,regular,2026-09-02T12:38:40.480923
2026-09-02,,wałbrzych,Spider-Man: Całkiem nowy dzień,Wałbrzych,18:00,2D,original,regular,2026-09-02T12:38:40.480932
2026-09-02,,wałbrzych,Naznaczony: Wyjście z mrocznego wymiaru,Wałbrzych,18:10,2D,original,regular,2026-09-02T12:38:40.480944
2026-09-02,,wałbrzych,Gwiazdozbiór psa,Wałbrzych,19:00,2D,original,regular,2026-09-02T12:38:40.480953
2026-09-02,,wałbrzych,Spider-Man: Całkiem nowy dzień,Wałbrzych,20:00,2D,original,regular,2026-09-02T12:38:40.480962
2026-09-02,,wałbrzych,Buntownik,Wałbrzych,20:10,2D,original,regular,2026-09-02T12:38:40.480971
2026-09-02,,wałbrzych,Odyseja,Wałbrzych,20:20,2D,original,regular,2026-09-02T12:38:40.480981
2026-09-02,,wałbrzych,Naznaczony: Wyjście z mrocznego wymiaru,Wałbrzych,20:40,2D,original,regular,2026-09-02T12:38:40.480990
2026-09-02,,wałbrzych,Terminator 2: Dzień sądu 35. Rocznica,Wałbrzych,20:45,2D,original,regular,2026-09-02T12:38:40.481000
2026-09-02,,wałbrzych,Spider-Man: Całkiem nowy dzień,Wałbrzych,21:10,2D,original,regular,2026-09-02T12:38:40.481009
2026-09-02,,wałbrzych,Gwiazdozbiór psa,Wałbrzych,21:40,2D,original,regular,2026-09-02T12:38:40.481018
2026-09-02,,warszawa,Gwiazdozbiór psa,Warszawa -  Arkadia,14:40,2D,original,regular,2026-09-02T12:38:41.642677
2026-09-02,,warszawa,Spider-Man: Całkiem nowy dzień,Warszawa -  Arkadia,14:50,2D,original,regular,2026-09-02T12:38:41.642706
2026-09-02,,warszawa,Księga pustyni,Warszawa -  Arkadia,14:50,2D,,regular,2026-09-02T12:38:41.642719
2026-09-02,,warszawa,Buntownik,Warszawa -  Arkadia,15:00,2D,original,regular,2026-09-02T12:38:41.642729
2026-09-02,,warszawa,Psi patrol i dinozaury,Warszawa -  Arkadia,15:20,2D,,regular,2026-09-02T12:38:41.642739
2026-09-02,,warszawa,Sunny Dancer,Warszawa -  Arkadia,15:30,2D,original,regular,2026-09-02T12:38:41.642749
2026-09-02,,warszawa,Terminator 2: Dzień sądu 35. Rocznica,Warszawa -  Arkadia,15:30,2D,original,regular,2026-09-02T12:38:41.642761
2026-09-02,,warszawa,Pucio kocha zwierzaki,Warszawa -  Arkadia,15:40,2D,,regular,2026-09-02T12:38:41.642770
2026-09-02,,warszawa,Spider-Man: Całkiem nowy dzień,Warszawa -  Arkadia,15:40,2D,original,regular,2026-09-02T12:38:41.642780
2026-09-02,,warszawa,Wrong Girls,Warszawa -  Arkadia,15:50,2D,original,regular,2026-09-02T12:38:41.642789
2026-09-02,,warszawa,Gwiazdozbiór psa,Warszawa -  Arkadia,16:20,2D,original,regular,2026-09-02T12:38:41.642800
2026-09-02,,warszawa,Spider-Man: Całkiem nowy dzień,Warszawa -  Arkadia,16:40,3D,original,regular,2026-09-02T12:38:41.642809
2026-09-02,,warszawa,Terminator 2: Dzień sądu 35. Rocznica,Warszawa -  Arkadia,16:50,4DX,original,regular,2026-09-02T12:38:41.642818
2026-09-02,,warszawa,Naznaczony: Wyjście z mrocznego wymiaru,Warszawa -  Arkadia,17:00,2D,original,regular,2026-09-02T12:38:41.642830
2026-09-02,,warszawa,Bogaci i martwi,Warszawa -  Arkadia,17:10,2D,original,regular,2026-09-02T12:38:41.642841
2026-09-02,,warszawa,Gorzkie święta,Warszawa -  Arkadia,17:20,2D,original,regular,2026-09-02T12:38:41.642850
2026-09-02,,warszawa,Odyseja,Warszawa -  Arkadia,17:20,2D,original,regular,2026-09-02T12:38:41.642860
2026-09-02,,warszawa,Sunny Dancer,Warszawa -  Arkadia,17:20,2D,original,regular,2026-09-02T12:38:41.642870
2026-09-02,,warszawa,Harry Potter i Kamień Filozoficzny - 25. rocznica,Warszawa -  Arkadia,17:30,2D,,regular,2026-09-02T12:38:41.642881
2026-09-02,,warszawa,Buntownik,Warszawa -  Arkadia,17:30,2D,original,regular,2026-09-02T12:38:41.642890
2026-09-02,,warszawa,Tylko jedna noc,Warszawa -  Arkadia,18:00,2D,original,regular,2026-09-02T12:38:41.642898
2026-09-02,,warszawa,Spider-Man: Całkiem nowy dzień,Warszawa -  Arkadia,18:00,2D,original,regular,2026-09-02T12:38:41.642907
2026-09-02,,warszawa,Wrong Girls,Warszawa -  Arkadia,18:20,2D,original,regular,2026-09-02T12:38:41.642916
2026-09-02,,warszawa,Terminator 2: Dzień sądu 35. Rocznica,Warszawa -  Arkadia,18:30,2D,original,regular,2026-09-02T12:38:41.642925
2026-09-02,,warszawa,Spider-Man: Całkiem nowy dzień,Warszawa -  Arkadia,18:50,2D,original,regular,2026-09-02T12:38:41.642934
2026-09-02,,warszawa,Gwiazdozbiór psa,Warszawa -  Arkadia,19:00,2D,original,regular,2026-09-02T12:38:41.642944
2026-09-02,,warszawa,Naznaczony: Wyjście z mrocznego wymiaru,Warszawa -  Arkadia,19:30,2D,original,regular,2026-09-02T12:38:41.642954
2026-09-02,,warszawa,Koniec ulicy Dębowej,Warszawa -  Arkadia,19:40,2D,original,regular,2026-09-02T12:38:41.642965
2026-09-02,,warszawa,Nie patrz w dół 2,Warszawa -  Arkadia,19:50,2D,original,regular,2026-09-02T12:38:41.642975
2026-09-02,,warszawa,Gwiazdozbiór psa,Warszawa -  Arkadia,19:50,4DX,original,regular,2026-09-02T12:38:41.642982
2026-09-02,,warszawa,Sunny Dancer,Warszawa -  Arkadia,19:50,2D,original,regular,2026-09-02T12:38:41.642991
2026-09-02,,warszawa,Buntownik,Warszawa -  Arkadia,19:50,2D,original,regular,2026-09-02T12:38:41.643000
2026-09-02,,warszawa,Gorzkie święta,Warszawa -  Arkadia,20:00,2D,original,regular,2026-09-02T12:38:41.643009
2026-09-02,,warszawa,Tylko jedna noc,Warszawa -  Arkadia,20:30,2D,original,regular,2026-09-02T12:38:41.643018
2026-09-02,,warszawa,Wszyscy moi wrogowie,Warszawa -  Arkadia,20:40,2D,original,regular,2026-09-02T12:38:41.643027
2026-09-02,,warszawa,Spider-Man: Całkiem nowy dzień,Warszawa -  Arkadia,20:50,2D,original,regular,2026-09-02T12:38:41.643036
2026-09-02,,warszawa,Gwiazdozbiór psa ukraiński dubbing,Warszawa -  Arkadia,21:00,2D,dubbing,regular,2026-09-02T12:38:41.643045
2026-09-02,,warszawa,Odyseja,Warszawa -  Arkadia,21:10,2D,original,regular,2026-09-02T12:38:41.643054
2026-09-02,,warszawa,Terminator 2: Dzień sądu 35. Rocznica,Warszawa -  Arkadia,21:30,2D,original,regular,2026-09-02T12:38:41.643063
2026-09-02,,warszawa,Gwiazdozbiór psa,Warszawa -  Arkadia,21:40,2D,original,regular,2026-09-02T12:38:41.643072
2026-09-02,,warszawa,Naznaczony: Wyjście z mrocznego wymiaru,Warszawa -  Arkadia,22:00,2D,original,regular,2026-09-02T12:38:41.643082
2026-09-02,,warszawa,Spider-Man: Całkiem nowy dzień,Warszawa -  Arkadia,22:00,2D,original,regular,2026-09-02T12:38:41.643091
2026-09-02,,warszawa,Naznaczony: Wyjście z mrocznego wymiaru ukraiński dubbing,Warszawa -  Arkadia,22:10,2D,dubbing,regular,2026-09-02T12:38:41.643100
2026-09-02,,warszawa,Buntownik,Warszawa -  Arkadia,22:10,2D,original,regular,2026-09-02T12:38:41.643109
2026-09-02,,warszawa,Koniec ulicy Dębowej,Warszawa -  Arkadia,22:10,2D,original,regular,2026-09-02T12:38:41.643118
2026-09-02,,warszawa,Obsesja,Warszawa -  Arkadia,22:20,2D,original,regular,2026-09-02T12:38:41.643127
2026-09-02,,warszawa,Gorzkie święta,Warszawa -  Arkadia,22:30,2D,original,regular,2026-09-02T12:38:41.643135
2026-09-02,,warszawa,Naznaczony: Wyjście z mrocznego wymiaru,Warszawa -  Arkadia,22:30,4DX,original,regular,2026-09-02T12:38:41.643143
2026-09-02,,warszawa,Psi patrol i dinozaury,Warszawa - Bemowo,15:00,2D,,regular,2026-09-02T12:38:43.025469
2026-09-02,,warszawa,Pucio kocha zwierzaki,Warszawa - Bemowo,15:10,2D,,regular,2026-09-02T12:38:43.025495
2026-09-02,,warszawa,Spider-Man: Całkiem nowy dzień,Warszawa - Bemowo,15:15,2D,original,regular,2026-09-02T12:38:43.025509
2026-09-02,,warszawa,Księga pustyni,Warszawa - Bemowo,15:20,2D,,regular,2026-09-02T12:38:43.025520
2026-09-02,,warszawa,Zaproszenie,Warszawa - Bemowo,15:45,2D,original,regular,2026-09-02T12:38:43.025529
2026-09-02,,warszawa,Odyseja,Warszawa - Bemowo,16:00,2D,original,regular,2026-09-02T12:38:43.025540
2026-09-02,,warszawa,Gwiazdozbiór psa,Warszawa - Bemowo,16:20,2D,original,regular,2026-09-02T12:38:43.025550
2026-09-02,,warszawa,Minionki i straszydła,Warszawa - Bemowo,16:30,2D,,regular,2026-09-02T12:38:43.025560
2026-09-02,,warszawa,Gorzkie święta,Warszawa - Bemowo,16:40,2D,original,regular,2026-09-02T12:38:43.025569
2026-09-02,,warszawa,Spider-Man: Całkiem nowy dzień,Warszawa - Bemowo,16:40,2D,original,regular,2026-09-02T12:38:43.025578
2026-09-02,,warszawa,Bogaci i martwi,Warszawa - Bemowo,16:50,2D,original,regular,2026-09-02T12:38:43.025614
2026-09-02,,warszawa,Harry Potter i Kamień Filozoficzny - 25. rocznica,Warszawa - Bemowo,17:00,2D,,regular,2026-09-02T12:38:43.025630
2026-09-02,,warszawa,Psi patrol i dinozaury,Warszawa - Bemowo,17:10,2D,,regular,2026-09-02T12:38:43.025638
2026-09-02,,warszawa,Naznaczony: Wyjście z mrocznego wymiaru,Warszawa - Bemowo,17:30,2D,original,regular,2026-09-02T12:38:43.025649
2026-09-02,,warszawa,Wrong Girls,Warszawa - Bemowo,18:10,2D,original,regular,2026-09-02T12:38:43.025658
2026-09-02,,warszawa,Spider-Man: Całkiem nowy dzień,Warszawa - Bemowo,18:20,2D,original,regular,2026-09-02T12:38:43.025667
2026-09-02,,warszawa,Nie patrz w dół 2,Warszawa - Bemowo,18:40,2D,original,regular,2026-09-02T12:38:43.025677
2026-09-02,,warszawa,Gwiazdozbiór psa,Warszawa - Bemowo,19:00,2D,original,regular,2026-09-02T12:38:43.025687
2026-09-02,,warszawa,Gorzkie święta,Warszawa - Bemowo,19:10,2D,original,regular,2026-09-02T12:38:43.025695
2026-09-02,,warszawa,Koniec ulicy Dębowej,Warszawa - Bemowo,19:15,2D,original,regular,2026-09-02T12:38:43.025706
2026-09-02,,warszawa,Sunny Dancer,Warszawa - Bemowo,19:20,2D,original,regular,2026-09-02T12:38:43.025715
2026-09-02,,warszawa,Terminator 2: Dzień sądu 35. Rocznica,Warszawa - Bemowo,19:30,2D,original,regular,2026-09-02T12:38:43.025727
2026-09-02,,warszawa,Odyseja,Warszawa - Bemowo,19:50,2D,original,regular,2026-09-02T12:38:43.025736
2026-09-02,,warszawa,Naznaczony: Wyjście z mrocznego wymiaru,Warszawa - Bemowo,20:00,2D,original,regular,2026-09-02T12:38:43.025746
2026-09-02,,warszawa,Spider-Man: Całkiem nowy dzień,Warszawa - Bemowo,20:20,2D,original,regular,2026-09-02T12:38:43.025755
2026-09-02,,warszawa,Buntownik,Warszawa - Bemowo,20:30,2D,original,regular,2026-09-02T12:38:43.025764
2026-09-02,,warszawa,Wszyscy moi wrogowie,Warszawa - Bemowo,21:00,2D,original,regular,2026-09-02T12:38:43.025773
2026-09-02,,warszawa,Spider-Man: Całkiem nowy dzień,Warszawa - Bemowo,21:30,2D,original,regular,2026-09-02T12:38:43.025782
2026-09-02,,warszawa,Obsesja,Warszawa - Bemowo,21:40,2D,original,regular,2026-09-02T12:38:43.025791
2026-09-02,,warszawa,Gwiazdozbiór psa,Warszawa - Bemowo,21:40,2D,original,regular,2026-09-02T12:38:43.025800
2026-09-02,,warszawa,Koniec ulicy Dębowej,Warszawa - Bemowo,21:45,2D,original,regular,2026-09-02T12:38:43.025810
2026-09-02,,warszawa,Tylko jedna noc,Warszawa - Bemowo,21:50,2D,original,regular,2026-09-02T12:38:43.025818
2026-09-02,,warszawa,Naznaczony: Wyjście z mrocznego wymiaru,Warszawa - Białołęka Galeria Północna,14:30,2D,original,regular,2026-09-02T12:38:44.529798
2026-09-02,,warszawa,Buntownik,Warszawa - Białołęka Galeria Północna,14:50,2D,original,regular,2026-09-02T12:38:44.529824
2026-09-02,,warszawa,Odyseja,Warszawa - Białołęka Galeria Północna,14:50,2D,original,regular,2026-09-02T12:38:44.529836
2026-09-02,,warszawa,Gorzkie święta,Warszawa - Białołęka Galeria Północna,15:00,2D,original,regular,2026-09-02T12:38:44.529847
2026-09-02,,warszawa,Pucio kocha zwierzaki,Warszawa - Białołęka Galeria Północna,15:20,2D,,regular,2026-09-02T12:38:44.529858
2026-09-02,,warszawa,Minionki i straszydła,Warszawa - Białołęka Galeria Północna,15:40,2D,,regular,2026-09-02T12:38:44.529868
2026-09-02,,warszawa,Odyseja,Warszawa - Białołęka Galeria Północna,15:50,2D,original,regular,2026-09-02T12:38:44.529877
2026-09-02,,warszawa,Księga pustyni,Warszawa - Białołęka Galeria Północna,15:50,2D,,regular,2026-09-02T12:38:44.529886
2026-09-02,,warszawa,Spider-Man: Całkiem nowy dzień,Warszawa - Białołęka Galeria Północna,16:15,2D,original,regular,2026-09-02T12:38:44.529896
2026-09-02,,warszawa,Gwiazdozbiór psa,Warszawa - Białołęka Galeria Północna,16:20,Dolby Atmos,original,regular,2026-09-02T12:38:44.529908
2026-09-02,,warszawa,Psi patrol i dinozaury,Warszawa - Białołęka Galeria Północna,16:30,2D,,regular,2026-09-02T12:38:44.529917
2026-09-02,,warszawa,Pucio kocha zwierzaki,Warszawa - Białołęka Galeria Północna,16:50,2D,,regular,2026-09-02T12:38:44.529925
2026-09-02,,warszawa,Harry Potter i Kamień Filozoficzny - 25. rocznica,Warszawa - Białołęka Galeria Północna,17:00,2D,,regular,2026-09-02T12:38:44.529937
2026-09-02,,warszawa,Bogaci i martwi,Warszawa - Białołęka Galeria Północna,17:10,2D,original,regular,2026-09-02T12:38:44.529947
2026-09-02,,warszawa,Tylko jedna noc,Warszawa - Białołęka Galeria Północna,17:30,2D,original,regular,2026-09-02T12:38:44.529956
2026-09-02,,warszawa,Nie patrz w dół 2,Warszawa - Białołęka Galeria Północna,17:50,2D,original,regular,2026-09-02T12:38:44.529966
2026-09-02,,warszawa,Wrong Girls,Warszawa - Białołęka Galeria Północna,18:10,2D,original,regular,2026-09-02T12:38:44.529975
2026-09-02,,warszawa,Wszyscy moi wrogowie,Warszawa - Białołęka Galeria Północna,18:20,2D,original,regular,2026-09-02T12:38:44.529985
2026-09-02,,warszawa,Odyseja,Warszawa - Białołęka Galeria Północna,18:30,2D,original,regular,2026-09-02T12:38:44.529994
2026-09-02,,warszawa,Sunny Dancer,Warszawa - Białołęka Galeria Północna,18:50,2D,original,regular,2026-09-02T12:38:44.530004
2026-09-02,,warszawa,Gwiazdozbiór psa,Warszawa - Białołęka Galeria Północna,19:00,Dolby Atmos,original,regular,2026-09-02T12:38:44.530015
2026-09-02,,warszawa,Spider-Man: Całkiem nowy dzień,Warszawa - Białołęka Galeria Północna,19:20,2D,original,regular,2026-09-02T12:38:44.530025
2026-09-02,,warszawa,Terminator 2: Dzień sądu 35. Rocznica,Warszawa - Białołęka Galeria Północna,19:30,2D,original,regular,2026-09-02T12:38:44.530034
2026-09-02,,warszawa,Buntownik,Warszawa - Białołęka Galeria Północna,19:30,2D,original,regular,2026-09-02T12:38:44.530043
2026-09-02,,warszawa,Gorzkie święta,Warszawa - Białołęka Galeria Północna,19:50,2D,original,regular,2026-09-02T12:38:44.530052
2026-09-02,,warszawa,Odyseja,Warszawa - Białołęka Galeria Północna,20:10,2D,original,regular,2026-09-02T12:38:44.530061
2026-09-02,,warszawa,Naznaczony: Wyjście z mrocznego wymiaru,Warszawa - Białołęka Galeria Północna,20:20,2D,original,regular,2026-09-02T12:38:44.530072
2026-09-02,,warszawa,Gwiazdozbiór psa ukraiński dubbing,Warszawa - Białołęka Galeria Północna,20:30,2D,dubbing,regular,2026-09-02T12:38:44.530082
2026-09-02,,warszawa,Wszyscy moi wrogowie,Warszawa - Białołęka Galeria Północna,21:20,2D,original,regular,2026-09-02T12:38:44.530090
2026-09-02,,warszawa,Sunny Dancer,Warszawa - Białołęka Galeria Północna,21:20,2D,original,regular,2026-09-02T12:38:44.530099
2026-09-02,,warszawa,Gwiazdozbiór psa,Warszawa - Białołęka Galeria Północna,21:40,Dolby Atmos,original,regular,2026-09-02T12:38:44.530108
2026-09-02,,warszawa,Buntownik,Warszawa - Białołęka Galeria Północna,21:50,2D,original,regular,2026-09-02T12:38:44.530119
2026-09-02,,warszawa,Wrong Girls,Warszawa - Białołęka Galeria Północna,22:00,2D,original,regular,2026-09-02T12:38:44.530128
2026-09-02,,warszawa,Spider-Man: Całkiem nowy dzień,Warszawa - Janki,14:40,2D,original,regular,2026-09-02T12:38:46.280353
2026-09-02,,warszawa,Pucio kocha zwierzaki,Warszawa - Janki,15:00,2D,,regular,2026-09-02T12:38:46.280379
2026-09-02,,warszawa,Naznaczony: Wyjście z mrocznego wymiaru,Warszawa - Janki,15:00,2D,original,regular,2026-09-02T12:38:46.280392
2026-09-02,,warszawa,Psi patrol i dinozaury,Warszawa - Janki,15:20,2D,,regular,2026-09-02T12:38:46.280402
2026-09-02,,warszawa,Spider-Man: Całkiem nowy dzień,Warszawa - Janki,15:30,3D,original,regular,2026-09-02T12:38:46.280411
2026-09-02,,warszawa,Księga pustyni,Warszawa - Janki,15:45,2D,,regular,2026-09-02T12:38:46.280421
2026-09-02,,warszawa,Gwiazdozbiór psa,Warszawa - Janki,16:20,2D,original,regular,2026-09-02T12:38:46.280431
2026-09-02,,warszawa,Nie patrz w dół 2,Warszawa - Janki,16:20,2D,original,regular,2026-09-02T12:38:46.280441
2026-09-02,,warszawa,Pucio kocha zwierzaki,Warszawa - Janki,16:30,2D,,regular,2026-09-02T12:38:46.280450
2026-09-02,,warszawa,Spider-Man: Całkiem nowy dzień,Warszawa - Janki,17:00,2D,original,regular,2026-09-02T12:38:46.280460
2026-09-02,,warszawa,Harry Potter i Kamień Filozoficzny - 25. rocznica,Warszawa - Janki,17:00,2D,,regular,2026-09-02T12:38:46.280471
2026-09-02,,warszawa,Psi patrol i dinozaury,Warszawa - Janki,17:30,2D,,regular,2026-09-02T12:38:46.280479
2026-09-02,,warszawa,Gorzkie święta,Warszawa - Janki,17:30,2D,original,regular,2026-09-02T12:38:46.280489
2026-09-02,,warszawa,Spider-Man: Całkiem nowy dzień,Warszawa - Janki,17:50,2D,original,regular,2026-09-02T12:38:46.280498
2026-09-02,,warszawa,Sunny Dancer,Warszawa - Janki,18:00,2D,original,regular,2026-09-02T12:38:46.280508
2026-09-02,,warszawa,Gwiazdozbiór psa ukraiński dubbing,Warszawa - Janki,18:00,2D,dubbing,regular,2026-09-02T12:38:46.280517
2026-09-02,,warszawa,Spider-Man: Całkiem nowy dzień,Warszawa - Janki,18:40,3D,original,regular,2026-09-02T12:38:46.280525
2026-09-02,,warszawa,Naznaczony: Wyjście z mrocznego wymiaru,Warszawa - Janki,18:40,2D,original,regular,2026-09-02T12:38:46.280534
2026-09-02,,warszawa,Gwiazdozbiór psa,Warszawa - Janki,19:00,2D,original,regular,2026-09-02T12:38:46.280544
2026-09-02,,warszawa,Terminator 2: Dzień sądu 35. Rocznica,Warszawa - Janki,19:40,2D,original,regular,2026-09-02T12:38:46.280554
2026-09-02,,warszawa,Gorzkie święta,Warszawa - Janki,20:00,2D,original,regular,2026-09-02T12:38:46.280562
2026-09-02,,warszawa,Spider-Man: Całkiem nowy dzień,Warszawa - Janki,20:10,2D,original,regular,2026-09-02T12:38:46.280571
2026-09-02,,warszawa,Odyseja,Warszawa - Janki,20:20,2D,original,regular,2026-09-02T12:38:46.280581
2026-09-02,,warszawa,Buntownik,Warszawa - Janki,20:30,2D,original,regular,2026-09-02T12:38:46.280606
2026-09-02,,warszawa,Koniec ulicy Dębowej,Warszawa - Janki,20:40,2D,original,regular,2026-09-02T12:38:46.280617
2026-09-02,,warszawa,Bogaci i martwi,Warszawa - Janki,21:00,2D,original,regular,2026-09-02T12:38:46.280627
2026-09-02,,warszawa,Naznaczony: Wyjście z mrocznego wymiaru,Warszawa - Janki,21:10,2D,original,regular,2026-09-02T12:38:46.280636
2026-09-02,,warszawa,Gwiazdozbiór psa,Warszawa - Janki,21:40,2D,original,regular,2026-09-02T12:38:46.280645
2026-09-02,,warszawa,Tylko jedna noc,Warszawa - Janki,21:50,2D,original,regular,2026-09-02T12:38:46.280654
2026-09-02,,warszawa,Gwiazdozbiór psa,Warszawa - Mokotów,14:30,2D,original,regular,2026-09-02T12:38:48.032214
2026-09-02,,warszawa,Gorzkie święta,Warszawa - Mokotów,14:30,2D,original,regular,2026-09-02T12:38:48.032241
2026-09-02,,warszawa,Psi patrol i dinozaury,Warszawa - Mokotów,15:00,2D,,regular,2026-09-02T12:38:48.032254
2026-09-02,,warszawa,Pucio kocha zwierzaki,Warszawa - Mokotów,15:00,2D,,regular,2026-09-02T12:38:48.032265
2026-09-02,,warszawa,Spider-Man: Całkiem nowy dzień,Warszawa - Mokotów,15:20,3D,original,regular,2026-09-02T12:38:48.032276
2026-09-02,,warszawa,Naznaczony: Wyjście z mrocznego wymiaru,Warszawa - Mokotów,15:30,2D,original,regular,2026-09-02T12:38:48.032289
2026-09-02,,warszawa,Odyseja,Warszawa - Mokotów,15:30,2D,original,regular,2026-09-02T12:38:48.032301
2026-09-02,,warszawa,Minionki i straszydła,Warszawa - Mokotów,16:10,2D,,regular,2026-09-02T12:38:48.032312
2026-09-02,,warszawa,Tylko jedna noc,Warszawa - Mokotów,16:15,2D,original,regular,2026-09-02T12:38:48.032321
2026-09-02,,warszawa,Spider-Man: Całkiem nowy dzień,Warszawa - Mokotów,16:20,2D,original,regular,2026-09-02T12:38:48.032332
2026-09-02,,warszawa,Gwiazdozbiór psa,Warszawa - Mokotów,16:20,ScreenX,original,regular,2026-09-02T12:38:48.032341
2026-09-02,,warszawa,Pucio kocha zwierzaki,Warszawa - Mokotów,16:30,2D,,regular,2026-09-02T12:38:48.032351
2026-09-02,,warszawa,Harry Potter i Kamień Filozoficzny - 25. rocznica,Warszawa - Mokotów,16:40,2D,,regular,2026-09-02T12:38:48.032362
2026-09-02,,warszawa,Gwiazdozbiór psa ukraiński dubbing,Warszawa - Mokotów,16:50,2D,dubbing,regular,2026-09-02T12:38:48.032372
2026-09-02,,warszawa,Buntownik,Warszawa - Mokotów,17:00,2D,original,regular,2026-09-02T12:38:48.032382
2026-09-02,,warszawa,Gwiazdozbiór psa,Warszawa - Mokotów,17:10,2D,original,regular,2026-09-02T12:38:48.032392
2026-09-02,,warszawa,Bogaci i martwi,Warszawa - Mokotów,17:10,2D,original,regular,2026-09-02T12:38:48.032402
2026-09-02,,warszawa,Terminator 2: Dzień sądu 35. Rocznica,Warszawa - Mokotów,17:30,2D,original,regular,2026-09-02T12:38:48.032414
2026-09-02,,warszawa,Naznaczony: Wyjście z mrocznego wymiaru,Warszawa - Mokotów,18:00,2D,original,regular,2026-09-02T12:38:48.032424
2026-09-02,,warszawa,Odyseja,Warszawa - Mokotów,18:00,2D,original,regular,2026-09-02T12:38:48.032434
2026-09-02,,warszawa,Katy Perry: The Lifetimes Tour - Live From Paris,Warszawa - Mokotów,18:30,2D,,regular,2026-09-02T12:38:48.032442
2026-09-02,,warszawa,Spider-Man: Całkiem nowy dzień,Warszawa - Mokotów,18:30,2D,original,regular,2026-09-02T12:38:48.032452
2026-09-02,,warszawa,Nie patrz w dół 2,Warszawa - Mokotów,18:40,2D,original,regular,2026-09-02T12:38:48.032463
2026-09-02,,warszawa,Gwiazdozbiór psa,Warszawa - Mokotów,19:00,ScreenX,original,regular,2026-09-02T12:38:48.032472
2026-09-02,,warszawa,Naznaczony: Wyjście z mrocznego wymiaru,Warszawa - Mokotów,19:10,2D,original,regular,2026-09-02T12:38:48.032482
2026-09-02,,warszawa,Gorzkie święta,Warszawa - Mokotów,19:15,2D,original,regular,2026-09-02T12:38:48.032492
2026-09-02,,warszawa,Koniec ulicy Dębowej,Warszawa - Mokotów,19:30,2D,original,regular,2026-09-02T12:38:48.032503
2026-09-02,,warszawa,Gwiazdozbiór psa,Warszawa - Mokotów,19:30,2D,original,regular,2026-09-02T12:38:48.032513
2026-09-02,,warszawa,Sunny Dancer,Warszawa - Mokotów,19:30,2D,original,regular,2026-09-02T12:38:48.032523
2026-09-02,,warszawa,Gwiazdozbiór psa,Warszawa - Mokotów,19:50,2D,original,regular,2026-09-02T12:38:48.032532
2026-09-02,,warszawa,Spider-Man: Całkiem nowy dzień,Warszawa - Mokotów,20:00,2D,original,regular,2026-09-02T12:38:48.032542
2026-09-02,,warszawa,Naznaczony: Wyjście z mrocznego wymiaru,Warszawa - Mokotów,20:30,2D,original,regular,2026-09-02T12:38:48.032552
2026-09-02,,warszawa,Terminator 2: Dzień sądu 35. Rocznica,Warszawa - Mokotów,20:30,2D,original,regular,2026-09-02T12:38:48.032562
2026-09-02,,warszawa,Wrong Girls,Warszawa - Mokotów,21:00,2D,original,regular,2026-09-02T12:38:48.032571
2026-09-02,,warszawa,Tylko jedna noc,Warszawa - Mokotów,21:20,2D,original,regular,2026-09-02T12:38:48.032580
2026-09-02,,warszawa,Odyseja,Warszawa - Mokotów,21:30,2D,original,regular,2026-09-02T12:38:48.032607
2026-09-02,,warszawa,Spider-Man: Całkiem nowy dzień,Warszawa - Mokotów,21:40,2D,original,regular,2026-09-02T12:38:48.032616
2026-09-02,,warszawa,Gwiazdozbiór psa,Warszawa - Mokotów,21:40,ScreenX,original,regular,2026-09-02T12:38:48.032625
2026-09-02,,warszawa,Naznaczony: Wyjście z mrocznego wymiaru,Warszawa - Mokotów,21:40,2D,original,regular,2026-09-02T12:38:48.032637
2026-09-02,,warszawa,Gorzkie święta,Warszawa - Mokotów,21:45,2D,original,regular,2026-09-02T12:38:48.032646
2026-09-02,,warszawa,Sunny Dancer,Warszawa - Mokotów,21:55,2D,original,regular,2026-09-02T12:38:48.032655
2026-09-02,,warszawa,Koniec ulicy Dębowej,Warszawa - Mokotów,22:00,2D,original,regular,2026-09-02T12:38:48.032665
2026-09-02,,warszawa,Gwiazdozbiór psa,Warszawa - Mokotów,22:10,2D,original,regular,2026-09-02T12:38:48.032675
2026-09-02,,warszawa,Gwiazdozbiór psa,Warszawa - Mokotów,22:30,2D,original,regular,2026-09-02T12:38:48.032683
2026-09-02,,warszawa,Gwiazdozbiór psa,Warszawa - Promenada,14:30,2D,original,regular,2026-09-02T12:38:49.916376
2026-09-02,,warszawa,Odyseja,Warszawa - Promenada,14:40,2D,original,regular,2026-09-02T12:38:49.916404
2026-09-02,,warszawa,Gorzkie święta,Warszawa - Promenada,15:10,2D,original,regular,2026-09-02T12:38:49.916418
2026-09-02,,warszawa,Minionki i straszydła,Warszawa - Promenada,15:10,2D,,regular,2026-09-02T12:38:49.916428
2026-09-02,,warszawa,Pucio kocha zwierzaki,Warszawa - Promenada,15:30,2D,,regular,2026-09-02T12:38:49.916439
2026-09-02,,warszawa,Buntownik,Warszawa - Promenada,15:45,2D,original,regular,2026-09-02T12:38:49.916450
2026-09-02,,warszawa,Spider-Man: Całkiem nowy dzień,Warszawa - Promenada,15:50,2D,original,regular,2026-09-02T12:38:49.916462
2026-09-02,,warszawa,Psi patrol i dinozaury,Warszawa - Promenada,15:50,2D,,regular,2026-09-02T12:38:49.916471
2026-09-02,,warszawa,Księga pustyni,Warszawa - Promenada,16:00,2D,,regular,2026-09-02T12:38:49.916482
2026-09-02,,warszawa,Terminator 2: Dzień sądu 35. Rocznica,Warszawa - Promenada,16:00,2D,original,regular,2026-09-02T12:38:49.916493
2026-09-02,,warszawa,Wrong Girls,Warszawa - Promenada,16:20,2D,original,regular,2026-09-02T12:38:49.916502
2026-09-02,,warszawa,Harry Potter i Kamień Filozoficzny - 25. rocznica,Warszawa - Promenada,16:30,2D,,regular,2026-09-02T12:38:49.916513
2026-09-02,,warszawa,Pucio kocha zwierzaki,Warszawa - Promenada,17:00,2D,,regular,2026-09-02T12:38:49.916523
2026-09-02,,warszawa,Gwiazdozbiór psa,Warszawa - Promenada,17:10,2D,original,regular,2026-09-02T12:38:49.916533
2026-09-02,,warszawa,Sunny Dancer,Warszawa - Promenada,17:20,2D,original,regular,2026-09-02T12:38:49.916542
2026-09-02,,warszawa,Spider-Man: Całkiem nowy dzień,Warszawa - Promenada,17:30,2D,original,regular,2026-09-02T12:38:49.916552
2026-09-02,,warszawa,Gorzkie święta,Warszawa - Promenada,17:40,2D,original,regular,2026-09-02T12:38:49.916562
2026-09-02,,warszawa,Koniec ulicy Dębowej,Warszawa - Promenada,18:00,2D,original,regular,2026-09-02T12:38:49.916573
2026-09-02,,warszawa,Psi patrol i dinozaury,Warszawa - Promenada,18:10,2D,,regular,2026-09-02T12:38:49.916582
2026-09-02,,warszawa,Odyseja,Warszawa - Promenada,18:15,2D,original,regular,2026-09-02T12:38:49.916608
2026-09-02,,warszawa,Gwiazdozbiór psa,Warszawa - Promenada,18:20,2D,original,regular,2026-09-02T12:38:49.916618
2026-09-02,,warszawa,Buntownik,Warszawa - Promenada,18:30,2D,original,regular,2026-09-02T12:38:49.916628
2026-09-02,,warszawa,Naznaczony: Wyjście z mrocznego wymiaru,Warszawa - Promenada,18:40,2D,original,regular,2026-09-02T12:38:49.916640
2026-09-02,,warszawa,Spider-Man: Całkiem nowy dzień,Warszawa - Promenada,19:00,2D,original,regular,2026-09-02T12:38:49.916650
2026-09-02,,warszawa,Terminator 2: Dzień sądu 35. Rocznica,Warszawa - Promenada,19:00,2D,original,regular,2026-09-02T12:38:49.916659
2026-09-02,,warszawa,Sunny Dancer,Warszawa - Promenada,19:45,2D,original,regular,2026-09-02T12:38:49.916668
2026-09-02,,warszawa,Gwiazdozbiór psa,Warszawa - Promenada,19:50,2D,original,regular,2026-09-02T12:38:49.916677
2026-09-02,,warszawa,Spider-Man: Całkiem nowy dzień,Warszawa - Promenada,20:00,2D,original,regular,2026-09-02T12:38:49.916687
2026-09-02,,warszawa,Gorzkie święta,Warszawa - Promenada,20:10,2D,original,regular,2026-09-02T12:38:49.916696
2026-09-02,,warszawa,Nie patrz w dół 2,Warszawa - Promenada,20:20,2D,original,regular,2026-09-02T12:38:49.916707
2026-09-02,,warszawa,Koniec ulicy Dębowej,Warszawa - Promenada,20:30,2D,original,regular,2026-09-02T12:38:49.916717
2026-09-02,,warszawa,Odyseja,Warszawa - Promenada,20:40,2D,original,regular,2026-09-02T12:38:49.916727
2026-09-02,,warszawa,Bogaci i martwi,Warszawa - Promenada,20:45,2D,original,regular,2026-09-02T12:38:49.916737
2026-09-02,,warszawa,Gwiazdozbiór psa,Warszawa - Promenada,21:00,2D,original,regular,2026-09-02T12:38:49.916746
2026-09-02,,warszawa,Naznaczony: Wyjście z mrocznego wymiaru,Warszawa - Promenada,21:10,2D,original,regular,2026-09-02T12:38:49.916756
2026-09-02,,warszawa,Buntownik,Warszawa - Promenada,21:50,2D,original,regular,2026-09-02T12:38:49.916765
2026-09-02,,warszawa,Spider-Man: Całkiem nowy dzień,Warszawa - Promenada,22:00,2D,original,regular,2026-09-02T12:38:49.916774
2026-09-02,,warszawa,Obsesja,Warszawa - Promenada,22:10,2D,original,regular,2026-09-02T12:38:49.916784
2026-09-02,,warszawa,Naznaczony: Wyjście z mrocznego wymiaru,Warszawa - Promenada,22:10,2D,original,regular,2026-09-02T12:38:49.916794
2026-09-02,,warszawa,Gwiazdozbiór psa,Warszawa - Promenada,22:30,2D,original,regular,2026-09-02T12:38:49.916803
2026-09-02,,warszawa,Spider-Man: Całkiem nowy dzień,Warszawa - Sadyba,14:30,3D,original,regular,2026-09-02T12:38:51.412690
2026-09-02,,warszawa,Księga pustyni,Warszawa - Sadyba,14:40,2D,,regular,2026-09-02T12:38:51.412718
2026-09-02,,warszawa,Odyseja,Warszawa - Sadyba,14:50,2D,original,regular,2026-09-02T12:38:51.412731
2026-09-02,,warszawa,Psi patrol i dinozaury,Warszawa - Sadyba,15:20,2D,,regular,2026-09-02T12:38:51.412740
2026-09-02,,warszawa,Spider-Man: Całkiem nowy dzień,Warszawa - Sadyba,15:20,2D,original,regular,2026-09-02T12:38:51.412750
2026-09-02,,warszawa,Terminator 2: Dzień sądu 35. Rocznica,Warszawa - Sadyba,15:30,2D,original,regular,2026-09-02T12:38:51.412762
2026-09-02,,warszawa,Naznaczony: Wyjście z mrocznego wymiaru,Warszawa - Sadyba,15:40,2D,original,regular,2026-09-02T12:38:51.412773
2026-09-02,,warszawa,Toy Story 5,Warszawa - Sadyba,15:50,2D,original,regular,2026-09-02T12:38:51.412784
2026-09-02,,warszawa,Tylko jedna noc,Warszawa - Sadyba,16:20,2D,original,regular,2026-09-02T12:38:51.412793
2026-09-02,,warszawa,Gwiazdozbiór psa,Warszawa - Sadyba,16:20,IMAX,original,regular,2026-09-02T12:38:51.412801
2026-09-02,,warszawa,Pucio kocha zwierzaki,Warszawa - Sadyba,16:30,2D,,regular,2026-09-02T12:38:51.412810
2026-09-02,,warszawa,Gwiazdozbiór psa,Warszawa - Sadyba,16:50,2D,original,regular,2026-09-02T12:38:51.412820
2026-09-02,,warszawa,Wrong Girls,Warszawa - Sadyba,17:00,2D,original,regular,2026-09-02T12:38:51.412829
2026-09-02,,warszawa,Spider-Man: Całkiem nowy dzień,Warszawa - Sadyba,17:20,2D,original,regular,2026-09-02T12:38:51.412839
2026-09-02,,warszawa,Buntownik,Warszawa - Sadyba,17:30,2D,original,regular,2026-09-02T12:38:51.412848
2026-09-02,,warszawa,Spider-Man: Całkiem nowy dzień,Warszawa - Sadyba,17:40,3D,original,regular,2026-09-02T12:38:51.412857
2026-09-02,,warszawa,Naznaczony: Wyjście z mrocznego wymiaru,Warszawa - Sadyba,18:00,2D,original,regular,2026-09-02T12:38:51.412866
2026-09-02,,warszawa,Harry Potter i Kamień Filozoficzny - 25. rocznica,Warszawa - Sadyba,18:00,2D,,regular,2026-09-02T12:38:51.412878
2026-09-02,,warszawa,Gorzkie święta,Warszawa - Sadyba,18:10,2D,original,regular,2026-09-02T12:38:51.412887
2026-09-02,,warszawa,Katy Perry: The Lifetimes Tour - Live From Paris,Warszawa - Sadyba,18:30,2D,,regular,2026-09-02T12:38:51.412895
2026-09-02,,warszawa,Spider-Man: Całkiem nowy dzień,Warszawa - Sadyba,18:30,2D,original,regular,2026-09-02T12:38:51.412904
2026-09-02,,warszawa,Terminator 2: Dzień sądu 35. Rocznica,Warszawa - Sadyba,18:30,2D,original,regular,2026-09-02T12:38:51.412914
2026-09-02,,warszawa,Koniec ulicy Dębowej,Warszawa - Sadyba,18:40,2D,original,regular,2026-09-02T12:38:51.412924
2026-09-02,,warszawa,Katy Perry: The Lifetimes Tour - Live From Paris,Warszawa - Sadyba,19:00,IMAX,,regular,2026-09-02T12:38:51.412930
2026-09-02,,warszawa,Sunny Dancer,Warszawa - Sadyba,19:20,2D,original,regular,2026-09-02T12:38:51.412940
2026-09-02,,warszawa,Gwiazdozbiór psa,Warszawa - Sadyba,19:30,2D,original,regular,2026-09-02T12:38:51.412949
2026-09-02,,warszawa,Nie patrz w dół 2,Warszawa - Sadyba,19:45,2D,original,regular,2026-09-02T12:38:51.412959
2026-09-02,,warszawa,Spider-Man: Całkiem nowy dzień,Warszawa - Sadyba,20:20,2D,original,regular,2026-09-02T12:38:51.412968
2026-09-02,,warszawa,Naznaczony: Wyjście z mrocznego wymiaru,Warszawa - Sadyba,20:30,2D,original,regular,2026-09-02T12:38:51.412977
2026-09-02,,warszawa,Spider-Man: Całkiem nowy dzień,Warszawa - Sadyba,20:45,2D,original,regular,2026-09-02T12:38:51.412986
2026-09-02,,warszawa,Gorzkie święta,Warszawa - Sadyba,20:50,2D,original,regular,2026-09-02T12:38:51.412994
2026-09-02,,warszawa,Koniec ulicy Dębowej,Warszawa - Sadyba,21:10,2D,original,regular,2026-09-02T12:38:51.413004
2026-09-02,,warszawa,Odyseja,Warszawa - Sadyba,21:20,2D,original,regular,2026-09-02T12:38:51.413013
2026-09-02,,warszawa,Minionki i straszydła,Warszawa - Sadyba,21:20,2D,,regular,2026-09-02T12:38:51.413022
2026-09-02,,warszawa,Naznaczony: Wyjście z mrocznego wymiaru,Warszawa - Sadyba,21:30,2D,original,regular,2026-09-02T12:38:51.413032
2026-09-02,,warszawa,Spider-Man: Całkiem nowy dzień,Warszawa - Sadyba,21:40,2D,original,regular,2026-09-02T12:38:51.413041
2026-09-02,,warszawa,Sunny Dancer,Warszawa - Sadyba,21:45,2D,original,regular,2026-09-02T12:38:51.413050
2026-09-02,,warszawa,Buntownik,Warszawa - Sadyba,22:00,2D,original,regular,2026-09-02T12:38:51.413058
2026-09-02,,warszawa,Gwiazdozbiór psa,Warszawa - Sadyba,22:00,2D,original,regular,2026-09-02T12:38:51.413067
2026-09-02,,wrocław,Gwiazdozbiór psa,Wrocław - Korona,14:30,Dolby Atmos,original,regular,2026-09-02T12:38:53.019989
2026-09-02,,wrocław,Minionki i straszydła,Wrocław - Korona,14:40,2D,,regular,2026-09-02T12:38:53.020016
2026-09-02,,wrocław,Księga pustyni,Wrocław - Korona,15:20,2D,,regular,2026-09-02T12:38:53.020027
2026-09-02,,wrocław,Spider-Man: Całkiem nowy dzień,Wrocław - Korona,15:30,2D,original,regular,2026-09-02T12:38:53.020039
2026-09-02,,wrocław,Buntownik,Wrocław - Korona,15:40,2D,original,regular,2026-09-02T12:38:53.020050
2026-09-02,,wrocław,Psi patrol i dinozaury,Wrocław - Korona,16:15,2D,,regular,2026-09-02T12:38:53.020059
2026-09-02,,wrocław,Gwiazdozbiór psa,Wrocław - Korona,16:20,ScreenX,original,regular,2026-09-02T12:38:53.020068
2026-09-02,,wrocław,Pucio kocha zwierzaki,Wrocław - Korona,16:30,2D,,regular,2026-09-02T12:38:53.020077
2026-09-02,,wrocław,Spider-Man: Całkiem nowy dzień,Wrocław - Korona,16:50,2D,original,regular,2026-09-02T12:38:53.020088
2026-09-02,,wrocław,Gwiazdozbiór psa,Wrocław - Korona,17:10,Dolby Atmos,original,regular,2026-09-02T12:38:53.020097
2026-09-02,,wrocław,Naznaczony: Wyjście z mrocznego wymiaru,Wrocław - Korona,17:40,2D,original,regular,2026-09-02T12:38:53.020108
2026-09-02,,wrocław,Sunny Dancer,Wrocław - Korona,17:50,2D,original,regular,2026-09-02T12:38:53.020118
2026-09-02,,wrocław,Harry Potter i Kamień Filozoficzny - 25. rocznica,Wrocław - Korona,18:00,2D,,regular,2026-09-02T12:38:53.020129
2026-09-02,,wrocław,Nie patrz w dół 2,Wrocław - Korona,18:10,2D,original,regular,2026-09-02T12:38:53.020138
2026-09-02,,wrocław,Terminator 2: Dzień sądu 35. Rocznica,Wrocław - Korona,18:30,2D,original,regular,2026-09-02T12:38:53.020148
2026-09-02,,wrocław,Spider-Man: Całkiem nowy dzień,Wrocław - Korona,18:40,2D,original,regular,2026-09-02T12:38:53.020157
2026-09-02,,wrocław,Gwiazdozbiór psa,Wrocław - Korona,19:00,ScreenX,original,regular,2026-09-02T12:38:53.020165
2026-09-02,,wrocław,Gwiazdozbiór psa,Wrocław - Korona,19:50,Dolby Atmos,original,regular,2026-09-02T12:38:53.020174
2026-09-02,,wrocław,Spider-Man: Całkiem nowy dzień,Wrocław - Korona,20:00,2D,original,regular,2026-09-02T12:38:53.020183
2026-09-02,,wrocław,Gorzkie święta,Wrocław - Korona,20:10,2D,original,regular,2026-09-02T12:38:53.020192
2026-09-02,,wrocław,Odyseja,Wrocław - Korona,20:20,2D,original,regular,2026-09-02T12:38:53.020202
2026-09-02,,wrocław,Naznaczony: Wyjście z mrocznego wymiaru,Wrocław - Korona,20:30,2D,original,regular,2026-09-02T12:38:53.020212
2026-09-02,,wrocław,Obsesja,Wrocław - Korona,21:20,2D,original,regular,2026-09-02T12:38:53.020221
2026-09-02,,wrocław,Buntownik,Wrocław - Korona,21:30,2D,original,regular,2026-09-02T12:38:53.020230
2026-09-02,,wrocław,Gwiazdozbiór psa,Wrocław - Korona,21:40,ScreenX,original,regular,2026-09-02T12:38:53.020237
2026-09-02,,wrocław,Spider-Man: Całkiem nowy dzień,Wrocław - Korona,21:50,2D,original,regular,2026-09-02T12:38:53.020246
2026-09-02,,wrocław,Naznaczony: Wyjście z mrocznego wymiaru,Wrocław - Wroclavia,15:00,2D,original,regular,2026-09-02T12:38:54.783383
2026-09-02,,wrocław,Spider-Man: Całkiem nowy dzień,Wrocław - Wroclavia,15:00,2D,original,regular,2026-09-02T12:38:54.783411
2026-09-02,,wrocław,Gwiazdozbiór psa,Wrocław - Wroclavia,15:20,Dolby Atmos,original,regular,2026-09-02T12:38:54.783435
2026-09-02,,wrocław,Toy Story 5,Wrocław - Wroclavia,15:20,2D,original,regular,2026-09-02T12:38:54.783447
2026-09-02,,wrocław,Księga pustyni,Wrocław - Wroclavia,15:20,2D,,regular,2026-09-02T12:38:54.783457
2026-09-02,,wrocław,Odyseja,Wrocław - Wroclavia,15:30,2D,original,regular,2026-09-02T12:38:54.783468
2026-09-02,,wrocław,Spider-Man: Całkiem nowy dzień,Wrocław - Wroclavia,15:30,2D,original,regular,2026-09-02T12:38:54.783479
2026-09-02,,wrocław,Sunny Dancer,Wrocław - Wroclavia,15:40,2D,original,regular,2026-09-02T12:38:54.783489
2026-09-02,,wrocław,Spider-Man: Całkiem nowy dzień,Wrocław - Wroclavia,15:40,Dolby Atmos,original,regular,2026-09-02T12:38:54.783500
2026-09-02,,wrocław,Terminator 2: Dzień sądu 35. Rocznica,Wrocław - Wroclavia,15:40,2D,original,regular,2026-09-02T12:38:54.783510
2026-09-02,,wrocław,Pucio kocha zwierzaki,Wrocław - Wroclavia,15:50,2D,,regular,2026-09-02T12:38:54.783521
2026-09-02,,wrocław,Harry Potter i Kamień Filozoficzny - 25. rocznica,Wrocław - Wroclavia,16:00,2D,,regular,2026-09-02T12:38:54.783532
2026-09-02,,wrocław,Psi patrol i dinozaury,Wrocław - Wroclavia,16:00,2D,,regular,2026-09-02T12:38:54.783542
2026-09-02,,wrocław,Gwiazdozbiór psa,Wrocław - Wroclavia,16:10,IMAX,original,regular,2026-09-02T12:38:54.783549
2026-09-02,,wrocław,Terminator 2: Dzień sądu 35. Rocznica,Wrocław - Wroclavia,16:15,4DX,original,regular,2026-09-02T12:38:54.783557
2026-09-02,,wrocław,Spider-Man: Całkiem nowy dzień,Wrocław - Wroclavia,16:20,2D,original,regular,2026-09-02T12:38:54.783567
2026-09-02,,wrocław,Buntownik,Wrocław - Wroclavia,16:30,2D,original,regular,2026-09-02T12:38:54.783577
2026-09-02,,wrocław,Naznaczony: Wyjście z mrocznego wymiaru,Wrocław - Wroclavia,16:30,2D,original,regular,2026-09-02T12:38:54.783600
2026-09-02,,wrocław,Gwiazdozbiór psa,Wrocław - Wroclavia,17:00,2D,original,regular,2026-09-02T12:38:54.783610
2026-09-02,,wrocław,Pucio kocha zwierzaki,Wrocław - Wroclavia,17:20,2D,,regular,2026-09-02T12:38:54.783619
2026-09-02,,wrocław,Harry Potter i Kamień Filozoficzny - 25. rocznica,Wrocław - Wroclavia,17:30,2D,,regular,2026-09-02T12:38:54.783629
2026-09-02,,wrocław,Gorzkie święta,Wrocław - Wroclavia,17:40,2D,original,regular,2026-09-02T12:38:54.783639
2026-09-02,,wrocław,Spider-Man: Całkiem nowy dzień,Wrocław - Wroclavia,17:40,2D,original,regular,2026-09-02T12:38:54.783648
2026-09-02,,wrocław,Gwiazdozbiór psa,Wrocław - Wroclavia,18:00,Dolby Atmos,original,regular,2026-09-02T12:38:54.783658
2026-09-02,,wrocław,Nie patrz w dół 2,Wrocław - Wroclavia,18:10,2D,original,regular,2026-09-02T12:38:54.783668
2026-09-02,,wrocław,Spider-Man: Całkiem nowy dzień,Wrocław - Wroclavia,18:10,2D,original,regular,2026-09-02T12:38:54.783679
2026-09-02,,wrocław,Tylko jedna noc,Wrocław - Wroclavia,18:20,2D,original,regular,2026-09-02T12:38:54.783689
2026-09-02,,wrocław,Katy Perry: The Lifetimes Tour - Live From Paris,Wrocław - Wroclavia,18:30,2D,,regular,2026-09-02T12:38:54.783697
2026-09-02,,wrocław,Katy Perry: The Lifetimes Tour - Live From Paris,Wrocław - Wroclavia,18:40,2D,,regular,2026-09-02T12:38:54.783706
2026-09-02,,wrocław,Gorzkie święta,Wrocław - Wroclavia,18:40,2D,original,regular,2026-09-02T12:38:54.783717
2026-09-02,,wrocław,Terminator 2: Dzień sądu 35. Rocznica,Wrocław - Wroclavia,18:40,2D,original,regular,2026-09-02T12:38:54.783727
2026-09-02,,wrocław,Wszyscy moi wrogowie,Wrocław - Wroclavia,18:45,2D,original,regular,2026-09-02T12:38:54.783737
2026-09-02,,wrocław,Spider-Man: Całkiem nowy dzień,Wrocław - Wroclavia,18:50,Dolby Atmos,original,regular,2026-09-02T12:38:54.783748
2026-09-02,,wrocław,Katy Perry: The Lifetimes Tour - Live From Paris,Wrocław - Wroclavia,19:00,IMAX,,regular,2026-09-02T12:38:54.783754
2026-09-02,,wrocław,Naznaczony: Wyjście z mrocznego wymiaru,Wrocław - Wroclavia,19:00,2D,original,regular,2026-09-02T12:38:54.783764
2026-09-02,,wrocław,Odyseja,Wrocław - Wroclavia,19:10,2D,original,regular,2026-09-02T12:38:54.783774
2026-09-02,,wrocław,Gwiazdozbiór psa,Wrocław - Wroclavia,19:10,4DX,original,regular,2026-09-02T12:38:54.783782
2026-09-02,,wrocław,Gwiazdozbiór psa ukraiński dubbing,Wrocław - Wroclavia,19:30,2D,dubbing,regular,2026-09-02T12:38:54.783792
2026-09-02,,wrocław,Harry Potter i Kamień Filozoficzny - 25. rocznica,Wrocław - Wroclavia,19:30,2D,,regular,2026-09-02T12:38:54.783802
2026-09-02,,wrocław,Gwiazdozbiór psa,Wrocław - Wroclavia,19:40,2D,original,regular,2026-09-02T12:38:54.783811
2026-09-02,,wrocław,Obsesja,Wrocław - Wroclavia,20:10,2D,original,regular,2026-09-02T12:38:54.783820
2026-09-02,,wrocław,Sunny Dancer,Wrocław - Wroclavia,20:30,2D,original,regular,2026-09-02T12:38:54.783830
2026-09-02,,wrocław,Gwiazdozbiór psa,Wrocław - Wroclavia,20:40,Dolby Atmos,original,regular,2026-09-02T12:38:54.783839
2026-09-02,,wrocław,Tylko jedna noc,Wrocław - Wroclavia,20:45,2D,original,regular,2026-09-02T12:38:54.783848
2026-09-02,,wrocław,Koniec ulicy Dębowej,Wrocław - Wroclavia,20:45,2D,original,regular,2026-09-02T12:38:54.783859
2026-09-02,,wrocław,Naznaczony: Wyjście z mrocznego wymiaru,Wrocław - Wroclavia,20:50,2D,original,regular,2026-09-02T12:38:54.783868
2026-09-02,,wrocław,Gorzkie święta,Wrocław - Wroclavia,21:10,2D,original,regular,2026-09-02T12:38:54.783877
2026-09-02,,wrocław,Odyseja,Wrocław - Wroclavia,21:15,2D,original,regular,2026-09-02T12:38:54.783887
2026-09-02,,wrocław,Spider-Man: Całkiem nowy dzień,Wrocław - Wroclavia,21:20,2D,original,regular,2026-09-02T12:38:54.783896
2026-09-02,,wrocław,Spider-Man: Całkiem nowy dzień,Wrocław - Wroclavia,21:30,2D,original,regular,2026-09-02T12:38:54.783906
2026-09-02,,wrocław,Naznaczony: Wyjście z mrocznego wymiaru,Wrocław - Wroclavia,21:30,2D,original,regular,2026-09-02T12:38:54.783915
2026-09-02,,wrocław,Bogaci i martwi,Wrocław - Wroclavia,21:40,2D,original,regular,2026-09-02T12:38:54.783926
2026-09-02,,wrocław,Gwiazdozbiór psa,Wrocław - Wroclavia,21:45,4DX,original,regular,2026-09-02T12:38:54.783933
2026-09-02,,wrocław,Naznaczony: Wyjście z mrocznego wymiaru,Wrocław - Wroclavia,21:50,2D,original,regular,2026-09-02T12:38:54.783942
2026-09-02,,wrocław,Spider-Man: Całkiem nowy dzień,Wrocław - Wroclavia,22:00,Dolby Atmos,original,regular,2026-09-02T12:38:54.783952
2026-09-02,,wrocław,Buntownik,Wrocław - Wroclavia,22:10,2D,original,regular,2026-09-02T12:38:54.783962
2026-09-02,,wrocław,Gwiazdozbiór psa,Wrocław - Wroclavia,22:20,IMAX,original,regular,2026-09-02T12:38:54.783968
2026-09-02,,zielona-góra,Księga pustyni,Zielona Góra,14:30,2D,,regular,2026-09-02T12:38:56.682805
2026-09-02,,zielona-góra,Psi patrol i dinozaury,Zielona Góra,14:50,2D,,regular,2026-09-02T12:38:56.682831
2026-09-02,,zielona-góra,Spider-Man: Całkiem nowy dzień,Zielona Góra,15:00,2D,original,regular,2026-09-02T12:38:56.682845
2026-09-02,,zielona-góra,Pucio kocha zwierzaki,Zielona Góra,15:20,2D,,regular,2026-09-02T12:38:56.682856
2026-09-02,,zielona-góra,Buntownik,Zielona Góra,15:50,2D,original,regular,2026-09-02T12:38:56.682865
2026-09-02,,zielona-góra,Spider-Man: Całkiem nowy dzień ukraiński dubbing,Zielona Góra,16:00,2D,dubbing,regular,2026-09-02T12:38:56.682875
2026-09-02,,zielona-góra,Tylko jedna noc,Zielona Góra,16:00,2D,original,regular,2026-09-02T12:38:56.682884
2026-09-02,,zielona-góra,Gwiazdozbiór psa,Zielona Góra,16:20,2D,original,regular,2026-09-02T12:38:56.682894
2026-09-02,,zielona-góra,Księga pustyni,Zielona Góra,16:40,2D,,regular,2026-09-02T12:38:56.682903
2026-09-02,,zielona-góra,Bogaci i martwi,Zielona Góra,16:50,2D,original,regular,2026-09-02T12:38:56.682913
2026-09-02,,zielona-góra,Harry Potter i Kamień Filozoficzny - 25. rocznica,Zielona Góra,17:00,2D,,regular,2026-09-02T12:38:56.682924
2026-09-02,,zielona-góra,Nie patrz w dół 2,Zielona Góra,17:10,2D,original,regular,2026-09-02T12:38:56.682934
2026-09-02,,zielona-góra,Naznaczony: Wyjście z mrocznego wymiaru,Zielona Góra,18:00,2D,original,regular,2026-09-02T12:38:56.682945
2026-09-02,,zielona-góra,Spider-Man: Całkiem nowy dzień,Zielona Góra,18:10,2D,original,regular,2026-09-02T12:38:56.682954
2026-09-02,,zielona-góra,Gwiazdozbiór psa ukraiński dubbing,Zielona Góra,18:30,2D,dubbing,regular,2026-09-02T12:38:56.682963
2026-09-02,,zielona-góra,Gwiazdozbiór psa,Zielona Góra,19:00,2D,original,regular,2026-09-02T12:38:56.682972
2026-09-02,,zielona-góra,Naznaczony: Wyjście z mrocznego wymiaru,Zielona Góra,19:00,2D,original,regular,2026-09-02T12:38:56.682981
2026-09-02,,zielona-góra,Sunny Dancer,Zielona Góra,19:10,2D,original,regular,2026-09-02T12:38:56.682991
2026-09-02,,zielona-góra,Odyseja,Zielona Góra,19:20,2D,original,regular,2026-09-02T12:38:56.683001
2026-09-02,,zielona-góra,Gorzkie święta,Zielona Góra,19:40,2D,original,regular,2026-09-02T12:38:56.683010
2026-09-02,,zielona-góra,Terminator 2: Dzień sądu 35. Rocznica,Zielona Góra,20:30,2D,original,regular,2026-09-02T12:38:56.683021
2026-09-02,,zielona-góra,Naznaczony: Wyjście z mrocznego wymiaru,Zielona Góra,20:30,2D,original,regular,2026-09-02T12:38:56.683031
2026-09-02,,zielona-góra,Tylko jedna noc,Zielona Góra,21:10,2D,original,regular,2026-09-02T12:38:56.683039
2026-09-02,,zielona-góra,Spider-Man: Całkiem nowy dzień,Zielona Góra,21:15,2D,original,regular,2026-09-02T12:38:56.683048
2026-09-02,,zielona-góra,Naznaczony: Wyjście z mrocznego wymiaru,Zielona Góra,21:30,2D,original,regular,2026-09-02T12:38:56.683058
2026-09-02,,zielona-góra,Gwiazdozbiór psa,Zielona Góra,21:40,2D,original,regular,2026-09-02T12:38:56.683066
2026-09-02,,zielona-góra,Koniec ulicy Dębowej,Zielona Góra,21:40,2D,original,regular,2026-09-02T12:38:56.683076
