date,day,city,movie_title,cinema_name,time,format,language,scraped_at
2026-10-01,czwartek,warszawa,100 dni: Misja Zeus,Cinema City Warszawa Arkadia,14:10,,,2026-10-01T15:11:09.875523
2026-10-01,czwartek,warszawa,100 dni: Misja Zeus,Cinema City Warszawa Arkadia,16:50,,,2026-10-01T15:11:09.875523
2026-10-01,czwartek,warszawa,100 dni: Misja Zeus,Cinema City Warszawa Arkadia,19:30,,,2026-10-01T15:11:09.875523
2026-10-01,czwartek,warszawa,100 dni: Misja Zeus,Cinema City Warszawa Bemowo,15:00,,,2026-10-01T15:11:09.875523
2026-10-01,czwartek,warszawa,100 dni: Misja Zeus,Cinema City Warszawa Bemowo,17:30,,,2026-10-01T15:11:09.875523
2026-10-01,czwartek,warszawa,100 dni: Misja Zeus,Cinema City Warszawa Bemowo,20:00,,,2026-10-01T15:11:09.875523
2026-10-01,czwartek,warszawa,100 dni: Misja Zeus,Cinema City Warszawa Galeria Mokotów,16:00,,,2026-10-01T15:11:09.875523
2026-10-01,czwartek,warszawa,100 dni: Misja Zeus,Cinema City Warszawa Galeria Północna,15:00,,,2026-10-01T15:11:09.875523
2026-10-01,czwartek,warszawa,100 dni: Misja Zeus,Cinema City Warszawa Galeria Północna,17:30,,,2026-10-01T15:11:09.875523
2026-10-01,czwartek,warszawa,100 dni: Misja Zeus,Cinema City Warszawa Galeria Północna,20:00,,,2026-10-01T15:11:09.875523
2026-10-01,czwartek,warszawa,100 dni: Misja Zeus,Cinema City Warszawa Promenada,14:40,,,2026-10-01T15:11:09.875523
2026-10-01,czwartek,warszawa,100 dni: Misja Zeus,Cinema City Warszawa Promenada,17:15,,,2026-10-01T15:11:09.875523
2026-10-01,czwartek,warszawa,100 dni: Misja Zeus,Cinema City Warszawa Promenada,19:50,,,2026-10-01T15:11:09.875523
2026-10-01,czwartek,warszawa,100 dni: Misja Zeus,Cinema City Warszawa Sadyba,14:10,,,2026-10-01T15:11:09.875523
2026-10-01,czwartek,warszawa,100 dni: Misja Zeus,Cinema City Warszawa Sadyba,16:50,,,2026-10-01T15:11:09.875523
2026-10-01,czwartek,warszawa,100 dni: Misja Zeus,Cinema City Warszawa Sadyba,19:30,,,2026-10-01T15:11:09.875523
2026-10-01,czwartek,warszawa,100 dni: Misja Zeus,Helios Warszawa Blue City,10:50,,,2026-10-01T15:11:09.875523
2026-10-01,czwartek,warszawa,100 dni: Misja Zeus,Helios Warszawa Blue City,17:10,,,2026-10-01T15:11:09.875523
2026-10-01,czwartek,warszawa,100 dni: Misja Zeus,Helios Warszawa Blue City,21:00,,,2026-10-01T15:11:09.875523
2026-10-01,czwartek,warszawa,100 dni: Misja Zeus,Kino Świt w Warszawie,17:00,,,2026-10-01T15:11:09.875523
2026-10-01,czwartek,warszawa,100 dni: Misja Zeus,Multikino Atrium Reduta w Warszawie,10:00,,,2026-10-01T15:11:09.875523
2026-10-01,czwartek,warszawa,100 dni: Misja Zeus,Multikino Atrium Reduta w Warszawie,15:50,,,2026-10-01T15:11:09.875523
2026-10-01,czwartek,warszawa,100 dni: Misja Zeus,Multikino Młociny,13:30,,,2026-10-01T15:11:09.875523
2026-10-01,czwartek,warszawa,100 dni: Misja Zeus,Multikino Targówek,13:30,,,2026-10-01T15:11:09.875523
2026-10-01,czwartek,warszawa,100 dni: Misja Zeus,Multikino Targówek,17:10,,,2026-10-01T15:11:09.875523
2026-10-01,czwartek,warszawa,100 dni: Misja Zeus,Multikino Wola,09:50,,,2026-10-01T15:11:09.875523
2026-10-01,czwartek,warszawa,100 dni: Misja Zeus,Multikino Wola,16:00,,,2026-10-01T15:11:09.875523
2026-10-01,czwartek,warszawa,100 dni: Misja Zeus,Multikino Złote Tarasy,14:00,,,2026-10-01T15:11:09.875523
2026-10-01,czwartek,warszawa,500 mil,Kino Luna w Warszawie,09:00,,,2026-10-01T15:11:09.875523
2026-10-01,czwartek,warszawa,500 mil,Multikino Atrium Reduta w Warszawie,10:20,,,2026-10-01T15:11:09.875523
2026-10-01,czwartek,warszawa,Avengers: Koniec gry - wersja rozszerzona,Cinema City Warszawa Arkadia,20:00,,,2026-10-01T15:11:09.875523
2026-10-01,czwartek,warszawa,Avengers: Koniec gry - wersja rozszerzona,Cinema City Warszawa Arkadia,21:10,,,2026-10-01T15:11:09.875523
2026-10-01,czwartek,warszawa,Avengers: Koniec gry - wersja rozszerzona,Cinema City Warszawa Bemowo,20:10,,,2026-10-01T15:11:09.875523
2026-10-01,czwartek,warszawa,Avengers: Koniec gry - wersja rozszerzona,Cinema City Warszawa Galeria Mokotów,16:10,,,2026-10-01T15:11:09.875523
2026-10-01,czwartek,warszawa,Avengers: Koniec gry - wersja rozszerzona,Cinema City Warszawa Galeria Mokotów,20:00,,,2026-10-01T15:11:09.875523
2026-10-01,czwartek,warszawa,Avengers: Koniec gry - wersja rozszerzona,Cinema City Warszawa Galeria Mokotów,20:40,,,2026-10-01T15:11:09.875523
2026-10-01,czwartek,warszawa,Avengers: Koniec gry - wersja rozszerzona,Cinema City Warszawa Galeria Mokotów,20:45,,,2026-10-01T15:11:09.875523
2026-10-01,czwartek,warszawa,Avengers: Koniec gry - wersja rozszerzona,Cinema City Warszawa Galeria Północna,20:30,,,2026-10-01T15:11:09.875523
2026-10-01,czwartek,warszawa,Avengers: Koniec gry - wersja rozszerzona,Cinema City Warszawa Galeria Północna,21:20,,,2026-10-01T15:11:09.875523
2026-10-01,czwartek,warszawa,Avengers: Koniec gry - wersja rozszerzona,Cinema City Warszawa Promenada,20:30,,,2026-10-01T15:11:09.875523
2026-10-01,czwartek,warszawa,Avengers: Koniec gry - wersja rozszerzona,Cinema City Warszawa Sadyba,20:30,,,2026-10-01T15:11:09.875523
2026-10-01,czwartek,warszawa,Avengers: Koniec gry - wersja rozszerzona,Cinema City Warszawa Sadyba IMAX,14:20,,,2026-10-01T15:11:09.875523
2026-10-01,czwartek,warszawa,Avengers: Koniec gry - wersja rozszerzona,Cinema City Warszawa Sadyba IMAX,21:30,,,2026-10-01T15:11:09.875523
2026-10-01,czwartek,warszawa,Avengers: Koniec gry - wersja rozszerzona,Multikino Atrium Reduta w Warszawie,20:00,,,2026-10-01T15:11:09.875523
2026-10-01,czwartek,warszawa,Avengers: Koniec gry - wersja rozszerzona,Multikino Młociny,12:10,,,2026-10-01T15:11:09.875523
2026-10-01,czwartek,warszawa,Avengers: Koniec gry - wersja rozszerzona,Multikino Młociny,14:45,,,2026-10-01T15:11:09.875523
2026-10-01,czwartek,warszawa,Avengers: Koniec gry - wersja rozszerzona,Multikino Młociny,20:25,,,2026-10-01T15:11:09.875523
2026-10-01,czwartek,warszawa,Avengers: Koniec gry - wersja rozszerzona,Multikino Targówek,14:55,,,2026-10-01T15:11:09.875523
2026-10-01,czwartek,warszawa,Avengers: Koniec gry - wersja rozszerzona,Multikino Targówek,19:50,,,2026-10-01T15:11:09.875523
2026-10-01,czwartek,warszawa,Avengers: Koniec gry - wersja rozszerzona,Multikino Wola,19:50,,,2026-10-01T15:11:09.875523
2026-10-01,czwartek,warszawa,Avengers: Koniec gry - wersja rozszerzona,Multikino Złote Tarasy,10:00,,,2026-10-01T15:11:09.875523
2026-10-01,czwartek,warszawa,Avengers: Koniec gry (dubbing) - wersja rozszerzona,Cinema City Warszawa Arkadia,14:50,,dubbing,2026-10-01T15:11:09.875523
2026-10-01,czwartek,warszawa,Avengers: Koniec gry (dubbing) - wersja rozszerzona,Cinema City Warszawa Arkadia,16:10,,dubbing,2026-10-01T15:11:09.875523
2026-10-01,czwartek,warszawa,Avengers: Koniec gry (dubbing) - wersja rozszerzona,Cinema City Warszawa Bemowo,16:20,,dubbing,2026-10-01T15:11:09.875523
2026-10-01,czwartek,warszawa,Avengers: Koniec gry (dubbing) - wersja rozszerzona,Cinema City Warszawa Galeria Mokotów,14:10,,dubbing,2026-10-01T15:11:09.875523
2026-10-01,czwartek,warszawa,Avengers: Koniec gry (dubbing) - wersja rozszerzona,Cinema City Warszawa Galeria Północna,14:15,,dubbing,2026-10-01T15:11:09.875523
2026-10-01,czwartek,warszawa,Avengers: Koniec gry (dubbing) - wersja rozszerzona,Cinema City Warszawa Galeria Północna,16:40,,dubbing,2026-10-01T15:11:09.875523
2026-10-01,czwartek,warszawa,Avengers: Koniec gry (dubbing) - wersja rozszerzona,Cinema City Warszawa Promenada,16:40,,dubbing,2026-10-01T15:11:09.875523
2026-10-01,czwartek,warszawa,Avengers: Koniec gry (dubbing) - wersja rozszerzona,Cinema City Warszawa Sadyba,16:40,,dubbing,2026-10-01T15:11:09.875523
2026-10-01,czwartek,warszawa,Avengers: Koniec gry (dubbing) - wersja rozszerzona,Multikino Atrium Reduta w Warszawie,16:10,,dubbing,2026-10-01T15:11:09.875523
2026-10-01,czwartek,warszawa,Avengers: Koniec gry (dubbing) - wersja rozszerzona,Multikino Wola,16:00,,dubbing,2026-10-01T15:11:09.875523
2026-10-01,czwartek,warszawa,Avengers: Koniec gry 3D - wersja rozszerzona,Cinema City Warszawa Arkadia,18:45,3D,,2026-10-01T15:11:09.875523
2026-10-01,czwartek,warszawa,Avengers: Koniec gry 3D - wersja rozszerzona,Cinema City Warszawa Arkadia,20:40,3D,,2026-10-01T15:11:09.875523
2026-10-01,czwartek,warszawa,Avengers: Koniec gry 3D - wersja rozszerzona,Cinema City Warszawa Bemowo,18:30,3D,,2026-10-01T15:11:09.875523
2026-10-01,czwartek,warszawa,Avengers: Koniec gry 3D - wersja rozszerzona,Cinema City Warszawa Galeria Mokotów,14:00,3D,,2026-10-01T15:11:09.875523
2026-10-01,czwartek,warszawa,Avengers: Koniec gry 3D - wersja rozszerzona,Cinema City Warszawa Galeria Północna,19:00,3D,,2026-10-01T15:11:09.875523
2026-10-01,czwartek,warszawa,Avengers: Koniec gry 3D - wersja rozszerzona,Cinema City Warszawa Promenada,19:00,3D,,2026-10-01T15:11:09.875523
2026-10-01,czwartek,warszawa,Avengers: Koniec gry 3D - wersja rozszerzona,Cinema City Warszawa Sadyba,19:00,3D,,2026-10-01T15:11:09.875523
2026-10-01,czwartek,warszawa,Avengers: Koniec gry 3D (dubbing) - wersja rozszerzona,Cinema City Warszawa Arkadia,10:30,3D,dubbing,2026-10-01T15:11:09.875523
2026-10-01,czwartek,warszawa,Avengers: Koniec gry 3D (dubbing) - wersja rozszerzona,Cinema City Warszawa Arkadia,11:50,3D,dubbing,2026-10-01T15:11:09.875523
2026-10-01,czwartek,warszawa,Avengers: Koniec gry 3D (dubbing) - wersja rozszerzona,Cinema City Warszawa Galeria Mokotów,10:10,3D,dubbing,2026-10-01T15:11:09.875523
2026-10-01,czwartek,warszawa,Avengers: Koniec gry 3D (dubbing) - wersja rozszerzona,Cinema City Warszawa Galeria Północna,15:10,3D,dubbing,2026-10-01T15:11:09.875523
2026-10-01,czwartek,warszawa,Avengers: Koniec gry 3D (dubbing) - wersja rozszerzona,Cinema City Warszawa Sadyba,15:10,3D,dubbing,2026-10-01T15:11:09.875523
2026-10-01,czwartek,warszawa,Billy Elliot,Kinoteka w Warszawie,10:15,,,2026-10-01T15:11:09.875523
2026-10-01,czwartek,warszawa,Do utraty tchu,AMONDO Kino w Warszawie,17:30,,,2026-10-01T15:11:09.875523
2026-10-01,czwartek,warszawa,Dzień dziecka księdza Jana Kaczkowskiego,Cinema City Warszawa Arkadia,16:50,,,2026-10-01T15:11:09.875523
2026-10-01,czwartek,warszawa,Dzień dziecka księdza Jana Kaczkowskiego,Cinema City Warszawa Bemowo,13:25,,,2026-10-01T15:11:09.875523
2026-10-01,czwartek,warszawa,Dzień dziecka księdza Jana Kaczkowskiego,Cinema City Warszawa Galeria Mokotów,17:30,,,2026-10-01T15:11:09.875523
2026-10-01,czwartek,warszawa,Dzień dziecka księdza Jana Kaczkowskiego,Cinema City Warszawa Galeria Północna,16:40,,,2026-10-01T15:11:09.875523
2026-10-01,czwartek,warszawa,Dzień dziecka księdza Jana Kaczkowskiego,Cinema City Warszawa Promenada,12:10,,,2026-10-01T15:11:09.875523
2026-10-01,czwartek,warszawa,Dzień dziecka księdza Jana Kaczkowskiego,Cinema City Warszawa Sadyba,16:50,,,2026-10-01T15:11:09.875523
2026-10-01,czwartek,warszawa,Dzień dziecka księdza Jana Kaczkowskiego,Multikino Targówek,13:20,,,2026-10-01T15:11:09.875523
2026-10-01,czwartek,warszawa,Folwark zwierzęcy,Cinema City Warszawa Arkadia,13:40,,,2026-10-01T15:11:09.875523
2026-10-01,czwartek,warszawa,Folwark zwierzęcy,Cinema City Warszawa Bemowo,11:10,,,2026-10-01T15:11:09.875523
2026-10-01,czwartek,warszawa,Folwark zwierzęcy,Cinema City Warszawa Galeria Mokotów,10:00,,,2026-10-01T15:11:09.875523
2026-10-01,czwartek,warszawa,Folwark zwierzęcy,Cinema City Warszawa Galeria Północna,10:00,,,2026-10-01T15:11:09.875523
2026-10-01,czwartek,warszawa,Folwark zwierzęcy,Cinema City Warszawa Promenada,10:40,,,2026-10-01T15:11:09.875523
2026-10-01,czwartek,warszawa,Folwark zwierzęcy,Cinema City Warszawa Sadyba,12:20,,,2026-10-01T15:11:09.875523
2026-10-01,czwartek,warszawa,Folwark zwierzęcy,Helios Warszawa Blue City,13:30,,,2026-10-01T15:11:09.875523
2026-10-01,czwartek,warszawa,Folwark zwierzęcy,Helios Warszawa Blue City,13:30,,,2026-10-01T15:11:09.875523
2026-10-01,czwartek,warszawa,Folwark zwierzęcy,Multikino Wola,10:00,,,2026-10-01T15:11:09.875523
2026-10-01,czwartek,warszawa,Folwark zwierzęcy (dubbing),Cinema City Warszawa Arkadia,13:40,,dubbing,2026-10-01T15:11:09.875523
2026-10-01,czwartek,warszawa,Folwark zwierzęcy (dubbing),Cinema City Warszawa Bemowo,11:10,,dubbing,2026-10-01T15:11:09.875523
2026-10-01,czwartek,warszawa,Folwark zwierzęcy (dubbing),Cinema City Warszawa Galeria Mokotów,10:00,,dubbing,2026-10-01T15:11:09.875523
2026-10-01,czwartek,warszawa,Folwark zwierzęcy (dubbing),Cinema City Warszawa Galeria Północna,10:00,,dubbing,2026-10-01T15:11:09.875523
2026-10-01,czwartek,warszawa,Folwark zwierzęcy (dubbing),Cinema City Warszawa Promenada,10:40,,dubbing,2026-10-01T15:11:09.875523
2026-10-01,czwartek,warszawa,Folwark zwierzęcy (dubbing),Cinema City Warszawa Sadyba,12:20,,dubbing,2026-10-01T15:11:09.875523
2026-10-01,czwartek,warszawa,Gdzieś pomiędzy,Kinomuzeum w Muzeum Sztuki Nowoczesnej w Warszawie,20:30,,,2026-10-01T15:11:09.875523
2026-10-01,czwartek,warszawa,Gorzkie święta,Kino Luna w Warszawie,14:15,,,2026-10-01T15:11:09.875523
2026-10-01,czwartek,warszawa,Happy Together,Kinoteka w Warszawie,20:00,,,2026-10-01T15:11:09.875523
2026-10-01,czwartek,warszawa,Hot Spot,Cinema City Warszawa Arkadia,19:30,,,2026-10-01T15:11:09.875523
2026-10-01,czwartek,warszawa,Hot Spot,Cinema City Warszawa Arkadia,22:00,,,2026-10-01T15:11:09.875523
2026-10-01,czwartek,warszawa,Hot Spot,Cinema City Warszawa Bemowo,19:40,,,2026-10-01T15:11:09.875523
2026-10-01,czwartek,warszawa,Hot Spot,Cinema City Warszawa Galeria Mokotów,19:10,,,2026-10-01T15:11:09.875523
2026-10-01,czwartek,warszawa,Hot Spot,Cinema City Warszawa Galeria Mokotów,21:30,,,2026-10-01T15:11:09.875523
2026-10-01,czwartek,warszawa,Hot Spot,Cinema City Warszawa Promenada,20:20,,,2026-10-01T15:11:09.875523
2026-10-01,czwartek,warszawa,Hot Spot,Kino Atlantic w Warszawie,17:30,,,2026-10-01T15:11:09.875523
2026-10-01,czwartek,warszawa,Hot Spot,Kino Iluzjon - Muzeum Sztuki Filmowej w Warszawie,17:45,,,2026-10-01T15:11:09.875523
2026-10-01,czwartek,warszawa,Hot Spot,Kino Kultura w Warszawie,21:10,,,2026-10-01T15:11:09.875523
2026-10-01,czwartek,warszawa,Hot Spot,Kino Luna w Warszawie,16:15,,,2026-10-01T15:11:09.875523
2026-10-01,czwartek,warszawa,Hot Spot,Kino Praha w Warszawie,17:00,,,2026-10-01T15:11:09.875523
2026-10-01,czwartek,warszawa,Hot Spot,Kinoteka w Warszawie,18:00,,,2026-10-01T15:11:09.875523
2026-10-01,czwartek,warszawa,Kabaret,Kino Praha w Warszawie,19:00,,,2026-10-01T15:11:09.875523
2026-10-01,czwartek,warszawa,Kandydaci śmierci,Kinokawiarnia Stacja Falenica w Warszawie,16:30,,,2026-10-01T15:11:09.875523
2026-10-01,czwartek,warszawa,Księga pustyni (dubbing),Cinema City Warszawa Galeria Północna,09:00,,dubbing,2026-10-01T15:11:09.875523
2026-10-01,czwartek,warszawa,Księga pustyni (dubbing),Multikino Atrium Reduta w Warszawie,10:00,,dubbing,2026-10-01T15:11:09.875523
2026-10-01,czwartek,warszawa,Kumotry,Kinoteka w Warszawie,16:30,,,2026-10-01T15:11:09.875523
2026-10-01,czwartek,warszawa,Kura,Kinokawiarnia Stacja Falenica w Warszawie,18:30,,,2026-10-01T15:11:09.875523
2026-10-01,czwartek,warszawa,Kura,Kinoteka w Warszawie,18:15,,,2026-10-01T15:11:09.875523
2026-10-01,czwartek,warszawa,Kura,NoveKino Wisła w Warszawie,10:00,,,2026-10-01T15:11:09.875523
2026-10-01,czwartek,warszawa,Lalka,Cinema City Warszawa Arkadia,14:00,,,2026-10-01T15:11:09.875523
2026-10-01,czwartek,warszawa,Lalka,Cinema City Warszawa Arkadia,15:00,,,2026-10-01T15:11:09.875523
2026-10-01,czwartek,warszawa,Lalka,Cinema City Warszawa Arkadia,17:30,,,2026-10-01T15:11:09.875523
2026-10-01,czwartek,warszawa,Lalka,Cinema City Warszawa Arkadia,18:50,,,2026-10-01T15:11:09.875523
2026-10-01,czwartek,warszawa,Lalka,Cinema City Warszawa Arkadia,19:00,,,2026-10-01T15:11:09.875523
2026-10-01,czwartek,warszawa,Lalka,Cinema City Warszawa Arkadia,19:00,,,2026-10-01T15:11:09.875523
2026-10-01,czwartek,warszawa,Lalka,Cinema City Warszawa Arkadia,21:00,,,2026-10-01T15:11:09.875523
2026-10-01,czwartek,warszawa,Lalka,Cinema City Warszawa Bemowo,14:30,,,2026-10-01T15:11:09.875523
2026-10-01,czwartek,warszawa,Lalka,Cinema City Warszawa Bemowo,15:30,,,2026-10-01T15:11:09.875523
2026-10-01,czwartek,warszawa,Lalka,Cinema City Warszawa Bemowo,18:00,,,2026-10-01T15:11:09.875523
2026-10-01,czwartek,warszawa,Lalka,Cinema City Warszawa Bemowo,19:00,,,2026-10-01T15:11:09.875523
2026-10-01,czwartek,warszawa,Lalka,Cinema City Warszawa Bemowo,21:30,,,2026-10-01T15:11:09.875523
2026-10-01,czwartek,warszawa,Lalka,Cinema City Warszawa Galeria Mokotów,14:00,,,2026-10-01T15:11:09.875523
2026-10-01,czwartek,warszawa,Lalka,Cinema City Warszawa Galeria Mokotów,16:00,,,2026-10-01T15:11:09.875523
2026-10-01,czwartek,warszawa,Lalka,Cinema City Warszawa Galeria Mokotów,17:30,,,2026-10-01T15:11:09.875523
2026-10-01,czwartek,warszawa,Lalka,Cinema City Warszawa Galeria Mokotów,19:00,,,2026-10-01T15:11:09.875523
2026-10-01,czwartek,warszawa,Lalka,Cinema City Warszawa Galeria Mokotów,19:30,,,2026-10-01T15:11:09.875523
2026-10-01,czwartek,warszawa,Lalka,Cinema City Warszawa Galeria Mokotów,21:00,,,2026-10-01T15:11:09.875523
2026-10-01,czwartek,warszawa,Lalka,Cinema City Warszawa Galeria Północna,14:30,,,2026-10-01T15:11:09.875523
2026-10-01,czwartek,warszawa,Lalka,Cinema City Warszawa Galeria Północna,15:30,,,2026-10-01T15:11:09.875523
2026-10-01,czwartek,warszawa,Lalka,Cinema City Warszawa Galeria Północna,18:00,,,2026-10-01T15:11:09.875523
2026-10-01,czwartek,warszawa,Lalka,Cinema City Warszawa Galeria Północna,19:00,,,2026-10-01T15:11:09.875523
2026-10-01,czwartek,warszawa,Lalka,Cinema City Warszawa Galeria Północna,19:40,,,2026-10-01T15:11:09.875523
2026-10-01,czwartek,warszawa,Lalka,Cinema City Warszawa Galeria Północna,21:30,,,2026-10-01T15:11:09.875523
2026-10-01,czwartek,warszawa,Lalka,Cinema City Warszawa Promenada,14:30,,,2026-10-01T15:11:09.875523
2026-10-01,czwartek,warszawa,Lalka,Cinema City Warszawa Promenada,15:30,,,2026-10-01T15:11:09.875523
2026-10-01,czwartek,warszawa,Lalka,Cinema City Warszawa Promenada,18:00,,,2026-10-01T15:11:09.875523
2026-10-01,czwartek,warszawa,Lalka,Cinema City Warszawa Promenada,19:00,,,2026-10-01T15:11:09.875523
2026-10-01,czwartek,warszawa,Lalka,Cinema City Warszawa Promenada,21:30,,,2026-10-01T15:11:09.875523
2026-10-01,czwartek,warszawa,Lalka,Cinema City Warszawa Sadyba,16:00,,,2026-10-01T15:11:09.875523
2026-10-01,czwartek,warszawa,Lalka,Cinema City Warszawa Sadyba,17:00,,,2026-10-01T15:11:09.875523
2026-10-01,czwartek,warszawa,Lalka,Cinema City Warszawa Sadyba,19:30,,,2026-10-01T15:11:09.875523
2026-10-01,czwartek,warszawa,Lalka,Cinema City Warszawa Sadyba,20:30,,,2026-10-01T15:11:09.875523
2026-10-01,czwartek,warszawa,Lalka,Cinema City Warszawa Sadyba IMAX,18:00,,,2026-10-01T15:11:09.875523
2026-10-01,czwartek,warszawa,Lalka,Helios Warszawa Blue City,11:00,,,2026-10-01T15:11:09.875523
2026-10-01,czwartek,warszawa,Lalka,Helios Warszawa Blue City,11:00,,,2026-10-01T15:11:09.875523
2026-10-01,czwartek,warszawa,Lalka,Helios Warszawa Blue City,13:45,,,2026-10-01T15:11:09.875523
2026-10-01,czwartek,warszawa,Lalka,Helios Warszawa Blue City,14:30,,,2026-10-01T15:11:09.875523
2026-10-01,czwartek,warszawa,Lalka,Helios Warszawa Blue City,15:30,,,2026-10-01T15:11:09.875523
2026-10-01,czwartek,warszawa,Lalka,Helios Warszawa Blue City,17:00,,,2026-10-01T15:11:09.875523
2026-10-01,czwartek,warszawa,Lalka,Helios Warszawa Blue City,18:00,,,2026-10-01T15:11:09.875523
2026-10-01,czwartek,warszawa,Lalka,Helios Warszawa Blue City,19:00,,,2026-10-01T15:11:09.875523
2026-10-01,czwartek,warszawa,Lalka,Helios Warszawa Blue City,20:30,,,2026-10-01T15:11:09.875523
2026-10-01,czwartek,warszawa,Lalka,Helios Warszawa Blue City,21:30,,,2026-10-01T15:11:09.875523
2026-10-01,czwartek,warszawa,Lalka,Kino Atlantic w Warszawie,11:45,,,2026-10-01T15:11:09.875523
2026-10-01,czwartek,warszawa,Lalka,Kino Atlantic w Warszawie,13:45,,,2026-10-01T15:11:09.875523
2026-10-01,czwartek,warszawa,Lalka,Kino Atlantic w Warszawie,15:00,,,2026-10-01T15:11:09.875523
2026-10-01,czwartek,warszawa,Lalka,Kino Atlantic w Warszawie,17:00,,,2026-10-01T15:11:09.875523
2026-10-01,czwartek,warszawa,Lalka,Kino Atlantic w Warszawie,18:15,,,2026-10-01T15:11:09.875523
2026-10-01,czwartek,warszawa,Lalka,Kino Atlantic w Warszawie,20:15,,,2026-10-01T15:11:09.875523
2026-10-01,czwartek,warszawa,Lalka,Kino Iluzjon - Muzeum Sztuki Filmowej w Warszawie,20:15,,,2026-10-01T15:11:09.875523
2026-10-01,czwartek,warszawa,Lalka,Kino Kultura w Warszawie,18:10,,,2026-10-01T15:11:09.875523
2026-10-01,czwartek,warszawa,Lalka,Kino Kultura w Warszawie,21:15,,,2026-10-01T15:11:09.875523
2026-10-01,czwartek,warszawa,Lalka,Kino Luna w Warszawie,14:45,,,2026-10-01T15:11:09.875523
2026-10-01,czwartek,warszawa,Lalka,Kino Luna w Warszawie,18:30,,,2026-10-01T15:11:09.875523
2026-10-01,czwartek,warszawa,Lalka,Kino Muranów w Warszawie,14:15,,,2026-10-01T15:11:09.875523
2026-10-01,czwartek,warszawa,Lalka,Kino Muranów w Warszawie,20:15,,,2026-10-01T15:11:09.875523
2026-10-01,czwartek,warszawa,Lalka,Kino na Boku - Białołęcki Ośrodek Kultury w Warszawie,16:00,,,2026-10-01T15:11:09.875523
2026-10-01,czwartek,warszawa,Lalka,Kino na Boku - Białołęcki Ośrodek Kultury w Warszawie,19:00,,,2026-10-01T15:11:09.875523
2026-10-01,czwartek,warszawa,Lalka,KinoGram w Warszawie,16:30,,,2026-10-01T15:11:09.875523
2026-10-01,czwartek,warszawa,Lalka,KinoGram w Warszawie,19:45,,,2026-10-01T15:11:09.875523
2026-10-01,czwartek,warszawa,Lalka,Kinokawiarnia Stacja Falenica w Warszawie,20:00,,,2026-10-01T15:11:09.875523
2026-10-01,czwartek,warszawa,Lalka,Kinoteka w Warszawie,12:00,,,2026-10-01T15:11:09.875523
2026-10-01,czwartek,warszawa,Lalka,Kinoteka w Warszawie,13:30,,,2026-10-01T15:11:09.875523
2026-10-01,czwartek,warszawa,Lalka,Kinoteka w Warszawie,15:15,,,2026-10-01T15:11:09.875523
2026-10-01,czwartek,warszawa,Lalka,Kinoteka w Warszawie,17:00,,,2026-10-01T15:11:09.875523
2026-10-01,czwartek,warszawa,Lalka,Kinoteka w Warszawie,18:30,,,2026-10-01T15:11:09.875523
2026-10-01,czwartek,warszawa,Lalka,Kinoteka w Warszawie,20:15,,,2026-10-01T15:11:09.875523
2026-10-01,czwartek,warszawa,Lalka,Kinoteka w Warszawie,21:15,,,2026-10-01T15:11:09.875523
2026-10-01,czwartek,warszawa,Lalka,Multikino Atrium Reduta w Warszawie,10:05,,,2026-10-01T15:11:09.875523
2026-10-01,czwartek,warszawa,Lalka,Multikino Atrium Reduta w Warszawie,12:40,,,2026-10-01T15:11:09.875523
2026-10-01,czwartek,warszawa,Lalka,Multikino Atrium Reduta w Warszawie,13:30,,,2026-10-01T15:11:09.875523
2026-10-01,czwartek,warszawa,Lalka,Multikino Atrium Reduta w Warszawie,16:00,,,2026-10-01T15:11:09.875523
2026-10-01,czwartek,warszawa,Lalka,Multikino Atrium Reduta w Warszawie,17:00,,,2026-10-01T15:11:09.875523
2026-10-01,czwartek,warszawa,Lalka,Multikino Atrium Reduta w Warszawie,18:25,,,2026-10-01T15:11:09.875523
2026-10-01,czwartek,warszawa,Lalka,Multikino Atrium Reduta w Warszawie,19:30,,,2026-10-01T15:11:09.875523
2026-10-01,czwartek,warszawa,Lalka,Multikino Atrium Reduta w Warszawie,20:30,,,2026-10-01T15:11:09.875523
2026-10-01,czwartek,warszawa,Lalka,Multikino Młociny,10:00,,,2026-10-01T15:11:09.875523
2026-10-01,czwartek,warszawa,Lalka,Multikino Młociny,10:50,,,2026-10-01T15:11:09.875523
2026-10-01,czwartek,warszawa,Lalka,Multikino Młociny,14:15,,,2026-10-01T15:11:09.875523
2026-10-01,czwartek,warszawa,Lalka,Multikino Młociny,14:45,,,2026-10-01T15:11:09.875523
2026-10-01,czwartek,warszawa,Lalka,Multikino Młociny,15:55,,,2026-10-01T15:11:09.875523
2026-10-01,czwartek,warszawa,Lalka,Multikino Młociny,16:20,,,2026-10-01T15:11:09.875523
2026-10-01,czwartek,warszawa,Lalka,Multikino Młociny,17:45,,,2026-10-01T15:11:09.875523
2026-10-01,czwartek,warszawa,Lalka,Multikino Młociny,18:30,,,2026-10-01T15:11:09.875523
2026-10-01,czwartek,warszawa,Lalka,Multikino Młociny,19:00,,,2026-10-01T15:11:09.875523
2026-10-01,czwartek,warszawa,Lalka,Multikino Młociny,19:30,,,2026-10-01T15:11:09.875523
2026-10-01,czwartek,warszawa,Lalka,Multikino Młociny,19:45,,,2026-10-01T15:11:09.875523
2026-10-01,czwartek,warszawa,Lalka,Multikino Młociny,20:15,,,2026-10-01T15:11:09.875523
2026-10-01,czwartek,warszawa,Lalka,Multikino Młociny,20:30,,,2026-10-01T15:11:09.875523
2026-10-01,czwartek,warszawa,Lalka,Multikino Targówek,13:25,,,2026-10-01T15:11:09.875523
2026-10-01,czwartek,warszawa,Lalka,Multikino Targówek,14:25,,,2026-10-01T15:11:09.875523
2026-10-01,czwartek,warszawa,Lalka,Multikino Targówek,16:00,,,2026-10-01T15:11:09.875523
2026-10-01,czwartek,warszawa,Lalka,Multikino Targówek,16:25,,,2026-10-01T15:11:09.875523
2026-10-01,czwartek,warszawa,Lalka,Multikino Targówek,17:00,,,2026-10-01T15:11:09.875523
2026-10-01,czwartek,warszawa,Lalka,Multikino Targówek,18:00,,,2026-10-01T15:11:09.875523
2026-10-01,czwartek,warszawa,Lalka,Multikino Targówek,19:00,,,2026-10-01T15:11:09.875523
2026-10-01,czwartek,warszawa,Lalka,Multikino Targówek,19:30,,,2026-10-01T15:11:09.875523
2026-10-01,czwartek,warszawa,Lalka,Multikino Targówek,20:00,,,2026-10-01T15:11:09.875523
2026-10-01,czwartek,warszawa,Lalka,Multikino Targówek,20:30,,,2026-10-01T15:11:09.875523
2026-10-01,czwartek,warszawa,Lalka,Multikino Targówek,21:10,,,2026-10-01T15:11:09.875523
2026-10-01,czwartek,warszawa,Lalka,Multikino Wola,10:00,,,2026-10-01T15:11:09.875523
2026-10-01,czwartek,warszawa,Lalka,Multikino Wola,12:20,,,2026-10-01T15:11:09.875523
2026-10-01,czwartek,warszawa,Lalka,Multikino Wola,13:30,,,2026-10-01T15:11:09.875523
2026-10-01,czwartek,warszawa,Lalka,Multikino Wola,16:00,,,2026-10-01T15:11:09.875523
2026-10-01,czwartek,warszawa,Lalka,Multikino Wola,17:00,,,2026-10-01T15:11:09.875523
2026-10-01,czwartek,warszawa,Lalka,Multikino Wola,18:50,,,2026-10-01T15:11:09.875523
2026-10-01,czwartek,warszawa,Lalka,Multikino Wola,19:30,,,2026-10-01T15:11:09.875523
2026-10-01,czwartek,warszawa,Lalka,Multikino Wola,20:30,,,2026-10-01T15:11:09.875523
2026-10-01,czwartek,warszawa,Lalka,Multikino Złote Tarasy,10:50,,,2026-10-01T15:11:09.875523
2026-10-01,czwartek,warszawa,Lalka,Multikino Złote Tarasy,12:00,,,2026-10-01T15:11:09.875523
2026-10-01,czwartek,warszawa,Lalka,Multikino Złote Tarasy,14:10,,,2026-10-01T15:11:09.875523
2026-10-01,czwartek,warszawa,Lalka,Multikino Złote Tarasy,16:30,,,2026-10-01T15:11:09.875523
2026-10-01,czwartek,warszawa,Lalka,Multikino Złote Tarasy,17:30,,,2026-10-01T15:11:09.875523
2026-10-01,czwartek,warszawa,Lalka,Multikino Złote Tarasy,19:00,,,2026-10-01T15:11:09.875523
2026-10-01,czwartek,warszawa,Lalka,Multikino Złote Tarasy,20:00,,,2026-10-01T15:11:09.875523
2026-10-01,czwartek,warszawa,Lalka,Multikino Złote Tarasy,20:50,,,2026-10-01T15:11:09.875523
2026-10-01,czwartek,warszawa,Lalka,NoveKino Wisła w Warszawie,11:15,,,2026-10-01T15:11:09.875523
2026-10-01,czwartek,warszawa,Lalka,NoveKino Wisła w Warszawie,14:30,,,2026-10-01T15:11:09.875523
2026-10-01,czwartek,warszawa,Lalka,NoveKino Wisła w Warszawie,17:15,,,2026-10-01T15:11:09.875523
2026-10-01,czwartek,warszawa,Lalka,NoveKino Wisła w Warszawie,18:00,,,2026-10-01T15:11:09.875523
2026-10-01,czwartek,warszawa,Lalka,NoveKino Wisła w Warszawie,20:15,,,2026-10-01T15:11:09.875523
2026-10-01,czwartek,warszawa,Lalka (seans z audiodeskrypcją),Cinema City Warszawa Arkadia,18:50,,,2026-10-01T15:11:09.875523
2026-10-01,czwartek,warszawa,Lalka (seans z audiodeskrypcją),Cinema City Warszawa Galeria Północna,19:40,,,2026-10-01T15:11:09.875523
2026-10-01,czwartek,warszawa,Lalka (seans z audiodeskrypcją),Kino Kultura w Warszawie,21:15,,,2026-10-01T15:11:09.875523
2026-10-01,czwartek,warszawa,Lalka (seans z audiodeskrypcją),Kino na Boku - Białołęcki Ośrodek Kultury w Warszawie,16:00,,,2026-10-01T15:11:09.875523
2026-10-01,czwartek,warszawa,Lalka (seans z audiodeskrypcją),Kino na Boku - Białołęcki Ośrodek Kultury w Warszawie,19:00,,,2026-10-01T15:11:09.875523
2026-10-01,czwartek,warszawa,Luna i rozgadana świnka,Helios Warszawa Blue City,13:30,,,2026-10-01T15:11:09.875523
2026-10-01,czwartek,warszawa,Luna i rozgadana świnka,Helios Warszawa Blue City,16:00,,,2026-10-01T15:11:09.875523
2026-10-01,czwartek,warszawa,Luna i rozgadana świnka,NoveKino Wisła w Warszawie,13:30,,,2026-10-01T15:11:09.875523
2026-10-01,czwartek,warszawa,Luna i rozgadana świnka (dubbing),Cinema City Warszawa Arkadia,10:10,,dubbing,2026-10-01T15:11:09.875523
2026-10-01,czwartek,warszawa,Luna i rozgadana świnka (dubbing),Cinema City Warszawa Arkadia,12:20,,dubbing,2026-10-01T15:11:09.875523
2026-10-01,czwartek,warszawa,Luna i rozgadana świnka (dubbing),Cinema City Warszawa Arkadia,14:30,,dubbing,2026-10-01T15:11:09.875523
2026-10-01,czwartek,warszawa,Luna i rozgadana świnka (dubbing),Cinema City Warszawa Arkadia,16:40,,dubbing,2026-10-01T15:11:09.875523
2026-10-01,czwartek,warszawa,Luna i rozgadana świnka (dubbing),Cinema City Warszawa Bemowo,11:00,,dubbing,2026-10-01T15:11:09.875523
2026-10-01,czwartek,warszawa,Luna i rozgadana świnka (dubbing),Cinema City Warszawa Bemowo,13:10,,dubbing,2026-10-01T15:11:09.875523
2026-10-01,czwartek,warszawa,Luna i rozgadana świnka (dubbing),Cinema City Warszawa Bemowo,15:20,,dubbing,2026-10-01T15:11:09.875523
2026-10-01,czwartek,warszawa,Luna i rozgadana świnka (dubbing),Cinema City Warszawa Bemowo,17:30,,dubbing,2026-10-01T15:11:09.875523
2026-10-01,czwartek,warszawa,Luna i rozgadana świnka (dubbing),Cinema City Warszawa Galeria Mokotów,10:30,,dubbing,2026-10-01T15:11:09.875523
2026-10-01,czwartek,warszawa,Luna i rozgadana świnka (dubbing),Cinema City Warszawa Galeria Mokotów,12:10,,dubbing,2026-10-01T15:11:09.875523
2026-10-01,czwartek,warszawa,Luna i rozgadana świnka (dubbing),Cinema City Warszawa Galeria Mokotów,12:40,,dubbing,2026-10-01T15:11:09.875523
2026-10-01,czwartek,warszawa,Luna i rozgadana świnka (dubbing),Cinema City Warszawa Galeria Mokotów,14:50,,dubbing,2026-10-01T15:11:09.875523
2026-10-01,czwartek,warszawa,Luna i rozgadana świnka (dubbing),Cinema City Warszawa Galeria Północna,12:20,,dubbing,2026-10-01T15:11:09.875523
2026-10-01,czwartek,warszawa,Luna i rozgadana świnka (dubbing),Cinema City Warszawa Galeria Północna,13:00,,dubbing,2026-10-01T15:11:09.875523
2026-10-01,czwartek,warszawa,Luna i rozgadana świnka (dubbing),Cinema City Warszawa Galeria Północna,15:10,,dubbing,2026-10-01T15:11:09.875523
2026-10-01,czwartek,warszawa,Luna i rozgadana świnka (dubbing),Cinema City Warszawa Galeria Północna,17:20,,dubbing,2026-10-01T15:11:09.875523
2026-10-01,czwartek,warszawa,Luna i rozgadana świnka (dubbing),Cinema City Warszawa Promenada,10:00,,dubbing,2026-10-01T15:11:09.875523
2026-10-01,czwartek,warszawa,Luna i rozgadana świnka (dubbing),Cinema City Warszawa Promenada,10:40,,dubbing,2026-10-01T15:11:09.875523
2026-10-01,czwartek,warszawa,Luna i rozgadana świnka (dubbing),Cinema City Warszawa Promenada,14:00,,dubbing,2026-10-01T15:11:09.875523
2026-10-01,czwartek,warszawa,Luna i rozgadana świnka (dubbing),Cinema City Warszawa Promenada,16:10,,dubbing,2026-10-01T15:11:09.875523
2026-10-01,czwartek,warszawa,Luna i rozgadana świnka (dubbing),Cinema City Warszawa Promenada,18:20,,dubbing,2026-10-01T15:11:09.875523
2026-10-01,czwartek,warszawa,Luna i rozgadana świnka (dubbing),Cinema City Warszawa Sadyba,11:00,,dubbing,2026-10-01T15:11:09.875523
2026-10-01,czwartek,warszawa,Luna i rozgadana świnka (dubbing),Cinema City Warszawa Sadyba,11:30,,dubbing,2026-10-01T15:11:09.875523
2026-10-01,czwartek,warszawa,Luna i rozgadana świnka (dubbing),Cinema City Warszawa Sadyba,13:40,,dubbing,2026-10-01T15:11:09.875523
2026-10-01,czwartek,warszawa,Luna i rozgadana świnka (dubbing),Cinema City Warszawa Sadyba,15:50,,dubbing,2026-10-01T15:11:09.875523
2026-10-01,czwartek,warszawa,Luna i rozgadana świnka (dubbing),Helios Warszawa Blue City,13:30,,dubbing,2026-10-01T15:11:09.875523
2026-10-01,czwartek,warszawa,Luna i rozgadana świnka (dubbing),Helios Warszawa Blue City,16:00,,dubbing,2026-10-01T15:11:09.875523
2026-10-01,czwartek,warszawa,Luna i rozgadana świnka (dubbing),Multikino Atrium Reduta w Warszawie,12:35,,dubbing,2026-10-01T15:11:09.875523
2026-10-01,czwartek,warszawa,Luna i rozgadana świnka (dubbing),Multikino Atrium Reduta w Warszawie,14:35,,dubbing,2026-10-01T15:11:09.875523
2026-10-01,czwartek,warszawa,Luna i rozgadana świnka (dubbing),Multikino Atrium Reduta w Warszawie,16:45,,dubbing,2026-10-01T15:11:09.875523
2026-10-01,czwartek,warszawa,Luna i rozgadana świnka (dubbing),Multikino Młociny,13:30,,dubbing,2026-10-01T15:11:09.875523
2026-10-01,czwartek,warszawa,Luna i rozgadana świnka (dubbing),Multikino Młociny,15:40,,dubbing,2026-10-01T15:11:09.875523
2026-10-01,czwartek,warszawa,Luna i rozgadana świnka (dubbing),Multikino Młociny,18:00,,dubbing,2026-10-01T15:11:09.875523
2026-10-01,czwartek,warszawa,Luna i rozgadana świnka (dubbing),Multikino Targówek,12:00,,dubbing,2026-10-01T15:11:09.875523
2026-10-01,czwartek,warszawa,Luna i rozgadana świnka (dubbing),Multikino Targówek,15:15,,dubbing,2026-10-01T15:11:09.875523
2026-10-01,czwartek,warszawa,Luna i rozgadana świnka (dubbing),Multikino Targówek,17:30,,dubbing,2026-10-01T15:11:09.875523
2026-10-01,czwartek,warszawa,Luna i rozgadana świnka (dubbing),Multikino Wola,12:10,,dubbing,2026-10-01T15:11:09.875523
2026-10-01,czwartek,warszawa,Luna i rozgadana świnka (dubbing),Multikino Wola,14:20,,dubbing,2026-10-01T15:11:09.875523
2026-10-01,czwartek,warszawa,Luna i rozgadana świnka (dubbing),Multikino Wola,16:35,,dubbing,2026-10-01T15:11:09.875523
2026-10-01,czwartek,warszawa,Luna i rozgadana świnka (dubbing),Multikino Złote Tarasy,10:00,,dubbing,2026-10-01T15:11:09.875523
2026-10-01,czwartek,warszawa,Luna i rozgadana świnka (dubbing),Multikino Złote Tarasy,14:20,,dubbing,2026-10-01T15:11:09.875523
2026-10-01,czwartek,warszawa,Ma to sens,Cinema City Warszawa Arkadia,17:00,,,2026-10-01T15:11:09.875523
2026-10-01,czwartek,warszawa,Ma to sens,Cinema City Warszawa Bemowo,14:30,,,2026-10-01T15:11:09.875523
2026-10-01,czwartek,warszawa,Ma to sens,Cinema City Warszawa Bemowo,22:00,,,2026-10-01T15:11:09.875523
2026-10-01,czwartek,warszawa,Ma to sens,Cinema City Warszawa Galeria Mokotów,15:50,,,2026-10-01T15:11:09.875523
2026-10-01,czwartek,warszawa,Ma to sens,Cinema City Warszawa Galeria Mokotów,20:10,,,2026-10-01T15:11:09.875523
2026-10-01,czwartek,warszawa,Ma to sens,Cinema City Warszawa Galeria Mokotów,22:20,,,2026-10-01T15:11:09.875523
2026-10-01,czwartek,warszawa,Ma to sens,Cinema City Warszawa Promenada,17:30,,,2026-10-01T15:11:09.875523
2026-10-01,czwartek,warszawa,Ma to sens,Cinema City Warszawa Sadyba,20:40,,,2026-10-01T15:11:09.875523
2026-10-01,czwartek,warszawa,Marsupilami,Helios Warszawa Blue City,11:00,,,2026-10-01T15:11:09.875523
2026-10-01,czwartek,warszawa,Marsupilami (dubbing),Cinema City Warszawa Arkadia,15:00,,dubbing,2026-10-01T15:11:09.875523
2026-10-01,czwartek,warszawa,Marsupilami (dubbing),Cinema City Warszawa Arkadia,17:20,,dubbing,2026-10-01T15:11:09.875523
2026-10-01,czwartek,warszawa,Marsupilami (dubbing),Cinema City Warszawa Bemowo,16:30,,dubbing,2026-10-01T15:11:09.875523
2026-10-01,czwartek,warszawa,Marsupilami (dubbing),Cinema City Warszawa Galeria Mokotów,14:40,,dubbing,2026-10-01T15:11:09.875523
2026-10-01,czwartek,warszawa,Marsupilami (dubbing),Cinema City Warszawa Galeria Mokotów,17:00,,dubbing,2026-10-01T15:11:09.875523
2026-10-01,czwartek,warszawa,Marsupilami (dubbing),Cinema City Warszawa Galeria Północna,14:00,,dubbing,2026-10-01T15:11:09.875523
2026-10-01,czwartek,warszawa,Marsupilami (dubbing),Cinema City Warszawa Promenada,15:40,,dubbing,2026-10-01T15:11:09.875523
2026-10-01,czwartek,warszawa,Marsupilami (dubbing),Cinema City Warszawa Promenada,18:00,,dubbing,2026-10-01T15:11:09.875523
2026-10-01,czwartek,warszawa,Marsupilami (dubbing),Cinema City Warszawa Sadyba,14:45,,dubbing,2026-10-01T15:11:09.875523
2026-10-01,czwartek,warszawa,Marsupilami (dubbing),Cinema City Warszawa Sadyba,17:10,,dubbing,2026-10-01T15:11:09.875523
2026-10-01,czwartek,warszawa,Marsupilami (dubbing),Cinema City Warszawa Sadyba,19:30,,dubbing,2026-10-01T15:11:09.875523
2026-10-01,czwartek,warszawa,Marsupilami (dubbing),Multikino Atrium Reduta w Warszawie,11:20,,dubbing,2026-10-01T15:11:09.875523
2026-10-01,czwartek,warszawa,Marsupilami (dubbing),Multikino Młociny,15:10,,dubbing,2026-10-01T15:11:09.875523
2026-10-01,czwartek,warszawa,Marsupilami (dubbing),Multikino Targówek,15:20,,dubbing,2026-10-01T15:11:09.875523
2026-10-01,czwartek,warszawa,Marsupilami (dubbing),Multikino Wola,13:05,,dubbing,2026-10-01T15:11:09.875523
2026-10-01,czwartek,warszawa,"Miłość, śmierć i dojrzewanie w Camp Miasma",AMONDO Kino w Warszawie,17:15,,,2026-10-01T15:11:09.875523
2026-10-01,czwartek,warszawa,"Miłość, śmierć i dojrzewanie w Camp Miasma",Kinoteka w Warszawie,14:00,,,2026-10-01T15:11:09.875523
2026-10-01,czwartek,warszawa,Minionki i straszydła (dubbing),Cinema City Warszawa Arkadia,10:10,,dubbing,2026-10-01T15:11:09.875523
2026-10-01,czwartek,warszawa,Minionki i straszydła (dubbing),Cinema City Warszawa Galeria Mokotów,10:00,,dubbing,2026-10-01T15:11:09.875523
2026-10-01,czwartek,warszawa,Minionki i straszydła (dubbing),Multikino Targówek,14:10,,dubbing,2026-10-01T15:11:09.875523
2026-10-01,czwartek,warszawa,Mistyczka,Cinema City Warszawa Arkadia,14:50,,,2026-10-01T15:11:09.875523
2026-10-01,czwartek,warszawa,Mistyczka,Cinema City Warszawa Promenada,14:10,,,2026-10-01T15:11:09.875523
2026-10-01,czwartek,warszawa,Mistyczka,Cinema City Warszawa Promenada,16:20,,,2026-10-01T15:11:09.875523
2026-10-01,czwartek,warszawa,Mistyczka,Cinema City Warszawa Sadyba,14:40,,,2026-10-01T15:11:09.875523
2026-10-01,czwartek,warszawa,Mistyczka,Helios Warszawa Blue City,16:20,,,2026-10-01T15:11:09.875523
2026-10-01,czwartek,warszawa,Mistyczka,Kinokawiarnia Stacja Falenica w Warszawie,20:30,,,2026-10-01T15:11:09.875523
2026-10-01,czwartek,warszawa,Mistyczka,Multikino Młociny,12:30,,,2026-10-01T15:11:09.875523
2026-10-01,czwartek,warszawa,Mistyczka,Multikino Targówek,14:00,,,2026-10-01T15:11:09.875523
2026-10-01,czwartek,warszawa,Mistyczka,Multikino Targówek,15:45,,,2026-10-01T15:11:09.875523
2026-10-01,czwartek,warszawa,Mistyczka,NoveKino Wisła w Warszawie,12:10,,,2026-10-01T15:11:09.875523
2026-10-01,czwartek,warszawa,Mistyczka,NoveKino Wisła w Warszawie,19:30,,,2026-10-01T15:11:09.875523
2026-10-01,czwartek,warszawa,Największą cnotą kobiety jest milczenie,Kinomuzeum w Muzeum Sztuki Nowoczesnej w Warszawie,18:00,,,2026-10-01T15:11:09.875523
2026-10-01,czwartek,warszawa,Naznaczony: Wyjście z mrocznego wymiaru,Cinema City Warszawa Galeria Północna,21:50,,,2026-10-01T15:11:09.875523
2026-10-01,czwartek,warszawa,Naznaczony: Wyjście z mrocznego wymiaru,Cinema City Warszawa Promenada,22:20,,,2026-10-01T15:11:09.875523
2026-10-01,czwartek,warszawa,Naznaczony: Wyjście z mrocznego wymiaru,Cinema City Warszawa Sadyba,21:50,,,2026-10-01T15:11:09.875523
2026-10-01,czwartek,warszawa,Nie patrz w dół 2,Cinema City Warszawa Arkadia,17:10,,,2026-10-01T15:11:09.875523
2026-10-01,czwartek,warszawa,Nie patrz w dół 2,Cinema City Warszawa Bemowo,17:50,,,2026-10-01T15:11:09.875523
2026-10-01,czwartek,warszawa,Nie patrz w dół 2,Cinema City Warszawa Bemowo,21:15,,,2026-10-01T15:11:09.875523
2026-10-01,czwartek,warszawa,Nie patrz w dół 2,Cinema City Warszawa Galeria Północna,21:00,,,2026-10-01T15:11:09.875523
2026-10-01,czwartek,warszawa,Nie patrz w dół 2,Cinema City Warszawa Sadyba,22:00,,,2026-10-01T15:11:09.875523
2026-10-01,czwartek,warszawa,Niebo nad Normandią,Cinema City Warszawa Arkadia,19:10,,,2026-10-01T15:11:09.875523
2026-10-01,czwartek,warszawa,Niebo nad Normandią,Cinema City Warszawa Bemowo,18:50,,,2026-10-01T15:11:09.875523
2026-10-01,czwartek,warszawa,Niebo nad Normandią,Cinema City Warszawa Galeria Mokotów,19:40,,,2026-10-01T15:11:09.875523
2026-10-01,czwartek,warszawa,Niebo nad Normandią,Cinema City Warszawa Galeria Północna,18:40,,,2026-10-01T15:11:09.875523
2026-10-01,czwartek,warszawa,Niebo nad Normandią,Cinema City Warszawa Promenada,20:30,,,2026-10-01T15:11:09.875523
2026-10-01,czwartek,warszawa,Niebo nad Normandią,Cinema City Warszawa Sadyba,18:50,,,2026-10-01T15:11:09.875523
2026-10-01,czwartek,warszawa,Niebo nad Normandią,Kinoteka w Warszawie,15:30,,,2026-10-01T15:11:09.875523
2026-10-01,czwartek,warszawa,Niebo nad Normandią,Multikino Młociny,13:25,,,2026-10-01T15:11:09.875523
2026-10-01,czwartek,warszawa,Niebo nad Normandią,Multikino Targówek,17:45,,,2026-10-01T15:11:09.875523
2026-10-01,czwartek,warszawa,Niebo nad Normandią,NoveKino Wisła w Warszawie,11:30,,,2026-10-01T15:11:09.875523
2026-10-01,czwartek,warszawa,Obcy,Cinema City Warszawa Arkadia,14:20,,,2026-10-01T15:11:09.875523
2026-10-01,czwartek,warszawa,Obcy,Cinema City Warszawa Bemowo,12:15,,,2026-10-01T15:11:09.875523
2026-10-01,czwartek,warszawa,Obcy,Cinema City Warszawa Galeria Mokotów,19:30,,,2026-10-01T15:11:09.875523
2026-10-01,czwartek,warszawa,Obcy,Cinema City Warszawa Promenada,16:15,,,2026-10-01T15:11:09.875523
2026-10-01,czwartek,warszawa,Obcy,Cinema City Warszawa Sadyba,18:00,,,2026-10-01T15:11:09.875523
2026-10-01,czwartek,warszawa,Obcy,Kino - Dom Kultury Kadr w Warszawie,19:00,,,2026-10-01T15:11:09.875523
2026-10-01,czwartek,warszawa,Obcy,Kino Atlantic w Warszawie,12:00,,,2026-10-01T15:11:09.875523
2026-10-01,czwartek,warszawa,Obcy,Kino Kultura w Warszawie,15:30,,,2026-10-01T15:11:09.875523
2026-10-01,czwartek,warszawa,Obcy,Kino Luna w Warszawie,19:45,,,2026-10-01T15:11:09.875523
2026-10-01,czwartek,warszawa,Obcy,Kino Muranów w Warszawie,19:00,,,2026-10-01T15:11:09.875523
2026-10-01,czwartek,warszawa,Obcy,Kino Muranów w Warszawie,20:00,,,2026-10-01T15:11:09.875523
2026-10-01,czwartek,warszawa,Obcy,Kino Muranów w Warszawie,21:30,,,2026-10-01T15:11:09.875523
2026-10-01,czwartek,warszawa,Obcy,Kinokawiarnia Stacja Falenica w Warszawie,17:30,,,2026-10-01T15:11:09.875523
2026-10-01,czwartek,warszawa,Obcy,Kinoteka w Warszawie,15:20,,,2026-10-01T15:11:09.875523
2026-10-01,czwartek,warszawa,Obcy,Kinoteka w Warszawie,20:00,,,2026-10-01T15:11:09.875523
2026-10-01,czwartek,warszawa,Odyseja,Cinema City Warszawa Arkadia,20:50,,,2026-10-01T15:11:09.875523
2026-10-01,czwartek,warszawa,Odyseja,Cinema City Warszawa Galeria Mokotów,21:10,,,2026-10-01T15:11:09.875523
2026-10-01,czwartek,warszawa,Odyseja,Cinema City Warszawa Galeria Północna,18:20,,,2026-10-01T15:11:09.875523
2026-10-01,czwartek,warszawa,Odyseja,Cinema City Warszawa Promenada,19:40,,,2026-10-01T15:11:09.875523
2026-10-01,czwartek,warszawa,Odyseja,Cinema City Warszawa Sadyba,21:10,,,2026-10-01T15:11:09.875523
2026-10-01,czwartek,warszawa,Odyseja,Helios Warszawa Blue City,19:30,,,2026-10-01T15:11:09.875523
2026-10-01,czwartek,warszawa,Odyseja,KinoGram w Warszawie,17:00,,,2026-10-01T15:11:09.875523
2026-10-01,czwartek,warszawa,Odyseja,Kinoteka w Warszawie,14:30,,,2026-10-01T15:11:09.875523
2026-10-01,czwartek,warszawa,Odyseja,Multikino Atrium Reduta w Warszawie,12:15,,,2026-10-01T15:11:09.875523
2026-10-01,czwartek,warszawa,Odyseja,Multikino Młociny,15:50,,,2026-10-01T15:11:09.875523
2026-10-01,czwartek,warszawa,Odyseja,Multikino Młociny,19:45,,,2026-10-01T15:11:09.875523
2026-10-01,czwartek,warszawa,Odyseja,Multikino Targówek,19:45,,,2026-10-01T15:11:09.875523
2026-10-01,czwartek,warszawa,Odyseja,Multikino Wola,12:30,,,2026-10-01T15:11:09.875523
2026-10-01,czwartek,warszawa,Odyseja,Multikino Złote Tarasy,10:05,,,2026-10-01T15:11:09.875523
2026-10-01,czwartek,warszawa,Ojczyzna,Kino Atlantic w Warszawie,11:45,,,2026-10-01T15:11:09.875523
2026-10-01,czwartek,warszawa,Orlando,Kino Iluzjon - Muzeum Sztuki Filmowej w Warszawie,20:00,,,2026-10-01T15:11:09.875523
2026-10-01,czwartek,warszawa,Orlando,Kinoteka w Warszawie,18:00,,,2026-10-01T15:11:09.875523
2026-10-01,czwartek,warszawa,Podręcznik dla superbohaterów,Kinokawiarnia Stacja Falenica w Warszawie,14:45,,,2026-10-01T15:11:09.875523
2026-10-01,czwartek,warszawa,"Powiedz mi, co czujesz",Cinema City Warszawa Arkadia,21:30,,,2026-10-01T15:11:09.875523
2026-10-01,czwartek,warszawa,"Powiedz mi, co czujesz",Cinema City Warszawa Promenada,11:40,,,2026-10-01T15:11:09.875523
2026-10-01,czwartek,warszawa,"Powiedz mi, co czujesz",Kino Luna w Warszawie,17:45,,,2026-10-01T15:11:09.875523
2026-10-01,czwartek,warszawa,"Powiedz mi, co czujesz",Kino Praha w Warszawie,15:00,,,2026-10-01T15:11:09.875523
2026-10-01,czwartek,warszawa,"Powiedz mi, co czujesz",Kinokawiarnia Stacja Falenica w Warszawie,13:00,,,2026-10-01T15:11:09.875523
2026-10-01,czwartek,warszawa,"Powiedz mi, co czujesz",Kinoteka w Warszawie,12:15,,,2026-10-01T15:11:09.875523
2026-10-01,czwartek,warszawa,"Powiedz mi, co czujesz",Multikino Atrium Reduta w Warszawie,20:00,,,2026-10-01T15:11:09.875523
2026-10-01,czwartek,warszawa,"Powiedz mi, co czujesz",Multikino Młociny,20:00,,,2026-10-01T15:11:09.875523
2026-10-01,czwartek,warszawa,"Powiedz mi, co czujesz",Multikino Targówek,20:00,,,2026-10-01T15:11:09.875523
2026-10-01,czwartek,warszawa,"Powiedz mi, co czujesz",Multikino Wola,20:00,,,2026-10-01T15:11:09.875523
2026-10-01,czwartek,warszawa,"Powiedz mi, co czujesz",Multikino Złote Tarasy,20:10,,,2026-10-01T15:11:09.875523
2026-10-01,czwartek,warszawa,"Powiedz mi, co czujesz",NoveKino Wisła w Warszawie,21:00,,,2026-10-01T15:11:09.875523
2026-10-01,czwartek,warszawa,"Pół żartem, pół serio",Kino Kultura w Warszawie,18:00,,,2026-10-01T15:11:09.875523
2026-10-01,czwartek,warszawa,Psi Patrol i dinozaury (dubbing),Cinema City Warszawa Arkadia,14:40,,dubbing,2026-10-01T15:11:09.875523
2026-10-01,czwartek,warszawa,Psi Patrol i dinozaury (dubbing),Cinema City Warszawa Promenada,14:00,,dubbing,2026-10-01T15:11:09.875523
2026-10-01,czwartek,warszawa,Psi Patrol i dinozaury (dubbing),Multikino Atrium Reduta w Warszawie,12:25,,dubbing,2026-10-01T15:11:09.875523
2026-10-01,czwartek,warszawa,Pucio kocha zwierzaki,Cinema City Warszawa Bemowo,14:45,,,2026-10-01T15:11:09.875523
2026-10-01,czwartek,warszawa,Pucio kocha zwierzaki,Kinoteka w Warszawie,09:15,,,2026-10-01T15:11:09.875523
2026-10-01,czwartek,warszawa,Pucio kocha zwierzaki,Multikino Wola,10:10,,,2026-10-01T15:11:09.875523
2026-10-01,czwartek,warszawa,Punku,AMONDO Kino w Warszawie,19:30,,,2026-10-01T15:11:09.875523
2026-10-01,czwartek,warszawa,Requiem dla snu,Kino Muranów w Warszawie,21:45,,,2026-10-01T15:11:09.875523
2026-10-01,czwartek,warszawa,Resident Evil,Cinema City Warszawa Arkadia,14:00,,,2026-10-01T15:11:09.875523
2026-10-01,czwartek,warszawa,Resident Evil,Cinema City Warszawa Arkadia,15:40,,,2026-10-01T15:11:09.875523
2026-10-01,czwartek,warszawa,Resident Evil,Cinema City Warszawa Arkadia,16:15,,,2026-10-01T15:11:09.875523
2026-10-01,czwartek,warszawa,Resident Evil,Cinema City Warszawa Arkadia,19:10,,,2026-10-01T15:11:09.875523
2026-10-01,czwartek,warszawa,Resident Evil,Cinema City Warszawa Arkadia,21:30,,,2026-10-01T15:11:09.875523
2026-10-01,czwartek,warszawa,Resident Evil,Cinema City Warszawa Arkadia,22:10,,,2026-10-01T15:11:09.875523
2026-10-01,czwartek,warszawa,Resident Evil,Cinema City Warszawa Bemowo,14:15,,,2026-10-01T15:11:09.875523
2026-10-01,czwartek,warszawa,Resident Evil,Cinema City Warszawa Bemowo,16:30,,,2026-10-01T15:11:09.875523
2026-10-01,czwartek,warszawa,Resident Evil,Cinema City Warszawa Bemowo,18:45,,,2026-10-01T15:11:09.875523
2026-10-01,czwartek,warszawa,Resident Evil,Cinema City Warszawa Bemowo,20:20,,,2026-10-01T15:11:09.875523
2026-10-01,czwartek,warszawa,Resident Evil,Cinema City Warszawa Bemowo,21:00,,,2026-10-01T15:11:09.875523
2026-10-01,czwartek,warszawa,Resident Evil,Cinema City Warszawa Galeria Mokotów,14:10,,,2026-10-01T15:11:09.875523
2026-10-01,czwartek,warszawa,Resident Evil,Cinema City Warszawa Galeria Mokotów,16:20,,,2026-10-01T15:11:09.875523
2026-10-01,czwartek,warszawa,Resident Evil,Cinema City Warszawa Galeria Mokotów,17:00,,,2026-10-01T15:11:09.875523
2026-10-01,czwartek,warszawa,Resident Evil,Cinema City Warszawa Galeria Mokotów,18:30,,,2026-10-01T15:11:09.875523
2026-10-01,czwartek,warszawa,Resident Evil,Cinema City Warszawa Galeria Mokotów,20:45,,,2026-10-01T15:11:09.875523
2026-10-01,czwartek,warszawa,Resident Evil,Cinema City Warszawa Galeria Północna,14:30,,,2026-10-01T15:11:09.875523
2026-10-01,czwartek,warszawa,Resident Evil,Cinema City Warszawa Galeria Północna,16:50,,,2026-10-01T15:11:09.875523
2026-10-01,czwartek,warszawa,Resident Evil,Cinema City Warszawa Galeria Północna,19:20,,,2026-10-01T15:11:09.875523
2026-10-01,czwartek,warszawa,Resident Evil,Cinema City Warszawa Galeria Północna,21:40,,,2026-10-01T15:11:09.875523
2026-10-01,czwartek,warszawa,Resident Evil,Cinema City Warszawa Promenada,14:45,,,2026-10-01T15:11:09.875523
2026-10-01,czwartek,warszawa,Resident Evil,Cinema City Warszawa Promenada,17:00,,,2026-10-01T15:11:09.875523
2026-10-01,czwartek,warszawa,Resident Evil,Cinema City Warszawa Promenada,19:15,,,2026-10-01T15:11:09.875523
2026-10-01,czwartek,warszawa,Resident Evil,Cinema City Warszawa Promenada,21:30,,,2026-10-01T15:11:09.875523
2026-10-01,czwartek,warszawa,Resident Evil,Cinema City Warszawa Sadyba,14:30,,,2026-10-01T15:11:09.875523
2026-10-01,czwartek,warszawa,Resident Evil,Cinema City Warszawa Sadyba,16:45,,,2026-10-01T15:11:09.875523
2026-10-01,czwartek,warszawa,Resident Evil,Cinema City Warszawa Sadyba,19:00,,,2026-10-01T15:11:09.875523
2026-10-01,czwartek,warszawa,Resident Evil,Cinema City Warszawa Sadyba,21:15,,,2026-10-01T15:11:09.875523
2026-10-01,czwartek,warszawa,Resident Evil,Helios Warszawa Blue City,14:30,,,2026-10-01T15:11:09.875523
2026-10-01,czwartek,warszawa,Resident Evil,Helios Warszawa Blue City,16:30,,,2026-10-01T15:11:09.875523
2026-10-01,czwartek,warszawa,Resident Evil,Helios Warszawa Blue City,18:15,,,2026-10-01T15:11:09.875523
2026-10-01,czwartek,warszawa,Resident Evil,Helios Warszawa Blue City,19:45,,,2026-10-01T15:11:09.875523
2026-10-01,czwartek,warszawa,Resident Evil,Multikino Atrium Reduta w Warszawie,15:20,,,2026-10-01T15:11:09.875523
2026-10-01,czwartek,warszawa,Resident Evil,Multikino Atrium Reduta w Warszawie,17:40,,,2026-10-01T15:11:09.875523
2026-10-01,czwartek,warszawa,Resident Evil,Multikino Młociny,13:40,,,2026-10-01T15:11:09.875523
2026-10-01,czwartek,warszawa,Resident Evil,Multikino Młociny,15:55,,,2026-10-01T15:11:09.875523
2026-10-01,czwartek,warszawa,Resident Evil,Multikino Młociny,18:10,,,2026-10-01T15:11:09.875523
2026-10-01,czwartek,warszawa,Resident Evil,Multikino Targówek,14:15,,,2026-10-01T15:11:09.875523
2026-10-01,czwartek,warszawa,Resident Evil,Multikino Targówek,16:30,,,2026-10-01T15:11:09.875523
2026-10-01,czwartek,warszawa,Resident Evil,Multikino Targówek,18:45,,,2026-10-01T15:11:09.875523
2026-10-01,czwartek,warszawa,Resident Evil,Multikino Targówek,21:30,,,2026-10-01T15:11:09.875523
2026-10-01,czwartek,warszawa,Resident Evil,Multikino Wola,15:25,,,2026-10-01T15:11:09.875523
2026-10-01,czwartek,warszawa,Resident Evil,Multikino Wola,17:40,,,2026-10-01T15:11:09.875523
2026-10-01,czwartek,warszawa,Resident Evil,Multikino Złote Tarasy,17:05,,,2026-10-01T15:11:09.875523
2026-10-01,czwartek,warszawa,Resident Evil,Multikino Złote Tarasy,19:20,,,2026-10-01T15:11:09.875523
2026-10-01,czwartek,warszawa,Resident Evil,Multikino Złote Tarasy,21:35,,,2026-10-01T15:11:09.875523
2026-10-01,czwartek,warszawa,Resident Evil: Oselia Zla (ukr.),Cinema City Warszawa Arkadia,22:30,,,2026-10-01T15:11:09.875523
2026-10-01,czwartek,warszawa,Resident Evil: Oselia Zla (ukr.),Cinema City Warszawa Galeria Mokotów,18:00,,,2026-10-01T15:11:09.875523
2026-10-01,czwartek,warszawa,Resident Evil: Oselia Zla (ukr.),Cinema City Warszawa Galeria Północna,22:00,,,2026-10-01T15:11:09.875523
2026-10-01,czwartek,warszawa,Resident Evil: Oselia Zla (ukr.),Helios Warszawa Blue City,12:30,,,2026-10-01T15:11:09.875523
2026-10-01,czwartek,warszawa,Resident Evil: Oselia Zla (ukr.),Helios Warszawa Blue City,21:45,,,2026-10-01T15:11:09.875523
2026-10-01,czwartek,warszawa,Spider-Man. Całkiem nowy dzień,Cinema City Warszawa Arkadia,16:00,,,2026-10-01T15:11:09.875523
2026-10-01,czwartek,warszawa,Spider-Man. Całkiem nowy dzień,Cinema City Warszawa Bemowo,20:45,,,2026-10-01T15:11:09.875523
2026-10-01,czwartek,warszawa,Spider-Man. Całkiem nowy dzień,Cinema City Warszawa Galeria Mokotów,22:10,,,2026-10-01T15:11:09.875523
2026-10-01,czwartek,warszawa,Spider-Man. Całkiem nowy dzień,Cinema City Warszawa Galeria Północna,18:10,,,2026-10-01T15:11:09.875523
2026-10-01,czwartek,warszawa,Spider-Man. Całkiem nowy dzień,Cinema City Warszawa Promenada,20:40,,,2026-10-01T15:11:09.875523
2026-10-01,czwartek,warszawa,Spider-Man. Całkiem nowy dzień,Cinema City Warszawa Sadyba,20:10,,,2026-10-01T15:11:09.875523
2026-10-01,czwartek,warszawa,Spider-Man. Całkiem nowy dzień,Helios Warszawa Blue City,10:00,,,2026-10-01T15:11:09.875523
2026-10-01,czwartek,warszawa,Spider-Man. Całkiem nowy dzień,Helios Warszawa Blue City,10:20,,,2026-10-01T15:11:09.875523
2026-10-01,czwartek,warszawa,Spider-Man. Całkiem nowy dzień,Multikino Młociny,11:30,,,2026-10-01T15:11:09.875523
2026-10-01,czwartek,warszawa,Spider-Man. Całkiem nowy dzień,Multikino Targówek,19:55,,,2026-10-01T15:11:09.875523
2026-10-01,czwartek,warszawa,Spider-Man. Całkiem nowy dzień (dubbing),Cinema City Warszawa Bemowo,17:40,,dubbing,2026-10-01T15:11:09.875523
2026-10-01,czwartek,warszawa,Spider-Man. Całkiem nowy dzień (dubbing),Cinema City Warszawa Galeria Mokotów,14:10,,dubbing,2026-10-01T15:11:09.875523
2026-10-01,czwartek,warszawa,Spider-Man. Całkiem nowy dzień (dubbing),Cinema City Warszawa Promenada,14:20,,dubbing,2026-10-01T15:11:09.875523
2026-10-01,czwartek,warszawa,Spider-Man. Całkiem nowy dzień (dubbing),Cinema City Warszawa Promenada,17:30,,dubbing,2026-10-01T15:11:09.875523
2026-10-01,czwartek,warszawa,Spider-Man. Całkiem nowy dzień (dubbing),Cinema City Warszawa Sadyba,17:00,,dubbing,2026-10-01T15:11:09.875523
2026-10-01,czwartek,warszawa,Spider-Man. Całkiem nowy dzień (dubbing),Multikino Targówek,16:20,,dubbing,2026-10-01T15:11:09.875523
2026-10-01,czwartek,warszawa,Spider-Man. Całkiem nowy dzień (dubbing),Multikino Wola,10:00,,dubbing,2026-10-01T15:11:09.875523
2026-10-01,czwartek,warszawa,Spider-Man. Całkiem nowy dzień (dubbing),Multikino Złote Tarasy,14:00,,dubbing,2026-10-01T15:11:09.875523
2026-10-01,czwartek,warszawa,Stalowe magnolie,Kino Iluzjon - Muzeum Sztuki Filmowej w Warszawie,18:00,,,2026-10-01T15:11:09.875523
2026-10-01,czwartek,warszawa,Stop Making Sense,AMONDO Kino w Warszawie,20:45,,,2026-10-01T15:11:09.875523
2026-10-01,czwartek,warszawa,Śledząc,AMONDO Kino w Warszawie,19:15,,,2026-10-01T15:11:09.875523
2026-10-01,czwartek,warszawa,Tedi i magiczna lampa,NoveKino Wisła w Warszawie,14:00,,,2026-10-01T15:11:09.875523
2026-10-01,czwartek,warszawa,Tedi i magiczna lampa,NoveKino Wisła w Warszawie,16:00,,,2026-10-01T15:11:09.875523
2026-10-01,czwartek,warszawa,Tedi i magiczna lampa (dubbing),Cinema City Warszawa Arkadia,14:20,,dubbing,2026-10-01T15:11:09.875523
2026-10-01,czwartek,warszawa,Tedi i magiczna lampa (dubbing),Cinema City Warszawa Arkadia,16:30,,dubbing,2026-10-01T15:11:09.875523
2026-10-01,czwartek,warszawa,Tedi i magiczna lampa (dubbing),Cinema City Warszawa Bemowo,16:00,,dubbing,2026-10-01T15:11:09.875523
2026-10-01,czwartek,warszawa,Tedi i magiczna lampa (dubbing),Cinema City Warszawa Galeria Północna,16:10,,dubbing,2026-10-01T15:11:09.875523
2026-10-01,czwartek,warszawa,Tedi i magiczna lampa (dubbing),Cinema City Warszawa Promenada,15:30,,dubbing,2026-10-01T15:11:09.875523
2026-10-01,czwartek,warszawa,Tedi i magiczna lampa (dubbing),Cinema City Warszawa Promenada,17:50,,dubbing,2026-10-01T15:11:09.875523
2026-10-01,czwartek,warszawa,Tedi i magiczna lampa (dubbing),Cinema City Warszawa Sadyba,09:30,,dubbing,2026-10-01T15:11:09.875523
2026-10-01,czwartek,warszawa,Tedi i magiczna lampa (dubbing),Cinema City Warszawa Sadyba,13:00,,dubbing,2026-10-01T15:11:09.875523
2026-10-01,czwartek,warszawa,Tedi i magiczna lampa (dubbing),Helios Warszawa Blue City,11:40,,dubbing,2026-10-01T15:11:09.875523
2026-10-01,czwartek,warszawa,Tedi i magiczna lampa (dubbing),Helios Warszawa Blue City,15:10,,dubbing,2026-10-01T15:11:09.875523
2026-10-01,czwartek,warszawa,Tedi i magiczna lampa (dubbing),Helios Warszawa Blue City,17:30,,dubbing,2026-10-01T15:11:09.875523
2026-10-01,czwartek,warszawa,Tedi i magiczna lampa (dubbing),Multikino Atrium Reduta w Warszawie,13:40,,dubbing,2026-10-01T15:11:09.875523
2026-10-01,czwartek,warszawa,Tedi i magiczna lampa (dubbing),Multikino Młociny,13:00,,dubbing,2026-10-01T15:11:09.875523
2026-10-01,czwartek,warszawa,Tedi i magiczna lampa (dubbing),Multikino Młociny,13:35,,dubbing,2026-10-01T15:11:09.875523
2026-10-01,czwartek,warszawa,Tedi i magiczna lampa (dubbing),Multikino Młociny,17:35,,dubbing,2026-10-01T15:11:09.875523
2026-10-01,czwartek,warszawa,Tedi i magiczna lampa (dubbing),Multikino Targówek,11:55,,dubbing,2026-10-01T15:11:09.875523
2026-10-01,czwartek,warszawa,Tedi i magiczna lampa (dubbing),Multikino Targówek,15:05,,dubbing,2026-10-01T15:11:09.875523
2026-10-01,czwartek,warszawa,Tedi i magiczna lampa (dubbing),Multikino Targówek,17:20,,dubbing,2026-10-01T15:11:09.875523
2026-10-01,czwartek,warszawa,Tedi i magiczna lampa (dubbing),Multikino Wola,11:20,,dubbing,2026-10-01T15:11:09.875523
2026-10-01,czwartek,warszawa,Tedi i magiczna lampa (dubbing),Multikino Wola,13:40,,dubbing,2026-10-01T15:11:09.875523
2026-10-01,czwartek,warszawa,Tedi i magiczna lampa (dubbing),Multikino Złote Tarasy,15:40,,dubbing,2026-10-01T15:11:09.875523
2026-10-01,czwartek,warszawa,The Birthday Party,Cinema City Warszawa Galeria Mokotów,17:15,,,2026-10-01T15:11:09.875523
2026-10-01,czwartek,warszawa,The Birthday Party,Cinema City Warszawa Promenada,20:10,,,2026-10-01T15:11:09.875523
2026-10-01,czwartek,warszawa,The Birthday Party,Kino Atlantic w Warszawie,12:30,,,2026-10-01T15:11:09.875523
2026-10-01,czwartek,warszawa,Tony,Cinema City Warszawa Arkadia,19:40,,,2026-10-01T15:11:09.875523
2026-10-01,czwartek,warszawa,Tony,Cinema City Warszawa Arkadia,22:10,,,2026-10-01T15:11:09.875523
2026-10-01,czwartek,warszawa,Tony,Cinema City Warszawa Bemowo,15:20,,,2026-10-01T15:11:09.875523
2026-10-01,czwartek,warszawa,Tony,Cinema City Warszawa Galeria Mokotów,19:20,,,2026-10-01T15:11:09.875523
2026-10-01,czwartek,warszawa,Tony,Cinema City Warszawa Galeria Mokotów,21:50,,,2026-10-01T15:11:09.875523
2026-10-01,czwartek,warszawa,Tony,Cinema City Warszawa Promenada,21:30,,,2026-10-01T15:11:09.875523
2026-10-01,czwartek,warszawa,Tony,Kino Muranów w Warszawie,22:15,,,2026-10-01T15:11:09.875523
2026-10-01,czwartek,warszawa,Tony,KinoGram w Warszawie,20:45,,,2026-10-01T15:11:09.875523
2026-10-01,czwartek,warszawa,Tony,Kinoteka w Warszawie,16:30,,,2026-10-01T15:11:09.875523
2026-10-01,czwartek,warszawa,Tony,Kinoteka w Warszawie,20:30,,,2026-10-01T15:11:09.875523
2026-10-01,czwartek,warszawa,Totalna magia 2,Cinema City Warszawa Arkadia,18:50,,,2026-10-01T15:11:09.875523
2026-10-01,czwartek,warszawa,Totalna magia 2,Cinema City Warszawa Arkadia,21:40,,,2026-10-01T15:11:09.875523
2026-10-01,czwartek,warszawa,Totalna magia 2,Cinema City Warszawa Bemowo,14:50,,,2026-10-01T15:11:09.875523
2026-10-01,czwartek,warszawa,Totalna magia 2,Cinema City Warszawa Galeria Mokotów,22:00,,,2026-10-01T15:11:09.875523
2026-10-01,czwartek,warszawa,Totalna magia 2,Cinema City Warszawa Galeria Północna,21:40,,,2026-10-01T15:11:09.875523
2026-10-01,czwartek,warszawa,Totalna magia 2,Cinema City Warszawa Promenada,18:40,,,2026-10-01T15:11:09.875523
2026-10-01,czwartek,warszawa,Totalna magia 2,Cinema City Warszawa Sadyba,17:40,,,2026-10-01T15:11:09.875523
2026-10-01,czwartek,warszawa,Totalna magia 2,Cinema City Warszawa Sadyba,20:30,,,2026-10-01T15:11:09.875523
2026-10-01,czwartek,warszawa,Totalna magia 2,Helios Warszawa Blue City,20:40,,,2026-10-01T15:11:09.875523
2026-10-01,czwartek,warszawa,Totalna magia 2,KinoGram w Warszawie,16:45,,,2026-10-01T15:11:09.875523
2026-10-01,czwartek,warszawa,Totalna magia 2,Kinoteka w Warszawie,12:00,,,2026-10-01T15:11:09.875523
2026-10-01,czwartek,warszawa,Totalna magia 2,Multikino Targówek,20:10,,,2026-10-01T15:11:09.875523
2026-10-01,czwartek,warszawa,Totalna magia 2 (dubbing),Cinema City Warszawa Sadyba,14:50,,dubbing,2026-10-01T15:11:09.875523
2026-10-01,czwartek,warszawa,Vincent. Legenda oceanu (dubbing),Kinokawiarnia Stacja Falenica w Warszawie,15:30,,dubbing,2026-10-01T15:11:09.875523
2026-10-01,czwartek,warszawa,Vivaldi i ja,Kino Kultura w Warszawie,15:45,,,2026-10-01T15:11:09.875523
2026-10-01,czwartek,warszawa,W sercu dziczy,Cinema City Warszawa Arkadia,14:30,,,2026-10-01T15:11:09.875523
2026-10-01,czwartek,warszawa,W sercu dziczy,Cinema City Warszawa Arkadia,17:00,,,2026-10-01T15:11:09.875523
2026-10-01,czwartek,warszawa,W sercu dziczy,Cinema City Warszawa Arkadia,19:30,,,2026-10-01T15:11:09.875523
2026-10-01,czwartek,warszawa,W sercu dziczy,Cinema City Warszawa Arkadia,22:00,,,2026-10-01T15:11:09.875523
2026-10-01,czwartek,warszawa,W sercu dziczy,Cinema City Warszawa Bemowo,16:10,,,2026-10-01T15:11:09.875523
2026-10-01,czwartek,warszawa,W sercu dziczy,Cinema City Warszawa Bemowo,18:20,,,2026-10-01T15:11:09.875523
2026-10-01,czwartek,warszawa,W sercu dziczy,Cinema City Warszawa Bemowo,20:50,,,2026-10-01T15:11:09.875523
2026-10-01,czwartek,warszawa,W sercu dziczy,Cinema City Warszawa Galeria Mokotów,14:30,,,2026-10-01T15:11:09.875523
2026-10-01,czwartek,warszawa,W sercu dziczy,Cinema City Warszawa Galeria Mokotów,17:00,,,2026-10-01T15:11:09.875523
2026-10-01,czwartek,warszawa,W sercu dziczy,Cinema City Warszawa Galeria Mokotów,19:30,,,2026-10-01T15:11:09.875523
2026-10-01,czwartek,warszawa,W sercu dziczy,Cinema City Warszawa Galeria Mokotów,22:00,,,2026-10-01T15:11:09.875523
2026-10-01,czwartek,warszawa,W sercu dziczy,Cinema City Warszawa Galeria Północna,14:30,,,2026-10-01T15:11:09.875523
2026-10-01,czwartek,warszawa,W sercu dziczy,Cinema City Warszawa Galeria Północna,17:00,,,2026-10-01T15:11:09.875523
2026-10-01,czwartek,warszawa,W sercu dziczy,Cinema City Warszawa Galeria Północna,19:30,,,2026-10-01T15:11:09.875523
2026-10-01,czwartek,warszawa,W sercu dziczy,Cinema City Warszawa Promenada,15:20,,,2026-10-01T15:11:09.875523
2026-10-01,czwartek,warszawa,W sercu dziczy,Cinema City Warszawa Promenada,17:40,,,2026-10-01T15:11:09.875523
2026-10-01,czwartek,warszawa,W sercu dziczy,Cinema City Warszawa Promenada,20:00,,,2026-10-01T15:11:09.875523
2026-10-01,czwartek,warszawa,W sercu dziczy,Cinema City Warszawa Promenada,22:20,,,2026-10-01T15:11:09.875523
2026-10-01,czwartek,warszawa,W sercu dziczy,Cinema City Warszawa Sadyba,15:00,,,2026-10-01T15:11:09.875523
2026-10-01,czwartek,warszawa,W sercu dziczy,Cinema City Warszawa Sadyba,17:30,,,2026-10-01T15:11:09.875523
2026-10-01,czwartek,warszawa,W sercu dziczy,Cinema City Warszawa Sadyba,20:00,,,2026-10-01T15:11:09.875523
2026-10-01,czwartek,warszawa,W sercu dziczy,Helios Warszawa Blue City,15:15,,,2026-10-01T15:11:09.875523
2026-10-01,czwartek,warszawa,W sercu dziczy,Helios Warszawa Blue City,18:45,,,2026-10-01T15:11:09.875523
2026-10-01,czwartek,warszawa,W sercu dziczy,Helios Warszawa Blue City,21:10,,,2026-10-01T15:11:09.875523
2026-10-01,czwartek,warszawa,W sercu dziczy,KinoGram w Warszawie,18:00,,,2026-10-01T15:11:09.875523
2026-10-01,czwartek,warszawa,W sercu dziczy,KinoGram w Warszawie,20:30,,,2026-10-01T15:11:09.875523
2026-10-01,czwartek,warszawa,W sercu dziczy,Kinoteka w Warszawie,15:30,,,2026-10-01T15:11:09.875523
2026-10-01,czwartek,warszawa,W sercu dziczy,Kinoteka w Warszawie,17:45,,,2026-10-01T15:11:09.875523
2026-10-01,czwartek,warszawa,W sercu dziczy,Kinoteka w Warszawie,20:30,,,2026-10-01T15:11:09.875523
2026-10-01,czwartek,warszawa,W sercu dziczy,Multikino Atrium Reduta w Warszawie,19:00,,,2026-10-01T15:11:09.875523
2026-10-01,czwartek,warszawa,W sercu dziczy,Multikino Atrium Reduta w Warszawie,21:25,,,2026-10-01T15:11:09.875523
2026-10-01,czwartek,warszawa,W sercu dziczy,Multikino Młociny,15:50,,,2026-10-01T15:11:09.875523
2026-10-01,czwartek,warszawa,W sercu dziczy,Multikino Młociny,18:10,,,2026-10-01T15:11:09.875523
2026-10-01,czwartek,warszawa,W sercu dziczy,Multikino Młociny,21:10,,,2026-10-01T15:11:09.875523
2026-10-01,czwartek,warszawa,W sercu dziczy,Multikino Targówek,14:45,,,2026-10-01T15:11:09.875523
2026-10-01,czwartek,warszawa,W sercu dziczy,Multikino Targówek,18:10,,,2026-10-01T15:11:09.875523
2026-10-01,czwartek,warszawa,W sercu dziczy,Multikino Targówek,20:35,,,2026-10-01T15:11:09.875523
2026-10-01,czwartek,warszawa,W sercu dziczy,Multikino Wola,18:35,,,2026-10-01T15:11:09.875523
2026-10-01,czwartek,warszawa,W sercu dziczy,Multikino Wola,21:00,,,2026-10-01T15:11:09.875523
2026-10-01,czwartek,warszawa,W sercu dziczy,Multikino Złote Tarasy,12:05,,,2026-10-01T15:11:09.875523
2026-10-01,czwartek,warszawa,W sercu dziczy,Multikino Złote Tarasy,17:45,,,2026-10-01T15:11:09.875523
2026-10-01,czwartek,warszawa,W sercu dziczy,Multikino Złote Tarasy,20:10,,,2026-10-01T15:11:09.875523
2026-10-01,czwartek,warszawa,W sercu dziczy,NoveKino Wisła w Warszawie,15:30,,,2026-10-01T15:11:09.875523
2026-10-01,czwartek,warszawa,W sercu dziczy,NoveKino Wisła w Warszawie,17:30,,,2026-10-01T15:11:09.875523
2026-10-01,czwartek,warszawa,Wielki Łuk,Kinoteka w Warszawie,13:00,,,2026-10-01T15:11:09.875523
2026-10-01,czwartek,warszawa,Wyspa Puffinów. Nowi przyjaciele,Kinoteka w Warszawie,18:00,,,2026-10-01T15:11:09.875523
2026-10-01,czwartek,warszawa,Za duży na bajki 3,Kinoteka w Warszawie,10:30,,,2026-10-01T15:11:09.875523
2026-10-01,czwartek,warszawa,Zapomniana wyspa (dubbing),Multikino Atrium Reduta w Warszawie,10:00,,dubbing,2026-10-01T15:11:09.875523
2026-10-01,czwartek,warszawa,Zaproszenie,KinoGram w Warszawie,20:00,,,2026-10-01T15:11:09.875523
2026-10-01,czwartek,warszawa,Zaproszenie,Kinoteka w Warszawie,20:15,,,2026-10-01T15:11:09.875523
2026-10-01,czwartek,warszawa,Потяг Червона рута / Pociąg Czerwona Ruta (ukr.),Helios Warszawa Blue City,14:10,,,2026-10-01T15:11:09.875523
2026-10-01,czwartek,warszawa,Потяг Червона рута / Pociąg Czerwona Ruta (ukr.),Helios Warszawa Blue City,18:30,,,2026-10-01T15:11:09.875523
2026-10-01,czwartek,kraków,100 dni: Misja Zeus,Cinema City Kraków Bonarka,16:20,,,2026-10-01T15:11:12.555801
2026-10-01,czwartek,kraków,100 dni: Misja Zeus,Cinema City Kraków Galeria Kazimierz,16:30,,,2026-10-01T15:11:12.555801
2026-10-01,czwartek,kraków,100 dni: Misja Zeus,Cinema City Kraków Zakopianka,14:00,,,2026-10-01T15:11:12.555801
2026-10-01,czwartek,kraków,100 dni: Misja Zeus,Cinema City Kraków Zakopianka,16:40,,,2026-10-01T15:11:12.555801
2026-10-01,czwartek,kraków,100 dni: Misja Zeus,Multikino Kraków,10:30,,,2026-10-01T15:11:12.555801
2026-10-01,czwartek,kraków,100 dni: Misja Zeus,Multikino Kraków,13:20,,,2026-10-01T15:11:12.555801
2026-10-01,czwartek,kraków,100 dni: Misja Zeus,Multikino Kraków,15:55,,,2026-10-01T15:11:12.555801
2026-10-01,czwartek,kraków,100 dni: Misja Zeus,Multikino Kraków,18:35,,,2026-10-01T15:11:12.555801
2026-10-01,czwartek,kraków,Asterix i Obelix: Misja Kleopatra,Kino Paradox w Krakowie,16:15,,,2026-10-01T15:11:12.555801
2026-10-01,czwartek,kraków,Avengers: Koniec gry - wersja rozszerzona,Cinema City Kraków Bonarka,16:10,,,2026-10-01T15:11:12.555801
2026-10-01,czwartek,kraków,Avengers: Koniec gry - wersja rozszerzona,Cinema City Kraków Bonarka,20:00,,,2026-10-01T15:11:12.555801
2026-10-01,czwartek,kraków,Avengers: Koniec gry - wersja rozszerzona,Cinema City Kraków Bonarka,20:30,,,2026-10-01T15:11:12.555801
2026-10-01,czwartek,kraków,Avengers: Koniec gry - wersja rozszerzona,Cinema City Kraków Galeria Kazimierz,20:00,,,2026-10-01T15:11:12.555801
2026-10-01,czwartek,kraków,Avengers: Koniec gry - wersja rozszerzona,Cinema City Kraków Zakopianka,14:20,,,2026-10-01T15:11:12.555801
2026-10-01,czwartek,kraków,Avengers: Koniec gry - wersja rozszerzona,Cinema City Kraków Zakopianka,20:20,,,2026-10-01T15:11:12.555801
2026-10-01,czwartek,kraków,Avengers: Koniec gry - wersja rozszerzona,Cinema City Kraków Zakopianka,21:20,,,2026-10-01T15:11:12.555801
2026-10-01,czwartek,kraków,Avengers: Koniec gry - wersja rozszerzona,Multikino Kraków,14:35,,,2026-10-01T15:11:12.555801
2026-10-01,czwartek,kraków,Avengers: Koniec gry - wersja rozszerzona,Multikino Kraków,18:25,,,2026-10-01T15:11:12.555801
2026-10-01,czwartek,kraków,Avengers: Koniec gry (dubbing) - wersja rozszerzona,Cinema City Kraków Bonarka,16:40,,dubbing,2026-10-01T15:11:12.555801
2026-10-01,czwartek,kraków,Avengers: Koniec gry (dubbing) - wersja rozszerzona,Cinema City Kraków Galeria Kazimierz,16:15,,dubbing,2026-10-01T15:11:12.555801
2026-10-01,czwartek,kraków,Avengers: Koniec gry (dubbing) - wersja rozszerzona,Cinema City Kraków Zakopianka,16:30,,dubbing,2026-10-01T15:11:12.555801
2026-10-01,czwartek,kraków,Avengers: Koniec gry (dubbing) - wersja rozszerzona,Multikino Kraków,10:45,,dubbing,2026-10-01T15:11:12.555801
2026-10-01,czwartek,kraków,Avengers: Koniec gry 3D - wersja rozszerzona,Cinema City Kraków Bonarka,20:40,3D,,2026-10-01T15:11:12.555801
2026-10-01,czwartek,kraków,Avengers: Koniec gry 3D - wersja rozszerzona,Cinema City Kraków Bonarka,21:00,3D,,2026-10-01T15:11:12.555801
2026-10-01,czwartek,kraków,Avengers: Koniec gry 3D - wersja rozszerzona,Cinema City Kraków Galeria Kazimierz,18:30,3D,,2026-10-01T15:11:12.555801
2026-10-01,czwartek,kraków,Avengers: Koniec gry 3D - wersja rozszerzona,Cinema City Kraków Zakopianka,18:30,3D,,2026-10-01T15:11:12.555801
2026-10-01,czwartek,kraków,Avengers: Koniec gry 3D (dubbing) - wersja rozszerzona,Cinema City Kraków Bonarka,11:50,3D,dubbing,2026-10-01T15:11:12.555801
2026-10-01,czwartek,kraków,Avengers: Koniec gry 3D (dubbing) - wersja rozszerzona,Cinema City Kraków Bonarka,12:00,3D,dubbing,2026-10-01T15:11:12.555801
2026-10-01,czwartek,kraków,Don't Look Back In Anger,Cinema City Kraków Bonarka,15:50,,,2026-10-01T15:11:12.555801
2026-10-01,czwartek,kraków,Dzień dziecka księdza Jana Kaczkowskiego,Cinema City Kraków Bonarka,18:00,,,2026-10-01T15:11:12.555801
2026-10-01,czwartek,kraków,Dzień dziecka księdza Jana Kaczkowskiego,Cinema City Kraków Bonarka,20:00,,,2026-10-01T15:11:12.555801
2026-10-01,czwartek,kraków,Dzień dziecka księdza Jana Kaczkowskiego,Cinema City Kraków Zakopianka,11:30,,,2026-10-01T15:11:12.555801
2026-10-01,czwartek,kraków,Dzień dziecka księdza Jana Kaczkowskiego,Kino Kijów w Krakowie,13:00,,,2026-10-01T15:11:12.555801
2026-10-01,czwartek,kraków,Flavia de Luce (dubbing),Multikino Kraków,11:30,,dubbing,2026-10-01T15:11:12.555801
2026-10-01,czwartek,kraków,Folwark zwierzęcy,Cinema City Kraków Bonarka,10:20,,,2026-10-01T15:11:12.555801
2026-10-01,czwartek,kraków,Folwark zwierzęcy,Cinema City Kraków Galeria Kazimierz,11:10,,,2026-10-01T15:11:12.555801
2026-10-01,czwartek,kraków,Folwark zwierzęcy,Cinema City Kraków Zakopianka,11:40,,,2026-10-01T15:11:12.555801
2026-10-01,czwartek,kraków,Folwark zwierzęcy,Kino Kijów w Krakowie,20:00,,,2026-10-01T15:11:12.555801
2026-10-01,czwartek,kraków,Folwark zwierzęcy,Multikino Kraków,13:00,,,2026-10-01T15:11:12.555801
2026-10-01,czwartek,kraków,Folwark zwierzęcy (dubbing),Cinema City Kraków Bonarka,10:20,,dubbing,2026-10-01T15:11:12.555801
2026-10-01,czwartek,kraków,Folwark zwierzęcy (dubbing),Cinema City Kraków Galeria Kazimierz,11:10,,dubbing,2026-10-01T15:11:12.555801
2026-10-01,czwartek,kraków,Folwark zwierzęcy (dubbing),Cinema City Kraków Zakopianka,11:40,,dubbing,2026-10-01T15:11:12.555801
2026-10-01,czwartek,kraków,Gorzkie święta,Kino Kijów w Krakowie,18:15,,,2026-10-01T15:11:12.555801
2026-10-01,czwartek,kraków,Gwiazdozbiór Psa,Cinema City Kraków Bonarka,19:00,,,2026-10-01T15:11:12.555801
2026-10-01,czwartek,kraków,Hot Spot,Cinema City Kraków Bonarka,14:40,,,2026-10-01T15:11:12.555801
2026-10-01,czwartek,kraków,Hot Spot,Cinema City Kraków Bonarka,19:20,,,2026-10-01T15:11:12.555801
2026-10-01,czwartek,kraków,Hot Spot,Cinema City Kraków Bonarka,22:00,,,2026-10-01T15:11:12.555801
2026-10-01,czwartek,kraków,Hot Spot,Cinema City Kraków Galeria Kazimierz,19:10,,,2026-10-01T15:11:12.555801
2026-10-01,czwartek,kraków,Hot Spot,Cinema City Kraków Galeria Kazimierz,22:15,,,2026-10-01T15:11:12.555801
2026-10-01,czwartek,kraków,Hot Spot,Kino Kijów w Krakowie,20:45,,,2026-10-01T15:11:12.555801
2026-10-01,czwartek,kraków,Hot Spot,Kino Paradox w Krakowie,21:00,,,2026-10-01T15:11:12.555801
2026-10-01,czwartek,kraków,Hot Spot,"Kino Pod Baranami w Małopolskim Ogrodzie Sztuki, czyli Barany w MOSie",20:30,,,2026-10-01T15:11:12.555801
2026-10-01,czwartek,kraków,Hot Spot,Kinokawiarnia Kika w Krakowie,15:45,,,2026-10-01T15:11:12.555801
2026-10-01,czwartek,kraków,Jak Bert to wszystko ogarnie?,Kino Kijów w Krakowie,16:30,,,2026-10-01T15:11:12.555801
2026-10-01,czwartek,kraków,Księga pustyni (dubbing),Cinema City Kraków Bonarka,09:30,,dubbing,2026-10-01T15:11:12.555801
2026-10-01,czwartek,kraków,Kura,Kino Kijów w Krakowie,14:30,,,2026-10-01T15:11:12.555801
2026-10-01,czwartek,kraków,Kura,Kino Mikro w Krakowie,15:00,,,2026-10-01T15:11:12.555801
2026-10-01,czwartek,kraków,Kura,"Kino Pod Baranami w Małopolskim Ogrodzie Sztuki, czyli Barany w MOSie",16:00,,,2026-10-01T15:11:12.555801
2026-10-01,czwartek,kraków,Kura,Kino Sfinks w Krakowie,18:00,,,2026-10-01T15:11:12.555801
2026-10-01,czwartek,kraków,Kura,Kinokawiarnia Kika w Krakowie,16:45,,,2026-10-01T15:11:12.555801
2026-10-01,czwartek,kraków,Kura,Kinokawiarnia Kika w Krakowie,18:15,,,2026-10-01T15:11:12.555801
2026-10-01,czwartek,kraków,Lalka,Cinema City Kraków Bonarka,14:00,,,2026-10-01T15:11:12.555801
2026-10-01,czwartek,kraków,Lalka,Cinema City Kraków Bonarka,14:30,,,2026-10-01T15:11:12.555801
2026-10-01,czwartek,kraków,Lalka,Cinema City Kraków Bonarka,15:00,,,2026-10-01T15:11:12.555801
2026-10-01,czwartek,kraków,Lalka,Cinema City Kraków Bonarka,17:30,,,2026-10-01T15:11:12.555801
2026-10-01,czwartek,kraków,Lalka,Cinema City Kraków Bonarka,18:00,,,2026-10-01T15:11:12.555801
2026-10-01,czwartek,kraków,Lalka,Cinema City Kraków Bonarka,19:00,,,2026-10-01T15:11:12.555801
2026-10-01,czwartek,kraków,Lalka,Cinema City Kraków Bonarka,19:00,,,2026-10-01T15:11:12.555801
2026-10-01,czwartek,kraków,Lalka,Cinema City Kraków Bonarka,19:40,,,2026-10-01T15:11:12.555801
2026-10-01,czwartek,kraków,Lalka,Cinema City Kraków Bonarka,21:00,,,2026-10-01T15:11:12.555801
2026-10-01,czwartek,kraków,Lalka,Cinema City Kraków Galeria Kazimierz,14:00,,,2026-10-01T15:11:12.555801
2026-10-01,czwartek,kraków,Lalka,Cinema City Kraków Galeria Kazimierz,15:00,,,2026-10-01T15:11:12.555801
2026-10-01,czwartek,kraków,Lalka,Cinema City Kraków Galeria Kazimierz,17:30,,,2026-10-01T15:11:12.555801
2026-10-01,czwartek,kraków,Lalka,Cinema City Kraków Galeria Kazimierz,19:00,,,2026-10-01T15:11:12.555801
2026-10-01,czwartek,kraków,Lalka,Cinema City Kraków Galeria Kazimierz,19:00,,,2026-10-01T15:11:12.555801
2026-10-01,czwartek,kraków,Lalka,Cinema City Kraków Galeria Kazimierz,19:15,,,2026-10-01T15:11:12.555801
2026-10-01,czwartek,kraków,Lalka,Cinema City Kraków Galeria Kazimierz,21:00,,,2026-10-01T15:11:12.555801
2026-10-01,czwartek,kraków,Lalka,Cinema City Kraków Zakopianka,16:00,,,2026-10-01T15:11:12.555801
2026-10-01,czwartek,kraków,Lalka,Cinema City Kraków Zakopianka,17:00,,,2026-10-01T15:11:12.555801
2026-10-01,czwartek,kraków,Lalka,Cinema City Kraków Zakopianka,18:00,,,2026-10-01T15:11:12.555801
2026-10-01,czwartek,kraków,Lalka,Cinema City Kraków Zakopianka,19:00,,,2026-10-01T15:11:12.555801
2026-10-01,czwartek,kraków,Lalka,Cinema City Kraków Zakopianka,19:30,,,2026-10-01T15:11:12.555801
2026-10-01,czwartek,kraków,Lalka,Cinema City Kraków Zakopianka,20:30,,,2026-10-01T15:11:12.555801
2026-10-01,czwartek,kraków,Lalka,Kino Agrafka w Krakowie,20:00,,,2026-10-01T15:11:12.555801
2026-10-01,czwartek,kraków,Lalka,Kino Kijów w Krakowie,16:45,,,2026-10-01T15:11:12.555801
2026-10-01,czwartek,kraków,Lalka,Kino Mikro w Galerii Bronowice w Krakowie,18:30,,,2026-10-01T15:11:12.555801
2026-10-01,czwartek,kraków,Lalka,Kino Mikro w Krakowie,16:45,,,2026-10-01T15:11:12.555801
2026-10-01,czwartek,kraków,Lalka,Kino Mikro w Krakowie,19:45,,,2026-10-01T15:11:12.555801
2026-10-01,czwartek,kraków,Lalka,Kino Paradox w Krakowie,18:15,,,2026-10-01T15:11:12.555801
2026-10-01,czwartek,kraków,Lalka,Kino Pod Baranami w Krakowie,09:00,,,2026-10-01T15:11:12.555801
2026-10-01,czwartek,kraków,Lalka,Kino Pod Baranami w Krakowie,12:00,,,2026-10-01T15:11:12.555801
2026-10-01,czwartek,kraków,Lalka,Kino Pod Baranami w Krakowie,12:00,,,2026-10-01T15:11:12.555801
2026-10-01,czwartek,kraków,Lalka,Kino Pod Baranami w Krakowie,15:05,,,2026-10-01T15:11:12.555801
2026-10-01,czwartek,kraków,Lalka,Kino Pod Baranami w Krakowie,17:15,,,2026-10-01T15:11:12.555801
2026-10-01,czwartek,kraków,Lalka,Kino Pod Baranami w Krakowie,20:30,,,2026-10-01T15:11:12.555801
2026-10-01,czwartek,kraków,Lalka,Kino Pod Baranami w Krakowie,22:45,,,2026-10-01T15:11:12.555801
2026-10-01,czwartek,kraków,Lalka,"Kino Pod Baranami w Małopolskim Ogrodzie Sztuki, czyli Barany w MOSie",18:15,,,2026-10-01T15:11:12.555801
2026-10-01,czwartek,kraków,Lalka,"Kino Pod Baranami w Małopolskim Ogrodzie Sztuki, czyli Barany w MOSie",21:15,,,2026-10-01T15:11:12.555801
2026-10-01,czwartek,kraków,Lalka,Kinokawiarnia Kika w Krakowie,16:30,,,2026-10-01T15:11:12.555801
2026-10-01,czwartek,kraków,Lalka,Kinokawiarnia Kika w Krakowie,19:30,,,2026-10-01T15:11:12.555801
2026-10-01,czwartek,kraków,Lalka,Multikino Kraków,10:00,,,2026-10-01T15:11:12.555801
2026-10-01,czwartek,kraków,Lalka,Multikino Kraków,12:10,,,2026-10-01T15:11:12.555801
2026-10-01,czwartek,kraków,Lalka,Multikino Kraków,13:30,,,2026-10-01T15:11:12.555801
2026-10-01,czwartek,kraków,Lalka,Multikino Kraków,14:30,,,2026-10-01T15:11:12.555801
2026-10-01,czwartek,kraków,Lalka,Multikino Kraków,16:00,,,2026-10-01T15:11:12.555801
2026-10-01,czwartek,kraków,Lalka,Multikino Kraków,17:20,,,2026-10-01T15:11:12.555801
2026-10-01,czwartek,kraków,Lalka,Multikino Kraków,18:00,,,2026-10-01T15:11:12.555801
2026-10-01,czwartek,kraków,Lalka,Multikino Kraków,18:00,,,2026-10-01T15:11:12.555801
2026-10-01,czwartek,kraków,Lalka,Multikino Kraków,18:30,,,2026-10-01T15:11:12.555801
2026-10-01,czwartek,kraków,Lalka,Multikino Kraków,19:00,,,2026-10-01T15:11:12.555801
2026-10-01,czwartek,kraków,Lalka,Multikino Kraków,19:30,,,2026-10-01T15:11:12.555801
2026-10-01,czwartek,kraków,Lalka,Multikino Kraków,20:50,,,2026-10-01T15:11:12.555801
2026-10-01,czwartek,kraków,Lalka (seans z audiodeskrypcją),Cinema City Kraków Bonarka,19:40,,,2026-10-01T15:11:12.555801
2026-10-01,czwartek,kraków,Lalka (seans z audiodeskrypcją),Cinema City Kraków Galeria Kazimierz,19:15,,,2026-10-01T15:11:12.555801
2026-10-01,czwartek,kraków,Lalka (seans z audiodeskrypcją),Kino Agrafka w Krakowie,20:00,,,2026-10-01T15:11:12.555801
2026-10-01,czwartek,kraków,Lalka (seans z audiodeskrypcją),Kino Mikro w Galerii Bronowice w Krakowie,18:30,,,2026-10-01T15:11:12.555801
2026-10-01,czwartek,kraków,Lalka (seans z audiodeskrypcją),Kino Mikro w Krakowie,13:45,,,2026-10-01T15:11:12.555801
2026-10-01,czwartek,kraków,Lalka (seans z audiodeskrypcją),Kino Mikro w Krakowie,16:45,,,2026-10-01T15:11:12.555801
2026-10-01,czwartek,kraków,Lalka (seans z audiodeskrypcją),Kino Mikro w Krakowie,19:45,,,2026-10-01T15:11:12.555801
2026-10-01,czwartek,kraków,Lalka (seans z audiodeskrypcją),Kinokawiarnia Kika w Krakowie,10:45,,,2026-10-01T15:11:12.555801
2026-10-01,czwartek,kraków,Lalka (seans z audiodeskrypcją),Kinokawiarnia Kika w Krakowie,16:30,,,2026-10-01T15:11:12.555801
2026-10-01,czwartek,kraków,Lalka (seans z audiodeskrypcją),Kinokawiarnia Kika w Krakowie,19:30,,,2026-10-01T15:11:12.555801
2026-10-01,czwartek,kraków,Luna i rozgadana świnka,Kino Kijów w Krakowie,10:30,,,2026-10-01T15:11:12.555801
2026-10-01,czwartek,kraków,Luna i rozgadana świnka (dubbing),Cinema City Kraków Bonarka,09:00,,dubbing,2026-10-01T15:11:12.555801
2026-10-01,czwartek,kraków,Luna i rozgadana świnka (dubbing),Cinema City Kraków Bonarka,10:50,,dubbing,2026-10-01T15:11:12.555801
2026-10-01,czwartek,kraków,Luna i rozgadana świnka (dubbing),Cinema City Kraków Bonarka,13:00,,dubbing,2026-10-01T15:11:12.555801
2026-10-01,czwartek,kraków,Luna i rozgadana świnka (dubbing),Cinema City Kraków Bonarka,14:00,,dubbing,2026-10-01T15:11:12.555801
2026-10-01,czwartek,kraków,Luna i rozgadana świnka (dubbing),Cinema City Kraków Bonarka,15:10,,dubbing,2026-10-01T15:11:12.555801
2026-10-01,czwartek,kraków,Luna i rozgadana świnka (dubbing),Cinema City Kraków Bonarka,17:20,,dubbing,2026-10-01T15:11:12.555801
2026-10-01,czwartek,kraków,Luna i rozgadana świnka (dubbing),Cinema City Kraków Galeria Kazimierz,10:20,,dubbing,2026-10-01T15:11:12.555801
2026-10-01,czwartek,kraków,Luna i rozgadana świnka (dubbing),Cinema City Kraków Galeria Kazimierz,12:30,,dubbing,2026-10-01T15:11:12.555801
2026-10-01,czwartek,kraków,Luna i rozgadana świnka (dubbing),Cinema City Kraków Galeria Kazimierz,14:40,,dubbing,2026-10-01T15:11:12.555801
2026-10-01,czwartek,kraków,Luna i rozgadana świnka (dubbing),Cinema City Kraków Zakopianka,11:10,,dubbing,2026-10-01T15:11:12.555801
2026-10-01,czwartek,kraków,Luna i rozgadana świnka (dubbing),Cinema City Kraków Zakopianka,14:50,,dubbing,2026-10-01T15:11:12.555801
2026-10-01,czwartek,kraków,Luna i rozgadana świnka (dubbing),Cinema City Kraków Zakopianka,17:00,,dubbing,2026-10-01T15:11:12.555801
2026-10-01,czwartek,kraków,Luna i rozgadana świnka (dubbing),Multikino Kraków,09:45,,dubbing,2026-10-01T15:11:12.555801
2026-10-01,czwartek,kraków,Luna i rozgadana świnka (dubbing),Multikino Kraków,10:45,,dubbing,2026-10-01T15:11:12.555801
2026-10-01,czwartek,kraków,Luna i rozgadana świnka (dubbing),Multikino Kraków,13:00,,dubbing,2026-10-01T15:11:12.555801
2026-10-01,czwartek,kraków,Luna i rozgadana świnka (dubbing),Multikino Kraków,15:15,,dubbing,2026-10-01T15:11:12.555801
2026-10-01,czwartek,kraków,Luna i rozgadana świnka (dubbing),Multikino Kraków,17:30,,dubbing,2026-10-01T15:11:12.555801
2026-10-01,czwartek,kraków,Ma to sens,Cinema City Kraków Bonarka,16:20,,,2026-10-01T15:11:12.555801
2026-10-01,czwartek,kraków,Ma to sens,Cinema City Kraków Galeria Kazimierz,16:20,,,2026-10-01T15:11:12.555801
2026-10-01,czwartek,kraków,Ma to sens,Cinema City Kraków Zakopianka,21:30,,,2026-10-01T15:11:12.555801
2026-10-01,czwartek,kraków,Ma to sens,Kino Kijów w Krakowie,16:30,,,2026-10-01T15:11:12.555801
2026-10-01,czwartek,kraków,Marsupilami,Kino Mikro w Galerii Bronowice w Krakowie,12:45,,,2026-10-01T15:11:12.555801
2026-10-01,czwartek,kraków,Marsupilami (dubbing),Cinema City Kraków Bonarka,15:00,,dubbing,2026-10-01T15:11:12.555801
2026-10-01,czwartek,kraków,Marsupilami (dubbing),Cinema City Kraków Bonarka,17:20,,dubbing,2026-10-01T15:11:12.555801
2026-10-01,czwartek,kraków,Marsupilami (dubbing),Cinema City Kraków Galeria Kazimierz,15:00,,dubbing,2026-10-01T15:11:12.555801
2026-10-01,czwartek,kraków,Marsupilami (dubbing),Cinema City Kraków Zakopianka,16:30,,dubbing,2026-10-01T15:11:12.555801
2026-10-01,czwartek,kraków,Marsupilami (dubbing),Multikino Kraków,10:30,,dubbing,2026-10-01T15:11:12.555801
2026-10-01,czwartek,kraków,Marsupilami (dubbing),Multikino Kraków,12:05,,dubbing,2026-10-01T15:11:12.555801
2026-10-01,czwartek,kraków,Mistyczka,Cinema City Kraków Bonarka,18:40,,,2026-10-01T15:11:12.555801
2026-10-01,czwartek,kraków,Mistyczka,Cinema City Kraków Zakopianka,14:20,,,2026-10-01T15:11:12.555801
2026-10-01,czwartek,kraków,Mistyczka,Kino Agrafka w Krakowie,15:45,,,2026-10-01T15:11:12.555801
2026-10-01,czwartek,kraków,Mistyczka,Kino Kijów w Krakowie,14:15,,,2026-10-01T15:11:12.555801
2026-10-01,czwartek,kraków,Mistyczka,Kino Kijów w Krakowie,16:15,,,2026-10-01T15:11:12.555801
2026-10-01,czwartek,kraków,Mistyczka,Multikino Kraków,13:45,,,2026-10-01T15:11:12.555801
2026-10-01,czwartek,kraków,Mistyczka,Multikino Kraków,16:10,,,2026-10-01T15:11:12.555801
2026-10-01,czwartek,kraków,Mistyczka,Multikino Kraków,20:00,,,2026-10-01T15:11:12.555801
2026-10-01,czwartek,kraków,Naznaczony: Wyjście z mrocznego wymiaru,Cinema City Kraków Bonarka,21:40,,,2026-10-01T15:11:12.555801
2026-10-01,czwartek,kraków,Nie patrz w dół 2,Cinema City Kraków Bonarka,17:00,,,2026-10-01T15:11:12.555801
2026-10-01,czwartek,kraków,Nie patrz w dół 2,Cinema City Kraków Bonarka,21:50,,,2026-10-01T15:11:12.555801
2026-10-01,czwartek,kraków,Nie patrz w dół 2,Cinema City Kraków Galeria Kazimierz,22:30,,,2026-10-01T15:11:12.555801
2026-10-01,czwartek,kraków,Nie patrz w dół 2,Cinema City Kraków Zakopianka,19:10,,,2026-10-01T15:11:12.555801
2026-10-01,czwartek,kraków,Nie patrz w dół 2,Multikino Kraków,09:50,,,2026-10-01T15:11:12.555801
2026-10-01,czwartek,kraków,Niebo nad Normandią,Cinema City Kraków Bonarka,19:30,,,2026-10-01T15:11:12.555801
2026-10-01,czwartek,kraków,Niebo nad Normandią,Cinema City Kraków Bonarka,21:20,,,2026-10-01T15:11:12.555801
2026-10-01,czwartek,kraków,Niebo nad Normandią,Cinema City Kraków Bonarka,21:50,,,2026-10-01T15:11:12.555801
2026-10-01,czwartek,kraków,Niebo nad Normandią,Cinema City Kraków Galeria Kazimierz,16:50,,,2026-10-01T15:11:12.555801
2026-10-01,czwartek,kraków,Niebo nad Normandią,"Kino Pod Baranami w Małopolskim Ogrodzie Sztuki, czyli Barany w MOSie",16:00,,,2026-10-01T15:11:12.555801
2026-10-01,czwartek,kraków,Niebo nad Normandią,Multikino Kraków,10:30,,,2026-10-01T15:11:12.555801
2026-10-01,czwartek,kraków,O czym sobie nie mówimy,Kinokawiarnia Kika w Krakowie,14:30,,,2026-10-01T15:11:12.555801
2026-10-01,czwartek,kraków,O czym sobie nie mówimy,Kinokawiarnia Kika w Krakowie,20:15,,,2026-10-01T15:11:12.555801
2026-10-01,czwartek,kraków,Obcy,Cinema City Kraków Bonarka,14:00,,,2026-10-01T15:11:12.555801
2026-10-01,czwartek,kraków,Obcy,Cinema City Kraków Bonarka,16:50,,,2026-10-01T15:11:12.555801
2026-10-01,czwartek,kraków,Obcy,Cinema City Kraków Galeria Kazimierz,21:30,,,2026-10-01T15:11:12.555801
2026-10-01,czwartek,kraków,Obcy,Kino Agrafka w Krakowie,17:30,,,2026-10-01T15:11:12.555801
2026-10-01,czwartek,kraków,Obcy,Kino Kijów w Krakowie,20:30,,,2026-10-01T15:11:12.555801
2026-10-01,czwartek,kraków,Obcy,Kino Mikro w Galerii Bronowice w Krakowie,16:15,,,2026-10-01T15:11:12.555801
2026-10-01,czwartek,kraków,Obcy,Kino Pod Baranami w Krakowie,20:20,,,2026-10-01T15:11:12.555801
2026-10-01,czwartek,kraków,Obcy,"Kino Pod Baranami w Małopolskim Ogrodzie Sztuki, czyli Barany w MOSie",13:30,,,2026-10-01T15:11:12.555801
2026-10-01,czwartek,kraków,Obcy,"Kino Pod Baranami w Małopolskim Ogrodzie Sztuki, czyli Barany w MOSie",18:00,,,2026-10-01T15:11:12.555801
2026-10-01,czwartek,kraków,Obcy,Kino Sfinks w Krakowie,17:00,,,2026-10-01T15:11:12.555801
2026-10-01,czwartek,kraków,Obcy,Kinokawiarnia Kika w Krakowie,20:00,,,2026-10-01T15:11:12.555801
2026-10-01,czwartek,kraków,Odyseja,Cinema City Kraków Bonarka,20:50,,,2026-10-01T15:11:12.555801
2026-10-01,czwartek,kraków,Odyseja,"Kino Pod Baranami w Małopolskim Ogrodzie Sztuki, czyli Barany w MOSie",15:00,,,2026-10-01T15:11:12.555801
2026-10-01,czwartek,kraków,Odyseja,Multikino Kraków,13:40,,,2026-10-01T15:11:12.555801
2026-10-01,czwartek,kraków,Odzyskany,Cinema City Kraków Bonarka,17:50,,,2026-10-01T15:11:12.555801
2026-10-01,czwartek,kraków,Orlando,Kino Mikro w Krakowie,16:45,,,2026-10-01T15:11:12.555801
2026-10-01,czwartek,kraków,Orlando,Kino Pod Baranami w Krakowie,15:15,,,2026-10-01T15:11:12.555801
2026-10-01,czwartek,kraków,Podręcznik dla superbohaterów,Kino Kijów w Krakowie,10:00,,,2026-10-01T15:11:12.555801
2026-10-01,czwartek,kraków,"Powiedz mi, co czujesz",Cinema City Kraków Bonarka,13:50,,,2026-10-01T15:11:12.555801
2026-10-01,czwartek,kraków,"Powiedz mi, co czujesz",Cinema City Kraków Galeria Kazimierz,22:10,,,2026-10-01T15:11:12.555801
2026-10-01,czwartek,kraków,"Powiedz mi, co czujesz",Kino Kijów w Krakowie,12:30,,,2026-10-01T15:11:12.555801
2026-10-01,czwartek,kraków,"Powiedz mi, co czujesz","Kino Pod Baranami w Małopolskim Ogrodzie Sztuki, czyli Barany w MOSie",20:15,,,2026-10-01T15:11:12.555801
2026-10-01,czwartek,kraków,"Powiedz mi, co czujesz",Kino Sfinks w Krakowie,19:20,,,2026-10-01T15:11:12.555801
2026-10-01,czwartek,kraków,"Powiedz mi, co czujesz",Kinokawiarnia Kika w Krakowie,13:45,,,2026-10-01T15:11:12.555801
2026-10-01,czwartek,kraków,"Powiedz mi, co czujesz",Multikino Kraków,20:00,,,2026-10-01T15:11:12.555801
2026-10-01,czwartek,kraków,Psi Patrol i dinozaury (dubbing),Cinema City Kraków Bonarka,14:20,,dubbing,2026-10-01T15:11:12.555801
2026-10-01,czwartek,kraków,Psi Patrol i dinozaury (dubbing),Cinema City Kraków Bonarka,16:30,,dubbing,2026-10-01T15:11:12.555801
2026-10-01,czwartek,kraków,Psi Patrol i dinozaury (dubbing),Multikino Kraków,10:00,,dubbing,2026-10-01T15:11:12.555801
2026-10-01,czwartek,kraków,Pucio kocha zwierzaki,Kino Kijów w Krakowie,12:00,,,2026-10-01T15:11:12.555801
2026-10-01,czwartek,kraków,Pucio kocha zwierzaki,Multikino Kraków,10:00,,,2026-10-01T15:11:12.555801
2026-10-01,czwartek,kraków,Requiem dla snu,Kino Mikro w Krakowie,20:30,,,2026-10-01T15:11:12.555801
2026-10-01,czwartek,kraków,Requiem dla snu,Kinokawiarnia Kika w Krakowie,18:45,,,2026-10-01T15:11:12.555801
2026-10-01,czwartek,kraków,Resident Evil,Cinema City Kraków Bonarka,14:30,,,2026-10-01T15:11:12.555801
2026-10-01,czwartek,kraków,Resident Evil,Cinema City Kraków Bonarka,14:50,,,2026-10-01T15:11:12.555801
2026-10-01,czwartek,kraków,Resident Evil,Cinema City Kraków Bonarka,15:45,,,2026-10-01T15:11:12.555801
2026-10-01,czwartek,kraków,Resident Evil,Cinema City Kraków Bonarka,16:45,,,2026-10-01T15:11:12.555801
2026-10-01,czwartek,kraków,Resident Evil,Cinema City Kraków Bonarka,17:15,,,2026-10-01T15:11:12.555801
2026-10-01,czwartek,kraków,Resident Evil,Cinema City Kraków Bonarka,19:00,,,2026-10-01T15:11:12.555801
2026-10-01,czwartek,kraków,Resident Evil,Cinema City Kraków Bonarka,19:30,,,2026-10-01T15:11:12.555801
2026-10-01,czwartek,kraków,Resident Evil,Cinema City Kraków Bonarka,21:15,,,2026-10-01T15:11:12.555801
2026-10-01,czwartek,kraków,Resident Evil,Cinema City Kraków Bonarka,21:40,,,2026-10-01T15:11:12.555801
2026-10-01,czwartek,kraków,Resident Evil,Cinema City Kraków Galeria Kazimierz,14:25,,,2026-10-01T15:11:12.555801
2026-10-01,czwartek,kraków,Resident Evil,Cinema City Kraków Galeria Kazimierz,16:45,,,2026-10-01T15:11:12.555801
2026-10-01,czwartek,kraków,Resident Evil,Cinema City Kraków Galeria Kazimierz,20:15,,,2026-10-01T15:11:12.555801
2026-10-01,czwartek,kraków,Resident Evil,Cinema City Kraków Galeria Kazimierz,22:30,,,2026-10-01T15:11:12.555801
2026-10-01,czwartek,kraków,Resident Evil,Cinema City Kraków Zakopianka,14:00,,,2026-10-01T15:11:12.555801
2026-10-01,czwartek,kraków,Resident Evil,Cinema City Kraków Zakopianka,16:10,,,2026-10-01T15:11:12.555801
2026-10-01,czwartek,kraków,Resident Evil,Cinema City Kraków Zakopianka,19:15,,,2026-10-01T15:11:12.555801
2026-10-01,czwartek,kraków,Resident Evil,Cinema City Kraków Zakopianka,21:30,,,2026-10-01T15:11:12.555801
2026-10-01,czwartek,kraków,Resident Evil,Multikino Kraków,14:15,,,2026-10-01T15:11:12.555801
2026-10-01,czwartek,kraków,Resident Evil,Multikino Kraków,16:30,,,2026-10-01T15:11:12.555801
2026-10-01,czwartek,kraków,Resident Evil,Multikino Kraków,18:45,,,2026-10-01T15:11:12.555801
2026-10-01,czwartek,kraków,Resident Evil,Multikino Kraków,21:00,,,2026-10-01T15:11:12.555801
2026-10-01,czwartek,kraków,Resident Evil: Oselia Zla (ukr.),Cinema City Kraków Bonarka,18:40,,,2026-10-01T15:11:12.555801
2026-10-01,czwartek,kraków,Resident Evil: Oselia Zla (ukr.),Cinema City Kraków Galeria Kazimierz,17:30,,,2026-10-01T15:11:12.555801
2026-10-01,czwartek,kraków,Resident Evil: Oselia Zla (ukr.),Multikino Kraków,21:10,,,2026-10-01T15:11:12.555801
2026-10-01,czwartek,kraków,Spa Weekend,Cinema City Kraków Bonarka,20:00,,,2026-10-01T15:11:12.555801
2026-10-01,czwartek,kraków,Spider-Man. Całkiem nowy dzień,Cinema City Kraków Bonarka,14:40,,,2026-10-01T15:11:12.555801
2026-10-01,czwartek,kraków,Spider-Man. Całkiem nowy dzień,Cinema City Kraków Galeria Kazimierz,17:10,,,2026-10-01T15:11:12.555801
2026-10-01,czwartek,kraków,Spider-Man. Całkiem nowy dzień,Cinema City Kraków Galeria Kazimierz,21:20,,,2026-10-01T15:11:12.555801
2026-10-01,czwartek,kraków,Spider-Man. Całkiem nowy dzień,Cinema City Kraków Zakopianka,18:50,,,2026-10-01T15:11:12.555801
2026-10-01,czwartek,kraków,Spider-Man. Całkiem nowy dzień,Multikino Kraków,15:05,,,2026-10-01T15:11:12.555801
2026-10-01,czwartek,kraków,Spider-Man. Całkiem nowy dzień (dubbing),Cinema City Kraków Bonarka,15:50,,dubbing,2026-10-01T15:11:12.555801
2026-10-01,czwartek,kraków,Spider-Man. Całkiem nowy dzień (dubbing),Cinema City Kraków Galeria Kazimierz,14:00,,dubbing,2026-10-01T15:11:12.555801
2026-10-01,czwartek,kraków,Spider-Man. Całkiem nowy dzień (dubbing),Cinema City Kraków Zakopianka,15:30,,dubbing,2026-10-01T15:11:12.555801
2026-10-01,czwartek,kraków,Spider-Man. Całkiem nowy dzień (dubbing),Multikino Kraków,10:00,,dubbing,2026-10-01T15:11:12.555801
2026-10-01,czwartek,kraków,Sunny Dancer,Cinema City Kraków Bonarka,22:00,,,2026-10-01T15:11:12.555801
2026-10-01,czwartek,kraków,Tedi i magiczna lampa (dubbing),Cinema City Kraków Bonarka,15:40,,dubbing,2026-10-01T15:11:12.555801
2026-10-01,czwartek,kraków,Tedi i magiczna lampa (dubbing),Cinema City Kraków Galeria Kazimierz,14:10,,dubbing,2026-10-01T15:11:12.555801
2026-10-01,czwartek,kraków,Tedi i magiczna lampa (dubbing),Kino Kijów w Krakowie,10:15,,dubbing,2026-10-01T15:11:12.555801
2026-10-01,czwartek,kraków,Tedi i magiczna lampa (dubbing),Kino Kijów w Krakowie,12:15,,dubbing,2026-10-01T15:11:12.555801
2026-10-01,czwartek,kraków,Tedi i magiczna lampa (dubbing),Kino Kijów w Krakowie,14:45,,dubbing,2026-10-01T15:11:12.555801
2026-10-01,czwartek,kraków,Tedi i magiczna lampa (dubbing),Multikino Kraków,10:45,,dubbing,2026-10-01T15:11:12.555801
2026-10-01,czwartek,kraków,Tedi i magiczna lampa (dubbing),Multikino Kraków,15:20,,dubbing,2026-10-01T15:11:12.555801
2026-10-01,czwartek,kraków,Tedi i magiczna lampa (dubbing),Multikino Kraków,17:35,,dubbing,2026-10-01T15:11:12.555801
2026-10-01,czwartek,kraków,The Birthday Party,Cinema City Kraków Bonarka,19:40,,,2026-10-01T15:11:12.555801
2026-10-01,czwartek,kraków,The Birthday Party,Cinema City Kraków Galeria Kazimierz,19:40,,,2026-10-01T15:11:12.555801
2026-10-01,czwartek,kraków,The Birthday Party,Kino Mikro w Krakowie,18:30,,,2026-10-01T15:11:12.555801
2026-10-01,czwartek,kraków,The Birthday Party,Kinokawiarnia Kika w Krakowie,20:45,,,2026-10-01T15:11:12.555801
2026-10-01,czwartek,kraków,Tony,Cinema City Kraków Bonarka,21:40,,,2026-10-01T15:11:12.555801
2026-10-01,czwartek,kraków,Tony,Cinema City Kraków Galeria Kazimierz,15:00,,,2026-10-01T15:11:12.555801
2026-10-01,czwartek,kraków,Tony,Kino Kijów w Krakowie,18:30,,,2026-10-01T15:11:12.555801
2026-10-01,czwartek,kraków,Tony,Kino Pod Baranami w Krakowie,18:15,,,2026-10-01T15:11:12.555801
2026-10-01,czwartek,kraków,Tony,"Kino Pod Baranami w Małopolskim Ogrodzie Sztuki, czyli Barany w MOSie",11:30,,,2026-10-01T15:11:12.555801
2026-10-01,czwartek,kraków,Tony,Kinokawiarnia Kika w Krakowie,17:45,,,2026-10-01T15:11:12.555801
2026-10-01,czwartek,kraków,Totalna magia 2,Kino Kijów w Krakowie,18:15,,,2026-10-01T15:11:12.555801
2026-10-01,czwartek,kraków,Totalna magia 2 (dubbing),Cinema City Kraków Zakopianka,22:00,,dubbing,2026-10-01T15:11:12.555801
2026-10-01,czwartek,kraków,Trainspotting,Multikino Kraków,21:30,,,2026-10-01T15:11:12.555801
2026-10-01,czwartek,kraków,W sercu dziczy,Cinema City Kraków Bonarka,14:30,,,2026-10-01T15:11:12.555801
2026-10-01,czwartek,kraków,W sercu dziczy,Cinema City Kraków Bonarka,17:00,,,2026-10-01T15:11:12.555801
2026-10-01,czwartek,kraków,W sercu dziczy,Cinema City Kraków Bonarka,19:30,,,2026-10-01T15:11:12.555801
2026-10-01,czwartek,kraków,W sercu dziczy,Cinema City Kraków Bonarka,21:10,,,2026-10-01T15:11:12.555801
2026-10-01,czwartek,kraków,W sercu dziczy,Cinema City Kraków Bonarka,22:00,,,2026-10-01T15:11:12.555801
2026-10-01,czwartek,kraków,W sercu dziczy,Cinema City Kraków Galeria Kazimierz,17:20,,,2026-10-01T15:11:12.555801
2026-10-01,czwartek,kraków,W sercu dziczy,Cinema City Kraków Galeria Kazimierz,19:40,,,2026-10-01T15:11:12.555801
2026-10-01,czwartek,kraków,W sercu dziczy,Cinema City Kraków Galeria Kazimierz,22:00,,,2026-10-01T15:11:12.555801
2026-10-01,czwartek,kraków,W sercu dziczy,Cinema City Kraków Zakopianka,16:20,,,2026-10-01T15:11:12.555801
2026-10-01,czwartek,kraków,W sercu dziczy,Cinema City Kraków Zakopianka,18:45,,,2026-10-01T15:11:12.555801
2026-10-01,czwartek,kraków,W sercu dziczy,Cinema City Kraków Zakopianka,21:10,,,2026-10-01T15:11:12.555801
2026-10-01,czwartek,kraków,W sercu dziczy,Multikino Kraków,12:55,,,2026-10-01T15:11:12.555801
2026-10-01,czwartek,kraków,W sercu dziczy,Multikino Kraków,15:20,,,2026-10-01T15:11:12.555801
2026-10-01,czwartek,kraków,W sercu dziczy,Multikino Kraków,17:45,,,2026-10-01T15:11:12.555801
2026-10-01,czwartek,kraków,W sercu dziczy,Multikino Kraków,20:10,,,2026-10-01T15:11:12.555801
2026-10-01,czwartek,kraków,Zaproszenie,"Kino Pod Baranami w Małopolskim Ogrodzie Sztuki, czyli Barany w MOSie",18:00,,,2026-10-01T15:11:12.555801
2026-10-01,czwartek,wrocław,100 dni: Misja Zeus,Cinema City Wrocław Korona,15:50,,,2026-10-01T15:11:15.983981
2026-10-01,czwartek,wrocław,100 dni: Misja Zeus,Cinema City Wrocław Wroclavia,14:10,,,2026-10-01T15:11:15.983981
2026-10-01,czwartek,wrocław,100 dni: Misja Zeus,Cinema City Wrocław Wroclavia,16:50,,,2026-10-01T15:11:15.983981
2026-10-01,czwartek,wrocław,100 dni: Misja Zeus,Cinema City Wrocław Wroclavia,19:30,,,2026-10-01T15:11:15.983981
2026-10-01,czwartek,wrocław,100 dni: Misja Zeus,Helios Wrocław Magnolia Park,17:30,,,2026-10-01T15:11:15.983981
2026-10-01,czwartek,wrocław,100 dni: Misja Zeus,Helios Wrocław Magnolia Park,20:10,,,2026-10-01T15:11:15.983981
2026-10-01,czwartek,wrocław,100 dni: Misja Zeus,Multikino Pasaż Grunwaldzki,11:15,,,2026-10-01T15:11:15.983981
2026-10-01,czwartek,wrocław,100 dni: Misja Zeus,Multikino Pasaż Grunwaldzki,17:25,,,2026-10-01T15:11:15.983981
2026-10-01,czwartek,wrocław,500 mil,Helios Wrocław Magnolia Park,10:00,,,2026-10-01T15:11:15.983981
2026-10-01,czwartek,wrocław,500 mil,Multikino Pasaż Grunwaldzki,10:00,,,2026-10-01T15:11:15.983981
2026-10-01,czwartek,wrocław,Avengers: Koniec gry - wersja rozszerzona,Cinema City Wrocław Korona,15:40,,,2026-10-01T15:11:15.983981
2026-10-01,czwartek,wrocław,Avengers: Koniec gry - wersja rozszerzona,Cinema City Wrocław Korona,20:30,,,2026-10-01T15:11:15.983981
2026-10-01,czwartek,wrocław,Avengers: Koniec gry - wersja rozszerzona,Cinema City Wrocław Korona,21:40,,,2026-10-01T15:11:15.983981
2026-10-01,czwartek,wrocław,Avengers: Koniec gry - wersja rozszerzona,Cinema City Wrocław Wroclavia,16:10,,,2026-10-01T15:11:15.983981
2026-10-01,czwartek,wrocław,Avengers: Koniec gry - wersja rozszerzona,Cinema City Wrocław Wroclavia,20:00,,,2026-10-01T15:11:15.983981
2026-10-01,czwartek,wrocław,Avengers: Koniec gry - wersja rozszerzona,Cinema City Wrocław Wroclavia,20:40,,,2026-10-01T15:11:15.983981
2026-10-01,czwartek,wrocław,Avengers: Koniec gry - wersja rozszerzona,Cinema City Wrocław Wroclavia IMAX,14:20,,,2026-10-01T15:11:15.983981
2026-10-01,czwartek,wrocław,Avengers: Koniec gry - wersja rozszerzona,Cinema City Wrocław Wroclavia IMAX,21:20,,,2026-10-01T15:11:15.983981
2026-10-01,czwartek,wrocław,Avengers: Koniec gry - wersja rozszerzona,Multikino Pasaż Grunwaldzki,19:45,,,2026-10-01T15:11:15.983981
2026-10-01,czwartek,wrocław,Avengers: Koniec gry (dubbing) - wersja rozszerzona,Cinema City Wrocław Korona,16:40,,dubbing,2026-10-01T15:11:15.983981
2026-10-01,czwartek,wrocław,Avengers: Koniec gry (dubbing) - wersja rozszerzona,Cinema City Wrocław Wroclavia,14:40,,dubbing,2026-10-01T15:11:15.983981
2026-10-01,czwartek,wrocław,Avengers: Koniec gry (dubbing) - wersja rozszerzona,Cinema City Wrocław Wroclavia,16:50,,dubbing,2026-10-01T15:11:15.983981
2026-10-01,czwartek,wrocław,Avengers: Koniec gry (dubbing) - wersja rozszerzona,Multikino Pasaż Grunwaldzki,11:00,,dubbing,2026-10-01T15:11:15.983981
2026-10-01,czwartek,wrocław,Avengers: Koniec gry (dubbing) - wersja rozszerzona,Multikino Pasaż Grunwaldzki,14:50,,dubbing,2026-10-01T15:11:15.983981
2026-10-01,czwartek,wrocław,Avengers: Koniec gry 3D (dubbing) - wersja rozszerzona,Cinema City Wrocław Wroclavia,20:50,3D,dubbing,2026-10-01T15:11:15.983981
2026-10-01,czwartek,wrocław,Bez końca,Cinema City Wrocław Wroclavia,19:50,,,2026-10-01T15:11:15.983981
2026-10-01,czwartek,wrocław,Bez końca,Kino Nowe Horyzonty we Wrocławiu,13:30,,,2026-10-01T15:11:15.983981
2026-10-01,czwartek,wrocław,Dancing Queen w Hollywood,Kino Nowe Horyzonty we Wrocławiu,17:00,,,2026-10-01T15:11:15.983981
2026-10-01,czwartek,wrocław,Dzień dziecka księdza Jana Kaczkowskiego,Cinema City Wrocław Wroclavia,17:45,,,2026-10-01T15:11:15.983981
2026-10-01,czwartek,wrocław,Dzień dziecka księdza Jana Kaczkowskiego,Helios Wrocław Magnolia Park,17:30,,,2026-10-01T15:11:15.983981
2026-10-01,czwartek,wrocław,Edward Hopper. Amerykańska love story,Kino Nowe Horyzonty we Wrocławiu,17:00,,,2026-10-01T15:11:15.983981
2026-10-01,czwartek,wrocław,Fantastyczna,Kino Nowe Horyzonty we Wrocławiu,16:30,,,2026-10-01T15:11:15.983981
2026-10-01,czwartek,wrocław,Folwark zwierzęcy,Cinema City Wrocław Wroclavia,09:30,,,2026-10-01T15:11:15.983981
2026-10-01,czwartek,wrocław,Folwark zwierzęcy,Cinema City Wrocław Wroclavia,13:20,,,2026-10-01T15:11:15.983981
2026-10-01,czwartek,wrocław,Folwark zwierzęcy,Cinema City Wrocław Wroclavia,15:40,,,2026-10-01T15:11:15.983981
2026-10-01,czwartek,wrocław,Folwark zwierzęcy,Kino Nowe Horyzonty we Wrocławiu,09:15,,,2026-10-01T15:11:15.983981
2026-10-01,czwartek,wrocław,Folwark zwierzęcy,Kino Nowe Horyzonty we Wrocławiu,12:45,,,2026-10-01T15:11:15.983981
2026-10-01,czwartek,wrocław,Folwark zwierzęcy (dubbing),Cinema City Wrocław Wroclavia,09:30,,dubbing,2026-10-01T15:11:15.983981
2026-10-01,czwartek,wrocław,Folwark zwierzęcy (dubbing),Cinema City Wrocław Wroclavia,13:20,,dubbing,2026-10-01T15:11:15.983981
2026-10-01,czwartek,wrocław,Folwark zwierzęcy (dubbing),Cinema City Wrocław Wroclavia,15:40,,dubbing,2026-10-01T15:11:15.983981
2026-10-01,czwartek,wrocław,Góra mocy,Kino Nowe Horyzonty we Wrocławiu,09:45,,,2026-10-01T15:11:15.983981
2026-10-01,czwartek,wrocław,Hot Spot,Cinema City Wrocław Wroclavia,20:00,,,2026-10-01T15:11:15.983981
2026-10-01,czwartek,wrocław,Hot Spot,Cinema City Wrocław Wroclavia,22:20,,,2026-10-01T15:11:15.983981
2026-10-01,czwartek,wrocław,Hot Spot,Dolnośląskie Centrum Filmowe (DCF) we Wrocławiu,15:45,,,2026-10-01T15:11:15.983981
2026-10-01,czwartek,wrocław,Hot Spot,Dolnośląskie Centrum Filmowe (DCF) we Wrocławiu,20:15,,,2026-10-01T15:11:15.983981
2026-10-01,czwartek,wrocław,Hot Spot,Kino Nowe Horyzonty we Wrocławiu,14:45,,,2026-10-01T15:11:15.983981
2026-10-01,czwartek,wrocław,Hot Spot,Kino Nowe Horyzonty we Wrocławiu,19:15,,,2026-10-01T15:11:15.983981
2026-10-01,czwartek,wrocław,Księga pustyni (dubbing),Multikino Pasaż Grunwaldzki,09:30,,dubbing,2026-10-01T15:11:15.983981
2026-10-01,czwartek,wrocław,Księga pustyni (dubbing),Multikino Pasaż Grunwaldzki,11:00,,dubbing,2026-10-01T15:11:15.983981
2026-10-01,czwartek,wrocław,Kura,Dolnośląskie Centrum Filmowe (DCF) we Wrocławiu,17:15,,,2026-10-01T15:11:15.983981
2026-10-01,czwartek,wrocław,Kura,Kino Nowe Horyzonty we Wrocławiu,16:40,,,2026-10-01T15:11:15.983981
2026-10-01,czwartek,wrocław,Lalka,Cinema City Wrocław Korona,14:30,,,2026-10-01T15:11:15.983981
2026-10-01,czwartek,wrocław,Lalka,Cinema City Wrocław Korona,15:30,,,2026-10-01T15:11:15.983981
2026-10-01,czwartek,wrocław,Lalka,Cinema City Wrocław Korona,18:00,,,2026-10-01T15:11:15.983981
2026-10-01,czwartek,wrocław,Lalka,Cinema City Wrocław Korona,19:00,,,2026-10-01T15:11:15.983981
2026-10-01,czwartek,wrocław,Lalka,Cinema City Wrocław Korona,21:30,,,2026-10-01T15:11:15.983981
2026-10-01,czwartek,wrocław,Lalka,Cinema City Wrocław Wroclavia,15:30,,,2026-10-01T15:11:15.983981
2026-10-01,czwartek,wrocław,Lalka,Cinema City Wrocław Wroclavia,16:00,,,2026-10-01T15:11:15.983981
2026-10-01,czwartek,wrocław,Lalka,Cinema City Wrocław Wroclavia,16:30,,,2026-10-01T15:11:15.983981
2026-10-01,czwartek,wrocław,Lalka,Cinema City Wrocław Wroclavia,17:00,,,2026-10-01T15:11:15.983981
2026-10-01,czwartek,wrocław,Lalka,Cinema City Wrocław Wroclavia,19:00,,,2026-10-01T15:11:15.983981
2026-10-01,czwartek,wrocław,Lalka,Cinema City Wrocław Wroclavia,19:30,,,2026-10-01T15:11:15.983981
2026-10-01,czwartek,wrocław,Lalka,Cinema City Wrocław Wroclavia,20:00,,,2026-10-01T15:11:15.983981
2026-10-01,czwartek,wrocław,Lalka,Cinema City Wrocław Wroclavia,20:20,,,2026-10-01T15:11:15.983981
2026-10-01,czwartek,wrocław,Lalka,Cinema City Wrocław Wroclavia,20:30,,,2026-10-01T15:11:15.983981
2026-10-01,czwartek,wrocław,Lalka,Cinema City Wrocław Wroclavia,21:15,,,2026-10-01T15:11:15.983981
2026-10-01,czwartek,wrocław,Lalka,Cinema City Wrocław Wroclavia IMAX,18:00,,,2026-10-01T15:11:15.983981
2026-10-01,czwartek,wrocław,Lalka,Dolnośląskie Centrum Filmowe (DCF) we Wrocławiu,19:45,,,2026-10-01T15:11:15.983981
2026-10-01,czwartek,wrocław,Lalka,Helios Wrocław Magnolia Park,10:00,,,2026-10-01T15:11:15.983981
2026-10-01,czwartek,wrocław,Lalka,Helios Wrocław Magnolia Park,10:00,,,2026-10-01T15:11:15.983981
2026-10-01,czwartek,wrocław,Lalka,Helios Wrocław Magnolia Park,10:00,,,2026-10-01T15:11:15.983981
2026-10-01,czwartek,wrocław,Lalka,Helios Wrocław Magnolia Park,10:00,,,2026-10-01T15:11:15.983981
2026-10-01,czwartek,wrocław,Lalka,Helios Wrocław Magnolia Park,10:00,,,2026-10-01T15:11:15.983981
2026-10-01,czwartek,wrocław,Lalka,Helios Wrocław Magnolia Park,12:00,,,2026-10-01T15:11:15.983981
2026-10-01,czwartek,wrocław,Lalka,Helios Wrocław Magnolia Park,14:30,,,2026-10-01T15:11:15.983981
2026-10-01,czwartek,wrocław,Lalka,Helios Wrocław Magnolia Park,15:30,,,2026-10-01T15:11:15.983981
2026-10-01,czwartek,wrocław,Lalka,Helios Wrocław Magnolia Park,17:00,,,2026-10-01T15:11:15.983981
2026-10-01,czwartek,wrocław,Lalka,Helios Wrocław Magnolia Park,18:00,,,2026-10-01T15:11:15.983981
2026-10-01,czwartek,wrocław,Lalka,Helios Wrocław Magnolia Park,19:00,,,2026-10-01T15:11:15.983981
2026-10-01,czwartek,wrocław,Lalka,Helios Wrocław Magnolia Park,20:30,,,2026-10-01T15:11:15.983981
2026-10-01,czwartek,wrocław,Lalka,Helios Wrocław Magnolia Park,21:30,,,2026-10-01T15:11:15.983981
2026-10-01,czwartek,wrocław,Lalka,Kino Nowe Horyzonty we Wrocławiu,09:00,,,2026-10-01T15:11:15.983981
2026-10-01,czwartek,wrocław,Lalka,Kino Nowe Horyzonty we Wrocławiu,13:00,,,2026-10-01T15:11:15.983981
2026-10-01,czwartek,wrocław,Lalka,Kino Nowe Horyzonty we Wrocławiu,15:15,,,2026-10-01T15:11:15.983981
2026-10-01,czwartek,wrocław,Lalka,Kino Nowe Horyzonty we Wrocławiu,16:15,,,2026-10-01T15:11:15.983981
2026-10-01,czwartek,wrocław,Lalka,Kino Nowe Horyzonty we Wrocławiu,18:30,,,2026-10-01T15:11:15.983981
2026-10-01,czwartek,wrocław,Lalka,Kino Nowe Horyzonty we Wrocławiu,19:30,,,2026-10-01T15:11:15.983981
2026-10-01,czwartek,wrocław,Lalka,Multikino Pasaż Grunwaldzki,09:00,,,2026-10-01T15:11:15.983981
2026-10-01,czwartek,wrocław,Lalka,Multikino Pasaż Grunwaldzki,10:20,,,2026-10-01T15:11:15.983981
2026-10-01,czwartek,wrocław,Lalka,Multikino Pasaż Grunwaldzki,11:20,,,2026-10-01T15:11:15.983981
2026-10-01,czwartek,wrocław,Lalka,Multikino Pasaż Grunwaldzki,12:30,,,2026-10-01T15:11:15.983981
2026-10-01,czwartek,wrocław,Lalka,Multikino Pasaż Grunwaldzki,13:50,,,2026-10-01T15:11:15.983981
2026-10-01,czwartek,wrocław,Lalka,Multikino Pasaż Grunwaldzki,14:50,,,2026-10-01T15:11:15.983981
2026-10-01,czwartek,wrocław,Lalka,Multikino Pasaż Grunwaldzki,16:20,,,2026-10-01T15:11:15.983981
2026-10-01,czwartek,wrocław,Lalka,Multikino Pasaż Grunwaldzki,17:20,,,2026-10-01T15:11:15.983981
2026-10-01,czwartek,wrocław,Lalka,Multikino Pasaż Grunwaldzki,18:20,,,2026-10-01T15:11:15.983981
2026-10-01,czwartek,wrocław,Lalka,Multikino Pasaż Grunwaldzki,19:00,,,2026-10-01T15:11:15.983981
2026-10-01,czwartek,wrocław,Lalka,Multikino Pasaż Grunwaldzki,19:10,,,2026-10-01T15:11:15.983981
2026-10-01,czwartek,wrocław,Lalka,Multikino Pasaż Grunwaldzki,19:50,,,2026-10-01T15:11:15.983981
2026-10-01,czwartek,wrocław,Lalka,Multikino Pasaż Grunwaldzki,20:50,,,2026-10-01T15:11:15.983981
2026-10-01,czwartek,wrocław,Lalka (seans z audiodeskrypcją),Cinema City Wrocław Wroclavia,20:20,,,2026-10-01T15:11:15.983981
2026-10-01,czwartek,wrocław,Luna i rozgadana świnka,Helios Wrocław Magnolia Park,13:10,,,2026-10-01T15:11:15.983981
2026-10-01,czwartek,wrocław,Luna i rozgadana świnka,Helios Wrocław Magnolia Park,14:00,,,2026-10-01T15:11:15.983981
2026-10-01,czwartek,wrocław,Luna i rozgadana świnka (dubbing),Cinema City Wrocław Korona,12:00,,dubbing,2026-10-01T15:11:15.983981
2026-10-01,czwartek,wrocław,Luna i rozgadana świnka (dubbing),Cinema City Wrocław Korona,14:10,,dubbing,2026-10-01T15:11:15.983981
2026-10-01,czwartek,wrocław,Luna i rozgadana świnka (dubbing),Cinema City Wrocław Korona,16:20,,dubbing,2026-10-01T15:11:15.983981
2026-10-01,czwartek,wrocław,Luna i rozgadana świnka (dubbing),Cinema City Wrocław Korona,18:30,,dubbing,2026-10-01T15:11:15.983981
2026-10-01,czwartek,wrocław,Luna i rozgadana świnka (dubbing),Cinema City Wrocław Wroclavia,10:30,,dubbing,2026-10-01T15:11:15.983981
2026-10-01,czwartek,wrocław,Luna i rozgadana świnka (dubbing),Cinema City Wrocław Wroclavia,11:00,,dubbing,2026-10-01T15:11:15.983981
2026-10-01,czwartek,wrocław,Luna i rozgadana świnka (dubbing),Cinema City Wrocław Wroclavia,12:40,,dubbing,2026-10-01T15:11:15.983981
2026-10-01,czwartek,wrocław,Luna i rozgadana świnka (dubbing),Cinema City Wrocław Wroclavia,14:50,,dubbing,2026-10-01T15:11:15.983981
2026-10-01,czwartek,wrocław,Luna i rozgadana świnka (dubbing),Cinema City Wrocław Wroclavia,17:00,,dubbing,2026-10-01T15:11:15.983981
2026-10-01,czwartek,wrocław,Luna i rozgadana świnka (dubbing),Helios Wrocław Magnolia Park,13:10,,dubbing,2026-10-01T15:11:15.983981
2026-10-01,czwartek,wrocław,Luna i rozgadana świnka (dubbing),Helios Wrocław Magnolia Park,14:00,,dubbing,2026-10-01T15:11:15.983981
2026-10-01,czwartek,wrocław,Luna i rozgadana świnka (dubbing),Multikino Pasaż Grunwaldzki,13:10,,dubbing,2026-10-01T15:11:15.983981
2026-10-01,czwartek,wrocław,Luna i rozgadana świnka (dubbing),Multikino Pasaż Grunwaldzki,15:20,,dubbing,2026-10-01T15:11:15.983981
2026-10-01,czwartek,wrocław,Luna i rozgadana świnka (dubbing),Multikino Pasaż Grunwaldzki,17:30,,dubbing,2026-10-01T15:11:15.983981
2026-10-01,czwartek,wrocław,Ma to sens,Cinema City Wrocław Korona,20:45,,,2026-10-01T15:11:15.983981
2026-10-01,czwartek,wrocław,Ma to sens,Cinema City Wrocław Wroclavia,17:50,,,2026-10-01T15:11:15.983981
2026-10-01,czwartek,wrocław,Marsupilami,Kino Nowe Horyzonty we Wrocławiu,09:00,,,2026-10-01T15:11:15.983981
2026-10-01,czwartek,wrocław,Marsupilami (dubbing),Cinema City Wrocław Korona,15:20,,dubbing,2026-10-01T15:11:15.983981
2026-10-01,czwartek,wrocław,Marsupilami (dubbing),Cinema City Wrocław Korona,17:45,,dubbing,2026-10-01T15:11:15.983981
2026-10-01,czwartek,wrocław,Marsupilami (dubbing),Cinema City Wrocław Wroclavia,15:30,,dubbing,2026-10-01T15:11:15.983981
2026-10-01,czwartek,wrocław,Marsupilami (dubbing),Multikino Pasaż Grunwaldzki,09:00,,dubbing,2026-10-01T15:11:15.983981
2026-10-01,czwartek,wrocław,Marsupilami (dubbing),Multikino Pasaż Grunwaldzki,17:00,,dubbing,2026-10-01T15:11:15.983981
2026-10-01,czwartek,wrocław,Mistyczka,Cinema City Wrocław Korona,12:20,,,2026-10-01T15:11:15.983981
2026-10-01,czwartek,wrocław,Mistyczka,Cinema City Wrocław Wroclavia,15:20,,,2026-10-01T15:11:15.983981
2026-10-01,czwartek,wrocław,Mistyczka,Helios Wrocław Magnolia Park,15:20,,,2026-10-01T15:11:15.983981
2026-10-01,czwartek,wrocław,Mistyczka,Multikino Pasaż Grunwaldzki,12:20,,,2026-10-01T15:11:15.983981
2026-10-01,czwartek,wrocław,Mistyczka,Multikino Pasaż Grunwaldzki,17:00,,,2026-10-01T15:11:15.983981
2026-10-01,czwartek,wrocław,Nie patrz w dół 2,Cinema City Wrocław Wroclavia,17:40,,,2026-10-01T15:11:15.983981
2026-10-01,czwartek,wrocław,Nie patrz w dół 2,Cinema City Wrocław Wroclavia,22:20,,,2026-10-01T15:11:15.983981
2026-10-01,czwartek,wrocław,Niebo nad Normandią,Cinema City Wrocław Wroclavia,15:05,,,2026-10-01T15:11:15.983981
2026-10-01,czwartek,wrocław,Niebo nad Normandią,Cinema City Wrocław Wroclavia,17:30,,,2026-10-01T15:11:15.983981
2026-10-01,czwartek,wrocław,Niebo nad Normandią,Cinema City Wrocław Wroclavia,20:00,,,2026-10-01T15:11:15.983981
2026-10-01,czwartek,wrocław,Niebo nad Normandią,Cinema City Wrocław Wroclavia,22:30,,,2026-10-01T15:11:15.983981
2026-10-01,czwartek,wrocław,Niebo nad Normandią,Kino Nowe Horyzonty we Wrocławiu,14:45,,,2026-10-01T15:11:15.983981
2026-10-01,czwartek,wrocław,Niebo nad Normandią,Kino Nowe Horyzonty we Wrocławiu,21:15,,,2026-10-01T15:11:15.983981
2026-10-01,czwartek,wrocław,Niebo nad Normandią,Multikino Pasaż Grunwaldzki,12:20,,,2026-10-01T15:11:15.983981
2026-10-01,czwartek,wrocław,Obcy,Cinema City Wrocław Wroclavia,17:10,,,2026-10-01T15:11:15.983981
2026-10-01,czwartek,wrocław,Obcy,Dolnośląskie Centrum Filmowe (DCF) we Wrocławiu,17:15,,,2026-10-01T15:11:15.983981
2026-10-01,czwartek,wrocław,Obcy,Kino Nowe Horyzonty we Wrocławiu,09:30,,,2026-10-01T15:11:15.983981
2026-10-01,czwartek,wrocław,Obcy,Kino Nowe Horyzonty we Wrocławiu,11:00,,,2026-10-01T15:11:15.983981
2026-10-01,czwartek,wrocław,Obcy,Kino Nowe Horyzonty we Wrocławiu,17:30,,,2026-10-01T15:11:15.983981
2026-10-01,czwartek,wrocław,Obcy,Kino Nowe Horyzonty we Wrocławiu,20:00,,,2026-10-01T15:11:15.983981
2026-10-01,czwartek,wrocław,Odyseja,Cinema City Wrocław Wroclavia,21:10,,,2026-10-01T15:11:15.983981
2026-10-01,czwartek,wrocław,Odyseja,Helios Wrocław Magnolia Park,13:30,,,2026-10-01T15:11:15.983981
2026-10-01,czwartek,wrocław,Odyseja,Helios Wrocław Magnolia Park,19:30,,,2026-10-01T15:11:15.983981
2026-10-01,czwartek,wrocław,Odyseja,Kino Nowe Horyzonty we Wrocławiu,11:15,,,2026-10-01T15:11:15.983981
2026-10-01,czwartek,wrocław,Odyseja,Multikino Pasaż Grunwaldzki,13:50,,,2026-10-01T15:11:15.983981
2026-10-01,czwartek,wrocław,Odyseja,Multikino Pasaż Grunwaldzki,19:20,,,2026-10-01T15:11:15.983981
2026-10-01,czwartek,wrocław,"Powiedz mi, co czujesz",Dolnośląskie Centrum Filmowe (DCF) we Wrocławiu,18:00,,,2026-10-01T15:11:15.983981
2026-10-01,czwartek,wrocław,"Powiedz mi, co czujesz",Kino Nowe Horyzonty we Wrocławiu,21:00,,,2026-10-01T15:11:15.983981
2026-10-01,czwartek,wrocław,"Powiedz mi, co czujesz",Multikino Pasaż Grunwaldzki,20:00,,,2026-10-01T15:11:15.983981
2026-10-01,czwartek,wrocław,Psi Patrol i dinozaury (dubbing),Cinema City Wrocław Wroclavia,15:20,,dubbing,2026-10-01T15:11:15.983981
2026-10-01,czwartek,wrocław,Pucio kocha zwierzaki,Kino Nowe Horyzonty we Wrocławiu,09:15,,,2026-10-01T15:11:15.983981
2026-10-01,czwartek,wrocław,Pucio kocha zwierzaki,Multikino Pasaż Grunwaldzki,10:00,,,2026-10-01T15:11:15.983981
2026-10-01,czwartek,wrocław,Resident Evil,Cinema City Wrocław Korona,16:30,,,2026-10-01T15:11:15.983981
2026-10-01,czwartek,wrocław,Resident Evil,Cinema City Wrocław Korona,18:35,,,2026-10-01T15:11:15.983981
2026-10-01,czwartek,wrocław,Resident Evil,Cinema City Wrocław Korona,20:50,,,2026-10-01T15:11:15.983981
2026-10-01,czwartek,wrocław,Resident Evil,Cinema City Wrocław Wroclavia,14:00,,,2026-10-01T15:11:15.983981
2026-10-01,czwartek,wrocław,Resident Evil,Cinema City Wrocław Wroclavia,16:15,,,2026-10-01T15:11:15.983981
2026-10-01,czwartek,wrocław,Resident Evil,Cinema City Wrocław Wroclavia,19:50,,,2026-10-01T15:11:15.983981
2026-10-01,czwartek,wrocław,Resident Evil,Cinema City Wrocław Wroclavia,22:00,,,2026-10-01T15:11:15.983981
2026-10-01,czwartek,wrocław,Resident Evil,Dolnośląskie Centrum Filmowe (DCF) we Wrocławiu,15:15,,,2026-10-01T15:11:15.983981
2026-10-01,czwartek,wrocław,Resident Evil,Helios Wrocław Magnolia Park,18:30,,,2026-10-01T15:11:15.983981
2026-10-01,czwartek,wrocław,Resident Evil,Helios Wrocław Magnolia Park,20:50,,,2026-10-01T15:11:15.983981
2026-10-01,czwartek,wrocław,Resident Evil,Kino Nowe Horyzonty we Wrocławiu,12:30,,,2026-10-01T15:11:15.983981
2026-10-01,czwartek,wrocław,Resident Evil,Kino Nowe Horyzonty we Wrocławiu,14:30,,,2026-10-01T15:11:15.983981
2026-10-01,czwartek,wrocław,Resident Evil,Kino Nowe Horyzonty we Wrocławiu,18:15,,,2026-10-01T15:11:15.983981
2026-10-01,czwartek,wrocław,Resident Evil,Kino Nowe Horyzonty we Wrocławiu,20:15,,,2026-10-01T15:11:15.983981
2026-10-01,czwartek,wrocław,Resident Evil,Multikino Pasaż Grunwaldzki,14:15,,,2026-10-01T15:11:15.983981
2026-10-01,czwartek,wrocław,Resident Evil,Multikino Pasaż Grunwaldzki,16:30,,,2026-10-01T15:11:15.983981
2026-10-01,czwartek,wrocław,Resident Evil,Multikino Pasaż Grunwaldzki,18:45,,,2026-10-01T15:11:15.983981
2026-10-01,czwartek,wrocław,Resident Evil,Multikino Pasaż Grunwaldzki,21:00,,,2026-10-01T15:11:15.983981
2026-10-01,czwartek,wrocław,Resident Evil: Oselia Zla (ukr.),Cinema City Wrocław Wroclavia,17:45,,,2026-10-01T15:11:15.983981
2026-10-01,czwartek,wrocław,Resident Evil: Oselia Zla (ukr.),Multikino Pasaż Grunwaldzki,14:25,,,2026-10-01T15:11:15.983981
2026-10-01,czwartek,wrocław,Resident Evil: Oselia Zla (ukr.),Multikino Pasaż Grunwaldzki,16:40,,,2026-10-01T15:11:15.983981
2026-10-01,czwartek,wrocław,Resident Evil: Oselia Zla (ukr.),Multikino Pasaż Grunwaldzki,18:55,,,2026-10-01T15:11:15.983981
2026-10-01,czwartek,wrocław,Resident Evil: Oselia Zla (ukr.),Multikino Pasaż Grunwaldzki,21:10,,,2026-10-01T15:11:15.983981
2026-10-01,czwartek,wrocław,Spider-Man. Całkiem nowy dzień,Cinema City Wrocław Wroclavia,17:20,,,2026-10-01T15:11:15.983981
2026-10-01,czwartek,wrocław,Spider-Man. Całkiem nowy dzień,Cinema City Wrocław Wroclavia,20:30,,,2026-10-01T15:11:15.983981
2026-10-01,czwartek,wrocław,Spider-Man. Całkiem nowy dzień,Cinema City Wrocław Wroclavia,22:00,,,2026-10-01T15:11:15.983981
2026-10-01,czwartek,wrocław,Spider-Man. Całkiem nowy dzień,Helios Wrocław Magnolia Park,13:10,,,2026-10-01T15:11:15.983981
2026-10-01,czwartek,wrocław,Spider-Man. Całkiem nowy dzień,Multikino Pasaż Grunwaldzki,13:50,,,2026-10-01T15:11:15.983981
2026-10-01,czwartek,wrocław,Spider-Man. Całkiem nowy dzień (dubbing),Cinema City Wrocław Wroclavia,14:10,,dubbing,2026-10-01T15:11:15.983981
2026-10-01,czwartek,wrocław,Spider-Man. Całkiem nowy dzień (dubbing),Multikino Pasaż Grunwaldzki,10:00,,dubbing,2026-10-01T15:11:15.983981
2026-10-01,czwartek,wrocław,Stowarzyszenie Umarłych Poetów,Dolnośląskie Centrum Filmowe (DCF) we Wrocławiu,19:00,,,2026-10-01T15:11:15.983981
2026-10-01,czwartek,wrocław,Tedi i magiczna lampa (dubbing),Cinema City Wrocław Wroclavia,14:50,,dubbing,2026-10-01T15:11:15.983981
2026-10-01,czwartek,wrocław,Tedi i magiczna lampa (dubbing),Helios Wrocław Magnolia Park,09:50,,dubbing,2026-10-01T15:11:15.983981
2026-10-01,czwartek,wrocław,Tedi i magiczna lampa (dubbing),Helios Wrocław Magnolia Park,13:10,,dubbing,2026-10-01T15:11:15.983981
2026-10-01,czwartek,wrocław,Tedi i magiczna lampa (dubbing),Helios Wrocław Magnolia Park,15:20,,dubbing,2026-10-01T15:11:15.983981
2026-10-01,czwartek,wrocław,Tedi i magiczna lampa (dubbing),Helios Wrocław Magnolia Park,16:10,,dubbing,2026-10-01T15:11:15.983981
2026-10-01,czwartek,wrocław,Tedi i magiczna lampa (dubbing),Multikino Pasaż Grunwaldzki,11:00,,dubbing,2026-10-01T15:11:15.983981
2026-10-01,czwartek,wrocław,Tedi i magiczna lampa (dubbing),Multikino Pasaż Grunwaldzki,14:45,,dubbing,2026-10-01T15:11:15.983981
2026-10-01,czwartek,wrocław,The Birthday Party,Cinema City Wrocław Wroclavia,19:15,,,2026-10-01T15:11:15.983981
2026-10-01,czwartek,wrocław,The Birthday Party,Dolnośląskie Centrum Filmowe (DCF) we Wrocławiu,15:00,,,2026-10-01T15:11:15.983981
2026-10-01,czwartek,wrocław,Tony,Cinema City Wrocław Wroclavia,20:00,,,2026-10-01T15:11:15.983981
2026-10-01,czwartek,wrocław,Tony,Cinema City Wrocław Wroclavia,22:30,,,2026-10-01T15:11:15.983981
2026-10-01,czwartek,wrocław,Tony,Kino Nowe Horyzonty we Wrocławiu,13:45,,,2026-10-01T15:11:15.983981
2026-10-01,czwartek,wrocław,Tony,Kino Nowe Horyzonty we Wrocławiu,18:45,,,2026-10-01T15:11:15.983981
2026-10-01,czwartek,wrocław,Tony,Kino Nowe Horyzonty we Wrocławiu,21:30,,,2026-10-01T15:11:15.983981
2026-10-01,czwartek,wrocław,Totalna magia 2,Cinema City Wrocław Korona,20:10,,,2026-10-01T15:11:15.983981
2026-10-01,czwartek,wrocław,Totalna magia 2,Cinema City Wrocław Wroclavia,21:40,,,2026-10-01T15:11:15.983981
2026-10-01,czwartek,wrocław,Totalna magia 2,Kino Nowe Horyzonty we Wrocławiu,12:00,,,2026-10-01T15:11:15.983981
2026-10-01,czwartek,wrocław,Totalna magia 2,Kino Nowe Horyzonty we Wrocławiu,12:15,,,2026-10-01T15:11:15.983981
2026-10-01,czwartek,wrocław,Totalna magia 2,Kino Nowe Horyzonty we Wrocławiu,15:45,,,2026-10-01T15:11:15.983981
2026-10-01,czwartek,wrocław,Vincent. Legenda oceanu (dubbing),Cinema City Wrocław Wroclavia,13:10,,dubbing,2026-10-01T15:11:15.983981
2026-10-01,czwartek,wrocław,W sercu dziczy,Cinema City Wrocław Korona,14:30,,,2026-10-01T15:11:15.983981
2026-10-01,czwartek,wrocław,W sercu dziczy,Cinema City Wrocław Korona,17:00,,,2026-10-01T15:11:15.983981
2026-10-01,czwartek,wrocław,W sercu dziczy,Cinema City Wrocław Korona,19:30,,,2026-10-01T15:11:15.983981
2026-10-01,czwartek,wrocław,W sercu dziczy,Cinema City Wrocław Korona,22:00,,,2026-10-01T15:11:15.983981
2026-10-01,czwartek,wrocław,W sercu dziczy,Cinema City Wrocław Wroclavia,15:00,,,2026-10-01T15:11:15.983981
2026-10-01,czwartek,wrocław,W sercu dziczy,Cinema City Wrocław Wroclavia,17:30,,,2026-10-01T15:11:15.983981
2026-10-01,czwartek,wrocław,W sercu dziczy,Cinema City Wrocław Wroclavia,19:00,,,2026-10-01T15:11:15.983981
2026-10-01,czwartek,wrocław,W sercu dziczy,Cinema City Wrocław Wroclavia,20:00,,,2026-10-01T15:11:15.983981
2026-10-01,czwartek,wrocław,W sercu dziczy,Cinema City Wrocław Wroclavia,22:30,,,2026-10-01T15:11:15.983981
2026-10-01,czwartek,wrocław,W sercu dziczy,Dolnośląskie Centrum Filmowe (DCF) we Wrocławiu,16:45,,,2026-10-01T15:11:15.983981
2026-10-01,czwartek,wrocław,W sercu dziczy,Dolnośląskie Centrum Filmowe (DCF) we Wrocławiu,19:30,,,2026-10-01T15:11:15.983981
2026-10-01,czwartek,wrocław,W sercu dziczy,Helios Wrocław Magnolia Park,16:20,,,2026-10-01T15:11:15.983981
2026-10-01,czwartek,wrocław,W sercu dziczy,Helios Wrocław Magnolia Park,18:45,,,2026-10-01T15:11:15.983981
2026-10-01,czwartek,wrocław,W sercu dziczy,Helios Wrocław Magnolia Park,21:10,,,2026-10-01T15:11:15.983981
2026-10-01,czwartek,wrocław,W sercu dziczy,Multikino Pasaż Grunwaldzki,15:20,,,2026-10-01T15:11:15.983981
2026-10-01,czwartek,wrocław,W sercu dziczy,Multikino Pasaż Grunwaldzki,17:45,,,2026-10-01T15:11:15.983981
2026-10-01,czwartek,wrocław,W sercu dziczy,Multikino Pasaż Grunwaldzki,20:10,,,2026-10-01T15:11:15.983981
2026-10-01,czwartek,wrocław,Zaproszenie,Kino Nowe Horyzonty we Wrocławiu,12:15,,,2026-10-01T15:11:15.983981
2026-10-01,czwartek,wrocław,Zaproszenie,Kino Nowe Horyzonty we Wrocławiu,19:00,,,2026-10-01T15:11:15.983981
2026-10-01,czwartek,wrocław,Zmiana pierwszeństwa,Kino Nowe Horyzonty we Wrocławiu,18:30,,,2026-10-01T15:11:15.983981
2026-10-01,czwartek,poznań,100 dni: Misja Zeus,Cinema City Poznań Kinepolis,18:40,,,2026-10-01T15:11:18.261999
2026-10-01,czwartek,poznań,100 dni: Misja Zeus,Cinema City Poznań Kinepolis,21:20,,,2026-10-01T15:11:18.261999
2026-10-01,czwartek,poznań,100 dni: Misja Zeus,Cinema City Poznań Plaza,17:40,,,2026-10-01T15:11:18.261999
2026-10-01,czwartek,poznań,100 dni: Misja Zeus,Helios Poznań,13:40,,,2026-10-01T15:11:18.261999
2026-10-01,czwartek,poznań,100 dni: Misja Zeus,Helios Poznań,16:50,,,2026-10-01T15:11:18.261999
2026-10-01,czwartek,poznań,100 dni: Misja Zeus,Helios Poznań,18:30,,,2026-10-01T15:11:18.261999
2026-10-01,czwartek,poznań,100 dni: Misja Zeus,Helios Poznań,21:00,,,2026-10-01T15:11:18.261999
2026-10-01,czwartek,poznań,100 dni: Misja Zeus,Multikino Poznań Stary Browar,15:40,,,2026-10-01T15:11:18.261999
2026-10-01,czwartek,poznań,500 mil,Multikino Poznań Stary Browar,12:00,,,2026-10-01T15:11:18.261999
2026-10-01,czwartek,poznań,Avengers: Koniec gry - wersja rozszerzona,Cinema City Poznań Kinepolis,19:00,,,2026-10-01T15:11:18.261999
2026-10-01,czwartek,poznań,Avengers: Koniec gry - wersja rozszerzona,Cinema City Poznań Kinepolis,20:00,,,2026-10-01T15:11:18.261999
2026-10-01,czwartek,poznań,Avengers: Koniec gry - wersja rozszerzona,Cinema City Poznań Kinepolis,20:30,,,2026-10-01T15:11:18.261999
2026-10-01,czwartek,poznań,Avengers: Koniec gry - wersja rozszerzona,Cinema City Poznań Plaza,20:30,,,2026-10-01T15:11:18.261999
2026-10-01,czwartek,poznań,Avengers: Koniec gry - wersja rozszerzona,Cinema City Poznań Plaza IMAX,14:20,,,2026-10-01T15:11:18.261999
2026-10-01,czwartek,poznań,Avengers: Koniec gry - wersja rozszerzona,Cinema City Poznań Plaza IMAX,21:20,,,2026-10-01T15:11:18.261999
2026-10-01,czwartek,poznań,Avengers: Koniec gry - wersja rozszerzona,Multikino Poznań Stary Browar,20:30,,,2026-10-01T15:11:18.261999
2026-10-01,czwartek,poznań,Avengers: Koniec gry (dubbing) - wersja rozszerzona,Cinema City Poznań Kinepolis,15:10,,dubbing,2026-10-01T15:11:18.261999
2026-10-01,czwartek,poznań,Avengers: Koniec gry (dubbing) - wersja rozszerzona,Cinema City Poznań Kinepolis,16:10,,dubbing,2026-10-01T15:11:18.261999
2026-10-01,czwartek,poznań,Avengers: Koniec gry (dubbing) - wersja rozszerzona,Cinema City Poznań Kinepolis,16:40,,dubbing,2026-10-01T15:11:18.261999
2026-10-01,czwartek,poznań,Avengers: Koniec gry (dubbing) - wersja rozszerzona,Cinema City Poznań Plaza,16:40,,dubbing,2026-10-01T15:11:18.261999
2026-10-01,czwartek,poznań,Avengers: Koniec gry (dubbing) - wersja rozszerzona,Multikino Poznań Stary Browar,16:40,,dubbing,2026-10-01T15:11:18.261999
2026-10-01,czwartek,poznań,Avengers: Koniec gry 3D - wersja rozszerzona,Cinema City Poznań Plaza,19:00,3D,,2026-10-01T15:11:18.261999
2026-10-01,czwartek,poznań,Avengers: Koniec gry 3D (dubbing) - wersja rozszerzona,Cinema City Poznań Plaza,15:10,3D,dubbing,2026-10-01T15:11:18.261999
2026-10-01,czwartek,poznań,Bez końca,Kino Muza w Poznaniu,21:00,,,2026-10-01T15:11:18.261999
2026-10-01,czwartek,poznań,Dzień dziecka księdza Jana Kaczkowskiego,Cinema City Poznań Kinepolis,19:30,,,2026-10-01T15:11:18.261999
2026-10-01,czwartek,poznań,Dzień dziecka księdza Jana Kaczkowskiego,Cinema City Poznań Plaza,15:50,,,2026-10-01T15:11:18.261999
2026-10-01,czwartek,poznań,Dzień dziecka księdza Jana Kaczkowskiego,Helios Poznań,14:15,,,2026-10-01T15:11:18.261999
2026-10-01,czwartek,poznań,Flavia de Luce (dubbing),Multikino Poznań Stary Browar,09:30,,dubbing,2026-10-01T15:11:18.261999
2026-10-01,czwartek,poznań,Folwark zwierzęcy,Cinema City Poznań Kinepolis,09:30,,,2026-10-01T15:11:18.261999
2026-10-01,czwartek,poznań,Folwark zwierzęcy,Helios Poznań,12:00,,,2026-10-01T15:11:18.261999
2026-10-01,czwartek,poznań,Folwark zwierzęcy (dubbing),Cinema City Poznań Kinepolis,09:30,,dubbing,2026-10-01T15:11:18.261999
2026-10-01,czwartek,poznań,Hot Spot,Charlie Monroe Kino Malta w Poznaniu,17:00,,,2026-10-01T15:11:18.261999
2026-10-01,czwartek,poznań,Hot Spot,Cinema City Poznań Kinepolis,19:20,,,2026-10-01T15:11:18.261999
2026-10-01,czwartek,poznań,Hot Spot,Cinema City Poznań Kinepolis,21:50,,,2026-10-01T15:11:18.261999
2026-10-01,czwartek,poznań,Hot Spot,Cinema City Poznań Plaza,19:40,,,2026-10-01T15:11:18.261999
2026-10-01,czwartek,poznań,Hot Spot,Kino Muza w Poznaniu,18:00,,,2026-10-01T15:11:18.261999
2026-10-01,czwartek,poznań,Hot Spot,Kino Pałacowe w Poznaniu,16:00,,,2026-10-01T15:11:18.261999
2026-10-01,czwartek,poznań,Jak Bert to wszystko ogarnie?,Cinema City Poznań Kinepolis,09:30,,,2026-10-01T15:11:18.261999
2026-10-01,czwartek,poznań,Księga pustyni,Helios Poznań,10:00,,,2026-10-01T15:11:18.261999
2026-10-01,czwartek,poznań,Księga pustyni (dubbing),Cinema City Poznań Plaza,10:00,,dubbing,2026-10-01T15:11:18.261999
2026-10-01,czwartek,poznań,Kura,Kino Bułgarska 19 w Poznaniu,18:40,,,2026-10-01T15:11:18.261999
2026-10-01,czwartek,poznań,Kura,Kino Muza w Poznaniu,15:30,,,2026-10-01T15:11:18.261999
2026-10-01,czwartek,poznań,Lalka,Charlie Monroe Kino Malta w Poznaniu,16:00,,,2026-10-01T15:11:18.261999
2026-10-01,czwartek,poznań,Lalka,Charlie Monroe Kino Malta w Poznaniu,20:00,,,2026-10-01T15:11:18.261999
2026-10-01,czwartek,poznań,Lalka,Cinema City Poznań Kinepolis,14:30,,,2026-10-01T15:11:18.261999
2026-10-01,czwartek,poznań,Lalka,Cinema City Poznań Kinepolis,15:00,,,2026-10-01T15:11:18.261999
2026-10-01,czwartek,poznań,Lalka,Cinema City Poznań Kinepolis,15:30,,,2026-10-01T15:11:18.261999
2026-10-01,czwartek,poznań,Lalka,Cinema City Poznań Kinepolis,17:30,,,2026-10-01T15:11:18.261999
2026-10-01,czwartek,poznań,Lalka,Cinema City Poznań Kinepolis,18:00,,,2026-10-01T15:11:18.261999
2026-10-01,czwartek,poznań,Lalka,Cinema City Poznań Kinepolis,18:30,,,2026-10-01T15:11:18.261999
2026-10-01,czwartek,poznań,Lalka,Cinema City Poznań Kinepolis,19:00,,,2026-10-01T15:11:18.261999
2026-10-01,czwartek,poznań,Lalka,Cinema City Poznań Kinepolis,19:00,,,2026-10-01T15:11:18.261999
2026-10-01,czwartek,poznań,Lalka,Cinema City Poznań Kinepolis,21:30,,,2026-10-01T15:11:18.261999
2026-10-01,czwartek,poznań,Lalka,Cinema City Poznań Plaza,15:30,,,2026-10-01T15:11:18.261999
2026-10-01,czwartek,poznań,Lalka,Cinema City Poznań Plaza,17:00,,,2026-10-01T15:11:18.261999
2026-10-01,czwartek,poznań,Lalka,Cinema City Poznań Plaza,19:00,,,2026-10-01T15:11:18.261999
2026-10-01,czwartek,poznań,Lalka,Cinema City Poznań Plaza,19:00,,,2026-10-01T15:11:18.261999
2026-10-01,czwartek,poznań,Lalka,Cinema City Poznań Plaza,20:20,,,2026-10-01T15:11:18.261999
2026-10-01,czwartek,poznań,Lalka,Cinema City Poznań Plaza,20:30,,,2026-10-01T15:11:18.261999
2026-10-01,czwartek,poznań,Lalka,Cinema City Poznań Plaza,22:20,,,2026-10-01T15:11:18.261999
2026-10-01,czwartek,poznań,Lalka,Cinema City Poznań Plaza IMAX,18:00,,,2026-10-01T15:11:18.261999
2026-10-01,czwartek,poznań,Lalka,Helios Poznań,10:00,,,2026-10-01T15:11:18.261999
2026-10-01,czwartek,poznań,Lalka,Helios Poznań,11:00,,,2026-10-01T15:11:18.261999
2026-10-01,czwartek,poznań,Lalka,Helios Poznań,13:30,,,2026-10-01T15:11:18.261999
2026-10-01,czwartek,poznań,Lalka,Helios Poznań,14:30,,,2026-10-01T15:11:18.261999
2026-10-01,czwartek,poznań,Lalka,Helios Poznań,15:30,,,2026-10-01T15:11:18.261999
2026-10-01,czwartek,poznań,Lalka,Helios Poznań,17:00,,,2026-10-01T15:11:18.261999
2026-10-01,czwartek,poznań,Lalka,Helios Poznań,18:00,,,2026-10-01T15:11:18.261999
2026-10-01,czwartek,poznań,Lalka,Helios Poznań,19:00,,,2026-10-01T15:11:18.261999
2026-10-01,czwartek,poznań,Lalka,Helios Poznań,20:30,,,2026-10-01T15:11:18.261999
2026-10-01,czwartek,poznań,Lalka,Helios Poznań,21:30,,,2026-10-01T15:11:18.261999
2026-10-01,czwartek,poznań,Lalka,Kino Bułgarska 19 w Poznaniu,18:00,,,2026-10-01T15:11:18.261999
2026-10-01,czwartek,poznań,Lalka,Kino Bułgarska 19 w Poznaniu,20:40,,,2026-10-01T15:11:18.261999
2026-10-01,czwartek,poznań,Lalka,Kino Muza w Poznaniu,14:45,,,2026-10-01T15:11:18.261999
2026-10-01,czwartek,poznań,Lalka,Kino Muza w Poznaniu,17:30,,,2026-10-01T15:11:18.261999
2026-10-01,czwartek,poznań,Lalka,Kino Muza w Poznaniu,20:30,,,2026-10-01T15:11:18.261999
2026-10-01,czwartek,poznań,Lalka,Kino Pałacowe w Poznaniu,20:30,,,2026-10-01T15:11:18.261999
2026-10-01,czwartek,poznań,Lalka,Kino Rialto w Poznaniu,17:00,,,2026-10-01T15:11:18.261999
2026-10-01,czwartek,poznań,Lalka,Kino Rialto w Poznaniu,20:00,,,2026-10-01T15:11:18.261999
2026-10-01,czwartek,poznań,Lalka,Kino Teatr Apollo w Poznaniu,17:00,,,2026-10-01T15:11:18.261999
2026-10-01,czwartek,poznań,Lalka,Kino Teatr Apollo w Poznaniu,20:15,,,2026-10-01T15:11:18.261999
2026-10-01,czwartek,poznań,Lalka,Multikino Poznań Stary Browar,10:00,,,2026-10-01T15:11:18.261999
2026-10-01,czwartek,poznań,Lalka,Multikino Poznań Stary Browar,11:00,,,2026-10-01T15:11:18.261999
2026-10-01,czwartek,poznań,Lalka,Multikino Poznań Stary Browar,11:00,,,2026-10-01T15:11:18.261999
2026-10-01,czwartek,poznań,Lalka,Multikino Poznań Stary Browar,11:00,,,2026-10-01T15:11:18.261999
2026-10-01,czwartek,poznań,Lalka,Multikino Poznań Stary Browar,11:00,,,2026-10-01T15:11:18.261999
2026-10-01,czwartek,poznań,Lalka,Multikino Poznań Stary Browar,11:00,,,2026-10-01T15:11:18.261999
2026-10-01,czwartek,poznań,Lalka,Multikino Poznań Stary Browar,11:30,,,2026-10-01T15:11:18.261999
2026-10-01,czwartek,poznań,Lalka,Multikino Poznań Stary Browar,13:10,,,2026-10-01T15:11:18.261999
2026-10-01,czwartek,poznań,Lalka,Multikino Poznań Stary Browar,13:50,,,2026-10-01T15:11:18.261999
2026-10-01,czwartek,poznań,Lalka,Multikino Poznań Stary Browar,16:00,,,2026-10-01T15:11:18.261999
2026-10-01,czwartek,poznań,Lalka,Multikino Poznań Stary Browar,16:40,,,2026-10-01T15:11:18.261999
2026-10-01,czwartek,poznań,Lalka,Multikino Poznań Stary Browar,17:20,,,2026-10-01T15:11:18.261999
2026-10-01,czwartek,poznań,Lalka,Multikino Poznań Stary Browar,18:05,,,2026-10-01T15:11:18.261999
2026-10-01,czwartek,poznań,Lalka,Multikino Poznań Stary Browar,19:00,,,2026-10-01T15:11:18.261999
2026-10-01,czwartek,poznań,Lalka,Multikino Poznań Stary Browar,19:30,,,2026-10-01T15:11:18.261999
2026-10-01,czwartek,poznań,Lalka,Multikino Poznań Stary Browar,19:30,,,2026-10-01T15:11:18.261999
2026-10-01,czwartek,poznań,Lalka,Multikino Poznań Stary Browar,20:00,,,2026-10-01T15:11:18.261999
2026-10-01,czwartek,poznań,Lalka,Multikino Poznań Stary Browar,20:10,,,2026-10-01T15:11:18.261999
2026-10-01,czwartek,poznań,Lalka,Multikino Poznań Stary Browar,20:50,,,2026-10-01T15:11:18.261999
2026-10-01,czwartek,poznań,Lalka (seans z audiodeskrypcją),Cinema City Poznań Kinepolis,17:30,,,2026-10-01T15:11:18.261999
2026-10-01,czwartek,poznań,Lalka (seans z audiodeskrypcją),Cinema City Poznań Plaza,20:20,,,2026-10-01T15:11:18.261999
2026-10-01,czwartek,poznań,Lalka (seans z audiodeskrypcją),Cinema City Poznań Plaza,22:20,,,2026-10-01T15:11:18.261999
2026-10-01,czwartek,poznań,Lalka (seans z audiodeskrypcją),Kino Rialto w Poznaniu,17:00,,,2026-10-01T15:11:18.261999
2026-10-01,czwartek,poznań,Lalka (seans z audiodeskrypcją),Kino Rialto w Poznaniu,20:00,,,2026-10-01T15:11:18.261999
2026-10-01,czwartek,poznań,Lalka (seans z audiodeskrypcją),Kino Teatr Apollo w Poznaniu,17:00,,,2026-10-01T15:11:18.261999
2026-10-01,czwartek,poznań,Lalka (seans z audiodeskrypcją),Kino Teatr Apollo w Poznaniu,20:15,,,2026-10-01T15:11:18.261999
2026-10-01,czwartek,poznań,Luna i rozgadana świnka,Charlie Monroe Kino Malta w Poznaniu,15:30,,,2026-10-01T15:11:18.261999
2026-10-01,czwartek,poznań,Luna i rozgadana świnka,Helios Poznań,10:15,,,2026-10-01T15:11:18.261999
2026-10-01,czwartek,poznań,Luna i rozgadana świnka,Helios Poznań,13:20,,,2026-10-01T15:11:18.261999
2026-10-01,czwartek,poznań,Luna i rozgadana świnka,Helios Poznań,16:10,,,2026-10-01T15:11:18.261999
2026-10-01,czwartek,poznań,Luna i rozgadana świnka (dubbing),Charlie Monroe Kino Malta w Poznaniu,15:30,,dubbing,2026-10-01T15:11:18.261999
2026-10-01,czwartek,poznań,Luna i rozgadana świnka (dubbing),Cinema City Poznań Kinepolis,12:10,,dubbing,2026-10-01T15:11:18.261999
2026-10-01,czwartek,poznań,Luna i rozgadana świnka (dubbing),Cinema City Poznań Kinepolis,13:25,,dubbing,2026-10-01T15:11:18.261999
2026-10-01,czwartek,poznań,Luna i rozgadana świnka (dubbing),Cinema City Poznań Kinepolis,14:20,,dubbing,2026-10-01T15:11:18.261999
2026-10-01,czwartek,poznań,Luna i rozgadana świnka (dubbing),Cinema City Poznań Kinepolis,16:30,,dubbing,2026-10-01T15:11:18.261999
2026-10-01,czwartek,poznań,Luna i rozgadana świnka (dubbing),Cinema City Poznań Plaza,10:00,,dubbing,2026-10-01T15:11:18.261999
2026-10-01,czwartek,poznań,Luna i rozgadana świnka (dubbing),Cinema City Poznań Plaza,12:15,,dubbing,2026-10-01T15:11:18.261999
2026-10-01,czwartek,poznań,Luna i rozgadana świnka (dubbing),Cinema City Poznań Plaza,14:20,,dubbing,2026-10-01T15:11:18.261999
2026-10-01,czwartek,poznań,Luna i rozgadana świnka (dubbing),Helios Poznań,10:15,,dubbing,2026-10-01T15:11:18.261999
2026-10-01,czwartek,poznań,Luna i rozgadana świnka (dubbing),Helios Poznań,13:20,,dubbing,2026-10-01T15:11:18.261999
2026-10-01,czwartek,poznań,Luna i rozgadana świnka (dubbing),Helios Poznań,16:10,,dubbing,2026-10-01T15:11:18.261999
2026-10-01,czwartek,poznań,Luna i rozgadana świnka (dubbing),Multikino Poznań Stary Browar,08:55,,dubbing,2026-10-01T15:11:18.261999
2026-10-01,czwartek,poznań,Luna i rozgadana świnka (dubbing),Multikino Poznań Stary Browar,15:20,,dubbing,2026-10-01T15:11:18.261999
2026-10-01,czwartek,poznań,Luna i rozgadana świnka (dubbing),Multikino Poznań Stary Browar,17:35,,dubbing,2026-10-01T15:11:18.261999
2026-10-01,czwartek,poznań,Ma to sens,Cinema City Poznań Kinepolis,17:10,,,2026-10-01T15:11:18.261999
2026-10-01,czwartek,poznań,Ma to sens,Cinema City Poznań Plaza,12:40,,,2026-10-01T15:11:18.261999
2026-10-01,czwartek,poznań,Marsupilami (dubbing),Cinema City Poznań Kinepolis,15:50,,dubbing,2026-10-01T15:11:18.261999
2026-10-01,czwartek,poznań,Marsupilami (dubbing),Cinema City Poznań Kinepolis,15:50,,dubbing,2026-10-01T15:11:18.261999
2026-10-01,czwartek,poznań,Marsupilami (dubbing),Cinema City Poznań Plaza,16:10,,dubbing,2026-10-01T15:11:18.261999
2026-10-01,czwartek,poznań,Marsupilami (dubbing),Multikino Poznań Stary Browar,15:45,,dubbing,2026-10-01T15:11:18.261999
2026-10-01,czwartek,poznań,"Miłość, która zostaje",Kino Bułgarska 19 w Poznaniu,20:20,,,2026-10-01T15:11:18.261999
2026-10-01,czwartek,poznań,"Miłość, śmierć i dojrzewanie w Camp Miasma",Kino Muza w Poznaniu,14:45,,,2026-10-01T15:11:18.261999
2026-10-01,czwartek,poznań,Mistyczka,Cinema City Poznań Kinepolis,17:10,,,2026-10-01T15:11:18.261999
2026-10-01,czwartek,poznań,Mistyczka,Helios Poznań,16:20,,,2026-10-01T15:11:18.261999
2026-10-01,czwartek,poznań,Mistyczka,Kino Bułgarska 19 w Poznaniu,17:00,,,2026-10-01T15:11:18.261999
2026-10-01,czwartek,poznań,Naznaczony: Wyjście z mrocznego wymiaru,Cinema City Poznań Kinepolis,20:30,,,2026-10-01T15:11:18.261999
2026-10-01,czwartek,poznań,Nie patrz w dół 2,Cinema City Poznań Kinepolis,18:40,,,2026-10-01T15:11:18.261999
2026-10-01,czwartek,poznań,Nie patrz w dół 2,Cinema City Poznań Kinepolis,21:40,,,2026-10-01T15:11:18.261999
2026-10-01,czwartek,poznań,Niebo nad Normandią,Cinema City Poznań Kinepolis,18:10,,,2026-10-01T15:11:18.261999
2026-10-01,czwartek,poznań,Obcy,Charlie Monroe Kino Malta w Poznaniu,20:30,,,2026-10-01T15:11:18.261999
2026-10-01,czwartek,poznań,Obcy,Kino Bułgarska 19 w Poznaniu,16:00,,,2026-10-01T15:11:18.261999
2026-10-01,czwartek,poznań,Obcy,Kino Muza w Poznaniu,18:45,,,2026-10-01T15:11:18.261999
2026-10-01,czwartek,poznań,Obcy,Kino Pałacowe w Poznaniu,15:30,,,2026-10-01T15:11:18.261999
2026-10-01,czwartek,poznań,Obsesja,Cinema City Poznań Kinepolis,22:00,,,2026-10-01T15:11:18.261999
2026-10-01,czwartek,poznań,Odyseja,Cinema City Poznań Kinepolis,20:40,,,2026-10-01T15:11:18.261999
2026-10-01,czwartek,poznań,Odyseja,Cinema City Poznań Kinepolis,21:10,,,2026-10-01T15:11:18.261999
2026-10-01,czwartek,poznań,Odyseja,Cinema City Poznań Plaza,20:50,,,2026-10-01T15:11:18.261999
2026-10-01,czwartek,poznań,Odyseja,Helios Poznań,19:30,,,2026-10-01T15:11:18.261999
2026-10-01,czwartek,poznań,"Powiedz mi, co czujesz",Charlie Monroe Kino Malta w Poznaniu,16:25,,,2026-10-01T15:11:18.261999
2026-10-01,czwartek,poznań,"Powiedz mi, co czujesz",Cinema City Poznań Kinepolis,21:30,,,2026-10-01T15:11:18.261999
2026-10-01,czwartek,poznań,"Powiedz mi, co czujesz",Kino Pałacowe w Poznaniu,18:30,,,2026-10-01T15:11:18.261999
2026-10-01,czwartek,poznań,"Powiedz mi, co czujesz",Multikino Poznań Stary Browar,20:00,,,2026-10-01T15:11:18.261999
2026-10-01,czwartek,poznań,Pucio kocha zwierzaki,Kino Bułgarska 19 w Poznaniu,15:50,,,2026-10-01T15:11:18.261999
2026-10-01,czwartek,poznań,Pucio kocha zwierzaki,Multikino Poznań Stary Browar,09:40,,,2026-10-01T15:11:18.261999
2026-10-01,czwartek,poznań,Pucio kocha zwierzaki,Multikino Poznań Stary Browar,14:35,,,2026-10-01T15:11:18.261999
2026-10-01,czwartek,poznań,Resident Evil,Cinema City Poznań Kinepolis,16:00,,,2026-10-01T15:11:18.261999
2026-10-01,czwartek,poznań,Resident Evil,Cinema City Poznań Kinepolis,17:15,,,2026-10-01T15:11:18.261999
2026-10-01,czwartek,poznań,Resident Evil,Cinema City Poznań Kinepolis,19:30,,,2026-10-01T15:11:18.261999
2026-10-01,czwartek,poznań,Resident Evil,Cinema City Poznań Kinepolis,21:45,,,2026-10-01T15:11:18.261999
2026-10-01,czwartek,poznań,Resident Evil,Cinema City Poznań Kinepolis,22:00,,,2026-10-01T15:11:18.261999
2026-10-01,czwartek,poznań,Resident Evil,Cinema City Poznań Plaza,15:00,,,2026-10-01T15:11:18.261999
2026-10-01,czwartek,poznań,Resident Evil,Cinema City Poznań Plaza,18:30,,,2026-10-01T15:11:18.261999
2026-10-01,czwartek,poznań,Resident Evil,Helios Poznań,14:20,,,2026-10-01T15:11:18.261999
2026-10-01,czwartek,poznań,Resident Evil,Helios Poznań,16:30,,,2026-10-01T15:11:18.261999
2026-10-01,czwartek,poznań,Resident Evil,Helios Poznań,18:20,,,2026-10-01T15:11:18.261999
2026-10-01,czwartek,poznań,Resident Evil,Helios Poznań,20:00,,,2026-10-01T15:11:18.261999
2026-10-01,czwartek,poznań,Resident Evil,Multikino Poznań Stary Browar,14:30,,,2026-10-01T15:11:18.261999
2026-10-01,czwartek,poznań,Resident Evil,Multikino Poznań Stary Browar,16:45,,,2026-10-01T15:11:18.261999
2026-10-01,czwartek,poznań,Resident Evil,Multikino Poznań Stary Browar,19:00,,,2026-10-01T15:11:18.261999
2026-10-01,czwartek,poznań,Resident Evil,Multikino Poznań Stary Browar,21:15,,,2026-10-01T15:11:18.261999
2026-10-01,czwartek,poznań,Resident Evil: Oselia Zla (ukr.),Multikino Poznań Stary Browar,21:30,,,2026-10-01T15:11:18.261999
2026-10-01,czwartek,poznań,Rozmowy z Fujisan,Kino Muza w Poznaniu,17:00,,,2026-10-01T15:11:18.261999
2026-10-01,czwartek,poznań,Sekretne Piętro,Helios Poznań,10:30,,,2026-10-01T15:11:18.261999
2026-10-01,czwartek,poznań,Spa Weekend,Cinema City Poznań Plaza,22:00,,,2026-10-01T15:11:18.261999
2026-10-01,czwartek,poznań,Spider-Man. Całkiem nowy dzień,Cinema City Poznań Kinepolis,15:50,,,2026-10-01T15:11:18.261999
2026-10-01,czwartek,poznań,Spider-Man. Całkiem nowy dzień,Cinema City Poznań Kinepolis,19:00,,,2026-10-01T15:11:18.261999
2026-10-01,czwartek,poznań,Spider-Man. Całkiem nowy dzień,Helios Poznań,09:30,,,2026-10-01T15:11:18.261999
2026-10-01,czwartek,poznań,Spider-Man. Całkiem nowy dzień,Helios Poznań,12:10,,,2026-10-01T15:11:18.261999
2026-10-01,czwartek,poznań,Spider-Man. Całkiem nowy dzień,Multikino Poznań Stary Browar,15:10,,,2026-10-01T15:11:18.261999
2026-10-01,czwartek,poznań,Spider-Man. Całkiem nowy dzień (dubbing),Cinema City Poznań Kinepolis,15:30,,dubbing,2026-10-01T15:11:18.261999
2026-10-01,czwartek,poznań,Spider-Man. Całkiem nowy dzień (dubbing),Multikino Poznań Stary Browar,09:30,,dubbing,2026-10-01T15:11:18.261999
2026-10-01,czwartek,poznań,Spider-Man. Całkiem nowy dzień (dubbing),Multikino Poznań Stary Browar,10:00,,dubbing,2026-10-01T15:11:18.261999
2026-10-01,czwartek,poznań,Spider-Man. Całkiem nowy dzień (dubbing),Multikino Poznań Stary Browar,12:30,,dubbing,2026-10-01T15:11:18.261999
2026-10-01,czwartek,poznań,Tedi i magiczna lampa (dubbing),Cinema City Poznań Kinepolis,15:50,,dubbing,2026-10-01T15:11:18.261999
2026-10-01,czwartek,poznań,Tedi i magiczna lampa (dubbing),Cinema City Poznań Kinepolis,18:10,,dubbing,2026-10-01T15:11:18.261999
2026-10-01,czwartek,poznań,Tedi i magiczna lampa (dubbing),Cinema City Poznań Plaza,15:20,,dubbing,2026-10-01T15:11:18.261999
2026-10-01,czwartek,poznań,Tedi i magiczna lampa (dubbing),Helios Poznań,11:45,,dubbing,2026-10-01T15:11:18.261999
2026-10-01,czwartek,poznań,Tedi i magiczna lampa (dubbing),Helios Poznań,12:30,,dubbing,2026-10-01T15:11:18.261999
2026-10-01,czwartek,poznań,Tedi i magiczna lampa (dubbing),Helios Poznań,14:40,,dubbing,2026-10-01T15:11:18.261999
2026-10-01,czwartek,poznań,Tedi i magiczna lampa (dubbing),Helios Poznań,17:45,,dubbing,2026-10-01T15:11:18.261999
2026-10-01,czwartek,poznań,Tedi i magiczna lampa (dubbing),Multikino Poznań Stary Browar,13:50,,dubbing,2026-10-01T15:11:18.261999
2026-10-01,czwartek,poznań,Tedi i magiczna lampa (dubbing),Multikino Poznań Stary Browar,17:10,,dubbing,2026-10-01T15:11:18.261999
2026-10-01,czwartek,poznań,The Birthday Party,Charlie Monroe Kino Malta w Poznaniu,19:00,,,2026-10-01T15:11:18.261999
2026-10-01,czwartek,poznań,The Birthday Party,Cinema City Poznań Kinepolis,19:10,,,2026-10-01T15:11:18.261999
2026-10-01,czwartek,poznań,Tony,Charlie Monroe Kino Malta w Poznaniu,18:45,,,2026-10-01T15:11:18.261999
2026-10-01,czwartek,poznań,Tony,Kino Muza w Poznaniu,21:15,,,2026-10-01T15:11:18.261999
2026-10-01,czwartek,poznań,Tony,Kino Pałacowe w Poznaniu,18:00,,,2026-10-01T15:11:18.261999
2026-10-01,czwartek,poznań,Totalna magia 2,Charlie Monroe Kino Malta w Poznaniu,20:40,,,2026-10-01T15:11:18.261999
2026-10-01,czwartek,poznań,Totalna magia 2,Cinema City Poznań Kinepolis,21:00,,,2026-10-01T15:11:18.261999
2026-10-01,czwartek,poznań,Totalna magia 2,Helios Poznań,20:40,,,2026-10-01T15:11:18.261999
2026-10-01,czwartek,poznań,Toy Story 5 (dubbing),Helios Poznań,09:30,,dubbing,2026-10-01T15:11:18.261999
2026-10-01,czwartek,poznań,Vincent. Legenda oceanu (dubbing),Cinema City Poznań Plaza,10:30,,dubbing,2026-10-01T15:11:18.261999
2026-10-01,czwartek,poznań,Vincent. Legenda oceanu (dubbing),Helios Poznań,10:00,,dubbing,2026-10-01T15:11:18.261999
2026-10-01,czwartek,poznań,W sercu dziczy,Cinema City Poznań Kinepolis,14:30,,,2026-10-01T15:11:18.261999
2026-10-01,czwartek,poznań,W sercu dziczy,Cinema City Poznań Kinepolis,17:00,,,2026-10-01T15:11:18.261999
2026-10-01,czwartek,poznań,W sercu dziczy,Cinema City Poznań Kinepolis,19:30,,,2026-10-01T15:11:18.261999
2026-10-01,czwartek,poznań,W sercu dziczy,Cinema City Poznań Kinepolis,21:50,,,2026-10-01T15:11:18.261999
2026-10-01,czwartek,poznań,W sercu dziczy,Cinema City Poznań Plaza,17:20,,,2026-10-01T15:11:18.261999
2026-10-01,czwartek,poznań,W sercu dziczy,Cinema City Poznań Plaza,20:40,,,2026-10-01T15:11:18.261999
2026-10-01,czwartek,poznań,W sercu dziczy,Helios Poznań,15:15,,,2026-10-01T15:11:18.261999
2026-10-01,czwartek,poznań,W sercu dziczy,Helios Poznań,18:45,,,2026-10-01T15:11:18.261999
2026-10-01,czwartek,poznań,W sercu dziczy,Helios Poznań,21:10,,,2026-10-01T15:11:18.261999
2026-10-01,czwartek,poznań,W sercu dziczy,Multikino Poznań Stary Browar,11:30,,,2026-10-01T15:11:18.261999
2026-10-01,czwartek,poznań,W sercu dziczy,Multikino Poznań Stary Browar,16:00,,,2026-10-01T15:11:18.261999
2026-10-01,czwartek,poznań,W sercu dziczy,Multikino Poznań Stary Browar,18:15,,,2026-10-01T15:11:18.261999
2026-10-01,czwartek,poznań,W sercu dziczy,Multikino Poznań Stary Browar,20:35,,,2026-10-01T15:11:18.261999
2026-10-01,czwartek,poznań,Zaproszenie,Charlie Monroe Kino Malta w Poznaniu,18:10,,,2026-10-01T15:11:18.261999
2026-10-01,czwartek,gdańsk,100 dni: Misja Zeus,Helios Gdańsk Forum,08:45,,,2026-10-01T15:11:20.506482
2026-10-01,czwartek,gdańsk,100 dni: Misja Zeus,Helios Gdańsk Forum,10:00,,,2026-10-01T15:11:20.506482
2026-10-01,czwartek,gdańsk,100 dni: Misja Zeus,Helios Gdańsk Forum,13:30,,,2026-10-01T15:11:20.506482
2026-10-01,czwartek,gdańsk,100 dni: Misja Zeus,Helios Gdańsk Forum,16:20,,,2026-10-01T15:11:20.506482
2026-10-01,czwartek,gdańsk,100 dni: Misja Zeus,Helios Gdańsk Forum,19:00,,,2026-10-01T15:11:20.506482
2026-10-01,czwartek,gdańsk,100 dni: Misja Zeus,Helios Gdańsk Metropolia,09:30,,,2026-10-01T15:11:20.506482
2026-10-01,czwartek,gdańsk,100 dni: Misja Zeus,Helios Gdańsk Metropolia,14:50,,,2026-10-01T15:11:20.506482
2026-10-01,czwartek,gdańsk,100 dni: Misja Zeus,Helios Gdańsk Metropolia,17:30,,,2026-10-01T15:11:20.506482
2026-10-01,czwartek,gdańsk,100 dni: Misja Zeus,Helios Gdańsk Metropolia,20:10,,,2026-10-01T15:11:20.506482
2026-10-01,czwartek,gdańsk,100 dni: Misja Zeus,Multikino Gdańsk,10:00,,,2026-10-01T15:11:20.506482
2026-10-01,czwartek,gdańsk,100 dni: Misja Zeus,Multikino Gdańsk,18:25,,,2026-10-01T15:11:20.506482
2026-10-01,czwartek,gdańsk,500 mil,KinoPort - Centrum Sztuki Współczesnej Łaźnia 2,17:30,,,2026-10-01T15:11:20.506482
2026-10-01,czwartek,gdańsk,Avengers: Koniec gry - wersja rozszerzona,Multikino Gdańsk,16:10,,,2026-10-01T15:11:20.506482
2026-10-01,czwartek,gdańsk,Avengers: Koniec gry - wersja rozszerzona,Multikino Gdańsk,20:00,,,2026-10-01T15:11:20.506482
2026-10-01,czwartek,gdańsk,Blue Velvet,Kino Spektrum w Gdańsku,17:45,,,2026-10-01T15:11:20.506482
2026-10-01,czwartek,gdańsk,Drugie życie,Kino Żak w Gdańsku,15:00,,,2026-10-01T15:11:20.506482
2026-10-01,czwartek,gdańsk,Dzień dziecka księdza Jana Kaczkowskiego,Helios Gdańsk Forum,16:00,,,2026-10-01T15:11:20.506482
2026-10-01,czwartek,gdańsk,Dzień dziecka księdza Jana Kaczkowskiego,Helios Gdańsk Metropolia,17:15,,,2026-10-01T15:11:20.506482
2026-10-01,czwartek,gdańsk,Dzień dziecka księdza Jana Kaczkowskiego,Multikino Gdańsk,11:35,,,2026-10-01T15:11:20.506482
2026-10-01,czwartek,gdańsk,Folwark zwierzęcy,Helios Gdańsk Forum,10:50,,,2026-10-01T15:11:20.506482
2026-10-01,czwartek,gdańsk,Folwark zwierzęcy,Helios Gdańsk Metropolia,13:15,,,2026-10-01T15:11:20.506482
2026-10-01,czwartek,gdańsk,Homo sapiens?,Kino Żak w Gdańsku,20:00,,,2026-10-01T15:11:20.506482
2026-10-01,czwartek,gdańsk,Hot Spot,Kino Kameralne Cafe w Gdańsku,21:00,,,2026-10-01T15:11:20.506482
2026-10-01,czwartek,gdańsk,Hot Spot,Kino Spektrum w Gdańsku,15:30,,,2026-10-01T15:11:20.506482
2026-10-01,czwartek,gdańsk,Księga pustyni,Helios Gdańsk Forum,10:00,,,2026-10-01T15:11:20.506482
2026-10-01,czwartek,gdańsk,Kura,Kino Spektrum w Gdańsku,18:30,,,2026-10-01T15:11:20.506482
2026-10-01,czwartek,gdańsk,Lalka,Helios Gdańsk Forum,11:00,,,2026-10-01T15:11:20.506482
2026-10-01,czwartek,gdańsk,Lalka,Helios Gdańsk Forum,12:00,,,2026-10-01T15:11:20.506482
2026-10-01,czwartek,gdańsk,Lalka,Helios Gdańsk Forum,12:30,,,2026-10-01T15:11:20.506482
2026-10-01,czwartek,gdańsk,Lalka,Helios Gdańsk Forum,13:40,,,2026-10-01T15:11:20.506482
2026-10-01,czwartek,gdańsk,Lalka,Helios Gdańsk Forum,14:30,,,2026-10-01T15:11:20.506482
2026-10-01,czwartek,gdańsk,Lalka,Helios Gdańsk Forum,16:00,,,2026-10-01T15:11:20.506482
2026-10-01,czwartek,gdańsk,Lalka,Helios Gdańsk Forum,17:00,,,2026-10-01T15:11:20.506482
2026-10-01,czwartek,gdańsk,Lalka,Helios Gdańsk Forum,18:00,,,2026-10-01T15:11:20.506482
2026-10-01,czwartek,gdańsk,Lalka,Helios Gdańsk Forum,19:30,,,2026-10-01T15:11:20.506482
2026-10-01,czwartek,gdańsk,Lalka,Helios Gdańsk Forum,20:30,,,2026-10-01T15:11:20.506482
2026-10-01,czwartek,gdańsk,Lalka,Helios Gdańsk Forum,21:30,,,2026-10-01T15:11:20.506482
2026-10-01,czwartek,gdańsk,Lalka,Helios Gdańsk Metropolia,10:00,,,2026-10-01T15:11:20.506482
2026-10-01,czwartek,gdańsk,Lalka,Helios Gdańsk Metropolia,11:00,,,2026-10-01T15:11:20.506482
2026-10-01,czwartek,gdańsk,Lalka,Helios Gdańsk Metropolia,13:30,,,2026-10-01T15:11:20.506482
2026-10-01,czwartek,gdańsk,Lalka,Helios Gdańsk Metropolia,14:30,,,2026-10-01T15:11:20.506482
2026-10-01,czwartek,gdańsk,Lalka,Helios Gdańsk Metropolia,15:30,,,2026-10-01T15:11:20.506482
2026-10-01,czwartek,gdańsk,Lalka,Helios Gdańsk Metropolia,17:00,,,2026-10-01T15:11:20.506482
2026-10-01,czwartek,gdańsk,Lalka,Helios Gdańsk Metropolia,18:00,,,2026-10-01T15:11:20.506482
2026-10-01,czwartek,gdańsk,Lalka,Helios Gdańsk Metropolia,19:00,,,2026-10-01T15:11:20.506482
2026-10-01,czwartek,gdańsk,Lalka,Helios Gdańsk Metropolia,20:30,,,2026-10-01T15:11:20.506482
2026-10-01,czwartek,gdańsk,Lalka,Helios Gdańsk Metropolia,21:30,,,2026-10-01T15:11:20.506482
2026-10-01,czwartek,gdańsk,Lalka,Kino Kameralne Cafe w Gdańsku,17:45,,,2026-10-01T15:11:20.506482
2026-10-01,czwartek,gdańsk,Lalka,Multikino Gdańsk,10:00,,,2026-10-01T15:11:20.506482
2026-10-01,czwartek,gdańsk,Lalka,Multikino Gdańsk,10:30,,,2026-10-01T15:11:20.506482
2026-10-01,czwartek,gdańsk,Lalka,Multikino Gdańsk,11:00,,,2026-10-01T15:11:20.506482
2026-10-01,czwartek,gdańsk,Lalka,Multikino Gdańsk,12:10,,,2026-10-01T15:11:20.506482
2026-10-01,czwartek,gdańsk,Lalka,Multikino Gdańsk,13:45,,,2026-10-01T15:11:20.506482
2026-10-01,czwartek,gdańsk,Lalka,Multikino Gdańsk,15:00,,,2026-10-01T15:11:20.506482
2026-10-01,czwartek,gdańsk,Lalka,Multikino Gdańsk,16:00,,,2026-10-01T15:11:20.506482
2026-10-01,czwartek,gdańsk,Lalka,Multikino Gdańsk,17:20,,,2026-10-01T15:11:20.506482
2026-10-01,czwartek,gdańsk,Lalka,Multikino Gdańsk,18:30,,,2026-10-01T15:11:20.506482
2026-10-01,czwartek,gdańsk,Lalka,Multikino Gdańsk,19:00,,,2026-10-01T15:11:20.506482
2026-10-01,czwartek,gdańsk,Lalka,Multikino Gdańsk,19:30,,,2026-10-01T15:11:20.506482
2026-10-01,czwartek,gdańsk,Lalka,Multikino Gdańsk,20:00,,,2026-10-01T15:11:20.506482
2026-10-01,czwartek,gdańsk,Lalka,Multikino Gdańsk,20:50,,,2026-10-01T15:11:20.506482
2026-10-01,czwartek,gdańsk,Lalka,Winda - Gdański Archipelag Kultury,16:00,,,2026-10-01T15:11:20.506482
2026-10-01,czwartek,gdańsk,Lalka (seans z audiodeskrypcją),Kino Kameralne Cafe w Gdańsku,17:45,,,2026-10-01T15:11:20.506482
2026-10-01,czwartek,gdańsk,Lalka (seans z audiodeskrypcją),Winda - Gdański Archipelag Kultury,10:00,,,2026-10-01T15:11:20.506482
2026-10-01,czwartek,gdańsk,Lalka (seans z audiodeskrypcją),Winda - Gdański Archipelag Kultury,16:00,,,2026-10-01T15:11:20.506482
2026-10-01,czwartek,gdańsk,Luna i rozgadana świnka,Helios Gdańsk Forum,14:10,,,2026-10-01T15:11:20.506482
2026-10-01,czwartek,gdańsk,Luna i rozgadana świnka,Helios Gdańsk Forum,17:30,,,2026-10-01T15:11:20.506482
2026-10-01,czwartek,gdańsk,Luna i rozgadana świnka,Helios Gdańsk Metropolia,12:15,,,2026-10-01T15:11:20.506482
2026-10-01,czwartek,gdańsk,Luna i rozgadana świnka,Helios Gdańsk Metropolia,14:00,,,2026-10-01T15:11:20.506482
2026-10-01,czwartek,gdańsk,Luna i rozgadana świnka (dubbing),Helios Gdańsk Forum,14:10,,dubbing,2026-10-01T15:11:20.506482
2026-10-01,czwartek,gdańsk,Luna i rozgadana świnka (dubbing),Helios Gdańsk Forum,17:30,,dubbing,2026-10-01T15:11:20.506482
2026-10-01,czwartek,gdańsk,Luna i rozgadana świnka (dubbing),Helios Gdańsk Metropolia,12:15,,dubbing,2026-10-01T15:11:20.506482
2026-10-01,czwartek,gdańsk,Luna i rozgadana świnka (dubbing),Helios Gdańsk Metropolia,14:00,,dubbing,2026-10-01T15:11:20.506482
2026-10-01,czwartek,gdańsk,Luna i rozgadana świnka (dubbing),Multikino Gdańsk,09:00,,dubbing,2026-10-01T15:11:20.506482
2026-10-01,czwartek,gdańsk,Luna i rozgadana świnka (dubbing),Multikino Gdańsk,13:35,,dubbing,2026-10-01T15:11:20.506482
2026-10-01,czwartek,gdańsk,Luna i rozgadana świnka (dubbing),Multikino Gdańsk,15:40,,dubbing,2026-10-01T15:11:20.506482
2026-10-01,czwartek,gdańsk,Luna i rozgadana świnka (dubbing),Multikino Gdańsk,17:50,,dubbing,2026-10-01T15:11:20.506482
2026-10-01,czwartek,gdańsk,Marsupilami,Helios Gdańsk Forum,10:30,,,2026-10-01T15:11:20.506482
2026-10-01,czwartek,gdańsk,Marsupilami (dubbing),Multikino Gdańsk,10:30,,dubbing,2026-10-01T15:11:20.506482
2026-10-01,czwartek,gdańsk,Marsupilami (dubbing),Multikino Gdańsk,13:05,,dubbing,2026-10-01T15:11:20.506482
2026-10-01,czwartek,gdańsk,"Miłość, śmierć i dojrzewanie w Camp Miasma",Kino Spektrum w Gdańsku,20:30,,,2026-10-01T15:11:20.506482
2026-10-01,czwartek,gdańsk,"Miłość, śmierć i dojrzewanie w Camp Miasma",KinoPort - Centrum Sztuki Współczesnej Łaźnia 2,19:30,,,2026-10-01T15:11:20.506482
2026-10-01,czwartek,gdańsk,Mistyczka,Helios Gdańsk Forum,12:20,,,2026-10-01T15:11:20.506482
2026-10-01,czwartek,gdańsk,Mistyczka,Helios Gdańsk Forum,18:30,,,2026-10-01T15:11:20.506482
2026-10-01,czwartek,gdańsk,Mistyczka,Helios Gdańsk Metropolia,15:15,,,2026-10-01T15:11:20.506482
2026-10-01,czwartek,gdańsk,Mistyczka,Multikino Gdańsk,17:50,,,2026-10-01T15:11:20.506482
2026-10-01,czwartek,gdańsk,Młodsza siostra,Kino Spektrum w Gdańsku,14:00,,,2026-10-01T15:11:20.506482
2026-10-01,czwartek,gdańsk,Nie patrz w dół 2,Helios Gdańsk Forum,20:40,,,2026-10-01T15:11:20.506482
2026-10-01,czwartek,gdańsk,Nie patrz w dół 2,Multikino Gdańsk,12:20,,,2026-10-01T15:11:20.506482
2026-10-01,czwartek,gdańsk,Niebo nad Normandią,Multikino Gdańsk,16:00,,,2026-10-01T15:11:20.506482
2026-10-01,czwartek,gdańsk,Nierozłączni (dubbing),Multikino Gdańsk,10:00,,dubbing,2026-10-01T15:11:20.506482
2026-10-01,czwartek,gdańsk,O czym sobie nie mówimy,Kino Spektrum w Gdańsku,16:15,,,2026-10-01T15:11:20.506482
2026-10-01,czwartek,gdańsk,Obcy,Kino Spektrum w Gdańsku,20:15,,,2026-10-01T15:11:20.506482
2026-10-01,czwartek,gdańsk,Odyseja,Helios Gdańsk Forum,12:00,,,2026-10-01T15:11:20.506482
2026-10-01,czwartek,gdańsk,Odyseja,Helios Gdańsk Forum,15:40,,,2026-10-01T15:11:20.506482
2026-10-01,czwartek,gdańsk,Odyseja,Helios Gdańsk Forum,19:40,,,2026-10-01T15:11:20.506482
2026-10-01,czwartek,gdańsk,Odyseja,Helios Gdańsk Metropolia,12:00,,,2026-10-01T15:11:20.506482
2026-10-01,czwartek,gdańsk,Odyseja,Helios Gdańsk Metropolia,19:30,,,2026-10-01T15:11:20.506482
2026-10-01,czwartek,gdańsk,Odyseja,Multikino Gdańsk,11:05,,,2026-10-01T15:11:20.506482
2026-10-01,czwartek,gdańsk,Pociąg Czerwona Ruta,Kino Kameralne Cafe w Gdańsku,15:45,,,2026-10-01T15:11:20.506482
2026-10-01,czwartek,gdańsk,"Powiedz mi, co czujesz",Multikino Gdańsk,20:00,,,2026-10-01T15:11:20.506482
2026-10-01,czwartek,gdańsk,Requiem dla snu,Kino Żak w Gdańsku,18:00,,,2026-10-01T15:11:20.506482
2026-10-01,czwartek,gdańsk,Resident Evil,Helios Gdańsk Forum,15:30,,,2026-10-01T15:11:20.506482
2026-10-01,czwartek,gdańsk,Resident Evil,Helios Gdańsk Forum,17:45,,,2026-10-01T15:11:20.506482
2026-10-01,czwartek,gdańsk,Resident Evil,Helios Gdańsk Forum,19:15,,,2026-10-01T15:11:20.506482
2026-10-01,czwartek,gdańsk,Resident Evil,Helios Gdańsk Forum,20:00,,,2026-10-01T15:11:20.506482
2026-10-01,czwartek,gdańsk,Resident Evil,Helios Gdańsk Forum,21:30,,,2026-10-01T15:11:20.506482
2026-10-01,czwartek,gdańsk,Resident Evil,Helios Gdańsk Metropolia,18:30,,,2026-10-01T15:11:20.506482
2026-10-01,czwartek,gdańsk,Resident Evil,Helios Gdańsk Metropolia,20:50,,,2026-10-01T15:11:20.506482
2026-10-01,czwartek,gdańsk,Resident Evil,Multikino Gdańsk,14:15,,,2026-10-01T15:11:20.506482
2026-10-01,czwartek,gdańsk,Resident Evil,Multikino Gdańsk,16:30,,,2026-10-01T15:11:20.506482
2026-10-01,czwartek,gdańsk,Resident Evil,Multikino Gdańsk,18:45,,,2026-10-01T15:11:20.506482
2026-10-01,czwartek,gdańsk,Resident Evil,Multikino Gdańsk,21:00,,,2026-10-01T15:11:20.506482
2026-10-01,czwartek,gdańsk,Sekretne Piętro,Helios Gdańsk Metropolia,09:00,,,2026-10-01T15:11:20.506482
2026-10-01,czwartek,gdańsk,Skrzat. Nowy początek,Helios Gdańsk Forum,11:00,,,2026-10-01T15:11:20.506482
2026-10-01,czwartek,gdańsk,Spider-Man. Całkiem nowy dzień,Helios Gdańsk Forum,09:10,,,2026-10-01T15:11:20.506482
2026-10-01,czwartek,gdańsk,Spider-Man. Całkiem nowy dzień,Helios Gdańsk Forum,11:00,,,2026-10-01T15:11:20.506482
2026-10-01,czwartek,gdańsk,Spider-Man. Całkiem nowy dzień,Helios Gdańsk Forum,14:30,,,2026-10-01T15:11:20.506482
2026-10-01,czwartek,gdańsk,Spider-Man. Całkiem nowy dzień,Helios Gdańsk Metropolia,13:00,,,2026-10-01T15:11:20.506482
2026-10-01,czwartek,gdańsk,Spider-Man. Całkiem nowy dzień,Multikino Gdańsk,15:20,,,2026-10-01T15:11:20.506482
2026-10-01,czwartek,gdańsk,Tedi i magiczna lampa (dubbing),Helios Gdańsk Forum,09:00,,dubbing,2026-10-01T15:11:20.506482
2026-10-01,czwartek,gdańsk,Tedi i magiczna lampa (dubbing),Helios Gdańsk Forum,16:10,,dubbing,2026-10-01T15:11:20.506482
2026-10-01,czwartek,gdańsk,Tedi i magiczna lampa (dubbing),Helios Gdańsk Metropolia,10:00,,dubbing,2026-10-01T15:11:20.506482
2026-10-01,czwartek,gdańsk,Tedi i magiczna lampa (dubbing),Helios Gdańsk Metropolia,11:50,,dubbing,2026-10-01T15:11:20.506482
2026-10-01,czwartek,gdańsk,Tedi i magiczna lampa (dubbing),Helios Gdańsk Metropolia,16:10,,dubbing,2026-10-01T15:11:20.506482
2026-10-01,czwartek,gdańsk,Tedi i magiczna lampa (dubbing),Multikino Gdańsk,11:35,,dubbing,2026-10-01T15:11:20.506482
2026-10-01,czwartek,gdańsk,Tedi i magiczna lampa (dubbing),Multikino Gdańsk,15:35,,dubbing,2026-10-01T15:11:20.506482
2026-10-01,czwartek,gdańsk,Totalna magia 2,Helios Gdańsk Forum,17:40,,,2026-10-01T15:11:20.506482
2026-10-01,czwartek,gdańsk,Totalna magia 2,Multikino Gdańsk,13:10,,,2026-10-01T15:11:20.506482
2026-10-01,czwartek,gdańsk,Trainspotting,Multikino Gdańsk,13:30,,,2026-10-01T15:11:20.506482
2026-10-01,czwartek,gdańsk,Trainspotting,Multikino Gdańsk,20:55,,,2026-10-01T15:11:20.506482
2026-10-01,czwartek,gdańsk,Vincent. Legenda oceanu (dubbing),Helios Gdańsk Forum,10:00,,dubbing,2026-10-01T15:11:20.506482
2026-10-01,czwartek,gdańsk,Vincent. Legenda oceanu (dubbing),Helios Gdańsk Forum,12:05,,dubbing,2026-10-01T15:11:20.506482
2026-10-01,czwartek,gdańsk,Vincent. Legenda oceanu (dubbing),Helios Gdańsk Metropolia,10:00,,dubbing,2026-10-01T15:11:20.506482
2026-10-01,czwartek,gdańsk,Vivaldi i ja,Kino Kameralne Cafe w Gdańsku,13:30,,,2026-10-01T15:11:20.506482
2026-10-01,czwartek,gdańsk,W sercu dziczy,Helios Gdańsk Forum,13:20,,,2026-10-01T15:11:20.506482
2026-10-01,czwartek,gdańsk,W sercu dziczy,Helios Gdańsk Forum,20:10,,,2026-10-01T15:11:20.506482
2026-10-01,czwartek,gdańsk,W sercu dziczy,Helios Gdańsk Forum,21:40,,,2026-10-01T15:11:20.506482
2026-10-01,czwartek,gdańsk,W sercu dziczy,Helios Gdańsk Metropolia,16:20,,,2026-10-01T15:11:20.506482
2026-10-01,czwartek,gdańsk,W sercu dziczy,Helios Gdańsk Metropolia,18:50,,,2026-10-01T15:11:20.506482
2026-10-01,czwartek,gdańsk,W sercu dziczy,Helios Gdańsk Metropolia,21:15,,,2026-10-01T15:11:20.506482
2026-10-01,czwartek,gdańsk,W sercu dziczy,Multikino Gdańsk,14:40,,,2026-10-01T15:11:20.506482
2026-10-01,czwartek,gdańsk,W sercu dziczy,Multikino Gdańsk,17:15,,,2026-10-01T15:11:20.506482
2026-10-01,czwartek,gdańsk,W sercu dziczy,Multikino Gdańsk,19:40,,,2026-10-01T15:11:20.506482
2026-10-01,czwartek,łódź,100 dni: Misja Zeus,Helios Łódź,12:40,,,2026-10-01T15:11:23.667797
2026-10-01,czwartek,łódź,100 dni: Misja Zeus,Helios Łódź,13:50,,,2026-10-01T15:11:23.667797
2026-10-01,czwartek,łódź,100 dni: Misja Zeus,Helios Łódź,16:20,,,2026-10-01T15:11:23.667797
2026-10-01,czwartek,łódź,100 dni: Misja Zeus,Helios Łódź,19:00,,,2026-10-01T15:11:23.667797
2026-10-01,czwartek,łódź,100 dni: Misja Zeus,Kino Charlie w Łodzi,14:20,,,2026-10-01T15:11:23.667797
2026-10-01,czwartek,łódź,100 dni: Misja Zeus,Multikino Silver Screen Łódź,10:30,,,2026-10-01T15:11:23.667797
2026-10-01,czwartek,łódź,100 dni: Misja Zeus,Multikino Silver Screen Łódź,18:15,,,2026-10-01T15:11:23.667797
2026-10-01,czwartek,łódź,500 mil,Cinema City Łódź Manufaktura,09:00,,,2026-10-01T15:11:23.667797
2026-10-01,czwartek,łódź,500 mil (lektor),Cinema City Łódź Manufaktura,09:00,,lektor,2026-10-01T15:11:23.667797
2026-10-01,czwartek,łódź,Avengers: Koniec gry - wersja rozszerzona,Cinema City Łódź Manufaktura IMAX,14:20,,,2026-10-01T15:11:23.667797
2026-10-01,czwartek,łódź,Avengers: Koniec gry - wersja rozszerzona,Cinema City Łódź Manufaktura IMAX,21:20,,,2026-10-01T15:11:23.667797
2026-10-01,czwartek,łódź,Avengers: Koniec gry (dubbing) - wersja rozszerzona,Cinema City Łódź Manufaktura,15:05,,dubbing,2026-10-01T15:11:23.667797
2026-10-01,czwartek,łódź,Avengers: Koniec gry (dubbing) - wersja rozszerzona,Multikino Silver Screen Łódź,09:30,,dubbing,2026-10-01T15:11:23.667797
2026-10-01,czwartek,łódź,Avengers: Koniec gry (dubbing) - wersja rozszerzona,Multikino Silver Screen Łódź,14:50,,dubbing,2026-10-01T15:11:23.667797
2026-10-01,czwartek,łódź,Avengers: Koniec gry (dubbing) - wersja rozszerzona,Multikino Silver Screen Łódź,19:20,,dubbing,2026-10-01T15:11:23.667797
2026-10-01,czwartek,łódź,Avengers: Koniec gry 3D - wersja rozszerzona,Cinema City Łódź Manufaktura,19:30,3D,,2026-10-01T15:11:23.667797
2026-10-01,czwartek,łódź,Avengers: Koniec gry 3D - wersja rozszerzona,Cinema City Łódź Manufaktura,20:40,3D,,2026-10-01T15:11:23.667797
2026-10-01,czwartek,łódź,Avengers: Koniec gry 3D (dubbing) - wersja rozszerzona,Cinema City Łódź Manufaktura,15:30,3D,dubbing,2026-10-01T15:11:23.667797
2026-10-01,czwartek,łódź,Drugie życie,Kino Charlie w Łodzi,18:00,,,2026-10-01T15:11:23.667797
2026-10-01,czwartek,łódź,Dzieci z Bullerbyn,Helios Łódź,11:00,,,2026-10-01T15:11:23.667797
2026-10-01,czwartek,łódź,Dzień dziecka księdza Jana Kaczkowskiego,Cinema City Łódź Manufaktura,15:00,,,2026-10-01T15:11:23.667797
2026-10-01,czwartek,łódź,Dzień dziecka księdza Jana Kaczkowskiego,Helios Łódź,18:15,,,2026-10-01T15:11:23.667797
2026-10-01,czwartek,łódź,Dzień dziecka księdza Jana Kaczkowskiego,Kino Charlie w Łodzi,16:35,,,2026-10-01T15:11:23.667797
2026-10-01,czwartek,łódź,Dzień dziecka księdza Jana Kaczkowskiego,Multikino Silver Screen Łódź,13:00,,,2026-10-01T15:11:23.667797
2026-10-01,czwartek,łódź,Flow,Kino Tatry w Łodzi,17:30,,,2026-10-01T15:11:23.667797
2026-10-01,czwartek,łódź,Folwark zwierzęcy,Helios Łódź,15:15,,,2026-10-01T15:11:23.667797
2026-10-01,czwartek,łódź,Folwark zwierzęcy,Kino Charlie w Łodzi,16:40,,,2026-10-01T15:11:23.667797
2026-10-01,czwartek,łódź,Folwark zwierzęcy,Multikino Silver Screen Łódź,10:00,,,2026-10-01T15:11:23.667797
2026-10-01,czwartek,łódź,Gorzkie święta,Kino Charlie w Łodzi,17:45,,,2026-10-01T15:11:23.667797
2026-10-01,czwartek,łódź,Hot Spot,Cinema City Łódź Manufaktura,17:00,,,2026-10-01T15:11:23.667797
2026-10-01,czwartek,łódź,Hot Spot,Cinema City Łódź Manufaktura,19:15,,,2026-10-01T15:11:23.667797
2026-10-01,czwartek,łódź,Hot Spot,Kino Charlie w Łodzi,20:00,,,2026-10-01T15:11:23.667797
2026-10-01,czwartek,łódź,Jak Bert to wszystko ogarnie?,Kino Charlie w Łodzi,16:30,,,2026-10-01T15:11:23.667797
2026-10-01,czwartek,łódź,Kapitan ucieka,Kino Charlie w Łodzi,20:00,,,2026-10-01T15:11:23.667797
2026-10-01,czwartek,łódź,Księga pustyni (dubbing),Cinema City Łódź Manufaktura,09:30,,dubbing,2026-10-01T15:11:23.667797
2026-10-01,czwartek,łódź,Kura,Kino Charlie w Łodzi,18:25,,,2026-10-01T15:11:23.667797
2026-10-01,czwartek,łódź,Lalka,Cinema City Łódź Manufaktura,15:00,,,2026-10-01T15:11:23.667797
2026-10-01,czwartek,łódź,Lalka,Cinema City Łódź Manufaktura,17:00,,,2026-10-01T15:11:23.667797
2026-10-01,czwartek,łódź,Lalka,Cinema City Łódź Manufaktura,19:00,,,2026-10-01T15:11:23.667797
2026-10-01,czwartek,łódź,Lalka,Cinema City Łódź Manufaktura,19:00,,,2026-10-01T15:11:23.667797
2026-10-01,czwartek,łódź,Lalka,Cinema City Łódź Manufaktura,20:30,,,2026-10-01T15:11:23.667797
2026-10-01,czwartek,łódź,Lalka,Cinema City Łódź Manufaktura,21:10,,,2026-10-01T15:11:23.667797
2026-10-01,czwartek,łódź,Lalka,Cinema City Łódź Manufaktura IMAX,18:00,,,2026-10-01T15:11:23.667797
2026-10-01,czwartek,łódź,Lalka,Helios Łódź,10:00,,,2026-10-01T15:11:23.667797
2026-10-01,czwartek,łódź,Lalka,Helios Łódź,10:00,,,2026-10-01T15:11:23.667797
2026-10-01,czwartek,łódź,Lalka,Helios Łódź,11:00,,,2026-10-01T15:11:23.667797
2026-10-01,czwartek,łódź,Lalka,Helios Łódź,12:00,,,2026-10-01T15:11:23.667797
2026-10-01,czwartek,łódź,Lalka,Helios Łódź,12:30,,,2026-10-01T15:11:23.667797
2026-10-01,czwartek,łódź,Lalka,Helios Łódź,13:30,,,2026-10-01T15:11:23.667797
2026-10-01,czwartek,łódź,Lalka,Helios Łódź,14:30,,,2026-10-01T15:11:23.667797
2026-10-01,czwartek,łódź,Lalka,Helios Łódź,16:00,,,2026-10-01T15:11:23.667797
2026-10-01,czwartek,łódź,Lalka,Helios Łódź,17:00,,,2026-10-01T15:11:23.667797
2026-10-01,czwartek,łódź,Lalka,Helios Łódź,18:00,,,2026-10-01T15:11:23.667797
2026-10-01,czwartek,łódź,Lalka,Helios Łódź,19:30,,,2026-10-01T15:11:23.667797
2026-10-01,czwartek,łódź,Lalka,Helios Łódź,20:30,,,2026-10-01T15:11:23.667797
2026-10-01,czwartek,łódź,Lalka,Helios Łódź,21:30,,,2026-10-01T15:11:23.667797
2026-10-01,czwartek,łódź,Lalka,Kino Charlie w Łodzi,13:15,,,2026-10-01T15:11:23.667797
2026-10-01,czwartek,łódź,Lalka,Kino Charlie w Łodzi,14:15,,,2026-10-01T15:11:23.667797
2026-10-01,czwartek,łódź,Lalka,Kino Charlie w Łodzi,16:25,,,2026-10-01T15:11:23.667797
2026-10-01,czwartek,łódź,Lalka,Kino Charlie w Łodzi,17:20,,,2026-10-01T15:11:23.667797
2026-10-01,czwartek,łódź,Lalka,Kino Charlie w Łodzi,19:30,,,2026-10-01T15:11:23.667797
2026-10-01,czwartek,łódź,Lalka,Kino Charlie w Łodzi,20:25,,,2026-10-01T15:11:23.667797
2026-10-01,czwartek,łódź,Lalka,Multikino Silver Screen Łódź,10:00,,,2026-10-01T15:11:23.667797
2026-10-01,czwartek,łódź,Lalka,Multikino Silver Screen Łódź,10:00,,,2026-10-01T15:11:23.667797
2026-10-01,czwartek,łódź,Lalka,Multikino Silver Screen Łódź,11:00,,,2026-10-01T15:11:23.667797
2026-10-01,czwartek,łódź,Lalka,Multikino Silver Screen Łódź,11:00,,,2026-10-01T15:11:23.667797
2026-10-01,czwartek,łódź,Lalka,Multikino Silver Screen Łódź,12:50,,,2026-10-01T15:11:23.667797
2026-10-01,czwartek,łódź,Lalka,Multikino Silver Screen Łódź,13:50,,,2026-10-01T15:11:23.667797
2026-10-01,czwartek,łódź,Lalka,Multikino Silver Screen Łódź,14:50,,,2026-10-01T15:11:23.667797
2026-10-01,czwartek,łódź,Lalka,Multikino Silver Screen Łódź,16:20,,,2026-10-01T15:11:23.667797
2026-10-01,czwartek,łódź,Lalka,Multikino Silver Screen Łódź,17:20,,,2026-10-01T15:11:23.667797
2026-10-01,czwartek,łódź,Lalka,Multikino Silver Screen Łódź,18:20,,,2026-10-01T15:11:23.667797
2026-10-01,czwartek,łódź,Lalka,Multikino Silver Screen Łódź,19:00,,,2026-10-01T15:11:23.667797
2026-10-01,czwartek,łódź,Lalka,Multikino Silver Screen Łódź,19:50,,,2026-10-01T15:11:23.667797
2026-10-01,czwartek,łódź,Lalka,Multikino Silver Screen Łódź,20:50,,,2026-10-01T15:11:23.667797
2026-10-01,czwartek,łódź,Lalka (seans z audiodeskrypcją),Cinema City Łódź Manufaktura,21:10,,,2026-10-01T15:11:23.667797
2026-10-01,czwartek,łódź,Luna i rozgadana świnka,Helios Łódź,13:20,,,2026-10-01T15:11:23.667797
2026-10-01,czwartek,łódź,Luna i rozgadana świnka,Helios Łódź,15:50,,,2026-10-01T15:11:23.667797
2026-10-01,czwartek,łódź,Luna i rozgadana świnka,Kino Charlie w Łodzi,13:25,,,2026-10-01T15:11:23.667797
2026-10-01,czwartek,łódź,Luna i rozgadana świnka (dubbing),Cinema City Łódź Manufaktura,10:00,,dubbing,2026-10-01T15:11:23.667797
2026-10-01,czwartek,łódź,Luna i rozgadana świnka (dubbing),Cinema City Łódź Manufaktura,12:10,,dubbing,2026-10-01T15:11:23.667797
2026-10-01,czwartek,łódź,Luna i rozgadana świnka (dubbing),Cinema City Łódź Manufaktura,14:20,,dubbing,2026-10-01T15:11:23.667797
2026-10-01,czwartek,łódź,Luna i rozgadana świnka (dubbing),Cinema City Łódź Manufaktura,16:30,,dubbing,2026-10-01T15:11:23.667797
2026-10-01,czwartek,łódź,Luna i rozgadana świnka (dubbing),Helios Łódź,13:20,,dubbing,2026-10-01T15:11:23.667797
2026-10-01,czwartek,łódź,Luna i rozgadana świnka (dubbing),Helios Łódź,15:50,,dubbing,2026-10-01T15:11:23.667797
2026-10-01,czwartek,łódź,Luna i rozgadana świnka (dubbing),Kino Charlie w Łodzi,13:25,,dubbing,2026-10-01T15:11:23.667797
2026-10-01,czwartek,łódź,Luna i rozgadana świnka (dubbing),Multikino Silver Screen Łódź,10:40,,dubbing,2026-10-01T15:11:23.667797
2026-10-01,czwartek,łódź,Luna i rozgadana świnka (dubbing),Multikino Silver Screen Łódź,13:10,,dubbing,2026-10-01T15:11:23.667797
2026-10-01,czwartek,łódź,Luna i rozgadana świnka (dubbing),Multikino Silver Screen Łódź,15:20,,dubbing,2026-10-01T15:11:23.667797
2026-10-01,czwartek,łódź,Luna i rozgadana świnka (dubbing),Multikino Silver Screen Łódź,17:30,,dubbing,2026-10-01T15:11:23.667797
2026-10-01,czwartek,łódź,Ma to sens,Kino Charlie w Łodzi,20:25,,,2026-10-01T15:11:23.667797
2026-10-01,czwartek,łódź,Marsupilami (dubbing),Multikino Silver Screen Łódź,14:40,,dubbing,2026-10-01T15:11:23.667797
2026-10-01,czwartek,łódź,Marsupilami (dubbing),Multikino Silver Screen Łódź,17:00,,dubbing,2026-10-01T15:11:23.667797
2026-10-01,czwartek,łódź,Mira,Kino Charlie w Łodzi,15:00,,,2026-10-01T15:11:23.667797
2026-10-01,czwartek,łódź,Mistyczka,Helios Łódź,17:30,,,2026-10-01T15:11:23.667797
2026-10-01,czwartek,łódź,Mistyczka,Kino Charlie w Łodzi,15:50,,,2026-10-01T15:11:23.667797
2026-10-01,czwartek,łódź,Mistyczka,Kino Charlie w Łodzi,18:15,,,2026-10-01T15:11:23.667797
2026-10-01,czwartek,łódź,Mistyczka,Multikino Silver Screen Łódź,14:05,,,2026-10-01T15:11:23.667797
2026-10-01,czwartek,łódź,Nie patrz w dół 2,Helios Łódź,21:15,,,2026-10-01T15:11:23.667797
2026-10-01,czwartek,łódź,Niebo nad Normandią,Cinema City Łódź Manufaktura,12:40,,,2026-10-01T15:11:23.667797
2026-10-01,czwartek,łódź,Niebo nad Normandią,Multikino Silver Screen Łódź,12:50,,,2026-10-01T15:11:23.667797
2026-10-01,czwartek,łódź,Obcy,Cinema City Łódź Manufaktura,21:30,,,2026-10-01T15:11:23.667797
2026-10-01,czwartek,łódź,Obcy,Kino Charlie w Łodzi,15:20,,,2026-10-01T15:11:23.667797
2026-10-01,czwartek,łódź,Odyseja,Helios Łódź,15:40,,,2026-10-01T15:11:23.667797
2026-10-01,czwartek,łódź,Odyseja,Helios Łódź,19:45,,,2026-10-01T15:11:23.667797
2026-10-01,czwartek,łódź,Odyseja,Multikino Silver Screen Łódź,19:40,,,2026-10-01T15:11:23.667797
2026-10-01,czwartek,łódź,Odzyskany,Kino Charlie w Łodzi,15:25,,,2026-10-01T15:11:23.667797
2026-10-01,czwartek,łódź,Ojczyzna,Kino Charlie w Łodzi,18:40,,,2026-10-01T15:11:23.667797
2026-10-01,czwartek,łódź,Ostatni konsjerż,Kino Charlie w Łodzi,17:00,,,2026-10-01T15:11:23.667797
2026-10-01,czwartek,łódź,"Powiedz mi, co czujesz",Kino Charlie w Łodzi,14:30,,,2026-10-01T15:11:23.667797
2026-10-01,czwartek,łódź,"Powiedz mi, co czujesz",Multikino Silver Screen Łódź,20:00,,,2026-10-01T15:11:23.667797
2026-10-01,czwartek,łódź,Prosta historia,Kino Tatry w Łodzi,19:00,,,2026-10-01T15:11:23.667797
2026-10-01,czwartek,łódź,Psi Patrol i dinozaury (dubbing),Multikino Silver Screen Łódź,12:05,,dubbing,2026-10-01T15:11:23.667797
2026-10-01,czwartek,łódź,Requiem dla snu,Kino Charlie w Łodzi,20:05,,,2026-10-01T15:11:23.667797
2026-10-01,czwartek,łódź,Resident Evil,Cinema City Łódź Manufaktura,14:00,,,2026-10-01T15:11:23.667797
2026-10-01,czwartek,łódź,Resident Evil,Cinema City Łódź Manufaktura,16:15,,,2026-10-01T15:11:23.667797
2026-10-01,czwartek,łódź,Resident Evil,Cinema City Łódź Manufaktura,18:30,,,2026-10-01T15:11:23.667797
2026-10-01,czwartek,łódź,Resident Evil,Cinema City Łódź Manufaktura,20:45,,,2026-10-01T15:11:23.667797
2026-10-01,czwartek,łódź,Resident Evil,Helios Łódź,10:30,,,2026-10-01T15:11:23.667797
2026-10-01,czwartek,łódź,Resident Evil,Helios Łódź,14:00,,,2026-10-01T15:11:23.667797
2026-10-01,czwartek,łódź,Resident Evil,Helios Łódź,15:30,,,2026-10-01T15:11:23.667797
2026-10-01,czwartek,łódź,Resident Evil,Helios Łódź,17:45,,,2026-10-01T15:11:23.667797
2026-10-01,czwartek,łódź,Resident Evil,Helios Łódź,19:15,,,2026-10-01T15:11:23.667797
2026-10-01,czwartek,łódź,Resident Evil,Helios Łódź,20:00,,,2026-10-01T15:11:23.667797
2026-10-01,czwartek,łódź,Resident Evil,Helios Łódź,21:30,,,2026-10-01T15:11:23.667797
2026-10-01,czwartek,łódź,Resident Evil,Multikino Silver Screen Łódź,13:45,,,2026-10-01T15:11:23.667797
2026-10-01,czwartek,łódź,Resident Evil,Multikino Silver Screen Łódź,16:00,,,2026-10-01T15:11:23.667797
2026-10-01,czwartek,łódź,Resident Evil,Multikino Silver Screen Łódź,18:15,,,2026-10-01T15:11:23.667797
2026-10-01,czwartek,łódź,Resident Evil,Multikino Silver Screen Łódź,20:30,,,2026-10-01T15:11:23.667797
2026-10-01,czwartek,łódź,Resident Evil: Oselia Zla (ukr.),Multikino Silver Screen Łódź,14:50,,,2026-10-01T15:11:23.667797
2026-10-01,czwartek,łódź,Spider-Man. Całkiem nowy dzień,Multikino Silver Screen Łódź,10:00,,,2026-10-01T15:11:23.667797
2026-10-01,czwartek,łódź,Spider-Man. Całkiem nowy dzień (dubbing),Multikino Silver Screen Łódź,17:00,,dubbing,2026-10-01T15:11:23.667797
2026-10-01,czwartek,łódź,Tedi i magiczna lampa (dubbing),Helios Łódź,10:30,,dubbing,2026-10-01T15:11:23.667797
2026-10-01,czwartek,łódź,Tedi i magiczna lampa (dubbing),Helios Łódź,13:15,,dubbing,2026-10-01T15:11:23.667797
2026-10-01,czwartek,łódź,Tedi i magiczna lampa (dubbing),Helios Łódź,16:10,,dubbing,2026-10-01T15:11:23.667797
2026-10-01,czwartek,łódź,Tedi i magiczna lampa (dubbing),Multikino Silver Screen Łódź,10:05,,dubbing,2026-10-01T15:11:23.667797
2026-10-01,czwartek,łódź,Tedi i magiczna lampa (dubbing),Multikino Silver Screen Łódź,16:05,,dubbing,2026-10-01T15:11:23.667797
2026-10-01,czwartek,łódź,The Birthday Party,Cinema City Łódź Manufaktura,13:20,,,2026-10-01T15:11:23.667797
2026-10-01,czwartek,łódź,The Birthday Party,Kino Charlie w Łodzi,20:10,,,2026-10-01T15:11:23.667797
2026-10-01,czwartek,łódź,Tony,Kino Charlie w Łodzi,13:40,,,2026-10-01T15:11:23.667797
2026-10-01,czwartek,łódź,Tony,Kino Charlie w Łodzi,20:00,,,2026-10-01T15:11:23.667797
2026-10-01,czwartek,łódź,Tony,Multikino Silver Screen Łódź,12:15,,,2026-10-01T15:11:23.667797
2026-10-01,czwartek,łódź,Totalna magia 2,Helios Łódź,18:30,,,2026-10-01T15:11:23.667797
2026-10-01,czwartek,łódź,Totalna magia 2,Multikino Silver Screen Łódź,20:45,,,2026-10-01T15:11:23.667797
2026-10-01,czwartek,łódź,W sercu dziczy,Cinema City Łódź Manufaktura,14:30,,,2026-10-01T15:11:23.667797
2026-10-01,czwartek,łódź,W sercu dziczy,Cinema City Łódź Manufaktura,16:00,,,2026-10-01T15:11:23.667797
2026-10-01,czwartek,łódź,W sercu dziczy,Cinema City Łódź Manufaktura,18:40,,,2026-10-01T15:11:23.667797
2026-10-01,czwartek,łódź,W sercu dziczy,Cinema City Łódź Manufaktura,21:10,,,2026-10-01T15:11:23.667797
2026-10-01,czwartek,łódź,W sercu dziczy,Helios Łódź,11:30,,,2026-10-01T15:11:23.667797
2026-10-01,czwartek,łódź,W sercu dziczy,Helios Łódź,20:10,,,2026-10-01T15:11:23.667797
2026-10-01,czwartek,łódź,W sercu dziczy,Helios Łódź,21:40,,,2026-10-01T15:11:23.667797
2026-10-01,czwartek,łódź,W sercu dziczy,Multikino Silver Screen Łódź,15:20,,,2026-10-01T15:11:23.667797
2026-10-01,czwartek,łódź,W sercu dziczy,Multikino Silver Screen Łódź,17:45,,,2026-10-01T15:11:23.667797
2026-10-01,czwartek,łódź,W sercu dziczy,Multikino Silver Screen Łódź,20:10,,,2026-10-01T15:11:23.667797
2026-10-01,czwartek,łódź,Zaproszenie,Kino Charlie w Łodzi,17:45,,,2026-10-01T15:11:23.667797
2026-10-01,czwartek,szczecin,100 dni: Misja Zeus,Helios Szczecin CHR Kupiec,09:00,,,2026-10-01T15:11:26.099184
2026-10-01,czwartek,szczecin,100 dni: Misja Zeus,Helios Szczecin CHR Kupiec,17:40,,,2026-10-01T15:11:26.099184
2026-10-01,czwartek,szczecin,100 dni: Misja Zeus,Helios Szczecin Outlet Park,10:00,,,2026-10-01T15:11:26.099184
2026-10-01,czwartek,szczecin,100 dni: Misja Zeus,Helios Szczecin Outlet Park,12:30,,,2026-10-01T15:11:26.099184
2026-10-01,czwartek,szczecin,100 dni: Misja Zeus,Helios Szczecin Outlet Park,16:40,,,2026-10-01T15:11:26.099184
2026-10-01,czwartek,szczecin,100 dni: Misja Zeus,Helios Szczecin Outlet Park,20:00,,,2026-10-01T15:11:26.099184
2026-10-01,czwartek,szczecin,100 dni: Misja Zeus,Multikino Szczecin,10:30,,,2026-10-01T15:11:26.099184
2026-10-01,czwartek,szczecin,100 dni: Misja Zeus,Multikino Szczecin,12:25,,,2026-10-01T15:11:26.099184
2026-10-01,czwartek,szczecin,Avengers: Koniec gry - wersja rozszerzona,Multikino Szczecin,13:25,,,2026-10-01T15:11:26.099184
2026-10-01,czwartek,szczecin,Avengers: Koniec gry - wersja rozszerzona,Multikino Szczecin,17:20,,,2026-10-01T15:11:26.099184
2026-10-01,czwartek,szczecin,Dzień dziecka księdza Jana Kaczkowskiego,Helios Szczecin Outlet Park,14:45,,,2026-10-01T15:11:26.099184
2026-10-01,czwartek,szczecin,Hot Spot,Kino Pionier 1907 w Szczecinie,15:00,,,2026-10-01T15:11:26.099184
2026-10-01,czwartek,szczecin,Księga pustyni,Helios Szczecin CHR Kupiec,09:00,,,2026-10-01T15:11:26.099184
2026-10-01,czwartek,szczecin,Księga pustyni,Helios Szczecin CHR Kupiec,13:00,,,2026-10-01T15:11:26.099184
2026-10-01,czwartek,szczecin,Księga pustyni (dubbing),Multikino Szczecin,10:00,,dubbing,2026-10-01T15:11:26.099184
2026-10-01,czwartek,szczecin,Lalka,Helios Szczecin CHR Kupiec,11:15,,,2026-10-01T15:11:26.099184
2026-10-01,czwartek,szczecin,Lalka,Helios Szczecin CHR Kupiec,11:15,,,2026-10-01T15:11:26.099184
2026-10-01,czwartek,szczecin,Lalka,Helios Szczecin CHR Kupiec,11:45,,,2026-10-01T15:11:26.099184
2026-10-01,czwartek,szczecin,Lalka,Helios Szczecin CHR Kupiec,14:30,,,2026-10-01T15:11:26.099184
2026-10-01,czwartek,szczecin,Lalka,Helios Szczecin CHR Kupiec,17:00,,,2026-10-01T15:11:26.099184
2026-10-01,czwartek,szczecin,Lalka,Helios Szczecin CHR Kupiec,18:00,,,2026-10-01T15:11:26.099184
2026-10-01,czwartek,szczecin,Lalka,Helios Szczecin CHR Kupiec,20:30,,,2026-10-01T15:11:26.099184
2026-10-01,czwartek,szczecin,Lalka,Helios Szczecin CHR Kupiec,21:20,,,2026-10-01T15:11:26.099184
2026-10-01,czwartek,szczecin,Lalka,Helios Szczecin Outlet Park,10:00,,,2026-10-01T15:11:26.099184
2026-10-01,czwartek,szczecin,Lalka,Helios Szczecin Outlet Park,11:00,,,2026-10-01T15:11:26.099184
2026-10-01,czwartek,szczecin,Lalka,Helios Szczecin Outlet Park,13:30,,,2026-10-01T15:11:26.099184
2026-10-01,czwartek,szczecin,Lalka,Helios Szczecin Outlet Park,14:30,,,2026-10-01T15:11:26.099184
2026-10-01,czwartek,szczecin,Lalka,Helios Szczecin Outlet Park,15:30,,,2026-10-01T15:11:26.099184
2026-10-01,czwartek,szczecin,Lalka,Helios Szczecin Outlet Park,17:00,,,2026-10-01T15:11:26.099184
2026-10-01,czwartek,szczecin,Lalka,Helios Szczecin Outlet Park,18:00,,,2026-10-01T15:11:26.099184
2026-10-01,czwartek,szczecin,Lalka,Helios Szczecin Outlet Park,19:00,,,2026-10-01T15:11:26.099184
2026-10-01,czwartek,szczecin,Lalka,Helios Szczecin Outlet Park,20:30,,,2026-10-01T15:11:26.099184
2026-10-01,czwartek,szczecin,Lalka,Helios Szczecin Outlet Park,21:30,,,2026-10-01T15:11:26.099184
2026-10-01,czwartek,szczecin,Lalka,Kino Pionier 1907 w Szczecinie,17:00,,,2026-10-01T15:11:26.099184
2026-10-01,czwartek,szczecin,Lalka,Multikino Szczecin,10:00,,,2026-10-01T15:11:26.099184
2026-10-01,czwartek,szczecin,Lalka,Multikino Szczecin,10:30,,,2026-10-01T15:11:26.099184
2026-10-01,czwartek,szczecin,Lalka,Multikino Szczecin,13:15,,,2026-10-01T15:11:26.099184
2026-10-01,czwartek,szczecin,Lalka,Multikino Szczecin,15:00,,,2026-10-01T15:11:26.099184
2026-10-01,czwartek,szczecin,Lalka,Multikino Szczecin,16:00,,,2026-10-01T15:11:26.099184
2026-10-01,czwartek,szczecin,Lalka,Multikino Szczecin,16:45,,,2026-10-01T15:11:26.099184
2026-10-01,czwartek,szczecin,Lalka,Multikino Szczecin,17:45,,,2026-10-01T15:11:26.099184
2026-10-01,czwartek,szczecin,Lalka,Multikino Szczecin,18:30,,,2026-10-01T15:11:26.099184
2026-10-01,czwartek,szczecin,Lalka,Multikino Szczecin,19:00,,,2026-10-01T15:11:26.099184
2026-10-01,czwartek,szczecin,Lalka,Multikino Szczecin,19:30,,,2026-10-01T15:11:26.099184
2026-10-01,czwartek,szczecin,Lalka,Multikino Szczecin,20:15,,,2026-10-01T15:11:26.099184
2026-10-01,czwartek,szczecin,Luna i rozgadana świnka,Helios Szczecin CHR Kupiec,15:15,,,2026-10-01T15:11:26.099184
2026-10-01,czwartek,szczecin,Luna i rozgadana świnka,Helios Szczecin Outlet Park,12:00,,,2026-10-01T15:11:26.099184
2026-10-01,czwartek,szczecin,Luna i rozgadana świnka,Helios Szczecin Outlet Park,15:00,,,2026-10-01T15:11:26.099184
2026-10-01,czwartek,szczecin,Luna i rozgadana świnka (dubbing),Helios Szczecin CHR Kupiec,15:15,,dubbing,2026-10-01T15:11:26.099184
2026-10-01,czwartek,szczecin,Luna i rozgadana świnka (dubbing),Helios Szczecin Outlet Park,12:00,,dubbing,2026-10-01T15:11:26.099184
2026-10-01,czwartek,szczecin,Luna i rozgadana świnka (dubbing),Helios Szczecin Outlet Park,15:00,,dubbing,2026-10-01T15:11:26.099184
2026-10-01,czwartek,szczecin,Luna i rozgadana świnka (dubbing),Multikino Szczecin,10:00,,dubbing,2026-10-01T15:11:26.099184
2026-10-01,czwartek,szczecin,Luna i rozgadana świnka (dubbing),Multikino Szczecin,13:05,,dubbing,2026-10-01T15:11:26.099184
2026-10-01,czwartek,szczecin,Luna i rozgadana świnka (dubbing),Multikino Szczecin,15:20,,dubbing,2026-10-01T15:11:26.099184
2026-10-01,czwartek,szczecin,Luna i rozgadana świnka (dubbing),Multikino Szczecin,17:35,,dubbing,2026-10-01T15:11:26.099184
2026-10-01,czwartek,szczecin,Marsupilami,Helios Szczecin CHR Kupiec,10:00,,,2026-10-01T15:11:26.099184
2026-10-01,czwartek,szczecin,Marsupilami,Helios Szczecin Outlet Park,10:00,,,2026-10-01T15:11:26.099184
2026-10-01,czwartek,szczecin,Marsupilami,Helios Szczecin Outlet Park,11:30,,,2026-10-01T15:11:26.099184
2026-10-01,czwartek,szczecin,Marsupilami (dubbing),Multikino Szczecin,11:00,,dubbing,2026-10-01T15:11:26.099184
2026-10-01,czwartek,szczecin,Mistyczka,Helios Szczecin CHR Kupiec,15:00,,,2026-10-01T15:11:26.099184
2026-10-01,czwartek,szczecin,Mistyczka,Helios Szczecin Outlet Park,13:20,,,2026-10-01T15:11:26.099184
2026-10-01,czwartek,szczecin,Mistyczka,Multikino Szczecin,13:10,,,2026-10-01T15:11:26.099184
2026-10-01,czwartek,szczecin,Natura miłości,Kino Pionier 1907 w Szczecinie,20:00,,,2026-10-01T15:11:26.099184
2026-10-01,czwartek,szczecin,Nie patrz w dół 2,Helios Szczecin Outlet Park,12:30,,,2026-10-01T15:11:26.099184
2026-10-01,czwartek,szczecin,Nie patrz w dół 2,Multikino Szczecin,10:00,,,2026-10-01T15:11:26.099184
2026-10-01,czwartek,szczecin,Niebo nad Normandią,Helios Szczecin Outlet Park,10:15,,,2026-10-01T15:11:26.099184
2026-10-01,czwartek,szczecin,Niebo nad Normandią,Multikino Szczecin,21:20,,,2026-10-01T15:11:26.099184
2026-10-01,czwartek,szczecin,Odyseja,Helios Szczecin Outlet Park,19:30,,,2026-10-01T15:11:26.099184
2026-10-01,czwartek,szczecin,Ojczyzna,Kino Zamek - Zamek Książąt Pomorskich w Szczecinie,17:00,,,2026-10-01T15:11:26.099184
2026-10-01,czwartek,szczecin,"Powiedz mi, co czujesz",Multikino Szczecin,20:00,,,2026-10-01T15:11:26.099184
2026-10-01,czwartek,szczecin,Pucio kocha zwierzaki,Multikino Szczecin,13:05,,,2026-10-01T15:11:26.099184
2026-10-01,czwartek,szczecin,Pucio kocha zwierzaki,Multikino Szczecin,14:25,,,2026-10-01T15:11:26.099184
2026-10-01,czwartek,szczecin,Requiem dla snu,Kino Zamek - Zamek Książąt Pomorskich w Szczecinie,19:00,,,2026-10-01T15:11:26.099184
2026-10-01,czwartek,szczecin,Resident Evil,Helios Szczecin CHR Kupiec,14:45,,,2026-10-01T15:11:26.099184
2026-10-01,czwartek,szczecin,Resident Evil,Helios Szczecin CHR Kupiec,19:20,,,2026-10-01T15:11:26.099184
2026-10-01,czwartek,szczecin,Resident Evil,Helios Szczecin CHR Kupiec,21:30,,,2026-10-01T15:11:26.099184
2026-10-01,czwartek,szczecin,Resident Evil,Helios Szczecin Outlet Park,14:30,,,2026-10-01T15:11:26.099184
2026-10-01,czwartek,szczecin,Resident Evil,Helios Szczecin Outlet Park,19:10,,,2026-10-01T15:11:26.099184
2026-10-01,czwartek,szczecin,Resident Evil,Helios Szczecin Outlet Park,21:20,,,2026-10-01T15:11:26.099184
2026-10-01,czwartek,szczecin,Resident Evil,Multikino Szczecin,13:45,,,2026-10-01T15:11:26.099184
2026-10-01,czwartek,szczecin,Resident Evil,Multikino Szczecin,16:00,,,2026-10-01T15:11:26.099184
2026-10-01,czwartek,szczecin,Resident Evil,Multikino Szczecin,19:15,,,2026-10-01T15:11:26.099184
2026-10-01,czwartek,szczecin,Resident Evil,Multikino Szczecin,21:35,,,2026-10-01T15:11:26.099184
2026-10-01,czwartek,szczecin,Spider-Man. Całkiem nowy dzień,Helios Szczecin CHR Kupiec,09:00,,,2026-10-01T15:11:26.099184
2026-10-01,czwartek,szczecin,Spider-Man. Całkiem nowy dzień,Helios Szczecin Outlet Park,09:30,,,2026-10-01T15:11:26.099184
2026-10-01,czwartek,szczecin,Spider-Man. Całkiem nowy dzień,Helios Szczecin Outlet Park,16:45,,,2026-10-01T15:11:26.099184
2026-10-01,czwartek,szczecin,Spider-Man. Całkiem nowy dzień (dubbing),Multikino Szczecin,14:35,,dubbing,2026-10-01T15:11:26.099184
2026-10-01,czwartek,szczecin,Tedi i magiczna lampa (dubbing),Helios Szczecin CHR Kupiec,17:10,,dubbing,2026-10-01T15:11:26.099184
2026-10-01,czwartek,szczecin,Tedi i magiczna lampa (dubbing),Helios Szczecin Outlet Park,17:15,,dubbing,2026-10-01T15:11:26.099184
2026-10-01,czwartek,szczecin,Tedi i magiczna lampa (dubbing),Multikino Szczecin,10:30,,dubbing,2026-10-01T15:11:26.099184
2026-10-01,czwartek,szczecin,Tedi i magiczna lampa (dubbing),Multikino Szczecin,12:25,,dubbing,2026-10-01T15:11:26.099184
2026-10-01,czwartek,szczecin,Tedi i magiczna lampa (dubbing),Multikino Szczecin,14:45,,dubbing,2026-10-01T15:11:26.099184
2026-10-01,czwartek,szczecin,Tedi i magiczna lampa (dubbing),Multikino Szczecin,17:00,,dubbing,2026-10-01T15:11:26.099184
2026-10-01,czwartek,szczecin,Totalna magia 2,Multikino Szczecin,21:15,,,2026-10-01T15:11:26.099184
2026-10-01,czwartek,szczecin,Vincent. Legenda oceanu (dubbing),Helios Szczecin Outlet Park,09:30,,dubbing,2026-10-01T15:11:26.099184
2026-10-01,czwartek,szczecin,W sercu dziczy,Helios Szczecin CHR Kupiec,20:15,,,2026-10-01T15:11:26.099184
2026-10-01,czwartek,szczecin,W sercu dziczy,Helios Szczecin Outlet Park,14:10,,,2026-10-01T15:11:26.099184
2026-10-01,czwartek,szczecin,W sercu dziczy,Helios Szczecin Outlet Park,16:30,,,2026-10-01T15:11:26.099184
2026-10-01,czwartek,szczecin,W sercu dziczy,Helios Szczecin Outlet Park,18:45,,,2026-10-01T15:11:26.099184
2026-10-01,czwartek,szczecin,W sercu dziczy,Helios Szczecin Outlet Park,21:00,,,2026-10-01T15:11:26.099184
2026-10-01,czwartek,szczecin,W sercu dziczy,Multikino Szczecin,15:25,,,2026-10-01T15:11:26.099184
2026-10-01,czwartek,szczecin,W sercu dziczy,Multikino Szczecin,17:50,,,2026-10-01T15:11:26.099184
2026-10-01,czwartek,szczecin,W sercu dziczy,Multikino Szczecin,20:15,,,2026-10-01T15:11:26.099184
2026-10-01,czwartek,szczecin,Zapomniana wyspa (dubbing),Helios Szczecin Outlet Park,12:30,,dubbing,2026-10-01T15:11:26.099184
2026-10-01,czwartek,bydgoszcz,100 dni: Misja Zeus,Cinema City Bydgoszcz,14:10,,,2026-10-01T15:11:29.395924
2026-10-01,czwartek,bydgoszcz,100 dni: Misja Zeus,Cinema City Bydgoszcz,16:50,,,2026-10-01T15:11:29.395924
2026-10-01,czwartek,bydgoszcz,100 dni: Misja Zeus,Helios Bydgoszcz,09:00,,,2026-10-01T15:11:29.395924
2026-10-01,czwartek,bydgoszcz,100 dni: Misja Zeus,Helios Bydgoszcz,17:30,,,2026-10-01T15:11:29.395924
2026-10-01,czwartek,bydgoszcz,100 dni: Misja Zeus,Helios Bydgoszcz,20:10,,,2026-10-01T15:11:29.395924
2026-10-01,czwartek,bydgoszcz,100 dni: Misja Zeus,Multikino Bydgoszcz,09:45,,,2026-10-01T15:11:29.395924
2026-10-01,czwartek,bydgoszcz,100 dni: Misja Zeus,Multikino Bydgoszcz,13:50,,,2026-10-01T15:11:29.395924
2026-10-01,czwartek,bydgoszcz,100 dni: Misja Zeus,Multikino Bydgoszcz,18:25,,,2026-10-01T15:11:29.395924
2026-10-01,czwartek,bydgoszcz,Avengers: Koniec gry - wersja rozszerzona,Cinema City Bydgoszcz,20:30,,,2026-10-01T15:11:29.395924
2026-10-01,czwartek,bydgoszcz,Avengers: Koniec gry (dubbing) - wersja rozszerzona,Cinema City Bydgoszcz,16:40,,dubbing,2026-10-01T15:11:29.395924
2026-10-01,czwartek,bydgoszcz,Avengers: Koniec gry (dubbing) - wersja rozszerzona,Multikino Bydgoszcz,10:10,,dubbing,2026-10-01T15:11:29.395924
2026-10-01,czwartek,bydgoszcz,Avengers: Koniec gry (dubbing) - wersja rozszerzona,Multikino Bydgoszcz,14:50,,dubbing,2026-10-01T15:11:29.395924
2026-10-01,czwartek,bydgoszcz,Avengers: Koniec gry (dubbing) - wersja rozszerzona,Multikino Bydgoszcz,19:40,,dubbing,2026-10-01T15:11:29.395924
2026-10-01,czwartek,bydgoszcz,Avengers: Koniec gry 3D - wersja rozszerzona,Cinema City Bydgoszcz,20:50,3D,,2026-10-01T15:11:29.395924
2026-10-01,czwartek,bydgoszcz,Dzień dziecka księdza Jana Kaczkowskiego,Cinema City Bydgoszcz,17:50,,,2026-10-01T15:11:29.395924
2026-10-01,czwartek,bydgoszcz,Dzień dziecka księdza Jana Kaczkowskiego,Helios Bydgoszcz,15:10,,,2026-10-01T15:11:29.395924
2026-10-01,czwartek,bydgoszcz,Dzień dziecka księdza Jana Kaczkowskiego,Multikino Bydgoszcz,12:30,,,2026-10-01T15:11:29.395924
2026-10-01,czwartek,bydgoszcz,Dzień dziecka księdza Jana Kaczkowskiego,Multikino Bydgoszcz,18:45,,,2026-10-01T15:11:29.395924
2026-10-01,czwartek,bydgoszcz,Flavia de Luce,Helios Bydgoszcz,09:00,,,2026-10-01T15:11:29.395924
2026-10-01,czwartek,bydgoszcz,Folwark zwierzęcy,Cinema City Bydgoszcz,11:00,,,2026-10-01T15:11:29.395924
2026-10-01,czwartek,bydgoszcz,Folwark zwierzęcy,Cinema City Bydgoszcz,15:40,,,2026-10-01T15:11:29.395924
2026-10-01,czwartek,bydgoszcz,Folwark zwierzęcy,Helios Bydgoszcz,16:40,,,2026-10-01T15:11:29.395924
2026-10-01,czwartek,bydgoszcz,Folwark zwierzęcy (dubbing),Cinema City Bydgoszcz,11:00,,dubbing,2026-10-01T15:11:29.395924
2026-10-01,czwartek,bydgoszcz,Folwark zwierzęcy (dubbing),Cinema City Bydgoszcz,15:40,,dubbing,2026-10-01T15:11:29.395924
2026-10-01,czwartek,bydgoszcz,Hot Spot,Cinema City Bydgoszcz,19:40,,,2026-10-01T15:11:29.395924
2026-10-01,czwartek,bydgoszcz,Hot Spot,Cinema City Bydgoszcz,22:00,,,2026-10-01T15:11:29.395924
2026-10-01,czwartek,bydgoszcz,Kura,Kino Orzeł w Bydgoszczy,17:30,,,2026-10-01T15:11:29.395924
2026-10-01,czwartek,bydgoszcz,Lalka,Cinema City Bydgoszcz,14:00,,,2026-10-01T15:11:29.395924
2026-10-01,czwartek,bydgoszcz,Lalka,Cinema City Bydgoszcz,15:00,,,2026-10-01T15:11:29.395924
2026-10-01,czwartek,bydgoszcz,Lalka,Cinema City Bydgoszcz,17:30,,,2026-10-01T15:11:29.395924
2026-10-01,czwartek,bydgoszcz,Lalka,Cinema City Bydgoszcz,19:00,,,2026-10-01T15:11:29.395924
2026-10-01,czwartek,bydgoszcz,Lalka,Cinema City Bydgoszcz,19:00,,,2026-10-01T15:11:29.395924
2026-10-01,czwartek,bydgoszcz,Lalka,Cinema City Bydgoszcz,20:10,,,2026-10-01T15:11:29.395924
2026-10-01,czwartek,bydgoszcz,Lalka,Cinema City Bydgoszcz,21:00,,,2026-10-01T15:11:29.395924
2026-10-01,czwartek,bydgoszcz,Lalka,Helios Bydgoszcz,10:30,,,2026-10-01T15:11:29.395924
2026-10-01,czwartek,bydgoszcz,Lalka,Helios Bydgoszcz,11:00,,,2026-10-01T15:11:29.395924
2026-10-01,czwartek,bydgoszcz,Lalka,Helios Bydgoszcz,11:00,,,2026-10-01T15:11:29.395924
2026-10-01,czwartek,bydgoszcz,Lalka,Helios Bydgoszcz,11:00,,,2026-10-01T15:11:29.395924
2026-10-01,czwartek,bydgoszcz,Lalka,Helios Bydgoszcz,11:00,,,2026-10-01T15:11:29.395924
2026-10-01,czwartek,bydgoszcz,Lalka,Helios Bydgoszcz,12:00,,,2026-10-01T15:11:29.395924
2026-10-01,czwartek,bydgoszcz,Lalka,Helios Bydgoszcz,12:00,,,2026-10-01T15:11:29.395924
2026-10-01,czwartek,bydgoszcz,Lalka,Helios Bydgoszcz,14:30,,,2026-10-01T15:11:29.395924
2026-10-01,czwartek,bydgoszcz,Lalka,Helios Bydgoszcz,17:00,,,2026-10-01T15:11:29.395924
2026-10-01,czwartek,bydgoszcz,Lalka,Helios Bydgoszcz,18:00,,,2026-10-01T15:11:29.395924
2026-10-01,czwartek,bydgoszcz,Lalka,Helios Bydgoszcz,19:00,,,2026-10-01T15:11:29.395924
2026-10-01,czwartek,bydgoszcz,Lalka,Helios Bydgoszcz,20:30,,,2026-10-01T15:11:29.395924
2026-10-01,czwartek,bydgoszcz,Lalka,Helios Bydgoszcz,21:30,,,2026-10-01T15:11:29.395924
2026-10-01,czwartek,bydgoszcz,Lalka,Kino Orzeł w Bydgoszczy,14:30,,,2026-10-01T15:11:29.395924
2026-10-01,czwartek,bydgoszcz,Lalka,Kino Orzeł w Bydgoszczy,19:20,,,2026-10-01T15:11:29.395924
2026-10-01,czwartek,bydgoszcz,Lalka,Multikino Bydgoszcz,10:00,,,2026-10-01T15:11:29.395924
2026-10-01,czwartek,bydgoszcz,Lalka,Multikino Bydgoszcz,11:00,,,2026-10-01T15:11:29.395924
2026-10-01,czwartek,bydgoszcz,Lalka,Multikino Bydgoszcz,12:50,,,2026-10-01T15:11:29.395924
2026-10-01,czwartek,bydgoszcz,Lalka,Multikino Bydgoszcz,13:50,,,2026-10-01T15:11:29.395924
2026-10-01,czwartek,bydgoszcz,Lalka,Multikino Bydgoszcz,14:50,,,2026-10-01T15:11:29.395924
2026-10-01,czwartek,bydgoszcz,Lalka,Multikino Bydgoszcz,16:20,,,2026-10-01T15:11:29.395924
2026-10-01,czwartek,bydgoszcz,Lalka,Multikino Bydgoszcz,17:20,,,2026-10-01T15:11:29.395924
2026-10-01,czwartek,bydgoszcz,Lalka,Multikino Bydgoszcz,18:20,,,2026-10-01T15:11:29.395924
2026-10-01,czwartek,bydgoszcz,Lalka,Multikino Bydgoszcz,19:00,,,2026-10-01T15:11:29.395924
2026-10-01,czwartek,bydgoszcz,Lalka,Multikino Bydgoszcz,19:50,,,2026-10-01T15:11:29.395924
2026-10-01,czwartek,bydgoszcz,Lalka,Multikino Bydgoszcz,20:50,,,2026-10-01T15:11:29.395924
2026-10-01,czwartek,bydgoszcz,Lalka (seans z audiodeskrypcją),Cinema City Bydgoszcz,20:10,,,2026-10-01T15:11:29.395924
2026-10-01,czwartek,bydgoszcz,Luna i rozgadana świnka,Helios Bydgoszcz,10:00,,,2026-10-01T15:11:29.395924
2026-10-01,czwartek,bydgoszcz,Luna i rozgadana świnka,Helios Bydgoszcz,14:00,,,2026-10-01T15:11:29.395924
2026-10-01,czwartek,bydgoszcz,Luna i rozgadana świnka (dubbing),Cinema City Bydgoszcz,10:00,,dubbing,2026-10-01T15:11:29.395924
2026-10-01,czwartek,bydgoszcz,Luna i rozgadana świnka (dubbing),Cinema City Bydgoszcz,12:10,,dubbing,2026-10-01T15:11:29.395924
2026-10-01,czwartek,bydgoszcz,Luna i rozgadana świnka (dubbing),Cinema City Bydgoszcz,14:20,,dubbing,2026-10-01T15:11:29.395924
2026-10-01,czwartek,bydgoszcz,Luna i rozgadana świnka (dubbing),Cinema City Bydgoszcz,16:30,,dubbing,2026-10-01T15:11:29.395924
2026-10-01,czwartek,bydgoszcz,Luna i rozgadana świnka (dubbing),Helios Bydgoszcz,14:00,,dubbing,2026-10-01T15:11:29.395924
2026-10-01,czwartek,bydgoszcz,Luna i rozgadana świnka (dubbing),Multikino Bydgoszcz,09:45,,dubbing,2026-10-01T15:11:29.395924
2026-10-01,czwartek,bydgoszcz,Luna i rozgadana świnka (dubbing),Multikino Bydgoszcz,15:20,,dubbing,2026-10-01T15:11:29.395924
2026-10-01,czwartek,bydgoszcz,Luna i rozgadana świnka (dubbing),Multikino Bydgoszcz,17:30,,dubbing,2026-10-01T15:11:29.395924
2026-10-01,czwartek,bydgoszcz,Ma to sens,Cinema City Bydgoszcz,18:00,,,2026-10-01T15:11:29.395924
2026-10-01,czwartek,bydgoszcz,Ma to sens,Cinema City Bydgoszcz,22:20,,,2026-10-01T15:11:29.395924
2026-10-01,czwartek,bydgoszcz,Mały Książę (dubbing),Helios Bydgoszcz,09:30,,dubbing,2026-10-01T15:11:29.395924
2026-10-01,czwartek,bydgoszcz,Marsupilami (dubbing),Cinema City Bydgoszcz,15:10,,dubbing,2026-10-01T15:11:29.395924
2026-10-01,czwartek,bydgoszcz,Marsupilami (dubbing),Cinema City Bydgoszcz,17:30,,dubbing,2026-10-01T15:11:29.395924
2026-10-01,czwartek,bydgoszcz,Marsupilami (dubbing),Multikino Bydgoszcz,10:00,,dubbing,2026-10-01T15:11:29.395924
2026-10-01,czwartek,bydgoszcz,Marsupilami (dubbing),Multikino Bydgoszcz,16:25,,dubbing,2026-10-01T15:11:29.395924
2026-10-01,czwartek,bydgoszcz,Minionki i straszydła (dubbing),Cinema City Bydgoszcz,14:00,,dubbing,2026-10-01T15:11:29.395924
2026-10-01,czwartek,bydgoszcz,Mistyczka,Cinema City Bydgoszcz,15:40,,,2026-10-01T15:11:29.395924
2026-10-01,czwartek,bydgoszcz,Mistyczka,Helios Bydgoszcz,14:45,,,2026-10-01T15:11:29.395924
2026-10-01,czwartek,bydgoszcz,Nie patrz w dół 2,Cinema City Bydgoszcz,22:20,,,2026-10-01T15:11:29.395924
2026-10-01,czwartek,bydgoszcz,Nie patrz w dół 2,Multikino Bydgoszcz,11:40,,,2026-10-01T15:11:29.395924
2026-10-01,czwartek,bydgoszcz,Niebo nad Normandią,Cinema City Bydgoszcz,19:50,,,2026-10-01T15:11:29.395924
2026-10-01,czwartek,bydgoszcz,Niebo nad Normandią,Cinema City Bydgoszcz,22:10,,,2026-10-01T15:11:29.395924
2026-10-01,czwartek,bydgoszcz,Odyseja,Cinema City Bydgoszcz,21:30,,,2026-10-01T15:11:29.395924
2026-10-01,czwartek,bydgoszcz,Odyseja,Helios Bydgoszcz,19:30,,,2026-10-01T15:11:29.395924
2026-10-01,czwartek,bydgoszcz,Odyseja,Multikino Bydgoszcz,16:25,,,2026-10-01T15:11:29.395924
2026-10-01,czwartek,bydgoszcz,"Powiedz mi, co czujesz",Multikino Bydgoszcz,20:00,,,2026-10-01T15:11:29.395924
2026-10-01,czwartek,bydgoszcz,Psi Patrol i dinozaury,Multikino Bydgoszcz,10:20,,,2026-10-01T15:11:29.395924
2026-10-01,czwartek,bydgoszcz,Pucio kocha zwierzaki,Multikino Bydgoszcz,10:30,,,2026-10-01T15:11:29.395924
2026-10-01,czwartek,bydgoszcz,Resident Evil,Cinema City Bydgoszcz,14:30,,,2026-10-01T15:11:29.395924
2026-10-01,czwartek,bydgoszcz,Resident Evil,Cinema City Bydgoszcz,15:40,,,2026-10-01T15:11:29.395924
2026-10-01,czwartek,bydgoszcz,Resident Evil,Cinema City Bydgoszcz,16:45,,,2026-10-01T15:11:29.395924
2026-10-01,czwartek,bydgoszcz,Resident Evil,Cinema City Bydgoszcz,19:30,,,2026-10-01T15:11:29.395924
2026-10-01,czwartek,bydgoszcz,Resident Evil,Cinema City Bydgoszcz,21:45,,,2026-10-01T15:11:29.395924
2026-10-01,czwartek,bydgoszcz,Resident Evil,Helios Bydgoszcz,17:00,,,2026-10-01T15:11:29.395924
2026-10-01,czwartek,bydgoszcz,Resident Evil,Helios Bydgoszcz,18:30,,,2026-10-01T15:11:29.395924
2026-10-01,czwartek,bydgoszcz,Resident Evil,Helios Bydgoszcz,20:50,,,2026-10-01T15:11:29.395924
2026-10-01,czwartek,bydgoszcz,Resident Evil,Multikino Bydgoszcz,14:00,,,2026-10-01T15:11:29.395924
2026-10-01,czwartek,bydgoszcz,Resident Evil,Multikino Bydgoszcz,16:15,,,2026-10-01T15:11:29.395924
2026-10-01,czwartek,bydgoszcz,Resident Evil,Multikino Bydgoszcz,18:30,,,2026-10-01T15:11:29.395924
2026-10-01,czwartek,bydgoszcz,Resident Evil,Multikino Bydgoszcz,20:45,,,2026-10-01T15:11:29.395924
2026-10-01,czwartek,bydgoszcz,Resident Evil: Oselia Zla (ukr.),Multikino Bydgoszcz,11:30,,,2026-10-01T15:11:29.395924
2026-10-01,czwartek,bydgoszcz,Sekretne Piętro,Helios Bydgoszcz,10:00,,,2026-10-01T15:11:29.395924
2026-10-01,czwartek,bydgoszcz,Spa Weekend,Cinema City Bydgoszcz,13:10,,,2026-10-01T15:11:29.395924
2026-10-01,czwartek,bydgoszcz,Spider-Man. Całkiem nowy dzień,Helios Bydgoszcz,15:00,,,2026-10-01T15:11:29.395924
2026-10-01,czwartek,bydgoszcz,Spider-Man. Całkiem nowy dzień,Multikino Bydgoszcz,12:20,,,2026-10-01T15:11:29.395924
2026-10-01,czwartek,bydgoszcz,Spider-Man. Całkiem nowy dzień,Multikino Bydgoszcz,20:45,,,2026-10-01T15:11:29.395924
2026-10-01,czwartek,bydgoszcz,Spider-Man. Całkiem nowy dzień (dubbing),Multikino Bydgoszcz,09:40,,dubbing,2026-10-01T15:11:29.395924
2026-10-01,czwartek,bydgoszcz,Spider-Man. Całkiem nowy dzień (dubbing),Multikino Bydgoszcz,15:20,,dubbing,2026-10-01T15:11:29.395924
2026-10-01,czwartek,bydgoszcz,Tedi i magiczna lampa (dubbing),Cinema City Bydgoszcz,15:10,,dubbing,2026-10-01T15:11:29.395924
2026-10-01,czwartek,bydgoszcz,Tedi i magiczna lampa (dubbing),Cinema City Bydgoszcz,17:30,,dubbing,2026-10-01T15:11:29.395924
2026-10-01,czwartek,bydgoszcz,Tedi i magiczna lampa (dubbing),Helios Bydgoszcz,14:20,,dubbing,2026-10-01T15:11:29.395924
2026-10-01,czwartek,bydgoszcz,Tedi i magiczna lampa (dubbing),Helios Bydgoszcz,15:20,,dubbing,2026-10-01T15:11:29.395924
2026-10-01,czwartek,bydgoszcz,Tedi i magiczna lampa (dubbing),Multikino Bydgoszcz,12:15,,dubbing,2026-10-01T15:11:29.395924
2026-10-01,czwartek,bydgoszcz,Tedi i magiczna lampa (dubbing),Multikino Bydgoszcz,14:05,,dubbing,2026-10-01T15:11:29.395924
2026-10-01,czwartek,bydgoszcz,The Birthday Party,Cinema City Bydgoszcz,19:45,,,2026-10-01T15:11:29.395924
2026-10-01,czwartek,bydgoszcz,Tony,Cinema City Bydgoszcz,14:40,,,2026-10-01T15:11:29.395924
2026-10-01,czwartek,bydgoszcz,Tony,Cinema City Bydgoszcz,17:20,,,2026-10-01T15:11:29.395924
2026-10-01,czwartek,bydgoszcz,Tony,Cinema City Bydgoszcz,22:10,,,2026-10-01T15:11:29.395924
2026-10-01,czwartek,bydgoszcz,Totalna magia 2,Cinema City Bydgoszcz,18:40,,,2026-10-01T15:11:29.395924
2026-10-01,czwartek,bydgoszcz,Totalna magia 2,Multikino Bydgoszcz,21:00,,,2026-10-01T15:11:29.395924
2026-10-01,czwartek,bydgoszcz,W sercu dziczy,Cinema City Bydgoszcz,16:10,,,2026-10-01T15:11:29.395924
2026-10-01,czwartek,bydgoszcz,W sercu dziczy,Cinema City Bydgoszcz,20:00,,,2026-10-01T15:11:29.395924
2026-10-01,czwartek,bydgoszcz,W sercu dziczy,Cinema City Bydgoszcz,21:10,,,2026-10-01T15:11:29.395924
2026-10-01,czwartek,bydgoszcz,W sercu dziczy,Helios Bydgoszcz,16:20,,,2026-10-01T15:11:29.395924
2026-10-01,czwartek,bydgoszcz,W sercu dziczy,Helios Bydgoszcz,18:50,,,2026-10-01T15:11:29.395924
2026-10-01,czwartek,bydgoszcz,W sercu dziczy,Helios Bydgoszcz,21:15,,,2026-10-01T15:11:29.395924
2026-10-01,czwartek,bydgoszcz,W sercu dziczy,Multikino Bydgoszcz,15:20,,,2026-10-01T15:11:29.395924
2026-10-01,czwartek,bydgoszcz,W sercu dziczy,Multikino Bydgoszcz,17:45,,,2026-10-01T15:11:29.395924
2026-10-01,czwartek,bydgoszcz,W sercu dziczy,Multikino Bydgoszcz,20:10,,,2026-10-01T15:11:29.395924
2026-10-01,czwartek,lublin,100 dni: Misja Zeus,Cinema City Lublin Felicity,14:10,,,2026-10-01T15:11:33.297992
2026-10-01,czwartek,lublin,100 dni: Misja Zeus,Cinema City Lublin Felicity,16:40,,,2026-10-01T15:11:33.297992
2026-10-01,czwartek,lublin,100 dni: Misja Zeus,Cinema City Lublin Felicity,19:10,,,2026-10-01T15:11:33.297992
2026-10-01,czwartek,lublin,100 dni: Misja Zeus,Cinema City Lublin Plaza,17:20,,,2026-10-01T15:11:33.297992
2026-10-01,czwartek,lublin,100 dni: Misja Zeus,Multikino Lublin,10:00,,,2026-10-01T15:11:33.297992
2026-10-01,czwartek,lublin,100 dni: Misja Zeus,Multikino Lublin,17:25,,,2026-10-01T15:11:33.297992
2026-10-01,czwartek,lublin,Asterix i Obelix: Misja Kleopatra (dubbing),Multikino Lublin,10:00,,dubbing,2026-10-01T15:11:33.297992
2026-10-01,czwartek,lublin,Avengers: Koniec gry - wersja rozszerzona,Cinema City Lublin Felicity,21:10,,,2026-10-01T15:11:33.297992
2026-10-01,czwartek,lublin,Avengers: Koniec gry - wersja rozszerzona,Cinema City Lublin Plaza,20:00,,,2026-10-01T15:11:33.297992
2026-10-01,czwartek,lublin,Avengers: Koniec gry - wersja rozszerzona,Multikino Lublin,19:40,,,2026-10-01T15:11:33.297992
2026-10-01,czwartek,lublin,Avengers: Koniec gry (dubbing) - wersja rozszerzona,Cinema City Lublin Felicity,14:50,,dubbing,2026-10-01T15:11:33.297992
2026-10-01,czwartek,lublin,Avengers: Koniec gry (dubbing) - wersja rozszerzona,Cinema City Lublin Plaza,16:10,,dubbing,2026-10-01T15:11:33.297992
2026-10-01,czwartek,lublin,Avengers: Koniec gry 3D - wersja rozszerzona,Cinema City Lublin Felicity,20:40,3D,,2026-10-01T15:11:33.297992
2026-10-01,czwartek,lublin,Avengers: Koniec gry 3D (dubbing) - wersja rozszerzona,Cinema City Lublin Felicity,11:50,3D,dubbing,2026-10-01T15:11:33.297992
2026-10-01,czwartek,lublin,Dzień dziecka księdza Jana Kaczkowskiego,Cinema City Lublin Felicity,19:30,,,2026-10-01T15:11:33.297992
2026-10-01,czwartek,lublin,Dzień dziecka księdza Jana Kaczkowskiego,Kino Bajka w Lublinie,10:30,,,2026-10-01T15:11:33.297992
2026-10-01,czwartek,lublin,Dzień dziecka księdza Jana Kaczkowskiego,Multikino Lublin,12:20,,,2026-10-01T15:11:33.297992
2026-10-01,czwartek,lublin,Folwark zwierzęcy,Cinema City Lublin Felicity,11:40,,,2026-10-01T15:11:33.297992
2026-10-01,czwartek,lublin,Folwark zwierzęcy (dubbing),Cinema City Lublin Felicity,11:40,,dubbing,2026-10-01T15:11:33.297992
2026-10-01,czwartek,lublin,Hot Spot,Cinema City Lublin Felicity,17:40,,,2026-10-01T15:11:33.297992
2026-10-01,czwartek,lublin,Księga pustyni (dubbing),Multikino Lublin,10:00,,dubbing,2026-10-01T15:11:33.297992
2026-10-01,czwartek,lublin,Księga pustyni (dubbing),Multikino Lublin,11:30,,dubbing,2026-10-01T15:11:33.297992
2026-10-01,czwartek,lublin,Księga pustyni (dubbing),Multikino Lublin,13:00,,dubbing,2026-10-01T15:11:33.297992
2026-10-01,czwartek,lublin,Lalka,Cinema City Lublin Felicity,14:30,,,2026-10-01T15:11:33.297992
2026-10-01,czwartek,lublin,Lalka,Cinema City Lublin Felicity,15:30,,,2026-10-01T15:11:33.297992
2026-10-01,czwartek,lublin,Lalka,Cinema City Lublin Felicity,18:00,,,2026-10-01T15:11:33.297992
2026-10-01,czwartek,lublin,Lalka,Cinema City Lublin Felicity,19:00,,,2026-10-01T15:11:33.297992
2026-10-01,czwartek,lublin,Lalka,Cinema City Lublin Felicity,21:30,,,2026-10-01T15:11:33.297992
2026-10-01,czwartek,lublin,Lalka,Cinema City Lublin Plaza,14:00,,,2026-10-01T15:11:33.297992
2026-10-01,czwartek,lublin,Lalka,Cinema City Lublin Plaza,16:00,,,2026-10-01T15:11:33.297992
2026-10-01,czwartek,lublin,Lalka,Cinema City Lublin Plaza,17:30,,,2026-10-01T15:11:33.297992
2026-10-01,czwartek,lublin,Lalka,Cinema City Lublin Plaza,19:00,,,2026-10-01T15:11:33.297992
2026-10-01,czwartek,lublin,Lalka,Cinema City Lublin Plaza,19:30,,,2026-10-01T15:11:33.297992
2026-10-01,czwartek,lublin,Lalka,Cinema City Lublin Plaza,21:00,,,2026-10-01T15:11:33.297992
2026-10-01,czwartek,lublin,Lalka,Kino Bajka w Lublinie,08:45,,,2026-10-01T15:11:33.297992
2026-10-01,czwartek,lublin,Lalka,Kino Bajka w Lublinie,12:00,,,2026-10-01T15:11:33.297992
2026-10-01,czwartek,lublin,Lalka,Kino Bajka w Lublinie,16:00,,,2026-10-01T15:11:33.297992
2026-10-01,czwartek,lublin,Lalka,Kino Bajka w Lublinie,19:15,,,2026-10-01T15:11:33.297992
2026-10-01,czwartek,lublin,Lalka,Multikino Lublin,10:00,,,2026-10-01T15:11:33.297992
2026-10-01,czwartek,lublin,Lalka,Multikino Lublin,12:30,,,2026-10-01T15:11:33.297992
2026-10-01,czwartek,lublin,Lalka,Multikino Lublin,13:30,,,2026-10-01T15:11:33.297992
2026-10-01,czwartek,lublin,Lalka,Multikino Lublin,14:30,,,2026-10-01T15:11:33.297992
2026-10-01,czwartek,lublin,Lalka,Multikino Lublin,16:00,,,2026-10-01T15:11:33.297992
2026-10-01,czwartek,lublin,Lalka,Multikino Lublin,17:00,,,2026-10-01T15:11:33.297992
2026-10-01,czwartek,lublin,Lalka,Multikino Lublin,18:00,,,2026-10-01T15:11:33.297992
2026-10-01,czwartek,lublin,Lalka,Multikino Lublin,18:45,,,2026-10-01T15:11:33.297992
2026-10-01,czwartek,lublin,Lalka,Multikino Lublin,19:30,,,2026-10-01T15:11:33.297992
2026-10-01,czwartek,lublin,Lalka,Multikino Lublin,20:30,,,2026-10-01T15:11:33.297992
2026-10-01,czwartek,lublin,Luna i rozgadana świnka (dubbing),Cinema City Lublin Felicity,09:00,,dubbing,2026-10-01T15:11:33.297992
2026-10-01,czwartek,lublin,Luna i rozgadana świnka (dubbing),Cinema City Lublin Felicity,11:10,,dubbing,2026-10-01T15:11:33.297992
2026-10-01,czwartek,lublin,Luna i rozgadana świnka (dubbing),Cinema City Lublin Felicity,13:20,,dubbing,2026-10-01T15:11:33.297992
2026-10-01,czwartek,lublin,Luna i rozgadana świnka (dubbing),Cinema City Lublin Felicity,15:30,,dubbing,2026-10-01T15:11:33.297992
2026-10-01,czwartek,lublin,Luna i rozgadana świnka (dubbing),Cinema City Lublin Plaza,11:20,,dubbing,2026-10-01T15:11:33.297992
2026-10-01,czwartek,lublin,Luna i rozgadana świnka (dubbing),Cinema City Lublin Plaza,13:30,,dubbing,2026-10-01T15:11:33.297992
2026-10-01,czwartek,lublin,Luna i rozgadana świnka (dubbing),Cinema City Lublin Plaza,15:50,,dubbing,2026-10-01T15:11:33.297992
2026-10-01,czwartek,lublin,Luna i rozgadana świnka (dubbing),Multikino Lublin,10:00,,dubbing,2026-10-01T15:11:33.297992
2026-10-01,czwartek,lublin,Luna i rozgadana świnka (dubbing),Multikino Lublin,15:20,,dubbing,2026-10-01T15:11:33.297992
2026-10-01,czwartek,lublin,Luna i rozgadana świnka (dubbing),Multikino Lublin,17:30,,dubbing,2026-10-01T15:11:33.297992
2026-10-01,czwartek,lublin,Ma to sens,Cinema City Lublin Felicity,11:45,,,2026-10-01T15:11:33.297992
2026-10-01,czwartek,lublin,Ma to sens,Cinema City Lublin Plaza,16:30,,,2026-10-01T15:11:33.297992
2026-10-01,czwartek,lublin,Marsupilami (dubbing),Cinema City Lublin Felicity,16:10,,dubbing,2026-10-01T15:11:33.297992
2026-10-01,czwartek,lublin,Marsupilami (dubbing),Kino Bajka w Lublinie,08:30,,dubbing,2026-10-01T15:11:33.297992
2026-10-01,czwartek,lublin,Marsupilami (dubbing),Kino Bajka w Lublinie,13:00,,dubbing,2026-10-01T15:11:33.297992
2026-10-01,czwartek,lublin,Marsupilami (dubbing),Multikino Lublin,10:00,,dubbing,2026-10-01T15:11:33.297992
2026-10-01,czwartek,lublin,Marsupilami (dubbing),Multikino Lublin,15:25,,dubbing,2026-10-01T15:11:33.297992
2026-10-01,czwartek,lublin,Mistyczka,Cinema City Lublin Plaza,15:15,,,2026-10-01T15:11:33.297992
2026-10-01,czwartek,lublin,Mistyczka,Kino Bajka w Lublinie,18:00,,,2026-10-01T15:11:33.297992
2026-10-01,czwartek,lublin,Mistyczka,Multikino Lublin,16:35,,,2026-10-01T15:11:33.297992
2026-10-01,czwartek,lublin,Niebo nad Normandią,Cinema City Lublin Felicity,21:40,,,2026-10-01T15:11:33.297992
2026-10-01,czwartek,lublin,Obcy,Cinema City Lublin Plaza,18:40,,,2026-10-01T15:11:33.297992
2026-10-01,czwartek,lublin,Obcy,Kino Bajka w Lublinie,15:30,,,2026-10-01T15:11:33.297992
2026-10-01,czwartek,lublin,Odyseja,Cinema City Lublin Plaza,21:20,,,2026-10-01T15:11:33.297992
2026-10-01,czwartek,lublin,Odyseja,Multikino Lublin,14:55,,,2026-10-01T15:11:33.297992
2026-10-01,czwartek,lublin,Ojczyzna,Kino - Centrum Kultury w Lublinie,18:00,,,2026-10-01T15:11:33.297992
2026-10-01,czwartek,lublin,"Powiedz mi, co czujesz",Kino Bajka w Lublinie,20:00,,,2026-10-01T15:11:33.297992
2026-10-01,czwartek,lublin,"Powiedz mi, co czujesz",Multikino Lublin,20:00,,,2026-10-01T15:11:33.297992
2026-10-01,czwartek,lublin,Psi Patrol i dinozaury (dubbing),Multikino Lublin,13:10,,dubbing,2026-10-01T15:11:33.297992
2026-10-01,czwartek,lublin,Resident Evil,Cinema City Lublin Felicity,15:45,,,2026-10-01T15:11:33.297992
2026-10-01,czwartek,lublin,Resident Evil,Cinema City Lublin Felicity,18:40,,,2026-10-01T15:11:33.297992
2026-10-01,czwartek,lublin,Resident Evil,Cinema City Lublin Felicity,20:55,,,2026-10-01T15:11:33.297992
2026-10-01,czwartek,lublin,Resident Evil,Cinema City Lublin Plaza,16:50,,,2026-10-01T15:11:33.297992
2026-10-01,czwartek,lublin,Resident Evil,Cinema City Lublin Plaza,19:10,,,2026-10-01T15:11:33.297992
2026-10-01,czwartek,lublin,Resident Evil,Cinema City Lublin Plaza,21:30,,,2026-10-01T15:11:33.297992
2026-10-01,czwartek,lublin,Resident Evil,Multikino Lublin,12:40,,,2026-10-01T15:11:33.297992
2026-10-01,czwartek,lublin,Resident Evil,Multikino Lublin,15:10,,,2026-10-01T15:11:33.297992
2026-10-01,czwartek,lublin,Resident Evil,Multikino Lublin,18:30,,,2026-10-01T15:11:33.297992
2026-10-01,czwartek,lublin,Resident Evil,Multikino Lublin,20:45,,,2026-10-01T15:11:33.297992
2026-10-01,czwartek,lublin,Spider-Man. Całkiem nowy dzień,Multikino Lublin,12:15,,,2026-10-01T15:11:33.297992
2026-10-01,czwartek,lublin,Spider-Man. Całkiem nowy dzień (dubbing),Cinema City Lublin Felicity,20:00,,dubbing,2026-10-01T15:11:33.297992
2026-10-01,czwartek,lublin,Tedi i magiczna lampa (dubbing),Cinema City Lublin Felicity,17:20,,dubbing,2026-10-01T15:11:33.297992
2026-10-01,czwartek,lublin,Tedi i magiczna lampa (dubbing),Multikino Lublin,10:00,,dubbing,2026-10-01T15:11:33.297992
2026-10-01,czwartek,lublin,Tedi i magiczna lampa (dubbing),Multikino Lublin,14:20,,dubbing,2026-10-01T15:11:33.297992
2026-10-01,czwartek,lublin,The Birthday Party,Cinema City Lublin Plaza,18:00,,,2026-10-01T15:11:33.297992
2026-10-01,czwartek,lublin,Totalna magia 2,Cinema City Lublin Felicity,21:20,,,2026-10-01T15:11:33.297992
2026-10-01,czwartek,lublin,Totalna magia 2,Cinema City Lublin Plaza,20:30,,,2026-10-01T15:11:33.297992
2026-10-01,czwartek,lublin,W sercu dziczy,Cinema City Lublin Felicity,15:00,,,2026-10-01T15:11:33.297992
2026-10-01,czwartek,lublin,W sercu dziczy,Cinema City Lublin Felicity,17:30,,,2026-10-01T15:11:33.297992
2026-10-01,czwartek,lublin,W sercu dziczy,Cinema City Lublin Felicity,20:00,,,2026-10-01T15:11:33.297992
2026-10-01,czwartek,lublin,W sercu dziczy,Cinema City Lublin Plaza,16:20,,,2026-10-01T15:11:33.297992
2026-10-01,czwartek,lublin,W sercu dziczy,Cinema City Lublin Plaza,20:10,,,2026-10-01T15:11:33.297992
2026-10-01,czwartek,lublin,W sercu dziczy,Multikino Lublin,17:45,,,2026-10-01T15:11:33.297992
2026-10-01,czwartek,lublin,W sercu dziczy,Multikino Lublin,20:10,,,2026-10-01T15:11:33.297992
2026-10-01,czwartek,katowice,100 dni: Misja Zeus,Cinema City Katowice Punkt 44,16:00,,,2026-10-01T15:11:36.064665
2026-10-01,czwartek,katowice,100 dni: Misja Zeus,Cinema City Katowice Punkt 44,21:10,,,2026-10-01T15:11:36.064665
2026-10-01,czwartek,katowice,100 dni: Misja Zeus,Cinema City Katowice Silesia,18:50,,,2026-10-01T15:11:36.064665
2026-10-01,czwartek,katowice,100 dni: Misja Zeus,Cinema City Katowice Silesia,21:20,,,2026-10-01T15:11:36.064665
2026-10-01,czwartek,katowice,100 dni: Misja Zeus,Helios Katowice,09:00,,,2026-10-01T15:11:36.064665
2026-10-01,czwartek,katowice,100 dni: Misja Zeus,Helios Katowice,13:40,,,2026-10-01T15:11:36.064665
2026-10-01,czwartek,katowice,100 dni: Misja Zeus,Helios Katowice,16:50,,,2026-10-01T15:11:36.064665
2026-10-01,czwartek,katowice,100 dni: Misja Zeus,Helios Katowice,18:30,,,2026-10-01T15:11:36.064665
2026-10-01,czwartek,katowice,100 dni: Misja Zeus,Helios Katowice,21:00,,,2026-10-01T15:11:36.064665
2026-10-01,czwartek,katowice,100 dni: Misja Zeus,Multikino Katowice,10:00,,,2026-10-01T15:11:36.064665
2026-10-01,czwartek,katowice,100 dni: Misja Zeus,Multikino Katowice,13:35,,,2026-10-01T15:11:36.064665
2026-10-01,czwartek,katowice,Avengers: Koniec gry,Helios Katowice,11:30,,,2026-10-01T15:11:36.064665
2026-10-01,czwartek,katowice,Avengers: Koniec gry - wersja rozszerzona,Cinema City Katowice Punkt 44,20:30,,,2026-10-01T15:11:36.064665
2026-10-01,czwartek,katowice,Avengers: Koniec gry - wersja rozszerzona,Cinema City Katowice Punkt 44 IMAX,14:20,,,2026-10-01T15:11:36.064665
2026-10-01,czwartek,katowice,Avengers: Koniec gry - wersja rozszerzona,Cinema City Katowice Punkt 44 IMAX,21:20,,,2026-10-01T15:11:36.064665
2026-10-01,czwartek,katowice,Avengers: Koniec gry - wersja rozszerzona,Cinema City Katowice Silesia,20:00,,,2026-10-01T15:11:36.064665
2026-10-01,czwartek,katowice,Avengers: Koniec gry - wersja rozszerzona,Multikino Katowice,16:10,,,2026-10-01T15:11:36.064665
2026-10-01,czwartek,katowice,Avengers: Koniec gry (dubbing) - wersja rozszerzona,Cinema City Katowice Punkt 44,16:40,,dubbing,2026-10-01T15:11:36.064665
2026-10-01,czwartek,katowice,Avengers: Koniec gry (dubbing) - wersja rozszerzona,Cinema City Katowice Silesia,16:10,,dubbing,2026-10-01T15:11:36.064665
2026-10-01,czwartek,katowice,Avengers: Koniec gry (dubbing) - wersja rozszerzona,Multikino Katowice,11:30,,dubbing,2026-10-01T15:11:36.064665
2026-10-01,czwartek,katowice,Avengers: Koniec gry 3D - wersja rozszerzona,Cinema City Katowice Punkt 44,19:00,3D,,2026-10-01T15:11:36.064665
2026-10-01,czwartek,katowice,Avengers: Koniec gry 3D - wersja rozszerzona,Cinema City Katowice Silesia,18:30,3D,,2026-10-01T15:11:36.064665
2026-10-01,czwartek,katowice,Avengers: Koniec gry 3D (dubbing) - wersja rozszerzona,Cinema City Katowice Punkt 44,15:10,3D,dubbing,2026-10-01T15:11:36.064665
2026-10-01,czwartek,katowice,Avengers: Koniec gry 3D (dubbing) - wersja rozszerzona,Cinema City Katowice Silesia,14:40,3D,dubbing,2026-10-01T15:11:36.064665
2026-10-01,czwartek,katowice,Dzień dziecka księdza Jana Kaczkowskiego,Cinema City Katowice Punkt 44,18:30,,,2026-10-01T15:11:36.064665
2026-10-01,czwartek,katowice,Dzień dziecka księdza Jana Kaczkowskiego,Cinema City Katowice Silesia,17:20,,,2026-10-01T15:11:36.064665
2026-10-01,czwartek,katowice,Dzień dziecka księdza Jana Kaczkowskiego,Helios Katowice,12:20,,,2026-10-01T15:11:36.064665
2026-10-01,czwartek,katowice,Flavia de Luce,Helios Katowice,09:30,,,2026-10-01T15:11:36.064665
2026-10-01,czwartek,katowice,Folwark zwierzęcy,Cinema City Katowice Punkt 44,11:10,,,2026-10-01T15:11:36.064665
2026-10-01,czwartek,katowice,Folwark zwierzęcy,Cinema City Katowice Silesia,11:20,,,2026-10-01T15:11:36.064665
2026-10-01,czwartek,katowice,Folwark zwierzęcy,Helios Katowice,10:10,,,2026-10-01T15:11:36.064665
2026-10-01,czwartek,katowice,Folwark zwierzęcy,Multikino Katowice,10:10,,,2026-10-01T15:11:36.064665
2026-10-01,czwartek,katowice,Folwark zwierzęcy (dubbing),Cinema City Katowice Punkt 44,11:10,,dubbing,2026-10-01T15:11:36.064665
2026-10-01,czwartek,katowice,Folwark zwierzęcy (dubbing),Cinema City Katowice Silesia,11:20,,dubbing,2026-10-01T15:11:36.064665
2026-10-01,czwartek,katowice,Hot Spot,Cinema City Katowice Punkt 44,19:10,,,2026-10-01T15:11:36.064665
2026-10-01,czwartek,katowice,Hot Spot,Cinema City Katowice Punkt 44,21:30,,,2026-10-01T15:11:36.064665
2026-10-01,czwartek,katowice,Hot Spot,Cinema City Katowice Silesia,20:30,,,2026-10-01T15:11:36.064665
2026-10-01,czwartek,katowice,Księga pustyni (dubbing),Multikino Katowice,10:00,,dubbing,2026-10-01T15:11:36.064665
2026-10-01,czwartek,katowice,Lalka,Cinema City Katowice Punkt 44,16:00,,,2026-10-01T15:11:36.064665
2026-10-01,czwartek,katowice,Lalka,Cinema City Katowice Punkt 44,17:00,,,2026-10-01T15:11:36.064665
2026-10-01,czwartek,katowice,Lalka,Cinema City Katowice Punkt 44,19:30,,,2026-10-01T15:11:36.064665
2026-10-01,czwartek,katowice,Lalka,Cinema City Katowice Punkt 44,20:30,,,2026-10-01T15:11:36.064665
2026-10-01,czwartek,katowice,Lalka,Cinema City Katowice Punkt 44 IMAX,18:00,,,2026-10-01T15:11:36.064665
2026-10-01,czwartek,katowice,Lalka,Cinema City Katowice Silesia,14:00,,,2026-10-01T15:11:36.064665
2026-10-01,czwartek,katowice,Lalka,Cinema City Katowice Silesia,15:00,,,2026-10-01T15:11:36.064665
2026-10-01,czwartek,katowice,Lalka,Cinema City Katowice Silesia,17:30,,,2026-10-01T15:11:36.064665
2026-10-01,czwartek,katowice,Lalka,Cinema City Katowice Silesia,19:00,,,2026-10-01T15:11:36.064665
2026-10-01,czwartek,katowice,Lalka,Cinema City Katowice Silesia,19:00,,,2026-10-01T15:11:36.064665
2026-10-01,czwartek,katowice,Lalka,Cinema City Katowice Silesia,19:20,,,2026-10-01T15:11:36.064665
2026-10-01,czwartek,katowice,Lalka,Cinema City Katowice Silesia,21:00,,,2026-10-01T15:11:36.064665
2026-10-01,czwartek,katowice,Lalka,Helios Katowice,11:00,,,2026-10-01T15:11:36.064665
2026-10-01,czwartek,katowice,Lalka,Helios Katowice,12:00,,,2026-10-01T15:11:36.064665
2026-10-01,czwartek,katowice,Lalka,Helios Katowice,13:30,,,2026-10-01T15:11:36.064665
2026-10-01,czwartek,katowice,Lalka,Helios Katowice,14:30,,,2026-10-01T15:11:36.064665
2026-10-01,czwartek,katowice,Lalka,Helios Katowice,15:30,,,2026-10-01T15:11:36.064665
2026-10-01,czwartek,katowice,Lalka,Helios Katowice,17:00,,,2026-10-01T15:11:36.064665
2026-10-01,czwartek,katowice,Lalka,Helios Katowice,18:00,,,2026-10-01T15:11:36.064665
2026-10-01,czwartek,katowice,Lalka,Helios Katowice,19:00,,,2026-10-01T15:11:36.064665
2026-10-01,czwartek,katowice,Lalka,Helios Katowice,20:30,,,2026-10-01T15:11:36.064665
2026-10-01,czwartek,katowice,Lalka,Helios Katowice,21:30,,,2026-10-01T15:11:36.064665
2026-10-01,czwartek,katowice,Lalka,Kino Kosmos w Katowicach,15:20,,,2026-10-01T15:11:36.064665
2026-10-01,czwartek,katowice,Lalka,Multikino Katowice,10:00,,,2026-10-01T15:11:36.064665
2026-10-01,czwartek,katowice,Lalka,Multikino Katowice,12:15,,,2026-10-01T15:11:36.064665
2026-10-01,czwartek,katowice,Lalka,Multikino Katowice,13:10,,,2026-10-01T15:11:36.064665
2026-10-01,czwartek,katowice,Lalka,Multikino Katowice,13:50,,,2026-10-01T15:11:36.064665
2026-10-01,czwartek,katowice,Lalka,Multikino Katowice,15:45,,,2026-10-01T15:11:36.064665
2026-10-01,czwartek,katowice,Lalka,Multikino Katowice,16:40,,,2026-10-01T15:11:36.064665
2026-10-01,czwartek,katowice,Lalka,Multikino Katowice,17:20,,,2026-10-01T15:11:36.064665
2026-10-01,czwartek,katowice,Lalka,Multikino Katowice,18:20,,,2026-10-01T15:11:36.064665
2026-10-01,czwartek,katowice,Lalka,Multikino Katowice,19:00,,,2026-10-01T15:11:36.064665
2026-10-01,czwartek,katowice,Lalka,Multikino Katowice,19:15,,,2026-10-01T15:11:36.064665
2026-10-01,czwartek,katowice,Lalka,Multikino Katowice,20:10,,,2026-10-01T15:11:36.064665
2026-10-01,czwartek,katowice,Lalka,Multikino Katowice,20:50,,,2026-10-01T15:11:36.064665
2026-10-01,czwartek,katowice,Lalka (seans z audiodeskrypcją),Cinema City Katowice Silesia,19:20,,,2026-10-01T15:11:36.064665
2026-10-01,czwartek,katowice,Luna i rozgadana świnka,Helios Katowice,11:40,,,2026-10-01T15:11:36.064665
2026-10-01,czwartek,katowice,Luna i rozgadana świnka,Helios Katowice,13:50,,,2026-10-01T15:11:36.064665
2026-10-01,czwartek,katowice,Luna i rozgadana świnka,Helios Katowice,16:00,,,2026-10-01T15:11:36.064665
2026-10-01,czwartek,katowice,Luna i rozgadana świnka (dubbing),Cinema City Katowice Punkt 44,11:20,,dubbing,2026-10-01T15:11:36.064665
2026-10-01,czwartek,katowice,Luna i rozgadana świnka (dubbing),Cinema City Katowice Punkt 44,13:30,,dubbing,2026-10-01T15:11:36.064665
2026-10-01,czwartek,katowice,Luna i rozgadana świnka (dubbing),Cinema City Katowice Punkt 44,15:40,,dubbing,2026-10-01T15:11:36.064665
2026-10-01,czwartek,katowice,Luna i rozgadana świnka (dubbing),Cinema City Katowice Punkt 44,17:50,,dubbing,2026-10-01T15:11:36.064665
2026-10-01,czwartek,katowice,Luna i rozgadana świnka (dubbing),Cinema City Katowice Silesia,10:00,,dubbing,2026-10-01T15:11:36.064665
2026-10-01,czwartek,katowice,Luna i rozgadana świnka (dubbing),Cinema City Katowice Silesia,12:10,,dubbing,2026-10-01T15:11:36.064665
2026-10-01,czwartek,katowice,Luna i rozgadana świnka (dubbing),Cinema City Katowice Silesia,14:20,,dubbing,2026-10-01T15:11:36.064665
2026-10-01,czwartek,katowice,Luna i rozgadana świnka (dubbing),Cinema City Katowice Silesia,16:30,,dubbing,2026-10-01T15:11:36.064665
2026-10-01,czwartek,katowice,Luna i rozgadana świnka (dubbing),Helios Katowice,10:40,,dubbing,2026-10-01T15:11:36.064665
2026-10-01,czwartek,katowice,Luna i rozgadana świnka (dubbing),Helios Katowice,14:30,,dubbing,2026-10-01T15:11:36.064665
2026-10-01,czwartek,katowice,Luna i rozgadana świnka (dubbing),Helios Katowice,16:20,,dubbing,2026-10-01T15:11:36.064665
2026-10-01,czwartek,katowice,Luna i rozgadana świnka (dubbing),Multikino Katowice,10:00,,dubbing,2026-10-01T15:11:36.064665
2026-10-01,czwartek,katowice,Luna i rozgadana świnka (dubbing),Multikino Katowice,13:00,,dubbing,2026-10-01T15:11:36.064665
2026-10-01,czwartek,katowice,Luna i rozgadana świnka (dubbing),Multikino Katowice,15:15,,dubbing,2026-10-01T15:11:36.064665
2026-10-01,czwartek,katowice,Luna i rozgadana świnka (dubbing),Multikino Katowice,17:30,,dubbing,2026-10-01T15:11:36.064665
2026-10-01,czwartek,katowice,Ma to sens,Cinema City Katowice Punkt 44,20:00,,,2026-10-01T15:11:36.064665
2026-10-01,czwartek,katowice,Marsupilami (dubbing),Cinema City Katowice Silesia,14:10,,dubbing,2026-10-01T15:11:36.064665
2026-10-01,czwartek,katowice,Marsupilami (dubbing),Cinema City Katowice Silesia,16:30,,dubbing,2026-10-01T15:11:36.064665
2026-10-01,czwartek,katowice,Marsupilami (dubbing),Multikino Katowice,10:00,,dubbing,2026-10-01T15:11:36.064665
2026-10-01,czwartek,katowice,Marsupilami (dubbing),Multikino Katowice,13:35,,dubbing,2026-10-01T15:11:36.064665
2026-10-01,czwartek,katowice,Minionki i straszydła (dubbing),Cinema City Katowice Punkt 44,13:10,,dubbing,2026-10-01T15:11:36.064665
2026-10-01,czwartek,katowice,Mistyczka,Cinema City Katowice Silesia,15:50,,,2026-10-01T15:11:36.064665
2026-10-01,czwartek,katowice,Mistyczka,Helios Katowice,16:15,,,2026-10-01T15:11:36.064665
2026-10-01,czwartek,katowice,Naznaczony: Wyjście z mrocznego wymiaru,Cinema City Katowice Silesia,21:30,,,2026-10-01T15:11:36.064665
2026-10-01,czwartek,katowice,Nie patrz w dół 2,Cinema City Katowice Punkt 44,16:50,,,2026-10-01T15:11:36.064665
2026-10-01,czwartek,katowice,Nie patrz w dół 2,Cinema City Katowice Punkt 44,21:20,,,2026-10-01T15:11:36.064665
2026-10-01,czwartek,katowice,Niebo nad Normandią,Cinema City Katowice Punkt 44,16:30,,,2026-10-01T15:11:36.064665
2026-10-01,czwartek,katowice,Niebo nad Normandią,Cinema City Katowice Punkt 44,20:30,,,2026-10-01T15:11:36.064665
2026-10-01,czwartek,katowice,Niebo nad Normandią,Cinema City Katowice Silesia,17:30,,,2026-10-01T15:11:36.064665
2026-10-01,czwartek,katowice,Niebo nad Normandią,Cinema City Katowice Silesia,22:20,,,2026-10-01T15:11:36.064665
2026-10-01,czwartek,katowice,Obcy,Cinema City Katowice Silesia,18:00,,,2026-10-01T15:11:36.064665
2026-10-01,czwartek,katowice,Obcy,Kino Kosmos w Katowicach,16:00,,,2026-10-01T15:11:36.064665
2026-10-01,czwartek,katowice,Obcy,Kino Studyjne Światowid w Katowicach,13:00,,,2026-10-01T15:11:36.064665
2026-10-01,czwartek,katowice,Odyseja,Cinema City Katowice Punkt 44,14:00,,,2026-10-01T15:11:36.064665
2026-10-01,czwartek,katowice,Odyseja,Cinema City Katowice Punkt 44,20:20,,,2026-10-01T15:11:36.064665
2026-10-01,czwartek,katowice,Odyseja,Cinema City Katowice Silesia,20:30,,,2026-10-01T15:11:36.064665
2026-10-01,czwartek,katowice,Odyseja,Helios Katowice,19:30,,,2026-10-01T15:11:36.064665
2026-10-01,czwartek,katowice,Orlando,Kino Kosmos w Katowicach,13:30,,,2026-10-01T15:11:36.064665
2026-10-01,czwartek,katowice,"Powiedz mi, co czujesz",Multikino Katowice,20:00,,,2026-10-01T15:11:36.064665
2026-10-01,czwartek,katowice,Psi Patrol i dinozaury (dubbing),Cinema City Katowice Silesia,15:10,,dubbing,2026-10-01T15:11:36.064665
2026-10-01,czwartek,katowice,Resident Evil,Cinema City Katowice Punkt 44,14:30,,,2026-10-01T15:11:36.064665
2026-10-01,czwartek,katowice,Resident Evil,Cinema City Katowice Punkt 44,16:45,,,2026-10-01T15:11:36.064665
2026-10-01,czwartek,katowice,Resident Evil,Cinema City Katowice Punkt 44,19:00,,,2026-10-01T15:11:36.064665
2026-10-01,czwartek,katowice,Resident Evil,Cinema City Katowice Punkt 44,21:15,,,2026-10-01T15:11:36.064665
2026-10-01,czwartek,katowice,Resident Evil,Cinema City Katowice Silesia,15:00,,,2026-10-01T15:11:36.064665
2026-10-01,czwartek,katowice,Resident Evil,Cinema City Katowice Silesia,17:15,,,2026-10-01T15:11:36.064665
2026-10-01,czwartek,katowice,Resident Evil,Cinema City Katowice Silesia,19:30,,,2026-10-01T15:11:36.064665
2026-10-01,czwartek,katowice,Resident Evil,Cinema City Katowice Silesia,21:45,,,2026-10-01T15:11:36.064665
2026-10-01,czwartek,katowice,Resident Evil,Helios Katowice,11:30,,,2026-10-01T15:11:36.064665
2026-10-01,czwartek,katowice,Resident Evil,Helios Katowice,14:20,,,2026-10-01T15:11:36.064665
2026-10-01,czwartek,katowice,Resident Evil,Helios Katowice,16:30,,,2026-10-01T15:11:36.064665
2026-10-01,czwartek,katowice,Resident Evil,Helios Katowice,18:15,,,2026-10-01T15:11:36.064665
2026-10-01,czwartek,katowice,Resident Evil,Helios Katowice,20:00,,,2026-10-01T15:11:36.064665
2026-10-01,czwartek,katowice,Resident Evil,Multikino Katowice,10:00,,,2026-10-01T15:11:36.064665
2026-10-01,czwartek,katowice,Resident Evil,Multikino Katowice,13:45,,,2026-10-01T15:11:36.064665
2026-10-01,czwartek,katowice,Resident Evil,Multikino Katowice,16:00,,,2026-10-01T15:11:36.064665
2026-10-01,czwartek,katowice,Resident Evil,Multikino Katowice,19:50,,,2026-10-01T15:11:36.064665
2026-10-01,czwartek,katowice,Resident Evil: Oselia Zla (ukr.),Multikino Katowice,16:05,,,2026-10-01T15:11:36.064665
2026-10-01,czwartek,katowice,Spa Weekend,Cinema City Katowice Punkt 44,22:00,,,2026-10-01T15:11:36.064665
2026-10-01,czwartek,katowice,Spa Weekend,Cinema City Katowice Silesia,21:00,,,2026-10-01T15:11:36.064665
2026-10-01,czwartek,katowice,Spider-Man. Całkiem nowy dzień,Cinema City Katowice Punkt 44,20:50,,,2026-10-01T15:11:36.064665
2026-10-01,czwartek,katowice,Spider-Man. Całkiem nowy dzień,Cinema City Katowice Silesia,14:10,,,2026-10-01T15:11:36.064665
2026-10-01,czwartek,katowice,Spider-Man. Całkiem nowy dzień,Helios Katowice,11:50,,,2026-10-01T15:11:36.064665
2026-10-01,czwartek,katowice,Spider-Man. Całkiem nowy dzień (dubbing),Cinema City Katowice Punkt 44,17:40,,dubbing,2026-10-01T15:11:36.064665
2026-10-01,czwartek,katowice,Spider-Man. Całkiem nowy dzień (dubbing),Cinema City Katowice Silesia,17:20,,dubbing,2026-10-01T15:11:36.064665
2026-10-01,czwartek,katowice,Spider-Man. Całkiem nowy dzień (dubbing),Multikino Katowice,10:00,,dubbing,2026-10-01T15:11:36.064665
2026-10-01,czwartek,katowice,Tedi i magiczna lampa (dubbing),Cinema City Katowice Punkt 44,16:10,,dubbing,2026-10-01T15:11:36.064665
2026-10-01,czwartek,katowice,Tedi i magiczna lampa (dubbing),Cinema City Katowice Silesia,15:20,,dubbing,2026-10-01T15:11:36.064665
2026-10-01,czwartek,katowice,Tedi i magiczna lampa (dubbing),Helios Katowice,11:10,,dubbing,2026-10-01T15:11:36.064665
2026-10-01,czwartek,katowice,Tedi i magiczna lampa (dubbing),Helios Katowice,12:30,,dubbing,2026-10-01T15:11:36.064665
2026-10-01,czwartek,katowice,Tedi i magiczna lampa (dubbing),Helios Katowice,14:40,,dubbing,2026-10-01T15:11:36.064665
2026-10-01,czwartek,katowice,Tedi i magiczna lampa (dubbing),Helios Katowice,17:45,,dubbing,2026-10-01T15:11:36.064665
2026-10-01,czwartek,katowice,Tedi i magiczna lampa (dubbing),Multikino Katowice,10:15,,dubbing,2026-10-01T15:11:36.064665
2026-10-01,czwartek,katowice,Tedi i magiczna lampa (dubbing),Multikino Katowice,14:10,,dubbing,2026-10-01T15:11:36.064665
2026-10-01,czwartek,katowice,The Birthday Party,Cinema City Katowice Silesia,20:40,,,2026-10-01T15:11:36.064665
2026-10-01,czwartek,katowice,Tony,Cinema City Katowice Punkt 44,18:50,,,2026-10-01T15:11:36.064665
2026-10-01,czwartek,katowice,Tony,Cinema City Katowice Silesia,19:50,,,2026-10-01T15:11:36.064665
2026-10-01,czwartek,katowice,Totalna magia 2,Cinema City Katowice Silesia,17:40,,,2026-10-01T15:11:36.064665
2026-10-01,czwartek,katowice,Totalna magia 2,Helios Katowice,20:40,,,2026-10-01T15:11:36.064665
2026-10-01,czwartek,katowice,Totalna magia 2 (dubbing),Cinema City Katowice Silesia,14:50,,dubbing,2026-10-01T15:11:36.064665
2026-10-01,czwartek,katowice,Toy Story 5 (dubbing),Cinema City Katowice Silesia,09:00,,dubbing,2026-10-01T15:11:36.064665
2026-10-01,czwartek,katowice,Vaiana (dubbing),Cinema City Katowice Punkt 44,10:00,,dubbing,2026-10-01T15:11:36.064665
2026-10-01,czwartek,katowice,Vincent. Legenda oceanu (dubbing),Cinema City Katowice Silesia,10:10,,dubbing,2026-10-01T15:11:36.064665
2026-10-01,czwartek,katowice,Vincent. Legenda oceanu (dubbing),Cinema City Katowice Silesia,12:30,,dubbing,2026-10-01T15:11:36.064665
2026-10-01,czwartek,katowice,Vincent. Legenda oceanu (dubbing),Helios Katowice,09:00,,dubbing,2026-10-01T15:11:36.064665
2026-10-01,czwartek,katowice,Vincent. Legenda oceanu (dubbing),Helios Katowice,10:30,,dubbing,2026-10-01T15:11:36.064665
2026-10-01,czwartek,katowice,W sercu dziczy,Cinema City Katowice Punkt 44,15:00,,,2026-10-01T15:11:36.064665
2026-10-01,czwartek,katowice,W sercu dziczy,Cinema City Katowice Punkt 44,17:30,,,2026-10-01T15:11:36.064665
2026-10-01,czwartek,katowice,W sercu dziczy,Cinema City Katowice Punkt 44,19:50,,,2026-10-01T15:11:36.064665
2026-10-01,czwartek,katowice,W sercu dziczy,Cinema City Katowice Punkt 44,22:00,,,2026-10-01T15:11:36.064665
2026-10-01,czwartek,katowice,W sercu dziczy,Cinema City Katowice Silesia,14:20,,,2026-10-01T15:11:36.064665
2026-10-01,czwartek,katowice,W sercu dziczy,Cinema City Katowice Silesia,16:40,,,2026-10-01T15:11:36.064665
2026-10-01,czwartek,katowice,W sercu dziczy,Cinema City Katowice Silesia,18:40,,,2026-10-01T15:11:36.064665
2026-10-01,czwartek,katowice,W sercu dziczy,Cinema City Katowice Silesia,22:20,,,2026-10-01T15:11:36.064665
2026-10-01,czwartek,katowice,W sercu dziczy,Helios Katowice,15:15,,,2026-10-01T15:11:36.064665
2026-10-01,czwartek,katowice,W sercu dziczy,Helios Katowice,18:45,,,2026-10-01T15:11:36.064665
2026-10-01,czwartek,katowice,W sercu dziczy,Helios Katowice,21:10,,,2026-10-01T15:11:36.064665
2026-10-01,czwartek,katowice,W sercu dziczy,Multikino Katowice,14:45,,,2026-10-01T15:11:36.064665
2026-10-01,czwartek,katowice,W sercu dziczy,Multikino Katowice,17:10,,,2026-10-01T15:11:36.064665
2026-10-01,czwartek,katowice,W sercu dziczy,Multikino Katowice,19:35,,,2026-10-01T15:11:36.064665
2026-10-01,czwartek,białystok,100 dni: Misja Zeus,Helios Białystok Alfa,14:00,,,2026-10-01T15:11:39.302561
2026-10-01,czwartek,białystok,100 dni: Misja Zeus,Helios Białystok Atrium Biała,13:40,,,2026-10-01T15:11:39.302561
2026-10-01,czwartek,białystok,100 dni: Misja Zeus,Helios Białystok Atrium Biała,16:50,,,2026-10-01T15:11:39.302561
2026-10-01,czwartek,białystok,100 dni: Misja Zeus,Helios Białystok Atrium Biała,18:30,,,2026-10-01T15:11:39.302561
2026-10-01,czwartek,białystok,100 dni: Misja Zeus,Helios Białystok Atrium Biała,20:00,,,2026-10-01T15:11:39.302561
2026-10-01,czwartek,białystok,100 dni: Misja Zeus,Helios Białystok Atrium Biała,21:10,,,2026-10-01T15:11:39.302561
2026-10-01,czwartek,białystok,100 dni: Misja Zeus,Helios Białystok Jurowiecka,09:30,,,2026-10-01T15:11:39.302561
2026-10-01,czwartek,białystok,100 dni: Misja Zeus,Helios Białystok Jurowiecka,10:50,,,2026-10-01T15:11:39.302561
2026-10-01,czwartek,białystok,100 dni: Misja Zeus,Helios Białystok Jurowiecka,19:30,,,2026-10-01T15:11:39.302561
2026-10-01,czwartek,białystok,500 mil,Helios Białystok Atrium Biała,09:30,,,2026-10-01T15:11:39.302561
2026-10-01,czwartek,białystok,Avengers: Koniec gry,Helios Białystok Atrium Biała,10:00,,,2026-10-01T15:11:39.302561
2026-10-01,czwartek,białystok,Dzień dziecka księdza Jana Kaczkowskiego,Helios Białystok Jurowiecka,17:30,,,2026-10-01T15:11:39.302561
2026-10-01,czwartek,białystok,Folwark zwierzęcy,Helios Białystok Atrium Biała,11:20,,,2026-10-01T15:11:39.302561
2026-10-01,czwartek,białystok,Hot Spot,Kino Forum - Białostocki Ośrodek Kultury,15:30,,,2026-10-01T15:11:39.302561
2026-10-01,czwartek,białystok,Lalka,Helios Białystok Alfa,10:40,,,2026-10-01T15:11:39.302561
2026-10-01,czwartek,białystok,Lalka,Helios Białystok Alfa,11:20,,,2026-10-01T15:11:39.302561
2026-10-01,czwartek,białystok,Lalka,Helios Białystok Alfa,13:30,,,2026-10-01T15:11:39.302561
2026-10-01,czwartek,białystok,Lalka,Helios Białystok Atrium Biała,11:10,,,2026-10-01T15:11:39.302561
2026-10-01,czwartek,białystok,Lalka,Helios Białystok Atrium Biała,12:30,,,2026-10-01T15:11:39.302561
2026-10-01,czwartek,białystok,Lalka,Helios Białystok Atrium Biała,13:30,,,2026-10-01T15:11:39.302561
2026-10-01,czwartek,białystok,Lalka,Helios Białystok Atrium Biała,14:00,,,2026-10-01T15:11:39.302561
2026-10-01,czwartek,białystok,Lalka,Helios Białystok Atrium Biała,16:00,,,2026-10-01T15:11:39.302561
2026-10-01,czwartek,białystok,Lalka,Helios Białystok Atrium Biała,17:00,,,2026-10-01T15:11:39.302561
2026-10-01,czwartek,białystok,Lalka,Helios Białystok Atrium Biała,17:30,,,2026-10-01T15:11:39.302561
2026-10-01,czwartek,białystok,Lalka,Helios Białystok Atrium Biała,19:30,,,2026-10-01T15:11:39.302561
2026-10-01,czwartek,białystok,Lalka,Helios Białystok Atrium Biała,20:30,,,2026-10-01T15:11:39.302561
2026-10-01,czwartek,białystok,Lalka,Helios Białystok Atrium Biała,21:00,,,2026-10-01T15:11:39.302561
2026-10-01,czwartek,białystok,Lalka,Helios Białystok Jurowiecka,09:30,,,2026-10-01T15:11:39.302561
2026-10-01,czwartek,białystok,Lalka,Helios Białystok Jurowiecka,10:30,,,2026-10-01T15:11:39.302561
2026-10-01,czwartek,białystok,Lalka,Helios Białystok Jurowiecka,11:40,,,2026-10-01T15:11:39.302561
2026-10-01,czwartek,białystok,Lalka,Helios Białystok Jurowiecka,12:30,,,2026-10-01T15:11:39.302561
2026-10-01,czwartek,białystok,Lalka,Helios Białystok Jurowiecka,13:30,,,2026-10-01T15:11:39.302561
2026-10-01,czwartek,białystok,Lalka,Helios Białystok Jurowiecka,15:00,,,2026-10-01T15:11:39.302561
2026-10-01,czwartek,białystok,Lalka,Helios Białystok Jurowiecka,16:00,,,2026-10-01T15:11:39.302561
2026-10-01,czwartek,białystok,Lalka,Helios Białystok Jurowiecka,17:00,,,2026-10-01T15:11:39.302561
2026-10-01,czwartek,białystok,Lalka,Helios Białystok Jurowiecka,18:30,,,2026-10-01T15:11:39.302561
2026-10-01,czwartek,białystok,Lalka,Helios Białystok Jurowiecka,19:30,,,2026-10-01T15:11:39.302561
2026-10-01,czwartek,białystok,Lalka,Helios Białystok Jurowiecka,20:30,,,2026-10-01T15:11:39.302561
2026-10-01,czwartek,białystok,Lalka,Kino Forum - Białostocki Ośrodek Kultury,17:30,,,2026-10-01T15:11:39.302561
2026-10-01,czwartek,białystok,Luna i rozgadana świnka,Helios Białystok Alfa,10:20,,,2026-10-01T15:11:39.302561
2026-10-01,czwartek,białystok,Luna i rozgadana świnka,Helios Białystok Atrium Biała,09:00,,,2026-10-01T15:11:39.302561
2026-10-01,czwartek,białystok,Luna i rozgadana świnka,Helios Białystok Atrium Biała,11:00,,,2026-10-01T15:11:39.302561
2026-10-01,czwartek,białystok,Luna i rozgadana świnka,Helios Białystok Atrium Biała,13:50,,,2026-10-01T15:11:39.302561
2026-10-01,czwartek,białystok,Luna i rozgadana świnka,Helios Białystok Atrium Biała,16:00,,,2026-10-01T15:11:39.302561
2026-10-01,czwartek,białystok,Luna i rozgadana świnka,Helios Białystok Jurowiecka,15:15,,,2026-10-01T15:11:39.302561
2026-10-01,czwartek,białystok,Luna i rozgadana świnka (dubbing),Helios Białystok Alfa,10:20,,dubbing,2026-10-01T15:11:39.302561
2026-10-01,czwartek,białystok,Luna i rozgadana świnka (dubbing),Helios Białystok Atrium Biała,09:00,,dubbing,2026-10-01T15:11:39.302561
2026-10-01,czwartek,białystok,Luna i rozgadana świnka (dubbing),Helios Białystok Atrium Biała,11:00,,dubbing,2026-10-01T15:11:39.302561
2026-10-01,czwartek,białystok,Luna i rozgadana świnka (dubbing),Helios Białystok Atrium Biała,13:50,,dubbing,2026-10-01T15:11:39.302561
2026-10-01,czwartek,białystok,Luna i rozgadana świnka (dubbing),Helios Białystok Atrium Biała,16:00,,dubbing,2026-10-01T15:11:39.302561
2026-10-01,czwartek,białystok,Luna i rozgadana świnka (dubbing),Helios Białystok Jurowiecka,15:15,,dubbing,2026-10-01T15:11:39.302561
2026-10-01,czwartek,białystok,"Miłość, śmierć i dojrzewanie w Camp Miasma",Kino Forum - Białostocki Ośrodek Kultury,13:15,,,2026-10-01T15:11:39.302561
2026-10-01,czwartek,białystok,Minionki i straszydła (dubbing),Helios Białystok Alfa,14:50,,dubbing,2026-10-01T15:11:39.302561
2026-10-01,czwartek,białystok,Mistyczka,Helios Białystok Jurowiecka,14:00,,,2026-10-01T15:11:39.302561
2026-10-01,czwartek,białystok,Mistyczka,Helios Białystok Jurowiecka,17:45,,,2026-10-01T15:11:39.302561
2026-10-01,czwartek,białystok,"Nie martw się, nic mi nie jest (lektor)",Helios Białystok Atrium Biała,18:00,,lektor,2026-10-01T15:11:39.302561
2026-10-01,czwartek,białystok,Nie patrz w dół 2,Helios Białystok Atrium Biała,16:15,,,2026-10-01T15:11:39.302561
2026-10-01,czwartek,białystok,Obcy,Kino Forum - Białostocki Ośrodek Kultury,20:30,,,2026-10-01T15:11:39.302561
2026-10-01,czwartek,białystok,Odyseja,Helios Białystok Alfa,13:20,,,2026-10-01T15:11:39.302561
2026-10-01,czwartek,białystok,Odyseja,Helios Białystok Atrium Biała,19:30,,,2026-10-01T15:11:39.302561
2026-10-01,czwartek,białystok,Odyseja,Helios Białystok Jurowiecka,11:00,,,2026-10-01T15:11:39.302561
2026-10-01,czwartek,białystok,Odyseja,Helios Białystok Jurowiecka,14:10,,,2026-10-01T15:11:39.302561
2026-10-01,czwartek,białystok,Resident Evil,Helios Białystok Alfa,11:15,,,2026-10-01T15:11:39.302561
2026-10-01,czwartek,białystok,Resident Evil,Helios Białystok Alfa,14:40,,,2026-10-01T15:11:39.302561
2026-10-01,czwartek,białystok,Resident Evil,Helios Białystok Atrium Biała,11:30,,,2026-10-01T15:11:39.302561
2026-10-01,czwartek,białystok,Resident Evil,Helios Białystok Atrium Biała,14:20,,,2026-10-01T15:11:39.302561
2026-10-01,czwartek,białystok,Resident Evil,Helios Białystok Atrium Biała,16:30,,,2026-10-01T15:11:39.302561
2026-10-01,czwartek,białystok,Resident Evil,Helios Białystok Atrium Biała,18:15,,,2026-10-01T15:11:39.302561
2026-10-01,czwartek,białystok,Resident Evil,Helios Białystok Jurowiecka,13:00,,,2026-10-01T15:11:39.302561
2026-10-01,czwartek,białystok,Resident Evil,Helios Białystok Jurowiecka,18:45,,,2026-10-01T15:11:39.302561
2026-10-01,czwartek,białystok,Resident Evil,Helios Białystok Jurowiecka,21:00,,,2026-10-01T15:11:39.302561
2026-10-01,czwartek,białystok,Sekretne Piętro,Helios Białystok Alfa,12:30,,,2026-10-01T15:11:39.302561
2026-10-01,czwartek,białystok,Skrzat. Nowy początek,Helios Białystok Atrium Biała,12:00,,,2026-10-01T15:11:39.302561
2026-10-01,czwartek,białystok,Spider-Man. Całkiem nowy dzień,Helios Białystok Alfa,11:10,,,2026-10-01T15:11:39.302561
2026-10-01,czwartek,białystok,Spider-Man. Całkiem nowy dzień,Helios Białystok Atrium Biała,11:00,,,2026-10-01T15:11:39.302561
2026-10-01,czwartek,białystok,Spider-Man. Całkiem nowy dzień,Helios Białystok Jurowiecka,20:00,,,2026-10-01T15:11:39.302561
2026-10-01,czwartek,białystok,Tedi i magiczna lampa (dubbing),Helios Białystok Alfa,10:40,,dubbing,2026-10-01T15:11:39.302561
2026-10-01,czwartek,białystok,Tedi i magiczna lampa (dubbing),Helios Białystok Atrium Biała,13:10,,dubbing,2026-10-01T15:11:39.302561
2026-10-01,czwartek,białystok,Tedi i magiczna lampa (dubbing),Helios Białystok Atrium Biała,14:40,,dubbing,2026-10-01T15:11:39.302561
2026-10-01,czwartek,białystok,Tedi i magiczna lampa (dubbing),Helios Białystok Jurowiecka,10:20,,dubbing,2026-10-01T15:11:39.302561
2026-10-01,czwartek,białystok,Tedi i magiczna lampa (dubbing),Helios Białystok Jurowiecka,16:30,,dubbing,2026-10-01T15:11:39.302561
2026-10-01,czwartek,białystok,Totalna magia 2,Helios Białystok Atrium Biała,20:40,,,2026-10-01T15:11:39.302561
2026-10-01,czwartek,białystok,Vincent. Legenda oceanu (dubbing),Helios Białystok Atrium Biała,09:30,,dubbing,2026-10-01T15:11:39.302561
2026-10-01,czwartek,białystok,W sercu dziczy,Helios Białystok Alfa,10:00,,,2026-10-01T15:11:39.302561
2026-10-01,czwartek,białystok,W sercu dziczy,Helios Białystok Alfa,14:20,,,2026-10-01T15:11:39.302561
2026-10-01,czwartek,białystok,W sercu dziczy,Helios Białystok Atrium Biała,15:20,,,2026-10-01T15:11:39.302561
2026-10-01,czwartek,białystok,W sercu dziczy,Helios Białystok Atrium Biała,18:45,,,2026-10-01T15:11:39.302561
2026-10-01,czwartek,białystok,W sercu dziczy,Helios Białystok Atrium Biała,21:10,,,2026-10-01T15:11:39.302561
2026-10-01,czwartek,gdynia,100 dni: Misja Zeus,Helios Gdynia,09:00,,,2026-10-01T15:11:42.971328
2026-10-01,czwartek,gdynia,100 dni: Misja Zeus,Helios Gdynia,15:30,,,2026-10-01T15:11:42.971328
2026-10-01,czwartek,gdynia,100 dni: Misja Zeus,Helios Gdynia,20:00,,,2026-10-01T15:11:42.971328
2026-10-01,czwartek,gdynia,500 mil,Helios Gdynia,09:15,,,2026-10-01T15:11:42.971328
2026-10-01,czwartek,gdynia,Dzień dziecka księdza Jana Kaczkowskiego,Helios Gdynia,13:40,,,2026-10-01T15:11:42.971328
2026-10-01,czwartek,gdynia,Dzień dziecka księdza Jana Kaczkowskiego,Helios Gdynia,18:00,,,2026-10-01T15:11:42.971328
2026-10-01,czwartek,gdynia,Folwark zwierzęcy,Helios Gdynia,13:00,,,2026-10-01T15:11:42.971328
2026-10-01,czwartek,gdynia,Księga pustyni,Helios Gdynia,10:00,,,2026-10-01T15:11:42.971328
2026-10-01,czwartek,gdynia,Lalka,Helios Gdynia,10:00,,,2026-10-01T15:11:42.971328
2026-10-01,czwartek,gdynia,Lalka,Helios Gdynia,10:15,,,2026-10-01T15:11:42.971328
2026-10-01,czwartek,gdynia,Lalka,Helios Gdynia,12:30,,,2026-10-01T15:11:42.971328
2026-10-01,czwartek,gdynia,Lalka,Helios Gdynia,14:00,,,2026-10-01T15:11:42.971328
2026-10-01,czwartek,gdynia,Lalka,Helios Gdynia,15:00,,,2026-10-01T15:11:42.971328
2026-10-01,czwartek,gdynia,Lalka,Helios Gdynia,16:00,,,2026-10-01T15:11:42.971328
2026-10-01,czwartek,gdynia,Lalka,Helios Gdynia,17:00,,,2026-10-01T15:11:42.971328
2026-10-01,czwartek,gdynia,Lalka,Helios Gdynia,17:30,,,2026-10-01T15:11:42.971328
2026-10-01,czwartek,gdynia,Lalka,Helios Gdynia,18:30,,,2026-10-01T15:11:42.971328
2026-10-01,czwartek,gdynia,Lalka,Helios Gdynia,19:30,,,2026-10-01T15:11:42.971328
2026-10-01,czwartek,gdynia,Lalka,Helios Gdynia,21:00,,,2026-10-01T15:11:42.971328
2026-10-01,czwartek,gdynia,Lalka,Helios Gdynia,22:00,,,2026-10-01T15:11:42.971328
2026-10-01,czwartek,gdynia,Luna i rozgadana świnka,Helios Gdynia,11:30,,,2026-10-01T15:11:42.971328
2026-10-01,czwartek,gdynia,Luna i rozgadana świnka,Helios Gdynia,13:45,,,2026-10-01T15:11:42.971328
2026-10-01,czwartek,gdynia,Luna i rozgadana świnka (dubbing),Helios Gdynia,11:30,,dubbing,2026-10-01T15:11:42.971328
2026-10-01,czwartek,gdynia,Luna i rozgadana świnka (dubbing),Helios Gdynia,13:45,,dubbing,2026-10-01T15:11:42.971328
2026-10-01,czwartek,gdynia,Marsupilami,Helios Gdynia,09:00,,,2026-10-01T15:11:42.971328
2026-10-01,czwartek,gdynia,Marsupilami,Helios Gdynia,10:30,,,2026-10-01T15:11:42.971328
2026-10-01,czwartek,gdynia,Mistyczka,Helios Gdynia,16:40,,,2026-10-01T15:11:42.971328
2026-10-01,czwartek,gdynia,Nie patrz w dół 2,Helios Gdynia,20:30,,,2026-10-01T15:11:42.971328
2026-10-01,czwartek,gdynia,Niebo nad Normandią,Helios Gdynia,20:40,,,2026-10-01T15:11:42.971328
2026-10-01,czwartek,gdynia,Odyseja,Helios Gdynia,09:30,,,2026-10-01T15:11:42.971328
2026-10-01,czwartek,gdynia,Resident Evil,Helios Gdynia,11:15,,,2026-10-01T15:11:42.971328
2026-10-01,czwartek,gdynia,Resident Evil,Helios Gdynia,12:45,,,2026-10-01T15:11:42.971328
2026-10-01,czwartek,gdynia,Resident Evil,Helios Gdynia,15:15,,,2026-10-01T15:11:42.971328
2026-10-01,czwartek,gdynia,Resident Evil,Helios Gdynia,18:45,,,2026-10-01T15:11:42.971328
2026-10-01,czwartek,gdynia,Resident Evil,Helios Gdynia,21:00,,,2026-10-01T15:11:42.971328
2026-10-01,czwartek,gdynia,Spider-Man. Całkiem nowy dzień,Helios Gdynia,13:30,,,2026-10-01T15:11:42.971328
2026-10-01,czwartek,gdynia,Spider-Man. Całkiem nowy dzień,Helios Gdynia,17:45,,,2026-10-01T15:11:42.971328
2026-10-01,czwartek,gdynia,Tedi i magiczna lampa (dubbing),Helios Gdynia,14:30,,dubbing,2026-10-01T15:11:42.971328
2026-10-01,czwartek,gdynia,Vincent. Legenda oceanu (dubbing),Helios Gdynia,11:30,,dubbing,2026-10-01T15:11:42.971328
2026-10-01,czwartek,gdynia,W sercu dziczy,Helios Gdynia,12:00,,,2026-10-01T15:11:42.971328
2026-10-01,czwartek,gdynia,W sercu dziczy,Helios Gdynia,15:50,,,2026-10-01T15:11:42.971328
2026-10-01,czwartek,gdynia,W sercu dziczy,Helios Gdynia,18:15,,,2026-10-01T15:11:42.971328
2026-10-01,czwartek,gdynia,W sercu dziczy,Helios Gdynia,20:50,,,2026-10-01T15:11:42.971328
2026-10-01,czwartek,częstochowa,100 dni: Misja Zeus,Cinema City Częstochowa Galeria Jurajska,15:40,,,2026-10-01T15:11:45.953231
2026-10-01,czwartek,częstochowa,100 dni: Misja Zeus,Cinema City Częstochowa Galeria Jurajska,18:15,,,2026-10-01T15:11:45.953231
2026-10-01,czwartek,częstochowa,100 dni: Misja Zeus,Cinema City Częstochowa Wolność,16:40,,,2026-10-01T15:11:45.953231
2026-10-01,czwartek,częstochowa,Avengers: Koniec gry - wersja rozszerzona,Cinema City Częstochowa Galeria Jurajska,20:30,,,2026-10-01T15:11:45.953231
2026-10-01,czwartek,częstochowa,Avengers: Koniec gry - wersja rozszerzona,Cinema City Częstochowa Wolność,20:00,,,2026-10-01T15:11:45.953231
2026-10-01,czwartek,częstochowa,Avengers: Koniec gry (dubbing) - wersja rozszerzona,Cinema City Częstochowa Galeria Jurajska,15:00,,dubbing,2026-10-01T15:11:45.953231
2026-10-01,czwartek,częstochowa,Avengers: Koniec gry (dubbing) - wersja rozszerzona,Cinema City Częstochowa Wolność,16:10,,dubbing,2026-10-01T15:11:45.953231
2026-10-01,czwartek,częstochowa,Avengers: Koniec gry 3D - wersja rozszerzona,Cinema City Częstochowa Galeria Jurajska,19:00,3D,,2026-10-01T15:11:45.953231
2026-10-01,czwartek,częstochowa,Avengers: Koniec gry 3D - wersja rozszerzona,Cinema City Częstochowa Wolność,18:40,3D,,2026-10-01T15:11:45.953231
2026-10-01,czwartek,częstochowa,Folwark zwierzęcy,Cinema City Częstochowa Wolność,10:15,,,2026-10-01T15:11:45.953231
2026-10-01,czwartek,częstochowa,Folwark zwierzęcy (dubbing),Cinema City Częstochowa Wolność,10:15,,dubbing,2026-10-01T15:11:45.953231
2026-10-01,czwartek,częstochowa,Hot Spot,Cinema City Częstochowa Galeria Jurajska,18:00,,,2026-10-01T15:11:45.953231
2026-10-01,czwartek,częstochowa,Hot Spot,Kino Studyjne OKF Iluzja w Częstochowie,16:00,,,2026-10-01T15:11:45.953231
2026-10-01,czwartek,częstochowa,Księga pustyni (dubbing),Cinema City Częstochowa Wolność,09:30,,dubbing,2026-10-01T15:11:45.953231
2026-10-01,czwartek,częstochowa,Lalka,Cinema City Częstochowa Galeria Jurajska,14:00,,,2026-10-01T15:11:45.953231
2026-10-01,czwartek,częstochowa,Lalka,Cinema City Częstochowa Galeria Jurajska,15:00,,,2026-10-01T15:11:45.953231
2026-10-01,czwartek,częstochowa,Lalka,Cinema City Częstochowa Galeria Jurajska,17:30,,,2026-10-01T15:11:45.953231
2026-10-01,czwartek,częstochowa,Lalka,Cinema City Częstochowa Galeria Jurajska,18:45,,,2026-10-01T15:11:45.953231
2026-10-01,czwartek,częstochowa,Lalka,Cinema City Częstochowa Galeria Jurajska,19:00,,,2026-10-01T15:11:45.953231
2026-10-01,czwartek,częstochowa,Lalka,Cinema City Częstochowa Galeria Jurajska,21:00,,,2026-10-01T15:11:45.953231
2026-10-01,czwartek,częstochowa,Lalka,Cinema City Częstochowa Wolność,14:00,,,2026-10-01T15:11:45.953231
2026-10-01,czwartek,częstochowa,Lalka,Cinema City Częstochowa Wolność,15:00,,,2026-10-01T15:11:45.953231
2026-10-01,czwartek,częstochowa,Lalka,Cinema City Częstochowa Wolność,17:30,,,2026-10-01T15:11:45.953231
2026-10-01,czwartek,częstochowa,Lalka,Cinema City Częstochowa Wolność,19:00,,,2026-10-01T15:11:45.953231
2026-10-01,czwartek,częstochowa,Lalka,Cinema City Częstochowa Wolność,19:00,,,2026-10-01T15:11:45.953231
2026-10-01,czwartek,częstochowa,Lalka,Cinema City Częstochowa Wolność,21:00,,,2026-10-01T15:11:45.953231
2026-10-01,czwartek,częstochowa,Lalka,Kino Studyjne OKF Iluzja w Częstochowie,13:00,,,2026-10-01T15:11:45.953231
2026-10-01,czwartek,częstochowa,Lalka,Kino Studyjne OKF Iluzja w Częstochowie,20:00,,,2026-10-01T15:11:45.953231
2026-10-01,czwartek,częstochowa,Luna i rozgadana świnka (dubbing),Cinema City Częstochowa Galeria Jurajska,13:20,,dubbing,2026-10-01T15:11:45.953231
2026-10-01,czwartek,częstochowa,Luna i rozgadana świnka (dubbing),Cinema City Częstochowa Galeria Jurajska,15:30,,dubbing,2026-10-01T15:11:45.953231
2026-10-01,czwartek,częstochowa,Luna i rozgadana świnka (dubbing),Cinema City Częstochowa Wolność,12:10,,dubbing,2026-10-01T15:11:45.953231
2026-10-01,czwartek,częstochowa,Luna i rozgadana świnka (dubbing),Cinema City Częstochowa Wolność,14:40,,dubbing,2026-10-01T15:11:45.953231
2026-10-01,czwartek,częstochowa,Luna i rozgadana świnka (dubbing),Cinema City Częstochowa Wolność,16:30,,dubbing,2026-10-01T15:11:45.953231
2026-10-01,czwartek,częstochowa,Ma to sens,Cinema City Częstochowa Galeria Jurajska,14:20,,,2026-10-01T15:11:45.953231
2026-10-01,czwartek,częstochowa,Marsupilami (dubbing),Cinema City Częstochowa Galeria Jurajska,17:00,,dubbing,2026-10-01T15:11:45.953231
2026-10-01,czwartek,częstochowa,Mistyczka,Cinema City Częstochowa Wolność,16:50,,,2026-10-01T15:11:45.953231
2026-10-01,czwartek,częstochowa,Niebo nad Normandią,Kino Studyjne OKF Iluzja w Częstochowie,18:00,,,2026-10-01T15:11:45.953231
2026-10-01,czwartek,częstochowa,Odyseja,Cinema City Częstochowa Wolność,20:40,,,2026-10-01T15:11:45.953231
2026-10-01,czwartek,częstochowa,"Powiedz mi, co czujesz",Cinema City Częstochowa Wolność,12:00,,,2026-10-01T15:11:45.953231
2026-10-01,czwartek,częstochowa,Resident Evil,Cinema City Częstochowa Galeria Jurajska,16:45,,,2026-10-01T15:11:45.953231
2026-10-01,czwartek,częstochowa,Resident Evil,Cinema City Częstochowa Galeria Jurajska,19:20,,,2026-10-01T15:11:45.953231
2026-10-01,czwartek,częstochowa,Resident Evil,Cinema City Częstochowa Galeria Jurajska,21:40,,,2026-10-01T15:11:45.953231
2026-10-01,czwartek,częstochowa,Resident Evil,Cinema City Częstochowa Wolność,14:20,,,2026-10-01T15:11:45.953231
2026-10-01,czwartek,częstochowa,Resident Evil,Cinema City Częstochowa Wolność,19:20,,,2026-10-01T15:11:45.953231
2026-10-01,czwartek,częstochowa,Resident Evil,Cinema City Częstochowa Wolność,21:40,,,2026-10-01T15:11:45.953231
2026-10-01,czwartek,częstochowa,Spider-Man. Całkiem nowy dzień,Cinema City Częstochowa Galeria Jurajska,20:50,,,2026-10-01T15:11:45.953231
2026-10-01,czwartek,częstochowa,Spider-Man. Całkiem nowy dzień (dubbing),Cinema City Częstochowa Galeria Jurajska,14:50,,dubbing,2026-10-01T15:11:45.953231
2026-10-01,czwartek,częstochowa,Tedi i magiczna lampa (dubbing),Cinema City Częstochowa Wolność,15:40,,dubbing,2026-10-01T15:11:45.953231
2026-10-01,czwartek,częstochowa,The Birthday Party,Cinema City Częstochowa Wolność,18:10,,,2026-10-01T15:11:45.953231
2026-10-01,czwartek,częstochowa,Totalna magia 2,Cinema City Częstochowa Galeria Jurajska,14:10,,,2026-10-01T15:11:45.953231
2026-10-01,czwartek,częstochowa,Totalna magia 2,Cinema City Częstochowa Wolność,22:00,,,2026-10-01T15:11:45.953231
2026-10-01,czwartek,częstochowa,W sercu dziczy,Cinema City Częstochowa Galeria Jurajska,17:40,,,2026-10-01T15:11:45.953231
2026-10-01,czwartek,częstochowa,W sercu dziczy,Cinema City Częstochowa Galeria Jurajska,20:00,,,2026-10-01T15:11:45.953231
2026-10-01,czwartek,częstochowa,W sercu dziczy,Cinema City Częstochowa Wolność,14:30,,,2026-10-01T15:11:45.953231
2026-10-01,czwartek,częstochowa,W sercu dziczy,Cinema City Częstochowa Wolność,17:00,,,2026-10-01T15:11:45.953231
2026-10-01,czwartek,częstochowa,W sercu dziczy,Cinema City Częstochowa Wolność,19:30,,,2026-10-01T15:11:45.953231
2026-10-01,czwartek,radom,100 dni: Misja Zeus,Helios Radom,19:45,,,2026-10-01T15:11:49.477218
2026-10-01,czwartek,radom,100 dni: Misja Zeus,Multikino Radom,09:00,,,2026-10-01T15:11:49.477218
2026-10-01,czwartek,radom,100 dni: Misja Zeus,Multikino Radom,09:30,,,2026-10-01T15:11:49.477218
2026-10-01,czwartek,radom,100 dni: Misja Zeus,Multikino Radom,11:30,,,2026-10-01T15:11:49.477218
2026-10-01,czwartek,radom,100 dni: Misja Zeus,Multikino Radom,16:00,,,2026-10-01T15:11:49.477218
2026-10-01,czwartek,radom,500 mil,Helios Radom,11:00,,,2026-10-01T15:11:49.477218
2026-10-01,czwartek,radom,Avengers: Koniec gry - wersja rozszerzona,Multikino Radom,19:30,,,2026-10-01T15:11:49.477218
2026-10-01,czwartek,radom,Avengers: Koniec gry (dubbing) - wersja rozszerzona,Multikino Radom,15:45,,dubbing,2026-10-01T15:11:49.477218
2026-10-01,czwartek,radom,Dzień dziecka księdza Jana Kaczkowskiego,Helios Radom,15:10,,,2026-10-01T15:11:49.477218
2026-10-01,czwartek,radom,Folwark zwierzęcy,Multikino Radom,11:30,,,2026-10-01T15:11:49.477218
2026-10-01,czwartek,radom,Hot Spot,Kino - Mazowieckie Centrum Sztuki Współczesnej Elektrownia w Radomiu,17:30,,,2026-10-01T15:11:49.477218
2026-10-01,czwartek,radom,Księga pustyni (dubbing),Multikino Radom,13:30,,dubbing,2026-10-01T15:11:49.477218
2026-10-01,czwartek,radom,Lalka,Helios Radom,08:30,,,2026-10-01T15:11:49.477218
2026-10-01,czwartek,radom,Lalka,Helios Radom,09:00,,,2026-10-01T15:11:49.477218
2026-10-01,czwartek,radom,Lalka,Helios Radom,11:00,,,2026-10-01T15:11:49.477218
2026-10-01,czwartek,radom,Lalka,Helios Radom,12:00,,,2026-10-01T15:11:49.477218
2026-10-01,czwartek,radom,Lalka,Helios Radom,14:30,,,2026-10-01T15:11:49.477218
2026-10-01,czwartek,radom,Lalka,Helios Radom,15:45,,,2026-10-01T15:11:49.477218
2026-10-01,czwartek,radom,Lalka,Helios Radom,17:00,,,2026-10-01T15:11:49.477218
2026-10-01,czwartek,radom,Lalka,Helios Radom,18:00,,,2026-10-01T15:11:49.477218
2026-10-01,czwartek,radom,Lalka,Helios Radom,19:00,,,2026-10-01T15:11:49.477218
2026-10-01,czwartek,radom,Lalka,Helios Radom,20:30,,,2026-10-01T15:11:49.477218
2026-10-01,czwartek,radom,Lalka,Kino - Mazowieckie Centrum Sztuki Współczesnej Elektrownia w Radomiu,14:30,,,2026-10-01T15:11:49.477218
2026-10-01,czwartek,radom,Lalka,Kino - Mazowieckie Centrum Sztuki Współczesnej Elektrownia w Radomiu,19:30,,,2026-10-01T15:11:49.477218
2026-10-01,czwartek,radom,Lalka,Multikino Radom,09:00,,,2026-10-01T15:11:49.477218
2026-10-01,czwartek,radom,Lalka,Multikino Radom,11:30,,,2026-10-01T15:11:49.477218
2026-10-01,czwartek,radom,Lalka,Multikino Radom,12:40,,,2026-10-01T15:11:49.477218
2026-10-01,czwartek,radom,Lalka,Multikino Radom,16:10,,,2026-10-01T15:11:49.477218
2026-10-01,czwartek,radom,Lalka,Multikino Radom,17:15,,,2026-10-01T15:11:49.477218
2026-10-01,czwartek,radom,Lalka,Multikino Radom,18:50,,,2026-10-01T15:11:49.477218
2026-10-01,czwartek,radom,Lalka,Multikino Radom,19:40,,,2026-10-01T15:11:49.477218
2026-10-01,czwartek,radom,Luna i rozgadana świnka,Helios Radom,13:40,,,2026-10-01T15:11:49.477218
2026-10-01,czwartek,radom,Luna i rozgadana świnka,Helios Radom,15:20,,,2026-10-01T15:11:49.477218
2026-10-01,czwartek,radom,Luna i rozgadana świnka (dubbing),Helios Radom,13:40,,dubbing,2026-10-01T15:11:49.477218
2026-10-01,czwartek,radom,Luna i rozgadana świnka (dubbing),Helios Radom,15:20,,dubbing,2026-10-01T15:11:49.477218
2026-10-01,czwartek,radom,Luna i rozgadana świnka (dubbing),Kino - Mazowieckie Centrum Sztuki Współczesnej Elektrownia w Radomiu,13:00,,dubbing,2026-10-01T15:11:49.477218
2026-10-01,czwartek,radom,Luna i rozgadana świnka (dubbing),Multikino Radom,14:20,,dubbing,2026-10-01T15:11:49.477218
2026-10-01,czwartek,radom,Luna i rozgadana świnka (dubbing),Multikino Radom,16:35,,dubbing,2026-10-01T15:11:49.477218
2026-10-01,czwartek,radom,Marsupilami (dubbing),Multikino Radom,15:15,,dubbing,2026-10-01T15:11:49.477218
2026-10-01,czwartek,radom,"Powiedz mi, co czujesz",Multikino Radom,20:00,,,2026-10-01T15:11:49.477218
2026-10-01,czwartek,radom,Przytul mnie. Poszukiwacze miodu (dubbing),Helios Radom,09:30,,dubbing,2026-10-01T15:11:49.477218
2026-10-01,czwartek,radom,Psi Patrol i dinozaury (dubbing),Multikino Radom,13:45,,dubbing,2026-10-01T15:11:49.477218
2026-10-01,czwartek,radom,Pucio kocha zwierzaki,Helios Radom,09:45,,,2026-10-01T15:11:49.477218
2026-10-01,czwartek,radom,Pucio kocha zwierzaki,Multikino Radom,09:30,,,2026-10-01T15:11:49.477218
2026-10-01,czwartek,radom,Pucio kocha zwierzaki,Multikino Radom,14:00,,,2026-10-01T15:11:49.477218
2026-10-01,czwartek,radom,Resident Evil,Helios Radom,17:30,,,2026-10-01T15:11:49.477218
2026-10-01,czwartek,radom,Resident Evil,Helios Radom,20:50,,,2026-10-01T15:11:49.477218
2026-10-01,czwartek,radom,Resident Evil,Multikino Radom,17:40,,,2026-10-01T15:11:49.477218
2026-10-01,czwartek,radom,Resident Evil,Multikino Radom,21:10,,,2026-10-01T15:11:49.477218
2026-10-01,czwartek,radom,Spider-Man. Całkiem nowy dzień,Helios Radom,12:15,,,2026-10-01T15:11:49.477218
2026-10-01,czwartek,radom,Tedi i magiczna lampa (dubbing),Helios Radom,11:30,,dubbing,2026-10-01T15:11:49.477218
2026-10-01,czwartek,radom,Tedi i magiczna lampa (dubbing),Helios Radom,16:10,,dubbing,2026-10-01T15:11:49.477218
2026-10-01,czwartek,radom,Tedi i magiczna lampa (dubbing),Multikino Radom,15:00,,dubbing,2026-10-01T15:11:49.477218
2026-10-01,czwartek,radom,Vincent. Legenda oceanu (dubbing),Helios Radom,09:30,,dubbing,2026-10-01T15:11:49.477218
2026-10-01,czwartek,radom,Vincent. Legenda oceanu (dubbing),Multikino Radom,09:30,,dubbing,2026-10-01T15:11:49.477218
2026-10-01,czwartek,radom,Vincent. Legenda oceanu (dubbing),Multikino Radom,11:30,,dubbing,2026-10-01T15:11:49.477218
2026-10-01,czwartek,radom,W sercu dziczy,Helios Radom,13:45,,,2026-10-01T15:11:49.477218
2026-10-01,czwartek,radom,W sercu dziczy,Helios Radom,18:30,,,2026-10-01T15:11:49.477218
2026-10-01,czwartek,radom,W sercu dziczy,Multikino Radom,18:45,,,2026-10-01T15:11:49.477218
2026-10-01,czwartek,radom,W sercu dziczy,Multikino Radom,20:40,,,2026-10-01T15:11:49.477218
2026-10-01,czwartek,sosnowiec,100 dni: Misja Zeus,Cinema City Sosnowiec,15:20,,,2026-10-01T15:11:52.521893
2026-10-01,czwartek,sosnowiec,100 dni: Misja Zeus,Cinema City Sosnowiec,17:50,,,2026-10-01T15:11:52.521893
2026-10-01,czwartek,sosnowiec,100 dni: Misja Zeus,Helios Sosnowiec,10:00,,,2026-10-01T15:11:52.521893
2026-10-01,czwartek,sosnowiec,100 dni: Misja Zeus,Helios Sosnowiec,17:50,,,2026-10-01T15:11:52.521893
2026-10-01,czwartek,sosnowiec,Avengers: Koniec gry - wersja rozszerzona,Cinema City Sosnowiec,20:30,,,2026-10-01T15:11:52.521893
2026-10-01,czwartek,sosnowiec,Avengers: Koniec gry (dubbing) - wersja rozszerzona,Cinema City Sosnowiec,16:40,,dubbing,2026-10-01T15:11:52.521893
2026-10-01,czwartek,sosnowiec,Dzień dziecka księdza Jana Kaczkowskiego,Cinema City Sosnowiec,17:20,,,2026-10-01T15:11:52.521893
2026-10-01,czwartek,sosnowiec,Lalka,Cinema City Sosnowiec,14:30,,,2026-10-01T15:11:52.521893
2026-10-01,czwartek,sosnowiec,Lalka,Cinema City Sosnowiec,18:00,,,2026-10-01T15:11:52.521893
2026-10-01,czwartek,sosnowiec,Lalka,Cinema City Sosnowiec,20:15,,,2026-10-01T15:11:52.521893
2026-10-01,czwartek,sosnowiec,Lalka,Cinema City Sosnowiec,21:30,,,2026-10-01T15:11:52.521893
2026-10-01,czwartek,sosnowiec,Lalka,Helios Sosnowiec,10:00,,,2026-10-01T15:11:52.521893
2026-10-01,czwartek,sosnowiec,Lalka,Helios Sosnowiec,11:00,,,2026-10-01T15:11:52.521893
2026-10-01,czwartek,sosnowiec,Lalka,Helios Sosnowiec,14:30,,,2026-10-01T15:11:52.521893
2026-10-01,czwartek,sosnowiec,Lalka,Helios Sosnowiec,15:30,,,2026-10-01T15:11:52.521893
2026-10-01,czwartek,sosnowiec,Lalka,Helios Sosnowiec,17:00,,,2026-10-01T15:11:52.521893
2026-10-01,czwartek,sosnowiec,Lalka,Helios Sosnowiec,18:00,,,2026-10-01T15:11:52.521893
2026-10-01,czwartek,sosnowiec,Lalka,Helios Sosnowiec,19:00,,,2026-10-01T15:11:52.521893
2026-10-01,czwartek,sosnowiec,Luna i rozgadana świnka,Helios Sosnowiec,13:35,,,2026-10-01T15:11:52.521893
2026-10-01,czwartek,sosnowiec,Luna i rozgadana świnka (dubbing),Cinema City Sosnowiec,13:10,,dubbing,2026-10-01T15:11:52.521893
2026-10-01,czwartek,sosnowiec,Luna i rozgadana świnka (dubbing),Cinema City Sosnowiec,15:10,,dubbing,2026-10-01T15:11:52.521893
2026-10-01,czwartek,sosnowiec,Luna i rozgadana świnka (dubbing),Helios Sosnowiec,13:35,,dubbing,2026-10-01T15:11:52.521893
2026-10-01,czwartek,sosnowiec,Ma to sens,Cinema City Sosnowiec,19:15,,,2026-10-01T15:11:52.521893
2026-10-01,czwartek,sosnowiec,Marsupilami (dubbing),Cinema City Sosnowiec,14:30,,dubbing,2026-10-01T15:11:52.521893
2026-10-01,czwartek,sosnowiec,Pucio kocha zwierzaki,Cinema City Sosnowiec,13:00,,,2026-10-01T15:11:52.521893
2026-10-01,czwartek,sosnowiec,Resident Evil,Cinema City Sosnowiec,17:10,,,2026-10-01T15:11:52.521893
2026-10-01,czwartek,sosnowiec,Resident Evil,Cinema City Sosnowiec,19:20,,,2026-10-01T15:11:52.521893
2026-10-01,czwartek,sosnowiec,Resident Evil,Cinema City Sosnowiec,21:50,,,2026-10-01T15:11:52.521893
2026-10-01,czwartek,sosnowiec,Resident Evil,Helios Sosnowiec,15:40,,,2026-10-01T15:11:52.521893
2026-10-01,czwartek,sosnowiec,Resident Evil,Helios Sosnowiec,20:30,,,2026-10-01T15:11:52.521893
2026-10-01,czwartek,sosnowiec,Resident Evil,Helios Sosnowiec,21:20,,,2026-10-01T15:11:52.521893
2026-10-01,czwartek,sosnowiec,Sunny Dancer,Helios Sosnowiec,11:00,,,2026-10-01T15:11:52.521893
2026-10-01,czwartek,sosnowiec,Tedi i magiczna lampa (dubbing),Helios Sosnowiec,12:20,,dubbing,2026-10-01T15:11:52.521893
2026-10-01,czwartek,sosnowiec,Tedi i magiczna lampa (dubbing),Helios Sosnowiec,13:20,,dubbing,2026-10-01T15:11:52.521893
2026-10-01,czwartek,sosnowiec,Tedi i magiczna lampa (dubbing),Helios Sosnowiec,14:45,,dubbing,2026-10-01T15:11:52.521893
2026-10-01,czwartek,sosnowiec,Tony,Cinema City Sosnowiec,21:15,,,2026-10-01T15:11:52.521893
2026-10-01,czwartek,sosnowiec,Vincent. Legenda oceanu (dubbing),Cinema City Sosnowiec,15:20,,dubbing,2026-10-01T15:11:52.521893
2026-10-01,czwartek,sosnowiec,Vincent. Legenda oceanu (dubbing),Helios Sosnowiec,09:00,,dubbing,2026-10-01T15:11:52.521893
2026-10-01,czwartek,sosnowiec,W sercu dziczy,Cinema City Sosnowiec,17:00,,,2026-10-01T15:11:52.521893
2026-10-01,czwartek,sosnowiec,W sercu dziczy,Cinema City Sosnowiec,19:30,,,2026-10-01T15:11:52.521893
2026-10-01,czwartek,sosnowiec,W sercu dziczy,Cinema City Sosnowiec,21:50,,,2026-10-01T15:11:52.521893
2026-10-01,czwartek,sosnowiec,W sercu dziczy,Helios Sosnowiec,20:20,,,2026-10-01T15:11:52.521893
2026-10-01,czwartek,kielce,100 dni: Misja Zeus,Helios Kielce,08:15,,,2026-10-01T15:11:55.644284
2026-10-01,czwartek,kielce,100 dni: Misja Zeus,Helios Kielce,09:00,,,2026-10-01T15:11:55.644284
2026-10-01,czwartek,kielce,100 dni: Misja Zeus,Helios Kielce,10:15,,,2026-10-01T15:11:55.644284
2026-10-01,czwartek,kielce,100 dni: Misja Zeus,Helios Kielce,16:50,,,2026-10-01T15:11:55.644284
2026-10-01,czwartek,kielce,100 dni: Misja Zeus,Helios Kielce,20:10,,,2026-10-01T15:11:55.644284
2026-10-01,czwartek,kielce,100 dni: Misja Zeus,Multikino Kielce,09:30,,,2026-10-01T15:11:55.644284
2026-10-01,czwartek,kielce,100 dni: Misja Zeus,Multikino Kielce,11:30,,,2026-10-01T15:11:55.644284
2026-10-01,czwartek,kielce,100 dni: Misja Zeus,Multikino Kielce,11:30,,,2026-10-01T15:11:55.644284
2026-10-01,czwartek,kielce,100 dni: Misja Zeus,Multikino Kielce,14:40,,,2026-10-01T15:11:55.644284
2026-10-01,czwartek,kielce,100 dni: Misja Zeus,Multikino Kielce,17:20,,,2026-10-01T15:11:55.644284
2026-10-01,czwartek,kielce,Avengers: Koniec gry - wersja rozszerzona,Multikino Kielce,19:20,,,2026-10-01T15:11:55.644284
2026-10-01,czwartek,kielce,Avengers: Koniec gry (dubbing) - wersja rozszerzona,Multikino Kielce,15:20,,dubbing,2026-10-01T15:11:55.644284
2026-10-01,czwartek,kielce,Dzień dziecka księdza Jana Kaczkowskiego,Helios Kielce,18:00,,,2026-10-01T15:11:55.644284
2026-10-01,czwartek,kielce,Dzień dziecka księdza Jana Kaczkowskiego,Kino Moskwa w Kielcach,17:30,,,2026-10-01T15:11:55.644284
2026-10-01,czwartek,kielce,Dzień dziecka księdza Jana Kaczkowskiego,Multikino Kielce,14:20,,,2026-10-01T15:11:55.644284
2026-10-01,czwartek,kielce,Emma odważna (dubbing),Multikino Kielce,10:00,,dubbing,2026-10-01T15:11:55.644284
2026-10-01,czwartek,kielce,Ernest i Celestyna. Misja muzyka (dubbing),Multikino Kielce,09:45,,dubbing,2026-10-01T15:11:55.644284
2026-10-01,czwartek,kielce,Flavia de Luce (dubbing),Multikino Kielce,13:00,,dubbing,2026-10-01T15:11:55.644284
2026-10-01,czwartek,kielce,Folwark zwierzęcy,Helios Kielce,13:50,,,2026-10-01T15:11:55.644284
2026-10-01,czwartek,kielce,Księga pustyni (dubbing),Multikino Kielce,09:20,,dubbing,2026-10-01T15:11:55.644284
2026-10-01,czwartek,kielce,Lalka,Helios Kielce,08:50,,,2026-10-01T15:11:55.644284
2026-10-01,czwartek,kielce,Lalka,Helios Kielce,09:30,,,2026-10-01T15:11:55.644284
2026-10-01,czwartek,kielce,Lalka,Helios Kielce,10:00,,,2026-10-01T15:11:55.644284
2026-10-01,czwartek,kielce,Lalka,Helios Kielce,11:15,,,2026-10-01T15:11:55.644284
2026-10-01,czwartek,kielce,Lalka,Helios Kielce,12:00,,,2026-10-01T15:11:55.644284
2026-10-01,czwartek,kielce,Lalka,Helios Kielce,12:30,,,2026-10-01T15:11:55.644284
2026-10-01,czwartek,kielce,Lalka,Helios Kielce,15:10,,,2026-10-01T15:11:55.644284
2026-10-01,czwartek,kielce,Lalka,Helios Kielce,15:30,,,2026-10-01T15:11:55.644284
2026-10-01,czwartek,kielce,Lalka,Helios Kielce,17:00,,,2026-10-01T15:11:55.644284
2026-10-01,czwartek,kielce,Lalka,Helios Kielce,18:15,,,2026-10-01T15:11:55.644284
2026-10-01,czwartek,kielce,Lalka,Helios Kielce,19:00,,,2026-10-01T15:11:55.644284
2026-10-01,czwartek,kielce,Lalka,Helios Kielce,20:30,,,2026-10-01T15:11:55.644284
2026-10-01,czwartek,kielce,Lalka,Helios Kielce,21:30,,,2026-10-01T15:11:55.644284
2026-10-01,czwartek,kielce,Lalka,Kino Moskwa w Kielcach,16:00,,,2026-10-01T15:11:55.644284
2026-10-01,czwartek,kielce,Lalka,Multikino Kielce,11:30,,,2026-10-01T15:11:55.644284
2026-10-01,czwartek,kielce,Lalka,Multikino Kielce,11:30,,,2026-10-01T15:11:55.644284
2026-10-01,czwartek,kielce,Lalka,Multikino Kielce,12:15,,,2026-10-01T15:11:55.644284
2026-10-01,czwartek,kielce,Lalka,Multikino Kielce,15:10,,,2026-10-01T15:11:55.644284
2026-10-01,czwartek,kielce,Lalka,Multikino Kielce,16:10,,,2026-10-01T15:11:55.644284
2026-10-01,czwartek,kielce,Lalka,Multikino Kielce,17:10,,,2026-10-01T15:11:55.644284
2026-10-01,czwartek,kielce,Lalka,Multikino Kielce,19:00,,,2026-10-01T15:11:55.644284
2026-10-01,czwartek,kielce,Lalka,Multikino Kielce,19:40,,,2026-10-01T15:11:55.644284
2026-10-01,czwartek,kielce,Lalka,Multikino Kielce,20:40,,,2026-10-01T15:11:55.644284
2026-10-01,czwartek,kielce,Luna i rozgadana świnka,Helios Kielce,08:30,,,2026-10-01T15:11:55.644284
2026-10-01,czwartek,kielce,Luna i rozgadana świnka,Helios Kielce,12:45,,,2026-10-01T15:11:55.644284
2026-10-01,czwartek,kielce,Luna i rozgadana świnka,Helios Kielce,15:00,,,2026-10-01T15:11:55.644284
2026-10-01,czwartek,kielce,Luna i rozgadana świnka (dubbing),Helios Kielce,08:30,,dubbing,2026-10-01T15:11:55.644284
2026-10-01,czwartek,kielce,Luna i rozgadana świnka (dubbing),Helios Kielce,15:00,,dubbing,2026-10-01T15:11:55.644284
2026-10-01,czwartek,kielce,Luna i rozgadana świnka (dubbing),Multikino Kielce,09:10,,dubbing,2026-10-01T15:11:55.644284
2026-10-01,czwartek,kielce,Luna i rozgadana świnka (dubbing),Multikino Kielce,14:35,,dubbing,2026-10-01T15:11:55.644284
2026-10-01,czwartek,kielce,Luna i rozgadana świnka (dubbing),Multikino Kielce,15:45,,dubbing,2026-10-01T15:11:55.644284
2026-10-01,czwartek,kielce,Luna i rozgadana świnka (dubbing),Multikino Kielce,16:50,,dubbing,2026-10-01T15:11:55.644284
2026-10-01,czwartek,kielce,Luna i rozgadana świnka (dubbing),Multikino Kielce,18:00,,dubbing,2026-10-01T15:11:55.644284
2026-10-01,czwartek,kielce,Marsupilami,Helios Kielce,10:15,,,2026-10-01T15:11:55.644284
2026-10-01,czwartek,kielce,Marsupilami,Helios Kielce,12:15,,,2026-10-01T15:11:55.644284
2026-10-01,czwartek,kielce,Marsupilami (dubbing),Multikino Kielce,16:20,,dubbing,2026-10-01T15:11:55.644284
2026-10-01,czwartek,kielce,Mistyczka,Helios Kielce,16:10,,,2026-10-01T15:11:55.644284
2026-10-01,czwartek,kielce,Mistyczka,Kino Moskwa w Kielcach,19:30,,,2026-10-01T15:11:55.644284
2026-10-01,czwartek,kielce,Mistyczka,Multikino Kielce,18:45,,,2026-10-01T15:11:55.644284
2026-10-01,czwartek,kielce,Monterey Pop,Kino Fenomen w Kielcach,18:00,,,2026-10-01T15:11:55.644284
2026-10-01,czwartek,kielce,Nie patrz w dół 2,Multikino Kielce,12:00,,,2026-10-01T15:11:55.644284
2026-10-01,czwartek,kielce,Odyseja,Helios Kielce,19:30,,,2026-10-01T15:11:55.644284
2026-10-01,czwartek,kielce,"Powiedz mi, co czujesz",Multikino Kielce,20:00,,,2026-10-01T15:11:55.644284
2026-10-01,czwartek,kielce,Resident Evil,Helios Kielce,18:30,,,2026-10-01T15:11:55.644284
2026-10-01,czwartek,kielce,Resident Evil,Helios Kielce,20:50,,,2026-10-01T15:11:55.644284
2026-10-01,czwartek,kielce,Resident Evil,Multikino Kielce,11:40,,,2026-10-01T15:11:55.644284
2026-10-01,czwartek,kielce,Resident Evil,Multikino Kielce,19:10,,,2026-10-01T15:11:55.644284
2026-10-01,czwartek,kielce,Resident Evil,Multikino Kielce,21:30,,,2026-10-01T15:11:55.644284
2026-10-01,czwartek,kielce,Sekretne Piętro,Helios Kielce,08:15,,,2026-10-01T15:11:55.644284
2026-10-01,czwartek,kielce,Skrzat. Nowy początek,Helios Kielce,12:40,,,2026-10-01T15:11:55.644284
2026-10-01,czwartek,kielce,Spider-Man. Całkiem nowy dzień,Helios Kielce,10:15,,,2026-10-01T15:11:55.644284
2026-10-01,czwartek,kielce,Spider-Man. Całkiem nowy dzień,Helios Kielce,13:20,,,2026-10-01T15:11:55.644284
2026-10-01,czwartek,kielce,Spider-Man. Całkiem nowy dzień,Multikino Kielce,20:20,,,2026-10-01T15:11:55.644284
2026-10-01,czwartek,kielce,Sunny Dancer,Helios Kielce,11:15,,,2026-10-01T15:11:55.644284
2026-10-01,czwartek,kielce,Sunny Dancer,Multikino Kielce,12:45,,,2026-10-01T15:11:55.644284
2026-10-01,czwartek,kielce,Tedi i magiczna lampa (dubbing),Helios Kielce,14:30,,dubbing,2026-10-01T15:11:55.644284
2026-10-01,czwartek,kielce,Tedi i magiczna lampa (dubbing),Helios Kielce,16:10,,dubbing,2026-10-01T15:11:55.644284
2026-10-01,czwartek,kielce,Tedi i magiczna lampa (dubbing),Kino Moskwa w Kielcach,15:45,,dubbing,2026-10-01T15:11:55.644284
2026-10-01,czwartek,kielce,Tedi i magiczna lampa (dubbing),Multikino Kielce,12:00,,dubbing,2026-10-01T15:11:55.644284
2026-10-01,czwartek,kielce,Trainspotting,Multikino Kielce,21:00,,,2026-10-01T15:11:55.644284
2026-10-01,czwartek,kielce,W sercu dziczy,Helios Kielce,16:20,,,2026-10-01T15:11:55.644284
2026-10-01,czwartek,kielce,W sercu dziczy,Helios Kielce,18:45,,,2026-10-01T15:11:55.644284
2026-10-01,czwartek,kielce,W sercu dziczy,Helios Kielce,21:10,,,2026-10-01T15:11:55.644284
2026-10-01,czwartek,kielce,W sercu dziczy,Multikino Kielce,14:20,,,2026-10-01T15:11:55.644284
2026-10-01,czwartek,kielce,W sercu dziczy,Multikino Kielce,16:40,,,2026-10-01T15:11:55.644284
2026-10-01,czwartek,kielce,W sercu dziczy,Multikino Kielce,19:05,,,2026-10-01T15:11:55.644284
2026-10-01,czwartek,kielce,W sercu dziczy,Multikino Kielce,21:30,,,2026-10-01T15:11:55.644284
2026-10-01,czwartek,kielce,Windą na szafot,Kino Fenomen w Kielcach,18:00,,,2026-10-01T15:11:55.644284
2026-10-01,czwartek,kielce,Zagadka Klary Muu (dubbing),Multikino Kielce,10:00,,dubbing,2026-10-01T15:11:55.644284
2026-10-01,czwartek,gliwice,100 dni: Misja Zeus,Cinema City Gliwice Forum,14:10,,,2026-10-01T15:11:57.941587
2026-10-01,czwartek,gliwice,100 dni: Misja Zeus,Cinema City Gliwice Forum,16:50,,,2026-10-01T15:11:57.941587
2026-10-01,czwartek,gliwice,100 dni: Misja Zeus,Cinema City Gliwice Forum,19:30,,,2026-10-01T15:11:57.941587
2026-10-01,czwartek,gliwice,100 dni: Misja Zeus,Cinema City Gliwice Forum,22:00,,,2026-10-01T15:11:57.941587
2026-10-01,czwartek,gliwice,Avengers: Koniec gry - wersja rozszerzona,Cinema City Gliwice Forum,20:00,,,2026-10-01T15:11:57.941587
2026-10-01,czwartek,gliwice,Avengers: Koniec gry (dubbing) - wersja rozszerzona,Cinema City Gliwice Forum,16:00,,dubbing,2026-10-01T15:11:57.941587
2026-10-01,czwartek,gliwice,Avengers: Koniec gry 3D - wersja rozszerzona,Cinema City Gliwice Forum,19:00,3D,,2026-10-01T15:11:57.941587
2026-10-01,czwartek,gliwice,Avengers: Koniec gry 3D (dubbing) - wersja rozszerzona,Cinema City Gliwice Forum,15:10,3D,dubbing,2026-10-01T15:11:57.941587
2026-10-01,czwartek,gliwice,Dzień dziecka księdza Jana Kaczkowskiego,Cinema City Gliwice Forum,15:20,,,2026-10-01T15:11:57.941587
2026-10-01,czwartek,gliwice,Dzień dziecka księdza Jana Kaczkowskiego,Cinema City Gliwice Forum,18:00,,,2026-10-01T15:11:57.941587
2026-10-01,czwartek,gliwice,Folwark zwierzęcy,Cinema City Gliwice Forum,15:00,,,2026-10-01T15:11:57.941587
2026-10-01,czwartek,gliwice,Folwark zwierzęcy (dubbing),Cinema City Gliwice Forum,15:00,,dubbing,2026-10-01T15:11:57.941587
2026-10-01,czwartek,gliwice,Genia,Kino Amok w Gliwicach,19:15,,,2026-10-01T15:11:57.941587
2026-10-01,czwartek,gliwice,Gwiazdozbiór Psa,Cinema City Gliwice Forum,22:00,,,2026-10-01T15:11:57.941587
2026-10-01,czwartek,gliwice,Hot Spot,Cinema City Gliwice Forum,17:20,,,2026-10-01T15:11:57.941587
2026-10-01,czwartek,gliwice,Hot Spot,Cinema City Gliwice Forum,19:40,,,2026-10-01T15:11:57.941587
2026-10-01,czwartek,gliwice,Kura,Kino Amok w Gliwicach,20:00,,,2026-10-01T15:11:57.941587
2026-10-01,czwartek,gliwice,Lalka,Cinema City Gliwice Forum,14:00,,,2026-10-01T15:11:57.941587
2026-10-01,czwartek,gliwice,Lalka,Cinema City Gliwice Forum,15:00,,,2026-10-01T15:11:57.941587
2026-10-01,czwartek,gliwice,Lalka,Cinema City Gliwice Forum,17:30,,,2026-10-01T15:11:57.941587
2026-10-01,czwartek,gliwice,Lalka,Cinema City Gliwice Forum,19:00,,,2026-10-01T15:11:57.941587
2026-10-01,czwartek,gliwice,Lalka,Cinema City Gliwice Forum,19:00,,,2026-10-01T15:11:57.941587
2026-10-01,czwartek,gliwice,Lalka,Cinema City Gliwice Forum,21:00,,,2026-10-01T15:11:57.941587
2026-10-01,czwartek,gliwice,Lalka,Kino Amok w Gliwicach,16:15,,,2026-10-01T15:11:57.941587
2026-10-01,czwartek,gliwice,Luna i rozgadana świnka (dubbing),Cinema City Gliwice Forum,10:00,,dubbing,2026-10-01T15:11:57.941587
2026-10-01,czwartek,gliwice,Luna i rozgadana świnka (dubbing),Cinema City Gliwice Forum,12:10,,dubbing,2026-10-01T15:11:57.941587
2026-10-01,czwartek,gliwice,Luna i rozgadana świnka (dubbing),Cinema City Gliwice Forum,14:15,,dubbing,2026-10-01T15:11:57.941587
2026-10-01,czwartek,gliwice,Luna i rozgadana świnka (dubbing),Cinema City Gliwice Forum,16:20,,dubbing,2026-10-01T15:11:57.941587
2026-10-01,czwartek,gliwice,Mistyczka,Cinema City Gliwice Forum,16:20,,,2026-10-01T15:11:57.941587
2026-10-01,czwartek,gliwice,Mistyczka,Cinema City Gliwice Forum,19:50,,,2026-10-01T15:11:57.941587
2026-10-01,czwartek,gliwice,Mój pies Barry (dubbing),Cinema City Gliwice Forum,09:00,,dubbing,2026-10-01T15:11:57.941587
2026-10-01,czwartek,gliwice,Naznaczony: Wyjście z mrocznego wymiaru,Cinema City Gliwice Forum,22:15,,,2026-10-01T15:11:57.941587
2026-10-01,czwartek,gliwice,Nie patrz w dół 2,Cinema City Gliwice Forum,22:30,,,2026-10-01T15:11:57.941587
2026-10-01,czwartek,gliwice,Niebo nad Normandią,Cinema City Gliwice Forum,18:20,,,2026-10-01T15:11:57.941587
2026-10-01,czwartek,gliwice,Obcy,Cinema City Gliwice Forum,15:30,,,2026-10-01T15:11:57.941587
2026-10-01,czwartek,gliwice,Obcy,Cinema City Gliwice Forum,21:50,,,2026-10-01T15:11:57.941587
2026-10-01,czwartek,gliwice,Obcy,Kino Amok w Gliwicach,20:15,,,2026-10-01T15:11:57.941587
2026-10-01,czwartek,gliwice,Odyseja,Cinema City Gliwice Forum,18:30,,,2026-10-01T15:11:57.941587
2026-10-01,czwartek,gliwice,"Powiedz mi, co czujesz",Kino Amok w Gliwicach,18:00,,,2026-10-01T15:11:57.941587
2026-10-01,czwartek,gliwice,Resident Evil,Cinema City Gliwice Forum,14:30,,,2026-10-01T15:11:57.941587
2026-10-01,czwartek,gliwice,Resident Evil,Cinema City Gliwice Forum,16:45,,,2026-10-01T15:11:57.941587
2026-10-01,czwartek,gliwice,Resident Evil,Cinema City Gliwice Forum,19:00,,,2026-10-01T15:11:57.941587
2026-10-01,czwartek,gliwice,Resident Evil,Cinema City Gliwice Forum,21:15,,,2026-10-01T15:11:57.941587
2026-10-01,czwartek,gliwice,Spider-Man. Całkiem nowy dzień,Cinema City Gliwice Forum,20:40,,,2026-10-01T15:11:57.941587
2026-10-01,czwartek,gliwice,Tedi i magiczna lampa (dubbing),Cinema City Gliwice Forum,14:10,,dubbing,2026-10-01T15:11:57.941587
2026-10-01,czwartek,gliwice,Tedi i magiczna lampa (dubbing),Cinema City Gliwice Forum,16:30,,dubbing,2026-10-01T15:11:57.941587
2026-10-01,czwartek,gliwice,The Birthday Party,Cinema City Gliwice Forum,17:50,,,2026-10-01T15:11:57.941587
2026-10-01,czwartek,gliwice,The Birthday Party,Cinema City Gliwice Forum,20:20,,,2026-10-01T15:11:57.941587
2026-10-01,czwartek,gliwice,Tony,Cinema City Gliwice Forum,12:50,,,2026-10-01T15:11:57.941587
2026-10-01,czwartek,gliwice,W sercu dziczy,Cinema City Gliwice Forum,14:30,,,2026-10-01T15:11:57.941587
2026-10-01,czwartek,gliwice,W sercu dziczy,Cinema City Gliwice Forum,17:00,,,2026-10-01T15:11:57.941587
2026-10-01,czwartek,gliwice,W sercu dziczy,Cinema City Gliwice Forum,19:30,,,2026-10-01T15:11:57.941587
2026-10-01,czwartek,gliwice,W sercu dziczy,Cinema City Gliwice Forum,22:00,,,2026-10-01T15:11:57.941587
2026-10-01,czwartek,zielona-góra,100 dni: Misja Zeus,Cinema City Zielona Góra,16:10,,,2026-10-01T15:12:01.719349
2026-10-01,czwartek,zielona-góra,Avengers: Koniec gry - wersja rozszerzona,Cinema City Zielona Góra,20:30,,,2026-10-01T15:12:01.719349
2026-10-01,czwartek,zielona-góra,Avengers: Koniec gry (dubbing) - wersja rozszerzona,Cinema City Zielona Góra,16:50,,dubbing,2026-10-01T15:12:01.719349
2026-10-01,czwartek,zielona-góra,Avengers: Koniec gry 3D (dubbing) - wersja rozszerzona,Cinema City Zielona Góra,14:40,3D,dubbing,2026-10-01T15:12:01.719349
2026-10-01,czwartek,zielona-góra,Dzień dziecka księdza Jana Kaczkowskiego,Cinema City Zielona Góra,17:30,,,2026-10-01T15:12:01.719349
2026-10-01,czwartek,zielona-góra,Hot Spot,Cinema City Zielona Góra,18:45,,,2026-10-01T15:12:01.719349
2026-10-01,czwartek,zielona-góra,Lalka,Cinema City Zielona Góra,14:00,,,2026-10-01T15:12:01.719349
2026-10-01,czwartek,zielona-góra,Lalka,Cinema City Zielona Góra,15:00,,,2026-10-01T15:12:01.719349
2026-10-01,czwartek,zielona-góra,Lalka,Cinema City Zielona Góra,17:30,,,2026-10-01T15:12:01.719349
2026-10-01,czwartek,zielona-góra,Lalka,Cinema City Zielona Góra,19:00,,,2026-10-01T15:12:01.719349
2026-10-01,czwartek,zielona-góra,Lalka,Cinema City Zielona Góra,19:00,,,2026-10-01T15:12:01.719349
2026-10-01,czwartek,zielona-góra,Lalka,Cinema City Zielona Góra,21:00,,,2026-10-01T15:12:01.719349
2026-10-01,czwartek,zielona-góra,Luna i rozgadana świnka (dubbing),Cinema City Zielona Góra,12:00,,dubbing,2026-10-01T15:12:01.719349
2026-10-01,czwartek,zielona-góra,Luna i rozgadana świnka (dubbing),Cinema City Zielona Góra,13:20,,dubbing,2026-10-01T15:12:01.719349
2026-10-01,czwartek,zielona-góra,Luna i rozgadana świnka (dubbing),Cinema City Zielona Góra,14:15,,dubbing,2026-10-01T15:12:01.719349
2026-10-01,czwartek,zielona-góra,Ma to sens,Cinema City Zielona Góra,22:00,,,2026-10-01T15:12:01.719349
2026-10-01,czwartek,zielona-góra,Marsupilami (dubbing),Cinema City Zielona Góra,15:20,,dubbing,2026-10-01T15:12:01.719349
2026-10-01,czwartek,zielona-góra,Minionki i straszydła (dubbing),Cinema City Zielona Góra,10:10,,dubbing,2026-10-01T15:12:01.719349
2026-10-01,czwartek,zielona-góra,Niebo nad Normandią,Cinema City Zielona Góra,21:15,,,2026-10-01T15:12:01.719349
2026-10-01,czwartek,zielona-góra,Odyseja,Cinema City Zielona Góra,21:40,,,2026-10-01T15:12:01.719349
2026-10-01,czwartek,zielona-góra,Resident Evil,Cinema City Zielona Góra,18:30,,,2026-10-01T15:12:01.719349
2026-10-01,czwartek,zielona-góra,Resident Evil,Cinema City Zielona Góra,20:50,,,2026-10-01T15:12:01.719349
2026-10-01,czwartek,zielona-góra,Spa Weekend,Cinema City Zielona Góra,16:10,,,2026-10-01T15:12:01.719349
2026-10-01,czwartek,zielona-góra,Spider-Man. Całkiem nowy dzień,Cinema City Zielona Góra,16:00,,,2026-10-01T15:12:01.719349
2026-10-01,czwartek,zielona-góra,The Birthday Party,Cinema City Zielona Góra,19:20,,,2026-10-01T15:12:01.719349
2026-10-01,czwartek,zielona-góra,Totalna magia 2,Cinema City Zielona Góra,16:40,,,2026-10-01T15:12:01.719349
2026-10-01,czwartek,zielona-góra,W sercu dziczy,Cinema City Zielona Góra,14:10,,,2026-10-01T15:12:01.719349
2026-10-01,czwartek,zielona-góra,W sercu dziczy,Cinema City Zielona Góra,19:30,,,2026-10-01T15:12:01.719349
2026-10-01,czwartek,zielona-góra,W sercu dziczy,Cinema City Zielona Góra,20:40,,,2026-10-01T15:12:01.719349
2026-10-01,czwartek,rzeszów,100 dni: Misja Zeus,Helios Galeria Rzeszów,10:40,,,2026-10-01T15:12:04.855537
2026-10-01,czwartek,rzeszów,100 dni: Misja Zeus,Helios Galeria Rzeszów,17:45,,,2026-10-01T15:12:04.855537
2026-10-01,czwartek,rzeszów,100 dni: Misja Zeus,Multikino Rzeszów,14:40,,,2026-10-01T15:12:04.855537
2026-10-01,czwartek,rzeszów,100 dni: Misja Zeus,Multikino Rzeszów,17:20,,,2026-10-01T15:12:04.855537
2026-10-01,czwartek,rzeszów,Avengers: Koniec gry - wersja rozszerzona,Multikino Rzeszów,19:30,,,2026-10-01T15:12:04.855537
2026-10-01,czwartek,rzeszów,Avengers: Koniec gry (dubbing) - wersja rozszerzona,Multikino Rzeszów,15:40,,dubbing,2026-10-01T15:12:04.855537
2026-10-01,czwartek,rzeszów,Dzieci z Bullerbyn,Helios Galeria Rzeszów,09:00,,,2026-10-01T15:12:04.855537
2026-10-01,czwartek,rzeszów,Dzień dziecka księdza Jana Kaczkowskiego,Kino Zorza w Rzeszowie,09:00,,,2026-10-01T15:12:04.855537
2026-10-01,czwartek,rzeszów,Dzień dziecka księdza Jana Kaczkowskiego,Multikino Rzeszów,18:15,,,2026-10-01T15:12:04.855537
2026-10-01,czwartek,rzeszów,Księga pustyni,Helios Galeria Rzeszów,11:15,,,2026-10-01T15:12:04.855537
2026-10-01,czwartek,rzeszów,Kura,Kino Zorza w Rzeszowie,17:30,,,2026-10-01T15:12:04.855537
2026-10-01,czwartek,rzeszów,Lalka,Helios Galeria Rzeszów,08:00,,,2026-10-01T15:12:04.855537
2026-10-01,czwartek,rzeszów,Lalka,Helios Galeria Rzeszów,09:15,,,2026-10-01T15:12:04.855537
2026-10-01,czwartek,rzeszów,Lalka,Helios Galeria Rzeszów,12:30,,,2026-10-01T15:12:04.855537
2026-10-01,czwartek,rzeszów,Lalka,Helios Galeria Rzeszów,14:30,,,2026-10-01T15:12:04.855537
2026-10-01,czwartek,rzeszów,Lalka,Helios Galeria Rzeszów,16:10,,,2026-10-01T15:12:04.855537
2026-10-01,czwartek,rzeszów,Lalka,Helios Galeria Rzeszów,17:00,,,2026-10-01T15:12:04.855537
2026-10-01,czwartek,rzeszów,Lalka,Helios Galeria Rzeszów,18:00,,,2026-10-01T15:12:04.855537
2026-10-01,czwartek,rzeszów,Lalka,Helios Galeria Rzeszów,19:30,,,2026-10-01T15:12:04.855537
2026-10-01,czwartek,rzeszów,Lalka,Helios Galeria Rzeszów,20:45,,,2026-10-01T15:12:04.855537
2026-10-01,czwartek,rzeszów,Lalka,Helios Galeria Rzeszów,21:30,,,2026-10-01T15:12:04.855537
2026-10-01,czwartek,rzeszów,Lalka,Kino za Rogiem Café w Rzeszowie,16:30,,,2026-10-01T15:12:04.855537
2026-10-01,czwartek,rzeszów,Lalka,Kino Zorza w Rzeszowie,09:00,,,2026-10-01T15:12:04.855537
2026-10-01,czwartek,rzeszów,Lalka,Kino Zorza w Rzeszowie,15:00,,,2026-10-01T15:12:04.855537
2026-10-01,czwartek,rzeszów,Lalka,Kino Zorza w Rzeszowie,17:30,,,2026-10-01T15:12:04.855537
2026-10-01,czwartek,rzeszów,Lalka,Multikino Rzeszów,10:00,,,2026-10-01T15:12:04.855537
2026-10-01,czwartek,rzeszów,Lalka,Multikino Rzeszów,12:40,,,2026-10-01T15:12:04.855537
2026-10-01,czwartek,rzeszów,Lalka,Multikino Rzeszów,13:30,,,2026-10-01T15:12:04.855537
2026-10-01,czwartek,rzeszów,Lalka,Multikino Rzeszów,14:55,,,2026-10-01T15:12:04.855537
2026-10-01,czwartek,rzeszów,Lalka,Multikino Rzeszów,16:10,,,2026-10-01T15:12:04.855537
2026-10-01,czwartek,rzeszów,Lalka,Multikino Rzeszów,17:00,,,2026-10-01T15:12:04.855537
2026-10-01,czwartek,rzeszów,Lalka,Multikino Rzeszów,19:00,,,2026-10-01T15:12:04.855537
2026-10-01,czwartek,rzeszów,Lalka,Multikino Rzeszów,19:45,,,2026-10-01T15:12:04.855537
2026-10-01,czwartek,rzeszów,Lalka,Multikino Rzeszów,20:30,,,2026-10-01T15:12:04.855537
2026-10-01,czwartek,rzeszów,Luna i rozgadana świnka,Helios Galeria Rzeszów,11:50,,,2026-10-01T15:12:04.855537
2026-10-01,czwartek,rzeszów,Luna i rozgadana świnka,Helios Galeria Rzeszów,13:00,,,2026-10-01T15:12:04.855537
2026-10-01,czwartek,rzeszów,Luna i rozgadana świnka,Kino Zorza w Rzeszowie,13:30,,,2026-10-01T15:12:04.855537
2026-10-01,czwartek,rzeszów,Luna i rozgadana świnka,Kino Zorza w Rzeszowie,14:00,,,2026-10-01T15:12:04.855537
2026-10-01,czwartek,rzeszów,Luna i rozgadana świnka (dubbing),Helios Galeria Rzeszów,11:50,,dubbing,2026-10-01T15:12:04.855537
2026-10-01,czwartek,rzeszów,Luna i rozgadana świnka (dubbing),Helios Galeria Rzeszów,13:00,,dubbing,2026-10-01T15:12:04.855537
2026-10-01,czwartek,rzeszów,Luna i rozgadana świnka (dubbing),Multikino Rzeszów,13:20,,dubbing,2026-10-01T15:12:04.855537
2026-10-01,czwartek,rzeszów,Luna i rozgadana świnka (dubbing),Multikino Rzeszów,15:35,,dubbing,2026-10-01T15:12:04.855537
2026-10-01,czwartek,rzeszów,Luna i rozgadana świnka (dubbing),Multikino Rzeszów,17:50,,dubbing,2026-10-01T15:12:04.855537
2026-10-01,czwartek,rzeszów,Marsupilami,Kino Zorza w Rzeszowie,09:00,,,2026-10-01T15:12:04.855537
2026-10-01,czwartek,rzeszów,Marsupilami,Multikino Rzeszów,10:20,,,2026-10-01T15:12:04.855537
2026-10-01,czwartek,rzeszów,Marsupilami (dubbing),Multikino Rzeszów,12:40,,dubbing,2026-10-01T15:12:04.855537
2026-10-01,czwartek,rzeszów,Mistyczka,Helios Galeria Rzeszów,20:15,,,2026-10-01T15:12:04.855537
2026-10-01,czwartek,rzeszów,Mistyczka,Kino Zorza w Rzeszowie,14:40,,,2026-10-01T15:12:04.855537
2026-10-01,czwartek,rzeszów,Mistyczka,Multikino Rzeszów,12:15,,,2026-10-01T15:12:04.855537
2026-10-01,czwartek,rzeszów,Niebo nad Normandią,Multikino Rzeszów,13:10,,,2026-10-01T15:12:04.855537
2026-10-01,czwartek,rzeszów,Odyseja,Helios Galeria Rzeszów,15:30,,,2026-10-01T15:12:04.855537
2026-10-01,czwartek,rzeszów,Orlando,Kino Zorza w Rzeszowie,12:30,,,2026-10-01T15:12:04.855537
2026-10-01,czwartek,rzeszów,Orlando,Kino Zorza w Rzeszowie,18:15,,,2026-10-01T15:12:04.855537
2026-10-01,czwartek,rzeszów,"Powiedz mi, co czujesz",Kino Zorza w Rzeszowie,20:10,,,2026-10-01T15:12:04.855537
2026-10-01,czwartek,rzeszów,"Powiedz mi, co czujesz",Multikino Rzeszów,20:00,,,2026-10-01T15:12:04.855537
2026-10-01,czwartek,rzeszów,Pucio kocha zwierzaki,Multikino Rzeszów,12:55,,,2026-10-01T15:12:04.855537
2026-10-01,czwartek,rzeszów,Resident Evil,Helios Galeria Rzeszów,14:00,,,2026-10-01T15:12:04.855537
2026-10-01,czwartek,rzeszów,Resident Evil,Helios Galeria Rzeszów,19:00,,,2026-10-01T15:12:04.855537
2026-10-01,czwartek,rzeszów,Resident Evil,Helios Galeria Rzeszów,21:15,,,2026-10-01T15:12:04.855537
2026-10-01,czwartek,rzeszów,Resident Evil,Multikino Rzeszów,10:00,,,2026-10-01T15:12:04.855537
2026-10-01,czwartek,rzeszów,Resident Evil,Multikino Rzeszów,14:30,,,2026-10-01T15:12:04.855537
2026-10-01,czwartek,rzeszów,Resident Evil,Multikino Rzeszów,16:45,,,2026-10-01T15:12:04.855537
2026-10-01,czwartek,rzeszów,Resident Evil,Multikino Rzeszów,19:10,,,2026-10-01T15:12:04.855537
2026-10-01,czwartek,rzeszów,Resident Evil,Multikino Rzeszów,21:30,,,2026-10-01T15:12:04.855537
2026-10-01,czwartek,rzeszów,Spider-Man. Całkiem nowy dzień,Helios Galeria Rzeszów,09:40,,,2026-10-01T15:12:04.855537
2026-10-01,czwartek,rzeszów,Spider-Man. Całkiem nowy dzień,Helios Galeria Rzeszów,15:10,,,2026-10-01T15:12:04.855537
2026-10-01,czwartek,rzeszów,Spider-Man. Całkiem nowy dzień,Multikino Rzeszów,20:10,,,2026-10-01T15:12:04.855537
2026-10-01,czwartek,rzeszów,Spider-Man. Całkiem nowy dzień (dubbing),Multikino Rzeszów,10:00,,dubbing,2026-10-01T15:12:04.855537
2026-10-01,czwartek,rzeszów,Spider-Man. Całkiem nowy dzień (dubbing),Multikino Rzeszów,15:00,,dubbing,2026-10-01T15:12:04.855537
2026-10-01,czwartek,rzeszów,Tedi i magiczna lampa (dubbing),Helios Galeria Rzeszów,12:15,,dubbing,2026-10-01T15:12:04.855537
2026-10-01,czwartek,rzeszów,Tedi i magiczna lampa (dubbing),Helios Galeria Rzeszów,17:10,,dubbing,2026-10-01T15:12:04.855537
2026-10-01,czwartek,rzeszów,Tedi i magiczna lampa (dubbing),Kino Zorza w Rzeszowie,11:00,,dubbing,2026-10-01T15:12:04.855537
2026-10-01,czwartek,rzeszów,Tedi i magiczna lampa (dubbing),Kino Zorza w Rzeszowie,16:30,,dubbing,2026-10-01T15:12:04.855537
2026-10-01,czwartek,rzeszów,Tedi i magiczna lampa (dubbing),Multikino Rzeszów,10:15,,dubbing,2026-10-01T15:12:04.855537
2026-10-01,czwartek,rzeszów,The Birthday Party,Kino Zorza w Rzeszowie,19:30,,,2026-10-01T15:12:04.855537
2026-10-01,czwartek,rzeszów,Trainspotting,Multikino Rzeszów,20:20,,,2026-10-01T15:12:04.855537
2026-10-01,czwartek,rzeszów,W sercu dziczy,Helios Galeria Rzeszów,14:40,,,2026-10-01T15:12:04.855537
2026-10-01,czwartek,rzeszów,W sercu dziczy,Helios Galeria Rzeszów,19:20,,,2026-10-01T15:12:04.855537
2026-10-01,czwartek,rzeszów,W sercu dziczy,Helios Galeria Rzeszów,21:45,,,2026-10-01T15:12:04.855537
2026-10-01,czwartek,rzeszów,W sercu dziczy,Kino Zorza w Rzeszowie,15:40,,,2026-10-01T15:12:04.855537
2026-10-01,czwartek,rzeszów,W sercu dziczy,Kino Zorza w Rzeszowie,20:20,,,2026-10-01T15:12:04.855537
2026-10-01,czwartek,rzeszów,W sercu dziczy,Multikino Rzeszów,10:00,,,2026-10-01T15:12:04.855537
2026-10-01,czwartek,rzeszów,W sercu dziczy,Multikino Rzeszów,14:00,,,2026-10-01T15:12:04.855537
2026-10-01,czwartek,rzeszów,W sercu dziczy,Multikino Rzeszów,16:20,,,2026-10-01T15:12:04.855537
2026-10-01,czwartek,rzeszów,W sercu dziczy,Multikino Rzeszów,18:45,,,2026-10-01T15:12:04.855537
2026-10-01,czwartek,rzeszów,W sercu dziczy,Multikino Rzeszów,21:10,,,2026-10-01T15:12:04.855537
2026-10-01,czwartek,rzeszów,Wujowy dwór,Kino za Rogiem Café w Rzeszowie,19:00,,,2026-10-01T15:12:04.855537
2026-10-01,czwartek,toruń,100 dni: Misja Zeus,Cinema City Toruń Czerwona Droga,15:00,,,2026-10-01T15:12:06.943203
2026-10-01,czwartek,toruń,100 dni: Misja Zeus,Cinema City Toruń Czerwona Droga,17:40,,,2026-10-01T15:12:06.943203
2026-10-01,czwartek,toruń,100 dni: Misja Zeus,Cinema City Toruń Plaza,16:20,,,2026-10-01T15:12:06.943203
2026-10-01,czwartek,toruń,Avengers: Koniec gry - wersja rozszerzona,Cinema City Toruń Czerwona Droga,18:40,,,2026-10-01T15:12:06.943203
2026-10-01,czwartek,toruń,Avengers: Koniec gry - wersja rozszerzona,Cinema City Toruń Czerwona Droga,20:45,,,2026-10-01T15:12:06.943203
2026-10-01,czwartek,toruń,Avengers: Koniec gry - wersja rozszerzona,Cinema City Toruń Plaza,20:00,,,2026-10-01T15:12:06.943203
2026-10-01,czwartek,toruń,Avengers: Koniec gry (dubbing) - wersja rozszerzona,Cinema City Toruń Czerwona Droga,14:45,,dubbing,2026-10-01T15:12:06.943203
2026-10-01,czwartek,toruń,Avengers: Koniec gry 3D - wersja rozszerzona,Cinema City Toruń Czerwona Droga,17:00,3D,,2026-10-01T15:12:06.943203
2026-10-01,czwartek,toruń,Avengers: Koniec gry 3D - wersja rozszerzona,Cinema City Toruń Plaza,16:10,3D,,2026-10-01T15:12:06.943203
2026-10-01,czwartek,toruń,Dzień dziecka księdza Jana Kaczkowskiego,Cinema City Toruń Czerwona Droga,16:15,,,2026-10-01T15:12:06.943203
2026-10-01,czwartek,toruń,Dzień dziecka księdza Jana Kaczkowskiego,Cinema City Toruń Plaza,12:15,,,2026-10-01T15:12:06.943203
2026-10-01,czwartek,toruń,Folwark zwierzęcy,Cinema City Toruń Czerwona Droga,10:00,,,2026-10-01T15:12:06.943203
2026-10-01,czwartek,toruń,Folwark zwierzęcy (dubbing),Cinema City Toruń Czerwona Droga,10:00,,dubbing,2026-10-01T15:12:06.943203
2026-10-01,czwartek,toruń,Hot Spot,Cinema City Toruń Czerwona Droga,20:10,,,2026-10-01T15:12:06.943203
2026-10-01,czwartek,toruń,Kręciołek (dubbing),Kino Centrum w Toruniu,13:30,,dubbing,2026-10-01T15:12:06.943203
2026-10-01,czwartek,toruń,Kura,Kino Centrum w Toruniu,15:00,,,2026-10-01T15:12:06.943203
2026-10-01,czwartek,toruń,Lalka,Cinema City Toruń Czerwona Droga,14:30,,,2026-10-01T15:12:06.943203
2026-10-01,czwartek,toruń,Lalka,Cinema City Toruń Czerwona Droga,16:00,,,2026-10-01T15:12:06.943203
2026-10-01,czwartek,toruń,Lalka,Cinema City Toruń Czerwona Droga,18:00,,,2026-10-01T15:12:06.943203
2026-10-01,czwartek,toruń,Lalka,Cinema City Toruń Czerwona Droga,19:30,,,2026-10-01T15:12:06.943203
2026-10-01,czwartek,toruń,Lalka,Cinema City Toruń Czerwona Droga,20:20,,,2026-10-01T15:12:06.943203
2026-10-01,czwartek,toruń,Lalka,Cinema City Toruń Czerwona Droga,21:30,,,2026-10-01T15:12:06.943203
2026-10-01,czwartek,toruń,Lalka,Cinema City Toruń Plaza,14:00,,,2026-10-01T15:12:06.943203
2026-10-01,czwartek,toruń,Lalka,Cinema City Toruń Plaza,15:00,,,2026-10-01T15:12:06.943203
2026-10-01,czwartek,toruń,Lalka,Cinema City Toruń Plaza,17:30,,,2026-10-01T15:12:06.943203
2026-10-01,czwartek,toruń,Lalka,Cinema City Toruń Plaza,18:00,,,2026-10-01T15:12:06.943203
2026-10-01,czwartek,toruń,Lalka,Cinema City Toruń Plaza,19:00,,,2026-10-01T15:12:06.943203
2026-10-01,czwartek,toruń,Lalka,Cinema City Toruń Plaza,19:30,,,2026-10-01T15:12:06.943203
2026-10-01,czwartek,toruń,Lalka,Cinema City Toruń Plaza,21:00,,,2026-10-01T15:12:06.943203
2026-10-01,czwartek,toruń,Lalka,Kino Centrum w Toruniu,17:00,,,2026-10-01T15:12:06.943203
2026-10-01,czwartek,toruń,Lalka (seans z audiodeskrypcją),Cinema City Toruń Czerwona Droga,20:20,,,2026-10-01T15:12:06.943203
2026-10-01,czwartek,toruń,Luna i rozgadana świnka (dubbing),Cinema City Toruń Czerwona Droga,12:30,,dubbing,2026-10-01T15:12:06.943203
2026-10-01,czwartek,toruń,Luna i rozgadana świnka (dubbing),Cinema City Toruń Czerwona Droga,15:50,,dubbing,2026-10-01T15:12:06.943203
2026-10-01,czwartek,toruń,Luna i rozgadana świnka (dubbing),Cinema City Toruń Czerwona Droga,18:00,,dubbing,2026-10-01T15:12:06.943203
2026-10-01,czwartek,toruń,Luna i rozgadana świnka (dubbing),Cinema City Toruń Plaza,12:10,,dubbing,2026-10-01T15:12:06.943203
2026-10-01,czwartek,toruń,Luna i rozgadana świnka (dubbing),Cinema City Toruń Plaza,14:20,,dubbing,2026-10-01T15:12:06.943203
2026-10-01,czwartek,toruń,Luna i rozgadana świnka (dubbing),Cinema City Toruń Plaza,16:30,,dubbing,2026-10-01T15:12:06.943203
2026-10-01,czwartek,toruń,Ma to sens,Cinema City Toruń Czerwona Droga,18:10,,,2026-10-01T15:12:06.943203
2026-10-01,czwartek,toruń,Marsupilami (dubbing),Cinema City Toruń Plaza,14:15,,dubbing,2026-10-01T15:12:06.943203
2026-10-01,czwartek,toruń,Marsupilami (dubbing),Cinema City Toruń Plaza,16:40,,dubbing,2026-10-01T15:12:06.943203
2026-10-01,czwartek,toruń,Mistyczka,Cinema City Toruń Czerwona Droga,14:40,,,2026-10-01T15:12:06.943203
2026-10-01,czwartek,toruń,Niebo nad Normandią,Cinema City Toruń Czerwona Droga,20:15,,,2026-10-01T15:12:06.943203
2026-10-01,czwartek,toruń,Niebo nad Normandią,Cinema City Toruń Plaza,21:30,,,2026-10-01T15:12:06.943203
2026-10-01,czwartek,toruń,Obcy,Cinema City Toruń Czerwona Droga,21:30,,,2026-10-01T15:12:06.943203
2026-10-01,czwartek,toruń,Obcy,Kino Centrum w Toruniu,20:00,,,2026-10-01T15:12:06.943203
2026-10-01,czwartek,toruń,"Powiedz mi, co czujesz",Cinema City Toruń Czerwona Droga,13:30,,,2026-10-01T15:12:06.943203
2026-10-01,czwartek,toruń,Psi Patrol i dinozaury (dubbing),Cinema City Toruń Plaza,11:30,,dubbing,2026-10-01T15:12:06.943203
2026-10-01,czwartek,toruń,Pucio kocha zwierzaki,Cinema City Toruń Czerwona Droga,14:00,,,2026-10-01T15:12:06.943203
2026-10-01,czwartek,toruń,Resident Evil,Cinema City Toruń Czerwona Droga,14:30,,,2026-10-01T15:12:06.943203
2026-10-01,czwartek,toruń,Resident Evil,Cinema City Toruń Czerwona Droga,16:45,,,2026-10-01T15:12:06.943203
2026-10-01,czwartek,toruń,Resident Evil,Cinema City Toruń Czerwona Droga,18:15,,,2026-10-01T15:12:06.943203
2026-10-01,czwartek,toruń,Resident Evil,Cinema City Toruń Czerwona Droga,20:30,,,2026-10-01T15:12:06.943203
2026-10-01,czwartek,toruń,Resident Evil,Cinema City Toruń Plaza,16:00,,,2026-10-01T15:12:06.943203
2026-10-01,czwartek,toruń,Resident Evil,Cinema City Toruń Plaza,18:15,,,2026-10-01T15:12:06.943203
2026-10-01,czwartek,toruń,Resident Evil,Cinema City Toruń Plaza,20:30,,,2026-10-01T15:12:06.943203
2026-10-01,czwartek,toruń,Resident Evil,Cinema City Toruń Plaza,21:15,,,2026-10-01T15:12:06.943203
2026-10-01,czwartek,toruń,Spider-Man. Całkiem nowy dzień (dubbing),Cinema City Toruń Czerwona Droga,16:00,,dubbing,2026-10-01T15:12:06.943203
2026-10-01,czwartek,toruń,Spider-Man. Całkiem nowy dzień (dubbing),Cinema City Toruń Czerwona Droga,19:10,,dubbing,2026-10-01T15:12:06.943203
2026-10-01,czwartek,toruń,Spider-Man. Całkiem nowy dzień (dubbing),Cinema City Toruń Plaza,18:30,,dubbing,2026-10-01T15:12:06.943203
2026-10-01,czwartek,toruń,Tedi i magiczna lampa (dubbing),Cinema City Toruń Plaza,11:00,,dubbing,2026-10-01T15:12:06.943203
2026-10-01,czwartek,toruń,The Birthday Party,Cinema City Toruń Czerwona Droga,19:00,,,2026-10-01T15:12:06.943203
2026-10-01,czwartek,toruń,Totalna magia 2 (dubbing),Cinema City Toruń Plaza,13:20,,dubbing,2026-10-01T15:12:06.943203
2026-10-01,czwartek,toruń,W sercu dziczy,Cinema City Toruń Czerwona Droga,15:45,,,2026-10-01T15:12:06.943203
2026-10-01,czwartek,toruń,W sercu dziczy,Cinema City Toruń Czerwona Droga,17:10,,,2026-10-01T15:12:06.943203
2026-10-01,czwartek,toruń,W sercu dziczy,Cinema City Toruń Czerwona Droga,19:40,,,2026-10-01T15:12:06.943203
2026-10-01,czwartek,toruń,W sercu dziczy,Cinema City Toruń Czerwona Droga,22:00,,,2026-10-01T15:12:06.943203
2026-10-01,czwartek,toruń,W sercu dziczy,Cinema City Toruń Plaza,19:00,,,2026-10-01T15:12:06.943203
