date,day,city,movie_title,cinema_name,time,format,language,scraped_at
2026-09-07,poniedzialek,warszawa,100 dni: Misja Zeus,Cinema City Warszawa Arkadia,18:30,,,2026-09-07T14:02:59.827104
2026-09-07,poniedzialek,warszawa,100 dni: Misja Zeus,Cinema City Warszawa Galeria Mokotów,18:30,,,2026-09-07T14:02:59.827104
2026-09-07,poniedzialek,warszawa,100 dni: Misja Zeus,Cinema City Warszawa Promenada,18:30,,,2026-09-07T14:02:59.827104
2026-09-07,poniedzialek,warszawa,100 dni: Misja Zeus,Cinema City Warszawa Sadyba,18:30,,,2026-09-07T14:02:59.827104
2026-09-07,poniedzialek,warszawa,100 dni: Misja Zeus,Helios Warszawa Blue City,18:30,,,2026-09-07T14:02:59.827104
2026-09-07,poniedzialek,warszawa,100 dni: Misja Zeus,Multikino Atrium Reduta w Warszawie,18:30,,,2026-09-07T14:02:59.827104
2026-09-07,poniedzialek,warszawa,100 dni: Misja Zeus,Multikino Młociny,18:30,,,2026-09-07T14:02:59.827104
2026-09-07,poniedzialek,warszawa,100 dni: Misja Zeus,Multikino Targówek,18:30,,,2026-09-07T14:02:59.827104
2026-09-07,poniedzialek,warszawa,100 dni: Misja Zeus,Multikino Wola,18:30,,,2026-09-07T14:02:59.827104
2026-09-07,poniedzialek,warszawa,100 dni: Misja Zeus,Multikino Złote Tarasy,18:30,,,2026-09-07T14:02:59.827104
2026-09-07,poniedzialek,warszawa,500 mil,Cinema City Warszawa Arkadia,12:40,,,2026-09-07T14:02:59.827104
2026-09-07,poniedzialek,warszawa,500 mil,Cinema City Warszawa Arkadia,15:00,,,2026-09-07T14:02:59.827104
2026-09-07,poniedzialek,warszawa,500 mil,Cinema City Warszawa Arkadia,19:50,,,2026-09-07T14:02:59.827104
2026-09-07,poniedzialek,warszawa,500 mil,Cinema City Warszawa Bemowo,15:20,,,2026-09-07T14:02:59.827104
2026-09-07,poniedzialek,warszawa,500 mil,Cinema City Warszawa Bemowo,17:45,,,2026-09-07T14:02:59.827104
2026-09-07,poniedzialek,warszawa,500 mil,Cinema City Warszawa Bemowo,20:10,,,2026-09-07T14:02:59.827104
2026-09-07,poniedzialek,warszawa,500 mil,Cinema City Warszawa Galeria Mokotów,14:30,,,2026-09-07T14:02:59.827104
2026-09-07,poniedzialek,warszawa,500 mil,Cinema City Warszawa Galeria Mokotów,18:00,,,2026-09-07T14:02:59.827104
2026-09-07,poniedzialek,warszawa,500 mil,Cinema City Warszawa Galeria Mokotów,20:30,,,2026-09-07T14:02:59.827104
2026-09-07,poniedzialek,warszawa,500 mil,Cinema City Warszawa Galeria Północna,17:40,,,2026-09-07T14:02:59.827104
2026-09-07,poniedzialek,warszawa,500 mil,Cinema City Warszawa Galeria Północna,20:00,,,2026-09-07T14:02:59.827104
2026-09-07,poniedzialek,warszawa,500 mil,Cinema City Warszawa Promenada,14:50,,,2026-09-07T14:02:59.827104
2026-09-07,poniedzialek,warszawa,500 mil,Cinema City Warszawa Promenada,17:10,,,2026-09-07T14:02:59.827104
2026-09-07,poniedzialek,warszawa,500 mil,Cinema City Warszawa Promenada,19:30,,,2026-09-07T14:02:59.827104
2026-09-07,poniedzialek,warszawa,500 mil,Cinema City Warszawa Sadyba,16:50,,,2026-09-07T14:02:59.827104
2026-09-07,poniedzialek,warszawa,500 mil,Cinema City Warszawa Sadyba,19:15,,,2026-09-07T14:02:59.827104
2026-09-07,poniedzialek,warszawa,500 mil,Cinema City Warszawa Sadyba,21:40,,,2026-09-07T14:02:59.827104
2026-09-07,poniedzialek,warszawa,500 mil,Helios Warszawa Blue City,13:50,,,2026-09-07T14:02:59.827104
2026-09-07,poniedzialek,warszawa,500 mil,Helios Warszawa Blue City,17:45,,,2026-09-07T14:02:59.827104
2026-09-07,poniedzialek,warszawa,500 mil,Kino Atlantic w Warszawie,11:30,,,2026-09-07T14:02:59.827104
2026-09-07,poniedzialek,warszawa,500 mil,Kino Atlantic w Warszawie,13:30,,,2026-09-07T14:02:59.827104
2026-09-07,poniedzialek,warszawa,500 mil,Kino Głębocka 66 w Warszawie,20:00,,,2026-09-07T14:02:59.827104
2026-09-07,poniedzialek,warszawa,500 mil,Kino Kultura w Warszawie,13:00,,,2026-09-07T14:02:59.827104
2026-09-07,poniedzialek,warszawa,500 mil,Kino Luna w Warszawie,18:15,,,2026-09-07T14:02:59.827104
2026-09-07,poniedzialek,warszawa,500 mil,Kino na Boku - Białołęcki Ośrodek Kultury w Warszawie,20:00,,,2026-09-07T14:02:59.827104
2026-09-07,poniedzialek,warszawa,500 mil,Kinokawiarnia Stacja Falenica w Warszawie,18:15,,,2026-09-07T14:02:59.827104
2026-09-07,poniedzialek,warszawa,500 mil,Kinoteka w Warszawie,18:35,,,2026-09-07T14:02:59.827104
2026-09-07,poniedzialek,warszawa,500 mil,Multikino Młociny,17:30,,,2026-09-07T14:02:59.827104
2026-09-07,poniedzialek,warszawa,500 mil,Multikino Targówek,18:25,,,2026-09-07T14:02:59.827104
2026-09-07,poniedzialek,warszawa,500 mil,NoveKino Wisła w Warszawie,16:10,,,2026-09-07T14:02:59.827104
2026-09-07,poniedzialek,warszawa,500 mil (lektor),Kino Kultura w Warszawie,13:00,,lektor,2026-09-07T14:02:59.827104
2026-09-07,poniedzialek,warszawa,Absolwent,Kino Atlantic w Warszawie,18:00,,,2026-09-07T14:02:59.827104
2026-09-07,poniedzialek,warszawa,Absolwent,NoveKino Wisła w Warszawie,14:00,,,2026-09-07T14:02:59.827104
2026-09-07,poniedzialek,warszawa,André Rieu. Niech żyje Maastricht!,Helios Warszawa Blue City,18:00,,,2026-09-07T14:02:59.827104
2026-09-07,poniedzialek,warszawa,Asterix i Obelix: Misja Kleopatra,Kino Atlantic w Warszawie,15:45,,,2026-09-07T14:02:59.827104
2026-09-07,poniedzialek,warszawa,Asterix i Obelix: Misja Kleopatra,Kino Luna w Warszawie,20:30,,,2026-09-07T14:02:59.827104
2026-09-07,poniedzialek,warszawa,Asterix i Obelix: Misja Kleopatra (dubbing),Cinema City Warszawa Arkadia,15:40,,dubbing,2026-09-07T14:02:59.827104
2026-09-07,poniedzialek,warszawa,Asterix i Obelix: Misja Kleopatra (dubbing),Cinema City Warszawa Bemowo,13:00,,dubbing,2026-09-07T14:02:59.827104
2026-09-07,poniedzialek,warszawa,Asterix i Obelix: Misja Kleopatra (dubbing),Cinema City Warszawa Bemowo,15:30,,dubbing,2026-09-07T14:02:59.827104
2026-09-07,poniedzialek,warszawa,Asterix i Obelix: Misja Kleopatra (dubbing),Cinema City Warszawa Bemowo,18:00,,dubbing,2026-09-07T14:02:59.827104
2026-09-07,poniedzialek,warszawa,Asterix i Obelix: Misja Kleopatra (dubbing),Cinema City Warszawa Galeria Mokotów,10:45,,dubbing,2026-09-07T14:02:59.827104
2026-09-07,poniedzialek,warszawa,Asterix i Obelix: Misja Kleopatra (dubbing),Cinema City Warszawa Galeria Mokotów,13:20,,dubbing,2026-09-07T14:02:59.827104
2026-09-07,poniedzialek,warszawa,Asterix i Obelix: Misja Kleopatra (dubbing),Cinema City Warszawa Galeria Mokotów,15:50,,dubbing,2026-09-07T14:02:59.827104
2026-09-07,poniedzialek,warszawa,Asterix i Obelix: Misja Kleopatra (dubbing),Cinema City Warszawa Galeria Mokotów,18:20,,dubbing,2026-09-07T14:02:59.827104
2026-09-07,poniedzialek,warszawa,Asterix i Obelix: Misja Kleopatra (dubbing),Cinema City Warszawa Galeria Północna,18:00,,dubbing,2026-09-07T14:02:59.827104
2026-09-07,poniedzialek,warszawa,Asterix i Obelix: Misja Kleopatra (dubbing),Cinema City Warszawa Promenada,13:00,,dubbing,2026-09-07T14:02:59.827104
2026-09-07,poniedzialek,warszawa,Asterix i Obelix: Misja Kleopatra (dubbing),Cinema City Warszawa Promenada,15:30,,dubbing,2026-09-07T14:02:59.827104
2026-09-07,poniedzialek,warszawa,Asterix i Obelix: Misja Kleopatra (dubbing),Cinema City Warszawa Promenada,18:00,,dubbing,2026-09-07T14:02:59.827104
2026-09-07,poniedzialek,warszawa,Asterix i Obelix: Misja Kleopatra (dubbing),Cinema City Warszawa Sadyba,18:00,,dubbing,2026-09-07T14:02:59.827104
2026-09-07,poniedzialek,warszawa,Asterix i Obelix: Misja Kleopatra (dubbing),Cinema City Warszawa Sadyba,20:30,,dubbing,2026-09-07T14:02:59.827104
2026-09-07,poniedzialek,warszawa,Asterix i Obelix: Misja Kleopatra (dubbing),Multikino Atrium Reduta w Warszawie,15:40,,dubbing,2026-09-07T14:02:59.827104
2026-09-07,poniedzialek,warszawa,Asterix i Obelix: Misja Kleopatra (dubbing),Multikino Młociny,17:40,,dubbing,2026-09-07T14:02:59.827104
2026-09-07,poniedzialek,warszawa,Asterix i Obelix: Misja Kleopatra (dubbing),Multikino Targówek,15:10,,dubbing,2026-09-07T14:02:59.827104
2026-09-07,poniedzialek,warszawa,Asterix i Obelix: Misja Kleopatra (dubbing),Multikino Targówek,17:35,,dubbing,2026-09-07T14:02:59.827104
2026-09-07,poniedzialek,warszawa,Asterix i Obelix: Misja Kleopatra (dubbing),Multikino Wola,15:40,,dubbing,2026-09-07T14:02:59.827104
2026-09-07,poniedzialek,warszawa,Asterix i Obelix: Misja Kleopatra (dubbing),Multikino Złote Tarasy,10:40,,dubbing,2026-09-07T14:02:59.827104
2026-09-07,poniedzialek,warszawa,Asterix i Obelix: Misja Kleopatra (dubbing),Multikino Złote Tarasy,11:35,,dubbing,2026-09-07T14:02:59.827104
2026-09-07,poniedzialek,warszawa,Asterix i Obelix: Misja Kleopatra (dubbing),NoveKino Wisła w Warszawie,18:10,,dubbing,2026-09-07T14:02:59.827104
2026-09-07,poniedzialek,warszawa,Auta,Cinema City Warszawa Arkadia,11:40,,,2026-09-07T14:02:59.827104
2026-09-07,poniedzialek,warszawa,Auta,Cinema City Warszawa Arkadia,14:20,,,2026-09-07T14:02:59.827104
2026-09-07,poniedzialek,warszawa,Auta,Cinema City Warszawa Arkadia,15:40,,,2026-09-07T14:02:59.827104
2026-09-07,poniedzialek,warszawa,Auta,Cinema City Warszawa Arkadia,17:00,,,2026-09-07T14:02:59.827104
2026-09-07,poniedzialek,warszawa,Auta,Cinema City Warszawa Bemowo,11:40,,,2026-09-07T14:02:59.827104
2026-09-07,poniedzialek,warszawa,Auta,Cinema City Warszawa Bemowo,14:20,,,2026-09-07T14:02:59.827104
2026-09-07,poniedzialek,warszawa,Auta,Cinema City Warszawa Bemowo,17:00,,,2026-09-07T14:02:59.827104
2026-09-07,poniedzialek,warszawa,Auta,Cinema City Warszawa Galeria Mokotów,12:10,,,2026-09-07T14:02:59.827104
2026-09-07,poniedzialek,warszawa,Auta,Cinema City Warszawa Galeria Mokotów,14:50,,,2026-09-07T14:02:59.827104
2026-09-07,poniedzialek,warszawa,Auta,Cinema City Warszawa Galeria Mokotów,17:30,,,2026-09-07T14:02:59.827104
2026-09-07,poniedzialek,warszawa,Auta,Cinema City Warszawa Galeria Północna,11:40,,,2026-09-07T14:02:59.827104
2026-09-07,poniedzialek,warszawa,Auta,Cinema City Warszawa Galeria Północna,14:20,,,2026-09-07T14:02:59.827104
2026-09-07,poniedzialek,warszawa,Auta,Cinema City Warszawa Galeria Północna,17:00,,,2026-09-07T14:02:59.827104
2026-09-07,poniedzialek,warszawa,Auta,Cinema City Warszawa Promenada,10:20,,,2026-09-07T14:02:59.827104
2026-09-07,poniedzialek,warszawa,Auta,Cinema City Warszawa Promenada,11:40,,,2026-09-07T14:02:59.827104
2026-09-07,poniedzialek,warszawa,Auta,Cinema City Warszawa Promenada,14:20,,,2026-09-07T14:02:59.827104
2026-09-07,poniedzialek,warszawa,Auta,Cinema City Warszawa Promenada,17:00,,,2026-09-07T14:02:59.827104
2026-09-07,poniedzialek,warszawa,Auta,Cinema City Warszawa Sadyba,11:40,,,2026-09-07T14:02:59.827104
2026-09-07,poniedzialek,warszawa,Auta,Cinema City Warszawa Sadyba,14:20,,,2026-09-07T14:02:59.827104
2026-09-07,poniedzialek,warszawa,Auta,Cinema City Warszawa Sadyba,17:00,,,2026-09-07T14:02:59.827104
2026-09-07,poniedzialek,warszawa,Auta,Kinoteka w Warszawie,16:15,,,2026-09-07T14:02:59.827104
2026-09-07,poniedzialek,warszawa,Auta,Multikino Atrium Reduta w Warszawie,11:40,,,2026-09-07T14:02:59.827104
2026-09-07,poniedzialek,warszawa,Auta,Multikino Atrium Reduta w Warszawie,14:25,,,2026-09-07T14:02:59.827104
2026-09-07,poniedzialek,warszawa,Auta,Multikino Atrium Reduta w Warszawie,17:10,,,2026-09-07T14:02:59.827104
2026-09-07,poniedzialek,warszawa,Auta,Multikino Młociny,10:20,,,2026-09-07T14:02:59.827104
2026-09-07,poniedzialek,warszawa,Auta,Multikino Młociny,12:15,,,2026-09-07T14:02:59.827104
2026-09-07,poniedzialek,warszawa,Auta,Multikino Młociny,15:00,,,2026-09-07T14:02:59.827104
2026-09-07,poniedzialek,warszawa,Auta,Multikino Młociny,17:45,,,2026-09-07T14:02:59.827104
2026-09-07,poniedzialek,warszawa,Auta,Multikino Targówek,10:30,,,2026-09-07T14:02:59.827104
2026-09-07,poniedzialek,warszawa,Auta,Multikino Targówek,12:30,,,2026-09-07T14:02:59.827104
2026-09-07,poniedzialek,warszawa,Auta,Multikino Targówek,15:15,,,2026-09-07T14:02:59.827104
2026-09-07,poniedzialek,warszawa,Auta,Multikino Targówek,18:00,,,2026-09-07T14:02:59.827104
2026-09-07,poniedzialek,warszawa,Auta,Multikino Wola,11:50,,,2026-09-07T14:02:59.827104
2026-09-07,poniedzialek,warszawa,Auta,Multikino Wola,14:35,,,2026-09-07T14:02:59.827104
2026-09-07,poniedzialek,warszawa,Auta,Multikino Złote Tarasy,12:10,,,2026-09-07T14:02:59.827104
2026-09-07,poniedzialek,warszawa,Auta,Multikino Złote Tarasy,14:50,,,2026-09-07T14:02:59.827104
2026-09-07,poniedzialek,warszawa,Auta,Multikino Złote Tarasy,17:35,,,2026-09-07T14:02:59.827104
2026-09-07,poniedzialek,warszawa,Bez wyjścia,Kinoteka w Warszawie,18:00,,,2026-09-07T14:02:59.827104
2026-09-07,poniedzialek,warszawa,Bogaci i martwi,Cinema City Warszawa Arkadia,13:20,,,2026-09-07T14:02:59.827104
2026-09-07,poniedzialek,warszawa,Buntownik,Cinema City Warszawa Arkadia,19:00,,,2026-09-07T14:02:59.827104
2026-09-07,poniedzialek,warszawa,Buntownik,Cinema City Warszawa Arkadia,21:20,,,2026-09-07T14:02:59.827104
2026-09-07,poniedzialek,warszawa,Buntownik,Cinema City Warszawa Bemowo,21:50,,,2026-09-07T14:02:59.827104
2026-09-07,poniedzialek,warszawa,Buntownik,Cinema City Warszawa Galeria Północna,14:50,,,2026-09-07T14:02:59.827104
2026-09-07,poniedzialek,warszawa,Buntownik,Cinema City Warszawa Galeria Północna,17:10,,,2026-09-07T14:02:59.827104
2026-09-07,poniedzialek,warszawa,Buntownik,Cinema City Warszawa Promenada,16:10,,,2026-09-07T14:02:59.827104
2026-09-07,poniedzialek,warszawa,Buntownik,Cinema City Warszawa Promenada,20:30,,,2026-09-07T14:02:59.827104
2026-09-07,poniedzialek,warszawa,Buntownik,Multikino Młociny,15:10,,,2026-09-07T14:02:59.827104
2026-09-07,poniedzialek,warszawa,Buntownik,Multikino Targówek,20:50,,,2026-09-07T14:02:59.827104
2026-09-07,poniedzialek,warszawa,Ekipa zwierzaków (dubbing),Cinema City Warszawa Promenada,10:30,,dubbing,2026-09-07T14:02:59.827104
2026-09-07,poniedzialek,warszawa,eXistenZ,Kinoteka w Warszawie,20:00,,,2026-09-07T14:02:59.827104
2026-09-07,poniedzialek,warszawa,Frances Ha,Kinoteka w Warszawie,14:15,,,2026-09-07T14:02:59.827104
2026-09-07,poniedzialek,warszawa,Generał,AMONDO Kino w Warszawie,18:00,,,2026-09-07T14:02:59.827104
2026-09-07,poniedzialek,warszawa,Ghost in the shell,Kinoteka w Warszawie,16:00,,,2026-09-07T14:02:59.827104
2026-09-07,poniedzialek,warszawa,Gołąb przysiadł na gałęzi i rozmyśla o istnieniu,AMONDO Kino w Warszawie,18:30,,,2026-09-07T14:02:59.827104
2026-09-07,poniedzialek,warszawa,Gorzkie święta,Cinema City Warszawa Arkadia,10:10,,,2026-09-07T14:02:59.827104
2026-09-07,poniedzialek,warszawa,Gorzkie święta,Cinema City Warszawa Arkadia,17:20,,,2026-09-07T14:02:59.827104
2026-09-07,poniedzialek,warszawa,Gorzkie święta,Cinema City Warszawa Bemowo,20:20,,,2026-09-07T14:02:59.827104
2026-09-07,poniedzialek,warszawa,Gorzkie święta,Cinema City Warszawa Galeria Mokotów,17:00,,,2026-09-07T14:02:59.827104
2026-09-07,poniedzialek,warszawa,Gorzkie święta,Cinema City Warszawa Galeria Północna,15:50,,,2026-09-07T14:02:59.827104
2026-09-07,poniedzialek,warszawa,Gorzkie święta,Cinema City Warszawa Promenada,17:40,,,2026-09-07T14:02:59.827104
2026-09-07,poniedzialek,warszawa,Gorzkie święta,Cinema City Warszawa Promenada,20:15,,,2026-09-07T14:02:59.827104
2026-09-07,poniedzialek,warszawa,Gorzkie święta,Helios Warszawa Blue City,15:15,,,2026-09-07T14:02:59.827104
2026-09-07,poniedzialek,warszawa,Gorzkie święta,Kino Atlantic w Warszawie,11:15,,,2026-09-07T14:02:59.827104
2026-09-07,poniedzialek,warszawa,Gorzkie święta,Kino Atlantic w Warszawie,13:30,,,2026-09-07T14:02:59.827104
2026-09-07,poniedzialek,warszawa,Gorzkie święta,Kino Atlantic w Warszawie,17:45,,,2026-09-07T14:02:59.827104
2026-09-07,poniedzialek,warszawa,Gorzkie święta,Kino Elektronik w Warszawie,18:15,,,2026-09-07T14:02:59.827104
2026-09-07,poniedzialek,warszawa,Gorzkie święta,Kino Kultura w Warszawie,15:45,,,2026-09-07T14:02:59.827104
2026-09-07,poniedzialek,warszawa,Gorzkie święta,Kino Luna w Warszawie,16:10,,,2026-09-07T14:02:59.827104
2026-09-07,poniedzialek,warszawa,Gorzkie święta,Kino Muranów w Warszawie,17:00,,,2026-09-07T14:02:59.827104
2026-09-07,poniedzialek,warszawa,Gorzkie święta,Kino Muranów w Warszawie,19:30,,,2026-09-07T14:02:59.827104
2026-09-07,poniedzialek,warszawa,Gorzkie święta,Kinokawiarnia Stacja Falenica w Warszawie,16:00,,,2026-09-07T14:02:59.827104
2026-09-07,poniedzialek,warszawa,Gorzkie święta,Kinoteka w Warszawie,15:20,,,2026-09-07T14:02:59.827104
2026-09-07,poniedzialek,warszawa,Gorzkie święta,Kinoteka w Warszawie,18:30,,,2026-09-07T14:02:59.827104
2026-09-07,poniedzialek,warszawa,Gorzkie święta,Multikino Atrium Reduta w Warszawie,20:00,,,2026-09-07T14:02:59.827104
2026-09-07,poniedzialek,warszawa,Gorzkie święta,Multikino Młociny,12:35,,,2026-09-07T14:02:59.827104
2026-09-07,poniedzialek,warszawa,Gorzkie święta,Multikino Młociny,20:00,,,2026-09-07T14:02:59.827104
2026-09-07,poniedzialek,warszawa,Gorzkie święta,Multikino Targówek,20:00,,,2026-09-07T14:02:59.827104
2026-09-07,poniedzialek,warszawa,Gorzkie święta,Multikino Wola,20:00,,,2026-09-07T14:02:59.827104
2026-09-07,poniedzialek,warszawa,Gorzkie święta,Multikino Złote Tarasy,20:00,,,2026-09-07T14:02:59.827104
2026-09-07,poniedzialek,warszawa,Gorzkie święta,NoveKino Wisła w Warszawie,13:30,,,2026-09-07T14:02:59.827104
2026-09-07,poniedzialek,warszawa,Gorzkie święta,NoveKino Wisła w Warszawie,17:45,,,2026-09-07T14:02:59.827104
2026-09-07,poniedzialek,warszawa,Gwiazdozbiór Psa,Cinema City Warszawa Arkadia,11:30,,,2026-09-07T14:02:59.827104
2026-09-07,poniedzialek,warszawa,Gwiazdozbiór Psa,Cinema City Warszawa Arkadia,14:10,,,2026-09-07T14:02:59.827104
2026-09-07,poniedzialek,warszawa,Gwiazdozbiór Psa,Cinema City Warszawa Arkadia,16:50,,,2026-09-07T14:02:59.827104
2026-09-07,poniedzialek,warszawa,Gwiazdozbiór Psa,Cinema City Warszawa Arkadia,19:30,,,2026-09-07T14:02:59.827104
2026-09-07,poniedzialek,warszawa,Gwiazdozbiór Psa,Cinema City Warszawa Arkadia,22:10,,,2026-09-07T14:02:59.827104
2026-09-07,poniedzialek,warszawa,Gwiazdozbiór Psa,Cinema City Warszawa Bemowo,13:50,,,2026-09-07T14:02:59.827104
2026-09-07,poniedzialek,warszawa,Gwiazdozbiór Psa,Cinema City Warszawa Bemowo,16:30,,,2026-09-07T14:02:59.827104
2026-09-07,poniedzialek,warszawa,Gwiazdozbiór Psa,Cinema City Warszawa Bemowo,19:10,,,2026-09-07T14:02:59.827104
2026-09-07,poniedzialek,warszawa,Gwiazdozbiór Psa,Cinema City Warszawa Galeria Mokotów,16:20,,,2026-09-07T14:02:59.827104
2026-09-07,poniedzialek,warszawa,Gwiazdozbiór Psa,Cinema City Warszawa Galeria Mokotów,19:00,,,2026-09-07T14:02:59.827104
2026-09-07,poniedzialek,warszawa,Gwiazdozbiór Psa,Cinema City Warszawa Galeria Mokotów,21:30,,,2026-09-07T14:02:59.827104
2026-09-07,poniedzialek,warszawa,Gwiazdozbiór Psa,Cinema City Warszawa Galeria Mokotów,21:40,,,2026-09-07T14:02:59.827104
2026-09-07,poniedzialek,warszawa,Gwiazdozbiór Psa,Cinema City Warszawa Galeria Północna,11:00,,,2026-09-07T14:02:59.827104
2026-09-07,poniedzialek,warszawa,Gwiazdozbiór Psa,Cinema City Warszawa Galeria Północna,13:40,,,2026-09-07T14:02:59.827104
2026-09-07,poniedzialek,warszawa,Gwiazdozbiór Psa,Cinema City Warszawa Galeria Północna,16:20,,,2026-09-07T14:02:59.827104
2026-09-07,poniedzialek,warszawa,Gwiazdozbiór Psa,Cinema City Warszawa Galeria Północna,19:00,,,2026-09-07T14:02:59.827104
2026-09-07,poniedzialek,warszawa,Gwiazdozbiór Psa,Cinema City Warszawa Galeria Północna,21:40,,,2026-09-07T14:02:59.827104
2026-09-07,poniedzialek,warszawa,Gwiazdozbiór Psa,Cinema City Warszawa Promenada,12:20,,,2026-09-07T14:02:59.827104
2026-09-07,poniedzialek,warszawa,Gwiazdozbiór Psa,Cinema City Warszawa Promenada,15:00,,,2026-09-07T14:02:59.827104
2026-09-07,poniedzialek,warszawa,Gwiazdozbiór Psa,Cinema City Warszawa Promenada,17:40,,,2026-09-07T14:02:59.827104
2026-09-07,poniedzialek,warszawa,Gwiazdozbiór Psa,Cinema City Warszawa Promenada,20:20,,,2026-09-07T14:02:59.827104
2026-09-07,poniedzialek,warszawa,Gwiazdozbiór Psa,Cinema City Warszawa Promenada,22:00,,,2026-09-07T14:02:59.827104
2026-09-07,poniedzialek,warszawa,Gwiazdozbiór Psa,Cinema City Warszawa Sadyba,14:30,,,2026-09-07T14:02:59.827104
2026-09-07,poniedzialek,warszawa,Gwiazdozbiór Psa,Cinema City Warszawa Sadyba,17:10,,,2026-09-07T14:02:59.827104
2026-09-07,poniedzialek,warszawa,Gwiazdozbiór Psa,Cinema City Warszawa Sadyba,19:50,,,2026-09-07T14:02:59.827104
2026-09-07,poniedzialek,warszawa,Gwiazdozbiór Psa,Cinema City Warszawa Sadyba,22:30,,,2026-09-07T14:02:59.827104
2026-09-07,poniedzialek,warszawa,Gwiazdozbiór Psa,Cinema City Warszawa Sadyba IMAX,21:50,,,2026-09-07T14:02:59.827104
2026-09-07,poniedzialek,warszawa,Gwiazdozbiór Psa,Helios Warszawa Blue City,14:15,,,2026-09-07T14:02:59.827104
2026-09-07,poniedzialek,warszawa,Gwiazdozbiór Psa,Helios Warszawa Blue City,20:45,,,2026-09-07T14:02:59.827104
2026-09-07,poniedzialek,warszawa,Gwiazdozbiór Psa,Kino Atlantic w Warszawie,20:15,,,2026-09-07T14:02:59.827104
2026-09-07,poniedzialek,warszawa,Gwiazdozbiór Psa,Kino Kultura w Warszawie,21:00,,,2026-09-07T14:02:59.827104
2026-09-07,poniedzialek,warszawa,Gwiazdozbiór Psa,Kinokawiarnia Stacja Falenica w Warszawie,20:30,,,2026-09-07T14:02:59.827104
2026-09-07,poniedzialek,warszawa,Gwiazdozbiór Psa,Kinoteka w Warszawie,13:30,,,2026-09-07T14:02:59.827104
2026-09-07,poniedzialek,warszawa,Gwiazdozbiór Psa,Kinoteka w Warszawie,16:00,,,2026-09-07T14:02:59.827104
2026-09-07,poniedzialek,warszawa,Gwiazdozbiór Psa,Kinoteka w Warszawie,21:00,,,2026-09-07T14:02:59.827104
2026-09-07,poniedzialek,warszawa,Gwiazdozbiór Psa,Multikino Atrium Reduta w Warszawie,11:10,,,2026-09-07T14:02:59.827104
2026-09-07,poniedzialek,warszawa,Gwiazdozbiór Psa,Multikino Młociny,11:15,,,2026-09-07T14:02:59.827104
2026-09-07,poniedzialek,warszawa,Gwiazdozbiór Psa,Multikino Młociny,19:55,,,2026-09-07T14:02:59.827104
2026-09-07,poniedzialek,warszawa,Gwiazdozbiór Psa,Multikino Targówek,17:45,,,2026-09-07T14:02:59.827104
2026-09-07,poniedzialek,warszawa,Gwiazdozbiór Psa,Multikino Targówek,20:30,,,2026-09-07T14:02:59.827104
2026-09-07,poniedzialek,warszawa,Gwiazdozbiór Psa,Multikino Wola,11:10,,,2026-09-07T14:02:59.827104
2026-09-07,poniedzialek,warszawa,Gwiazdozbiór Psa,Multikino Złote Tarasy,16:15,,,2026-09-07T14:02:59.827104
2026-09-07,poniedzialek,warszawa,Gwiazdozbiór Psa,Multikino Złote Tarasy,20:25,,,2026-09-07T14:02:59.827104
2026-09-07,poniedzialek,warszawa,Gwiazdozbiór Psa,NoveKino Wisła w Warszawie,20:10,,,2026-09-07T14:02:59.827104
2026-09-07,poniedzialek,warszawa,Historie równoległe,Kino Luna w Warszawie,14:00,,,2026-09-07T14:02:59.827104
2026-09-07,poniedzialek,warszawa,Jutro premiera,Kino Praha w Warszawie,18:15,,,2026-09-07T14:02:59.827104
2026-09-07,poniedzialek,warszawa,Kandydaci śmierci,Kino Kultura w Warszawie,13:30,,,2026-09-07T14:02:59.827104
2026-09-07,poniedzialek,warszawa,Kandydaci śmierci,NoveKino Wisła w Warszawie,12:00,,,2026-09-07T14:02:59.827104
2026-09-07,poniedzialek,warszawa,Kicia Kocia w podróży,Kinokawiarnia Stacja Falenica w Warszawie,15:00,,,2026-09-07T14:02:59.827104
2026-09-07,poniedzialek,warszawa,Kobiety na skraju załamania nerwowego,Kino Muranów w Warszawie,16:30,,,2026-09-07T14:02:59.827104
2026-09-07,poniedzialek,warszawa,Koniec Ulicy Dębowej,Cinema City Warszawa Arkadia,14:00,,,2026-09-07T14:02:59.827104
2026-09-07,poniedzialek,warszawa,Koniec Ulicy Dębowej,Cinema City Warszawa Arkadia,16:30,,,2026-09-07T14:02:59.827104
2026-09-07,poniedzialek,warszawa,Koniec Ulicy Dębowej,Cinema City Warszawa Arkadia,19:40,,,2026-09-07T14:02:59.827104
2026-09-07,poniedzialek,warszawa,Koniec Ulicy Dębowej,Cinema City Warszawa Bemowo,11:50,,,2026-09-07T14:02:59.827104
2026-09-07,poniedzialek,warszawa,Koniec Ulicy Dębowej,Cinema City Warszawa Bemowo,20:30,,,2026-09-07T14:02:59.827104
2026-09-07,poniedzialek,warszawa,Koniec Ulicy Dębowej,Cinema City Warszawa Promenada,13:20,,,2026-09-07T14:02:59.827104
2026-09-07,poniedzialek,warszawa,Koniec Ulicy Dębowej,Cinema City Warszawa Promenada,21:00,,,2026-09-07T14:02:59.827104
2026-09-07,poniedzialek,warszawa,Krótkie lato,Kino Kultura w Warszawie,18:00,,,2026-09-07T14:02:59.827104
2026-09-07,poniedzialek,warszawa,Księga pustyni,Helios Warszawa Blue City,11:30,,,2026-09-07T14:02:59.827104
2026-09-07,poniedzialek,warszawa,Księga pustyni (dubbing),Cinema City Warszawa Arkadia,11:00,,dubbing,2026-09-07T14:02:59.827104
2026-09-07,poniedzialek,warszawa,Księga pustyni (dubbing),Cinema City Warszawa Arkadia,13:10,,dubbing,2026-09-07T14:02:59.827104
2026-09-07,poniedzialek,warszawa,Księga pustyni (dubbing),Cinema City Warszawa Arkadia,15:20,,dubbing,2026-09-07T14:02:59.827104
2026-09-07,poniedzialek,warszawa,Księga pustyni (dubbing),Cinema City Warszawa Bemowo,12:10,,dubbing,2026-09-07T14:02:59.827104
2026-09-07,poniedzialek,warszawa,Księga pustyni (dubbing),Cinema City Warszawa Galeria Mokotów,10:00,,dubbing,2026-09-07T14:02:59.827104
2026-09-07,poniedzialek,warszawa,Księga pustyni (dubbing),Cinema City Warszawa Galeria Mokotów,12:15,,dubbing,2026-09-07T14:02:59.827104
2026-09-07,poniedzialek,warszawa,Księga pustyni (dubbing),Cinema City Warszawa Galeria Północna,11:00,,dubbing,2026-09-07T14:02:59.827104
2026-09-07,poniedzialek,warszawa,Księga pustyni (dubbing),Cinema City Warszawa Galeria Północna,13:10,,dubbing,2026-09-07T14:02:59.827104
2026-09-07,poniedzialek,warszawa,Księga pustyni (dubbing),Cinema City Warszawa Galeria Północna,15:30,,dubbing,2026-09-07T14:02:59.827104
2026-09-07,poniedzialek,warszawa,Księga pustyni (dubbing),Cinema City Warszawa Promenada,10:15,,dubbing,2026-09-07T14:02:59.827104
2026-09-07,poniedzialek,warszawa,Księga pustyni (dubbing),Cinema City Warszawa Promenada,12:00,,dubbing,2026-09-07T14:02:59.827104
2026-09-07,poniedzialek,warszawa,Księga pustyni (dubbing),Cinema City Warszawa Sadyba,11:00,,dubbing,2026-09-07T14:02:59.827104
2026-09-07,poniedzialek,warszawa,Księga pustyni (dubbing),Cinema City Warszawa Sadyba,12:20,,dubbing,2026-09-07T14:02:59.827104
2026-09-07,poniedzialek,warszawa,Księga pustyni (dubbing),Cinema City Warszawa Sadyba,14:40,,dubbing,2026-09-07T14:02:59.827104
2026-09-07,poniedzialek,warszawa,Księga pustyni (dubbing),Kino Głębocka 66 w Warszawie,14:00,,dubbing,2026-09-07T14:02:59.827104
2026-09-07,poniedzialek,warszawa,Księga pustyni (dubbing),Kino Głębocka 66 w Warszawie,16:00,,dubbing,2026-09-07T14:02:59.827104
2026-09-07,poniedzialek,warszawa,Księga pustyni (dubbing),Kino na Boku - Białołęcki Ośrodek Kultury w Warszawie,14:00,,dubbing,2026-09-07T14:02:59.827104
2026-09-07,poniedzialek,warszawa,Księga pustyni (dubbing),Kino na Boku - Białołęcki Ośrodek Kultury w Warszawie,16:00,,dubbing,2026-09-07T14:02:59.827104
2026-09-07,poniedzialek,warszawa,Księga pustyni (dubbing),Multikino Atrium Reduta w Warszawie,11:40,,dubbing,2026-09-07T14:02:59.827104
2026-09-07,poniedzialek,warszawa,Księga pustyni (dubbing),Multikino Młociny,11:30,,dubbing,2026-09-07T14:02:59.827104
2026-09-07,poniedzialek,warszawa,Księga pustyni (dubbing),Multikino Targówek,10:45,,dubbing,2026-09-07T14:02:59.827104
2026-09-07,poniedzialek,warszawa,Księga pustyni (dubbing),Multikino Targówek,11:30,,dubbing,2026-09-07T14:02:59.827104
2026-09-07,poniedzialek,warszawa,Księga pustyni (dubbing),Multikino Targówek,13:45,,dubbing,2026-09-07T14:02:59.827104
2026-09-07,poniedzialek,warszawa,Księga pustyni (dubbing),Multikino Wola,10:00,,dubbing,2026-09-07T14:02:59.827104
2026-09-07,poniedzialek,warszawa,Księga pustyni (dubbing),Multikino Wola,12:20,,dubbing,2026-09-07T14:02:59.827104
2026-09-07,poniedzialek,warszawa,Ktoś całkiem obcy,Cinema City Warszawa Arkadia,17:10,,,2026-09-07T14:02:59.827104
2026-09-07,poniedzialek,warszawa,Ktoś całkiem obcy,Cinema City Warszawa Bemowo,19:40,,,2026-09-07T14:02:59.827104
2026-09-07,poniedzialek,warszawa,Ktoś całkiem obcy,Cinema City Warszawa Galeria Mokotów,19:30,,,2026-09-07T14:02:59.827104
2026-09-07,poniedzialek,warszawa,Ktoś całkiem obcy,Cinema City Warszawa Galeria Mokotów,22:00,,,2026-09-07T14:02:59.827104
2026-09-07,poniedzialek,warszawa,Ktoś całkiem obcy,Cinema City Warszawa Promenada,18:30,,,2026-09-07T14:02:59.827104
2026-09-07,poniedzialek,warszawa,Ktoś całkiem obcy,Kino Elektronik w Warszawie,20:00,,,2026-09-07T14:02:59.827104
2026-09-07,poniedzialek,warszawa,Ktoś całkiem obcy,Kino Luna w Warszawie,18:30,,,2026-09-07T14:02:59.827104
2026-09-07,poniedzialek,warszawa,Kuźma,Kino Atlantic w Warszawie,20:00,,,2026-09-07T14:02:59.827104
2026-09-07,poniedzialek,warszawa,Miasto straconych dusz,U–jazdowski kino,20:00,,,2026-09-07T14:02:59.827104
2026-09-07,poniedzialek,warszawa,"Miłość, śmierć i dojrzewanie na Obozie Miasma",AMONDO Kino w Warszawie,19:30,,,2026-09-07T14:02:59.827104
2026-09-07,poniedzialek,warszawa,"Miłość, śmierć i dojrzewanie na Obozie Miasma",Cinema City Warszawa Arkadia,18:10,,,2026-09-07T14:02:59.827104
2026-09-07,poniedzialek,warszawa,"Miłość, śmierć i dojrzewanie na Obozie Miasma",Cinema City Warszawa Arkadia,20:40,,,2026-09-07T14:02:59.827104
2026-09-07,poniedzialek,warszawa,"Miłość, śmierć i dojrzewanie na Obozie Miasma",Cinema City Warszawa Galeria Mokotów,20:00,,,2026-09-07T14:02:59.827104
2026-09-07,poniedzialek,warszawa,"Miłość, śmierć i dojrzewanie na Obozie Miasma",Cinema City Warszawa Galeria Północna,18:50,,,2026-09-07T14:02:59.827104
2026-09-07,poniedzialek,warszawa,"Miłość, śmierć i dojrzewanie na Obozie Miasma",Cinema City Warszawa Galeria Północna,21:20,,,2026-09-07T14:02:59.827104
2026-09-07,poniedzialek,warszawa,"Miłość, śmierć i dojrzewanie na Obozie Miasma",Kino Elektronik w Warszawie,20:30,,,2026-09-07T14:02:59.827104
2026-09-07,poniedzialek,warszawa,"Miłość, śmierć i dojrzewanie na Obozie Miasma",Kino Iluzjon - Muzeum Sztuki Filmowej w Warszawie,16:45,,,2026-09-07T14:02:59.827104
2026-09-07,poniedzialek,warszawa,"Miłość, śmierć i dojrzewanie na Obozie Miasma",Kinoteka w Warszawie,18:00,,,2026-09-07T14:02:59.827104
2026-09-07,poniedzialek,warszawa,Minionki i straszydła (dubbing),Cinema City Warszawa Arkadia,10:10,,dubbing,2026-09-07T14:02:59.827104
2026-09-07,poniedzialek,warszawa,Minionki i straszydła (dubbing),Cinema City Warszawa Bemowo,11:40,,dubbing,2026-09-07T14:02:59.827104
2026-09-07,poniedzialek,warszawa,Minionki i straszydła (dubbing),Cinema City Warszawa Galeria Mokotów,10:00,,dubbing,2026-09-07T14:02:59.827104
2026-09-07,poniedzialek,warszawa,Minionki i straszydła (dubbing),Cinema City Warszawa Galeria Mokotów,10:00,,dubbing,2026-09-07T14:02:59.827104
2026-09-07,poniedzialek,warszawa,Minionki i straszydła (dubbing),Cinema City Warszawa Galeria Mokotów,11:50,,dubbing,2026-09-07T14:02:59.827104
2026-09-07,poniedzialek,warszawa,Minionki i straszydła (dubbing),Cinema City Warszawa Galeria Mokotów,12:10,,dubbing,2026-09-07T14:02:59.827104
2026-09-07,poniedzialek,warszawa,Minionki i straszydła (dubbing),Cinema City Warszawa Galeria Mokotów,14:15,,dubbing,2026-09-07T14:02:59.827104
2026-09-07,poniedzialek,warszawa,Minionki i straszydła (dubbing),Cinema City Warszawa Galeria Północna,11:00,,dubbing,2026-09-07T14:02:59.827104
2026-09-07,poniedzialek,warszawa,Minionki i straszydła (dubbing),Cinema City Warszawa Galeria Północna,13:50,,dubbing,2026-09-07T14:02:59.827104
2026-09-07,poniedzialek,warszawa,Minionki i straszydła (dubbing),Cinema City Warszawa Promenada,10:15,,dubbing,2026-09-07T14:02:59.827104
2026-09-07,poniedzialek,warszawa,Minionki i straszydła (dubbing),Cinema City Warszawa Promenada,12:20,,dubbing,2026-09-07T14:02:59.827104
2026-09-07,poniedzialek,warszawa,Minionki i straszydła (dubbing),Cinema City Warszawa Sadyba,11:30,,dubbing,2026-09-07T14:02:59.827104
2026-09-07,poniedzialek,warszawa,Minionki i straszydła (dubbing),Cinema City Warszawa Sadyba,13:30,,dubbing,2026-09-07T14:02:59.827104
2026-09-07,poniedzialek,warszawa,Minionki i straszydła (dubbing),Cinema City Warszawa Sadyba,15:50,,dubbing,2026-09-07T14:02:59.827104
2026-09-07,poniedzialek,warszawa,Minionki i straszydła (dubbing),Helios Warszawa Blue City,11:40,,dubbing,2026-09-07T14:02:59.827104
2026-09-07,poniedzialek,warszawa,Minionki i straszydła (dubbing),Multikino Atrium Reduta w Warszawie,12:20,,dubbing,2026-09-07T14:02:59.827104
2026-09-07,poniedzialek,warszawa,Minionki i straszydła (dubbing),Multikino Młociny,10:10,,dubbing,2026-09-07T14:02:59.827104
2026-09-07,poniedzialek,warszawa,Minionki i straszydła (dubbing),Multikino Młociny,13:50,,dubbing,2026-09-07T14:02:59.827104
2026-09-07,poniedzialek,warszawa,Minionki i straszydła (dubbing),Multikino Targówek,11:15,,dubbing,2026-09-07T14:02:59.827104
2026-09-07,poniedzialek,warszawa,Minionki i straszydła (dubbing),Multikino Targówek,13:25,,dubbing,2026-09-07T14:02:59.827104
2026-09-07,poniedzialek,warszawa,Minionki i straszydła (dubbing),Multikino Targówek,15:35,,dubbing,2026-09-07T14:02:59.827104
2026-09-07,poniedzialek,warszawa,Minionki i straszydła (dubbing),Multikino Wola,12:20,,dubbing,2026-09-07T14:02:59.827104
2026-09-07,poniedzialek,warszawa,Minionki i straszydła (dubbing),Multikino Złote Tarasy,10:10,,dubbing,2026-09-07T14:02:59.827104
2026-09-07,poniedzialek,warszawa,Minionki i straszydła (dubbing),Multikino Złote Tarasy,11:20,,dubbing,2026-09-07T14:02:59.827104
2026-09-07,poniedzialek,warszawa,Młodsza siostra,Kino Elektronik w Warszawie,18:00,,,2026-09-07T14:02:59.827104
2026-09-07,poniedzialek,warszawa,Młodsza siostra,Kino Iluzjon - Muzeum Sztuki Filmowej w Warszawie,20:00,,,2026-09-07T14:02:59.827104
2026-09-07,poniedzialek,warszawa,Młodsza siostra,Kino Kultura w Warszawie,11:15,,,2026-09-07T14:02:59.827104
2026-09-07,poniedzialek,warszawa,Młodsza siostra,Kino Luna w Warszawie,14:10,,,2026-09-07T14:02:59.827104
2026-09-07,poniedzialek,warszawa,Młodsza siostra,Kino Praha w Warszawie,16:00,,,2026-09-07T14:02:59.827104
2026-09-07,poniedzialek,warszawa,Młodsza siostra,Kinokawiarnia Stacja Falenica w Warszawie,16:00,,,2026-09-07T14:02:59.827104
2026-09-07,poniedzialek,warszawa,Młodsza siostra,Kinoteka w Warszawie,20:45,,,2026-09-07T14:02:59.827104
2026-09-07,poniedzialek,warszawa,Młodsza siostra,U–jazdowski kino,18:00,,,2026-09-07T14:02:59.827104
2026-09-07,poniedzialek,warszawa,Naznaczony: Wyjście z mrocznego wymiaru,Cinema City Warszawa Arkadia,17:30,,,2026-09-07T14:02:59.827104
2026-09-07,poniedzialek,warszawa,Naznaczony: Wyjście z mrocznego wymiaru,Cinema City Warszawa Arkadia,20:00,,,2026-09-07T14:02:59.827104
2026-09-07,poniedzialek,warszawa,Naznaczony: Wyjście z mrocznego wymiaru,Cinema City Warszawa Arkadia,22:30,,,2026-09-07T14:02:59.827104
2026-09-07,poniedzialek,warszawa,Naznaczony: Wyjście z mrocznego wymiaru,Cinema City Warszawa Bemowo,22:00,,,2026-09-07T14:02:59.827104
2026-09-07,poniedzialek,warszawa,Naznaczony: Wyjście z mrocznego wymiaru,Cinema City Warszawa Galeria Mokotów,10:30,,,2026-09-07T14:02:59.827104
2026-09-07,poniedzialek,warszawa,Naznaczony: Wyjście z mrocznego wymiaru,Cinema City Warszawa Galeria Mokotów,13:00,,,2026-09-07T14:02:59.827104
2026-09-07,poniedzialek,warszawa,Naznaczony: Wyjście z mrocznego wymiaru,Cinema City Warszawa Galeria Mokotów,15:30,,,2026-09-07T14:02:59.827104
2026-09-07,poniedzialek,warszawa,Naznaczony: Wyjście z mrocznego wymiaru,Cinema City Warszawa Galeria Mokotów,16:30,,,2026-09-07T14:02:59.827104
2026-09-07,poniedzialek,warszawa,Naznaczony: Wyjście z mrocznego wymiaru,Cinema City Warszawa Galeria Mokotów,18:00,,,2026-09-07T14:02:59.827104
2026-09-07,poniedzialek,warszawa,Naznaczony: Wyjście z mrocznego wymiaru,Cinema City Warszawa Galeria Mokotów,20:30,,,2026-09-07T14:02:59.827104
2026-09-07,poniedzialek,warszawa,Naznaczony: Wyjście z mrocznego wymiaru,Cinema City Warszawa Galeria Północna,19:30,,,2026-09-07T14:02:59.827104
2026-09-07,poniedzialek,warszawa,Naznaczony: Wyjście z mrocznego wymiaru,Cinema City Warszawa Galeria Północna,22:00,,,2026-09-07T14:02:59.827104
2026-09-07,poniedzialek,warszawa,Naznaczony: Wyjście z mrocznego wymiaru,Cinema City Warszawa Promenada,16:00,,,2026-09-07T14:02:59.827104
2026-09-07,poniedzialek,warszawa,Naznaczony: Wyjście z mrocznego wymiaru,Cinema City Warszawa Promenada,22:30,,,2026-09-07T14:02:59.827104
2026-09-07,poniedzialek,warszawa,Naznaczony: Wyjście z mrocznego wymiaru,Cinema City Warszawa Sadyba,13:10,,,2026-09-07T14:02:59.827104
2026-09-07,poniedzialek,warszawa,Naznaczony: Wyjście z mrocznego wymiaru,Cinema City Warszawa Sadyba,15:30,,,2026-09-07T14:02:59.827104
2026-09-07,poniedzialek,warszawa,Naznaczony: Wyjście z mrocznego wymiaru,Cinema City Warszawa Sadyba,18:00,,,2026-09-07T14:02:59.827104
2026-09-07,poniedzialek,warszawa,Naznaczony: Wyjście z mrocznego wymiaru,Cinema City Warszawa Sadyba,20:30,,,2026-09-07T14:02:59.827104
2026-09-07,poniedzialek,warszawa,Naznaczony: Wyjście z mrocznego wymiaru,Helios Warszawa Blue City,21:00,,,2026-09-07T14:02:59.827104
2026-09-07,poniedzialek,warszawa,Naznaczony: Wyjście z mrocznego wymiaru,Multikino Młociny,16:00,,,2026-09-07T14:02:59.827104
2026-09-07,poniedzialek,warszawa,Naznaczony: Wyjście z mrocznego wymiaru,Multikino Młociny,20:50,,,2026-09-07T14:02:59.827104
2026-09-07,poniedzialek,warszawa,Naznaczony: Wyjście z mrocznego wymiaru,Multikino Targówek,16:00,,,2026-09-07T14:02:59.827104
2026-09-07,poniedzialek,warszawa,Naznaczony: Wyjście z mrocznego wymiaru,Multikino Targówek,20:25,,,2026-09-07T14:02:59.827104
2026-09-07,poniedzialek,warszawa,Naznaczony: Wyjście z mrocznego wymiaru,Multikino Złote Tarasy,13:30,,,2026-09-07T14:02:59.827104
2026-09-07,poniedzialek,warszawa,Naznaczony: Wyjście z mrocznego wymiaru,Multikino Złote Tarasy,21:30,,,2026-09-07T14:02:59.827104
2026-09-07,poniedzialek,warszawa,Nie patrz w dół 2,Cinema City Warszawa Arkadia,10:40,,,2026-09-07T14:02:59.827104
2026-09-07,poniedzialek,warszawa,Nie patrz w dół 2,Cinema City Warszawa Arkadia,13:00,,,2026-09-07T14:02:59.827104
2026-09-07,poniedzialek,warszawa,Nie patrz w dół 2,Cinema City Warszawa Arkadia,15:20,,,2026-09-07T14:02:59.827104
2026-09-07,poniedzialek,warszawa,Nie patrz w dół 2,Cinema City Warszawa Arkadia,17:50,,,2026-09-07T14:02:59.827104
2026-09-07,poniedzialek,warszawa,Nie patrz w dół 2,Cinema City Warszawa Arkadia,20:10,,,2026-09-07T14:02:59.827104
2026-09-07,poniedzialek,warszawa,Nie patrz w dół 2,Cinema City Warszawa Arkadia,22:30,,,2026-09-07T14:02:59.827104
2026-09-07,poniedzialek,warszawa,Nie patrz w dół 2,Cinema City Warszawa Bemowo,14:20,,,2026-09-07T14:02:59.827104
2026-09-07,poniedzialek,warszawa,Nie patrz w dół 2,Cinema City Warszawa Bemowo,16:40,,,2026-09-07T14:02:59.827104
2026-09-07,poniedzialek,warszawa,Nie patrz w dół 2,Cinema City Warszawa Bemowo,19:00,,,2026-09-07T14:02:59.827104
2026-09-07,poniedzialek,warszawa,Nie patrz w dół 2,Cinema City Warszawa Bemowo,21:20,,,2026-09-07T14:02:59.827104
2026-09-07,poniedzialek,warszawa,Nie patrz w dół 2,Cinema City Warszawa Galeria Mokotów,13:40,,,2026-09-07T14:02:59.827104
2026-09-07,poniedzialek,warszawa,Nie patrz w dół 2,Cinema City Warszawa Galeria Mokotów,16:10,,,2026-09-07T14:02:59.827104
2026-09-07,poniedzialek,warszawa,Nie patrz w dół 2,Cinema City Warszawa Galeria Mokotów,18:40,,,2026-09-07T14:02:59.827104
2026-09-07,poniedzialek,warszawa,Nie patrz w dół 2,Cinema City Warszawa Galeria Mokotów,21:10,,,2026-09-07T14:02:59.827104
2026-09-07,poniedzialek,warszawa,Nie patrz w dół 2,Cinema City Warszawa Galeria Północna,11:30,,,2026-09-07T14:02:59.827104
2026-09-07,poniedzialek,warszawa,Nie patrz w dół 2,Cinema City Warszawa Galeria Północna,13:50,,,2026-09-07T14:02:59.827104
2026-09-07,poniedzialek,warszawa,Nie patrz w dół 2,Cinema City Warszawa Galeria Północna,16:10,,,2026-09-07T14:02:59.827104
2026-09-07,poniedzialek,warszawa,Nie patrz w dół 2,Cinema City Warszawa Galeria Północna,18:30,,,2026-09-07T14:02:59.827104
2026-09-07,poniedzialek,warszawa,Nie patrz w dół 2,Cinema City Warszawa Galeria Północna,20:50,,,2026-09-07T14:02:59.827104
2026-09-07,poniedzialek,warszawa,Nie patrz w dół 2,Cinema City Warszawa Promenada,13:30,,,2026-09-07T14:02:59.827104
2026-09-07,poniedzialek,warszawa,Nie patrz w dół 2,Cinema City Warszawa Promenada,15:50,,,2026-09-07T14:02:59.827104
2026-09-07,poniedzialek,warszawa,Nie patrz w dół 2,Cinema City Warszawa Promenada,18:10,,,2026-09-07T14:02:59.827104
2026-09-07,poniedzialek,warszawa,Nie patrz w dół 2,Cinema City Warszawa Promenada,20:30,,,2026-09-07T14:02:59.827104
2026-09-07,poniedzialek,warszawa,Nie patrz w dół 2,Cinema City Warszawa Sadyba,15:00,,,2026-09-07T14:02:59.827104
2026-09-07,poniedzialek,warszawa,Nie patrz w dół 2,Cinema City Warszawa Sadyba,17:20,,,2026-09-07T14:02:59.827104
2026-09-07,poniedzialek,warszawa,Nie patrz w dół 2,Cinema City Warszawa Sadyba,19:40,,,2026-09-07T14:02:59.827104
2026-09-07,poniedzialek,warszawa,Nie patrz w dół 2,Cinema City Warszawa Sadyba,22:00,,,2026-09-07T14:02:59.827104
2026-09-07,poniedzialek,warszawa,Nie patrz w dół 2,Helios Warszawa Blue City,15:45,,,2026-09-07T14:02:59.827104
2026-09-07,poniedzialek,warszawa,Nie patrz w dół 2,Helios Warszawa Blue City,18:45,,,2026-09-07T14:02:59.827104
2026-09-07,poniedzialek,warszawa,Nie patrz w dół 2,Helios Warszawa Blue City,21:15,,,2026-09-07T14:02:59.827104
2026-09-07,poniedzialek,warszawa,Nie patrz w dół 2,Multikino Atrium Reduta w Warszawie,18:10,,,2026-09-07T14:02:59.827104
2026-09-07,poniedzialek,warszawa,Nie patrz w dół 2,Multikino Atrium Reduta w Warszawie,20:30,,,2026-09-07T14:02:59.827104
2026-09-07,poniedzialek,warszawa,Nie patrz w dół 2,Multikino Młociny,10:15,,,2026-09-07T14:02:59.827104
2026-09-07,poniedzialek,warszawa,Nie patrz w dół 2,Multikino Młociny,13:05,,,2026-09-07T14:02:59.827104
2026-09-07,poniedzialek,warszawa,Nie patrz w dół 2,Multikino Młociny,16:20,,,2026-09-07T14:02:59.827104
2026-09-07,poniedzialek,warszawa,Nie patrz w dół 2,Multikino Młociny,18:40,,,2026-09-07T14:02:59.827104
2026-09-07,poniedzialek,warszawa,Nie patrz w dół 2,Multikino Młociny,21:00,,,2026-09-07T14:02:59.827104
2026-09-07,poniedzialek,warszawa,Nie patrz w dół 2,Multikino Targówek,13:15,,,2026-09-07T14:02:59.827104
2026-09-07,poniedzialek,warszawa,Nie patrz w dół 2,Multikino Targówek,15:35,,,2026-09-07T14:02:59.827104
2026-09-07,poniedzialek,warszawa,Nie patrz w dół 2,Multikino Targówek,17:55,,,2026-09-07T14:02:59.827104
2026-09-07,poniedzialek,warszawa,Nie patrz w dół 2,Multikino Targówek,20:15,,,2026-09-07T14:02:59.827104
2026-09-07,poniedzialek,warszawa,Nie patrz w dół 2,Multikino Wola,18:15,,,2026-09-07T14:02:59.827104
2026-09-07,poniedzialek,warszawa,Nie patrz w dół 2,Multikino Wola,20:35,,,2026-09-07T14:02:59.827104
2026-09-07,poniedzialek,warszawa,Nie patrz w dół 2,Multikino Złote Tarasy,15:35,,,2026-09-07T14:02:59.827104
2026-09-07,poniedzialek,warszawa,Nie patrz w dół 2,Multikino Złote Tarasy,17:55,,,2026-09-07T14:02:59.827104
2026-09-07,poniedzialek,warszawa,Nie patrz w dół 2,Multikino Złote Tarasy,20:15,,,2026-09-07T14:02:59.827104
2026-09-07,poniedzialek,warszawa,Niebo nad Normandią,Cinema City Warszawa Galeria Mokotów,17:00,,,2026-09-07T14:02:59.827104
2026-09-07,poniedzialek,warszawa,Niesamowite przygody skarpetek 3. Ale kosmos!,Cinema City Warszawa Promenada,10:40,,,2026-09-07T14:02:59.827104
2026-09-07,poniedzialek,warszawa,Nowa fala,Kinokawiarnia Stacja Falenica w Warszawie,13:00,,,2026-09-07T14:02:59.827104
2026-09-07,poniedzialek,warszawa,O czym sobie nie mówimy,Kino Atlantic w Warszawie,11:15,,,2026-09-07T14:02:59.827104
2026-09-07,poniedzialek,warszawa,O czym sobie nie mówimy,Kino Atlantic w Warszawie,18:00,,,2026-09-07T14:02:59.827104
2026-09-07,poniedzialek,warszawa,Obcy,Kino Muranów w Warszawie,18:00,,,2026-09-07T14:02:59.827104
2026-09-07,poniedzialek,warszawa,Obcy,Kino Muranów w Warszawie,20:30,,,2026-09-07T14:02:59.827104
2026-09-07,poniedzialek,warszawa,Obcy,NoveKino Wisła w Warszawie,17:50,,,2026-09-07T14:02:59.827104
2026-09-07,poniedzialek,warszawa,Obsesja,Cinema City Warszawa Arkadia,22:20,,,2026-09-07T14:02:59.827104
2026-09-07,poniedzialek,warszawa,Obsesja,Cinema City Warszawa Bemowo,21:45,,,2026-09-07T14:02:59.827104
2026-09-07,poniedzialek,warszawa,Obsesja,Multikino Złote Tarasy,13:05,,,2026-09-07T14:02:59.827104
2026-09-07,poniedzialek,warszawa,Odyseja,Cinema City Warszawa Arkadia,12:00,,,2026-09-07T14:02:59.827104
2026-09-07,poniedzialek,warszawa,Odyseja,Cinema City Warszawa Arkadia,16:50,,,2026-09-07T14:02:59.827104
2026-09-07,poniedzialek,warszawa,Odyseja,Cinema City Warszawa Arkadia,20:30,,,2026-09-07T14:02:59.827104
2026-09-07,poniedzialek,warszawa,Odyseja,Cinema City Warszawa Bemowo,15:45,,,2026-09-07T14:02:59.827104
2026-09-07,poniedzialek,warszawa,Odyseja,Cinema City Warszawa Bemowo,18:40,,,2026-09-07T14:02:59.827104
2026-09-07,poniedzialek,warszawa,Odyseja,Cinema City Warszawa Galeria Mokotów,11:00,,,2026-09-07T14:02:59.827104
2026-09-07,poniedzialek,warszawa,Odyseja,Cinema City Warszawa Galeria Mokotów,14:30,,,2026-09-07T14:02:59.827104
2026-09-07,poniedzialek,warszawa,Odyseja,Cinema City Warszawa Galeria Mokotów,19:10,,,2026-09-07T14:02:59.827104
2026-09-07,poniedzialek,warszawa,Odyseja,Cinema City Warszawa Galeria Północna,14:20,,,2026-09-07T14:02:59.827104
2026-09-07,poniedzialek,warszawa,Odyseja,Cinema City Warszawa Galeria Północna,16:00,,,2026-09-07T14:02:59.827104
2026-09-07,poniedzialek,warszawa,Odyseja,Cinema City Warszawa Galeria Północna,18:30,,,2026-09-07T14:02:59.827104
2026-09-07,poniedzialek,warszawa,Odyseja,Cinema City Warszawa Promenada,14:10,,,2026-09-07T14:02:59.827104
2026-09-07,poniedzialek,warszawa,Odyseja,Cinema City Warszawa Promenada,19:40,,,2026-09-07T14:02:59.827104
2026-09-07,poniedzialek,warszawa,Odyseja,Cinema City Warszawa Sadyba,12:40,,,2026-09-07T14:02:59.827104
2026-09-07,poniedzialek,warszawa,Odyseja,Cinema City Warszawa Sadyba,16:20,,,2026-09-07T14:02:59.827104
2026-09-07,poniedzialek,warszawa,Odyseja,Cinema City Warszawa Sadyba,20:00,,,2026-09-07T14:02:59.827104
2026-09-07,poniedzialek,warszawa,Odyseja,Cinema City Warszawa Sadyba IMAX,11:00,,,2026-09-07T14:02:59.827104
2026-09-07,poniedzialek,warszawa,Odyseja,Cinema City Warszawa Sadyba IMAX,14:30,,,2026-09-07T14:02:59.827104
2026-09-07,poniedzialek,warszawa,Odyseja,Cinema City Warszawa Sadyba IMAX,18:10,,,2026-09-07T14:02:59.827104
2026-09-07,poniedzialek,warszawa,Odyseja,Helios Warszawa Blue City,11:15,,,2026-09-07T14:02:59.827104
2026-09-07,poniedzialek,warszawa,Odyseja,Helios Warszawa Blue City,17:15,,,2026-09-07T14:02:59.827104
2026-09-07,poniedzialek,warszawa,Odyseja,Helios Warszawa Blue City,19:15,,,2026-09-07T14:02:59.827104
2026-09-07,poniedzialek,warszawa,Odyseja,Kino Atlantic w Warszawie,14:30,,,2026-09-07T14:02:59.827104
2026-09-07,poniedzialek,warszawa,Odyseja,Kinoteka w Warszawie,12:30,,,2026-09-07T14:02:59.827104
2026-09-07,poniedzialek,warszawa,Odyseja,Kinoteka w Warszawie,20:30,,,2026-09-07T14:02:59.827104
2026-09-07,poniedzialek,warszawa,Odyseja,Multikino Atrium Reduta w Warszawie,13:55,,,2026-09-07T14:02:59.827104
2026-09-07,poniedzialek,warszawa,Odyseja,Multikino Młociny,11:00,,,2026-09-07T14:02:59.827104
2026-09-07,poniedzialek,warszawa,Odyseja,Multikino Młociny,13:50,,,2026-09-07T14:02:59.827104
2026-09-07,poniedzialek,warszawa,Odyseja,Multikino Młociny,14:35,,,2026-09-07T14:02:59.827104
2026-09-07,poniedzialek,warszawa,Odyseja,Multikino Młociny,17:25,,,2026-09-07T14:02:59.827104
2026-09-07,poniedzialek,warszawa,Odyseja,Multikino Młociny,19:45,,,2026-09-07T14:02:59.827104
2026-09-07,poniedzialek,warszawa,Odyseja,Multikino Targówek,11:45,,,2026-09-07T14:02:59.827104
2026-09-07,poniedzialek,warszawa,Odyseja,Multikino Targówek,15:20,,,2026-09-07T14:02:59.827104
2026-09-07,poniedzialek,warszawa,Odyseja,Multikino Targówek,18:55,,,2026-09-07T14:02:59.827104
2026-09-07,poniedzialek,warszawa,Odyseja,Multikino Wola,14:40,,,2026-09-07T14:02:59.827104
2026-09-07,poniedzialek,warszawa,Odyseja,Multikino Złote Tarasy,11:10,,,2026-09-07T14:02:59.827104
2026-09-07,poniedzialek,warszawa,Odyseja,Multikino Złote Tarasy,14:45,,,2026-09-07T14:02:59.827104
2026-09-07,poniedzialek,warszawa,Odyseja / Одіссея (ukr.),Cinema City Warszawa Arkadia,13:40,,,2026-09-07T14:02:59.827104
2026-09-07,poniedzialek,warszawa,Odyseja / Одіссея (ukr.),Helios Warszawa Blue City,13:30,,,2026-09-07T14:02:59.827104
2026-09-07,poniedzialek,warszawa,Odzyskany,NoveKino Wisła w Warszawie,11:45,,,2026-09-07T14:02:59.827104
2026-09-07,poniedzialek,warszawa,Ojczyzna,Kino Atlantic w Warszawie,20:00,,,2026-09-07T14:02:59.827104
2026-09-07,poniedzialek,warszawa,Opętanie,Kino Muranów w Warszawie,22:15,,,2026-09-07T14:02:59.827104
2026-09-07,poniedzialek,warszawa,Plac zabaw Putina,Kinokawiarnia Stacja Falenica w Warszawie,20:15,,,2026-09-07T14:02:59.827104
2026-09-07,poniedzialek,warszawa,Pożegnanie jesieni,Kino Iluzjon - Muzeum Sztuki Filmowej w Warszawie,19:00,,,2026-09-07T14:02:59.827104
2026-09-07,poniedzialek,warszawa,Psi Patrol i dinozaury,Helios Warszawa Blue City,11:00,,,2026-09-07T14:02:59.827104
2026-09-07,poniedzialek,warszawa,Psi Patrol i dinozaury,Helios Warszawa Blue City,13:40,,,2026-09-07T14:02:59.827104
2026-09-07,poniedzialek,warszawa,Psi Patrol i dinozaury,Helios Warszawa Blue City,17:00,,,2026-09-07T14:02:59.827104
2026-09-07,poniedzialek,warszawa,Psi Patrol i dinozaury,NoveKino Wisła w Warszawie,16:00,,,2026-09-07T14:02:59.827104
2026-09-07,poniedzialek,warszawa,Psi Patrol i dinozaury (dubbing),Cinema City Warszawa Arkadia,10:20,,dubbing,2026-09-07T14:02:59.827104
2026-09-07,poniedzialek,warszawa,Psi Patrol i dinozaury (dubbing),Cinema City Warszawa Arkadia,12:30,,dubbing,2026-09-07T14:02:59.827104
2026-09-07,poniedzialek,warszawa,Psi Patrol i dinozaury (dubbing),Cinema City Warszawa Arkadia,14:50,,dubbing,2026-09-07T14:02:59.827104
2026-09-07,poniedzialek,warszawa,Psi Patrol i dinozaury (dubbing),Cinema City Warszawa Bemowo,11:20,,dubbing,2026-09-07T14:02:59.827104
2026-09-07,poniedzialek,warszawa,Psi Patrol i dinozaury (dubbing),Cinema City Warszawa Bemowo,12:40,,dubbing,2026-09-07T14:02:59.827104
2026-09-07,poniedzialek,warszawa,Psi Patrol i dinozaury (dubbing),Cinema City Warszawa Bemowo,13:30,,dubbing,2026-09-07T14:02:59.827104
2026-09-07,poniedzialek,warszawa,Psi Patrol i dinozaury (dubbing),Cinema City Warszawa Bemowo,16:30,,dubbing,2026-09-07T14:02:59.827104
2026-09-07,poniedzialek,warszawa,Psi Patrol i dinozaury (dubbing),Cinema City Warszawa Galeria Mokotów,12:50,,dubbing,2026-09-07T14:02:59.827104
2026-09-07,poniedzialek,warszawa,Psi Patrol i dinozaury (dubbing),Cinema City Warszawa Galeria Mokotów,15:00,,dubbing,2026-09-07T14:02:59.827104
2026-09-07,poniedzialek,warszawa,Psi Patrol i dinozaury (dubbing),Cinema City Warszawa Galeria Północna,12:10,,dubbing,2026-09-07T14:02:59.827104
2026-09-07,poniedzialek,warszawa,Psi Patrol i dinozaury (dubbing),Cinema City Warszawa Galeria Północna,14:20,,dubbing,2026-09-07T14:02:59.827104
2026-09-07,poniedzialek,warszawa,Psi Patrol i dinozaury (dubbing),Cinema City Warszawa Galeria Północna,16:30,,dubbing,2026-09-07T14:02:59.827104
2026-09-07,poniedzialek,warszawa,Psi Patrol i dinozaury (dubbing),Cinema City Warszawa Promenada,10:10,,dubbing,2026-09-07T14:02:59.827104
2026-09-07,poniedzialek,warszawa,Psi Patrol i dinozaury (dubbing),Cinema City Warszawa Promenada,11:30,,dubbing,2026-09-07T14:02:59.827104
2026-09-07,poniedzialek,warszawa,Psi Patrol i dinozaury (dubbing),Cinema City Warszawa Promenada,13:45,,dubbing,2026-09-07T14:02:59.827104
2026-09-07,poniedzialek,warszawa,Psi Patrol i dinozaury (dubbing),Cinema City Warszawa Promenada,17:00,,dubbing,2026-09-07T14:02:59.827104
2026-09-07,poniedzialek,warszawa,Psi Patrol i dinozaury (dubbing),Cinema City Warszawa Sadyba,12:50,,dubbing,2026-09-07T14:02:59.827104
2026-09-07,poniedzialek,warszawa,Psi Patrol i dinozaury (dubbing),Multikino Atrium Reduta w Warszawie,12:00,,dubbing,2026-09-07T14:02:59.827104
2026-09-07,poniedzialek,warszawa,Psi Patrol i dinozaury (dubbing),Multikino Atrium Reduta w Warszawie,14:10,,dubbing,2026-09-07T14:02:59.827104
2026-09-07,poniedzialek,warszawa,Psi Patrol i dinozaury (dubbing),Multikino Atrium Reduta w Warszawie,16:20,,dubbing,2026-09-07T14:02:59.827104
2026-09-07,poniedzialek,warszawa,Psi Patrol i dinozaury (dubbing),Multikino Młociny,10:55,,dubbing,2026-09-07T14:02:59.827104
2026-09-07,poniedzialek,warszawa,Psi Patrol i dinozaury (dubbing),Multikino Młociny,15:25,,dubbing,2026-09-07T14:02:59.827104
2026-09-07,poniedzialek,warszawa,Psi Patrol i dinozaury (dubbing),Multikino Targówek,10:00,,dubbing,2026-09-07T14:02:59.827104
2026-09-07,poniedzialek,warszawa,Psi Patrol i dinozaury (dubbing),Multikino Targówek,11:40,,dubbing,2026-09-07T14:02:59.827104
2026-09-07,poniedzialek,warszawa,Psi Patrol i dinozaury (dubbing),Multikino Targówek,14:00,,dubbing,2026-09-07T14:02:59.827104
2026-09-07,poniedzialek,warszawa,Psi Patrol i dinozaury (dubbing),Multikino Targówek,16:10,,dubbing,2026-09-07T14:02:59.827104
2026-09-07,poniedzialek,warszawa,Psi Patrol i dinozaury (dubbing),Multikino Targówek,18:10,,dubbing,2026-09-07T14:02:59.827104
2026-09-07,poniedzialek,warszawa,Psi Patrol i dinozaury (dubbing),Multikino Wola,11:10,,dubbing,2026-09-07T14:02:59.827104
2026-09-07,poniedzialek,warszawa,Psi Patrol i dinozaury (dubbing),Multikino Wola,13:25,,dubbing,2026-09-07T14:02:59.827104
2026-09-07,poniedzialek,warszawa,Psi Patrol i dinozaury (dubbing),Multikino Wola,15:35,,dubbing,2026-09-07T14:02:59.827104
2026-09-07,poniedzialek,warszawa,Psi Patrol i dinozaury (dubbing),Multikino Wola,17:45,,dubbing,2026-09-07T14:02:59.827104
2026-09-07,poniedzialek,warszawa,Psi Patrol i dinozaury (dubbing),Multikino Złote Tarasy,10:00,,dubbing,2026-09-07T14:02:59.827104
2026-09-07,poniedzialek,warszawa,Psi Patrol i dinozaury (dubbing),Multikino Złote Tarasy,12:30,,dubbing,2026-09-07T14:02:59.827104
2026-09-07,poniedzialek,warszawa,Pucio kocha zwierzaki,Cinema City Warszawa Arkadia,10:20,,,2026-09-07T14:02:59.827104
2026-09-07,poniedzialek,warszawa,Pucio kocha zwierzaki,Cinema City Warszawa Arkadia,11:50,,,2026-09-07T14:02:59.827104
2026-09-07,poniedzialek,warszawa,Pucio kocha zwierzaki,Cinema City Warszawa Arkadia,15:40,,,2026-09-07T14:02:59.827104
2026-09-07,poniedzialek,warszawa,Pucio kocha zwierzaki,Cinema City Warszawa Bemowo,11:30,,,2026-09-07T14:02:59.827104
2026-09-07,poniedzialek,warszawa,Pucio kocha zwierzaki,Cinema City Warszawa Bemowo,14:30,,,2026-09-07T14:02:59.827104
2026-09-07,poniedzialek,warszawa,Pucio kocha zwierzaki,Cinema City Warszawa Galeria Mokotów,10:30,,,2026-09-07T14:02:59.827104
2026-09-07,poniedzialek,warszawa,Pucio kocha zwierzaki,Cinema City Warszawa Galeria Mokotów,12:00,,,2026-09-07T14:02:59.827104
2026-09-07,poniedzialek,warszawa,Pucio kocha zwierzaki,Cinema City Warszawa Galeria Mokotów,13:30,,,2026-09-07T14:02:59.827104
2026-09-07,poniedzialek,warszawa,Pucio kocha zwierzaki,Cinema City Warszawa Galeria Mokotów,15:00,,,2026-09-07T14:02:59.827104
2026-09-07,poniedzialek,warszawa,Pucio kocha zwierzaki,Cinema City Warszawa Galeria Mokotów,16:30,,,2026-09-07T14:02:59.827104
2026-09-07,poniedzialek,warszawa,Pucio kocha zwierzaki,Cinema City Warszawa Galeria Północna,11:20,,,2026-09-07T14:02:59.827104
2026-09-07,poniedzialek,warszawa,Pucio kocha zwierzaki,Cinema City Warszawa Galeria Północna,12:45,,,2026-09-07T14:02:59.827104
2026-09-07,poniedzialek,warszawa,Pucio kocha zwierzaki,Cinema City Warszawa Galeria Północna,14:20,,,2026-09-07T14:02:59.827104
2026-09-07,poniedzialek,warszawa,Pucio kocha zwierzaki,Cinema City Warszawa Promenada,10:20,,,2026-09-07T14:02:59.827104
2026-09-07,poniedzialek,warszawa,Pucio kocha zwierzaki,Cinema City Warszawa Promenada,11:50,,,2026-09-07T14:02:59.827104
2026-09-07,poniedzialek,warszawa,Pucio kocha zwierzaki,Cinema City Warszawa Promenada,13:20,,,2026-09-07T14:02:59.827104
2026-09-07,poniedzialek,warszawa,Pucio kocha zwierzaki,Cinema City Warszawa Promenada,14:45,,,2026-09-07T14:02:59.827104
2026-09-07,poniedzialek,warszawa,Pucio kocha zwierzaki,Cinema City Warszawa Sadyba,11:30,,,2026-09-07T14:02:59.827104
2026-09-07,poniedzialek,warszawa,Pucio kocha zwierzaki,Cinema City Warszawa Sadyba,13:00,,,2026-09-07T14:02:59.827104
2026-09-07,poniedzialek,warszawa,Pucio kocha zwierzaki,Helios Warszawa Blue City,11:20,,,2026-09-07T14:02:59.827104
2026-09-07,poniedzialek,warszawa,Pucio kocha zwierzaki,Helios Warszawa Blue City,14:40,,,2026-09-07T14:02:59.827104
2026-09-07,poniedzialek,warszawa,Pucio kocha zwierzaki,Kino Głębocka 66 w Warszawie,11:00,,,2026-09-07T14:02:59.827104
2026-09-07,poniedzialek,warszawa,Pucio kocha zwierzaki,Kino Głębocka 66 w Warszawie,12:00,,,2026-09-07T14:02:59.827104
2026-09-07,poniedzialek,warszawa,Pucio kocha zwierzaki,Kino Głębocka 66 w Warszawie,13:00,,,2026-09-07T14:02:59.827104
2026-09-07,poniedzialek,warszawa,Pucio kocha zwierzaki,Kino na Boku - Białołęcki Ośrodek Kultury w Warszawie,11:00,,,2026-09-07T14:02:59.827104
2026-09-07,poniedzialek,warszawa,Pucio kocha zwierzaki,Kino na Boku - Białołęcki Ośrodek Kultury w Warszawie,12:00,,,2026-09-07T14:02:59.827104
2026-09-07,poniedzialek,warszawa,Pucio kocha zwierzaki,Kino na Boku - Białołęcki Ośrodek Kultury w Warszawie,13:00,,,2026-09-07T14:02:59.827104
2026-09-07,poniedzialek,warszawa,Pucio kocha zwierzaki,Kinoteka w Warszawie,13:30,,,2026-09-07T14:02:59.827104
2026-09-07,poniedzialek,warszawa,Pucio kocha zwierzaki,Multikino Atrium Reduta w Warszawie,10:40,,,2026-09-07T14:02:59.827104
2026-09-07,poniedzialek,warszawa,Pucio kocha zwierzaki,Multikino Atrium Reduta w Warszawie,11:10,,,2026-09-07T14:02:59.827104
2026-09-07,poniedzialek,warszawa,Pucio kocha zwierzaki,Multikino Atrium Reduta w Warszawie,14:25,,,2026-09-07T14:02:59.827104
2026-09-07,poniedzialek,warszawa,Pucio kocha zwierzaki,Multikino Młociny,10:00,,,2026-09-07T14:02:59.827104
2026-09-07,poniedzialek,warszawa,Pucio kocha zwierzaki,Multikino Młociny,11:00,,,2026-09-07T14:02:59.827104
2026-09-07,poniedzialek,warszawa,Pucio kocha zwierzaki,Multikino Młociny,12:30,,,2026-09-07T14:02:59.827104
2026-09-07,poniedzialek,warszawa,Pucio kocha zwierzaki,Multikino Targówek,10:10,,,2026-09-07T14:02:59.827104
2026-09-07,poniedzialek,warszawa,Pucio kocha zwierzaki,Multikino Targówek,11:25,,,2026-09-07T14:02:59.827104
2026-09-07,poniedzialek,warszawa,Pucio kocha zwierzaki,Multikino Targówek,12:40,,,2026-09-07T14:02:59.827104
2026-09-07,poniedzialek,warszawa,Pucio kocha zwierzaki,Multikino Targówek,13:55,,,2026-09-07T14:02:59.827104
2026-09-07,poniedzialek,warszawa,Pucio kocha zwierzaki,Multikino Wola,10:25,,,2026-09-07T14:02:59.827104
2026-09-07,poniedzialek,warszawa,Pucio kocha zwierzaki,Multikino Wola,11:10,,,2026-09-07T14:02:59.827104
2026-09-07,poniedzialek,warszawa,Pucio kocha zwierzaki,Multikino Wola,14:25,,,2026-09-07T14:02:59.827104
2026-09-07,poniedzialek,warszawa,Pucio kocha zwierzaki,Multikino Złote Tarasy,10:00,,,2026-09-07T14:02:59.827104
2026-09-07,poniedzialek,warszawa,Pucio kocha zwierzaki,Multikino Złote Tarasy,11:00,,,2026-09-07T14:02:59.827104
2026-09-07,poniedzialek,warszawa,Requiem dla snu,Kino Muranów w Warszawie,20:30,,,2026-09-07T14:02:59.827104
2026-09-07,poniedzialek,warszawa,Requiem dla snu,Kino Muranów w Warszawie,22:35,,,2026-09-07T14:02:59.827104
2026-09-07,poniedzialek,warszawa,Sny o słoniach,AMONDO Kino w Warszawie,20:30,,,2026-09-07T14:02:59.827104
2026-09-07,poniedzialek,warszawa,Sny o słoniach,Kino - Dom Kultury Kadr w Warszawie,19:00,,,2026-09-07T14:02:59.827104
2026-09-07,poniedzialek,warszawa,Spa Weekend,Cinema City Warszawa Arkadia,17:10,,,2026-09-07T14:02:59.827104
2026-09-07,poniedzialek,warszawa,Spa Weekend,Cinema City Warszawa Arkadia,19:30,,,2026-09-07T14:02:59.827104
2026-09-07,poniedzialek,warszawa,Spa Weekend,Cinema City Warszawa Arkadia,21:50,,,2026-09-07T14:02:59.827104
2026-09-07,poniedzialek,warszawa,Spa Weekend,Cinema City Warszawa Bemowo,16:00,,,2026-09-07T14:02:59.827104
2026-09-07,poniedzialek,warszawa,Spa Weekend,Cinema City Warszawa Bemowo,18:20,,,2026-09-07T14:02:59.827104
2026-09-07,poniedzialek,warszawa,Spa Weekend,Cinema City Warszawa Bemowo,20:40,,,2026-09-07T14:02:59.827104
2026-09-07,poniedzialek,warszawa,Spa Weekend,Cinema City Warszawa Galeria Mokotów,14:10,,,2026-09-07T14:02:59.827104
2026-09-07,poniedzialek,warszawa,Spa Weekend,Cinema City Warszawa Galeria Mokotów,18:30,,,2026-09-07T14:02:59.827104
2026-09-07,poniedzialek,warszawa,Spa Weekend,Cinema City Warszawa Galeria Mokotów,20:50,,,2026-09-07T14:02:59.827104
2026-09-07,poniedzialek,warszawa,Spa Weekend,Cinema City Warszawa Galeria Północna,13:40,,,2026-09-07T14:02:59.827104
2026-09-07,poniedzialek,warszawa,Spa Weekend,Cinema City Warszawa Galeria Północna,19:40,,,2026-09-07T14:02:59.827104
2026-09-07,poniedzialek,warszawa,Spa Weekend,Cinema City Warszawa Galeria Północna,22:00,,,2026-09-07T14:02:59.827104
2026-09-07,poniedzialek,warszawa,Spa Weekend,Cinema City Warszawa Promenada,16:00,,,2026-09-07T14:02:59.827104
2026-09-07,poniedzialek,warszawa,Spa Weekend,Cinema City Warszawa Promenada,18:20,,,2026-09-07T14:02:59.827104
2026-09-07,poniedzialek,warszawa,Spa Weekend,Cinema City Warszawa Promenada,20:40,,,2026-09-07T14:02:59.827104
2026-09-07,poniedzialek,warszawa,Spa Weekend,Cinema City Warszawa Sadyba,12:00,,,2026-09-07T14:02:59.827104
2026-09-07,poniedzialek,warszawa,Spa Weekend,Cinema City Warszawa Sadyba,19:40,,,2026-09-07T14:02:59.827104
2026-09-07,poniedzialek,warszawa,Spa Weekend,Cinema City Warszawa Sadyba,22:00,,,2026-09-07T14:02:59.827104
2026-09-07,poniedzialek,warszawa,Spa Weekend,Helios Warszawa Blue City,16:00,,,2026-09-07T14:02:59.827104
2026-09-07,poniedzialek,warszawa,Spa Weekend,Helios Warszawa Blue City,18:15,,,2026-09-07T14:02:59.827104
2026-09-07,poniedzialek,warszawa,Spa Weekend,Helios Warszawa Blue City,21:45,,,2026-09-07T14:02:59.827104
2026-09-07,poniedzialek,warszawa,Spa Weekend,Multikino Atrium Reduta w Warszawie,18:00,,,2026-09-07T14:02:59.827104
2026-09-07,poniedzialek,warszawa,Spa Weekend,Multikino Atrium Reduta w Warszawie,20:20,,,2026-09-07T14:02:59.827104
2026-09-07,poniedzialek,warszawa,Spa Weekend,Multikino Młociny,10:10,,,2026-09-07T14:02:59.827104
2026-09-07,poniedzialek,warszawa,Spa Weekend,Multikino Młociny,14:00,,,2026-09-07T14:02:59.827104
2026-09-07,poniedzialek,warszawa,Spa Weekend,Multikino Młociny,18:30,,,2026-09-07T14:02:59.827104
2026-09-07,poniedzialek,warszawa,Spa Weekend,Multikino Młociny,21:00,,,2026-09-07T14:02:59.827104
2026-09-07,poniedzialek,warszawa,Spa Weekend,Multikino Targówek,13:00,,,2026-09-07T14:02:59.827104
2026-09-07,poniedzialek,warszawa,Spa Weekend,Multikino Targówek,15:20,,,2026-09-07T14:02:59.827104
2026-09-07,poniedzialek,warszawa,Spa Weekend,Multikino Targówek,17:40,,,2026-09-07T14:02:59.827104
2026-09-07,poniedzialek,warszawa,Spa Weekend,Multikino Targówek,20:00,,,2026-09-07T14:02:59.827104
2026-09-07,poniedzialek,warszawa,Spa Weekend,Multikino Wola,18:00,,,2026-09-07T14:02:59.827104
2026-09-07,poniedzialek,warszawa,Spa Weekend,Multikino Wola,20:20,,,2026-09-07T14:02:59.827104
2026-09-07,poniedzialek,warszawa,Spa Weekend,Multikino Złote Tarasy,13:55,,,2026-09-07T14:02:59.827104
2026-09-07,poniedzialek,warszawa,Spa Weekend,Multikino Złote Tarasy,18:20,,,2026-09-07T14:02:59.827104
2026-09-07,poniedzialek,warszawa,Spa Weekend,Multikino Złote Tarasy,20:40,,,2026-09-07T14:02:59.827104
2026-09-07,poniedzialek,warszawa,Spa Weekend,NoveKino Wisła w Warszawie,12:00,,,2026-09-07T14:02:59.827104
2026-09-07,poniedzialek,warszawa,Spider-Man. Całkiem nowy dzień,Cinema City Warszawa Arkadia,12:20,,,2026-09-07T14:02:59.827104
2026-09-07,poniedzialek,warszawa,Spider-Man. Całkiem nowy dzień,Cinema City Warszawa Arkadia,15:30,,,2026-09-07T14:02:59.827104
2026-09-07,poniedzialek,warszawa,Spider-Man. Całkiem nowy dzień,Cinema City Warszawa Arkadia,18:40,,,2026-09-07T14:02:59.827104
2026-09-07,poniedzialek,warszawa,Spider-Man. Całkiem nowy dzień,Cinema City Warszawa Arkadia,21:50,,,2026-09-07T14:02:59.827104
2026-09-07,poniedzialek,warszawa,Spider-Man. Całkiem nowy dzień,Cinema City Warszawa Bemowo,15:00,,,2026-09-07T14:02:59.827104
2026-09-07,poniedzialek,warszawa,Spider-Man. Całkiem nowy dzień,Cinema City Warszawa Bemowo,18:10,,,2026-09-07T14:02:59.827104
2026-09-07,poniedzialek,warszawa,Spider-Man. Całkiem nowy dzień,Cinema City Warszawa Bemowo,21:20,,,2026-09-07T14:02:59.827104
2026-09-07,poniedzialek,warszawa,Spider-Man. Całkiem nowy dzień,Cinema City Warszawa Galeria Mokotów,15:10,,,2026-09-07T14:02:59.827104
2026-09-07,poniedzialek,warszawa,Spider-Man. Całkiem nowy dzień,Cinema City Warszawa Galeria Mokotów,18:20,,,2026-09-07T14:02:59.827104
2026-09-07,poniedzialek,warszawa,Spider-Man. Całkiem nowy dzień,Cinema City Warszawa Galeria Mokotów,19:20,,,2026-09-07T14:02:59.827104
2026-09-07,poniedzialek,warszawa,Spider-Man. Całkiem nowy dzień,Cinema City Warszawa Galeria Mokotów,22:30,,,2026-09-07T14:02:59.827104
2026-09-07,poniedzialek,warszawa,Spider-Man. Całkiem nowy dzień,Cinema City Warszawa Galeria Północna,11:40,,,2026-09-07T14:02:59.827104
2026-09-07,poniedzialek,warszawa,Spider-Man. Całkiem nowy dzień,Cinema City Warszawa Galeria Północna,19:20,,,2026-09-07T14:02:59.827104
2026-09-07,poniedzialek,warszawa,Spider-Man. Całkiem nowy dzień,Cinema City Warszawa Promenada,14:20,,,2026-09-07T14:02:59.827104
2026-09-07,poniedzialek,warszawa,Spider-Man. Całkiem nowy dzień,Cinema City Warszawa Promenada,17:30,,,2026-09-07T14:02:59.827104
2026-09-07,poniedzialek,warszawa,Spider-Man. Całkiem nowy dzień,Cinema City Warszawa Promenada,20:40,,,2026-09-07T14:02:59.827104
2026-09-07,poniedzialek,warszawa,Spider-Man. Całkiem nowy dzień,Cinema City Warszawa Sadyba,13:40,,,2026-09-07T14:02:59.827104
2026-09-07,poniedzialek,warszawa,Spider-Man. Całkiem nowy dzień,Cinema City Warszawa Sadyba,16:50,,,2026-09-07T14:02:59.827104
2026-09-07,poniedzialek,warszawa,Spider-Man. Całkiem nowy dzień,Cinema City Warszawa Sadyba,20:00,,,2026-09-07T14:02:59.827104
2026-09-07,poniedzialek,warszawa,Spider-Man. Całkiem nowy dzień,Cinema City Warszawa Sadyba,20:45,,,2026-09-07T14:02:59.827104
2026-09-07,poniedzialek,warszawa,Spider-Man. Całkiem nowy dzień,Helios Warszawa Blue City,11:00,,,2026-09-07T14:02:59.827104
2026-09-07,poniedzialek,warszawa,Spider-Man. Całkiem nowy dzień,Helios Warszawa Blue City,12:00,,,2026-09-07T14:02:59.827104
2026-09-07,poniedzialek,warszawa,Spider-Man. Całkiem nowy dzień,Helios Warszawa Blue City,15:00,,,2026-09-07T14:02:59.827104
2026-09-07,poniedzialek,warszawa,Spider-Man. Całkiem nowy dzień,Helios Warszawa Blue City,16:30,,,2026-09-07T14:02:59.827104
2026-09-07,poniedzialek,warszawa,Spider-Man. Całkiem nowy dzień,Helios Warszawa Blue City,19:45,,,2026-09-07T14:02:59.827104
2026-09-07,poniedzialek,warszawa,Spider-Man. Całkiem nowy dzień,Helios Warszawa Blue City,20:30,,,2026-09-07T14:02:59.827104
2026-09-07,poniedzialek,warszawa,Spider-Man. Całkiem nowy dzień,Kinoteka w Warszawie,14:45,,,2026-09-07T14:02:59.827104
2026-09-07,poniedzialek,warszawa,Spider-Man. Całkiem nowy dzień,Multikino Atrium Reduta w Warszawie,13:50,,,2026-09-07T14:02:59.827104
2026-09-07,poniedzialek,warszawa,Spider-Man. Całkiem nowy dzień,Multikino Atrium Reduta w Warszawie,17:00,,,2026-09-07T14:02:59.827104
2026-09-07,poniedzialek,warszawa,Spider-Man. Całkiem nowy dzień,Multikino Atrium Reduta w Warszawie,20:10,,,2026-09-07T14:02:59.827104
2026-09-07,poniedzialek,warszawa,Spider-Man. Całkiem nowy dzień,Multikino Młociny,10:45,,,2026-09-07T14:02:59.827104
2026-09-07,poniedzialek,warszawa,Spider-Man. Całkiem nowy dzień,Multikino Młociny,14:00,,,2026-09-07T14:02:59.827104
2026-09-07,poniedzialek,warszawa,Spider-Man. Całkiem nowy dzień,Multikino Młociny,17:10,,,2026-09-07T14:02:59.827104
2026-09-07,poniedzialek,warszawa,Spider-Man. Całkiem nowy dzień,Multikino Młociny,20:20,,,2026-09-07T14:02:59.827104
2026-09-07,poniedzialek,warszawa,Spider-Man. Całkiem nowy dzień,Multikino Targówek,14:10,,,2026-09-07T14:02:59.827104
2026-09-07,poniedzialek,warszawa,Spider-Man. Całkiem nowy dzień,Multikino Targówek,20:30,,,2026-09-07T14:02:59.827104
2026-09-07,poniedzialek,warszawa,Spider-Man. Całkiem nowy dzień,Multikino Wola,13:50,,,2026-09-07T14:02:59.827104
2026-09-07,poniedzialek,warszawa,Spider-Man. Całkiem nowy dzień,Multikino Wola,15:00,,,2026-09-07T14:02:59.827104
2026-09-07,poniedzialek,warszawa,Spider-Man. Całkiem nowy dzień,Multikino Wola,20:10,,,2026-09-07T14:02:59.827104
2026-09-07,poniedzialek,warszawa,Spider-Man. Całkiem nowy dzień,Multikino Złote Tarasy,10:45,,,2026-09-07T14:02:59.827104
2026-09-07,poniedzialek,warszawa,Spider-Man. Całkiem nowy dzień,Multikino Złote Tarasy,14:00,,,2026-09-07T14:02:59.827104
2026-09-07,poniedzialek,warszawa,Spider-Man. Całkiem nowy dzień,Multikino Złote Tarasy,17:15,,,2026-09-07T14:02:59.827104
2026-09-07,poniedzialek,warszawa,Spider-Man. Całkiem nowy dzień,Multikino Złote Tarasy,20:30,,,2026-09-07T14:02:59.827104
2026-09-07,poniedzialek,warszawa,Spider-Man. Całkiem nowy dzień (dubbing),Cinema City Warszawa Arkadia,11:40,,dubbing,2026-09-07T14:02:59.827104
2026-09-07,poniedzialek,warszawa,Spider-Man. Całkiem nowy dzień (dubbing),Cinema City Warszawa Arkadia,14:50,,dubbing,2026-09-07T14:02:59.827104
2026-09-07,poniedzialek,warszawa,Spider-Man. Całkiem nowy dzień (dubbing),Cinema City Warszawa Bemowo,11:15,,dubbing,2026-09-07T14:02:59.827104
2026-09-07,poniedzialek,warszawa,Spider-Man. Całkiem nowy dzień (dubbing),Cinema City Warszawa Bemowo,13:20,,dubbing,2026-09-07T14:02:59.827104
2026-09-07,poniedzialek,warszawa,Spider-Man. Całkiem nowy dzień (dubbing),Cinema City Warszawa Bemowo,17:15,,dubbing,2026-09-07T14:02:59.827104
2026-09-07,poniedzialek,warszawa,Spider-Man. Całkiem nowy dzień (dubbing),Cinema City Warszawa Galeria Mokotów,10:00,,dubbing,2026-09-07T14:02:59.827104
2026-09-07,poniedzialek,warszawa,Spider-Man. Całkiem nowy dzień (dubbing),Cinema City Warszawa Galeria Mokotów,12:00,,dubbing,2026-09-07T14:02:59.827104
2026-09-07,poniedzialek,warszawa,Spider-Man. Całkiem nowy dzień (dubbing),Cinema City Warszawa Galeria Mokotów,13:10,,dubbing,2026-09-07T14:02:59.827104
2026-09-07,poniedzialek,warszawa,Spider-Man. Całkiem nowy dzień (dubbing),Cinema City Warszawa Galeria Mokotów,16:15,,dubbing,2026-09-07T14:02:59.827104
2026-09-07,poniedzialek,warszawa,Spider-Man. Całkiem nowy dzień (dubbing),Cinema City Warszawa Galeria Północna,11:10,,dubbing,2026-09-07T14:02:59.827104
2026-09-07,poniedzialek,warszawa,Spider-Man. Całkiem nowy dzień (dubbing),Cinema City Warszawa Galeria Północna,13:10,,dubbing,2026-09-07T14:02:59.827104
2026-09-07,poniedzialek,warszawa,Spider-Man. Całkiem nowy dzień (dubbing),Cinema City Warszawa Galeria Północna,16:15,,dubbing,2026-09-07T14:02:59.827104
2026-09-07,poniedzialek,warszawa,Spider-Man. Całkiem nowy dzień (dubbing),Cinema City Warszawa Promenada,11:10,,dubbing,2026-09-07T14:02:59.827104
2026-09-07,poniedzialek,warszawa,Spider-Man. Całkiem nowy dzień (dubbing),Cinema City Warszawa Promenada,12:40,,dubbing,2026-09-07T14:02:59.827104
2026-09-07,poniedzialek,warszawa,Spider-Man. Całkiem nowy dzień (dubbing),Cinema City Warszawa Promenada,15:45,,dubbing,2026-09-07T14:02:59.827104
2026-09-07,poniedzialek,warszawa,Spider-Man. Całkiem nowy dzień (dubbing),Cinema City Warszawa Promenada,18:50,,dubbing,2026-09-07T14:02:59.827104
2026-09-07,poniedzialek,warszawa,Spider-Man. Całkiem nowy dzień (dubbing),Cinema City Warszawa Sadyba,11:50,,dubbing,2026-09-07T14:02:59.827104
2026-09-07,poniedzialek,warszawa,Spider-Man. Całkiem nowy dzień (dubbing),Cinema City Warszawa Sadyba,12:10,,dubbing,2026-09-07T14:02:59.827104
2026-09-07,poniedzialek,warszawa,Spider-Man. Całkiem nowy dzień (dubbing),Cinema City Warszawa Sadyba,15:20,,dubbing,2026-09-07T14:02:59.827104
2026-09-07,poniedzialek,warszawa,Spider-Man. Całkiem nowy dzień (dubbing),Multikino Atrium Reduta w Warszawie,11:50,,dubbing,2026-09-07T14:02:59.827104
2026-09-07,poniedzialek,warszawa,Spider-Man. Całkiem nowy dzień (dubbing),Multikino Atrium Reduta w Warszawie,15:00,,dubbing,2026-09-07T14:02:59.827104
2026-09-07,poniedzialek,warszawa,Spider-Man. Całkiem nowy dzień (dubbing),Multikino Młociny,13:00,,dubbing,2026-09-07T14:02:59.827104
2026-09-07,poniedzialek,warszawa,Spider-Man. Całkiem nowy dzień (dubbing),Multikino Młociny,16:15,,dubbing,2026-09-07T14:02:59.827104
2026-09-07,poniedzialek,warszawa,Spider-Man. Całkiem nowy dzień (dubbing),Multikino Młociny,19:30,,dubbing,2026-09-07T14:02:59.827104
2026-09-07,poniedzialek,warszawa,Spider-Man. Całkiem nowy dzień (dubbing),Multikino Targówek,10:00,,dubbing,2026-09-07T14:02:59.827104
2026-09-07,poniedzialek,warszawa,Spider-Man. Całkiem nowy dzień (dubbing),Multikino Targówek,11:00,,dubbing,2026-09-07T14:02:59.827104
2026-09-07,poniedzialek,warszawa,Spider-Man. Całkiem nowy dzień (dubbing),Multikino Targówek,13:10,,dubbing,2026-09-07T14:02:59.827104
2026-09-07,poniedzialek,warszawa,Spider-Man. Całkiem nowy dzień (dubbing),Multikino Targówek,16:20,,dubbing,2026-09-07T14:02:59.827104
2026-09-07,poniedzialek,warszawa,Spider-Man. Całkiem nowy dzień (dubbing),Multikino Targówek,17:20,,dubbing,2026-09-07T14:02:59.827104
2026-09-07,poniedzialek,warszawa,Spider-Man. Całkiem nowy dzień (dubbing),Multikino Targówek,19:30,,dubbing,2026-09-07T14:02:59.827104
2026-09-07,poniedzialek,warszawa,Spider-Man. Całkiem nowy dzień (dubbing),Multikino Wola,10:00,,dubbing,2026-09-07T14:02:59.827104
2026-09-07,poniedzialek,warszawa,Spider-Man. Całkiem nowy dzień (dubbing),Multikino Wola,17:00,,dubbing,2026-09-07T14:02:59.827104
2026-09-07,poniedzialek,warszawa,Spider-Man. Całkiem nowy dzień (dubbing),Multikino Złote Tarasy,12:10,,dubbing,2026-09-07T14:02:59.827104
2026-09-07,poniedzialek,warszawa,Spider-Man. Całkiem nowy dzień (dubbing),Multikino Złote Tarasy,15:20,,dubbing,2026-09-07T14:02:59.827104
2026-09-07,poniedzialek,warszawa,Spider-Man. Całkiem nowy dzień 3D,Cinema City Warszawa Galeria Mokotów,15:10,3D,,2026-09-07T14:02:59.827104
2026-09-07,poniedzialek,warszawa,Spider-Man. Całkiem nowy dzień 3D,Cinema City Warszawa Sadyba,17:40,3D,,2026-09-07T14:02:59.827104
2026-09-07,poniedzialek,warszawa,Spider-Man. Całkiem nowy dzień 3D (dubbing),Cinema City Warszawa Arkadia,12:40,3D,dubbing,2026-09-07T14:02:59.827104
2026-09-07,poniedzialek,warszawa,Spider-Man. Całkiem nowy dzień 3D (dubbing),Cinema City Warszawa Galeria Mokotów,12:10,3D,dubbing,2026-09-07T14:02:59.827104
2026-09-07,poniedzialek,warszawa,Spider-Man. Całkiem nowy dzień 3D (dubbing),Cinema City Warszawa Sadyba,14:30,3D,dubbing,2026-09-07T14:02:59.827104
2026-09-07,poniedzialek,warszawa,Sunny Dancer,Cinema City Warszawa Arkadia,17:20,,,2026-09-07T14:02:59.827104
2026-09-07,poniedzialek,warszawa,Sunny Dancer,Cinema City Warszawa Arkadia,19:50,,,2026-09-07T14:02:59.827104
2026-09-07,poniedzialek,warszawa,Sunny Dancer,Cinema City Warszawa Bemowo,12:50,,,2026-09-07T14:02:59.827104
2026-09-07,poniedzialek,warszawa,Sunny Dancer,Cinema City Warszawa Bemowo,19:15,,,2026-09-07T14:02:59.827104
2026-09-07,poniedzialek,warszawa,Sunny Dancer,Cinema City Warszawa Galeria Mokotów,17:20,,,2026-09-07T14:02:59.827104
2026-09-07,poniedzialek,warszawa,Sunny Dancer,Cinema City Warszawa Galeria Mokotów,21:00,,,2026-09-07T14:02:59.827104
2026-09-07,poniedzialek,warszawa,Sunny Dancer,Cinema City Warszawa Galeria Północna,16:00,,,2026-09-07T14:02:59.827104
2026-09-07,poniedzialek,warszawa,Sunny Dancer,Cinema City Warszawa Galeria Północna,22:00,,,2026-09-07T14:02:59.827104
2026-09-07,poniedzialek,warszawa,Sunny Dancer,Cinema City Warszawa Promenada,14:30,,,2026-09-07T14:02:59.827104
2026-09-07,poniedzialek,warszawa,Sunny Dancer,Cinema City Warszawa Promenada,19:10,,,2026-09-07T14:02:59.827104
2026-09-07,poniedzialek,warszawa,Sunny Dancer,Kinokawiarnia Stacja Falenica w Warszawie,14:00,,,2026-09-07T14:02:59.827104
2026-09-07,poniedzialek,warszawa,Sunny Dancer,Multikino Targówek,10:00,,,2026-09-07T14:02:59.827104
2026-09-07,poniedzialek,warszawa,Ścieżki życia (lektor),Kinokawiarnia Stacja Falenica w Warszawie,18:00,,lektor,2026-09-07T14:02:59.827104
2026-09-07,poniedzialek,warszawa,Terminator 2: Dzień sądu,Cinema City Warszawa Arkadia,18:00,,,2026-09-07T14:02:59.827104
2026-09-07,poniedzialek,warszawa,Terminator 2: Dzień sądu,Cinema City Warszawa Galeria Mokotów,20:15,,,2026-09-07T14:02:59.827104
2026-09-07,poniedzialek,warszawa,Terminator 2: Dzień sądu,Cinema City Warszawa Galeria Północna,20:30,,,2026-09-07T14:02:59.827104
2026-09-07,poniedzialek,warszawa,Terminator 2: Dzień sądu,Cinema City Warszawa Sadyba,15:00,,,2026-09-07T14:02:59.827104
2026-09-07,poniedzialek,warszawa,Terminator 2: Dzień sądu,Cinema City Warszawa Sadyba,18:00,,,2026-09-07T14:02:59.827104
2026-09-07,poniedzialek,warszawa,Terminator 2: Dzień sądu,Cinema City Warszawa Sadyba,21:00,,,2026-09-07T14:02:59.827104
2026-09-07,poniedzialek,warszawa,Terminator 2: Dzień sądu,Multikino Targówek,15:10,,,2026-09-07T14:02:59.827104
2026-09-07,poniedzialek,warszawa,Terminator 2: Dzień sądu,Multikino Targówek,20:40,,,2026-09-07T14:02:59.827104
2026-09-07,poniedzialek,warszawa,Tony,Cinema City Warszawa Arkadia,11:50,,,2026-09-07T14:02:59.827104
2026-09-07,poniedzialek,warszawa,Tony,Cinema City Warszawa Arkadia,14:20,,,2026-09-07T14:02:59.827104
2026-09-07,poniedzialek,warszawa,Tony,Cinema City Warszawa Arkadia,19:40,,,2026-09-07T14:02:59.827104
2026-09-07,poniedzialek,warszawa,Tony,Cinema City Warszawa Arkadia,22:10,,,2026-09-07T14:02:59.827104
2026-09-07,poniedzialek,warszawa,Tony,Cinema City Warszawa Bemowo,14:20,,,2026-09-07T14:02:59.827104
2026-09-07,poniedzialek,warszawa,Tony,Cinema City Warszawa Bemowo,16:50,,,2026-09-07T14:02:59.827104
2026-09-07,poniedzialek,warszawa,Tony,Cinema City Warszawa Bemowo,19:20,,,2026-09-07T14:02:59.827104
2026-09-07,poniedzialek,warszawa,Tony,Cinema City Warszawa Bemowo,21:45,,,2026-09-07T14:02:59.827104
2026-09-07,poniedzialek,warszawa,Tony,Cinema City Warszawa Galeria Mokotów,10:00,,,2026-09-07T14:02:59.827104
2026-09-07,poniedzialek,warszawa,Tony,Cinema City Warszawa Galeria Mokotów,12:30,,,2026-09-07T14:02:59.827104
2026-09-07,poniedzialek,warszawa,Tony,Cinema City Warszawa Galeria Mokotów,15:15,,,2026-09-07T14:02:59.827104
2026-09-07,poniedzialek,warszawa,Tony,Cinema City Warszawa Galeria Mokotów,17:50,,,2026-09-07T14:02:59.827104
2026-09-07,poniedzialek,warszawa,Tony,Cinema City Warszawa Galeria Mokotów,20:20,,,2026-09-07T14:02:59.827104
2026-09-07,poniedzialek,warszawa,Tony,Cinema City Warszawa Galeria Północna,11:20,,,2026-09-07T14:02:59.827104
2026-09-07,poniedzialek,warszawa,Tony,Cinema City Warszawa Galeria Północna,19:40,,,2026-09-07T14:02:59.827104
2026-09-07,poniedzialek,warszawa,Tony,Cinema City Warszawa Galeria Północna,22:00,,,2026-09-07T14:02:59.827104
2026-09-07,poniedzialek,warszawa,Tony,Cinema City Warszawa Promenada,12:30,,,2026-09-07T14:02:59.827104
2026-09-07,poniedzialek,warszawa,Tony,Cinema City Warszawa Promenada,15:00,,,2026-09-07T14:02:59.827104
2026-09-07,poniedzialek,warszawa,Tony,Cinema City Warszawa Promenada,17:30,,,2026-09-07T14:02:59.827104
2026-09-07,poniedzialek,warszawa,Tony,Cinema City Warszawa Promenada,20:00,,,2026-09-07T14:02:59.827104
2026-09-07,poniedzialek,warszawa,Tony,Cinema City Warszawa Promenada,21:50,,,2026-09-07T14:02:59.827104
2026-09-07,poniedzialek,warszawa,Tony,Cinema City Warszawa Sadyba,11:40,,,2026-09-07T14:02:59.827104
2026-09-07,poniedzialek,warszawa,Tony,Cinema City Warszawa Sadyba,16:30,,,2026-09-07T14:02:59.827104
2026-09-07,poniedzialek,warszawa,Tony,Cinema City Warszawa Sadyba,19:00,,,2026-09-07T14:02:59.827104
2026-09-07,poniedzialek,warszawa,Tony,Cinema City Warszawa Sadyba,21:30,,,2026-09-07T14:02:59.827104
2026-09-07,poniedzialek,warszawa,Tony,Helios Warszawa Blue City,16:15,,,2026-09-07T14:02:59.827104
2026-09-07,poniedzialek,warszawa,Tony,Helios Warszawa Blue City,20:15,,,2026-09-07T14:02:59.827104
2026-09-07,poniedzialek,warszawa,Tony,Kino Atlantic w Warszawie,12:15,,,2026-09-07T14:02:59.827104
2026-09-07,poniedzialek,warszawa,Tony,Kino Atlantic w Warszawie,15:45,,,2026-09-07T14:02:59.827104
2026-09-07,poniedzialek,warszawa,Tony,Kino Atlantic w Warszawie,17:45,,,2026-09-07T14:02:59.827104
2026-09-07,poniedzialek,warszawa,Tony,Kino Atlantic w Warszawie,20:15,,,2026-09-07T14:02:59.827104
2026-09-07,poniedzialek,warszawa,Tony,Kino Głębocka 66 w Warszawie,18:00,,,2026-09-07T14:02:59.827104
2026-09-07,poniedzialek,warszawa,Tony,Kino Iluzjon - Muzeum Sztuki Filmowej w Warszawie,18:00,,,2026-09-07T14:02:59.827104
2026-09-07,poniedzialek,warszawa,Tony,Kino Kultura w Warszawie,15:00,,,2026-09-07T14:02:59.827104
2026-09-07,poniedzialek,warszawa,Tony,Kino Luna w Warszawie,20:15,,,2026-09-07T14:02:59.827104
2026-09-07,poniedzialek,warszawa,Tony,Kino Muranów w Warszawie,21:35,,,2026-09-07T14:02:59.827104
2026-09-07,poniedzialek,warszawa,Tony,Kino na Boku - Białołęcki Ośrodek Kultury w Warszawie,18:00,,,2026-09-07T14:02:59.827104
2026-09-07,poniedzialek,warszawa,Tony,Kino Praha w Warszawie,20:30,,,2026-09-07T14:02:59.827104
2026-09-07,poniedzialek,warszawa,Tony,Kino Świt w Warszawie,17:00,,,2026-09-07T14:02:59.827104
2026-09-07,poniedzialek,warszawa,Tony,Kinoteka w Warszawie,13:00,,,2026-09-07T14:02:59.827104
2026-09-07,poniedzialek,warszawa,Tony,Kinoteka w Warszawie,15:30,,,2026-09-07T14:02:59.827104
2026-09-07,poniedzialek,warszawa,Tony,Kinoteka w Warszawie,17:45,,,2026-09-07T14:02:59.827104
2026-09-07,poniedzialek,warszawa,Tony,Kinoteka w Warszawie,20:15,,,2026-09-07T14:02:59.827104
2026-09-07,poniedzialek,warszawa,Tony,Multikino Atrium Reduta w Warszawie,17:30,,,2026-09-07T14:02:59.827104
2026-09-07,poniedzialek,warszawa,Tony,Multikino Atrium Reduta w Warszawie,19:50,,,2026-09-07T14:02:59.827104
2026-09-07,poniedzialek,warszawa,Tony,Multikino Młociny,12:15,,,2026-09-07T14:02:59.827104
2026-09-07,poniedzialek,warszawa,Tony,Multikino Młociny,14:45,,,2026-09-07T14:02:59.827104
2026-09-07,poniedzialek,warszawa,Tony,Multikino Młociny,17:15,,,2026-09-07T14:02:59.827104
2026-09-07,poniedzialek,warszawa,Tony,Multikino Młociny,20:30,,,2026-09-07T14:02:59.827104
2026-09-07,poniedzialek,warszawa,Tony,Multikino Targówek,12:15,,,2026-09-07T14:02:59.827104
2026-09-07,poniedzialek,warszawa,Tony,Multikino Targówek,14:45,,,2026-09-07T14:02:59.827104
2026-09-07,poniedzialek,warszawa,Tony,Multikino Targówek,17:15,,,2026-09-07T14:02:59.827104
2026-09-07,poniedzialek,warszawa,Tony,Multikino Targówek,19:45,,,2026-09-07T14:02:59.827104
2026-09-07,poniedzialek,warszawa,Tony,Multikino Wola,17:15,,,2026-09-07T14:02:59.827104
2026-09-07,poniedzialek,warszawa,Tony,Multikino Wola,19:45,,,2026-09-07T14:02:59.827104
2026-09-07,poniedzialek,warszawa,Tony,Multikino Złote Tarasy,14:50,,,2026-09-07T14:02:59.827104
2026-09-07,poniedzialek,warszawa,Tony,Multikino Złote Tarasy,17:20,,,2026-09-07T14:02:59.827104
2026-09-07,poniedzialek,warszawa,Tony,Multikino Złote Tarasy,19:00,,,2026-09-07T14:02:59.827104
2026-09-07,poniedzialek,warszawa,Tony,NoveKino Wisła w Warszawie,15:40,,,2026-09-07T14:02:59.827104
2026-09-07,poniedzialek,warszawa,Tony,NoveKino Wisła w Warszawie,20:00,,,2026-09-07T14:02:59.827104
2026-09-07,poniedzialek,warszawa,Tony (lektor),Kino Kultura w Warszawie,15:00,,lektor,2026-09-07T14:02:59.827104
2026-09-07,poniedzialek,warszawa,Toy Story 5 (dubbing),Cinema City Warszawa Arkadia,11:10,,dubbing,2026-09-07T14:02:59.827104
2026-09-07,poniedzialek,warszawa,Toy Story 5 (dubbing),Cinema City Warszawa Bemowo,11:00,,dubbing,2026-09-07T14:02:59.827104
2026-09-07,poniedzialek,warszawa,Toy Story 5 (dubbing),Cinema City Warszawa Galeria Mokotów,11:00,,dubbing,2026-09-07T14:02:59.827104
2026-09-07,poniedzialek,warszawa,Toy Story 5 (dubbing),Cinema City Warszawa Galeria Północna,11:20,,dubbing,2026-09-07T14:02:59.827104
2026-09-07,poniedzialek,warszawa,Toy Story 5 (dubbing),Cinema City Warszawa Promenada,11:00,,dubbing,2026-09-07T14:02:59.827104
2026-09-07,poniedzialek,warszawa,Toy Story 5 (dubbing),Cinema City Warszawa Sadyba,11:00,,dubbing,2026-09-07T14:02:59.827104
2026-09-07,poniedzialek,warszawa,Toy Story 5 (dubbing),Cinema City Warszawa Sadyba,14:10,,dubbing,2026-09-07T14:02:59.827104
2026-09-07,poniedzialek,warszawa,Toy Story 5 (dubbing),Multikino Targówek,12:45,,dubbing,2026-09-07T14:02:59.827104
2026-09-07,poniedzialek,warszawa,Tylko jedna noc,Cinema City Warszawa Arkadia,21:00,,,2026-09-07T14:02:59.827104
2026-09-07,poniedzialek,warszawa,Tylko jedna noc,Cinema City Warszawa Galeria Północna,18:20,,,2026-09-07T14:02:59.827104
2026-09-07,poniedzialek,warszawa,Tylko jedna noc,Cinema City Warszawa Galeria Północna,20:40,,,2026-09-07T14:02:59.827104
2026-09-07,poniedzialek,warszawa,Tylko jedna noc,Cinema City Warszawa Promenada,21:40,,,2026-09-07T14:02:59.827104
2026-09-07,poniedzialek,warszawa,Tylko kochankowie przeżyją,Kino Muranów w Warszawie,22:30,,,2026-09-07T14:02:59.827104
2026-09-07,poniedzialek,warszawa,Vaiana (dubbing),Cinema City Warszawa Arkadia,10:00,,dubbing,2026-09-07T14:02:59.827104
2026-09-07,poniedzialek,warszawa,Vaiana (dubbing),Cinema City Warszawa Bemowo,12:00,,dubbing,2026-09-07T14:02:59.827104
2026-09-07,poniedzialek,warszawa,Vaiana (dubbing),Cinema City Warszawa Promenada,10:50,,dubbing,2026-09-07T14:02:59.827104
2026-09-07,poniedzialek,warszawa,Vaiana (dubbing),Multikino Targówek,10:05,,dubbing,2026-09-07T14:02:59.827104
2026-09-07,poniedzialek,warszawa,Vivaldi i ja,Kino Atlantic w Warszawie,13:30,,,2026-09-07T14:02:59.827104
2026-09-07,poniedzialek,warszawa,Vivaldi i ja,Kinoteka w Warszawie,20:45,,,2026-09-07T14:02:59.827104
2026-09-07,poniedzialek,warszawa,Vivaldi i ja,NoveKino Wisła w Warszawie,13:50,,,2026-09-07T14:02:59.827104
2026-09-07,poniedzialek,warszawa,W pokoju obok,Kino Muranów w Warszawie,18:00,,,2026-09-07T14:02:59.827104
2026-09-07,poniedzialek,warszawa,Wrong Girls,Cinema City Warszawa Arkadia,15:50,,,2026-09-07T14:02:59.827104
2026-09-07,poniedzialek,warszawa,Wrong Girls,Cinema City Warszawa Arkadia,22:20,,,2026-09-07T14:02:59.827104
2026-09-07,poniedzialek,warszawa,Wszyscy moi wrogowie,Cinema City Warszawa Arkadia,12:50,,,2026-09-07T14:02:59.827104
2026-09-07,poniedzialek,warszawa,Zaproszenie,Cinema City Warszawa Bemowo,14:45,,,2026-09-07T14:02:59.827104
2026-09-07,poniedzialek,warszawa,Zaproszenie,Cinema City Warszawa Promenada,12:20,,,2026-09-07T14:02:59.827104
2026-09-07,poniedzialek,warszawa,Zaproszenie,Kino Atlantic w Warszawie,15:30,,,2026-09-07T14:02:59.827104
2026-09-07,poniedzialek,warszawa,Zaproszenie,Kinoteka w Warszawie,13:00,,,2026-09-07T14:02:59.827104
2026-09-07,poniedzialek,warszawa,Zaproszenie,Kinoteka w Warszawie,20:45,,,2026-09-07T14:02:59.827104
2026-09-07,poniedzialek,warszawa,Zaproszenie,NoveKino Wisła w Warszawie,20:15,,,2026-09-07T14:02:59.827104
2026-09-07,poniedzialek,warszawa,Zróbmy sobie przerwę,Helios Warszawa Blue City,12:45,,,2026-09-07T14:02:59.827104
2026-09-07,poniedzialek,warszawa,АСТРАЛ: ЗА МЕЖАМИ ПОТОЙБІЧЧЯ / Naznaczony: Wyjście z mrocznego wymiaru (ukr.),Cinema City Warszawa Arkadia,22:10,,,2026-09-07T14:02:59.827104
2026-09-07,poniedzialek,warszawa,Людина-павук: Абсолютно новий день / Spider-Man. Całkiem nowy dzień (ukr.),Cinema City Warszawa Arkadia,10:50,,,2026-09-07T14:02:59.827104
2026-09-07,poniedzialek,warszawa,Людина-павук: Абсолютно новий день / Spider-Man. Całkiem nowy dzień (ukr.),Helios Warszawa Blue City,13:15,,,2026-09-07T14:02:59.827104
2026-09-07,poniedzialek,kraków,100 dni: Misja Zeus,Cinema City Kraków Bonarka,18:30,,,2026-09-07T14:03:03.039331
2026-09-07,poniedzialek,kraków,100 dni: Misja Zeus,Cinema City Kraków Galeria Kazimierz,18:30,,,2026-09-07T14:03:03.039331
2026-09-07,poniedzialek,kraków,100 dni: Misja Zeus,Cinema City Kraków Zakopianka,18:30,,,2026-09-07T14:03:03.039331
2026-09-07,poniedzialek,kraków,100 dni: Misja Zeus,Multikino Kraków,18:30,,,2026-09-07T14:03:03.039331
2026-09-07,poniedzialek,kraków,500 mil,Cinema City Kraków Bonarka,14:00,,,2026-09-07T14:03:03.039331
2026-09-07,poniedzialek,kraków,500 mil,Cinema City Kraków Bonarka,18:00,,,2026-09-07T14:03:03.039331
2026-09-07,poniedzialek,kraków,500 mil,Cinema City Kraków Bonarka,20:20,,,2026-09-07T14:03:03.039331
2026-09-07,poniedzialek,kraków,500 mil,Cinema City Kraków Galeria Kazimierz,17:30,,,2026-09-07T14:03:03.039331
2026-09-07,poniedzialek,kraków,500 mil,Cinema City Kraków Galeria Kazimierz,19:50,,,2026-09-07T14:03:03.039331
2026-09-07,poniedzialek,kraków,500 mil,Cinema City Kraków Zakopianka,16:45,,,2026-09-07T14:03:03.039331
2026-09-07,poniedzialek,kraków,500 mil,Cinema City Kraków Zakopianka,19:10,,,2026-09-07T14:03:03.039331
2026-09-07,poniedzialek,kraków,500 mil,Kino Agrafka w Krakowie,16:15,,,2026-09-07T14:03:03.039331
2026-09-07,poniedzialek,kraków,500 mil,Kino Kijów w Krakowie,13:30,,,2026-09-07T14:03:03.039331
2026-09-07,poniedzialek,kraków,500 mil,Kino Kijów w Krakowie,20:30,,,2026-09-07T14:03:03.039331
2026-09-07,poniedzialek,kraków,500 mil,Kino Mikro w Krakowie,15:00,,,2026-09-07T14:03:03.039331
2026-09-07,poniedzialek,kraków,500 mil,"Kino Pod Baranami w Małopolskim Ogrodzie Sztuki, czyli Barany w MOSie",18:00,,,2026-09-07T14:03:03.039331
2026-09-07,poniedzialek,kraków,500 mil,Multikino Kraków,11:25,,,2026-09-07T14:03:03.039331
2026-09-07,poniedzialek,kraków,500 mil,Multikino Kraków,20:15,,,2026-09-07T14:03:03.039331
2026-09-07,poniedzialek,kraków,André Rieu. Niech żyje Maastricht!,Kino Kijów w Krakowie,17:30,,,2026-09-07T14:03:03.039331
2026-09-07,poniedzialek,kraków,Asterix i Obelix: Misja Kleopatra (dubbing),Cinema City Kraków Bonarka,10:00,,dubbing,2026-09-07T14:03:03.039331
2026-09-07,poniedzialek,kraków,Asterix i Obelix: Misja Kleopatra (dubbing),Cinema City Kraków Bonarka,15:30,,dubbing,2026-09-07T14:03:03.039331
2026-09-07,poniedzialek,kraków,Asterix i Obelix: Misja Kleopatra (dubbing),Cinema City Kraków Bonarka,18:00,,dubbing,2026-09-07T14:03:03.039331
2026-09-07,poniedzialek,kraków,Asterix i Obelix: Misja Kleopatra (dubbing),Cinema City Kraków Galeria Kazimierz,15:30,,dubbing,2026-09-07T14:03:03.039331
2026-09-07,poniedzialek,kraków,Asterix i Obelix: Misja Kleopatra (dubbing),Cinema City Kraków Galeria Kazimierz,18:00,,dubbing,2026-09-07T14:03:03.039331
2026-09-07,poniedzialek,kraków,Asterix i Obelix: Misja Kleopatra (dubbing),Cinema City Kraków Zakopianka,12:30,,dubbing,2026-09-07T14:03:03.039331
2026-09-07,poniedzialek,kraków,Asterix i Obelix: Misja Kleopatra (dubbing),Cinema City Kraków Zakopianka,15:00,,dubbing,2026-09-07T14:03:03.039331
2026-09-07,poniedzialek,kraków,Asterix i Obelix: Misja Kleopatra (dubbing),Cinema City Kraków Zakopianka,17:30,,dubbing,2026-09-07T14:03:03.039331
2026-09-07,poniedzialek,kraków,Asterix i Obelix: Misja Kleopatra (dubbing),Multikino Kraków,16:40,,dubbing,2026-09-07T14:03:03.039331
2026-09-07,poniedzialek,kraków,Atak potworków,Kino Mikro w Krakowie,21:00,,,2026-09-07T14:03:03.039331
2026-09-07,poniedzialek,kraków,Auta,Cinema City Kraków Bonarka,10:30,,,2026-09-07T14:03:03.039331
2026-09-07,poniedzialek,kraków,Auta,Cinema City Kraków Bonarka,11:40,,,2026-09-07T14:03:03.039331
2026-09-07,poniedzialek,kraków,Auta,Cinema City Kraków Bonarka,14:20,,,2026-09-07T14:03:03.039331
2026-09-07,poniedzialek,kraków,Auta,Cinema City Kraków Bonarka,16:20,,,2026-09-07T14:03:03.039331
2026-09-07,poniedzialek,kraków,Auta,Cinema City Kraków Bonarka,17:00,,,2026-09-07T14:03:03.039331
2026-09-07,poniedzialek,kraków,Auta,Cinema City Kraków Galeria Kazimierz,11:40,,,2026-09-07T14:03:03.039331
2026-09-07,poniedzialek,kraków,Auta,Cinema City Kraków Galeria Kazimierz,14:20,,,2026-09-07T14:03:03.039331
2026-09-07,poniedzialek,kraków,Auta,Cinema City Kraków Galeria Kazimierz,17:00,,,2026-09-07T14:03:03.039331
2026-09-07,poniedzialek,kraków,Auta,Cinema City Kraków Zakopianka,12:10,,,2026-09-07T14:03:03.039331
2026-09-07,poniedzialek,kraków,Auta,Cinema City Kraków Zakopianka,14:50,,,2026-09-07T14:03:03.039331
2026-09-07,poniedzialek,kraków,Auta,Cinema City Kraków Zakopianka,17:30,,,2026-09-07T14:03:03.039331
2026-09-07,poniedzialek,kraków,Auta,Multikino Kraków,10:15,,,2026-09-07T14:03:03.039331
2026-09-07,poniedzialek,kraków,Auta,Multikino Kraków,12:30,,,2026-09-07T14:03:03.039331
2026-09-07,poniedzialek,kraków,Auta,Multikino Kraków,15:15,,,2026-09-07T14:03:03.039331
2026-09-07,poniedzialek,kraków,Auta,Multikino Kraków,18:00,,,2026-09-07T14:03:03.039331
2026-09-07,poniedzialek,kraków,Backrooms. Bez wyjścia,Cinema City Kraków Bonarka,22:20,,,2026-09-07T14:03:03.039331
2026-09-07,poniedzialek,kraków,Bogaci i martwi,Cinema City Kraków Galeria Kazimierz,13:30,,,2026-09-07T14:03:03.039331
2026-09-07,poniedzialek,kraków,Buntownik,Cinema City Kraków Bonarka,11:40,,,2026-09-07T14:03:03.039331
2026-09-07,poniedzialek,kraków,Buntownik,Cinema City Kraków Bonarka,14:00,,,2026-09-07T14:03:03.039331
2026-09-07,poniedzialek,kraków,Buntownik,Cinema City Kraków Bonarka,17:40,,,2026-09-07T14:03:03.039331
2026-09-07,poniedzialek,kraków,Buntownik,Cinema City Kraków Bonarka,19:50,,,2026-09-07T14:03:03.039331
2026-09-07,poniedzialek,kraków,Buntownik,Cinema City Kraków Bonarka,22:00,,,2026-09-07T14:03:03.039331
2026-09-07,poniedzialek,kraków,Buntownik,Cinema City Kraków Galeria Kazimierz,21:40,,,2026-09-07T14:03:03.039331
2026-09-07,poniedzialek,kraków,Buntownik,Cinema City Kraków Zakopianka,11:30,,,2026-09-07T14:03:03.039331
2026-09-07,poniedzialek,kraków,Do utraty tchu,Kino Mikro w Krakowie,15:00,,,2026-09-07T14:03:03.039331
2026-09-07,poniedzialek,kraków,Flavia de Luce (dubbing),Cinema City Kraków Galeria Kazimierz,10:00,,dubbing,2026-09-07T14:03:03.039331
2026-09-07,poniedzialek,kraków,Gorzkie święta,Cinema City Kraków Bonarka,18:00,,,2026-09-07T14:03:03.039331
2026-09-07,poniedzialek,kraków,Gorzkie święta,Cinema City Kraków Galeria Kazimierz,17:20,,,2026-09-07T14:03:03.039331
2026-09-07,poniedzialek,kraków,Gorzkie święta,Cinema City Kraków Zakopianka,13:45,,,2026-09-07T14:03:03.039331
2026-09-07,poniedzialek,kraków,Gorzkie święta,Kino Kijów w Krakowie,18:30,,,2026-09-07T14:03:03.039331
2026-09-07,poniedzialek,kraków,Gorzkie święta,Kino Kijów w Krakowie,20:15,,,2026-09-07T14:03:03.039331
2026-09-07,poniedzialek,kraków,Gorzkie święta,Kino Mikro w Galerii Bronowice w Krakowie,17:15,,,2026-09-07T14:03:03.039331
2026-09-07,poniedzialek,kraków,Gorzkie święta,Kino Mikro w Krakowie,17:00,,,2026-09-07T14:03:03.039331
2026-09-07,poniedzialek,kraków,Gorzkie święta,Kino Pod Baranami w Krakowie,18:15,,,2026-09-07T14:03:03.039331
2026-09-07,poniedzialek,kraków,Gorzkie święta,"Kino Pod Baranami w Małopolskim Ogrodzie Sztuki, czyli Barany w MOSie",11:45,,,2026-09-07T14:03:03.039331
2026-09-07,poniedzialek,kraków,Gorzkie święta,"Kino Pod Baranami w Małopolskim Ogrodzie Sztuki, czyli Barany w MOSie",20:05,,,2026-09-07T14:03:03.039331
2026-09-07,poniedzialek,kraków,Gorzkie święta,Kino Sfinks w Krakowie,19:00,,,2026-09-07T14:03:03.039331
2026-09-07,poniedzialek,kraków,Gorzkie święta,Multikino Kraków,20:00,,,2026-09-07T14:03:03.039331
2026-09-07,poniedzialek,kraków,Gwiazdozbiór Psa,Cinema City Kraków Bonarka,10:00,,,2026-09-07T14:03:03.039331
2026-09-07,poniedzialek,kraków,Gwiazdozbiór Psa,Cinema City Kraków Bonarka,12:30,,,2026-09-07T14:03:03.039331
2026-09-07,poniedzialek,kraków,Gwiazdozbiór Psa,Cinema City Kraków Bonarka,15:10,,,2026-09-07T14:03:03.039331
2026-09-07,poniedzialek,kraków,Gwiazdozbiór Psa,Cinema City Kraków Bonarka,18:00,,,2026-09-07T14:03:03.039331
2026-09-07,poniedzialek,kraków,Gwiazdozbiór Psa,Cinema City Kraków Bonarka,20:40,,,2026-09-07T14:03:03.039331
2026-09-07,poniedzialek,kraków,Gwiazdozbiór Psa,Cinema City Kraków Galeria Kazimierz,12:10,,,2026-09-07T14:03:03.039331
2026-09-07,poniedzialek,kraków,Gwiazdozbiór Psa,Cinema City Kraków Galeria Kazimierz,14:45,,,2026-09-07T14:03:03.039331
2026-09-07,poniedzialek,kraków,Gwiazdozbiór Psa,Cinema City Kraków Galeria Kazimierz,19:40,,,2026-09-07T14:03:03.039331
2026-09-07,poniedzialek,kraków,Gwiazdozbiór Psa,Cinema City Kraków Galeria Kazimierz,22:20,,,2026-09-07T14:03:03.039331
2026-09-07,poniedzialek,kraków,Gwiazdozbiór Psa,Cinema City Kraków Zakopianka,15:10,,,2026-09-07T14:03:03.039331
2026-09-07,poniedzialek,kraków,Gwiazdozbiór Psa,Cinema City Kraków Zakopianka,17:40,,,2026-09-07T14:03:03.039331
2026-09-07,poniedzialek,kraków,Gwiazdozbiór Psa,Cinema City Kraków Zakopianka,21:50,,,2026-09-07T14:03:03.039331
2026-09-07,poniedzialek,kraków,Gwiazdozbiór Psa,Kino Kijów w Krakowie,14:15,,,2026-09-07T14:03:03.039331
2026-09-07,poniedzialek,kraków,Gwiazdozbiór Psa,Kino Kijów w Krakowie,18:15,,,2026-09-07T14:03:03.039331
2026-09-07,poniedzialek,kraków,Gwiazdozbiór Psa,Kino Kijów w Krakowie,20:30,,,2026-09-07T14:03:03.039331
2026-09-07,poniedzialek,kraków,Gwiazdozbiór Psa,"Kino Pod Baranami w Małopolskim Ogrodzie Sztuki, czyli Barany w MOSie",20:45,,,2026-09-07T14:03:03.039331
2026-09-07,poniedzialek,kraków,Gwiazdozbiór Psa,Multikino Kraków,14:05,,,2026-09-07T14:03:03.039331
2026-09-07,poniedzialek,kraków,Gwiazdozbiór Psa,Multikino Kraków,20:45,,,2026-09-07T14:03:03.039331
2026-09-07,poniedzialek,kraków,Historie równoległe,"Kino Pod Baranami w Małopolskim Ogrodzie Sztuki, czyli Barany w MOSie",15:15,,,2026-09-07T14:03:03.039331
2026-09-07,poniedzialek,kraków,Kandydaci śmierci,Kino Mikro w Krakowie,20:45,,,2026-09-07T14:03:03.039331
2026-09-07,poniedzialek,kraków,Koniec Ulicy Dębowej,Cinema City Kraków Bonarka,10:00,,,2026-09-07T14:03:03.039331
2026-09-07,poniedzialek,kraków,Koniec Ulicy Dębowej,Cinema City Kraków Bonarka,12:30,,,2026-09-07T14:03:03.039331
2026-09-07,poniedzialek,kraków,Koniec Ulicy Dębowej,Cinema City Kraków Bonarka,15:10,,,2026-09-07T14:03:03.039331
2026-09-07,poniedzialek,kraków,Koniec Ulicy Dębowej,Cinema City Kraków Bonarka,17:50,,,2026-09-07T14:03:03.039331
2026-09-07,poniedzialek,kraków,Koniec Ulicy Dębowej,Cinema City Kraków Galeria Kazimierz,22:30,,,2026-09-07T14:03:03.039331
2026-09-07,poniedzialek,kraków,Koniec Ulicy Dębowej,Cinema City Kraków Zakopianka,21:30,,,2026-09-07T14:03:03.039331
2026-09-07,poniedzialek,kraków,Kręciołek (dubbing),Kino Kijów w Krakowie,10:45,,dubbing,2026-09-07T14:03:03.039331
2026-09-07,poniedzialek,kraków,Kręciołek (dubbing),Kino Kijów w Krakowie,12:30,,dubbing,2026-09-07T14:03:03.039331
2026-09-07,poniedzialek,kraków,Księga pustyni,Kino Kijów w Krakowie,12:00,,,2026-09-07T14:03:03.039331
2026-09-07,poniedzialek,kraków,Księga pustyni,Kino Kijów w Krakowie,14:15,,,2026-09-07T14:03:03.039331
2026-09-07,poniedzialek,kraków,Księga pustyni (dubbing),Cinema City Kraków Bonarka,13:50,,dubbing,2026-09-07T14:03:03.039331
2026-09-07,poniedzialek,kraków,Księga pustyni (dubbing),Cinema City Kraków Bonarka,16:00,,dubbing,2026-09-07T14:03:03.039331
2026-09-07,poniedzialek,kraków,Księga pustyni (dubbing),Cinema City Kraków Galeria Kazimierz,10:00,,dubbing,2026-09-07T14:03:03.039331
2026-09-07,poniedzialek,kraków,Księga pustyni (dubbing),Cinema City Kraków Galeria Kazimierz,12:40,,dubbing,2026-09-07T14:03:03.039331
2026-09-07,poniedzialek,kraków,Księga pustyni (dubbing),Cinema City Kraków Zakopianka,11:30,,dubbing,2026-09-07T14:03:03.039331
2026-09-07,poniedzialek,kraków,Księga pustyni (dubbing),Kino Mikro w Galerii Bronowice w Krakowie,13:15,,dubbing,2026-09-07T14:03:03.039331
2026-09-07,poniedzialek,kraków,Księga pustyni (dubbing),Multikino Kraków,11:00,,dubbing,2026-09-07T14:03:03.039331
2026-09-07,poniedzialek,kraków,Księga pustyni (dubbing),Multikino Kraków,13:50,,dubbing,2026-09-07T14:03:03.039331
2026-09-07,poniedzialek,kraków,Ktoś całkiem obcy,Cinema City Kraków Bonarka,20:00,,,2026-09-07T14:03:03.039331
2026-09-07,poniedzialek,kraków,"Miłość, śmierć i dojrzewanie na Obozie Miasma",Cinema City Kraków Bonarka,19:50,,,2026-09-07T14:03:03.039331
2026-09-07,poniedzialek,kraków,"Miłość, śmierć i dojrzewanie na Obozie Miasma",Cinema City Kraków Bonarka,22:20,,,2026-09-07T14:03:03.039331
2026-09-07,poniedzialek,kraków,"Miłość, śmierć i dojrzewanie na Obozie Miasma",Cinema City Kraków Galeria Kazimierz,19:50,,,2026-09-07T14:03:03.039331
2026-09-07,poniedzialek,kraków,"Miłość, śmierć i dojrzewanie na Obozie Miasma",Kino Mikro w Galerii Bronowice w Krakowie,19:15,,,2026-09-07T14:03:03.039331
2026-09-07,poniedzialek,kraków,"Miłość, śmierć i dojrzewanie na Obozie Miasma",Kino Pod Baranami w Krakowie,20:30,,,2026-09-07T14:03:03.039331
2026-09-07,poniedzialek,kraków,Minionki i straszydła (dubbing),Cinema City Kraków Bonarka,11:40,,dubbing,2026-09-07T14:03:03.039331
2026-09-07,poniedzialek,kraków,Minionki i straszydła (dubbing),Cinema City Kraków Bonarka,13:50,,dubbing,2026-09-07T14:03:03.039331
2026-09-07,poniedzialek,kraków,Minionki i straszydła (dubbing),Cinema City Kraków Bonarka,16:10,,dubbing,2026-09-07T14:03:03.039331
2026-09-07,poniedzialek,kraków,Minionki i straszydła (dubbing),Cinema City Kraków Galeria Kazimierz,10:00,,dubbing,2026-09-07T14:03:03.039331
2026-09-07,poniedzialek,kraków,Minionki i straszydła (dubbing),Cinema City Kraków Galeria Kazimierz,11:10,,dubbing,2026-09-07T14:03:03.039331
2026-09-07,poniedzialek,kraków,Minionki i straszydła (dubbing),Cinema City Kraków Galeria Kazimierz,13:20,,dubbing,2026-09-07T14:03:03.039331
2026-09-07,poniedzialek,kraków,Minionki i straszydła (dubbing),Cinema City Kraków Zakopianka,11:15,,dubbing,2026-09-07T14:03:03.039331
2026-09-07,poniedzialek,kraków,Minionki i straszydła (dubbing),Cinema City Kraków Zakopianka,13:20,,dubbing,2026-09-07T14:03:03.039331
2026-09-07,poniedzialek,kraków,Minionki i straszydła (dubbing),Cinema City Kraków Zakopianka,15:30,,dubbing,2026-09-07T14:03:03.039331
2026-09-07,poniedzialek,kraków,Minionki i straszydła (dubbing),Multikino Kraków,10:55,,dubbing,2026-09-07T14:03:03.039331
2026-09-07,poniedzialek,kraków,Mira (dubbing),Kino Kijów w Krakowie,10:15,,dubbing,2026-09-07T14:03:03.039331
2026-09-07,poniedzialek,kraków,Mira (dubbing),Kino Kijów w Krakowie,14:00,,dubbing,2026-09-07T14:03:03.039331
2026-09-07,poniedzialek,kraków,Młodsza siostra,Kino Kijów w Krakowie,16:00,,,2026-09-07T14:03:03.039331
2026-09-07,poniedzialek,kraków,Młodsza siostra,Kino Mikro w Krakowie,18:45,,,2026-09-07T14:03:03.039331
2026-09-07,poniedzialek,kraków,Młodsza siostra,"Kino Pod Baranami w Małopolskim Ogrodzie Sztuki, czyli Barany w MOSie",18:30,,,2026-09-07T14:03:03.039331
2026-09-07,poniedzialek,kraków,Naznaczony: Wyjście z mrocznego wymiaru,Cinema City Kraków Bonarka,19:40,,,2026-09-07T14:03:03.039331
2026-09-07,poniedzialek,kraków,Naznaczony: Wyjście z mrocznego wymiaru,Cinema City Kraków Bonarka,22:00,,,2026-09-07T14:03:03.039331
2026-09-07,poniedzialek,kraków,Naznaczony: Wyjście z mrocznego wymiaru,Cinema City Kraków Bonarka,22:00,,,2026-09-07T14:03:03.039331
2026-09-07,poniedzialek,kraków,Naznaczony: Wyjście z mrocznego wymiaru,Cinema City Kraków Galeria Kazimierz,16:00,,,2026-09-07T14:03:03.039331
2026-09-07,poniedzialek,kraków,Naznaczony: Wyjście z mrocznego wymiaru,Cinema City Kraków Galeria Kazimierz,20:30,,,2026-09-07T14:03:03.039331
2026-09-07,poniedzialek,kraków,Naznaczony: Wyjście z mrocznego wymiaru,Cinema City Kraków Zakopianka,20:30,,,2026-09-07T14:03:03.039331
2026-09-07,poniedzialek,kraków,Naznaczony: Wyjście z mrocznego wymiaru,Multikino Kraków,11:40,,,2026-09-07T14:03:03.039331
2026-09-07,poniedzialek,kraków,Naznaczony: Wyjście z mrocznego wymiaru,Multikino Kraków,21:10,,,2026-09-07T14:03:03.039331
2026-09-07,poniedzialek,kraków,Nie patrz w dół 2,Cinema City Kraków Bonarka,10:10,,,2026-09-07T14:03:03.039331
2026-09-07,poniedzialek,kraków,Nie patrz w dół 2,Cinema City Kraków Bonarka,12:30,,,2026-09-07T14:03:03.039331
2026-09-07,poniedzialek,kraków,Nie patrz w dół 2,Cinema City Kraków Bonarka,14:50,,,2026-09-07T14:03:03.039331
2026-09-07,poniedzialek,kraków,Nie patrz w dół 2,Cinema City Kraków Bonarka,17:10,,,2026-09-07T14:03:03.039331
2026-09-07,poniedzialek,kraków,Nie patrz w dół 2,Cinema City Kraków Bonarka,19:30,,,2026-09-07T14:03:03.039331
2026-09-07,poniedzialek,kraków,Nie patrz w dół 2,Cinema City Kraków Bonarka,21:40,,,2026-09-07T14:03:03.039331
2026-09-07,poniedzialek,kraków,Nie patrz w dół 2,Cinema City Kraków Bonarka,21:50,,,2026-09-07T14:03:03.039331
2026-09-07,poniedzialek,kraków,Nie patrz w dół 2,Cinema City Kraków Galeria Kazimierz,14:50,,,2026-09-07T14:03:03.039331
2026-09-07,poniedzialek,kraków,Nie patrz w dół 2,Cinema City Kraków Galeria Kazimierz,17:10,,,2026-09-07T14:03:03.039331
2026-09-07,poniedzialek,kraków,Nie patrz w dół 2,Cinema City Kraków Galeria Kazimierz,19:30,,,2026-09-07T14:03:03.039331
2026-09-07,poniedzialek,kraków,Nie patrz w dół 2,Cinema City Kraków Galeria Kazimierz,22:15,,,2026-09-07T14:03:03.039331
2026-09-07,poniedzialek,kraków,Nie patrz w dół 2,Cinema City Kraków Zakopianka,16:20,,,2026-09-07T14:03:03.039331
2026-09-07,poniedzialek,kraków,Nie patrz w dół 2,Cinema City Kraków Zakopianka,18:40,,,2026-09-07T14:03:03.039331
2026-09-07,poniedzialek,kraków,Nie patrz w dół 2,Cinema City Kraków Zakopianka,21:00,,,2026-09-07T14:03:03.039331
2026-09-07,poniedzialek,kraków,Nie patrz w dół 2,Kino Kijów w Krakowie,18:15,,,2026-09-07T14:03:03.039331
2026-09-07,poniedzialek,kraków,Nie patrz w dół 2,Kino Kijów w Krakowie,20:45,,,2026-09-07T14:03:03.039331
2026-09-07,poniedzialek,kraków,Nie patrz w dół 2,Multikino Kraków,13:15,,,2026-09-07T14:03:03.039331
2026-09-07,poniedzialek,kraków,Nie patrz w dół 2,Multikino Kraków,15:35,,,2026-09-07T14:03:03.039331
2026-09-07,poniedzialek,kraków,Nie patrz w dół 2,Multikino Kraków,17:55,,,2026-09-07T14:03:03.039331
2026-09-07,poniedzialek,kraków,Nie patrz w dół 2,Multikino Kraków,20:45,,,2026-09-07T14:03:03.039331
2026-09-07,poniedzialek,kraków,Niezłomność,Kino Paradox w Krakowie,20:30,,,2026-09-07T14:03:03.039331
2026-09-07,poniedzialek,kraków,O czym sobie nie mówimy,Kino Mikro w Krakowie,13:00,,,2026-09-07T14:03:03.039331
2026-09-07,poniedzialek,kraków,O czym sobie nie mówimy,"Kino Pod Baranami w Małopolskim Ogrodzie Sztuki, czyli Barany w MOSie",14:00,,,2026-09-07T14:03:03.039331
2026-09-07,poniedzialek,kraków,Obsesja,Cinema City Kraków Galeria Kazimierz,22:10,,,2026-09-07T14:03:03.039331
2026-09-07,poniedzialek,kraków,Odyseja,Cinema City Kraków Bonarka,10:10,,,2026-09-07T14:03:03.039331
2026-09-07,poniedzialek,kraków,Odyseja,Cinema City Kraków Bonarka,13:50,,,2026-09-07T14:03:03.039331
2026-09-07,poniedzialek,kraków,Odyseja,Cinema City Kraków Bonarka,14:40,,,2026-09-07T14:03:03.039331
2026-09-07,poniedzialek,kraków,Odyseja,Cinema City Kraków Bonarka,16:20,,,2026-09-07T14:03:03.039331
2026-09-07,poniedzialek,kraków,Odyseja,Cinema City Kraków Bonarka,18:10,,,2026-09-07T14:03:03.039331
2026-09-07,poniedzialek,kraków,Odyseja,Cinema City Kraków Bonarka,20:00,,,2026-09-07T14:03:03.039331
2026-09-07,poniedzialek,kraków,Odyseja,Cinema City Kraków Bonarka,20:00,,,2026-09-07T14:03:03.039331
2026-09-07,poniedzialek,kraków,Odyseja,Cinema City Kraków Galeria Kazimierz,13:00,,,2026-09-07T14:03:03.039331
2026-09-07,poniedzialek,kraków,Odyseja,Cinema City Kraków Galeria Kazimierz,19:00,,,2026-09-07T14:03:03.039331
2026-09-07,poniedzialek,kraków,Odyseja,Cinema City Kraków Zakopianka,11:00,,,2026-09-07T14:03:03.039331
2026-09-07,poniedzialek,kraków,Odyseja,Cinema City Kraków Zakopianka,14:40,,,2026-09-07T14:03:03.039331
2026-09-07,poniedzialek,kraków,Odyseja,Cinema City Kraków Zakopianka,18:15,,,2026-09-07T14:03:03.039331
2026-09-07,poniedzialek,kraków,Odyseja,Cinema City Kraków Zakopianka,20:15,,,2026-09-07T14:03:03.039331
2026-09-07,poniedzialek,kraków,Odyseja,Kino Pod Baranami w Krakowie,14:45,,,2026-09-07T14:03:03.039331
2026-09-07,poniedzialek,kraków,Odyseja,"Kino Pod Baranami w Małopolskim Ogrodzie Sztuki, czyli Barany w MOSie",17:15,,,2026-09-07T14:03:03.039331
2026-09-07,poniedzialek,kraków,Odyseja,Multikino Kraków,11:55,,,2026-09-07T14:03:03.039331
2026-09-07,poniedzialek,kraków,Odyseja,Multikino Kraków,15:30,,,2026-09-07T14:03:03.039331
2026-09-07,poniedzialek,kraków,Odyseja,Multikino Kraków,16:45,,,2026-09-07T14:03:03.039331
2026-09-07,poniedzialek,kraków,Odyseja,Multikino Kraków,19:05,,,2026-09-07T14:03:03.039331
2026-09-07,poniedzialek,kraków,Odyseja,Multikino Kraków,20:20,,,2026-09-07T14:03:03.039331
2026-09-07,poniedzialek,kraków,Odzyskany,Cinema City Kraków Bonarka,17:50,,,2026-09-07T14:03:03.039331
2026-09-07,poniedzialek,kraków,Odzyskany,Kino Kijów w Krakowie,12:15,,,2026-09-07T14:03:03.039331
2026-09-07,poniedzialek,kraków,Odzyskany,Kino Kijów w Krakowie,15:30,,,2026-09-07T14:03:03.039331
2026-09-07,poniedzialek,kraków,Odzyskany,Multikino Kraków,19:00,,,2026-09-07T14:03:03.039331
2026-09-07,poniedzialek,kraków,Ojczyzna,Kino Pod Baranami w Krakowie,11:55,,,2026-09-07T14:03:03.039331
2026-09-07,poniedzialek,kraków,Ostatni konsjerż,Kino Sfinks w Krakowie,18:00,,,2026-09-07T14:03:03.039331
2026-09-07,poniedzialek,kraków,Pośród ciemności,Kino Pod Baranami w Krakowie,18:00,,,2026-09-07T14:03:03.039331
2026-09-07,poniedzialek,kraków,Proces,Kino Mikro w Krakowie,16:45,,,2026-09-07T14:03:03.039331
2026-09-07,poniedzialek,kraków,Psi Patrol i dinozaury (dubbing),Cinema City Kraków Bonarka,10:00,,dubbing,2026-09-07T14:03:03.039331
2026-09-07,poniedzialek,kraków,Psi Patrol i dinozaury (dubbing),Cinema City Kraków Bonarka,12:10,,dubbing,2026-09-07T14:03:03.039331
2026-09-07,poniedzialek,kraków,Psi Patrol i dinozaury (dubbing),Cinema City Kraków Bonarka,14:20,,dubbing,2026-09-07T14:03:03.039331
2026-09-07,poniedzialek,kraków,Psi Patrol i dinozaury (dubbing),Cinema City Kraków Bonarka,16:30,,dubbing,2026-09-07T14:03:03.039331
2026-09-07,poniedzialek,kraków,Psi Patrol i dinozaury (dubbing),Cinema City Kraków Galeria Kazimierz,10:50,,dubbing,2026-09-07T14:03:03.039331
2026-09-07,poniedzialek,kraków,Psi Patrol i dinozaury (dubbing),Cinema City Kraków Galeria Kazimierz,14:20,,dubbing,2026-09-07T14:03:03.039331
2026-09-07,poniedzialek,kraków,Psi Patrol i dinozaury (dubbing),Cinema City Kraków Galeria Kazimierz,15:10,,dubbing,2026-09-07T14:03:03.039331
2026-09-07,poniedzialek,kraków,Psi Patrol i dinozaury (dubbing),Cinema City Kraków Zakopianka,11:50,,dubbing,2026-09-07T14:03:03.039331
2026-09-07,poniedzialek,kraków,Psi Patrol i dinozaury (dubbing),Cinema City Kraków Zakopianka,14:00,,dubbing,2026-09-07T14:03:03.039331
2026-09-07,poniedzialek,kraków,Psi Patrol i dinozaury (dubbing),Kino Kijów w Krakowie,10:15,,dubbing,2026-09-07T14:03:03.039331
2026-09-07,poniedzialek,kraków,Psi Patrol i dinozaury (dubbing),Kino Kijów w Krakowie,11:30,,dubbing,2026-09-07T14:03:03.039331
2026-09-07,poniedzialek,kraków,Psi Patrol i dinozaury (dubbing),Kino Kijów w Krakowie,14:15,,dubbing,2026-09-07T14:03:03.039331
2026-09-07,poniedzialek,kraków,Psi Patrol i dinozaury (dubbing),Multikino Kraków,10:05,,dubbing,2026-09-07T14:03:03.039331
2026-09-07,poniedzialek,kraków,Psi Patrol i dinozaury (dubbing),Multikino Kraków,13:05,,dubbing,2026-09-07T14:03:03.039331
2026-09-07,poniedzialek,kraków,Psi Patrol i dinozaury (dubbing),Multikino Kraków,15:15,,dubbing,2026-09-07T14:03:03.039331
2026-09-07,poniedzialek,kraków,Psi Patrol i dinozaury (dubbing),Multikino Kraków,17:25,,dubbing,2026-09-07T14:03:03.039331
2026-09-07,poniedzialek,kraków,Pucio kocha zwierzaki,Cinema City Kraków Bonarka,10:50,,,2026-09-07T14:03:03.039331
2026-09-07,poniedzialek,kraków,Pucio kocha zwierzaki,Cinema City Kraków Bonarka,12:20,,,2026-09-07T14:03:03.039331
2026-09-07,poniedzialek,kraków,Pucio kocha zwierzaki,Cinema City Kraków Bonarka,16:30,,,2026-09-07T14:03:03.039331
2026-09-07,poniedzialek,kraków,Pucio kocha zwierzaki,Cinema City Kraków Galeria Kazimierz,10:10,,,2026-09-07T14:03:03.039331
2026-09-07,poniedzialek,kraków,Pucio kocha zwierzaki,Cinema City Kraków Galeria Kazimierz,10:40,,,2026-09-07T14:03:03.039331
2026-09-07,poniedzialek,kraków,Pucio kocha zwierzaki,Cinema City Kraków Galeria Kazimierz,12:10,,,2026-09-07T14:03:03.039331
2026-09-07,poniedzialek,kraków,Pucio kocha zwierzaki,Cinema City Kraków Galeria Kazimierz,13:40,,,2026-09-07T14:03:03.039331
2026-09-07,poniedzialek,kraków,Pucio kocha zwierzaki,Cinema City Kraków Zakopianka,11:00,,,2026-09-07T14:03:03.039331
2026-09-07,poniedzialek,kraków,Pucio kocha zwierzaki,Cinema City Kraków Zakopianka,12:10,,,2026-09-07T14:03:03.039331
2026-09-07,poniedzialek,kraków,Pucio kocha zwierzaki,Cinema City Kraków Zakopianka,13:40,,,2026-09-07T14:03:03.039331
2026-09-07,poniedzialek,kraków,Pucio kocha zwierzaki,Kino Kijów w Krakowie,10:45,,,2026-09-07T14:03:03.039331
2026-09-07,poniedzialek,kraków,Pucio kocha zwierzaki,Multikino Kraków,10:30,,,2026-09-07T14:03:03.039331
2026-09-07,poniedzialek,kraków,Pucio kocha zwierzaki,Multikino Kraków,11:40,,,2026-09-07T14:03:03.039331
2026-09-07,poniedzialek,kraków,Pucio kocha zwierzaki,Multikino Kraków,12:50,,,2026-09-07T14:03:03.039331
2026-09-07,poniedzialek,kraków,Pucio kocha zwierzaki,Multikino Kraków,14:05,,,2026-09-07T14:03:03.039331
2026-09-07,poniedzialek,kraków,Pucio kocha zwierzaki,Multikino Kraków,15:25,,,2026-09-07T14:03:03.039331
2026-09-07,poniedzialek,kraków,Spa Weekend,Cinema City Kraków Bonarka,13:30,,,2026-09-07T14:03:03.039331
2026-09-07,poniedzialek,kraków,Spa Weekend,Cinema City Kraków Bonarka,19:10,,,2026-09-07T14:03:03.039331
2026-09-07,poniedzialek,kraków,Spa Weekend,Cinema City Kraków Bonarka,21:30,,,2026-09-07T14:03:03.039331
2026-09-07,poniedzialek,kraków,Spa Weekend,Cinema City Kraków Galeria Kazimierz,16:30,,,2026-09-07T14:03:03.039331
2026-09-07,poniedzialek,kraków,Spa Weekend,Cinema City Kraków Galeria Kazimierz,18:50,,,2026-09-07T14:03:03.039331
2026-09-07,poniedzialek,kraków,Spa Weekend,Cinema City Kraków Galeria Kazimierz,21:10,,,2026-09-07T14:03:03.039331
2026-09-07,poniedzialek,kraków,Spa Weekend,Cinema City Kraków Zakopianka,16:10,,,2026-09-07T14:03:03.039331
2026-09-07,poniedzialek,kraków,Spa Weekend,Cinema City Kraków Zakopianka,18:30,,,2026-09-07T14:03:03.039331
2026-09-07,poniedzialek,kraków,Spa Weekend,Cinema City Kraków Zakopianka,20:45,,,2026-09-07T14:03:03.039331
2026-09-07,poniedzialek,kraków,Spa Weekend,Kino Kijów w Krakowie,16:30,,,2026-09-07T14:03:03.039331
2026-09-07,poniedzialek,kraków,Spa Weekend,Kino Kijów w Krakowie,18:30,,,2026-09-07T14:03:03.039331
2026-09-07,poniedzialek,kraków,Spa Weekend,Multikino Kraków,13:00,,,2026-09-07T14:03:03.039331
2026-09-07,poniedzialek,kraków,Spa Weekend,Multikino Kraków,15:20,,,2026-09-07T14:03:03.039331
2026-09-07,poniedzialek,kraków,Spa Weekend,Multikino Kraków,17:40,,,2026-09-07T14:03:03.039331
2026-09-07,poniedzialek,kraków,Spa Weekend,Multikino Kraków,19:40,,,2026-09-07T14:03:03.039331
2026-09-07,poniedzialek,kraków,Spider-Man. Całkiem nowy dzień,Cinema City Kraków Bonarka,11:30,,,2026-09-07T14:03:03.039331
2026-09-07,poniedzialek,kraków,Spider-Man. Całkiem nowy dzień,Cinema City Kraków Bonarka,14:40,,,2026-09-07T14:03:03.039331
2026-09-07,poniedzialek,kraków,Spider-Man. Całkiem nowy dzień,Cinema City Kraków Bonarka,17:20,,,2026-09-07T14:03:03.039331
2026-09-07,poniedzialek,kraków,Spider-Man. Całkiem nowy dzień,Cinema City Kraków Bonarka,20:20,,,2026-09-07T14:03:03.039331
2026-09-07,poniedzialek,kraków,Spider-Man. Całkiem nowy dzień,Cinema City Kraków Bonarka,20:20,,,2026-09-07T14:03:03.039331
2026-09-07,poniedzialek,kraków,Spider-Man. Całkiem nowy dzień,Cinema City Kraków Bonarka,20:30,,,2026-09-07T14:03:03.039331
2026-09-07,poniedzialek,kraków,Spider-Man. Całkiem nowy dzień,Cinema City Kraków Galeria Kazimierz,12:15,,,2026-09-07T14:03:03.039331
2026-09-07,poniedzialek,kraków,Spider-Man. Całkiem nowy dzień,Cinema City Kraków Galeria Kazimierz,15:20,,,2026-09-07T14:03:03.039331
2026-09-07,poniedzialek,kraków,Spider-Man. Całkiem nowy dzień,Cinema City Kraków Galeria Kazimierz,18:30,,,2026-09-07T14:03:03.039331
2026-09-07,poniedzialek,kraków,Spider-Man. Całkiem nowy dzień,Cinema City Kraków Galeria Kazimierz,21:50,,,2026-09-07T14:03:03.039331
2026-09-07,poniedzialek,kraków,Spider-Man. Całkiem nowy dzień,Cinema City Kraków Zakopianka,13:40,,,2026-09-07T14:03:03.039331
2026-09-07,poniedzialek,kraków,Spider-Man. Całkiem nowy dzień,Cinema City Kraków Zakopianka,20:00,,,2026-09-07T14:03:03.039331
2026-09-07,poniedzialek,kraków,Spider-Man. Całkiem nowy dzień,Cinema City Kraków Zakopianka,21:00,,,2026-09-07T14:03:03.039331
2026-09-07,poniedzialek,kraków,Spider-Man. Całkiem nowy dzień,Multikino Kraków,11:00,,,2026-09-07T14:03:03.039331
2026-09-07,poniedzialek,kraków,Spider-Man. Całkiem nowy dzień,Multikino Kraków,17:20,,,2026-09-07T14:03:03.039331
2026-09-07,poniedzialek,kraków,Spider-Man. Całkiem nowy dzień,Multikino Kraków,20:30,,,2026-09-07T14:03:03.039331
2026-09-07,poniedzialek,kraków,Spider-Man. Całkiem nowy dzień (dubbing),Cinema City Kraków Bonarka,10:20,,dubbing,2026-09-07T14:03:03.039331
2026-09-07,poniedzialek,kraków,Spider-Man. Całkiem nowy dzień (dubbing),Cinema City Kraków Bonarka,11:50,,dubbing,2026-09-07T14:03:03.039331
2026-09-07,poniedzialek,kraków,Spider-Man. Całkiem nowy dzień (dubbing),Cinema City Kraków Bonarka,14:10,,dubbing,2026-09-07T14:03:03.039331
2026-09-07,poniedzialek,kraków,Spider-Man. Całkiem nowy dzień (dubbing),Cinema City Kraków Bonarka,15:00,,dubbing,2026-09-07T14:03:03.039331
2026-09-07,poniedzialek,kraków,Spider-Man. Całkiem nowy dzień (dubbing),Cinema City Kraków Bonarka,15:50,,dubbing,2026-09-07T14:03:03.039331
2026-09-07,poniedzialek,kraków,Spider-Man. Całkiem nowy dzień (dubbing),Cinema City Kraków Galeria Kazimierz,10:30,,dubbing,2026-09-07T14:03:03.039331
2026-09-07,poniedzialek,kraków,Spider-Man. Całkiem nowy dzień (dubbing),Cinema City Kraków Galeria Kazimierz,13:40,,dubbing,2026-09-07T14:03:03.039331
2026-09-07,poniedzialek,kraków,Spider-Man. Całkiem nowy dzień (dubbing),Cinema City Kraków Zakopianka,12:00,,dubbing,2026-09-07T14:03:03.039331
2026-09-07,poniedzialek,kraków,Spider-Man. Całkiem nowy dzień (dubbing),Cinema City Kraków Zakopianka,15:15,,dubbing,2026-09-07T14:03:03.039331
2026-09-07,poniedzialek,kraków,Spider-Man. Całkiem nowy dzień (dubbing),Cinema City Kraków Zakopianka,17:50,,dubbing,2026-09-07T14:03:03.039331
2026-09-07,poniedzialek,kraków,Spider-Man. Całkiem nowy dzień (dubbing),Multikino Kraków,10:00,,dubbing,2026-09-07T14:03:03.039331
2026-09-07,poniedzialek,kraków,Spider-Man. Całkiem nowy dzień (dubbing),Multikino Kraków,13:10,,dubbing,2026-09-07T14:03:03.039331
2026-09-07,poniedzialek,kraków,Spider-Man. Całkiem nowy dzień (dubbing),Multikino Kraków,14:10,,dubbing,2026-09-07T14:03:03.039331
2026-09-07,poniedzialek,kraków,Spider-Man. Całkiem nowy dzień (dubbing),Multikino Kraków,14:50,,dubbing,2026-09-07T14:03:03.039331
2026-09-07,poniedzialek,kraków,Spider-Man. Całkiem nowy dzień (dubbing),Multikino Kraków,16:20,,dubbing,2026-09-07T14:03:03.039331
2026-09-07,poniedzialek,kraków,Spider-Man. Całkiem nowy dzień (dubbing),Multikino Kraków,19:30,,dubbing,2026-09-07T14:03:03.039331
2026-09-07,poniedzialek,kraków,Spider-Man. Całkiem nowy dzień 3D (dubbing),Cinema City Kraków Bonarka,13:10,3D,dubbing,2026-09-07T14:03:03.039331
2026-09-07,poniedzialek,kraków,Spider-Man. Całkiem nowy dzień 3D (dubbing),Cinema City Kraków Bonarka,14:50,3D,dubbing,2026-09-07T14:03:03.039331
2026-09-07,poniedzialek,kraków,Spider-Man. Całkiem nowy dzień 3D (dubbing),Multikino Kraków,11:40,3D,dubbing,2026-09-07T14:03:03.039331
2026-09-07,poniedzialek,kraków,Sunny Dancer,Cinema City Kraków Bonarka,18:40,,,2026-09-07T14:03:03.039331
2026-09-07,poniedzialek,kraków,Sunny Dancer,Cinema City Kraków Bonarka,21:10,,,2026-09-07T14:03:03.039331
2026-09-07,poniedzialek,kraków,Sunny Dancer,Cinema City Kraków Galeria Kazimierz,16:30,,,2026-09-07T14:03:03.039331
2026-09-07,poniedzialek,kraków,Sunny Dancer,Cinema City Kraków Zakopianka,13:50,,,2026-09-07T14:03:03.039331
2026-09-07,poniedzialek,kraków,Sunny Dancer,Kino Kijów w Krakowie,12:15,,,2026-09-07T14:03:03.039331
2026-09-07,poniedzialek,kraków,Sunny Dancer,Kino Kijów w Krakowie,16:15,,,2026-09-07T14:03:03.039331
2026-09-07,poniedzialek,kraków,Sunny Dancer,"Kino Pod Baranami w Małopolskim Ogrodzie Sztuki, czyli Barany w MOSie",16:15,,,2026-09-07T14:03:03.039331
2026-09-07,poniedzialek,kraków,Terminator 2: Dzień sądu,Cinema City Kraków Bonarka,12:30,,,2026-09-07T14:03:03.039331
2026-09-07,poniedzialek,kraków,Terminator 2: Dzień sądu,Cinema City Kraków Bonarka,19:00,,,2026-09-07T14:03:03.039331
2026-09-07,poniedzialek,kraków,Terminator 2: Dzień sądu,Cinema City Kraków Bonarka,20:30,,,2026-09-07T14:03:03.039331
2026-09-07,poniedzialek,kraków,The Birthday Party,Kino Agrafka w Krakowie,20:30,,,2026-09-07T14:03:03.039331
2026-09-07,poniedzialek,kraków,Tony,Cinema City Kraków Bonarka,11:20,,,2026-09-07T14:03:03.039331
2026-09-07,poniedzialek,kraków,Tony,Cinema City Kraków Bonarka,15:00,,,2026-09-07T14:03:03.039331
2026-09-07,poniedzialek,kraków,Tony,Cinema City Kraków Bonarka,17:30,,,2026-09-07T14:03:03.039331
2026-09-07,poniedzialek,kraków,Tony,Cinema City Kraków Bonarka,18:10,,,2026-09-07T14:03:03.039331
2026-09-07,poniedzialek,kraków,Tony,Cinema City Kraków Bonarka,20:40,,,2026-09-07T14:03:03.039331
2026-09-07,poniedzialek,kraków,Tony,Cinema City Kraków Galeria Kazimierz,16:50,,,2026-09-07T14:03:03.039331
2026-09-07,poniedzialek,kraków,Tony,Cinema City Kraków Galeria Kazimierz,19:15,,,2026-09-07T14:03:03.039331
2026-09-07,poniedzialek,kraków,Tony,Cinema City Kraków Galeria Kazimierz,21:40,,,2026-09-07T14:03:03.039331
2026-09-07,poniedzialek,kraków,Tony,Cinema City Kraków Zakopianka,16:20,,,2026-09-07T14:03:03.039331
2026-09-07,poniedzialek,kraków,Tony,Cinema City Kraków Zakopianka,18:50,,,2026-09-07T14:03:03.039331
2026-09-07,poniedzialek,kraków,Tony,Cinema City Kraków Zakopianka,21:15,,,2026-09-07T14:03:03.039331
2026-09-07,poniedzialek,kraków,Tony,Kino Agrafka w Krakowie,18:15,,,2026-09-07T14:03:03.039331
2026-09-07,poniedzialek,kraków,Tony,Kino Kijów w Krakowie,16:15,,,2026-09-07T14:03:03.039331
2026-09-07,poniedzialek,kraków,Tony,Kino Kijów w Krakowie,20:40,,,2026-09-07T14:03:03.039331
2026-09-07,poniedzialek,kraków,Tony,Kino Mikro w Galerii Bronowice w Krakowie,15:15,,,2026-09-07T14:03:03.039331
2026-09-07,poniedzialek,kraków,Tony,Kino Mikro w Krakowie,13:00,,,2026-09-07T14:03:03.039331
2026-09-07,poniedzialek,kraków,Tony,Kino Mikro w Krakowie,19:00,,,2026-09-07T14:03:03.039331
2026-09-07,poniedzialek,kraków,Tony,Kino Paradox w Krakowie,16:00,,,2026-09-07T14:03:03.039331
2026-09-07,poniedzialek,kraków,Tony,Kino Pod Baranami w Krakowie,12:00,,,2026-09-07T14:03:03.039331
2026-09-07,poniedzialek,kraków,Tony,Kino Pod Baranami w Krakowie,16:00,,,2026-09-07T14:03:03.039331
2026-09-07,poniedzialek,kraków,Tony,Kino Pod Baranami w Krakowie,20:15,,,2026-09-07T14:03:03.039331
2026-09-07,poniedzialek,kraków,Tony,Kino Sfinks w Krakowie,17:00,,,2026-09-07T14:03:03.039331
2026-09-07,poniedzialek,kraków,Tony,Multikino Kraków,12:15,,,2026-09-07T14:03:03.039331
2026-09-07,poniedzialek,kraków,Tony,Multikino Kraków,14:45,,,2026-09-07T14:03:03.039331
2026-09-07,poniedzialek,kraków,Tony,Multikino Kraków,17:15,,,2026-09-07T14:03:03.039331
2026-09-07,poniedzialek,kraków,Tony,Multikino Kraków,19:45,,,2026-09-07T14:03:03.039331
2026-09-07,poniedzialek,kraków,Toy Story 5 (dubbing),Cinema City Kraków Bonarka,10:10,,dubbing,2026-09-07T14:03:03.039331
2026-09-07,poniedzialek,kraków,Toy Story 5 (dubbing),Cinema City Kraków Bonarka,12:30,,dubbing,2026-09-07T14:03:03.039331
2026-09-07,poniedzialek,kraków,Toy Story 5 (dubbing),Cinema City Kraków Galeria Kazimierz,12:00,,dubbing,2026-09-07T14:03:03.039331
2026-09-07,poniedzialek,kraków,Toy Story 5 (dubbing),Multikino Kraków,10:05,,dubbing,2026-09-07T14:03:03.039331
2026-09-07,poniedzialek,kraków,Tylko jedna noc,Cinema City Kraków Bonarka,14:10,,,2026-09-07T14:03:03.039331
2026-09-07,poniedzialek,kraków,Vaiana (dubbing),Cinema City Kraków Bonarka,11:20,,dubbing,2026-09-07T14:03:03.039331
2026-09-07,poniedzialek,kraków,Vaiana (dubbing),Cinema City Kraków Galeria Kazimierz,10:00,,dubbing,2026-09-07T14:03:03.039331
2026-09-07,poniedzialek,kraków,Vaiana (dubbing),Cinema City Kraków Zakopianka,11:10,,dubbing,2026-09-07T14:03:03.039331
2026-09-07,poniedzialek,kraków,Vivaldi i ja,"Kino Pod Baranami w Małopolskim Ogrodzie Sztuki, czyli Barany w MOSie",15:00,,,2026-09-07T14:03:03.039331
2026-09-07,poniedzialek,kraków,Wszyscy moi wrogowie,Cinema City Kraków Bonarka,18:10,,,2026-09-07T14:03:03.039331
2026-09-07,poniedzialek,kraków,Zaproszenie,Cinema City Kraków Bonarka,20:50,,,2026-09-07T14:03:03.039331
2026-09-07,poniedzialek,kraków,Zaproszenie,Cinema City Kraków Galeria Kazimierz,11:00,,,2026-09-07T14:03:03.039331
2026-09-07,poniedzialek,kraków,Zaproszenie,Kino Pod Baranami w Krakowie,13:45,,,2026-09-07T14:03:03.039331
2026-09-07,poniedzialek,kraków,Zaproszenie,"Kino Pod Baranami w Małopolskim Ogrodzie Sztuki, czyli Barany w MOSie",20:30,,,2026-09-07T14:03:03.039331
2026-09-07,poniedzialek,kraków,Людина-павук: Абсолютно новий день / Spider-Man. Całkiem nowy dzień (ukr.),Cinema City Kraków Bonarka,16:40,,,2026-09-07T14:03:03.039331
2026-09-07,poniedzialek,wrocław,100 dni: Misja Zeus,Cinema City Wrocław Wroclavia,18:30,,,2026-09-07T14:03:05.423027
2026-09-07,poniedzialek,wrocław,100 dni: Misja Zeus,Helios Wrocław Magnolia Park,18:30,,,2026-09-07T14:03:05.423027
2026-09-07,poniedzialek,wrocław,100 dni: Misja Zeus,Multikino Pasaż Grunwaldzki,18:30,,,2026-09-07T14:03:05.423027
2026-09-07,poniedzialek,wrocław,500 mil,Cinema City Wrocław Korona,16:20,,,2026-09-07T14:03:05.423027
2026-09-07,poniedzialek,wrocław,500 mil,Cinema City Wrocław Korona,18:45,,,2026-09-07T14:03:05.423027
2026-09-07,poniedzialek,wrocław,500 mil,Cinema City Wrocław Wroclavia,15:45,,,2026-09-07T14:03:05.423027
2026-09-07,poniedzialek,wrocław,500 mil,Cinema City Wrocław Wroclavia,18:10,,,2026-09-07T14:03:05.423027
2026-09-07,poniedzialek,wrocław,500 mil,Cinema City Wrocław Wroclavia,20:40,,,2026-09-07T14:03:05.423027
2026-09-07,poniedzialek,wrocław,500 mil,Dolnośląskie Centrum Filmowe (DCF) we Wrocławiu,13:00,,,2026-09-07T14:03:05.423027
2026-09-07,poniedzialek,wrocław,500 mil,Dolnośląskie Centrum Filmowe (DCF) we Wrocławiu,17:45,,,2026-09-07T14:03:05.423027
2026-09-07,poniedzialek,wrocław,500 mil,Helios Wrocław Magnolia Park,18:15,,,2026-09-07T14:03:05.423027
2026-09-07,poniedzialek,wrocław,500 mil,Kino Nowe Horyzonty we Wrocławiu,13:00,,,2026-09-07T14:03:05.423027
2026-09-07,poniedzialek,wrocław,500 mil,Kino Nowe Horyzonty we Wrocławiu,20:00,,,2026-09-07T14:03:05.423027
2026-09-07,poniedzialek,wrocław,500 mil,Multikino Pasaż Grunwaldzki,17:30,,,2026-09-07T14:03:05.423027
2026-09-07,poniedzialek,wrocław,Absolwent,Kino Nowe Horyzonty we Wrocławiu,19:30,,,2026-09-07T14:03:05.423027
2026-09-07,poniedzialek,wrocław,André Rieu. Niech żyje Maastricht!,Helios Wrocław Magnolia Park,18:00,,,2026-09-07T14:03:05.423027
2026-09-07,poniedzialek,wrocław,Asterix i Obelix: Misja Kleopatra,Kino Nowe Horyzonty we Wrocławiu,14:30,,,2026-09-07T14:03:05.423027
2026-09-07,poniedzialek,wrocław,Asterix i Obelix: Misja Kleopatra (dubbing),Cinema City Wrocław Korona,15:00,,dubbing,2026-09-07T14:03:05.423027
2026-09-07,poniedzialek,wrocław,Asterix i Obelix: Misja Kleopatra (dubbing),Cinema City Wrocław Korona,17:30,,dubbing,2026-09-07T14:03:05.423027
2026-09-07,poniedzialek,wrocław,Asterix i Obelix: Misja Kleopatra (dubbing),Cinema City Wrocław Wroclavia,15:30,,dubbing,2026-09-07T14:03:05.423027
2026-09-07,poniedzialek,wrocław,Asterix i Obelix: Misja Kleopatra (dubbing),Cinema City Wrocław Wroclavia,17:50,,dubbing,2026-09-07T14:03:05.423027
2026-09-07,poniedzialek,wrocław,Asterix i Obelix: Misja Kleopatra (dubbing),Multikino Pasaż Grunwaldzki,17:40,,dubbing,2026-09-07T14:03:05.423027
2026-09-07,poniedzialek,wrocław,Auta,Cinema City Wrocław Korona,11:00,,,2026-09-07T14:03:05.423027
2026-09-07,poniedzialek,wrocław,Auta,Cinema City Wrocław Korona,13:40,,,2026-09-07T14:03:05.423027
2026-09-07,poniedzialek,wrocław,Auta,Cinema City Wrocław Korona,16:20,,,2026-09-07T14:03:05.423027
2026-09-07,poniedzialek,wrocław,Auta,Cinema City Wrocław Wroclavia,10:30,,,2026-09-07T14:03:05.423027
2026-09-07,poniedzialek,wrocław,Auta,Cinema City Wrocław Wroclavia,11:40,,,2026-09-07T14:03:05.423027
2026-09-07,poniedzialek,wrocław,Auta,Cinema City Wrocław Wroclavia,14:20,,,2026-09-07T14:03:05.423027
2026-09-07,poniedzialek,wrocław,Auta,Cinema City Wrocław Wroclavia,16:20,,,2026-09-07T14:03:05.423027
2026-09-07,poniedzialek,wrocław,Auta,Cinema City Wrocław Wroclavia,17:00,,,2026-09-07T14:03:05.423027
2026-09-07,poniedzialek,wrocław,Auta,Multikino Pasaż Grunwaldzki,10:20,,,2026-09-07T14:03:05.423027
2026-09-07,poniedzialek,wrocław,Auta,Multikino Pasaż Grunwaldzki,12:30,,,2026-09-07T14:03:05.423027
2026-09-07,poniedzialek,wrocław,Auta,Multikino Pasaż Grunwaldzki,15:15,,,2026-09-07T14:03:05.423027
2026-09-07,poniedzialek,wrocław,Auta,Multikino Pasaż Grunwaldzki,18:00,,,2026-09-07T14:03:05.423027
2026-09-07,poniedzialek,wrocław,Buntownik,Cinema City Wrocław Korona,14:00,,,2026-09-07T14:03:05.423027
2026-09-07,poniedzialek,wrocław,Do utraty tchu,Kino Nowe Horyzonty we Wrocławiu,20:30,,,2026-09-07T14:03:05.423027
2026-09-07,poniedzialek,wrocław,Flavia de Luce (dubbing),Cinema City Wrocław Wroclavia,10:20,,dubbing,2026-09-07T14:03:05.423027
2026-09-07,poniedzialek,wrocław,Frida: Viva la vida,Kino Nowe Horyzonty we Wrocławiu,18:45,,,2026-09-07T14:03:05.423027
2026-09-07,poniedzialek,wrocław,Gorzkie święta,Cinema City Wrocław Wroclavia,17:40,,,2026-09-07T14:03:05.423027
2026-09-07,poniedzialek,wrocław,Gorzkie święta,Cinema City Wrocław Wroclavia,22:10,,,2026-09-07T14:03:05.423027
2026-09-07,poniedzialek,wrocław,Gorzkie święta,Dolnośląskie Centrum Filmowe (DCF) we Wrocławiu,15:30,,,2026-09-07T14:03:05.423027
2026-09-07,poniedzialek,wrocław,Gorzkie święta,Dolnośląskie Centrum Filmowe (DCF) we Wrocławiu,20:15,,,2026-09-07T14:03:05.423027
2026-09-07,poniedzialek,wrocław,Gorzkie święta,Helios Wrocław Magnolia Park,12:50,,,2026-09-07T14:03:05.423027
2026-09-07,poniedzialek,wrocław,Gorzkie święta,Kino Nowe Horyzonty we Wrocławiu,12:30,,,2026-09-07T14:03:05.423027
2026-09-07,poniedzialek,wrocław,Gorzkie święta,Kino Nowe Horyzonty we Wrocławiu,15:00,,,2026-09-07T14:03:05.423027
2026-09-07,poniedzialek,wrocław,Gorzkie święta,Kino Nowe Horyzonty we Wrocławiu,17:20,,,2026-09-07T14:03:05.423027
2026-09-07,poniedzialek,wrocław,Gorzkie święta,Kino Nowe Horyzonty we Wrocławiu,19:40,,,2026-09-07T14:03:05.423027
2026-09-07,poniedzialek,wrocław,Gorzkie święta,Multikino Pasaż Grunwaldzki,20:00,,,2026-09-07T14:03:05.423027
2026-09-07,poniedzialek,wrocław,Gwiazdozbiór Psa,Cinema City Wrocław Korona,11:45,,,2026-09-07T14:03:05.423027
2026-09-07,poniedzialek,wrocław,Gwiazdozbiór Psa,Cinema City Wrocław Korona,13:20,,,2026-09-07T14:03:05.423027
2026-09-07,poniedzialek,wrocław,Gwiazdozbiór Psa,Cinema City Wrocław Korona,17:40,,,2026-09-07T14:03:05.423027
2026-09-07,poniedzialek,wrocław,Gwiazdozbiór Psa,Cinema City Wrocław Korona,19:10,,,2026-09-07T14:03:05.423027
2026-09-07,poniedzialek,wrocław,Gwiazdozbiór Psa,Cinema City Wrocław Wroclavia,10:00,,,2026-09-07T14:03:05.423027
2026-09-07,poniedzialek,wrocław,Gwiazdozbiór Psa,Cinema City Wrocław Wroclavia,12:40,,,2026-09-07T14:03:05.423027
2026-09-07,poniedzialek,wrocław,Gwiazdozbiór Psa,Cinema City Wrocław Wroclavia,15:20,,,2026-09-07T14:03:05.423027
2026-09-07,poniedzialek,wrocław,Gwiazdozbiór Psa,Cinema City Wrocław Wroclavia,18:00,,,2026-09-07T14:03:05.423027
2026-09-07,poniedzialek,wrocław,Gwiazdozbiór Psa,Cinema City Wrocław Wroclavia,20:40,,,2026-09-07T14:03:05.423027
2026-09-07,poniedzialek,wrocław,Gwiazdozbiór Psa,Cinema City Wrocław Wroclavia IMAX,21:50,,,2026-09-07T14:03:05.423027
2026-09-07,poniedzialek,wrocław,Gwiazdozbiór Psa,Dolnośląskie Centrum Filmowe (DCF) we Wrocławiu,15:15,,,2026-09-07T14:03:05.423027
2026-09-07,poniedzialek,wrocław,Gwiazdozbiór Psa,Dolnośląskie Centrum Filmowe (DCF) we Wrocławiu,20:00,,,2026-09-07T14:03:05.423027
2026-09-07,poniedzialek,wrocław,Gwiazdozbiór Psa,Helios Wrocław Magnolia Park,15:20,,,2026-09-07T14:03:05.423027
2026-09-07,poniedzialek,wrocław,Gwiazdozbiór Psa,Helios Wrocław Magnolia Park,21:15,,,2026-09-07T14:03:05.423027
2026-09-07,poniedzialek,wrocław,Gwiazdozbiór Psa,Kino Nowe Horyzonty we Wrocławiu,13:20,,,2026-09-07T14:03:05.423027
2026-09-07,poniedzialek,wrocław,Gwiazdozbiór Psa,Kino Nowe Horyzonty we Wrocławiu,16:00,,,2026-09-07T14:03:05.423027
2026-09-07,poniedzialek,wrocław,Gwiazdozbiór Psa,Kino Nowe Horyzonty we Wrocławiu,18:30,,,2026-09-07T14:03:05.423027
2026-09-07,poniedzialek,wrocław,Gwiazdozbiór Psa,Kino Nowe Horyzonty we Wrocławiu,21:00,,,2026-09-07T14:03:05.423027
2026-09-07,poniedzialek,wrocław,Gwiazdozbiór Psa,Multikino Pasaż Grunwaldzki,11:30,,,2026-09-07T14:03:05.423027
2026-09-07,poniedzialek,wrocław,Gwiazdozbiór Psa,Multikino Pasaż Grunwaldzki,17:50,,,2026-09-07T14:03:05.423027
2026-09-07,poniedzialek,wrocław,Historie równoległe,Cinema City Wrocław Wroclavia,10:45,,,2026-09-07T14:03:05.423027
2026-09-07,poniedzialek,wrocław,Koniec Ulicy Dębowej,Cinema City Wrocław Wroclavia,10:10,,,2026-09-07T14:03:05.423027
2026-09-07,poniedzialek,wrocław,Koniec Ulicy Dębowej,Cinema City Wrocław Wroclavia,12:40,,,2026-09-07T14:03:05.423027
2026-09-07,poniedzialek,wrocław,Koniec Ulicy Dębowej,Cinema City Wrocław Wroclavia,15:10,,,2026-09-07T14:03:05.423027
2026-09-07,poniedzialek,wrocław,Księga pustyni,Helios Wrocław Magnolia Park,10:00,,,2026-09-07T14:03:05.423027
2026-09-07,poniedzialek,wrocław,Księga pustyni,Helios Wrocław Magnolia Park,14:30,,,2026-09-07T14:03:05.423027
2026-09-07,poniedzialek,wrocław,Księga pustyni,Kino Nowe Horyzonty we Wrocławiu,11:30,,,2026-09-07T14:03:05.423027
2026-09-07,poniedzialek,wrocław,Księga pustyni (dubbing),Cinema City Wrocław Korona,12:10,,dubbing,2026-09-07T14:03:05.423027
2026-09-07,poniedzialek,wrocław,Księga pustyni (dubbing),Cinema City Wrocław Wroclavia,11:40,,dubbing,2026-09-07T14:03:05.423027
2026-09-07,poniedzialek,wrocław,Księga pustyni (dubbing),Cinema City Wrocław Wroclavia,13:50,,dubbing,2026-09-07T14:03:05.423027
2026-09-07,poniedzialek,wrocław,Księga pustyni (dubbing),Multikino Pasaż Grunwaldzki,10:20,,dubbing,2026-09-07T14:03:05.423027
2026-09-07,poniedzialek,wrocław,Kształt wody,Kino Nowe Horyzonty we Wrocławiu,19:00,,,2026-09-07T14:03:05.423027
2026-09-07,poniedzialek,wrocław,Ktoś całkiem obcy,Cinema City Wrocław Wroclavia,18:15,,,2026-09-07T14:03:05.423027
2026-09-07,poniedzialek,wrocław,Ktoś całkiem obcy,Kino Nowe Horyzonty we Wrocławiu,16:00,,,2026-09-07T14:03:05.423027
2026-09-07,poniedzialek,wrocław,"Miłość, śmierć i dojrzewanie na Obozie Miasma",Cinema City Wrocław Wroclavia,20:25,,,2026-09-07T14:03:05.423027
2026-09-07,poniedzialek,wrocław,"Miłość, śmierć i dojrzewanie na Obozie Miasma",Kino Nowe Horyzonty we Wrocławiu,20:50,,,2026-09-07T14:03:05.423027
2026-09-07,poniedzialek,wrocław,Minionki i straszydła (dubbing),Cinema City Wrocław Korona,11:50,,dubbing,2026-09-07T14:03:05.423027
2026-09-07,poniedzialek,wrocław,Minionki i straszydła (dubbing),Cinema City Wrocław Korona,14:30,,dubbing,2026-09-07T14:03:05.423027
2026-09-07,poniedzialek,wrocław,Minionki i straszydła (dubbing),Cinema City Wrocław Wroclavia,11:30,,dubbing,2026-09-07T14:03:05.423027
2026-09-07,poniedzialek,wrocław,Minionki i straszydła (dubbing),Helios Wrocław Magnolia Park,10:40,,dubbing,2026-09-07T14:03:05.423027
2026-09-07,poniedzialek,wrocław,Minionki i straszydła (dubbing),Kino Nowe Horyzonty we Wrocławiu,12:45,,dubbing,2026-09-07T14:03:05.423027
2026-09-07,poniedzialek,wrocław,Minionki i straszydła (dubbing),Multikino Pasaż Grunwaldzki,10:00,,dubbing,2026-09-07T14:03:05.423027
2026-09-07,poniedzialek,wrocław,Młodsza siostra,Dolnośląskie Centrum Filmowe (DCF) we Wrocławiu,13:00,,,2026-09-07T14:03:05.423027
2026-09-07,poniedzialek,wrocław,Młodsza siostra,Dolnośląskie Centrum Filmowe (DCF) we Wrocławiu,17:30,,,2026-09-07T14:03:05.423027
2026-09-07,poniedzialek,wrocław,Młodsza siostra,Kino Nowe Horyzonty we Wrocławiu,17:45,,,2026-09-07T14:03:05.423027
2026-09-07,poniedzialek,wrocław,Naznaczony: Wyjście z mrocznego wymiaru,Cinema City Wrocław Korona,22:00,,,2026-09-07T14:03:05.423027
2026-09-07,poniedzialek,wrocław,Naznaczony: Wyjście z mrocznego wymiaru,Cinema City Wrocław Wroclavia,12:30,,,2026-09-07T14:03:05.423027
2026-09-07,poniedzialek,wrocław,Naznaczony: Wyjście z mrocznego wymiaru,Cinema City Wrocław Wroclavia,15:00,,,2026-09-07T14:03:05.423027
2026-09-07,poniedzialek,wrocław,Naznaczony: Wyjście z mrocznego wymiaru,Cinema City Wrocław Wroclavia,16:30,,,2026-09-07T14:03:05.423027
2026-09-07,poniedzialek,wrocław,Naznaczony: Wyjście z mrocznego wymiaru,Cinema City Wrocław Wroclavia,17:25,,,2026-09-07T14:03:05.423027
2026-09-07,poniedzialek,wrocław,Naznaczony: Wyjście z mrocznego wymiaru,Cinema City Wrocław Wroclavia,19:00,,,2026-09-07T14:03:05.423027
2026-09-07,poniedzialek,wrocław,Naznaczony: Wyjście z mrocznego wymiaru,Cinema City Wrocław Wroclavia,20:00,,,2026-09-07T14:03:05.423027
2026-09-07,poniedzialek,wrocław,Naznaczony: Wyjście z mrocznego wymiaru,Cinema City Wrocław Wroclavia,20:45,,,2026-09-07T14:03:05.423027
2026-09-07,poniedzialek,wrocław,Naznaczony: Wyjście z mrocznego wymiaru,Cinema City Wrocław Wroclavia,21:30,,,2026-09-07T14:03:05.423027
2026-09-07,poniedzialek,wrocław,Naznaczony: Wyjście z mrocznego wymiaru,Cinema City Wrocław Wroclavia,22:00,,,2026-09-07T14:03:05.423027
2026-09-07,poniedzialek,wrocław,Naznaczony: Wyjście z mrocznego wymiaru,Cinema City Wrocław Wroclavia,22:30,,,2026-09-07T14:03:05.423027
2026-09-07,poniedzialek,wrocław,Naznaczony: Wyjście z mrocznego wymiaru,Helios Wrocław Magnolia Park,16:30,,,2026-09-07T14:03:05.423027
2026-09-07,poniedzialek,wrocław,Naznaczony: Wyjście z mrocznego wymiaru,Multikino Pasaż Grunwaldzki,12:35,,,2026-09-07T14:03:05.423027
2026-09-07,poniedzialek,wrocław,Nie patrz w dół 2,Cinema City Wrocław Korona,13:20,,,2026-09-07T14:03:05.423027
2026-09-07,poniedzialek,wrocław,Nie patrz w dół 2,Cinema City Wrocław Korona,18:10,,,2026-09-07T14:03:05.423027
2026-09-07,poniedzialek,wrocław,Nie patrz w dół 2,Cinema City Wrocław Korona,20:30,,,2026-09-07T14:03:05.423027
2026-09-07,poniedzialek,wrocław,Nie patrz w dół 2,Cinema City Wrocław Wroclavia,14:20,,,2026-09-07T14:03:05.423027
2026-09-07,poniedzialek,wrocław,Nie patrz w dół 2,Cinema City Wrocław Wroclavia,16:40,,,2026-09-07T14:03:05.423027
2026-09-07,poniedzialek,wrocław,Nie patrz w dół 2,Cinema City Wrocław Wroclavia,19:00,,,2026-09-07T14:03:05.423027
2026-09-07,poniedzialek,wrocław,Nie patrz w dół 2,Cinema City Wrocław Wroclavia,19:15,,,2026-09-07T14:03:05.423027
2026-09-07,poniedzialek,wrocław,Nie patrz w dół 2,Cinema City Wrocław Wroclavia,21:20,,,2026-09-07T14:03:05.423027
2026-09-07,poniedzialek,wrocław,Nie patrz w dół 2,Cinema City Wrocław Wroclavia,21:30,,,2026-09-07T14:03:05.423027
2026-09-07,poniedzialek,wrocław,Nie patrz w dół 2,Helios Wrocław Magnolia Park,10:20,,,2026-09-07T14:03:05.423027
2026-09-07,poniedzialek,wrocław,Nie patrz w dół 2,Helios Wrocław Magnolia Park,16:10,,,2026-09-07T14:03:05.423027
2026-09-07,poniedzialek,wrocław,Nie patrz w dół 2,Helios Wrocław Magnolia Park,20:45,,,2026-09-07T14:03:05.423027
2026-09-07,poniedzialek,wrocław,Nie patrz w dół 2,Multikino Pasaż Grunwaldzki,14:00,,,2026-09-07T14:03:05.423027
2026-09-07,poniedzialek,wrocław,Nie patrz w dół 2,Multikino Pasaż Grunwaldzki,16:20,,,2026-09-07T14:03:05.423027
2026-09-07,poniedzialek,wrocław,Nie patrz w dół 2,Multikino Pasaż Grunwaldzki,18:40,,,2026-09-07T14:03:05.423027
2026-09-07,poniedzialek,wrocław,Nie patrz w dół 2,Multikino Pasaż Grunwaldzki,21:00,,,2026-09-07T14:03:05.423027
2026-09-07,poniedzialek,wrocław,Nowa fala,Kino Nowe Horyzonty we Wrocławiu,16:45,,,2026-09-07T14:03:05.423027
2026-09-07,poniedzialek,wrocław,O czym sobie nie mówimy,Kino Nowe Horyzonty we Wrocławiu,16:15,,,2026-09-07T14:03:05.423027
2026-09-07,poniedzialek,wrocław,Obsesja,Cinema City Wrocław Korona,21:10,,,2026-09-07T14:03:05.423027
2026-09-07,poniedzialek,wrocław,Obsesja,Cinema City Wrocław Wroclavia,20:10,,,2026-09-07T14:03:05.423027
2026-09-07,poniedzialek,wrocław,Odyseja,Cinema City Wrocław Korona,15:15,,,2026-09-07T14:03:05.423027
2026-09-07,poniedzialek,wrocław,Odyseja,Cinema City Wrocław Korona,20:00,,,2026-09-07T14:03:05.423027
2026-09-07,poniedzialek,wrocław,Odyseja,Cinema City Wrocław Wroclavia,16:20,,,2026-09-07T14:03:05.423027
2026-09-07,poniedzialek,wrocław,Odyseja,Cinema City Wrocław Wroclavia,16:50,,,2026-09-07T14:03:05.423027
2026-09-07,poniedzialek,wrocław,Odyseja,Cinema City Wrocław Wroclavia,20:00,,,2026-09-07T14:03:05.423027
2026-09-07,poniedzialek,wrocław,Odyseja,Cinema City Wrocław Wroclavia,20:30,,,2026-09-07T14:03:05.423027
2026-09-07,poniedzialek,wrocław,Odyseja,Cinema City Wrocław Wroclavia IMAX,11:00,,,2026-09-07T14:03:05.423027
2026-09-07,poniedzialek,wrocław,Odyseja,Cinema City Wrocław Wroclavia IMAX,14:40,,,2026-09-07T14:03:05.423027
2026-09-07,poniedzialek,wrocław,Odyseja,Cinema City Wrocław Wroclavia IMAX,18:15,,,2026-09-07T14:03:05.423027
2026-09-07,poniedzialek,wrocław,Odyseja,Dolnośląskie Centrum Filmowe (DCF) we Wrocławiu,14:45,,,2026-09-07T14:03:05.423027
2026-09-07,poniedzialek,wrocław,Odyseja,Helios Wrocław Magnolia Park,12:30,,,2026-09-07T14:03:05.423027
2026-09-07,poniedzialek,wrocław,Odyseja,Helios Wrocław Magnolia Park,15:50,,,2026-09-07T14:03:05.423027
2026-09-07,poniedzialek,wrocław,Odyseja,Helios Wrocław Magnolia Park,19:45,,,2026-09-07T14:03:05.423027
2026-09-07,poniedzialek,wrocław,Odyseja,Kino Nowe Horyzonty we Wrocławiu,14:00,,,2026-09-07T14:03:05.423027
2026-09-07,poniedzialek,wrocław,Odyseja,Kino Nowe Horyzonty we Wrocławiu,19:50,,,2026-09-07T14:03:05.423027
2026-09-07,poniedzialek,wrocław,Odyseja,Multikino Pasaż Grunwaldzki,11:50,,,2026-09-07T14:03:05.423027
2026-09-07,poniedzialek,wrocław,Odyseja,Multikino Pasaż Grunwaldzki,14:15,,,2026-09-07T14:03:05.423027
2026-09-07,poniedzialek,wrocław,Odyseja,Multikino Pasaż Grunwaldzki,15:25,,,2026-09-07T14:03:05.423027
2026-09-07,poniedzialek,wrocław,Odyseja,Multikino Pasaż Grunwaldzki,19:00,,,2026-09-07T14:03:05.423027
2026-09-07,poniedzialek,wrocław,Odyseja / Одіссея (ukr.),Multikino Pasaż Grunwaldzki,19:55,,,2026-09-07T14:03:05.423027
2026-09-07,poniedzialek,wrocław,Ojczyzna,Kino Nowe Horyzonty we Wrocławiu,14:20,,,2026-09-07T14:03:05.423027
2026-09-07,poniedzialek,wrocław,Pociąg Czerwona Ruta,Kino Nowe Horyzonty we Wrocławiu,17:30,,,2026-09-07T14:03:05.423027
2026-09-07,poniedzialek,wrocław,Psi Patrol i dinozaury,Helios Wrocław Magnolia Park,10:15,,,2026-09-07T14:03:05.423027
2026-09-07,poniedzialek,wrocław,Psi Patrol i dinozaury,Helios Wrocław Magnolia Park,11:30,,,2026-09-07T14:03:05.423027
2026-09-07,poniedzialek,wrocław,Psi Patrol i dinozaury,Helios Wrocław Magnolia Park,12:20,,,2026-09-07T14:03:05.423027
2026-09-07,poniedzialek,wrocław,Psi Patrol i dinozaury,Helios Wrocław Magnolia Park,17:30,,,2026-09-07T14:03:05.423027
2026-09-07,poniedzialek,wrocław,Psi Patrol i dinozaury (dubbing),Cinema City Wrocław Korona,11:10,,dubbing,2026-09-07T14:03:05.423027
2026-09-07,poniedzialek,wrocław,Psi Patrol i dinozaury (dubbing),Cinema City Wrocław Korona,14:50,,dubbing,2026-09-07T14:03:05.423027
2026-09-07,poniedzialek,wrocław,Psi Patrol i dinozaury (dubbing),Cinema City Wrocław Korona,17:10,,dubbing,2026-09-07T14:03:05.423027
2026-09-07,poniedzialek,wrocław,Psi Patrol i dinozaury (dubbing),Cinema City Wrocław Wroclavia,11:10,,dubbing,2026-09-07T14:03:05.423027
2026-09-07,poniedzialek,wrocław,Psi Patrol i dinozaury (dubbing),Cinema City Wrocław Wroclavia,13:20,,dubbing,2026-09-07T14:03:05.423027
2026-09-07,poniedzialek,wrocław,Psi Patrol i dinozaury (dubbing),Cinema City Wrocław Wroclavia,16:00,,dubbing,2026-09-07T14:03:05.423027
2026-09-07,poniedzialek,wrocław,Psi Patrol i dinozaury (dubbing),Multikino Pasaż Grunwaldzki,10:55,,dubbing,2026-09-07T14:03:05.423027
2026-09-07,poniedzialek,wrocław,Psi Patrol i dinozaury (dubbing),Multikino Pasaż Grunwaldzki,13:10,,dubbing,2026-09-07T14:03:05.423027
2026-09-07,poniedzialek,wrocław,Psi Patrol i dinozaury (dubbing),Multikino Pasaż Grunwaldzki,15:25,,dubbing,2026-09-07T14:03:05.423027
2026-09-07,poniedzialek,wrocław,Pucio kocha zwierzaki,Cinema City Wrocław Korona,11:40,,,2026-09-07T14:03:05.423027
2026-09-07,poniedzialek,wrocław,Pucio kocha zwierzaki,Cinema City Wrocław Korona,13:30,,,2026-09-07T14:03:05.423027
2026-09-07,poniedzialek,wrocław,Pucio kocha zwierzaki,Cinema City Wrocław Wroclavia,10:20,,,2026-09-07T14:03:05.423027
2026-09-07,poniedzialek,wrocław,Pucio kocha zwierzaki,Cinema City Wrocław Wroclavia,11:20,,,2026-09-07T14:03:05.423027
2026-09-07,poniedzialek,wrocław,Pucio kocha zwierzaki,Cinema City Wrocław Wroclavia,12:50,,,2026-09-07T14:03:05.423027
2026-09-07,poniedzialek,wrocław,Pucio kocha zwierzaki,Cinema City Wrocław Wroclavia,14:20,,,2026-09-07T14:03:05.423027
2026-09-07,poniedzialek,wrocław,Pucio kocha zwierzaki,Cinema City Wrocław Wroclavia,15:50,,,2026-09-07T14:03:05.423027
2026-09-07,poniedzialek,wrocław,Pucio kocha zwierzaki,Helios Wrocław Magnolia Park,10:40,,,2026-09-07T14:03:05.423027
2026-09-07,poniedzialek,wrocław,Pucio kocha zwierzaki,Helios Wrocław Magnolia Park,12:10,,,2026-09-07T14:03:05.423027
2026-09-07,poniedzialek,wrocław,Pucio kocha zwierzaki,Helios Wrocław Magnolia Park,13:40,,,2026-09-07T14:03:05.423027
2026-09-07,poniedzialek,wrocław,Pucio kocha zwierzaki,Helios Wrocław Magnolia Park,16:45,,,2026-09-07T14:03:05.423027
2026-09-07,poniedzialek,wrocław,Pucio kocha zwierzaki,Kino Nowe Horyzonty we Wrocławiu,11:45,,,2026-09-07T14:03:05.423027
2026-09-07,poniedzialek,wrocław,Pucio kocha zwierzaki,Kino Nowe Horyzonty we Wrocławiu,15:15,,,2026-09-07T14:03:05.423027
2026-09-07,poniedzialek,wrocław,Pucio kocha zwierzaki,Kino Nowe Horyzonty we Wrocławiu,16:30,,,2026-09-07T14:03:05.423027
2026-09-07,poniedzialek,wrocław,Pucio kocha zwierzaki,Multikino Pasaż Grunwaldzki,10:20,,,2026-09-07T14:03:05.423027
2026-09-07,poniedzialek,wrocław,Pucio kocha zwierzaki,Multikino Pasaż Grunwaldzki,11:30,,,2026-09-07T14:03:05.423027
2026-09-07,poniedzialek,wrocław,Pucio kocha zwierzaki,Multikino Pasaż Grunwaldzki,12:45,,,2026-09-07T14:03:05.423027
2026-09-07,poniedzialek,wrocław,Spa Weekend,Cinema City Wrocław Korona,12:30,,,2026-09-07T14:03:05.423027
2026-09-07,poniedzialek,wrocław,Spa Weekend,Cinema City Wrocław Korona,19:20,,,2026-09-07T14:03:05.423027
2026-09-07,poniedzialek,wrocław,Spa Weekend,Cinema City Wrocław Korona,21:40,,,2026-09-07T14:03:05.423027
2026-09-07,poniedzialek,wrocław,Spa Weekend,Cinema City Wrocław Wroclavia,12:00,,,2026-09-07T14:03:05.423027
2026-09-07,poniedzialek,wrocław,Spa Weekend,Cinema City Wrocław Wroclavia,19:40,,,2026-09-07T14:03:05.423027
2026-09-07,poniedzialek,wrocław,Spa Weekend,Cinema City Wrocław Wroclavia,22:00,,,2026-09-07T14:03:05.423027
2026-09-07,poniedzialek,wrocław,Spa Weekend,Helios Wrocław Magnolia Park,14:10,,,2026-09-07T14:03:05.423027
2026-09-07,poniedzialek,wrocław,Spa Weekend,Helios Wrocław Magnolia Park,19:00,,,2026-09-07T14:03:05.423027
2026-09-07,poniedzialek,wrocław,Spa Weekend,Helios Wrocław Magnolia Park,21:30,,,2026-09-07T14:03:05.423027
2026-09-07,poniedzialek,wrocław,Spa Weekend,Multikino Pasaż Grunwaldzki,13:00,,,2026-09-07T14:03:05.423027
2026-09-07,poniedzialek,wrocław,Spa Weekend,Multikino Pasaż Grunwaldzki,15:20,,,2026-09-07T14:03:05.423027
2026-09-07,poniedzialek,wrocław,Spa Weekend,Multikino Pasaż Grunwaldzki,17:40,,,2026-09-07T14:03:05.423027
2026-09-07,poniedzialek,wrocław,Spa Weekend,Multikino Pasaż Grunwaldzki,20:00,,,2026-09-07T14:03:05.423027
2026-09-07,poniedzialek,wrocław,Spider-Man. Całkiem nowy dzień,Cinema City Wrocław Korona,19:50,,,2026-09-07T14:03:05.423027
2026-09-07,poniedzialek,wrocław,Spider-Man. Całkiem nowy dzień,Cinema City Wrocław Korona,21:50,,,2026-09-07T14:03:05.423027
2026-09-07,poniedzialek,wrocław,Spider-Man. Całkiem nowy dzień,Cinema City Wrocław Wroclavia,10:10,,,2026-09-07T14:03:05.423027
2026-09-07,poniedzialek,wrocław,Spider-Man. Całkiem nowy dzień,Cinema City Wrocław Wroclavia,12:10,,,2026-09-07T14:03:05.423027
2026-09-07,poniedzialek,wrocław,Spider-Man. Całkiem nowy dzień,Cinema City Wrocław Wroclavia,13:15,,,2026-09-07T14:03:05.423027
2026-09-07,poniedzialek,wrocław,Spider-Man. Całkiem nowy dzień,Cinema City Wrocław Wroclavia,15:10,,,2026-09-07T14:03:05.423027
2026-09-07,poniedzialek,wrocław,Spider-Man. Całkiem nowy dzień,Cinema City Wrocław Wroclavia,18:00,,,2026-09-07T14:03:05.423027
2026-09-07,poniedzialek,wrocław,Spider-Man. Całkiem nowy dzień,Cinema City Wrocław Wroclavia,18:20,,,2026-09-07T14:03:05.423027
2026-09-07,poniedzialek,wrocław,Spider-Man. Całkiem nowy dzień,Cinema City Wrocław Wroclavia,21:10,,,2026-09-07T14:03:05.423027
2026-09-07,poniedzialek,wrocław,Spider-Man. Całkiem nowy dzień,Cinema City Wrocław Wroclavia,21:30,,,2026-09-07T14:03:05.423027
2026-09-07,poniedzialek,wrocław,Spider-Man. Całkiem nowy dzień,Helios Wrocław Magnolia Park,11:00,,,2026-09-07T14:03:05.423027
2026-09-07,poniedzialek,wrocław,Spider-Man. Całkiem nowy dzień,Helios Wrocław Magnolia Park,12:40,,,2026-09-07T14:03:05.423027
2026-09-07,poniedzialek,wrocław,Spider-Man. Całkiem nowy dzień,Helios Wrocław Magnolia Park,13:50,,,2026-09-07T14:03:05.423027
2026-09-07,poniedzialek,wrocław,Spider-Man. Całkiem nowy dzień,Helios Wrocław Magnolia Park,17:00,,,2026-09-07T14:03:05.423027
2026-09-07,poniedzialek,wrocław,Spider-Man. Całkiem nowy dzień,Helios Wrocław Magnolia Park,20:10,,,2026-09-07T14:03:05.423027
2026-09-07,poniedzialek,wrocław,Spider-Man. Całkiem nowy dzień,Kino Nowe Horyzonty we Wrocławiu,17:00,,,2026-09-07T14:03:05.423027
2026-09-07,poniedzialek,wrocław,Spider-Man. Całkiem nowy dzień,Multikino Pasaż Grunwaldzki,11:50,,,2026-09-07T14:03:05.423027
2026-09-07,poniedzialek,wrocław,Spider-Man. Całkiem nowy dzień,Multikino Pasaż Grunwaldzki,15:00,,,2026-09-07T14:03:05.423027
2026-09-07,poniedzialek,wrocław,Spider-Man. Całkiem nowy dzień,Multikino Pasaż Grunwaldzki,17:00,,,2026-09-07T14:03:05.423027
2026-09-07,poniedzialek,wrocław,Spider-Man. Całkiem nowy dzień,Multikino Pasaż Grunwaldzki,20:10,,,2026-09-07T14:03:05.423027
2026-09-07,poniedzialek,wrocław,Spider-Man. Całkiem nowy dzień (dubbing),Cinema City Wrocław Korona,12:00,,dubbing,2026-09-07T14:03:05.423027
2026-09-07,poniedzialek,wrocław,Spider-Man. Całkiem nowy dzień (dubbing),Cinema City Wrocław Korona,14:30,,dubbing,2026-09-07T14:03:05.423027
2026-09-07,poniedzialek,wrocław,Spider-Man. Całkiem nowy dzień (dubbing),Cinema City Wrocław Korona,16:00,,dubbing,2026-09-07T14:03:05.423027
2026-09-07,poniedzialek,wrocław,Spider-Man. Całkiem nowy dzień (dubbing),Cinema City Wrocław Korona,16:40,,dubbing,2026-09-07T14:03:05.423027
2026-09-07,poniedzialek,wrocław,Spider-Man. Całkiem nowy dzień (dubbing),Cinema City Wrocław Korona,18:50,,dubbing,2026-09-07T14:03:05.423027
2026-09-07,poniedzialek,wrocław,Spider-Man. Całkiem nowy dzień (dubbing),Cinema City Wrocław Wroclavia,11:50,,dubbing,2026-09-07T14:03:05.423027
2026-09-07,poniedzialek,wrocław,Spider-Man. Całkiem nowy dzień (dubbing),Cinema City Wrocław Wroclavia,16:10,,dubbing,2026-09-07T14:03:05.423027
2026-09-07,poniedzialek,wrocław,Spider-Man. Całkiem nowy dzień (dubbing),Cinema City Wrocław Wroclavia,16:30,,dubbing,2026-09-07T14:03:05.423027
2026-09-07,poniedzialek,wrocław,Spider-Man. Całkiem nowy dzień (dubbing),Multikino Pasaż Grunwaldzki,10:40,,dubbing,2026-09-07T14:03:05.423027
2026-09-07,poniedzialek,wrocław,Spider-Man. Całkiem nowy dzień (dubbing),Multikino Pasaż Grunwaldzki,13:50,,dubbing,2026-09-07T14:03:05.423027
2026-09-07,poniedzialek,wrocław,Spider-Man. Całkiem nowy dzień 3D (dubbing),Cinema City Wrocław Wroclavia,13:10,3D,dubbing,2026-09-07T14:03:05.423027
2026-09-07,poniedzialek,wrocław,Sunny Dancer,Cinema City Wrocław Wroclavia,19:40,,,2026-09-07T14:03:05.423027
2026-09-07,poniedzialek,wrocław,Sunny Dancer,Multikino Pasaż Grunwaldzki,10:00,,,2026-09-07T14:03:05.423027
2026-09-07,poniedzialek,wrocław,Terminator 2: Dzień sądu,Cinema City Wrocław Korona,20:20,,,2026-09-07T14:03:05.423027
2026-09-07,poniedzialek,wrocław,Terminator 2: Dzień sądu,Cinema City Wrocław Wroclavia,15:00,,,2026-09-07T14:03:05.423027
2026-09-07,poniedzialek,wrocław,Terminator 2: Dzień sądu,Cinema City Wrocław Wroclavia,18:00,,,2026-09-07T14:03:05.423027
2026-09-07,poniedzialek,wrocław,Terminator 2: Dzień sądu,Cinema City Wrocław Wroclavia,19:00,,,2026-09-07T14:03:05.423027
2026-09-07,poniedzialek,wrocław,Terminator 2: Dzień sądu,Cinema City Wrocław Wroclavia,21:10,,,2026-09-07T14:03:05.423027
2026-09-07,poniedzialek,wrocław,Terminator 2: Dzień sądu,Multikino Pasaż Grunwaldzki,20:30,,,2026-09-07T14:03:05.423027
2026-09-07,poniedzialek,wrocław,Tony,Cinema City Wrocław Korona,15:40,,,2026-09-07T14:03:05.423027
2026-09-07,poniedzialek,wrocław,Tony,Cinema City Wrocław Korona,19:00,,,2026-09-07T14:03:05.423027
2026-09-07,poniedzialek,wrocław,Tony,Cinema City Wrocław Korona,21:30,,,2026-09-07T14:03:05.423027
2026-09-07,poniedzialek,wrocław,Tony,Cinema City Wrocław Wroclavia,13:45,,,2026-09-07T14:03:05.423027
2026-09-07,poniedzialek,wrocław,Tony,Cinema City Wrocław Wroclavia,17:15,,,2026-09-07T14:03:05.423027
2026-09-07,poniedzialek,wrocław,Tony,Cinema City Wrocław Wroclavia,19:40,,,2026-09-07T14:03:05.423027
2026-09-07,poniedzialek,wrocław,Tony,Cinema City Wrocław Wroclavia,22:10,,,2026-09-07T14:03:05.423027
2026-09-07,poniedzialek,wrocław,Tony,Dolnośląskie Centrum Filmowe (DCF) we Wrocławiu,13:15,,,2026-09-07T14:03:05.423027
2026-09-07,poniedzialek,wrocław,Tony,Dolnośląskie Centrum Filmowe (DCF) we Wrocławiu,18:00,,,2026-09-07T14:03:05.423027
2026-09-07,poniedzialek,wrocław,Tony,Helios Wrocław Magnolia Park,15:00,,,2026-09-07T14:03:05.423027
2026-09-07,poniedzialek,wrocław,Tony,Helios Wrocław Magnolia Park,19:30,,,2026-09-07T14:03:05.423027
2026-09-07,poniedzialek,wrocław,Tony,Kino Nowe Horyzonty we Wrocławiu,12:00,,,2026-09-07T14:03:05.423027
2026-09-07,poniedzialek,wrocław,Tony,Kino Nowe Horyzonty we Wrocławiu,12:15,,,2026-09-07T14:03:05.423027
2026-09-07,poniedzialek,wrocław,Tony,Kino Nowe Horyzonty we Wrocławiu,13:30,,,2026-09-07T14:03:05.423027
2026-09-07,poniedzialek,wrocław,Tony,Kino Nowe Horyzonty we Wrocławiu,15:45,,,2026-09-07T14:03:05.423027
2026-09-07,poniedzialek,wrocław,Tony,Kino Nowe Horyzonty we Wrocławiu,18:00,,,2026-09-07T14:03:05.423027
2026-09-07,poniedzialek,wrocław,Tony,Kino Nowe Horyzonty we Wrocławiu,20:15,,,2026-09-07T14:03:05.423027
2026-09-07,poniedzialek,wrocław,Tony,Multikino Pasaż Grunwaldzki,12:10,,,2026-09-07T14:03:05.423027
2026-09-07,poniedzialek,wrocław,Tony,Multikino Pasaż Grunwaldzki,14:40,,,2026-09-07T14:03:05.423027
2026-09-07,poniedzialek,wrocław,Tony,Multikino Pasaż Grunwaldzki,17:10,,,2026-09-07T14:03:05.423027
2026-09-07,poniedzialek,wrocław,Tony,Multikino Pasaż Grunwaldzki,19:40,,,2026-09-07T14:03:05.423027
2026-09-07,poniedzialek,wrocław,Toy Story 5 (dubbing),Cinema City Wrocław Korona,11:10,,dubbing,2026-09-07T14:03:05.423027
2026-09-07,poniedzialek,wrocław,Toy Story 5 (dubbing),Cinema City Wrocław Wroclavia,10:20,,dubbing,2026-09-07T14:03:05.423027
2026-09-07,poniedzialek,wrocław,Toy Story 5 (dubbing),Cinema City Wrocław Wroclavia,12:50,,dubbing,2026-09-07T14:03:05.423027
2026-09-07,poniedzialek,wrocław,Toy Story 5 (dubbing),Cinema City Wrocław Wroclavia,15:20,,dubbing,2026-09-07T14:03:05.423027
2026-09-07,poniedzialek,wrocław,Vaiana (dubbing),Cinema City Wrocław Wroclavia,10:30,,dubbing,2026-09-07T14:03:05.423027
2026-09-07,poniedzialek,wrocław,Vaiana (dubbing),Cinema City Wrocław Wroclavia,13:10,,dubbing,2026-09-07T14:03:05.423027
2026-09-07,poniedzialek,wrocław,Vaiana (dubbing),Cinema City Wrocław Wroclavia,13:50,,dubbing,2026-09-07T14:03:05.423027
2026-09-07,poniedzialek,wrocław,Vivaldi i ja,Dolnośląskie Centrum Filmowe (DCF) we Wrocławiu,12:30,,,2026-09-07T14:03:05.423027
2026-09-07,poniedzialek,wrocław,Vivaldi i ja,Dolnośląskie Centrum Filmowe (DCF) we Wrocławiu,20:15,,,2026-09-07T14:03:05.423027
2026-09-07,poniedzialek,wrocław,Western na zachodzie,Kino Popiół i Diament we Wrocławiu,17:00,,,2026-09-07T14:03:05.423027
2026-09-07,poniedzialek,wrocław,Wrong Girls,Kino Nowe Horyzonty we Wrocławiu,13:45,,,2026-09-07T14:03:05.423027
2026-09-07,poniedzialek,wrocław,Zaproszenie,Dolnośląskie Centrum Filmowe (DCF) we Wrocławiu,15:15,,,2026-09-07T14:03:05.423027
2026-09-07,poniedzialek,wrocław,Zaproszenie,Dolnośląskie Centrum Filmowe (DCF) we Wrocławiu,19:45,,,2026-09-07T14:03:05.423027
2026-09-07,poniedzialek,wrocław,Zaproszenie,Kino Nowe Horyzonty we Wrocławiu,14:45,,,2026-09-07T14:03:05.423027
2026-09-07,poniedzialek,wrocław,Zaproszenie,Kino Nowe Horyzonty we Wrocławiu,18:15,,,2026-09-07T14:03:05.423027
2026-09-07,poniedzialek,wrocław,АСТРАЛ: ЗА МЕЖАМИ ПОТОЙБІЧЧЯ / Naznaczony: Wyjście z mrocznego wymiaru (ukr.),Multikino Pasaż Grunwaldzki,15:00,,,2026-09-07T14:03:05.423027
2026-09-07,poniedzialek,wrocław,АСТРАЛ: ЗА МЕЖАМИ ПОТОЙБІЧЧЯ / Naznaczony: Wyjście z mrocznego wymiaru (ukr.),Multikino Pasaż Grunwaldzki,20:40,,,2026-09-07T14:03:05.423027
2026-09-07,poniedzialek,wrocław,Людина-павук: Абсолютно новий день / Spider-Man. Całkiem nowy dzień (ukr.),Multikino Pasaż Grunwaldzki,10:00,,,2026-09-07T14:03:05.423027
2026-09-07,poniedzialek,wrocław,Людина-павук: Абсолютно новий день / Spider-Man. Całkiem nowy dzień (ukr.),Multikino Pasaż Grunwaldzki,13:10,,,2026-09-07T14:03:05.423027
2026-09-07,poniedzialek,wrocław,Людина-павук: Абсолютно новий день / Spider-Man. Całkiem nowy dzień (ukr.),Multikino Pasaż Grunwaldzki,16:20,,,2026-09-07T14:03:05.423027
2026-09-07,poniedzialek,wrocław,Людина-павук: Абсолютно новий день / Spider-Man. Całkiem nowy dzień (ukr.),Multikino Pasaż Grunwaldzki,19:30,,,2026-09-07T14:03:05.423027
2026-09-07,poniedzialek,poznań,100 dni: Misja Zeus,Cinema City Poznań Kinepolis,18:30,,,2026-09-07T14:03:08.738711
2026-09-07,poniedzialek,poznań,100 dni: Misja Zeus,Cinema City Poznań Plaza,18:30,,,2026-09-07T14:03:08.738711
2026-09-07,poniedzialek,poznań,100 dni: Misja Zeus,Helios Poznań,18:30,,,2026-09-07T14:03:08.738711
2026-09-07,poniedzialek,poznań,100 dni: Misja Zeus,Multikino Poznań Stary Browar,18:30,,,2026-09-07T14:03:08.738711
2026-09-07,poniedzialek,poznań,500 mil,Charlie Monroe Kino Malta w Poznaniu,18:45,,,2026-09-07T14:03:08.738711
2026-09-07,poniedzialek,poznań,500 mil,Cinema City Poznań Kinepolis,16:10,,,2026-09-07T14:03:08.738711
2026-09-07,poniedzialek,poznań,500 mil,Cinema City Poznań Kinepolis,18:30,,,2026-09-07T14:03:08.738711
2026-09-07,poniedzialek,poznań,500 mil,Cinema City Poznań Kinepolis,20:50,,,2026-09-07T14:03:08.738711
2026-09-07,poniedzialek,poznań,500 mil,Cinema City Poznań Plaza,13:20,,,2026-09-07T14:03:08.738711
2026-09-07,poniedzialek,poznań,500 mil,Cinema City Poznań Plaza,18:00,,,2026-09-07T14:03:08.738711
2026-09-07,poniedzialek,poznań,500 mil,Helios Poznań,13:40,,,2026-09-07T14:03:08.738711
2026-09-07,poniedzialek,poznań,500 mil,Helios Poznań,17:30,,,2026-09-07T14:03:08.738711
2026-09-07,poniedzialek,poznań,500 mil,Kino Muza w Poznaniu,15:45,,,2026-09-07T14:03:08.738711
2026-09-07,poniedzialek,poznań,500 mil,Multikino Poznań Stary Browar,19:50,,,2026-09-07T14:03:08.738711
2026-09-07,poniedzialek,poznań,André Rieu. Niech żyje Maastricht!,Helios Poznań,18:00,,,2026-09-07T14:03:08.738711
2026-09-07,poniedzialek,poznań,Asterix i Obelix: Misja Kleopatra (dubbing),Cinema City Poznań Kinepolis,15:30,,dubbing,2026-09-07T14:03:08.738711
2026-09-07,poniedzialek,poznań,Asterix i Obelix: Misja Kleopatra (dubbing),Cinema City Poznań Kinepolis,18:00,,dubbing,2026-09-07T14:03:08.738711
2026-09-07,poniedzialek,poznań,Asterix i Obelix: Misja Kleopatra (dubbing),Cinema City Poznań Plaza,19:40,,dubbing,2026-09-07T14:03:08.738711
2026-09-07,poniedzialek,poznań,Asterix i Obelix: Misja Kleopatra (dubbing),Multikino Poznań Stary Browar,16:40,,dubbing,2026-09-07T14:03:08.738711
2026-09-07,poniedzialek,poznań,Asterix i Obelix: Misja Kleopatra (dubbing),Multikino Poznań Stary Browar,19:00,,dubbing,2026-09-07T14:03:08.738711
2026-09-07,poniedzialek,poznań,Atak potworków,Kino Muza w Poznaniu,19:00,,,2026-09-07T14:03:08.738711
2026-09-07,poniedzialek,poznań,Auta,Cinema City Poznań Kinepolis,12:10,,,2026-09-07T14:03:08.738711
2026-09-07,poniedzialek,poznań,Auta,Cinema City Poznań Kinepolis,13:10,,,2026-09-07T14:03:08.738711
2026-09-07,poniedzialek,poznań,Auta,Cinema City Poznań Kinepolis,14:50,,,2026-09-07T14:03:08.738711
2026-09-07,poniedzialek,poznań,Auta,Cinema City Poznań Kinepolis,17:30,,,2026-09-07T14:03:08.738711
2026-09-07,poniedzialek,poznań,Auta,Cinema City Poznań Plaza,11:40,,,2026-09-07T14:03:08.738711
2026-09-07,poniedzialek,poznań,Auta,Cinema City Poznań Plaza,14:20,,,2026-09-07T14:03:08.738711
2026-09-07,poniedzialek,poznań,Auta,Cinema City Poznań Plaza,17:00,,,2026-09-07T14:03:08.738711
2026-09-07,poniedzialek,poznań,Auta,Multikino Poznań Stary Browar,09:30,,,2026-09-07T14:03:08.738711
2026-09-07,poniedzialek,poznań,Auta,Multikino Poznań Stary Browar,12:15,,,2026-09-07T14:03:08.738711
2026-09-07,poniedzialek,poznań,Auta,Multikino Poznań Stary Browar,15:00,,,2026-09-07T14:03:08.738711
2026-09-07,poniedzialek,poznań,Auta,Multikino Poznań Stary Browar,17:45,,,2026-09-07T14:03:08.738711
2026-09-07,poniedzialek,poznań,Buntownik,Cinema City Poznań Kinepolis,12:20,,,2026-09-07T14:03:08.738711
2026-09-07,poniedzialek,poznań,Buntownik,Cinema City Poznań Kinepolis,19:30,,,2026-09-07T14:03:08.738711
2026-09-07,poniedzialek,poznań,Buntownik,Cinema City Poznań Plaza,21:40,,,2026-09-07T14:03:08.738711
2026-09-07,poniedzialek,poznań,Frances Ha,Charlie Monroe Kino Malta w Poznaniu,17:10,,,2026-09-07T14:03:08.738711
2026-09-07,poniedzialek,poznań,Gorzkie święta,Charlie Monroe Kino Malta w Poznaniu,18:40,,,2026-09-07T14:03:08.738711
2026-09-07,poniedzialek,poznań,Gorzkie święta,Cinema City Poznań Kinepolis,20:30,,,2026-09-07T14:03:08.738711
2026-09-07,poniedzialek,poznań,Gorzkie święta,Cinema City Poznań Plaza,15:20,,,2026-09-07T14:03:08.738711
2026-09-07,poniedzialek,poznań,Gorzkie święta,Cinema City Poznań Plaza,20:30,,,2026-09-07T14:03:08.738711
2026-09-07,poniedzialek,poznań,Gorzkie święta,Helios Poznań,16:30,,,2026-09-07T14:03:08.738711
2026-09-07,poniedzialek,poznań,Gorzkie święta,Kino Muza w Poznaniu,17:45,,,2026-09-07T14:03:08.738711
2026-09-07,poniedzialek,poznań,Gorzkie święta,Kino Pałacowe w Poznaniu,16:30,,,2026-09-07T14:03:08.738711
2026-09-07,poniedzialek,poznań,Gorzkie święta,Kino Rialto w Poznaniu,19:00,,,2026-09-07T14:03:08.738711
2026-09-07,poniedzialek,poznań,Gorzkie święta,Multikino Poznań Stary Browar,20:00,,,2026-09-07T14:03:08.738711
2026-09-07,poniedzialek,poznań,Gwiazdozbiór Psa,Cinema City Poznań Kinepolis,15:50,,,2026-09-07T14:03:08.738711
2026-09-07,poniedzialek,poznań,Gwiazdozbiór Psa,Cinema City Poznań Kinepolis,19:00,,,2026-09-07T14:03:08.738711
2026-09-07,poniedzialek,poznań,Gwiazdozbiór Psa,Cinema City Poznań Kinepolis,21:40,,,2026-09-07T14:03:08.738711
2026-09-07,poniedzialek,poznań,Gwiazdozbiór Psa,Cinema City Poznań Plaza,10:30,,,2026-09-07T14:03:08.738711
2026-09-07,poniedzialek,poznań,Gwiazdozbiór Psa,Cinema City Poznań Plaza,13:30,,,2026-09-07T14:03:08.738711
2026-09-07,poniedzialek,poznań,Gwiazdozbiór Psa,Cinema City Poznań Plaza,18:50,,,2026-09-07T14:03:08.738711
2026-09-07,poniedzialek,poznań,Gwiazdozbiór Psa,Cinema City Poznań Plaza IMAX,21:50,,,2026-09-07T14:03:08.738711
2026-09-07,poniedzialek,poznań,Gwiazdozbiór Psa,Helios Poznań,13:20,,,2026-09-07T14:03:08.738711
2026-09-07,poniedzialek,poznań,Gwiazdozbiór Psa,Helios Poznań,19:15,,,2026-09-07T14:03:08.738711
2026-09-07,poniedzialek,poznań,Gwiazdozbiór Psa,Helios Poznań,21:20,,,2026-09-07T14:03:08.738711
2026-09-07,poniedzialek,poznań,Gwiazdozbiór Psa,Kino Pałacowe w Poznaniu,21:00,,,2026-09-07T14:03:08.738711
2026-09-07,poniedzialek,poznań,Gwiazdozbiór Psa,Kino Rialto w Poznaniu,21:00,,,2026-09-07T14:03:08.738711
2026-09-07,poniedzialek,poznań,Gwiazdozbiór Psa,Multikino Poznań Stary Browar,18:20,,,2026-09-07T14:03:08.738711
2026-09-07,poniedzialek,poznań,Gwiazdozbiór Psa,Multikino Poznań Stary Browar,21:00,,,2026-09-07T14:03:08.738711
2026-09-07,poniedzialek,poznań,Hamnet,Kino Muza w Poznaniu,17:00,,,2026-09-07T14:03:08.738711
2026-09-07,poniedzialek,poznań,Historie równoległe,Charlie Monroe Kino Malta w Poznaniu,20:30,,,2026-09-07T14:03:08.738711
2026-09-07,poniedzialek,poznań,Historie równoległe,Kino Muza w Poznaniu,14:30,,,2026-09-07T14:03:08.738711
2026-09-07,poniedzialek,poznań,Ice Cream Man,Cinema City Poznań Kinepolis,20:10,,,2026-09-07T14:03:08.738711
2026-09-07,poniedzialek,poznań,Koniec Ulicy Dębowej,Cinema City Poznań Kinepolis,19:00,,,2026-09-07T14:03:08.738711
2026-09-07,poniedzialek,poznań,Koniec Ulicy Dębowej,Multikino Poznań Stary Browar,14:05,,,2026-09-07T14:03:08.738711
2026-09-07,poniedzialek,poznań,Kosmiczna misja Billy’ego 5000,Kino Pałacowe w Poznaniu,18:00,,,2026-09-07T14:03:08.738711
2026-09-07,poniedzialek,poznań,Księga pustyni,Helios Poznań,11:50,,,2026-09-07T14:03:08.738711
2026-09-07,poniedzialek,poznań,Księga pustyni,Helios Poznań,14:10,,,2026-09-07T14:03:08.738711
2026-09-07,poniedzialek,poznań,Księga pustyni (dubbing),Cinema City Poznań Plaza,13:00,,dubbing,2026-09-07T14:03:08.738711
2026-09-07,poniedzialek,poznań,Księga pustyni (dubbing),Multikino Poznań Stary Browar,09:00,,dubbing,2026-09-07T14:03:08.738711
2026-09-07,poniedzialek,poznań,Księga pustyni (dubbing),Multikino Poznań Stary Browar,11:15,,dubbing,2026-09-07T14:03:08.738711
2026-09-07,poniedzialek,poznań,Księga pustyni (dubbing),Multikino Poznań Stary Browar,13:30,,dubbing,2026-09-07T14:03:08.738711
2026-09-07,poniedzialek,poznań,Ktoś całkiem obcy,Charlie Monroe Kino Malta w Poznaniu,15:30,,,2026-09-07T14:03:08.738711
2026-09-07,poniedzialek,poznań,Ktoś całkiem obcy,Cinema City Poznań Kinepolis,16:20,,,2026-09-07T14:03:08.738711
2026-09-07,poniedzialek,poznań,"Miłość, śmierć i dojrzewanie na Obozie Miasma",Cinema City Poznań Kinepolis,17:00,,,2026-09-07T14:03:08.738711
2026-09-07,poniedzialek,poznań,"Miłość, śmierć i dojrzewanie na Obozie Miasma",Cinema City Poznań Plaza,17:30,,,2026-09-07T14:03:08.738711
2026-09-07,poniedzialek,poznań,"Miłość, śmierć i dojrzewanie na Obozie Miasma",Kino Muza w Poznaniu,17:00,,,2026-09-07T14:03:08.738711
2026-09-07,poniedzialek,poznań,"Miłość, śmierć i dojrzewanie na Obozie Miasma",Kino Muza w Poznaniu,21:15,,,2026-09-07T14:03:08.738711
2026-09-07,poniedzialek,poznań,"Miłość, śmierć i dojrzewanie na Obozie Miasma",Kino Pałacowe w Poznaniu,18:45,,,2026-09-07T14:03:08.738711
2026-09-07,poniedzialek,poznań,"Miłość, śmierć i dojrzewanie na Obozie Miasma",Multikino Poznań Stary Browar,17:20,,,2026-09-07T14:03:08.738711
2026-09-07,poniedzialek,poznań,Minionki i straszydła (dubbing),Cinema City Poznań Kinepolis,13:20,,dubbing,2026-09-07T14:03:08.738711
2026-09-07,poniedzialek,poznań,Minionki i straszydła (dubbing),Cinema City Poznań Plaza,11:10,,dubbing,2026-09-07T14:03:08.738711
2026-09-07,poniedzialek,poznań,Minionki i straszydła (dubbing),Cinema City Poznań Plaza,13:20,,dubbing,2026-09-07T14:03:08.738711
2026-09-07,poniedzialek,poznań,Minionki i straszydła (dubbing),Helios Poznań,11:30,,dubbing,2026-09-07T14:03:08.738711
2026-09-07,poniedzialek,poznań,Minionki i straszydła (dubbing),Helios Poznań,14:30,,dubbing,2026-09-07T14:03:08.738711
2026-09-07,poniedzialek,poznań,Minionki i straszydła (dubbing),Multikino Poznań Stary Browar,09:55,,dubbing,2026-09-07T14:03:08.738711
2026-09-07,poniedzialek,poznań,Minionki i straszydła (dubbing),Multikino Poznań Stary Browar,10:50,,dubbing,2026-09-07T14:03:08.738711
2026-09-07,poniedzialek,poznań,Minionki i straszydła (dubbing),Multikino Poznań Stary Browar,13:00,,dubbing,2026-09-07T14:03:08.738711
2026-09-07,poniedzialek,poznań,Młodsza siostra,Charlie Monroe Kino Malta w Poznaniu,17:00,,,2026-09-07T14:03:08.738711
2026-09-07,poniedzialek,poznań,Naznaczony: Wyjście z mrocznego wymiaru,Cinema City Poznań Kinepolis,16:00,,,2026-09-07T14:03:08.738711
2026-09-07,poniedzialek,poznań,Naznaczony: Wyjście z mrocznego wymiaru,Cinema City Poznań Kinepolis,18:30,,,2026-09-07T14:03:08.738711
2026-09-07,poniedzialek,poznań,Naznaczony: Wyjście z mrocznego wymiaru,Cinema City Poznań Kinepolis,21:00,,,2026-09-07T14:03:08.738711
2026-09-07,poniedzialek,poznań,Naznaczony: Wyjście z mrocznego wymiaru,Cinema City Poznań Plaza,19:40,,,2026-09-07T14:03:08.738711
2026-09-07,poniedzialek,poznań,Naznaczony: Wyjście z mrocznego wymiaru,Cinema City Poznań Plaza,22:10,,,2026-09-07T14:03:08.738711
2026-09-07,poniedzialek,poznań,Naznaczony: Wyjście z mrocznego wymiaru,Helios Poznań,20:15,,,2026-09-07T14:03:08.738711
2026-09-07,poniedzialek,poznań,Naznaczony: Wyjście z mrocznego wymiaru,Multikino Poznań Stary Browar,15:50,,,2026-09-07T14:03:08.738711
2026-09-07,poniedzialek,poznań,Naznaczony: Wyjście z mrocznego wymiaru,Multikino Poznań Stary Browar,21:20,,,2026-09-07T14:03:08.738711
2026-09-07,poniedzialek,poznań,Nie patrz w dół 2,Cinema City Poznań Kinepolis,15:00,,,2026-09-07T14:03:08.738711
2026-09-07,poniedzialek,poznań,Nie patrz w dół 2,Cinema City Poznań Kinepolis,17:20,,,2026-09-07T14:03:08.738711
2026-09-07,poniedzialek,poznań,Nie patrz w dół 2,Cinema City Poznań Kinepolis,18:30,,,2026-09-07T14:03:08.738711
2026-09-07,poniedzialek,poznań,Nie patrz w dół 2,Cinema City Poznań Kinepolis,19:40,,,2026-09-07T14:03:08.738711
2026-09-07,poniedzialek,poznań,Nie patrz w dół 2,Cinema City Poznań Kinepolis,21:00,,,2026-09-07T14:03:08.738711
2026-09-07,poniedzialek,poznań,Nie patrz w dół 2,Cinema City Poznań Kinepolis,22:00,,,2026-09-07T14:03:08.738711
2026-09-07,poniedzialek,poznań,Nie patrz w dół 2,Cinema City Poznań Plaza,15:10,,,2026-09-07T14:03:08.738711
2026-09-07,poniedzialek,poznań,Nie patrz w dół 2,Cinema City Poznań Plaza,20:00,,,2026-09-07T14:03:08.738711
2026-09-07,poniedzialek,poznań,Nie patrz w dół 2,Cinema City Poznań Plaza,22:20,,,2026-09-07T14:03:08.738711
2026-09-07,poniedzialek,poznań,Nie patrz w dół 2,Helios Poznań,16:00,,,2026-09-07T14:03:08.738711
2026-09-07,poniedzialek,poznań,Nie patrz w dół 2,Helios Poznań,19:00,,,2026-09-07T14:03:08.738711
2026-09-07,poniedzialek,poznań,Nie patrz w dół 2,Helios Poznań,21:00,,,2026-09-07T14:03:08.738711
2026-09-07,poniedzialek,poznań,Nie patrz w dół 2,Multikino Poznań Stary Browar,13:15,,,2026-09-07T14:03:08.738711
2026-09-07,poniedzialek,poznań,Nie patrz w dół 2,Multikino Poznań Stary Browar,15:35,,,2026-09-07T14:03:08.738711
2026-09-07,poniedzialek,poznań,Nie patrz w dół 2,Multikino Poznań Stary Browar,17:55,,,2026-09-07T14:03:08.738711
2026-09-07,poniedzialek,poznań,Nie patrz w dół 2,Multikino Poznań Stary Browar,20:30,,,2026-09-07T14:03:08.738711
2026-09-07,poniedzialek,poznań,O czym sobie nie mówimy,Kino Bułgarska 19 w Poznaniu,18:20,,,2026-09-07T14:03:08.738711
2026-09-07,poniedzialek,poznań,Obsesja,Cinema City Poznań Kinepolis,21:30,,,2026-09-07T14:03:08.738711
2026-09-07,poniedzialek,poznań,Odyseja,Cinema City Poznań Kinepolis,12:30,,,2026-09-07T14:03:08.738711
2026-09-07,poniedzialek,poznań,Odyseja,Cinema City Poznań Kinepolis,16:15,,,2026-09-07T14:03:08.738711
2026-09-07,poniedzialek,poznań,Odyseja,Cinema City Poznań Kinepolis,17:40,,,2026-09-07T14:03:08.738711
2026-09-07,poniedzialek,poznań,Odyseja,Cinema City Poznań Kinepolis,20:00,,,2026-09-07T14:03:08.738711
2026-09-07,poniedzialek,poznań,Odyseja,Cinema City Poznań Kinepolis,21:10,,,2026-09-07T14:03:08.738711
2026-09-07,poniedzialek,poznań,Odyseja,Cinema City Poznań Plaza,10:10,,,2026-09-07T14:03:08.738711
2026-09-07,poniedzialek,poznań,Odyseja,Cinema City Poznań Plaza IMAX,11:00,,,2026-09-07T14:03:08.738711
2026-09-07,poniedzialek,poznań,Odyseja,Cinema City Poznań Plaza IMAX,14:40,,,2026-09-07T14:03:08.738711
2026-09-07,poniedzialek,poznań,Odyseja,Cinema City Poznań Plaza IMAX,18:20,,,2026-09-07T14:03:08.738711
2026-09-07,poniedzialek,poznań,Odyseja,Helios Poznań,12:45,,,2026-09-07T14:03:08.738711
2026-09-07,poniedzialek,poznań,Odyseja,Helios Poznań,16:45,,,2026-09-07T14:03:08.738711
2026-09-07,poniedzialek,poznań,Odyseja,Kino Muza w Poznaniu,20:00,,,2026-09-07T14:03:08.738711
2026-09-07,poniedzialek,poznań,Odyseja,Multikino Poznań Stary Browar,12:35,,,2026-09-07T14:03:08.738711
2026-09-07,poniedzialek,poznań,Odyseja,Multikino Poznań Stary Browar,16:10,,,2026-09-07T14:03:08.738711
2026-09-07,poniedzialek,poznań,Odyseja,Multikino Poznań Stary Browar,20:15,,,2026-09-07T14:03:08.738711
2026-09-07,poniedzialek,poznań,Odzyskany,Kino Bułgarska 19 w Poznaniu,16:40,,,2026-09-07T14:03:08.738711
2026-09-07,poniedzialek,poznań,Przeżyć w Nowym Jorku,Kino Muza w Poznaniu,19:15,,,2026-09-07T14:03:08.738711
2026-09-07,poniedzialek,poznań,Psi Patrol i dinozaury,Helios Poznań,12:30,,,2026-09-07T14:03:08.738711
2026-09-07,poniedzialek,poznań,Psi Patrol i dinozaury,Helios Poznań,14:40,,,2026-09-07T14:03:08.738711
2026-09-07,poniedzialek,poznań,Psi Patrol i dinozaury,Helios Poznań,17:00,,,2026-09-07T14:03:08.738711
2026-09-07,poniedzialek,poznań,Psi Patrol i dinozaury (dubbing),Cinema City Poznań Kinepolis,12:30,,dubbing,2026-09-07T14:03:08.738711
2026-09-07,poniedzialek,poznań,Psi Patrol i dinozaury (dubbing),Cinema City Poznań Kinepolis,12:30,,dubbing,2026-09-07T14:03:08.738711
2026-09-07,poniedzialek,poznań,Psi Patrol i dinozaury (dubbing),Cinema City Poznań Kinepolis,14:40,,dubbing,2026-09-07T14:03:08.738711
2026-09-07,poniedzialek,poznań,Psi Patrol i dinozaury (dubbing),Cinema City Poznań Kinepolis,16:50,,dubbing,2026-09-07T14:03:08.738711
2026-09-07,poniedzialek,poznań,Psi Patrol i dinozaury (dubbing),Cinema City Poznań Plaza,11:00,,dubbing,2026-09-07T14:03:08.738711
2026-09-07,poniedzialek,poznań,Psi Patrol i dinozaury (dubbing),Cinema City Poznań Plaza,13:10,,dubbing,2026-09-07T14:03:08.738711
2026-09-07,poniedzialek,poznań,Psi Patrol i dinozaury (dubbing),Cinema City Poznań Plaza,15:30,,dubbing,2026-09-07T14:03:08.738711
2026-09-07,poniedzialek,poznań,Psi Patrol i dinozaury (dubbing),Multikino Poznań Stary Browar,10:10,,dubbing,2026-09-07T14:03:08.738711
2026-09-07,poniedzialek,poznań,Psi Patrol i dinozaury (dubbing),Multikino Poznań Stary Browar,13:00,,dubbing,2026-09-07T14:03:08.738711
2026-09-07,poniedzialek,poznań,Psi Patrol i dinozaury (dubbing),Multikino Poznań Stary Browar,15:10,,dubbing,2026-09-07T14:03:08.738711
2026-09-07,poniedzialek,poznań,Pucio kocha zwierzaki,Cinema City Poznań Kinepolis,12:00,,,2026-09-07T14:03:08.738711
2026-09-07,poniedzialek,poznań,Pucio kocha zwierzaki,Cinema City Poznań Kinepolis,13:30,,,2026-09-07T14:03:08.738711
2026-09-07,poniedzialek,poznań,Pucio kocha zwierzaki,Cinema City Poznań Plaza,10:30,,,2026-09-07T14:03:08.738711
2026-09-07,poniedzialek,poznań,Pucio kocha zwierzaki,Cinema City Poznań Plaza,12:00,,,2026-09-07T14:03:08.738711
2026-09-07,poniedzialek,poznań,Pucio kocha zwierzaki,Cinema City Poznań Plaza,13:30,,,2026-09-07T14:03:08.738711
2026-09-07,poniedzialek,poznań,Pucio kocha zwierzaki,Helios Poznań,11:40,,,2026-09-07T14:03:08.738711
2026-09-07,poniedzialek,poznań,Pucio kocha zwierzaki,Helios Poznań,13:10,,,2026-09-07T14:03:08.738711
2026-09-07,poniedzialek,poznań,Pucio kocha zwierzaki,Multikino Poznań Stary Browar,09:40,,,2026-09-07T14:03:08.738711
2026-09-07,poniedzialek,poznań,Pucio kocha zwierzaki,Multikino Poznań Stary Browar,10:50,,,2026-09-07T14:03:08.738711
2026-09-07,poniedzialek,poznań,Pucio kocha zwierzaki,Multikino Poznań Stary Browar,12:00,,,2026-09-07T14:03:08.738711
2026-09-07,poniedzialek,poznań,Silver,Charlie Monroe Kino Malta w Poznaniu,15:35,,,2026-09-07T14:03:08.738711
2026-09-07,poniedzialek,poznań,Spa Weekend,Charlie Monroe Kino Malta w Poznaniu,16:55,,,2026-09-07T14:03:08.738711
2026-09-07,poniedzialek,poznań,Spa Weekend,Cinema City Poznań Kinepolis,16:30,,,2026-09-07T14:03:08.738711
2026-09-07,poniedzialek,poznań,Spa Weekend,Cinema City Poznań Kinepolis,18:50,,,2026-09-07T14:03:08.738711
2026-09-07,poniedzialek,poznań,Spa Weekend,Cinema City Poznań Kinepolis,21:10,,,2026-09-07T14:03:08.738711
2026-09-07,poniedzialek,poznań,Spa Weekend,Cinema City Poznań Plaza,15:50,,,2026-09-07T14:03:08.738711
2026-09-07,poniedzialek,poznań,Spa Weekend,Cinema City Poznań Plaza,18:20,,,2026-09-07T14:03:08.738711
2026-09-07,poniedzialek,poznań,Spa Weekend,Cinema City Poznań Plaza,20:50,,,2026-09-07T14:03:08.738711
2026-09-07,poniedzialek,poznań,Spa Weekend,Helios Poznań,15:15,,,2026-09-07T14:03:08.738711
2026-09-07,poniedzialek,poznań,Spa Weekend,Helios Poznań,18:45,,,2026-09-07T14:03:08.738711
2026-09-07,poniedzialek,poznań,Spa Weekend,Helios Poznań,21:10,,,2026-09-07T14:03:08.738711
2026-09-07,poniedzialek,poznań,Spa Weekend,Kino Bułgarska 19 w Poznaniu,20:00,,,2026-09-07T14:03:08.738711
2026-09-07,poniedzialek,poznań,Spa Weekend,Multikino Poznań Stary Browar,10:40,,,2026-09-07T14:03:08.738711
2026-09-07,poniedzialek,poznań,Spa Weekend,Multikino Poznań Stary Browar,15:20,,,2026-09-07T14:03:08.738711
2026-09-07,poniedzialek,poznań,Spa Weekend,Multikino Poznań Stary Browar,17:40,,,2026-09-07T14:03:08.738711
2026-09-07,poniedzialek,poznań,Spa Weekend,Multikino Poznań Stary Browar,20:00,,,2026-09-07T14:03:08.738711
2026-09-07,poniedzialek,poznań,Spider-Man. Całkiem nowy dzień,Cinema City Poznań Kinepolis,15:50,,,2026-09-07T14:03:08.738711
2026-09-07,poniedzialek,poznań,Spider-Man. Całkiem nowy dzień,Cinema City Poznań Kinepolis,17:30,,,2026-09-07T14:03:08.738711
2026-09-07,poniedzialek,poznań,Spider-Man. Całkiem nowy dzień,Cinema City Poznań Kinepolis,19:00,,,2026-09-07T14:03:08.738711
2026-09-07,poniedzialek,poznań,Spider-Man. Całkiem nowy dzień,Cinema City Poznań Kinepolis,20:50,,,2026-09-07T14:03:08.738711
2026-09-07,poniedzialek,poznań,Spider-Man. Całkiem nowy dzień,Cinema City Poznań Plaza,10:20,,,2026-09-07T14:03:08.738711
2026-09-07,poniedzialek,poznań,Spider-Man. Całkiem nowy dzień,Cinema City Poznań Plaza,20:20,,,2026-09-07T14:03:08.738711
2026-09-07,poniedzialek,poznań,Spider-Man. Całkiem nowy dzień,Helios Poznań,12:10,,,2026-09-07T14:03:08.738711
2026-09-07,poniedzialek,poznań,Spider-Man. Całkiem nowy dzień,Helios Poznań,14:50,,,2026-09-07T14:03:08.738711
2026-09-07,poniedzialek,poznań,Spider-Man. Całkiem nowy dzień,Helios Poznań,16:20,,,2026-09-07T14:03:08.738711
2026-09-07,poniedzialek,poznań,Spider-Man. Całkiem nowy dzień,Helios Poznań,19:30,,,2026-09-07T14:03:08.738711
2026-09-07,poniedzialek,poznań,Spider-Man. Całkiem nowy dzień,Multikino Poznań Stary Browar,09:15,,,2026-09-07T14:03:08.738711
2026-09-07,poniedzialek,poznań,Spider-Man. Całkiem nowy dzień,Multikino Poznań Stary Browar,11:00,,,2026-09-07T14:03:08.738711
2026-09-07,poniedzialek,poznań,Spider-Man. Całkiem nowy dzień,Multikino Poznań Stary Browar,13:10,,,2026-09-07T14:03:08.738711
2026-09-07,poniedzialek,poznań,Spider-Man. Całkiem nowy dzień,Multikino Poznań Stary Browar,15:10,,,2026-09-07T14:03:08.738711
2026-09-07,poniedzialek,poznań,Spider-Man. Całkiem nowy dzień,Multikino Poznań Stary Browar,17:20,,,2026-09-07T14:03:08.738711
2026-09-07,poniedzialek,poznań,Spider-Man. Całkiem nowy dzień,Multikino Poznań Stary Browar,19:30,,,2026-09-07T14:03:08.738711
2026-09-07,poniedzialek,poznań,Spider-Man. Całkiem nowy dzień,Multikino Poznań Stary Browar,20:30,,,2026-09-07T14:03:08.738711
2026-09-07,poniedzialek,poznań,Spider-Man. Całkiem nowy dzień (dubbing),Cinema City Poznań Kinepolis,14:20,,dubbing,2026-09-07T14:03:08.738711
2026-09-07,poniedzialek,poznań,Spider-Man. Całkiem nowy dzień (dubbing),Cinema City Poznań Kinepolis,14:30,,dubbing,2026-09-07T14:03:08.738711
2026-09-07,poniedzialek,poznań,Spider-Man. Całkiem nowy dzień (dubbing),Cinema City Poznań Plaza,13:40,,dubbing,2026-09-07T14:03:08.738711
2026-09-07,poniedzialek,poznań,Spider-Man. Całkiem nowy dzień (dubbing),Cinema City Poznań Plaza,13:50,,dubbing,2026-09-07T14:03:08.738711
2026-09-07,poniedzialek,poznań,Spider-Man. Całkiem nowy dzień (dubbing),Multikino Poznań Stary Browar,10:00,,dubbing,2026-09-07T14:03:08.738711
2026-09-07,poniedzialek,poznań,Spider-Man. Całkiem nowy dzień (dubbing),Multikino Poznań Stary Browar,14:10,,dubbing,2026-09-07T14:03:08.738711
2026-09-07,poniedzialek,poznań,Spider-Man. Całkiem nowy dzień (dubbing),Multikino Poznań Stary Browar,16:20,,dubbing,2026-09-07T14:03:08.738711
2026-09-07,poniedzialek,poznań,Spider-Man. Całkiem nowy dzień 3D (dubbing),Cinema City Poznań Plaza,17:10,3D,dubbing,2026-09-07T14:03:08.738711
2026-09-07,poniedzialek,poznań,Sunny Dancer,Charlie Monroe Kino Malta w Poznaniu,15:20,,,2026-09-07T14:03:08.738711
2026-09-07,poniedzialek,poznań,Sunny Dancer,Cinema City Poznań Kinepolis,15:40,,,2026-09-07T14:03:08.738711
2026-09-07,poniedzialek,poznań,Sunny Dancer,Cinema City Poznań Plaza,10:50,,,2026-09-07T14:03:08.738711
2026-09-07,poniedzialek,poznań,Sunny Dancer,Kino Muza w Poznaniu,13:45,,,2026-09-07T14:03:08.738711
2026-09-07,poniedzialek,poznań,Terminator 2: Dzień sądu,Cinema City Poznań Kinepolis,20:30,,,2026-09-07T14:03:08.738711
2026-09-07,poniedzialek,poznań,Terminator 2: Dzień sądu,Cinema City Poznań Plaza,22:00,,,2026-09-07T14:03:08.738711
2026-09-07,poniedzialek,poznań,Terminator 2: Dzień sądu,Multikino Poznań Stary Browar,12:20,,,2026-09-07T14:03:08.738711
2026-09-07,poniedzialek,poznań,Tony,Charlie Monroe Kino Malta w Poznaniu,20:30,,,2026-09-07T14:03:08.738711
2026-09-07,poniedzialek,poznań,Tony,Cinema City Poznań Kinepolis,16:20,,,2026-09-07T14:03:08.738711
2026-09-07,poniedzialek,poznań,Tony,Cinema City Poznań Kinepolis,17:20,,,2026-09-07T14:03:08.738711
2026-09-07,poniedzialek,poznań,Tony,Cinema City Poznań Kinepolis,18:50,,,2026-09-07T14:03:08.738711
2026-09-07,poniedzialek,poznań,Tony,Cinema City Poznań Kinepolis,19:50,,,2026-09-07T14:03:08.738711
2026-09-07,poniedzialek,poznań,Tony,Cinema City Poznań Kinepolis,21:20,,,2026-09-07T14:03:08.738711
2026-09-07,poniedzialek,poznań,Tony,Cinema City Poznań Plaza,16:50,,,2026-09-07T14:03:08.738711
2026-09-07,poniedzialek,poznań,Tony,Cinema City Poznań Plaza,19:20,,,2026-09-07T14:03:08.738711
2026-09-07,poniedzialek,poznań,Tony,Cinema City Poznań Plaza,21:50,,,2026-09-07T14:03:08.738711
2026-09-07,poniedzialek,poznań,Tony,Helios Poznań,16:10,,,2026-09-07T14:03:08.738711
2026-09-07,poniedzialek,poznań,Tony,Helios Poznań,20:00,,,2026-09-07T14:03:08.738711
2026-09-07,poniedzialek,poznań,Tony,Kino Bułgarska 19 w Poznaniu,18:10,,,2026-09-07T14:03:08.738711
2026-09-07,poniedzialek,poznań,Tony,Kino Muza w Poznaniu,21:00,,,2026-09-07T14:03:08.738711
2026-09-07,poniedzialek,poznań,Tony,Kino Pałacowe w Poznaniu,16:00,,,2026-09-07T14:03:08.738711
2026-09-07,poniedzialek,poznań,Tony,Kino Pałacowe w Poznaniu,20:00,,,2026-09-07T14:03:08.738711
2026-09-07,poniedzialek,poznań,Tony,Kino Rialto w Poznaniu,17:00,,,2026-09-07T14:03:08.738711
2026-09-07,poniedzialek,poznań,Tony,Multikino Poznań Stary Browar,12:15,,,2026-09-07T14:03:08.738711
2026-09-07,poniedzialek,poznań,Tony,Multikino Poznań Stary Browar,14:45,,,2026-09-07T14:03:08.738711
2026-09-07,poniedzialek,poznań,Tony,Multikino Poznań Stary Browar,17:15,,,2026-09-07T14:03:08.738711
2026-09-07,poniedzialek,poznań,Tony,Multikino Poznań Stary Browar,19:45,,,2026-09-07T14:03:08.738711
2026-09-07,poniedzialek,poznań,Toy Story 5 (dubbing),Cinema City Poznań Kinepolis,12:00,,dubbing,2026-09-07T14:03:08.738711
2026-09-07,poniedzialek,poznań,Toy Story 5 (dubbing),Cinema City Poznań Plaza,10:40,,dubbing,2026-09-07T14:03:08.738711
2026-09-07,poniedzialek,poznań,Toy Story 5 (dubbing),Multikino Poznań Stary Browar,09:15,,dubbing,2026-09-07T14:03:08.738711
2026-09-07,poniedzialek,poznań,Toy Story 5 (dubbing),Multikino Poznań Stary Browar,11:40,,dubbing,2026-09-07T14:03:08.738711
2026-09-07,poniedzialek,poznań,Tylko jedna noc,Cinema City Poznań Kinepolis,18:10,,,2026-09-07T14:03:08.738711
2026-09-07,poniedzialek,poznań,Tylko jedna noc,Cinema City Poznań Plaza,16:20,,,2026-09-07T14:03:08.738711
2026-09-07,poniedzialek,poznań,Vaiana (dubbing),Cinema City Poznań Kinepolis,14:40,,dubbing,2026-09-07T14:03:08.738711
2026-09-07,poniedzialek,poznań,Vivaldi i ja,Charlie Monroe Kino Malta w Poznaniu,18:40,,,2026-09-07T14:03:08.738711
2026-09-07,poniedzialek,poznań,Zaproszenie,Charlie Monroe Kino Malta w Poznaniu,20:30,,,2026-09-07T14:03:08.738711
2026-09-07,poniedzialek,poznań,Zaproszenie,Cinema City Poznań Kinepolis,21:40,,,2026-09-07T14:03:08.738711
2026-09-07,poniedzialek,poznań,Zaproszenie,Kino Bułgarska 19 w Poznaniu,16:20,,,2026-09-07T14:03:08.738711
2026-09-07,poniedzialek,poznań,Zróbmy sobie przerwę,Helios Poznań,12:00,,,2026-09-07T14:03:08.738711
2026-09-07,poniedzialek,gdańsk,100 dni: Misja Zeus,Helios Gdańsk Forum,18:30,,,2026-09-07T14:03:11.481701
2026-09-07,poniedzialek,gdańsk,100 dni: Misja Zeus,Helios Gdańsk Metropolia,18:30,,,2026-09-07T14:03:11.481701
2026-09-07,poniedzialek,gdańsk,100 dni: Misja Zeus,Multikino Gdańsk,18:30,,,2026-09-07T14:03:11.481701
2026-09-07,poniedzialek,gdańsk,500 mil,Helios Gdańsk Forum,20:50,,,2026-09-07T14:03:11.481701
2026-09-07,poniedzialek,gdańsk,500 mil,Helios Gdańsk Metropolia,18:15,,,2026-09-07T14:03:11.481701
2026-09-07,poniedzialek,gdańsk,500 mil,Kino Kameralne Cafe w Gdańsku,18:00,,,2026-09-07T14:03:11.481701
2026-09-07,poniedzialek,gdańsk,500 mil,Kino Spektrum w Gdańsku,16:15,,,2026-09-07T14:03:11.481701
2026-09-07,poniedzialek,gdańsk,500 mil,Multikino Gdańsk,17:30,,,2026-09-07T14:03:11.481701
2026-09-07,poniedzialek,gdańsk,André Rieu. Niech żyje Maastricht!,Helios Gdańsk Forum,18:00,,,2026-09-07T14:03:11.481701
2026-09-07,poniedzialek,gdańsk,André Rieu. Niech żyje Maastricht!,Helios Gdańsk Metropolia,18:00,,,2026-09-07T14:03:11.481701
2026-09-07,poniedzialek,gdańsk,Asterix i Obelix: Misja Kleopatra (dubbing),Multikino Gdańsk,17:40,,dubbing,2026-09-07T14:03:11.481701
2026-09-07,poniedzialek,gdańsk,Auta,Multikino Gdańsk,10:20,,,2026-09-07T14:03:11.481701
2026-09-07,poniedzialek,gdańsk,Auta,Multikino Gdańsk,12:15,,,2026-09-07T14:03:11.481701
2026-09-07,poniedzialek,gdańsk,Auta,Multikino Gdańsk,15:00,,,2026-09-07T14:03:11.481701
2026-09-07,poniedzialek,gdańsk,Auta,Multikino Gdańsk,17:45,,,2026-09-07T14:03:11.481701
2026-09-07,poniedzialek,gdańsk,Buntownik,Helios Gdańsk Forum,12:40,,,2026-09-07T14:03:11.481701
2026-09-07,poniedzialek,gdańsk,Buntownik,Helios Gdańsk Forum,19:15,,,2026-09-07T14:03:11.481701
2026-09-07,poniedzialek,gdańsk,Buntownik,Multikino Gdańsk,16:25,,,2026-09-07T14:03:11.481701
2026-09-07,poniedzialek,gdańsk,Einstein seksu,KinoPort - Centrum Sztuki Współczesnej Łaźnia 2,19:30,,,2026-09-07T14:03:11.481701
2026-09-07,poniedzialek,gdańsk,Gorzkie święta,Helios Gdańsk Forum,15:00,,,2026-09-07T14:03:11.481701
2026-09-07,poniedzialek,gdańsk,Gorzkie święta,Helios Gdańsk Metropolia,12:45,,,2026-09-07T14:03:11.481701
2026-09-07,poniedzialek,gdańsk,Gorzkie święta,Kino Spektrum w Gdańsku,18:15,,,2026-09-07T14:03:11.481701
2026-09-07,poniedzialek,gdańsk,Gorzkie święta,Multikino Gdańsk,12:35,,,2026-09-07T14:03:11.481701
2026-09-07,poniedzialek,gdańsk,Gorzkie święta,Multikino Gdańsk,20:00,,,2026-09-07T14:03:11.481701
2026-09-07,poniedzialek,gdańsk,Gwiazdozbiór Psa,Helios Gdańsk Forum,14:10,,,2026-09-07T14:03:11.481701
2026-09-07,poniedzialek,gdańsk,Gwiazdozbiór Psa,Helios Gdańsk Forum,16:30,,,2026-09-07T14:03:11.481701
2026-09-07,poniedzialek,gdańsk,Gwiazdozbiór Psa,Helios Gdańsk Forum,21:10,,,2026-09-07T14:03:11.481701
2026-09-07,poniedzialek,gdańsk,Gwiazdozbiór Psa,Helios Gdańsk Metropolia,15:20,,,2026-09-07T14:03:11.481701
2026-09-07,poniedzialek,gdańsk,Gwiazdozbiór Psa,Helios Gdańsk Metropolia,21:15,,,2026-09-07T14:03:11.481701
2026-09-07,poniedzialek,gdańsk,Gwiazdozbiór Psa,Multikino Gdańsk,11:15,,,2026-09-07T14:03:11.481701
2026-09-07,poniedzialek,gdańsk,Gwiazdozbiór Psa,Multikino Gdańsk,19:55,,,2026-09-07T14:03:11.481701
2026-09-07,poniedzialek,gdańsk,Julia Pirotte. Piękno i siła,Kino Spektrum w Gdańsku,14:30,,,2026-09-07T14:03:11.481701
2026-09-07,poniedzialek,gdańsk,Kandydaci śmierci,Kino Spektrum w Gdańsku,18:45,,,2026-09-07T14:03:11.481701
2026-09-07,poniedzialek,gdańsk,Księga pustyni,Helios Gdańsk Forum,10:00,,,2026-09-07T14:03:11.481701
2026-09-07,poniedzialek,gdańsk,Księga pustyni,Helios Gdańsk Forum,13:20,,,2026-09-07T14:03:11.481701
2026-09-07,poniedzialek,gdańsk,Księga pustyni,Helios Gdańsk Forum,15:40,,,2026-09-07T14:03:11.481701
2026-09-07,poniedzialek,gdańsk,Księga pustyni,Helios Gdańsk Metropolia,14:30,,,2026-09-07T14:03:11.481701
2026-09-07,poniedzialek,gdańsk,Księga pustyni (dubbing),Multikino Gdańsk,11:35,,dubbing,2026-09-07T14:03:11.481701
2026-09-07,poniedzialek,gdańsk,Kuźma,Kino Kameralne Cafe w Gdańsku,12:45,,,2026-09-07T14:03:11.481701
2026-09-07,poniedzialek,gdańsk,"Miłość, śmierć i dojrzewanie na Obozie Miasma",Kino Spektrum w Gdańsku,20:30,,,2026-09-07T14:03:11.481701
2026-09-07,poniedzialek,gdańsk,"Miłość, śmierć i dojrzewanie na Obozie Miasma",Multikino Gdańsk,20:30,,,2026-09-07T14:03:11.481701
2026-09-07,poniedzialek,gdańsk,Minionki i straszydła (dubbing),Helios Gdańsk Forum,11:10,,dubbing,2026-09-07T14:03:11.481701
2026-09-07,poniedzialek,gdańsk,Minionki i straszydła (dubbing),Helios Gdańsk Metropolia,11:20,,dubbing,2026-09-07T14:03:11.481701
2026-09-07,poniedzialek,gdańsk,Minionki i straszydła (dubbing),Helios Gdańsk Metropolia,13:30,,dubbing,2026-09-07T14:03:11.481701
2026-09-07,poniedzialek,gdańsk,Minionki i straszydła (dubbing),Multikino Gdańsk,10:10,,dubbing,2026-09-07T14:03:11.481701
2026-09-07,poniedzialek,gdańsk,Minionki i straszydła (dubbing),Multikino Gdańsk,13:50,,dubbing,2026-09-07T14:03:11.481701
2026-09-07,poniedzialek,gdańsk,Młodsza siostra,Kino Spektrum w Gdańsku,20:45,,,2026-09-07T14:03:11.481701
2026-09-07,poniedzialek,gdańsk,Naznaczony: Wyjście z mrocznego wymiaru,Helios Gdańsk Forum,11:40,,,2026-09-07T14:03:11.481701
2026-09-07,poniedzialek,gdańsk,Naznaczony: Wyjście z mrocznego wymiaru,Helios Gdańsk Forum,15:30,,,2026-09-07T14:03:11.481701
2026-09-07,poniedzialek,gdańsk,Naznaczony: Wyjście z mrocznego wymiaru,Helios Gdańsk Forum,21:30,,,2026-09-07T14:03:11.481701
2026-09-07,poniedzialek,gdańsk,Naznaczony: Wyjście z mrocznego wymiaru,Helios Gdańsk Metropolia,16:30,,,2026-09-07T14:03:11.481701
2026-09-07,poniedzialek,gdańsk,Naznaczony: Wyjście z mrocznego wymiaru,Multikino Gdańsk,16:00,,,2026-09-07T14:03:11.481701
2026-09-07,poniedzialek,gdańsk,Naznaczony: Wyjście z mrocznego wymiaru,Multikino Gdańsk,20:50,,,2026-09-07T14:03:11.481701
2026-09-07,poniedzialek,gdańsk,Nie patrz w dół 2,Helios Gdańsk Forum,13:30,,,2026-09-07T14:03:11.481701
2026-09-07,poniedzialek,gdańsk,Nie patrz w dół 2,Helios Gdańsk Forum,18:20,,,2026-09-07T14:03:11.481701
2026-09-07,poniedzialek,gdańsk,Nie patrz w dół 2,Helios Gdańsk Forum,21:45,,,2026-09-07T14:03:11.481701
2026-09-07,poniedzialek,gdańsk,Nie patrz w dół 2,Helios Gdańsk Metropolia,16:15,,,2026-09-07T14:03:11.481701
2026-09-07,poniedzialek,gdańsk,Nie patrz w dół 2,Helios Gdańsk Metropolia,20:45,,,2026-09-07T14:03:11.481701
2026-09-07,poniedzialek,gdańsk,Nie patrz w dół 2,Multikino Gdańsk,13:05,,,2026-09-07T14:03:11.481701
2026-09-07,poniedzialek,gdańsk,Nie patrz w dół 2,Multikino Gdańsk,16:20,,,2026-09-07T14:03:11.481701
2026-09-07,poniedzialek,gdańsk,Nie patrz w dół 2,Multikino Gdańsk,18:40,,,2026-09-07T14:03:11.481701
2026-09-07,poniedzialek,gdańsk,Nie patrz w dół 2,Multikino Gdańsk,21:00,,,2026-09-07T14:03:11.481701
2026-09-07,poniedzialek,gdańsk,Nowa fala,Kino Spektrum w Gdańsku,16:30,,,2026-09-07T14:03:11.481701
2026-09-07,poniedzialek,gdańsk,O czym wie Marielle,Kino Spektrum w Gdańsku,14:45,,,2026-09-07T14:03:11.481701
2026-09-07,poniedzialek,gdańsk,Odyseja,Helios Gdańsk Forum,13:00,,,2026-09-07T14:03:11.481701
2026-09-07,poniedzialek,gdańsk,Odyseja,Helios Gdańsk Forum,17:50,,,2026-09-07T14:03:11.481701
2026-09-07,poniedzialek,gdańsk,Odyseja,Helios Gdańsk Forum,20:00,,,2026-09-07T14:03:11.481701
2026-09-07,poniedzialek,gdańsk,Odyseja,Helios Gdańsk Metropolia,12:30,,,2026-09-07T14:03:11.481701
2026-09-07,poniedzialek,gdańsk,Odyseja,Helios Gdańsk Metropolia,15:50,,,2026-09-07T14:03:11.481701
2026-09-07,poniedzialek,gdańsk,Odyseja,Helios Gdańsk Metropolia,19:30,,,2026-09-07T14:03:11.481701
2026-09-07,poniedzialek,gdańsk,Odyseja,Multikino Gdańsk,11:00,,,2026-09-07T14:03:11.481701
2026-09-07,poniedzialek,gdańsk,Odyseja,Multikino Gdańsk,13:50,,,2026-09-07T14:03:11.481701
2026-09-07,poniedzialek,gdańsk,Odyseja,Multikino Gdańsk,14:35,,,2026-09-07T14:03:11.481701
2026-09-07,poniedzialek,gdańsk,Odyseja,Multikino Gdańsk,19:45,,,2026-09-07T14:03:11.481701
2026-09-07,poniedzialek,gdańsk,Psi Patrol i dinozaury,Helios Gdańsk Forum,10:10,,,2026-09-07T14:03:11.481701
2026-09-07,poniedzialek,gdańsk,Psi Patrol i dinozaury,Helios Gdańsk Forum,11:00,,,2026-09-07T14:03:11.481701
2026-09-07,poniedzialek,gdańsk,Psi Patrol i dinozaury,Helios Gdańsk Forum,13:10,,,2026-09-07T14:03:11.481701
2026-09-07,poniedzialek,gdańsk,Psi Patrol i dinozaury,Helios Gdańsk Forum,15:30,,,2026-09-07T14:03:11.481701
2026-09-07,poniedzialek,gdańsk,Psi Patrol i dinozaury,Helios Gdańsk Forum,17:40,,,2026-09-07T14:03:11.481701
2026-09-07,poniedzialek,gdańsk,Psi Patrol i dinozaury,Helios Gdańsk Metropolia,11:30,,,2026-09-07T14:03:11.481701
2026-09-07,poniedzialek,gdańsk,Psi Patrol i dinozaury,Helios Gdańsk Metropolia,12:20,,,2026-09-07T14:03:11.481701
2026-09-07,poniedzialek,gdańsk,Psi Patrol i dinozaury,Helios Gdańsk Metropolia,15:10,,,2026-09-07T14:03:11.481701
2026-09-07,poniedzialek,gdańsk,Psi Patrol i dinozaury,Helios Gdańsk Metropolia,17:30,,,2026-09-07T14:03:11.481701
2026-09-07,poniedzialek,gdańsk,Psi Patrol i dinozaury (dubbing),Multikino Gdańsk,10:55,,dubbing,2026-09-07T14:03:11.481701
2026-09-07,poniedzialek,gdańsk,Psi Patrol i dinozaury (dubbing),Multikino Gdańsk,15:25,,dubbing,2026-09-07T14:03:11.481701
2026-09-07,poniedzialek,gdańsk,Pucio kocha zwierzaki,Helios Gdańsk Forum,10:20,,,2026-09-07T14:03:11.481701
2026-09-07,poniedzialek,gdańsk,Pucio kocha zwierzaki,Helios Gdańsk Forum,11:10,,,2026-09-07T14:03:11.481701
2026-09-07,poniedzialek,gdańsk,Pucio kocha zwierzaki,Helios Gdańsk Forum,14:00,,,2026-09-07T14:03:11.481701
2026-09-07,poniedzialek,gdańsk,Pucio kocha zwierzaki,Helios Gdańsk Metropolia,12:10,,,2026-09-07T14:03:11.481701
2026-09-07,poniedzialek,gdańsk,Pucio kocha zwierzaki,Helios Gdańsk Metropolia,13:40,,,2026-09-07T14:03:11.481701
2026-09-07,poniedzialek,gdańsk,Pucio kocha zwierzaki,Helios Gdańsk Metropolia,16:45,,,2026-09-07T14:03:11.481701
2026-09-07,poniedzialek,gdańsk,Pucio kocha zwierzaki,Multikino Gdańsk,10:00,,,2026-09-07T14:03:11.481701
2026-09-07,poniedzialek,gdańsk,Pucio kocha zwierzaki,Multikino Gdańsk,11:05,,,2026-09-07T14:03:11.481701
2026-09-07,poniedzialek,gdańsk,Pucio kocha zwierzaki,Multikino Gdańsk,15:10,,,2026-09-07T14:03:11.481701
2026-09-07,poniedzialek,gdańsk,Serdelek,KinoPort - Centrum Sztuki Współczesnej Łaźnia 2,18:00,,,2026-09-07T14:03:11.481701
2026-09-07,poniedzialek,gdańsk,Spa Weekend,Helios Gdańsk Forum,13:50,,,2026-09-07T14:03:11.481701
2026-09-07,poniedzialek,gdańsk,Spa Weekend,Helios Gdańsk Forum,19:30,,,2026-09-07T14:03:11.481701
2026-09-07,poniedzialek,gdańsk,Spa Weekend,Helios Gdańsk Forum,21:20,,,2026-09-07T14:03:11.481701
2026-09-07,poniedzialek,gdańsk,Spa Weekend,Helios Gdańsk Metropolia,14:15,,,2026-09-07T14:03:11.481701
2026-09-07,poniedzialek,gdańsk,Spa Weekend,Helios Gdańsk Metropolia,19:00,,,2026-09-07T14:03:11.481701
2026-09-07,poniedzialek,gdańsk,Spa Weekend,Helios Gdańsk Metropolia,21:30,,,2026-09-07T14:03:11.481701
2026-09-07,poniedzialek,gdańsk,Spa Weekend,Multikino Gdańsk,11:30,,,2026-09-07T14:03:11.481701
2026-09-07,poniedzialek,gdańsk,Spa Weekend,Multikino Gdańsk,14:00,,,2026-09-07T14:03:11.481701
2026-09-07,poniedzialek,gdańsk,Spa Weekend,Multikino Gdańsk,18:30,,,2026-09-07T14:03:11.481701
2026-09-07,poniedzialek,gdańsk,Spa Weekend,Multikino Gdańsk,21:10,,,2026-09-07T14:03:11.481701
2026-09-07,poniedzialek,gdańsk,Spider-Man. Całkiem nowy dzień,Helios Gdańsk Forum,10:10,,,2026-09-07T14:03:11.481701
2026-09-07,poniedzialek,gdańsk,Spider-Man. Całkiem nowy dzień,Helios Gdańsk Forum,11:00,,,2026-09-07T14:03:11.481701
2026-09-07,poniedzialek,gdańsk,Spider-Man. Całkiem nowy dzień,Helios Gdańsk Forum,12:20,,,2026-09-07T14:03:11.481701
2026-09-07,poniedzialek,gdańsk,Spider-Man. Całkiem nowy dzień,Helios Gdańsk Forum,15:20,,,2026-09-07T14:03:11.481701
2026-09-07,poniedzialek,gdańsk,Spider-Man. Całkiem nowy dzień,Helios Gdańsk Forum,17:30,,,2026-09-07T14:03:11.481701
2026-09-07,poniedzialek,gdańsk,Spider-Man. Całkiem nowy dzień,Helios Gdańsk Forum,20:40,,,2026-09-07T14:03:11.481701
2026-09-07,poniedzialek,gdańsk,Spider-Man. Całkiem nowy dzień,Helios Gdańsk Forum,21:30,,,2026-09-07T14:03:11.481701
2026-09-07,poniedzialek,gdańsk,Spider-Man. Całkiem nowy dzień,Helios Gdańsk Metropolia,11:10,,,2026-09-07T14:03:11.481701
2026-09-07,poniedzialek,gdańsk,Spider-Man. Całkiem nowy dzień,Helios Gdańsk Metropolia,13:50,,,2026-09-07T14:03:11.481701
2026-09-07,poniedzialek,gdańsk,Spider-Man. Całkiem nowy dzień,Helios Gdańsk Metropolia,17:00,,,2026-09-07T14:03:11.481701
2026-09-07,poniedzialek,gdańsk,Spider-Man. Całkiem nowy dzień,Helios Gdańsk Metropolia,20:10,,,2026-09-07T14:03:11.481701
2026-09-07,poniedzialek,gdańsk,Spider-Man. Całkiem nowy dzień,Multikino Gdańsk,16:15,,,2026-09-07T14:03:11.481701
2026-09-07,poniedzialek,gdańsk,Spider-Man. Całkiem nowy dzień,Multikino Gdańsk,17:15,,,2026-09-07T14:03:11.481701
2026-09-07,poniedzialek,gdańsk,Spider-Man. Całkiem nowy dzień,Multikino Gdańsk,20:30,,,2026-09-07T14:03:11.481701
2026-09-07,poniedzialek,gdańsk,Spider-Man. Całkiem nowy dzień (dubbing),Multikino Gdańsk,10:45,,dubbing,2026-09-07T14:03:11.481701
2026-09-07,poniedzialek,gdańsk,Spider-Man. Całkiem nowy dzień (dubbing),Multikino Gdańsk,13:00,,dubbing,2026-09-07T14:03:11.481701
2026-09-07,poniedzialek,gdańsk,Spider-Man. Całkiem nowy dzień (dubbing),Multikino Gdańsk,14:00,,dubbing,2026-09-07T14:03:11.481701
2026-09-07,poniedzialek,gdańsk,Spider-Man. Całkiem nowy dzień (dubbing),Multikino Gdańsk,19:30,,dubbing,2026-09-07T14:03:11.481701
2026-09-07,poniedzialek,gdańsk,Sunny Dancer,Helios Gdańsk Forum,16:15,,,2026-09-07T14:03:11.481701
2026-09-07,poniedzialek,gdańsk,Sunny Dancer,Kino Kameralne Cafe w Gdańsku,15:30,,,2026-09-07T14:03:11.481701
2026-09-07,poniedzialek,gdańsk,Tony,Helios Gdańsk Forum,11:20,,,2026-09-07T14:03:11.481701
2026-09-07,poniedzialek,gdańsk,Tony,Helios Gdańsk Forum,17:00,,,2026-09-07T14:03:11.481701
2026-09-07,poniedzialek,gdańsk,Tony,Helios Gdańsk Forum,18:45,,,2026-09-07T14:03:11.481701
2026-09-07,poniedzialek,gdańsk,Tony,Helios Gdańsk Metropolia,19:45,,,2026-09-07T14:03:11.481701
2026-09-07,poniedzialek,gdańsk,Tony,Kino Kameralne Cafe w Gdańsku,20:30,,,2026-09-07T14:03:11.481701
2026-09-07,poniedzialek,gdańsk,Tony,Kino Żak w Gdańsku,18:00,,,2026-09-07T14:03:11.481701
2026-09-07,poniedzialek,gdańsk,Tony,Multikino Gdańsk,12:15,,,2026-09-07T14:03:11.481701
2026-09-07,poniedzialek,gdańsk,Tony,Multikino Gdańsk,14:45,,,2026-09-07T14:03:11.481701
2026-09-07,poniedzialek,gdańsk,Tony,Multikino Gdańsk,17:15,,,2026-09-07T14:03:11.481701
2026-09-07,poniedzialek,gdańsk,Tony,Multikino Gdańsk,18:40,,,2026-09-07T14:03:11.481701
2026-09-07,poniedzialek,gdańsk,Vaiana (dubbing),Multikino Gdańsk,10:00,,dubbing,2026-09-07T14:03:11.481701
2026-09-07,poniedzialek,gdańsk,Vivaldi i ja,Kino Żak w Gdańsku,20:00,,,2026-09-07T14:03:11.481701
2026-09-07,poniedzialek,gdańsk,Zróbmy sobie przerwę,Helios Gdańsk Forum,15:50,,,2026-09-07T14:03:11.481701
2026-09-07,poniedzialek,łódź,100 dni: Misja Zeus,Cinema City Łódź Manufaktura,18:30,,,2026-09-07T14:03:13.813282
2026-09-07,poniedzialek,łódź,100 dni: Misja Zeus,Helios Łódź,18:30,,,2026-09-07T14:03:13.813282
2026-09-07,poniedzialek,łódź,100 dni: Misja Zeus,Multikino Silver Screen Łódź,18:30,,,2026-09-07T14:03:13.813282
2026-09-07,poniedzialek,łódź,500 mil,Cinema City Łódź Manufaktura,16:20,,,2026-09-07T14:03:13.813282
2026-09-07,poniedzialek,łódź,500 mil,Cinema City Łódź Manufaktura,18:40,,,2026-09-07T14:03:13.813282
2026-09-07,poniedzialek,łódź,500 mil,Cinema City Łódź Manufaktura,21:00,,,2026-09-07T14:03:13.813282
2026-09-07,poniedzialek,łódź,500 mil,Helios Łódź,20:50,,,2026-09-07T14:03:13.813282
2026-09-07,poniedzialek,łódź,500 mil,Kino Charlie w Łodzi,17:25,,,2026-09-07T14:03:13.813282
2026-09-07,poniedzialek,łódź,500 mil,Multikino Silver Screen Łódź,17:30,,,2026-09-07T14:03:13.813282
2026-09-07,poniedzialek,łódź,André Rieu. Niech żyje Maastricht!,Helios Łódź,18:00,,,2026-09-07T14:03:13.813282
2026-09-07,poniedzialek,łódź,Arek.Mama.Panorama,Kino Charlie w Łodzi,19:00,,,2026-09-07T14:03:13.813282
2026-09-07,poniedzialek,łódź,Asterix i Obelix: Misja Kleopatra,Kino Charlie w Łodzi,16:55,,,2026-09-07T14:03:13.813282
2026-09-07,poniedzialek,łódź,Asterix i Obelix: Misja Kleopatra (dubbing),Cinema City Łódź Manufaktura,15:10,,dubbing,2026-09-07T14:03:13.813282
2026-09-07,poniedzialek,łódź,Asterix i Obelix: Misja Kleopatra (dubbing),Cinema City Łódź Manufaktura,17:50,,dubbing,2026-09-07T14:03:13.813282
2026-09-07,poniedzialek,łódź,Asterix i Obelix: Misja Kleopatra (dubbing),Multikino Silver Screen Łódź,10:45,,dubbing,2026-09-07T14:03:13.813282
2026-09-07,poniedzialek,łódź,Asterix i Obelix: Misja Kleopatra (dubbing),Multikino Silver Screen Łódź,17:40,,dubbing,2026-09-07T14:03:13.813282
2026-09-07,poniedzialek,łódź,Auta,Cinema City Łódź Manufaktura,10:30,,,2026-09-07T14:03:13.813282
2026-09-07,poniedzialek,łódź,Auta,Cinema City Łódź Manufaktura,11:40,,,2026-09-07T14:03:13.813282
2026-09-07,poniedzialek,łódź,Auta,Cinema City Łódź Manufaktura,14:20,,,2026-09-07T14:03:13.813282
2026-09-07,poniedzialek,łódź,Auta,Cinema City Łódź Manufaktura,16:20,,,2026-09-07T14:03:13.813282
2026-09-07,poniedzialek,łódź,Auta,Cinema City Łódź Manufaktura,17:00,,,2026-09-07T14:03:13.813282
2026-09-07,poniedzialek,łódź,Auta,Multikino Silver Screen Łódź,10:20,,,2026-09-07T14:03:13.813282
2026-09-07,poniedzialek,łódź,Auta,Multikino Silver Screen Łódź,12:15,,,2026-09-07T14:03:13.813282
2026-09-07,poniedzialek,łódź,Auta,Multikino Silver Screen Łódź,15:00,,,2026-09-07T14:03:13.813282
2026-09-07,poniedzialek,łódź,Auta,Multikino Silver Screen Łódź,17:45,,,2026-09-07T14:03:13.813282
2026-09-07,poniedzialek,łódź,Buntownik,Helios Łódź,12:40,,,2026-09-07T14:03:13.813282
2026-09-07,poniedzialek,łódź,Buntownik,Helios Łódź,19:30,,,2026-09-07T14:03:13.813282
2026-09-07,poniedzialek,łódź,Drugie życie,Kino Charlie w Łodzi,15:30,,,2026-09-07T14:03:13.813282
2026-09-07,poniedzialek,łódź,Flavia de Luce (dubbing),Cinema City Łódź Manufaktura,10:00,,dubbing,2026-09-07T14:03:13.813282
2026-09-07,poniedzialek,łódź,Gorzkie święta,Cinema City Łódź Manufaktura,11:30,,,2026-09-07T14:03:13.813282
2026-09-07,poniedzialek,łódź,Gorzkie święta,Helios Łódź,15:00,,,2026-09-07T14:03:13.813282
2026-09-07,poniedzialek,łódź,Gorzkie święta,Kino Charlie w Łodzi,15:45,,,2026-09-07T14:03:13.813282
2026-09-07,poniedzialek,łódź,Gorzkie święta,Kino Charlie w Łodzi,18:00,,,2026-09-07T14:03:13.813282
2026-09-07,poniedzialek,łódź,Gorzkie święta,Kino Charlie w Łodzi,20:15,,,2026-09-07T14:03:13.813282
2026-09-07,poniedzialek,łódź,Gorzkie święta,Kino Kinematograf w Muzeum Kinematografii w Łodzi,20:15,,,2026-09-07T14:03:13.813282
2026-09-07,poniedzialek,łódź,Gorzkie święta,Multikino Silver Screen Łódź,12:35,,,2026-09-07T14:03:13.813282
2026-09-07,poniedzialek,łódź,Gorzkie święta,Multikino Silver Screen Łódź,20:00,,,2026-09-07T14:03:13.813282
2026-09-07,poniedzialek,łódź,Gwiazdozbiór Psa,Cinema City Łódź Manufaktura,10:00,,,2026-09-07T14:03:13.813282
2026-09-07,poniedzialek,łódź,Gwiazdozbiór Psa,Cinema City Łódź Manufaktura,10:40,,,2026-09-07T14:03:13.813282
2026-09-07,poniedzialek,łódź,Gwiazdozbiór Psa,Cinema City Łódź Manufaktura,12:40,,,2026-09-07T14:03:13.813282
2026-09-07,poniedzialek,łódź,Gwiazdozbiór Psa,Cinema City Łódź Manufaktura,15:20,,,2026-09-07T14:03:13.813282
2026-09-07,poniedzialek,łódź,Gwiazdozbiór Psa,Cinema City Łódź Manufaktura,18:00,,,2026-09-07T14:03:13.813282
2026-09-07,poniedzialek,łódź,Gwiazdozbiór Psa,Cinema City Łódź Manufaktura,20:40,,,2026-09-07T14:03:13.813282
2026-09-07,poniedzialek,łódź,Gwiazdozbiór Psa,Cinema City Łódź Manufaktura,22:20,,,2026-09-07T14:03:13.813282
2026-09-07,poniedzialek,łódź,Gwiazdozbiór Psa,Cinema City Łódź Manufaktura IMAX,21:50,,,2026-09-07T14:03:13.813282
2026-09-07,poniedzialek,łódź,Gwiazdozbiór Psa,Helios Łódź,14:15,,,2026-09-07T14:03:13.813282
2026-09-07,poniedzialek,łódź,Gwiazdozbiór Psa,Helios Łódź,16:45,,,2026-09-07T14:03:13.813282
2026-09-07,poniedzialek,łódź,Gwiazdozbiór Psa,Helios Łódź,21:10,,,2026-09-07T14:03:13.813282
2026-09-07,poniedzialek,łódź,Gwiazdozbiór Psa,Kino Charlie w Łodzi,15:30,,,2026-09-07T14:03:13.813282
2026-09-07,poniedzialek,łódź,Gwiazdozbiór Psa,Multikino Silver Screen Łódź,15:45,,,2026-09-07T14:03:13.813282
2026-09-07,poniedzialek,łódź,Gwiazdozbiór Psa,Multikino Silver Screen Łódź,19:55,,,2026-09-07T14:03:13.813282
2026-09-07,poniedzialek,łódź,Historie równoległe,Kino Charlie w Łodzi,19:30,,,2026-09-07T14:03:13.813282
2026-09-07,poniedzialek,łódź,Homo sapiens?,Kino Charlie w Łodzi,15:15,,,2026-09-07T14:03:13.813282
2026-09-07,poniedzialek,łódź,Julia Pirotte. Piękno i siła,Kino Charlie w Łodzi,18:30,,,2026-09-07T14:03:13.813282
2026-09-07,poniedzialek,łódź,Krajobraz po bitwie,Kino Charlie w Łodzi,19:00,,,2026-09-07T14:03:13.813282
2026-09-07,poniedzialek,łódź,Księga pustyni,Helios Łódź,11:10,,,2026-09-07T14:03:13.813282
2026-09-07,poniedzialek,łódź,Księga pustyni,Helios Łódź,13:20,,,2026-09-07T14:03:13.813282
2026-09-07,poniedzialek,łódź,Księga pustyni,Helios Łódź,15:40,,,2026-09-07T14:03:13.813282
2026-09-07,poniedzialek,łódź,Księga pustyni,Kino Charlie w Łodzi,15:00,,,2026-09-07T14:03:13.813282
2026-09-07,poniedzialek,łódź,Księga pustyni (dubbing),Cinema City Łódź Manufaktura,10:50,,dubbing,2026-09-07T14:03:13.813282
2026-09-07,poniedzialek,łódź,Księga pustyni (dubbing),Cinema City Łódź Manufaktura,13:00,,dubbing,2026-09-07T14:03:13.813282
2026-09-07,poniedzialek,łódź,Księga pustyni (dubbing),Multikino Silver Screen Łódź,11:35,,dubbing,2026-09-07T14:03:13.813282
2026-09-07,poniedzialek,łódź,Ktoś całkiem obcy,Cinema City Łódź Manufaktura,19:40,,,2026-09-07T14:03:13.813282
2026-09-07,poniedzialek,łódź,La Grazia,Kino Charlie w Łodzi,20:00,,,2026-09-07T14:03:13.813282
2026-09-07,poniedzialek,łódź,"Miłość, śmierć i dojrzewanie na Obozie Miasma",Cinema City Łódź Manufaktura,20:30,,,2026-09-07T14:03:13.813282
2026-09-07,poniedzialek,łódź,"Miłość, śmierć i dojrzewanie na Obozie Miasma",Kino Charlie w Łodzi,17:00,,,2026-09-07T14:03:13.813282
2026-09-07,poniedzialek,łódź,"Miłość, śmierć i dojrzewanie na Obozie Miasma",Multikino Silver Screen Łódź,18:30,,,2026-09-07T14:03:13.813282
2026-09-07,poniedzialek,łódź,Minionki i straszydła (dubbing),Cinema City Łódź Manufaktura,12:10,,dubbing,2026-09-07T14:03:13.813282
2026-09-07,poniedzialek,łódź,Minionki i straszydła (dubbing),Cinema City Łódź Manufaktura,14:15,,dubbing,2026-09-07T14:03:13.813282
2026-09-07,poniedzialek,łódź,Minionki i straszydła (dubbing),Helios Łódź,11:20,,dubbing,2026-09-07T14:03:13.813282
2026-09-07,poniedzialek,łódź,Minionki i straszydła (dubbing),Multikino Silver Screen Łódź,10:10,,dubbing,2026-09-07T14:03:13.813282
2026-09-07,poniedzialek,łódź,Minionki i straszydła (dubbing),Multikino Silver Screen Łódź,13:35,,dubbing,2026-09-07T14:03:13.813282
2026-09-07,poniedzialek,łódź,Mira,Kino Charlie w Łodzi,16:00,,,2026-09-07T14:03:13.813282
2026-09-07,poniedzialek,łódź,Młodsza siostra,Kino Charlie w Łodzi,20:15,,,2026-09-07T14:03:13.813282
2026-09-07,poniedzialek,łódź,Naznaczony: Wyjście z mrocznego wymiaru,Cinema City Łódź Manufaktura,13:30,,,2026-09-07T14:03:13.813282
2026-09-07,poniedzialek,łódź,Naznaczony: Wyjście z mrocznego wymiaru,Cinema City Łódź Manufaktura,16:00,,,2026-09-07T14:03:13.813282
2026-09-07,poniedzialek,łódź,Naznaczony: Wyjście z mrocznego wymiaru,Cinema City Łódź Manufaktura,18:30,,,2026-09-07T14:03:13.813282
2026-09-07,poniedzialek,łódź,Naznaczony: Wyjście z mrocznego wymiaru,Cinema City Łódź Manufaktura,21:00,,,2026-09-07T14:03:13.813282
2026-09-07,poniedzialek,łódź,Naznaczony: Wyjście z mrocznego wymiaru,Cinema City Łódź Manufaktura,22:00,,,2026-09-07T14:03:13.813282
2026-09-07,poniedzialek,łódź,Naznaczony: Wyjście z mrocznego wymiaru,Cinema City Łódź Manufaktura,22:30,,,2026-09-07T14:03:13.813282
2026-09-07,poniedzialek,łódź,Naznaczony: Wyjście z mrocznego wymiaru,Helios Łódź,11:50,,,2026-09-07T14:03:13.813282
2026-09-07,poniedzialek,łódź,Naznaczony: Wyjście z mrocznego wymiaru,Helios Łódź,15:30,,,2026-09-07T14:03:13.813282
2026-09-07,poniedzialek,łódź,Naznaczony: Wyjście z mrocznego wymiaru,Helios Łódź,21:45,,,2026-09-07T14:03:13.813282
2026-09-07,poniedzialek,łódź,Naznaczony: Wyjście z mrocznego wymiaru,Multikino Silver Screen Łódź,20:50,,,2026-09-07T14:03:13.813282
2026-09-07,poniedzialek,łódź,Nie patrz w dół 2,Cinema City Łódź Manufaktura,15:10,,,2026-09-07T14:03:13.813282
2026-09-07,poniedzialek,łódź,Nie patrz w dół 2,Cinema City Łódź Manufaktura,17:30,,,2026-09-07T14:03:13.813282
2026-09-07,poniedzialek,łódź,Nie patrz w dół 2,Cinema City Łódź Manufaktura,19:50,,,2026-09-07T14:03:13.813282
2026-09-07,poniedzialek,łódź,Nie patrz w dół 2,Cinema City Łódź Manufaktura,22:10,,,2026-09-07T14:03:13.813282
2026-09-07,poniedzialek,łódź,Nie patrz w dół 2,Helios Łódź,13:30,,,2026-09-07T14:03:13.813282
2026-09-07,poniedzialek,łódź,Nie patrz w dół 2,Helios Łódź,18:20,,,2026-09-07T14:03:13.813282
2026-09-07,poniedzialek,łódź,Nie patrz w dół 2,Helios Łódź,21:45,,,2026-09-07T14:03:13.813282
2026-09-07,poniedzialek,łódź,Nie patrz w dół 2,Multikino Silver Screen Łódź,13:05,,,2026-09-07T14:03:13.813282
2026-09-07,poniedzialek,łódź,Nie patrz w dół 2,Multikino Silver Screen Łódź,16:20,,,2026-09-07T14:03:13.813282
2026-09-07,poniedzialek,łódź,Nie patrz w dół 2,Multikino Silver Screen Łódź,18:40,,,2026-09-07T14:03:13.813282
2026-09-07,poniedzialek,łódź,Nie patrz w dół 2,Multikino Silver Screen Łódź,21:00,,,2026-09-07T14:03:13.813282
2026-09-07,poniedzialek,łódź,Niesamowite przygody skarpetek 3. Ale kosmos!,Kino Charlie w Łodzi,15:00,,,2026-09-07T14:03:13.813282
2026-09-07,poniedzialek,łódź,O czym sobie nie mówimy,Kino Charlie w Łodzi,20:10,,,2026-09-07T14:03:13.813282
2026-09-07,poniedzialek,łódź,Odyseja,Cinema City Łódź Manufaktura,11:10,,,2026-09-07T14:03:13.813282
2026-09-07,poniedzialek,łódź,Odyseja,Cinema City Łódź Manufaktura,14:50,,,2026-09-07T14:03:13.813282
2026-09-07,poniedzialek,łódź,Odyseja,Cinema City Łódź Manufaktura,15:50,,,2026-09-07T14:03:13.813282
2026-09-07,poniedzialek,łódź,Odyseja,Cinema City Łódź Manufaktura,20:15,,,2026-09-07T14:03:13.813282
2026-09-07,poniedzialek,łódź,Odyseja,Cinema City Łódź Manufaktura IMAX,11:00,,,2026-09-07T14:03:13.813282
2026-09-07,poniedzialek,łódź,Odyseja,Cinema City Łódź Manufaktura IMAX,14:40,,,2026-09-07T14:03:13.813282
2026-09-07,poniedzialek,łódź,Odyseja,Cinema City Łódź Manufaktura IMAX,18:20,,,2026-09-07T14:03:13.813282
2026-09-07,poniedzialek,łódź,Odyseja,Helios Łódź,13:15,,,2026-09-07T14:03:13.813282
2026-09-07,poniedzialek,łódź,Odyseja,Helios Łódź,17:50,,,2026-09-07T14:03:13.813282
2026-09-07,poniedzialek,łódź,Odyseja,Helios Łódź,20:00,,,2026-09-07T14:03:13.813282
2026-09-07,poniedzialek,łódź,Odyseja,Multikino Silver Screen Łódź,11:05,,,2026-09-07T14:03:13.813282
2026-09-07,poniedzialek,łódź,Odyseja,Multikino Silver Screen Łódź,13:50,,,2026-09-07T14:03:13.813282
2026-09-07,poniedzialek,łódź,Odyseja,Multikino Silver Screen Łódź,14:40,,,2026-09-07T14:03:13.813282
2026-09-07,poniedzialek,łódź,Odyseja,Multikino Silver Screen Łódź,19:45,,,2026-09-07T14:03:13.813282
2026-09-07,poniedzialek,łódź,Odzyskany,Kino Charlie w Łodzi,15:30,,,2026-09-07T14:03:13.813282
2026-09-07,poniedzialek,łódź,Ojczyzna,Kino Charlie w Łodzi,17:50,,,2026-09-07T14:03:13.813282
2026-09-07,poniedzialek,łódź,Opętanie,Kino Kinematograf w Muzeum Kinematografii w Łodzi,17:00,,,2026-09-07T14:03:13.813282
2026-09-07,poniedzialek,łódź,Psi Patrol i dinozaury,Helios Łódź,11:00,,,2026-09-07T14:03:13.813282
2026-09-07,poniedzialek,łódź,Psi Patrol i dinozaury,Helios Łódź,13:10,,,2026-09-07T14:03:13.813282
2026-09-07,poniedzialek,łódź,Psi Patrol i dinozaury,Helios Łódź,15:30,,,2026-09-07T14:03:13.813282
2026-09-07,poniedzialek,łódź,Psi Patrol i dinozaury,Helios Łódź,17:40,,,2026-09-07T14:03:13.813282
2026-09-07,poniedzialek,łódź,Psi Patrol i dinozaury (dubbing),Cinema City Łódź Manufaktura,11:30,,dubbing,2026-09-07T14:03:13.813282
2026-09-07,poniedzialek,łódź,Psi Patrol i dinozaury (dubbing),Cinema City Łódź Manufaktura,13:45,,dubbing,2026-09-07T14:03:13.813282
2026-09-07,poniedzialek,łódź,Psi Patrol i dinozaury (dubbing),Multikino Silver Screen Łódź,10:10,,dubbing,2026-09-07T14:03:13.813282
2026-09-07,poniedzialek,łódź,Psi Patrol i dinozaury (dubbing),Multikino Silver Screen Łódź,15:25,,dubbing,2026-09-07T14:03:13.813282
2026-09-07,poniedzialek,łódź,Pucio kocha zwierzaki,Cinema City Łódź Manufaktura,10:30,,,2026-09-07T14:03:13.813282
2026-09-07,poniedzialek,łódź,Pucio kocha zwierzaki,Cinema City Łódź Manufaktura,12:00,,,2026-09-07T14:03:13.813282
2026-09-07,poniedzialek,łódź,Pucio kocha zwierzaki,Cinema City Łódź Manufaktura,13:30,,,2026-09-07T14:03:13.813282
2026-09-07,poniedzialek,łódź,Pucio kocha zwierzaki,Cinema City Łódź Manufaktura,15:00,,,2026-09-07T14:03:13.813282
2026-09-07,poniedzialek,łódź,Pucio kocha zwierzaki,Helios Łódź,11:55,,,2026-09-07T14:03:13.813282
2026-09-07,poniedzialek,łódź,Pucio kocha zwierzaki,Helios Łódź,14:00,,,2026-09-07T14:03:13.813282
2026-09-07,poniedzialek,łódź,Pucio kocha zwierzaki,Kino Charlie w Łodzi,17:35,,,2026-09-07T14:03:13.813282
2026-09-07,poniedzialek,łódź,Pucio kocha zwierzaki,Multikino Silver Screen Łódź,10:00,,,2026-09-07T14:03:13.813282
2026-09-07,poniedzialek,łódź,Pucio kocha zwierzaki,Multikino Silver Screen Łódź,11:05,,,2026-09-07T14:03:13.813282
2026-09-07,poniedzialek,łódź,Pucio kocha zwierzaki,Multikino Silver Screen Łódź,12:20,,,2026-09-07T14:03:13.813282
2026-09-07,poniedzialek,łódź,Spa Weekend,Cinema City Łódź Manufaktura,12:50,,,2026-09-07T14:03:13.813282
2026-09-07,poniedzialek,łódź,Spa Weekend,Cinema City Łódź Manufaktura,18:10,,,2026-09-07T14:03:13.813282
2026-09-07,poniedzialek,łódź,Spa Weekend,Cinema City Łódź Manufaktura,20:40,,,2026-09-07T14:03:13.813282
2026-09-07,poniedzialek,łódź,Spa Weekend,Helios Łódź,13:50,,,2026-09-07T14:03:13.813282
2026-09-07,poniedzialek,łódź,Spa Weekend,Helios Łódź,19:30,,,2026-09-07T14:03:13.813282
2026-09-07,poniedzialek,łódź,Spa Weekend,Helios Łódź,21:20,,,2026-09-07T14:03:13.813282
2026-09-07,poniedzialek,łódź,Spa Weekend,Kino Charlie w Łodzi,15:55,,,2026-09-07T14:03:13.813282
2026-09-07,poniedzialek,łódź,Spa Weekend,Multikino Silver Screen Łódź,11:40,,,2026-09-07T14:03:13.813282
2026-09-07,poniedzialek,łódź,Spa Weekend,Multikino Silver Screen Łódź,14:00,,,2026-09-07T14:03:13.813282
2026-09-07,poniedzialek,łódź,Spa Weekend,Multikino Silver Screen Łódź,18:30,,,2026-09-07T14:03:13.813282
2026-09-07,poniedzialek,łódź,Spa Weekend,Multikino Silver Screen Łódź,21:00,,,2026-09-07T14:03:13.813282
2026-09-07,poniedzialek,łódź,Spider-Man. Całkiem nowy dzień,Cinema City Łódź Manufaktura,10:30,,,2026-09-07T14:03:13.813282
2026-09-07,poniedzialek,łódź,Spider-Man. Całkiem nowy dzień,Cinema City Łódź Manufaktura,13:40,,,2026-09-07T14:03:13.813282
2026-09-07,poniedzialek,łódź,Spider-Man. Całkiem nowy dzień,Cinema City Łódź Manufaktura,19:20,,,2026-09-07T14:03:13.813282
2026-09-07,poniedzialek,łódź,Spider-Man. Całkiem nowy dzień,Cinema City Łódź Manufaktura,20:00,,,2026-09-07T14:03:13.813282
2026-09-07,poniedzialek,łódź,Spider-Man. Całkiem nowy dzień,Helios Łódź,11:00,,,2026-09-07T14:03:13.813282
2026-09-07,poniedzialek,łódź,Spider-Man. Całkiem nowy dzień,Helios Łódź,12:20,,,2026-09-07T14:03:13.813282
2026-09-07,poniedzialek,łódź,Spider-Man. Całkiem nowy dzień,Helios Łódź,15:20,,,2026-09-07T14:03:13.813282
2026-09-07,poniedzialek,łódź,Spider-Man. Całkiem nowy dzień,Helios Łódź,17:30,,,2026-09-07T14:03:13.813282
2026-09-07,poniedzialek,łódź,Spider-Man. Całkiem nowy dzień,Helios Łódź,20:40,,,2026-09-07T14:03:13.813282
2026-09-07,poniedzialek,łódź,Spider-Man. Całkiem nowy dzień,Helios Łódź,21:30,,,2026-09-07T14:03:13.813282
2026-09-07,poniedzialek,łódź,Spider-Man. Całkiem nowy dzień,Multikino Silver Screen Łódź,14:00,,,2026-09-07T14:03:13.813282
2026-09-07,poniedzialek,łódź,Spider-Man. Całkiem nowy dzień,Multikino Silver Screen Łódź,17:15,,,2026-09-07T14:03:13.813282
2026-09-07,poniedzialek,łódź,Spider-Man. Całkiem nowy dzień,Multikino Silver Screen Łódź,20:25,,,2026-09-07T14:03:13.813282
2026-09-07,poniedzialek,łódź,Spider-Man. Całkiem nowy dzień (dubbing),Cinema City Łódź Manufaktura,11:50,,dubbing,2026-09-07T14:03:13.813282
2026-09-07,poniedzialek,łódź,Spider-Man. Całkiem nowy dzień (dubbing),Cinema City Łódź Manufaktura,15:00,,dubbing,2026-09-07T14:03:13.813282
2026-09-07,poniedzialek,łódź,Spider-Man. Całkiem nowy dzień (dubbing),Cinema City Łódź Manufaktura,16:50,,dubbing,2026-09-07T14:03:13.813282
2026-09-07,poniedzialek,łódź,Spider-Man. Całkiem nowy dzień (dubbing),Multikino Silver Screen Łódź,10:45,,dubbing,2026-09-07T14:03:13.813282
2026-09-07,poniedzialek,łódź,Spider-Man. Całkiem nowy dzień (dubbing),Multikino Silver Screen Łódź,13:00,,dubbing,2026-09-07T14:03:13.813282
2026-09-07,poniedzialek,łódź,Spider-Man. Całkiem nowy dzień (dubbing),Multikino Silver Screen Łódź,15:15,,dubbing,2026-09-07T14:03:13.813282
2026-09-07,poniedzialek,łódź,Spider-Man. Całkiem nowy dzień (dubbing),Multikino Silver Screen Łódź,16:15,,dubbing,2026-09-07T14:03:13.813282
2026-09-07,poniedzialek,łódź,Spider-Man. Całkiem nowy dzień (dubbing),Multikino Silver Screen Łódź,19:30,,dubbing,2026-09-07T14:03:13.813282
2026-09-07,poniedzialek,łódź,Spider-Man. Całkiem nowy dzień 3D,Cinema City Łódź Manufaktura,17:30,3D,,2026-09-07T14:03:13.813282
2026-09-07,poniedzialek,łódź,Spider-Man. Całkiem nowy dzień 3D (dubbing),Cinema City Łódź Manufaktura,13:10,3D,dubbing,2026-09-07T14:03:13.813282
2026-09-07,poniedzialek,łódź,Spider-Man. Całkiem nowy dzień 3D (dubbing),Cinema City Łódź Manufaktura,14:20,3D,dubbing,2026-09-07T14:03:13.813282
2026-09-07,poniedzialek,łódź,Sunny Dancer,Helios Łódź,16:15,,,2026-09-07T14:03:13.813282
2026-09-07,poniedzialek,łódź,Terminator 2: Dzień sądu,Cinema City Łódź Manufaktura,16:30,,,2026-09-07T14:03:13.813282
2026-09-07,poniedzialek,łódź,Terminator 2: Dzień sądu,Cinema City Łódź Manufaktura,19:00,,,2026-09-07T14:03:13.813282
2026-09-07,poniedzialek,łódź,Terminator 2: Dzień sądu,Cinema City Łódź Manufaktura,19:40,,,2026-09-07T14:03:13.813282
2026-09-07,poniedzialek,łódź,Tony,Cinema City Łódź Manufaktura,14:00,,,2026-09-07T14:03:13.813282
2026-09-07,poniedzialek,łódź,Tony,Cinema City Łódź Manufaktura,16:30,,,2026-09-07T14:03:13.813282
2026-09-07,poniedzialek,łódź,Tony,Cinema City Łódź Manufaktura,19:00,,,2026-09-07T14:03:13.813282
2026-09-07,poniedzialek,łódź,Tony,Cinema City Łódź Manufaktura,21:30,,,2026-09-07T14:03:13.813282
2026-09-07,poniedzialek,łódź,Tony,Helios Łódź,11:30,,,2026-09-07T14:03:13.813282
2026-09-07,poniedzialek,łódź,Tony,Helios Łódź,17:00,,,2026-09-07T14:03:13.813282
2026-09-07,poniedzialek,łódź,Tony,Helios Łódź,18:45,,,2026-09-07T14:03:13.813282
2026-09-07,poniedzialek,łódź,Tony,Kino Charlie w Łodzi,18:00,,,2026-09-07T14:03:13.813282
2026-09-07,poniedzialek,łódź,Tony,Multikino Silver Screen Łódź,12:15,,,2026-09-07T14:03:13.813282
2026-09-07,poniedzialek,łódź,Tony,Multikino Silver Screen Łódź,14:45,,,2026-09-07T14:03:13.813282
2026-09-07,poniedzialek,łódź,Tony,Multikino Silver Screen Łódź,17:15,,,2026-09-07T14:03:13.813282
2026-09-07,poniedzialek,łódź,Tony,Multikino Silver Screen Łódź,20:25,,,2026-09-07T14:03:13.813282
2026-09-07,poniedzialek,łódź,Toy Story 5 (dubbing),Multikino Silver Screen Łódź,10:00,,dubbing,2026-09-07T14:03:13.813282
2026-09-07,poniedzialek,łódź,Vaiana (dubbing),Cinema City Łódź Manufaktura,10:10,,dubbing,2026-09-07T14:03:13.813282
2026-09-07,poniedzialek,łódź,Vivaldi i ja,Cinema City Łódź Manufaktura,11:50,,,2026-09-07T14:03:13.813282
2026-09-07,poniedzialek,łódź,Wszyscy moi wrogowie,Kino Charlie w Łodzi,19:40,,,2026-09-07T14:03:13.813282
2026-09-07,poniedzialek,łódź,Zaproszenie,Kino Charlie w Łodzi,18:00,,,2026-09-07T14:03:13.813282
2026-09-07,poniedzialek,łódź,Zaproszenie,Kino Charlie w Łodzi,20:15,,,2026-09-07T14:03:13.813282
2026-09-07,poniedzialek,łódź,Zróbmy sobie przerwę,Helios Łódź,15:50,,,2026-09-07T14:03:13.813282
2026-09-07,poniedzialek,szczecin,100 dni: Misja Zeus,Helios Szczecin CHR Kupiec,18:30,,,2026-09-07T14:03:17.136048
2026-09-07,poniedzialek,szczecin,100 dni: Misja Zeus,Helios Szczecin Outlet Park,18:30,,,2026-09-07T14:03:17.136048
2026-09-07,poniedzialek,szczecin,100 dni: Misja Zeus,Multikino Szczecin,18:30,,,2026-09-07T14:03:17.136048
2026-09-07,poniedzialek,szczecin,500 mil,Helios Szczecin Outlet Park,12:30,,,2026-09-07T14:03:17.136048
2026-09-07,poniedzialek,szczecin,500 mil,Helios Szczecin Outlet Park,17:10,,,2026-09-07T14:03:17.136048
2026-09-07,poniedzialek,szczecin,500 mil,Kino Pionier 1907 w Szczecinie,17:00,,,2026-09-07T14:03:17.136048
2026-09-07,poniedzialek,szczecin,André Rieu. Niech żyje Maastricht!,Helios Szczecin CHR Kupiec,18:00,,,2026-09-07T14:03:17.136048
2026-09-07,poniedzialek,szczecin,André Rieu. Niech żyje Maastricht!,Helios Szczecin Outlet Park,18:00,,,2026-09-07T14:03:17.136048
2026-09-07,poniedzialek,szczecin,Asterix i Obelix: Misja Kleopatra (dubbing),Multikino Szczecin,15:45,,dubbing,2026-09-07T14:03:17.136048
2026-09-07,poniedzialek,szczecin,Asterix i Obelix: Misja Kleopatra (dubbing),Multikino Szczecin,17:55,,dubbing,2026-09-07T14:03:17.136048
2026-09-07,poniedzialek,szczecin,Auta,Multikino Szczecin,11:45,,,2026-09-07T14:03:17.136048
2026-09-07,poniedzialek,szczecin,Auta,Multikino Szczecin,14:30,,,2026-09-07T14:03:17.136048
2026-09-07,poniedzialek,szczecin,Auta,Multikino Szczecin,17:15,,,2026-09-07T14:03:17.136048
2026-09-07,poniedzialek,szczecin,Gorzkie święta,Kino Pionier 1907 w Szczecinie,19:15,,,2026-09-07T14:03:17.136048
2026-09-07,poniedzialek,szczecin,Gorzkie święta,Multikino Szczecin,20:00,,,2026-09-07T14:03:17.136048
2026-09-07,poniedzialek,szczecin,Gwiazdozbiór Psa,Helios Szczecin CHR Kupiec,15:00,,,2026-09-07T14:03:17.136048
2026-09-07,poniedzialek,szczecin,Gwiazdozbiór Psa,Helios Szczecin Outlet Park,15:30,,,2026-09-07T14:03:17.136048
2026-09-07,poniedzialek,szczecin,Gwiazdozbiór Psa,Helios Szczecin Outlet Park,20:10,,,2026-09-07T14:03:17.136048
2026-09-07,poniedzialek,szczecin,Gwiazdozbiór Psa,Multikino Szczecin,20:05,,,2026-09-07T14:03:17.136048
2026-09-07,poniedzialek,szczecin,Gwiazdozbiór Psa,Multikino Szczecin,20:30,,,2026-09-07T14:03:17.136048
2026-09-07,poniedzialek,szczecin,Księga pustyni,Helios Szczecin Outlet Park,12:10,,,2026-09-07T14:03:17.136048
2026-09-07,poniedzialek,szczecin,Księga pustyni (dubbing),Multikino Szczecin,11:05,,dubbing,2026-09-07T14:03:17.136048
2026-09-07,poniedzialek,szczecin,Księga pustyni (dubbing),Multikino Szczecin,13:20,,dubbing,2026-09-07T14:03:17.136048
2026-09-07,poniedzialek,szczecin,"Miłość, śmierć i dojrzewanie w Camp Miasma",Kino Pionier 1907 w Szczecinie,20:00,,,2026-09-07T14:03:17.136048
2026-09-07,poniedzialek,szczecin,Minionki i straszydła (dubbing),Helios Szczecin CHR Kupiec,12:45,,dubbing,2026-09-07T14:03:17.136048
2026-09-07,poniedzialek,szczecin,Minionki i straszydła (dubbing),Helios Szczecin CHR Kupiec,16:15,,dubbing,2026-09-07T14:03:17.136048
2026-09-07,poniedzialek,szczecin,Minionki i straszydła (dubbing),Helios Szczecin Outlet Park,13:10,,dubbing,2026-09-07T14:03:17.136048
2026-09-07,poniedzialek,szczecin,Minionki i straszydła (dubbing),Multikino Szczecin,10:10,,dubbing,2026-09-07T14:03:17.136048
2026-09-07,poniedzialek,szczecin,Minionki i straszydła (dubbing),Multikino Szczecin,12:20,,dubbing,2026-09-07T14:03:17.136048
2026-09-07,poniedzialek,szczecin,Naznaczony: Wyjście z mrocznego wymiaru,Helios Szczecin CHR Kupiec,21:10,,,2026-09-07T14:03:17.136048
2026-09-07,poniedzialek,szczecin,Naznaczony: Wyjście z mrocznego wymiaru,Helios Szczecin Outlet Park,21:30,,,2026-09-07T14:03:17.136048
2026-09-07,poniedzialek,szczecin,Naznaczony: Wyjście z mrocznego wymiaru,Multikino Szczecin,11:15,,,2026-09-07T14:03:17.136048
2026-09-07,poniedzialek,szczecin,Naznaczony: Wyjście z mrocznego wymiaru,Multikino Szczecin,13:40,,,2026-09-07T14:03:17.136048
2026-09-07,poniedzialek,szczecin,Nie patrz w dół 2,Helios Szczecin CHR Kupiec,20:00,,,2026-09-07T14:03:17.136048
2026-09-07,poniedzialek,szczecin,Nie patrz w dół 2,Helios Szczecin Outlet Park,15:40,,,2026-09-07T14:03:17.136048
2026-09-07,poniedzialek,szczecin,Nie patrz w dół 2,Helios Szczecin Outlet Park,19:40,,,2026-09-07T14:03:17.136048
2026-09-07,poniedzialek,szczecin,Nie patrz w dół 2,Multikino Szczecin,15:35,,,2026-09-07T14:03:17.136048
2026-09-07,poniedzialek,szczecin,Nie patrz w dół 2,Multikino Szczecin,17:55,,,2026-09-07T14:03:17.136048
2026-09-07,poniedzialek,szczecin,Nie patrz w dół 2,Multikino Szczecin,20:15,,,2026-09-07T14:03:17.136048
2026-09-07,poniedzialek,szczecin,Odyseja,Helios Szczecin CHR Kupiec,12:00,,,2026-09-07T14:03:17.136048
2026-09-07,poniedzialek,szczecin,Odyseja,Helios Szczecin Outlet Park,10:00,,,2026-09-07T14:03:17.136048
2026-09-07,poniedzialek,szczecin,Odyseja,Helios Szczecin Outlet Park,13:40,,,2026-09-07T14:03:17.136048
2026-09-07,poniedzialek,szczecin,Odyseja,Helios Szczecin Outlet Park,17:20,,,2026-09-07T14:03:17.136048
2026-09-07,poniedzialek,szczecin,Odyseja,Helios Szczecin Outlet Park,21:00,,,2026-09-07T14:03:17.136048
2026-09-07,poniedzialek,szczecin,Odyseja,Multikino Szczecin,16:05,,,2026-09-07T14:03:17.136048
2026-09-07,poniedzialek,szczecin,Odyseja,Multikino Szczecin,19:40,,,2026-09-07T14:03:17.136048
2026-09-07,poniedzialek,szczecin,Psi Patrol i dinozaury,Helios Szczecin CHR Kupiec,11:45,,,2026-09-07T14:03:17.136048
2026-09-07,poniedzialek,szczecin,Psi Patrol i dinozaury,Helios Szczecin CHR Kupiec,14:00,,,2026-09-07T14:03:17.136048
2026-09-07,poniedzialek,szczecin,Psi Patrol i dinozaury,Helios Szczecin CHR Kupiec,15:30,,,2026-09-07T14:03:17.136048
2026-09-07,poniedzialek,szczecin,Psi Patrol i dinozaury,Helios Szczecin Outlet Park,14:45,,,2026-09-07T14:03:17.136048
2026-09-07,poniedzialek,szczecin,Psi Patrol i dinozaury (dubbing),Multikino Szczecin,11:55,,dubbing,2026-09-07T14:03:17.136048
2026-09-07,poniedzialek,szczecin,Psi Patrol i dinozaury (dubbing),Multikino Szczecin,14:05,,dubbing,2026-09-07T14:03:17.136048
2026-09-07,poniedzialek,szczecin,Psi Patrol i dinozaury (dubbing),Multikino Szczecin,16:10,,dubbing,2026-09-07T14:03:17.136048
2026-09-07,poniedzialek,szczecin,Pucio kocha zwierzaki,Helios Szczecin CHR Kupiec,12:20,,,2026-09-07T14:03:17.136048
2026-09-07,poniedzialek,szczecin,Pucio kocha zwierzaki,Helios Szczecin Outlet Park,12:00,,,2026-09-07T14:03:17.136048
2026-09-07,poniedzialek,szczecin,Pucio kocha zwierzaki,Helios Szczecin Outlet Park,14:30,,,2026-09-07T14:03:17.136048
2026-09-07,poniedzialek,szczecin,Pucio kocha zwierzaki,Multikino Szczecin,10:40,,,2026-09-07T14:03:17.136048
2026-09-07,poniedzialek,szczecin,Pucio kocha zwierzaki,Multikino Szczecin,12:00,,,2026-09-07T14:03:17.136048
2026-09-07,poniedzialek,szczecin,Pucio kocha zwierzaki,Multikino Szczecin,13:15,,,2026-09-07T14:03:17.136048
2026-09-07,poniedzialek,szczecin,Pucio kocha zwierzaki,Multikino Szczecin,14:30,,,2026-09-07T14:03:17.136048
2026-09-07,poniedzialek,szczecin,Spa Weekend,Helios Szczecin CHR Kupiec,17:45,,,2026-09-07T14:03:17.136048
2026-09-07,poniedzialek,szczecin,Spa Weekend,Helios Szczecin Outlet Park,13:20,,,2026-09-07T14:03:17.136048
2026-09-07,poniedzialek,szczecin,Spa Weekend,Helios Szczecin Outlet Park,17:45,,,2026-09-07T14:03:17.136048
2026-09-07,poniedzialek,szczecin,Spa Weekend,Helios Szczecin Outlet Park,21:20,,,2026-09-07T14:03:17.136048
2026-09-07,poniedzialek,szczecin,Spa Weekend,Multikino Szczecin,16:05,,,2026-09-07T14:03:17.136048
2026-09-07,poniedzialek,szczecin,Spa Weekend,Multikino Szczecin,18:25,,,2026-09-07T14:03:17.136048
2026-09-07,poniedzialek,szczecin,Spa Weekend,Multikino Szczecin,20:45,,,2026-09-07T14:03:17.136048
2026-09-07,poniedzialek,szczecin,Spider-Man. Całkiem nowy dzień,Helios Szczecin CHR Kupiec,13:45,,,2026-09-07T14:03:17.136048
2026-09-07,poniedzialek,szczecin,Spider-Man. Całkiem nowy dzień,Helios Szczecin CHR Kupiec,17:00,,,2026-09-07T14:03:17.136048
2026-09-07,poniedzialek,szczecin,Spider-Man. Całkiem nowy dzień,Helios Szczecin CHR Kupiec,20:10,,,2026-09-07T14:03:17.136048
2026-09-07,poniedzialek,szczecin,Spider-Man. Całkiem nowy dzień,Helios Szczecin Outlet Park,10:40,,,2026-09-07T14:03:17.136048
2026-09-07,poniedzialek,szczecin,Spider-Man. Całkiem nowy dzień,Helios Szczecin Outlet Park,13:50,,,2026-09-07T14:03:17.136048
2026-09-07,poniedzialek,szczecin,Spider-Man. Całkiem nowy dzień,Helios Szczecin Outlet Park,15:50,,,2026-09-07T14:03:17.136048
2026-09-07,poniedzialek,szczecin,Spider-Man. Całkiem nowy dzień,Helios Szczecin Outlet Park,17:00,,,2026-09-07T14:03:17.136048
2026-09-07,poniedzialek,szczecin,Spider-Man. Całkiem nowy dzień,Helios Szczecin Outlet Park,20:20,,,2026-09-07T14:03:17.136048
2026-09-07,poniedzialek,szczecin,Spider-Man. Całkiem nowy dzień,Multikino Szczecin,17:20,,,2026-09-07T14:03:17.136048
2026-09-07,poniedzialek,szczecin,Spider-Man. Całkiem nowy dzień (dubbing),Multikino Szczecin,10:00,,dubbing,2026-09-07T14:03:17.136048
2026-09-07,poniedzialek,szczecin,Spider-Man. Całkiem nowy dzień (dubbing),Multikino Szczecin,11:00,,dubbing,2026-09-07T14:03:17.136048
2026-09-07,poniedzialek,szczecin,Spider-Man. Całkiem nowy dzień (dubbing),Multikino Szczecin,13:10,,dubbing,2026-09-07T14:03:17.136048
2026-09-07,poniedzialek,szczecin,Spider-Man. Całkiem nowy dzień (dubbing),Multikino Szczecin,14:10,,dubbing,2026-09-07T14:03:17.136048
2026-09-07,poniedzialek,szczecin,Spider-Man. Całkiem nowy dzień (dubbing),Multikino Szczecin,16:20,,dubbing,2026-09-07T14:03:17.136048
2026-09-07,poniedzialek,szczecin,Spider-Man. Całkiem nowy dzień (dubbing),Multikino Szczecin,19:30,,dubbing,2026-09-07T14:03:17.136048
2026-09-07,poniedzialek,szczecin,Terminator 2: Dzień sądu,Multikino Szczecin,13:05,,,2026-09-07T14:03:17.136048
2026-09-07,poniedzialek,szczecin,Tony,Helios Szczecin Outlet Park,12:20,,,2026-09-07T14:03:17.136048
2026-09-07,poniedzialek,szczecin,Tony,Helios Szczecin Outlet Park,19:00,,,2026-09-07T14:03:17.136048
2026-09-07,poniedzialek,szczecin,Tony,Kino Pionier 1907 w Szczecinie,18:00,,,2026-09-07T14:03:17.136048
2026-09-07,poniedzialek,szczecin,Tony,Multikino Szczecin,14:30,,,2026-09-07T14:03:17.136048
2026-09-07,poniedzialek,szczecin,Tony,Multikino Szczecin,17:00,,,2026-09-07T14:03:17.136048
2026-09-07,poniedzialek,szczecin,Tony,Multikino Szczecin,19:30,,,2026-09-07T14:03:17.136048
2026-09-07,poniedzialek,szczecin,Toy Story 5 (dubbing),Multikino Szczecin,10:40,,dubbing,2026-09-07T14:03:17.136048
2026-09-07,poniedzialek,szczecin,Zaproszenie,Kino Pionier 1907 w Szczecinie,16:00,,,2026-09-07T14:03:17.136048
2026-09-07,poniedzialek,szczecin,Zróbmy sobie przerwę,Helios Szczecin Outlet Park,15:00,,,2026-09-07T14:03:17.136048
2026-09-07,poniedzialek,bydgoszcz,100 dni: Misja Zeus,Cinema City Bydgoszcz,18:30,,,2026-09-07T14:03:19.973165
2026-09-07,poniedzialek,bydgoszcz,100 dni: Misja Zeus,Helios Bydgoszcz,18:30,,,2026-09-07T14:03:19.973165
2026-09-07,poniedzialek,bydgoszcz,100 dni: Misja Zeus,Multikino Bydgoszcz,18:30,,,2026-09-07T14:03:19.973165
2026-09-07,poniedzialek,bydgoszcz,500 mil,Cinema City Bydgoszcz,16:45,,,2026-09-07T14:03:19.973165
2026-09-07,poniedzialek,bydgoszcz,500 mil,Cinema City Bydgoszcz,19:10,,,2026-09-07T14:03:19.973165
2026-09-07,poniedzialek,bydgoszcz,500 mil,Cinema City Bydgoszcz,21:40,,,2026-09-07T14:03:19.973165
2026-09-07,poniedzialek,bydgoszcz,500 mil,Helios Bydgoszcz,09:00,,,2026-09-07T14:03:19.973165
2026-09-07,poniedzialek,bydgoszcz,500 mil,Helios Bydgoszcz,18:15,,,2026-09-07T14:03:19.973165
2026-09-07,poniedzialek,bydgoszcz,500 mil,Multikino Bydgoszcz,17:30,,,2026-09-07T14:03:19.973165
2026-09-07,poniedzialek,bydgoszcz,André Rieu. Niech żyje Maastricht!,Helios Bydgoszcz,18:00,,,2026-09-07T14:03:19.973165
2026-09-07,poniedzialek,bydgoszcz,Asterix i Obelix: Misja Kleopatra (dubbing),Cinema City Bydgoszcz,15:30,,dubbing,2026-09-07T14:03:19.973165
2026-09-07,poniedzialek,bydgoszcz,Asterix i Obelix: Misja Kleopatra (dubbing),Cinema City Bydgoszcz,18:00,,dubbing,2026-09-07T14:03:19.973165
2026-09-07,poniedzialek,bydgoszcz,Asterix i Obelix: Misja Kleopatra (dubbing),Cinema City Bydgoszcz,20:30,,dubbing,2026-09-07T14:03:19.973165
2026-09-07,poniedzialek,bydgoszcz,Asterix i Obelix: Misja Kleopatra (dubbing),Multikino Bydgoszcz,14:00,,dubbing,2026-09-07T14:03:19.973165
2026-09-07,poniedzialek,bydgoszcz,Asterix i Obelix: Misja Kleopatra (dubbing),Multikino Bydgoszcz,17:40,,dubbing,2026-09-07T14:03:19.973165
2026-09-07,poniedzialek,bydgoszcz,Auta,Cinema City Bydgoszcz,10:30,,,2026-09-07T14:03:19.973165
2026-09-07,poniedzialek,bydgoszcz,Auta,Cinema City Bydgoszcz,11:40,,,2026-09-07T14:03:19.973165
2026-09-07,poniedzialek,bydgoszcz,Auta,Cinema City Bydgoszcz,14:20,,,2026-09-07T14:03:19.973165
2026-09-07,poniedzialek,bydgoszcz,Auta,Cinema City Bydgoszcz,16:20,,,2026-09-07T14:03:19.973165
2026-09-07,poniedzialek,bydgoszcz,Auta,Cinema City Bydgoszcz,17:00,,,2026-09-07T14:03:19.973165
2026-09-07,poniedzialek,bydgoszcz,Auta,Multikino Bydgoszcz,10:15,,,2026-09-07T14:03:19.973165
2026-09-07,poniedzialek,bydgoszcz,Auta,Multikino Bydgoszcz,12:15,,,2026-09-07T14:03:19.973165
2026-09-07,poniedzialek,bydgoszcz,Auta,Multikino Bydgoszcz,15:00,,,2026-09-07T14:03:19.973165
2026-09-07,poniedzialek,bydgoszcz,Auta,Multikino Bydgoszcz,17:45,,,2026-09-07T14:03:19.973165
2026-09-07,poniedzialek,bydgoszcz,Buntownik,Multikino Bydgoszcz,12:55,,,2026-09-07T14:03:19.973165
2026-09-07,poniedzialek,bydgoszcz,Flavia de Luce (dubbing),Cinema City Bydgoszcz,10:30,,dubbing,2026-09-07T14:03:19.973165
2026-09-07,poniedzialek,bydgoszcz,Gorzkie święta,Helios Bydgoszcz,12:45,,,2026-09-07T14:03:19.973165
2026-09-07,poniedzialek,bydgoszcz,Gorzkie święta,Multikino Bydgoszcz,12:10,,,2026-09-07T14:03:19.973165
2026-09-07,poniedzialek,bydgoszcz,Gorzkie święta,Multikino Bydgoszcz,20:00,,,2026-09-07T14:03:19.973165
2026-09-07,poniedzialek,bydgoszcz,Gwiazdozbiór Psa,Cinema City Bydgoszcz,13:40,,,2026-09-07T14:03:19.973165
2026-09-07,poniedzialek,bydgoszcz,Gwiazdozbiór Psa,Cinema City Bydgoszcz,16:20,,,2026-09-07T14:03:19.973165
2026-09-07,poniedzialek,bydgoszcz,Gwiazdozbiór Psa,Cinema City Bydgoszcz,19:00,,,2026-09-07T14:03:19.973165
2026-09-07,poniedzialek,bydgoszcz,Gwiazdozbiór Psa,Cinema City Bydgoszcz,21:40,,,2026-09-07T14:03:19.973165
2026-09-07,poniedzialek,bydgoszcz,Gwiazdozbiór Psa,Helios Bydgoszcz,15:20,,,2026-09-07T14:03:19.973165
2026-09-07,poniedzialek,bydgoszcz,Gwiazdozbiór Psa,Helios Bydgoszcz,21:15,,,2026-09-07T14:03:19.973165
2026-09-07,poniedzialek,bydgoszcz,Gwiazdozbiór Psa,Multikino Bydgoszcz,11:40,,,2026-09-07T14:03:19.973165
2026-09-07,poniedzialek,bydgoszcz,Gwiazdozbiór Psa,Multikino Bydgoszcz,19:55,,,2026-09-07T14:03:19.973165
2026-09-07,poniedzialek,bydgoszcz,Koniec Ulicy Dębowej,Cinema City Bydgoszcz,21:50,,,2026-09-07T14:03:19.973165
2026-09-07,poniedzialek,bydgoszcz,Księga pustyni,Helios Bydgoszcz,12:00,,,2026-09-07T14:03:19.973165
2026-09-07,poniedzialek,bydgoszcz,Księga pustyni (dubbing),Cinema City Bydgoszcz,10:00,,dubbing,2026-09-07T14:03:19.973165
2026-09-07,poniedzialek,bydgoszcz,Księga pustyni (dubbing),Cinema City Bydgoszcz,12:15,,dubbing,2026-09-07T14:03:19.973165
2026-09-07,poniedzialek,bydgoszcz,Księga pustyni (dubbing),Cinema City Bydgoszcz,14:30,,dubbing,2026-09-07T14:03:19.973165
2026-09-07,poniedzialek,bydgoszcz,Księga pustyni (dubbing),Multikino Bydgoszcz,12:55,,dubbing,2026-09-07T14:03:19.973165
2026-09-07,poniedzialek,bydgoszcz,Ktoś całkiem obcy,Cinema City Bydgoszcz,17:00,,,2026-09-07T14:03:19.973165
2026-09-07,poniedzialek,bydgoszcz,"Miłość, śmierć i dojrzewanie na Obozie Miasma",Cinema City Bydgoszcz,19:20,,,2026-09-07T14:03:19.973165
2026-09-07,poniedzialek,bydgoszcz,Minionki i straszydła (dubbing),Cinema City Bydgoszcz,11:20,,dubbing,2026-09-07T14:03:19.973165
2026-09-07,poniedzialek,bydgoszcz,Minionki i straszydła (dubbing),Cinema City Bydgoszcz,12:40,,dubbing,2026-09-07T14:03:19.973165
2026-09-07,poniedzialek,bydgoszcz,Minionki i straszydła (dubbing),Cinema City Bydgoszcz,14:50,,dubbing,2026-09-07T14:03:19.973165
2026-09-07,poniedzialek,bydgoszcz,Minionki i straszydła (dubbing),Helios Bydgoszcz,11:20,,dubbing,2026-09-07T14:03:19.973165
2026-09-07,poniedzialek,bydgoszcz,Minionki i straszydła (dubbing),Helios Bydgoszcz,13:30,,dubbing,2026-09-07T14:03:19.973165
2026-09-07,poniedzialek,bydgoszcz,Minionki i straszydła (dubbing),Multikino Bydgoszcz,10:00,,dubbing,2026-09-07T14:03:19.973165
2026-09-07,poniedzialek,bydgoszcz,Minionki i straszydła (dubbing),Multikino Bydgoszcz,14:20,,dubbing,2026-09-07T14:03:19.973165
2026-09-07,poniedzialek,bydgoszcz,Naznaczony: Wyjście z mrocznego wymiaru,Cinema City Bydgoszcz,13:10,,,2026-09-07T14:03:19.973165
2026-09-07,poniedzialek,bydgoszcz,Naznaczony: Wyjście z mrocznego wymiaru,Cinema City Bydgoszcz,14:40,,,2026-09-07T14:03:19.973165
2026-09-07,poniedzialek,bydgoszcz,Naznaczony: Wyjście z mrocznego wymiaru,Cinema City Bydgoszcz,17:10,,,2026-09-07T14:03:19.973165
2026-09-07,poniedzialek,bydgoszcz,Naznaczony: Wyjście z mrocznego wymiaru,Cinema City Bydgoszcz,19:45,,,2026-09-07T14:03:19.973165
2026-09-07,poniedzialek,bydgoszcz,Naznaczony: Wyjście z mrocznego wymiaru,Cinema City Bydgoszcz,22:00,,,2026-09-07T14:03:19.973165
2026-09-07,poniedzialek,bydgoszcz,Naznaczony: Wyjście z mrocznego wymiaru,Cinema City Bydgoszcz,22:15,,,2026-09-07T14:03:19.973165
2026-09-07,poniedzialek,bydgoszcz,Naznaczony: Wyjście z mrocznego wymiaru,Helios Bydgoszcz,16:30,,,2026-09-07T14:03:19.973165
2026-09-07,poniedzialek,bydgoszcz,Naznaczony: Wyjście z mrocznego wymiaru,Multikino Bydgoszcz,15:10,,,2026-09-07T14:03:19.973165
2026-09-07,poniedzialek,bydgoszcz,Naznaczony: Wyjście z mrocznego wymiaru,Multikino Bydgoszcz,20:30,,,2026-09-07T14:03:19.973165
2026-09-07,poniedzialek,bydgoszcz,Nie patrz w dół 2,Cinema City Bydgoszcz,13:30,,,2026-09-07T14:03:19.973165
2026-09-07,poniedzialek,bydgoszcz,Nie patrz w dół 2,Cinema City Bydgoszcz,16:00,,,2026-09-07T14:03:19.973165
2026-09-07,poniedzialek,bydgoszcz,Nie patrz w dół 2,Cinema City Bydgoszcz,18:30,,,2026-09-07T14:03:19.973165
2026-09-07,poniedzialek,bydgoszcz,Nie patrz w dół 2,Cinema City Bydgoszcz,21:00,,,2026-09-07T14:03:19.973165
2026-09-07,poniedzialek,bydgoszcz,Nie patrz w dół 2,Helios Bydgoszcz,16:15,,,2026-09-07T14:03:19.973165
2026-09-07,poniedzialek,bydgoszcz,Nie patrz w dół 2,Helios Bydgoszcz,20:45,,,2026-09-07T14:03:19.973165
2026-09-07,poniedzialek,bydgoszcz,Nie patrz w dół 2,Multikino Bydgoszcz,11:40,,,2026-09-07T14:03:19.973165
2026-09-07,poniedzialek,bydgoszcz,Nie patrz w dół 2,Multikino Bydgoszcz,16:20,,,2026-09-07T14:03:19.973165
2026-09-07,poniedzialek,bydgoszcz,Nie patrz w dół 2,Multikino Bydgoszcz,18:40,,,2026-09-07T14:03:19.973165
2026-09-07,poniedzialek,bydgoszcz,Nie patrz w dół 2,Multikino Bydgoszcz,21:00,,,2026-09-07T14:03:19.973165
2026-09-07,poniedzialek,bydgoszcz,Odyseja,Cinema City Bydgoszcz,11:00,,,2026-09-07T14:03:19.973165
2026-09-07,poniedzialek,bydgoszcz,Odyseja,Cinema City Bydgoszcz,12:20,,,2026-09-07T14:03:19.973165
2026-09-07,poniedzialek,bydgoszcz,Odyseja,Cinema City Bydgoszcz,20:00,,,2026-09-07T14:03:19.973165
2026-09-07,poniedzialek,bydgoszcz,Odyseja,Helios Bydgoszcz,12:30,,,2026-09-07T14:03:19.973165
2026-09-07,poniedzialek,bydgoszcz,Odyseja,Helios Bydgoszcz,15:50,,,2026-09-07T14:03:19.973165
2026-09-07,poniedzialek,bydgoszcz,Odyseja,Helios Bydgoszcz,19:30,,,2026-09-07T14:03:19.973165
2026-09-07,poniedzialek,bydgoszcz,Odyseja,Multikino Bydgoszcz,11:00,,,2026-09-07T14:03:19.973165
2026-09-07,poniedzialek,bydgoszcz,Odyseja,Multikino Bydgoszcz,15:45,,,2026-09-07T14:03:19.973165
2026-09-07,poniedzialek,bydgoszcz,Odyseja,Multikino Bydgoszcz,19:20,,,2026-09-07T14:03:19.973165
2026-09-07,poniedzialek,bydgoszcz,Pejzaż w kolorze sepii,Pałac Młodzieży w Bydgoszczy,19:15,,,2026-09-07T14:03:19.973165
2026-09-07,poniedzialek,bydgoszcz,Psi Patrol i dinozaury,Helios Bydgoszcz,11:30,,,2026-09-07T14:03:19.973165
2026-09-07,poniedzialek,bydgoszcz,Psi Patrol i dinozaury,Helios Bydgoszcz,15:10,,,2026-09-07T14:03:19.973165
2026-09-07,poniedzialek,bydgoszcz,Psi Patrol i dinozaury,Helios Bydgoszcz,17:30,,,2026-09-07T14:03:19.973165
2026-09-07,poniedzialek,bydgoszcz,Psi Patrol i dinozaury (dubbing),Cinema City Bydgoszcz,10:20,,dubbing,2026-09-07T14:03:19.973165
2026-09-07,poniedzialek,bydgoszcz,Psi Patrol i dinozaury (dubbing),Cinema City Bydgoszcz,12:30,,dubbing,2026-09-07T14:03:19.973165
2026-09-07,poniedzialek,bydgoszcz,Psi Patrol i dinozaury (dubbing),Cinema City Bydgoszcz,14:40,,dubbing,2026-09-07T14:03:19.973165
2026-09-07,poniedzialek,bydgoszcz,Psi Patrol i dinozaury (dubbing),Multikino Bydgoszcz,13:15,,dubbing,2026-09-07T14:03:19.973165
2026-09-07,poniedzialek,bydgoszcz,Psi Patrol i dinozaury (dubbing),Multikino Bydgoszcz,15:30,,dubbing,2026-09-07T14:03:19.973165
2026-09-07,poniedzialek,bydgoszcz,Pucio kocha zwierzaki,Cinema City Bydgoszcz,10:00,,,2026-09-07T14:03:19.973165
2026-09-07,poniedzialek,bydgoszcz,Pucio kocha zwierzaki,Cinema City Bydgoszcz,11:20,,,2026-09-07T14:03:19.973165
2026-09-07,poniedzialek,bydgoszcz,Pucio kocha zwierzaki,Cinema City Bydgoszcz,12:40,,,2026-09-07T14:03:19.973165
2026-09-07,poniedzialek,bydgoszcz,Pucio kocha zwierzaki,Cinema City Bydgoszcz,14:00,,,2026-09-07T14:03:19.973165
2026-09-07,poniedzialek,bydgoszcz,Pucio kocha zwierzaki,Helios Bydgoszcz,12:10,,,2026-09-07T14:03:19.973165
2026-09-07,poniedzialek,bydgoszcz,Pucio kocha zwierzaki,Helios Bydgoszcz,13:40,,,2026-09-07T14:03:19.973165
2026-09-07,poniedzialek,bydgoszcz,Pucio kocha zwierzaki,Helios Bydgoszcz,16:45,,,2026-09-07T14:03:19.973165
2026-09-07,poniedzialek,bydgoszcz,Pucio kocha zwierzaki,Multikino Bydgoszcz,10:00,,,2026-09-07T14:03:19.973165
2026-09-07,poniedzialek,bydgoszcz,Pucio kocha zwierzaki,Multikino Bydgoszcz,11:05,,,2026-09-07T14:03:19.973165
2026-09-07,poniedzialek,bydgoszcz,Pucio kocha zwierzaki,Multikino Bydgoszcz,14:30,,,2026-09-07T14:03:19.973165
2026-09-07,poniedzialek,bydgoszcz,Spa Weekend,Cinema City Bydgoszcz,16:50,,,2026-09-07T14:03:19.973165
2026-09-07,poniedzialek,bydgoszcz,Spa Weekend,Cinema City Bydgoszcz,19:10,,,2026-09-07T14:03:19.973165
2026-09-07,poniedzialek,bydgoszcz,Spa Weekend,Cinema City Bydgoszcz,21:30,,,2026-09-07T14:03:19.973165
2026-09-07,poniedzialek,bydgoszcz,Spa Weekend,Helios Bydgoszcz,14:10,,,2026-09-07T14:03:19.973165
2026-09-07,poniedzialek,bydgoszcz,Spa Weekend,Helios Bydgoszcz,19:00,,,2026-09-07T14:03:19.973165
2026-09-07,poniedzialek,bydgoszcz,Spa Weekend,Helios Bydgoszcz,21:30,,,2026-09-07T14:03:19.973165
2026-09-07,poniedzialek,bydgoszcz,Spa Weekend,Multikino Bydgoszcz,16:30,,,2026-09-07T14:03:19.973165
2026-09-07,poniedzialek,bydgoszcz,Spa Weekend,Multikino Bydgoszcz,18:45,,,2026-09-07T14:03:19.973165
2026-09-07,poniedzialek,bydgoszcz,Spa Weekend,Multikino Bydgoszcz,21:00,,,2026-09-07T14:03:19.973165
2026-09-07,poniedzialek,bydgoszcz,Spider-Man. Całkiem nowy dzień,Cinema City Bydgoszcz,20:20,,,2026-09-07T14:03:19.973165
2026-09-07,poniedzialek,bydgoszcz,Spider-Man. Całkiem nowy dzień,Helios Bydgoszcz,11:00,,,2026-09-07T14:03:19.973165
2026-09-07,poniedzialek,bydgoszcz,Spider-Man. Całkiem nowy dzień,Helios Bydgoszcz,13:50,,,2026-09-07T14:03:19.973165
2026-09-07,poniedzialek,bydgoszcz,Spider-Man. Całkiem nowy dzień,Helios Bydgoszcz,17:00,,,2026-09-07T14:03:19.973165
2026-09-07,poniedzialek,bydgoszcz,Spider-Man. Całkiem nowy dzień,Helios Bydgoszcz,20:10,,,2026-09-07T14:03:19.973165
2026-09-07,poniedzialek,bydgoszcz,Spider-Man. Całkiem nowy dzień (dubbing),Cinema City Bydgoszcz,10:50,,dubbing,2026-09-07T14:03:19.973165
2026-09-07,poniedzialek,bydgoszcz,Spider-Man. Całkiem nowy dzień (dubbing),Cinema City Bydgoszcz,11:50,,dubbing,2026-09-07T14:03:19.973165
2026-09-07,poniedzialek,bydgoszcz,Spider-Man. Całkiem nowy dzień (dubbing),Cinema City Bydgoszcz,14:00,,dubbing,2026-09-07T14:03:19.973165
2026-09-07,poniedzialek,bydgoszcz,Spider-Man. Całkiem nowy dzień (dubbing),Cinema City Bydgoszcz,15:10,,dubbing,2026-09-07T14:03:19.973165
2026-09-07,poniedzialek,bydgoszcz,Spider-Man. Całkiem nowy dzień (dubbing),Cinema City Bydgoszcz,17:10,,dubbing,2026-09-07T14:03:19.973165
2026-09-07,poniedzialek,bydgoszcz,Spider-Man. Całkiem nowy dzień (dubbing),Multikino Bydgoszcz,10:00,,dubbing,2026-09-07T14:03:19.973165
2026-09-07,poniedzialek,bydgoszcz,Spider-Man. Całkiem nowy dzień (dubbing),Multikino Bydgoszcz,11:00,,dubbing,2026-09-07T14:03:19.973165
2026-09-07,poniedzialek,bydgoszcz,Spider-Man. Całkiem nowy dzień (dubbing),Multikino Bydgoszcz,13:00,,dubbing,2026-09-07T14:03:19.973165
2026-09-07,poniedzialek,bydgoszcz,Spider-Man. Całkiem nowy dzień (dubbing),Multikino Bydgoszcz,14:15,,dubbing,2026-09-07T14:03:19.973165
2026-09-07,poniedzialek,bydgoszcz,Spider-Man. Całkiem nowy dzień (dubbing),Multikino Bydgoszcz,15:15,,dubbing,2026-09-07T14:03:19.973165
2026-09-07,poniedzialek,bydgoszcz,Spider-Man. Całkiem nowy dzień (dubbing),Multikino Bydgoszcz,16:15,,dubbing,2026-09-07T14:03:19.973165
2026-09-07,poniedzialek,bydgoszcz,Spider-Man. Całkiem nowy dzień (dubbing),Multikino Bydgoszcz,18:30,,dubbing,2026-09-07T14:03:19.973165
2026-09-07,poniedzialek,bydgoszcz,Spider-Man. Całkiem nowy dzień (dubbing),Multikino Bydgoszcz,19:30,,dubbing,2026-09-07T14:03:19.973165
2026-09-07,poniedzialek,bydgoszcz,Spider-Man. Całkiem nowy dzień 3D (dubbing),Cinema City Bydgoszcz,13:10,3D,dubbing,2026-09-07T14:03:19.973165
2026-09-07,poniedzialek,bydgoszcz,Terminator 2: Dzień sądu,Cinema City Bydgoszcz,19:00,,,2026-09-07T14:03:19.973165
2026-09-07,poniedzialek,bydgoszcz,Terminator 2: Dzień sądu,Cinema City Bydgoszcz,19:50,,,2026-09-07T14:03:19.973165
2026-09-07,poniedzialek,bydgoszcz,Tony,Cinema City Bydgoszcz,11:10,,,2026-09-07T14:03:19.973165
2026-09-07,poniedzialek,bydgoszcz,Tony,Cinema City Bydgoszcz,15:20,,,2026-09-07T14:03:19.973165
2026-09-07,poniedzialek,bydgoszcz,Tony,Cinema City Bydgoszcz,17:50,,,2026-09-07T14:03:19.973165
2026-09-07,poniedzialek,bydgoszcz,Tony,Cinema City Bydgoszcz,20:20,,,2026-09-07T14:03:19.973165
2026-09-07,poniedzialek,bydgoszcz,Tony,Helios Bydgoszcz,19:45,,,2026-09-07T14:03:19.973165
2026-09-07,poniedzialek,bydgoszcz,Tony,Multikino Bydgoszcz,10:30,,,2026-09-07T14:03:19.973165
2026-09-07,poniedzialek,bydgoszcz,Tony,Multikino Bydgoszcz,14:45,,,2026-09-07T14:03:19.973165
2026-09-07,poniedzialek,bydgoszcz,Tony,Multikino Bydgoszcz,17:15,,,2026-09-07T14:03:19.973165
2026-09-07,poniedzialek,bydgoszcz,Tony,Multikino Bydgoszcz,19:45,,,2026-09-07T14:03:19.973165
2026-09-07,poniedzialek,bydgoszcz,Toy Story 5 (dubbing),Cinema City Bydgoszcz,10:40,,dubbing,2026-09-07T14:03:19.973165
2026-09-07,poniedzialek,bydgoszcz,Toy Story 5 (dubbing),Multikino Bydgoszcz,10:30,,dubbing,2026-09-07T14:03:19.973165
2026-09-07,poniedzialek,bydgoszcz,Zróbmy sobie przerwę,Helios Bydgoszcz,14:20,,,2026-09-07T14:03:19.973165
2026-09-07,poniedzialek,lublin,100 dni: Misja Zeus,Cinema City Lublin Felicity,18:30,,,2026-09-07T14:03:22.071930
2026-09-07,poniedzialek,lublin,100 dni: Misja Zeus,Cinema City Lublin Plaza,18:30,,,2026-09-07T14:03:22.071930
2026-09-07,poniedzialek,lublin,100 dni: Misja Zeus,Multikino Lublin,18:30,,,2026-09-07T14:03:22.071930
2026-09-07,poniedzialek,lublin,500 mil,Cinema City Lublin Felicity,19:20,,,2026-09-07T14:03:22.071930
2026-09-07,poniedzialek,lublin,500 mil,Cinema City Lublin Felicity,21:40,,,2026-09-07T14:03:22.071930
2026-09-07,poniedzialek,lublin,500 mil,Cinema City Lublin Plaza,12:50,,,2026-09-07T14:03:22.071930
2026-09-07,poniedzialek,lublin,500 mil,Cinema City Lublin Plaza,20:10,,,2026-09-07T14:03:22.071930
2026-09-07,poniedzialek,lublin,500 mil,Kino Bajka w Lublinie,13:30,,,2026-09-07T14:03:22.071930
2026-09-07,poniedzialek,lublin,500 mil,Kino Bajka w Lublinie,20:00,,,2026-09-07T14:03:22.071930
2026-09-07,poniedzialek,lublin,Asterix i Obelix: Misja Kleopatra (dubbing),Cinema City Lublin Felicity,18:00,,dubbing,2026-09-07T14:03:22.071930
2026-09-07,poniedzialek,lublin,Asterix i Obelix: Misja Kleopatra (dubbing),Cinema City Lublin Plaza,17:30,,dubbing,2026-09-07T14:03:22.071930
2026-09-07,poniedzialek,lublin,Asterix i Obelix: Misja Kleopatra (dubbing),Multikino Lublin,13:40,,dubbing,2026-09-07T14:03:22.071930
2026-09-07,poniedzialek,lublin,Asterix i Obelix: Misja Kleopatra (dubbing),Multikino Lublin,18:25,,dubbing,2026-09-07T14:03:22.071930
2026-09-07,poniedzialek,lublin,Auta,Cinema City Lublin Felicity,11:40,,,2026-09-07T14:03:22.071930
2026-09-07,poniedzialek,lublin,Auta,Cinema City Lublin Felicity,14:20,,,2026-09-07T14:03:22.071930
2026-09-07,poniedzialek,lublin,Auta,Cinema City Lublin Felicity,16:20,,,2026-09-07T14:03:22.071930
2026-09-07,poniedzialek,lublin,Auta,Cinema City Lublin Felicity,17:00,,,2026-09-07T14:03:22.071930
2026-09-07,poniedzialek,lublin,Auta,Cinema City Lublin Plaza,12:10,,,2026-09-07T14:03:22.071930
2026-09-07,poniedzialek,lublin,Auta,Cinema City Lublin Plaza,14:50,,,2026-09-07T14:03:22.071930
2026-09-07,poniedzialek,lublin,Auta,Cinema City Lublin Plaza,17:30,,,2026-09-07T14:03:22.071930
2026-09-07,poniedzialek,lublin,Auta,Multikino Lublin,12:00,,,2026-09-07T14:03:22.071930
2026-09-07,poniedzialek,lublin,Auta,Multikino Lublin,14:40,,,2026-09-07T14:03:22.071930
2026-09-07,poniedzialek,lublin,Auta,Multikino Lublin,17:20,,,2026-09-07T14:03:22.071930
2026-09-07,poniedzialek,lublin,Buntownik,Cinema City Lublin Felicity,15:40,,,2026-09-07T14:03:22.071930
2026-09-07,poniedzialek,lublin,"Godspeed, Los Polacos!",Kino CSK w Lublinie,18:00,,,2026-09-07T14:03:22.071930
2026-09-07,poniedzialek,lublin,Gorzkie święta,Cinema City Lublin Felicity,11:20,,,2026-09-07T14:03:22.071930
2026-09-07,poniedzialek,lublin,Gorzkie święta,Cinema City Lublin Plaza,21:30,,,2026-09-07T14:03:22.071930
2026-09-07,poniedzialek,lublin,Gorzkie święta,Kino Bajka w Lublinie,14:30,,,2026-09-07T14:03:22.071930
2026-09-07,poniedzialek,lublin,Gorzkie święta,Multikino Lublin,20:00,,,2026-09-07T14:03:22.071930
2026-09-07,poniedzialek,lublin,Gwiazdozbiór Psa,Cinema City Lublin Felicity,11:10,,,2026-09-07T14:03:22.071930
2026-09-07,poniedzialek,lublin,Gwiazdozbiór Psa,Cinema City Lublin Felicity,17:20,,,2026-09-07T14:03:22.071930
2026-09-07,poniedzialek,lublin,Gwiazdozbiór Psa,Cinema City Lublin Felicity,20:00,,,2026-09-07T14:03:22.071930
2026-09-07,poniedzialek,lublin,Gwiazdozbiór Psa,Cinema City Lublin Plaza,18:10,,,2026-09-07T14:03:22.071930
2026-09-07,poniedzialek,lublin,Gwiazdozbiór Psa,Cinema City Lublin Plaza,20:50,,,2026-09-07T14:03:22.071930
2026-09-07,poniedzialek,lublin,Gwiazdozbiór Psa,Multikino Lublin,12:15,,,2026-09-07T14:03:22.071930
2026-09-07,poniedzialek,lublin,Gwiazdozbiór Psa,Multikino Lublin,20:30,,,2026-09-07T14:03:22.071930
2026-09-07,poniedzialek,lublin,Koniec Ulicy Dębowej,Cinema City Lublin Plaza,12:50,,,2026-09-07T14:03:22.071930
2026-09-07,poniedzialek,lublin,Koniec Ulicy Dębowej,Cinema City Lublin Plaza,15:20,,,2026-09-07T14:03:22.071930
2026-09-07,poniedzialek,lublin,Księga pustyni,Kino Bajka w Lublinie,09:30,,,2026-09-07T14:03:22.071930
2026-09-07,poniedzialek,lublin,Księga pustyni (dubbing),Cinema City Lublin Felicity,15:30,,dubbing,2026-09-07T14:03:22.071930
2026-09-07,poniedzialek,lublin,Księga pustyni (dubbing),Cinema City Lublin Plaza,12:20,,dubbing,2026-09-07T14:03:22.071930
2026-09-07,poniedzialek,lublin,Księga pustyni (dubbing),Multikino Lublin,10:00,,dubbing,2026-09-07T14:03:22.071930
2026-09-07,poniedzialek,lublin,"Miłość, śmierć i dojrzewanie na Obozie Miasma",Cinema City Lublin Felicity,14:40,,,2026-09-07T14:03:22.071930
2026-09-07,poniedzialek,lublin,Minionki i straszydła (dubbing),Cinema City Lublin Felicity,17:10,,dubbing,2026-09-07T14:03:22.071930
2026-09-07,poniedzialek,lublin,Minionki i straszydła (dubbing),Cinema City Lublin Plaza,11:45,,dubbing,2026-09-07T14:03:22.071930
2026-09-07,poniedzialek,lublin,Minionki i straszydła (dubbing),Cinema City Lublin Plaza,13:50,,dubbing,2026-09-07T14:03:22.071930
2026-09-07,poniedzialek,lublin,Minionki i straszydła (dubbing),Multikino Lublin,10:00,,dubbing,2026-09-07T14:03:22.071930
2026-09-07,poniedzialek,lublin,Mistyczka,Kino Bajka w Lublinie,11:00,,,2026-09-07T14:03:22.071930
2026-09-07,poniedzialek,lublin,Mistyczka,Kino Bajka w Lublinie,17:00,,,2026-09-07T14:03:22.071930
2026-09-07,poniedzialek,lublin,Młodsza siostra,Kino Bajka w Lublinie,15:30,,,2026-09-07T14:03:22.071930
2026-09-07,poniedzialek,lublin,Naznaczony: Wyjście z mrocznego wymiaru,Cinema City Lublin Felicity,19:40,,,2026-09-07T14:03:22.071930
2026-09-07,poniedzialek,lublin,Naznaczony: Wyjście z mrocznego wymiaru,Cinema City Lublin Felicity,22:00,,,2026-09-07T14:03:22.071930
2026-09-07,poniedzialek,lublin,Naznaczony: Wyjście z mrocznego wymiaru,Cinema City Lublin Plaza,17:50,,,2026-09-07T14:03:22.071930
2026-09-07,poniedzialek,lublin,Naznaczony: Wyjście z mrocznego wymiaru,Cinema City Lublin Plaza,21:50,,,2026-09-07T14:03:22.071930
2026-09-07,poniedzialek,lublin,Naznaczony: Wyjście z mrocznego wymiaru,Multikino Lublin,16:00,,,2026-09-07T14:03:22.071930
2026-09-07,poniedzialek,lublin,Nie patrz w dół 2,Cinema City Lublin Felicity,13:50,,,2026-09-07T14:03:22.071930
2026-09-07,poniedzialek,lublin,Nie patrz w dół 2,Cinema City Lublin Felicity,16:10,,,2026-09-07T14:03:22.071930
2026-09-07,poniedzialek,lublin,Nie patrz w dół 2,Cinema City Lublin Felicity,18:30,,,2026-09-07T14:03:22.071930
2026-09-07,poniedzialek,lublin,Nie patrz w dół 2,Cinema City Lublin Plaza,14:40,,,2026-09-07T14:03:22.071930
2026-09-07,poniedzialek,lublin,Nie patrz w dół 2,Cinema City Lublin Plaza,17:10,,,2026-09-07T14:03:22.071930
2026-09-07,poniedzialek,lublin,Nie patrz w dół 2,Cinema City Lublin Plaza,19:30,,,2026-09-07T14:03:22.071930
2026-09-07,poniedzialek,lublin,Nie patrz w dół 2,Multikino Lublin,12:10,,,2026-09-07T14:03:22.071930
2026-09-07,poniedzialek,lublin,Nie patrz w dół 2,Multikino Lublin,15:50,,,2026-09-07T14:03:22.071930
2026-09-07,poniedzialek,lublin,Nie patrz w dół 2,Multikino Lublin,18:10,,,2026-09-07T14:03:22.071930
2026-09-07,poniedzialek,lublin,Nie patrz w dół 2,Multikino Lublin,20:50,,,2026-09-07T14:03:22.071930
2026-09-07,poniedzialek,lublin,Odyseja,Cinema City Lublin Felicity,21:00,,,2026-09-07T14:03:22.071930
2026-09-07,poniedzialek,lublin,Odyseja,Cinema City Lublin Plaza,14:30,,,2026-09-07T14:03:22.071930
2026-09-07,poniedzialek,lublin,Odyseja,Cinema City Lublin Plaza,20:30,,,2026-09-07T14:03:22.071930
2026-09-07,poniedzialek,lublin,Odyseja,Multikino Lublin,11:15,,,2026-09-07T14:03:22.071930
2026-09-07,poniedzialek,lublin,Odyseja,Multikino Lublin,14:50,,,2026-09-07T14:03:22.071930
2026-09-07,poniedzialek,lublin,Odyseja,Multikino Lublin,19:15,,,2026-09-07T14:03:22.071930
2026-09-07,poniedzialek,lublin,Psi Patrol i dinozaury (dubbing),Cinema City Lublin Felicity,12:50,,dubbing,2026-09-07T14:03:22.071930
2026-09-07,poniedzialek,lublin,Psi Patrol i dinozaury (dubbing),Cinema City Lublin Felicity,15:10,,dubbing,2026-09-07T14:03:22.071930
2026-09-07,poniedzialek,lublin,Psi Patrol i dinozaury (dubbing),Cinema City Lublin Plaza,11:20,,dubbing,2026-09-07T14:03:22.071930
2026-09-07,poniedzialek,lublin,Psi Patrol i dinozaury (dubbing),Cinema City Lublin Plaza,13:40,,dubbing,2026-09-07T14:03:22.071930
2026-09-07,poniedzialek,lublin,Psi Patrol i dinozaury (dubbing),Cinema City Lublin Plaza,15:50,,dubbing,2026-09-07T14:03:22.071930
2026-09-07,poniedzialek,lublin,Psi Patrol i dinozaury (dubbing),Multikino Lublin,14:55,,dubbing,2026-09-07T14:03:22.071930
2026-09-07,poniedzialek,lublin,Psi Patrol i dinozaury (dubbing),Multikino Lublin,17:05,,dubbing,2026-09-07T14:03:22.071930
2026-09-07,poniedzialek,lublin,Pucio kocha zwierzaki,Cinema City Lublin Felicity,11:40,,,2026-09-07T14:03:22.071930
2026-09-07,poniedzialek,lublin,Pucio kocha zwierzaki,Cinema City Lublin Felicity,13:10,,,2026-09-07T14:03:22.071930
2026-09-07,poniedzialek,lublin,Pucio kocha zwierzaki,Cinema City Lublin Plaza,11:00,,,2026-09-07T14:03:22.071930
2026-09-07,poniedzialek,lublin,Pucio kocha zwierzaki,Kino Bajka w Lublinie,09:45,,,2026-09-07T14:03:22.071930
2026-09-07,poniedzialek,lublin,Pucio kocha zwierzaki,Multikino Lublin,10:00,,,2026-09-07T14:03:22.071930
2026-09-07,poniedzialek,lublin,Pucio kocha zwierzaki,Multikino Lublin,11:10,,,2026-09-07T14:03:22.071930
2026-09-07,poniedzialek,lublin,Pucio kocha zwierzaki,Multikino Lublin,14:30,,,2026-09-07T14:03:22.071930
2026-09-07,poniedzialek,lublin,Spa Weekend,Cinema City Lublin Felicity,14:00,,,2026-09-07T14:03:22.071930
2026-09-07,poniedzialek,lublin,Spa Weekend,Cinema City Lublin Felicity,16:20,,,2026-09-07T14:03:22.071930
2026-09-07,poniedzialek,lublin,Spa Weekend,Cinema City Lublin Felicity,18:40,,,2026-09-07T14:03:22.071930
2026-09-07,poniedzialek,lublin,Spa Weekend,Cinema City Lublin Plaza,16:00,,,2026-09-07T14:03:22.071930
2026-09-07,poniedzialek,lublin,Spa Weekend,Cinema City Lublin Plaza,18:20,,,2026-09-07T14:03:22.071930
2026-09-07,poniedzialek,lublin,Spa Weekend,Kino Bajka w Lublinie,19:30,,,2026-09-07T14:03:22.071930
2026-09-07,poniedzialek,lublin,Spa Weekend,Multikino Lublin,11:20,,,2026-09-07T14:03:22.071930
2026-09-07,poniedzialek,lublin,Spa Weekend,Multikino Lublin,14:55,,,2026-09-07T14:03:22.071930
2026-09-07,poniedzialek,lublin,Spa Weekend,Multikino Lublin,18:30,,,2026-09-07T14:03:22.071930
2026-09-07,poniedzialek,lublin,Spa Weekend,Multikino Lublin,20:45,,,2026-09-07T14:03:22.071930
2026-09-07,poniedzialek,lublin,Spider-Man. Całkiem nowy dzień,Cinema City Lublin Felicity,14:50,,,2026-09-07T14:03:22.071930
2026-09-07,poniedzialek,lublin,Spider-Man. Całkiem nowy dzień,Cinema City Lublin Felicity,20:50,,,2026-09-07T14:03:22.071930
2026-09-07,poniedzialek,lublin,Spider-Man. Całkiem nowy dzień,Cinema City Lublin Plaza,15:20,,,2026-09-07T14:03:22.071930
2026-09-07,poniedzialek,lublin,Spider-Man. Całkiem nowy dzień,Cinema City Lublin Plaza,20:40,,,2026-09-07T14:03:22.071930
2026-09-07,poniedzialek,lublin,Spider-Man. Całkiem nowy dzień,Multikino Lublin,11:45,,,2026-09-07T14:03:22.071930
2026-09-07,poniedzialek,lublin,Spider-Man. Całkiem nowy dzień (dubbing),Cinema City Lublin Felicity,11:40,,dubbing,2026-09-07T14:03:22.071930
2026-09-07,poniedzialek,lublin,Spider-Man. Całkiem nowy dzień (dubbing),Cinema City Lublin Felicity,12:30,,dubbing,2026-09-07T14:03:22.071930
2026-09-07,poniedzialek,lublin,Spider-Man. Całkiem nowy dzień (dubbing),Cinema City Lublin Plaza,11:30,,dubbing,2026-09-07T14:03:22.071930
2026-09-07,poniedzialek,lublin,Spider-Man. Całkiem nowy dzień (dubbing),Multikino Lublin,10:00,,dubbing,2026-09-07T14:03:22.071930
2026-09-07,poniedzialek,lublin,Spider-Man. Całkiem nowy dzień (dubbing),Multikino Lublin,13:10,,dubbing,2026-09-07T14:03:22.071930
2026-09-07,poniedzialek,lublin,Spider-Man. Całkiem nowy dzień (dubbing),Multikino Lublin,15:00,,dubbing,2026-09-07T14:03:22.071930
2026-09-07,poniedzialek,lublin,Spider-Man. Całkiem nowy dzień (dubbing),Multikino Lublin,16:20,,dubbing,2026-09-07T14:03:22.071930
2026-09-07,poniedzialek,lublin,Spider-Man. Całkiem nowy dzień (dubbing),Multikino Lublin,19:30,,dubbing,2026-09-07T14:03:22.071930
2026-09-07,poniedzialek,lublin,Spider-Man. Całkiem nowy dzień 3D (dubbing),Cinema City Lublin Felicity,13:10,3D,dubbing,2026-09-07T14:03:22.071930
2026-09-07,poniedzialek,lublin,Terminator 2: Dzień sądu,Cinema City Lublin Felicity,19:00,,,2026-09-07T14:03:22.071930
2026-09-07,poniedzialek,lublin,Terminator 2: Dzień sądu,Cinema City Lublin Felicity,20:30,,,2026-09-07T14:03:22.071930
2026-09-07,poniedzialek,lublin,Terminator 2: Dzień sądu,Cinema City Lublin Plaza,18:30,,,2026-09-07T14:03:22.071930
2026-09-07,poniedzialek,lublin,Tony,Cinema City Lublin Felicity,13:00,,,2026-09-07T14:03:22.071930
2026-09-07,poniedzialek,lublin,Tony,Cinema City Lublin Felicity,17:40,,,2026-09-07T14:03:22.071930
2026-09-07,poniedzialek,lublin,Tony,Cinema City Lublin Felicity,20:10,,,2026-09-07T14:03:22.071930
2026-09-07,poniedzialek,lublin,Tony,Cinema City Lublin Plaza,15:00,,,2026-09-07T14:03:22.071930
2026-09-07,poniedzialek,lublin,Tony,Cinema City Lublin Plaza,20:00,,,2026-09-07T14:03:22.071930
2026-09-07,poniedzialek,lublin,Tony,Kino Bajka w Lublinie,17:45,,,2026-09-07T14:03:22.071930
2026-09-07,poniedzialek,lublin,Tony,Multikino Lublin,12:25,,,2026-09-07T14:03:22.071930
2026-09-07,poniedzialek,lublin,Tony,Multikino Lublin,17:15,,,2026-09-07T14:03:22.071930
2026-09-07,poniedzialek,lublin,Tony,Multikino Lublin,19:45,,,2026-09-07T14:03:22.071930
2026-09-07,poniedzialek,lublin,Toy Story 5 (dubbing),Cinema City Lublin Plaza,12:30,,dubbing,2026-09-07T14:03:22.071930
2026-09-07,poniedzialek,lublin,Vivaldi i ja,Kino Bajka w Lublinie,13:30,,,2026-09-07T14:03:22.071930
2026-09-07,poniedzialek,lublin,Wielki Łuk,Kino - Centrum Kultury w Lublinie,18:00,,,2026-09-07T14:03:22.071930
2026-09-07,poniedzialek,katowice,100 dni: Misja Zeus,Cinema City Katowice Punkt 44,18:30,,,2026-09-07T14:03:25.412530
2026-09-07,poniedzialek,katowice,100 dni: Misja Zeus,Cinema City Katowice Silesia,18:30,,,2026-09-07T14:03:25.412530
2026-09-07,poniedzialek,katowice,100 dni: Misja Zeus,Helios Katowice,18:30,,,2026-09-07T14:03:25.412530
2026-09-07,poniedzialek,katowice,100 dni: Misja Zeus,Multikino Katowice,18:30,,,2026-09-07T14:03:25.412530
2026-09-07,poniedzialek,katowice,500 mil,Cinema City Katowice Punkt 44,16:20,,,2026-09-07T14:03:25.412530
2026-09-07,poniedzialek,katowice,500 mil,Cinema City Katowice Punkt 44,18:40,,,2026-09-07T14:03:25.412530
2026-09-07,poniedzialek,katowice,500 mil,Cinema City Katowice Punkt 44,21:00,,,2026-09-07T14:03:25.412530
2026-09-07,poniedzialek,katowice,500 mil,Cinema City Katowice Silesia,16:10,,,2026-09-07T14:03:25.412530
2026-09-07,poniedzialek,katowice,500 mil,Cinema City Katowice Silesia,18:40,,,2026-09-07T14:03:25.412530
2026-09-07,poniedzialek,katowice,500 mil,Cinema City Katowice Silesia,21:10,,,2026-09-07T14:03:25.412530
2026-09-07,poniedzialek,katowice,500 mil,Helios Katowice,13:40,,,2026-09-07T14:03:25.412530
2026-09-07,poniedzialek,katowice,500 mil,Helios Katowice,17:30,,,2026-09-07T14:03:25.412530
2026-09-07,poniedzialek,katowice,500 mil,Kino Kosmos w Katowicach,18:15,,,2026-09-07T14:03:25.412530
2026-09-07,poniedzialek,katowice,500 mil,Kino Studyjne Światowid w Katowicach,10:15,,,2026-09-07T14:03:25.412530
2026-09-07,poniedzialek,katowice,500 mil,Kino Studyjne Światowid w Katowicach,16:00,,,2026-09-07T14:03:25.412530
2026-09-07,poniedzialek,katowice,500 mil,Kino Studyjne Światowid w Katowicach,18:15,,,2026-09-07T14:03:25.412530
2026-09-07,poniedzialek,katowice,500 mil,Multikino Katowice,11:20,,,2026-09-07T14:03:25.412530
2026-09-07,poniedzialek,katowice,500 mil,Multikino Katowice,19:45,,,2026-09-07T14:03:25.412530
2026-09-07,poniedzialek,katowice,Absolwent,Kino Kosmos w Katowicach,16:15,,,2026-09-07T14:03:25.412530
2026-09-07,poniedzialek,katowice,André Rieu. Niech żyje Maastricht!,Helios Katowice,18:00,,,2026-09-07T14:03:25.412530
2026-09-07,poniedzialek,katowice,Asterix i Obelix: Misja Kleopatra (dubbing),Cinema City Katowice Punkt 44,15:30,,dubbing,2026-09-07T14:03:25.412530
2026-09-07,poniedzialek,katowice,Asterix i Obelix: Misja Kleopatra (dubbing),Cinema City Katowice Punkt 44,18:00,,dubbing,2026-09-07T14:03:25.412530
2026-09-07,poniedzialek,katowice,Asterix i Obelix: Misja Kleopatra (dubbing),Cinema City Katowice Silesia,10:00,,dubbing,2026-09-07T14:03:25.412530
2026-09-07,poniedzialek,katowice,Asterix i Obelix: Misja Kleopatra (dubbing),Cinema City Katowice Silesia,15:30,,dubbing,2026-09-07T14:03:25.412530
2026-09-07,poniedzialek,katowice,Asterix i Obelix: Misja Kleopatra (dubbing),Multikino Katowice,16:15,,dubbing,2026-09-07T14:03:25.412530
2026-09-07,poniedzialek,katowice,Asterix i Obelix: Misja Kleopatra (dubbing),Multikino Katowice,18:35,,dubbing,2026-09-07T14:03:25.412530
2026-09-07,poniedzialek,katowice,Auta,Cinema City Katowice Punkt 44,11:40,,,2026-09-07T14:03:25.412530
2026-09-07,poniedzialek,katowice,Auta,Cinema City Katowice Punkt 44,14:20,,,2026-09-07T14:03:25.412530
2026-09-07,poniedzialek,katowice,Auta,Cinema City Katowice Punkt 44,17:00,,,2026-09-07T14:03:25.412530
2026-09-07,poniedzialek,katowice,Auta,Cinema City Katowice Silesia,12:10,,,2026-09-07T14:03:25.412530
2026-09-07,poniedzialek,katowice,Auta,Cinema City Katowice Silesia,14:50,,,2026-09-07T14:03:25.412530
2026-09-07,poniedzialek,katowice,Auta,Cinema City Katowice Silesia,17:30,,,2026-09-07T14:03:25.412530
2026-09-07,poniedzialek,katowice,Auta,Multikino Katowice,10:30,,,2026-09-07T14:03:25.412530
2026-09-07,poniedzialek,katowice,Auta,Multikino Katowice,12:15,,,2026-09-07T14:03:25.412530
2026-09-07,poniedzialek,katowice,Auta,Multikino Katowice,15:00,,,2026-09-07T14:03:25.412530
2026-09-07,poniedzialek,katowice,Auta,Multikino Katowice,17:45,,,2026-09-07T14:03:25.412530
2026-09-07,poniedzialek,katowice,Buntownik,Cinema City Katowice Punkt 44,11:10,,,2026-09-07T14:03:25.412530
2026-09-07,poniedzialek,katowice,Buntownik,Cinema City Katowice Punkt 44,16:00,,,2026-09-07T14:03:25.412530
2026-09-07,poniedzialek,katowice,Buntownik,Cinema City Katowice Silesia,15:20,,,2026-09-07T14:03:25.412530
2026-09-07,poniedzialek,katowice,Buntownik,Cinema City Katowice Silesia,20:10,,,2026-09-07T14:03:25.412530
2026-09-07,poniedzialek,katowice,Buntownik,Cinema City Katowice Silesia,22:20,,,2026-09-07T14:03:25.412530
2026-09-07,poniedzialek,katowice,Flavia de Luce (dubbing),Cinema City Katowice Silesia,10:00,,dubbing,2026-09-07T14:03:25.412530
2026-09-07,poniedzialek,katowice,Gorzkie święta,Cinema City Katowice Silesia,12:50,,,2026-09-07T14:03:25.412530
2026-09-07,poniedzialek,katowice,Gorzkie święta,Helios Katowice,16:30,,,2026-09-07T14:03:25.412530
2026-09-07,poniedzialek,katowice,Gorzkie święta,Kino Kosmos w Katowicach,14:20,,,2026-09-07T14:03:25.412530
2026-09-07,poniedzialek,katowice,Gorzkie święta,Kino Kosmos w Katowicach,20:15,,,2026-09-07T14:03:25.412530
2026-09-07,poniedzialek,katowice,Gorzkie święta,Kino Studyjne Światowid w Katowicach,10:00,,,2026-09-07T14:03:25.412530
2026-09-07,poniedzialek,katowice,Gorzkie święta,Kino Studyjne Światowid w Katowicach,20:00,,,2026-09-07T14:03:25.412530
2026-09-07,poniedzialek,katowice,Gorzkie święta,Kinoteatr Rialto w Katowicach,16:00,,,2026-09-07T14:03:25.412530
2026-09-07,poniedzialek,katowice,Gorzkie święta,Multikino Katowice,20:00,,,2026-09-07T14:03:25.412530
2026-09-07,poniedzialek,katowice,Gwiazdozbiór Psa,Cinema City Katowice Punkt 44,13:20,,,2026-09-07T14:03:25.412530
2026-09-07,poniedzialek,katowice,Gwiazdozbiór Psa,Cinema City Katowice Punkt 44,18:00,,,2026-09-07T14:03:25.412530
2026-09-07,poniedzialek,katowice,Gwiazdozbiór Psa,Cinema City Katowice Punkt 44,20:40,,,2026-09-07T14:03:25.412530
2026-09-07,poniedzialek,katowice,Gwiazdozbiór Psa,Cinema City Katowice Punkt 44 IMAX,21:50,,,2026-09-07T14:03:25.412530
2026-09-07,poniedzialek,katowice,Gwiazdozbiór Psa,Cinema City Katowice Silesia,11:00,,,2026-09-07T14:03:25.412530
2026-09-07,poniedzialek,katowice,Gwiazdozbiór Psa,Cinema City Katowice Silesia,13:40,,,2026-09-07T14:03:25.412530
2026-09-07,poniedzialek,katowice,Gwiazdozbiór Psa,Cinema City Katowice Silesia,16:20,,,2026-09-07T14:03:25.412530
2026-09-07,poniedzialek,katowice,Gwiazdozbiór Psa,Cinema City Katowice Silesia,18:10,,,2026-09-07T14:03:25.412530
2026-09-07,poniedzialek,katowice,Gwiazdozbiór Psa,Cinema City Katowice Silesia,19:00,,,2026-09-07T14:03:25.412530
2026-09-07,poniedzialek,katowice,Gwiazdozbiór Psa,Cinema City Katowice Silesia,21:40,,,2026-09-07T14:03:25.412530
2026-09-07,poniedzialek,katowice,Gwiazdozbiór Psa,Helios Katowice,13:20,,,2026-09-07T14:03:25.412530
2026-09-07,poniedzialek,katowice,Gwiazdozbiór Psa,Helios Katowice,19:15,,,2026-09-07T14:03:25.412530
2026-09-07,poniedzialek,katowice,Gwiazdozbiór Psa,Helios Katowice,21:20,,,2026-09-07T14:03:25.412530
2026-09-07,poniedzialek,katowice,Gwiazdozbiór Psa,Kino Kosmos w Katowicach,20:30,,,2026-09-07T14:03:25.412530
2026-09-07,poniedzialek,katowice,Gwiazdozbiór Psa,Multikino Katowice,17:20,,,2026-09-07T14:03:25.412530
2026-09-07,poniedzialek,katowice,Ice Cream Man,Cinema City Katowice Punkt 44,22:00,,,2026-09-07T14:03:25.412530
2026-09-07,poniedzialek,katowice,Koniec Ulicy Dębowej,Cinema City Katowice Punkt 44,19:40,,,2026-09-07T14:03:25.412530
2026-09-07,poniedzialek,katowice,Koniec Ulicy Dębowej,Cinema City Katowice Silesia,10:20,,,2026-09-07T14:03:25.412530
2026-09-07,poniedzialek,katowice,Księga pustyni,Helios Katowice,11:50,,,2026-09-07T14:03:25.412530
2026-09-07,poniedzialek,katowice,Księga pustyni,Helios Katowice,14:10,,,2026-09-07T14:03:25.412530
2026-09-07,poniedzialek,katowice,Księga pustyni (dubbing),Cinema City Katowice Punkt 44,15:00,,dubbing,2026-09-07T14:03:25.412530
2026-09-07,poniedzialek,katowice,Księga pustyni (dubbing),Cinema City Katowice Silesia,10:00,,dubbing,2026-09-07T14:03:25.412530
2026-09-07,poniedzialek,katowice,Księga pustyni (dubbing),Cinema City Katowice Silesia,12:10,,dubbing,2026-09-07T14:03:25.412530
2026-09-07,poniedzialek,katowice,Księga pustyni (dubbing),Multikino Katowice,10:00,,dubbing,2026-09-07T14:03:25.412530
2026-09-07,poniedzialek,katowice,Ktoś całkiem obcy,Cinema City Katowice Punkt 44,20:10,,,2026-09-07T14:03:25.412530
2026-09-07,poniedzialek,katowice,Ktoś całkiem obcy,Kino Studyjne Światowid w Katowicach,12:15,,,2026-09-07T14:03:25.412530
2026-09-07,poniedzialek,katowice,"Miłość, śmierć i dojrzewanie na Obozie Miasma",Cinema City Katowice Punkt 44,17:20,,,2026-09-07T14:03:25.412530
2026-09-07,poniedzialek,katowice,"Miłość, śmierć i dojrzewanie na Obozie Miasma",Cinema City Katowice Silesia,19:40,,,2026-09-07T14:03:25.412530
2026-09-07,poniedzialek,katowice,"Miłość, śmierć i dojrzewanie na Obozie Miasma",Kino Studyjne Światowid w Katowicach,14:15,,,2026-09-07T14:03:25.412530
2026-09-07,poniedzialek,katowice,"Miłość, śmierć i dojrzewanie na Obozie Miasma",Kino Studyjne Światowid w Katowicach,20:15,,,2026-09-07T14:03:25.412530
2026-09-07,poniedzialek,katowice,Minionki i straszydła (dubbing),Cinema City Katowice Punkt 44,13:00,,dubbing,2026-09-07T14:03:25.412530
2026-09-07,poniedzialek,katowice,Minionki i straszydła (dubbing),Cinema City Katowice Silesia,14:30,,dubbing,2026-09-07T14:03:25.412530
2026-09-07,poniedzialek,katowice,Minionki i straszydła (dubbing),Helios Katowice,11:30,,dubbing,2026-09-07T14:03:25.412530
2026-09-07,poniedzialek,katowice,Minionki i straszydła (dubbing),Helios Katowice,14:30,,dubbing,2026-09-07T14:03:25.412530
2026-09-07,poniedzialek,katowice,Minionki i straszydła (dubbing),Multikino Katowice,10:00,,dubbing,2026-09-07T14:03:25.412530
2026-09-07,poniedzialek,katowice,Minionki i straszydła (dubbing),Multikino Katowice,11:00,,dubbing,2026-09-07T14:03:25.412530
2026-09-07,poniedzialek,katowice,Młodsza siostra,Kino Studyjne Światowid w Katowicach,16:15,,,2026-09-07T14:03:25.412530
2026-09-07,poniedzialek,katowice,Naznaczony: Wyjście z mrocznego wymiaru,Cinema City Katowice Punkt 44,20:50,,,2026-09-07T14:03:25.412530
2026-09-07,poniedzialek,katowice,Naznaczony: Wyjście z mrocznego wymiaru,Cinema City Katowice Silesia,12:00,,,2026-09-07T14:03:25.412530
2026-09-07,poniedzialek,katowice,Naznaczony: Wyjście z mrocznego wymiaru,Cinema City Katowice Silesia,14:30,,,2026-09-07T14:03:25.412530
2026-09-07,poniedzialek,katowice,Naznaczony: Wyjście z mrocznego wymiaru,Cinema City Katowice Silesia,17:00,,,2026-09-07T14:03:25.412530
2026-09-07,poniedzialek,katowice,Naznaczony: Wyjście z mrocznego wymiaru,Cinema City Katowice Silesia,19:30,,,2026-09-07T14:03:25.412530
2026-09-07,poniedzialek,katowice,Naznaczony: Wyjście z mrocznego wymiaru,Cinema City Katowice Silesia,22:00,,,2026-09-07T14:03:25.412530
2026-09-07,poniedzialek,katowice,Naznaczony: Wyjście z mrocznego wymiaru,Helios Katowice,20:15,,,2026-09-07T14:03:25.412530
2026-09-07,poniedzialek,katowice,Naznaczony: Wyjście z mrocznego wymiaru,Multikino Katowice,21:00,,,2026-09-07T14:03:25.412530
2026-09-07,poniedzialek,katowice,Nie patrz w dół 2,Cinema City Katowice Punkt 44,11:50,,,2026-09-07T14:03:25.412530
2026-09-07,poniedzialek,katowice,Nie patrz w dół 2,Cinema City Katowice Punkt 44,14:10,,,2026-09-07T14:03:25.412530
2026-09-07,poniedzialek,katowice,Nie patrz w dół 2,Cinema City Katowice Punkt 44,16:40,,,2026-09-07T14:03:25.412530
2026-09-07,poniedzialek,katowice,Nie patrz w dół 2,Cinema City Katowice Punkt 44,19:00,,,2026-09-07T14:03:25.412530
2026-09-07,poniedzialek,katowice,Nie patrz w dół 2,Cinema City Katowice Punkt 44,21:20,,,2026-09-07T14:03:25.412530
2026-09-07,poniedzialek,katowice,Nie patrz w dół 2,Cinema City Katowice Silesia,13:00,,,2026-09-07T14:03:25.412530
2026-09-07,poniedzialek,katowice,Nie patrz w dół 2,Cinema City Katowice Silesia,17:40,,,2026-09-07T14:03:25.412530
2026-09-07,poniedzialek,katowice,Nie patrz w dół 2,Cinema City Katowice Silesia,20:00,,,2026-09-07T14:03:25.412530
2026-09-07,poniedzialek,katowice,Nie patrz w dół 2,Cinema City Katowice Silesia,22:20,,,2026-09-07T14:03:25.412530
2026-09-07,poniedzialek,katowice,Nie patrz w dół 2,Helios Katowice,16:00,,,2026-09-07T14:03:25.412530
2026-09-07,poniedzialek,katowice,Nie patrz w dół 2,Helios Katowice,19:00,,,2026-09-07T14:03:25.412530
2026-09-07,poniedzialek,katowice,Nie patrz w dół 2,Helios Katowice,21:00,,,2026-09-07T14:03:25.412530
2026-09-07,poniedzialek,katowice,Nie patrz w dół 2,Multikino Katowice,13:15,,,2026-09-07T14:03:25.412530
2026-09-07,poniedzialek,katowice,Nie patrz w dół 2,Multikino Katowice,15:35,,,2026-09-07T14:03:25.412530
2026-09-07,poniedzialek,katowice,Nie patrz w dół 2,Multikino Katowice,17:55,,,2026-09-07T14:03:25.412530
2026-09-07,poniedzialek,katowice,Nie patrz w dół 2,Multikino Katowice,20:30,,,2026-09-07T14:03:25.412530
2026-09-07,poniedzialek,katowice,O czym sobie nie mówimy,Kinoteatr Rialto w Katowicach,19:00,,,2026-09-07T14:03:25.412530
2026-09-07,poniedzialek,katowice,Odyseja,Cinema City Katowice Punkt 44,11:00,,,2026-09-07T14:03:25.412530
2026-09-07,poniedzialek,katowice,Odyseja,Cinema City Katowice Punkt 44,14:30,,,2026-09-07T14:03:25.412530
2026-09-07,poniedzialek,katowice,Odyseja,Cinema City Katowice Punkt 44,19:40,,,2026-09-07T14:03:25.412530
2026-09-07,poniedzialek,katowice,Odyseja,Cinema City Katowice Punkt 44 IMAX,11:10,,,2026-09-07T14:03:25.412530
2026-09-07,poniedzialek,katowice,Odyseja,Cinema City Katowice Punkt 44 IMAX,14:45,,,2026-09-07T14:03:25.412530
2026-09-07,poniedzialek,katowice,Odyseja,Cinema City Katowice Punkt 44 IMAX,18:20,,,2026-09-07T14:03:25.412530
2026-09-07,poniedzialek,katowice,Odyseja,Cinema City Katowice Silesia,10:40,,,2026-09-07T14:03:25.412530
2026-09-07,poniedzialek,katowice,Odyseja,Cinema City Katowice Silesia,14:20,,,2026-09-07T14:03:25.412530
2026-09-07,poniedzialek,katowice,Odyseja,Cinema City Katowice Silesia,18:00,,,2026-09-07T14:03:25.412530
2026-09-07,poniedzialek,katowice,Odyseja,Cinema City Katowice Silesia,21:40,,,2026-09-07T14:03:25.412530
2026-09-07,poniedzialek,katowice,Odyseja,Helios Katowice,12:45,,,2026-09-07T14:03:25.412530
2026-09-07,poniedzialek,katowice,Odyseja,Helios Katowice,16:45,,,2026-09-07T14:03:25.412530
2026-09-07,poniedzialek,katowice,Odyseja,Multikino Katowice,12:10,,,2026-09-07T14:03:25.412530
2026-09-07,poniedzialek,katowice,Odyseja,Multikino Katowice,15:45,,,2026-09-07T14:03:25.412530
2026-09-07,poniedzialek,katowice,Odyseja,Multikino Katowice,19:20,,,2026-09-07T14:03:25.412530
2026-09-07,poniedzialek,katowice,Odzyskany,Cinema City Katowice Silesia,12:20,,,2026-09-07T14:03:25.412530
2026-09-07,poniedzialek,katowice,Orlando,Kino Kosmos w Katowicach,18:30,,,2026-09-07T14:03:25.412530
2026-09-07,poniedzialek,katowice,Psi Patrol i dinozaury,Helios Katowice,12:30,,,2026-09-07T14:03:25.412530
2026-09-07,poniedzialek,katowice,Psi Patrol i dinozaury,Helios Katowice,14:40,,,2026-09-07T14:03:25.412530
2026-09-07,poniedzialek,katowice,Psi Patrol i dinozaury,Helios Katowice,17:00,,,2026-09-07T14:03:25.412530
2026-09-07,poniedzialek,katowice,Psi Patrol i dinozaury (dubbing),Cinema City Katowice Punkt 44,11:50,,dubbing,2026-09-07T14:03:25.412530
2026-09-07,poniedzialek,katowice,Psi Patrol i dinozaury (dubbing),Cinema City Katowice Punkt 44,13:50,,dubbing,2026-09-07T14:03:25.412530
2026-09-07,poniedzialek,katowice,Psi Patrol i dinozaury (dubbing),Cinema City Katowice Punkt 44,15:50,,dubbing,2026-09-07T14:03:25.412530
2026-09-07,poniedzialek,katowice,Psi Patrol i dinozaury (dubbing),Cinema City Katowice Punkt 44,17:50,,dubbing,2026-09-07T14:03:25.412530
2026-09-07,poniedzialek,katowice,Psi Patrol i dinozaury (dubbing),Cinema City Katowice Silesia,10:50,,dubbing,2026-09-07T14:03:25.412530
2026-09-07,poniedzialek,katowice,Psi Patrol i dinozaury (dubbing),Cinema City Katowice Silesia,13:00,,dubbing,2026-09-07T14:03:25.412530
2026-09-07,poniedzialek,katowice,Psi Patrol i dinozaury (dubbing),Cinema City Katowice Silesia,15:10,,dubbing,2026-09-07T14:03:25.412530
2026-09-07,poniedzialek,katowice,Psi Patrol i dinozaury (dubbing),Multikino Katowice,10:00,,dubbing,2026-09-07T14:03:25.412530
2026-09-07,poniedzialek,katowice,Psi Patrol i dinozaury (dubbing),Multikino Katowice,10:45,,dubbing,2026-09-07T14:03:25.412530
2026-09-07,poniedzialek,katowice,Psi Patrol i dinozaury (dubbing),Multikino Katowice,11:40,,dubbing,2026-09-07T14:03:25.412530
2026-09-07,poniedzialek,katowice,Psi Patrol i dinozaury (dubbing),Multikino Katowice,13:00,,dubbing,2026-09-07T14:03:25.412530
2026-09-07,poniedzialek,katowice,Pucio kocha zwierzaki,Cinema City Katowice Punkt 44,11:00,,,2026-09-07T14:03:25.412530
2026-09-07,poniedzialek,katowice,Pucio kocha zwierzaki,Cinema City Katowice Punkt 44,11:40,,,2026-09-07T14:03:25.412530
2026-09-07,poniedzialek,katowice,Pucio kocha zwierzaki,Cinema City Katowice Punkt 44,13:10,,,2026-09-07T14:03:25.412530
2026-09-07,poniedzialek,katowice,Pucio kocha zwierzaki,Cinema City Katowice Punkt 44,14:40,,,2026-09-07T14:03:25.412530
2026-09-07,poniedzialek,katowice,Pucio kocha zwierzaki,Cinema City Katowice Punkt 44,16:10,,,2026-09-07T14:03:25.412530
2026-09-07,poniedzialek,katowice,Pucio kocha zwierzaki,Cinema City Katowice Silesia,10:00,,,2026-09-07T14:03:25.412530
2026-09-07,poniedzialek,katowice,Pucio kocha zwierzaki,Cinema City Katowice Silesia,10:30,,,2026-09-07T14:03:25.412530
2026-09-07,poniedzialek,katowice,Pucio kocha zwierzaki,Cinema City Katowice Silesia,11:30,,,2026-09-07T14:03:25.412530
2026-09-07,poniedzialek,katowice,Pucio kocha zwierzaki,Cinema City Katowice Silesia,14:40,,,2026-09-07T14:03:25.412530
2026-09-07,poniedzialek,katowice,Pucio kocha zwierzaki,Helios Katowice,11:40,,,2026-09-07T14:03:25.412530
2026-09-07,poniedzialek,katowice,Pucio kocha zwierzaki,Helios Katowice,13:10,,,2026-09-07T14:03:25.412530
2026-09-07,poniedzialek,katowice,Pucio kocha zwierzaki,Multikino Katowice,10:35,,,2026-09-07T14:03:25.412530
2026-09-07,poniedzialek,katowice,Pucio kocha zwierzaki,Multikino Katowice,11:45,,,2026-09-07T14:03:25.412530
2026-09-07,poniedzialek,katowice,Pucio kocha zwierzaki,Multikino Katowice,12:55,,,2026-09-07T14:03:25.412530
2026-09-07,poniedzialek,katowice,Spa Weekend,Cinema City Katowice Punkt 44,15:10,,,2026-09-07T14:03:25.412530
2026-09-07,poniedzialek,katowice,Spa Weekend,Cinema City Katowice Punkt 44,17:30,,,2026-09-07T14:03:25.412530
2026-09-07,poniedzialek,katowice,Spa Weekend,Cinema City Katowice Punkt 44,19:50,,,2026-09-07T14:03:25.412530
2026-09-07,poniedzialek,katowice,Spa Weekend,Cinema City Katowice Silesia,16:40,,,2026-09-07T14:03:25.412530
2026-09-07,poniedzialek,katowice,Spa Weekend,Cinema City Katowice Silesia,19:00,,,2026-09-07T14:03:25.412530
2026-09-07,poniedzialek,katowice,Spa Weekend,Cinema City Katowice Silesia,21:20,,,2026-09-07T14:03:25.412530
2026-09-07,poniedzialek,katowice,Spa Weekend,Helios Katowice,15:15,,,2026-09-07T14:03:25.412530
2026-09-07,poniedzialek,katowice,Spa Weekend,Helios Katowice,18:45,,,2026-09-07T14:03:25.412530
2026-09-07,poniedzialek,katowice,Spa Weekend,Helios Katowice,21:10,,,2026-09-07T14:03:25.412530
2026-09-07,poniedzialek,katowice,Spa Weekend,Multikino Katowice,13:45,,,2026-09-07T14:03:25.412530
2026-09-07,poniedzialek,katowice,Spa Weekend,Multikino Katowice,16:05,,,2026-09-07T14:03:25.412530
2026-09-07,poniedzialek,katowice,Spa Weekend,Multikino Katowice,18:25,,,2026-09-07T14:03:25.412530
2026-09-07,poniedzialek,katowice,Spa Weekend,Multikino Katowice,20:45,,,2026-09-07T14:03:25.412530
2026-09-07,poniedzialek,katowice,Spider-Man. Całkiem nowy dzień,Cinema City Katowice Punkt 44,16:30,,,2026-09-07T14:03:25.412530
2026-09-07,poniedzialek,katowice,Spider-Man. Całkiem nowy dzień,Cinema City Katowice Punkt 44,19:40,,,2026-09-07T14:03:25.412530
2026-09-07,poniedzialek,katowice,Spider-Man. Całkiem nowy dzień,Cinema City Katowice Silesia,11:00,,,2026-09-07T14:03:25.412530
2026-09-07,poniedzialek,katowice,Spider-Man. Całkiem nowy dzień,Cinema City Katowice Silesia,14:10,,,2026-09-07T14:03:25.412530
2026-09-07,poniedzialek,katowice,Spider-Man. Całkiem nowy dzień,Cinema City Katowice Silesia,18:50,,,2026-09-07T14:03:25.412530
2026-09-07,poniedzialek,katowice,Spider-Man. Całkiem nowy dzień,Cinema City Katowice Silesia,22:00,,,2026-09-07T14:03:25.412530
2026-09-07,poniedzialek,katowice,Spider-Man. Całkiem nowy dzień,Helios Katowice,12:10,,,2026-09-07T14:03:25.412530
2026-09-07,poniedzialek,katowice,Spider-Man. Całkiem nowy dzień,Helios Katowice,14:50,,,2026-09-07T14:03:25.412530
2026-09-07,poniedzialek,katowice,Spider-Man. Całkiem nowy dzień,Helios Katowice,16:20,,,2026-09-07T14:03:25.412530
2026-09-07,poniedzialek,katowice,Spider-Man. Całkiem nowy dzień,Helios Katowice,19:30,,,2026-09-07T14:03:25.412530
2026-09-07,poniedzialek,katowice,Spider-Man. Całkiem nowy dzień,Multikino Katowice,14:10,,,2026-09-07T14:03:25.412530
2026-09-07,poniedzialek,katowice,Spider-Man. Całkiem nowy dzień,Multikino Katowice,15:10,,,2026-09-07T14:03:25.412530
2026-09-07,poniedzialek,katowice,Spider-Man. Całkiem nowy dzień,Multikino Katowice,16:20,,,2026-09-07T14:03:25.412530
2026-09-07,poniedzialek,katowice,Spider-Man. Całkiem nowy dzień,Multikino Katowice,17:20,,,2026-09-07T14:03:25.412530
2026-09-07,poniedzialek,katowice,Spider-Man. Całkiem nowy dzień,Multikino Katowice,19:30,,,2026-09-07T14:03:25.412530
2026-09-07,poniedzialek,katowice,Spider-Man. Całkiem nowy dzień,Multikino Katowice,20:30,,,2026-09-07T14:03:25.412530
2026-09-07,poniedzialek,katowice,Spider-Man. Całkiem nowy dzień (dubbing),Cinema City Katowice Punkt 44,11:50,,dubbing,2026-09-07T14:03:25.412530
2026-09-07,poniedzialek,katowice,Spider-Man. Całkiem nowy dzień (dubbing),Cinema City Katowice Punkt 44,15:00,,dubbing,2026-09-07T14:03:25.412530
2026-09-07,poniedzialek,katowice,Spider-Man. Całkiem nowy dzień (dubbing),Cinema City Katowice Silesia,12:30,,dubbing,2026-09-07T14:03:25.412530
2026-09-07,poniedzialek,katowice,Spider-Man. Całkiem nowy dzień (dubbing),Cinema City Katowice Silesia,15:40,,dubbing,2026-09-07T14:03:25.412530
2026-09-07,poniedzialek,katowice,Spider-Man. Całkiem nowy dzień (dubbing),Cinema City Katowice Silesia,17:20,,dubbing,2026-09-07T14:03:25.412530
2026-09-07,poniedzialek,katowice,Spider-Man. Całkiem nowy dzień (dubbing),Cinema City Katowice Silesia,20:30,,dubbing,2026-09-07T14:03:25.412530
2026-09-07,poniedzialek,katowice,Spider-Man. Całkiem nowy dzień 3D (dubbing),Cinema City Katowice Punkt 44,17:40,3D,dubbing,2026-09-07T14:03:25.412530
2026-09-07,poniedzialek,katowice,Spider-Man. Całkiem nowy dzień 3D (dubbing),Cinema City Katowice Silesia,15:00,3D,dubbing,2026-09-07T14:03:25.412530
2026-09-07,poniedzialek,katowice,Spider-Man. Całkiem nowy dzień 3D (dubbing),Multikino Katowice,13:10,3D,dubbing,2026-09-07T14:03:25.412530
2026-09-07,poniedzialek,katowice,Sunny Dancer,Cinema City Katowice Silesia,22:10,,,2026-09-07T14:03:25.412530
2026-09-07,poniedzialek,katowice,Terminator 2: Dzień sądu,Cinema City Katowice Punkt 44,12:30,,,2026-09-07T14:03:25.412530
2026-09-07,poniedzialek,katowice,Terminator 2: Dzień sądu,Cinema City Katowice Punkt 44,20:30,,,2026-09-07T14:03:25.412530
2026-09-07,poniedzialek,katowice,Terminator 2: Dzień sądu,Cinema City Katowice Silesia,20:50,,,2026-09-07T14:03:25.412530
2026-09-07,poniedzialek,katowice,Terminator 2: Dzień sądu,Multikino Katowice,11:10,,,2026-09-07T14:03:25.412530
2026-09-07,poniedzialek,katowice,Tony,Cinema City Katowice Punkt 44,12:50,,,2026-09-07T14:03:25.412530
2026-09-07,poniedzialek,katowice,Tony,Cinema City Katowice Punkt 44,15:20,,,2026-09-07T14:03:25.412530
2026-09-07,poniedzialek,katowice,Tony,Cinema City Katowice Punkt 44,18:20,,,2026-09-07T14:03:25.412530
2026-09-07,poniedzialek,katowice,Tony,Cinema City Katowice Punkt 44,20:50,,,2026-09-07T14:03:25.412530
2026-09-07,poniedzialek,katowice,Tony,Cinema City Katowice Silesia,13:20,,,2026-09-07T14:03:25.412530
2026-09-07,poniedzialek,katowice,Tony,Cinema City Katowice Silesia,15:50,,,2026-09-07T14:03:25.412530
2026-09-07,poniedzialek,katowice,Tony,Cinema City Katowice Silesia,18:20,,,2026-09-07T14:03:25.412530
2026-09-07,poniedzialek,katowice,Tony,Cinema City Katowice Silesia,20:50,,,2026-09-07T14:03:25.412530
2026-09-07,poniedzialek,katowice,Tony,Helios Katowice,16:10,,,2026-09-07T14:03:25.412530
2026-09-07,poniedzialek,katowice,Tony,Helios Katowice,20:00,,,2026-09-07T14:03:25.412530
2026-09-07,poniedzialek,katowice,Tony,Kino Kosmos w Katowicach,16:30,,,2026-09-07T14:03:25.412530
2026-09-07,poniedzialek,katowice,Tony,Kino Studyjne Światowid w Katowicach,12:00,,,2026-09-07T14:03:25.412530
2026-09-07,poniedzialek,katowice,Tony,Kino Studyjne Światowid w Katowicach,18:00,,,2026-09-07T14:03:25.412530
2026-09-07,poniedzialek,katowice,Tony,Kinoteatr Rialto w Katowicach,13:45,,,2026-09-07T14:03:25.412530
2026-09-07,poniedzialek,katowice,Tony,Multikino Katowice,12:15,,,2026-09-07T14:03:25.412530
2026-09-07,poniedzialek,katowice,Tony,Multikino Katowice,14:45,,,2026-09-07T14:03:25.412530
2026-09-07,poniedzialek,katowice,Tony,Multikino Katowice,17:15,,,2026-09-07T14:03:25.412530
2026-09-07,poniedzialek,katowice,Tony,Multikino Katowice,20:15,,,2026-09-07T14:03:25.412530
2026-09-07,poniedzialek,katowice,Toy Story 5 (dubbing),Cinema City Katowice Punkt 44,12:40,,dubbing,2026-09-07T14:03:25.412530
2026-09-07,poniedzialek,katowice,Toy Story 5 (dubbing),Cinema City Katowice Punkt 44,19:50,,dubbing,2026-09-07T14:03:25.412530
2026-09-07,poniedzialek,katowice,Toy Story 5 (dubbing),Cinema City Katowice Silesia,12:30,,dubbing,2026-09-07T14:03:25.412530
2026-09-07,poniedzialek,katowice,Tylko jedna noc,Cinema City Katowice Punkt 44,17:50,,,2026-09-07T14:03:25.412530
2026-09-07,poniedzialek,katowice,Tylko jedna noc,Cinema City Katowice Punkt 44,22:00,,,2026-09-07T14:03:25.412530
2026-09-07,poniedzialek,katowice,Tylko jedna noc,Cinema City Katowice Silesia,17:20,,,2026-09-07T14:03:25.412530
2026-09-07,poniedzialek,katowice,Vaiana (dubbing),Cinema City Katowice Silesia,10:40,,dubbing,2026-09-07T14:03:25.412530
2026-09-07,poniedzialek,katowice,Wrong Girls,Cinema City Katowice Silesia,10:10,,,2026-09-07T14:03:25.412530
2026-09-07,poniedzialek,katowice,Zaproszenie,Cinema City Katowice Punkt 44,22:00,,,2026-09-07T14:03:25.412530
2026-09-07,poniedzialek,katowice,Zróbmy sobie przerwę,Helios Katowice,12:00,,,2026-09-07T14:03:25.412530
2026-09-07,poniedzialek,katowice,Zróbmy sobie przerwę,Kino Studyjne Światowid w Katowicach,14:00,,,2026-09-07T14:03:25.412530
2026-09-07,poniedzialek,katowice,АСТРАЛ: ЗА МЕЖАМИ ПОТОЙБІЧЧЯ / Naznaczony: Wyjście z mrocznego wymiaru (ukr.),Multikino Katowice,13:50,,,2026-09-07T14:03:25.412530
2026-09-07,poniedzialek,katowice,Людина-павук: Абсолютно новий день / Spider-Man. Całkiem nowy dzień (ukr.),Multikino Katowice,14:10,,,2026-09-07T14:03:25.412530
2026-09-07,poniedzialek,białystok,100 dni: Misja Zeus,Helios Białystok Alfa,18:30,,,2026-09-07T14:03:27.439335
2026-09-07,poniedzialek,białystok,100 dni: Misja Zeus,Helios Białystok Atrium Biała,18:30,,,2026-09-07T14:03:27.439335
2026-09-07,poniedzialek,białystok,100 dni: Misja Zeus,Helios Białystok Jurowiecka,18:30,,,2026-09-07T14:03:27.439335
2026-09-07,poniedzialek,białystok,500 mil,Helios Białystok Alfa,17:30,,,2026-09-07T14:03:27.439335
2026-09-07,poniedzialek,białystok,500 mil,Kino Forum - Białostocki Ośrodek Kultury,18:30,,,2026-09-07T14:03:27.439335
2026-09-07,poniedzialek,białystok,André Rieu. Niech żyje Maastricht!,Helios Białystok Alfa,18:00,,,2026-09-07T14:03:27.439335
2026-09-07,poniedzialek,białystok,André Rieu. Niech żyje Maastricht!,Helios Białystok Atrium Biała,18:00,,,2026-09-07T14:03:27.439335
2026-09-07,poniedzialek,białystok,André Rieu. Niech żyje Maastricht!,Helios Białystok Jurowiecka,18:00,,,2026-09-07T14:03:27.439335
2026-09-07,poniedzialek,białystok,Buntownik,Helios Białystok Alfa,18:15,,,2026-09-07T14:03:27.439335
2026-09-07,poniedzialek,białystok,Buntownik,Helios Białystok Jurowiecka,15:30,,,2026-09-07T14:03:27.439335
2026-09-07,poniedzialek,białystok,Gorzkie święta,Helios Białystok Alfa,15:40,,,2026-09-07T14:03:27.439335
2026-09-07,poniedzialek,białystok,Gorzkie święta,Kino Forum - Białostocki Ośrodek Kultury,16:15,,,2026-09-07T14:03:27.439335
2026-09-07,poniedzialek,białystok,Gorzkie święta,Kino Forum - Białostocki Ośrodek Kultury,20:30,,,2026-09-07T14:03:27.439335
2026-09-07,poniedzialek,białystok,Gwiazdozbiór Psa,Helios Białystok Alfa,15:20,,,2026-09-07T14:03:27.439335
2026-09-07,poniedzialek,białystok,Gwiazdozbiór Psa,Helios Białystok Alfa,20:30,,,2026-09-07T14:03:27.439335
2026-09-07,poniedzialek,białystok,Gwiazdozbiór Psa,Helios Białystok Atrium Biała,13:20,,,2026-09-07T14:03:27.439335
2026-09-07,poniedzialek,białystok,Gwiazdozbiór Psa,Helios Białystok Atrium Biała,16:20,,,2026-09-07T14:03:27.439335
2026-09-07,poniedzialek,białystok,Gwiazdozbiór Psa,Helios Białystok Atrium Biała,20:20,,,2026-09-07T14:03:27.439335
2026-09-07,poniedzialek,białystok,Gwiazdozbiór Psa,Helios Białystok Jurowiecka,15:50,,,2026-09-07T14:03:27.439335
2026-09-07,poniedzialek,białystok,Koniec Ulicy Dębowej,Helios Białystok Alfa,16:10,,,2026-09-07T14:03:27.439335
2026-09-07,poniedzialek,białystok,Księga pustyni,Helios Białystok Alfa,11:00,,,2026-09-07T14:03:27.439335
2026-09-07,poniedzialek,białystok,Księga pustyni,Helios Białystok Alfa,14:00,,,2026-09-07T14:03:27.439335
2026-09-07,poniedzialek,białystok,Księga pustyni,Helios Białystok Atrium Biała,11:30,,,2026-09-07T14:03:27.439335
2026-09-07,poniedzialek,białystok,Księga pustyni,Helios Białystok Atrium Biała,14:10,,,2026-09-07T14:03:27.439335
2026-09-07,poniedzialek,białystok,Księga pustyni,Helios Białystok Jurowiecka,14:50,,,2026-09-07T14:03:27.439335
2026-09-07,poniedzialek,białystok,Minionki i straszydła (dubbing),Helios Białystok Alfa,11:45,,dubbing,2026-09-07T14:03:27.439335
2026-09-07,poniedzialek,białystok,Minionki i straszydła (dubbing),Helios Białystok Alfa,13:20,,dubbing,2026-09-07T14:03:27.439335
2026-09-07,poniedzialek,białystok,Naznaczony: Wyjście z mrocznego wymiaru,Helios Białystok Alfa,18:45,,,2026-09-07T14:03:27.439335
2026-09-07,poniedzialek,białystok,Naznaczony: Wyjście z mrocznego wymiaru,Helios Białystok Alfa,21:10,,,2026-09-07T14:03:27.439335
2026-09-07,poniedzialek,białystok,Naznaczony: Wyjście z mrocznego wymiaru,Helios Białystok Atrium Biała,14:20,,,2026-09-07T14:03:27.439335
2026-09-07,poniedzialek,białystok,Naznaczony: Wyjście z mrocznego wymiaru,Helios Białystok Atrium Biała,21:20,,,2026-09-07T14:03:27.439335
2026-09-07,poniedzialek,białystok,Naznaczony: Wyjście z mrocznego wymiaru,Helios Białystok Jurowiecka,12:10,,,2026-09-07T14:03:27.439335
2026-09-07,poniedzialek,białystok,Naznaczony: Wyjście z mrocznego wymiaru,Helios Białystok Jurowiecka,21:15,,,2026-09-07T14:03:27.439335
2026-09-07,poniedzialek,białystok,Nie patrz w dół 2,Helios Białystok Alfa,11:20,,,2026-09-07T14:03:27.439335
2026-09-07,poniedzialek,białystok,Nie patrz w dół 2,Helios Białystok Alfa,15:10,,,2026-09-07T14:03:27.439335
2026-09-07,poniedzialek,białystok,Nie patrz w dół 2,Helios Białystok Alfa,19:00,,,2026-09-07T14:03:27.439335
2026-09-07,poniedzialek,białystok,Nie patrz w dół 2,Helios Białystok Alfa,21:20,,,2026-09-07T14:03:27.439335
2026-09-07,poniedzialek,białystok,Nie patrz w dół 2,Helios Białystok Atrium Biała,11:50,,,2026-09-07T14:03:27.439335
2026-09-07,poniedzialek,białystok,Nie patrz w dół 2,Helios Białystok Atrium Biała,16:30,,,2026-09-07T14:03:27.439335
2026-09-07,poniedzialek,białystok,Nie patrz w dół 2,Helios Białystok Atrium Biała,18:50,,,2026-09-07T14:03:27.439335
2026-09-07,poniedzialek,białystok,Nie patrz w dół 2,Helios Białystok Atrium Biała,21:30,,,2026-09-07T14:03:27.439335
2026-09-07,poniedzialek,białystok,Odyseja,Helios Białystok Alfa,11:30,,,2026-09-07T14:03:27.439335
2026-09-07,poniedzialek,białystok,Odyseja,Helios Białystok Alfa,15:30,,,2026-09-07T14:03:27.439335
2026-09-07,poniedzialek,białystok,Odyseja,Helios Białystok Alfa,20:00,,,2026-09-07T14:03:27.439335
2026-09-07,poniedzialek,białystok,Odyseja,Helios Białystok Atrium Biała,12:45,,,2026-09-07T14:03:27.439335
2026-09-07,poniedzialek,białystok,Odyseja,Helios Białystok Atrium Biała,16:45,,,2026-09-07T14:03:27.439335
2026-09-07,poniedzialek,białystok,Odyseja,Helios Białystok Atrium Biała,19:15,,,2026-09-07T14:03:27.439335
2026-09-07,poniedzialek,białystok,Odyseja,Helios Białystok Jurowiecka,14:10,,,2026-09-07T14:03:27.439335
2026-09-07,poniedzialek,białystok,Odyseja,Helios Białystok Jurowiecka,19:15,,,2026-09-07T14:03:27.439335
2026-09-07,poniedzialek,białystok,Psi Patrol i dinozaury,Helios Białystok Alfa,11:10,,,2026-09-07T14:03:27.439335
2026-09-07,poniedzialek,białystok,Psi Patrol i dinozaury,Helios Białystok Alfa,13:10,,,2026-09-07T14:03:27.439335
2026-09-07,poniedzialek,białystok,Psi Patrol i dinozaury,Helios Białystok Alfa,14:20,,,2026-09-07T14:03:27.439335
2026-09-07,poniedzialek,białystok,Psi Patrol i dinozaury,Helios Białystok Alfa,16:30,,,2026-09-07T14:03:27.439335
2026-09-07,poniedzialek,białystok,Psi Patrol i dinozaury,Helios Białystok Atrium Biała,12:10,,,2026-09-07T14:03:27.439335
2026-09-07,poniedzialek,białystok,Psi Patrol i dinozaury,Helios Białystok Atrium Biała,14:45,,,2026-09-07T14:03:27.439335
2026-09-07,poniedzialek,białystok,Psi Patrol i dinozaury,Helios Białystok Atrium Biała,17:00,,,2026-09-07T14:03:27.439335
2026-09-07,poniedzialek,białystok,Psi Patrol i dinozaury,Helios Białystok Jurowiecka,12:20,,,2026-09-07T14:03:27.439335
2026-09-07,poniedzialek,białystok,Psi Patrol i dinozaury,Helios Białystok Jurowiecka,14:40,,,2026-09-07T14:03:27.439335
2026-09-07,poniedzialek,białystok,Psi Patrol i dinozaury,Helios Białystok Jurowiecka,17:00,,,2026-09-07T14:03:27.439335
2026-09-07,poniedzialek,białystok,Pucio kocha zwierzaki,Helios Białystok Alfa,11:40,,,2026-09-07T14:03:27.439335
2026-09-07,poniedzialek,białystok,Pucio kocha zwierzaki,Helios Białystok Alfa,13:00,,,2026-09-07T14:03:27.439335
2026-09-07,poniedzialek,białystok,Pucio kocha zwierzaki,Helios Białystok Atrium Biała,11:40,,,2026-09-07T14:03:27.439335
2026-09-07,poniedzialek,białystok,Pucio kocha zwierzaki,Helios Białystok Atrium Biała,13:10,,,2026-09-07T14:03:27.439335
2026-09-07,poniedzialek,białystok,Pucio kocha zwierzaki,Helios Białystok Jurowiecka,12:00,,,2026-09-07T14:03:27.439335
2026-09-07,poniedzialek,białystok,Pucio kocha zwierzaki,Helios Białystok Jurowiecka,14:20,,,2026-09-07T14:03:27.439335
2026-09-07,poniedzialek,białystok,Spa Weekend,Helios Białystok Atrium Biała,15:40,,,2026-09-07T14:03:27.439335
2026-09-07,poniedzialek,białystok,Spa Weekend,Helios Białystok Atrium Biała,18:40,,,2026-09-07T14:03:27.439335
2026-09-07,poniedzialek,białystok,Spa Weekend,Helios Białystok Atrium Biała,21:10,,,2026-09-07T14:03:27.439335
2026-09-07,poniedzialek,białystok,Spa Weekend,Helios Białystok Jurowiecka,12:00,,,2026-09-07T14:03:27.439335
2026-09-07,poniedzialek,białystok,Spa Weekend,Helios Białystok Jurowiecka,17:15,,,2026-09-07T14:03:27.439335
2026-09-07,poniedzialek,białystok,Spa Weekend,Helios Białystok Jurowiecka,20:15,,,2026-09-07T14:03:27.439335
2026-09-07,poniedzialek,białystok,Spider-Man. Całkiem nowy dzień,Helios Białystok Alfa,12:30,,,2026-09-07T14:03:27.439335
2026-09-07,poniedzialek,białystok,Spider-Man. Całkiem nowy dzień,Helios Białystok Alfa,13:45,,,2026-09-07T14:03:27.439335
2026-09-07,poniedzialek,białystok,Spider-Man. Całkiem nowy dzień,Helios Białystok Alfa,17:00,,,2026-09-07T14:03:27.439335
2026-09-07,poniedzialek,białystok,Spider-Man. Całkiem nowy dzień,Helios Białystok Alfa,20:15,,,2026-09-07T14:03:27.439335
2026-09-07,poniedzialek,białystok,Spider-Man. Całkiem nowy dzień,Helios Białystok Alfa,21:20,,,2026-09-07T14:03:27.439335
2026-09-07,poniedzialek,białystok,Spider-Man. Całkiem nowy dzień,Helios Białystok Atrium Biała,12:30,,,2026-09-07T14:03:27.439335
2026-09-07,poniedzialek,białystok,Spider-Man. Całkiem nowy dzień,Helios Białystok Atrium Biała,14:20,,,2026-09-07T14:03:27.439335
2026-09-07,poniedzialek,białystok,Spider-Man. Całkiem nowy dzień,Helios Białystok Atrium Biała,17:30,,,2026-09-07T14:03:27.439335
2026-09-07,poniedzialek,białystok,Spider-Man. Całkiem nowy dzień,Helios Białystok Atrium Biała,20:45,,,2026-09-07T14:03:27.439335
2026-09-07,poniedzialek,białystok,Spider-Man. Całkiem nowy dzień,Helios Białystok Jurowiecka,13:30,,,2026-09-07T14:03:27.439335
2026-09-07,poniedzialek,białystok,Spider-Man. Całkiem nowy dzień,Helios Białystok Jurowiecka,16:45,,,2026-09-07T14:03:27.439335
2026-09-07,poniedzialek,białystok,Spider-Man. Całkiem nowy dzień,Helios Białystok Jurowiecka,20:00,,,2026-09-07T14:03:27.439335
2026-09-07,poniedzialek,białystok,Sunny Dancer,Helios Białystok Atrium Biała,16:10,,,2026-09-07T14:03:27.439335
2026-09-07,poniedzialek,białystok,Tony,Helios Białystok Atrium Biała,13:40,,,2026-09-07T14:03:27.439335
2026-09-07,poniedzialek,białystok,Tony,Helios Białystok Atrium Biała,19:00,,,2026-09-07T14:03:27.439335
2026-09-07,poniedzialek,białystok,Tony,Helios Białystok Atrium Biała,21:00,,,2026-09-07T14:03:27.439335
2026-09-07,poniedzialek,białystok,Tony,Helios Białystok Jurowiecka,11:50,,,2026-09-07T14:03:27.439335
2026-09-07,poniedzialek,białystok,Tony,Helios Białystok Jurowiecka,19:45,,,2026-09-07T14:03:27.439335
2026-09-07,poniedzialek,białystok,Tony,Kino Forum - Białostocki Ośrodek Kultury,14:00,,,2026-09-07T14:03:27.439335
2026-09-07,poniedzialek,białystok,Toy Story 5 (dubbing),Helios Białystok Atrium Biała,12:00,,dubbing,2026-09-07T14:03:27.439335
2026-09-07,poniedzialek,białystok,Toy Story 5 (dubbing),Helios Białystok Atrium Biała,16:00,,dubbing,2026-09-07T14:03:27.439335
2026-09-07,poniedzialek,białystok,Toy Story 5 (dubbing),Helios Białystok Jurowiecka,13:00,,dubbing,2026-09-07T14:03:27.439335
2026-09-07,poniedzialek,białystok,Vincent. Legenda oceanu,Helios Białystok Jurowiecka,09:30,,,2026-09-07T14:03:27.439335
2026-09-07,poniedzialek,białystok,Zróbmy sobie przerwę,Helios Białystok Jurowiecka,17:45,,,2026-09-07T14:03:27.439335
2026-09-07,poniedzialek,gdynia,100 dni: Misja Zeus,Helios Gdynia,18:30,,,2026-09-07T14:03:30.183156
2026-09-07,poniedzialek,gdynia,500 mil,Gdyńskie Centrum Filmowe,14:00,,,2026-09-07T14:03:30.183156
2026-09-07,poniedzialek,gdynia,500 mil,Gdyńskie Centrum Filmowe,17:45,,,2026-09-07T14:03:30.183156
2026-09-07,poniedzialek,gdynia,500 mil,Helios Gdynia,12:20,,,2026-09-07T14:03:30.183156
2026-09-07,poniedzialek,gdynia,500 mil,Helios Gdynia,18:15,,,2026-09-07T14:03:30.183156
2026-09-07,poniedzialek,gdynia,Absolwent,Gdyńskie Centrum Filmowe,18:10,,,2026-09-07T14:03:30.183156
2026-09-07,poniedzialek,gdynia,André Rieu. Niech żyje Maastricht!,Helios Gdynia,18:00,,,2026-09-07T14:03:30.183156
2026-09-07,poniedzialek,gdynia,Gorzkie święta,Gdyńskie Centrum Filmowe,15:30,,,2026-09-07T14:03:30.183156
2026-09-07,poniedzialek,gdynia,Gorzkie święta,Gdyńskie Centrum Filmowe,20:25,,,2026-09-07T14:03:30.183156
2026-09-07,poniedzialek,gdynia,Gorzkie święta,Helios Gdynia,15:30,,,2026-09-07T14:03:30.183156
2026-09-07,poniedzialek,gdynia,Gwiazdozbiór Psa,Gdyńskie Centrum Filmowe,20:15,,,2026-09-07T14:03:30.183156
2026-09-07,poniedzialek,gdynia,Gwiazdozbiór Psa,Helios Gdynia,16:00,,,2026-09-07T14:03:30.183156
2026-09-07,poniedzialek,gdynia,Gwiazdozbiór Psa,Helios Gdynia,20:20,,,2026-09-07T14:03:30.183156
2026-09-07,poniedzialek,gdynia,Kręciołek (dubbing),Gdyńskie Centrum Filmowe,11:00,,dubbing,2026-09-07T14:03:30.183156
2026-09-07,poniedzialek,gdynia,Księga pustyni,Helios Gdynia,10:40,,,2026-09-07T14:03:30.183156
2026-09-07,poniedzialek,gdynia,Kura,Gdyńskie Centrum Filmowe,18:25,,,2026-09-07T14:03:30.183156
2026-09-07,poniedzialek,gdynia,Minionki i straszydła (dubbing),Helios Gdynia,10:30,,dubbing,2026-09-07T14:03:30.183156
2026-09-07,poniedzialek,gdynia,Minionki i straszydła (dubbing),Helios Gdynia,15:15,,dubbing,2026-09-07T14:03:30.183156
2026-09-07,poniedzialek,gdynia,Naznaczony: Wyjście z mrocznego wymiaru,Helios Gdynia,12:40,,,2026-09-07T14:03:30.183156
2026-09-07,poniedzialek,gdynia,Naznaczony: Wyjście z mrocznego wymiaru,Helios Gdynia,17:00,,,2026-09-07T14:03:30.183156
2026-09-07,poniedzialek,gdynia,Nie patrz w dół 2,Helios Gdynia,15:40,,,2026-09-07T14:03:30.183156
2026-09-07,poniedzialek,gdynia,Nie patrz w dół 2,Helios Gdynia,18:45,,,2026-09-07T14:03:30.183156
2026-09-07,poniedzialek,gdynia,Nie patrz w dół 2,Helios Gdynia,21:20,,,2026-09-07T14:03:30.183156
2026-09-07,poniedzialek,gdynia,Odyseja,Helios Gdynia,10:00,,,2026-09-07T14:03:30.183156
2026-09-07,poniedzialek,gdynia,Odyseja,Helios Gdynia,12:00,,,2026-09-07T14:03:30.183156
2026-09-07,poniedzialek,gdynia,Odyseja,Helios Gdynia,13:40,,,2026-09-07T14:03:30.183156
2026-09-07,poniedzialek,gdynia,Odyseja,Helios Gdynia,17:20,,,2026-09-07T14:03:30.183156
2026-09-07,poniedzialek,gdynia,Odyseja,Helios Gdynia,19:30,,,2026-09-07T14:03:30.183156
2026-09-07,poniedzialek,gdynia,Odyseja,Helios Gdynia,21:00,,,2026-09-07T14:03:30.183156
2026-09-07,poniedzialek,gdynia,Odzyskany,Gdyńskie Centrum Filmowe,11:20,,,2026-09-07T14:03:30.183156
2026-09-07,poniedzialek,gdynia,Psi Patrol i dinozaury,Helios Gdynia,10:10,,,2026-09-07T14:03:30.183156
2026-09-07,poniedzialek,gdynia,Psi Patrol i dinozaury,Helios Gdynia,11:20,,,2026-09-07T14:03:30.183156
2026-09-07,poniedzialek,gdynia,Psi Patrol i dinozaury,Helios Gdynia,15:00,,,2026-09-07T14:03:30.183156
2026-09-07,poniedzialek,gdynia,Psi Patrol i dinozaury,Helios Gdynia,17:30,,,2026-09-07T14:03:30.183156
2026-09-07,poniedzialek,gdynia,Pucio kocha zwierzaki,Gdyńskie Centrum Filmowe,10:40,,,2026-09-07T14:03:30.183156
2026-09-07,poniedzialek,gdynia,Pucio kocha zwierzaki,Gdyńskie Centrum Filmowe,14:50,,,2026-09-07T14:03:30.183156
2026-09-07,poniedzialek,gdynia,Pucio kocha zwierzaki,Helios Gdynia,10:20,,,2026-09-07T14:03:30.183156
2026-09-07,poniedzialek,gdynia,Pucio kocha zwierzaki,Helios Gdynia,11:40,,,2026-09-07T14:03:30.183156
2026-09-07,poniedzialek,gdynia,Pucio kocha zwierzaki,Helios Gdynia,13:30,,,2026-09-07T14:03:30.183156
2026-09-07,poniedzialek,gdynia,Spa Weekend,Helios Gdynia,13:50,,,2026-09-07T14:03:30.183156
2026-09-07,poniedzialek,gdynia,Spa Weekend,Helios Gdynia,16:10,,,2026-09-07T14:03:30.183156
2026-09-07,poniedzialek,gdynia,Spa Weekend,Helios Gdynia,21:10,,,2026-09-07T14:03:30.183156
2026-09-07,poniedzialek,gdynia,Spider-Man. Całkiem nowy dzień,Helios Gdynia,10:50,,,2026-09-07T14:03:30.183156
2026-09-07,poniedzialek,gdynia,Spider-Man. Całkiem nowy dzień,Helios Gdynia,12:50,,,2026-09-07T14:03:30.183156
2026-09-07,poniedzialek,gdynia,Spider-Man. Całkiem nowy dzień,Helios Gdynia,17:15,,,2026-09-07T14:03:30.183156
2026-09-07,poniedzialek,gdynia,Spider-Man. Całkiem nowy dzień,Helios Gdynia,19:45,,,2026-09-07T14:03:30.183156
2026-09-07,poniedzialek,gdynia,Sunny Dancer,Gdyńskie Centrum Filmowe,16:00,,,2026-09-07T14:03:30.183156
2026-09-07,poniedzialek,gdynia,Tony,Gdyńskie Centrum Filmowe,13:20,,,2026-09-07T14:03:30.183156
2026-09-07,poniedzialek,gdynia,Tony,Gdyńskie Centrum Filmowe,20:00,,,2026-09-07T14:03:30.183156
2026-09-07,poniedzialek,gdynia,Tony,Helios Gdynia,14:40,,,2026-09-07T14:03:30.183156
2026-09-07,poniedzialek,gdynia,Tony,Helios Gdynia,20:45,,,2026-09-07T14:03:30.183156
2026-09-07,poniedzialek,gdynia,Vivaldi i ja,Gdyńskie Centrum Filmowe,12:40,,,2026-09-07T14:03:30.183156
2026-09-07,poniedzialek,gdynia,Zróbmy sobie przerwę,Gdyńskie Centrum Filmowe,11:50,,,2026-09-07T14:03:30.183156
2026-09-07,poniedzialek,gdynia,Zróbmy sobie przerwę,Gdyńskie Centrum Filmowe,16:15,,,2026-09-07T14:03:30.183156
2026-09-07,poniedzialek,gdynia,Zróbmy sobie przerwę,Helios Gdynia,13:00,,,2026-09-07T14:03:30.183156
2026-09-07,poniedzialek,częstochowa,100 dni: Misja Zeus,Cinema City Częstochowa Wolność,18:30,,,2026-09-07T14:03:32.245780
2026-09-07,poniedzialek,częstochowa,500 mil,Cinema City Częstochowa Galeria Jurajska,19:20,,,2026-09-07T14:03:32.245780
2026-09-07,poniedzialek,częstochowa,500 mil,Cinema City Częstochowa Galeria Jurajska,21:40,,,2026-09-07T14:03:32.245780
2026-09-07,poniedzialek,częstochowa,500 mil,Cinema City Częstochowa Wolność,18:20,,,2026-09-07T14:03:32.245780
2026-09-07,poniedzialek,częstochowa,500 mil,Kino Studyjne OKF Iluzja w Częstochowie,12:00,,,2026-09-07T14:03:32.245780
2026-09-07,poniedzialek,częstochowa,Asterix i Obelix: Misja Kleopatra (dubbing),Cinema City Częstochowa Galeria Jurajska,12:30,,dubbing,2026-09-07T14:03:32.245780
2026-09-07,poniedzialek,częstochowa,Asterix i Obelix: Misja Kleopatra (dubbing),Cinema City Częstochowa Galeria Jurajska,15:00,,dubbing,2026-09-07T14:03:32.245780
2026-09-07,poniedzialek,częstochowa,Asterix i Obelix: Misja Kleopatra (dubbing),Cinema City Częstochowa Galeria Jurajska,17:30,,dubbing,2026-09-07T14:03:32.245780
2026-09-07,poniedzialek,częstochowa,Asterix i Obelix: Misja Kleopatra (dubbing),Cinema City Częstochowa Wolność,18:00,,dubbing,2026-09-07T14:03:32.245780
2026-09-07,poniedzialek,częstochowa,Auta,Cinema City Częstochowa Galeria Jurajska,11:40,,,2026-09-07T14:03:32.245780
2026-09-07,poniedzialek,częstochowa,Auta,Cinema City Częstochowa Galeria Jurajska,14:20,,,2026-09-07T14:03:32.245780
2026-09-07,poniedzialek,częstochowa,Auta,Cinema City Częstochowa Galeria Jurajska,17:00,,,2026-09-07T14:03:32.245780
2026-09-07,poniedzialek,częstochowa,Auta,Cinema City Częstochowa Wolność,12:10,,,2026-09-07T14:03:32.245780
2026-09-07,poniedzialek,częstochowa,Auta,Cinema City Częstochowa Wolność,14:50,,,2026-09-07T14:03:32.245780
2026-09-07,poniedzialek,częstochowa,Auta,Cinema City Częstochowa Wolność,17:30,,,2026-09-07T14:03:32.245780
2026-09-07,poniedzialek,częstochowa,Buntownik,Cinema City Częstochowa Galeria Jurajska,21:00,,,2026-09-07T14:03:32.245780
2026-09-07,poniedzialek,częstochowa,Buntownik,Cinema City Częstochowa Wolność,13:00,,,2026-09-07T14:03:32.245780
2026-09-07,poniedzialek,częstochowa,Gorzkie święta,Cinema City Częstochowa Galeria Jurajska,15:50,,,2026-09-07T14:03:32.245780
2026-09-07,poniedzialek,częstochowa,Gorzkie święta,Cinema City Częstochowa Wolność,17:20,,,2026-09-07T14:03:32.245780
2026-09-07,poniedzialek,częstochowa,Gorzkie święta,Kino Studyjne OKF Iluzja w Częstochowie,16:00,,,2026-09-07T14:03:32.245780
2026-09-07,poniedzialek,częstochowa,Gwiazdozbiór Psa,Cinema City Częstochowa Galeria Jurajska,13:10,,,2026-09-07T14:03:32.245780
2026-09-07,poniedzialek,częstochowa,Gwiazdozbiór Psa,Cinema City Częstochowa Galeria Jurajska,18:20,,,2026-09-07T14:03:32.245780
2026-09-07,poniedzialek,częstochowa,Gwiazdozbiór Psa,Cinema City Częstochowa Galeria Jurajska,21:10,,,2026-09-07T14:03:32.245780
2026-09-07,poniedzialek,częstochowa,Gwiazdozbiór Psa,Cinema City Częstochowa Wolność,15:20,,,2026-09-07T14:03:32.245780
2026-09-07,poniedzialek,częstochowa,Gwiazdozbiór Psa,Cinema City Częstochowa Wolność,20:10,,,2026-09-07T14:03:32.245780
2026-09-07,poniedzialek,częstochowa,Koniec Ulicy Dębowej,Cinema City Częstochowa Galeria Jurajska,21:50,,,2026-09-07T14:03:32.245780
2026-09-07,poniedzialek,częstochowa,Krajobraz po bitwie,Kino Studyjne OKF Iluzja w Częstochowie,18:00,,,2026-09-07T14:03:32.245780
2026-09-07,poniedzialek,częstochowa,Księga pustyni (dubbing),Cinema City Częstochowa Galeria Jurajska,10:30,,dubbing,2026-09-07T14:03:32.245780
2026-09-07,poniedzialek,częstochowa,Księga pustyni (dubbing),Cinema City Częstochowa Wolność,15:40,,dubbing,2026-09-07T14:03:32.245780
2026-09-07,poniedzialek,częstochowa,Ktoś całkiem obcy,Kino Studyjne OKF Iluzja w Częstochowie,20:15,,,2026-09-07T14:03:32.245780
2026-09-07,poniedzialek,częstochowa,"Miłość, śmierć i dojrzewanie na Obozie Miasma",Cinema City Częstochowa Wolność,20:40,,,2026-09-07T14:03:32.245780
2026-09-07,poniedzialek,częstochowa,Minionki i straszydła (dubbing),Cinema City Częstochowa Galeria Jurajska,11:00,,dubbing,2026-09-07T14:03:32.245780
2026-09-07,poniedzialek,częstochowa,Minionki i straszydła (dubbing),Cinema City Częstochowa Wolność,11:40,,dubbing,2026-09-07T14:03:32.245780
2026-09-07,poniedzialek,częstochowa,Minionki i straszydła (dubbing),Cinema City Częstochowa Wolność,13:50,,dubbing,2026-09-07T14:03:32.245780
2026-09-07,poniedzialek,częstochowa,Minionki i straszydła (dubbing),Cinema City Częstochowa Wolność,16:10,,dubbing,2026-09-07T14:03:32.245780
2026-09-07,poniedzialek,częstochowa,Naznaczony: Wyjście z mrocznego wymiaru,Cinema City Częstochowa Galeria Jurajska,16:50,,,2026-09-07T14:03:32.245780
2026-09-07,poniedzialek,częstochowa,Naznaczony: Wyjście z mrocznego wymiaru,Cinema City Częstochowa Wolność,12:00,,,2026-09-07T14:03:32.245780
2026-09-07,poniedzialek,częstochowa,Naznaczony: Wyjście z mrocznego wymiaru,Cinema City Częstochowa Wolność,21:30,,,2026-09-07T14:03:32.245780
2026-09-07,poniedzialek,częstochowa,Nie patrz w dół 2,Cinema City Częstochowa Galeria Jurajska,15:30,,,2026-09-07T14:03:32.245780
2026-09-07,poniedzialek,częstochowa,Nie patrz w dół 2,Cinema City Częstochowa Galeria Jurajska,17:50,,,2026-09-07T14:03:32.245780
2026-09-07,poniedzialek,częstochowa,Nie patrz w dół 2,Cinema City Częstochowa Galeria Jurajska,20:10,,,2026-09-07T14:03:32.245780
2026-09-07,poniedzialek,częstochowa,Nie patrz w dół 2,Cinema City Częstochowa Wolność,14:30,,,2026-09-07T14:03:32.245780
2026-09-07,poniedzialek,częstochowa,Nie patrz w dół 2,Cinema City Częstochowa Wolność,16:50,,,2026-09-07T14:03:32.245780
2026-09-07,poniedzialek,częstochowa,Nie patrz w dół 2,Cinema City Częstochowa Wolność,19:10,,,2026-09-07T14:03:32.245780
2026-09-07,poniedzialek,częstochowa,Odyseja,Cinema City Częstochowa Galeria Jurajska,12:45,,,2026-09-07T14:03:32.245780
2026-09-07,poniedzialek,częstochowa,Odyseja,Cinema City Częstochowa Galeria Jurajska,19:40,,,2026-09-07T14:03:32.245780
2026-09-07,poniedzialek,częstochowa,Odyseja,Cinema City Częstochowa Wolność,19:50,,,2026-09-07T14:03:32.245780
2026-09-07,poniedzialek,częstochowa,Psi Patrol i dinozaury (dubbing),Cinema City Częstochowa Galeria Jurajska,10:30,,dubbing,2026-09-07T14:03:32.245780
2026-09-07,poniedzialek,częstochowa,Psi Patrol i dinozaury (dubbing),Cinema City Częstochowa Galeria Jurajska,12:45,,dubbing,2026-09-07T14:03:32.245780
2026-09-07,poniedzialek,częstochowa,Psi Patrol i dinozaury (dubbing),Cinema City Częstochowa Galeria Jurajska,15:00,,dubbing,2026-09-07T14:03:32.245780
2026-09-07,poniedzialek,częstochowa,Psi Patrol i dinozaury (dubbing),Cinema City Częstochowa Wolność,11:00,,dubbing,2026-09-07T14:03:32.245780
2026-09-07,poniedzialek,częstochowa,Psi Patrol i dinozaury (dubbing),Cinema City Częstochowa Wolność,13:10,,dubbing,2026-09-07T14:03:32.245780
2026-09-07,poniedzialek,częstochowa,Psi Patrol i dinozaury (dubbing),Cinema City Częstochowa Wolność,15:10,,dubbing,2026-09-07T14:03:32.245780
2026-09-07,poniedzialek,częstochowa,Pucio kocha zwierzaki,Cinema City Częstochowa Galeria Jurajska,10:50,,,2026-09-07T14:03:32.245780
2026-09-07,poniedzialek,częstochowa,Pucio kocha zwierzaki,Cinema City Częstochowa Galeria Jurajska,12:15,,,2026-09-07T14:03:32.245780
2026-09-07,poniedzialek,częstochowa,Pucio kocha zwierzaki,Cinema City Częstochowa Wolność,11:20,,,2026-09-07T14:03:32.245780
2026-09-07,poniedzialek,częstochowa,Pucio kocha zwierzaki,Cinema City Częstochowa Wolność,14:00,,,2026-09-07T14:03:32.245780
2026-09-07,poniedzialek,częstochowa,Spa Weekend,Cinema City Częstochowa Galeria Jurajska,17:10,,,2026-09-07T14:03:32.245780
2026-09-07,poniedzialek,częstochowa,Spa Weekend,Cinema City Częstochowa Galeria Jurajska,19:30,,,2026-09-07T14:03:32.245780
2026-09-07,poniedzialek,częstochowa,Spa Weekend,Cinema City Częstochowa Wolność,13:20,,,2026-09-07T14:03:32.245780
2026-09-07,poniedzialek,częstochowa,Spa Weekend,Cinema City Częstochowa Wolność,18:10,,,2026-09-07T14:03:32.245780
2026-09-07,poniedzialek,częstochowa,Spider-Man. Całkiem nowy dzień,Cinema City Częstochowa Galeria Jurajska,13:45,,,2026-09-07T14:03:32.245780
2026-09-07,poniedzialek,częstochowa,Spider-Man. Całkiem nowy dzień,Cinema City Częstochowa Galeria Jurajska,20:00,,,2026-09-07T14:03:32.245780
2026-09-07,poniedzialek,częstochowa,Spider-Man. Całkiem nowy dzień,Cinema City Częstochowa Wolność,20:30,,,2026-09-07T14:03:32.245780
2026-09-07,poniedzialek,częstochowa,Spider-Man. Całkiem nowy dzień (dubbing),Cinema City Częstochowa Galeria Jurajska,11:40,,dubbing,2026-09-07T14:03:32.245780
2026-09-07,poniedzialek,częstochowa,Spider-Man. Całkiem nowy dzień (dubbing),Cinema City Częstochowa Galeria Jurajska,14:50,,dubbing,2026-09-07T14:03:32.245780
2026-09-07,poniedzialek,częstochowa,Spider-Man. Całkiem nowy dzień (dubbing),Cinema City Częstochowa Galeria Jurajska,18:00,,dubbing,2026-09-07T14:03:32.245780
2026-09-07,poniedzialek,częstochowa,Spider-Man. Całkiem nowy dzień (dubbing),Cinema City Częstochowa Wolność,15:00,,dubbing,2026-09-07T14:03:32.245780
2026-09-07,poniedzialek,częstochowa,Sunny Dancer,Cinema City Częstochowa Galeria Jurajska,13:00,,,2026-09-07T14:03:32.245780
2026-09-07,poniedzialek,częstochowa,Sunny Dancer,Cinema City Częstochowa Wolność,11:30,,,2026-09-07T14:03:32.245780
2026-09-07,poniedzialek,częstochowa,Terminator 2: Dzień sądu,Cinema City Częstochowa Wolność,20:30,,,2026-09-07T14:03:32.245780
2026-09-07,poniedzialek,częstochowa,Tony,Cinema City Częstochowa Galeria Jurajska,16:20,,,2026-09-07T14:03:32.245780
2026-09-07,poniedzialek,częstochowa,Tony,Cinema City Częstochowa Galeria Jurajska,18:50,,,2026-09-07T14:03:32.245780
2026-09-07,poniedzialek,częstochowa,Tony,Cinema City Częstochowa Galeria Jurajska,21:15,,,2026-09-07T14:03:32.245780
2026-09-07,poniedzialek,częstochowa,Tony,Cinema City Częstochowa Wolność,17:50,,,2026-09-07T14:03:32.245780
2026-09-07,poniedzialek,częstochowa,Tony,Cinema City Częstochowa Wolność,20:20,,,2026-09-07T14:03:32.245780
2026-09-07,poniedzialek,częstochowa,Toy Story 5 (dubbing),Cinema City Częstochowa Galeria Jurajska,10:40,,dubbing,2026-09-07T14:03:32.245780
2026-09-07,poniedzialek,częstochowa,Toy Story 5 (dubbing),Cinema City Częstochowa Wolność,11:00,,dubbing,2026-09-07T14:03:32.245780
2026-09-07,poniedzialek,częstochowa,Tylko jedna noc,Cinema City Częstochowa Wolność,15:50,,,2026-09-07T14:03:32.245780
2026-09-07,poniedzialek,częstochowa,Vaiana (dubbing),Cinema City Częstochowa Wolność,12:20,,dubbing,2026-09-07T14:03:32.245780
2026-09-07,poniedzialek,radom,100 dni: Misja Zeus,Helios Radom,18:30,,,2026-09-07T14:03:34.599041
2026-09-07,poniedzialek,radom,100 dni: Misja Zeus,Multikino Radom,18:30,,,2026-09-07T14:03:34.599041
2026-09-07,poniedzialek,radom,500 mil,Kino - Mazowieckie Centrum Sztuki Współczesnej Elektrownia w Radomiu,19:45,,,2026-09-07T14:03:34.599041
2026-09-07,poniedzialek,radom,André Rieu. Niech żyje Maastricht!,Helios Radom,18:00,,,2026-09-07T14:03:34.599041
2026-09-07,poniedzialek,radom,Asterix i Obelix: Misja Kleopatra (dubbing),Multikino Radom,10:30,,dubbing,2026-09-07T14:03:34.599041
2026-09-07,poniedzialek,radom,Auta,Multikino Radom,10:10,,,2026-09-07T14:03:34.599041
2026-09-07,poniedzialek,radom,Auta,Multikino Radom,12:50,,,2026-09-07T14:03:34.599041
2026-09-07,poniedzialek,radom,Auta,Multikino Radom,15:30,,,2026-09-07T14:03:34.599041
2026-09-07,poniedzialek,radom,Buntownik,Helios Radom,12:30,,,2026-09-07T14:03:34.599041
2026-09-07,poniedzialek,radom,Buntownik,Multikino Radom,12:40,,,2026-09-07T14:03:34.599041
2026-09-07,poniedzialek,radom,Gorzkie święta,Kino - Mazowieckie Centrum Sztuki Współczesnej Elektrownia w Radomiu,15:15,,,2026-09-07T14:03:34.599041
2026-09-07,poniedzialek,radom,Gorzkie święta,Multikino Radom,20:00,,,2026-09-07T14:03:34.599041
2026-09-07,poniedzialek,radom,Gwiazdozbiór Psa,Helios Radom,21:10,,,2026-09-07T14:03:34.599041
2026-09-07,poniedzialek,radom,Gwiazdozbiór Psa,Multikino Radom,16:00,,,2026-09-07T14:03:34.599041
2026-09-07,poniedzialek,radom,Kręciołek (dubbing),Kino - Mazowieckie Centrum Sztuki Współczesnej Elektrownia w Radomiu,13:45,,dubbing,2026-09-07T14:03:34.599041
2026-09-07,poniedzialek,radom,Księga pustyni,Helios Radom,11:30,,,2026-09-07T14:03:34.599041
2026-09-07,poniedzialek,radom,Księga pustyni,Helios Radom,14:50,,,2026-09-07T14:03:34.599041
2026-09-07,poniedzialek,radom,Księga pustyni (dubbing),Multikino Radom,12:15,,dubbing,2026-09-07T14:03:34.599041
2026-09-07,poniedzialek,radom,Minionki i straszydła (dubbing),Helios Radom,11:45,,dubbing,2026-09-07T14:03:34.599041
2026-09-07,poniedzialek,radom,Minionki i straszydła (dubbing),Multikino Radom,10:10,,dubbing,2026-09-07T14:03:34.599041
2026-09-07,poniedzialek,radom,Młody Waszyngton,Kino - Mazowieckie Centrum Sztuki Współczesnej Elektrownia w Radomiu,17:30,,,2026-09-07T14:03:34.599041
2026-09-07,poniedzialek,radom,Naznaczony: Wyjście z mrocznego wymiaru,Helios Radom,14:00,,,2026-09-07T14:03:34.599041
2026-09-07,poniedzialek,radom,Naznaczony: Wyjście z mrocznego wymiaru,Multikino Radom,21:10,,,2026-09-07T14:03:34.599041
2026-09-07,poniedzialek,radom,Nie patrz w dół 2,Helios Radom,17:30,,,2026-09-07T14:03:34.599041
2026-09-07,poniedzialek,radom,Nie patrz w dół 2,Helios Radom,21:20,,,2026-09-07T14:03:34.599041
2026-09-07,poniedzialek,radom,Nie patrz w dół 2,Multikino Radom,18:10,,,2026-09-07T14:03:34.599041
2026-09-07,poniedzialek,radom,Nie patrz w dół 2,Multikino Radom,20:30,,,2026-09-07T14:03:34.599041
2026-09-07,poniedzialek,radom,Odyseja,Helios Radom,14:30,,,2026-09-07T14:03:34.599041
2026-09-07,poniedzialek,radom,Odyseja,Helios Radom,20:15,,,2026-09-07T14:03:34.599041
2026-09-07,poniedzialek,radom,Odyseja,Multikino Radom,14:30,,,2026-09-07T14:03:34.599041
2026-09-07,poniedzialek,radom,Psi Patrol i dinozaury,Helios Radom,11:00,,,2026-09-07T14:03:34.599041
2026-09-07,poniedzialek,radom,Psi Patrol i dinozaury,Helios Radom,13:10,,,2026-09-07T14:03:34.599041
2026-09-07,poniedzialek,radom,Psi Patrol i dinozaury,Helios Radom,15:20,,,2026-09-07T14:03:34.599041
2026-09-07,poniedzialek,radom,Psi Patrol i dinozaury (dubbing),Multikino Radom,10:20,,dubbing,2026-09-07T14:03:34.599041
2026-09-07,poniedzialek,radom,Psi Patrol i dinozaury (dubbing),Multikino Radom,12:30,,dubbing,2026-09-07T14:03:34.599041
2026-09-07,poniedzialek,radom,Psi Patrol i dinozaury (dubbing),Multikino Radom,14:40,,dubbing,2026-09-07T14:03:34.599041
2026-09-07,poniedzialek,radom,Pucio kocha zwierzaki,Helios Radom,10:20,,,2026-09-07T14:03:34.599041
2026-09-07,poniedzialek,radom,Pucio kocha zwierzaki,Helios Radom,11:10,,,2026-09-07T14:03:34.599041
2026-09-07,poniedzialek,radom,Pucio kocha zwierzaki,Helios Radom,16:20,,,2026-09-07T14:03:34.599041
2026-09-07,poniedzialek,radom,Pucio kocha zwierzaki,Multikino Radom,10:20,,,2026-09-07T14:03:34.599041
2026-09-07,poniedzialek,radom,Pucio kocha zwierzaki,Multikino Radom,11:30,,,2026-09-07T14:03:34.599041
2026-09-07,poniedzialek,radom,Spa Weekend,Helios Radom,13:45,,,2026-09-07T14:03:34.599041
2026-09-07,poniedzialek,radom,Spa Weekend,Helios Radom,20:00,,,2026-09-07T14:03:34.599041
2026-09-07,poniedzialek,radom,Spa Weekend,Multikino Radom,18:40,,,2026-09-07T14:03:34.599041
2026-09-07,poniedzialek,radom,Spa Weekend,Multikino Radom,21:00,,,2026-09-07T14:03:34.599041
2026-09-07,poniedzialek,radom,Spider-Man. Całkiem nowy dzień,Helios Radom,11:20,,,2026-09-07T14:03:34.599041
2026-09-07,poniedzialek,radom,Spider-Man. Całkiem nowy dzień,Helios Radom,17:00,,,2026-09-07T14:03:34.599041
2026-09-07,poniedzialek,radom,Spider-Man. Całkiem nowy dzień,Helios Radom,18:15,,,2026-09-07T14:03:34.599041
2026-09-07,poniedzialek,radom,Spider-Man. Całkiem nowy dzień,Multikino Radom,11:40,,,2026-09-07T14:03:34.599041
2026-09-07,poniedzialek,radom,Spider-Man. Całkiem nowy dzień,Multikino Radom,14:50,,,2026-09-07T14:03:34.599041
2026-09-07,poniedzialek,radom,Spider-Man. Całkiem nowy dzień,Multikino Radom,20:10,,,2026-09-07T14:03:34.599041
2026-09-07,poniedzialek,radom,Spider-Man. Całkiem nowy dzień (dubbing),Multikino Radom,17:00,,dubbing,2026-09-07T14:03:34.599041
2026-09-07,poniedzialek,radom,Spider-Man. Całkiem nowy dzień (dubbing),Multikino Radom,18:00,,dubbing,2026-09-07T14:03:34.599041
2026-09-07,poniedzialek,radom,Terminator 2: Dzień sądu,Multikino Radom,13:00,,,2026-09-07T14:03:34.599041
2026-09-07,poniedzialek,radom,Tony,Multikino Radom,15:00,,,2026-09-07T14:03:34.599041
2026-09-07,poniedzialek,radom,Tony,Multikino Radom,17:30,,,2026-09-07T14:03:34.599041
2026-09-07,poniedzialek,radom,Zróbmy sobie przerwę,Helios Radom,16:00,,,2026-09-07T14:03:34.599041
2026-09-07,poniedzialek,sosnowiec,100 dni: Misja Zeus,Helios Sosnowiec,18:30,,,2026-09-07T14:03:38.021388
2026-09-07,poniedzialek,sosnowiec,500 mil,Cinema City Sosnowiec,17:10,,,2026-09-07T14:03:38.021388
2026-09-07,poniedzialek,sosnowiec,André Rieu. Niech żyje Maastricht!,Helios Sosnowiec,18:00,,,2026-09-07T14:03:38.021388
2026-09-07,poniedzialek,sosnowiec,Asterix i Obelix: Misja Kleopatra (dubbing),Cinema City Sosnowiec,18:00,,dubbing,2026-09-07T14:03:38.021388
2026-09-07,poniedzialek,sosnowiec,Auta,Cinema City Sosnowiec,13:20,,,2026-09-07T14:03:38.021388
2026-09-07,poniedzialek,sosnowiec,Auta,Cinema City Sosnowiec,16:00,,,2026-09-07T14:03:38.021388
2026-09-07,poniedzialek,sosnowiec,Gwiazdozbiór Psa,Cinema City Sosnowiec,16:20,,,2026-09-07T14:03:38.021388
2026-09-07,poniedzialek,sosnowiec,Gwiazdozbiór Psa,Cinema City Sosnowiec,19:00,,,2026-09-07T14:03:38.021388
2026-09-07,poniedzialek,sosnowiec,Gwiazdozbiór Psa,Cinema City Sosnowiec,21:40,,,2026-09-07T14:03:38.021388
2026-09-07,poniedzialek,sosnowiec,Gwiazdozbiór Psa,Helios Sosnowiec,15:00,,,2026-09-07T14:03:38.021388
2026-09-07,poniedzialek,sosnowiec,Księga pustyni,Helios Sosnowiec,12:45,,,2026-09-07T14:03:38.021388
2026-09-07,poniedzialek,sosnowiec,Minionki i straszydła (dubbing),Cinema City Sosnowiec,12:20,,dubbing,2026-09-07T14:03:38.021388
2026-09-07,poniedzialek,sosnowiec,Minionki i straszydła (dubbing),Cinema City Sosnowiec,13:10,,dubbing,2026-09-07T14:03:38.021388
2026-09-07,poniedzialek,sosnowiec,Naznaczony: Wyjście z mrocznego wymiaru,Cinema City Sosnowiec,18:40,,,2026-09-07T14:03:38.021388
2026-09-07,poniedzialek,sosnowiec,Naznaczony: Wyjście z mrocznego wymiaru,Cinema City Sosnowiec,22:00,,,2026-09-07T14:03:38.021388
2026-09-07,poniedzialek,sosnowiec,Naznaczony: Wyjście z mrocznego wymiaru,Helios Sosnowiec,21:10,,,2026-09-07T14:03:38.021388
2026-09-07,poniedzialek,sosnowiec,Nie patrz w dół 2,Cinema City Sosnowiec,18:30,,,2026-09-07T14:03:38.021388
2026-09-07,poniedzialek,sosnowiec,Nie patrz w dół 2,Cinema City Sosnowiec,20:50,,,2026-09-07T14:03:38.021388
2026-09-07,poniedzialek,sosnowiec,Nie patrz w dół 2,Helios Sosnowiec,16:15,,,2026-09-07T14:03:38.021388
2026-09-07,poniedzialek,sosnowiec,Nie patrz w dół 2,Helios Sosnowiec,20:10,,,2026-09-07T14:03:38.021388
2026-09-07,poniedzialek,sosnowiec,Odyseja,Cinema City Sosnowiec,14:30,,,2026-09-07T14:03:38.021388
2026-09-07,poniedzialek,sosnowiec,Odyseja,Helios Sosnowiec,13:15,,,2026-09-07T14:03:38.021388
2026-09-07,poniedzialek,sosnowiec,Psi Patrol i dinozaury,Helios Sosnowiec,11:30,,,2026-09-07T14:03:38.021388
2026-09-07,poniedzialek,sosnowiec,Psi Patrol i dinozaury,Helios Sosnowiec,15:30,,,2026-09-07T14:03:38.021388
2026-09-07,poniedzialek,sosnowiec,Psi Patrol i dinozaury (dubbing),Cinema City Sosnowiec,12:50,,dubbing,2026-09-07T14:03:38.021388
2026-09-07,poniedzialek,sosnowiec,Psi Patrol i dinozaury (dubbing),Cinema City Sosnowiec,15:00,,dubbing,2026-09-07T14:03:38.021388
2026-09-07,poniedzialek,sosnowiec,Pucio kocha zwierzaki,Cinema City Sosnowiec,12:30,,,2026-09-07T14:03:38.021388
2026-09-07,poniedzialek,sosnowiec,Pucio kocha zwierzaki,Helios Sosnowiec,11:20,,,2026-09-07T14:03:38.021388
2026-09-07,poniedzialek,sosnowiec,Spa Weekend,Cinema City Sosnowiec,19:40,,,2026-09-07T14:03:38.021388
2026-09-07,poniedzialek,sosnowiec,Spa Weekend,Helios Sosnowiec,13:45,,,2026-09-07T14:03:38.021388
2026-09-07,poniedzialek,sosnowiec,Spa Weekend,Helios Sosnowiec,17:45,,,2026-09-07T14:03:38.021388
2026-09-07,poniedzialek,sosnowiec,Spider-Man. Całkiem nowy dzień,Helios Sosnowiec,12:15,,,2026-09-07T14:03:38.021388
2026-09-07,poniedzialek,sosnowiec,Spider-Man. Całkiem nowy dzień,Helios Sosnowiec,17:00,,,2026-09-07T14:03:38.021388
2026-09-07,poniedzialek,sosnowiec,Spider-Man. Całkiem nowy dzień,Helios Sosnowiec,20:00,,,2026-09-07T14:03:38.021388
2026-09-07,poniedzialek,sosnowiec,Spider-Man. Całkiem nowy dzień (dubbing),Cinema City Sosnowiec,12:20,,dubbing,2026-09-07T14:03:38.021388
2026-09-07,poniedzialek,sosnowiec,Spider-Man. Całkiem nowy dzień (dubbing),Cinema City Sosnowiec,15:20,,dubbing,2026-09-07T14:03:38.021388
2026-09-07,poniedzialek,sosnowiec,Spider-Man. Całkiem nowy dzień (dubbing),Cinema City Sosnowiec,19:20,,dubbing,2026-09-07T14:03:38.021388
2026-09-07,poniedzialek,sosnowiec,Terminator 2: Dzień sądu,Cinema City Sosnowiec,21:10,,,2026-09-07T14:03:38.021388
2026-09-07,poniedzialek,sosnowiec,Tony,Cinema City Sosnowiec,20:30,,,2026-09-07T14:03:38.021388
2026-09-07,poniedzialek,sosnowiec,Toy Story 5 (dubbing),Cinema City Sosnowiec,14:00,,dubbing,2026-09-07T14:03:38.021388
2026-09-07,poniedzialek,kielce,100 dni: Misja Zeus,Helios Kielce,18:30,,,2026-09-07T14:03:39.865486
2026-09-07,poniedzialek,kielce,100 dni: Misja Zeus,Multikino Kielce,18:30,,,2026-09-07T14:03:39.865486
2026-09-07,poniedzialek,kielce,500 mil,Helios Kielce,18:15,,,2026-09-07T14:03:39.865486
2026-09-07,poniedzialek,kielce,500 mil,Kino Moskwa w Kielcach,13:00,,,2026-09-07T14:03:39.865486
2026-09-07,poniedzialek,kielce,500 mil,Kino Moskwa w Kielcach,17:15,,,2026-09-07T14:03:39.865486
2026-09-07,poniedzialek,kielce,André Rieu. Niech żyje Maastricht!,Helios Kielce,18:00,,,2026-09-07T14:03:39.865486
2026-09-07,poniedzialek,kielce,Asterix i Obelix: Misja Kleopatra (dubbing),Multikino Kielce,15:05,,dubbing,2026-09-07T14:03:39.865486
2026-09-07,poniedzialek,kielce,Asterix i Obelix: Misja Kleopatra (dubbing),Multikino Kielce,17:35,,dubbing,2026-09-07T14:03:39.865486
2026-09-07,poniedzialek,kielce,Auta,Multikino Kielce,11:45,,,2026-09-07T14:03:39.865486
2026-09-07,poniedzialek,kielce,Auta,Multikino Kielce,14:30,,,2026-09-07T14:03:39.865486
2026-09-07,poniedzialek,kielce,Auta,Multikino Kielce,17:15,,,2026-09-07T14:03:39.865486
2026-09-07,poniedzialek,kielce,Gorzkie święta,Helios Kielce,12:50,,,2026-09-07T14:03:39.865486
2026-09-07,poniedzialek,kielce,Gorzkie święta,Kino Moskwa w Kielcach,15:00,,,2026-09-07T14:03:39.865486
2026-09-07,poniedzialek,kielce,Gorzkie święta,Kino Moskwa w Kielcach,19:45,,,2026-09-07T14:03:39.865486
2026-09-07,poniedzialek,kielce,Gorzkie święta,Multikino Kielce,20:00,,,2026-09-07T14:03:39.865486
2026-09-07,poniedzialek,kielce,Gwiazdozbiór Psa,Helios Kielce,15:20,,,2026-09-07T14:03:39.865486
2026-09-07,poniedzialek,kielce,Gwiazdozbiór Psa,Helios Kielce,21:15,,,2026-09-07T14:03:39.865486
2026-09-07,poniedzialek,kielce,Gwiazdozbiór Psa,Kino Moskwa w Kielcach,15:10,,,2026-09-07T14:03:39.865486
2026-09-07,poniedzialek,kielce,Gwiazdozbiór Psa,Kino Moskwa w Kielcach,19:40,,,2026-09-07T14:03:39.865486
2026-09-07,poniedzialek,kielce,Gwiazdozbiór Psa,Multikino Kielce,20:05,,,2026-09-07T14:03:39.865486
2026-09-07,poniedzialek,kielce,Gwiazdozbiór Psa,Multikino Kielce,20:30,,,2026-09-07T14:03:39.865486
2026-09-07,poniedzialek,kielce,Księga pustyni,Helios Kielce,14:30,,,2026-09-07T14:03:39.865486
2026-09-07,poniedzialek,kielce,Księga pustyni (dubbing),Multikino Kielce,11:05,,dubbing,2026-09-07T14:03:39.865486
2026-09-07,poniedzialek,kielce,Księga pustyni (dubbing),Multikino Kielce,13:20,,dubbing,2026-09-07T14:03:39.865486
2026-09-07,poniedzialek,kielce,Minionki i straszydła (dubbing),Helios Kielce,11:50,,dubbing,2026-09-07T14:03:39.865486
2026-09-07,poniedzialek,kielce,Minionki i straszydła (dubbing),Multikino Kielce,10:10,,dubbing,2026-09-07T14:03:39.865486
2026-09-07,poniedzialek,kielce,Minionki i straszydła (dubbing),Multikino Kielce,12:20,,dubbing,2026-09-07T14:03:39.865486
2026-09-07,poniedzialek,kielce,Naznaczony: Wyjście z mrocznego wymiaru,Helios Kielce,16:30,,,2026-09-07T14:03:39.865486
2026-09-07,poniedzialek,kielce,Nie patrz w dół 2,Helios Kielce,16:10,,,2026-09-07T14:03:39.865486
2026-09-07,poniedzialek,kielce,Nie patrz w dół 2,Helios Kielce,20:45,,,2026-09-07T14:03:39.865486
2026-09-07,poniedzialek,kielce,Nie patrz w dół 2,Multikino Kielce,15:35,,,2026-09-07T14:03:39.865486
2026-09-07,poniedzialek,kielce,Nie patrz w dół 2,Multikino Kielce,17:55,,,2026-09-07T14:03:39.865486
2026-09-07,poniedzialek,kielce,Nie patrz w dół 2,Multikino Kielce,20:15,,,2026-09-07T14:03:39.865486
2026-09-07,poniedzialek,kielce,Odyseja,Helios Kielce,12:30,,,2026-09-07T14:03:39.865486
2026-09-07,poniedzialek,kielce,Odyseja,Helios Kielce,15:50,,,2026-09-07T14:03:39.865486
2026-09-07,poniedzialek,kielce,Odyseja,Helios Kielce,19:45,,,2026-09-07T14:03:39.865486
2026-09-07,poniedzialek,kielce,Odyseja,Multikino Kielce,16:05,,,2026-09-07T14:03:39.865486
2026-09-07,poniedzialek,kielce,Odyseja,Multikino Kielce,19:40,,,2026-09-07T14:03:39.865486
2026-09-07,poniedzialek,kielce,Psi Patrol i dinozaury,Helios Kielce,11:30,,,2026-09-07T14:03:39.865486
2026-09-07,poniedzialek,kielce,Psi Patrol i dinozaury,Helios Kielce,12:20,,,2026-09-07T14:03:39.865486
2026-09-07,poniedzialek,kielce,Psi Patrol i dinozaury,Helios Kielce,17:30,,,2026-09-07T14:03:39.865486
2026-09-07,poniedzialek,kielce,Psi Patrol i dinozaury (dubbing),Multikino Kielce,11:55,,dubbing,2026-09-07T14:03:39.865486
2026-09-07,poniedzialek,kielce,Psi Patrol i dinozaury (dubbing),Multikino Kielce,14:05,,dubbing,2026-09-07T14:03:39.865486
2026-09-07,poniedzialek,kielce,Psi Patrol i dinozaury (dubbing),Multikino Kielce,16:15,,dubbing,2026-09-07T14:03:39.865486
2026-09-07,poniedzialek,kielce,Pucio kocha zwierzaki,Helios Kielce,12:10,,,2026-09-07T14:03:39.865486
2026-09-07,poniedzialek,kielce,Pucio kocha zwierzaki,Helios Kielce,13:40,,,2026-09-07T14:03:39.865486
2026-09-07,poniedzialek,kielce,Pucio kocha zwierzaki,Helios Kielce,16:45,,,2026-09-07T14:03:39.865486
2026-09-07,poniedzialek,kielce,Pucio kocha zwierzaki,Multikino Kielce,10:00,,,2026-09-07T14:03:39.865486
2026-09-07,poniedzialek,kielce,Pucio kocha zwierzaki,Multikino Kielce,11:15,,,2026-09-07T14:03:39.865486
2026-09-07,poniedzialek,kielce,Pucio kocha zwierzaki,Multikino Kielce,12:30,,,2026-09-07T14:03:39.865486
2026-09-07,poniedzialek,kielce,Pucio kocha zwierzaki,Multikino Kielce,13:50,,,2026-09-07T14:03:39.865486
2026-09-07,poniedzialek,kielce,Róża,Kino Fenomen w Kielcach,18:00,,,2026-09-07T14:03:39.865486
2026-09-07,poniedzialek,kielce,Spa Weekend,Helios Kielce,14:10,,,2026-09-07T14:03:39.865486
2026-09-07,poniedzialek,kielce,Spa Weekend,Helios Kielce,19:00,,,2026-09-07T14:03:39.865486
2026-09-07,poniedzialek,kielce,Spa Weekend,Helios Kielce,21:30,,,2026-09-07T14:03:39.865486
2026-09-07,poniedzialek,kielce,Spa Weekend,Multikino Kielce,16:05,,,2026-09-07T14:03:39.865486
2026-09-07,poniedzialek,kielce,Spa Weekend,Multikino Kielce,18:25,,,2026-09-07T14:03:39.865486
2026-09-07,poniedzialek,kielce,Spa Weekend,Multikino Kielce,20:45,,,2026-09-07T14:03:39.865486
2026-09-07,poniedzialek,kielce,Spider-Man. Całkiem nowy dzień,Helios Kielce,12:40,,,2026-09-07T14:03:39.865486
2026-09-07,poniedzialek,kielce,Spider-Man. Całkiem nowy dzień,Helios Kielce,13:50,,,2026-09-07T14:03:39.865486
2026-09-07,poniedzialek,kielce,Spider-Man. Całkiem nowy dzień,Helios Kielce,17:00,,,2026-09-07T14:03:39.865486
2026-09-07,poniedzialek,kielce,Spider-Man. Całkiem nowy dzień,Helios Kielce,20:10,,,2026-09-07T14:03:39.865486
2026-09-07,poniedzialek,kielce,Spider-Man. Całkiem nowy dzień,Multikino Kielce,17:20,,,2026-09-07T14:03:39.865486
2026-09-07,poniedzialek,kielce,Spider-Man. Całkiem nowy dzień (dubbing),Multikino Kielce,10:00,,dubbing,2026-09-07T14:03:39.865486
2026-09-07,poniedzialek,kielce,Spider-Man. Całkiem nowy dzień (dubbing),Multikino Kielce,13:10,,dubbing,2026-09-07T14:03:39.865486
2026-09-07,poniedzialek,kielce,Spider-Man. Całkiem nowy dzień (dubbing),Multikino Kielce,14:20,,dubbing,2026-09-07T14:03:39.865486
2026-09-07,poniedzialek,kielce,Spider-Man. Całkiem nowy dzień (dubbing),Multikino Kielce,16:20,,dubbing,2026-09-07T14:03:39.865486
2026-09-07,poniedzialek,kielce,Spider-Man. Całkiem nowy dzień (dubbing),Multikino Kielce,19:30,,dubbing,2026-09-07T14:03:39.865486
2026-09-07,poniedzialek,kielce,Terminator 2: Dzień sądu,Multikino Kielce,13:05,,,2026-09-07T14:03:39.865486
2026-09-07,poniedzialek,kielce,Tony,Helios Kielce,15:00,,,2026-09-07T14:03:39.865486
2026-09-07,poniedzialek,kielce,Tony,Helios Kielce,19:30,,,2026-09-07T14:03:39.865486
2026-09-07,poniedzialek,kielce,Tony,Kino Moskwa w Kielcach,12:45,,,2026-09-07T14:03:39.865486
2026-09-07,poniedzialek,kielce,Tony,Kino Moskwa w Kielcach,17:30,,,2026-09-07T14:03:39.865486
2026-09-07,poniedzialek,kielce,Tony,Multikino Kielce,14:30,,,2026-09-07T14:03:39.865486
2026-09-07,poniedzialek,kielce,Tony,Multikino Kielce,17:00,,,2026-09-07T14:03:39.865486
2026-09-07,poniedzialek,kielce,Tony,Multikino Kielce,19:30,,,2026-09-07T14:03:39.865486
2026-09-07,poniedzialek,kielce,Toy Story 5 (dubbing),Multikino Kielce,10:40,,dubbing,2026-09-07T14:03:39.865486
2026-09-07,poniedzialek,gliwice,100 dni: Misja Zeus,Cinema City Gliwice Forum,18:30,,,2026-09-07T14:03:42.013975
2026-09-07,poniedzialek,gliwice,500 mil,Cinema City Gliwice Forum,11:10,,,2026-09-07T14:03:42.013975
2026-09-07,poniedzialek,gliwice,500 mil,Cinema City Gliwice Forum,17:50,,,2026-09-07T14:03:42.013975
2026-09-07,poniedzialek,gliwice,500 mil,Cinema City Gliwice Forum,20:10,,,2026-09-07T14:03:42.013975
2026-09-07,poniedzialek,gliwice,Asterix i Obelix: Misja Kleopatra (dubbing),Cinema City Gliwice Forum,15:30,,dubbing,2026-09-07T14:03:42.013975
2026-09-07,poniedzialek,gliwice,Asterix i Obelix: Misja Kleopatra (dubbing),Cinema City Gliwice Forum,18:00,,dubbing,2026-09-07T14:03:42.013975
2026-09-07,poniedzialek,gliwice,Auta,Cinema City Gliwice Forum,11:40,,,2026-09-07T14:03:42.013975
2026-09-07,poniedzialek,gliwice,Auta,Cinema City Gliwice Forum,14:20,,,2026-09-07T14:03:42.013975
2026-09-07,poniedzialek,gliwice,Auta,Cinema City Gliwice Forum,17:00,,,2026-09-07T14:03:42.013975
2026-09-07,poniedzialek,gliwice,Buntownik,Cinema City Gliwice Forum,11:00,,,2026-09-07T14:03:42.013975
2026-09-07,poniedzialek,gliwice,Buntownik,Cinema City Gliwice Forum,13:20,,,2026-09-07T14:03:42.013975
2026-09-07,poniedzialek,gliwice,Gorzkie święta,Cinema City Gliwice Forum,20:00,,,2026-09-07T14:03:42.013975
2026-09-07,poniedzialek,gliwice,Gwiazdozbiór Psa,Cinema City Gliwice Forum,12:45,,,2026-09-07T14:03:42.013975
2026-09-07,poniedzialek,gliwice,Gwiazdozbiór Psa,Cinema City Gliwice Forum,17:20,,,2026-09-07T14:03:42.013975
2026-09-07,poniedzialek,gliwice,Gwiazdozbiór Psa,Cinema City Gliwice Forum,20:00,,,2026-09-07T14:03:42.013975
2026-09-07,poniedzialek,gliwice,Gwiazdozbiór Psa,Cinema City Gliwice Forum,20:30,,,2026-09-07T14:03:42.013975
2026-09-07,poniedzialek,gliwice,Księga pustyni (dubbing),Cinema City Gliwice Forum,10:30,,dubbing,2026-09-07T14:03:42.013975
2026-09-07,poniedzialek,gliwice,Księga pustyni (dubbing),Cinema City Gliwice Forum,12:50,,dubbing,2026-09-07T14:03:42.013975
2026-09-07,poniedzialek,gliwice,Księga pustyni (dubbing),Cinema City Gliwice Forum,15:10,,dubbing,2026-09-07T14:03:42.013975
2026-09-07,poniedzialek,gliwice,Ktoś całkiem obcy,Cinema City Gliwice Forum,17:40,,,2026-09-07T14:03:42.013975
2026-09-07,poniedzialek,gliwice,Minionki i straszydła (dubbing),Cinema City Gliwice Forum,12:00,,dubbing,2026-09-07T14:03:42.013975
2026-09-07,poniedzialek,gliwice,Minionki i straszydła (dubbing),Cinema City Gliwice Forum,14:10,,dubbing,2026-09-07T14:03:42.013975
2026-09-07,poniedzialek,gliwice,Naznaczony: Wyjście z mrocznego wymiaru,Cinema City Gliwice Forum,16:20,,,2026-09-07T14:03:42.013975
2026-09-07,poniedzialek,gliwice,Naznaczony: Wyjście z mrocznego wymiaru,Cinema City Gliwice Forum,18:50,,,2026-09-07T14:03:42.013975
2026-09-07,poniedzialek,gliwice,Naznaczony: Wyjście z mrocznego wymiaru,Cinema City Gliwice Forum,21:20,,,2026-09-07T14:03:42.013975
2026-09-07,poniedzialek,gliwice,Naznaczony: Wyjście z mrocznego wymiaru,Cinema City Gliwice Forum,22:30,,,2026-09-07T14:03:42.013975
2026-09-07,poniedzialek,gliwice,Nie patrz w dół 2,Cinema City Gliwice Forum,13:30,,,2026-09-07T14:03:42.013975
2026-09-07,poniedzialek,gliwice,Nie patrz w dół 2,Cinema City Gliwice Forum,16:00,,,2026-09-07T14:03:42.013975
2026-09-07,poniedzialek,gliwice,Nie patrz w dół 2,Cinema City Gliwice Forum,18:30,,,2026-09-07T14:03:42.013975
2026-09-07,poniedzialek,gliwice,Nie patrz w dół 2,Cinema City Gliwice Forum,21:00,,,2026-09-07T14:03:42.013975
2026-09-07,poniedzialek,gliwice,Nie patrz w dół 2,Cinema City Gliwice Forum,22:10,,,2026-09-07T14:03:42.013975
2026-09-07,poniedzialek,gliwice,Odyseja,Cinema City Gliwice Forum,11:00,,,2026-09-07T14:03:42.013975
2026-09-07,poniedzialek,gliwice,Odyseja,Cinema City Gliwice Forum,16:00,,,2026-09-07T14:03:42.013975
2026-09-07,poniedzialek,gliwice,Odyseja,Cinema City Gliwice Forum,19:30,,,2026-09-07T14:03:42.013975
2026-09-07,poniedzialek,gliwice,Psi Patrol i dinozaury (dubbing),Cinema City Gliwice Forum,10:20,,dubbing,2026-09-07T14:03:42.013975
2026-09-07,poniedzialek,gliwice,Psi Patrol i dinozaury (dubbing),Cinema City Gliwice Forum,12:30,,dubbing,2026-09-07T14:03:42.013975
2026-09-07,poniedzialek,gliwice,Psi Patrol i dinozaury (dubbing),Cinema City Gliwice Forum,14:40,,dubbing,2026-09-07T14:03:42.013975
2026-09-07,poniedzialek,gliwice,Psi Patrol i dinozaury (dubbing),Cinema City Gliwice Forum,16:50,,dubbing,2026-09-07T14:03:42.013975
2026-09-07,poniedzialek,gliwice,Pucio kocha zwierzaki,Cinema City Gliwice Forum,10:10,,,2026-09-07T14:03:42.013975
2026-09-07,poniedzialek,gliwice,Pucio kocha zwierzaki,Cinema City Gliwice Forum,11:10,,,2026-09-07T14:03:42.013975
2026-09-07,poniedzialek,gliwice,Pucio kocha zwierzaki,Cinema City Gliwice Forum,11:40,,,2026-09-07T14:03:42.013975
2026-09-07,poniedzialek,gliwice,Pucio kocha zwierzaki,Cinema City Gliwice Forum,13:10,,,2026-09-07T14:03:42.013975
2026-09-07,poniedzialek,gliwice,Pucio kocha zwierzaki,Cinema City Gliwice Forum,14:40,,,2026-09-07T14:03:42.013975
2026-09-07,poniedzialek,gliwice,Pucio kocha zwierzaki,Cinema City Gliwice Forum,16:10,,,2026-09-07T14:03:42.013975
2026-09-07,poniedzialek,gliwice,Spa Weekend,Cinema City Gliwice Forum,11:00,,,2026-09-07T14:03:42.013975
2026-09-07,poniedzialek,gliwice,Spa Weekend,Cinema City Gliwice Forum,19:00,,,2026-09-07T14:03:42.013975
2026-09-07,poniedzialek,gliwice,Spa Weekend,Cinema City Gliwice Forum,21:20,,,2026-09-07T14:03:42.013975
2026-09-07,poniedzialek,gliwice,Spider-Man. Całkiem nowy dzień,Cinema City Gliwice Forum,10:30,,,2026-09-07T14:03:42.013975
2026-09-07,poniedzialek,gliwice,Spider-Man. Całkiem nowy dzień,Cinema City Gliwice Forum,13:40,,,2026-09-07T14:03:42.013975
2026-09-07,poniedzialek,gliwice,Spider-Man. Całkiem nowy dzień,Cinema City Gliwice Forum,20:00,,,2026-09-07T14:03:42.013975
2026-09-07,poniedzialek,gliwice,Spider-Man. Całkiem nowy dzień (dubbing),Cinema City Gliwice Forum,11:40,,dubbing,2026-09-07T14:03:42.013975
2026-09-07,poniedzialek,gliwice,Spider-Man. Całkiem nowy dzień (dubbing),Cinema City Gliwice Forum,14:50,,dubbing,2026-09-07T14:03:42.013975
2026-09-07,poniedzialek,gliwice,Spider-Man. Całkiem nowy dzień (dubbing),Cinema City Gliwice Forum,16:50,,dubbing,2026-09-07T14:03:42.013975
2026-09-07,poniedzialek,gliwice,Spider-Man. Całkiem nowy dzień 3D (dubbing),Cinema City Gliwice Forum,14:30,3D,dubbing,2026-09-07T14:03:42.013975
2026-09-07,poniedzialek,gliwice,Sunny Dancer,Cinema City Gliwice Forum,19:40,,,2026-09-07T14:03:42.013975
2026-09-07,poniedzialek,gliwice,Terminator 2: Dzień sądu,Cinema City Gliwice Forum,19:50,,,2026-09-07T14:03:42.013975
2026-09-07,poniedzialek,gliwice,Tony,Cinema City Gliwice Forum,14:20,,,2026-09-07T14:03:42.013975
2026-09-07,poniedzialek,gliwice,Tony,Cinema City Gliwice Forum,16:50,,,2026-09-07T14:03:42.013975
2026-09-07,poniedzialek,gliwice,Tony,Cinema City Gliwice Forum,19:20,,,2026-09-07T14:03:42.013975
2026-09-07,poniedzialek,gliwice,Tony,Cinema City Gliwice Forum,22:00,,,2026-09-07T14:03:42.013975
2026-09-07,poniedzialek,gliwice,Toy Story 5 (dubbing),Cinema City Gliwice Forum,12:00,,dubbing,2026-09-07T14:03:42.013975
2026-09-07,poniedzialek,gliwice,Vaiana (dubbing),Cinema City Gliwice Forum,13:20,,dubbing,2026-09-07T14:03:42.013975
2026-09-07,poniedzialek,rzeszów,100 dni: Misja Zeus,Helios Galeria Rzeszów,18:30,,,2026-09-07T14:03:48.556513
2026-09-07,poniedzialek,rzeszów,100 dni: Misja Zeus,Multikino Rzeszów,18:30,,,2026-09-07T14:03:48.556513
2026-09-07,poniedzialek,rzeszów,500 mil (lektor),Kino Zorza w Rzeszowie,12:30,,lektor,2026-09-07T14:03:48.556513
2026-09-07,poniedzialek,rzeszów,500 mil (lektor),Kino Zorza w Rzeszowie,14:30,,lektor,2026-09-07T14:03:48.556513
2026-09-07,poniedzialek,rzeszów,André Rieu. Niech żyje Maastricht!,Helios Galeria Rzeszów,18:00,,,2026-09-07T14:03:48.556513
2026-09-07,poniedzialek,rzeszów,Asterix i Obelix: Misja Kleopatra,Kino Zorza w Rzeszowie,10:30,,,2026-09-07T14:03:48.556513
2026-09-07,poniedzialek,rzeszów,Asterix i Obelix: Misja Kleopatra,Kino Zorza w Rzeszowie,16:40,,,2026-09-07T14:03:48.556513
2026-09-07,poniedzialek,rzeszów,Asterix i Obelix: Misja Kleopatra (dubbing),Multikino Rzeszów,15:05,,dubbing,2026-09-07T14:03:48.556513
2026-09-07,poniedzialek,rzeszów,Asterix i Obelix: Misja Kleopatra (dubbing),Multikino Rzeszów,17:35,,dubbing,2026-09-07T14:03:48.556513
2026-09-07,poniedzialek,rzeszów,Auta,Kino Zorza w Rzeszowie,10:15,,,2026-09-07T14:03:48.556513
2026-09-07,poniedzialek,rzeszów,Auta,Kino Zorza w Rzeszowie,16:15,,,2026-09-07T14:03:48.556513
2026-09-07,poniedzialek,rzeszów,Auta,Multikino Rzeszów,11:45,,,2026-09-07T14:03:48.556513
2026-09-07,poniedzialek,rzeszów,Auta,Multikino Rzeszów,14:30,,,2026-09-07T14:03:48.556513
2026-09-07,poniedzialek,rzeszów,Auta,Multikino Rzeszów,17:15,,,2026-09-07T14:03:48.556513
2026-09-07,poniedzialek,rzeszów,Bogaci i martwi,Kino Zorza w Rzeszowie,14:20,,,2026-09-07T14:03:48.556513
2026-09-07,poniedzialek,rzeszów,Bogaci i martwi,Kino Zorza w Rzeszowie,20:20,,,2026-09-07T14:03:48.556513
2026-09-07,poniedzialek,rzeszów,Buntownik,Kino Zorza w Rzeszowie,19:00,,,2026-09-07T14:03:48.556513
2026-09-07,poniedzialek,rzeszów,Frances Ha,Kino za Rogiem Café w Rzeszowie,18:00,,,2026-09-07T14:03:48.556513
2026-09-07,poniedzialek,rzeszów,Generał Nil,Helios Galeria Rzeszów,10:00,,,2026-09-07T14:03:48.556513
2026-09-07,poniedzialek,rzeszów,Giulietta i duchy,Kino Zorza w Rzeszowie,18:30,,,2026-09-07T14:03:48.556513
2026-09-07,poniedzialek,rzeszów,Gorzkie święta,Kino Zorza w Rzeszowie,12:15,,,2026-09-07T14:03:48.556513
2026-09-07,poniedzialek,rzeszów,Gorzkie święta,Kino Zorza w Rzeszowie,18:15,,,2026-09-07T14:03:48.556513
2026-09-07,poniedzialek,rzeszów,Gorzkie święta,Multikino Rzeszów,20:00,,,2026-09-07T14:03:48.556513
2026-09-07,poniedzialek,rzeszów,Gwiazdozbiór Psa,Helios Galeria Rzeszów,14:10,,,2026-09-07T14:03:48.556513
2026-09-07,poniedzialek,rzeszów,Gwiazdozbiór Psa,Helios Galeria Rzeszów,20:15,,,2026-09-07T14:03:48.556513
2026-09-07,poniedzialek,rzeszów,Gwiazdozbiór Psa,Kino Zorza w Rzeszowie,16:50,,,2026-09-07T14:03:48.556513
2026-09-07,poniedzialek,rzeszów,Gwiazdozbiór Psa,Multikino Rzeszów,20:05,,,2026-09-07T14:03:48.556513
2026-09-07,poniedzialek,rzeszów,Gwiazdozbiór Psa,Multikino Rzeszów,20:30,,,2026-09-07T14:03:48.556513
2026-09-07,poniedzialek,rzeszów,Księga pustyni,Helios Galeria Rzeszów,15:45,,,2026-09-07T14:03:48.556513
2026-09-07,poniedzialek,rzeszów,Księga pustyni (dubbing),Multikino Rzeszów,11:05,,dubbing,2026-09-07T14:03:48.556513
2026-09-07,poniedzialek,rzeszów,Księga pustyni (dubbing),Multikino Rzeszów,13:20,,dubbing,2026-09-07T14:03:48.556513
2026-09-07,poniedzialek,rzeszów,Minionki i straszydła (dubbing),Helios Galeria Rzeszów,13:00,,dubbing,2026-09-07T14:03:48.556513
2026-09-07,poniedzialek,rzeszów,Minionki i straszydła (dubbing),Helios Galeria Rzeszów,16:15,,dubbing,2026-09-07T14:03:48.556513
2026-09-07,poniedzialek,rzeszów,Minionki i straszydła (dubbing),Multikino Rzeszów,10:10,,dubbing,2026-09-07T14:03:48.556513
2026-09-07,poniedzialek,rzeszów,Minionki i straszydła (dubbing),Multikino Rzeszów,12:20,,dubbing,2026-09-07T14:03:48.556513
2026-09-07,poniedzialek,rzeszów,Misja,Kino za Rogiem Café w Rzeszowie,16:00,,,2026-09-07T14:03:48.556513
2026-09-07,poniedzialek,rzeszów,Młodsza siostra,Kino Zorza w Rzeszowie,11:00,,,2026-09-07T14:03:48.556513
2026-09-07,poniedzialek,rzeszów,Młodsza siostra,Kino Zorza w Rzeszowie,15:00,,,2026-09-07T14:03:48.556513
2026-09-07,poniedzialek,rzeszów,Naznaczony: Wyjście z mrocznego wymiaru,Helios Galeria Rzeszów,21:30,,,2026-09-07T14:03:48.556513
2026-09-07,poniedzialek,rzeszów,Naznaczony: Wyjście z mrocznego wymiaru,Multikino Rzeszów,11:15,,,2026-09-07T14:03:48.556513
2026-09-07,poniedzialek,rzeszów,Naznaczony: Wyjście z mrocznego wymiaru,Multikino Rzeszów,13:40,,,2026-09-07T14:03:48.556513
2026-09-07,poniedzialek,rzeszów,Nie patrz w dół 2,Helios Galeria Rzeszów,15:15,,,2026-09-07T14:03:48.556513
2026-09-07,poniedzialek,rzeszów,Nie patrz w dół 2,Helios Galeria Rzeszów,19:00,,,2026-09-07T14:03:48.556513
2026-09-07,poniedzialek,rzeszów,Nie patrz w dół 2,Multikino Rzeszów,15:35,,,2026-09-07T14:03:48.556513
2026-09-07,poniedzialek,rzeszów,Nie patrz w dół 2,Multikino Rzeszów,17:55,,,2026-09-07T14:03:48.556513
2026-09-07,poniedzialek,rzeszów,Nie patrz w dół 2,Multikino Rzeszów,20:15,,,2026-09-07T14:03:48.556513
2026-09-07,poniedzialek,rzeszów,Odyseja,Helios Galeria Rzeszów,08:30,,,2026-09-07T14:03:48.556513
2026-09-07,poniedzialek,rzeszów,Odyseja,Helios Galeria Rzeszów,11:50,,,2026-09-07T14:03:48.556513
2026-09-07,poniedzialek,rzeszów,Odyseja,Helios Galeria Rzeszów,15:30,,,2026-09-07T14:03:48.556513
2026-09-07,poniedzialek,rzeszów,Odyseja,Helios Galeria Rzeszów,20:00,,,2026-09-07T14:03:48.556513
2026-09-07,poniedzialek,rzeszów,Odyseja,Multikino Rzeszów,10:00,,,2026-09-07T14:03:48.556513
2026-09-07,poniedzialek,rzeszów,Odyseja,Multikino Rzeszów,16:05,,,2026-09-07T14:03:48.556513
2026-09-07,poniedzialek,rzeszów,Odyseja,Multikino Rzeszów,19:40,,,2026-09-07T14:03:48.556513
2026-09-07,poniedzialek,rzeszów,Psi Patrol i dinozaury,Helios Galeria Rzeszów,11:40,,,2026-09-07T14:03:48.556513
2026-09-07,poniedzialek,rzeszów,Psi Patrol i dinozaury (dubbing),Multikino Rzeszów,11:55,,dubbing,2026-09-07T14:03:48.556513
2026-09-07,poniedzialek,rzeszów,Psi Patrol i dinozaury (dubbing),Multikino Rzeszów,14:05,,dubbing,2026-09-07T14:03:48.556513
2026-09-07,poniedzialek,rzeszów,Psi Patrol i dinozaury (dubbing),Multikino Rzeszów,16:15,,dubbing,2026-09-07T14:03:48.556513
2026-09-07,poniedzialek,rzeszów,Pucio kocha zwierzaki,Helios Galeria Rzeszów,11:30,,,2026-09-07T14:03:48.556513
2026-09-07,poniedzialek,rzeszów,Pucio kocha zwierzaki,Helios Galeria Rzeszów,14:45,,,2026-09-07T14:03:48.556513
2026-09-07,poniedzialek,rzeszów,Pucio kocha zwierzaki,Multikino Rzeszów,10:00,,,2026-09-07T14:03:48.556513
2026-09-07,poniedzialek,rzeszów,Pucio kocha zwierzaki,Multikino Rzeszów,11:10,,,2026-09-07T14:03:48.556513
2026-09-07,poniedzialek,rzeszów,Pucio kocha zwierzaki,Multikino Rzeszów,12:20,,,2026-09-07T14:03:48.556513
2026-09-07,poniedzialek,rzeszów,Pucio kocha zwierzaki,Multikino Rzeszów,13:40,,,2026-09-07T14:03:48.556513
2026-09-07,poniedzialek,rzeszów,Spa Weekend,Helios Galeria Rzeszów,13:20,,,2026-09-07T14:03:48.556513
2026-09-07,poniedzialek,rzeszów,Spa Weekend,Helios Galeria Rzeszów,17:15,,,2026-09-07T14:03:48.556513
2026-09-07,poniedzialek,rzeszów,Spa Weekend,Helios Galeria Rzeszów,21:20,,,2026-09-07T14:03:48.556513
2026-09-07,poniedzialek,rzeszów,Spa Weekend,Kino Zorza w Rzeszowie,13:00,,,2026-09-07T14:03:48.556513
2026-09-07,poniedzialek,rzeszów,Spa Weekend,Kino Zorza w Rzeszowie,20:45,,,2026-09-07T14:03:48.556513
2026-09-07,poniedzialek,rzeszów,Spa Weekend,Multikino Rzeszów,16:05,,,2026-09-07T14:03:48.556513
2026-09-07,poniedzialek,rzeszów,Spa Weekend,Multikino Rzeszów,18:25,,,2026-09-07T14:03:48.556513
2026-09-07,poniedzialek,rzeszów,Spa Weekend,Multikino Rzeszów,20:45,,,2026-09-07T14:03:48.556513
2026-09-07,poniedzialek,rzeszów,Spider-Man. Całkiem nowy dzień,Helios Galeria Rzeszów,11:00,,,2026-09-07T14:03:48.556513
2026-09-07,poniedzialek,rzeszów,Spider-Man. Całkiem nowy dzień,Helios Galeria Rzeszów,14:00,,,2026-09-07T14:03:48.556513
2026-09-07,poniedzialek,rzeszów,Spider-Man. Całkiem nowy dzień,Helios Galeria Rzeszów,16:50,,,2026-09-07T14:03:48.556513
2026-09-07,poniedzialek,rzeszów,Spider-Man. Całkiem nowy dzień,Helios Galeria Rzeszów,19:30,,,2026-09-07T14:03:48.556513
2026-09-07,poniedzialek,rzeszów,Spider-Man. Całkiem nowy dzień,Multikino Rzeszów,17:20,,,2026-09-07T14:03:48.556513
2026-09-07,poniedzialek,rzeszów,Spider-Man. Całkiem nowy dzień (dubbing),Multikino Rzeszów,10:00,,dubbing,2026-09-07T14:03:48.556513
2026-09-07,poniedzialek,rzeszów,Spider-Man. Całkiem nowy dzień (dubbing),Multikino Rzeszów,13:10,,dubbing,2026-09-07T14:03:48.556513
2026-09-07,poniedzialek,rzeszów,Spider-Man. Całkiem nowy dzień (dubbing),Multikino Rzeszów,14:10,,dubbing,2026-09-07T14:03:48.556513
2026-09-07,poniedzialek,rzeszów,Spider-Man. Całkiem nowy dzień (dubbing),Multikino Rzeszów,16:20,,dubbing,2026-09-07T14:03:48.556513
2026-09-07,poniedzialek,rzeszów,Spider-Man. Całkiem nowy dzień (dubbing),Multikino Rzeszów,19:30,,dubbing,2026-09-07T14:03:48.556513
2026-09-07,poniedzialek,rzeszów,Terminator 2: Dzień sądu,Multikino Rzeszów,13:05,,,2026-09-07T14:03:48.556513
2026-09-07,poniedzialek,rzeszów,Tony,Helios Galeria Rzeszów,17:45,,,2026-09-07T14:03:48.556513
2026-09-07,poniedzialek,rzeszów,Tony,Kino Zorza w Rzeszowie,21:00,,,2026-09-07T14:03:48.556513
2026-09-07,poniedzialek,rzeszów,Tony,Multikino Rzeszów,14:30,,,2026-09-07T14:03:48.556513
2026-09-07,poniedzialek,rzeszów,Tony,Multikino Rzeszów,17:00,,,2026-09-07T14:03:48.556513
2026-09-07,poniedzialek,rzeszów,Tony,Multikino Rzeszów,19:30,,,2026-09-07T14:03:48.556513
2026-09-07,poniedzialek,rzeszów,Toy Story 5 (dubbing),Multikino Rzeszów,10:40,,dubbing,2026-09-07T14:03:48.556513
2026-09-07,poniedzialek,rzeszów,Zróbmy sobie przerwę,Helios Galeria Rzeszów,12:20,,,2026-09-07T14:03:48.556513
2026-09-07,poniedzialek,toruń,100 dni: Misja Zeus,Cinema City Toruń Czerwona Droga,18:30,,,2026-09-07T14:03:51.131246
2026-09-07,poniedzialek,toruń,100 dni: Misja Zeus,Cinema City Toruń Plaza,18:30,,,2026-09-07T14:03:51.131246
2026-09-07,poniedzialek,toruń,500 mil,Cinema City Toruń Czerwona Droga,16:20,,,2026-09-07T14:03:51.131246
2026-09-07,poniedzialek,toruń,500 mil,Cinema City Toruń Czerwona Droga,18:10,,,2026-09-07T14:03:51.131246
2026-09-07,poniedzialek,toruń,500 mil,Cinema City Toruń Czerwona Droga,21:50,,,2026-09-07T14:03:51.131246
2026-09-07,poniedzialek,toruń,500 mil,Cinema City Toruń Plaza,14:40,,,2026-09-07T14:03:51.131246
2026-09-07,poniedzialek,toruń,500 mil,Cinema City Toruń Plaza,19:15,,,2026-09-07T14:03:51.131246
2026-09-07,poniedzialek,toruń,Asterix i Obelix: Misja Kleopatra (dubbing),Cinema City Toruń Czerwona Droga,13:20,,dubbing,2026-09-07T14:03:51.131246
2026-09-07,poniedzialek,toruń,Asterix i Obelix: Misja Kleopatra (dubbing),Cinema City Toruń Czerwona Droga,16:30,,dubbing,2026-09-07T14:03:51.131246
2026-09-07,poniedzialek,toruń,Asterix i Obelix: Misja Kleopatra (dubbing),Cinema City Toruń Plaza,15:00,,dubbing,2026-09-07T14:03:51.131246
2026-09-07,poniedzialek,toruń,Asterix i Obelix: Misja Kleopatra (dubbing),Cinema City Toruń Plaza,17:30,,dubbing,2026-09-07T14:03:51.131246
2026-09-07,poniedzialek,toruń,Auta,Cinema City Toruń Czerwona Droga,12:10,,,2026-09-07T14:03:51.131246
2026-09-07,poniedzialek,toruń,Auta,Cinema City Toruń Czerwona Droga,14:50,,,2026-09-07T14:03:51.131246
2026-09-07,poniedzialek,toruń,Auta,Cinema City Toruń Czerwona Droga,17:30,,,2026-09-07T14:03:51.131246
2026-09-07,poniedzialek,toruń,Auta,Cinema City Toruń Plaza,11:40,,,2026-09-07T14:03:51.131246
2026-09-07,poniedzialek,toruń,Auta,Cinema City Toruń Plaza,14:20,,,2026-09-07T14:03:51.131246
2026-09-07,poniedzialek,toruń,Auta,Cinema City Toruń Plaza,17:00,,,2026-09-07T14:03:51.131246
2026-09-07,poniedzialek,toruń,Buntownik,Cinema City Toruń Plaza,21:10,,,2026-09-07T14:03:51.131246
2026-09-07,poniedzialek,toruń,Ekipa zwierzaków (dubbing),Cinema City Toruń Czerwona Droga,11:00,,dubbing,2026-09-07T14:03:51.131246
2026-09-07,poniedzialek,toruń,Gorzkie święta,Cinema City Toruń Czerwona Droga,14:20,,,2026-09-07T14:03:51.131246
2026-09-07,poniedzialek,toruń,Gorzkie święta,Cinema City Toruń Czerwona Droga,19:00,,,2026-09-07T14:03:51.131246
2026-09-07,poniedzialek,toruń,Gorzkie święta,Cinema City Toruń Plaza,14:00,,,2026-09-07T14:03:51.131246
2026-09-07,poniedzialek,toruń,Gorzkie święta,Kino Centrum w Toruniu,15:30,,,2026-09-07T14:03:51.131246
2026-09-07,poniedzialek,toruń,Gorzkie święta,Kino Centrum w Toruniu,20:00,,,2026-09-07T14:03:51.131246
2026-09-07,poniedzialek,toruń,Gwiazdozbiór Psa,Cinema City Toruń Czerwona Droga,13:00,,,2026-09-07T14:03:51.131246
2026-09-07,poniedzialek,toruń,Gwiazdozbiór Psa,Cinema City Toruń Czerwona Droga,15:40,,,2026-09-07T14:03:51.131246
2026-09-07,poniedzialek,toruń,Gwiazdozbiór Psa,Cinema City Toruń Czerwona Droga,18:20,,,2026-09-07T14:03:51.131246
2026-09-07,poniedzialek,toruń,Gwiazdozbiór Psa,Cinema City Toruń Czerwona Droga,21:00,,,2026-09-07T14:03:51.131246
2026-09-07,poniedzialek,toruń,Gwiazdozbiór Psa,Cinema City Toruń Plaza,16:10,,,2026-09-07T14:03:51.131246
2026-09-07,poniedzialek,toruń,Gwiazdozbiór Psa,Cinema City Toruń Plaza,18:50,,,2026-09-07T14:03:51.131246
2026-09-07,poniedzialek,toruń,Homo sapiens?,Kino Centrum w Toruniu,18:00,,,2026-09-07T14:03:51.131246
2026-09-07,poniedzialek,toruń,Koniec Ulicy Dębowej,Cinema City Toruń Czerwona Droga,11:40,,,2026-09-07T14:03:51.131246
2026-09-07,poniedzialek,toruń,Koniec Ulicy Dębowej,Cinema City Toruń Czerwona Droga,20:10,,,2026-09-07T14:03:51.131246
2026-09-07,poniedzialek,toruń,Koniec Ulicy Dębowej,Cinema City Toruń Plaza,21:30,,,2026-09-07T14:03:51.131246
2026-09-07,poniedzialek,toruń,Księga pustyni (dubbing),Cinema City Toruń Czerwona Droga,11:30,,dubbing,2026-09-07T14:03:51.131246
2026-09-07,poniedzialek,toruń,Księga pustyni (dubbing),Cinema City Toruń Czerwona Droga,13:40,,dubbing,2026-09-07T14:03:51.131246
2026-09-07,poniedzialek,toruń,Ktoś całkiem obcy,Cinema City Toruń Czerwona Droga,18:15,,,2026-09-07T14:03:51.131246
2026-09-07,poniedzialek,toruń,"Miłość, śmierć i dojrzewanie na Obozie Miasma",Cinema City Toruń Czerwona Droga,20:40,,,2026-09-07T14:03:51.131246
2026-09-07,poniedzialek,toruń,Minionki i straszydła (dubbing),Cinema City Toruń Czerwona Droga,11:20,,dubbing,2026-09-07T14:03:51.131246
2026-09-07,poniedzialek,toruń,Minionki i straszydła (dubbing),Cinema City Toruń Czerwona Droga,13:30,,dubbing,2026-09-07T14:03:51.131246
2026-09-07,poniedzialek,toruń,Minionki i straszydła (dubbing),Cinema City Toruń Plaza,14:00,,dubbing,2026-09-07T14:03:51.131246
2026-09-07,poniedzialek,toruń,Naznaczony: Wyjście z mrocznego wymiaru,Cinema City Toruń Czerwona Droga,15:40,,,2026-09-07T14:03:51.131246
2026-09-07,poniedzialek,toruń,Naznaczony: Wyjście z mrocznego wymiaru,Cinema City Toruń Czerwona Droga,20:40,,,2026-09-07T14:03:51.131246
2026-09-07,poniedzialek,toruń,Naznaczony: Wyjście z mrocznego wymiaru,Cinema City Toruń Plaza,21:30,,,2026-09-07T14:03:51.131246
2026-09-07,poniedzialek,toruń,Nie patrz w dół 2,Cinema City Toruń Czerwona Droga,14:40,,,2026-09-07T14:03:51.131246
2026-09-07,poniedzialek,toruń,Nie patrz w dół 2,Cinema City Toruń Czerwona Droga,17:00,,,2026-09-07T14:03:51.131246
2026-09-07,poniedzialek,toruń,Nie patrz w dół 2,Cinema City Toruń Czerwona Droga,19:20,,,2026-09-07T14:03:51.131246
2026-09-07,poniedzialek,toruń,Nie patrz w dół 2,Cinema City Toruń Czerwona Droga,21:40,,,2026-09-07T14:03:51.131246
2026-09-07,poniedzialek,toruń,Nie patrz w dół 2,Cinema City Toruń Plaza,15:20,,,2026-09-07T14:03:51.131246
2026-09-07,poniedzialek,toruń,Nie patrz w dół 2,Cinema City Toruń Plaza,17:45,,,2026-09-07T14:03:51.131246
2026-09-07,poniedzialek,toruń,Nie patrz w dół 2,Cinema City Toruń Plaza,20:10,,,2026-09-07T14:03:51.131246
2026-09-07,poniedzialek,toruń,Obsesja,Cinema City Toruń Czerwona Droga,21:40,,,2026-09-07T14:03:51.131246
2026-09-07,poniedzialek,toruń,Odyseja,Cinema City Toruń Czerwona Droga,12:50,,,2026-09-07T14:03:51.131246
2026-09-07,poniedzialek,toruń,Odyseja,Cinema City Toruń Czerwona Droga,19:45,,,2026-09-07T14:03:51.131246
2026-09-07,poniedzialek,toruń,Odyseja,Cinema City Toruń Plaza,14:40,,,2026-09-07T14:03:51.131246
2026-09-07,poniedzialek,toruń,Psi Patrol i dinozaury (dubbing),Cinema City Toruń Czerwona Droga,10:10,,dubbing,2026-09-07T14:03:51.131246
2026-09-07,poniedzialek,toruń,Psi Patrol i dinozaury (dubbing),Cinema City Toruń Czerwona Droga,12:20,,dubbing,2026-09-07T14:03:51.131246
2026-09-07,poniedzialek,toruń,Psi Patrol i dinozaury (dubbing),Cinema City Toruń Czerwona Droga,14:30,,dubbing,2026-09-07T14:03:51.131246
2026-09-07,poniedzialek,toruń,Psi Patrol i dinozaury (dubbing),Cinema City Toruń Plaza,11:50,,dubbing,2026-09-07T14:03:51.131246
2026-09-07,poniedzialek,toruń,Psi Patrol i dinozaury (dubbing),Cinema City Toruń Plaza,12:30,,dubbing,2026-09-07T14:03:51.131246
2026-09-07,poniedzialek,toruń,Pucio kocha zwierzaki,Cinema City Toruń Czerwona Droga,10:20,,,2026-09-07T14:03:51.131246
2026-09-07,poniedzialek,toruń,Pucio kocha zwierzaki,Cinema City Toruń Czerwona Droga,11:45,,,2026-09-07T14:03:51.131246
2026-09-07,poniedzialek,toruń,Pucio kocha zwierzaki,Cinema City Toruń Czerwona Droga,13:10,,,2026-09-07T14:03:51.131246
2026-09-07,poniedzialek,toruń,Pucio kocha zwierzaki,Cinema City Toruń Plaza,11:10,,,2026-09-07T14:03:51.131246
2026-09-07,poniedzialek,toruń,Pucio kocha zwierzaki,Cinema City Toruń Plaza,12:20,,,2026-09-07T14:03:51.131246
2026-09-07,poniedzialek,toruń,Pucio kocha zwierzaki,Cinema City Toruń Plaza,13:50,,,2026-09-07T14:03:51.131246
2026-09-07,poniedzialek,toruń,Spa Weekend,Cinema City Toruń Czerwona Droga,16:40,,,2026-09-07T14:03:51.131246
2026-09-07,poniedzialek,toruń,Spa Weekend,Cinema City Toruń Czerwona Droga,19:00,,,2026-09-07T14:03:51.131246
2026-09-07,poniedzialek,toruń,Spa Weekend,Cinema City Toruń Czerwona Droga,21:20,,,2026-09-07T14:03:51.131246
2026-09-07,poniedzialek,toruń,Spa Weekend,Cinema City Toruń Plaza,17:00,,,2026-09-07T14:03:51.131246
2026-09-07,poniedzialek,toruń,Spa Weekend,Cinema City Toruń Plaza,19:30,,,2026-09-07T14:03:51.131246
2026-09-07,poniedzialek,toruń,Spa Weekend,Cinema City Toruń Plaza,21:45,,,2026-09-07T14:03:51.131246
2026-09-07,poniedzialek,toruń,Spider-Man. Całkiem nowy dzień,Cinema City Toruń Czerwona Droga,16:50,,,2026-09-07T14:03:51.131246
2026-09-07,poniedzialek,toruń,Spider-Man. Całkiem nowy dzień,Cinema City Toruń Czerwona Droga,20:00,,,2026-09-07T14:03:51.131246
2026-09-07,poniedzialek,toruń,Spider-Man. Całkiem nowy dzień,Cinema City Toruń Plaza,20:00,,,2026-09-07T14:03:51.131246
2026-09-07,poniedzialek,toruń,Spider-Man. Całkiem nowy dzień (dubbing),Cinema City Toruń Czerwona Droga,12:10,,dubbing,2026-09-07T14:03:51.131246
2026-09-07,poniedzialek,toruń,Spider-Man. Całkiem nowy dzień (dubbing),Cinema City Toruń Czerwona Droga,15:20,,dubbing,2026-09-07T14:03:51.131246
2026-09-07,poniedzialek,toruń,Spider-Man. Całkiem nowy dzień (dubbing),Cinema City Toruń Czerwona Droga,18:40,,dubbing,2026-09-07T14:03:51.131246
2026-09-07,poniedzialek,toruń,Spider-Man. Całkiem nowy dzień (dubbing),Cinema City Toruń Plaza,11:40,,dubbing,2026-09-07T14:03:51.131246
2026-09-07,poniedzialek,toruń,Spider-Man. Całkiem nowy dzień (dubbing),Cinema City Toruń Plaza,14:50,,dubbing,2026-09-07T14:03:51.131246
2026-09-07,poniedzialek,toruń,Spider-Man. Całkiem nowy dzień (dubbing),Cinema City Toruń Plaza,18:00,,dubbing,2026-09-07T14:03:51.131246
2026-09-07,poniedzialek,toruń,Sunny Dancer,Cinema City Toruń Czerwona Droga,15:50,,,2026-09-07T14:03:51.131246
2026-09-07,poniedzialek,toruń,Sunny Dancer,Cinema City Toruń Plaza,11:30,,,2026-09-07T14:03:51.131246
2026-09-07,poniedzialek,toruń,Tony,Cinema City Toruń Czerwona Droga,14:10,,,2026-09-07T14:03:51.131246
2026-09-07,poniedzialek,toruń,Tony,Cinema City Toruń Czerwona Droga,16:40,,,2026-09-07T14:03:51.131246
2026-09-07,poniedzialek,toruń,Tony,Cinema City Toruń Czerwona Droga,19:10,,,2026-09-07T14:03:51.131246
2026-09-07,poniedzialek,toruń,Tony,Cinema City Toruń Czerwona Droga,21:40,,,2026-09-07T14:03:51.131246
2026-09-07,poniedzialek,toruń,Tony,Cinema City Toruń Plaza,16:30,,,2026-09-07T14:03:51.131246
2026-09-07,poniedzialek,toruń,Tony,Cinema City Toruń Plaza,19:00,,,2026-09-07T14:03:51.131246
2026-09-07,poniedzialek,toruń,Tony,Cinema City Toruń Plaza,21:30,,,2026-09-07T14:03:51.131246
2026-09-07,poniedzialek,toruń,Toy Story 5 (dubbing),Cinema City Toruń Czerwona Droga,10:30,,dubbing,2026-09-07T14:03:51.131246
2026-09-07,poniedzialek,toruń,Toy Story 5 (dubbing),Cinema City Toruń Czerwona Droga,11:10,,dubbing,2026-09-07T14:03:51.131246
2026-09-07,poniedzialek,toruń,Toy Story 5 (dubbing),Cinema City Toruń Plaza,12:40,,dubbing,2026-09-07T14:03:51.131246
2026-09-07,poniedzialek,toruń,Vaiana (dubbing),Cinema City Toruń Czerwona Droga,13:40,,dubbing,2026-09-07T14:03:51.131246
2026-09-07,poniedzialek,toruń,Vaiana (dubbing),Cinema City Toruń Plaza,12:10,,dubbing,2026-09-07T14:03:51.131246
2026-09-07,poniedzialek,toruń,Zaproszenie,Cinema City Toruń Czerwona Droga,11:50,,,2026-09-07T14:03:51.131246
