date,day_name,city,movie_title,cinema_name,time,format,language,event_type,scraped_at
2026-07-27,poniedzialek,warszawa,Arek.Mama.Panorama,Kino Kultura w Warszawie,20:00,,,regular,2026-07-27T11:24:47.896407
2026-07-27,poniedzialek,warszawa,Arek.Mama.Panorama,Kino Luna w Warszawie,18:15,,,regular,2026-07-27T11:24:47.896407
2026-07-27,poniedzialek,warszawa,Arek.Mama.Panorama,Kino Muranów w Warszawie,16:30,,,regular,2026-07-27T11:24:47.896407
2026-07-27,poniedzialek,warszawa,Arek.Mama.Panorama,Kinokawiarnia Stacja Falenica w Warszawie,20:00,,,regular,2026-07-27T11:24:47.896407
2026-07-27,poniedzialek,warszawa,Arek.Mama.Panorama,NoveKino Wisła w Warszawie,18:30,,,regular,2026-07-27T11:24:47.896407
2026-07-27,poniedzialek,warszawa,Arek.Mama.Panorama,U–jazdowski kino,20:00,,,regular,2026-07-27T11:24:47.896407
2026-07-27,poniedzialek,warszawa,Backrooms. Bez wyjścia,Cinema City Warszawa Arkadia,19:00,,,regular,2026-07-27T11:24:47.896407
2026-07-27,poniedzialek,warszawa,Backrooms. Bez wyjścia,Cinema City Warszawa Arkadia,22:30,,,regular,2026-07-27T11:24:47.896407
2026-07-27,poniedzialek,warszawa,Backrooms. Bez wyjścia,Cinema City Warszawa Bemowo,17:00,,,regular,2026-07-27T11:24:47.896407
2026-07-27,poniedzialek,warszawa,Backrooms. Bez wyjścia,Cinema City Warszawa Galeria Mokotów,10:20,,,regular,2026-07-27T11:24:47.896407
2026-07-27,poniedzialek,warszawa,Backrooms. Bez wyjścia,Cinema City Warszawa Galeria Mokotów,12:50,,,regular,2026-07-27T11:24:47.896407
2026-07-27,poniedzialek,warszawa,Backrooms. Bez wyjścia,Cinema City Warszawa Galeria Mokotów,17:10,,,regular,2026-07-27T11:24:47.896407
2026-07-27,poniedzialek,warszawa,Backrooms. Bez wyjścia,Cinema City Warszawa Galeria Mokotów,19:40,,,regular,2026-07-27T11:24:47.896407
2026-07-27,poniedzialek,warszawa,Backrooms. Bez wyjścia,Cinema City Warszawa Galeria Północna,19:50,,,regular,2026-07-27T11:24:47.896407
2026-07-27,poniedzialek,warszawa,Backrooms. Bez wyjścia,Cinema City Warszawa Galeria Północna,22:20,,,regular,2026-07-27T11:24:47.896407
2026-07-27,poniedzialek,warszawa,Backrooms. Bez wyjścia,Cinema City Warszawa Promenada,10:00,,,regular,2026-07-27T11:24:47.896407
2026-07-27,poniedzialek,warszawa,Backrooms. Bez wyjścia,Cinema City Warszawa Promenada,12:40,,,regular,2026-07-27T11:24:47.896407
2026-07-27,poniedzialek,warszawa,Backrooms. Bez wyjścia,Cinema City Warszawa Promenada,15:10,,,regular,2026-07-27T11:24:47.896407
2026-07-27,poniedzialek,warszawa,Backrooms. Bez wyjścia,Cinema City Warszawa Promenada,21:40,,,regular,2026-07-27T11:24:47.896407
2026-07-27,poniedzialek,warszawa,Backrooms. Bez wyjścia,Cinema City Warszawa Sadyba,11:50,,,regular,2026-07-27T11:24:47.896407
2026-07-27,poniedzialek,warszawa,Backrooms. Bez wyjścia,Cinema City Warszawa Sadyba,14:20,,,regular,2026-07-27T11:24:47.896407
2026-07-27,poniedzialek,warszawa,Backrooms. Bez wyjścia,Cinema City Warszawa Sadyba,16:50,,,regular,2026-07-27T11:24:47.896407
2026-07-27,poniedzialek,warszawa,Backrooms. Bez wyjścia,Cinema City Warszawa Sadyba,19:20,,,regular,2026-07-27T11:24:47.896407
2026-07-27,poniedzialek,warszawa,Backrooms. Bez wyjścia,Cinema City Warszawa Sadyba,20:00,,,regular,2026-07-27T11:24:47.896407
2026-07-27,poniedzialek,warszawa,Backrooms. Bez wyjścia,Cinema City Warszawa Sadyba,21:50,,,regular,2026-07-27T11:24:47.896407
2026-07-27,poniedzialek,warszawa,Backrooms. Bez wyjścia,Kinoteka w Warszawie,15:30,,,regular,2026-07-27T11:24:47.896407
2026-07-27,poniedzialek,warszawa,Backrooms. Bez wyjścia,Kinoteka w Warszawie,20:30,,,regular,2026-07-27T11:24:47.896407
2026-07-27,poniedzialek,warszawa,Backrooms. Bez wyjścia,Multikino Młociny,12:20,,,regular,2026-07-27T11:24:47.896407
2026-07-27,poniedzialek,warszawa,Backrooms. Bez wyjścia,Multikino Targówek,21:30,,,regular,2026-07-27T11:24:47.896407
2026-07-27,poniedzialek,warszawa,Backrooms. Bez wyjścia,Multikino Złote Tarasy,21:15,,,regular,2026-07-27T11:24:47.896407
2026-07-27,poniedzialek,warszawa,Barry Lyndon,Kino Muranów w Warszawie,20:30,,,regular,2026-07-27T11:24:47.896407
2026-07-27,poniedzialek,warszawa,Biuro Detektywistyczne Lassego i Mai. Rabuś z pociągu (dubbing),Kinokawiarnia Stacja Falenica w Warszawie,11:00,,dubbing,regular,2026-07-27T11:24:47.896407
2026-07-27,poniedzialek,warszawa,Capo,Kinoteka w Warszawie,18:00,,,regular,2026-07-27T11:24:47.896407
2026-07-27,poniedzialek,warszawa,Chłopiec na krańcach świata,Kino Głębocka 66 w Warszawie,15:00,,,regular,2026-07-27T11:24:47.896407
2026-07-27,poniedzialek,warszawa,Chłopiec na krańcach świata,Kino na Boku - Białołęcki Ośrodek Kultury w Warszawie,15:00,,,regular,2026-07-27T11:24:47.896407
2026-07-27,poniedzialek,warszawa,Climax,Kino Muranów w Warszawie,22:30,IMAX,,regular,2026-07-27T11:24:47.896407
2026-07-27,poniedzialek,warszawa,Czarne dziury: nieznane horyzonty,Planetarium Centrum Nauki Kopernik w Warszawie,14:30,,,regular,2026-07-27T11:24:47.896407
2026-07-27,poniedzialek,warszawa,Diabeł ubiera się u Prady 2,Cinema City Warszawa Arkadia,22:00,,,regular,2026-07-27T11:24:47.896407
2026-07-27,poniedzialek,warszawa,Dinozaury: Historia przetrwania,Planetarium Centrum Nauki Kopernik w Warszawie,10:30,,,regular,2026-07-27T11:24:47.896407
2026-07-27,poniedzialek,warszawa,Drugie życie,Kino Atlantic w Warszawie,15:00,,,regular,2026-07-27T11:24:47.896407
2026-07-27,poniedzialek,warszawa,Drugie życie,Kino Muranów w Warszawie,15:30,,,regular,2026-07-27T11:24:47.896407
2026-07-27,poniedzialek,warszawa,Dzień Objawienia,Cinema City Warszawa Arkadia,22:10,,,regular,2026-07-27T11:24:47.896407
2026-07-27,poniedzialek,warszawa,Dzień Objawienia,Cinema City Warszawa Bemowo,19:20,,,regular,2026-07-27T11:24:47.896407
2026-07-27,poniedzialek,warszawa,Ekipa zwierzaków,Helios Warszawa Blue City,11:30,,,regular,2026-07-27T11:24:47.896407
2026-07-27,poniedzialek,warszawa,Ekipa zwierzaków,Helios Warszawa Blue City,13:40,,,regular,2026-07-27T11:24:47.896407
2026-07-27,poniedzialek,warszawa,Ekipa zwierzaków,Helios Warszawa Blue City,15:40,,,regular,2026-07-27T11:24:47.896407
2026-07-27,poniedzialek,warszawa,Ekipa zwierzaków,Helios Warszawa Blue City,17:15,,,regular,2026-07-27T11:24:47.896407
2026-07-27,poniedzialek,warszawa,Ekipa zwierzaków,NoveKino Wisła w Warszawie,10:45,,,regular,2026-07-27T11:24:47.896407
2026-07-27,poniedzialek,warszawa,Ekipa zwierzaków,NoveKino Wisła w Warszawie,15:15,,,regular,2026-07-27T11:24:47.896407
2026-07-27,poniedzialek,warszawa,Ekipa zwierzaków (dubbing),Cinema City Warszawa Arkadia,11:10,,dubbing,regular,2026-07-27T11:24:47.896407
2026-07-27,poniedzialek,warszawa,Ekipa zwierzaków (dubbing),Cinema City Warszawa Arkadia,13:30,,dubbing,regular,2026-07-27T11:24:47.896407
2026-07-27,poniedzialek,warszawa,Ekipa zwierzaków (dubbing),Cinema City Warszawa Arkadia,15:40,,dubbing,regular,2026-07-27T11:24:47.896407
2026-07-27,poniedzialek,warszawa,Ekipa zwierzaków (dubbing),Cinema City Warszawa Arkadia,18:00,,dubbing,regular,2026-07-27T11:24:47.896407
2026-07-27,poniedzialek,warszawa,Ekipa zwierzaków (dubbing),Cinema City Warszawa Bemowo,10:30,,dubbing,regular,2026-07-27T11:24:47.896407
2026-07-27,poniedzialek,warszawa,Ekipa zwierzaków (dubbing),Cinema City Warszawa Bemowo,12:40,,dubbing,regular,2026-07-27T11:24:47.896407
2026-07-27,poniedzialek,warszawa,Ekipa zwierzaków (dubbing),Cinema City Warszawa Bemowo,14:50,,dubbing,regular,2026-07-27T11:24:47.896407
2026-07-27,poniedzialek,warszawa,Ekipa zwierzaków (dubbing),Cinema City Warszawa Bemowo,18:10,,dubbing,regular,2026-07-27T11:24:47.896407
2026-07-27,poniedzialek,warszawa,Ekipa zwierzaków (dubbing),Cinema City Warszawa Galeria Mokotów,11:10,,dubbing,regular,2026-07-27T11:24:47.896407
2026-07-27,poniedzialek,warszawa,Ekipa zwierzaków (dubbing),Cinema City Warszawa Galeria Mokotów,13:20,,dubbing,regular,2026-07-27T11:24:47.896407
2026-07-27,poniedzialek,warszawa,Ekipa zwierzaków (dubbing),Cinema City Warszawa Galeria Mokotów,15:30,,dubbing,regular,2026-07-27T11:24:47.896407
2026-07-27,poniedzialek,warszawa,Ekipa zwierzaków (dubbing),Cinema City Warszawa Galeria Mokotów,17:40,,dubbing,regular,2026-07-27T11:24:47.896407
2026-07-27,poniedzialek,warszawa,Ekipa zwierzaków (dubbing),Cinema City Warszawa Galeria Północna,10:00,,dubbing,regular,2026-07-27T11:24:47.896407
2026-07-27,poniedzialek,warszawa,Ekipa zwierzaków (dubbing),Cinema City Warszawa Galeria Północna,11:00,,dubbing,regular,2026-07-27T11:24:47.896407
2026-07-27,poniedzialek,warszawa,Ekipa zwierzaków (dubbing),Cinema City Warszawa Galeria Północna,13:15,,dubbing,regular,2026-07-27T11:24:47.896407
2026-07-27,poniedzialek,warszawa,Ekipa zwierzaków (dubbing),Cinema City Warszawa Galeria Północna,15:30,,dubbing,regular,2026-07-27T11:24:47.896407
2026-07-27,poniedzialek,warszawa,Ekipa zwierzaków (dubbing),Cinema City Warszawa Galeria Północna,17:40,,dubbing,regular,2026-07-27T11:24:47.896407
2026-07-27,poniedzialek,warszawa,Ekipa zwierzaków (dubbing),Cinema City Warszawa Promenada,10:50,,dubbing,regular,2026-07-27T11:24:47.896407
2026-07-27,poniedzialek,warszawa,Ekipa zwierzaków (dubbing),Cinema City Warszawa Promenada,13:00,,dubbing,regular,2026-07-27T11:24:47.896407
2026-07-27,poniedzialek,warszawa,Ekipa zwierzaków (dubbing),Cinema City Warszawa Promenada,15:10,,dubbing,regular,2026-07-27T11:24:47.896407
2026-07-27,poniedzialek,warszawa,Ekipa zwierzaków (dubbing),Cinema City Warszawa Promenada,17:30,,dubbing,regular,2026-07-27T11:24:47.896407
2026-07-27,poniedzialek,warszawa,Ekipa zwierzaków (dubbing),Cinema City Warszawa Sadyba,11:00,,dubbing,regular,2026-07-27T11:24:47.896407
2026-07-27,poniedzialek,warszawa,Ekipa zwierzaków (dubbing),Cinema City Warszawa Sadyba,13:40,,dubbing,regular,2026-07-27T11:24:47.896407
2026-07-27,poniedzialek,warszawa,Ekipa zwierzaków (dubbing),Cinema City Warszawa Sadyba,15:45,,dubbing,regular,2026-07-27T11:24:47.896407
2026-07-27,poniedzialek,warszawa,Ekipa zwierzaków (dubbing),Cinema City Warszawa Sadyba,17:50,,dubbing,regular,2026-07-27T11:24:47.896407
2026-07-27,poniedzialek,warszawa,Ekipa zwierzaków (dubbing),Kino Głębocka 66 w Warszawie,11:00,,dubbing,regular,2026-07-27T11:24:47.896407
2026-07-27,poniedzialek,warszawa,Ekipa zwierzaków (dubbing),Kino Głębocka 66 w Warszawie,13:00,,dubbing,regular,2026-07-27T11:24:47.896407
2026-07-27,poniedzialek,warszawa,Ekipa zwierzaków (dubbing),Kino Luna w Warszawie,10:15,,dubbing,regular,2026-07-27T11:24:47.896407
2026-07-27,poniedzialek,warszawa,Ekipa zwierzaków (dubbing),Kino na Boku - Białołęcki Ośrodek Kultury w Warszawie,13:00,,dubbing,regular,2026-07-27T11:24:47.896407
2026-07-27,poniedzialek,warszawa,Ekipa zwierzaków (dubbing),Multikino Atrium Reduta w Warszawie,11:30,,dubbing,regular,2026-07-27T11:24:47.896407
2026-07-27,poniedzialek,warszawa,Ekipa zwierzaków (dubbing),Multikino Atrium Reduta w Warszawie,13:40,,dubbing,regular,2026-07-27T11:24:47.896407
2026-07-27,poniedzialek,warszawa,Ekipa zwierzaków (dubbing),Multikino Atrium Reduta w Warszawie,16:00,,dubbing,regular,2026-07-27T11:24:47.896407
2026-07-27,poniedzialek,warszawa,Ekipa zwierzaków (dubbing),Multikino Młociny,13:20,,dubbing,regular,2026-07-27T11:24:47.896407
2026-07-27,poniedzialek,warszawa,Ekipa zwierzaków (dubbing),Multikino Młociny,15:25,,dubbing,regular,2026-07-27T11:24:47.896407
2026-07-27,poniedzialek,warszawa,Ekipa zwierzaków (dubbing),Multikino Młociny,17:30,,dubbing,regular,2026-07-27T11:24:47.896407
2026-07-27,poniedzialek,warszawa,Ekipa zwierzaków (dubbing),Multikino Targówek,12:00,,dubbing,regular,2026-07-27T11:24:47.896407
2026-07-27,poniedzialek,warszawa,Ekipa zwierzaków (dubbing),Multikino Targówek,13:20,,dubbing,regular,2026-07-27T11:24:47.896407
2026-07-27,poniedzialek,warszawa,Ekipa zwierzaków (dubbing),Multikino Targówek,15:25,,dubbing,regular,2026-07-27T11:24:47.896407
2026-07-27,poniedzialek,warszawa,Ekipa zwierzaków (dubbing),Multikino Targówek,17:40,,dubbing,regular,2026-07-27T11:24:47.896407
2026-07-27,poniedzialek,warszawa,Ekipa zwierzaków (dubbing),Multikino Wola,11:35,,dubbing,regular,2026-07-27T11:24:47.896407
2026-07-27,poniedzialek,warszawa,Ekipa zwierzaków (dubbing),Multikino Wola,13:50,,dubbing,regular,2026-07-27T11:24:47.896407
2026-07-27,poniedzialek,warszawa,Ekipa zwierzaków (dubbing),Multikino Wola,16:00,,dubbing,regular,2026-07-27T11:24:47.896407
2026-07-27,poniedzialek,warszawa,Ekipa zwierzaków (dubbing),Multikino Złote Tarasy,11:15,,dubbing,regular,2026-07-27T11:24:47.896407
2026-07-27,poniedzialek,warszawa,Ekipa zwierzaków (dubbing),Multikino Złote Tarasy,13:25,,dubbing,regular,2026-07-27T11:24:47.896407
2026-07-27,poniedzialek,warszawa,Ekipa zwierzaków (dubbing),Multikino Złote Tarasy,15:35,,dubbing,regular,2026-07-27T11:24:47.896407
2026-07-27,poniedzialek,warszawa,Ekipa zwierzaków (dubbing),Multikino Złote Tarasy,17:45,,dubbing,regular,2026-07-27T11:24:47.896407
2026-07-27,poniedzialek,warszawa,Ghost In the Shell,Cinema City Warszawa Arkadia,18:00,,,regular,2026-07-27T11:24:47.896407
2026-07-27,poniedzialek,warszawa,Ghost In the Shell,Cinema City Warszawa Galeria Mokotów,18:40,,,regular,2026-07-27T11:24:47.896407
2026-07-27,poniedzialek,warszawa,Ghost In the Shell,Cinema City Warszawa Galeria Północna,18:30,,,regular,2026-07-27T11:24:47.896407
2026-07-27,poniedzialek,warszawa,Ghost In the Shell,Cinema City Warszawa Promenada,18:00,,,regular,2026-07-27T11:24:47.896407
2026-07-27,poniedzialek,warszawa,Ghost In the Shell,Kino Kultura w Warszawie,18:00,,,regular,2026-07-27T11:24:47.896407
2026-07-27,poniedzialek,warszawa,Ghost In the Shell,Kinomuzeum w Muzeum Sztuki Nowoczesnej w Warszawie,17:30,,,regular,2026-07-27T11:24:47.896407
2026-07-27,poniedzialek,warszawa,Ghost in the shell,Kinoteka w Warszawie,19:00,,,regular,2026-07-27T11:24:47.896407
2026-07-27,poniedzialek,warszawa,Ghost In the Shell,Multikino Młociny,11:00,,,regular,2026-07-27T11:24:47.896407
2026-07-27,poniedzialek,warszawa,Ghost In the Shell,Multikino Targówek,17:05,,,regular,2026-07-27T11:24:47.896407
2026-07-27,poniedzialek,warszawa,Ghost In the Shell,Multikino Złote Tarasy,21:45,,,regular,2026-07-27T11:24:47.896407
2026-07-27,poniedzialek,warszawa,Ghost In the Shell,U–jazdowski kino,18:15,,,regular,2026-07-27T11:24:47.896407
2026-07-27,poniedzialek,warszawa,Góra mocy,Kino Luna w Warszawie,11:45,,,regular,2026-07-27T11:24:47.896407
2026-07-27,poniedzialek,warszawa,Gwiezdne wojny: The Mandalorian i Grogu,Cinema City Warszawa Arkadia,10:20,,,regular,2026-07-27T11:24:47.896407
2026-07-27,poniedzialek,warszawa,Gwiezdne wojny: The Mandalorian i Grogu,Cinema City Warszawa Arkadia,13:10,,,regular,2026-07-27T11:24:47.896407
2026-07-27,poniedzialek,warszawa,Jej piekło,Cinema City Warszawa Arkadia,14:00,,,regular,2026-07-27T11:24:47.896407
2026-07-27,poniedzialek,warszawa,Jej piekło,Cinema City Warszawa Arkadia,20:50,,,regular,2026-07-27T11:24:47.896407
2026-07-27,poniedzialek,warszawa,Jej piekło,Cinema City Warszawa Galeria Mokotów,19:50,,,regular,2026-07-27T11:24:47.896407
2026-07-27,poniedzialek,warszawa,Jej piekło,Cinema City Warszawa Galeria Mokotów,22:20,,,regular,2026-07-27T11:24:47.896407
2026-07-27,poniedzialek,warszawa,Jej piekło,Cinema City Warszawa Promenada,19:00,,,regular,2026-07-27T11:24:47.896407
2026-07-27,poniedzialek,warszawa,Jej piekło,Cinema City Warszawa Promenada,21:30,,,regular,2026-07-27T11:24:47.896407
2026-07-27,poniedzialek,warszawa,Jej piekło,Kino Iluzjon - Muzeum Sztuki Filmowej w Warszawie,20:00,,,regular,2026-07-27T11:24:47.896407
2026-07-27,poniedzialek,warszawa,Jej piekło,Kino Kultura w Warszawie,21:30,,,regular,2026-07-27T11:24:47.896407
2026-07-27,poniedzialek,warszawa,Jej piekło,Kinoteka w Warszawie,16:00,,,regular,2026-07-27T11:24:47.896407
2026-07-27,poniedzialek,warszawa,Jej piekło,Kinoteka w Warszawie,20:45,,,regular,2026-07-27T11:24:47.896407
2026-07-27,poniedzialek,warszawa,Jej piekło,Multikino Młociny,17:25,,,regular,2026-07-27T11:24:47.896407
2026-07-27,poniedzialek,warszawa,Jej piekło,Multikino Targówek,19:45,,,regular,2026-07-27T11:24:47.896407
2026-07-27,poniedzialek,warszawa,Jej piekło,Multikino Złote Tarasy,19:55,,,regular,2026-07-27T11:24:47.896407
2026-07-27,poniedzialek,warszawa,Kicia Kocia na pikniku (dubbing),Kinokawiarnia Stacja Falenica w Warszawie,13:00,,dubbing,regular,2026-07-27T11:24:47.896407
2026-07-27,poniedzialek,warszawa,Kobiety na skraju załamania nerwowego,Kino Muranów w Warszawie,20:15,,,regular,2026-07-27T11:24:47.896407
2026-07-27,poniedzialek,warszawa,Kokuho,Kinoteka w Warszawie,14:30,,,regular,2026-07-27T11:24:47.896407
2026-07-27,poniedzialek,warszawa,Koniec niewinności,Kino Iluzjon - Muzeum Sztuki Filmowej w Warszawie,18:00,,,regular,2026-07-27T11:24:47.896407
2026-07-27,poniedzialek,warszawa,Kosmiczny mecz,Multikino Targówek,13:15,,,regular,2026-07-27T11:24:47.896407
2026-07-27,poniedzialek,warszawa,Księżniczka Mononoke,Kino Muranów w Warszawie,18:00,,,regular,2026-07-27T11:24:47.896407
2026-07-27,poniedzialek,warszawa,Kumotry,Kino Głębocka 66 w Warszawie,17:30,,,regular,2026-07-27T11:24:47.896407
2026-07-27,poniedzialek,warszawa,Kumotry,Kino na Boku - Białołęcki Ośrodek Kultury w Warszawie,17:30,,,regular,2026-07-27T11:24:47.896407
2026-07-27,poniedzialek,warszawa,Kumotry,Kinokawiarnia Stacja Falenica w Warszawie,16:15,,,regular,2026-07-27T11:24:47.896407
2026-07-27,poniedzialek,warszawa,Kumotry,Kinoteka w Warszawie,16:15,,,regular,2026-07-27T11:24:47.896407
2026-07-27,poniedzialek,warszawa,La Strada,AMONDO Kino w Warszawie,17:50,,,regular,2026-07-27T11:24:47.896407
2026-07-27,poniedzialek,warszawa,Lekcja jazdy,Kino letnie przy Centrum Myśli Jana Pawła II w Warszawie,21:45,,,regular,2026-07-27T11:24:47.896407
2026-07-27,poniedzialek,warszawa,Martwe zło: Ogień,Cinema City Warszawa Arkadia,20:00,,,regular,2026-07-27T11:24:47.896407
2026-07-27,poniedzialek,warszawa,Martwe zło: Ogień,Cinema City Warszawa Arkadia,22:30,,,regular,2026-07-27T11:24:47.896407
2026-07-27,poniedzialek,warszawa,Martwe zło: Ogień,Cinema City Warszawa Bemowo,21:40,,,regular,2026-07-27T11:24:47.896407
2026-07-27,poniedzialek,warszawa,Martwe zło: Ogień,Cinema City Warszawa Galeria Mokotów,17:20,,,regular,2026-07-27T11:24:47.896407
2026-07-27,poniedzialek,warszawa,Martwe zło: Ogień,Cinema City Warszawa Galeria Mokotów,21:30,,,regular,2026-07-27T11:24:47.896407
2026-07-27,poniedzialek,warszawa,Martwe zło: Ogień,Cinema City Warszawa Galeria Północna,19:00,,,regular,2026-07-27T11:24:47.896407
2026-07-27,poniedzialek,warszawa,Martwe zło: Ogień,Cinema City Warszawa Galeria Północna,21:30,,,regular,2026-07-27T11:24:47.896407
2026-07-27,poniedzialek,warszawa,Martwe zło: Ogień,Cinema City Warszawa Promenada,19:40,,,regular,2026-07-27T11:24:47.896407
2026-07-27,poniedzialek,warszawa,Martwe zło: Ogień,Cinema City Warszawa Promenada,22:10,,,regular,2026-07-27T11:24:47.896407
2026-07-27,poniedzialek,warszawa,Martwe zło: Ogień,Cinema City Warszawa Sadyba,19:10,,,regular,2026-07-27T11:24:47.896407
2026-07-27,poniedzialek,warszawa,Martwe zło: Ogień,Cinema City Warszawa Sadyba,21:45,,,regular,2026-07-27T11:24:47.896407
2026-07-27,poniedzialek,warszawa,Martwe zło: Ogień,Helios Warszawa Blue City,19:00,,,regular,2026-07-27T11:24:47.896407
2026-07-27,poniedzialek,warszawa,Martwe zło: Ogień,Helios Warszawa Blue City,21:50,,,regular,2026-07-27T11:24:47.896407
2026-07-27,poniedzialek,warszawa,Martwe zło: Ogień,Multikino Młociny,21:45,,,regular,2026-07-27T11:24:47.896407
2026-07-27,poniedzialek,warszawa,Martwe zło: Ogień,Multikino Targówek,20:30,,,regular,2026-07-27T11:24:47.896407
2026-07-27,poniedzialek,warszawa,Martwe zło: Ogień,Multikino Wola,21:00,,,regular,2026-07-27T11:24:47.896407
2026-07-27,poniedzialek,warszawa,Martwe zło: Ogień,Multikino Złote Tarasy,21:00,,,regular,2026-07-27T11:24:47.896407
2026-07-27,poniedzialek,warszawa,Michael,Cinema City Warszawa Galeria Północna,22:00,,,regular,2026-07-27T11:24:47.896407
2026-07-27,poniedzialek,warszawa,Minionki i straszydła (dubbing),Cinema City Warszawa Arkadia,10:50,,dubbing,regular,2026-07-27T11:24:47.896407
2026-07-27,poniedzialek,warszawa,Minionki i straszydła (dubbing),Cinema City Warszawa Arkadia,11:30,,dubbing,regular,2026-07-27T11:24:47.896407
2026-07-27,poniedzialek,warszawa,Minionki i straszydła (dubbing),Cinema City Warszawa Arkadia,13:00,,dubbing,regular,2026-07-27T11:24:47.896407
2026-07-27,poniedzialek,warszawa,Minionki i straszydła (dubbing),Cinema City Warszawa Arkadia,13:40,,dubbing,regular,2026-07-27T11:24:47.896407
2026-07-27,poniedzialek,warszawa,Minionki i straszydła (dubbing),Cinema City Warszawa Arkadia,15:10,,dubbing,regular,2026-07-27T11:24:47.896407
2026-07-27,poniedzialek,warszawa,Minionki i straszydła (dubbing),Cinema City Warszawa Arkadia,15:50,,dubbing,regular,2026-07-27T11:24:47.896407
2026-07-27,poniedzialek,warszawa,Minionki i straszydła (dubbing),Cinema City Warszawa Arkadia,17:20,,dubbing,regular,2026-07-27T11:24:47.896407
2026-07-27,poniedzialek,warszawa,Minionki i straszydła (dubbing),Cinema City Warszawa Arkadia,18:40,,dubbing,regular,2026-07-27T11:24:47.896407
2026-07-27,poniedzialek,warszawa,Minionki i straszydła (dubbing),Cinema City Warszawa Bemowo,10:10,,dubbing,regular,2026-07-27T11:24:47.896407
2026-07-27,poniedzialek,warszawa,Minionki i straszydła (dubbing),Cinema City Warszawa Bemowo,10:40,,dubbing,regular,2026-07-27T11:24:47.896407
2026-07-27,poniedzialek,warszawa,Minionki i straszydła (dubbing),Cinema City Warszawa Bemowo,11:40,,dubbing,regular,2026-07-27T11:24:47.896407
2026-07-27,poniedzialek,warszawa,Minionki i straszydła (dubbing),Cinema City Warszawa Bemowo,12:50,,dubbing,regular,2026-07-27T11:24:47.896407
2026-07-27,poniedzialek,warszawa,Minionki i straszydła (dubbing),Cinema City Warszawa Bemowo,13:50,,dubbing,regular,2026-07-27T11:24:47.896407
2026-07-27,poniedzialek,warszawa,Minionki i straszydła (dubbing),Cinema City Warszawa Bemowo,15:00,,dubbing,regular,2026-07-27T11:24:47.896407
2026-07-27,poniedzialek,warszawa,Minionki i straszydła (dubbing),Cinema City Warszawa Bemowo,16:00,,dubbing,regular,2026-07-27T11:24:47.896407
2026-07-27,poniedzialek,warszawa,Minionki i straszydła (dubbing),Cinema City Warszawa Bemowo,17:10,,dubbing,regular,2026-07-27T11:24:47.896407
2026-07-27,poniedzialek,warszawa,Minionki i straszydła (dubbing),Cinema City Warszawa Bemowo,19:30,,dubbing,regular,2026-07-27T11:24:47.896407
2026-07-27,poniedzialek,warszawa,Minionki i straszydła (dubbing),Cinema City Warszawa Galeria Mokotów,10:00,,dubbing,regular,2026-07-27T11:24:47.896407
2026-07-27,poniedzialek,warszawa,Minionki i straszydła (dubbing),Cinema City Warszawa Galeria Mokotów,10:40,,dubbing,regular,2026-07-27T11:24:47.896407
2026-07-27,poniedzialek,warszawa,Minionki i straszydła (dubbing),Cinema City Warszawa Galeria Mokotów,11:20,,dubbing,regular,2026-07-27T11:24:47.896407
2026-07-27,poniedzialek,warszawa,Minionki i straszydła (dubbing),Cinema City Warszawa Galeria Mokotów,12:10,,dubbing,regular,2026-07-27T11:24:47.896407
2026-07-27,poniedzialek,warszawa,Minionki i straszydła (dubbing),Cinema City Warszawa Galeria Mokotów,13:30,,dubbing,regular,2026-07-27T11:24:47.896407
2026-07-27,poniedzialek,warszawa,Minionki i straszydła (dubbing),Cinema City Warszawa Galeria Mokotów,14:20,,dubbing,regular,2026-07-27T11:24:47.896407
2026-07-27,poniedzialek,warszawa,Minionki i straszydła (dubbing),Cinema City Warszawa Galeria Mokotów,15:40,,dubbing,regular,2026-07-27T11:24:47.896407
2026-07-27,poniedzialek,warszawa,Minionki i straszydła (dubbing),Cinema City Warszawa Galeria Mokotów,16:30,,dubbing,regular,2026-07-27T11:24:47.896407
2026-07-27,poniedzialek,warszawa,Minionki i straszydła (dubbing),Cinema City Warszawa Galeria Północna,10:10,,dubbing,regular,2026-07-27T11:24:47.896407
2026-07-27,poniedzialek,warszawa,Minionki i straszydła (dubbing),Cinema City Warszawa Galeria Północna,10:50,,dubbing,regular,2026-07-27T11:24:47.896407
2026-07-27,poniedzialek,warszawa,Minionki i straszydła (dubbing),Cinema City Warszawa Galeria Północna,11:40,,dubbing,regular,2026-07-27T11:24:47.896407
2026-07-27,poniedzialek,warszawa,Minionki i straszydła (dubbing),Cinema City Warszawa Galeria Północna,12:20,,dubbing,regular,2026-07-27T11:24:47.896407
2026-07-27,poniedzialek,warszawa,Minionki i straszydła (dubbing),Cinema City Warszawa Galeria Północna,13:50,,dubbing,regular,2026-07-27T11:24:47.896407
2026-07-27,poniedzialek,warszawa,Minionki i straszydła (dubbing),Cinema City Warszawa Galeria Północna,14:30,,dubbing,regular,2026-07-27T11:24:47.896407
2026-07-27,poniedzialek,warszawa,Minionki i straszydła (dubbing),Cinema City Warszawa Galeria Północna,16:40,,dubbing,regular,2026-07-27T11:24:47.896407
2026-07-27,poniedzialek,warszawa,Minionki i straszydła (dubbing),Cinema City Warszawa Promenada,10:10,,dubbing,regular,2026-07-27T11:24:47.896407
2026-07-27,poniedzialek,warszawa,Minionki i straszydła (dubbing),Cinema City Warszawa Promenada,12:20,,dubbing,regular,2026-07-27T11:24:47.896407
2026-07-27,poniedzialek,warszawa,Minionki i straszydła (dubbing),Cinema City Warszawa Promenada,14:30,,dubbing,regular,2026-07-27T11:24:47.896407
2026-07-27,poniedzialek,warszawa,Minionki i straszydła (dubbing),Cinema City Warszawa Promenada,16:40,,dubbing,regular,2026-07-27T11:24:47.896407
2026-07-27,poniedzialek,warszawa,Minionki i straszydła (dubbing),Cinema City Warszawa Promenada,18:50,,dubbing,regular,2026-07-27T11:24:47.896407
2026-07-27,poniedzialek,warszawa,Minionki i straszydła (dubbing),Cinema City Warszawa Sadyba,10:30,,dubbing,regular,2026-07-27T11:24:47.896407
2026-07-27,poniedzialek,warszawa,Minionki i straszydła (dubbing),Cinema City Warszawa Sadyba,11:00,,dubbing,regular,2026-07-27T11:24:47.896407
2026-07-27,poniedzialek,warszawa,Minionki i straszydła (dubbing),Cinema City Warszawa Sadyba,12:40,,dubbing,regular,2026-07-27T11:24:47.896407
2026-07-27,poniedzialek,warszawa,Minionki i straszydła (dubbing),Cinema City Warszawa Sadyba,13:10,,dubbing,regular,2026-07-27T11:24:47.896407
2026-07-27,poniedzialek,warszawa,Minionki i straszydła (dubbing),Cinema City Warszawa Sadyba,14:50,,dubbing,regular,2026-07-27T11:24:47.896407
2026-07-27,poniedzialek,warszawa,Minionki i straszydła (dubbing),Cinema City Warszawa Sadyba,15:20,,dubbing,regular,2026-07-27T11:24:47.896407
2026-07-27,poniedzialek,warszawa,Minionki i straszydła (dubbing),Cinema City Warszawa Sadyba,17:00,,dubbing,regular,2026-07-27T11:24:47.896407
2026-07-27,poniedzialek,warszawa,Minionki i straszydła (dubbing),Cinema City Warszawa Sadyba,18:00,,dubbing,regular,2026-07-27T11:24:47.896407
2026-07-27,poniedzialek,warszawa,Minionki i straszydła (dubbing),Helios Warszawa Blue City,10:30,,dubbing,regular,2026-07-27T11:24:47.896407
2026-07-27,poniedzialek,warszawa,Minionki i straszydła (dubbing),Helios Warszawa Blue City,12:40,,dubbing,regular,2026-07-27T11:24:47.896407
2026-07-27,poniedzialek,warszawa,Minionki i straszydła (dubbing),Helios Warszawa Blue City,13:10,,dubbing,regular,2026-07-27T11:24:47.896407
2026-07-27,poniedzialek,warszawa,Minionki i straszydła (dubbing),Helios Warszawa Blue City,14:45,,dubbing,regular,2026-07-27T11:24:47.896407
2026-07-27,poniedzialek,warszawa,Minionki i straszydła (dubbing),Helios Warszawa Blue City,15:00,,dubbing,regular,2026-07-27T11:24:47.896407
2026-07-27,poniedzialek,warszawa,Minionki i straszydła (dubbing),Helios Warszawa Blue City,15:30,,dubbing,regular,2026-07-27T11:24:47.896407
2026-07-27,poniedzialek,warszawa,Minionki i straszydła (dubbing),KinoGram w Warszawie,15:00,,dubbing,regular,2026-07-27T11:24:47.896407
2026-07-27,poniedzialek,warszawa,Minionki i straszydła (dubbing),Kinokawiarnia Stacja Falenica w Warszawie,13:00,,dubbing,regular,2026-07-27T11:24:47.896407
2026-07-27,poniedzialek,warszawa,Minionki i straszydła (dubbing),Kinokawiarnia Stacja Falenica w Warszawie,15:00,,dubbing,regular,2026-07-27T11:24:47.896407
2026-07-27,poniedzialek,warszawa,Minionki i straszydła (dubbing),Kinoteka w Warszawie,13:30,,dubbing,regular,2026-07-27T11:24:47.896407
2026-07-27,poniedzialek,warszawa,Minionki i straszydła (dubbing),Multikino Atrium Reduta w Warszawie,11:10,,dubbing,regular,2026-07-27T11:24:47.896407
2026-07-27,poniedzialek,warszawa,Minionki i straszydła (dubbing),Multikino Atrium Reduta w Warszawie,13:30,,dubbing,regular,2026-07-27T11:24:47.896407
2026-07-27,poniedzialek,warszawa,Minionki i straszydła (dubbing),Multikino Atrium Reduta w Warszawie,15:45,,dubbing,regular,2026-07-27T11:24:47.896407
2026-07-27,poniedzialek,warszawa,Minionki i straszydła (dubbing),Multikino Atrium Reduta w Warszawie,18:10,,dubbing,regular,2026-07-27T11:24:47.896407
2026-07-27,poniedzialek,warszawa,Minionki i straszydła (dubbing),Multikino Młociny,10:00,,dubbing,regular,2026-07-27T11:24:47.896407
2026-07-27,poniedzialek,warszawa,Minionki i straszydła (dubbing),Multikino Młociny,10:30,,dubbing,regular,2026-07-27T11:24:47.896407
2026-07-27,poniedzialek,warszawa,Minionki i straszydła (dubbing),Multikino Młociny,11:20,,dubbing,regular,2026-07-27T11:24:47.896407
2026-07-27,poniedzialek,warszawa,Minionki i straszydła (dubbing),Multikino Młociny,13:30,,dubbing,regular,2026-07-27T11:24:47.896407
2026-07-27,poniedzialek,warszawa,Minionki i straszydła (dubbing),Multikino Młociny,15:40,,dubbing,regular,2026-07-27T11:24:47.896407
2026-07-27,poniedzialek,warszawa,Minionki i straszydła (dubbing),Multikino Młociny,17:50,,dubbing,regular,2026-07-27T11:24:47.896407
2026-07-27,poniedzialek,warszawa,Minionki i straszydła (dubbing),Multikino Targówek,10:30,,dubbing,regular,2026-07-27T11:24:47.896407
2026-07-27,poniedzialek,warszawa,Minionki i straszydła (dubbing),Multikino Targówek,11:10,,dubbing,regular,2026-07-27T11:24:47.896407
2026-07-27,poniedzialek,warszawa,Minionki i straszydła (dubbing),Multikino Targówek,11:50,,dubbing,regular,2026-07-27T11:24:47.896407
2026-07-27,poniedzialek,warszawa,Minionki i straszydła (dubbing),Multikino Targówek,14:00,,dubbing,regular,2026-07-27T11:24:47.896407
2026-07-27,poniedzialek,warszawa,Minionki i straszydła (dubbing),Multikino Targówek,15:10,,dubbing,regular,2026-07-27T11:24:47.896407
2026-07-27,poniedzialek,warszawa,Minionki i straszydła (dubbing),Multikino Targówek,16:10,,dubbing,regular,2026-07-27T11:24:47.896407
2026-07-27,poniedzialek,warszawa,Minionki i straszydła (dubbing),Multikino Targówek,18:20,,dubbing,regular,2026-07-27T11:24:47.896407
2026-07-27,poniedzialek,warszawa,Minionki i straszydła (dubbing),Multikino Wola,11:00,,dubbing,regular,2026-07-27T11:24:47.896407
2026-07-27,poniedzialek,warszawa,Minionki i straszydła (dubbing),Multikino Wola,13:25,,dubbing,regular,2026-07-27T11:24:47.896407
2026-07-27,poniedzialek,warszawa,Minionki i straszydła (dubbing),Multikino Wola,15:40,,dubbing,regular,2026-07-27T11:24:47.896407
2026-07-27,poniedzialek,warszawa,Minionki i straszydła (dubbing),Multikino Wola,17:55,,dubbing,regular,2026-07-27T11:24:47.896407
2026-07-27,poniedzialek,warszawa,Minionki i straszydła (dubbing),Multikino Złote Tarasy,10:00,,dubbing,regular,2026-07-27T11:24:47.896407
2026-07-27,poniedzialek,warszawa,Minionki i straszydła (dubbing),Multikino Złote Tarasy,11:15,,dubbing,regular,2026-07-27T11:24:47.896407
2026-07-27,poniedzialek,warszawa,Minionki i straszydła (dubbing),Multikino Złote Tarasy,13:25,,dubbing,regular,2026-07-27T11:24:47.896407
2026-07-27,poniedzialek,warszawa,Minionki i straszydła (dubbing),Multikino Złote Tarasy,15:40,,dubbing,regular,2026-07-27T11:24:47.896407
2026-07-27,poniedzialek,warszawa,Minionki i straszydła (dubbing),Multikino Złote Tarasy,17:50,,dubbing,regular,2026-07-27T11:24:47.896407
2026-07-27,poniedzialek,warszawa,Minionki i straszydła (dubbing),NoveKino Wisła w Warszawie,10:40,,dubbing,regular,2026-07-27T11:24:47.896407
2026-07-27,poniedzialek,warszawa,Nadlatują!,Planetarium Centrum Nauki Kopernik w Warszawie,09:30,,,regular,2026-07-27T11:24:47.896407
2026-07-27,poniedzialek,warszawa,Niesamowite przygody skarpetek 3. Ale kosmos!,Cinema City Warszawa Bemowo,10:10,,,regular,2026-07-27T11:24:47.896407
2026-07-27,poniedzialek,warszawa,Niesamowite przygody skarpetek 3. Ale kosmos!,Cinema City Warszawa Promenada,10:10,,,regular,2026-07-27T11:24:47.896407
2026-07-27,poniedzialek,warszawa,Niesamowite przygody skarpetek 3. Ale kosmos!,Multikino Targówek,10:15,,,regular,2026-07-27T11:24:47.896407
2026-07-27,poniedzialek,warszawa,Niewidzialny Wszechświat,Planetarium Centrum Nauki Kopernik w Warszawie,19:00,,,regular,2026-07-27T11:24:47.896407
2026-07-27,poniedzialek,warszawa,Nowa fala,KinoGram w Warszawie,19:00,,,regular,2026-07-27T11:24:47.896407
2026-07-27,poniedzialek,warszawa,O czym sobie nie mówimy,Cinema City Warszawa Arkadia,11:20,,,regular,2026-07-27T11:24:47.896407
2026-07-27,poniedzialek,warszawa,O czym sobie nie mówimy,Cinema City Warszawa Galeria Północna,11:50,,,regular,2026-07-27T11:24:47.896407
2026-07-27,poniedzialek,warszawa,O czym sobie nie mówimy,Kino Atlantic w Warszawie,13:00,,,regular,2026-07-27T11:24:47.896407
2026-07-27,poniedzialek,warszawa,O czym sobie nie mówimy,Kino Atlantic w Warszawie,15:00,,,regular,2026-07-27T11:24:47.896407
2026-07-27,poniedzialek,warszawa,O czym sobie nie mówimy,Kino Atlantic w Warszawie,17:30,,,regular,2026-07-27T11:24:47.896407
2026-07-27,poniedzialek,warszawa,O czym sobie nie mówimy,Kino Atlantic w Warszawie,20:00,,,regular,2026-07-27T11:24:47.896407
2026-07-27,poniedzialek,warszawa,O czym sobie nie mówimy,Kino Elektronik w Warszawie,20:15,,,regular,2026-07-27T11:24:47.896407
2026-07-27,poniedzialek,warszawa,O czym sobie nie mówimy,Kino Luna w Warszawie,20:45,,,regular,2026-07-27T11:24:47.896407
2026-07-27,poniedzialek,warszawa,O czym sobie nie mówimy,Kino Muranów w Warszawie,15:45,,,regular,2026-07-27T11:24:47.896407
2026-07-27,poniedzialek,warszawa,O czym sobie nie mówimy,Kinokawiarnia Stacja Falenica w Warszawie,17:45,,,regular,2026-07-27T11:24:47.896407
2026-07-27,poniedzialek,warszawa,O czym sobie nie mówimy,Kinoteka w Warszawie,13:30,,,regular,2026-07-27T11:24:47.896407
2026-07-27,poniedzialek,warszawa,O czym sobie nie mówimy,Kinoteka w Warszawie,18:00,,,regular,2026-07-27T11:24:47.896407
2026-07-27,poniedzialek,warszawa,O czym sobie nie mówimy,Multikino Młociny,14:50,,,regular,2026-07-27T11:24:47.896407
2026-07-27,poniedzialek,warszawa,O czym sobie nie mówimy,Multikino Targówek,21:05,,,regular,2026-07-27T11:24:47.896407
2026-07-27,poniedzialek,warszawa,Obcy,Kino Muranów w Warszawie,18:15,,,regular,2026-07-27T11:24:47.896407
2026-07-27,poniedzialek,warszawa,Obsesja,Cinema City Warszawa Arkadia,19:30,,,regular,2026-07-27T11:24:47.896407
2026-07-27,poniedzialek,warszawa,Obsesja,Cinema City Warszawa Bemowo,20:15,,,regular,2026-07-27T11:24:47.896407
2026-07-27,poniedzialek,warszawa,Obsesja,Cinema City Warszawa Galeria Mokotów,22:10,,,regular,2026-07-27T11:24:47.896407
2026-07-27,poniedzialek,warszawa,Obsesja,Cinema City Warszawa Galeria Północna,20:50,,,regular,2026-07-27T11:24:47.896407
2026-07-27,poniedzialek,warszawa,Obsesja,Cinema City Warszawa Promenada,17:40,,,regular,2026-07-27T11:24:47.896407
2026-07-27,poniedzialek,warszawa,Obsesja,Cinema City Warszawa Promenada,20:10,,,regular,2026-07-27T11:24:47.896407
2026-07-27,poniedzialek,warszawa,Obsesja,Cinema City Warszawa Promenada,21:50,,,regular,2026-07-27T11:24:47.896407
2026-07-27,poniedzialek,warszawa,Obsesja,Cinema City Warszawa Sadyba,20:00,,,regular,2026-07-27T11:24:47.896407
2026-07-27,poniedzialek,warszawa,Obsesja,Cinema City Warszawa Sadyba,22:30,,,regular,2026-07-27T11:24:47.896407
2026-07-27,poniedzialek,warszawa,Obsesja,Kino Atlantic w Warszawie,18:00,,,regular,2026-07-27T11:24:47.896407
2026-07-27,poniedzialek,warszawa,Obsesja,Kinoteka w Warszawie,15:30,,,regular,2026-07-27T11:24:47.896407
2026-07-27,poniedzialek,warszawa,Obsesja,Multikino Atrium Reduta w Warszawie,21:15,,,regular,2026-07-27T11:24:47.896407
2026-07-27,poniedzialek,warszawa,Obsesja,Multikino Młociny,21:35,,,regular,2026-07-27T11:24:47.896407
2026-07-27,poniedzialek,warszawa,Obsesja,Multikino Targówek,14:35,,,regular,2026-07-27T11:24:47.896407
2026-07-27,poniedzialek,warszawa,Obsesja,Multikino Targówek,19:00,,,regular,2026-07-27T11:24:47.896407
2026-07-27,poniedzialek,warszawa,Obsesja,Multikino Wola,21:05,,,regular,2026-07-27T11:24:47.896407
2026-07-27,poniedzialek,warszawa,Obsesja,Multikino Złote Tarasy,17:10,,,regular,2026-07-27T11:24:47.896407
2026-07-27,poniedzialek,warszawa,Odyseja,Cinema City Warszawa Arkadia,10:10,,,regular,2026-07-27T11:24:47.896407
2026-07-27,poniedzialek,warszawa,Odyseja,Cinema City Warszawa Arkadia,10:30,,,regular,2026-07-27T11:24:47.896407
2026-07-27,poniedzialek,warszawa,Odyseja,Cinema City Warszawa Arkadia,11:40,,,regular,2026-07-27T11:24:47.896407
2026-07-27,poniedzialek,warszawa,Odyseja,Cinema City Warszawa Arkadia,12:30,,,regular,2026-07-27T11:24:47.896407
2026-07-27,poniedzialek,warszawa,Odyseja,Cinema City Warszawa Arkadia,13:50,,,regular,2026-07-27T11:24:47.896407
2026-07-27,poniedzialek,warszawa,Odyseja,Cinema City Warszawa Arkadia,15:20,,,regular,2026-07-27T11:24:47.896407
2026-07-27,poniedzialek,warszawa,Odyseja,Cinema City Warszawa Arkadia,16:00,,,regular,2026-07-27T11:24:47.896407
2026-07-27,poniedzialek,warszawa,Odyseja,Cinema City Warszawa Arkadia,16:10,,,regular,2026-07-27T11:24:47.896407
2026-07-27,poniedzialek,warszawa,Odyseja,Cinema City Warszawa Arkadia,17:10,,,regular,2026-07-27T11:24:47.896407
2026-07-27,poniedzialek,warszawa,Odyseja,Cinema City Warszawa Arkadia,17:30,,,regular,2026-07-27T11:24:47.896407
2026-07-27,poniedzialek,warszawa,Odyseja,Cinema City Warszawa Arkadia,19:00,,,regular,2026-07-27T11:24:47.896407
2026-07-27,poniedzialek,warszawa,Odyseja,Cinema City Warszawa Arkadia,19:50,,,regular,2026-07-27T11:24:47.896407
2026-07-27,poniedzialek,warszawa,Odyseja,Cinema City Warszawa Arkadia,21:10,,,regular,2026-07-27T11:24:47.896407
2026-07-27,poniedzialek,warszawa,Odyseja,Cinema City Warszawa Bemowo,10:00,,,regular,2026-07-27T11:24:47.896407
2026-07-27,poniedzialek,warszawa,Odyseja,Cinema City Warszawa Bemowo,11:30,,,regular,2026-07-27T11:24:47.896407
2026-07-27,poniedzialek,warszawa,Odyseja,Cinema City Warszawa Bemowo,13:45,,,regular,2026-07-27T11:24:47.896407
2026-07-27,poniedzialek,warszawa,Odyseja,Cinema City Warszawa Bemowo,15:15,,,regular,2026-07-27T11:24:47.896407
2026-07-27,poniedzialek,warszawa,Odyseja,Cinema City Warszawa Bemowo,17:30,,,regular,2026-07-27T11:24:47.896407
2026-07-27,poniedzialek,warszawa,Odyseja,Cinema City Warszawa Bemowo,19:00,,,regular,2026-07-27T11:24:47.896407
2026-07-27,poniedzialek,warszawa,Odyseja,Cinema City Warszawa Bemowo,21:15,,,regular,2026-07-27T11:24:47.896407
2026-07-27,poniedzialek,warszawa,Odyseja,Cinema City Warszawa Bemowo,21:45,,,regular,2026-07-27T11:24:47.896407
2026-07-27,poniedzialek,warszawa,Odyseja,Cinema City Warszawa Galeria Mokotów,10:30,,,regular,2026-07-27T11:24:47.896407
2026-07-27,poniedzialek,warszawa,Odyseja,Cinema City Warszawa Galeria Mokotów,12:00,,,regular,2026-07-27T11:24:47.896407
2026-07-27,poniedzialek,warszawa,Odyseja,Cinema City Warszawa Galeria Mokotów,14:15,,,regular,2026-07-27T11:24:47.896407
2026-07-27,poniedzialek,warszawa,Odyseja,Cinema City Warszawa Galeria Mokotów,15:45,,,regular,2026-07-27T11:24:47.896407
2026-07-27,poniedzialek,warszawa,Odyseja,Cinema City Warszawa Galeria Mokotów,18:00,,,regular,2026-07-27T11:24:47.896407
2026-07-27,poniedzialek,warszawa,Odyseja,Cinema City Warszawa Galeria Mokotów,19:30,,,regular,2026-07-27T11:24:47.896407
2026-07-27,poniedzialek,warszawa,Odyseja,Cinema City Warszawa Galeria Mokotów,20:00,,,regular,2026-07-27T11:24:47.896407
2026-07-27,poniedzialek,warszawa,Odyseja,Cinema City Warszawa Galeria Mokotów,21:00,,,regular,2026-07-27T11:24:47.896407
2026-07-27,poniedzialek,warszawa,Odyseja,Cinema City Warszawa Galeria Mokotów,21:45,,,regular,2026-07-27T11:24:47.896407
2026-07-27,poniedzialek,warszawa,Odyseja,Cinema City Warszawa Galeria Północna,12:10,,,regular,2026-07-27T11:24:47.896407
2026-07-27,poniedzialek,warszawa,Odyseja,Cinema City Warszawa Galeria Północna,13:10,,,regular,2026-07-27T11:24:47.896407
2026-07-27,poniedzialek,warszawa,Odyseja,Cinema City Warszawa Galeria Północna,15:50,,,regular,2026-07-27T11:24:47.896407
2026-07-27,poniedzialek,warszawa,Odyseja,Cinema City Warszawa Galeria Północna,16:50,,,regular,2026-07-27T11:24:47.896407
2026-07-27,poniedzialek,warszawa,Odyseja,Cinema City Warszawa Galeria Północna,18:30,,,regular,2026-07-27T11:24:47.896407
2026-07-27,poniedzialek,warszawa,Odyseja,Cinema City Warszawa Galeria Północna,19:30,,,regular,2026-07-27T11:24:47.896407
2026-07-27,poniedzialek,warszawa,Odyseja,Cinema City Warszawa Galeria Północna,20:30,,,regular,2026-07-27T11:24:47.896407
2026-07-27,poniedzialek,warszawa,Odyseja,Cinema City Warszawa Promenada,10:00,,,regular,2026-07-27T11:24:47.896407
2026-07-27,poniedzialek,warszawa,Odyseja,Cinema City Warszawa Promenada,11:00,,,regular,2026-07-27T11:24:47.896407
2026-07-27,poniedzialek,warszawa,Odyseja,Cinema City Warszawa Promenada,11:30,,,regular,2026-07-27T11:24:47.896407
2026-07-27,poniedzialek,warszawa,Odyseja,Cinema City Warszawa Promenada,13:45,,,regular,2026-07-27T11:24:47.896407
2026-07-27,poniedzialek,warszawa,Odyseja,Cinema City Warszawa Promenada,15:15,,,regular,2026-07-27T11:24:47.896407
2026-07-27,poniedzialek,warszawa,Odyseja,Cinema City Warszawa Promenada,17:30,,,regular,2026-07-27T11:24:47.896407
2026-07-27,poniedzialek,warszawa,Odyseja,Cinema City Warszawa Promenada,19:00,,,regular,2026-07-27T11:24:47.896407
2026-07-27,poniedzialek,warszawa,Odyseja,Cinema City Warszawa Promenada,20:30,,,regular,2026-07-27T11:24:47.896407
2026-07-27,poniedzialek,warszawa,Odyseja,Cinema City Warszawa Promenada,21:15,,,regular,2026-07-27T11:24:47.896407
2026-07-27,poniedzialek,warszawa,Odyseja,Cinema City Warszawa Sadyba,10:00,,,regular,2026-07-27T11:24:47.896407
2026-07-27,poniedzialek,warszawa,Odyseja,Cinema City Warszawa Sadyba,11:30,,,regular,2026-07-27T11:24:47.896407
2026-07-27,poniedzialek,warszawa,Odyseja,Cinema City Warszawa Sadyba,13:45,,,regular,2026-07-27T11:24:47.896407
2026-07-27,poniedzialek,warszawa,Odyseja,Cinema City Warszawa Sadyba,15:15,,,regular,2026-07-27T11:24:47.896407
2026-07-27,poniedzialek,warszawa,Odyseja,Cinema City Warszawa Sadyba,17:30,,,regular,2026-07-27T11:24:47.896407
2026-07-27,poniedzialek,warszawa,Odyseja,Cinema City Warszawa Sadyba,19:00,,,regular,2026-07-27T11:24:47.896407
2026-07-27,poniedzialek,warszawa,Odyseja,Cinema City Warszawa Sadyba,21:15,,,regular,2026-07-27T11:24:47.896407
2026-07-27,poniedzialek,warszawa,Odyseja,Cinema City Warszawa Sadyba IMAX,10:30,,,regular,2026-07-27T11:24:47.896407
2026-07-27,poniedzialek,warszawa,Odyseja,Cinema City Warszawa Sadyba IMAX,14:15,,,regular,2026-07-27T11:24:47.896407
2026-07-27,poniedzialek,warszawa,Odyseja,Cinema City Warszawa Sadyba IMAX,18:00,,,regular,2026-07-27T11:24:47.896407
2026-07-27,poniedzialek,warszawa,Odyseja,Cinema City Warszawa Sadyba IMAX,21:45,,,regular,2026-07-27T11:24:47.896407
2026-07-27,poniedzialek,warszawa,Odyseja,Helios Warszawa Blue City,11:00,,,regular,2026-07-27T11:24:47.896407
2026-07-27,poniedzialek,warszawa,Odyseja,Helios Warszawa Blue City,13:20,,,regular,2026-07-27T11:24:47.896407
2026-07-27,poniedzialek,warszawa,Odyseja,Helios Warszawa Blue City,17:00,,,regular,2026-07-27T11:24:47.896407
2026-07-27,poniedzialek,warszawa,Odyseja,Helios Warszawa Blue City,18:20,,,regular,2026-07-27T11:24:47.896407
2026-07-27,poniedzialek,warszawa,Odyseja,Helios Warszawa Blue City,21:20,,,regular,2026-07-27T11:24:47.896407
2026-07-27,poniedzialek,warszawa,Odyseja,Kino Atlantic w Warszawie,11:30,,,regular,2026-07-27T11:24:47.896407
2026-07-27,poniedzialek,warszawa,Odyseja,Kino Atlantic w Warszawie,15:30,,,regular,2026-07-27T11:24:47.896407
2026-07-27,poniedzialek,warszawa,Odyseja,Kino Atlantic w Warszawie,19:00,,,regular,2026-07-27T11:24:47.896407
2026-07-27,poniedzialek,warszawa,Odyseja,Kino Atlantic w Warszawie,20:30,,,regular,2026-07-27T11:24:47.896407
2026-07-27,poniedzialek,warszawa,Odyseja,Kino Elektronik w Warszawie,20:00,,,regular,2026-07-27T11:24:47.896407
2026-07-27,poniedzialek,warszawa,Odyseja,Kino Głębocka 66 w Warszawie,19:00,,,regular,2026-07-27T11:24:47.896407
2026-07-27,poniedzialek,warszawa,Odyseja,Kino Iluzjon - Muzeum Sztuki Filmowej w Warszawie,16:30,,,regular,2026-07-27T11:24:47.896407
2026-07-27,poniedzialek,warszawa,Odyseja,Kino Kultura w Warszawie,16:00,,,regular,2026-07-27T11:24:47.896407
2026-07-27,poniedzialek,warszawa,Odyseja,Kino Luna w Warszawie,14:00,,,regular,2026-07-27T11:24:47.896407
2026-07-27,poniedzialek,warszawa,Odyseja,Kino Luna w Warszawie,19:45,,,regular,2026-07-27T11:24:47.896407
2026-07-27,poniedzialek,warszawa,Odyseja,Kino na Boku - Białołęcki Ośrodek Kultury w Warszawie,19:00,,,regular,2026-07-27T11:24:47.896407
2026-07-27,poniedzialek,warszawa,Odyseja,KinoGram w Warszawie,15:00,,,regular,2026-07-27T11:24:47.896407
2026-07-27,poniedzialek,warszawa,Odyseja,KinoGram w Warszawie,18:00,,,regular,2026-07-27T11:24:47.896407
2026-07-27,poniedzialek,warszawa,Odyseja,KinoGram w Warszawie,20:00,,,regular,2026-07-27T11:24:47.896407
2026-07-27,poniedzialek,warszawa,Odyseja,Kinokawiarnia Stacja Falenica w Warszawie,17:00,,,regular,2026-07-27T11:24:47.896407
2026-07-27,poniedzialek,warszawa,Odyseja,Kinoteka w Warszawie,13:30,,,regular,2026-07-27T11:24:47.896407
2026-07-27,poniedzialek,warszawa,Odyseja,Kinoteka w Warszawie,15:00,,,regular,2026-07-27T11:24:47.896407
2026-07-27,poniedzialek,warszawa,Odyseja,Kinoteka w Warszawie,17:00,,,regular,2026-07-27T11:24:47.896407
2026-07-27,poniedzialek,warszawa,Odyseja,Kinoteka w Warszawie,18:30,,,regular,2026-07-27T11:24:47.896407
2026-07-27,poniedzialek,warszawa,Odyseja,Kinoteka w Warszawie,20:30,,,regular,2026-07-27T11:24:47.896407
2026-07-27,poniedzialek,warszawa,Odyseja,Multikino Atrium Reduta w Warszawie,11:20,,,regular,2026-07-27T11:24:47.896407
2026-07-27,poniedzialek,warszawa,Odyseja,Multikino Atrium Reduta w Warszawie,15:10,,,regular,2026-07-27T11:24:47.896407
2026-07-27,poniedzialek,warszawa,Odyseja,Multikino Atrium Reduta w Warszawie,17:45,,,regular,2026-07-27T11:24:47.896407
2026-07-27,poniedzialek,warszawa,Odyseja,Multikino Atrium Reduta w Warszawie,19:00,,,regular,2026-07-27T11:24:47.896407
2026-07-27,poniedzialek,warszawa,Odyseja,Multikino Atrium Reduta w Warszawie,20:20,,,regular,2026-07-27T11:24:47.896407
2026-07-27,poniedzialek,warszawa,Odyseja,Multikino Młociny,10:25,,,regular,2026-07-27T11:24:47.896407
2026-07-27,poniedzialek,warszawa,Odyseja,Multikino Młociny,12:50,,,regular,2026-07-27T11:24:47.896407
2026-07-27,poniedzialek,warszawa,Odyseja,Multikino Młociny,14:00,,,regular,2026-07-27T11:24:47.896407
2026-07-27,poniedzialek,warszawa,Odyseja,Multikino Młociny,16:30,,,regular,2026-07-27T11:24:47.896407
2026-07-27,poniedzialek,warszawa,Odyseja,Multikino Młociny,17:30,,,regular,2026-07-27T11:24:47.896407
2026-07-27,poniedzialek,warszawa,Odyseja,Multikino Młociny,19:30,,,regular,2026-07-27T11:24:47.896407
2026-07-27,poniedzialek,warszawa,Odyseja,Multikino Młociny,20:10,,,regular,2026-07-27T11:24:47.896407
2026-07-27,poniedzialek,warszawa,Odyseja,Multikino Młociny,20:45,,,regular,2026-07-27T11:24:47.896407
2026-07-27,poniedzialek,warszawa,Odyseja,Multikino Targówek,10:45,,,regular,2026-07-27T11:24:47.896407
2026-07-27,poniedzialek,warszawa,Odyseja,Multikino Targówek,11:40,,,regular,2026-07-27T11:24:47.896407
2026-07-27,poniedzialek,warszawa,Odyseja,Multikino Targówek,12:40,,,regular,2026-07-27T11:24:47.896407
2026-07-27,poniedzialek,warszawa,Odyseja,Multikino Targówek,14:20,,,regular,2026-07-27T11:24:47.896407
2026-07-27,poniedzialek,warszawa,Odyseja,Multikino Targówek,15:20,,,regular,2026-07-27T11:24:47.896407
2026-07-27,poniedzialek,warszawa,Odyseja,Multikino Targówek,16:20,,,regular,2026-07-27T11:24:47.896407
2026-07-27,poniedzialek,warszawa,Odyseja,Multikino Targówek,18:00,,,regular,2026-07-27T11:24:47.896407
2026-07-27,poniedzialek,warszawa,Odyseja,Multikino Targówek,19:00,,,regular,2026-07-27T11:24:47.896407
2026-07-27,poniedzialek,warszawa,Odyseja,Multikino Targówek,20:00,,,regular,2026-07-27T11:24:47.896407
2026-07-27,poniedzialek,warszawa,Odyseja,Multikino Wola,11:20,,,regular,2026-07-27T11:24:47.896407
2026-07-27,poniedzialek,warszawa,Odyseja,Multikino Wola,15:10,,,regular,2026-07-27T11:24:47.896407
2026-07-27,poniedzialek,warszawa,Odyseja,Multikino Wola,17:25,,,regular,2026-07-27T11:24:47.896407
2026-07-27,poniedzialek,warszawa,Odyseja,Multikino Wola,18:50,,,regular,2026-07-27T11:24:47.896407
2026-07-27,poniedzialek,warszawa,Odyseja,Multikino Złote Tarasy,10:15,,,regular,2026-07-27T11:24:47.896407
2026-07-27,poniedzialek,warszawa,Odyseja,Multikino Złote Tarasy,12:20,,,regular,2026-07-27T11:24:47.896407
2026-07-27,poniedzialek,warszawa,Odyseja,Multikino Złote Tarasy,14:05,,,regular,2026-07-27T11:24:47.896407
2026-07-27,poniedzialek,warszawa,Odyseja,Multikino Złote Tarasy,16:10,,,regular,2026-07-27T11:24:47.896407
2026-07-27,poniedzialek,warszawa,Odyseja,Multikino Złote Tarasy,17:40,,,regular,2026-07-27T11:24:47.896407
2026-07-27,poniedzialek,warszawa,Odyseja,Multikino Złote Tarasy,20:00,,,regular,2026-07-27T11:24:47.896407
2026-07-27,poniedzialek,warszawa,Odyseja,NoveKino Wisła w Warszawie,11:00,,,regular,2026-07-27T11:24:47.896407
2026-07-27,poniedzialek,warszawa,Odyseja,NoveKino Wisła w Warszawie,14:15,,,regular,2026-07-27T11:24:47.896407
2026-07-27,poniedzialek,warszawa,Odyseja,NoveKino Wisła w Warszawie,17:00,,,regular,2026-07-27T11:24:47.896407
2026-07-27,poniedzialek,warszawa,Odyseja,NoveKino Wisła w Warszawie,20:10,,,regular,2026-07-27T11:24:47.896407
2026-07-27,poniedzialek,warszawa,Odyseja / Одіссея (ukr.),Cinema City Warszawa Arkadia,11:10,,,regular,2026-07-27T11:24:47.896407
2026-07-27,poniedzialek,warszawa,Odyseja / Одіссея (ukr.),Cinema City Warszawa Arkadia,20:10,,,regular,2026-07-27T11:24:47.896407
2026-07-27,poniedzialek,warszawa,Odyseja / Одіссея (ukr.),Cinema City Warszawa Galeria Mokotów,21:10,,,regular,2026-07-27T11:24:47.896407
2026-07-27,poniedzialek,warszawa,Odyseja / Одіссея (ukr.),Cinema City Warszawa Galeria Północna,17:10,,,regular,2026-07-27T11:24:47.896407
2026-07-27,poniedzialek,warszawa,Odyseja / Одіссея (ukr.),Cinema City Warszawa Galeria Północna,20:50,,,regular,2026-07-27T11:24:47.896407
2026-07-27,poniedzialek,warszawa,Odyseja / Одіссея (ukr.),Helios Warszawa Blue City,14:45,,,regular,2026-07-27T11:24:47.896407
2026-07-27,poniedzialek,warszawa,Odyseja / Одіссея (ukr.),Helios Warszawa Blue City,20:30,,,regular,2026-07-27T11:24:47.896407
2026-07-27,poniedzialek,warszawa,Ojczyzna,Kino Atlantic w Warszawie,13:45,,,regular,2026-07-27T11:24:47.896407
2026-07-27,poniedzialek,warszawa,Ojczyzna,Kino Luna w Warszawie,17:10,,,regular,2026-07-27T11:24:47.896407
2026-07-27,poniedzialek,warszawa,Ojczyzna,Kinoteka w Warszawie,14:00,,,regular,2026-07-27T11:24:47.896407
2026-07-27,poniedzialek,warszawa,Ojczyzna,Kinoteka w Warszawie,17:00,,,regular,2026-07-27T11:24:47.896407
2026-07-27,poniedzialek,warszawa,Ojczyzna,NoveKino Wisła w Warszawie,14:40,,,regular,2026-07-27T11:24:47.896407
2026-07-27,poniedzialek,warszawa,Ostatni konsjerż,Multikino Atrium Reduta w Warszawie,20:00,,,regular,2026-07-27T11:24:47.896407
2026-07-27,poniedzialek,warszawa,Ostatni konsjerż,Multikino Młociny,20:00,,,regular,2026-07-27T11:24:47.896407
2026-07-27,poniedzialek,warszawa,Ostatni konsjerż,Multikino Targówek,20:00,,,regular,2026-07-27T11:24:47.896407
2026-07-27,poniedzialek,warszawa,Ostatni konsjerż,Multikino Wola,20:00,,,regular,2026-07-27T11:24:47.896407
2026-07-27,poniedzialek,warszawa,Ostatni konsjerż,Multikino Złote Tarasy,20:00,,,regular,2026-07-27T11:24:47.896407
2026-07-27,poniedzialek,warszawa,Piep*zyć Mickiewicza 2,Filmowa Stolica Lata - Park Obwodu Praga AK,21:30,,,regular,2026-07-27T11:24:47.896407
2026-07-27,poniedzialek,warszawa,Pillion,Kino Muranów w Warszawie,22:30,,,regular,2026-07-27T11:24:47.896407
2026-07-27,poniedzialek,warszawa,Płomienie,AMONDO Kino w Warszawie,19:30,,,regular,2026-07-27T11:24:47.896407
2026-07-27,poniedzialek,warszawa,Polaris,Planetarium Centrum Nauki Kopernik w Warszawie,12:30,,,regular,2026-07-27T11:24:47.896407
2026-07-27,poniedzialek,warszawa,Pragnienie,Kino letnie przy Centrum Myśli Jana Pawła II w Warszawie,20:15,,,regular,2026-07-27T11:24:47.896407
2026-07-27,poniedzialek,warszawa,Prywatne śledztwo,Kinomuzeum w Muzeum Sztuki Nowoczesnej w Warszawie,19:30,,,regular,2026-07-27T11:24:47.896407
2026-07-27,poniedzialek,warszawa,Pucio,Cinema City Warszawa Galeria Północna,10:40,,,regular,2026-07-27T11:24:47.896407
2026-07-27,poniedzialek,warszawa,Pucio,Cinema City Warszawa Promenada,10:40,,,regular,2026-07-27T11:24:47.896407
2026-07-27,poniedzialek,warszawa,Pucio,Multikino Atrium Reduta w Warszawie,10:10,,,regular,2026-07-27T11:24:47.896407
2026-07-27,poniedzialek,warszawa,Pucio,Multikino Młociny,10:05,,,regular,2026-07-27T11:24:47.896407
2026-07-27,poniedzialek,warszawa,Pucio,Multikino Targówek,10:00,,,regular,2026-07-27T11:24:47.896407
2026-07-27,poniedzialek,warszawa,Pucio,Multikino Targówek,10:35,,,regular,2026-07-27T11:24:47.896407
2026-07-27,poniedzialek,warszawa,Pucio,Multikino Wola,10:15,,,regular,2026-07-27T11:24:47.896407
2026-07-27,poniedzialek,warszawa,Pucio,Multikino Złote Tarasy,10:00,,,regular,2026-07-27T11:24:47.896407
2026-07-27,poniedzialek,warszawa,Requiem dla snu,Cinema City Warszawa Arkadia,19:40,,,regular,2026-07-27T11:24:47.896407
2026-07-27,poniedzialek,warszawa,Requiem dla snu,Cinema City Warszawa Arkadia,22:00,,,regular,2026-07-27T11:24:47.896407
2026-07-27,poniedzialek,warszawa,Requiem dla snu,Cinema City Warszawa Bemowo,19:40,,,regular,2026-07-27T11:24:47.896407
2026-07-27,poniedzialek,warszawa,Requiem dla snu,Cinema City Warszawa Bemowo,22:10,,,regular,2026-07-27T11:24:47.896407
2026-07-27,poniedzialek,warszawa,Requiem dla snu,Cinema City Warszawa Galeria Mokotów,20:40,,,regular,2026-07-27T11:24:47.896407
2026-07-27,poniedzialek,warszawa,Requiem dla snu,Cinema City Warszawa Galeria Północna,20:40,,,regular,2026-07-27T11:24:47.896407
2026-07-27,poniedzialek,warszawa,Requiem dla snu,Cinema City Warszawa Promenada,19:20,,,regular,2026-07-27T11:24:47.896407
2026-07-27,poniedzialek,warszawa,Requiem dla snu,Cinema City Warszawa Sadyba,17:40,,,regular,2026-07-27T11:24:47.896407
2026-07-27,poniedzialek,warszawa,Requiem dla snu,Cinema City Warszawa Sadyba,20:10,,,regular,2026-07-27T11:24:47.896407
2026-07-27,poniedzialek,warszawa,Requiem dla snu,Kino Elektronik w Warszawie,18:00,,,regular,2026-07-27T11:24:47.896407
2026-07-27,poniedzialek,warszawa,Requiem dla snu,Kino Kultura w Warszawie,15:30,,,regular,2026-07-27T11:24:47.896407
2026-07-27,poniedzialek,warszawa,Requiem dla snu,Kino Luna w Warszawie,18:45,,,regular,2026-07-27T11:24:47.896407
2026-07-27,poniedzialek,warszawa,Requiem dla snu,Kino Muranów w Warszawie,18:00,,,regular,2026-07-27T11:24:47.896407
2026-07-27,poniedzialek,warszawa,Requiem dla snu,Kino Muranów w Warszawie,20:30,,,regular,2026-07-27T11:24:47.896407
2026-07-27,poniedzialek,warszawa,Requiem dla snu,Kino Muranów w Warszawie,22:15,,,regular,2026-07-27T11:24:47.896407
2026-07-27,poniedzialek,warszawa,Requiem dla snu,Kinoteka w Warszawie,18:30,,,regular,2026-07-27T11:24:47.896407
2026-07-27,poniedzialek,warszawa,Requiem dla snu,Multikino Targówek,21:30,,,regular,2026-07-27T11:24:47.896407
2026-07-27,poniedzialek,warszawa,Requiem dla snu,NoveKino Wisła w Warszawie,20:00,,,regular,2026-07-27T11:24:47.896407
2026-07-27,poniedzialek,warszawa,Sirât,AMONDO Kino w Warszawie,20:00,,,regular,2026-07-27T11:24:47.896407
2026-07-27,poniedzialek,warszawa,Spider-Man. Całkiem nowy dzień,Cinema City Warszawa Arkadia,10:30,,,regular,2026-07-27T11:24:47.896407
2026-07-27,poniedzialek,warszawa,Spider-Man. Całkiem nowy dzień,Cinema City Warszawa Arkadia,13:40,,,regular,2026-07-27T11:24:47.896407
2026-07-27,poniedzialek,warszawa,Spider-Man. Całkiem nowy dzień,Cinema City Warszawa Arkadia,16:50,,,regular,2026-07-27T11:24:47.896407
2026-07-27,poniedzialek,warszawa,Spider-Man. Całkiem nowy dzień,Cinema City Warszawa Arkadia,20:00,,,regular,2026-07-27T11:24:47.896407
2026-07-27,poniedzialek,warszawa,Spider-Man. Całkiem nowy dzień,Cinema City Warszawa Arkadia,20:20,,,regular,2026-07-27T11:24:47.896407
2026-07-27,poniedzialek,warszawa,Spider-Man. Całkiem nowy dzień,Cinema City Warszawa Arkadia,21:10,,,regular,2026-07-27T11:24:47.896407
2026-07-27,poniedzialek,warszawa,Spider-Man. Całkiem nowy dzień,Cinema City Warszawa Arkadia,21:40,,,regular,2026-07-27T11:24:47.896407
2026-07-27,poniedzialek,warszawa,Spider-Man. Całkiem nowy dzień,Cinema City Warszawa Bemowo,10:30,,,regular,2026-07-27T11:24:47.896407
2026-07-27,poniedzialek,warszawa,Spider-Man. Całkiem nowy dzień,Cinema City Warszawa Bemowo,13:40,,,regular,2026-07-27T11:24:47.896407
2026-07-27,poniedzialek,warszawa,Spider-Man. Całkiem nowy dzień,Cinema City Warszawa Bemowo,16:50,,,regular,2026-07-27T11:24:47.896407
2026-07-27,poniedzialek,warszawa,Spider-Man. Całkiem nowy dzień,Cinema City Warszawa Bemowo,20:00,,,regular,2026-07-27T11:24:47.896407
2026-07-27,poniedzialek,warszawa,Spider-Man. Całkiem nowy dzień,Cinema City Warszawa Bemowo,20:45,,,regular,2026-07-27T11:24:47.896407
2026-07-27,poniedzialek,warszawa,Spider-Man. Całkiem nowy dzień,Cinema City Warszawa Bemowo,21:40,,,regular,2026-07-27T11:24:47.896407
2026-07-27,poniedzialek,warszawa,Spider-Man. Całkiem nowy dzień,Cinema City Warszawa Galeria Mokotów,11:00,,,regular,2026-07-27T11:24:47.896407
2026-07-27,poniedzialek,warszawa,Spider-Man. Całkiem nowy dzień,Cinema City Warszawa Galeria Mokotów,13:40,,,regular,2026-07-27T11:24:47.896407
2026-07-27,poniedzialek,warszawa,Spider-Man. Całkiem nowy dzień,Cinema City Warszawa Galeria Mokotów,14:10,,,regular,2026-07-27T11:24:47.896407
2026-07-27,poniedzialek,warszawa,Spider-Man. Całkiem nowy dzień,Cinema City Warszawa Galeria Mokotów,17:20,,,regular,2026-07-27T11:24:47.896407
2026-07-27,poniedzialek,warszawa,Spider-Man. Całkiem nowy dzień,Cinema City Warszawa Galeria Mokotów,20:00,,,regular,2026-07-27T11:24:47.896407
2026-07-27,poniedzialek,warszawa,Spider-Man. Całkiem nowy dzień,Cinema City Warszawa Galeria Mokotów,20:30,,,regular,2026-07-27T11:24:47.896407
2026-07-27,poniedzialek,warszawa,Spider-Man. Całkiem nowy dzień,Cinema City Warszawa Galeria Mokotów,22:00,,,regular,2026-07-27T11:24:47.896407
2026-07-27,poniedzialek,warszawa,Spider-Man. Całkiem nowy dzień,Cinema City Warszawa Galeria Północna,10:30,,,regular,2026-07-27T11:24:47.896407
2026-07-27,poniedzialek,warszawa,Spider-Man. Całkiem nowy dzień,Cinema City Warszawa Galeria Północna,13:40,,,regular,2026-07-27T11:24:47.896407
2026-07-27,poniedzialek,warszawa,Spider-Man. Całkiem nowy dzień,Cinema City Warszawa Galeria Północna,16:50,,,regular,2026-07-27T11:24:47.896407
2026-07-27,poniedzialek,warszawa,Spider-Man. Całkiem nowy dzień,Cinema City Warszawa Galeria Północna,20:00,,,regular,2026-07-27T11:24:47.896407
2026-07-27,poniedzialek,warszawa,Spider-Man. Całkiem nowy dzień,Cinema City Warszawa Galeria Północna,21:40,,,regular,2026-07-27T11:24:47.896407
2026-07-27,poniedzialek,warszawa,Spider-Man. Całkiem nowy dzień,Cinema City Warszawa Promenada,10:30,,,regular,2026-07-27T11:24:47.896407
2026-07-27,poniedzialek,warszawa,Spider-Man. Całkiem nowy dzień,Cinema City Warszawa Promenada,13:40,,,regular,2026-07-27T11:24:47.896407
2026-07-27,poniedzialek,warszawa,Spider-Man. Całkiem nowy dzień,Cinema City Warszawa Promenada,16:50,,,regular,2026-07-27T11:24:47.896407
2026-07-27,poniedzialek,warszawa,Spider-Man. Całkiem nowy dzień,Cinema City Warszawa Promenada,20:00,,,regular,2026-07-27T11:24:47.896407
2026-07-27,poniedzialek,warszawa,Spider-Man. Całkiem nowy dzień,Cinema City Warszawa Promenada,20:50,,,regular,2026-07-27T11:24:47.896407
2026-07-27,poniedzialek,warszawa,Spider-Man. Całkiem nowy dzień,Cinema City Warszawa Sadyba,10:30,,,regular,2026-07-27T11:24:47.896407
2026-07-27,poniedzialek,warszawa,Spider-Man. Całkiem nowy dzień,Cinema City Warszawa Sadyba,13:40,,,regular,2026-07-27T11:24:47.896407
2026-07-27,poniedzialek,warszawa,Spider-Man. Całkiem nowy dzień,Cinema City Warszawa Sadyba,16:50,,,regular,2026-07-27T11:24:47.896407
2026-07-27,poniedzialek,warszawa,Spider-Man. Całkiem nowy dzień,Cinema City Warszawa Sadyba,20:00,,,regular,2026-07-27T11:24:47.896407
2026-07-27,poniedzialek,warszawa,Spider-Man. Całkiem nowy dzień,Cinema City Warszawa Sadyba,20:45,,,regular,2026-07-27T11:24:47.896407
2026-07-27,poniedzialek,warszawa,Spider-Man. Całkiem nowy dzień,Cinema City Warszawa Sadyba,21:40,,,regular,2026-07-27T11:24:47.896407
2026-07-27,poniedzialek,warszawa,Spider-Man. Całkiem nowy dzień,Helios Warszawa Blue City,10:10,,,regular,2026-07-27T11:24:47.896407
2026-07-27,poniedzialek,warszawa,Spider-Man. Całkiem nowy dzień,Helios Warszawa Blue City,14:20,,,regular,2026-07-27T11:24:47.896407
2026-07-27,poniedzialek,warszawa,Spider-Man. Całkiem nowy dzień,Helios Warszawa Blue City,17:30,,,regular,2026-07-27T11:24:47.896407
2026-07-27,poniedzialek,warszawa,Spider-Man. Całkiem nowy dzień,Helios Warszawa Blue City,18:00,,,regular,2026-07-27T11:24:47.896407
2026-07-27,poniedzialek,warszawa,Spider-Man. Całkiem nowy dzień,Helios Warszawa Blue City,19:30,,,regular,2026-07-27T11:24:47.896407
2026-07-27,poniedzialek,warszawa,Spider-Man. Całkiem nowy dzień,Helios Warszawa Blue City,21:00,,,regular,2026-07-27T11:24:47.896407
2026-07-27,poniedzialek,warszawa,Spider-Man. Całkiem nowy dzień,Kino Atlantic w Warszawie,12:00,,,regular,2026-07-27T11:24:47.896407
2026-07-27,poniedzialek,warszawa,Spider-Man. Całkiem nowy dzień,Kino Atlantic w Warszawie,17:30,,,regular,2026-07-27T11:24:47.896407
2026-07-27,poniedzialek,warszawa,Spider-Man. Całkiem nowy dzień,Kino Kultura w Warszawie,19:30,,,regular,2026-07-27T11:24:47.896407
2026-07-27,poniedzialek,warszawa,Spider-Man. Całkiem nowy dzień,KinoGram w Warszawie,16:45,,,regular,2026-07-27T11:24:47.896407
2026-07-27,poniedzialek,warszawa,Spider-Man. Całkiem nowy dzień,Kinokawiarnia Stacja Falenica w Warszawie,20:15,,,regular,2026-07-27T11:24:47.896407
2026-07-27,poniedzialek,warszawa,Spider-Man. Całkiem nowy dzień,Kinoteka w Warszawie,18:00,,,regular,2026-07-27T11:24:47.896407
2026-07-27,poniedzialek,warszawa,Spider-Man. Całkiem nowy dzień,Multikino Atrium Reduta w Warszawie,17:10,,,regular,2026-07-27T11:24:47.896407
2026-07-27,poniedzialek,warszawa,Spider-Man. Całkiem nowy dzień,Multikino Atrium Reduta w Warszawie,20:30,,,regular,2026-07-27T11:24:47.896407
2026-07-27,poniedzialek,warszawa,Spider-Man. Całkiem nowy dzień,Multikino Młociny,10:30,,,regular,2026-07-27T11:24:47.896407
2026-07-27,poniedzialek,warszawa,Spider-Man. Całkiem nowy dzień,Multikino Młociny,12:50,,,regular,2026-07-27T11:24:47.896407
2026-07-27,poniedzialek,warszawa,Spider-Man. Całkiem nowy dzień,Multikino Młociny,13:50,,,regular,2026-07-27T11:24:47.896407
2026-07-27,poniedzialek,warszawa,Spider-Man. Całkiem nowy dzień,Multikino Młociny,16:10,,,regular,2026-07-27T11:24:47.896407
2026-07-27,poniedzialek,warszawa,Spider-Man. Całkiem nowy dzień,Multikino Młociny,17:10,,,regular,2026-07-27T11:24:47.896407
2026-07-27,poniedzialek,warszawa,Spider-Man. Całkiem nowy dzień,Multikino Młociny,19:20,,,regular,2026-07-27T11:24:47.896407
2026-07-27,poniedzialek,warszawa,Spider-Man. Całkiem nowy dzień,Multikino Młociny,20:00,,,regular,2026-07-27T11:24:47.896407
2026-07-27,poniedzialek,warszawa,Spider-Man. Całkiem nowy dzień,Multikino Młociny,20:30,,,regular,2026-07-27T11:24:47.896407
2026-07-27,poniedzialek,warszawa,Spider-Man. Całkiem nowy dzień,Multikino Młociny,21:00,,,regular,2026-07-27T11:24:47.896407
2026-07-27,poniedzialek,warszawa,Spider-Man. Całkiem nowy dzień,Multikino Młociny,21:30,,,regular,2026-07-27T11:24:47.896407
2026-07-27,poniedzialek,warszawa,Spider-Man. Całkiem nowy dzień,Multikino Targówek,10:00,,,regular,2026-07-27T11:24:47.896407
2026-07-27,poniedzialek,warszawa,Spider-Man. Całkiem nowy dzień,Multikino Targówek,11:30,,,regular,2026-07-27T11:24:47.896407
2026-07-27,poniedzialek,warszawa,Spider-Man. Całkiem nowy dzień,Multikino Targówek,12:30,,,regular,2026-07-27T11:24:47.896407
2026-07-27,poniedzialek,warszawa,Spider-Man. Całkiem nowy dzień,Multikino Targówek,14:50,,,regular,2026-07-27T11:24:47.896407
2026-07-27,poniedzialek,warszawa,Spider-Man. Całkiem nowy dzień,Multikino Targówek,18:10,,,regular,2026-07-27T11:24:47.896407
2026-07-27,poniedzialek,warszawa,Spider-Man. Całkiem nowy dzień,Multikino Targówek,19:10,,,regular,2026-07-27T11:24:47.896407
2026-07-27,poniedzialek,warszawa,Spider-Man. Całkiem nowy dzień,Multikino Targówek,20:30,,,regular,2026-07-27T11:24:47.896407
2026-07-27,poniedzialek,warszawa,Spider-Man. Całkiem nowy dzień,Multikino Targówek,21:30,,,regular,2026-07-27T11:24:47.896407
2026-07-27,poniedzialek,warszawa,Spider-Man. Całkiem nowy dzień,Multikino Wola,13:50,,,regular,2026-07-27T11:24:47.896407
2026-07-27,poniedzialek,warszawa,Spider-Man. Całkiem nowy dzień,Multikino Wola,18:00,,,regular,2026-07-27T11:24:47.896407
2026-07-27,poniedzialek,warszawa,Spider-Man. Całkiem nowy dzień,Multikino Wola,20:30,,,regular,2026-07-27T11:24:47.896407
2026-07-27,poniedzialek,warszawa,Spider-Man. Całkiem nowy dzień,Multikino Złote Tarasy,10:20,,,regular,2026-07-27T11:24:47.896407
2026-07-27,poniedzialek,warszawa,Spider-Man. Całkiem nowy dzień,Multikino Złote Tarasy,13:40,,,regular,2026-07-27T11:24:47.896407
2026-07-27,poniedzialek,warszawa,Spider-Man. Całkiem nowy dzień,Multikino Złote Tarasy,17:00,,,regular,2026-07-27T11:24:47.896407
2026-07-27,poniedzialek,warszawa,Spider-Man. Całkiem nowy dzień,Multikino Złote Tarasy,18:00,,,regular,2026-07-27T11:24:47.896407
2026-07-27,poniedzialek,warszawa,Spider-Man. Całkiem nowy dzień,Multikino Złote Tarasy,19:40,,,regular,2026-07-27T11:24:47.896407
2026-07-27,poniedzialek,warszawa,Spider-Man. Całkiem nowy dzień,Multikino Złote Tarasy,20:20,,,regular,2026-07-27T11:24:47.896407
2026-07-27,poniedzialek,warszawa,Spider-Man. Całkiem nowy dzień,Multikino Złote Tarasy,21:20,,,regular,2026-07-27T11:24:47.896407
2026-07-27,poniedzialek,warszawa,Spider-Man. Całkiem nowy dzień,NoveKino Wisła w Warszawie,12:30,,,regular,2026-07-27T11:24:47.896407
2026-07-27,poniedzialek,warszawa,Spider-Man. Całkiem nowy dzień,NoveKino Wisła w Warszawie,17:30,,,regular,2026-07-27T11:24:47.896407
2026-07-27,poniedzialek,warszawa,Spider-Man. Całkiem nowy dzień (dubbing),Cinema City Warszawa Arkadia,12:10,,dubbing,regular,2026-07-27T11:24:47.896407
2026-07-27,poniedzialek,warszawa,Spider-Man. Całkiem nowy dzień (dubbing),Cinema City Warszawa Arkadia,15:20,,dubbing,regular,2026-07-27T11:24:47.896407
2026-07-27,poniedzialek,warszawa,Spider-Man. Całkiem nowy dzień (dubbing),Cinema City Warszawa Arkadia,18:30,,dubbing,regular,2026-07-27T11:24:47.896407
2026-07-27,poniedzialek,warszawa,Spider-Man. Całkiem nowy dzień (dubbing),Cinema City Warszawa Bemowo,12:10,,dubbing,regular,2026-07-27T11:24:47.896407
2026-07-27,poniedzialek,warszawa,Spider-Man. Całkiem nowy dzień (dubbing),Cinema City Warszawa Bemowo,15:20,,dubbing,regular,2026-07-27T11:24:47.896407
2026-07-27,poniedzialek,warszawa,Spider-Man. Całkiem nowy dzień (dubbing),Cinema City Warszawa Bemowo,18:30,,dubbing,regular,2026-07-27T11:24:47.896407
2026-07-27,poniedzialek,warszawa,Spider-Man. Całkiem nowy dzień (dubbing),Cinema City Warszawa Galeria Mokotów,10:30,,dubbing,regular,2026-07-27T11:24:47.896407
2026-07-27,poniedzialek,warszawa,Spider-Man. Całkiem nowy dzień (dubbing),Cinema City Warszawa Galeria Mokotów,12:40,,dubbing,regular,2026-07-27T11:24:47.896407
2026-07-27,poniedzialek,warszawa,Spider-Man. Całkiem nowy dzień (dubbing),Cinema City Warszawa Galeria Mokotów,15:50,,dubbing,regular,2026-07-27T11:24:47.896407
2026-07-27,poniedzialek,warszawa,Spider-Man. Całkiem nowy dzień (dubbing),Cinema City Warszawa Galeria Mokotów,16:50,,dubbing,regular,2026-07-27T11:24:47.896407
2026-07-27,poniedzialek,warszawa,Spider-Man. Całkiem nowy dzień (dubbing),Cinema City Warszawa Galeria Mokotów,19:00,,dubbing,regular,2026-07-27T11:24:47.896407
2026-07-27,poniedzialek,warszawa,Spider-Man. Całkiem nowy dzień (dubbing),Cinema City Warszawa Galeria Północna,12:10,,dubbing,regular,2026-07-27T11:24:47.896407
2026-07-27,poniedzialek,warszawa,Spider-Man. Całkiem nowy dzień (dubbing),Cinema City Warszawa Galeria Północna,15:20,,dubbing,regular,2026-07-27T11:24:47.896407
2026-07-27,poniedzialek,warszawa,Spider-Man. Całkiem nowy dzień (dubbing),Cinema City Warszawa Galeria Północna,18:30,,dubbing,regular,2026-07-27T11:24:47.896407
2026-07-27,poniedzialek,warszawa,Spider-Man. Całkiem nowy dzień (dubbing),Cinema City Warszawa Promenada,11:20,,dubbing,regular,2026-07-27T11:24:47.896407
2026-07-27,poniedzialek,warszawa,Spider-Man. Całkiem nowy dzień (dubbing),Cinema City Warszawa Promenada,12:10,,dubbing,regular,2026-07-27T11:24:47.896407
2026-07-27,poniedzialek,warszawa,Spider-Man. Całkiem nowy dzień (dubbing),Cinema City Warszawa Promenada,15:20,,dubbing,regular,2026-07-27T11:24:47.896407
2026-07-27,poniedzialek,warszawa,Spider-Man. Całkiem nowy dzień (dubbing),Cinema City Warszawa Promenada,18:30,,dubbing,regular,2026-07-27T11:24:47.896407
2026-07-27,poniedzialek,warszawa,Spider-Man. Całkiem nowy dzień (dubbing),Cinema City Warszawa Sadyba,12:10,,dubbing,regular,2026-07-27T11:24:47.896407
2026-07-27,poniedzialek,warszawa,Spider-Man. Całkiem nowy dzień (dubbing),Cinema City Warszawa Sadyba,15:20,,dubbing,regular,2026-07-27T11:24:47.896407
2026-07-27,poniedzialek,warszawa,Spider-Man. Całkiem nowy dzień (dubbing),Cinema City Warszawa Sadyba,18:30,,dubbing,regular,2026-07-27T11:24:47.896407
2026-07-27,poniedzialek,warszawa,Spider-Man. Całkiem nowy dzień (dubbing),Multikino Atrium Reduta w Warszawie,10:30,,dubbing,regular,2026-07-27T11:24:47.896407
2026-07-27,poniedzialek,warszawa,Spider-Man. Całkiem nowy dzień (dubbing),Multikino Atrium Reduta w Warszawie,18:05,,dubbing,regular,2026-07-27T11:24:47.896407
2026-07-27,poniedzialek,warszawa,Spider-Man. Całkiem nowy dzień (dubbing),Multikino Młociny,11:30,,dubbing,regular,2026-07-27T11:24:47.896407
2026-07-27,poniedzialek,warszawa,Spider-Man. Całkiem nowy dzień (dubbing),Multikino Młociny,18:10,,dubbing,regular,2026-07-27T11:24:47.896407
2026-07-27,poniedzialek,warszawa,Spider-Man. Całkiem nowy dzień (dubbing),Multikino Targówek,10:30,,dubbing,regular,2026-07-27T11:24:47.896407
2026-07-27,poniedzialek,warszawa,Spider-Man. Całkiem nowy dzień (dubbing),Multikino Targówek,15:50,,dubbing,regular,2026-07-27T11:24:47.896407
2026-07-27,poniedzialek,warszawa,Spider-Man. Całkiem nowy dzień (dubbing),Multikino Targówek,17:10,,dubbing,regular,2026-07-27T11:24:47.896407
2026-07-27,poniedzialek,warszawa,Spider-Man. Całkiem nowy dzień (dubbing),Multikino Wola,10:30,,dubbing,regular,2026-07-27T11:24:47.896407
2026-07-27,poniedzialek,warszawa,Spider-Man. Całkiem nowy dzień (dubbing),Multikino Wola,17:10,,dubbing,regular,2026-07-27T11:24:47.896407
2026-07-27,poniedzialek,warszawa,Spider-Man. Całkiem nowy dzień (dubbing),Multikino Złote Tarasy,14:40,,dubbing,regular,2026-07-27T11:24:47.896407
2026-07-27,poniedzialek,warszawa,Spider-Man. Całkiem nowy dzień 3D,Cinema City Warszawa Arkadia,18:00,3D,,regular,2026-07-27T11:24:47.896407
2026-07-27,poniedzialek,warszawa,Spider-Man. Całkiem nowy dzień 3D,Cinema City Warszawa Arkadia,20:50,3D,,regular,2026-07-27T11:24:47.896407
2026-07-27,poniedzialek,warszawa,Spider-Man. Całkiem nowy dzień 3D,Cinema City Warszawa Bemowo,17:40,3D,,regular,2026-07-27T11:24:47.896407
2026-07-27,poniedzialek,warszawa,Spider-Man. Całkiem nowy dzień 3D,Cinema City Warszawa Galeria Mokotów,18:30,3D,,regular,2026-07-27T11:24:47.896407
2026-07-27,poniedzialek,warszawa,Spider-Man. Całkiem nowy dzień 3D,Cinema City Warszawa Galeria Północna,17:40,3D,,regular,2026-07-27T11:24:47.896407
2026-07-27,poniedzialek,warszawa,Spider-Man. Całkiem nowy dzień 3D,Cinema City Warszawa Promenada,17:40,3D,,regular,2026-07-27T11:24:47.896407
2026-07-27,poniedzialek,warszawa,Spider-Man. Całkiem nowy dzień 3D,Cinema City Warszawa Sadyba,17:40,3D,,regular,2026-07-27T11:24:47.896407
2026-07-27,poniedzialek,warszawa,Spider-Man. Całkiem nowy dzień 3D (dubbing),Cinema City Warszawa Arkadia,14:00,3D,dubbing,regular,2026-07-27T11:24:47.896407
2026-07-27,poniedzialek,warszawa,Spider-Man. Całkiem nowy dzień 3D (dubbing),Cinema City Warszawa Arkadia,14:50,3D,dubbing,regular,2026-07-27T11:24:47.896407
2026-07-27,poniedzialek,warszawa,Spider-Man. Całkiem nowy dzień 3D (dubbing),Cinema City Warszawa Bemowo,14:30,3D,dubbing,regular,2026-07-27T11:24:47.896407
2026-07-27,poniedzialek,warszawa,Spider-Man. Całkiem nowy dzień 3D (dubbing),Cinema City Warszawa Galeria Mokotów,15:20,3D,dubbing,regular,2026-07-27T11:24:47.896407
2026-07-27,poniedzialek,warszawa,Spider-Man. Całkiem nowy dzień 3D (dubbing),Cinema City Warszawa Galeria Północna,14:30,3D,dubbing,regular,2026-07-27T11:24:47.896407
2026-07-27,poniedzialek,warszawa,Spider-Man. Całkiem nowy dzień 3D (dubbing),Cinema City Warszawa Promenada,14:30,3D,dubbing,regular,2026-07-27T11:24:47.896407
2026-07-27,poniedzialek,warszawa,Spider-Man. Całkiem nowy dzień 3D (dubbing),Cinema City Warszawa Sadyba,14:30,3D,dubbing,regular,2026-07-27T11:24:47.896407
2026-07-27,poniedzialek,warszawa,Spider-Man. Całkiem nowy dzień 3D (dubbing),Multikino Atrium Reduta w Warszawie,13:50,3D,dubbing,regular,2026-07-27T11:24:47.896407
2026-07-27,poniedzialek,warszawa,Spider-Man. Całkiem nowy dzień 3D (dubbing),Multikino Młociny,14:50,3D,dubbing,regular,2026-07-27T11:24:47.896407
2026-07-27,poniedzialek,warszawa,Spider-Man. Całkiem nowy dzień 3D (dubbing),Multikino Targówek,13:50,3D,dubbing,regular,2026-07-27T11:24:47.896407
2026-07-27,poniedzialek,warszawa,Spider-Man. Całkiem nowy dzień 3D (dubbing),Multikino Złote Tarasy,11:20,3D,dubbing,regular,2026-07-27T11:24:47.896407
2026-07-27,poniedzialek,warszawa,Straszny film,Cinema City Warszawa Arkadia,16:30,,,regular,2026-07-27T11:24:47.896407
2026-07-27,poniedzialek,warszawa,Superfutrzak i złośliwa wiewiórka,Kino Luna w Warszawie,12:00,,,regular,2026-07-27T11:24:47.896407
2026-07-27,poniedzialek,warszawa,Ścieżki życia (lektor),Kinokawiarnia Stacja Falenica w Warszawie,14:00,,lektor,regular,2026-07-27T11:24:47.896407
2026-07-27,poniedzialek,warszawa,Śledząc,AMONDO Kino w Warszawie,18:00,,,regular,2026-07-27T11:24:47.896407
2026-07-27,poniedzialek,warszawa,Takie jest życie,Cinema City Warszawa Sadyba,19:00,,,regular,2026-07-27T11:24:47.896407
2026-07-27,poniedzialek,warszawa,Toy Story 5 (dubbing),Cinema City Warszawa Arkadia,10:20,,dubbing,regular,2026-07-27T11:24:47.896407
2026-07-27,poniedzialek,warszawa,Toy Story 5 (dubbing),Cinema City Warszawa Arkadia,11:20,,dubbing,regular,2026-07-27T11:24:47.896407
2026-07-27,poniedzialek,warszawa,Toy Story 5 (dubbing),Cinema City Warszawa Arkadia,12:50,,dubbing,regular,2026-07-27T11:24:47.896407
2026-07-27,poniedzialek,warszawa,Toy Story 5 (dubbing),Cinema City Warszawa Arkadia,13:40,,dubbing,regular,2026-07-27T11:24:47.896407
2026-07-27,poniedzialek,warszawa,Toy Story 5 (dubbing),Cinema City Warszawa Arkadia,15:10,,dubbing,regular,2026-07-27T11:24:47.896407
2026-07-27,poniedzialek,warszawa,Toy Story 5 (dubbing),Cinema City Warszawa Bemowo,10:00,,dubbing,regular,2026-07-27T11:24:47.896407
2026-07-27,poniedzialek,warszawa,Toy Story 5 (dubbing),Cinema City Warszawa Bemowo,11:50,,dubbing,regular,2026-07-27T11:24:47.896407
2026-07-27,poniedzialek,warszawa,Toy Story 5 (dubbing),Cinema City Warszawa Bemowo,12:15,,dubbing,regular,2026-07-27T11:24:47.896407
2026-07-27,poniedzialek,warszawa,Toy Story 5 (dubbing),Cinema City Warszawa Bemowo,14:20,,dubbing,regular,2026-07-27T11:24:47.896407
2026-07-27,poniedzialek,warszawa,Toy Story 5 (dubbing),Cinema City Warszawa Bemowo,16:50,,dubbing,regular,2026-07-27T11:24:47.896407
2026-07-27,poniedzialek,warszawa,Toy Story 5 (dubbing),Cinema City Warszawa Bemowo,19:20,,dubbing,regular,2026-07-27T11:24:47.896407
2026-07-27,poniedzialek,warszawa,Toy Story 5 (dubbing),Cinema City Warszawa Galeria Mokotów,10:20,,dubbing,regular,2026-07-27T11:24:47.896407
2026-07-27,poniedzialek,warszawa,Toy Story 5 (dubbing),Cinema City Warszawa Galeria Mokotów,12:00,,dubbing,regular,2026-07-27T11:24:47.896407
2026-07-27,poniedzialek,warszawa,Toy Story 5 (dubbing),Cinema City Warszawa Galeria Mokotów,12:40,,dubbing,regular,2026-07-27T11:24:47.896407
2026-07-27,poniedzialek,warszawa,Toy Story 5 (dubbing),Cinema City Warszawa Galeria Mokotów,14:20,,dubbing,regular,2026-07-27T11:24:47.896407
2026-07-27,poniedzialek,warszawa,Toy Story 5 (dubbing),Cinema City Warszawa Galeria Mokotów,15:00,,dubbing,regular,2026-07-27T11:24:47.896407
2026-07-27,poniedzialek,warszawa,Toy Story 5 (dubbing),Cinema City Warszawa Galeria Mokotów,16:40,,dubbing,regular,2026-07-27T11:24:47.896407
2026-07-27,poniedzialek,warszawa,Toy Story 5 (dubbing),Cinema City Warszawa Galeria Mokotów,19:00,,dubbing,regular,2026-07-27T11:24:47.896407
2026-07-27,poniedzialek,warszawa,Toy Story 5 (dubbing),Cinema City Warszawa Galeria Północna,11:10,,dubbing,regular,2026-07-27T11:24:47.896407
2026-07-27,poniedzialek,warszawa,Toy Story 5 (dubbing),Cinema City Warszawa Galeria Północna,12:10,,dubbing,regular,2026-07-27T11:24:47.896407
2026-07-27,poniedzialek,warszawa,Toy Story 5 (dubbing),Cinema City Warszawa Galeria Północna,13:40,,dubbing,regular,2026-07-27T11:24:47.896407
2026-07-27,poniedzialek,warszawa,Toy Story 5 (dubbing),Cinema City Warszawa Galeria Północna,14:40,,dubbing,regular,2026-07-27T11:24:47.896407
2026-07-27,poniedzialek,warszawa,Toy Story 5 (dubbing),Cinema City Warszawa Galeria Północna,16:00,,dubbing,regular,2026-07-27T11:24:47.896407
2026-07-27,poniedzialek,warszawa,Toy Story 5 (dubbing),Cinema City Warszawa Promenada,10:40,,dubbing,regular,2026-07-27T11:24:47.896407
2026-07-27,poniedzialek,warszawa,Toy Story 5 (dubbing),Cinema City Warszawa Promenada,11:40,,dubbing,regular,2026-07-27T11:24:47.896407
2026-07-27,poniedzialek,warszawa,Toy Story 5 (dubbing),Cinema City Warszawa Promenada,13:10,,dubbing,regular,2026-07-27T11:24:47.896407
2026-07-27,poniedzialek,warszawa,Toy Story 5 (dubbing),Cinema City Warszawa Promenada,14:15,,dubbing,regular,2026-07-27T11:24:47.896407
2026-07-27,poniedzialek,warszawa,Toy Story 5 (dubbing),Cinema City Warszawa Promenada,15:40,,dubbing,regular,2026-07-27T11:24:47.896407
2026-07-27,poniedzialek,warszawa,Toy Story 5 (dubbing),Cinema City Warszawa Promenada,16:50,,dubbing,regular,2026-07-27T11:24:47.896407
2026-07-27,poniedzialek,warszawa,Toy Story 5 (dubbing),Cinema City Warszawa Promenada,18:10,,dubbing,regular,2026-07-27T11:24:47.896407
2026-07-27,poniedzialek,warszawa,Toy Story 5 (dubbing),Cinema City Warszawa Sadyba,10:40,,dubbing,regular,2026-07-27T11:24:47.896407
2026-07-27,poniedzialek,warszawa,Toy Story 5 (dubbing),Cinema City Warszawa Sadyba,11:15,,dubbing,regular,2026-07-27T11:24:47.896407
2026-07-27,poniedzialek,warszawa,Toy Story 5 (dubbing),Cinema City Warszawa Sadyba,13:10,,dubbing,regular,2026-07-27T11:24:47.896407
2026-07-27,poniedzialek,warszawa,Toy Story 5 (dubbing),Cinema City Warszawa Sadyba,15:30,,dubbing,regular,2026-07-27T11:24:47.896407
2026-07-27,poniedzialek,warszawa,Toy Story 5 (dubbing),Helios Warszawa Blue City,11:10,,dubbing,regular,2026-07-27T11:24:47.896407
2026-07-27,poniedzialek,warszawa,Toy Story 5 (dubbing),Helios Warszawa Blue City,13:30,,dubbing,regular,2026-07-27T11:24:47.896407
2026-07-27,poniedzialek,warszawa,Toy Story 5 (dubbing),Kinokawiarnia Stacja Falenica w Warszawie,10:00,,dubbing,regular,2026-07-27T11:24:47.896407
2026-07-27,poniedzialek,warszawa,Toy Story 5 (dubbing),Kinoteka w Warszawie,14:30,,dubbing,regular,2026-07-27T11:24:47.896407
2026-07-27,poniedzialek,warszawa,Toy Story 5 (dubbing),Multikino Atrium Reduta w Warszawie,10:10,,dubbing,regular,2026-07-27T11:24:47.896407
2026-07-27,poniedzialek,warszawa,Toy Story 5 (dubbing),Multikino Atrium Reduta w Warszawie,12:35,,dubbing,regular,2026-07-27T11:24:47.896407
2026-07-27,poniedzialek,warszawa,Toy Story 5 (dubbing),Multikino Atrium Reduta w Warszawie,15:00,,dubbing,regular,2026-07-27T11:24:47.896407
2026-07-27,poniedzialek,warszawa,Toy Story 5 (dubbing),Multikino Atrium Reduta w Warszawie,17:30,,dubbing,regular,2026-07-27T11:24:47.896407
2026-07-27,poniedzialek,warszawa,Toy Story 5 (dubbing),Multikino Młociny,10:00,,dubbing,regular,2026-07-27T11:24:47.896407
2026-07-27,poniedzialek,warszawa,Toy Story 5 (dubbing),Multikino Młociny,11:00,,dubbing,regular,2026-07-27T11:24:47.896407
2026-07-27,poniedzialek,warszawa,Toy Story 5 (dubbing),Multikino Młociny,12:05,,dubbing,regular,2026-07-27T11:24:47.896407
2026-07-27,poniedzialek,warszawa,Toy Story 5 (dubbing),Multikino Młociny,14:25,,dubbing,regular,2026-07-27T11:24:47.896407
2026-07-27,poniedzialek,warszawa,Toy Story 5 (dubbing),Multikino Młociny,16:45,,dubbing,regular,2026-07-27T11:24:47.896407
2026-07-27,poniedzialek,warszawa,Toy Story 5 (dubbing),Multikino Targówek,10:05,,dubbing,regular,2026-07-27T11:24:47.896407
2026-07-27,poniedzialek,warszawa,Toy Story 5 (dubbing),Multikino Targówek,13:10,,dubbing,regular,2026-07-27T11:24:47.896407
2026-07-27,poniedzialek,warszawa,Toy Story 5 (dubbing),Multikino Targówek,15:35,,dubbing,regular,2026-07-27T11:24:47.896407
2026-07-27,poniedzialek,warszawa,Toy Story 5 (dubbing),Multikino Targówek,18:00,,dubbing,regular,2026-07-27T11:24:47.896407
2026-07-27,poniedzialek,warszawa,Toy Story 5 (dubbing),Multikino Wola,10:00,,dubbing,regular,2026-07-27T11:24:47.896407
2026-07-27,poniedzialek,warszawa,Toy Story 5 (dubbing),Multikino Wola,12:30,,dubbing,regular,2026-07-27T11:24:47.896407
2026-07-27,poniedzialek,warszawa,Toy Story 5 (dubbing),Multikino Wola,15:00,,dubbing,regular,2026-07-27T11:24:47.896407
2026-07-27,poniedzialek,warszawa,Toy Story 5 (dubbing),Multikino Wola,18:05,,dubbing,regular,2026-07-27T11:24:47.896407
2026-07-27,poniedzialek,warszawa,Toy Story 5 (dubbing),Multikino Złote Tarasy,10:00,,dubbing,regular,2026-07-27T11:24:47.896407
2026-07-27,poniedzialek,warszawa,Toy Story 5 (dubbing),Multikino Złote Tarasy,12:25,,dubbing,regular,2026-07-27T11:24:47.896407
2026-07-27,poniedzialek,warszawa,Toy Story 5 (dubbing),Multikino Złote Tarasy,14:50,,dubbing,regular,2026-07-27T11:24:47.896407
2026-07-27,poniedzialek,warszawa,Triumf serca,Filmowa Stolica Lata - Metro Słodowiec,21:30,,,regular,2026-07-27T11:24:47.896407
2026-07-27,poniedzialek,warszawa,Vaiana,Cinema City Warszawa Galeria Mokotów,13:10,,,regular,2026-07-27T11:24:47.896407
2026-07-27,poniedzialek,warszawa,Vaiana,Cinema City Warszawa Promenada,20:15,,,regular,2026-07-27T11:24:47.896407
2026-07-27,poniedzialek,warszawa,Vaiana,Helios Warszawa Blue City,16:00,,,regular,2026-07-27T11:24:47.896407
2026-07-27,poniedzialek,warszawa,Vaiana,Helios Warszawa Blue City,18:45,,,regular,2026-07-27T11:24:47.896407
2026-07-27,poniedzialek,warszawa,Vaiana (dubbing),Cinema City Warszawa Arkadia,11:00,,dubbing,regular,2026-07-27T11:24:47.896407
2026-07-27,poniedzialek,warszawa,Vaiana (dubbing),Cinema City Warszawa Arkadia,13:40,,dubbing,regular,2026-07-27T11:24:47.896407
2026-07-27,poniedzialek,warszawa,Vaiana (dubbing),Cinema City Warszawa Arkadia,16:20,,dubbing,regular,2026-07-27T11:24:47.896407
2026-07-27,poniedzialek,warszawa,Vaiana (dubbing),Cinema City Warszawa Bemowo,11:20,,dubbing,regular,2026-07-27T11:24:47.896407
2026-07-27,poniedzialek,warszawa,Vaiana (dubbing),Cinema City Warszawa Bemowo,14:00,,dubbing,regular,2026-07-27T11:24:47.896407
2026-07-27,poniedzialek,warszawa,Vaiana (dubbing),Cinema City Warszawa Bemowo,16:40,,dubbing,regular,2026-07-27T11:24:47.896407
2026-07-27,poniedzialek,warszawa,Vaiana (dubbing),Cinema City Warszawa Galeria Mokotów,10:30,,dubbing,regular,2026-07-27T11:24:47.896407
2026-07-27,poniedzialek,warszawa,Vaiana (dubbing),Cinema City Warszawa Galeria Mokotów,11:50,,dubbing,regular,2026-07-27T11:24:47.896407
2026-07-27,poniedzialek,warszawa,Vaiana (dubbing),Cinema City Warszawa Galeria Mokotów,14:30,,dubbing,regular,2026-07-27T11:24:47.896407
2026-07-27,poniedzialek,warszawa,Vaiana (dubbing),Cinema City Warszawa Galeria Mokotów,15:50,,dubbing,regular,2026-07-27T11:24:47.896407
2026-07-27,poniedzialek,warszawa,Vaiana (dubbing),Cinema City Warszawa Galeria Mokotów,18:30,,dubbing,regular,2026-07-27T11:24:47.896407
2026-07-27,poniedzialek,warszawa,Vaiana (dubbing),Cinema City Warszawa Galeria Północna,10:20,,dubbing,regular,2026-07-27T11:24:47.896407
2026-07-27,poniedzialek,warszawa,Vaiana (dubbing),Cinema City Warszawa Galeria Północna,13:00,,dubbing,regular,2026-07-27T11:24:47.896407
2026-07-27,poniedzialek,warszawa,Vaiana (dubbing),Cinema City Warszawa Galeria Północna,15:40,,dubbing,regular,2026-07-27T11:24:47.896407
2026-07-27,poniedzialek,warszawa,Vaiana (dubbing),Cinema City Warszawa Promenada,10:00,,dubbing,regular,2026-07-27T11:24:47.896407
2026-07-27,poniedzialek,warszawa,Vaiana (dubbing),Cinema City Warszawa Promenada,11:00,,dubbing,regular,2026-07-27T11:24:47.896407
2026-07-27,poniedzialek,warszawa,Vaiana (dubbing),Cinema City Warszawa Promenada,12:40,,dubbing,regular,2026-07-27T11:24:47.896407
2026-07-27,poniedzialek,warszawa,Vaiana (dubbing),Cinema City Warszawa Promenada,13:40,,dubbing,regular,2026-07-27T11:24:47.896407
2026-07-27,poniedzialek,warszawa,Vaiana (dubbing),Cinema City Warszawa Promenada,15:20,,dubbing,regular,2026-07-27T11:24:47.896407
2026-07-27,poniedzialek,warszawa,Vaiana (dubbing),Cinema City Warszawa Promenada,16:20,,dubbing,regular,2026-07-27T11:24:47.896407
2026-07-27,poniedzialek,warszawa,Vaiana (dubbing),Cinema City Warszawa Sadyba,11:50,,dubbing,regular,2026-07-27T11:24:47.896407
2026-07-27,poniedzialek,warszawa,Vaiana (dubbing),Cinema City Warszawa Sadyba,13:40,,dubbing,regular,2026-07-27T11:24:47.896407
2026-07-27,poniedzialek,warszawa,Vaiana (dubbing),Cinema City Warszawa Sadyba,16:20,,dubbing,regular,2026-07-27T11:24:47.896407
2026-07-27,poniedzialek,warszawa,Vaiana (dubbing),Multikino Atrium Reduta w Warszawie,10:00,,dubbing,regular,2026-07-27T11:24:47.896407
2026-07-27,poniedzialek,warszawa,Vaiana (dubbing),Multikino Atrium Reduta w Warszawie,12:35,,dubbing,regular,2026-07-27T11:24:47.896407
2026-07-27,poniedzialek,warszawa,Vaiana (dubbing),Multikino Atrium Reduta w Warszawie,15:10,,dubbing,regular,2026-07-27T11:24:47.896407
2026-07-27,poniedzialek,warszawa,Vaiana (dubbing),Multikino Młociny,10:30,,dubbing,regular,2026-07-27T11:24:47.896407
2026-07-27,poniedzialek,warszawa,Vaiana (dubbing),Multikino Młociny,13:00,,dubbing,regular,2026-07-27T11:24:47.896407
2026-07-27,poniedzialek,warszawa,Vaiana (dubbing),Multikino Młociny,15:40,,dubbing,regular,2026-07-27T11:24:47.896407
2026-07-27,poniedzialek,warszawa,Vaiana (dubbing),Multikino Młociny,18:15,,dubbing,regular,2026-07-27T11:24:47.896407
2026-07-27,poniedzialek,warszawa,Vaiana (dubbing),Multikino Targówek,10:05,,dubbing,regular,2026-07-27T11:24:47.896407
2026-07-27,poniedzialek,warszawa,Vaiana (dubbing),Multikino Targówek,10:45,,dubbing,regular,2026-07-27T11:24:47.896407
2026-07-27,poniedzialek,warszawa,Vaiana (dubbing),Multikino Targówek,13:05,,dubbing,regular,2026-07-27T11:24:47.896407
2026-07-27,poniedzialek,warszawa,Vaiana (dubbing),Multikino Targówek,15:45,,dubbing,regular,2026-07-27T11:24:47.896407
2026-07-27,poniedzialek,warszawa,Vaiana (dubbing),Multikino Targówek,18:25,,dubbing,regular,2026-07-27T11:24:47.896407
2026-07-27,poniedzialek,warszawa,Vaiana (dubbing),Multikino Wola,10:00,,dubbing,regular,2026-07-27T11:24:47.896407
2026-07-27,poniedzialek,warszawa,Vaiana (dubbing),Multikino Wola,12:40,,dubbing,regular,2026-07-27T11:24:47.896407
2026-07-27,poniedzialek,warszawa,Vaiana (dubbing),Multikino Wola,15:20,,dubbing,regular,2026-07-27T11:24:47.896407
2026-07-27,poniedzialek,warszawa,Vaiana (dubbing),Multikino Złote Tarasy,10:30,,dubbing,regular,2026-07-27T11:24:47.896407
2026-07-27,poniedzialek,warszawa,Vaiana (dubbing),Multikino Złote Tarasy,13:10,,dubbing,regular,2026-07-27T11:24:47.896407
2026-07-27,poniedzialek,warszawa,Vaiana (dubbing),Multikino Złote Tarasy,15:50,,dubbing,regular,2026-07-27T11:24:47.896407
2026-07-27,poniedzialek,warszawa,Vaiana (wersja karaoke),NoveKino Wisła w Warszawie,12:25,,,regular,2026-07-27T11:24:47.896407
2026-07-27,poniedzialek,warszawa,Voyager: Niekończąca się podróż,Planetarium Centrum Nauki Kopernik w Warszawie,11:30,,,regular,2026-07-27T11:24:47.896407
2026-07-27,poniedzialek,warszawa,Wędrówka na północ,Cinema City Warszawa Galeria Mokotów,21:40,,,regular,2026-07-27T11:24:47.896407
2026-07-27,poniedzialek,warszawa,Wędrówka na północ,Cinema City Warszawa Sadyba,21:40,,,regular,2026-07-27T11:24:47.896407
2026-07-27,poniedzialek,warszawa,Wędrówka na północ,Kino Muranów w Warszawie,15:30,,,regular,2026-07-27T11:24:47.896407
2026-07-27,poniedzialek,warszawa,Wielki Łuk,Kinoteka w Warszawie,13:15,,,regular,2026-07-27T11:24:47.896407
2026-07-27,poniedzialek,warszawa,Wielki Łuk,Kinoteka w Warszawie,20:30,,,regular,2026-07-27T11:24:47.896407
2026-07-27,poniedzialek,warszawa,Wypadek fortepianowy,Kino Elektronik w Warszawie,18:30,,,regular,2026-07-27T11:24:47.896407
2026-07-27,poniedzialek,warszawa,Wyschnięci,Kino Luna w Warszawie,10:00,,,regular,2026-07-27T11:24:47.896407
2026-07-27,poniedzialek,warszawa,Zaproszenie,Cinema City Warszawa Arkadia,10:00,,,regular,2026-07-27T11:24:47.896407
2026-07-27,poniedzialek,warszawa,Zaproszenie,Cinema City Warszawa Arkadia,17:30,,,regular,2026-07-27T11:24:47.896407
2026-07-27,poniedzialek,warszawa,Zaproszenie,Cinema City Warszawa Arkadia,21:30,,,regular,2026-07-27T11:24:47.896407
2026-07-27,poniedzialek,warszawa,Zaproszenie,Cinema City Warszawa Bemowo,12:20,,,regular,2026-07-27T11:24:47.896407
2026-07-27,poniedzialek,warszawa,Zaproszenie,Cinema City Warszawa Bemowo,14:50,,,regular,2026-07-27T11:24:47.896407
2026-07-27,poniedzialek,warszawa,Zaproszenie,Cinema City Warszawa Bemowo,17:20,,,regular,2026-07-27T11:24:47.896407
2026-07-27,poniedzialek,warszawa,Zaproszenie,Cinema City Warszawa Bemowo,19:50,,,regular,2026-07-27T11:24:47.896407
2026-07-27,poniedzialek,warszawa,Zaproszenie,Cinema City Warszawa Galeria Mokotów,11:30,,,regular,2026-07-27T11:24:47.896407
2026-07-27,poniedzialek,warszawa,Zaproszenie,Cinema City Warszawa Galeria Mokotów,14:00,,,regular,2026-07-27T11:24:47.896407
2026-07-27,poniedzialek,warszawa,Zaproszenie,Cinema City Warszawa Galeria Mokotów,16:30,,,regular,2026-07-27T11:24:47.896407
2026-07-27,poniedzialek,warszawa,Zaproszenie,Cinema City Warszawa Galeria Mokotów,19:00,,,regular,2026-07-27T11:24:47.896407
2026-07-27,poniedzialek,warszawa,Zaproszenie,Cinema City Warszawa Galeria Mokotów,21:30,,,regular,2026-07-27T11:24:47.896407
2026-07-27,poniedzialek,warszawa,Zaproszenie,Cinema City Warszawa Galeria Północna,19:10,,,regular,2026-07-27T11:24:47.896407
2026-07-27,poniedzialek,warszawa,Zaproszenie,Cinema City Warszawa Galeria Północna,21:40,,,regular,2026-07-27T11:24:47.896407
2026-07-27,poniedzialek,warszawa,Zaproszenie,Cinema City Warszawa Promenada,14:30,,,regular,2026-07-27T11:24:47.896407
2026-07-27,poniedzialek,warszawa,Zaproszenie,Cinema City Warszawa Promenada,17:00,,,regular,2026-07-27T11:24:47.896407
2026-07-27,poniedzialek,warszawa,Zaproszenie,Cinema City Warszawa Promenada,19:40,,,regular,2026-07-27T11:24:47.896407
2026-07-27,poniedzialek,warszawa,Zaproszenie,Cinema City Warszawa Promenada,21:00,,,regular,2026-07-27T11:24:47.896407
2026-07-27,poniedzialek,warszawa,Zaproszenie,Cinema City Warszawa Promenada,22:10,,,regular,2026-07-27T11:24:47.896407
2026-07-27,poniedzialek,warszawa,Zaproszenie,Cinema City Warszawa Sadyba,10:50,,,regular,2026-07-27T11:24:47.896407
2026-07-27,poniedzialek,warszawa,Zaproszenie,Cinema City Warszawa Sadyba,13:20,,,regular,2026-07-27T11:24:47.896407
2026-07-27,poniedzialek,warszawa,Zaproszenie,Cinema City Warszawa Sadyba,15:50,,,regular,2026-07-27T11:24:47.896407
2026-07-27,poniedzialek,warszawa,Zaproszenie,Cinema City Warszawa Sadyba,18:20,,,regular,2026-07-27T11:24:47.896407
2026-07-27,poniedzialek,warszawa,Zaproszenie,Cinema City Warszawa Sadyba,20:50,,,regular,2026-07-27T11:24:47.896407
2026-07-27,poniedzialek,warszawa,Zaproszenie,Helios Warszawa Blue City,21:30,,,regular,2026-07-27T11:24:47.896407
2026-07-27,poniedzialek,warszawa,Zaproszenie,Kino Atlantic w Warszawie,15:30,,,regular,2026-07-27T11:24:47.896407
2026-07-27,poniedzialek,warszawa,Zaproszenie,Kino Atlantic w Warszawie,20:15,,,regular,2026-07-27T11:24:47.896407
2026-07-27,poniedzialek,warszawa,Zaproszenie,Kino Luna w Warszawie,14:10,,,regular,2026-07-27T11:24:47.896407
2026-07-27,poniedzialek,warszawa,Zaproszenie,KinoGram w Warszawie,15:15,,,regular,2026-07-27T11:24:47.896407
2026-07-27,poniedzialek,warszawa,Zaproszenie,KinoGram w Warszawie,17:30,,,regular,2026-07-27T11:24:47.896407
2026-07-27,poniedzialek,warszawa,Zaproszenie,KinoGram w Warszawie,20:15,,,regular,2026-07-27T11:24:47.896407
2026-07-27,poniedzialek,warszawa,Zaproszenie,Kinoteka w Warszawie,18:00,,,regular,2026-07-27T11:24:47.896407
2026-07-27,poniedzialek,warszawa,Zaproszenie,Kinoteka w Warszawie,20:45,,,regular,2026-07-27T11:24:47.896407
2026-07-27,poniedzialek,warszawa,Zaproszenie,Multikino Atrium Reduta w Warszawie,21:15,,,regular,2026-07-27T11:24:47.896407
2026-07-27,poniedzialek,warszawa,Zaproszenie,Multikino Młociny,19:10,,,regular,2026-07-27T11:24:47.896407
2026-07-27,poniedzialek,warszawa,Zaproszenie,Multikino Targówek,17:30,,,regular,2026-07-27T11:24:47.896407
2026-07-27,poniedzialek,warszawa,Zaproszenie,Multikino Targówek,20:25,,,regular,2026-07-27T11:24:47.896407
2026-07-27,poniedzialek,warszawa,Zaproszenie,Multikino Wola,20:30,,,regular,2026-07-27T11:24:47.896407
2026-07-27,poniedzialek,warszawa,Zaproszenie,Multikino Złote Tarasy,18:30,,,regular,2026-07-27T11:24:47.896407
2026-07-27,poniedzialek,warszawa,Zaproszenie,NoveKino Wisła w Warszawie,16:20,,,regular,2026-07-27T11:24:47.896407
2026-07-27,poniedzialek,warszawa,"Ziemia, Księżyc i Słońce",Planetarium Centrum Nauki Kopernik w Warszawie,16:30,,,regular,2026-07-27T11:24:47.896407
2026-07-27,poniedzialek,warszawa,Zorze – cudowne światła,Planetarium Centrum Nauki Kopernik w Warszawie,17:30,,,regular,2026-07-27T11:24:47.896407
2026-07-27,poniedzialek,warszawa,Ваяна / Vaiana: Skarb oceanu (ukraiński dubbing),Helios Warszawa Blue City,12:00,,dubbing,regular,2026-07-27T11:24:47.896407
2026-07-27,poniedzialek,warszawa,Людина-павук: Абсолютно новий день / Spider-Man. Całkiem nowy dzień (ukr.),Cinema City Warszawa Arkadia,16:00,,,regular,2026-07-27T11:24:47.896407
2026-07-27,poniedzialek,warszawa,Людина-павук: Абсолютно новий день / Spider-Man. Całkiem nowy dzień (ukr.),Cinema City Warszawa Arkadia,19:10,,,regular,2026-07-27T11:24:47.896407
2026-07-27,poniedzialek,warszawa,Людина-павук: Абсолютно новий день / Spider-Man. Całkiem nowy dzień (ukr.),Cinema City Warszawa Galeria Mokotów,18:00,,,regular,2026-07-27T11:24:47.896407
2026-07-27,poniedzialek,warszawa,Людина-павук: Абсолютно новий день / Spider-Man. Całkiem nowy dzień (ukr.),Cinema City Warszawa Galeria Północna,16:00,,,regular,2026-07-27T11:24:47.896407
2026-07-27,poniedzialek,warszawa,Людина-павук: Абсолютно новий день / Spider-Man. Całkiem nowy dzień (ukr.),Helios Warszawa Blue City,17:45,,,regular,2026-07-27T11:24:47.896407
2026-07-27,poniedzialek,warszawa,Людина-павук: Абсолютно новий день / Spider-Man. Całkiem nowy dzień (ukr.),Helios Warszawa Blue City,20:45,,,regular,2026-07-27T11:24:47.896407
2026-07-27,poniedzialek,warszawa,Людина-павук: Абсолютно новий день / Spider-Man. Całkiem nowy dzień (ukr.),Helios Warszawa Blue City,20:50,,,regular,2026-07-27T11:24:47.896407
2026-07-27,poniedzialek,warszawa,Мавка. Справжній міф / Mavka. Prawdziwy mit (ukr.),Helios Warszawa Blue City,16:45,,,regular,2026-07-27T11:24:47.896407
2026-07-27,poniedzialek,warszawa,Посіпаки і Монстряки / Minionki i straszydła (ukr.),Helios Warszawa Blue City,10:50,,,regular,2026-07-27T11:24:47.896407
2026-07-27,poniedzialek,kraków,Angel’s Egg,Kino Paradox w Krakowie,20:15,,,regular,2026-07-27T11:24:52.000519
2026-07-27,poniedzialek,kraków,Arek.Mama.Panorama,Kino Paradox w Krakowie,18:45,,,regular,2026-07-27T11:24:52.000519
2026-07-27,poniedzialek,kraków,Backrooms. Bez wyjścia,Cinema City Kraków Bonarka,20:00,,,regular,2026-07-27T11:24:52.000519
2026-07-27,poniedzialek,kraków,Backrooms. Bez wyjścia,Cinema City Kraków Bonarka,22:20,,,regular,2026-07-27T11:24:52.000519
2026-07-27,poniedzialek,kraków,Backrooms. Bez wyjścia,Cinema City Kraków Bonarka,22:30,,,regular,2026-07-27T11:24:52.000519
2026-07-27,poniedzialek,kraków,Backrooms. Bez wyjścia,Cinema City Kraków Galeria Kazimierz,21:10,,,regular,2026-07-27T11:24:52.000519
2026-07-27,poniedzialek,kraków,Backrooms. Bez wyjścia,Cinema City Kraków Zakopianka,19:20,,,regular,2026-07-27T11:24:52.000519
2026-07-27,poniedzialek,kraków,Backrooms. Bez wyjścia,Cinema City Kraków Zakopianka,21:50,,,regular,2026-07-27T11:24:52.000519
2026-07-27,poniedzialek,kraków,Backrooms. Bez wyjścia,Multikino Kraków,21:10,,,regular,2026-07-27T11:24:52.000519
2026-07-27,poniedzialek,kraków,Bez wyjścia,Kino Mikro w Krakowie,18:00,,,regular,2026-07-27T11:24:52.000519
2026-07-27,poniedzialek,kraków,Bridget Jones: Szalejąc za facetem,Kino Pod Baranami w Krakowie,20:15,,,regular,2026-07-27T11:24:52.000519
2026-07-27,poniedzialek,kraków,Bulion i inne namiętności,Kino Pod Baranami w Krakowie,17:30,,,regular,2026-07-27T11:24:52.000519
2026-07-27,poniedzialek,kraków,Camino dla opornych,Kino Kijów w Krakowie,13:00,,,regular,2026-07-27T11:24:52.000519
2026-07-27,poniedzialek,kraków,Diabeł ubiera się u Prady 2,Cinema City Kraków Bonarka,11:00,,,regular,2026-07-27T11:24:52.000519
2026-07-27,poniedzialek,kraków,Diabeł ubiera się u Prady 2,Cinema City Kraków Bonarka,16:10,,,regular,2026-07-27T11:24:52.000519
2026-07-27,poniedzialek,kraków,Diabeł ubiera się u Prady 2,Cinema City Kraków Bonarka,20:30,,,regular,2026-07-27T11:24:52.000519
2026-07-27,poniedzialek,kraków,Dirty Dancing,"Kino Pod Baranami w Małopolskim Ogrodzie Sztuki, czyli Barany w MOSie",16:00,,,regular,2026-07-27T11:24:52.000519
2026-07-27,poniedzialek,kraków,Drugie życie,Kino Kijów w Krakowie,20:15,,,regular,2026-07-27T11:24:52.000519
2026-07-27,poniedzialek,kraków,Drzewo magii (dubbing),Cinema City Kraków Bonarka,11:00,,dubbing,regular,2026-07-27T11:24:52.000519
2026-07-27,poniedzialek,kraków,Drzewo magii (dubbing),Cinema City Kraków Bonarka,13:30,,dubbing,regular,2026-07-27T11:24:52.000519
2026-07-27,poniedzialek,kraków,Dzień Objawienia,Cinema City Kraków Bonarka,18:30,,,regular,2026-07-27T11:24:52.000519
2026-07-27,poniedzialek,kraków,Dzień Objawienia,Cinema City Kraków Bonarka,21:40,,,regular,2026-07-27T11:24:52.000519
2026-07-27,poniedzialek,kraków,Dzień Objawienia,Cinema City Kraków Zakopianka,19:10,,,regular,2026-07-27T11:24:52.000519
2026-07-27,poniedzialek,kraków,Ekipa zwierzaków (dubbing),Cinema City Kraków Bonarka,10:00,,dubbing,regular,2026-07-27T11:24:52.000519
2026-07-27,poniedzialek,kraków,Ekipa zwierzaków (dubbing),Cinema City Kraków Bonarka,10:40,,dubbing,regular,2026-07-27T11:24:52.000519
2026-07-27,poniedzialek,kraków,Ekipa zwierzaków (dubbing),Cinema City Kraków Bonarka,11:40,,dubbing,regular,2026-07-27T11:24:52.000519
2026-07-27,poniedzialek,kraków,Ekipa zwierzaków (dubbing),Cinema City Kraków Bonarka,13:50,,dubbing,regular,2026-07-27T11:24:52.000519
2026-07-27,poniedzialek,kraków,Ekipa zwierzaków (dubbing),Cinema City Kraków Bonarka,16:00,,dubbing,regular,2026-07-27T11:24:52.000519
2026-07-27,poniedzialek,kraków,Ekipa zwierzaków (dubbing),Cinema City Kraków Bonarka,18:10,,dubbing,regular,2026-07-27T11:24:52.000519
2026-07-27,poniedzialek,kraków,Ekipa zwierzaków (dubbing),Cinema City Kraków Galeria Kazimierz,11:10,,dubbing,regular,2026-07-27T11:24:52.000519
2026-07-27,poniedzialek,kraków,Ekipa zwierzaków (dubbing),Cinema City Kraków Galeria Kazimierz,13:20,,dubbing,regular,2026-07-27T11:24:52.000519
2026-07-27,poniedzialek,kraków,Ekipa zwierzaków (dubbing),Cinema City Kraków Galeria Kazimierz,15:30,,dubbing,regular,2026-07-27T11:24:52.000519
2026-07-27,poniedzialek,kraków,Ekipa zwierzaków (dubbing),Cinema City Kraków Galeria Kazimierz,17:40,,dubbing,regular,2026-07-27T11:24:52.000519
2026-07-27,poniedzialek,kraków,Ekipa zwierzaków (dubbing),Cinema City Kraków Zakopianka,10:20,,dubbing,regular,2026-07-27T11:24:52.000519
2026-07-27,poniedzialek,kraków,Ekipa zwierzaków (dubbing),Cinema City Kraków Zakopianka,12:30,,dubbing,regular,2026-07-27T11:24:52.000519
2026-07-27,poniedzialek,kraków,Ekipa zwierzaków (dubbing),Cinema City Kraków Zakopianka,14:40,,dubbing,regular,2026-07-27T11:24:52.000519
2026-07-27,poniedzialek,kraków,Ekipa zwierzaków (dubbing),Cinema City Kraków Zakopianka,16:50,,dubbing,regular,2026-07-27T11:24:52.000519
2026-07-27,poniedzialek,kraków,Ekipa zwierzaków (dubbing),Kino Kijów w Krakowie,10:15,,dubbing,regular,2026-07-27T11:24:52.000519
2026-07-27,poniedzialek,kraków,Ekipa zwierzaków (dubbing),Kino Kijów w Krakowie,12:45,,dubbing,regular,2026-07-27T11:24:52.000519
2026-07-27,poniedzialek,kraków,Ekipa zwierzaków (dubbing),Kino Kijów w Krakowie,15:00,,dubbing,regular,2026-07-27T11:24:52.000519
2026-07-27,poniedzialek,kraków,Ekipa zwierzaków (dubbing),Multikino Kraków,10:45,,dubbing,regular,2026-07-27T11:24:52.000519
2026-07-27,poniedzialek,kraków,Ekipa zwierzaków (dubbing),Multikino Kraków,12:50,,dubbing,regular,2026-07-27T11:24:52.000519
2026-07-27,poniedzialek,kraków,Ekipa zwierzaków (dubbing),Multikino Kraków,15:55,,dubbing,regular,2026-07-27T11:24:52.000519
2026-07-27,poniedzialek,kraków,Ekipa zwierzaków (dubbing),Multikino Kraków,18:05,,dubbing,regular,2026-07-27T11:24:52.000519
2026-07-27,poniedzialek,kraków,Ghost In the Shell,Cinema City Kraków Bonarka,18:00,,,regular,2026-07-27T11:24:52.000519
2026-07-27,poniedzialek,kraków,Ghost In the Shell,Cinema City Kraków Bonarka,21:20,,,regular,2026-07-27T11:24:52.000519
2026-07-27,poniedzialek,kraków,Ghost In the Shell,Cinema City Kraków Galeria Kazimierz,19:10,,,regular,2026-07-27T11:24:52.000519
2026-07-27,poniedzialek,kraków,Jej piekło,Cinema City Kraków Bonarka,13:40,,,regular,2026-07-27T11:24:52.000519
2026-07-27,poniedzialek,kraków,Jej piekło,Cinema City Kraków Bonarka,19:00,,,regular,2026-07-27T11:24:52.000519
2026-07-27,poniedzialek,kraków,Jej piekło,Cinema City Kraków Bonarka,21:30,,,regular,2026-07-27T11:24:52.000519
2026-07-27,poniedzialek,kraków,Jej piekło,Cinema City Kraków Galeria Kazimierz,19:50,,,regular,2026-07-27T11:24:52.000519
2026-07-27,poniedzialek,kraków,Jej piekło,Kino Mikro w Galerii Bronowice w Krakowie,19:30,,,regular,2026-07-27T11:24:52.000519
2026-07-27,poniedzialek,kraków,Jej piekło,Kino Mikro w Krakowie,21:00,,,regular,2026-07-27T11:24:52.000519
2026-07-27,poniedzialek,kraków,Jej piekło,"Kino Pod Baranami w Małopolskim Ogrodzie Sztuki, czyli Barany w MOSie",21:00,,,regular,2026-07-27T11:24:52.000519
2026-07-27,poniedzialek,kraków,Jej piekło,Multikino Kraków,13:20,,,regular,2026-07-27T11:24:52.000519
2026-07-27,poniedzialek,kraków,Jej piekło,Multikino Kraków,17:25,,,regular,2026-07-27T11:24:52.000519
2026-07-27,poniedzialek,kraków,Kilerów 2-óch,Kino Pod Baranami w Krakowie,21:15,,,regular,2026-07-27T11:24:52.000519
2026-07-27,poniedzialek,kraków,Kumotry,Kino Mikro w Krakowie,13:00,,,regular,2026-07-27T11:24:52.000519
2026-07-27,poniedzialek,kraków,Kumotry,Kino Paradox w Krakowie,15:45,,,regular,2026-07-27T11:24:52.000519
2026-07-27,poniedzialek,kraków,Martwe zło: Ogień,Cinema City Kraków Bonarka,20:00,,,regular,2026-07-27T11:24:52.000519
2026-07-27,poniedzialek,kraków,Martwe zło: Ogień,Cinema City Kraków Bonarka,22:30,,,regular,2026-07-27T11:24:52.000519
2026-07-27,poniedzialek,kraków,Martwe zło: Ogień,Cinema City Kraków Galeria Kazimierz,22:20,,,regular,2026-07-27T11:24:52.000519
2026-07-27,poniedzialek,kraków,Martwe zło: Ogień,Cinema City Kraków Zakopianka,21:10,,,regular,2026-07-27T11:24:52.000519
2026-07-27,poniedzialek,kraków,Martwe zło: Ogień,Multikino Kraków,20:30,,,regular,2026-07-27T11:24:52.000519
2026-07-27,poniedzialek,kraków,Materialiści,"Kino Pod Baranami w Małopolskim Ogrodzie Sztuki, czyli Barany w MOSie",13:30,,,regular,2026-07-27T11:24:52.000519
2026-07-27,poniedzialek,kraków,Minionki i straszydła (dubbing),Cinema City Kraków Bonarka,10:00,,dubbing,regular,2026-07-27T11:24:52.000519
2026-07-27,poniedzialek,kraków,Minionki i straszydła (dubbing),Cinema City Kraków Bonarka,10:30,,dubbing,regular,2026-07-27T11:24:52.000519
2026-07-27,poniedzialek,kraków,Minionki i straszydła (dubbing),Cinema City Kraków Bonarka,11:00,,dubbing,regular,2026-07-27T11:24:52.000519
2026-07-27,poniedzialek,kraków,Minionki i straszydła (dubbing),Cinema City Kraków Bonarka,12:40,,dubbing,regular,2026-07-27T11:24:52.000519
2026-07-27,poniedzialek,kraków,Minionki i straszydła (dubbing),Cinema City Kraków Bonarka,13:10,,dubbing,regular,2026-07-27T11:24:52.000519
2026-07-27,poniedzialek,kraków,Minionki i straszydła (dubbing),Cinema City Kraków Bonarka,14:50,,dubbing,regular,2026-07-27T11:24:52.000519
2026-07-27,poniedzialek,kraków,Minionki i straszydła (dubbing),Cinema City Kraków Bonarka,15:20,,dubbing,regular,2026-07-27T11:24:52.000519
2026-07-27,poniedzialek,kraków,Minionki i straszydła (dubbing),Cinema City Kraków Bonarka,15:30,,dubbing,regular,2026-07-27T11:24:52.000519
2026-07-27,poniedzialek,kraków,Minionki i straszydła (dubbing),Cinema City Kraków Bonarka,16:00,,dubbing,regular,2026-07-27T11:24:52.000519
2026-07-27,poniedzialek,kraków,Minionki i straszydła (dubbing),Cinema City Kraków Bonarka,16:50,,dubbing,regular,2026-07-27T11:24:52.000519
2026-07-27,poniedzialek,kraków,Minionki i straszydła (dubbing),Cinema City Kraków Bonarka,18:20,,dubbing,regular,2026-07-27T11:24:52.000519
2026-07-27,poniedzialek,kraków,Minionki i straszydła (dubbing),Cinema City Kraków Galeria Kazimierz,10:00,,dubbing,regular,2026-07-27T11:24:52.000519
2026-07-27,poniedzialek,kraków,Minionki i straszydła (dubbing),Cinema City Kraków Galeria Kazimierz,11:40,,dubbing,regular,2026-07-27T11:24:52.000519
2026-07-27,poniedzialek,kraków,Minionki i straszydła (dubbing),Cinema City Kraków Galeria Kazimierz,13:50,,dubbing,regular,2026-07-27T11:24:52.000519
2026-07-27,poniedzialek,kraków,Minionki i straszydła (dubbing),Cinema City Kraków Zakopianka,10:40,,dubbing,regular,2026-07-27T11:24:52.000519
2026-07-27,poniedzialek,kraków,Minionki i straszydła (dubbing),Cinema City Kraków Zakopianka,12:50,,dubbing,regular,2026-07-27T11:24:52.000519
2026-07-27,poniedzialek,kraków,Minionki i straszydła (dubbing),Cinema City Kraków Zakopianka,15:00,,dubbing,regular,2026-07-27T11:24:52.000519
2026-07-27,poniedzialek,kraków,Minionki i straszydła (dubbing),Cinema City Kraków Zakopianka,17:10,,dubbing,regular,2026-07-27T11:24:52.000519
2026-07-27,poniedzialek,kraków,Minionki i straszydła (dubbing),Kino Kijów w Krakowie,11:00,,dubbing,regular,2026-07-27T11:24:52.000519
2026-07-27,poniedzialek,kraków,Minionki i straszydła (dubbing),Kino Kijów w Krakowie,15:00,,dubbing,regular,2026-07-27T11:24:52.000519
2026-07-27,poniedzialek,kraków,Minionki i straszydła (dubbing),Multikino Kraków,11:00,,dubbing,regular,2026-07-27T11:24:52.000519
2026-07-27,poniedzialek,kraków,Minionki i straszydła (dubbing),Multikino Kraków,11:50,,dubbing,regular,2026-07-27T11:24:52.000519
2026-07-27,poniedzialek,kraków,Minionki i straszydła (dubbing),Multikino Kraków,13:10,,dubbing,regular,2026-07-27T11:24:52.000519
2026-07-27,poniedzialek,kraków,Minionki i straszydła (dubbing),Multikino Kraków,14:00,,dubbing,regular,2026-07-27T11:24:52.000519
2026-07-27,poniedzialek,kraków,Minionki i straszydła (dubbing),Multikino Kraków,15:20,,dubbing,regular,2026-07-27T11:24:52.000519
2026-07-27,poniedzialek,kraków,Minionki i straszydła (dubbing),Multikino Kraków,16:10,,dubbing,regular,2026-07-27T11:24:52.000519
2026-07-27,poniedzialek,kraków,Minionki i straszydła (dubbing),Multikino Kraków,17:30,,dubbing,regular,2026-07-27T11:24:52.000519
2026-07-27,poniedzialek,kraków,Minionki i straszydła (dubbing),Multikino Kraków,18:20,,dubbing,regular,2026-07-27T11:24:52.000519
2026-07-27,poniedzialek,kraków,Niesamowite przygody skarpetek 3. Ale kosmos!,Multikino Kraków,10:00,,,regular,2026-07-27T11:24:52.000519
2026-07-27,poniedzialek,kraków,O czym sobie nie mówimy,Cinema City Kraków Bonarka,18:10,,,regular,2026-07-27T11:24:52.000519
2026-07-27,poniedzialek,kraków,O czym sobie nie mówimy,Cinema City Kraków Galeria Kazimierz,11:50,,,regular,2026-07-27T11:24:52.000519
2026-07-27,poniedzialek,kraków,O czym sobie nie mówimy,Kino Kijów w Krakowie,15:30,,,regular,2026-07-27T11:24:52.000519
2026-07-27,poniedzialek,kraków,O czym sobie nie mówimy,Kino Kijów w Krakowie,17:15,,,regular,2026-07-27T11:24:52.000519
2026-07-27,poniedzialek,kraków,O czym sobie nie mówimy,Kino Mikro w Krakowie,16:00,,,regular,2026-07-27T11:24:52.000519
2026-07-27,poniedzialek,kraków,O czym sobie nie mówimy,"Kino Pod Baranami w Małopolskim Ogrodzie Sztuki, czyli Barany w MOSie",14:45,,,regular,2026-07-27T11:24:52.000519
2026-07-27,poniedzialek,kraków,O czym sobie nie mówimy,Multikino Kraków,21:50,,,regular,2026-07-27T11:24:52.000519
2026-07-27,poniedzialek,kraków,Obsesja,Cinema City Kraków Bonarka,13:10,,,regular,2026-07-27T11:24:52.000519
2026-07-27,poniedzialek,kraków,Obsesja,Cinema City Kraków Bonarka,15:50,,,regular,2026-07-27T11:24:52.000519
2026-07-27,poniedzialek,kraków,Obsesja,Cinema City Kraków Bonarka,22:10,,,regular,2026-07-27T11:24:52.000519
2026-07-27,poniedzialek,kraków,Obsesja,Cinema City Kraków Galeria Kazimierz,20:50,,,regular,2026-07-27T11:24:52.000519
2026-07-27,poniedzialek,kraków,Obsesja,Cinema City Kraków Zakopianka,19:10,,,regular,2026-07-27T11:24:52.000519
2026-07-27,poniedzialek,kraków,Obsesja,Cinema City Kraków Zakopianka,21:40,,,regular,2026-07-27T11:24:52.000519
2026-07-27,poniedzialek,kraków,Obsesja,Multikino Kraków,15:00,,,regular,2026-07-27T11:24:52.000519
2026-07-27,poniedzialek,kraków,Obsesja,Multikino Kraków,20:00,,,regular,2026-07-27T11:24:52.000519
2026-07-27,poniedzialek,kraków,Odyseja,Cinema City Kraków Bonarka,10:10,,,regular,2026-07-27T11:24:52.000519
2026-07-27,poniedzialek,kraków,Odyseja,Cinema City Kraków Bonarka,10:30,,,regular,2026-07-27T11:24:52.000519
2026-07-27,poniedzialek,kraków,Odyseja,Cinema City Kraków Bonarka,11:30,,,regular,2026-07-27T11:24:52.000519
2026-07-27,poniedzialek,kraków,Odyseja,Cinema City Kraków Bonarka,11:40,,,regular,2026-07-27T11:24:52.000519
2026-07-27,poniedzialek,kraków,Odyseja,Cinema City Kraków Bonarka,12:30,,,regular,2026-07-27T11:24:52.000519
2026-07-27,poniedzialek,kraków,Odyseja,Cinema City Kraków Bonarka,13:50,,,regular,2026-07-27T11:24:52.000519
2026-07-27,poniedzialek,kraków,Odyseja,Cinema City Kraków Bonarka,15:20,,,regular,2026-07-27T11:24:52.000519
2026-07-27,poniedzialek,kraków,Odyseja,Cinema City Kraków Bonarka,16:10,,,regular,2026-07-27T11:24:52.000519
2026-07-27,poniedzialek,kraków,Odyseja,Cinema City Kraków Bonarka,17:10,,,regular,2026-07-27T11:24:52.000519
2026-07-27,poniedzialek,kraków,Odyseja,Cinema City Kraków Bonarka,17:30,,,regular,2026-07-27T11:24:52.000519
2026-07-27,poniedzialek,kraków,Odyseja,Cinema City Kraków Bonarka,18:20,,,regular,2026-07-27T11:24:52.000519
2026-07-27,poniedzialek,kraków,Odyseja,Cinema City Kraków Bonarka,19:00,,,regular,2026-07-27T11:24:52.000519
2026-07-27,poniedzialek,kraków,Odyseja,Cinema City Kraków Bonarka,19:50,,,regular,2026-07-27T11:24:52.000519
2026-07-27,poniedzialek,kraków,Odyseja,Cinema City Kraków Bonarka,20:30,,,regular,2026-07-27T11:24:52.000519
2026-07-27,poniedzialek,kraków,Odyseja,Cinema City Kraków Bonarka,21:00,,,regular,2026-07-27T11:24:52.000519
2026-07-27,poniedzialek,kraków,Odyseja,Cinema City Kraków Bonarka,21:10,,,regular,2026-07-27T11:24:52.000519
2026-07-27,poniedzialek,kraków,Odyseja,Cinema City Kraków Galeria Kazimierz,10:40,,,regular,2026-07-27T11:24:52.000519
2026-07-27,poniedzialek,kraków,Odyseja,Cinema City Kraków Galeria Kazimierz,12:10,,,regular,2026-07-27T11:24:52.000519
2026-07-27,poniedzialek,kraków,Odyseja,Cinema City Kraków Galeria Kazimierz,14:15,,,regular,2026-07-27T11:24:52.000519
2026-07-27,poniedzialek,kraków,Odyseja,Cinema City Kraków Galeria Kazimierz,15:50,,,regular,2026-07-27T11:24:52.000519
2026-07-27,poniedzialek,kraków,Odyseja,Cinema City Kraków Galeria Kazimierz,18:00,,,regular,2026-07-27T11:24:52.000519
2026-07-27,poniedzialek,kraków,Odyseja,Cinema City Kraków Galeria Kazimierz,19:30,,,regular,2026-07-27T11:24:52.000519
2026-07-27,poniedzialek,kraków,Odyseja,Cinema City Kraków Galeria Kazimierz,21:40,,,regular,2026-07-27T11:24:52.000519
2026-07-27,poniedzialek,kraków,Odyseja,Cinema City Kraków Zakopianka,10:00,,,regular,2026-07-27T11:24:52.000519
2026-07-27,poniedzialek,kraków,Odyseja,Cinema City Kraków Zakopianka,10:30,,,regular,2026-07-27T11:24:52.000519
2026-07-27,poniedzialek,kraków,Odyseja,Cinema City Kraków Zakopianka,12:00,,,regular,2026-07-27T11:24:52.000519
2026-07-27,poniedzialek,kraków,Odyseja,Cinema City Kraków Zakopianka,13:45,,,regular,2026-07-27T11:24:52.000519
2026-07-27,poniedzialek,kraków,Odyseja,Cinema City Kraków Zakopianka,14:15,,,regular,2026-07-27T11:24:52.000519
2026-07-27,poniedzialek,kraków,Odyseja,Cinema City Kraków Zakopianka,15:45,,,regular,2026-07-27T11:24:52.000519
2026-07-27,poniedzialek,kraków,Odyseja,Cinema City Kraków Zakopianka,17:30,,,regular,2026-07-27T11:24:52.000519
2026-07-27,poniedzialek,kraków,Odyseja,Cinema City Kraków Zakopianka,18:00,,,regular,2026-07-27T11:24:52.000519
2026-07-27,poniedzialek,kraków,Odyseja,Cinema City Kraków Zakopianka,19:30,,,regular,2026-07-27T11:24:52.000519
2026-07-27,poniedzialek,kraków,Odyseja,Cinema City Kraków Zakopianka,21:15,,,regular,2026-07-27T11:24:52.000519
2026-07-27,poniedzialek,kraków,Odyseja,Cinema City Kraków Zakopianka,21:45,,,regular,2026-07-27T11:24:52.000519
2026-07-27,poniedzialek,kraków,Odyseja,Kino Kijów w Krakowie,17:00,,,regular,2026-07-27T11:24:52.000519
2026-07-27,poniedzialek,kraków,Odyseja,Kino Kijów w Krakowie,19:30,,,regular,2026-07-27T11:24:52.000519
2026-07-27,poniedzialek,kraków,Odyseja,Kino Mikro w Galerii Bronowice w Krakowie,16:30,,,regular,2026-07-27T11:24:52.000519
2026-07-27,poniedzialek,kraków,Odyseja,Kino Mikro w Krakowie,18:00,,,regular,2026-07-27T11:24:52.000519
2026-07-27,poniedzialek,kraków,Odyseja,Kino Pod Baranami w Krakowie,11:45,,,regular,2026-07-27T11:24:52.000519
2026-07-27,poniedzialek,kraków,Odyseja,Kino Pod Baranami w Krakowie,13:45,,,regular,2026-07-27T11:24:52.000519
2026-07-27,poniedzialek,kraków,Odyseja,Kino Pod Baranami w Krakowie,17:00,,,regular,2026-07-27T11:24:52.000519
2026-07-27,poniedzialek,kraków,Odyseja,Kino Pod Baranami w Krakowie,20:30,,,regular,2026-07-27T11:24:52.000519
2026-07-27,poniedzialek,kraków,Odyseja,"Kino Pod Baranami w Małopolskim Ogrodzie Sztuki, czyli Barany w MOSie",14:55,,,regular,2026-07-27T11:24:52.000519
2026-07-27,poniedzialek,kraków,Odyseja,"Kino Pod Baranami w Małopolskim Ogrodzie Sztuki, czyli Barany w MOSie",18:00,,,regular,2026-07-27T11:24:52.000519
2026-07-27,poniedzialek,kraków,Odyseja,Multikino Kraków,10:00,,,regular,2026-07-27T11:24:52.000519
2026-07-27,poniedzialek,kraków,Odyseja,Multikino Kraków,13:40,,,regular,2026-07-27T11:24:52.000519
2026-07-27,poniedzialek,kraków,Odyseja,Multikino Kraków,17:20,,,regular,2026-07-27T11:24:52.000519
2026-07-27,poniedzialek,kraków,Odyseja,Multikino Kraków,19:00,,,regular,2026-07-27T11:24:52.000519
2026-07-27,poniedzialek,kraków,Odyseja,Multikino Kraków,21:00,,,regular,2026-07-27T11:24:52.000519
2026-07-27,poniedzialek,kraków,Odyseja / Одіссея (ukr.),Cinema City Kraków Bonarka,12:10,,,regular,2026-07-27T11:24:52.000519
2026-07-27,poniedzialek,kraków,Odyseja / Одіссея (ukr.),Cinema City Kraków Bonarka,19:00,,,regular,2026-07-27T11:24:52.000519
2026-07-27,poniedzialek,kraków,Odyseja / Одіссея (ukr.),Cinema City Kraków Galeria Kazimierz,16:30,,,regular,2026-07-27T11:24:52.000519
2026-07-27,poniedzialek,kraków,Odyseja / Одіссея (ukr.),Cinema City Kraków Galeria Kazimierz,20:10,,,regular,2026-07-27T11:24:52.000519
2026-07-27,poniedzialek,kraków,Odyseja / Одіссея (ukr.),Multikino Kraków,11:40,,,regular,2026-07-27T11:24:52.000519
2026-07-27,poniedzialek,kraków,Odyseja / Одіссея (ukr.),Multikino Kraków,15:20,,,regular,2026-07-27T11:24:52.000519
2026-07-27,poniedzialek,kraków,Odyseja / Одіссея (ukr.),Multikino Kraków,19:40,,,regular,2026-07-27T11:24:52.000519
2026-07-27,poniedzialek,kraków,Ojczyzna,Kino Kijów w Krakowie,18:45,,,regular,2026-07-27T11:24:52.000519
2026-07-27,poniedzialek,kraków,Ojczyzna,Kino Mikro w Galerii Bronowice w Krakowie,15:00,,,regular,2026-07-27T11:24:52.000519
2026-07-27,poniedzialek,kraków,Ojczyzna,Kino Mikro w Krakowie,14:30,,,regular,2026-07-27T11:24:52.000519
2026-07-27,poniedzialek,kraków,Ojczyzna,"Kino Pod Baranami w Małopolskim Ogrodzie Sztuki, czyli Barany w MOSie",13:00,,,regular,2026-07-27T11:24:52.000519
2026-07-27,poniedzialek,kraków,Ojczyzna,"Kino Pod Baranami w Małopolskim Ogrodzie Sztuki, czyli Barany w MOSie",17:15,,,regular,2026-07-27T11:24:52.000519
2026-07-27,poniedzialek,kraków,Oldboy,Kino Mikro w Krakowie,20:30,,,regular,2026-07-27T11:24:52.000519
2026-07-27,poniedzialek,kraków,Ostatni konsjerż,Multikino Kraków,20:00,,,regular,2026-07-27T11:24:52.000519
2026-07-27,poniedzialek,kraków,Ostatnia sesja w Paryżu,Kino Agrafka w Krakowie,21:30,,,regular,2026-07-27T11:24:52.000519
2026-07-27,poniedzialek,kraków,Państwo Rose,Kino Pod Baranami w Krakowie,15:15,,,regular,2026-07-27T11:24:52.000519
2026-07-27,poniedzialek,kraków,Poprzednie życie,"Kino Pod Baranami w Małopolskim Ogrodzie Sztuki, czyli Barany w MOSie",18:00,,,regular,2026-07-27T11:24:52.000519
2026-07-27,poniedzialek,kraków,Pucio,Cinema City Kraków Bonarka,10:10,,,regular,2026-07-27T11:24:52.000519
2026-07-27,poniedzialek,kraków,Pucio,Cinema City Kraków Bonarka,11:40,,,regular,2026-07-27T11:24:52.000519
2026-07-27,poniedzialek,kraków,Pucio,Multikino Kraków,10:30,,,regular,2026-07-27T11:24:52.000519
2026-07-27,poniedzialek,kraków,Pucio,Multikino Kraków,11:45,,,regular,2026-07-27T11:24:52.000519
2026-07-27,poniedzialek,kraków,Requiem dla snu,Cinema City Kraków Bonarka,20:50,,,regular,2026-07-27T11:24:52.000519
2026-07-27,poniedzialek,kraków,Requiem dla snu,Cinema City Kraków Galeria Kazimierz,19:40,,,regular,2026-07-27T11:24:52.000519
2026-07-27,poniedzialek,kraków,Requiem dla snu,Cinema City Kraków Galeria Kazimierz,22:00,,,regular,2026-07-27T11:24:52.000519
2026-07-27,poniedzialek,kraków,Requiem dla snu,Cinema City Kraków Zakopianka,18:20,,,regular,2026-07-27T11:24:52.000519
2026-07-27,poniedzialek,kraków,Requiem dla snu,Kino Agrafka w Krakowie,19:15,,,regular,2026-07-27T11:24:52.000519
2026-07-27,poniedzialek,kraków,Requiem dla snu,Kino Kijów w Krakowie,20:30,,,regular,2026-07-27T11:24:52.000519
2026-07-27,poniedzialek,kraków,Requiem dla snu,Kino Mikro w Krakowie,16:00,,,regular,2026-07-27T11:24:52.000519
2026-07-27,poniedzialek,kraków,Requiem dla snu,"Kino Pod Baranami w Małopolskim Ogrodzie Sztuki, czyli Barany w MOSie",19:00,,,regular,2026-07-27T11:24:52.000519
2026-07-27,poniedzialek,kraków,Smok Diplodok (dubbing),Kino Paradox w Krakowie,17:00,,dubbing,regular,2026-07-27T11:24:52.000519
2026-07-27,poniedzialek,kraków,Sny o miłości,"Kino Pod Baranami w Małopolskim Ogrodzie Sztuki, czyli Barany w MOSie",21:15,,,regular,2026-07-27T11:24:52.000519
2026-07-27,poniedzialek,kraków,Song Sung Blue,"Kino Pod Baranami w Małopolskim Ogrodzie Sztuki, czyli Barany w MOSie",20:15,,,regular,2026-07-27T11:24:52.000519
2026-07-27,poniedzialek,kraków,Spider-Man. Całkiem nowy dzień,Cinema City Kraków Bonarka,10:30,,,regular,2026-07-27T11:24:52.000519
2026-07-27,poniedzialek,kraków,Spider-Man. Całkiem nowy dzień,Cinema City Kraków Bonarka,13:40,,,regular,2026-07-27T11:24:52.000519
2026-07-27,poniedzialek,kraków,Spider-Man. Całkiem nowy dzień,Cinema City Kraków Bonarka,16:10,,,regular,2026-07-27T11:24:52.000519
2026-07-27,poniedzialek,kraków,Spider-Man. Całkiem nowy dzień,Cinema City Kraków Bonarka,16:50,,,regular,2026-07-27T11:24:52.000519
2026-07-27,poniedzialek,kraków,Spider-Man. Całkiem nowy dzień,Cinema City Kraków Bonarka,17:45,,,regular,2026-07-27T11:24:52.000519
2026-07-27,poniedzialek,kraków,Spider-Man. Całkiem nowy dzień,Cinema City Kraków Bonarka,19:00,,,regular,2026-07-27T11:24:52.000519
2026-07-27,poniedzialek,kraków,Spider-Man. Całkiem nowy dzień,Cinema City Kraków Bonarka,20:00,,,regular,2026-07-27T11:24:52.000519
2026-07-27,poniedzialek,kraków,Spider-Man. Całkiem nowy dzień,Cinema City Kraków Bonarka,20:20,,,regular,2026-07-27T11:24:52.000519
2026-07-27,poniedzialek,kraków,Spider-Man. Całkiem nowy dzień,Cinema City Kraków Bonarka,21:40,,,regular,2026-07-27T11:24:52.000519
2026-07-27,poniedzialek,kraków,Spider-Man. Całkiem nowy dzień,Cinema City Kraków Bonarka,21:50,,,regular,2026-07-27T11:24:52.000519
2026-07-27,poniedzialek,kraków,Spider-Man. Całkiem nowy dzień,Cinema City Kraków Galeria Kazimierz,10:30,,,regular,2026-07-27T11:24:52.000519
2026-07-27,poniedzialek,kraków,Spider-Man. Całkiem nowy dzień,Cinema City Kraków Galeria Kazimierz,13:40,,,regular,2026-07-27T11:24:52.000519
2026-07-27,poniedzialek,kraków,Spider-Man. Całkiem nowy dzień,Cinema City Kraków Galeria Kazimierz,16:50,,,regular,2026-07-27T11:24:52.000519
2026-07-27,poniedzialek,kraków,Spider-Man. Całkiem nowy dzień,Cinema City Kraków Galeria Kazimierz,20:00,,,regular,2026-07-27T11:24:52.000519
2026-07-27,poniedzialek,kraków,Spider-Man. Całkiem nowy dzień,Cinema City Kraków Galeria Kazimierz,21:40,,,regular,2026-07-27T11:24:52.000519
2026-07-27,poniedzialek,kraków,Spider-Man. Całkiem nowy dzień,Cinema City Kraków Zakopianka,11:00,,,regular,2026-07-27T11:24:52.000519
2026-07-27,poniedzialek,kraków,Spider-Man. Całkiem nowy dzień,Cinema City Kraków Zakopianka,14:10,,,regular,2026-07-27T11:24:52.000519
2026-07-27,poniedzialek,kraków,Spider-Man. Całkiem nowy dzień,Cinema City Kraków Zakopianka,17:20,,,regular,2026-07-27T11:24:52.000519
2026-07-27,poniedzialek,kraków,Spider-Man. Całkiem nowy dzień,Cinema City Kraków Zakopianka,20:30,,,regular,2026-07-27T11:24:52.000519
2026-07-27,poniedzialek,kraków,Spider-Man. Całkiem nowy dzień,Cinema City Kraków Zakopianka,22:10,,,regular,2026-07-27T11:24:52.000519
2026-07-27,poniedzialek,kraków,Spider-Man. Całkiem nowy dzień,Kino Kijów w Krakowie,20:30,,,regular,2026-07-27T11:24:52.000519
2026-07-27,poniedzialek,kraków,Spider-Man. Całkiem nowy dzień,"Kino Pod Baranami w Małopolskim Ogrodzie Sztuki, czyli Barany w MOSie",20:15,,,regular,2026-07-27T11:24:52.000519
2026-07-27,poniedzialek,kraków,Spider-Man. Całkiem nowy dzień,Multikino Kraków,11:30,,,regular,2026-07-27T11:24:52.000519
2026-07-27,poniedzialek,kraków,Spider-Man. Całkiem nowy dzień,Multikino Kraków,17:10,,,regular,2026-07-27T11:24:52.000519
2026-07-27,poniedzialek,kraków,Spider-Man. Całkiem nowy dzień,Multikino Kraków,20:30,,,regular,2026-07-27T11:24:52.000519
2026-07-27,poniedzialek,kraków,Spider-Man. Całkiem nowy dzień,Multikino Kraków,21:30,,,regular,2026-07-27T11:24:52.000519
2026-07-27,poniedzialek,kraków,Spider-Man. Całkiem nowy dzień (dubbing),Cinema City Kraków Bonarka,10:00,,dubbing,regular,2026-07-27T11:24:52.000519
2026-07-27,poniedzialek,kraków,Spider-Man. Całkiem nowy dzień (dubbing),Cinema City Kraków Bonarka,12:10,,dubbing,regular,2026-07-27T11:24:52.000519
2026-07-27,poniedzialek,kraków,Spider-Man. Całkiem nowy dzień (dubbing),Cinema City Kraków Bonarka,13:00,,dubbing,regular,2026-07-27T11:24:52.000519
2026-07-27,poniedzialek,kraków,Spider-Man. Całkiem nowy dzień (dubbing),Cinema City Kraków Bonarka,15:00,,dubbing,regular,2026-07-27T11:24:52.000519
2026-07-27,poniedzialek,kraków,Spider-Man. Całkiem nowy dzień (dubbing),Cinema City Kraków Bonarka,15:20,,dubbing,regular,2026-07-27T11:24:52.000519
2026-07-27,poniedzialek,kraków,Spider-Man. Całkiem nowy dzień (dubbing),Cinema City Kraków Bonarka,18:30,,dubbing,regular,2026-07-27T11:24:52.000519
2026-07-27,poniedzialek,kraków,Spider-Man. Całkiem nowy dzień (dubbing),Cinema City Kraków Bonarka,19:20,,dubbing,regular,2026-07-27T11:24:52.000519
2026-07-27,poniedzialek,kraków,Spider-Man. Całkiem nowy dzień (dubbing),Cinema City Kraków Galeria Kazimierz,12:10,,dubbing,regular,2026-07-27T11:24:52.000519
2026-07-27,poniedzialek,kraków,Spider-Man. Całkiem nowy dzień (dubbing),Cinema City Kraków Galeria Kazimierz,15:20,,dubbing,regular,2026-07-27T11:24:52.000519
2026-07-27,poniedzialek,kraków,Spider-Man. Całkiem nowy dzień (dubbing),Cinema City Kraków Galeria Kazimierz,18:30,,dubbing,regular,2026-07-27T11:24:52.000519
2026-07-27,poniedzialek,kraków,Spider-Man. Całkiem nowy dzień (dubbing),Cinema City Kraków Zakopianka,12:40,,dubbing,regular,2026-07-27T11:24:52.000519
2026-07-27,poniedzialek,kraków,Spider-Man. Całkiem nowy dzień (dubbing),Cinema City Kraków Zakopianka,15:50,,dubbing,regular,2026-07-27T11:24:52.000519
2026-07-27,poniedzialek,kraków,Spider-Man. Całkiem nowy dzień (dubbing),Cinema City Kraków Zakopianka,19:00,,dubbing,regular,2026-07-27T11:24:52.000519
2026-07-27,poniedzialek,kraków,Spider-Man. Całkiem nowy dzień (dubbing),Kino Kijów w Krakowie,12:00,,dubbing,regular,2026-07-27T11:24:52.000519
2026-07-27,poniedzialek,kraków,Spider-Man. Całkiem nowy dzień (dubbing),Multikino Kraków,10:30,,dubbing,regular,2026-07-27T11:24:52.000519
2026-07-27,poniedzialek,kraków,Spider-Man. Całkiem nowy dzień (dubbing),Multikino Kraków,14:50,,dubbing,regular,2026-07-27T11:24:52.000519
2026-07-27,poniedzialek,kraków,Spider-Man. Całkiem nowy dzień (dubbing),Multikino Kraków,18:10,,dubbing,regular,2026-07-27T11:24:52.000519
2026-07-27,poniedzialek,kraków,Spider-Man. Całkiem nowy dzień 3D,Cinema City Kraków Bonarka,18:00,3D,,regular,2026-07-27T11:24:52.000519
2026-07-27,poniedzialek,kraków,Spider-Man. Całkiem nowy dzień 3D,Cinema City Kraków Bonarka,20:50,3D,,regular,2026-07-27T11:24:52.000519
2026-07-27,poniedzialek,kraków,Spider-Man. Całkiem nowy dzień 3D,Cinema City Kraków Galeria Kazimierz,17:40,3D,,regular,2026-07-27T11:24:52.000519
2026-07-27,poniedzialek,kraków,Spider-Man. Całkiem nowy dzień 3D,Cinema City Kraków Zakopianka,18:00,3D,,regular,2026-07-27T11:24:52.000519
2026-07-27,poniedzialek,kraków,Spider-Man. Całkiem nowy dzień 3D (dubbing),Cinema City Kraków Bonarka,14:00,3D,dubbing,regular,2026-07-27T11:24:52.000519
2026-07-27,poniedzialek,kraków,Spider-Man. Całkiem nowy dzień 3D (dubbing),Cinema City Kraków Bonarka,14:50,3D,dubbing,regular,2026-07-27T11:24:52.000519
2026-07-27,poniedzialek,kraków,Spider-Man. Całkiem nowy dzień 3D (dubbing),Cinema City Kraków Galeria Kazimierz,14:30,3D,dubbing,regular,2026-07-27T11:24:52.000519
2026-07-27,poniedzialek,kraków,Spider-Man. Całkiem nowy dzień 3D (dubbing),Cinema City Kraków Zakopianka,11:40,3D,dubbing,regular,2026-07-27T11:24:52.000519
2026-07-27,poniedzialek,kraków,Spider-Man. Całkiem nowy dzień 3D (dubbing),Cinema City Kraków Zakopianka,14:50,3D,dubbing,regular,2026-07-27T11:24:52.000519
2026-07-27,poniedzialek,kraków,Spider-Man. Całkiem nowy dzień 3D (dubbing),Multikino Kraków,13:50,3D,dubbing,regular,2026-07-27T11:24:52.000519
2026-07-27,poniedzialek,kraków,Spragnieni miłości,"Kino Pod Baranami w Małopolskim Ogrodzie Sztuki, czyli Barany w MOSie",16:00,,,regular,2026-07-27T11:24:52.000519
2026-07-27,poniedzialek,kraków,Straszny film,Cinema City Kraków Zakopianka,22:20,,,regular,2026-07-27T11:24:52.000519
2026-07-27,poniedzialek,kraków,Super Mario Galaxy Film (dubbing),Cinema City Kraków Bonarka,10:40,,dubbing,regular,2026-07-27T11:24:52.000519
2026-07-27,poniedzialek,kraków,Super Mario Galaxy Film (dubbing),Cinema City Kraków Bonarka,13:00,,dubbing,regular,2026-07-27T11:24:52.000519
2026-07-27,poniedzialek,kraków,Śledząc,Kino Mikro w Krakowie,14:30,,,regular,2026-07-27T11:24:52.000519
2026-07-27,poniedzialek,kraków,Śledząc,Kino Pod Baranami w Krakowie,12:00,,,regular,2026-07-27T11:24:52.000519
2026-07-27,poniedzialek,kraków,Toy Story 5 (dubbing),Cinema City Kraków Bonarka,10:40,,dubbing,regular,2026-07-27T11:24:52.000519
2026-07-27,poniedzialek,kraków,Toy Story 5 (dubbing),Cinema City Kraków Bonarka,13:10,,dubbing,regular,2026-07-27T11:24:52.000519
2026-07-27,poniedzialek,kraków,Toy Story 5 (dubbing),Cinema City Kraków Bonarka,15:40,,dubbing,regular,2026-07-27T11:24:52.000519
2026-07-27,poniedzialek,kraków,Toy Story 5 (dubbing),Cinema City Kraków Bonarka,18:10,,dubbing,regular,2026-07-27T11:24:52.000519
2026-07-27,poniedzialek,kraków,Toy Story 5 (dubbing),Cinema City Kraków Galeria Kazimierz,14:00,,dubbing,regular,2026-07-27T11:24:52.000519
2026-07-27,poniedzialek,kraków,Toy Story 5 (dubbing),Cinema City Kraków Galeria Kazimierz,16:20,,dubbing,regular,2026-07-27T11:24:52.000519
2026-07-27,poniedzialek,kraków,Toy Story 5 (dubbing),Cinema City Kraków Galeria Kazimierz,18:40,,dubbing,regular,2026-07-27T11:24:52.000519
2026-07-27,poniedzialek,kraków,Toy Story 5 (dubbing),Cinema City Kraków Zakopianka,10:50,,dubbing,regular,2026-07-27T11:24:52.000519
2026-07-27,poniedzialek,kraków,Toy Story 5 (dubbing),Cinema City Kraków Zakopianka,13:20,,dubbing,regular,2026-07-27T11:24:52.000519
2026-07-27,poniedzialek,kraków,Toy Story 5 (dubbing),Cinema City Kraków Zakopianka,15:50,,dubbing,regular,2026-07-27T11:24:52.000519
2026-07-27,poniedzialek,kraków,Toy Story 5 (dubbing),Kino Kijów w Krakowie,11:00,,dubbing,regular,2026-07-27T11:24:52.000519
2026-07-27,poniedzialek,kraków,Toy Story 5 (dubbing),Kino Kijów w Krakowie,15:30,,dubbing,regular,2026-07-27T11:24:52.000519
2026-07-27,poniedzialek,kraków,Toy Story 5 (dubbing),Multikino Kraków,10:55,,dubbing,regular,2026-07-27T11:24:52.000519
2026-07-27,poniedzialek,kraków,Toy Story 5 (dubbing),Multikino Kraków,13:20,,dubbing,regular,2026-07-27T11:24:52.000519
2026-07-27,poniedzialek,kraków,Toy Story 5 (dubbing),Multikino Kraków,15:45,,dubbing,regular,2026-07-27T11:24:52.000519
2026-07-27,poniedzialek,kraków,Toy Story 5 (dubbing),Multikino Kraków,18:10,,dubbing,regular,2026-07-27T11:24:52.000519
2026-07-27,poniedzialek,kraków,Vaiana (dubbing),Cinema City Kraków Bonarka,10:00,,dubbing,regular,2026-07-27T11:24:52.000519
2026-07-27,poniedzialek,kraków,Vaiana (dubbing),Cinema City Kraków Bonarka,12:00,,dubbing,regular,2026-07-27T11:24:52.000519
2026-07-27,poniedzialek,kraków,Vaiana (dubbing),Cinema City Kraków Bonarka,12:40,,dubbing,regular,2026-07-27T11:24:52.000519
2026-07-27,poniedzialek,kraków,Vaiana (dubbing),Cinema City Kraków Bonarka,12:50,,dubbing,regular,2026-07-27T11:24:52.000519
2026-07-27,poniedzialek,kraków,Vaiana (dubbing),Cinema City Kraków Bonarka,15:15,,dubbing,regular,2026-07-27T11:24:52.000519
2026-07-27,poniedzialek,kraków,Vaiana (dubbing),Cinema City Kraków Galeria Kazimierz,11:30,,dubbing,regular,2026-07-27T11:24:52.000519
2026-07-27,poniedzialek,kraków,Vaiana (dubbing),Cinema City Kraków Galeria Kazimierz,14:20,,dubbing,regular,2026-07-27T11:24:52.000519
2026-07-27,poniedzialek,kraków,Vaiana (dubbing),Cinema City Kraków Galeria Kazimierz,17:00,,dubbing,regular,2026-07-27T11:24:52.000519
2026-07-27,poniedzialek,kraków,Vaiana (dubbing),Cinema City Kraków Zakopianka,10:00,,dubbing,regular,2026-07-27T11:24:52.000519
2026-07-27,poniedzialek,kraków,Vaiana (dubbing),Cinema City Kraków Zakopianka,11:10,,dubbing,regular,2026-07-27T11:24:52.000519
2026-07-27,poniedzialek,kraków,Vaiana (dubbing),Cinema City Kraków Zakopianka,13:50,,dubbing,regular,2026-07-27T11:24:52.000519
2026-07-27,poniedzialek,kraków,Vaiana (dubbing),Cinema City Kraków Zakopianka,16:30,,dubbing,regular,2026-07-27T11:24:52.000519
2026-07-27,poniedzialek,kraków,Vaiana (dubbing),Kino Kijów w Krakowie,10:30,,dubbing,regular,2026-07-27T11:24:52.000519
2026-07-27,poniedzialek,kraków,Vaiana (dubbing),Kino Kijów w Krakowie,13:00,,dubbing,regular,2026-07-27T11:24:52.000519
2026-07-27,poniedzialek,kraków,Vaiana (dubbing),Kino Kijów w Krakowie,14:45,,dubbing,regular,2026-07-27T11:24:52.000519
2026-07-27,poniedzialek,kraków,Vaiana (dubbing),Kino Kijów w Krakowie,17:45,,dubbing,regular,2026-07-27T11:24:52.000519
2026-07-27,poniedzialek,kraków,Vaiana (dubbing),Multikino Kraków,10:40,,dubbing,regular,2026-07-27T11:24:52.000519
2026-07-27,poniedzialek,kraków,Vaiana (dubbing),Multikino Kraków,12:05,,dubbing,regular,2026-07-27T11:24:52.000519
2026-07-27,poniedzialek,kraków,Vaiana (dubbing),Multikino Kraków,13:05,,dubbing,regular,2026-07-27T11:24:52.000519
2026-07-27,poniedzialek,kraków,Vaiana (dubbing),Multikino Kraków,14:45,,dubbing,regular,2026-07-27T11:24:52.000519
2026-07-27,poniedzialek,kraków,Vaiana (dubbing),Multikino Kraków,15:45,,dubbing,regular,2026-07-27T11:24:52.000519
2026-07-27,poniedzialek,kraków,Vaiana (dubbing),Multikino Kraków,18:25,,dubbing,regular,2026-07-27T11:24:52.000519
2026-07-27,poniedzialek,kraków,Wędrówka na północ,Cinema City Kraków Bonarka,15:20,,,regular,2026-07-27T11:24:52.000519
2026-07-27,poniedzialek,kraków,Wędrówka na północ,Kino Kijów w Krakowie,17:45,,,regular,2026-07-27T11:24:52.000519
2026-07-27,poniedzialek,kraków,Wichrowe Wzgórza,"Kino Pod Baranami w Małopolskim Ogrodzie Sztuki, czyli Barany w MOSie",13:15,,,regular,2026-07-27T11:24:52.000519
2026-07-27,poniedzialek,kraków,Willow i tajemniczy las (dubbing),Kino Mikro w Galerii Bronowice w Krakowie,13:20,,dubbing,regular,2026-07-27T11:24:52.000519
2026-07-27,poniedzialek,kraków,Wyschnięci (dubbing),Kino Kijów w Krakowie,10:45,,dubbing,regular,2026-07-27T11:24:52.000519
2026-07-27,poniedzialek,kraków,Wyschnięci (dubbing),Kino Kijów w Krakowie,13:15,,dubbing,regular,2026-07-27T11:24:52.000519
2026-07-27,poniedzialek,kraków,Wyschnięci (dubbing),Kino Kijów w Krakowie,17:00,,dubbing,regular,2026-07-27T11:24:52.000519
2026-07-27,poniedzialek,kraków,Wyschnięci (dubbing),Kino Mikro w Galerii Bronowice w Krakowie,12:00,,dubbing,regular,2026-07-27T11:24:52.000519
2026-07-27,poniedzialek,kraków,Zaproszenie,Cinema City Kraków Bonarka,17:30,,,regular,2026-07-27T11:24:52.000519
2026-07-27,poniedzialek,kraków,Zaproszenie,Cinema City Kraków Bonarka,22:30,,,regular,2026-07-27T11:24:52.000519
2026-07-27,poniedzialek,kraków,Zaproszenie,Cinema City Kraków Galeria Kazimierz,13:40,,,regular,2026-07-27T11:24:52.000519
2026-07-27,poniedzialek,kraków,Zaproszenie,Cinema City Kraków Galeria Kazimierz,21:20,,,regular,2026-07-27T11:24:52.000519
2026-07-27,poniedzialek,kraków,Zaproszenie,Cinema City Kraków Zakopianka,20:50,,,regular,2026-07-27T11:24:52.000519
2026-07-27,poniedzialek,kraków,Zaproszenie,Kino Agrafka w Krakowie,17:00,,,regular,2026-07-27T11:24:52.000519
2026-07-27,poniedzialek,kraków,Zaproszenie,Kino Kijów w Krakowie,20:15,,,regular,2026-07-27T11:24:52.000519
2026-07-27,poniedzialek,kraków,Zaproszenie,Kino Mikro w Krakowie,12:30,,,regular,2026-07-27T11:24:52.000519
2026-07-27,poniedzialek,kraków,Zaproszenie,"Kino Pod Baranami w Małopolskim Ogrodzie Sztuki, czyli Barany w MOSie",12:15,,,regular,2026-07-27T11:24:52.000519
2026-07-27,poniedzialek,kraków,Zaproszenie,"Kino Pod Baranami w Małopolskim Ogrodzie Sztuki, czyli Barany w MOSie",18:05,,,regular,2026-07-27T11:24:52.000519
2026-07-27,poniedzialek,kraków,Zaproszenie,Multikino Kraków,17:30,,,regular,2026-07-27T11:24:52.000519
2026-07-27,poniedzialek,kraków,Zaproszenie,Multikino Kraków,20:35,,,regular,2026-07-27T11:24:52.000519
2026-07-27,poniedzialek,kraków,Людина-павук: Абсолютно новий день / Spider-Man. Całkiem nowy dzień (ukr.),Cinema City Kraków Bonarka,15:50,,,regular,2026-07-27T11:24:52.000519
2026-07-27,poniedzialek,kraków,Людина-павук: Абсолютно новий день / Spider-Man. Całkiem nowy dzień (ukr.),Cinema City Kraków Galeria Kazimierz,10:20,,,regular,2026-07-27T11:24:52.000519
2026-07-27,poniedzialek,kraków,Людина-павук: Абсолютно новий день / Spider-Man. Całkiem nowy dzień (ukr.),Cinema City Kraków Galeria Kazimierz,16:00,,,regular,2026-07-27T11:24:52.000519
2026-07-27,poniedzialek,kraków,Людина-павук: Абсолютно новий день / Spider-Man. Całkiem nowy dzień (ukr.),Multikino Kraków,20:15,,,regular,2026-07-27T11:24:52.000519
2026-07-27,poniedzialek,kraków,Посіпаки і Монстряки / Minionki i straszydła (ukr.),Cinema City Kraków Bonarka,10:20,,,regular,2026-07-27T11:24:52.000519
2026-07-27,poniedzialek,wrocław,Backrooms. Bez wyjścia,Cinema City Wrocław Wroclavia,14:00,,,regular,2026-07-27T11:24:54.833008
2026-07-27,poniedzialek,wrocław,Backrooms. Bez wyjścia,Cinema City Wrocław Wroclavia,16:30,,,regular,2026-07-27T11:24:54.833008
2026-07-27,poniedzialek,wrocław,Backrooms. Bez wyjścia,Cinema City Wrocław Wroclavia,18:00,,,regular,2026-07-27T11:24:54.833008
2026-07-27,poniedzialek,wrocław,Backrooms. Bez wyjścia,Cinema City Wrocław Wroclavia,19:00,,,regular,2026-07-27T11:24:54.833008
2026-07-27,poniedzialek,wrocław,Backrooms. Bez wyjścia,Cinema City Wrocław Wroclavia,20:30,,,regular,2026-07-27T11:24:54.833008
2026-07-27,poniedzialek,wrocław,Backrooms. Bez wyjścia,Cinema City Wrocław Wroclavia,21:20,,,regular,2026-07-27T11:24:54.833008
2026-07-27,poniedzialek,wrocław,Backrooms. Bez wyjścia,Cinema City Wrocław Wroclavia,22:30,,,regular,2026-07-27T11:24:54.833008
2026-07-27,poniedzialek,wrocław,Backrooms. Bez wyjścia,Helios Wrocław Magnolia Park,13:40,,,regular,2026-07-27T11:24:54.833008
2026-07-27,poniedzialek,wrocław,Backrooms. Bez wyjścia,Multikino Pasaż Grunwaldzki,20:30,,,regular,2026-07-27T11:24:54.833008
2026-07-27,poniedzialek,wrocław,Dzień Objawienia,Cinema City Wrocław Wroclavia,18:30,,,regular,2026-07-27T11:24:54.833008
2026-07-27,poniedzialek,wrocław,Dzień Objawienia,Cinema City Wrocław Wroclavia,21:35,,,regular,2026-07-27T11:24:54.833008
2026-07-27,poniedzialek,wrocław,Ekipa zwierzaków,Helios Wrocław Magnolia Park,11:45,,,regular,2026-07-27T11:24:54.833008
2026-07-27,poniedzialek,wrocław,Ekipa zwierzaków,Helios Wrocław Magnolia Park,13:20,,,regular,2026-07-27T11:24:54.833008
2026-07-27,poniedzialek,wrocław,Ekipa zwierzaków,Helios Wrocław Magnolia Park,15:30,,,regular,2026-07-27T11:24:54.833008
2026-07-27,poniedzialek,wrocław,Ekipa zwierzaków,Helios Wrocław Magnolia Park,17:40,,,regular,2026-07-27T11:24:54.833008
2026-07-27,poniedzialek,wrocław,Ekipa zwierzaków (dubbing),Cinema City Wrocław Korona,10:30,,dubbing,regular,2026-07-27T11:24:54.833008
2026-07-27,poniedzialek,wrocław,Ekipa zwierzaków (dubbing),Cinema City Wrocław Korona,12:40,,dubbing,regular,2026-07-27T11:24:54.833008
2026-07-27,poniedzialek,wrocław,Ekipa zwierzaków (dubbing),Cinema City Wrocław Korona,14:50,,dubbing,regular,2026-07-27T11:24:54.833008
2026-07-27,poniedzialek,wrocław,Ekipa zwierzaków (dubbing),Cinema City Wrocław Korona,17:00,,dubbing,regular,2026-07-27T11:24:54.833008
2026-07-27,poniedzialek,wrocław,Ekipa zwierzaków (dubbing),Cinema City Wrocław Wroclavia,11:00,,dubbing,regular,2026-07-27T11:24:54.833008
2026-07-27,poniedzialek,wrocław,Ekipa zwierzaków (dubbing),Cinema City Wrocław Wroclavia,13:10,,dubbing,regular,2026-07-27T11:24:54.833008
2026-07-27,poniedzialek,wrocław,Ekipa zwierzaków (dubbing),Cinema City Wrocław Wroclavia,15:20,,dubbing,regular,2026-07-27T11:24:54.833008
2026-07-27,poniedzialek,wrocław,Ekipa zwierzaków (dubbing),Cinema City Wrocław Wroclavia,17:30,,dubbing,regular,2026-07-27T11:24:54.833008
2026-07-27,poniedzialek,wrocław,Ekipa zwierzaków (dubbing),Multikino Pasaż Grunwaldzki,11:45,,dubbing,regular,2026-07-27T11:24:54.833008
2026-07-27,poniedzialek,wrocław,Ekipa zwierzaków (dubbing),Multikino Pasaż Grunwaldzki,13:50,,dubbing,regular,2026-07-27T11:24:54.833008
2026-07-27,poniedzialek,wrocław,Ekipa zwierzaków (dubbing),Multikino Pasaż Grunwaldzki,16:00,,dubbing,regular,2026-07-27T11:24:54.833008
2026-07-27,poniedzialek,wrocław,Ekipa zwierzaków (dubbing),Multikino Pasaż Grunwaldzki,18:10,,dubbing,regular,2026-07-27T11:24:54.833008
2026-07-27,poniedzialek,wrocław,Felek i Tola ratują las,Helios Wrocław Magnolia Park,11:45,,,regular,2026-07-27T11:24:54.833008
2026-07-27,poniedzialek,wrocław,Ghost In the Shell,Cinema City Wrocław Wroclavia,16:20,,,regular,2026-07-27T11:24:54.833008
2026-07-27,poniedzialek,wrocław,Ghost In the Shell,Cinema City Wrocław Wroclavia,18:00,,,regular,2026-07-27T11:24:54.833008
2026-07-27,poniedzialek,wrocław,Ghost In the Shell,Cinema City Wrocław Wroclavia,20:00,,,regular,2026-07-27T11:24:54.833008
2026-07-27,poniedzialek,wrocław,Ghost In the Shell,Multikino Pasaż Grunwaldzki,21:35,,,regular,2026-07-27T11:24:54.833008
2026-07-27,poniedzialek,wrocław,Jej piekło,Cinema City Wrocław Wroclavia,19:40,,,regular,2026-07-27T11:24:54.833008
2026-07-27,poniedzialek,wrocław,Jej piekło,Cinema City Wrocław Wroclavia,22:10,,,regular,2026-07-27T11:24:54.833008
2026-07-27,poniedzialek,wrocław,Jej piekło,Multikino Pasaż Grunwaldzki,20:10,,,regular,2026-07-27T11:24:54.833008
2026-07-27,poniedzialek,wrocław,Kronika wypadków miłosnych,Kino Popiół i Diament we Wrocławiu,18:00,,,regular,2026-07-27T11:24:54.833008
2026-07-27,poniedzialek,wrocław,Martwe zło: Ogień,Cinema City Wrocław Korona,21:40,,,regular,2026-07-27T11:24:54.833008
2026-07-27,poniedzialek,wrocław,Martwe zło: Ogień,Cinema City Wrocław Wroclavia,22:00,,,regular,2026-07-27T11:24:54.833008
2026-07-27,poniedzialek,wrocław,Martwe zło: Ogień,Helios Wrocław Magnolia Park,18:40,,,regular,2026-07-27T11:24:54.833008
2026-07-27,poniedzialek,wrocław,Martwe zło: Ogień,Helios Wrocław Magnolia Park,21:20,,,regular,2026-07-27T11:24:54.833008
2026-07-27,poniedzialek,wrocław,Martwe zło: Ogień,Multikino Pasaż Grunwaldzki,14:55,,,regular,2026-07-27T11:24:54.833008
2026-07-27,poniedzialek,wrocław,Martwe zło: Ogień,Multikino Pasaż Grunwaldzki,20:20,,,regular,2026-07-27T11:24:54.833008
2026-07-27,poniedzialek,wrocław,Minionki i straszydła (dubbing),Cinema City Wrocław Korona,10:00,,dubbing,regular,2026-07-27T11:24:54.833008
2026-07-27,poniedzialek,wrocław,Minionki i straszydła (dubbing),Cinema City Wrocław Korona,12:10,,dubbing,regular,2026-07-27T11:24:54.833008
2026-07-27,poniedzialek,wrocław,Minionki i straszydła (dubbing),Cinema City Wrocław Korona,14:20,,dubbing,regular,2026-07-27T11:24:54.833008
2026-07-27,poniedzialek,wrocław,Minionki i straszydła (dubbing),Cinema City Wrocław Korona,16:30,,dubbing,regular,2026-07-27T11:24:54.833008
2026-07-27,poniedzialek,wrocław,Minionki i straszydła (dubbing),Cinema City Wrocław Korona,18:40,,dubbing,regular,2026-07-27T11:24:54.833008
2026-07-27,poniedzialek,wrocław,Minionki i straszydła (dubbing),Cinema City Wrocław Wroclavia,10:00,,dubbing,regular,2026-07-27T11:24:54.833008
2026-07-27,poniedzialek,wrocław,Minionki i straszydła (dubbing),Cinema City Wrocław Wroclavia,12:40,,dubbing,regular,2026-07-27T11:24:54.833008
2026-07-27,poniedzialek,wrocław,Minionki i straszydła (dubbing),Cinema City Wrocław Wroclavia,14:50,,dubbing,regular,2026-07-27T11:24:54.833008
2026-07-27,poniedzialek,wrocław,Minionki i straszydła (dubbing),Cinema City Wrocław Wroclavia,15:30,,dubbing,regular,2026-07-27T11:24:54.833008
2026-07-27,poniedzialek,wrocław,Minionki i straszydła (dubbing),Cinema City Wrocław Wroclavia,17:00,,dubbing,regular,2026-07-27T11:24:54.833008
2026-07-27,poniedzialek,wrocław,Minionki i straszydła (dubbing),Cinema City Wrocław Wroclavia,19:10,,dubbing,regular,2026-07-27T11:24:54.833008
2026-07-27,poniedzialek,wrocław,Minionki i straszydła (dubbing),Helios Wrocław Magnolia Park,10:50,,dubbing,regular,2026-07-27T11:24:54.833008
2026-07-27,poniedzialek,wrocław,Minionki i straszydła (dubbing),Helios Wrocław Magnolia Park,12:20,,dubbing,regular,2026-07-27T11:24:54.833008
2026-07-27,poniedzialek,wrocław,Minionki i straszydła (dubbing),Helios Wrocław Magnolia Park,14:40,,dubbing,regular,2026-07-27T11:24:54.833008
2026-07-27,poniedzialek,wrocław,Minionki i straszydła (dubbing),Helios Wrocław Magnolia Park,16:00,,dubbing,regular,2026-07-27T11:24:54.833008
2026-07-27,poniedzialek,wrocław,Minionki i straszydła (dubbing),Helios Wrocław Magnolia Park,17:00,,dubbing,regular,2026-07-27T11:24:54.833008
2026-07-27,poniedzialek,wrocław,Minionki i straszydła (dubbing),Helios Wrocław Magnolia Park,18:15,,dubbing,regular,2026-07-27T11:24:54.833008
2026-07-27,poniedzialek,wrocław,Minionki i straszydła (dubbing),Multikino Pasaż Grunwaldzki,10:10,,dubbing,regular,2026-07-27T11:24:54.833008
2026-07-27,poniedzialek,wrocław,Minionki i straszydła (dubbing),Multikino Pasaż Grunwaldzki,11:45,,dubbing,regular,2026-07-27T11:24:54.833008
2026-07-27,poniedzialek,wrocław,Minionki i straszydła (dubbing),Multikino Pasaż Grunwaldzki,13:15,,dubbing,regular,2026-07-27T11:24:54.833008
2026-07-27,poniedzialek,wrocław,Minionki i straszydła (dubbing),Multikino Pasaż Grunwaldzki,14:00,,dubbing,regular,2026-07-27T11:24:54.833008
2026-07-27,poniedzialek,wrocław,Minionki i straszydła (dubbing),Multikino Pasaż Grunwaldzki,16:10,,dubbing,regular,2026-07-27T11:24:54.833008
2026-07-27,poniedzialek,wrocław,Minionki i straszydła (dubbing),Multikino Pasaż Grunwaldzki,18:20,,dubbing,regular,2026-07-27T11:24:54.833008
2026-07-27,poniedzialek,wrocław,Niesamowite przygody skarpetek 3. Ale kosmos!,Cinema City Wrocław Korona,10:50,,,regular,2026-07-27T11:24:54.833008
2026-07-27,poniedzialek,wrocław,O czym sobie nie mówimy,Multikino Pasaż Grunwaldzki,10:35,,,regular,2026-07-27T11:24:54.833008
2026-07-27,poniedzialek,wrocław,Obsesja,Cinema City Wrocław Korona,22:10,,,regular,2026-07-27T11:24:54.833008
2026-07-27,poniedzialek,wrocław,Obsesja,Cinema City Wrocław Wroclavia,14:10,,,regular,2026-07-27T11:24:54.833008
2026-07-27,poniedzialek,wrocław,Obsesja,Multikino Pasaż Grunwaldzki,17:30,,,regular,2026-07-27T11:24:54.833008
2026-07-27,poniedzialek,wrocław,Odyseja,Cinema City Wrocław Korona,10:30,,,regular,2026-07-27T11:24:54.833008
2026-07-27,poniedzialek,wrocław,Odyseja,Cinema City Wrocław Korona,12:00,,,regular,2026-07-27T11:24:54.833008
2026-07-27,poniedzialek,wrocław,Odyseja,Cinema City Wrocław Korona,14:15,,,regular,2026-07-27T11:24:54.833008
2026-07-27,poniedzialek,wrocław,Odyseja,Cinema City Wrocław Korona,15:45,,,regular,2026-07-27T11:24:54.833008
2026-07-27,poniedzialek,wrocław,Odyseja,Cinema City Wrocław Korona,18:00,,,regular,2026-07-27T11:24:54.833008
2026-07-27,poniedzialek,wrocław,Odyseja,Cinema City Wrocław Korona,19:30,,,regular,2026-07-27T11:24:54.833008
2026-07-27,poniedzialek,wrocław,Odyseja,Cinema City Wrocław Korona,20:50,,,regular,2026-07-27T11:24:54.833008
2026-07-27,poniedzialek,wrocław,Odyseja,Cinema City Wrocław Korona,21:45,,,regular,2026-07-27T11:24:54.833008
2026-07-27,poniedzialek,wrocław,Odyseja,Cinema City Wrocław Wroclavia,10:00,,,regular,2026-07-27T11:24:54.833008
2026-07-27,poniedzialek,wrocław,Odyseja,Cinema City Wrocław Wroclavia,10:15,,,regular,2026-07-27T11:24:54.833008
2026-07-27,poniedzialek,wrocław,Odyseja,Cinema City Wrocław Wroclavia,11:30,,,regular,2026-07-27T11:24:54.833008
2026-07-27,poniedzialek,wrocław,Odyseja,Cinema City Wrocław Wroclavia,12:10,,,regular,2026-07-27T11:24:54.833008
2026-07-27,poniedzialek,wrocław,Odyseja,Cinema City Wrocław Wroclavia,12:15,,,regular,2026-07-27T11:24:54.833008
2026-07-27,poniedzialek,wrocław,Odyseja,Cinema City Wrocław Wroclavia,12:45,,,regular,2026-07-27T11:24:54.833008
2026-07-27,poniedzialek,wrocław,Odyseja,Cinema City Wrocław Wroclavia,14:00,,,regular,2026-07-27T11:24:54.833008
2026-07-27,poniedzialek,wrocław,Odyseja,Cinema City Wrocław Wroclavia,15:15,,,regular,2026-07-27T11:24:54.833008
2026-07-27,poniedzialek,wrocław,Odyseja,Cinema City Wrocław Wroclavia,16:00,,,regular,2026-07-27T11:24:54.833008
2026-07-27,poniedzialek,wrocław,Odyseja,Cinema City Wrocław Wroclavia,17:10,,,regular,2026-07-27T11:24:54.833008
2026-07-27,poniedzialek,wrocław,Odyseja,Cinema City Wrocław Wroclavia,17:40,,,regular,2026-07-27T11:24:54.833008
2026-07-27,poniedzialek,wrocław,Odyseja,Cinema City Wrocław Wroclavia,17:45,,,regular,2026-07-27T11:24:54.833008
2026-07-27,poniedzialek,wrocław,Odyseja,Cinema City Wrocław Wroclavia,19:00,,,regular,2026-07-27T11:24:54.833008
2026-07-27,poniedzialek,wrocław,Odyseja,Cinema City Wrocław Wroclavia,19:30,,,regular,2026-07-27T11:24:54.833008
2026-07-27,poniedzialek,wrocław,Odyseja,Cinema City Wrocław Wroclavia,21:20,,,regular,2026-07-27T11:24:54.833008
2026-07-27,poniedzialek,wrocław,Odyseja,Cinema City Wrocław Wroclavia,21:30,,,regular,2026-07-27T11:24:54.833008
2026-07-27,poniedzialek,wrocław,Odyseja,Cinema City Wrocław Wroclavia IMAX,10:30,,,regular,2026-07-27T11:24:54.833008
2026-07-27,poniedzialek,wrocław,Odyseja,Cinema City Wrocław Wroclavia IMAX,14:15,,,regular,2026-07-27T11:24:54.833008
2026-07-27,poniedzialek,wrocław,Odyseja,Cinema City Wrocław Wroclavia IMAX,18:00,,,regular,2026-07-27T11:24:54.833008
2026-07-27,poniedzialek,wrocław,Odyseja,Cinema City Wrocław Wroclavia IMAX,21:45,,,regular,2026-07-27T11:24:54.833008
2026-07-27,poniedzialek,wrocław,Odyseja,Helios Wrocław Magnolia Park,14:30,,,regular,2026-07-27T11:24:54.833008
2026-07-27,poniedzialek,wrocław,Odyseja,Helios Wrocław Magnolia Park,16:20,,,regular,2026-07-27T11:24:54.833008
2026-07-27,poniedzialek,wrocław,Odyseja,Helios Wrocław Magnolia Park,19:15,,,regular,2026-07-27T11:24:54.833008
2026-07-27,poniedzialek,wrocław,Odyseja,Helios Wrocław Magnolia Park,20:30,,,regular,2026-07-27T11:24:54.833008
2026-07-27,poniedzialek,wrocław,Odyseja,Multikino Pasaż Grunwaldzki,10:40,,,regular,2026-07-27T11:24:54.833008
2026-07-27,poniedzialek,wrocław,Odyseja,Multikino Pasaż Grunwaldzki,12:25,,,regular,2026-07-27T11:24:54.833008
2026-07-27,poniedzialek,wrocław,Odyseja,Multikino Pasaż Grunwaldzki,14:20,,,regular,2026-07-27T11:24:54.833008
2026-07-27,poniedzialek,wrocław,Odyseja,Multikino Pasaż Grunwaldzki,16:05,,,regular,2026-07-27T11:24:54.833008
2026-07-27,poniedzialek,wrocław,Odyseja,Multikino Pasaż Grunwaldzki,18:00,,,regular,2026-07-27T11:24:54.833008
2026-07-27,poniedzialek,wrocław,Odyseja,Multikino Pasaż Grunwaldzki,19:45,,,regular,2026-07-27T11:24:54.833008
2026-07-27,poniedzialek,wrocław,Odyseja / Одіссея (ukr.),Cinema City Wrocław Wroclavia,19:10,,,regular,2026-07-27T11:24:54.833008
2026-07-27,poniedzialek,wrocław,Odyseja / Одіссея (ukr.),Multikino Pasaż Grunwaldzki,15:25,,,regular,2026-07-27T11:24:54.833008
2026-07-27,poniedzialek,wrocław,Odyseja / Одіссея (ukr.),Multikino Pasaż Grunwaldzki,19:00,,,regular,2026-07-27T11:24:54.833008
2026-07-27,poniedzialek,wrocław,Ostatni konsjerż,Multikino Pasaż Grunwaldzki,20:00,,,regular,2026-07-27T11:24:54.833008
2026-07-27,poniedzialek,wrocław,Pucio,Multikino Pasaż Grunwaldzki,10:00,,,regular,2026-07-27T11:24:54.833008
2026-07-27,poniedzialek,wrocław,Pucio,Multikino Pasaż Grunwaldzki,11:10,,,regular,2026-07-27T11:24:54.833008
2026-07-27,poniedzialek,wrocław,Requiem dla snu,Cinema City Wrocław Korona,19:10,,,regular,2026-07-27T11:24:54.833008
2026-07-27,poniedzialek,wrocław,Requiem dla snu,Cinema City Wrocław Wroclavia,19:15,,,regular,2026-07-27T11:24:54.833008
2026-07-27,poniedzialek,wrocław,Robin Hood: Koniec legendy,Cinema City Wrocław Wroclavia,19:30,,,regular,2026-07-27T11:24:54.833008
2026-07-27,poniedzialek,wrocław,Robin Hood: Koniec legendy,Cinema City Wrocław Wroclavia,22:10,,,regular,2026-07-27T11:24:54.833008
2026-07-27,poniedzialek,wrocław,Spider-Man. Całkiem nowy dzień,Cinema City Wrocław Korona,11:00,,,regular,2026-07-27T11:24:54.833008
2026-07-27,poniedzialek,wrocław,Spider-Man. Całkiem nowy dzień,Cinema City Wrocław Korona,13:40,,,regular,2026-07-27T11:24:54.833008
2026-07-27,poniedzialek,wrocław,Spider-Man. Całkiem nowy dzień,Cinema City Wrocław Korona,14:10,,,regular,2026-07-27T11:24:54.833008
2026-07-27,poniedzialek,wrocław,Spider-Man. Całkiem nowy dzień,Cinema City Wrocław Korona,17:20,,,regular,2026-07-27T11:24:54.833008
2026-07-27,poniedzialek,wrocław,Spider-Man. Całkiem nowy dzień,Cinema City Wrocław Korona,20:00,,,regular,2026-07-27T11:24:54.833008
2026-07-27,poniedzialek,wrocław,Spider-Man. Całkiem nowy dzień,Cinema City Wrocław Korona,20:30,,,regular,2026-07-27T11:24:54.833008
2026-07-27,poniedzialek,wrocław,Spider-Man. Całkiem nowy dzień,Cinema City Wrocław Korona,21:20,,,regular,2026-07-27T11:24:54.833008
2026-07-27,poniedzialek,wrocław,Spider-Man. Całkiem nowy dzień,Cinema City Wrocław Wroclavia,10:30,,,regular,2026-07-27T11:24:54.833008
2026-07-27,poniedzialek,wrocław,Spider-Man. Całkiem nowy dzień,Cinema City Wrocław Wroclavia,13:40,,,regular,2026-07-27T11:24:54.833008
2026-07-27,poniedzialek,wrocław,Spider-Man. Całkiem nowy dzień,Cinema City Wrocław Wroclavia,16:10,,,regular,2026-07-27T11:24:54.833008
2026-07-27,poniedzialek,wrocław,Spider-Man. Całkiem nowy dzień,Cinema City Wrocław Wroclavia,16:50,,,regular,2026-07-27T11:24:54.833008
2026-07-27,poniedzialek,wrocław,Spider-Man. Całkiem nowy dzień,Cinema City Wrocław Wroclavia,19:20,,,regular,2026-07-27T11:24:54.833008
2026-07-27,poniedzialek,wrocław,Spider-Man. Całkiem nowy dzień,Cinema City Wrocław Wroclavia,20:00,,,regular,2026-07-27T11:24:54.833008
2026-07-27,poniedzialek,wrocław,Spider-Man. Całkiem nowy dzień,Cinema City Wrocław Wroclavia,20:50,,,regular,2026-07-27T11:24:54.833008
2026-07-27,poniedzialek,wrocław,Spider-Man. Całkiem nowy dzień,Cinema City Wrocław Wroclavia,21:40,,,regular,2026-07-27T11:24:54.833008
2026-07-27,poniedzialek,wrocław,Spider-Man. Całkiem nowy dzień,Helios Wrocław Magnolia Park,10:20,,,regular,2026-07-27T11:24:54.833008
2026-07-27,poniedzialek,wrocław,Spider-Man. Całkiem nowy dzień,Helios Wrocław Magnolia Park,11:30,,,regular,2026-07-27T11:24:54.833008
2026-07-27,poniedzialek,wrocław,Spider-Man. Całkiem nowy dzień,Helios Wrocław Magnolia Park,13:15,,,regular,2026-07-27T11:24:54.833008
2026-07-27,poniedzialek,wrocław,Spider-Man. Całkiem nowy dzień,Helios Wrocław Magnolia Park,18:00,,,regular,2026-07-27T11:24:54.833008
2026-07-27,poniedzialek,wrocław,Spider-Man. Całkiem nowy dzień,Helios Wrocław Magnolia Park,20:00,,,regular,2026-07-27T11:24:54.833008
2026-07-27,poniedzialek,wrocław,Spider-Man. Całkiem nowy dzień,Helios Wrocław Magnolia Park,21:10,,,regular,2026-07-27T11:24:54.833008
2026-07-27,poniedzialek,wrocław,Spider-Man. Całkiem nowy dzień,Multikino Pasaż Grunwaldzki,10:30,,,regular,2026-07-27T11:24:54.833008
2026-07-27,poniedzialek,wrocław,Spider-Man. Całkiem nowy dzień,Multikino Pasaż Grunwaldzki,13:50,,,regular,2026-07-27T11:24:54.833008
2026-07-27,poniedzialek,wrocław,Spider-Man. Całkiem nowy dzień,Multikino Pasaż Grunwaldzki,17:10,,,regular,2026-07-27T11:24:54.833008
2026-07-27,poniedzialek,wrocław,Spider-Man. Całkiem nowy dzień,Multikino Pasaż Grunwaldzki,18:10,,,regular,2026-07-27T11:24:54.833008
2026-07-27,poniedzialek,wrocław,Spider-Man. Całkiem nowy dzień,Multikino Pasaż Grunwaldzki,20:30,,,regular,2026-07-27T11:24:54.833008
2026-07-27,poniedzialek,wrocław,Spider-Man. Całkiem nowy dzień,Multikino Pasaż Grunwaldzki,21:30,,,regular,2026-07-27T11:24:54.833008
2026-07-27,poniedzialek,wrocław,Spider-Man. Całkiem nowy dzień (dubbing),Cinema City Wrocław Korona,10:30,,dubbing,regular,2026-07-27T11:24:54.833008
2026-07-27,poniedzialek,wrocław,Spider-Man. Całkiem nowy dzień (dubbing),Cinema City Wrocław Korona,12:40,,dubbing,regular,2026-07-27T11:24:54.833008
2026-07-27,poniedzialek,wrocław,Spider-Man. Całkiem nowy dzień (dubbing),Cinema City Wrocław Korona,15:50,,dubbing,regular,2026-07-27T11:24:54.833008
2026-07-27,poniedzialek,wrocław,Spider-Man. Całkiem nowy dzień (dubbing),Cinema City Wrocław Korona,16:50,,dubbing,regular,2026-07-27T11:24:54.833008
2026-07-27,poniedzialek,wrocław,Spider-Man. Całkiem nowy dzień (dubbing),Cinema City Wrocław Korona,19:00,,dubbing,regular,2026-07-27T11:24:54.833008
2026-07-27,poniedzialek,wrocław,Spider-Man. Całkiem nowy dzień (dubbing),Cinema City Wrocław Wroclavia,12:10,,dubbing,regular,2026-07-27T11:24:54.833008
2026-07-27,poniedzialek,wrocław,Spider-Man. Całkiem nowy dzień (dubbing),Cinema City Wrocław Wroclavia,13:00,,dubbing,regular,2026-07-27T11:24:54.833008
2026-07-27,poniedzialek,wrocław,Spider-Man. Całkiem nowy dzień (dubbing),Cinema City Wrocław Wroclavia,14:00,,dubbing,regular,2026-07-27T11:24:54.833008
2026-07-27,poniedzialek,wrocław,Spider-Man. Całkiem nowy dzień (dubbing),Cinema City Wrocław Wroclavia,15:20,,dubbing,regular,2026-07-27T11:24:54.833008
2026-07-27,poniedzialek,wrocław,Spider-Man. Całkiem nowy dzień (dubbing),Cinema City Wrocław Wroclavia,18:30,,dubbing,regular,2026-07-27T11:24:54.833008
2026-07-27,poniedzialek,wrocław,Spider-Man. Całkiem nowy dzień (dubbing),Multikino Pasaż Grunwaldzki,14:50,,dubbing,regular,2026-07-27T11:24:54.833008
2026-07-27,poniedzialek,wrocław,Spider-Man. Całkiem nowy dzień 3D,Cinema City Wrocław Korona,18:10,3D,,regular,2026-07-27T11:24:54.833008
2026-07-27,poniedzialek,wrocław,Spider-Man. Całkiem nowy dzień 3D,Cinema City Wrocław Wroclavia,18:00,3D,,regular,2026-07-27T11:24:54.833008
2026-07-27,poniedzialek,wrocław,Spider-Man. Całkiem nowy dzień 3D (dubbing),Cinema City Wrocław Korona,15:00,3D,dubbing,regular,2026-07-27T11:24:54.833008
2026-07-27,poniedzialek,wrocław,Spider-Man. Całkiem nowy dzień 3D (dubbing),Cinema City Wrocław Wroclavia,14:50,3D,dubbing,regular,2026-07-27T11:24:54.833008
2026-07-27,poniedzialek,wrocław,Spider-Man. Całkiem nowy dzień 3D (dubbing),Multikino Pasaż Grunwaldzki,11:30,3D,dubbing,regular,2026-07-27T11:24:54.833008
2026-07-27,poniedzialek,wrocław,Straszny film,Cinema City Wrocław Wroclavia,21:10,,,regular,2026-07-27T11:24:54.833008
2026-07-27,poniedzialek,wrocław,Supergirl (dubbing),Cinema City Wrocław Wroclavia,10:10,,dubbing,regular,2026-07-27T11:24:54.833008
2026-07-27,poniedzialek,wrocław,Takie jest życie,Cinema City Wrocław Wroclavia,11:15,,,regular,2026-07-27T11:24:54.833008
2026-07-27,poniedzialek,wrocław,Takie jest życie,Cinema City Wrocław Wroclavia,16:50,,,regular,2026-07-27T11:24:54.833008
2026-07-27,poniedzialek,wrocław,Toy Story 5 (dubbing),Cinema City Wrocław Korona,10:00,,dubbing,regular,2026-07-27T11:24:54.833008
2026-07-27,poniedzialek,wrocław,Toy Story 5 (dubbing),Cinema City Wrocław Korona,12:30,,dubbing,regular,2026-07-27T11:24:54.833008
2026-07-27,poniedzialek,wrocław,Toy Story 5 (dubbing),Cinema City Wrocław Korona,15:30,,dubbing,regular,2026-07-27T11:24:54.833008
2026-07-27,poniedzialek,wrocław,Toy Story 5 (dubbing),Cinema City Wrocław Wroclavia,10:30,,dubbing,regular,2026-07-27T11:24:54.833008
2026-07-27,poniedzialek,wrocław,Toy Story 5 (dubbing),Cinema City Wrocław Wroclavia,13:00,,dubbing,regular,2026-07-27T11:24:54.833008
2026-07-27,poniedzialek,wrocław,Toy Story 5 (dubbing),Cinema City Wrocław Wroclavia,15:30,,dubbing,regular,2026-07-27T11:24:54.833008
2026-07-27,poniedzialek,wrocław,Toy Story 5 (dubbing),Helios Wrocław Magnolia Park,10:00,,dubbing,regular,2026-07-27T11:24:54.833008
2026-07-27,poniedzialek,wrocław,Toy Story 5 (dubbing),Helios Wrocław Magnolia Park,13:30,,dubbing,regular,2026-07-27T11:24:54.833008
2026-07-27,poniedzialek,wrocław,Toy Story 5 (dubbing),Helios Wrocław Magnolia Park,16:15,,dubbing,regular,2026-07-27T11:24:54.833008
2026-07-27,poniedzialek,wrocław,Toy Story 5 (dubbing),Multikino Pasaż Grunwaldzki,10:00,,dubbing,regular,2026-07-27T11:24:54.833008
2026-07-27,poniedzialek,wrocław,Toy Story 5 (dubbing),Multikino Pasaż Grunwaldzki,12:30,,dubbing,regular,2026-07-27T11:24:54.833008
2026-07-27,poniedzialek,wrocław,Toy Story 5 (dubbing),Multikino Pasaż Grunwaldzki,15:00,,dubbing,regular,2026-07-27T11:24:54.833008
2026-07-27,poniedzialek,wrocław,Vaiana,Helios Wrocław Magnolia Park,10:30,,,regular,2026-07-27T11:24:54.833008
2026-07-27,poniedzialek,wrocław,Vaiana,Helios Wrocław Magnolia Park,13:00,,,regular,2026-07-27T11:24:54.833008
2026-07-27,poniedzialek,wrocław,Vaiana,Helios Wrocław Magnolia Park,15:45,,,regular,2026-07-27T11:24:54.833008
2026-07-27,poniedzialek,wrocław,Vaiana,Helios Wrocław Magnolia Park,18:30,,,regular,2026-07-27T11:24:54.833008
2026-07-27,poniedzialek,wrocław,Vaiana (dubbing),Cinema City Wrocław Korona,10:10,,dubbing,regular,2026-07-27T11:24:54.833008
2026-07-27,poniedzialek,wrocław,Vaiana (dubbing),Cinema City Wrocław Korona,12:50,,dubbing,regular,2026-07-27T11:24:54.833008
2026-07-27,poniedzialek,wrocław,Vaiana (dubbing),Cinema City Wrocław Korona,17:50,,dubbing,regular,2026-07-27T11:24:54.833008
2026-07-27,poniedzialek,wrocław,Vaiana (dubbing),Cinema City Wrocław Wroclavia,10:10,,dubbing,regular,2026-07-27T11:24:54.833008
2026-07-27,poniedzialek,wrocław,Vaiana (dubbing),Cinema City Wrocław Wroclavia,11:10,,dubbing,regular,2026-07-27T11:24:54.833008
2026-07-27,poniedzialek,wrocław,Vaiana (dubbing),Cinema City Wrocław Wroclavia,12:45,,dubbing,regular,2026-07-27T11:24:54.833008
2026-07-27,poniedzialek,wrocław,Vaiana (dubbing),Cinema City Wrocław Wroclavia,12:50,,dubbing,regular,2026-07-27T11:24:54.833008
2026-07-27,poniedzialek,wrocław,Vaiana (dubbing),Cinema City Wrocław Wroclavia,13:50,,dubbing,regular,2026-07-27T11:24:54.833008
2026-07-27,poniedzialek,wrocław,Vaiana (dubbing),Cinema City Wrocław Wroclavia,15:30,,dubbing,regular,2026-07-27T11:24:54.833008
2026-07-27,poniedzialek,wrocław,Vaiana (dubbing),Cinema City Wrocław Wroclavia,16:30,,dubbing,regular,2026-07-27T11:24:54.833008
2026-07-27,poniedzialek,wrocław,Vaiana (dubbing),Multikino Pasaż Grunwaldzki,10:35,,dubbing,regular,2026-07-27T11:24:54.833008
2026-07-27,poniedzialek,wrocław,Vaiana (dubbing),Multikino Pasaż Grunwaldzki,13:20,,dubbing,regular,2026-07-27T11:24:54.833008
2026-07-27,poniedzialek,wrocław,Vaiana (dubbing),Multikino Pasaż Grunwaldzki,17:30,,dubbing,regular,2026-07-27T11:24:54.833008
2026-07-27,poniedzialek,wrocław,Wędrówka na północ,Cinema City Wrocław Wroclavia,11:00,,,regular,2026-07-27T11:24:54.833008
2026-07-27,poniedzialek,wrocław,Zaproszenie,Cinema City Wrocław Korona,20:40,,,regular,2026-07-27T11:24:54.833008
2026-07-27,poniedzialek,wrocław,Zaproszenie,Cinema City Wrocław Wroclavia,12:10,,,regular,2026-07-27T11:24:54.833008
2026-07-27,poniedzialek,wrocław,Zaproszenie,Cinema City Wrocław Wroclavia,15:40,,,regular,2026-07-27T11:24:54.833008
2026-07-27,poniedzialek,wrocław,Zaproszenie,Cinema City Wrocław Wroclavia,18:10,,,regular,2026-07-27T11:24:54.833008
2026-07-27,poniedzialek,wrocław,Zaproszenie,Cinema City Wrocław Wroclavia,20:40,,,regular,2026-07-27T11:24:54.833008
2026-07-27,poniedzialek,wrocław,Zaproszenie,Cinema City Wrocław Wroclavia,21:45,,,regular,2026-07-27T11:24:54.833008
2026-07-27,poniedzialek,wrocław,Zaproszenie,Helios Wrocław Magnolia Park,19:45,,,regular,2026-07-27T11:24:54.833008
2026-07-27,poniedzialek,wrocław,Zaproszenie,Helios Wrocław Magnolia Park,21:30,,,regular,2026-07-27T11:24:54.833008
2026-07-27,poniedzialek,wrocław,ВАЯНА / Vaiana (ukr.),Multikino Pasaż Grunwaldzki,12:20,,,regular,2026-07-27T11:24:54.833008
2026-07-27,poniedzialek,wrocław,Людина-павук: Абсолютно новий день / Spider-Man. Całkiem nowy dzień (ukr.),Cinema City Wrocław Wroclavia,12:30,,,regular,2026-07-27T11:24:54.833008
2026-07-27,poniedzialek,wrocław,Людина-павук: Абсолютно новий день / Spider-Man. Całkiem nowy dzień (ukr.),Cinema City Wrocław Wroclavia,15:50,,,regular,2026-07-27T11:24:54.833008
2026-07-27,poniedzialek,wrocław,Людина-павук: Абсолютно новий день / Spider-Man. Całkiem nowy dzień (ukr.),Multikino Pasaż Grunwaldzki,12:50,,,regular,2026-07-27T11:24:54.833008
2026-07-27,poniedzialek,wrocław,Людина-павук: Абсолютно новий день / Spider-Man. Całkiem nowy dzień (ukr.),Multikino Pasaż Grunwaldzki,16:10,,,regular,2026-07-27T11:24:54.833008
2026-07-27,poniedzialek,wrocław,Людина-павук: Абсолютно новий день / Spider-Man. Całkiem nowy dzień (ukr.),Multikino Pasaż Grunwaldzki,19:30,,,regular,2026-07-27T11:24:54.833008
2026-07-27,poniedzialek,wrocław,Посіпаки і Монстряки / Minionki i straszydła (ukr.),Multikino Pasaż Grunwaldzki,10:40,,,regular,2026-07-27T11:24:54.833008
2026-07-27,poniedzialek,poznań,Arek.Mama.Panorama,Kino Muza w Poznaniu,17:00,,,regular,2026-07-27T11:24:58.776155
2026-07-27,poniedzialek,poznań,Arek.Mama.Panorama,Kino Pałacowe w Poznaniu,20:30,,,regular,2026-07-27T11:24:58.776155
2026-07-27,poniedzialek,poznań,Arek.Mama.Panorama,Kino Rialto w Poznaniu,18:30,,,regular,2026-07-27T11:24:58.776155
2026-07-27,poniedzialek,poznań,Arek.Mama.Panorama,Kino Teatr Apollo w Poznaniu,20:00,,,regular,2026-07-27T11:24:58.776155
2026-07-27,poniedzialek,poznań,Backrooms. Bez wyjścia,Cinema City Poznań Kinepolis,18:00,,,regular,2026-07-27T11:24:58.776155
2026-07-27,poniedzialek,poznań,Backrooms. Bez wyjścia,Cinema City Poznań Kinepolis,20:30,,,regular,2026-07-27T11:24:58.776155
2026-07-27,poniedzialek,poznań,Backrooms. Bez wyjścia,Cinema City Poznań Plaza,21:50,,,regular,2026-07-27T11:24:58.776155
2026-07-27,poniedzialek,poznań,Backrooms. Bez wyjścia,Helios Poznań,21:15,,,regular,2026-07-27T11:24:58.776155
2026-07-27,poniedzialek,poznań,Backrooms. Bez wyjścia,Multikino Poznań Stary Browar,18:40,,,regular,2026-07-27T11:24:58.776155
2026-07-27,poniedzialek,poznań,Backrooms. Bez wyjścia,Multikino Poznań Stary Browar,21:30,,,regular,2026-07-27T11:24:58.776155
2026-07-27,poniedzialek,poznań,Diabeł ubiera się u Prady 2,Cinema City Poznań Kinepolis,19:20,,,regular,2026-07-27T11:24:58.776155
2026-07-27,poniedzialek,poznań,Diabeł ubiera się u Prady 2,Cinema City Poznań Kinepolis,22:00,,,regular,2026-07-27T11:24:58.776155
2026-07-27,poniedzialek,poznań,Drugie życie,Charlie Monroe Kino Malta w Poznaniu,20:30,,,regular,2026-07-27T11:24:58.776155
2026-07-27,poniedzialek,poznań,Dzień Objawienia,Cinema City Poznań Kinepolis,16:20,,,regular,2026-07-27T11:24:58.776155
2026-07-27,poniedzialek,poznań,Ekipa zwierzaków,Helios Poznań,11:40,,,regular,2026-07-27T11:24:58.776155
2026-07-27,poniedzialek,poznań,Ekipa zwierzaków,Helios Poznań,13:40,,,regular,2026-07-27T11:24:58.776155
2026-07-27,poniedzialek,poznań,Ekipa zwierzaków,Helios Poznań,17:00,,,regular,2026-07-27T11:24:58.776155
2026-07-27,poniedzialek,poznań,Ekipa zwierzaków,Kino Rialto w Poznaniu,13:30,,,regular,2026-07-27T11:24:58.776155
2026-07-27,poniedzialek,poznań,Ekipa zwierzaków (dubbing),Cinema City Poznań Kinepolis,11:10,,dubbing,regular,2026-07-27T11:24:58.776155
2026-07-27,poniedzialek,poznań,Ekipa zwierzaków (dubbing),Cinema City Poznań Kinepolis,13:20,,dubbing,regular,2026-07-27T11:24:58.776155
2026-07-27,poniedzialek,poznań,Ekipa zwierzaków (dubbing),Cinema City Poznań Kinepolis,15:30,,dubbing,regular,2026-07-27T11:24:58.776155
2026-07-27,poniedzialek,poznań,Ekipa zwierzaków (dubbing),Cinema City Poznań Kinepolis,17:40,,dubbing,regular,2026-07-27T11:24:58.776155
2026-07-27,poniedzialek,poznań,Ekipa zwierzaków (dubbing),Cinema City Poznań Plaza,10:40,,dubbing,regular,2026-07-27T11:24:58.776155
2026-07-27,poniedzialek,poznań,Ekipa zwierzaków (dubbing),Cinema City Poznań Plaza,12:50,,dubbing,regular,2026-07-27T11:24:58.776155
2026-07-27,poniedzialek,poznań,Ekipa zwierzaków (dubbing),Cinema City Poznań Plaza,15:00,,dubbing,regular,2026-07-27T11:24:58.776155
2026-07-27,poniedzialek,poznań,Ekipa zwierzaków (dubbing),Cinema City Poznań Plaza,17:10,,dubbing,regular,2026-07-27T11:24:58.776155
2026-07-27,poniedzialek,poznań,Ekipa zwierzaków (dubbing),Multikino Poznań Stary Browar,09:00,,dubbing,regular,2026-07-27T11:24:58.776155
2026-07-27,poniedzialek,poznań,Ekipa zwierzaków (dubbing),Multikino Poznań Stary Browar,09:15,,dubbing,regular,2026-07-27T11:24:58.776155
2026-07-27,poniedzialek,poznań,Ekipa zwierzaków (dubbing),Multikino Poznań Stary Browar,10:00,,dubbing,regular,2026-07-27T11:24:58.776155
2026-07-27,poniedzialek,poznań,Ekipa zwierzaków (dubbing),Multikino Poznań Stary Browar,11:00,,dubbing,regular,2026-07-27T11:24:58.776155
2026-07-27,poniedzialek,poznań,Ekipa zwierzaków (dubbing),Multikino Poznań Stary Browar,12:10,,dubbing,regular,2026-07-27T11:24:58.776155
2026-07-27,poniedzialek,poznań,Ekipa zwierzaków (dubbing),Multikino Poznań Stary Browar,14:25,,dubbing,regular,2026-07-27T11:24:58.776155
2026-07-27,poniedzialek,poznań,Ekipa zwierzaków (dubbing),Multikino Poznań Stary Browar,16:35,,dubbing,regular,2026-07-27T11:24:58.776155
2026-07-27,poniedzialek,poznań,Ekipa zwierzaków (dubbing),Multikino Poznań Stary Browar,18:50,,dubbing,regular,2026-07-27T11:24:58.776155
2026-07-27,poniedzialek,poznań,Ghost In the Shell,Cinema City Poznań Plaza,18:00,,,regular,2026-07-27T11:24:58.776155
2026-07-27,poniedzialek,poznań,Ghost in the shell,Kino Rialto w Poznaniu,15:00,,,regular,2026-07-27T11:24:58.776155
2026-07-27,poniedzialek,poznań,Ghost In the Shell,Multikino Poznań Stary Browar,18:40,,,regular,2026-07-27T11:24:58.776155
2026-07-27,poniedzialek,poznań,Gwiezdne wojny: The Mandalorian i Grogu,Cinema City Poznań Kinepolis,15:50,,,regular,2026-07-27T11:24:58.776155
2026-07-27,poniedzialek,poznań,Jej piekło,Cinema City Poznań Kinepolis,19:50,,,regular,2026-07-27T11:24:58.776155
2026-07-27,poniedzialek,poznań,Jej piekło,Cinema City Poznań Kinepolis,22:20,,,regular,2026-07-27T11:24:58.776155
2026-07-27,poniedzialek,poznań,Jej piekło,Kino Muza w Poznaniu,18:45,,,regular,2026-07-27T11:24:58.776155
2026-07-27,poniedzialek,poznań,Jej piekło,Kino Muza w Poznaniu,21:30,,,regular,2026-07-27T11:24:58.776155
2026-07-27,poniedzialek,poznań,Jej piekło,Kino Pałacowe w Poznaniu,20:00,,,regular,2026-07-27T11:24:58.776155
2026-07-27,poniedzialek,poznań,Jej piekło,Multikino Poznań Stary Browar,17:50,,,regular,2026-07-27T11:24:58.776155
2026-07-27,poniedzialek,poznań,Kicia Kocia na pikniku (dubbing),Kino Bułgarska 19 w Poznaniu,13:20,,dubbing,regular,2026-07-27T11:24:58.776155
2026-07-27,poniedzialek,poznań,Martwe zło: Ogień,Cinema City Poznań Kinepolis,18:40,,,regular,2026-07-27T11:24:58.776155
2026-07-27,poniedzialek,poznań,Martwe zło: Ogień,Cinema City Poznań Kinepolis,18:50,,,regular,2026-07-27T11:24:58.776155
2026-07-27,poniedzialek,poznań,Martwe zło: Ogień,Cinema City Poznań Kinepolis,21:20,,,regular,2026-07-27T11:24:58.776155
2026-07-27,poniedzialek,poznań,Martwe zło: Ogień,Cinema City Poznań Plaza,22:30,,,regular,2026-07-27T11:24:58.776155
2026-07-27,poniedzialek,poznań,Martwe zło: Ogień,Helios Poznań,18:20,,,regular,2026-07-27T11:24:58.776155
2026-07-27,poniedzialek,poznań,Martwe zło: Ogień,Helios Poznań,21:30,,,regular,2026-07-27T11:24:58.776155
2026-07-27,poniedzialek,poznań,Martwe zło: Ogień,Multikino Poznań Stary Browar,15:15,,,regular,2026-07-27T11:24:58.776155
2026-07-27,poniedzialek,poznań,Michael,Cinema City Poznań Kinepolis,17:20,,,regular,2026-07-27T11:24:58.776155
2026-07-27,poniedzialek,poznań,Milcząca przyjaciółka,Charlie Monroe Kino Malta w Poznaniu,18:00,,,regular,2026-07-27T11:24:58.776155
2026-07-27,poniedzialek,poznań,Minionki i straszydła (dubbing),Cinema City Poznań Kinepolis,11:30,,dubbing,regular,2026-07-27T11:24:58.776155
2026-07-27,poniedzialek,poznań,Minionki i straszydła (dubbing),Cinema City Poznań Kinepolis,13:40,,dubbing,regular,2026-07-27T11:24:58.776155
2026-07-27,poniedzialek,poznań,Minionki i straszydła (dubbing),Cinema City Poznań Kinepolis,15:45,,dubbing,regular,2026-07-27T11:24:58.776155
2026-07-27,poniedzialek,poznań,Minionki i straszydła (dubbing),Cinema City Poznań Kinepolis,16:30,,dubbing,regular,2026-07-27T11:24:58.776155
2026-07-27,poniedzialek,poznań,Minionki i straszydła (dubbing),Cinema City Poznań Kinepolis,18:40,,dubbing,regular,2026-07-27T11:24:58.776155
2026-07-27,poniedzialek,poznań,Minionki i straszydła (dubbing),Cinema City Poznań Plaza,10:50,,dubbing,regular,2026-07-27T11:24:58.776155
2026-07-27,poniedzialek,poznań,Minionki i straszydła (dubbing),Cinema City Poznań Plaza,13:10,,dubbing,regular,2026-07-27T11:24:58.776155
2026-07-27,poniedzialek,poznań,Minionki i straszydła (dubbing),Cinema City Poznań Plaza,15:20,,dubbing,regular,2026-07-27T11:24:58.776155
2026-07-27,poniedzialek,poznań,Minionki i straszydła (dubbing),Helios Poznań,10:20,,dubbing,regular,2026-07-27T11:24:58.776155
2026-07-27,poniedzialek,poznań,Minionki i straszydła (dubbing),Helios Poznań,11:10,,dubbing,regular,2026-07-27T11:24:58.776155
2026-07-27,poniedzialek,poznań,Minionki i straszydła (dubbing),Helios Poznań,12:30,,dubbing,regular,2026-07-27T11:24:58.776155
2026-07-27,poniedzialek,poznań,Minionki i straszydła (dubbing),Helios Poznań,13:30,,dubbing,regular,2026-07-27T11:24:58.776155
2026-07-27,poniedzialek,poznań,Minionki i straszydła (dubbing),Helios Poznań,14:45,,dubbing,regular,2026-07-27T11:24:58.776155
2026-07-27,poniedzialek,poznań,Minionki i straszydła (dubbing),Helios Poznań,15:50,,dubbing,regular,2026-07-27T11:24:58.776155
2026-07-27,poniedzialek,poznań,Minionki i straszydła (dubbing),Helios Poznań,16:20,,dubbing,regular,2026-07-27T11:24:58.776155
2026-07-27,poniedzialek,poznań,Minionki i straszydła (dubbing),Helios Poznań,17:45,,dubbing,regular,2026-07-27T11:24:58.776155
2026-07-27,poniedzialek,poznań,Minionki i straszydła (dubbing),Multikino Poznań Stary Browar,09:00,,dubbing,regular,2026-07-27T11:24:58.776155
2026-07-27,poniedzialek,poznań,Minionki i straszydła (dubbing),Multikino Poznań Stary Browar,11:15,,dubbing,regular,2026-07-27T11:24:58.776155
2026-07-27,poniedzialek,poznań,Minionki i straszydła (dubbing),Multikino Poznań Stary Browar,13:25,,dubbing,regular,2026-07-27T11:24:58.776155
2026-07-27,poniedzialek,poznań,Minionki i straszydła (dubbing),Multikino Poznań Stary Browar,15:40,,dubbing,regular,2026-07-27T11:24:58.776155
2026-07-27,poniedzialek,poznań,Minionki i straszydła (dubbing),Multikino Poznań Stary Browar,17:50,,dubbing,regular,2026-07-27T11:24:58.776155
2026-07-27,poniedzialek,poznań,O czym sobie nie mówimy,Charlie Monroe Kino Malta w Poznaniu,18:30,,,regular,2026-07-27T11:24:58.776155
2026-07-27,poniedzialek,poznań,O czym sobie nie mówimy,Cinema City Poznań Kinepolis,21:30,,,regular,2026-07-27T11:24:58.776155
2026-07-27,poniedzialek,poznań,O czym sobie nie mówimy,Kino Bułgarska 19 w Poznaniu,17:30,,,regular,2026-07-27T11:24:58.776155
2026-07-27,poniedzialek,poznań,O czym sobie nie mówimy,Kino Bułgarska 19 w Poznaniu,19:30,,,regular,2026-07-27T11:24:58.776155
2026-07-27,poniedzialek,poznań,O czym sobie nie mówimy,Kino Muza w Poznaniu,15:00,,,regular,2026-07-27T11:24:58.776155
2026-07-27,poniedzialek,poznań,O czym sobie nie mówimy,Kino Muza w Poznaniu,21:00,,,regular,2026-07-27T11:24:58.776155
2026-07-27,poniedzialek,poznań,Obsesja,Cinema City Poznań Kinepolis,19:30,,,regular,2026-07-27T11:24:58.776155
2026-07-27,poniedzialek,poznań,Obsesja,Cinema City Poznań Kinepolis,20:50,,,regular,2026-07-27T11:24:58.776155
2026-07-27,poniedzialek,poznań,Obsesja,Cinema City Poznań Kinepolis,22:00,,,regular,2026-07-27T11:24:58.776155
2026-07-27,poniedzialek,poznań,Obsesja,Cinema City Poznań Kinepolis,22:25,,,regular,2026-07-27T11:24:58.776155
2026-07-27,poniedzialek,poznań,Obsesja,Cinema City Poznań Plaza,20:00,,,regular,2026-07-27T11:24:58.776155
2026-07-27,poniedzialek,poznań,Obsesja,Cinema City Poznań Plaza,22:30,,,regular,2026-07-27T11:24:58.776155
2026-07-27,poniedzialek,poznań,Obsesja,Helios Poznań,20:00,,,regular,2026-07-27T11:24:58.776155
2026-07-27,poniedzialek,poznań,Obsesja,Helios Poznań,21:40,,,regular,2026-07-27T11:24:58.776155
2026-07-27,poniedzialek,poznań,Obsesja,Multikino Poznań Stary Browar,16:10,,,regular,2026-07-27T11:24:58.776155
2026-07-27,poniedzialek,poznań,Obsesja,Multikino Poznań Stary Browar,21:50,,,regular,2026-07-27T11:24:58.776155
2026-07-27,poniedzialek,poznań,Odyseja,Cinema City Poznań Kinepolis,10:30,,,regular,2026-07-27T11:24:58.776155
2026-07-27,poniedzialek,poznań,Odyseja,Cinema City Poznań Kinepolis,12:30,,,regular,2026-07-27T11:24:58.776155
2026-07-27,poniedzialek,poznań,Odyseja,Cinema City Poznań Kinepolis,14:15,,,regular,2026-07-27T11:24:58.776155
2026-07-27,poniedzialek,poznań,Odyseja,Cinema City Poznań Kinepolis,16:15,,,regular,2026-07-27T11:24:58.776155
2026-07-27,poniedzialek,poznań,Odyseja,Cinema City Poznań Kinepolis,17:50,,,regular,2026-07-27T11:24:58.776155
2026-07-27,poniedzialek,poznań,Odyseja,Cinema City Poznań Kinepolis,17:55,,,regular,2026-07-27T11:24:58.776155
2026-07-27,poniedzialek,poznań,Odyseja,Cinema City Poznań Kinepolis,20:00,,,regular,2026-07-27T11:24:58.776155
2026-07-27,poniedzialek,poznań,Odyseja,Cinema City Poznań Kinepolis,20:20,,,regular,2026-07-27T11:24:58.776155
2026-07-27,poniedzialek,poznań,Odyseja,Cinema City Poznań Kinepolis,21:20,,,regular,2026-07-27T11:24:58.776155
2026-07-27,poniedzialek,poznań,Odyseja,Cinema City Poznań Kinepolis,21:35,,,regular,2026-07-27T11:24:58.776155
2026-07-27,poniedzialek,poznań,Odyseja,Cinema City Poznań Plaza,10:00,,,regular,2026-07-27T11:24:58.776155
2026-07-27,poniedzialek,poznań,Odyseja,Cinema City Poznań Plaza,11:30,,,regular,2026-07-27T11:24:58.776155
2026-07-27,poniedzialek,poznań,Odyseja,Cinema City Poznań Plaza,13:45,,,regular,2026-07-27T11:24:58.776155
2026-07-27,poniedzialek,poznań,Odyseja,Cinema City Poznań Plaza,15:15,,,regular,2026-07-27T11:24:58.776155
2026-07-27,poniedzialek,poznań,Odyseja,Cinema City Poznań Plaza,17:30,,,regular,2026-07-27T11:24:58.776155
2026-07-27,poniedzialek,poznań,Odyseja,Cinema City Poznań Plaza,19:00,,,regular,2026-07-27T11:24:58.776155
2026-07-27,poniedzialek,poznań,Odyseja,Cinema City Poznań Plaza,21:15,,,regular,2026-07-27T11:24:58.776155
2026-07-27,poniedzialek,poznań,Odyseja,Cinema City Poznań Plaza IMAX,10:30,,,regular,2026-07-27T11:24:58.776155
2026-07-27,poniedzialek,poznań,Odyseja,Cinema City Poznań Plaza IMAX,14:15,,,regular,2026-07-27T11:24:58.776155
2026-07-27,poniedzialek,poznań,Odyseja,Cinema City Poznań Plaza IMAX,18:00,,,regular,2026-07-27T11:24:58.776155
2026-07-27,poniedzialek,poznań,Odyseja,Cinema City Poznań Plaza IMAX,21:45,,,regular,2026-07-27T11:24:58.776155
2026-07-27,poniedzialek,poznań,Odyseja,Helios Poznań,11:50,,,regular,2026-07-27T11:24:58.776155
2026-07-27,poniedzialek,poznań,Odyseja,Helios Poznań,15:30,,,regular,2026-07-27T11:24:58.776155
2026-07-27,poniedzialek,poznań,Odyseja,Helios Poznań,18:00,,,regular,2026-07-27T11:24:58.776155
2026-07-27,poniedzialek,poznań,Odyseja,Helios Poznań,19:00,,,regular,2026-07-27T11:24:58.776155
2026-07-27,poniedzialek,poznań,Odyseja,Kino Muza w Poznaniu,13:45,,,regular,2026-07-27T11:24:58.776155
2026-07-27,poniedzialek,poznań,Odyseja,Kino Muza w Poznaniu,20:45,,,regular,2026-07-27T11:24:58.776155
2026-07-27,poniedzialek,poznań,Odyseja,Kino Pałacowe w Poznaniu,17:15,,,regular,2026-07-27T11:24:58.776155
2026-07-27,poniedzialek,poznań,Odyseja,Kino Rialto w Poznaniu,20:00,,,regular,2026-07-27T11:24:58.776155
2026-07-27,poniedzialek,poznań,Odyseja,Multikino Poznań Stary Browar,10:40,,,regular,2026-07-27T11:24:58.776155
2026-07-27,poniedzialek,poznań,Odyseja,Multikino Poznań Stary Browar,11:40,,,regular,2026-07-27T11:24:58.776155
2026-07-27,poniedzialek,poznań,Odyseja,Multikino Poznań Stary Browar,14:20,,,regular,2026-07-27T11:24:58.776155
2026-07-27,poniedzialek,poznań,Odyseja,Multikino Poznań Stary Browar,15:20,,,regular,2026-07-27T11:24:58.776155
2026-07-27,poniedzialek,poznań,Odyseja,Multikino Poznań Stary Browar,18:00,,,regular,2026-07-27T11:24:58.776155
2026-07-27,poniedzialek,poznań,Odyseja,Multikino Poznań Stary Browar,19:00,,,regular,2026-07-27T11:24:58.776155
2026-07-27,poniedzialek,poznań,Odyseja,Multikino Poznań Stary Browar,20:45,,,regular,2026-07-27T11:24:58.776155
2026-07-27,poniedzialek,poznań,Odyseja / Одіссея (ukr.),Cinema City Poznań Plaza,11:30,,,regular,2026-07-27T11:24:58.776155
2026-07-27,poniedzialek,poznań,Odyseja / Одіссея (ukr.),Multikino Poznań Stary Browar,20:50,,,regular,2026-07-27T11:24:58.776155
2026-07-27,poniedzialek,poznań,Ojczyzna,Charlie Monroe Kino Malta w Poznaniu,17:05,,,regular,2026-07-27T11:24:58.776155
2026-07-27,poniedzialek,poznań,Ojczyzna,Kino Muza w Poznaniu,17:15,,,regular,2026-07-27T11:24:58.776155
2026-07-27,poniedzialek,poznań,Ostatni konsjerż,Multikino Poznań Stary Browar,20:00,,,regular,2026-07-27T11:24:58.776155
2026-07-27,poniedzialek,poznań,Prosta historia,Charlie Monroe Kino Malta w Poznaniu,16:00,,,regular,2026-07-27T11:24:58.776155
2026-07-27,poniedzialek,poznań,Przekleństwa niewinności,Kino Bułgarska 19 w Poznaniu,15:40,,,regular,2026-07-27T11:24:58.776155
2026-07-27,poniedzialek,poznań,Przekręt,Kino Muza w Poznaniu,18:30,,,regular,2026-07-27T11:24:58.776155
2026-07-27,poniedzialek,poznań,Pucio,Multikino Poznań Stary Browar,09:00,,,regular,2026-07-27T11:24:58.776155
2026-07-27,poniedzialek,poznań,Requiem dla snu,Cinema City Poznań Kinepolis,19:00,,,regular,2026-07-27T11:24:58.776155
2026-07-27,poniedzialek,poznań,Requiem dla snu,Cinema City Poznań Plaza,20:50,,,regular,2026-07-27T11:24:58.776155
2026-07-27,poniedzialek,poznań,Requiem dla snu,Kino Bułgarska 19 w Poznaniu,19:20,,,regular,2026-07-27T11:24:58.776155
2026-07-27,poniedzialek,poznań,Requiem dla snu,Kino Pałacowe w Poznaniu,18:00,,,regular,2026-07-27T11:24:58.776155
2026-07-27,poniedzialek,poznań,Requiem dla snu,Kino Rialto w Poznaniu,16:30,,,regular,2026-07-27T11:24:58.776155
2026-07-27,poniedzialek,poznań,Savage House,Kino Muza w Poznaniu,16:30,,,regular,2026-07-27T11:24:58.776155
2026-07-27,poniedzialek,poznań,Sny o słoniach,Kino Muza w Poznaniu,14:30,,,regular,2026-07-27T11:24:58.776155
2026-07-27,poniedzialek,poznań,Spider-Man. Całkiem nowy dzień,Cinema City Poznań Kinepolis,10:30,,,regular,2026-07-27T11:24:58.776155
2026-07-27,poniedzialek,poznań,Spider-Man. Całkiem nowy dzień,Cinema City Poznań Kinepolis,13:40,,,regular,2026-07-27T11:24:58.776155
2026-07-27,poniedzialek,poznań,Spider-Man. Całkiem nowy dzień,Cinema City Poznań Kinepolis,16:10,,,regular,2026-07-27T11:24:58.776155
2026-07-27,poniedzialek,poznań,Spider-Man. Całkiem nowy dzień,Cinema City Poznań Kinepolis,16:50,,,regular,2026-07-27T11:24:58.776155
2026-07-27,poniedzialek,poznań,Spider-Man. Całkiem nowy dzień,Cinema City Poznań Kinepolis,19:20,,,regular,2026-07-27T11:24:58.776155
2026-07-27,poniedzialek,poznań,Spider-Man. Całkiem nowy dzień,Cinema City Poznań Kinepolis,20:00,,,regular,2026-07-27T11:24:58.776155
2026-07-27,poniedzialek,poznań,Spider-Man. Całkiem nowy dzień,Cinema City Poznań Kinepolis,21:40,,,regular,2026-07-27T11:24:58.776155
2026-07-27,poniedzialek,poznań,Spider-Man. Całkiem nowy dzień,Cinema City Poznań Plaza,10:30,,,regular,2026-07-27T11:24:58.776155
2026-07-27,poniedzialek,poznań,Spider-Man. Całkiem nowy dzień,Cinema City Poznań Plaza,13:40,,,regular,2026-07-27T11:24:58.776155
2026-07-27,poniedzialek,poznań,Spider-Man. Całkiem nowy dzień,Cinema City Poznań Plaza,16:50,,,regular,2026-07-27T11:24:58.776155
2026-07-27,poniedzialek,poznań,Spider-Man. Całkiem nowy dzień,Cinema City Poznań Plaza,19:20,,,regular,2026-07-27T11:24:58.776155
2026-07-27,poniedzialek,poznań,Spider-Man. Całkiem nowy dzień,Cinema City Poznań Plaza,20:00,,,regular,2026-07-27T11:24:58.776155
2026-07-27,poniedzialek,poznań,Spider-Man. Całkiem nowy dzień,Cinema City Poznań Plaza,22:10,,,regular,2026-07-27T11:24:58.776155
2026-07-27,poniedzialek,poznań,Spider-Man. Całkiem nowy dzień,Helios Poznań,10:10,,,regular,2026-07-27T11:24:58.776155
2026-07-27,poniedzialek,poznań,Spider-Man. Całkiem nowy dzień,Helios Poznań,11:00,,,regular,2026-07-27T11:24:58.776155
2026-07-27,poniedzialek,poznań,Spider-Man. Całkiem nowy dzień,Helios Poznań,13:15,,,regular,2026-07-27T11:24:58.776155
2026-07-27,poniedzialek,poznań,Spider-Man. Całkiem nowy dzień,Helios Poznań,14:15,,,regular,2026-07-27T11:24:58.776155
2026-07-27,poniedzialek,poznań,Spider-Man. Całkiem nowy dzień,Helios Poznań,17:30,,,regular,2026-07-27T11:24:58.776155
2026-07-27,poniedzialek,poznań,Spider-Man. Całkiem nowy dzień,Helios Poznań,19:30,,,regular,2026-07-27T11:24:58.776155
2026-07-27,poniedzialek,poznań,Spider-Man. Całkiem nowy dzień,Helios Poznań,20:45,,,regular,2026-07-27T11:24:58.776155
2026-07-27,poniedzialek,poznań,Spider-Man. Całkiem nowy dzień,Multikino Poznań Stary Browar,13:50,,,regular,2026-07-27T11:24:58.776155
2026-07-27,poniedzialek,poznań,Spider-Man. Całkiem nowy dzień,Multikino Poznań Stary Browar,17:10,,,regular,2026-07-27T11:24:58.776155
2026-07-27,poniedzialek,poznań,Spider-Man. Całkiem nowy dzień,Multikino Poznań Stary Browar,20:30,,,regular,2026-07-27T11:24:58.776155
2026-07-27,poniedzialek,poznań,Spider-Man. Całkiem nowy dzień,Multikino Poznań Stary Browar,20:40,,,regular,2026-07-27T11:24:58.776155
2026-07-27,poniedzialek,poznań,Spider-Man. Całkiem nowy dzień,Multikino Poznań Stary Browar,21:20,,,regular,2026-07-27T11:24:58.776155
2026-07-27,poniedzialek,poznań,Spider-Man. Całkiem nowy dzień,Multikino Poznań Stary Browar,21:30,,,regular,2026-07-27T11:24:58.776155
2026-07-27,poniedzialek,poznań,Spider-Man. Całkiem nowy dzień,Multikino Poznań Stary Browar,21:40,,,regular,2026-07-27T11:24:58.776155
2026-07-27,poniedzialek,poznań,Spider-Man. Całkiem nowy dzień (dubbing),Cinema City Poznań Kinepolis,10:00,,dubbing,regular,2026-07-27T11:24:58.776155
2026-07-27,poniedzialek,poznań,Spider-Man. Całkiem nowy dzień (dubbing),Cinema City Poznań Kinepolis,12:10,,dubbing,regular,2026-07-27T11:24:58.776155
2026-07-27,poniedzialek,poznań,Spider-Man. Całkiem nowy dzień (dubbing),Cinema City Poznań Kinepolis,13:00,,dubbing,regular,2026-07-27T11:24:58.776155
2026-07-27,poniedzialek,poznań,Spider-Man. Całkiem nowy dzień (dubbing),Cinema City Poznań Kinepolis,15:20,,dubbing,regular,2026-07-27T11:24:58.776155
2026-07-27,poniedzialek,poznań,Spider-Man. Całkiem nowy dzień (dubbing),Cinema City Poznań Kinepolis,18:30,,dubbing,regular,2026-07-27T11:24:58.776155
2026-07-27,poniedzialek,poznań,Spider-Man. Całkiem nowy dzień (dubbing),Cinema City Poznań Plaza,12:40,,dubbing,regular,2026-07-27T11:24:58.776155
2026-07-27,poniedzialek,poznań,Spider-Man. Całkiem nowy dzień (dubbing),Cinema City Poznań Plaza,15:50,,dubbing,regular,2026-07-27T11:24:58.776155
2026-07-27,poniedzialek,poznań,Spider-Man. Całkiem nowy dzień (dubbing),Cinema City Poznań Plaza,19:00,,dubbing,regular,2026-07-27T11:24:58.776155
2026-07-27,poniedzialek,poznań,Spider-Man. Całkiem nowy dzień (dubbing),Multikino Poznań Stary Browar,09:10,,dubbing,regular,2026-07-27T11:24:58.776155
2026-07-27,poniedzialek,poznań,Spider-Man. Całkiem nowy dzień (dubbing),Multikino Poznań Stary Browar,10:30,,dubbing,regular,2026-07-27T11:24:58.776155
2026-07-27,poniedzialek,poznań,Spider-Man. Całkiem nowy dzień (dubbing),Multikino Poznań Stary Browar,11:30,,dubbing,regular,2026-07-27T11:24:58.776155
2026-07-27,poniedzialek,poznań,Spider-Man. Całkiem nowy dzień (dubbing),Multikino Poznań Stary Browar,18:10,,dubbing,regular,2026-07-27T11:24:58.776155
2026-07-27,poniedzialek,poznań,Spider-Man. Całkiem nowy dzień (dubbing),Multikino Poznań Stary Browar,18:20,,dubbing,regular,2026-07-27T11:24:58.776155
2026-07-27,poniedzialek,poznań,Spider-Man. Całkiem nowy dzień 3D,Cinema City Poznań Kinepolis,17:40,3D,,regular,2026-07-27T11:24:58.776155
2026-07-27,poniedzialek,poznań,Spider-Man. Całkiem nowy dzień 3D,Cinema City Poznań Kinepolis,20:50,3D,,regular,2026-07-27T11:24:58.776155
2026-07-27,poniedzialek,poznań,Spider-Man. Całkiem nowy dzień 3D,Cinema City Poznań Plaza,18:10,3D,,regular,2026-07-27T11:24:58.776155
2026-07-27,poniedzialek,poznań,Spider-Man. Całkiem nowy dzień 3D,Cinema City Poznań Plaza,21:20,3D,,regular,2026-07-27T11:24:58.776155
2026-07-27,poniedzialek,poznań,Spider-Man. Całkiem nowy dzień 3D (dubbing),Cinema City Poznań Kinepolis,11:20,3D,dubbing,regular,2026-07-27T11:24:58.776155
2026-07-27,poniedzialek,poznań,Spider-Man. Całkiem nowy dzień 3D (dubbing),Cinema City Poznań Kinepolis,14:30,3D,dubbing,regular,2026-07-27T11:24:58.776155
2026-07-27,poniedzialek,poznań,Spider-Man. Całkiem nowy dzień 3D (dubbing),Cinema City Poznań Plaza,15:00,3D,dubbing,regular,2026-07-27T11:24:58.776155
2026-07-27,poniedzialek,poznań,Spider-Man. Całkiem nowy dzień 3D (dubbing),Multikino Poznań Stary Browar,12:20,3D,dubbing,regular,2026-07-27T11:24:58.776155
2026-07-27,poniedzialek,poznań,Spider-Man. Całkiem nowy dzień 3D (dubbing),Multikino Poznań Stary Browar,14:50,3D,dubbing,regular,2026-07-27T11:24:58.776155
2026-07-27,poniedzialek,poznań,Straszny film,Cinema City Poznań Kinepolis,21:00,,,regular,2026-07-27T11:24:58.776155
2026-07-27,poniedzialek,poznań,Takie jest życie,Charlie Monroe Kino Malta w Poznaniu,18:30,,,regular,2026-07-27T11:24:58.776155
2026-07-27,poniedzialek,poznań,Takie jest życie,Kino Bułgarska 19 w Poznaniu,21:10,,,regular,2026-07-27T11:24:58.776155
2026-07-27,poniedzialek,poznań,Toy Story 5 (dubbing),Cinema City Poznań Kinepolis,10:00,,dubbing,regular,2026-07-27T11:24:58.776155
2026-07-27,poniedzialek,poznań,Toy Story 5 (dubbing),Cinema City Poznań Kinepolis,16:00,,dubbing,regular,2026-07-27T11:24:58.776155
2026-07-27,poniedzialek,poznań,Toy Story 5 (dubbing),Cinema City Poznań Kinepolis,17:00,,dubbing,regular,2026-07-27T11:24:58.776155
2026-07-27,poniedzialek,poznań,Toy Story 5 (dubbing),Cinema City Poznań Kinepolis,18:30,,dubbing,regular,2026-07-27T11:24:58.776155
2026-07-27,poniedzialek,poznań,Toy Story 5 (dubbing),Cinema City Poznań Plaza,10:40,,dubbing,regular,2026-07-27T11:24:58.776155
2026-07-27,poniedzialek,poznań,Toy Story 5 (dubbing),Cinema City Poznań Plaza,13:10,,dubbing,regular,2026-07-27T11:24:58.776155
2026-07-27,poniedzialek,poznań,Toy Story 5 (dubbing),Cinema City Poznań Plaza,15:40,,dubbing,regular,2026-07-27T11:24:58.776155
2026-07-27,poniedzialek,poznań,Toy Story 5 (dubbing),Helios Poznań,10:40,,dubbing,regular,2026-07-27T11:24:58.776155
2026-07-27,poniedzialek,poznań,Toy Story 5 (dubbing),Helios Poznań,13:00,,dubbing,regular,2026-07-27T11:24:58.776155
2026-07-27,poniedzialek,poznań,Toy Story 5 (dubbing),Helios Poznań,15:20,,dubbing,regular,2026-07-27T11:24:58.776155
2026-07-27,poniedzialek,poznań,Toy Story 5 (dubbing),Multikino Poznań Stary Browar,09:10,,dubbing,regular,2026-07-27T11:24:58.776155
2026-07-27,poniedzialek,poznań,Toy Story 5 (dubbing),Multikino Poznań Stary Browar,11:10,,dubbing,regular,2026-07-27T11:24:58.776155
2026-07-27,poniedzialek,poznań,Toy Story 5 (dubbing),Multikino Poznań Stary Browar,13:20,,dubbing,regular,2026-07-27T11:24:58.776155
2026-07-27,poniedzialek,poznań,Toy Story 5 (dubbing),Multikino Poznań Stary Browar,15:50,,dubbing,regular,2026-07-27T11:24:58.776155
2026-07-27,poniedzialek,poznań,Toy Story 5 (dubbing),Multikino Poznań Stary Browar,18:20,,dubbing,regular,2026-07-27T11:24:58.776155
2026-07-27,poniedzialek,poznań,Vaiana,Helios Poznań,11:30,,,regular,2026-07-27T11:24:58.776155
2026-07-27,poniedzialek,poznań,Vaiana,Helios Poznań,14:00,,,regular,2026-07-27T11:24:58.776155
2026-07-27,poniedzialek,poznań,Vaiana,Helios Poznań,15:40,,,regular,2026-07-27T11:24:58.776155
2026-07-27,poniedzialek,poznań,Vaiana,Helios Poznań,16:40,,,regular,2026-07-27T11:24:58.776155
2026-07-27,poniedzialek,poznań,Vaiana,Helios Poznań,18:40,,,regular,2026-07-27T11:24:58.776155
2026-07-27,poniedzialek,poznań,Vaiana (dubbing),Cinema City Poznań Kinepolis,10:40,,dubbing,regular,2026-07-27T11:24:58.776155
2026-07-27,poniedzialek,poznań,Vaiana (dubbing),Cinema City Poznań Kinepolis,13:20,,dubbing,regular,2026-07-27T11:24:58.776155
2026-07-27,poniedzialek,poznań,Vaiana (dubbing),Cinema City Poznań Kinepolis,16:00,,dubbing,regular,2026-07-27T11:24:58.776155
2026-07-27,poniedzialek,poznań,Vaiana (dubbing),Cinema City Poznań Kinepolis,16:20,,dubbing,regular,2026-07-27T11:24:58.776155
2026-07-27,poniedzialek,poznań,Vaiana (dubbing),Cinema City Poznań Plaza,10:00,,dubbing,regular,2026-07-27T11:24:58.776155
2026-07-27,poniedzialek,poznań,Vaiana (dubbing),Cinema City Poznań Plaza,11:10,,dubbing,regular,2026-07-27T11:24:58.776155
2026-07-27,poniedzialek,poznań,Vaiana (dubbing),Cinema City Poznań Plaza,14:00,,dubbing,regular,2026-07-27T11:24:58.776155
2026-07-27,poniedzialek,poznań,Vaiana (dubbing),Cinema City Poznań Plaza,16:40,,dubbing,regular,2026-07-27T11:24:58.776155
2026-07-27,poniedzialek,poznań,Vaiana (dubbing),Multikino Poznań Stary Browar,09:05,,dubbing,regular,2026-07-27T11:24:58.776155
2026-07-27,poniedzialek,poznań,Vaiana (dubbing),Multikino Poznań Stary Browar,10:15,,dubbing,regular,2026-07-27T11:24:58.776155
2026-07-27,poniedzialek,poznań,Vaiana (dubbing),Multikino Poznań Stary Browar,13:00,,dubbing,regular,2026-07-27T11:24:58.776155
2026-07-27,poniedzialek,poznań,Vaiana (dubbing),Multikino Poznań Stary Browar,15:40,,dubbing,regular,2026-07-27T11:24:58.776155
2026-07-27,poniedzialek,poznań,Werdykt,Kino Bułgarska 19 w Poznaniu,15:50,,,regular,2026-07-27T11:24:58.776155
2026-07-27,poniedzialek,poznań,Wędrówka na północ,Charlie Monroe Kino Malta w Poznaniu,20:30,,,regular,2026-07-27T11:24:58.776155
2026-07-27,poniedzialek,poznań,Wędrówka na północ,Kino Bułgarska 19 w Poznaniu,13:30,,,regular,2026-07-27T11:24:58.776155
2026-07-27,poniedzialek,poznań,Wędrówka na północ,Kino Muza w Poznaniu,18:30,,,regular,2026-07-27T11:24:58.776155
2026-07-27,poniedzialek,poznań,Wędrówka na północ,Kino Pałacowe w Poznaniu,15:30,,,regular,2026-07-27T11:24:58.776155
2026-07-27,poniedzialek,poznań,Wypadek fortepianowy,Charlie Monroe Kino Malta w Poznaniu,15:30,,,regular,2026-07-27T11:24:58.776155
2026-07-27,poniedzialek,poznań,Wyschnięci,Kino Bułgarska 19 w Poznaniu,14:20,,,regular,2026-07-27T11:24:58.776155
2026-07-27,poniedzialek,poznań,Zaproszenie,Charlie Monroe Kino Malta w Poznaniu,20:30,,,regular,2026-07-27T11:24:58.776155
2026-07-27,poniedzialek,poznań,Zaproszenie,Cinema City Poznań Kinepolis,15:40,,,regular,2026-07-27T11:24:58.776155
2026-07-27,poniedzialek,poznań,Zaproszenie,Cinema City Poznań Kinepolis,18:10,,,regular,2026-07-27T11:24:58.776155
2026-07-27,poniedzialek,poznań,Zaproszenie,Cinema City Poznań Kinepolis,20:40,,,regular,2026-07-27T11:24:58.776155
2026-07-27,poniedzialek,poznań,Zaproszenie,Cinema City Poznań Plaza,19:20,,,regular,2026-07-27T11:24:58.776155
2026-07-27,poniedzialek,poznań,Zaproszenie,Helios Poznań,19:15,,,regular,2026-07-27T11:24:58.776155
2026-07-27,poniedzialek,poznań,Zaproszenie,Helios Poznań,21:00,,,regular,2026-07-27T11:24:58.776155
2026-07-27,poniedzialek,poznań,Zaproszenie,Kino Bułgarska 19 w Poznaniu,17:20,,,regular,2026-07-27T11:24:58.776155
2026-07-27,poniedzialek,poznań,Zaproszenie,Kino Pałacowe w Poznaniu,15:00,,,regular,2026-07-27T11:24:58.776155
2026-07-27,poniedzialek,poznań,Zaproszenie,Multikino Poznań Stary Browar,13:40,,,regular,2026-07-27T11:24:58.776155
2026-07-27,poniedzialek,poznań,Zaproszenie,Multikino Poznań Stary Browar,20:30,,,regular,2026-07-27T11:24:58.776155
2026-07-27,poniedzialek,poznań,Zawieście czerwone latarnie,Charlie Monroe Kino Malta w Poznaniu,16:25,,,regular,2026-07-27T11:24:58.776155
2026-07-27,poniedzialek,poznań,ВАЯНА / Vaiana (ukr.),Multikino Poznań Stary Browar,12:30,,,regular,2026-07-27T11:24:58.776155
2026-07-27,poniedzialek,poznań,Людина-павук: Абсолютно новий день / Spider-Man. Całkiem nowy dzień (ukr.),Cinema City Poznań Plaza,17:30,,,regular,2026-07-27T11:24:58.776155
2026-07-27,poniedzialek,poznań,Людина-павук: Абсолютно новий день / Spider-Man. Całkiem nowy dzień (ukr.),Multikino Poznań Stary Browar,15:30,,,regular,2026-07-27T11:24:58.776155
2026-07-27,poniedzialek,gdańsk,Backrooms. Bez wyjścia,Helios Gdańsk Forum,15:45,,,regular,2026-07-27T11:25:01.028977
2026-07-27,poniedzialek,gdańsk,Backrooms. Bez wyjścia,Helios Gdańsk Metropolia,21:30,,,regular,2026-07-27T11:25:01.028977
2026-07-27,poniedzialek,gdańsk,Backrooms. Bez wyjścia,Multikino Gdańsk,21:05,,,regular,2026-07-27T11:25:01.028977
2026-07-27,poniedzialek,gdańsk,Czytając Lolitę w Teheranie,Kino Spektrum w Gdańsku,16:00,,,regular,2026-07-27T11:25:01.028977
2026-07-27,poniedzialek,gdańsk,"David Hockney. Pejzaże, portrety i martwe natury",Kino Kameralne Cafe w Gdańsku,15:30,,,regular,2026-07-27T11:25:01.028977
2026-07-27,poniedzialek,gdańsk,Ekipa zwierzaków,Helios Gdańsk Forum,10:20,,,regular,2026-07-27T11:25:01.028977
2026-07-27,poniedzialek,gdańsk,Ekipa zwierzaków,Helios Gdańsk Forum,12:40,,,regular,2026-07-27T11:25:01.028977
2026-07-27,poniedzialek,gdańsk,Ekipa zwierzaków,Helios Gdańsk Forum,17:45,,,regular,2026-07-27T11:25:01.028977
2026-07-27,poniedzialek,gdańsk,Ekipa zwierzaków,Helios Gdańsk Metropolia,10:00,,,regular,2026-07-27T11:25:01.028977
2026-07-27,poniedzialek,gdańsk,Ekipa zwierzaków,Helios Gdańsk Metropolia,10:30,,,regular,2026-07-27T11:25:01.028977
2026-07-27,poniedzialek,gdańsk,Ekipa zwierzaków,Helios Gdańsk Metropolia,11:00,,,regular,2026-07-27T11:25:01.028977
2026-07-27,poniedzialek,gdańsk,Ekipa zwierzaków,Helios Gdańsk Metropolia,13:15,,,regular,2026-07-27T11:25:01.028977
2026-07-27,poniedzialek,gdańsk,Ekipa zwierzaków,Helios Gdańsk Metropolia,17:00,,,regular,2026-07-27T11:25:01.028977
2026-07-27,poniedzialek,gdańsk,Ekipa zwierzaków (dubbing),Cinema1 w Gdańsku,09:30,,dubbing,regular,2026-07-27T11:25:01.028977
2026-07-27,poniedzialek,gdańsk,Ekipa zwierzaków (dubbing),Cinema1 w Gdańsku,11:30,,dubbing,regular,2026-07-27T11:25:01.028977
2026-07-27,poniedzialek,gdańsk,Ekipa zwierzaków (dubbing),Cinema1 w Gdańsku,13:45,,dubbing,regular,2026-07-27T11:25:01.028977
2026-07-27,poniedzialek,gdańsk,Ekipa zwierzaków (dubbing),Cinema1 w Gdańsku,16:30,,dubbing,regular,2026-07-27T11:25:01.028977
2026-07-27,poniedzialek,gdańsk,Ekipa zwierzaków (dubbing),Multikino Gdańsk,10:45,,dubbing,regular,2026-07-27T11:25:01.028977
2026-07-27,poniedzialek,gdańsk,Ekipa zwierzaków (dubbing),Multikino Gdańsk,13:20,,dubbing,regular,2026-07-27T11:25:01.028977
2026-07-27,poniedzialek,gdańsk,Ekipa zwierzaków (dubbing),Multikino Gdańsk,15:25,,dubbing,regular,2026-07-27T11:25:01.028977
2026-07-27,poniedzialek,gdańsk,Ekipa zwierzaków (dubbing),Multikino Gdańsk,17:30,,dubbing,regular,2026-07-27T11:25:01.028977
2026-07-27,poniedzialek,gdańsk,Erupcja,Kino Spektrum w Gdańsku,21:15,,,regular,2026-07-27T11:25:01.028977
2026-07-27,poniedzialek,gdańsk,Ghost In the Shell,Multikino Gdańsk,21:45,,,regular,2026-07-27T11:25:01.028977
2026-07-27,poniedzialek,gdańsk,Jej piekło,Helios Gdańsk Forum,19:15,,,regular,2026-07-27T11:25:01.028977
2026-07-27,poniedzialek,gdańsk,Kicia Kocia mówi: Dzień dobry!,Cinema1 w Gdańsku,10:00,,,regular,2026-07-27T11:25:01.028977
2026-07-27,poniedzialek,gdańsk,Martwe zło: Ogień,Helios Gdańsk Forum,15:00,,,regular,2026-07-27T11:25:01.028977
2026-07-27,poniedzialek,gdańsk,Martwe zło: Ogień,Helios Gdańsk Forum,18:30,,,regular,2026-07-27T11:25:01.028977
2026-07-27,poniedzialek,gdańsk,Martwe zło: Ogień,Helios Gdańsk Forum,20:30,,,regular,2026-07-27T11:25:01.028977
2026-07-27,poniedzialek,gdańsk,Martwe zło: Ogień,Helios Gdańsk Forum,21:20,,,regular,2026-07-27T11:25:01.028977
2026-07-27,poniedzialek,gdańsk,Martwe zło: Ogień,Helios Gdańsk Metropolia,19:00,,,regular,2026-07-27T11:25:01.028977
2026-07-27,poniedzialek,gdańsk,Martwe zło: Ogień,Helios Gdańsk Metropolia,21:40,,,regular,2026-07-27T11:25:01.028977
2026-07-27,poniedzialek,gdańsk,Martwe zło: Ogień,Multikino Gdańsk,21:35,,,regular,2026-07-27T11:25:01.028977
2026-07-27,poniedzialek,gdańsk,Minionki i straszydła (dubbing),Cinema1 w Gdańsku,10:00,,dubbing,regular,2026-07-27T11:25:01.028977
2026-07-27,poniedzialek,gdańsk,Minionki i straszydła (dubbing),Cinema1 w Gdańsku,11:00,,dubbing,regular,2026-07-27T11:25:01.028977
2026-07-27,poniedzialek,gdańsk,Minionki i straszydła (dubbing),Cinema1 w Gdańsku,13:15,,dubbing,regular,2026-07-27T11:25:01.028977
2026-07-27,poniedzialek,gdańsk,Minionki i straszydła (dubbing),Cinema1 w Gdańsku,15:30,,dubbing,regular,2026-07-27T11:25:01.028977
2026-07-27,poniedzialek,gdańsk,Minionki i straszydła (dubbing),Helios Gdańsk Forum,11:00,,dubbing,regular,2026-07-27T11:25:01.028977
2026-07-27,poniedzialek,gdańsk,Minionki i straszydła (dubbing),Helios Gdańsk Forum,11:20,,dubbing,regular,2026-07-27T11:25:01.028977
2026-07-27,poniedzialek,gdańsk,Minionki i straszydła (dubbing),Helios Gdańsk Forum,12:50,,dubbing,regular,2026-07-27T11:25:01.028977
2026-07-27,poniedzialek,gdańsk,Minionki i straszydła (dubbing),Helios Gdańsk Forum,13:40,,dubbing,regular,2026-07-27T11:25:01.028977
2026-07-27,poniedzialek,gdańsk,Minionki i straszydła (dubbing),Helios Gdańsk Forum,15:10,,dubbing,regular,2026-07-27T11:25:01.028977
2026-07-27,poniedzialek,gdańsk,Minionki i straszydła (dubbing),Helios Gdańsk Forum,16:00,,dubbing,regular,2026-07-27T11:25:01.028977
2026-07-27,poniedzialek,gdańsk,Minionki i straszydła (dubbing),Helios Gdańsk Forum,17:30,,dubbing,regular,2026-07-27T11:25:01.028977
2026-07-27,poniedzialek,gdańsk,Minionki i straszydła (dubbing),Helios Gdańsk Forum,18:15,,dubbing,regular,2026-07-27T11:25:01.028977
2026-07-27,poniedzialek,gdańsk,Minionki i straszydła (dubbing),Helios Gdańsk Metropolia,10:00,,dubbing,regular,2026-07-27T11:25:01.028977
2026-07-27,poniedzialek,gdańsk,Minionki i straszydła (dubbing),Helios Gdańsk Metropolia,11:20,,dubbing,regular,2026-07-27T11:25:01.028977
2026-07-27,poniedzialek,gdańsk,Minionki i straszydła (dubbing),Helios Gdańsk Metropolia,13:40,,dubbing,regular,2026-07-27T11:25:01.028977
2026-07-27,poniedzialek,gdańsk,Minionki i straszydła (dubbing),Helios Gdańsk Metropolia,14:15,,dubbing,regular,2026-07-27T11:25:01.028977
2026-07-27,poniedzialek,gdańsk,Minionki i straszydła (dubbing),Helios Gdańsk Metropolia,16:30,,dubbing,regular,2026-07-27T11:25:01.028977
2026-07-27,poniedzialek,gdańsk,Minionki i straszydła (dubbing),Helios Gdańsk Metropolia,17:45,,dubbing,regular,2026-07-27T11:25:01.028977
2026-07-27,poniedzialek,gdańsk,Minionki i straszydła (dubbing),Multikino Gdańsk,10:20,,dubbing,regular,2026-07-27T11:25:01.028977
2026-07-27,poniedzialek,gdańsk,Minionki i straszydła (dubbing),Multikino Gdańsk,11:25,,dubbing,regular,2026-07-27T11:25:01.028977
2026-07-27,poniedzialek,gdańsk,Minionki i straszydła (dubbing),Multikino Gdańsk,13:35,,dubbing,regular,2026-07-27T11:25:01.028977
2026-07-27,poniedzialek,gdańsk,Minionki i straszydła (dubbing),Multikino Gdańsk,15:45,,dubbing,regular,2026-07-27T11:25:01.028977
2026-07-27,poniedzialek,gdańsk,Minionki i straszydła (dubbing),Multikino Gdańsk,17:55,,dubbing,regular,2026-07-27T11:25:01.028977
2026-07-27,poniedzialek,gdańsk,O czym sobie nie mówimy,Kino Spektrum w Gdańsku,18:15,,,regular,2026-07-27T11:25:01.028977
2026-07-27,poniedzialek,gdańsk,Obsesja,Helios Gdańsk Forum,21:00,,,regular,2026-07-27T11:25:01.028977
2026-07-27,poniedzialek,gdańsk,Obsesja,Helios Gdańsk Metropolia,16:00,,,regular,2026-07-27T11:25:01.028977
2026-07-27,poniedzialek,gdańsk,Obsesja,Multikino Gdańsk,19:40,,,regular,2026-07-27T11:25:01.028977
2026-07-27,poniedzialek,gdańsk,Odyseja,Cinema1 w Gdańsku,15:15,,,regular,2026-07-27T11:25:01.028977
2026-07-27,poniedzialek,gdańsk,Odyseja,Cinema1 w Gdańsku,16:30,,,regular,2026-07-27T11:25:01.028977
2026-07-27,poniedzialek,gdańsk,Odyseja,Cinema1 w Gdańsku,17:30,,,regular,2026-07-27T11:25:01.028977
2026-07-27,poniedzialek,gdańsk,Odyseja,Cinema1 w Gdańsku,19:00,,,regular,2026-07-27T11:25:01.028977
2026-07-27,poniedzialek,gdańsk,Odyseja,Cinema1 w Gdańsku,20:00,,,regular,2026-07-27T11:25:01.028977
2026-07-27,poniedzialek,gdańsk,Odyseja,Cinema1 w Gdańsku,21:00,,,regular,2026-07-27T11:25:01.028977
2026-07-27,poniedzialek,gdańsk,Odyseja,Helios Gdańsk Forum,10:50,,,regular,2026-07-27T11:25:01.028977
2026-07-27,poniedzialek,gdańsk,Odyseja,Helios Gdańsk Forum,11:45,,,regular,2026-07-27T11:25:01.028977
2026-07-27,poniedzialek,gdańsk,Odyseja,Helios Gdańsk Forum,14:20,,,regular,2026-07-27T11:25:01.028977
2026-07-27,poniedzialek,gdańsk,Odyseja,Helios Gdańsk Forum,15:20,,,regular,2026-07-27T11:25:01.028977
2026-07-27,poniedzialek,gdańsk,Odyseja,Helios Gdańsk Forum,18:00,,,regular,2026-07-27T11:25:01.028977
2026-07-27,poniedzialek,gdańsk,Odyseja,Helios Gdańsk Forum,19:45,,,regular,2026-07-27T11:25:01.028977
2026-07-27,poniedzialek,gdańsk,Odyseja,Helios Gdańsk Forum,21:30,,,regular,2026-07-27T11:25:01.028977
2026-07-27,poniedzialek,gdańsk,Odyseja,Helios Gdańsk Metropolia,12:15,,,regular,2026-07-27T11:25:01.028977
2026-07-27,poniedzialek,gdańsk,Odyseja,Helios Gdańsk Metropolia,15:50,,,regular,2026-07-27T11:25:01.028977
2026-07-27,poniedzialek,gdańsk,Odyseja,Helios Gdańsk Metropolia,18:30,,,regular,2026-07-27T11:25:01.028977
2026-07-27,poniedzialek,gdańsk,Odyseja,Helios Gdańsk Metropolia,19:30,,,regular,2026-07-27T11:25:01.028977
2026-07-27,poniedzialek,gdańsk,Odyseja,Helios Gdańsk Metropolia,20:45,,,regular,2026-07-27T11:25:01.028977
2026-07-27,poniedzialek,gdańsk,Odyseja,Kino Kameralne Cafe w Gdańsku,20:00,,,regular,2026-07-27T11:25:01.028977
2026-07-27,poniedzialek,gdańsk,Odyseja,Kino Spektrum w Gdańsku,18:00,,,regular,2026-07-27T11:25:01.028977
2026-07-27,poniedzialek,gdańsk,Odyseja,Multikino Gdańsk,10:30,,,regular,2026-07-27T11:25:01.028977
2026-07-27,poniedzialek,gdańsk,Odyseja,Multikino Gdańsk,11:30,,,regular,2026-07-27T11:25:01.028977
2026-07-27,poniedzialek,gdańsk,Odyseja,Multikino Gdańsk,12:30,,,regular,2026-07-27T11:25:01.028977
2026-07-27,poniedzialek,gdańsk,Odyseja,Multikino Gdańsk,14:10,,,regular,2026-07-27T11:25:01.028977
2026-07-27,poniedzialek,gdańsk,Odyseja,Multikino Gdańsk,15:10,,,regular,2026-07-27T11:25:01.028977
2026-07-27,poniedzialek,gdańsk,Odyseja,Multikino Gdańsk,16:10,,,regular,2026-07-27T11:25:01.028977
2026-07-27,poniedzialek,gdańsk,Odyseja,Multikino Gdańsk,17:50,,,regular,2026-07-27T11:25:01.028977
2026-07-27,poniedzialek,gdańsk,Odyseja,Multikino Gdańsk,18:50,,,regular,2026-07-27T11:25:01.028977
2026-07-27,poniedzialek,gdańsk,Odyseja,Multikino Gdańsk,19:50,,,regular,2026-07-27T11:25:01.028977
2026-07-27,poniedzialek,gdańsk,Ostatni konsjerż,Multikino Gdańsk,20:00,,,regular,2026-07-27T11:25:01.028977
2026-07-27,poniedzialek,gdańsk,Pucio,Multikino Gdańsk,10:10,,,regular,2026-07-27T11:25:01.028977
2026-07-27,poniedzialek,gdańsk,Requiem dla snu,Kino Kameralne Cafe w Gdańsku,17:30,,,regular,2026-07-27T11:25:01.028977
2026-07-27,poniedzialek,gdańsk,Spider-Man. Całkiem nowy dzień,Cinema1 w Gdańsku,14:00,,,regular,2026-07-27T11:25:01.028977
2026-07-27,poniedzialek,gdańsk,Spider-Man. Całkiem nowy dzień,Cinema1 w Gdańsku,18:30,,,regular,2026-07-27T11:25:01.028977
2026-07-27,poniedzialek,gdańsk,Spider-Man. Całkiem nowy dzień,Cinema1 w Gdańsku,20:00,,,regular,2026-07-27T11:25:01.028977
2026-07-27,poniedzialek,gdańsk,Spider-Man. Całkiem nowy dzień,Cinema1 w Gdańsku,21:30,,,regular,2026-07-27T11:25:01.028977
2026-07-27,poniedzialek,gdańsk,Spider-Man. Całkiem nowy dzień,Helios Gdańsk Forum,10:00,,,regular,2026-07-27T11:25:01.028977
2026-07-27,poniedzialek,gdańsk,Spider-Man. Całkiem nowy dzień,Helios Gdańsk Forum,10:30,,,regular,2026-07-27T11:25:01.028977
2026-07-27,poniedzialek,gdańsk,Spider-Man. Całkiem nowy dzień,Helios Gdańsk Forum,13:00,,,regular,2026-07-27T11:25:01.028977
2026-07-27,poniedzialek,gdańsk,Spider-Man. Całkiem nowy dzień,Helios Gdańsk Forum,13:50,,,regular,2026-07-27T11:25:01.028977
2026-07-27,poniedzialek,gdańsk,Spider-Man. Całkiem nowy dzień,Helios Gdańsk Forum,17:00,,,regular,2026-07-27T11:25:01.028977
2026-07-27,poniedzialek,gdańsk,Spider-Man. Całkiem nowy dzień,Helios Gdańsk Forum,19:00,,,regular,2026-07-27T11:25:01.028977
2026-07-27,poniedzialek,gdańsk,Spider-Man. Całkiem nowy dzień,Helios Gdańsk Forum,20:15,,,regular,2026-07-27T11:25:01.028977
2026-07-27,poniedzialek,gdańsk,Spider-Man. Całkiem nowy dzień,Helios Gdańsk Metropolia,11:30,,,regular,2026-07-27T11:25:01.028977
2026-07-27,poniedzialek,gdańsk,Spider-Man. Całkiem nowy dzień,Helios Gdańsk Metropolia,14:45,,,regular,2026-07-27T11:25:01.028977
2026-07-27,poniedzialek,gdańsk,Spider-Man. Całkiem nowy dzień,Helios Gdańsk Metropolia,18:00,,,regular,2026-07-27T11:25:01.028977
2026-07-27,poniedzialek,gdańsk,Spider-Man. Całkiem nowy dzień,Helios Gdańsk Metropolia,20:00,,,regular,2026-07-27T11:25:01.028977
2026-07-27,poniedzialek,gdańsk,Spider-Man. Całkiem nowy dzień,Helios Gdańsk Metropolia,21:15,,,regular,2026-07-27T11:25:01.028977
2026-07-27,poniedzialek,gdańsk,Spider-Man. Całkiem nowy dzień,Multikino Gdańsk,10:30,,,regular,2026-07-27T11:25:01.028977
2026-07-27,poniedzialek,gdańsk,Spider-Man. Całkiem nowy dzień,Multikino Gdańsk,12:50,,,regular,2026-07-27T11:25:01.028977
2026-07-27,poniedzialek,gdańsk,Spider-Man. Całkiem nowy dzień,Multikino Gdańsk,13:50,,,regular,2026-07-27T11:25:01.028977
2026-07-27,poniedzialek,gdańsk,Spider-Man. Całkiem nowy dzień,Multikino Gdańsk,16:05,,,regular,2026-07-27T11:25:01.028977
2026-07-27,poniedzialek,gdańsk,Spider-Man. Całkiem nowy dzień,Multikino Gdańsk,17:10,,,regular,2026-07-27T11:25:01.028977
2026-07-27,poniedzialek,gdańsk,Spider-Man. Całkiem nowy dzień,Multikino Gdańsk,19:20,,,regular,2026-07-27T11:25:01.028977
2026-07-27,poniedzialek,gdańsk,Spider-Man. Całkiem nowy dzień,Multikino Gdańsk,20:30,,,regular,2026-07-27T11:25:01.028977
2026-07-27,poniedzialek,gdańsk,Spider-Man. Całkiem nowy dzień,Multikino Gdańsk,21:30,,,regular,2026-07-27T11:25:01.028977
2026-07-27,poniedzialek,gdańsk,Spider-Man. Całkiem nowy dzień (dubbing),Cinema1 w Gdańsku,11:00,,dubbing,regular,2026-07-27T11:25:01.028977
2026-07-27,poniedzialek,gdańsk,Spider-Man. Całkiem nowy dzień (dubbing),Cinema1 w Gdańsku,17:00,,dubbing,regular,2026-07-27T11:25:01.028977
2026-07-27,poniedzialek,gdańsk,Spider-Man. Całkiem nowy dzień (dubbing),Multikino Gdańsk,10:00,,dubbing,regular,2026-07-27T11:25:01.028977
2026-07-27,poniedzialek,gdańsk,Spider-Man. Całkiem nowy dzień (dubbing),Multikino Gdańsk,11:30,,dubbing,regular,2026-07-27T11:25:01.028977
2026-07-27,poniedzialek,gdańsk,Spider-Man. Całkiem nowy dzień (dubbing),Multikino Gdańsk,18:10,,dubbing,regular,2026-07-27T11:25:01.028977
2026-07-27,poniedzialek,gdańsk,Spider-Man. Całkiem nowy dzień 3D (dubbing),Multikino Gdańsk,14:50,3D,dubbing,regular,2026-07-27T11:25:01.028977
2026-07-27,poniedzialek,gdańsk,Śledząc,Kino Spektrum w Gdańsku,14:00,,,regular,2026-07-27T11:25:01.028977
2026-07-27,poniedzialek,gdańsk,Toy Story 5 (dubbing),Cinema1 w Gdańsku,11:45,,dubbing,regular,2026-07-27T11:25:01.028977
2026-07-27,poniedzialek,gdańsk,Toy Story 5 (dubbing),Cinema1 w Gdańsku,14:00,,dubbing,regular,2026-07-27T11:25:01.028977
2026-07-27,poniedzialek,gdańsk,Toy Story 5 (dubbing),Cinema1 w Gdańsku,15:50,,dubbing,regular,2026-07-27T11:25:01.028977
2026-07-27,poniedzialek,gdańsk,Toy Story 5 (dubbing),Helios Gdańsk Forum,10:00,,dubbing,regular,2026-07-27T11:25:01.028977
2026-07-27,poniedzialek,gdańsk,Toy Story 5 (dubbing),Helios Gdańsk Forum,11:30,,dubbing,regular,2026-07-27T11:25:01.028977
2026-07-27,poniedzialek,gdańsk,Toy Story 5 (dubbing),Helios Gdańsk Forum,13:10,,dubbing,regular,2026-07-27T11:25:01.028977
2026-07-27,poniedzialek,gdańsk,Toy Story 5 (dubbing),Helios Gdańsk Forum,16:15,,dubbing,regular,2026-07-27T11:25:01.028977
2026-07-27,poniedzialek,gdańsk,Toy Story 5 (dubbing),Helios Gdańsk Metropolia,12:00,,dubbing,regular,2026-07-27T11:25:01.028977
2026-07-27,poniedzialek,gdańsk,Toy Story 5 (dubbing),Helios Gdańsk Metropolia,15:20,,dubbing,regular,2026-07-27T11:25:01.028977
2026-07-27,poniedzialek,gdańsk,Toy Story 5 (dubbing),Helios Gdańsk Metropolia,18:15,,dubbing,regular,2026-07-27T11:25:01.028977
2026-07-27,poniedzialek,gdańsk,Toy Story 5 (dubbing),Multikino Gdańsk,10:00,,dubbing,regular,2026-07-27T11:25:01.028977
2026-07-27,poniedzialek,gdańsk,Toy Story 5 (dubbing),Multikino Gdańsk,12:25,,dubbing,regular,2026-07-27T11:25:01.028977
2026-07-27,poniedzialek,gdańsk,Toy Story 5 (dubbing),Multikino Gdańsk,14:50,,dubbing,regular,2026-07-27T11:25:01.028977
2026-07-27,poniedzialek,gdańsk,Toy Story 5 (dubbing),Multikino Gdańsk,17:15,,dubbing,regular,2026-07-27T11:25:01.028977
2026-07-27,poniedzialek,gdańsk,Vaiana,Helios Gdańsk Forum,14:00,,,regular,2026-07-27T11:25:01.028977
2026-07-27,poniedzialek,gdańsk,Vaiana,Helios Gdańsk Forum,16:40,,,regular,2026-07-27T11:25:01.028977
2026-07-27,poniedzialek,gdańsk,Vaiana,Helios Gdańsk Forum,18:45,,,regular,2026-07-27T11:25:01.028977
2026-07-27,poniedzialek,gdańsk,Vaiana,Helios Gdańsk Metropolia,10:20,,,regular,2026-07-27T11:25:01.028977
2026-07-27,poniedzialek,gdańsk,Vaiana,Helios Gdańsk Metropolia,11:40,,,regular,2026-07-27T11:25:01.028977
2026-07-27,poniedzialek,gdańsk,Vaiana,Helios Gdańsk Metropolia,13:00,,,regular,2026-07-27T11:25:01.028977
2026-07-27,poniedzialek,gdańsk,Vaiana,Helios Gdańsk Metropolia,15:40,,,regular,2026-07-27T11:25:01.028977
2026-07-27,poniedzialek,gdańsk,Vaiana,Helios Gdańsk Metropolia,18:45,,,regular,2026-07-27T11:25:01.028977
2026-07-27,poniedzialek,gdańsk,Vaiana (dubbing),Cinema1 w Gdańsku,11:00,,dubbing,regular,2026-07-27T11:25:01.028977
2026-07-27,poniedzialek,gdańsk,Vaiana (dubbing),Cinema1 w Gdańsku,13:45,,dubbing,regular,2026-07-27T11:25:01.028977
2026-07-27,poniedzialek,gdańsk,Vaiana (dubbing),Multikino Gdańsk,10:45,,dubbing,regular,2026-07-27T11:25:01.028977
2026-07-27,poniedzialek,gdańsk,Vaiana (dubbing),Multikino Gdańsk,13:10,,dubbing,regular,2026-07-27T11:25:01.028977
2026-07-27,poniedzialek,gdańsk,Vaiana (dubbing),Multikino Gdańsk,15:50,,dubbing,regular,2026-07-27T11:25:01.028977
2026-07-27,poniedzialek,gdańsk,Vaiana (dubbing),Multikino Gdańsk,18:30,,dubbing,regular,2026-07-27T11:25:01.028977
2026-07-27,poniedzialek,gdańsk,Wędrówka na północ,Kino Spektrum w Gdańsku,15:30,,,regular,2026-07-27T11:25:01.028977
2026-07-27,poniedzialek,gdańsk,Wielki błękit (wersja reżyserska),Kino Żak w Gdańsku,17:00,,,regular,2026-07-27T11:25:01.028977
2026-07-27,poniedzialek,gdańsk,Wypadek fortepianowy,Kino Spektrum w Gdańsku,14:15,,,regular,2026-07-27T11:25:01.028977
2026-07-27,poniedzialek,gdańsk,Wyschnięci (dubbing),Cinema1 w Gdańsku,09:15,,dubbing,regular,2026-07-27T11:25:01.028977
2026-07-27,poniedzialek,gdańsk,Wyschnięci (dubbing),Cinema1 w Gdańsku,13:00,,dubbing,regular,2026-07-27T11:25:01.028977
2026-07-27,poniedzialek,gdańsk,Zaproszenie,Cinema1 w Gdańsku,18:15,,,regular,2026-07-27T11:25:01.028977
2026-07-27,poniedzialek,gdańsk,Zaproszenie,Cinema1 w Gdańsku,20:45,,,regular,2026-07-27T11:25:01.028977
2026-07-27,poniedzialek,gdańsk,Zaproszenie,Helios Gdańsk Forum,20:00,,,regular,2026-07-27T11:25:01.028977
2026-07-27,poniedzialek,gdańsk,Zaproszenie,Helios Gdańsk Metropolia,14:30,,,regular,2026-07-27T11:25:01.028977
2026-07-27,poniedzialek,gdańsk,Zaproszenie,Multikino Gdańsk,19:35,,,regular,2026-07-27T11:25:01.028977
2026-07-27,poniedzialek,gdańsk,Zaproszenie,Multikino Gdańsk,22:00,,,regular,2026-07-27T11:25:01.028977
2026-07-27,poniedzialek,gdańsk,Zniknięcie,Kino Spektrum w Gdańsku,20:30,,,regular,2026-07-27T11:25:01.028977
2026-07-27,poniedzialek,gdańsk,Zniknięcie,Kino Żak w Gdańsku,20:00,,,regular,2026-07-27T11:25:01.028977
2026-07-27,poniedzialek,łódź,Backrooms. Bez wyjścia,Cinema City Łódź Manufaktura,11:40,,,regular,2026-07-27T11:25:04.908327
2026-07-27,poniedzialek,łódź,Backrooms. Bez wyjścia,Cinema City Łódź Manufaktura,14:10,,,regular,2026-07-27T11:25:04.908327
2026-07-27,poniedzialek,łódź,Backrooms. Bez wyjścia,Cinema City Łódź Manufaktura,16:40,,,regular,2026-07-27T11:25:04.908327
2026-07-27,poniedzialek,łódź,Backrooms. Bez wyjścia,Cinema City Łódź Manufaktura,19:20,,,regular,2026-07-27T11:25:04.908327
2026-07-27,poniedzialek,łódź,Backrooms. Bez wyjścia,Cinema City Łódź Manufaktura,21:50,,,regular,2026-07-27T11:25:04.908327
2026-07-27,poniedzialek,łódź,Backrooms. Bez wyjścia,Cinema City Łódź Manufaktura,22:10,,,regular,2026-07-27T11:25:04.908327
2026-07-27,poniedzialek,łódź,Backrooms. Bez wyjścia,Helios Łódź,15:45,,,regular,2026-07-27T11:25:04.908327
2026-07-27,poniedzialek,łódź,Czytając Lolitę w Teheranie,Kino Charlie w Łodzi,18:05,,,regular,2026-07-27T11:25:04.908327
2026-07-27,poniedzialek,łódź,DC Liga Super-Pets (dubbing),TME Polówka - Port Łódź,21:00,,dubbing,regular,2026-07-27T11:25:04.908327
2026-07-27,poniedzialek,łódź,Diabeł ubiera się u Prady 2,Kino Charlie w Łodzi,13:30,,,regular,2026-07-27T11:25:04.908327
2026-07-27,poniedzialek,łódź,Drugie życie,Kino Charlie w Łodzi,14:00,,,regular,2026-07-27T11:25:04.908327
2026-07-27,poniedzialek,łódź,Dzień Objawienia,Cinema City Łódź Manufaktura,21:20,,,regular,2026-07-27T11:25:04.908327
2026-07-27,poniedzialek,łódź,Ekipa zwierzaków,Helios Łódź,10:00,,,regular,2026-07-27T11:25:04.908327
2026-07-27,poniedzialek,łódź,Ekipa zwierzaków,Helios Łódź,11:00,,,regular,2026-07-27T11:25:04.908327
2026-07-27,poniedzialek,łódź,Ekipa zwierzaków,Helios Łódź,12:40,,,regular,2026-07-27T11:25:04.908327
2026-07-27,poniedzialek,łódź,Ekipa zwierzaków,Helios Łódź,17:45,,,regular,2026-07-27T11:25:04.908327
2026-07-27,poniedzialek,łódź,Ekipa zwierzaków,Kino Charlie w Łodzi,14:05,,,regular,2026-07-27T11:25:04.908327
2026-07-27,poniedzialek,łódź,Ekipa zwierzaków,Kino Charlie w Łodzi,15:55,,,regular,2026-07-27T11:25:04.908327
2026-07-27,poniedzialek,łódź,Ekipa zwierzaków (dubbing),Cinema City Łódź Manufaktura,11:00,,dubbing,regular,2026-07-27T11:25:04.908327
2026-07-27,poniedzialek,łódź,Ekipa zwierzaków (dubbing),Cinema City Łódź Manufaktura,13:15,,dubbing,regular,2026-07-27T11:25:04.908327
2026-07-27,poniedzialek,łódź,Ekipa zwierzaków (dubbing),Cinema City Łódź Manufaktura,15:30,,dubbing,regular,2026-07-27T11:25:04.908327
2026-07-27,poniedzialek,łódź,Ekipa zwierzaków (dubbing),Cinema City Łódź Manufaktura,17:45,,dubbing,regular,2026-07-27T11:25:04.908327
2026-07-27,poniedzialek,łódź,Ekipa zwierzaków (dubbing),Multikino Silver Screen Łódź,10:30,,dubbing,regular,2026-07-27T11:25:04.908327
2026-07-27,poniedzialek,łódź,Ekipa zwierzaków (dubbing),Multikino Silver Screen Łódź,13:20,,dubbing,regular,2026-07-27T11:25:04.908327
2026-07-27,poniedzialek,łódź,Ekipa zwierzaków (dubbing),Multikino Silver Screen Łódź,15:25,,dubbing,regular,2026-07-27T11:25:04.908327
2026-07-27,poniedzialek,łódź,Ekipa zwierzaków (dubbing),Multikino Silver Screen Łódź,17:30,,dubbing,regular,2026-07-27T11:25:04.908327
2026-07-27,poniedzialek,łódź,Flow,Kino Charlie w Łodzi,19:00,,,regular,2026-07-27T11:25:04.908327
2026-07-27,poniedzialek,łódź,Ghost In the Shell,Cinema City Łódź Manufaktura,18:00,,,regular,2026-07-27T11:25:04.908327
2026-07-27,poniedzialek,łódź,Ghost In the Shell,Multikino Silver Screen Łódź,13:00,,,regular,2026-07-27T11:25:04.908327
2026-07-27,poniedzialek,łódź,Jej piekło,Cinema City Łódź Manufaktura,19:45,,,regular,2026-07-27T11:25:04.908327
2026-07-27,poniedzialek,łódź,Jej piekło,Cinema City Łódź Manufaktura,22:15,,,regular,2026-07-27T11:25:04.908327
2026-07-27,poniedzialek,łódź,Jej piekło,Helios Łódź,19:15,,,regular,2026-07-27T11:25:04.908327
2026-07-27,poniedzialek,łódź,Jej piekło,Kino Charlie w Łodzi,17:45,,,regular,2026-07-27T11:25:04.908327
2026-07-27,poniedzialek,łódź,Jej piekło,Kino Charlie w Łodzi,20:00,,,regular,2026-07-27T11:25:04.908327
2026-07-27,poniedzialek,łódź,Jej piekło,Multikino Silver Screen Łódź,19:35,,,regular,2026-07-27T11:25:04.908327
2026-07-27,poniedzialek,łódź,Kumotry,Kino Charlie w Łodzi,17:45,,,regular,2026-07-27T11:25:04.908327
2026-07-27,poniedzialek,łódź,Martwe zło: Ogień,Cinema City Łódź Manufaktura,19:50,,,regular,2026-07-27T11:25:04.908327
2026-07-27,poniedzialek,łódź,Martwe zło: Ogień,Cinema City Łódź Manufaktura,22:20,,,regular,2026-07-27T11:25:04.908327
2026-07-27,poniedzialek,łódź,Martwe zło: Ogień,Helios Łódź,15:00,,,regular,2026-07-27T11:25:04.908327
2026-07-27,poniedzialek,łódź,Martwe zło: Ogień,Helios Łódź,18:30,,,regular,2026-07-27T11:25:04.908327
2026-07-27,poniedzialek,łódź,Martwe zło: Ogień,Helios Łódź,20:30,,,regular,2026-07-27T11:25:04.908327
2026-07-27,poniedzialek,łódź,Martwe zło: Ogień,Helios Łódź,21:20,,,regular,2026-07-27T11:25:04.908327
2026-07-27,poniedzialek,łódź,Martwe zło: Ogień,Multikino Silver Screen Łódź,21:35,,,regular,2026-07-27T11:25:04.908327
2026-07-27,poniedzialek,łódź,Milcząca przyjaciółka,Kino Charlie w Łodzi,14:50,,,regular,2026-07-27T11:25:04.908327
2026-07-27,poniedzialek,łódź,Minionki i straszydła (dubbing),Cinema City Łódź Manufaktura,11:20,,dubbing,regular,2026-07-27T11:25:04.908327
2026-07-27,poniedzialek,łódź,Minionki i straszydła (dubbing),Cinema City Łódź Manufaktura,12:00,,dubbing,regular,2026-07-27T11:25:04.908327
2026-07-27,poniedzialek,łódź,Minionki i straszydła (dubbing),Cinema City Łódź Manufaktura,13:30,,dubbing,regular,2026-07-27T11:25:04.908327
2026-07-27,poniedzialek,łódź,Minionki i straszydła (dubbing),Cinema City Łódź Manufaktura,14:10,,dubbing,regular,2026-07-27T11:25:04.908327
2026-07-27,poniedzialek,łódź,Minionki i straszydła (dubbing),Cinema City Łódź Manufaktura,15:40,,dubbing,regular,2026-07-27T11:25:04.908327
2026-07-27,poniedzialek,łódź,Minionki i straszydła (dubbing),Cinema City Łódź Manufaktura,16:20,,dubbing,regular,2026-07-27T11:25:04.908327
2026-07-27,poniedzialek,łódź,Minionki i straszydła (dubbing),Cinema City Łódź Manufaktura,18:30,,dubbing,regular,2026-07-27T11:25:04.908327
2026-07-27,poniedzialek,łódź,Minionki i straszydła (dubbing),Cinema City Łódź Manufaktura,20:00,,dubbing,regular,2026-07-27T11:25:04.908327
2026-07-27,poniedzialek,łódź,Minionki i straszydła (dubbing),Helios Łódź,10:40,,dubbing,regular,2026-07-27T11:25:04.908327
2026-07-27,poniedzialek,łódź,Minionki i straszydła (dubbing),Helios Łódź,11:20,,dubbing,regular,2026-07-27T11:25:04.908327
2026-07-27,poniedzialek,łódź,Minionki i straszydła (dubbing),Helios Łódź,11:50,,dubbing,regular,2026-07-27T11:25:04.908327
2026-07-27,poniedzialek,łódź,Minionki i straszydła (dubbing),Helios Łódź,12:50,,dubbing,regular,2026-07-27T11:25:04.908327
2026-07-27,poniedzialek,łódź,Minionki i straszydła (dubbing),Helios Łódź,13:40,,dubbing,regular,2026-07-27T11:25:04.908327
2026-07-27,poniedzialek,łódź,Minionki i straszydła (dubbing),Helios Łódź,15:10,,dubbing,regular,2026-07-27T11:25:04.908327
2026-07-27,poniedzialek,łódź,Minionki i straszydła (dubbing),Helios Łódź,16:00,,dubbing,regular,2026-07-27T11:25:04.908327
2026-07-27,poniedzialek,łódź,Minionki i straszydła (dubbing),Helios Łódź,17:30,,dubbing,regular,2026-07-27T11:25:04.908327
2026-07-27,poniedzialek,łódź,Minionki i straszydła (dubbing),Helios Łódź,18:15,,dubbing,regular,2026-07-27T11:25:04.908327
2026-07-27,poniedzialek,łódź,Minionki i straszydła (dubbing),Multikino Silver Screen Łódź,10:05,,dubbing,regular,2026-07-27T11:25:04.908327
2026-07-27,poniedzialek,łódź,Minionki i straszydła (dubbing),Multikino Silver Screen Łódź,11:10,,dubbing,regular,2026-07-27T11:25:04.908327
2026-07-27,poniedzialek,łódź,Minionki i straszydła (dubbing),Multikino Silver Screen Łódź,12:15,,dubbing,regular,2026-07-27T11:25:04.908327
2026-07-27,poniedzialek,łódź,Minionki i straszydła (dubbing),Multikino Silver Screen Łódź,14:25,,dubbing,regular,2026-07-27T11:25:04.908327
2026-07-27,poniedzialek,łódź,Minionki i straszydła (dubbing),Multikino Silver Screen Łódź,16:35,,dubbing,regular,2026-07-27T11:25:04.908327
2026-07-27,poniedzialek,łódź,Minionki i straszydła (dubbing),Multikino Silver Screen Łódź,18:45,,dubbing,regular,2026-07-27T11:25:04.908327
2026-07-27,poniedzialek,łódź,Niesamowite przygody skarpetek 3. Ale kosmos!,Kino Charlie w Łodzi,14:45,,,regular,2026-07-27T11:25:04.908327
2026-07-27,poniedzialek,łódź,O czym sobie nie mówimy,Kino Charlie w Łodzi,14:30,,,regular,2026-07-27T11:25:04.908327
2026-07-27,poniedzialek,łódź,O czym sobie nie mówimy,Kino Charlie w Łodzi,20:05,,,regular,2026-07-27T11:25:04.908327
2026-07-27,poniedzialek,łódź,O czym sobie nie mówimy,Multikino Silver Screen Łódź,10:20,,,regular,2026-07-27T11:25:04.908327
2026-07-27,poniedzialek,łódź,Obsesja,Cinema City Łódź Manufaktura,21:10,,,regular,2026-07-27T11:25:04.908327
2026-07-27,poniedzialek,łódź,Obsesja,Helios Łódź,21:00,,,regular,2026-07-27T11:25:04.908327
2026-07-27,poniedzialek,łódź,Obsesja,Multikino Silver Screen Łódź,20:55,,,regular,2026-07-27T11:25:04.908327
2026-07-27,poniedzialek,łódź,Odyseja,Cinema City Łódź Manufaktura,10:00,,,regular,2026-07-27T11:25:04.908327
2026-07-27,poniedzialek,łódź,Odyseja,Cinema City Łódź Manufaktura,10:15,,,regular,2026-07-27T11:25:04.908327
2026-07-27,poniedzialek,łódź,Odyseja,Cinema City Łódź Manufaktura,11:10,,,regular,2026-07-27T11:25:04.908327
2026-07-27,poniedzialek,łódź,Odyseja,Cinema City Łódź Manufaktura,12:20,,,regular,2026-07-27T11:25:04.908327
2026-07-27,poniedzialek,łódź,Odyseja,Cinema City Łódź Manufaktura,14:00,,,regular,2026-07-27T11:25:04.908327
2026-07-27,poniedzialek,łódź,Odyseja,Cinema City Łódź Manufaktura,16:00,,,regular,2026-07-27T11:25:04.908327
2026-07-27,poniedzialek,łódź,Odyseja,Cinema City Łódź Manufaktura,17:15,,,regular,2026-07-27T11:25:04.908327
2026-07-27,poniedzialek,łódź,Odyseja,Cinema City Łódź Manufaktura,17:45,,,regular,2026-07-27T11:25:04.908327
2026-07-27,poniedzialek,łódź,Odyseja,Cinema City Łódź Manufaktura,19:10,,,regular,2026-07-27T11:25:04.908327
2026-07-27,poniedzialek,łódź,Odyseja,Cinema City Łódź Manufaktura,21:30,,,regular,2026-07-27T11:25:04.908327
2026-07-27,poniedzialek,łódź,Odyseja,Cinema City Łódź Manufaktura IMAX,10:30,,,regular,2026-07-27T11:25:04.908327
2026-07-27,poniedzialek,łódź,Odyseja,Cinema City Łódź Manufaktura IMAX,14:15,,,regular,2026-07-27T11:25:04.908327
2026-07-27,poniedzialek,łódź,Odyseja,Cinema City Łódź Manufaktura IMAX,18:00,,,regular,2026-07-27T11:25:04.908327
2026-07-27,poniedzialek,łódź,Odyseja,Cinema City Łódź Manufaktura IMAX,21:45,,,regular,2026-07-27T11:25:04.908327
2026-07-27,poniedzialek,łódź,Odyseja,Helios Łódź,10:50,,,regular,2026-07-27T11:25:04.908327
2026-07-27,poniedzialek,łódź,Odyseja,Helios Łódź,11:40,,,regular,2026-07-27T11:25:04.908327
2026-07-27,poniedzialek,łódź,Odyseja,Helios Łódź,14:20,,,regular,2026-07-27T11:25:04.908327
2026-07-27,poniedzialek,łódź,Odyseja,Helios Łódź,15:20,,,regular,2026-07-27T11:25:04.908327
2026-07-27,poniedzialek,łódź,Odyseja,Helios Łódź,18:00,,,regular,2026-07-27T11:25:04.908327
2026-07-27,poniedzialek,łódź,Odyseja,Helios Łódź,19:45,,,regular,2026-07-27T11:25:04.908327
2026-07-27,poniedzialek,łódź,Odyseja,Helios Łódź,21:30,,,regular,2026-07-27T11:25:04.908327
2026-07-27,poniedzialek,łódź,Odyseja,Kino Charlie w Łodzi,13:50,,,regular,2026-07-27T11:25:04.908327
2026-07-27,poniedzialek,łódź,Odyseja,Kino Charlie w Łodzi,17:00,,,regular,2026-07-27T11:25:04.908327
2026-07-27,poniedzialek,łódź,Odyseja,Kino Charlie w Łodzi,20:20,,,regular,2026-07-27T11:25:04.908327
2026-07-27,poniedzialek,łódź,Odyseja,Multikino Silver Screen Łódź,10:40,,,regular,2026-07-27T11:25:04.908327
2026-07-27,poniedzialek,łódź,Odyseja,Multikino Silver Screen Łódź,11:40,,,regular,2026-07-27T11:25:04.908327
2026-07-27,poniedzialek,łódź,Odyseja,Multikino Silver Screen Łódź,12:40,,,regular,2026-07-27T11:25:04.908327
2026-07-27,poniedzialek,łódź,Odyseja,Multikino Silver Screen Łódź,14:20,,,regular,2026-07-27T11:25:04.908327
2026-07-27,poniedzialek,łódź,Odyseja,Multikino Silver Screen Łódź,15:20,,,regular,2026-07-27T11:25:04.908327
2026-07-27,poniedzialek,łódź,Odyseja,Multikino Silver Screen Łódź,16:20,,,regular,2026-07-27T11:25:04.908327
2026-07-27,poniedzialek,łódź,Odyseja,Multikino Silver Screen Łódź,18:00,,,regular,2026-07-27T11:25:04.908327
2026-07-27,poniedzialek,łódź,Odyseja,Multikino Silver Screen Łódź,19:00,,,regular,2026-07-27T11:25:04.908327
2026-07-27,poniedzialek,łódź,Odyseja,Multikino Silver Screen Łódź,20:00,,,regular,2026-07-27T11:25:04.908327
2026-07-27,poniedzialek,łódź,Odyseja / Одіссея (ukr.),Cinema City Łódź Manufaktura,17:00,,,regular,2026-07-27T11:25:04.908327
2026-07-27,poniedzialek,łódź,Odyseja / Одіссея (ukr.),Cinema City Łódź Manufaktura,20:40,,,regular,2026-07-27T11:25:04.908327
2026-07-27,poniedzialek,łódź,Odyseja / Одіссея (ukr.),Multikino Silver Screen Łódź,14:55,,,regular,2026-07-27T11:25:04.908327
2026-07-27,poniedzialek,łódź,Odyseja / Одіссея (ukr.),Multikino Silver Screen Łódź,18:30,,,regular,2026-07-27T11:25:04.908327
2026-07-27,poniedzialek,łódź,Ojczyzna,Kino Charlie w Łodzi,16:50,,,regular,2026-07-27T11:25:04.908327
2026-07-27,poniedzialek,łódź,Ojczyzna,Kino Charlie w Łodzi,18:35,,,regular,2026-07-27T11:25:04.908327
2026-07-27,poniedzialek,łódź,Osiem i pół,Kino Kinematograf w Muzeum Kinematografii w Łodzi,18:00,,,regular,2026-07-27T11:25:04.908327
2026-07-27,poniedzialek,łódź,Ostatni konsjerż,Multikino Silver Screen Łódź,20:00,,,regular,2026-07-27T11:25:04.908327
2026-07-27,poniedzialek,łódź,Ostatnia sesja w Paryżu,Kino Charlie w Łodzi,16:00,,,regular,2026-07-27T11:25:04.908327
2026-07-27,poniedzialek,łódź,Ostatnia sesja w Paryżu,Kino Tatry w Łodzi,18:15,,,regular,2026-07-27T11:25:04.908327
2026-07-27,poniedzialek,łódź,Requiem dla snu,Cinema City Łódź Manufaktura,20:40,,,regular,2026-07-27T11:25:04.908327
2026-07-27,poniedzialek,łódź,Requiem dla snu,Kino Charlie w Łodzi,16:20,,,regular,2026-07-27T11:25:04.908327
2026-07-27,poniedzialek,łódź,Sny o słoniach,Kino Charlie w Łodzi,20:30,,,regular,2026-07-27T11:25:04.908327
2026-07-27,poniedzialek,łódź,Spider-Man. Całkiem nowy dzień,Cinema City Łódź Manufaktura,10:30,,,regular,2026-07-27T11:25:04.908327
2026-07-27,poniedzialek,łódź,Spider-Man. Całkiem nowy dzień,Cinema City Łódź Manufaktura,13:40,,,regular,2026-07-27T11:25:04.908327
2026-07-27,poniedzialek,łódź,Spider-Man. Całkiem nowy dzień,Cinema City Łódź Manufaktura,16:50,,,regular,2026-07-27T11:25:04.908327
2026-07-27,poniedzialek,łódź,Spider-Man. Całkiem nowy dzień,Cinema City Łódź Manufaktura,20:00,,,regular,2026-07-27T11:25:04.908327
2026-07-27,poniedzialek,łódź,Spider-Man. Całkiem nowy dzień,Cinema City Łódź Manufaktura,21:40,,,regular,2026-07-27T11:25:04.908327
2026-07-27,poniedzialek,łódź,Spider-Man. Całkiem nowy dzień,Helios Łódź,10:00,,,regular,2026-07-27T11:25:04.908327
2026-07-27,poniedzialek,łódź,Spider-Man. Całkiem nowy dzień,Helios Łódź,10:30,,,regular,2026-07-27T11:25:04.908327
2026-07-27,poniedzialek,łódź,Spider-Man. Całkiem nowy dzień,Helios Łódź,13:00,,,regular,2026-07-27T11:25:04.908327
2026-07-27,poniedzialek,łódź,Spider-Man. Całkiem nowy dzień,Helios Łódź,13:50,,,regular,2026-07-27T11:25:04.908327
2026-07-27,poniedzialek,łódź,Spider-Man. Całkiem nowy dzień,Helios Łódź,17:00,,,regular,2026-07-27T11:25:04.908327
2026-07-27,poniedzialek,łódź,Spider-Man. Całkiem nowy dzień,Helios Łódź,19:00,,,regular,2026-07-27T11:25:04.908327
2026-07-27,poniedzialek,łódź,Spider-Man. Całkiem nowy dzień,Helios Łódź,20:15,,,regular,2026-07-27T11:25:04.908327
2026-07-27,poniedzialek,łódź,Spider-Man. Całkiem nowy dzień,Multikino Silver Screen Łódź,10:30,,,regular,2026-07-27T11:25:04.908327
2026-07-27,poniedzialek,łódź,Spider-Man. Całkiem nowy dzień,Multikino Silver Screen Łódź,13:50,,,regular,2026-07-27T11:25:04.908327
2026-07-27,poniedzialek,łódź,Spider-Man. Całkiem nowy dzień,Multikino Silver Screen Łódź,17:10,,,regular,2026-07-27T11:25:04.908327
2026-07-27,poniedzialek,łódź,Spider-Man. Całkiem nowy dzień,Multikino Silver Screen Łódź,20:30,,,regular,2026-07-27T11:25:04.908327
2026-07-27,poniedzialek,łódź,Spider-Man. Całkiem nowy dzień,Multikino Silver Screen Łódź,21:30,,,regular,2026-07-27T11:25:04.908327
2026-07-27,poniedzialek,łódź,Spider-Man. Całkiem nowy dzień (dubbing),Cinema City Łódź Manufaktura,12:10,,dubbing,regular,2026-07-27T11:25:04.908327
2026-07-27,poniedzialek,łódź,Spider-Man. Całkiem nowy dzień (dubbing),Cinema City Łódź Manufaktura,15:20,,dubbing,regular,2026-07-27T11:25:04.908327
2026-07-27,poniedzialek,łódź,Spider-Man. Całkiem nowy dzień (dubbing),Cinema City Łódź Manufaktura,18:30,,dubbing,regular,2026-07-27T11:25:04.908327
2026-07-27,poniedzialek,łódź,Spider-Man. Całkiem nowy dzień (dubbing),Multikino Silver Screen Łódź,14:50,,dubbing,regular,2026-07-27T11:25:04.908327
2026-07-27,poniedzialek,łódź,Spider-Man. Całkiem nowy dzień (dubbing),Multikino Silver Screen Łódź,18:10,,dubbing,regular,2026-07-27T11:25:04.908327
2026-07-27,poniedzialek,łódź,Spider-Man. Całkiem nowy dzień 3D,Cinema City Łódź Manufaktura,18:00,3D,,regular,2026-07-27T11:25:04.908327
2026-07-27,poniedzialek,łódź,Spider-Man. Całkiem nowy dzień 3D,Cinema City Łódź Manufaktura,20:50,3D,,regular,2026-07-27T11:25:04.908327
2026-07-27,poniedzialek,łódź,Spider-Man. Całkiem nowy dzień 3D (dubbing),Cinema City Łódź Manufaktura,14:00,3D,dubbing,regular,2026-07-27T11:25:04.908327
2026-07-27,poniedzialek,łódź,Spider-Man. Całkiem nowy dzień 3D (dubbing),Cinema City Łódź Manufaktura,14:50,3D,dubbing,regular,2026-07-27T11:25:04.908327
2026-07-27,poniedzialek,łódź,Spider-Man. Całkiem nowy dzień 3D (dubbing),Multikino Silver Screen Łódź,11:30,3D,dubbing,regular,2026-07-27T11:25:04.908327
2026-07-27,poniedzialek,łódź,Takie jest życie,Kino Charlie w Łodzi,17:40,,,regular,2026-07-27T11:25:04.908327
2026-07-27,poniedzialek,łódź,Takie jest życie,Kino Charlie w Łodzi,20:20,,,regular,2026-07-27T11:25:04.908327
2026-07-27,poniedzialek,łódź,Toy Story 5 (dubbing),Cinema City Łódź Manufaktura,10:00,,dubbing,regular,2026-07-27T11:25:04.908327
2026-07-27,poniedzialek,łódź,Toy Story 5 (dubbing),Cinema City Łódź Manufaktura,12:20,,dubbing,regular,2026-07-27T11:25:04.908327
2026-07-27,poniedzialek,łódź,Toy Story 5 (dubbing),Cinema City Łódź Manufaktura,14:40,,dubbing,regular,2026-07-27T11:25:04.908327
2026-07-27,poniedzialek,łódź,Toy Story 5 (dubbing),Helios Łódź,10:20,,dubbing,regular,2026-07-27T11:25:04.908327
2026-07-27,poniedzialek,łódź,Toy Story 5 (dubbing),Helios Łódź,13:10,,dubbing,regular,2026-07-27T11:25:04.908327
2026-07-27,poniedzialek,łódź,Toy Story 5 (dubbing),Helios Łódź,16:15,,dubbing,regular,2026-07-27T11:25:04.908327
2026-07-27,poniedzialek,łódź,Toy Story 5 (dubbing),Multikino Silver Screen Łódź,10:05,,dubbing,regular,2026-07-27T11:25:04.908327
2026-07-27,poniedzialek,łódź,Toy Story 5 (dubbing),Multikino Silver Screen Łódź,12:30,,dubbing,regular,2026-07-27T11:25:04.908327
2026-07-27,poniedzialek,łódź,Toy Story 5 (dubbing),Multikino Silver Screen Łódź,14:55,,dubbing,regular,2026-07-27T11:25:04.908327
2026-07-27,poniedzialek,łódź,Toy Story 5 (dubbing),Multikino Silver Screen Łódź,17:20,,dubbing,regular,2026-07-27T11:25:04.908327
2026-07-27,poniedzialek,łódź,Vaiana,Helios Łódź,14:00,,,regular,2026-07-27T11:25:04.908327
2026-07-27,poniedzialek,łódź,Vaiana,Helios Łódź,16:40,,,regular,2026-07-27T11:25:04.908327
2026-07-27,poniedzialek,łódź,Vaiana,Helios Łódź,18:45,,,regular,2026-07-27T11:25:04.908327
2026-07-27,poniedzialek,łódź,Vaiana (dubbing),Cinema City Łódź Manufaktura,10:30,,dubbing,regular,2026-07-27T11:25:04.908327
2026-07-27,poniedzialek,łódź,Vaiana (dubbing),Cinema City Łódź Manufaktura,11:00,,dubbing,regular,2026-07-27T11:25:04.908327
2026-07-27,poniedzialek,łódź,Vaiana (dubbing),Cinema City Łódź Manufaktura,13:10,,dubbing,regular,2026-07-27T11:25:04.908327
2026-07-27,poniedzialek,łódź,Vaiana (dubbing),Cinema City Łódź Manufaktura,13:30,,dubbing,regular,2026-07-27T11:25:04.908327
2026-07-27,poniedzialek,łódź,Vaiana (dubbing),Cinema City Łódź Manufaktura,15:50,,dubbing,regular,2026-07-27T11:25:04.908327
2026-07-27,poniedzialek,łódź,Vaiana (dubbing),Cinema City Łódź Manufaktura,18:30,,dubbing,regular,2026-07-27T11:25:04.908327
2026-07-27,poniedzialek,łódź,Vaiana (dubbing),Multikino Silver Screen Łódź,10:20,,dubbing,regular,2026-07-27T11:25:04.908327
2026-07-27,poniedzialek,łódź,Vaiana (dubbing),Multikino Silver Screen Łódź,13:00,,dubbing,regular,2026-07-27T11:25:04.908327
2026-07-27,poniedzialek,łódź,Vaiana (dubbing),Multikino Silver Screen Łódź,15:40,,dubbing,regular,2026-07-27T11:25:04.908327
2026-07-27,poniedzialek,łódź,Vaiana (dubbing),Multikino Silver Screen Łódź,18:20,,dubbing,regular,2026-07-27T11:25:04.908327
2026-07-27,poniedzialek,łódź,Wędrówka na północ,Kino Charlie w Łodzi,20:00,,,regular,2026-07-27T11:25:04.908327
2026-07-27,poniedzialek,łódź,Wielki Łuk,Kino Charlie w Łodzi,15:45,,,regular,2026-07-27T11:25:04.908327
2026-07-27,poniedzialek,łódź,Zaproszenie,Cinema City Łódź Manufaktura,11:10,,,regular,2026-07-27T11:25:04.908327
2026-07-27,poniedzialek,łódź,Zaproszenie,Cinema City Łódź Manufaktura,13:40,,,regular,2026-07-27T11:25:04.908327
2026-07-27,poniedzialek,łódź,Zaproszenie,Cinema City Łódź Manufaktura,16:15,,,regular,2026-07-27T11:25:04.908327
2026-07-27,poniedzialek,łódź,Zaproszenie,Cinema City Łódź Manufaktura,18:50,,,regular,2026-07-27T11:25:04.908327
2026-07-27,poniedzialek,łódź,Zaproszenie,Cinema City Łódź Manufaktura,21:20,,,regular,2026-07-27T11:25:04.908327
2026-07-27,poniedzialek,łódź,Zaproszenie,Helios Łódź,20:00,,,regular,2026-07-27T11:25:04.908327
2026-07-27,poniedzialek,łódź,Zaproszenie,Kino Charlie w Łodzi,15:55,,,regular,2026-07-27T11:25:04.908327
2026-07-27,poniedzialek,łódź,Zaproszenie,Kino Charlie w Łodzi,18:05,,,regular,2026-07-27T11:25:04.908327
2026-07-27,poniedzialek,łódź,Zaproszenie,Kino Charlie w Łodzi,20:20,,,regular,2026-07-27T11:25:04.908327
2026-07-27,poniedzialek,łódź,Zaproszenie,Multikino Silver Screen Łódź,21:00,,,regular,2026-07-27T11:25:04.908327
2026-07-27,poniedzialek,łódź,Znaki Pana Śliwki,Kino Charlie w Łodzi,14:45,,,regular,2026-07-27T11:25:04.908327
2026-07-27,poniedzialek,łódź,Znaki Pana Śliwki,Kino Tatry w Łodzi,20:00,,,regular,2026-07-27T11:25:04.908327
2026-07-27,poniedzialek,łódź,Людина-павук: Абсолютно новий день / Spider-Man. Całkiem nowy dzień (ukr.),Cinema City Łódź Manufaktura,16:00,,,regular,2026-07-27T11:25:04.908327
2026-07-27,poniedzialek,szczecin,Arek.Mama.Panorama,Kino Pionier 1907 w Szczecinie,17:30,,,regular,2026-07-27T11:25:07.607805
2026-07-27,poniedzialek,szczecin,Backrooms. Bez wyjścia,Helios Szczecin Outlet Park,21:45,,,regular,2026-07-27T11:25:07.607805
2026-07-27,poniedzialek,szczecin,Backrooms. Bez wyjścia,Multikino Szczecin,21:40,,,regular,2026-07-27T11:25:07.607805
2026-07-27,poniedzialek,szczecin,Ekipa zwierzaków,Helios Szczecin CHR Kupiec,13:20,,,regular,2026-07-27T11:25:07.607805
2026-07-27,poniedzialek,szczecin,Ekipa zwierzaków,Helios Szczecin Outlet Park,10:30,,,regular,2026-07-27T11:25:07.607805
2026-07-27,poniedzialek,szczecin,Ekipa zwierzaków,Helios Szczecin Outlet Park,15:10,,,regular,2026-07-27T11:25:07.607805
2026-07-27,poniedzialek,szczecin,Ekipa zwierzaków,Helios Szczecin Outlet Park,17:15,,,regular,2026-07-27T11:25:07.607805
2026-07-27,poniedzialek,szczecin,Ekipa zwierzaków (dubbing),Multikino Szczecin,11:10,,dubbing,regular,2026-07-27T11:25:07.607805
2026-07-27,poniedzialek,szczecin,Ekipa zwierzaków (dubbing),Multikino Szczecin,13:20,,dubbing,regular,2026-07-27T11:25:07.607805
2026-07-27,poniedzialek,szczecin,Ekipa zwierzaków (dubbing),Multikino Szczecin,15:35,,dubbing,regular,2026-07-27T11:25:07.607805
2026-07-27,poniedzialek,szczecin,Ekipa zwierzaków (dubbing),Multikino Szczecin,17:50,,dubbing,regular,2026-07-27T11:25:07.607805
2026-07-27,poniedzialek,szczecin,Jej piekło,Multikino Szczecin,20:10,,,regular,2026-07-27T11:25:07.607805
2026-07-27,poniedzialek,szczecin,Martwe zło: Ogień,Helios Szczecin CHR Kupiec,19:00,,,regular,2026-07-27T11:25:07.607805
2026-07-27,poniedzialek,szczecin,Martwe zło: Ogień,Helios Szczecin CHR Kupiec,21:30,,,regular,2026-07-27T11:25:07.607805
2026-07-27,poniedzialek,szczecin,Martwe zło: Ogień,Helios Szczecin Outlet Park,19:00,,,regular,2026-07-27T11:25:07.607805
2026-07-27,poniedzialek,szczecin,Martwe zło: Ogień,Multikino Szczecin,20:50,,,regular,2026-07-27T11:25:07.607805
2026-07-27,poniedzialek,szczecin,Milczenie owiec,Kino Pionier 1907 w Szczecinie,19:15,,,regular,2026-07-27T11:25:07.607805
2026-07-27,poniedzialek,szczecin,Minionki i straszydła (dubbing),Helios Szczecin CHR Kupiec,10:00,,dubbing,regular,2026-07-27T11:25:07.607805
2026-07-27,poniedzialek,szczecin,Minionki i straszydła (dubbing),Helios Szczecin CHR Kupiec,12:15,,dubbing,regular,2026-07-27T11:25:07.607805
2026-07-27,poniedzialek,szczecin,Minionki i straszydła (dubbing),Helios Szczecin CHR Kupiec,14:30,,dubbing,regular,2026-07-27T11:25:07.607805
2026-07-27,poniedzialek,szczecin,Minionki i straszydła (dubbing),Helios Szczecin CHR Kupiec,16:45,,dubbing,regular,2026-07-27T11:25:07.607805
2026-07-27,poniedzialek,szczecin,Minionki i straszydła (dubbing),Helios Szczecin Outlet Park,10:00,,dubbing,regular,2026-07-27T11:25:07.607805
2026-07-27,poniedzialek,szczecin,Minionki i straszydła (dubbing),Helios Szczecin Outlet Park,10:50,,dubbing,regular,2026-07-27T11:25:07.607805
2026-07-27,poniedzialek,szczecin,Minionki i straszydła (dubbing),Helios Szczecin Outlet Park,13:00,,dubbing,regular,2026-07-27T11:25:07.607805
2026-07-27,poniedzialek,szczecin,Minionki i straszydła (dubbing),Helios Szczecin Outlet Park,16:15,,dubbing,regular,2026-07-27T11:25:07.607805
2026-07-27,poniedzialek,szczecin,Minionki i straszydła (dubbing),Multikino Szczecin,10:00,,dubbing,regular,2026-07-27T11:25:07.607805
2026-07-27,poniedzialek,szczecin,Minionki i straszydła (dubbing),Multikino Szczecin,10:10,,dubbing,regular,2026-07-27T11:25:07.607805
2026-07-27,poniedzialek,szczecin,Minionki i straszydła (dubbing),Multikino Szczecin,12:20,,dubbing,regular,2026-07-27T11:25:07.607805
2026-07-27,poniedzialek,szczecin,Minionki i straszydła (dubbing),Multikino Szczecin,14:30,,dubbing,regular,2026-07-27T11:25:07.607805
2026-07-27,poniedzialek,szczecin,Minionki i straszydła (dubbing),Multikino Szczecin,15:20,,dubbing,regular,2026-07-27T11:25:07.607805
2026-07-27,poniedzialek,szczecin,Minionki i straszydła (dubbing),Multikino Szczecin,16:40,,dubbing,regular,2026-07-27T11:25:07.607805
2026-07-27,poniedzialek,szczecin,Obsesja,Helios Szczecin Outlet Park,21:30,,,regular,2026-07-27T11:25:07.607805
2026-07-27,poniedzialek,szczecin,Obsesja,Multikino Szczecin,12:45,,,regular,2026-07-27T11:25:07.607805
2026-07-27,poniedzialek,szczecin,Odyseja,Helios Szczecin CHR Kupiec,12:40,,,regular,2026-07-27T11:25:07.607805
2026-07-27,poniedzialek,szczecin,Odyseja,Helios Szczecin CHR Kupiec,16:20,,,regular,2026-07-27T11:25:07.607805
2026-07-27,poniedzialek,szczecin,Odyseja,Helios Szczecin CHR Kupiec,20:00,,,regular,2026-07-27T11:25:07.607805
2026-07-27,poniedzialek,szczecin,Odyseja,Helios Szczecin Outlet Park,10:20,,,regular,2026-07-27T11:25:07.607805
2026-07-27,poniedzialek,szczecin,Odyseja,Helios Szczecin Outlet Park,12:20,,,regular,2026-07-27T11:25:07.607805
2026-07-27,poniedzialek,szczecin,Odyseja,Helios Szczecin Outlet Park,14:00,,,regular,2026-07-27T11:25:07.607805
2026-07-27,poniedzialek,szczecin,Odyseja,Helios Szczecin Outlet Park,16:00,,,regular,2026-07-27T11:25:07.607805
2026-07-27,poniedzialek,szczecin,Odyseja,Helios Szczecin Outlet Park,17:40,,,regular,2026-07-27T11:25:07.607805
2026-07-27,poniedzialek,szczecin,Odyseja,Helios Szczecin Outlet Park,18:30,,,regular,2026-07-27T11:25:07.607805
2026-07-27,poniedzialek,szczecin,Odyseja,Helios Szczecin Outlet Park,19:45,,,regular,2026-07-27T11:25:07.607805
2026-07-27,poniedzialek,szczecin,Odyseja,Helios Szczecin Outlet Park,21:20,,,regular,2026-07-27T11:25:07.607805
2026-07-27,poniedzialek,szczecin,Odyseja,Kino Pionier 1907 w Szczecinie,19:00,,,regular,2026-07-27T11:25:07.607805
2026-07-27,poniedzialek,szczecin,Odyseja,Multikino Szczecin,10:20,,,regular,2026-07-27T11:25:07.607805
2026-07-27,poniedzialek,szczecin,Odyseja,Multikino Szczecin,12:20,,,regular,2026-07-27T11:25:07.607805
2026-07-27,poniedzialek,szczecin,Odyseja,Multikino Szczecin,14:10,,,regular,2026-07-27T11:25:07.607805
2026-07-27,poniedzialek,szczecin,Odyseja,Multikino Szczecin,16:10,,,regular,2026-07-27T11:25:07.607805
2026-07-27,poniedzialek,szczecin,Odyseja,Multikino Szczecin,17:10,,,regular,2026-07-27T11:25:07.607805
2026-07-27,poniedzialek,szczecin,Odyseja,Multikino Szczecin,18:00,,,regular,2026-07-27T11:25:07.607805
2026-07-27,poniedzialek,szczecin,Odyseja,Multikino Szczecin,20:00,,,regular,2026-07-27T11:25:07.607805
2026-07-27,poniedzialek,szczecin,Odyseja,Multikino Szczecin,21:00,,,regular,2026-07-27T11:25:07.607805
2026-07-27,poniedzialek,szczecin,Ostatni konsjerż,Multikino Szczecin,20:00,,,regular,2026-07-27T11:25:07.607805
2026-07-27,poniedzialek,szczecin,Pucio,Multikino Szczecin,10:15,,,regular,2026-07-27T11:25:07.607805
2026-07-27,poniedzialek,szczecin,Requiem dla snu,Multikino Szczecin,22:00,,,regular,2026-07-27T11:25:07.607805
2026-07-27,poniedzialek,szczecin,Spider-Man. Całkiem nowy dzień,Helios Szczecin CHR Kupiec,11:00,,,regular,2026-07-27T11:25:07.607805
2026-07-27,poniedzialek,szczecin,Spider-Man. Całkiem nowy dzień,Helios Szczecin CHR Kupiec,14:15,,,regular,2026-07-27T11:25:07.607805
2026-07-27,poniedzialek,szczecin,Spider-Man. Całkiem nowy dzień,Helios Szczecin CHR Kupiec,17:30,,,regular,2026-07-27T11:25:07.607805
2026-07-27,poniedzialek,szczecin,Spider-Man. Całkiem nowy dzień,Helios Szczecin CHR Kupiec,20:45,,,regular,2026-07-27T11:25:07.607805
2026-07-27,poniedzialek,szczecin,Spider-Man. Całkiem nowy dzień,Helios Szczecin Outlet Park,11:30,,,regular,2026-07-27T11:25:07.607805
2026-07-27,poniedzialek,szczecin,Spider-Man. Całkiem nowy dzień,Helios Szczecin Outlet Park,14:45,,,regular,2026-07-27T11:25:07.607805
2026-07-27,poniedzialek,szczecin,Spider-Man. Całkiem nowy dzień,Helios Szczecin Outlet Park,18:00,,,regular,2026-07-27T11:25:07.607805
2026-07-27,poniedzialek,szczecin,Spider-Man. Całkiem nowy dzień,Helios Szczecin Outlet Park,21:15,,,regular,2026-07-27T11:25:07.607805
2026-07-27,poniedzialek,szczecin,Spider-Man. Całkiem nowy dzień,Multikino Szczecin,10:30,,,regular,2026-07-27T11:25:07.607805
2026-07-27,poniedzialek,szczecin,Spider-Man. Całkiem nowy dzień,Multikino Szczecin,13:50,,,regular,2026-07-27T11:25:07.607805
2026-07-27,poniedzialek,szczecin,Spider-Man. Całkiem nowy dzień,Multikino Szczecin,17:10,,,regular,2026-07-27T11:25:07.607805
2026-07-27,poniedzialek,szczecin,Spider-Man. Całkiem nowy dzień,Multikino Szczecin,17:40,,,regular,2026-07-27T11:25:07.607805
2026-07-27,poniedzialek,szczecin,Spider-Man. Całkiem nowy dzień,Multikino Szczecin,18:50,,,regular,2026-07-27T11:25:07.607805
2026-07-27,poniedzialek,szczecin,Spider-Man. Całkiem nowy dzień,Multikino Szczecin,20:30,,,regular,2026-07-27T11:25:07.607805
2026-07-27,poniedzialek,szczecin,Spider-Man. Całkiem nowy dzień,Multikino Szczecin,21:30,,,regular,2026-07-27T11:25:07.607805
2026-07-27,poniedzialek,szczecin,Spider-Man. Całkiem nowy dzień (dubbing),Multikino Szczecin,11:30,,dubbing,regular,2026-07-27T11:25:07.607805
2026-07-27,poniedzialek,szczecin,Spider-Man. Całkiem nowy dzień (dubbing),Multikino Szczecin,18:10,,dubbing,regular,2026-07-27T11:25:07.607805
2026-07-27,poniedzialek,szczecin,Spider-Man. Całkiem nowy dzień 3D (dubbing),Multikino Szczecin,14:50,3D,dubbing,regular,2026-07-27T11:25:07.607805
2026-07-27,poniedzialek,szczecin,Toy Story 5 (dubbing),Helios Szczecin CHR Kupiec,10:15,,dubbing,regular,2026-07-27T11:25:07.607805
2026-07-27,poniedzialek,szczecin,Toy Story 5 (dubbing),Helios Szczecin Outlet Park,16:30,,dubbing,regular,2026-07-27T11:25:07.607805
2026-07-27,poniedzialek,szczecin,Toy Story 5 (dubbing),Multikino Szczecin,10:10,,dubbing,regular,2026-07-27T11:25:07.607805
2026-07-27,poniedzialek,szczecin,Toy Story 5 (dubbing),Multikino Szczecin,12:35,,dubbing,regular,2026-07-27T11:25:07.607805
2026-07-27,poniedzialek,szczecin,Toy Story 5 (dubbing),Multikino Szczecin,15:10,,dubbing,regular,2026-07-27T11:25:07.607805
2026-07-27,poniedzialek,szczecin,Toy Story 5 (dubbing),Multikino Szczecin,17:30,,dubbing,regular,2026-07-27T11:25:07.607805
2026-07-27,poniedzialek,szczecin,Vaiana,Helios Szczecin CHR Kupiec,10:40,,,regular,2026-07-27T11:25:07.607805
2026-07-27,poniedzialek,szczecin,Vaiana,Helios Szczecin CHR Kupiec,15:30,,,regular,2026-07-27T11:25:07.607805
2026-07-27,poniedzialek,szczecin,Vaiana,Helios Szczecin CHR Kupiec,18:20,,,regular,2026-07-27T11:25:07.607805
2026-07-27,poniedzialek,szczecin,Vaiana,Helios Szczecin Outlet Park,12:45,,,regular,2026-07-27T11:25:07.607805
2026-07-27,poniedzialek,szczecin,Vaiana,Helios Szczecin Outlet Park,15:30,,,regular,2026-07-27T11:25:07.607805
2026-07-27,poniedzialek,szczecin,Vaiana,Helios Szczecin Outlet Park,18:15,,,regular,2026-07-27T11:25:07.607805
2026-07-27,poniedzialek,szczecin,Vaiana (dubbing),Multikino Szczecin,10:00,,dubbing,regular,2026-07-27T11:25:07.607805
2026-07-27,poniedzialek,szczecin,Vaiana (dubbing),Multikino Szczecin,11:40,,dubbing,regular,2026-07-27T11:25:07.607805
2026-07-27,poniedzialek,szczecin,Vaiana (dubbing),Multikino Szczecin,14:20,,dubbing,regular,2026-07-27T11:25:07.607805
2026-07-27,poniedzialek,szczecin,Zaproszenie,Helios Szczecin CHR Kupiec,21:00,,,regular,2026-07-27T11:25:07.607805
2026-07-27,poniedzialek,szczecin,Zaproszenie,Helios Szczecin Outlet Park,19:15,,,regular,2026-07-27T11:25:07.607805
2026-07-27,poniedzialek,szczecin,Zaproszenie,Kino Pionier 1907 w Szczecinie,16:45,,,regular,2026-07-27T11:25:07.607805
2026-07-27,poniedzialek,szczecin,Zaproszenie,Multikino Szczecin,21:50,,,regular,2026-07-27T11:25:07.607805
2026-07-27,poniedzialek,szczecin,Людина-павук: Абсолютно новий день / Spider-Man. Całkiem nowy dzień (ukr.),Helios Szczecin Outlet Park,20:50,,,regular,2026-07-27T11:25:07.607805
2026-07-27,poniedzialek,bydgoszcz,Backrooms. Bez wyjścia,Cinema City Bydgoszcz,11:50,,,regular,2026-07-27T11:25:09.775586
2026-07-27,poniedzialek,bydgoszcz,Backrooms. Bez wyjścia,Cinema City Bydgoszcz,14:20,,,regular,2026-07-27T11:25:09.775586
2026-07-27,poniedzialek,bydgoszcz,Backrooms. Bez wyjścia,Cinema City Bydgoszcz,19:30,,,regular,2026-07-27T11:25:09.775586
2026-07-27,poniedzialek,bydgoszcz,Backrooms. Bez wyjścia,Cinema City Bydgoszcz,21:10,,,regular,2026-07-27T11:25:09.775586
2026-07-27,poniedzialek,bydgoszcz,Backrooms. Bez wyjścia,Cinema City Bydgoszcz,22:00,,,regular,2026-07-27T11:25:09.775586
2026-07-27,poniedzialek,bydgoszcz,Backrooms. Bez wyjścia,Helios Bydgoszcz,21:30,,,regular,2026-07-27T11:25:09.775586
2026-07-27,poniedzialek,bydgoszcz,Ekipa zwierzaków,Helios Bydgoszcz,10:00,,,regular,2026-07-27T11:25:09.775586
2026-07-27,poniedzialek,bydgoszcz,Ekipa zwierzaków,Helios Bydgoszcz,11:00,,,regular,2026-07-27T11:25:09.775586
2026-07-27,poniedzialek,bydgoszcz,Ekipa zwierzaków,Helios Bydgoszcz,13:15,,,regular,2026-07-27T11:25:09.775586
2026-07-27,poniedzialek,bydgoszcz,Ekipa zwierzaków,Helios Bydgoszcz,17:00,,,regular,2026-07-27T11:25:09.775586
2026-07-27,poniedzialek,bydgoszcz,Ekipa zwierzaków (dubbing),Cinema City Bydgoszcz,11:20,,dubbing,regular,2026-07-27T11:25:09.775586
2026-07-27,poniedzialek,bydgoszcz,Ekipa zwierzaków (dubbing),Cinema City Bydgoszcz,13:30,,dubbing,regular,2026-07-27T11:25:09.775586
2026-07-27,poniedzialek,bydgoszcz,Ekipa zwierzaków (dubbing),Cinema City Bydgoszcz,15:40,,dubbing,regular,2026-07-27T11:25:09.775586
2026-07-27,poniedzialek,bydgoszcz,Ekipa zwierzaków (dubbing),Cinema City Bydgoszcz,17:50,,dubbing,regular,2026-07-27T11:25:09.775586
2026-07-27,poniedzialek,bydgoszcz,Ekipa zwierzaków (dubbing),Multikino Bydgoszcz,10:30,,dubbing,regular,2026-07-27T11:25:09.775586
2026-07-27,poniedzialek,bydgoszcz,Ekipa zwierzaków (dubbing),Multikino Bydgoszcz,13:20,,dubbing,regular,2026-07-27T11:25:09.775586
2026-07-27,poniedzialek,bydgoszcz,Ekipa zwierzaków (dubbing),Multikino Bydgoszcz,15:25,,dubbing,regular,2026-07-27T11:25:09.775586
2026-07-27,poniedzialek,bydgoszcz,Ekipa zwierzaków (dubbing),Multikino Bydgoszcz,17:30,,dubbing,regular,2026-07-27T11:25:09.775586
2026-07-27,poniedzialek,bydgoszcz,Ghost In the Shell,Cinema City Bydgoszcz,18:00,,,regular,2026-07-27T11:25:09.775586
2026-07-27,poniedzialek,bydgoszcz,Ghost In the Shell,Multikino Bydgoszcz,13:00,,,regular,2026-07-27T11:25:09.775586
2026-07-27,poniedzialek,bydgoszcz,Jej piekło,Cinema City Bydgoszcz,20:00,,,regular,2026-07-27T11:25:09.775586
2026-07-27,poniedzialek,bydgoszcz,Jej piekło,Cinema City Bydgoszcz,22:30,,,regular,2026-07-27T11:25:09.775586
2026-07-27,poniedzialek,bydgoszcz,Jej piekło,Multikino Bydgoszcz,19:35,,,regular,2026-07-27T11:25:09.775586
2026-07-27,poniedzialek,bydgoszcz,Martwe zło: Ogień,Cinema City Bydgoszcz,21:00,,,regular,2026-07-27T11:25:09.775586
2026-07-27,poniedzialek,bydgoszcz,Martwe zło: Ogień,Helios Bydgoszcz,16:00,,,regular,2026-07-27T11:25:09.775586
2026-07-27,poniedzialek,bydgoszcz,Martwe zło: Ogień,Helios Bydgoszcz,21:40,,,regular,2026-07-27T11:25:09.775586
2026-07-27,poniedzialek,bydgoszcz,Martwe zło: Ogień,Multikino Bydgoszcz,21:30,,,regular,2026-07-27T11:25:09.775586
2026-07-27,poniedzialek,bydgoszcz,Minionki i straszydła (dubbing),Cinema City Bydgoszcz,10:10,,dubbing,regular,2026-07-27T11:25:09.775586
2026-07-27,poniedzialek,bydgoszcz,Minionki i straszydła (dubbing),Cinema City Bydgoszcz,10:40,,dubbing,regular,2026-07-27T11:25:09.775586
2026-07-27,poniedzialek,bydgoszcz,Minionki i straszydła (dubbing),Cinema City Bydgoszcz,12:20,,dubbing,regular,2026-07-27T11:25:09.775586
2026-07-27,poniedzialek,bydgoszcz,Minionki i straszydła (dubbing),Cinema City Bydgoszcz,12:50,,dubbing,regular,2026-07-27T11:25:09.775586
2026-07-27,poniedzialek,bydgoszcz,Minionki i straszydła (dubbing),Cinema City Bydgoszcz,14:30,,dubbing,regular,2026-07-27T11:25:09.775586
2026-07-27,poniedzialek,bydgoszcz,Minionki i straszydła (dubbing),Cinema City Bydgoszcz,15:00,,dubbing,regular,2026-07-27T11:25:09.775586
2026-07-27,poniedzialek,bydgoszcz,Minionki i straszydła (dubbing),Cinema City Bydgoszcz,16:40,,dubbing,regular,2026-07-27T11:25:09.775586
2026-07-27,poniedzialek,bydgoszcz,Minionki i straszydła (dubbing),Cinema City Bydgoszcz,17:10,,dubbing,regular,2026-07-27T11:25:09.775586
2026-07-27,poniedzialek,bydgoszcz,Minionki i straszydła (dubbing),Helios Bydgoszcz,10:00,,dubbing,regular,2026-07-27T11:25:09.775586
2026-07-27,poniedzialek,bydgoszcz,Minionki i straszydła (dubbing),Helios Bydgoszcz,11:20,,dubbing,regular,2026-07-27T11:25:09.775586
2026-07-27,poniedzialek,bydgoszcz,Minionki i straszydła (dubbing),Helios Bydgoszcz,13:40,,dubbing,regular,2026-07-27T11:25:09.775586
2026-07-27,poniedzialek,bydgoszcz,Minionki i straszydła (dubbing),Helios Bydgoszcz,14:15,,dubbing,regular,2026-07-27T11:25:09.775586
2026-07-27,poniedzialek,bydgoszcz,Minionki i straszydła (dubbing),Helios Bydgoszcz,16:30,,dubbing,regular,2026-07-27T11:25:09.775586
2026-07-27,poniedzialek,bydgoszcz,Minionki i straszydła (dubbing),Helios Bydgoszcz,17:45,,dubbing,regular,2026-07-27T11:25:09.775586
2026-07-27,poniedzialek,bydgoszcz,Minionki i straszydła (dubbing),Multikino Bydgoszcz,10:05,,dubbing,regular,2026-07-27T11:25:09.775586
2026-07-27,poniedzialek,bydgoszcz,Minionki i straszydła (dubbing),Multikino Bydgoszcz,11:10,,dubbing,regular,2026-07-27T11:25:09.775586
2026-07-27,poniedzialek,bydgoszcz,Minionki i straszydła (dubbing),Multikino Bydgoszcz,12:15,,dubbing,regular,2026-07-27T11:25:09.775586
2026-07-27,poniedzialek,bydgoszcz,Minionki i straszydła (dubbing),Multikino Bydgoszcz,14:25,,dubbing,regular,2026-07-27T11:25:09.775586
2026-07-27,poniedzialek,bydgoszcz,Minionki i straszydła (dubbing),Multikino Bydgoszcz,16:35,,dubbing,regular,2026-07-27T11:25:09.775586
2026-07-27,poniedzialek,bydgoszcz,Minionki i straszydła (dubbing),Multikino Bydgoszcz,18:45,,dubbing,regular,2026-07-27T11:25:09.775586
2026-07-27,poniedzialek,bydgoszcz,O czym sobie nie mówimy,Multikino Bydgoszcz,10:20,,,regular,2026-07-27T11:25:09.775586
2026-07-27,poniedzialek,bydgoszcz,Obsesja,Cinema City Bydgoszcz,19:10,,,regular,2026-07-27T11:25:09.775586
2026-07-27,poniedzialek,bydgoszcz,Obsesja,Cinema City Bydgoszcz,21:40,,,regular,2026-07-27T11:25:09.775586
2026-07-27,poniedzialek,bydgoszcz,Obsesja,Helios Bydgoszcz,19:00,,,regular,2026-07-27T11:25:09.775586
2026-07-27,poniedzialek,bydgoszcz,Obsesja,Multikino Bydgoszcz,20:55,,,regular,2026-07-27T11:25:09.775586
2026-07-27,poniedzialek,bydgoszcz,Odyseja,Cinema City Bydgoszcz,10:00,,,regular,2026-07-27T11:25:09.775586
2026-07-27,poniedzialek,bydgoszcz,Odyseja,Cinema City Bydgoszcz,10:30,,,regular,2026-07-27T11:25:09.775586
2026-07-27,poniedzialek,bydgoszcz,Odyseja,Cinema City Bydgoszcz,11:30,,,regular,2026-07-27T11:25:09.775586
2026-07-27,poniedzialek,bydgoszcz,Odyseja,Cinema City Bydgoszcz,13:45,,,regular,2026-07-27T11:25:09.775586
2026-07-27,poniedzialek,bydgoszcz,Odyseja,Cinema City Bydgoszcz,15:15,,,regular,2026-07-27T11:25:09.775586
2026-07-27,poniedzialek,bydgoszcz,Odyseja,Cinema City Bydgoszcz,17:10,,,regular,2026-07-27T11:25:09.775586
2026-07-27,poniedzialek,bydgoszcz,Odyseja,Cinema City Bydgoszcz,17:30,,,regular,2026-07-27T11:25:09.775586
2026-07-27,poniedzialek,bydgoszcz,Odyseja,Cinema City Bydgoszcz,19:00,,,regular,2026-07-27T11:25:09.775586
2026-07-27,poniedzialek,bydgoszcz,Odyseja,Cinema City Bydgoszcz,21:15,,,regular,2026-07-27T11:25:09.775586
2026-07-27,poniedzialek,bydgoszcz,Odyseja,Helios Bydgoszcz,12:15,,,regular,2026-07-27T11:25:09.775586
2026-07-27,poniedzialek,bydgoszcz,Odyseja,Helios Bydgoszcz,15:50,,,regular,2026-07-27T11:25:09.775586
2026-07-27,poniedzialek,bydgoszcz,Odyseja,Helios Bydgoszcz,18:30,,,regular,2026-07-27T11:25:09.775586
2026-07-27,poniedzialek,bydgoszcz,Odyseja,Helios Bydgoszcz,19:30,,,regular,2026-07-27T11:25:09.775586
2026-07-27,poniedzialek,bydgoszcz,Odyseja,Helios Bydgoszcz,20:30,,,regular,2026-07-27T11:25:09.775586
2026-07-27,poniedzialek,bydgoszcz,Odyseja,Multikino Bydgoszcz,10:40,,,regular,2026-07-27T11:25:09.775586
2026-07-27,poniedzialek,bydgoszcz,Odyseja,Multikino Bydgoszcz,11:40,,,regular,2026-07-27T11:25:09.775586
2026-07-27,poniedzialek,bydgoszcz,Odyseja,Multikino Bydgoszcz,12:40,,,regular,2026-07-27T11:25:09.775586
2026-07-27,poniedzialek,bydgoszcz,Odyseja,Multikino Bydgoszcz,14:20,,,regular,2026-07-27T11:25:09.775586
2026-07-27,poniedzialek,bydgoszcz,Odyseja,Multikino Bydgoszcz,15:20,,,regular,2026-07-27T11:25:09.775586
2026-07-27,poniedzialek,bydgoszcz,Odyseja,Multikino Bydgoszcz,16:20,,,regular,2026-07-27T11:25:09.775586
2026-07-27,poniedzialek,bydgoszcz,Odyseja,Multikino Bydgoszcz,18:00,,,regular,2026-07-27T11:25:09.775586
2026-07-27,poniedzialek,bydgoszcz,Odyseja,Multikino Bydgoszcz,19:00,,,regular,2026-07-27T11:25:09.775586
2026-07-27,poniedzialek,bydgoszcz,Odyseja,Multikino Bydgoszcz,20:00,,,regular,2026-07-27T11:25:09.775586
2026-07-27,poniedzialek,bydgoszcz,Odyseja / Одіссея (ukr.),Cinema City Bydgoszcz,12:30,,,regular,2026-07-27T11:25:09.775586
2026-07-27,poniedzialek,bydgoszcz,Odyseja / Одіссея (ukr.),Cinema City Bydgoszcz,19:10,,,regular,2026-07-27T11:25:09.775586
2026-07-27,poniedzialek,bydgoszcz,Odyseja / Одіссея (ukr.),Multikino Bydgoszcz,14:55,,,regular,2026-07-27T11:25:09.775586
2026-07-27,poniedzialek,bydgoszcz,Odyseja / Одіссея (ukr.),Multikino Bydgoszcz,18:30,,,regular,2026-07-27T11:25:09.775586
2026-07-27,poniedzialek,bydgoszcz,Ostatni konsjerż,Multikino Bydgoszcz,20:00,,,regular,2026-07-27T11:25:09.775586
2026-07-27,poniedzialek,bydgoszcz,Requiem dla snu,Cinema City Bydgoszcz,20:10,,,regular,2026-07-27T11:25:09.775586
2026-07-27,poniedzialek,bydgoszcz,Spider-Man. Całkiem nowy dzień,Cinema City Bydgoszcz,10:30,,,regular,2026-07-27T11:25:09.775586
2026-07-27,poniedzialek,bydgoszcz,Spider-Man. Całkiem nowy dzień,Cinema City Bydgoszcz,13:40,,,regular,2026-07-27T11:25:09.775586
2026-07-27,poniedzialek,bydgoszcz,Spider-Man. Całkiem nowy dzień,Cinema City Bydgoszcz,16:50,,,regular,2026-07-27T11:25:09.775586
2026-07-27,poniedzialek,bydgoszcz,Spider-Man. Całkiem nowy dzień,Cinema City Bydgoszcz,20:00,,,regular,2026-07-27T11:25:09.775586
2026-07-27,poniedzialek,bydgoszcz,Spider-Man. Całkiem nowy dzień,Helios Bydgoszcz,11:30,,,regular,2026-07-27T11:25:09.775586
2026-07-27,poniedzialek,bydgoszcz,Spider-Man. Całkiem nowy dzień,Helios Bydgoszcz,14:45,,,regular,2026-07-27T11:25:09.775586
2026-07-27,poniedzialek,bydgoszcz,Spider-Man. Całkiem nowy dzień,Helios Bydgoszcz,18:00,,,regular,2026-07-27T11:25:09.775586
2026-07-27,poniedzialek,bydgoszcz,Spider-Man. Całkiem nowy dzień,Helios Bydgoszcz,20:00,,,regular,2026-07-27T11:25:09.775586
2026-07-27,poniedzialek,bydgoszcz,Spider-Man. Całkiem nowy dzień,Helios Bydgoszcz,21:15,,,regular,2026-07-27T11:25:09.775586
2026-07-27,poniedzialek,bydgoszcz,Spider-Man. Całkiem nowy dzień,Multikino Bydgoszcz,13:50,,,regular,2026-07-27T11:25:09.775586
2026-07-27,poniedzialek,bydgoszcz,Spider-Man. Całkiem nowy dzień,Multikino Bydgoszcz,17:10,,,regular,2026-07-27T11:25:09.775586
2026-07-27,poniedzialek,bydgoszcz,Spider-Man. Całkiem nowy dzień,Multikino Bydgoszcz,20:30,,,regular,2026-07-27T11:25:09.775586
2026-07-27,poniedzialek,bydgoszcz,Spider-Man. Całkiem nowy dzień,Multikino Bydgoszcz,21:30,,,regular,2026-07-27T11:25:09.775586
2026-07-27,poniedzialek,bydgoszcz,Spider-Man. Całkiem nowy dzień (dubbing),Cinema City Bydgoszcz,12:10,,dubbing,regular,2026-07-27T11:25:09.775586
2026-07-27,poniedzialek,bydgoszcz,Spider-Man. Całkiem nowy dzień (dubbing),Cinema City Bydgoszcz,15:20,,dubbing,regular,2026-07-27T11:25:09.775586
2026-07-27,poniedzialek,bydgoszcz,Spider-Man. Całkiem nowy dzień (dubbing),Cinema City Bydgoszcz,18:30,,dubbing,regular,2026-07-27T11:25:09.775586
2026-07-27,poniedzialek,bydgoszcz,Spider-Man. Całkiem nowy dzień (dubbing),Multikino Bydgoszcz,10:30,,dubbing,regular,2026-07-27T11:25:09.775586
2026-07-27,poniedzialek,bydgoszcz,Spider-Man. Całkiem nowy dzień (dubbing),Multikino Bydgoszcz,11:30,,dubbing,regular,2026-07-27T11:25:09.775586
2026-07-27,poniedzialek,bydgoszcz,Spider-Man. Całkiem nowy dzień (dubbing),Multikino Bydgoszcz,18:10,,dubbing,regular,2026-07-27T11:25:09.775586
2026-07-27,poniedzialek,bydgoszcz,Spider-Man. Całkiem nowy dzień 3D,Cinema City Bydgoszcz,18:00,3D,,regular,2026-07-27T11:25:09.775586
2026-07-27,poniedzialek,bydgoszcz,Spider-Man. Całkiem nowy dzień 3D,Cinema City Bydgoszcz,20:50,3D,,regular,2026-07-27T11:25:09.775586
2026-07-27,poniedzialek,bydgoszcz,Spider-Man. Całkiem nowy dzień 3D (dubbing),Cinema City Bydgoszcz,14:00,3D,dubbing,regular,2026-07-27T11:25:09.775586
2026-07-27,poniedzialek,bydgoszcz,Spider-Man. Całkiem nowy dzień 3D (dubbing),Cinema City Bydgoszcz,14:50,3D,dubbing,regular,2026-07-27T11:25:09.775586
2026-07-27,poniedzialek,bydgoszcz,Spider-Man. Całkiem nowy dzień 3D (dubbing),Multikino Bydgoszcz,14:50,3D,dubbing,regular,2026-07-27T11:25:09.775586
2026-07-27,poniedzialek,bydgoszcz,Straszny film,Cinema City Bydgoszcz,20:50,,,regular,2026-07-27T11:25:09.775586
2026-07-27,poniedzialek,bydgoszcz,Toy Story 5 (dubbing),Cinema City Bydgoszcz,11:30,,dubbing,regular,2026-07-27T11:25:09.775586
2026-07-27,poniedzialek,bydgoszcz,Toy Story 5 (dubbing),Cinema City Bydgoszcz,13:50,,dubbing,regular,2026-07-27T11:25:09.775586
2026-07-27,poniedzialek,bydgoszcz,Toy Story 5 (dubbing),Cinema City Bydgoszcz,16:10,,dubbing,regular,2026-07-27T11:25:09.775586
2026-07-27,poniedzialek,bydgoszcz,Toy Story 5 (dubbing),Cinema City Bydgoszcz,18:30,,dubbing,regular,2026-07-27T11:25:09.775586
2026-07-27,poniedzialek,bydgoszcz,Toy Story 5 (dubbing),Helios Bydgoszcz,12:00,,dubbing,regular,2026-07-27T11:25:09.775586
2026-07-27,poniedzialek,bydgoszcz,Toy Story 5 (dubbing),Helios Bydgoszcz,15:20,,dubbing,regular,2026-07-27T11:25:09.775586
2026-07-27,poniedzialek,bydgoszcz,Toy Story 5 (dubbing),Helios Bydgoszcz,18:15,,dubbing,regular,2026-07-27T11:25:09.775586
2026-07-27,poniedzialek,bydgoszcz,Toy Story 5 (dubbing),Multikino Bydgoszcz,10:05,,dubbing,regular,2026-07-27T11:25:09.775586
2026-07-27,poniedzialek,bydgoszcz,Toy Story 5 (dubbing),Multikino Bydgoszcz,12:30,,dubbing,regular,2026-07-27T11:25:09.775586
2026-07-27,poniedzialek,bydgoszcz,Toy Story 5 (dubbing),Multikino Bydgoszcz,14:55,,dubbing,regular,2026-07-27T11:25:09.775586
2026-07-27,poniedzialek,bydgoszcz,Toy Story 5 (dubbing),Multikino Bydgoszcz,17:20,,dubbing,regular,2026-07-27T11:25:09.775586
2026-07-27,poniedzialek,bydgoszcz,Vaiana,Helios Bydgoszcz,10:20,,,regular,2026-07-27T11:25:09.775586
2026-07-27,poniedzialek,bydgoszcz,Vaiana,Helios Bydgoszcz,11:40,,,regular,2026-07-27T11:25:09.775586
2026-07-27,poniedzialek,bydgoszcz,Vaiana,Helios Bydgoszcz,13:00,,,regular,2026-07-27T11:25:09.775586
2026-07-27,poniedzialek,bydgoszcz,Vaiana,Helios Bydgoszcz,15:40,,,regular,2026-07-27T11:25:09.775586
2026-07-27,poniedzialek,bydgoszcz,Vaiana,Helios Bydgoszcz,18:45,,,regular,2026-07-27T11:25:09.775586
2026-07-27,poniedzialek,bydgoszcz,Vaiana (dubbing),Cinema City Bydgoszcz,12:10,,dubbing,regular,2026-07-27T11:25:09.775586
2026-07-27,poniedzialek,bydgoszcz,Vaiana (dubbing),Cinema City Bydgoszcz,16:50,,dubbing,regular,2026-07-27T11:25:09.775586
2026-07-27,poniedzialek,bydgoszcz,Vaiana (dubbing),Cinema City Bydgoszcz,18:40,,dubbing,regular,2026-07-27T11:25:09.775586
2026-07-27,poniedzialek,bydgoszcz,Vaiana (dubbing),Multikino Bydgoszcz,10:20,,dubbing,regular,2026-07-27T11:25:09.775586
2026-07-27,poniedzialek,bydgoszcz,Vaiana (dubbing),Multikino Bydgoszcz,13:00,,dubbing,regular,2026-07-27T11:25:09.775586
2026-07-27,poniedzialek,bydgoszcz,Vaiana (dubbing),Multikino Bydgoszcz,15:40,,dubbing,regular,2026-07-27T11:25:09.775586
2026-07-27,poniedzialek,bydgoszcz,Vaiana (dubbing),Multikino Bydgoszcz,18:20,,dubbing,regular,2026-07-27T11:25:09.775586
2026-07-27,poniedzialek,bydgoszcz,Willow i tajemniczy las (dubbing),Helios Bydgoszcz,09:00,,dubbing,regular,2026-07-27T11:25:09.775586
2026-07-27,poniedzialek,bydgoszcz,Zaproszenie,Cinema City Bydgoszcz,10:30,,,regular,2026-07-27T11:25:09.775586
2026-07-27,poniedzialek,bydgoszcz,Zaproszenie,Cinema City Bydgoszcz,13:00,,,regular,2026-07-27T11:25:09.775586
2026-07-27,poniedzialek,bydgoszcz,Zaproszenie,Cinema City Bydgoszcz,15:30,,,regular,2026-07-27T11:25:09.775586
2026-07-27,poniedzialek,bydgoszcz,Zaproszenie,Cinema City Bydgoszcz,22:00,,,regular,2026-07-27T11:25:09.775586
2026-07-27,poniedzialek,bydgoszcz,Zaproszenie,Helios Bydgoszcz,14:30,,,regular,2026-07-27T11:25:09.775586
2026-07-27,poniedzialek,bydgoszcz,Zaproszenie,Multikino Bydgoszcz,21:00,,,regular,2026-07-27T11:25:09.775586
2026-07-27,poniedzialek,bydgoszcz,ВАЯНА / Vaiana (ukr.),Cinema City Bydgoszcz,10:00,,,regular,2026-07-27T11:25:09.775586
2026-07-27,poniedzialek,bydgoszcz,Людина-павук: Абсолютно новий день / Spider-Man. Całkiem nowy dzień (ukr.),Cinema City Bydgoszcz,16:00,,,regular,2026-07-27T11:25:09.775586
2026-07-27,poniedzialek,lublin,Backrooms. Bez wyjścia,Cinema City Lublin Felicity,22:20,,,regular,2026-07-27T11:25:12.046528
2026-07-27,poniedzialek,lublin,Chłopiec na krańcach świata,Cinema City Lublin Plaza,10:30,,,regular,2026-07-27T11:25:12.046528
2026-07-27,poniedzialek,lublin,Ekipa zwierzaków (dubbing),Cinema City Lublin Felicity,11:10,,dubbing,regular,2026-07-27T11:25:12.046528
2026-07-27,poniedzialek,lublin,Ekipa zwierzaków (dubbing),Cinema City Lublin Felicity,13:20,,dubbing,regular,2026-07-27T11:25:12.046528
2026-07-27,poniedzialek,lublin,Ekipa zwierzaków (dubbing),Cinema City Lublin Felicity,15:30,,dubbing,regular,2026-07-27T11:25:12.046528
2026-07-27,poniedzialek,lublin,Ekipa zwierzaków (dubbing),Cinema City Lublin Felicity,17:40,,dubbing,regular,2026-07-27T11:25:12.046528
2026-07-27,poniedzialek,lublin,Ekipa zwierzaków (dubbing),Cinema City Lublin Plaza,10:10,,dubbing,regular,2026-07-27T11:25:12.046528
2026-07-27,poniedzialek,lublin,Ekipa zwierzaków (dubbing),Cinema City Lublin Plaza,12:20,,dubbing,regular,2026-07-27T11:25:12.046528
2026-07-27,poniedzialek,lublin,Ekipa zwierzaków (dubbing),Cinema City Lublin Plaza,13:00,,dubbing,regular,2026-07-27T11:25:12.046528
2026-07-27,poniedzialek,lublin,Ekipa zwierzaków (dubbing),Cinema City Lublin Plaza,14:30,,dubbing,regular,2026-07-27T11:25:12.046528
2026-07-27,poniedzialek,lublin,Ekipa zwierzaków (dubbing),Cinema City Lublin Plaza,16:40,,dubbing,regular,2026-07-27T11:25:12.046528
2026-07-27,poniedzialek,lublin,Ekipa zwierzaków (dubbing),Kino Bajka w Lublinie,10:30,,dubbing,regular,2026-07-27T11:25:12.046528
2026-07-27,poniedzialek,lublin,Ekipa zwierzaków (dubbing),Multikino Lublin,11:15,,dubbing,regular,2026-07-27T11:25:12.046528
2026-07-27,poniedzialek,lublin,Ekipa zwierzaków (dubbing),Multikino Lublin,13:20,,dubbing,regular,2026-07-27T11:25:12.046528
2026-07-27,poniedzialek,lublin,Ekipa zwierzaków (dubbing),Multikino Lublin,15:25,,dubbing,regular,2026-07-27T11:25:12.046528
2026-07-27,poniedzialek,lublin,Ekipa zwierzaków (dubbing),Multikino Lublin,17:30,,dubbing,regular,2026-07-27T11:25:12.046528
2026-07-27,poniedzialek,lublin,Ghost In the Shell,Cinema City Lublin Plaza,18:40,,,regular,2026-07-27T11:25:12.046528
2026-07-27,poniedzialek,lublin,Ghost In the Shell,Multikino Lublin,21:50,,,regular,2026-07-27T11:25:12.046528
2026-07-27,poniedzialek,lublin,Jej piekło,Cinema City Lublin Plaza,19:40,,,regular,2026-07-27T11:25:12.046528
2026-07-27,poniedzialek,lublin,Mała Amelia (dubbing),Kino Bajka w Lublinie,10:00,,dubbing,regular,2026-07-27T11:25:12.046528
2026-07-27,poniedzialek,lublin,Martwe zło: Ogień,Cinema City Lublin Felicity,19:20,,,regular,2026-07-27T11:25:12.046528
2026-07-27,poniedzialek,lublin,Martwe zło: Ogień,Cinema City Lublin Felicity,21:50,,,regular,2026-07-27T11:25:12.046528
2026-07-27,poniedzialek,lublin,Martwe zło: Ogień,Cinema City Lublin Plaza,22:10,,,regular,2026-07-27T11:25:12.046528
2026-07-27,poniedzialek,lublin,Martwe zło: Ogień,Multikino Lublin,21:10,,,regular,2026-07-27T11:25:12.046528
2026-07-27,poniedzialek,lublin,Minionki i straszydła (dubbing),Cinema City Lublin Felicity,10:00,,dubbing,regular,2026-07-27T11:25:12.046528
2026-07-27,poniedzialek,lublin,Minionki i straszydła (dubbing),Cinema City Lublin Felicity,10:40,,dubbing,regular,2026-07-27T11:25:12.046528
2026-07-27,poniedzialek,lublin,Minionki i straszydła (dubbing),Cinema City Lublin Felicity,12:50,,dubbing,regular,2026-07-27T11:25:12.046528
2026-07-27,poniedzialek,lublin,Minionki i straszydła (dubbing),Cinema City Lublin Felicity,15:00,,dubbing,regular,2026-07-27T11:25:12.046528
2026-07-27,poniedzialek,lublin,Minionki i straszydła (dubbing),Cinema City Lublin Felicity,17:10,,dubbing,regular,2026-07-27T11:25:12.046528
2026-07-27,poniedzialek,lublin,Minionki i straszydła (dubbing),Cinema City Lublin Plaza,11:00,,dubbing,regular,2026-07-27T11:25:12.046528
2026-07-27,poniedzialek,lublin,Minionki i straszydła (dubbing),Cinema City Lublin Plaza,19:20,,dubbing,regular,2026-07-27T11:25:12.046528
2026-07-27,poniedzialek,lublin,Minionki i straszydła (dubbing),Multikino Lublin,10:00,,dubbing,regular,2026-07-27T11:25:12.046528
2026-07-27,poniedzialek,lublin,Minionki i straszydła (dubbing),Multikino Lublin,11:40,,dubbing,regular,2026-07-27T11:25:12.046528
2026-07-27,poniedzialek,lublin,Minionki i straszydła (dubbing),Multikino Lublin,13:50,,dubbing,regular,2026-07-27T11:25:12.046528
2026-07-27,poniedzialek,lublin,Minionki i straszydła (dubbing),Multikino Lublin,16:05,,dubbing,regular,2026-07-27T11:25:12.046528
2026-07-27,poniedzialek,lublin,Minionki i straszydła (dubbing),Multikino Lublin,18:15,,dubbing,regular,2026-07-27T11:25:12.046528
2026-07-27,poniedzialek,lublin,O czym sobie nie mówimy,Kino Bajka w Lublinie,15:30,,,regular,2026-07-27T11:25:12.046528
2026-07-27,poniedzialek,lublin,Obsesja,Cinema City Lublin Felicity,21:10,,,regular,2026-07-27T11:25:12.046528
2026-07-27,poniedzialek,lublin,Obsesja,Cinema City Lublin Plaza,21:30,,,regular,2026-07-27T11:25:12.046528
2026-07-27,poniedzialek,lublin,Obsesja,Multikino Lublin,21:30,,,regular,2026-07-27T11:25:12.046528
2026-07-27,poniedzialek,lublin,Odyseja,Cinema City Lublin Felicity,10:10,,,regular,2026-07-27T11:25:12.046528
2026-07-27,poniedzialek,lublin,Odyseja,Cinema City Lublin Felicity,10:30,,,regular,2026-07-27T11:25:12.046528
2026-07-27,poniedzialek,lublin,Odyseja,Cinema City Lublin Felicity,11:10,,,regular,2026-07-27T11:25:12.046528
2026-07-27,poniedzialek,lublin,Odyseja,Cinema City Lublin Felicity,13:50,,,regular,2026-07-27T11:25:12.046528
2026-07-27,poniedzialek,lublin,Odyseja,Cinema City Lublin Felicity,17:10,,,regular,2026-07-27T11:25:12.046528
2026-07-27,poniedzialek,lublin,Odyseja,Cinema City Lublin Felicity,17:30,,,regular,2026-07-27T11:25:12.046528
2026-07-27,poniedzialek,lublin,Odyseja,Cinema City Lublin Felicity,19:30,,,regular,2026-07-27T11:25:12.046528
2026-07-27,poniedzialek,lublin,Odyseja,Cinema City Lublin Felicity,21:10,,,regular,2026-07-27T11:25:12.046528
2026-07-27,poniedzialek,lublin,Odyseja,Cinema City Lublin Plaza,12:10,,,regular,2026-07-27T11:25:12.046528
2026-07-27,poniedzialek,lublin,Odyseja,Cinema City Lublin Plaza,15:45,,,regular,2026-07-27T11:25:12.046528
2026-07-27,poniedzialek,lublin,Odyseja,Cinema City Lublin Plaza,18:00,,,regular,2026-07-27T11:25:12.046528
2026-07-27,poniedzialek,lublin,Odyseja,Cinema City Lublin Plaza,19:30,,,regular,2026-07-27T11:25:12.046528
2026-07-27,poniedzialek,lublin,Odyseja,Cinema City Lublin Plaza,20:45,,,regular,2026-07-27T11:25:12.046528
2026-07-27,poniedzialek,lublin,Odyseja,Cinema City Lublin Plaza,21:45,,,regular,2026-07-27T11:25:12.046528
2026-07-27,poniedzialek,lublin,Odyseja,Kino Bajka w Lublinie,13:45,,,regular,2026-07-27T11:25:12.046528
2026-07-27,poniedzialek,lublin,Odyseja,Kino Bajka w Lublinie,17:00,,,regular,2026-07-27T11:25:12.046528
2026-07-27,poniedzialek,lublin,Odyseja,Kino Bajka w Lublinie,20:00,,,regular,2026-07-27T11:25:12.046528
2026-07-27,poniedzialek,lublin,Odyseja,Multikino Lublin,10:40,,,regular,2026-07-27T11:25:12.046528
2026-07-27,poniedzialek,lublin,Odyseja,Multikino Lublin,12:10,,,regular,2026-07-27T11:25:12.046528
2026-07-27,poniedzialek,lublin,Odyseja,Multikino Lublin,14:20,,,regular,2026-07-27T11:25:12.046528
2026-07-27,poniedzialek,lublin,Odyseja,Multikino Lublin,15:50,,,regular,2026-07-27T11:25:12.046528
2026-07-27,poniedzialek,lublin,Odyseja,Multikino Lublin,18:00,,,regular,2026-07-27T11:25:12.046528
2026-07-27,poniedzialek,lublin,Odyseja,Multikino Lublin,19:30,,,regular,2026-07-27T11:25:12.046528
2026-07-27,poniedzialek,lublin,Ostatni konsjerż,Multikino Lublin,20:00,,,regular,2026-07-27T11:25:12.046528
2026-07-27,poniedzialek,lublin,Przekleństwa niewinności,Kino Bajka w Lublinie,17:45,,,regular,2026-07-27T11:25:12.046528
2026-07-27,poniedzialek,lublin,Pucio,Cinema City Lublin Plaza,10:40,,,regular,2026-07-27T11:25:12.046528
2026-07-27,poniedzialek,lublin,Requiem dla snu,Cinema City Lublin Felicity,20:00,,,regular,2026-07-27T11:25:12.046528
2026-07-27,poniedzialek,lublin,Requiem dla snu,Cinema City Lublin Plaza,14:30,,,regular,2026-07-27T11:25:12.046528
2026-07-27,poniedzialek,lublin,Requiem dla snu,Kino Bajka w Lublinie,20:15,,,regular,2026-07-27T11:25:12.046528
2026-07-27,poniedzialek,lublin,Spider-Man. Całkiem nowy dzień,Cinema City Lublin Felicity,10:30,,,regular,2026-07-27T11:25:12.046528
2026-07-27,poniedzialek,lublin,Spider-Man. Całkiem nowy dzień,Cinema City Lublin Felicity,13:40,,,regular,2026-07-27T11:25:12.046528
2026-07-27,poniedzialek,lublin,Spider-Man. Całkiem nowy dzień,Cinema City Lublin Felicity,16:50,,,regular,2026-07-27T11:25:12.046528
2026-07-27,poniedzialek,lublin,Spider-Man. Całkiem nowy dzień,Cinema City Lublin Felicity,20:00,,,regular,2026-07-27T11:25:12.046528
2026-07-27,poniedzialek,lublin,Spider-Man. Całkiem nowy dzień,Cinema City Lublin Felicity,21:40,,,regular,2026-07-27T11:25:12.046528
2026-07-27,poniedzialek,lublin,Spider-Man. Całkiem nowy dzień,Cinema City Lublin Plaza,11:00,,,regular,2026-07-27T11:25:12.046528
2026-07-27,poniedzialek,lublin,Spider-Man. Całkiem nowy dzień,Cinema City Lublin Plaza,14:10,,,regular,2026-07-27T11:25:12.046528
2026-07-27,poniedzialek,lublin,Spider-Man. Całkiem nowy dzień,Cinema City Lublin Plaza,17:20,,,regular,2026-07-27T11:25:12.046528
2026-07-27,poniedzialek,lublin,Spider-Man. Całkiem nowy dzień,Cinema City Lublin Plaza,20:30,,,regular,2026-07-27T11:25:12.046528
2026-07-27,poniedzialek,lublin,Spider-Man. Całkiem nowy dzień,Cinema City Lublin Plaza,21:20,,,regular,2026-07-27T11:25:12.046528
2026-07-27,poniedzialek,lublin,Spider-Man. Całkiem nowy dzień,Cinema City Lublin Plaza,22:10,,,regular,2026-07-27T11:25:12.046528
2026-07-27,poniedzialek,lublin,Spider-Man. Całkiem nowy dzień,Multikino Lublin,13:50,,,regular,2026-07-27T11:25:12.046528
2026-07-27,poniedzialek,lublin,Spider-Man. Całkiem nowy dzień,Multikino Lublin,17:10,,,regular,2026-07-27T11:25:12.046528
2026-07-27,poniedzialek,lublin,Spider-Man. Całkiem nowy dzień,Multikino Lublin,20:30,,,regular,2026-07-27T11:25:12.046528
2026-07-27,poniedzialek,lublin,Spider-Man. Całkiem nowy dzień,Multikino Lublin,21:30,,,regular,2026-07-27T11:25:12.046528
2026-07-27,poniedzialek,lublin,Spider-Man. Całkiem nowy dzień (dubbing),Cinema City Lublin Felicity,12:10,,dubbing,regular,2026-07-27T11:25:12.046528
2026-07-27,poniedzialek,lublin,Spider-Man. Całkiem nowy dzień (dubbing),Cinema City Lublin Felicity,15:20,,dubbing,regular,2026-07-27T11:25:12.046528
2026-07-27,poniedzialek,lublin,Spider-Man. Całkiem nowy dzień (dubbing),Cinema City Lublin Felicity,18:30,,dubbing,regular,2026-07-27T11:25:12.046528
2026-07-27,poniedzialek,lublin,Spider-Man. Całkiem nowy dzień (dubbing),Cinema City Lublin Plaza,12:40,,dubbing,regular,2026-07-27T11:25:12.046528
2026-07-27,poniedzialek,lublin,Spider-Man. Całkiem nowy dzień (dubbing),Cinema City Lublin Plaza,15:50,,dubbing,regular,2026-07-27T11:25:12.046528
2026-07-27,poniedzialek,lublin,Spider-Man. Całkiem nowy dzień (dubbing),Cinema City Lublin Plaza,19:00,,dubbing,regular,2026-07-27T11:25:12.046528
2026-07-27,poniedzialek,lublin,Spider-Man. Całkiem nowy dzień (dubbing),Multikino Lublin,10:30,,dubbing,regular,2026-07-27T11:25:12.046528
2026-07-27,poniedzialek,lublin,Spider-Man. Całkiem nowy dzień (dubbing),Multikino Lublin,11:30,,dubbing,regular,2026-07-27T11:25:12.046528
2026-07-27,poniedzialek,lublin,Spider-Man. Całkiem nowy dzień (dubbing),Multikino Lublin,18:10,,dubbing,regular,2026-07-27T11:25:12.046528
2026-07-27,poniedzialek,lublin,Spider-Man. Całkiem nowy dzień (dubbing),Multikino Lublin,19:40,,dubbing,regular,2026-07-27T11:25:12.046528
2026-07-27,poniedzialek,lublin,Spider-Man. Całkiem nowy dzień 3D,Cinema City Lublin Felicity,14:50,3D,,regular,2026-07-27T11:25:12.046528
2026-07-27,poniedzialek,lublin,Spider-Man. Całkiem nowy dzień 3D,Cinema City Lublin Felicity,18:00,3D,,regular,2026-07-27T11:25:12.046528
2026-07-27,poniedzialek,lublin,Spider-Man. Całkiem nowy dzień 3D,Cinema City Lublin Felicity,20:50,3D,,regular,2026-07-27T11:25:12.046528
2026-07-27,poniedzialek,lublin,Spider-Man. Całkiem nowy dzień 3D,Cinema City Lublin Plaza,18:10,3D,,regular,2026-07-27T11:25:12.046528
2026-07-27,poniedzialek,lublin,Spider-Man. Całkiem nowy dzień 3D (dubbing),Cinema City Lublin Felicity,14:00,3D,dubbing,regular,2026-07-27T11:25:12.046528
2026-07-27,poniedzialek,lublin,Spider-Man. Całkiem nowy dzień 3D (dubbing),Cinema City Lublin Plaza,15:00,3D,dubbing,regular,2026-07-27T11:25:12.046528
2026-07-27,poniedzialek,lublin,Spider-Man. Całkiem nowy dzień 3D (dubbing),Multikino Lublin,14:50,3D,dubbing,regular,2026-07-27T11:25:12.046528
2026-07-27,poniedzialek,lublin,Super Mario Galaxy Film (dubbing),Kino Bajka w Lublinie,11:30,,dubbing,regular,2026-07-27T11:25:12.046528
2026-07-27,poniedzialek,lublin,Toy Story 5 (dubbing),Cinema City Lublin Felicity,12:10,,dubbing,regular,2026-07-27T11:25:12.046528
2026-07-27,poniedzialek,lublin,Toy Story 5 (dubbing),Cinema City Lublin Felicity,14:40,,dubbing,regular,2026-07-27T11:25:12.046528
2026-07-27,poniedzialek,lublin,Toy Story 5 (dubbing),Cinema City Lublin Felicity,17:00,,dubbing,regular,2026-07-27T11:25:12.046528
2026-07-27,poniedzialek,lublin,Toy Story 5 (dubbing),Cinema City Lublin Plaza,10:00,,dubbing,regular,2026-07-27T11:25:12.046528
2026-07-27,poniedzialek,lublin,Toy Story 5 (dubbing),Cinema City Lublin Plaza,12:30,,dubbing,regular,2026-07-27T11:25:12.046528
2026-07-27,poniedzialek,lublin,Toy Story 5 (dubbing),Cinema City Lublin Plaza,15:40,,dubbing,regular,2026-07-27T11:25:12.046528
2026-07-27,poniedzialek,lublin,Toy Story 5 (dubbing),Multikino Lublin,10:20,,dubbing,regular,2026-07-27T11:25:12.046528
2026-07-27,poniedzialek,lublin,Toy Story 5 (dubbing),Multikino Lublin,12:45,,dubbing,regular,2026-07-27T11:25:12.046528
2026-07-27,poniedzialek,lublin,Toy Story 5 (dubbing),Multikino Lublin,15:10,,dubbing,regular,2026-07-27T11:25:12.046528
2026-07-27,poniedzialek,lublin,Toy Story 5 (dubbing),Multikino Lublin,17:35,,dubbing,regular,2026-07-27T11:25:12.046528
2026-07-27,poniedzialek,lublin,Vaiana (dubbing),Cinema City Lublin Felicity,10:50,,dubbing,regular,2026-07-27T11:25:12.046528
2026-07-27,poniedzialek,lublin,Vaiana (dubbing),Cinema City Lublin Felicity,13:30,,dubbing,regular,2026-07-27T11:25:12.046528
2026-07-27,poniedzialek,lublin,Vaiana (dubbing),Cinema City Lublin Felicity,16:10,,dubbing,regular,2026-07-27T11:25:12.046528
2026-07-27,poniedzialek,lublin,Vaiana (dubbing),Cinema City Lublin Plaza,11:10,,dubbing,regular,2026-07-27T11:25:12.046528
2026-07-27,poniedzialek,lublin,Vaiana (dubbing),Cinema City Lublin Plaza,13:50,,dubbing,regular,2026-07-27T11:25:12.046528
2026-07-27,poniedzialek,lublin,Vaiana (dubbing),Cinema City Lublin Plaza,16:50,,dubbing,regular,2026-07-27T11:25:12.046528
2026-07-27,poniedzialek,lublin,Vaiana (dubbing),Multikino Lublin,10:25,,dubbing,regular,2026-07-27T11:25:12.046528
2026-07-27,poniedzialek,lublin,Vaiana (dubbing),Multikino Lublin,13:05,,dubbing,regular,2026-07-27T11:25:12.046528
2026-07-27,poniedzialek,lublin,Vaiana (dubbing),Multikino Lublin,15:45,,dubbing,regular,2026-07-27T11:25:12.046528
2026-07-27,poniedzialek,lublin,Vaiana (dubbing),Multikino Lublin,18:30,,dubbing,regular,2026-07-27T11:25:12.046528
2026-07-27,poniedzialek,lublin,Zaproszenie,Cinema City Lublin Felicity,18:50,,,regular,2026-07-27T11:25:12.046528
2026-07-27,poniedzialek,lublin,Zaproszenie,Cinema City Lublin Felicity,21:20,,,regular,2026-07-27T11:25:12.046528
2026-07-27,poniedzialek,lublin,Zaproszenie,Cinema City Lublin Plaza,12:00,,,regular,2026-07-27T11:25:12.046528
2026-07-27,poniedzialek,lublin,Zaproszenie,Multikino Lublin,20:25,,,regular,2026-07-27T11:25:12.046528
2026-07-27,poniedzialek,lublin,Людина-павук: Абсолютно новий день / Spider-Man. Całkiem nowy dzień (ukr.),Cinema City Lublin Plaza,16:30,,,regular,2026-07-27T11:25:12.046528
2026-07-27,poniedzialek,katowice,Arek.Mama.Panorama,Kino Studyjne Światowid w Katowicach,18:30,,,regular,2026-07-27T11:25:15.069427
2026-07-27,poniedzialek,katowice,Backrooms. Bez wyjścia,Cinema City Katowice Punkt 44,16:00,,,regular,2026-07-27T11:25:15.069427
2026-07-27,poniedzialek,katowice,Backrooms. Bez wyjścia,Cinema City Katowice Punkt 44,18:30,,,regular,2026-07-27T11:25:15.069427
2026-07-27,poniedzialek,katowice,Backrooms. Bez wyjścia,Cinema City Katowice Punkt 44,21:00,,,regular,2026-07-27T11:25:15.069427
2026-07-27,poniedzialek,katowice,Backrooms. Bez wyjścia,Cinema City Katowice Silesia,11:20,,,regular,2026-07-27T11:25:15.069427
2026-07-27,poniedzialek,katowice,Backrooms. Bez wyjścia,Cinema City Katowice Silesia,13:50,,,regular,2026-07-27T11:25:15.069427
2026-07-27,poniedzialek,katowice,Backrooms. Bez wyjścia,Cinema City Katowice Silesia,16:20,,,regular,2026-07-27T11:25:15.069427
2026-07-27,poniedzialek,katowice,Backrooms. Bez wyjścia,Cinema City Katowice Silesia,20:10,,,regular,2026-07-27T11:25:15.069427
2026-07-27,poniedzialek,katowice,Backrooms. Bez wyjścia,Helios Katowice,21:20,,,regular,2026-07-27T11:25:15.069427
2026-07-27,poniedzialek,katowice,Charli XCX: Alone Together,Kino Studyjne Światowid w Katowicach,16:30,,,regular,2026-07-27T11:25:15.069427
2026-07-27,poniedzialek,katowice,Diabeł ubiera się u Prady 2,Cinema City Katowice Punkt 44,21:30,,,regular,2026-07-27T11:25:15.069427
2026-07-27,poniedzialek,katowice,Drugie życie,Kino Studyjne Światowid w Katowicach,13:00,,,regular,2026-07-27T11:25:15.069427
2026-07-27,poniedzialek,katowice,Dzień Objawienia,Cinema City Katowice Punkt 44,21:10,,,regular,2026-07-27T11:25:15.069427
2026-07-27,poniedzialek,katowice,Ekipa zwierzaków,Helios Katowice,11:40,,,regular,2026-07-27T11:25:15.069427
2026-07-27,poniedzialek,katowice,Ekipa zwierzaków,Helios Katowice,13:40,,,regular,2026-07-27T11:25:15.069427
2026-07-27,poniedzialek,katowice,Ekipa zwierzaków,Helios Katowice,17:00,,,regular,2026-07-27T11:25:15.069427
2026-07-27,poniedzialek,katowice,Ekipa zwierzaków (dubbing),Cinema City Katowice Punkt 44,10:00,,dubbing,regular,2026-07-27T11:25:15.069427
2026-07-27,poniedzialek,katowice,Ekipa zwierzaków (dubbing),Cinema City Katowice Punkt 44,11:10,,dubbing,regular,2026-07-27T11:25:15.069427
2026-07-27,poniedzialek,katowice,Ekipa zwierzaków (dubbing),Cinema City Katowice Punkt 44,12:10,,dubbing,regular,2026-07-27T11:25:15.069427
2026-07-27,poniedzialek,katowice,Ekipa zwierzaków (dubbing),Cinema City Katowice Punkt 44,13:20,,dubbing,regular,2026-07-27T11:25:15.069427
2026-07-27,poniedzialek,katowice,Ekipa zwierzaków (dubbing),Cinema City Katowice Punkt 44,15:30,,dubbing,regular,2026-07-27T11:25:15.069427
2026-07-27,poniedzialek,katowice,Ekipa zwierzaków (dubbing),Cinema City Katowice Punkt 44,17:40,,dubbing,regular,2026-07-27T11:25:15.069427
2026-07-27,poniedzialek,katowice,Ekipa zwierzaków (dubbing),Cinema City Katowice Silesia,11:40,,dubbing,regular,2026-07-27T11:25:15.069427
2026-07-27,poniedzialek,katowice,Ekipa zwierzaków (dubbing),Cinema City Katowice Silesia,13:50,,dubbing,regular,2026-07-27T11:25:15.069427
2026-07-27,poniedzialek,katowice,Ekipa zwierzaków (dubbing),Cinema City Katowice Silesia,16:00,,dubbing,regular,2026-07-27T11:25:15.069427
2026-07-27,poniedzialek,katowice,Ekipa zwierzaków (dubbing),Cinema City Katowice Silesia,18:10,,dubbing,regular,2026-07-27T11:25:15.069427
2026-07-27,poniedzialek,katowice,Ekipa zwierzaków (dubbing),Multikino Katowice,11:15,,dubbing,regular,2026-07-27T11:25:15.069427
2026-07-27,poniedzialek,katowice,Ekipa zwierzaków (dubbing),Multikino Katowice,13:20,,dubbing,regular,2026-07-27T11:25:15.069427
2026-07-27,poniedzialek,katowice,Ekipa zwierzaków (dubbing),Multikino Katowice,15:25,,dubbing,regular,2026-07-27T11:25:15.069427
2026-07-27,poniedzialek,katowice,Ekipa zwierzaków (dubbing),Multikino Katowice,17:30,,dubbing,regular,2026-07-27T11:25:15.069427
2026-07-27,poniedzialek,katowice,Ghost In the Shell,Cinema City Katowice Silesia,15:50,,,regular,2026-07-27T11:25:15.069427
2026-07-27,poniedzialek,katowice,Ghost In the Shell,Cinema City Katowice Silesia,18:00,,,regular,2026-07-27T11:25:15.069427
2026-07-27,poniedzialek,katowice,Ghost in the shell,Kino Studyjne Światowid w Katowicach,17:00,,,regular,2026-07-27T11:25:15.069427
2026-07-27,poniedzialek,katowice,Ghost in the shell,Kinoteatr Rialto w Katowicach,17:00,,,regular,2026-07-27T11:25:15.069427
2026-07-27,poniedzialek,katowice,Ghost In the Shell,Multikino Katowice,21:30,,,regular,2026-07-27T11:25:15.069427
2026-07-27,poniedzialek,katowice,Góra mocy,Kino Studyjne Światowid w Katowicach,15:00,,,regular,2026-07-27T11:25:15.069427
2026-07-27,poniedzialek,katowice,Jej piekło,Cinema City Katowice Silesia,18:50,,,regular,2026-07-27T11:25:15.069427
2026-07-27,poniedzialek,katowice,Jej piekło,Cinema City Katowice Silesia,21:20,,,regular,2026-07-27T11:25:15.069427
2026-07-27,poniedzialek,katowice,Jej piekło,Helios Katowice,19:15,,,regular,2026-07-27T11:25:15.069427
2026-07-27,poniedzialek,katowice,Jej piekło,Kino Studyjne Światowid w Katowicach,20:15,,,regular,2026-07-27T11:25:15.069427
2026-07-27,poniedzialek,katowice,Jej piekło,Multikino Katowice,19:00,,,regular,2026-07-27T11:25:15.069427
2026-07-27,poniedzialek,katowice,Martwe zło: Ogień,Cinema City Katowice Punkt 44,20:50,,,regular,2026-07-27T11:25:15.069427
2026-07-27,poniedzialek,katowice,Martwe zło: Ogień,Cinema City Katowice Silesia,10:50,,,regular,2026-07-27T11:25:15.069427
2026-07-27,poniedzialek,katowice,Martwe zło: Ogień,Cinema City Katowice Silesia,13:20,,,regular,2026-07-27T11:25:15.069427
2026-07-27,poniedzialek,katowice,Martwe zło: Ogień,Cinema City Katowice Silesia,20:20,,,regular,2026-07-27T11:25:15.069427
2026-07-27,poniedzialek,katowice,Martwe zło: Ogień,Helios Katowice,18:20,,,regular,2026-07-27T11:25:15.069427
2026-07-27,poniedzialek,katowice,Martwe zło: Ogień,Helios Katowice,21:30,,,regular,2026-07-27T11:25:15.069427
2026-07-27,poniedzialek,katowice,Martwe zło: Ogień,Multikino Katowice,21:35,,,regular,2026-07-27T11:25:15.069427
2026-07-27,poniedzialek,katowice,Michael,Cinema City Katowice Punkt 44,20:50,,,regular,2026-07-27T11:25:15.069427
2026-07-27,poniedzialek,katowice,Minionki i straszydła (dubbing),Cinema City Katowice Punkt 44,10:10,,dubbing,regular,2026-07-27T11:25:15.069427
2026-07-27,poniedzialek,katowice,Minionki i straszydła (dubbing),Cinema City Katowice Punkt 44,10:50,,dubbing,regular,2026-07-27T11:25:15.069427
2026-07-27,poniedzialek,katowice,Minionki i straszydła (dubbing),Cinema City Katowice Punkt 44,12:20,,dubbing,regular,2026-07-27T11:25:15.069427
2026-07-27,poniedzialek,katowice,Minionki i straszydła (dubbing),Cinema City Katowice Punkt 44,13:00,,dubbing,regular,2026-07-27T11:25:15.069427
2026-07-27,poniedzialek,katowice,Minionki i straszydła (dubbing),Cinema City Katowice Punkt 44,14:40,,dubbing,regular,2026-07-27T11:25:15.069427
2026-07-27,poniedzialek,katowice,Minionki i straszydła (dubbing),Cinema City Katowice Punkt 44,15:10,,dubbing,regular,2026-07-27T11:25:15.069427
2026-07-27,poniedzialek,katowice,Minionki i straszydła (dubbing),Cinema City Katowice Punkt 44,16:45,,dubbing,regular,2026-07-27T11:25:15.069427
2026-07-27,poniedzialek,katowice,Minionki i straszydła (dubbing),Cinema City Katowice Punkt 44,17:20,,dubbing,regular,2026-07-27T11:25:15.069427
2026-07-27,poniedzialek,katowice,Minionki i straszydła (dubbing),Cinema City Katowice Punkt 44,19:30,,dubbing,regular,2026-07-27T11:25:15.069427
2026-07-27,poniedzialek,katowice,Minionki i straszydła (dubbing),Cinema City Katowice Silesia,10:10,,dubbing,regular,2026-07-27T11:25:15.069427
2026-07-27,poniedzialek,katowice,Minionki i straszydła (dubbing),Cinema City Katowice Silesia,10:40,,dubbing,regular,2026-07-27T11:25:15.069427
2026-07-27,poniedzialek,katowice,Minionki i straszydła (dubbing),Cinema City Katowice Silesia,11:10,,dubbing,regular,2026-07-27T11:25:15.069427
2026-07-27,poniedzialek,katowice,Minionki i straszydła (dubbing),Cinema City Katowice Silesia,12:20,,dubbing,regular,2026-07-27T11:25:15.069427
2026-07-27,poniedzialek,katowice,Minionki i straszydła (dubbing),Cinema City Katowice Silesia,13:30,,dubbing,regular,2026-07-27T11:25:15.069427
2026-07-27,poniedzialek,katowice,Minionki i straszydła (dubbing),Cinema City Katowice Silesia,14:40,,dubbing,regular,2026-07-27T11:25:15.069427
2026-07-27,poniedzialek,katowice,Minionki i straszydła (dubbing),Cinema City Katowice Silesia,15:50,,dubbing,regular,2026-07-27T11:25:15.069427
2026-07-27,poniedzialek,katowice,Minionki i straszydła (dubbing),Cinema City Katowice Silesia,18:00,,dubbing,regular,2026-07-27T11:25:15.069427
2026-07-27,poniedzialek,katowice,Minionki i straszydła (dubbing),Helios Katowice,10:20,,dubbing,regular,2026-07-27T11:25:15.069427
2026-07-27,poniedzialek,katowice,Minionki i straszydła (dubbing),Helios Katowice,11:10,,dubbing,regular,2026-07-27T11:25:15.069427
2026-07-27,poniedzialek,katowice,Minionki i straszydła (dubbing),Helios Katowice,12:30,,dubbing,regular,2026-07-27T11:25:15.069427
2026-07-27,poniedzialek,katowice,Minionki i straszydła (dubbing),Helios Katowice,13:30,,dubbing,regular,2026-07-27T11:25:15.069427
2026-07-27,poniedzialek,katowice,Minionki i straszydła (dubbing),Helios Katowice,14:45,,dubbing,regular,2026-07-27T11:25:15.069427
2026-07-27,poniedzialek,katowice,Minionki i straszydła (dubbing),Helios Katowice,15:50,,dubbing,regular,2026-07-27T11:25:15.069427
2026-07-27,poniedzialek,katowice,Minionki i straszydła (dubbing),Helios Katowice,16:20,,dubbing,regular,2026-07-27T11:25:15.069427
2026-07-27,poniedzialek,katowice,Minionki i straszydła (dubbing),Helios Katowice,17:45,,dubbing,regular,2026-07-27T11:25:15.069427
2026-07-27,poniedzialek,katowice,Minionki i straszydła (dubbing),Multikino Katowice,10:30,,dubbing,regular,2026-07-27T11:25:15.069427
2026-07-27,poniedzialek,katowice,Minionki i straszydła (dubbing),Multikino Katowice,11:40,,dubbing,regular,2026-07-27T11:25:15.069427
2026-07-27,poniedzialek,katowice,Minionki i straszydła (dubbing),Multikino Katowice,13:50,,dubbing,regular,2026-07-27T11:25:15.069427
2026-07-27,poniedzialek,katowice,Minionki i straszydła (dubbing),Multikino Katowice,16:00,,dubbing,regular,2026-07-27T11:25:15.069427
2026-07-27,poniedzialek,katowice,Minionki i straszydła (dubbing),Multikino Katowice,18:10,,dubbing,regular,2026-07-27T11:25:15.069427
2026-07-27,poniedzialek,katowice,Niesamowite przygody skarpetek 3. Ale kosmos!,Cinema City Katowice Punkt 44,10:40,,,regular,2026-07-27T11:25:15.069427
2026-07-27,poniedzialek,katowice,O czym sobie nie mówimy,Cinema City Katowice Silesia,21:10,,,regular,2026-07-27T11:25:15.069427
2026-07-27,poniedzialek,katowice,O czym sobie nie mówimy,Kino Kosmos w Katowicach,15:00,,,regular,2026-07-27T11:25:15.069427
2026-07-27,poniedzialek,katowice,O czym sobie nie mówimy,Kino Studyjne Światowid w Katowicach,15:00,,,regular,2026-07-27T11:25:15.069427
2026-07-27,poniedzialek,katowice,Obsesja,Cinema City Katowice Punkt 44,18:50,,,regular,2026-07-27T11:25:15.069427
2026-07-27,poniedzialek,katowice,Obsesja,Cinema City Katowice Silesia,16:50,,,regular,2026-07-27T11:25:15.069427
2026-07-27,poniedzialek,katowice,Obsesja,Cinema City Katowice Silesia,19:20,,,regular,2026-07-27T11:25:15.069427
2026-07-27,poniedzialek,katowice,Obsesja,Cinema City Katowice Silesia,21:50,,,regular,2026-07-27T11:25:15.069427
2026-07-27,poniedzialek,katowice,Obsesja,Helios Katowice,21:00,,,regular,2026-07-27T11:25:15.069427
2026-07-27,poniedzialek,katowice,Obsesja,Multikino Katowice,20:20,,,regular,2026-07-27T11:25:15.069427
2026-07-27,poniedzialek,katowice,Odyseja,Cinema City Katowice Punkt 44,10:00,,,regular,2026-07-27T11:25:15.069427
2026-07-27,poniedzialek,katowice,Odyseja,Cinema City Katowice Punkt 44,10:50,,,regular,2026-07-27T11:25:15.069427
2026-07-27,poniedzialek,katowice,Odyseja,Cinema City Katowice Punkt 44,11:30,,,regular,2026-07-27T11:25:15.069427
2026-07-27,poniedzialek,katowice,Odyseja,Cinema City Katowice Punkt 44,12:20,,,regular,2026-07-27T11:25:15.069427
2026-07-27,poniedzialek,katowice,Odyseja,Cinema City Katowice Punkt 44,13:45,,,regular,2026-07-27T11:25:15.069427
2026-07-27,poniedzialek,katowice,Odyseja,Cinema City Katowice Punkt 44,14:30,,,regular,2026-07-27T11:25:15.069427
2026-07-27,poniedzialek,katowice,Odyseja,Cinema City Katowice Punkt 44,15:20,,,regular,2026-07-27T11:25:15.069427
2026-07-27,poniedzialek,katowice,Odyseja,Cinema City Katowice Punkt 44,17:30,,,regular,2026-07-27T11:25:15.069427
2026-07-27,poniedzialek,katowice,Odyseja,Cinema City Katowice Punkt 44,18:10,,,regular,2026-07-27T11:25:15.069427
2026-07-27,poniedzialek,katowice,Odyseja,Cinema City Katowice Punkt 44,19:00,,,regular,2026-07-27T11:25:15.069427
2026-07-27,poniedzialek,katowice,Odyseja,Cinema City Katowice Punkt 44,21:10,,,regular,2026-07-27T11:25:15.069427
2026-07-27,poniedzialek,katowice,Odyseja,Cinema City Katowice Punkt 44,21:50,,,regular,2026-07-27T11:25:15.069427
2026-07-27,poniedzialek,katowice,Odyseja,Cinema City Katowice Punkt 44 IMAX,10:30,,,regular,2026-07-27T11:25:15.069427
2026-07-27,poniedzialek,katowice,Odyseja,Cinema City Katowice Punkt 44 IMAX,14:15,,,regular,2026-07-27T11:25:15.069427
2026-07-27,poniedzialek,katowice,Odyseja,Cinema City Katowice Punkt 44 IMAX,18:00,,,regular,2026-07-27T11:25:15.069427
2026-07-27,poniedzialek,katowice,Odyseja,Cinema City Katowice Punkt 44 IMAX,21:45,,,regular,2026-07-27T11:25:15.069427
2026-07-27,poniedzialek,katowice,Odyseja,Cinema City Katowice Silesia,10:40,,,regular,2026-07-27T11:25:15.069427
2026-07-27,poniedzialek,katowice,Odyseja,Cinema City Katowice Silesia,12:00,,,regular,2026-07-27T11:25:15.069427
2026-07-27,poniedzialek,katowice,Odyseja,Cinema City Katowice Silesia,13:00,,,regular,2026-07-27T11:25:15.069427
2026-07-27,poniedzialek,katowice,Odyseja,Cinema City Katowice Silesia,14:20,,,regular,2026-07-27T11:25:15.069427
2026-07-27,poniedzialek,katowice,Odyseja,Cinema City Katowice Silesia,15:40,,,regular,2026-07-27T11:25:15.069427
2026-07-27,poniedzialek,katowice,Odyseja,Cinema City Katowice Silesia,16:40,,,regular,2026-07-27T11:25:15.069427
2026-07-27,poniedzialek,katowice,Odyseja,Cinema City Katowice Silesia,18:00,,,regular,2026-07-27T11:25:15.069427
2026-07-27,poniedzialek,katowice,Odyseja,Cinema City Katowice Silesia,19:20,,,regular,2026-07-27T11:25:15.069427
2026-07-27,poniedzialek,katowice,Odyseja,Cinema City Katowice Silesia,20:20,,,regular,2026-07-27T11:25:15.069427
2026-07-27,poniedzialek,katowice,Odyseja,Cinema City Katowice Silesia,21:40,,,regular,2026-07-27T11:25:15.069427
2026-07-27,poniedzialek,katowice,Odyseja,Helios Katowice,11:50,,,regular,2026-07-27T11:25:15.069427
2026-07-27,poniedzialek,katowice,Odyseja,Helios Katowice,15:30,,,regular,2026-07-27T11:25:15.069427
2026-07-27,poniedzialek,katowice,Odyseja,Helios Katowice,18:00,,,regular,2026-07-27T11:25:15.069427
2026-07-27,poniedzialek,katowice,Odyseja,Helios Katowice,19:00,,,regular,2026-07-27T11:25:15.069427
2026-07-27,poniedzialek,katowice,Odyseja,Kino Kosmos w Katowicach,15:45,,,regular,2026-07-27T11:25:15.069427
2026-07-27,poniedzialek,katowice,Odyseja,Kino Kosmos w Katowicach,19:15,,,regular,2026-07-27T11:25:15.069427
2026-07-27,poniedzialek,katowice,Odyseja,Kinoteatr Rialto w Katowicach,19:00,,,regular,2026-07-27T11:25:15.069427
2026-07-27,poniedzialek,katowice,Odyseja,Multikino Katowice,10:40,,,regular,2026-07-27T11:25:15.069427
2026-07-27,poniedzialek,katowice,Odyseja,Multikino Katowice,11:40,,,regular,2026-07-27T11:25:15.069427
2026-07-27,poniedzialek,katowice,Odyseja,Multikino Katowice,12:40,,,regular,2026-07-27T11:25:15.069427
2026-07-27,poniedzialek,katowice,Odyseja,Multikino Katowice,14:20,,,regular,2026-07-27T11:25:15.069427
2026-07-27,poniedzialek,katowice,Odyseja,Multikino Katowice,15:20,,,regular,2026-07-27T11:25:15.069427
2026-07-27,poniedzialek,katowice,Odyseja,Multikino Katowice,16:20,,,regular,2026-07-27T11:25:15.069427
2026-07-27,poniedzialek,katowice,Odyseja,Multikino Katowice,18:00,,,regular,2026-07-27T11:25:15.069427
2026-07-27,poniedzialek,katowice,Odyseja,Multikino Katowice,19:00,,,regular,2026-07-27T11:25:15.069427
2026-07-27,poniedzialek,katowice,Odyseja,Multikino Katowice,20:00,,,regular,2026-07-27T11:25:15.069427
2026-07-27,poniedzialek,katowice,Odyseja / Одіссея (ukr.),Multikino Katowice,12:00,,,regular,2026-07-27T11:25:15.069427
2026-07-27,poniedzialek,katowice,Odyseja / Одіссея (ukr.),Multikino Katowice,15:40,,,regular,2026-07-27T11:25:15.069427
2026-07-27,poniedzialek,katowice,Odyseja / Одіссея (ukr.),Multikino Katowice,19:20,,,regular,2026-07-27T11:25:15.069427
2026-07-27,poniedzialek,katowice,Ojczyzna,Kinoteatr Rialto w Katowicach,15:00,,,regular,2026-07-27T11:25:15.069427
2026-07-27,poniedzialek,katowice,Ostatni konsjerż,Multikino Katowice,20:00,,,regular,2026-07-27T11:25:15.069427
2026-07-27,poniedzialek,katowice,Przekleństwa niewinności,Kino Studyjne Światowid w Katowicach,13:15,,,regular,2026-07-27T11:25:15.069427
2026-07-27,poniedzialek,katowice,Pucio,Multikino Katowice,10:50,,,regular,2026-07-27T11:25:15.069427
2026-07-27,poniedzialek,katowice,Requiem dla snu,Cinema City Katowice Punkt 44,19:50,,,regular,2026-07-27T11:25:15.069427
2026-07-27,poniedzialek,katowice,Requiem dla snu,Cinema City Katowice Punkt 44,22:10,,,regular,2026-07-27T11:25:15.069427
2026-07-27,poniedzialek,katowice,Requiem dla snu,Cinema City Katowice Silesia,20:10,,,regular,2026-07-27T11:25:15.069427
2026-07-27,poniedzialek,katowice,Requiem dla snu,Kino Studyjne Światowid w Katowicach,11:15,,,regular,2026-07-27T11:25:15.069427
2026-07-27,poniedzialek,katowice,Requiem dla snu,Kino Studyjne Światowid w Katowicach,20:00,,,regular,2026-07-27T11:25:15.069427
2026-07-27,poniedzialek,katowice,Spider-Man. Całkiem nowy dzień,Cinema City Katowice Punkt 44,10:30,,,regular,2026-07-27T11:25:15.069427
2026-07-27,poniedzialek,katowice,Spider-Man. Całkiem nowy dzień,Cinema City Katowice Punkt 44,13:40,,,regular,2026-07-27T11:25:15.069427
2026-07-27,poniedzialek,katowice,Spider-Man. Całkiem nowy dzień,Cinema City Katowice Punkt 44,16:50,,,regular,2026-07-27T11:25:15.069427
2026-07-27,poniedzialek,katowice,Spider-Man. Całkiem nowy dzień,Cinema City Katowice Punkt 44,20:00,,,regular,2026-07-27T11:25:15.069427
2026-07-27,poniedzialek,katowice,Spider-Man. Całkiem nowy dzień,Cinema City Katowice Punkt 44,21:40,,,regular,2026-07-27T11:25:15.069427
2026-07-27,poniedzialek,katowice,Spider-Man. Całkiem nowy dzień,Cinema City Katowice Silesia,11:00,,,regular,2026-07-27T11:25:15.069427
2026-07-27,poniedzialek,katowice,Spider-Man. Całkiem nowy dzień,Cinema City Katowice Silesia,14:10,,,regular,2026-07-27T11:25:15.069427
2026-07-27,poniedzialek,katowice,Spider-Man. Całkiem nowy dzień,Cinema City Katowice Silesia,17:20,,,regular,2026-07-27T11:25:15.069427
2026-07-27,poniedzialek,katowice,Spider-Man. Całkiem nowy dzień,Cinema City Katowice Silesia,19:30,,,regular,2026-07-27T11:25:15.069427
2026-07-27,poniedzialek,katowice,Spider-Man. Całkiem nowy dzień,Cinema City Katowice Silesia,20:30,,,regular,2026-07-27T11:25:15.069427
2026-07-27,poniedzialek,katowice,Spider-Man. Całkiem nowy dzień,Helios Katowice,10:10,,,regular,2026-07-27T11:25:15.069427
2026-07-27,poniedzialek,katowice,Spider-Man. Całkiem nowy dzień,Helios Katowice,11:00,,,regular,2026-07-27T11:25:15.069427
2026-07-27,poniedzialek,katowice,Spider-Man. Całkiem nowy dzień,Helios Katowice,13:15,,,regular,2026-07-27T11:25:15.069427
2026-07-27,poniedzialek,katowice,Spider-Man. Całkiem nowy dzień,Helios Katowice,14:15,,,regular,2026-07-27T11:25:15.069427
2026-07-27,poniedzialek,katowice,Spider-Man. Całkiem nowy dzień,Helios Katowice,17:30,,,regular,2026-07-27T11:25:15.069427
2026-07-27,poniedzialek,katowice,Spider-Man. Całkiem nowy dzień,Helios Katowice,19:30,,,regular,2026-07-27T11:25:15.069427
2026-07-27,poniedzialek,katowice,Spider-Man. Całkiem nowy dzień,Helios Katowice,20:45,,,regular,2026-07-27T11:25:15.069427
2026-07-27,poniedzialek,katowice,Spider-Man. Całkiem nowy dzień,Multikino Katowice,10:30,,,regular,2026-07-27T11:25:15.069427
2026-07-27,poniedzialek,katowice,Spider-Man. Całkiem nowy dzień,Multikino Katowice,13:50,,,regular,2026-07-27T11:25:15.069427
2026-07-27,poniedzialek,katowice,Spider-Man. Całkiem nowy dzień,Multikino Katowice,14:50,,,regular,2026-07-27T11:25:15.069427
2026-07-27,poniedzialek,katowice,Spider-Man. Całkiem nowy dzień,Multikino Katowice,17:10,,,regular,2026-07-27T11:25:15.069427
2026-07-27,poniedzialek,katowice,Spider-Man. Całkiem nowy dzień,Multikino Katowice,20:30,,,regular,2026-07-27T11:25:15.069427
2026-07-27,poniedzialek,katowice,Spider-Man. Całkiem nowy dzień,Multikino Katowice,21:30,,,regular,2026-07-27T11:25:15.069427
2026-07-27,poniedzialek,katowice,Spider-Man. Całkiem nowy dzień (dubbing),Cinema City Katowice Punkt 44,12:10,,dubbing,regular,2026-07-27T11:25:15.069427
2026-07-27,poniedzialek,katowice,Spider-Man. Całkiem nowy dzień (dubbing),Cinema City Katowice Punkt 44,15:20,,dubbing,regular,2026-07-27T11:25:15.069427
2026-07-27,poniedzialek,katowice,Spider-Man. Całkiem nowy dzień (dubbing),Cinema City Katowice Punkt 44,18:30,,dubbing,regular,2026-07-27T11:25:15.069427
2026-07-27,poniedzialek,katowice,Spider-Man. Całkiem nowy dzień (dubbing),Cinema City Katowice Silesia,12:40,,dubbing,regular,2026-07-27T11:25:15.069427
2026-07-27,poniedzialek,katowice,Spider-Man. Całkiem nowy dzień (dubbing),Cinema City Katowice Silesia,15:50,,dubbing,regular,2026-07-27T11:25:15.069427
2026-07-27,poniedzialek,katowice,Spider-Man. Całkiem nowy dzień (dubbing),Cinema City Katowice Silesia,19:00,,dubbing,regular,2026-07-27T11:25:15.069427
2026-07-27,poniedzialek,katowice,Spider-Man. Całkiem nowy dzień (dubbing),Multikino Katowice,11:30,,dubbing,regular,2026-07-27T11:25:15.069427
2026-07-27,poniedzialek,katowice,Spider-Man. Całkiem nowy dzień 3D,Cinema City Katowice Punkt 44,17:40,3D,,regular,2026-07-27T11:25:15.069427
2026-07-27,poniedzialek,katowice,Spider-Man. Całkiem nowy dzień 3D,Cinema City Katowice Silesia,18:10,3D,,regular,2026-07-27T11:25:15.069427
2026-07-27,poniedzialek,katowice,Spider-Man. Całkiem nowy dzień 3D (dubbing),Cinema City Katowice Punkt 44,14:30,3D,dubbing,regular,2026-07-27T11:25:15.069427
2026-07-27,poniedzialek,katowice,Spider-Man. Całkiem nowy dzień 3D (dubbing),Cinema City Katowice Silesia,15:00,3D,dubbing,regular,2026-07-27T11:25:15.069427
2026-07-27,poniedzialek,katowice,Spider-Man. Całkiem nowy dzień 3D (dubbing),Multikino Katowice,18:10,3D,dubbing,regular,2026-07-27T11:25:15.069427
2026-07-27,poniedzialek,katowice,Straszny film,Cinema City Katowice Punkt 44,22:30,,,regular,2026-07-27T11:25:15.069427
2026-07-27,poniedzialek,katowice,Straszny film,Cinema City Katowice Silesia,22:10,,,regular,2026-07-27T11:25:15.069427
2026-07-27,poniedzialek,katowice,Toy Story 5 (dubbing),Cinema City Katowice Punkt 44,10:10,,dubbing,regular,2026-07-27T11:25:15.069427
2026-07-27,poniedzialek,katowice,Toy Story 5 (dubbing),Cinema City Katowice Punkt 44,11:00,,dubbing,regular,2026-07-27T11:25:15.069427
2026-07-27,poniedzialek,katowice,Toy Story 5 (dubbing),Cinema City Katowice Punkt 44,12:30,,dubbing,regular,2026-07-27T11:25:15.069427
2026-07-27,poniedzialek,katowice,Toy Story 5 (dubbing),Cinema City Katowice Punkt 44,13:20,,dubbing,regular,2026-07-27T11:25:15.069427
2026-07-27,poniedzialek,katowice,Toy Story 5 (dubbing),Cinema City Katowice Punkt 44,14:50,,dubbing,regular,2026-07-27T11:25:15.069427
2026-07-27,poniedzialek,katowice,Toy Story 5 (dubbing),Cinema City Katowice Punkt 44,15:50,,dubbing,regular,2026-07-27T11:25:15.069427
2026-07-27,poniedzialek,katowice,Toy Story 5 (dubbing),Cinema City Katowice Punkt 44,17:10,,dubbing,regular,2026-07-27T11:25:15.069427
2026-07-27,poniedzialek,katowice,Toy Story 5 (dubbing),Cinema City Katowice Punkt 44,18:20,,dubbing,regular,2026-07-27T11:25:15.069427
2026-07-27,poniedzialek,katowice,Toy Story 5 (dubbing),Cinema City Katowice Silesia,10:00,,dubbing,regular,2026-07-27T11:25:15.069427
2026-07-27,poniedzialek,katowice,Toy Story 5 (dubbing),Cinema City Katowice Silesia,11:10,,dubbing,regular,2026-07-27T11:25:15.069427
2026-07-27,poniedzialek,katowice,Toy Story 5 (dubbing),Cinema City Katowice Silesia,12:30,,dubbing,regular,2026-07-27T11:25:15.069427
2026-07-27,poniedzialek,katowice,Toy Story 5 (dubbing),Cinema City Katowice Silesia,13:40,,dubbing,regular,2026-07-27T11:25:15.069427
2026-07-27,poniedzialek,katowice,Toy Story 5 (dubbing),Cinema City Katowice Silesia,16:10,,dubbing,regular,2026-07-27T11:25:15.069427
2026-07-27,poniedzialek,katowice,Toy Story 5 (dubbing),Cinema City Katowice Silesia,18:40,,dubbing,regular,2026-07-27T11:25:15.069427
2026-07-27,poniedzialek,katowice,Toy Story 5 (dubbing),Helios Katowice,10:40,,dubbing,regular,2026-07-27T11:25:15.069427
2026-07-27,poniedzialek,katowice,Toy Story 5 (dubbing),Helios Katowice,13:00,,dubbing,regular,2026-07-27T11:25:15.069427
2026-07-27,poniedzialek,katowice,Toy Story 5 (dubbing),Helios Katowice,15:20,,dubbing,regular,2026-07-27T11:25:15.069427
2026-07-27,poniedzialek,katowice,Toy Story 5 (dubbing),Multikino Katowice,10:10,,dubbing,regular,2026-07-27T11:25:15.069427
2026-07-27,poniedzialek,katowice,Toy Story 5 (dubbing),Multikino Katowice,12:35,,dubbing,regular,2026-07-27T11:25:15.069427
2026-07-27,poniedzialek,katowice,Toy Story 5 (dubbing),Multikino Katowice,15:00,,dubbing,regular,2026-07-27T11:25:15.069427
2026-07-27,poniedzialek,katowice,Toy Story 5 (dubbing),Multikino Katowice,17:25,,dubbing,regular,2026-07-27T11:25:15.069427
2026-07-27,poniedzialek,katowice,Vaiana,Helios Katowice,11:30,,,regular,2026-07-27T11:25:15.069427
2026-07-27,poniedzialek,katowice,Vaiana,Helios Katowice,14:00,,,regular,2026-07-27T11:25:15.069427
2026-07-27,poniedzialek,katowice,Vaiana,Helios Katowice,15:40,,,regular,2026-07-27T11:25:15.069427
2026-07-27,poniedzialek,katowice,Vaiana,Helios Katowice,16:40,,,regular,2026-07-27T11:25:15.069427
2026-07-27,poniedzialek,katowice,Vaiana,Helios Katowice,18:40,,,regular,2026-07-27T11:25:15.069427
2026-07-27,poniedzialek,katowice,Vaiana (dubbing),Cinema City Katowice Punkt 44,10:30,,dubbing,regular,2026-07-27T11:25:15.069427
2026-07-27,poniedzialek,katowice,Vaiana (dubbing),Cinema City Katowice Punkt 44,13:10,,dubbing,regular,2026-07-27T11:25:15.069427
2026-07-27,poniedzialek,katowice,Vaiana (dubbing),Cinema City Katowice Punkt 44,15:50,,dubbing,regular,2026-07-27T11:25:15.069427
2026-07-27,poniedzialek,katowice,Vaiana (dubbing),Cinema City Katowice Punkt 44,18:30,,dubbing,regular,2026-07-27T11:25:15.069427
2026-07-27,poniedzialek,katowice,Vaiana (dubbing),Cinema City Katowice Silesia,10:00,,dubbing,regular,2026-07-27T11:25:15.069427
2026-07-27,poniedzialek,katowice,Vaiana (dubbing),Cinema City Katowice Silesia,11:20,,dubbing,regular,2026-07-27T11:25:15.069427
2026-07-27,poniedzialek,katowice,Vaiana (dubbing),Cinema City Katowice Silesia,14:00,,dubbing,regular,2026-07-27T11:25:15.069427
2026-07-27,poniedzialek,katowice,Vaiana (dubbing),Cinema City Katowice Silesia,16:50,,dubbing,regular,2026-07-27T11:25:15.069427
2026-07-27,poniedzialek,katowice,Vaiana (dubbing),Multikino Katowice,10:55,,dubbing,regular,2026-07-27T11:25:15.069427
2026-07-27,poniedzialek,katowice,Vaiana (dubbing),Multikino Katowice,13:35,,dubbing,regular,2026-07-27T11:25:15.069427
2026-07-27,poniedzialek,katowice,Vaiana (dubbing),Multikino Katowice,16:15,,dubbing,regular,2026-07-27T11:25:15.069427
2026-07-27,poniedzialek,katowice,Wędrówka na północ,Kino Studyjne Światowid w Katowicach,17:45,,,regular,2026-07-27T11:25:15.069427
2026-07-27,poniedzialek,katowice,Zaproszenie,Cinema City Katowice Punkt 44,19:40,,,regular,2026-07-27T11:25:15.069427
2026-07-27,poniedzialek,katowice,Zaproszenie,Cinema City Katowice Punkt 44,22:10,,,regular,2026-07-27T11:25:15.069427
2026-07-27,poniedzialek,katowice,Zaproszenie,Cinema City Katowice Silesia,21:20,,,regular,2026-07-27T11:25:15.069427
2026-07-27,poniedzialek,katowice,Zaproszenie,Helios Katowice,20:00,,,regular,2026-07-27T11:25:15.069427
2026-07-27,poniedzialek,katowice,Zaproszenie,Kino Kosmos w Katowicach,17:10,,,regular,2026-07-27T11:25:15.069427
2026-07-27,poniedzialek,katowice,Zaproszenie,Multikino Katowice,19:35,,,regular,2026-07-27T11:25:15.069427
2026-07-27,poniedzialek,katowice,Zawodowcy,Cinema City Katowice Punkt 44,21:40,,,regular,2026-07-27T11:25:15.069427
2026-07-27,poniedzialek,białystok,Backrooms. Bez wyjścia,Helios Białystok Alfa,12:50,,,regular,2026-07-27T11:25:18.878325
2026-07-27,poniedzialek,białystok,Backrooms. Bez wyjścia,Helios Białystok Atrium Biała,21:20,,,regular,2026-07-27T11:25:18.878325
2026-07-27,poniedzialek,białystok,Backrooms. Bez wyjścia,Helios Białystok Jurowiecka,15:40,,,regular,2026-07-27T11:25:18.878325
2026-07-27,poniedzialek,białystok,Backrooms. Bez wyjścia,Helios Białystok Jurowiecka,21:00,,,regular,2026-07-27T11:25:18.878325
2026-07-27,poniedzialek,białystok,Dzień Objawienia,Helios Białystok Jurowiecka,19:20,,,regular,2026-07-27T11:25:18.878325
2026-07-27,poniedzialek,białystok,Ekipa zwierzaków,Helios Białystok Alfa,10:40,,,regular,2026-07-27T11:25:18.878325
2026-07-27,poniedzialek,białystok,Ekipa zwierzaków,Helios Białystok Alfa,15:30,,,regular,2026-07-27T11:25:18.878325
2026-07-27,poniedzialek,białystok,Ekipa zwierzaków,Helios Białystok Alfa,17:40,,,regular,2026-07-27T11:25:18.878325
2026-07-27,poniedzialek,białystok,Ekipa zwierzaków,Helios Białystok Atrium Biała,10:30,,,regular,2026-07-27T11:25:18.878325
2026-07-27,poniedzialek,białystok,Ekipa zwierzaków,Helios Białystok Atrium Biała,11:20,,,regular,2026-07-27T11:25:18.878325
2026-07-27,poniedzialek,białystok,Ekipa zwierzaków,Helios Białystok Atrium Biała,13:30,,,regular,2026-07-27T11:25:18.878325
2026-07-27,poniedzialek,białystok,Ekipa zwierzaków,Helios Białystok Atrium Biała,17:00,,,regular,2026-07-27T11:25:18.878325
2026-07-27,poniedzialek,białystok,Ekipa zwierzaków,Helios Białystok Jurowiecka,10:00,,,regular,2026-07-27T11:25:18.878325
2026-07-27,poniedzialek,białystok,Ekipa zwierzaków,Helios Białystok Jurowiecka,11:45,,,regular,2026-07-27T11:25:18.878325
2026-07-27,poniedzialek,białystok,Ekipa zwierzaków,Helios Białystok Jurowiecka,14:00,,,regular,2026-07-27T11:25:18.878325
2026-07-27,poniedzialek,białystok,Ekipa zwierzaków,Helios Białystok Jurowiecka,15:00,,,regular,2026-07-27T11:25:18.878325
2026-07-27,poniedzialek,białystok,Ekipa zwierzaków,Helios Białystok Jurowiecka,17:15,,,regular,2026-07-27T11:25:18.878325
2026-07-27,poniedzialek,białystok,Jej piekło,Helios Białystok Alfa,19:45,,,regular,2026-07-27T11:25:18.878325
2026-07-27,poniedzialek,białystok,Martwe zło: Ogień,Helios Białystok Alfa,18:45,,,regular,2026-07-27T11:25:18.878325
2026-07-27,poniedzialek,białystok,Martwe zło: Ogień,Helios Białystok Alfa,21:20,,,regular,2026-07-27T11:25:18.878325
2026-07-27,poniedzialek,białystok,Martwe zło: Ogień,Helios Białystok Atrium Biała,18:20,,,regular,2026-07-27T11:25:18.878325
2026-07-27,poniedzialek,białystok,Martwe zło: Ogień,Helios Białystok Atrium Biała,21:00,,,regular,2026-07-27T11:25:18.878325
2026-07-27,poniedzialek,białystok,Minionki i straszydła (dubbing),Helios Białystok Alfa,10:50,,dubbing,regular,2026-07-27T11:25:18.878325
2026-07-27,poniedzialek,białystok,Minionki i straszydła (dubbing),Helios Białystok Alfa,11:30,,dubbing,regular,2026-07-27T11:25:18.878325
2026-07-27,poniedzialek,białystok,Minionki i straszydła (dubbing),Helios Białystok Alfa,12:20,,dubbing,regular,2026-07-27T11:25:18.878325
2026-07-27,poniedzialek,białystok,Minionki i straszydła (dubbing),Helios Białystok Alfa,13:30,,dubbing,regular,2026-07-27T11:25:18.878325
2026-07-27,poniedzialek,białystok,Minionki i straszydła (dubbing),Helios Białystok Alfa,14:40,,dubbing,regular,2026-07-27T11:25:18.878325
2026-07-27,poniedzialek,białystok,Minionki i straszydła (dubbing),Helios Białystok Alfa,16:00,,dubbing,regular,2026-07-27T11:25:18.878325
2026-07-27,poniedzialek,białystok,Minionki i straszydła (dubbing),Helios Białystok Alfa,17:00,,dubbing,regular,2026-07-27T11:25:18.878325
2026-07-27,poniedzialek,białystok,Minionki i straszydła (dubbing),Helios Białystok Alfa,18:15,,dubbing,regular,2026-07-27T11:25:18.878325
2026-07-27,poniedzialek,białystok,Minionki i straszydła (dubbing),Helios Białystok Atrium Biała,10:20,,dubbing,regular,2026-07-27T11:25:18.878325
2026-07-27,poniedzialek,białystok,Minionki i straszydła (dubbing),Helios Białystok Atrium Biała,11:30,,dubbing,regular,2026-07-27T11:25:18.878325
2026-07-27,poniedzialek,białystok,Minionki i straszydła (dubbing),Helios Białystok Atrium Biała,12:30,,dubbing,regular,2026-07-27T11:25:18.878325
2026-07-27,poniedzialek,białystok,Minionki i straszydła (dubbing),Helios Białystok Atrium Biała,13:40,,dubbing,regular,2026-07-27T11:25:18.878325
2026-07-27,poniedzialek,białystok,Minionki i straszydła (dubbing),Helios Białystok Atrium Biała,14:45,,dubbing,regular,2026-07-27T11:25:18.878325
2026-07-27,poniedzialek,białystok,Minionki i straszydła (dubbing),Helios Białystok Atrium Biała,15:50,,dubbing,regular,2026-07-27T11:25:18.878325
2026-07-27,poniedzialek,białystok,Minionki i straszydła (dubbing),Helios Białystok Atrium Biała,16:20,,dubbing,regular,2026-07-27T11:25:18.878325
2026-07-27,poniedzialek,białystok,Minionki i straszydła (dubbing),Helios Białystok Atrium Biała,17:15,,dubbing,regular,2026-07-27T11:25:18.878325
2026-07-27,poniedzialek,białystok,Minionki i straszydła (dubbing),Helios Białystok Jurowiecka,10:50,,dubbing,regular,2026-07-27T11:25:18.878325
2026-07-27,poniedzialek,białystok,Minionki i straszydła (dubbing),Helios Białystok Jurowiecka,13:30,,dubbing,regular,2026-07-27T11:25:18.878325
2026-07-27,poniedzialek,białystok,Minionki i straszydła (dubbing),Helios Białystok Jurowiecka,16:15,,dubbing,regular,2026-07-27T11:25:18.878325
2026-07-27,poniedzialek,białystok,Minionki i straszydła (dubbing),Helios Białystok Jurowiecka,17:30,,dubbing,regular,2026-07-27T11:25:18.878325
2026-07-27,poniedzialek,białystok,Obsesja,Helios Białystok Atrium Biała,19:15,,,regular,2026-07-27T11:25:18.878325
2026-07-27,poniedzialek,białystok,Odyseja,Helios Białystok Alfa,11:10,,,regular,2026-07-27T11:25:18.878325
2026-07-27,poniedzialek,białystok,Odyseja,Helios Białystok Alfa,16:20,,,regular,2026-07-27T11:25:18.878325
2026-07-27,poniedzialek,białystok,Odyseja,Helios Białystok Alfa,19:15,,,regular,2026-07-27T11:25:18.878325
2026-07-27,poniedzialek,białystok,Odyseja,Helios Białystok Alfa,20:30,,,regular,2026-07-27T11:25:18.878325
2026-07-27,poniedzialek,białystok,Odyseja,Helios Białystok Atrium Biała,11:40,,,regular,2026-07-27T11:25:18.878325
2026-07-27,poniedzialek,białystok,Odyseja,Helios Białystok Atrium Biała,15:20,,,regular,2026-07-27T11:25:18.878325
2026-07-27,poniedzialek,białystok,Odyseja,Helios Białystok Atrium Biała,18:00,,,regular,2026-07-27T11:25:18.878325
2026-07-27,poniedzialek,białystok,Odyseja,Helios Białystok Atrium Biała,19:00,,,regular,2026-07-27T11:25:18.878325
2026-07-27,poniedzialek,białystok,Odyseja,Helios Białystok Jurowiecka,11:30,,,regular,2026-07-27T11:25:18.878325
2026-07-27,poniedzialek,białystok,Odyseja,Helios Białystok Jurowiecka,18:30,,,regular,2026-07-27T11:25:18.878325
2026-07-27,poniedzialek,białystok,Odyseja,Helios Białystok Jurowiecka,19:40,,,regular,2026-07-27T11:25:18.878325
2026-07-27,poniedzialek,białystok,Odyseja,Kino Forum - Białostocki Ośrodek Kultury,14:00,,,regular,2026-07-27T11:25:18.878325
2026-07-27,poniedzialek,białystok,Odyseja,Kino Forum - Białostocki Ośrodek Kultury,19:30,,,regular,2026-07-27T11:25:18.878325
2026-07-27,poniedzialek,białystok,Requiem dla snu,Kino Forum - Białostocki Ośrodek Kultury,17:30,,,regular,2026-07-27T11:25:18.878325
2026-07-27,poniedzialek,białystok,Spider-Man. Całkiem nowy dzień,Helios Białystok Alfa,10:20,,,regular,2026-07-27T11:25:18.878325
2026-07-27,poniedzialek,białystok,Spider-Man. Całkiem nowy dzień,Helios Białystok Alfa,13:15,,,regular,2026-07-27T11:25:18.878325
2026-07-27,poniedzialek,białystok,Spider-Man. Całkiem nowy dzień,Helios Białystok Alfa,14:50,,,regular,2026-07-27T11:25:18.878325
2026-07-27,poniedzialek,białystok,Spider-Man. Całkiem nowy dzień,Helios Białystok Alfa,18:00,,,regular,2026-07-27T11:25:18.878325
2026-07-27,poniedzialek,białystok,Spider-Man. Całkiem nowy dzień,Helios Białystok Alfa,20:00,,,regular,2026-07-27T11:25:18.878325
2026-07-27,poniedzialek,białystok,Spider-Man. Całkiem nowy dzień,Helios Białystok Alfa,21:10,,,regular,2026-07-27T11:25:18.878325
2026-07-27,poniedzialek,białystok,Spider-Man. Całkiem nowy dzień,Helios Białystok Atrium Biała,10:10,,,regular,2026-07-27T11:25:18.878325
2026-07-27,poniedzialek,białystok,Spider-Man. Całkiem nowy dzień,Helios Białystok Atrium Biała,11:00,,,regular,2026-07-27T11:25:18.878325
2026-07-27,poniedzialek,białystok,Spider-Man. Całkiem nowy dzień,Helios Białystok Atrium Biała,13:15,,,regular,2026-07-27T11:25:18.878325
2026-07-27,poniedzialek,białystok,Spider-Man. Całkiem nowy dzień,Helios Białystok Atrium Biała,14:15,,,regular,2026-07-27T11:25:18.878325
2026-07-27,poniedzialek,białystok,Spider-Man. Całkiem nowy dzień,Helios Białystok Atrium Biała,17:30,,,regular,2026-07-27T11:25:18.878325
2026-07-27,poniedzialek,białystok,Spider-Man. Całkiem nowy dzień,Helios Białystok Atrium Biała,19:30,,,regular,2026-07-27T11:25:18.878325
2026-07-27,poniedzialek,białystok,Spider-Man. Całkiem nowy dzień,Helios Białystok Atrium Biała,20:45,,,regular,2026-07-27T11:25:18.878325
2026-07-27,poniedzialek,białystok,Spider-Man. Całkiem nowy dzień,Helios Białystok Jurowiecka,10:30,,,regular,2026-07-27T11:25:18.878325
2026-07-27,poniedzialek,białystok,Spider-Man. Całkiem nowy dzień,Helios Białystok Jurowiecka,13:45,,,regular,2026-07-27T11:25:18.878325
2026-07-27,poniedzialek,białystok,Spider-Man. Całkiem nowy dzień,Helios Białystok Jurowiecka,17:00,,,regular,2026-07-27T11:25:18.878325
2026-07-27,poniedzialek,białystok,Spider-Man. Całkiem nowy dzień,Helios Białystok Jurowiecka,20:15,,,regular,2026-07-27T11:25:18.878325
2026-07-27,poniedzialek,białystok,Tom i Jerry: Przygoda w muzeum (dubbing),Helios Białystok Jurowiecka,11:30,,dubbing,regular,2026-07-27T11:25:18.878325
2026-07-27,poniedzialek,białystok,Toy Story 5 (dubbing),Helios Białystok Alfa,10:00,,dubbing,regular,2026-07-27T11:25:18.878325
2026-07-27,poniedzialek,białystok,Toy Story 5 (dubbing),Helios Białystok Alfa,13:45,,dubbing,regular,2026-07-27T11:25:18.878325
2026-07-27,poniedzialek,białystok,Toy Story 5 (dubbing),Helios Białystok Alfa,16:10,,dubbing,regular,2026-07-27T11:25:18.878325
2026-07-27,poniedzialek,białystok,Toy Story 5 (dubbing),Helios Białystok Atrium Biała,10:40,,dubbing,regular,2026-07-27T11:25:18.878325
2026-07-27,poniedzialek,białystok,Toy Story 5 (dubbing),Helios Białystok Atrium Biała,13:00,,dubbing,regular,2026-07-27T11:25:18.878325
2026-07-27,poniedzialek,białystok,Toy Story 5 (dubbing),Helios Białystok Atrium Biała,15:20,,dubbing,regular,2026-07-27T11:25:18.878325
2026-07-27,poniedzialek,białystok,Toy Story 5 (dubbing),Helios Białystok Atrium Biała,17:45,,dubbing,regular,2026-07-27T11:25:18.878325
2026-07-27,poniedzialek,białystok,Toy Story 5 (dubbing),Helios Białystok Jurowiecka,13:00,,dubbing,regular,2026-07-27T11:25:18.878325
2026-07-27,poniedzialek,białystok,Toy Story 5 (dubbing),Helios Białystok Jurowiecka,15:10,,dubbing,regular,2026-07-27T11:25:18.878325
2026-07-27,poniedzialek,białystok,Vaiana,Helios Białystok Alfa,10:30,,,regular,2026-07-27T11:25:18.878325
2026-07-27,poniedzialek,białystok,Vaiana,Helios Białystok Alfa,13:00,,,regular,2026-07-27T11:25:18.878325
2026-07-27,poniedzialek,białystok,Vaiana,Helios Białystok Alfa,15:45,,,regular,2026-07-27T11:25:18.878325
2026-07-27,poniedzialek,białystok,Vaiana,Helios Białystok Alfa,18:30,,,regular,2026-07-27T11:25:18.878325
2026-07-27,poniedzialek,białystok,Vaiana,Helios Białystok Atrium Biała,12:00,,,regular,2026-07-27T11:25:18.878325
2026-07-27,poniedzialek,białystok,Vaiana,Helios Białystok Atrium Biała,14:30,,,regular,2026-07-27T11:25:18.878325
2026-07-27,poniedzialek,białystok,Vaiana,Helios Białystok Atrium Biała,15:40,,,regular,2026-07-27T11:25:18.878325
2026-07-27,poniedzialek,białystok,Vaiana,Helios Białystok Atrium Biała,18:40,,,regular,2026-07-27T11:25:18.878325
2026-07-27,poniedzialek,białystok,Vaiana,Helios Białystok Jurowiecka,10:40,,,regular,2026-07-27T11:25:18.878325
2026-07-27,poniedzialek,białystok,Vaiana,Helios Białystok Jurowiecka,13:15,,,regular,2026-07-27T11:25:18.878325
2026-07-27,poniedzialek,białystok,Vaiana,Helios Białystok Jurowiecka,16:00,,,regular,2026-07-27T11:25:18.878325
2026-07-27,poniedzialek,białystok,Vaiana,Helios Białystok Jurowiecka,18:15,,,regular,2026-07-27T11:25:18.878325
2026-07-27,poniedzialek,białystok,Zaproszenie,Helios Białystok Alfa,21:30,,,regular,2026-07-27T11:25:18.878325
2026-07-27,poniedzialek,białystok,Zaproszenie,Helios Białystok Atrium Biała,20:15,,,regular,2026-07-27T11:25:18.878325
2026-07-27,poniedzialek,białystok,Zaproszenie,Helios Białystok Jurowiecka,18:45,,,regular,2026-07-27T11:25:18.878325
2026-07-27,poniedzialek,białystok,Zaproszenie,Helios Białystok Jurowiecka,21:15,,,regular,2026-07-27T11:25:18.878325
2026-07-27,poniedzialek,gdynia,Arek.Mama.Panorama,Gdyńskie Centrum Filmowe,16:15,,,regular,2026-07-27T11:25:22.119736
2026-07-27,poniedzialek,gdynia,Backrooms. Bez wyjścia,Helios Gdynia,21:00,,,regular,2026-07-27T11:25:22.119736
2026-07-27,poniedzialek,gdynia,Basia. Jestem w sam raz,Gdyńskie Centrum Filmowe,10:10,,,regular,2026-07-27T11:25:22.119736
2026-07-27,poniedzialek,gdynia,Big Shark,Gdyńskie Centrum Filmowe,18:00,,,regular,2026-07-27T11:25:22.119736
2026-07-27,poniedzialek,gdynia,Ekipa zwierzaków,Gdyńskie Centrum Filmowe,11:15,,,regular,2026-07-27T11:25:22.119736
2026-07-27,poniedzialek,gdynia,Ekipa zwierzaków,Gdyńskie Centrum Filmowe,16:40,,,regular,2026-07-27T11:25:22.119736
2026-07-27,poniedzialek,gdynia,Ekipa zwierzaków,Helios Gdynia,10:40,,,regular,2026-07-27T11:25:22.119736
2026-07-27,poniedzialek,gdynia,Ekipa zwierzaków,Helios Gdynia,15:00,,,regular,2026-07-27T11:25:22.119736
2026-07-27,poniedzialek,gdynia,Ekipa zwierzaków,Helios Gdynia,17:15,,,regular,2026-07-27T11:25:22.119736
2026-07-27,poniedzialek,gdynia,Koniec imprezy,Gdyńskie Centrum Filmowe,10:45,,,regular,2026-07-27T11:25:22.119736
2026-07-27,poniedzialek,gdynia,Koniec imprezy,Gdyńskie Centrum Filmowe,20:55,,,regular,2026-07-27T11:25:22.119736
2026-07-27,poniedzialek,gdynia,Martwe zło: Ogień,Helios Gdynia,19:15,,,regular,2026-07-27T11:25:22.119736
2026-07-27,poniedzialek,gdynia,Minionki i straszydła (dubbing),Helios Gdynia,10:00,,dubbing,regular,2026-07-27T11:25:22.119736
2026-07-27,poniedzialek,gdynia,Minionki i straszydła (dubbing),Helios Gdynia,10:30,,dubbing,regular,2026-07-27T11:25:22.119736
2026-07-27,poniedzialek,gdynia,Minionki i straszydła (dubbing),Helios Gdynia,12:10,,dubbing,regular,2026-07-27T11:25:22.119736
2026-07-27,poniedzialek,gdynia,Minionki i straszydła (dubbing),Helios Gdynia,13:40,,dubbing,regular,2026-07-27T11:25:22.119736
2026-07-27,poniedzialek,gdynia,Minionki i straszydła (dubbing),Helios Gdynia,16:00,,dubbing,regular,2026-07-27T11:25:22.119736
2026-07-27,poniedzialek,gdynia,Minionki i straszydła (dubbing),Helios Gdynia,18:00,,dubbing,regular,2026-07-27T11:25:22.119736
2026-07-27,poniedzialek,gdynia,O czym sobie nie mówimy,Gdyńskie Centrum Filmowe,14:25,,,regular,2026-07-27T11:25:22.119736
2026-07-27,poniedzialek,gdynia,O czym sobie nie mówimy,Gdyńskie Centrum Filmowe,18:25,,,regular,2026-07-27T11:25:22.119736
2026-07-27,poniedzialek,gdynia,Obsesja,Helios Gdynia,21:10,,,regular,2026-07-27T11:25:22.119736
2026-07-27,poniedzialek,gdynia,Odyseja,Gdyńskie Centrum Filmowe,13:00,,,regular,2026-07-27T11:25:22.119736
2026-07-27,poniedzialek,gdynia,Odyseja,Gdyńskie Centrum Filmowe,17:15,,,regular,2026-07-27T11:25:22.119736
2026-07-27,poniedzialek,gdynia,Odyseja,Gdyńskie Centrum Filmowe,20:30,,,regular,2026-07-27T11:25:22.119736
2026-07-27,poniedzialek,gdynia,Odyseja,Helios Gdynia,10:20,,,regular,2026-07-27T11:25:22.119736
2026-07-27,poniedzialek,gdynia,Odyseja,Helios Gdynia,11:40,,,regular,2026-07-27T11:25:22.119736
2026-07-27,poniedzialek,gdynia,Odyseja,Helios Gdynia,14:00,,,regular,2026-07-27T11:25:22.119736
2026-07-27,poniedzialek,gdynia,Odyseja,Helios Gdynia,15:20,,,regular,2026-07-27T11:25:22.119736
2026-07-27,poniedzialek,gdynia,Odyseja,Helios Gdynia,17:40,,,regular,2026-07-27T11:25:22.119736
2026-07-27,poniedzialek,gdynia,Odyseja,Helios Gdynia,19:00,,,regular,2026-07-27T11:25:22.119736
2026-07-27,poniedzialek,gdynia,Odyseja,Helios Gdynia,20:15,,,regular,2026-07-27T11:25:22.119736
2026-07-27,poniedzialek,gdynia,Odyseja,Helios Gdynia,21:20,,,regular,2026-07-27T11:25:22.119736
2026-07-27,poniedzialek,gdynia,Ojczyzna,Gdyńskie Centrum Filmowe,12:40,,,regular,2026-07-27T11:25:22.119736
2026-07-27,poniedzialek,gdynia,Spider-Man. Całkiem nowy dzień,Helios Gdynia,11:50,,,regular,2026-07-27T11:25:22.119736
2026-07-27,poniedzialek,gdynia,Spider-Man. Całkiem nowy dzień,Helios Gdynia,13:00,,,regular,2026-07-27T11:25:22.119736
2026-07-27,poniedzialek,gdynia,Spider-Man. Całkiem nowy dzień,Helios Gdynia,14:20,,,regular,2026-07-27T11:25:22.119736
2026-07-27,poniedzialek,gdynia,Spider-Man. Całkiem nowy dzień,Helios Gdynia,16:15,,,regular,2026-07-27T11:25:22.119736
2026-07-27,poniedzialek,gdynia,Spider-Man. Całkiem nowy dzień,Helios Gdynia,17:30,,,regular,2026-07-27T11:25:22.119736
2026-07-27,poniedzialek,gdynia,Spider-Man. Całkiem nowy dzień,Helios Gdynia,19:30,,,regular,2026-07-27T11:25:22.119736
2026-07-27,poniedzialek,gdynia,Spider-Man. Całkiem nowy dzień,Helios Gdynia,20:45,,,regular,2026-07-27T11:25:22.119736
2026-07-27,poniedzialek,gdynia,The Room,Gdyńskie Centrum Filmowe,20:40,,,regular,2026-07-27T11:25:22.119736
2026-07-27,poniedzialek,gdynia,Toy Story 5 (dubbing),Gdyńskie Centrum Filmowe,15:10,,dubbing,regular,2026-07-27T11:25:22.119736
2026-07-27,poniedzialek,gdynia,Toy Story 5 (dubbing),Helios Gdynia,11:15,,dubbing,regular,2026-07-27T11:25:22.119736
2026-07-27,poniedzialek,gdynia,Toy Story 5 (dubbing),Helios Gdynia,12:45,,dubbing,regular,2026-07-27T11:25:22.119736
2026-07-27,poniedzialek,gdynia,Vaiana,Helios Gdynia,10:50,,,regular,2026-07-27T11:25:22.119736
2026-07-27,poniedzialek,gdynia,Vaiana,Helios Gdynia,13:30,,,regular,2026-07-27T11:25:22.119736
2026-07-27,poniedzialek,gdynia,Vaiana,Helios Gdynia,15:10,,,regular,2026-07-27T11:25:22.119736
2026-07-27,poniedzialek,gdynia,Vaiana,Helios Gdynia,16:10,,,regular,2026-07-27T11:25:22.119736
2026-07-27,poniedzialek,gdynia,Vaiana,Helios Gdynia,18:15,,,regular,2026-07-27T11:25:22.119736
2026-07-27,poniedzialek,gdynia,Vaiana (dubbing),Gdyńskie Centrum Filmowe,10:30,,dubbing,regular,2026-07-27T11:25:22.119736
2026-07-27,poniedzialek,gdynia,Zaproszenie,Gdyńskie Centrum Filmowe,13:00,,,regular,2026-07-27T11:25:22.119736
2026-07-27,poniedzialek,gdynia,Zaproszenie,Helios Gdynia,18:45,,,regular,2026-07-27T11:25:22.119736
2026-07-27,poniedzialek,częstochowa,Backrooms. Bez wyjścia,Cinema City Częstochowa Wolność,21:00,,,regular,2026-07-27T11:25:24.914700
2026-07-27,poniedzialek,częstochowa,Ekipa zwierzaków (dubbing),Cinema City Częstochowa Galeria Jurajska,10:50,,dubbing,regular,2026-07-27T11:25:24.914700
2026-07-27,poniedzialek,częstochowa,Ekipa zwierzaków (dubbing),Cinema City Częstochowa Galeria Jurajska,13:00,,dubbing,regular,2026-07-27T11:25:24.914700
2026-07-27,poniedzialek,częstochowa,Ekipa zwierzaków (dubbing),Cinema City Częstochowa Galeria Jurajska,15:10,,dubbing,regular,2026-07-27T11:25:24.914700
2026-07-27,poniedzialek,częstochowa,Ekipa zwierzaków (dubbing),Cinema City Częstochowa Galeria Jurajska,17:20,,dubbing,regular,2026-07-27T11:25:24.914700
2026-07-27,poniedzialek,częstochowa,Ekipa zwierzaków (dubbing),Cinema City Częstochowa Wolność,10:00,,dubbing,regular,2026-07-27T11:25:24.914700
2026-07-27,poniedzialek,częstochowa,Ekipa zwierzaków (dubbing),Cinema City Częstochowa Wolność,12:10,,dubbing,regular,2026-07-27T11:25:24.914700
2026-07-27,poniedzialek,częstochowa,Ekipa zwierzaków (dubbing),Cinema City Częstochowa Wolność,14:15,,dubbing,regular,2026-07-27T11:25:24.914700
2026-07-27,poniedzialek,częstochowa,Ekipa zwierzaków (dubbing),Cinema City Częstochowa Wolność,16:20,,dubbing,regular,2026-07-27T11:25:24.914700
2026-07-27,poniedzialek,częstochowa,Ghost In the Shell,Cinema City Częstochowa Wolność,18:20,,,regular,2026-07-27T11:25:24.914700
2026-07-27,poniedzialek,częstochowa,Jej piekło,Cinema City Częstochowa Galeria Jurajska,19:30,,,regular,2026-07-27T11:25:24.914700
2026-07-27,poniedzialek,częstochowa,Martwe zło: Ogień,Cinema City Częstochowa Galeria Jurajska,18:30,,,regular,2026-07-27T11:25:24.914700
2026-07-27,poniedzialek,częstochowa,Martwe zło: Ogień,Cinema City Częstochowa Wolność,22:10,,,regular,2026-07-27T11:25:24.914700
2026-07-27,poniedzialek,częstochowa,Minionki i straszydła (dubbing),Cinema City Częstochowa Galeria Jurajska,12:40,,dubbing,regular,2026-07-27T11:25:24.914700
2026-07-27,poniedzialek,częstochowa,Minionki i straszydła (dubbing),Cinema City Częstochowa Galeria Jurajska,14:45,,dubbing,regular,2026-07-27T11:25:24.914700
2026-07-27,poniedzialek,częstochowa,Minionki i straszydła (dubbing),Cinema City Częstochowa Galeria Jurajska,17:00,,dubbing,regular,2026-07-27T11:25:24.914700
2026-07-27,poniedzialek,częstochowa,Minionki i straszydła (dubbing),Cinema City Częstochowa Wolność,10:20,,dubbing,regular,2026-07-27T11:25:24.914700
2026-07-27,poniedzialek,częstochowa,Minionki i straszydła (dubbing),Cinema City Częstochowa Wolność,12:20,,dubbing,regular,2026-07-27T11:25:24.914700
2026-07-27,poniedzialek,częstochowa,Minionki i straszydła (dubbing),Cinema City Częstochowa Wolność,14:30,,dubbing,regular,2026-07-27T11:25:24.914700
2026-07-27,poniedzialek,częstochowa,Minionki i straszydła (dubbing),Cinema City Częstochowa Wolność,16:40,,dubbing,regular,2026-07-27T11:25:24.914700
2026-07-27,poniedzialek,częstochowa,Minionki i straszydła (dubbing),Cinema City Częstochowa Wolność,18:50,,dubbing,regular,2026-07-27T11:25:24.914700
2026-07-27,poniedzialek,częstochowa,O czym sobie nie mówimy,Cinema City Częstochowa Wolność,12:30,,,regular,2026-07-27T11:25:24.914700
2026-07-27,poniedzialek,częstochowa,Obsesja,Cinema City Częstochowa Galeria Jurajska,21:00,,,regular,2026-07-27T11:25:24.914700
2026-07-27,poniedzialek,częstochowa,Odyseja,Cinema City Częstochowa Galeria Jurajska,10:30,,,regular,2026-07-27T11:25:24.914700
2026-07-27,poniedzialek,częstochowa,Odyseja,Cinema City Częstochowa Galeria Jurajska,14:10,,,regular,2026-07-27T11:25:24.914700
2026-07-27,poniedzialek,częstochowa,Odyseja,Cinema City Częstochowa Galeria Jurajska,17:50,,,regular,2026-07-27T11:25:24.914700
2026-07-27,poniedzialek,częstochowa,Odyseja,Cinema City Częstochowa Galeria Jurajska,19:00,,,regular,2026-07-27T11:25:24.914700
2026-07-27,poniedzialek,częstochowa,Odyseja,Cinema City Częstochowa Galeria Jurajska,20:50,,,regular,2026-07-27T11:25:24.914700
2026-07-27,poniedzialek,częstochowa,Odyseja,Cinema City Częstochowa Galeria Jurajska,21:30,,,regular,2026-07-27T11:25:24.914700
2026-07-27,poniedzialek,częstochowa,Odyseja,Cinema City Częstochowa Wolność,10:30,,,regular,2026-07-27T11:25:24.914700
2026-07-27,poniedzialek,częstochowa,Odyseja,Cinema City Częstochowa Wolność,14:00,,,regular,2026-07-27T11:25:24.914700
2026-07-27,poniedzialek,częstochowa,Odyseja,Cinema City Częstochowa Wolność,15:20,,,regular,2026-07-27T11:25:24.914700
2026-07-27,poniedzialek,częstochowa,Odyseja,Cinema City Częstochowa Wolność,17:30,,,regular,2026-07-27T11:25:24.914700
2026-07-27,poniedzialek,częstochowa,Odyseja,Cinema City Częstochowa Wolność,19:00,,,regular,2026-07-27T11:25:24.914700
2026-07-27,poniedzialek,częstochowa,Odyseja,Cinema City Częstochowa Wolność,20:20,,,regular,2026-07-27T11:25:24.914700
2026-07-27,poniedzialek,częstochowa,Odyseja,Cinema City Częstochowa Wolność,21:15,,,regular,2026-07-27T11:25:24.914700
2026-07-27,poniedzialek,częstochowa,Odyseja,Kino Studyjne OKF Iluzja w Częstochowie,16:00,,,regular,2026-07-27T11:25:24.914700
2026-07-27,poniedzialek,częstochowa,Pucio,Cinema City Częstochowa Wolność,10:40,,,regular,2026-07-27T11:25:24.914700
2026-07-27,poniedzialek,częstochowa,Requiem dla snu,Cinema City Częstochowa Galeria Jurajska,19:20,,,regular,2026-07-27T11:25:24.914700
2026-07-27,poniedzialek,częstochowa,Requiem dla snu,Cinema City Częstochowa Galeria Jurajska,21:50,,,regular,2026-07-27T11:25:24.914700
2026-07-27,poniedzialek,częstochowa,Requiem dla snu,Cinema City Częstochowa Wolność,20:40,,,regular,2026-07-27T11:25:24.914700
2026-07-27,poniedzialek,częstochowa,Requiem dla snu,Kino Studyjne OKF Iluzja w Częstochowie,19:00,,,regular,2026-07-27T11:25:24.914700
2026-07-27,poniedzialek,częstochowa,Spider-Man. Całkiem nowy dzień,Cinema City Częstochowa Galeria Jurajska,10:30,,,regular,2026-07-27T11:25:24.914700
2026-07-27,poniedzialek,częstochowa,Spider-Man. Całkiem nowy dzień,Cinema City Częstochowa Galeria Jurajska,13:40,,,regular,2026-07-27T11:25:24.914700
2026-07-27,poniedzialek,częstochowa,Spider-Man. Całkiem nowy dzień,Cinema City Częstochowa Galeria Jurajska,16:50,,,regular,2026-07-27T11:25:24.914700
2026-07-27,poniedzialek,częstochowa,Spider-Man. Całkiem nowy dzień,Cinema City Częstochowa Galeria Jurajska,20:00,,,regular,2026-07-27T11:25:24.914700
2026-07-27,poniedzialek,częstochowa,Spider-Man. Całkiem nowy dzień,Cinema City Częstochowa Galeria Jurajska,21:40,,,regular,2026-07-27T11:25:24.914700
2026-07-27,poniedzialek,częstochowa,Spider-Man. Całkiem nowy dzień,Cinema City Częstochowa Wolność,11:00,,,regular,2026-07-27T11:25:24.914700
2026-07-27,poniedzialek,częstochowa,Spider-Man. Całkiem nowy dzień,Cinema City Częstochowa Wolność,14:10,,,regular,2026-07-27T11:25:24.914700
2026-07-27,poniedzialek,częstochowa,Spider-Man. Całkiem nowy dzień,Cinema City Częstochowa Wolność,17:20,,,regular,2026-07-27T11:25:24.914700
2026-07-27,poniedzialek,częstochowa,Spider-Man. Całkiem nowy dzień,Cinema City Częstochowa Wolność,20:30,,,regular,2026-07-27T11:25:24.914700
2026-07-27,poniedzialek,częstochowa,Spider-Man. Całkiem nowy dzień,Cinema City Częstochowa Wolność,21:30,,,regular,2026-07-27T11:25:24.914700
2026-07-27,poniedzialek,częstochowa,Spider-Man. Całkiem nowy dzień (dubbing),Cinema City Częstochowa Galeria Jurajska,12:10,,dubbing,regular,2026-07-27T11:25:24.914700
2026-07-27,poniedzialek,częstochowa,Spider-Man. Całkiem nowy dzień (dubbing),Cinema City Częstochowa Galeria Jurajska,15:20,,dubbing,regular,2026-07-27T11:25:24.914700
2026-07-27,poniedzialek,częstochowa,Spider-Man. Całkiem nowy dzień (dubbing),Cinema City Częstochowa Galeria Jurajska,18:30,,dubbing,regular,2026-07-27T11:25:24.914700
2026-07-27,poniedzialek,częstochowa,Spider-Man. Całkiem nowy dzień (dubbing),Cinema City Częstochowa Wolność,12:40,,dubbing,regular,2026-07-27T11:25:24.914700
2026-07-27,poniedzialek,częstochowa,Spider-Man. Całkiem nowy dzień (dubbing),Cinema City Częstochowa Wolność,15:50,,dubbing,regular,2026-07-27T11:25:24.914700
2026-07-27,poniedzialek,częstochowa,Spider-Man. Całkiem nowy dzień (dubbing),Cinema City Częstochowa Wolność,19:00,,dubbing,regular,2026-07-27T11:25:24.914700
2026-07-27,poniedzialek,częstochowa,Spider-Man. Całkiem nowy dzień 3D,Cinema City Częstochowa Galeria Jurajska,17:40,3D,,regular,2026-07-27T11:25:24.914700
2026-07-27,poniedzialek,częstochowa,Spider-Man. Całkiem nowy dzień 3D,Cinema City Częstochowa Wolność,18:10,3D,,regular,2026-07-27T11:25:24.914700
2026-07-27,poniedzialek,częstochowa,Spider-Man. Całkiem nowy dzień 3D (dubbing),Cinema City Częstochowa Galeria Jurajska,11:20,3D,dubbing,regular,2026-07-27T11:25:24.914700
2026-07-27,poniedzialek,częstochowa,Spider-Man. Całkiem nowy dzień 3D (dubbing),Cinema City Częstochowa Galeria Jurajska,14:30,3D,dubbing,regular,2026-07-27T11:25:24.914700
2026-07-27,poniedzialek,częstochowa,Spider-Man. Całkiem nowy dzień 3D (dubbing),Cinema City Częstochowa Wolność,15:00,3D,dubbing,regular,2026-07-27T11:25:24.914700
2026-07-27,poniedzialek,częstochowa,Śledząc,Kino Studyjne OKF Iluzja w Częstochowie,21:00,,,regular,2026-07-27T11:25:24.914700
2026-07-27,poniedzialek,częstochowa,Toy Story 5 (dubbing),Cinema City Częstochowa Galeria Jurajska,11:30,,dubbing,regular,2026-07-27T11:25:24.914700
2026-07-27,poniedzialek,częstochowa,Toy Story 5 (dubbing),Cinema City Częstochowa Galeria Jurajska,14:00,,dubbing,regular,2026-07-27T11:25:24.914700
2026-07-27,poniedzialek,częstochowa,Toy Story 5 (dubbing),Cinema City Częstochowa Galeria Jurajska,16:30,,dubbing,regular,2026-07-27T11:25:24.914700
2026-07-27,poniedzialek,częstochowa,Toy Story 5 (dubbing),Cinema City Częstochowa Wolność,10:50,,dubbing,regular,2026-07-27T11:25:24.914700
2026-07-27,poniedzialek,częstochowa,Toy Story 5 (dubbing),Cinema City Częstochowa Wolność,13:15,,dubbing,regular,2026-07-27T11:25:24.914700
2026-07-27,poniedzialek,częstochowa,Toy Story 5 (dubbing),Cinema City Częstochowa Wolność,15:40,,dubbing,regular,2026-07-27T11:25:24.914700
2026-07-27,poniedzialek,częstochowa,Vaiana (dubbing),Cinema City Częstochowa Galeria Jurajska,10:30,,dubbing,regular,2026-07-27T11:25:24.914700
2026-07-27,poniedzialek,częstochowa,Vaiana (dubbing),Cinema City Częstochowa Galeria Jurajska,13:10,,dubbing,regular,2026-07-27T11:25:24.914700
2026-07-27,poniedzialek,częstochowa,Vaiana (dubbing),Cinema City Częstochowa Galeria Jurajska,15:50,,dubbing,regular,2026-07-27T11:25:24.914700
2026-07-27,poniedzialek,częstochowa,Vaiana (dubbing),Cinema City Częstochowa Wolność,10:10,,dubbing,regular,2026-07-27T11:25:24.914700
2026-07-27,poniedzialek,częstochowa,Vaiana (dubbing),Cinema City Częstochowa Wolność,12:45,,dubbing,regular,2026-07-27T11:25:24.914700
2026-07-27,poniedzialek,częstochowa,Vaiana (dubbing),Cinema City Częstochowa Wolność,18:00,,dubbing,regular,2026-07-27T11:25:24.914700
2026-07-27,poniedzialek,częstochowa,Wyschnięci,Kino Studyjne OKF Iluzja w Częstochowie,11:00,,,regular,2026-07-27T11:25:24.914700
2026-07-27,poniedzialek,częstochowa,Zaproszenie,Cinema City Częstochowa Galeria Jurajska,22:00,,,regular,2026-07-27T11:25:24.914700
2026-07-27,poniedzialek,radom,Backrooms. Bez wyjścia,Multikino Radom,21:35,,,regular,2026-07-27T11:25:28.259790
2026-07-27,poniedzialek,radom,Camino dla opornych,Helios Radom,19:00,,,regular,2026-07-27T11:25:28.259790
2026-07-27,poniedzialek,radom,Ekipa zwierzaków,Helios Radom,11:00,,,regular,2026-07-27T11:25:28.259790
2026-07-27,poniedzialek,radom,Ekipa zwierzaków,Helios Radom,13:00,,,regular,2026-07-27T11:25:28.259790
2026-07-27,poniedzialek,radom,Ekipa zwierzaków,Helios Radom,16:15,,,regular,2026-07-27T11:25:28.259790
2026-07-27,poniedzialek,radom,Ekipa zwierzaków (dubbing),Kino - Mazowieckie Centrum Sztuki Współczesnej Elektrownia w Radomiu,13:30,,dubbing,regular,2026-07-27T11:25:28.259790
2026-07-27,poniedzialek,radom,Ekipa zwierzaków (dubbing),Multikino Radom,11:30,,dubbing,regular,2026-07-27T11:25:28.259790
2026-07-27,poniedzialek,radom,Ekipa zwierzaków (dubbing),Multikino Radom,13:40,,dubbing,regular,2026-07-27T11:25:28.259790
2026-07-27,poniedzialek,radom,Ekipa zwierzaków (dubbing),Multikino Radom,16:00,,dubbing,regular,2026-07-27T11:25:28.259790
2026-07-27,poniedzialek,radom,Jej piekło,Kino - Mazowieckie Centrum Sztuki Współczesnej Elektrownia w Radomiu,15:00,,,regular,2026-07-27T11:25:28.259790
2026-07-27,poniedzialek,radom,Martwe zło: Ogień,Helios Radom,18:30,,,regular,2026-07-27T11:25:28.259790
2026-07-27,poniedzialek,radom,Minionki i straszydła (dubbing),Helios Radom,10:10,,dubbing,regular,2026-07-27T11:25:28.259790
2026-07-27,poniedzialek,radom,Minionki i straszydła (dubbing),Helios Radom,10:45,,dubbing,regular,2026-07-27T11:25:28.259790
2026-07-27,poniedzialek,radom,Minionki i straszydła (dubbing),Helios Radom,14:00,,dubbing,regular,2026-07-27T11:25:28.259790
2026-07-27,poniedzialek,radom,Minionki i straszydła (dubbing),Helios Radom,15:15,,dubbing,regular,2026-07-27T11:25:28.259790
2026-07-27,poniedzialek,radom,Minionki i straszydła (dubbing),Helios Radom,17:00,,dubbing,regular,2026-07-27T11:25:28.259790
2026-07-27,poniedzialek,radom,Minionki i straszydła (dubbing),Multikino Radom,11:10,,dubbing,regular,2026-07-27T11:25:28.259790
2026-07-27,poniedzialek,radom,Minionki i straszydła (dubbing),Multikino Radom,13:30,,dubbing,regular,2026-07-27T11:25:28.259790
2026-07-27,poniedzialek,radom,Minionki i straszydła (dubbing),Multikino Radom,15:45,,dubbing,regular,2026-07-27T11:25:28.259790
2026-07-27,poniedzialek,radom,Minionki i straszydła (dubbing),Multikino Radom,18:10,,dubbing,regular,2026-07-27T11:25:28.259790
2026-07-27,poniedzialek,radom,Obsesja,Multikino Radom,20:50,,,regular,2026-07-27T11:25:28.259790
2026-07-27,poniedzialek,radom,Odyseja,Helios Radom,10:30,,,regular,2026-07-27T11:25:28.259790
2026-07-27,poniedzialek,radom,Odyseja,Helios Radom,15:45,,,regular,2026-07-27T11:25:28.259790
2026-07-27,poniedzialek,radom,Odyseja,Helios Radom,19:15,,,regular,2026-07-27T11:25:28.259790
2026-07-27,poniedzialek,radom,Odyseja,Helios Radom,20:40,,,regular,2026-07-27T11:25:28.259790
2026-07-27,poniedzialek,radom,Odyseja,Kino - Mazowieckie Centrum Sztuki Współczesnej Elektrownia w Radomiu,17:00,,,regular,2026-07-27T11:25:28.259790
2026-07-27,poniedzialek,radom,Odyseja,Multikino Radom,11:20,,,regular,2026-07-27T11:25:28.259790
2026-07-27,poniedzialek,radom,Odyseja,Multikino Radom,15:10,,,regular,2026-07-27T11:25:28.259790
2026-07-27,poniedzialek,radom,Odyseja,Multikino Radom,18:00,,,regular,2026-07-27T11:25:28.259790
2026-07-27,poniedzialek,radom,Odyseja,Multikino Radom,19:00,,,regular,2026-07-27T11:25:28.259790
2026-07-27,poniedzialek,radom,Odyseja,Multikino Radom,20:20,,,regular,2026-07-27T11:25:28.259790
2026-07-27,poniedzialek,radom,Ostatni konsjerż,Multikino Radom,20:00,,,regular,2026-07-27T11:25:28.259790
2026-07-27,poniedzialek,radom,Pucio,Multikino Radom,10:10,,,regular,2026-07-27T11:25:28.259790
2026-07-27,poniedzialek,radom,Spider-Man. Całkiem nowy dzień,Helios Radom,12:40,,,regular,2026-07-27T11:25:28.259790
2026-07-27,poniedzialek,radom,Spider-Man. Całkiem nowy dzień,Helios Radom,17:30,,,regular,2026-07-27T11:25:28.259790
2026-07-27,poniedzialek,radom,Spider-Man. Całkiem nowy dzień,Helios Radom,19:30,,,regular,2026-07-27T11:25:28.259790
2026-07-27,poniedzialek,radom,Spider-Man. Całkiem nowy dzień,Helios Radom,21:00,,,regular,2026-07-27T11:25:28.259790
2026-07-27,poniedzialek,radom,Spider-Man. Całkiem nowy dzień,Multikino Radom,20:30,,,regular,2026-07-27T11:25:28.259790
2026-07-27,poniedzialek,radom,Spider-Man. Całkiem nowy dzień (dubbing),Multikino Radom,10:30,,dubbing,regular,2026-07-27T11:25:28.259790
2026-07-27,poniedzialek,radom,Spider-Man. Całkiem nowy dzień (dubbing),Multikino Radom,17:10,,dubbing,regular,2026-07-27T11:25:28.259790
2026-07-27,poniedzialek,radom,Spider-Man. Całkiem nowy dzień 3D (dubbing),Multikino Radom,13:50,3D,dubbing,regular,2026-07-27T11:25:28.259790
2026-07-27,poniedzialek,radom,Toy Story 5 (dubbing),Helios Radom,12:20,,dubbing,regular,2026-07-27T11:25:28.259790
2026-07-27,poniedzialek,radom,Toy Story 5 (dubbing),Helios Radom,14:40,,dubbing,regular,2026-07-27T11:25:28.259790
2026-07-27,poniedzialek,radom,Toy Story 5 (dubbing),Multikino Radom,10:00,,dubbing,regular,2026-07-27T11:25:28.259790
2026-07-27,poniedzialek,radom,Toy Story 5 (dubbing),Multikino Radom,12:25,,dubbing,regular,2026-07-27T11:25:28.259790
2026-07-27,poniedzialek,radom,Toy Story 5 (dubbing),Multikino Radom,14:50,,dubbing,regular,2026-07-27T11:25:28.259790
2026-07-27,poniedzialek,radom,Toy Story 5 (dubbing),Multikino Radom,18:20,,dubbing,regular,2026-07-27T11:25:28.259790
2026-07-27,poniedzialek,radom,Vaiana,Helios Radom,10:00,,,regular,2026-07-27T11:25:28.259790
2026-07-27,poniedzialek,radom,Vaiana,Helios Radom,13:15,,,regular,2026-07-27T11:25:28.259790
2026-07-27,poniedzialek,radom,Vaiana,Helios Radom,16:00,,,regular,2026-07-27T11:25:28.259790
2026-07-27,poniedzialek,radom,Vaiana (dubbing),Multikino Radom,10:00,,dubbing,regular,2026-07-27T11:25:28.259790
2026-07-27,poniedzialek,radom,Vaiana (dubbing),Multikino Radom,12:40,,dubbing,regular,2026-07-27T11:25:28.259790
2026-07-27,poniedzialek,radom,Vaiana (dubbing),Multikino Radom,15:20,,dubbing,regular,2026-07-27T11:25:28.259790
2026-07-27,poniedzialek,radom,Vaiana (dubbing),Multikino Radom,17:20,,dubbing,regular,2026-07-27T11:25:28.259790
2026-07-27,poniedzialek,radom,Wielki Łuk,Kino - Mazowieckie Centrum Sztuki Współczesnej Elektrownia w Radomiu,20:00,,,regular,2026-07-27T11:25:28.259790
2026-07-27,poniedzialek,radom,Zaproszenie,Helios Radom,21:15,,,regular,2026-07-27T11:25:28.259790
2026-07-27,poniedzialek,sosnowiec,Backrooms. Bez wyjścia,Cinema City Sosnowiec,20:00,,,regular,2026-07-27T11:25:30.289458
2026-07-27,poniedzialek,sosnowiec,Ekipa zwierzaków,Helios Sosnowiec,13:45,,,regular,2026-07-27T11:25:30.289458
2026-07-27,poniedzialek,sosnowiec,Ekipa zwierzaków (dubbing),Cinema City Sosnowiec,10:40,,dubbing,regular,2026-07-27T11:25:30.289458
2026-07-27,poniedzialek,sosnowiec,Ekipa zwierzaków (dubbing),Cinema City Sosnowiec,12:50,,dubbing,regular,2026-07-27T11:25:30.289458
2026-07-27,poniedzialek,sosnowiec,Ekipa zwierzaków (dubbing),Cinema City Sosnowiec,15:00,,dubbing,regular,2026-07-27T11:25:30.289458
2026-07-27,poniedzialek,sosnowiec,Ghost In the Shell,Cinema City Sosnowiec,18:00,,,regular,2026-07-27T11:25:30.289458
2026-07-27,poniedzialek,sosnowiec,Martwe zło: Ogień,Cinema City Sosnowiec,22:30,,,regular,2026-07-27T11:25:30.289458
2026-07-27,poniedzialek,sosnowiec,Minionki i straszydła (dubbing),Cinema City Sosnowiec,10:00,,dubbing,regular,2026-07-27T11:25:30.289458
2026-07-27,poniedzialek,sosnowiec,Minionki i straszydła (dubbing),Cinema City Sosnowiec,12:10,,dubbing,regular,2026-07-27T11:25:30.289458
2026-07-27,poniedzialek,sosnowiec,Minionki i straszydła (dubbing),Cinema City Sosnowiec,14:20,,dubbing,regular,2026-07-27T11:25:30.289458
2026-07-27,poniedzialek,sosnowiec,Minionki i straszydła (dubbing),Cinema City Sosnowiec,16:30,,dubbing,regular,2026-07-27T11:25:30.289458
2026-07-27,poniedzialek,sosnowiec,Minionki i straszydła (dubbing),Cinema City Sosnowiec,18:40,,dubbing,regular,2026-07-27T11:25:30.289458
2026-07-27,poniedzialek,sosnowiec,Minionki i straszydła (dubbing),Helios Sosnowiec,10:45,,dubbing,regular,2026-07-27T11:25:30.289458
2026-07-27,poniedzialek,sosnowiec,Minionki i straszydła (dubbing),Helios Sosnowiec,13:00,,dubbing,regular,2026-07-27T11:25:30.289458
2026-07-27,poniedzialek,sosnowiec,Minionki i straszydła (dubbing),Helios Sosnowiec,16:00,,dubbing,regular,2026-07-27T11:25:30.289458
2026-07-27,poniedzialek,sosnowiec,Obsesja,Cinema City Sosnowiec,19:40,,,regular,2026-07-27T11:25:30.289458
2026-07-27,poniedzialek,sosnowiec,Obsesja,Cinema City Sosnowiec,22:10,,,regular,2026-07-27T11:25:30.289458
2026-07-27,poniedzialek,sosnowiec,Odyseja,Cinema City Sosnowiec,10:30,,,regular,2026-07-27T11:25:30.289458
2026-07-27,poniedzialek,sosnowiec,Odyseja,Cinema City Sosnowiec,14:15,,,regular,2026-07-27T11:25:30.289458
2026-07-27,poniedzialek,sosnowiec,Odyseja,Cinema City Sosnowiec,18:00,,,regular,2026-07-27T11:25:30.289458
2026-07-27,poniedzialek,sosnowiec,Odyseja,Cinema City Sosnowiec,21:00,,,regular,2026-07-27T11:25:30.289458
2026-07-27,poniedzialek,sosnowiec,Odyseja,Cinema City Sosnowiec,21:45,,,regular,2026-07-27T11:25:30.289458
2026-07-27,poniedzialek,sosnowiec,Odyseja,Helios Sosnowiec,15:15,,,regular,2026-07-27T11:25:30.289458
2026-07-27,poniedzialek,sosnowiec,Odyseja,Helios Sosnowiec,19:00,,,regular,2026-07-27T11:25:30.289458
2026-07-27,poniedzialek,sosnowiec,Odyseja,Helios Sosnowiec,20:45,,,regular,2026-07-27T11:25:30.289458
2026-07-27,poniedzialek,sosnowiec,Requiem dla snu,Cinema City Sosnowiec,17:10,,,regular,2026-07-27T11:25:30.289458
2026-07-27,poniedzialek,sosnowiec,Spider-Man. Całkiem nowy dzień,Cinema City Sosnowiec,16:50,,,regular,2026-07-27T11:25:30.289458
2026-07-27,poniedzialek,sosnowiec,Spider-Man. Całkiem nowy dzień,Cinema City Sosnowiec,20:00,,,regular,2026-07-27T11:25:30.289458
2026-07-27,poniedzialek,sosnowiec,Spider-Man. Całkiem nowy dzień,Helios Sosnowiec,10:15,,,regular,2026-07-27T11:25:30.289458
2026-07-27,poniedzialek,sosnowiec,Spider-Man. Całkiem nowy dzień,Helios Sosnowiec,14:15,,,regular,2026-07-27T11:25:30.289458
2026-07-27,poniedzialek,sosnowiec,Spider-Man. Całkiem nowy dzień,Helios Sosnowiec,16:15,,,regular,2026-07-27T11:25:30.289458
2026-07-27,poniedzialek,sosnowiec,Spider-Man. Całkiem nowy dzień,Helios Sosnowiec,17:30,,,regular,2026-07-27T11:25:30.289458
2026-07-27,poniedzialek,sosnowiec,Spider-Man. Całkiem nowy dzień,Helios Sosnowiec,19:30,,,regular,2026-07-27T11:25:30.289458
2026-07-27,poniedzialek,sosnowiec,Spider-Man. Całkiem nowy dzień,Helios Sosnowiec,20:30,,,regular,2026-07-27T11:25:30.289458
2026-07-27,poniedzialek,sosnowiec,Spider-Man. Całkiem nowy dzień (dubbing),Cinema City Sosnowiec,10:30,,dubbing,regular,2026-07-27T11:25:30.289458
2026-07-27,poniedzialek,sosnowiec,Spider-Man. Całkiem nowy dzień (dubbing),Cinema City Sosnowiec,13:40,,dubbing,regular,2026-07-27T11:25:30.289458
2026-07-27,poniedzialek,sosnowiec,Spider-Man. Całkiem nowy dzień 3D,Cinema City Sosnowiec,17:40,3D,,regular,2026-07-27T11:25:30.289458
2026-07-27,poniedzialek,sosnowiec,Spider-Man. Całkiem nowy dzień 3D (dubbing),Cinema City Sosnowiec,14:30,3D,dubbing,regular,2026-07-27T11:25:30.289458
2026-07-27,poniedzialek,sosnowiec,Toy Story 5 (dubbing),Cinema City Sosnowiec,10:00,,dubbing,regular,2026-07-27T11:25:30.289458
2026-07-27,poniedzialek,sosnowiec,Toy Story 5 (dubbing),Cinema City Sosnowiec,12:15,,dubbing,regular,2026-07-27T11:25:30.289458
2026-07-27,poniedzialek,sosnowiec,Toy Story 5 (dubbing),Helios Sosnowiec,11:15,,dubbing,regular,2026-07-27T11:25:30.289458
2026-07-27,poniedzialek,sosnowiec,Vaiana,Helios Sosnowiec,11:30,,,regular,2026-07-27T11:25:30.289458
2026-07-27,poniedzialek,sosnowiec,Vaiana,Helios Sosnowiec,13:30,,,regular,2026-07-27T11:25:30.289458
2026-07-27,poniedzialek,sosnowiec,Vaiana,Helios Sosnowiec,18:15,,,regular,2026-07-27T11:25:30.289458
2026-07-27,poniedzialek,sosnowiec,Vaiana (dubbing),Cinema City Sosnowiec,10:00,,dubbing,regular,2026-07-27T11:25:30.289458
2026-07-27,poniedzialek,sosnowiec,Vaiana (dubbing),Cinema City Sosnowiec,12:40,,dubbing,regular,2026-07-27T11:25:30.289458
2026-07-27,poniedzialek,sosnowiec,Vaiana (dubbing),Cinema City Sosnowiec,15:20,,dubbing,regular,2026-07-27T11:25:30.289458
2026-07-27,poniedzialek,sosnowiec,Zaproszenie,Cinema City Sosnowiec,20:40,,,regular,2026-07-27T11:25:30.289458
2026-07-27,poniedzialek,kielce,Backrooms. Bez wyjścia,Helios Kielce,12:50,,,regular,2026-07-27T11:25:33.219364
2026-07-27,poniedzialek,kielce,Backrooms. Bez wyjścia,Multikino Kielce,21:40,,,regular,2026-07-27T11:25:33.219364
2026-07-27,poniedzialek,kielce,Ekipa zwierzaków,Helios Kielce,10:40,,,regular,2026-07-27T11:25:33.219364
2026-07-27,poniedzialek,kielce,Ekipa zwierzaków,Helios Kielce,15:30,,,regular,2026-07-27T11:25:33.219364
2026-07-27,poniedzialek,kielce,Ekipa zwierzaków,Helios Kielce,17:40,,,regular,2026-07-27T11:25:33.219364
2026-07-27,poniedzialek,kielce,Ekipa zwierzaków,Kino Moskwa w Kielcach,11:30,,,regular,2026-07-27T11:25:33.219364
2026-07-27,poniedzialek,kielce,Ekipa zwierzaków,Kino Moskwa w Kielcach,16:00,,,regular,2026-07-27T11:25:33.219364
2026-07-27,poniedzialek,kielce,Ekipa zwierzaków (dubbing),Multikino Kielce,10:00,,dubbing,regular,2026-07-27T11:25:33.219364
2026-07-27,poniedzialek,kielce,Ekipa zwierzaków (dubbing),Multikino Kielce,11:00,,dubbing,regular,2026-07-27T11:25:33.219364
2026-07-27,poniedzialek,kielce,Ekipa zwierzaków (dubbing),Multikino Kielce,13:25,,dubbing,regular,2026-07-27T11:25:33.219364
2026-07-27,poniedzialek,kielce,Ekipa zwierzaków (dubbing),Multikino Kielce,15:35,,dubbing,regular,2026-07-27T11:25:33.219364
2026-07-27,poniedzialek,kielce,Ekipa zwierzaków (dubbing),Multikino Kielce,17:50,,dubbing,regular,2026-07-27T11:25:33.219364
2026-07-27,poniedzialek,kielce,Jej piekło,Multikino Kielce,20:10,,,regular,2026-07-27T11:25:33.219364
2026-07-27,poniedzialek,kielce,Martwe zło: Ogień,Helios Kielce,18:40,,,regular,2026-07-27T11:25:33.219364
2026-07-27,poniedzialek,kielce,Martwe zło: Ogień,Helios Kielce,21:20,,,regular,2026-07-27T11:25:33.219364
2026-07-27,poniedzialek,kielce,Martwe zło: Ogień,Multikino Kielce,20:50,,,regular,2026-07-27T11:25:33.219364
2026-07-27,poniedzialek,kielce,Minionki i straszydła (dubbing),Helios Kielce,10:50,,dubbing,regular,2026-07-27T11:25:33.219364
2026-07-27,poniedzialek,kielce,Minionki i straszydła (dubbing),Helios Kielce,12:20,,dubbing,regular,2026-07-27T11:25:33.219364
2026-07-27,poniedzialek,kielce,Minionki i straszydła (dubbing),Helios Kielce,13:30,,dubbing,regular,2026-07-27T11:25:33.219364
2026-07-27,poniedzialek,kielce,Minionki i straszydła (dubbing),Helios Kielce,14:40,,dubbing,regular,2026-07-27T11:25:33.219364
2026-07-27,poniedzialek,kielce,Minionki i straszydła (dubbing),Helios Kielce,16:00,,dubbing,regular,2026-07-27T11:25:33.219364
2026-07-27,poniedzialek,kielce,Minionki i straszydła (dubbing),Helios Kielce,17:00,,dubbing,regular,2026-07-27T11:25:33.219364
2026-07-27,poniedzialek,kielce,Minionki i straszydła (dubbing),Helios Kielce,18:15,,dubbing,regular,2026-07-27T11:25:33.219364
2026-07-27,poniedzialek,kielce,Minionki i straszydła (dubbing),Kino Moskwa w Kielcach,17:45,,dubbing,regular,2026-07-27T11:25:33.219364
2026-07-27,poniedzialek,kielce,Minionki i straszydła (dubbing),Multikino Kielce,10:10,,dubbing,regular,2026-07-27T11:25:33.219364
2026-07-27,poniedzialek,kielce,Minionki i straszydła (dubbing),Multikino Kielce,12:20,,dubbing,regular,2026-07-27T11:25:33.219364
2026-07-27,poniedzialek,kielce,Minionki i straszydła (dubbing),Multikino Kielce,14:30,,dubbing,regular,2026-07-27T11:25:33.219364
2026-07-27,poniedzialek,kielce,Minionki i straszydła (dubbing),Multikino Kielce,15:20,,dubbing,regular,2026-07-27T11:25:33.219364
2026-07-27,poniedzialek,kielce,Minionki i straszydła (dubbing),Multikino Kielce,16:40,,dubbing,regular,2026-07-27T11:25:33.219364
2026-07-27,poniedzialek,kielce,Obsesja,Multikino Kielce,12:45,,,regular,2026-07-27T11:25:33.219364
2026-07-27,poniedzialek,kielce,Odyseja,Helios Kielce,11:10,,,regular,2026-07-27T11:25:33.219364
2026-07-27,poniedzialek,kielce,Odyseja,Helios Kielce,16:20,,,regular,2026-07-27T11:25:33.219364
2026-07-27,poniedzialek,kielce,Odyseja,Helios Kielce,19:15,,,regular,2026-07-27T11:25:33.219364
2026-07-27,poniedzialek,kielce,Odyseja,Helios Kielce,20:30,,,regular,2026-07-27T11:25:33.219364
2026-07-27,poniedzialek,kielce,Odyseja,Kino Moskwa w Kielcach,15:45,,,regular,2026-07-27T11:25:33.219364
2026-07-27,poniedzialek,kielce,Odyseja,Kino Moskwa w Kielcach,19:00,,,regular,2026-07-27T11:25:33.219364
2026-07-27,poniedzialek,kielce,Odyseja,Multikino Kielce,10:20,,,regular,2026-07-27T11:25:33.219364
2026-07-27,poniedzialek,kielce,Odyseja,Multikino Kielce,12:20,,,regular,2026-07-27T11:25:33.219364
2026-07-27,poniedzialek,kielce,Odyseja,Multikino Kielce,14:10,,,regular,2026-07-27T11:25:33.219364
2026-07-27,poniedzialek,kielce,Odyseja,Multikino Kielce,16:10,,,regular,2026-07-27T11:25:33.219364
2026-07-27,poniedzialek,kielce,Odyseja,Multikino Kielce,17:10,,,regular,2026-07-27T11:25:33.219364
2026-07-27,poniedzialek,kielce,Odyseja,Multikino Kielce,18:00,,,regular,2026-07-27T11:25:33.219364
2026-07-27,poniedzialek,kielce,Odyseja,Multikino Kielce,20:00,,,regular,2026-07-27T11:25:33.219364
2026-07-27,poniedzialek,kielce,Odyseja,Multikino Kielce,21:00,,,regular,2026-07-27T11:25:33.219364
2026-07-27,poniedzialek,kielce,Ostatni konsjerż,Multikino Kielce,20:00,,,regular,2026-07-27T11:25:33.219364
2026-07-27,poniedzialek,kielce,Pucio,Multikino Kielce,10:15,,,regular,2026-07-27T11:25:33.219364
2026-07-27,poniedzialek,kielce,Requiem dla snu,Multikino Kielce,22:00,,,regular,2026-07-27T11:25:33.219364
2026-07-27,poniedzialek,kielce,Słodkie życie,Kino Fenomen w Kielcach,18:00,,,regular,2026-07-27T11:25:33.219364
2026-07-27,poniedzialek,kielce,Spider-Man. Całkiem nowy dzień,Helios Kielce,10:20,,,regular,2026-07-27T11:25:33.219364
2026-07-27,poniedzialek,kielce,Spider-Man. Całkiem nowy dzień,Helios Kielce,13:15,,,regular,2026-07-27T11:25:33.219364
2026-07-27,poniedzialek,kielce,Spider-Man. Całkiem nowy dzień,Helios Kielce,14:50,,,regular,2026-07-27T11:25:33.219364
2026-07-27,poniedzialek,kielce,Spider-Man. Całkiem nowy dzień,Helios Kielce,18:00,,,regular,2026-07-27T11:25:33.219364
2026-07-27,poniedzialek,kielce,Spider-Man. Całkiem nowy dzień,Helios Kielce,20:00,,,regular,2026-07-27T11:25:33.219364
2026-07-27,poniedzialek,kielce,Spider-Man. Całkiem nowy dzień,Helios Kielce,21:10,,,regular,2026-07-27T11:25:33.219364
2026-07-27,poniedzialek,kielce,Spider-Man. Całkiem nowy dzień,Multikino Kielce,17:40,,,regular,2026-07-27T11:25:33.219364
2026-07-27,poniedzialek,kielce,Spider-Man. Całkiem nowy dzień,Multikino Kielce,18:50,,,regular,2026-07-27T11:25:33.219364
2026-07-27,poniedzialek,kielce,Spider-Man. Całkiem nowy dzień,Multikino Kielce,20:30,,,regular,2026-07-27T11:25:33.219364
2026-07-27,poniedzialek,kielce,Spider-Man. Całkiem nowy dzień,Multikino Kielce,21:30,,,regular,2026-07-27T11:25:33.219364
2026-07-27,poniedzialek,kielce,Spider-Man. Całkiem nowy dzień (dubbing),Multikino Kielce,10:30,,dubbing,regular,2026-07-27T11:25:33.219364
2026-07-27,poniedzialek,kielce,Spider-Man. Całkiem nowy dzień (dubbing),Multikino Kielce,11:30,,dubbing,regular,2026-07-27T11:25:33.219364
2026-07-27,poniedzialek,kielce,Spider-Man. Całkiem nowy dzień (dubbing),Multikino Kielce,14:50,,dubbing,regular,2026-07-27T11:25:33.219364
2026-07-27,poniedzialek,kielce,Spider-Man. Całkiem nowy dzień (dubbing),Multikino Kielce,18:10,,dubbing,regular,2026-07-27T11:25:33.219364
2026-07-27,poniedzialek,kielce,Spider-Man. Całkiem nowy dzień 3D (dubbing),Multikino Kielce,13:50,3D,dubbing,regular,2026-07-27T11:25:33.219364
2026-07-27,poniedzialek,kielce,Spider-Man. Całkiem nowy dzień 3D (dubbing),Multikino Kielce,17:10,3D,dubbing,regular,2026-07-27T11:25:33.219364
2026-07-27,poniedzialek,kielce,Toy Story 5 (dubbing),Helios Kielce,10:00,,dubbing,regular,2026-07-27T11:25:33.219364
2026-07-27,poniedzialek,kielce,Toy Story 5 (dubbing),Helios Kielce,11:30,,dubbing,regular,2026-07-27T11:25:33.219364
2026-07-27,poniedzialek,kielce,Toy Story 5 (dubbing),Helios Kielce,13:45,,dubbing,regular,2026-07-27T11:25:33.219364
2026-07-27,poniedzialek,kielce,Toy Story 5 (dubbing),Helios Kielce,16:10,,dubbing,regular,2026-07-27T11:25:33.219364
2026-07-27,poniedzialek,kielce,Toy Story 5 (dubbing),Multikino Kielce,10:10,,dubbing,regular,2026-07-27T11:25:33.219364
2026-07-27,poniedzialek,kielce,Toy Story 5 (dubbing),Multikino Kielce,12:35,,dubbing,regular,2026-07-27T11:25:33.219364
2026-07-27,poniedzialek,kielce,Toy Story 5 (dubbing),Multikino Kielce,15:10,,dubbing,regular,2026-07-27T11:25:33.219364
2026-07-27,poniedzialek,kielce,Toy Story 5 (dubbing),Multikino Kielce,17:30,,dubbing,regular,2026-07-27T11:25:33.219364
2026-07-27,poniedzialek,kielce,Vaiana,Helios Kielce,10:30,,,regular,2026-07-27T11:25:33.219364
2026-07-27,poniedzialek,kielce,Vaiana,Helios Kielce,13:00,,,regular,2026-07-27T11:25:33.219364
2026-07-27,poniedzialek,kielce,Vaiana,Helios Kielce,15:45,,,regular,2026-07-27T11:25:33.219364
2026-07-27,poniedzialek,kielce,Vaiana,Helios Kielce,18:30,,,regular,2026-07-27T11:25:33.219364
2026-07-27,poniedzialek,kielce,Vaiana,Kino Moskwa w Kielcach,13:20,,,regular,2026-07-27T11:25:33.219364
2026-07-27,poniedzialek,kielce,Vaiana (dubbing),Multikino Kielce,10:00,,dubbing,regular,2026-07-27T11:25:33.219364
2026-07-27,poniedzialek,kielce,Vaiana (dubbing),Multikino Kielce,11:40,,dubbing,regular,2026-07-27T11:25:33.219364
2026-07-27,poniedzialek,kielce,Vaiana (dubbing),Multikino Kielce,14:20,,dubbing,regular,2026-07-27T11:25:33.219364
2026-07-27,poniedzialek,kielce,Wędrówka na północ,Kino Moskwa w Kielcach,13:30,,,regular,2026-07-27T11:25:33.219364
2026-07-27,poniedzialek,kielce,Wędrówka na północ,Kino Moskwa w Kielcach,19:30,,,regular,2026-07-27T11:25:33.219364
2026-07-27,poniedzialek,kielce,Zaproszenie,Helios Kielce,19:45,,,regular,2026-07-27T11:25:33.219364
2026-07-27,poniedzialek,kielce,Zaproszenie,Helios Kielce,21:30,,,regular,2026-07-27T11:25:33.219364
2026-07-27,poniedzialek,kielce,Zaproszenie,Multikino Kielce,21:50,,,regular,2026-07-27T11:25:33.219364
2026-07-27,poniedzialek,gliwice,Backrooms. Bez wyjścia,Cinema City Gliwice Forum,15:20,,,regular,2026-07-27T11:25:35.592582
2026-07-27,poniedzialek,gliwice,Backrooms. Bez wyjścia,Cinema City Gliwice Forum,18:00,,,regular,2026-07-27T11:25:35.592582
2026-07-27,poniedzialek,gliwice,Backrooms. Bez wyjścia,Cinema City Gliwice Forum,20:40,,,regular,2026-07-27T11:25:35.592582
2026-07-27,poniedzialek,gliwice,Backrooms. Bez wyjścia,Cinema City Gliwice Forum,22:20,,,regular,2026-07-27T11:25:35.592582
2026-07-27,poniedzialek,gliwice,Ekipa zwierzaków (dubbing),Cinema City Gliwice Forum,11:00,,dubbing,regular,2026-07-27T11:25:35.592582
2026-07-27,poniedzialek,gliwice,Ekipa zwierzaków (dubbing),Cinema City Gliwice Forum,13:10,,dubbing,regular,2026-07-27T11:25:35.592582
2026-07-27,poniedzialek,gliwice,Ekipa zwierzaków (dubbing),Cinema City Gliwice Forum,15:20,,dubbing,regular,2026-07-27T11:25:35.592582
2026-07-27,poniedzialek,gliwice,Ekipa zwierzaków (dubbing),Cinema City Gliwice Forum,17:30,,dubbing,regular,2026-07-27T11:25:35.592582
2026-07-27,poniedzialek,gliwice,Ghost In the Shell,Cinema City Gliwice Forum,18:00,,,regular,2026-07-27T11:25:35.592582
2026-07-27,poniedzialek,gliwice,Jej piekło,Cinema City Gliwice Forum,19:30,,,regular,2026-07-27T11:25:35.592582
2026-07-27,poniedzialek,gliwice,Jej piekło,Cinema City Gliwice Forum,22:20,,,regular,2026-07-27T11:25:35.592582
2026-07-27,poniedzialek,gliwice,Martwe zło: Ogień,Cinema City Gliwice Forum,14:00,,,regular,2026-07-27T11:25:35.592582
2026-07-27,poniedzialek,gliwice,Martwe zło: Ogień,Cinema City Gliwice Forum,16:30,,,regular,2026-07-27T11:25:35.592582
2026-07-27,poniedzialek,gliwice,Martwe zło: Ogień,Cinema City Gliwice Forum,19:00,,,regular,2026-07-27T11:25:35.592582
2026-07-27,poniedzialek,gliwice,Martwe zło: Ogień,Cinema City Gliwice Forum,21:30,,,regular,2026-07-27T11:25:35.592582
2026-07-27,poniedzialek,gliwice,Minionki i straszydła (dubbing),Cinema City Gliwice Forum,10:00,,dubbing,regular,2026-07-27T11:25:35.592582
2026-07-27,poniedzialek,gliwice,Minionki i straszydła (dubbing),Cinema City Gliwice Forum,10:50,,dubbing,regular,2026-07-27T11:25:35.592582
2026-07-27,poniedzialek,gliwice,Minionki i straszydła (dubbing),Cinema City Gliwice Forum,11:50,,dubbing,regular,2026-07-27T11:25:35.592582
2026-07-27,poniedzialek,gliwice,Minionki i straszydła (dubbing),Cinema City Gliwice Forum,12:10,,dubbing,regular,2026-07-27T11:25:35.592582
2026-07-27,poniedzialek,gliwice,Minionki i straszydła (dubbing),Cinema City Gliwice Forum,13:00,,dubbing,regular,2026-07-27T11:25:35.592582
2026-07-27,poniedzialek,gliwice,Minionki i straszydła (dubbing),Cinema City Gliwice Forum,14:20,,dubbing,regular,2026-07-27T11:25:35.592582
2026-07-27,poniedzialek,gliwice,Minionki i straszydła (dubbing),Cinema City Gliwice Forum,16:30,,dubbing,regular,2026-07-27T11:25:35.592582
2026-07-27,poniedzialek,gliwice,Minionki i straszydła (dubbing),Cinema City Gliwice Forum,18:40,,dubbing,regular,2026-07-27T11:25:35.592582
2026-07-27,poniedzialek,gliwice,Obsesja,Cinema City Gliwice Forum,19:40,,,regular,2026-07-27T11:25:35.592582
2026-07-27,poniedzialek,gliwice,Obsesja,Cinema City Gliwice Forum,22:10,,,regular,2026-07-27T11:25:35.592582
2026-07-27,poniedzialek,gliwice,Odyseja,Cinema City Gliwice Forum,10:00,,,regular,2026-07-27T11:25:35.592582
2026-07-27,poniedzialek,gliwice,Odyseja,Cinema City Gliwice Forum,11:30,,,regular,2026-07-27T11:25:35.592582
2026-07-27,poniedzialek,gliwice,Odyseja,Cinema City Gliwice Forum,13:45,,,regular,2026-07-27T11:25:35.592582
2026-07-27,poniedzialek,gliwice,Odyseja,Cinema City Gliwice Forum,15:00,,,regular,2026-07-27T11:25:35.592582
2026-07-27,poniedzialek,gliwice,Odyseja,Cinema City Gliwice Forum,17:30,,,regular,2026-07-27T11:25:35.592582
2026-07-27,poniedzialek,gliwice,Odyseja,Cinema City Gliwice Forum,18:30,,,regular,2026-07-27T11:25:35.592582
2026-07-27,poniedzialek,gliwice,Odyseja,Cinema City Gliwice Forum,20:45,,,regular,2026-07-27T11:25:35.592582
2026-07-27,poniedzialek,gliwice,Odyseja,Cinema City Gliwice Forum,21:15,,,regular,2026-07-27T11:25:35.592582
2026-07-27,poniedzialek,gliwice,Odyseja,Cinema City Gliwice Forum,22:00,,,regular,2026-07-27T11:25:35.592582
2026-07-27,poniedzialek,gliwice,Requiem dla snu,Cinema City Gliwice Forum,20:10,,,regular,2026-07-27T11:25:35.592582
2026-07-27,poniedzialek,gliwice,Spider-Man. Całkiem nowy dzień,Cinema City Gliwice Forum,10:30,,,regular,2026-07-27T11:25:35.592582
2026-07-27,poniedzialek,gliwice,Spider-Man. Całkiem nowy dzień,Cinema City Gliwice Forum,13:40,,,regular,2026-07-27T11:25:35.592582
2026-07-27,poniedzialek,gliwice,Spider-Man. Całkiem nowy dzień,Cinema City Gliwice Forum,16:50,,,regular,2026-07-27T11:25:35.592582
2026-07-27,poniedzialek,gliwice,Spider-Man. Całkiem nowy dzień,Cinema City Gliwice Forum,20:00,,,regular,2026-07-27T11:25:35.592582
2026-07-27,poniedzialek,gliwice,Spider-Man. Całkiem nowy dzień,Cinema City Gliwice Forum,21:40,,,regular,2026-07-27T11:25:35.592582
2026-07-27,poniedzialek,gliwice,Spider-Man. Całkiem nowy dzień (dubbing),Cinema City Gliwice Forum,12:10,,dubbing,regular,2026-07-27T11:25:35.592582
2026-07-27,poniedzialek,gliwice,Spider-Man. Całkiem nowy dzień (dubbing),Cinema City Gliwice Forum,15:20,,dubbing,regular,2026-07-27T11:25:35.592582
2026-07-27,poniedzialek,gliwice,Spider-Man. Całkiem nowy dzień (dubbing),Cinema City Gliwice Forum,18:30,,dubbing,regular,2026-07-27T11:25:35.592582
2026-07-27,poniedzialek,gliwice,Spider-Man. Całkiem nowy dzień 3D,Cinema City Gliwice Forum,17:40,3D,,regular,2026-07-27T11:25:35.592582
2026-07-27,poniedzialek,gliwice,Spider-Man. Całkiem nowy dzień 3D (dubbing),Cinema City Gliwice Forum,14:30,3D,dubbing,regular,2026-07-27T11:25:35.592582
2026-07-27,poniedzialek,gliwice,Toy Story 5 (dubbing),Cinema City Gliwice Forum,10:00,,dubbing,regular,2026-07-27T11:25:35.592582
2026-07-27,poniedzialek,gliwice,Toy Story 5 (dubbing),Cinema City Gliwice Forum,11:00,,dubbing,regular,2026-07-27T11:25:35.592582
2026-07-27,poniedzialek,gliwice,Toy Story 5 (dubbing),Cinema City Gliwice Forum,12:15,,dubbing,regular,2026-07-27T11:25:35.592582
2026-07-27,poniedzialek,gliwice,Toy Story 5 (dubbing),Cinema City Gliwice Forum,13:20,,dubbing,regular,2026-07-27T11:25:35.592582
2026-07-27,poniedzialek,gliwice,Toy Story 5 (dubbing),Cinema City Gliwice Forum,15:40,,dubbing,regular,2026-07-27T11:25:35.592582
2026-07-27,poniedzialek,gliwice,Vaiana (dubbing),Cinema City Gliwice Forum,10:00,,dubbing,regular,2026-07-27T11:25:35.592582
2026-07-27,poniedzialek,gliwice,Vaiana (dubbing),Cinema City Gliwice Forum,11:30,,dubbing,regular,2026-07-27T11:25:35.592582
2026-07-27,poniedzialek,gliwice,Vaiana (dubbing),Cinema City Gliwice Forum,12:40,,dubbing,regular,2026-07-27T11:25:35.592582
2026-07-27,poniedzialek,gliwice,Vaiana (dubbing),Cinema City Gliwice Forum,14:10,,dubbing,regular,2026-07-27T11:25:35.592582
2026-07-27,poniedzialek,gliwice,Vaiana (dubbing),Cinema City Gliwice Forum,15:20,,dubbing,regular,2026-07-27T11:25:35.592582
2026-07-27,poniedzialek,gliwice,Vaiana (dubbing),Cinema City Gliwice Forum,16:50,,dubbing,regular,2026-07-27T11:25:35.592582
2026-07-27,poniedzialek,gliwice,Vaiana (dubbing),Cinema City Gliwice Forum,18:00,,dubbing,regular,2026-07-27T11:25:35.592582
2026-07-27,poniedzialek,gliwice,Wędrówka na północ,Cinema City Gliwice Forum,20:40,,,regular,2026-07-27T11:25:35.592582
2026-07-27,poniedzialek,gliwice,Zaproszenie,Cinema City Gliwice Forum,10:10,,,regular,2026-07-27T11:25:35.592582
2026-07-27,poniedzialek,gliwice,Zaproszenie,Cinema City Gliwice Forum,12:40,,,regular,2026-07-27T11:25:35.592582
2026-07-27,poniedzialek,gliwice,Zaproszenie,Cinema City Gliwice Forum,15:10,,,regular,2026-07-27T11:25:35.592582
2026-07-27,poniedzialek,gliwice,Zaproszenie,Cinema City Gliwice Forum,17:40,,,regular,2026-07-27T11:25:35.592582
2026-07-27,poniedzialek,gliwice,Zaproszenie,Cinema City Gliwice Forum,20:00,,,regular,2026-07-27T11:25:35.592582
2026-07-27,poniedzialek,gliwice,Zaproszenie,Cinema City Gliwice Forum,21:00,,,regular,2026-07-27T11:25:35.592582
2026-07-27,poniedzialek,rzeszów,Backrooms. Bez wyjścia,Multikino Rzeszów,21:40,,,regular,2026-07-27T11:25:41.020713
2026-07-27,poniedzialek,rzeszów,Donnie Darko,Kino za Rogiem Café w Rzeszowie,19:00,,,regular,2026-07-27T11:25:41.020713
2026-07-27,poniedzialek,rzeszów,Dorosłość,Kino za Rogiem Café w Rzeszowie,17:00,,,regular,2026-07-27T11:25:41.020713
2026-07-27,poniedzialek,rzeszów,Ekipa zwierzaków,Helios Galeria Rzeszów,10:15,,,regular,2026-07-27T11:25:41.020713
2026-07-27,poniedzialek,rzeszów,Ekipa zwierzaków,Helios Galeria Rzeszów,12:20,,,regular,2026-07-27T11:25:41.020713
2026-07-27,poniedzialek,rzeszów,Ekipa zwierzaków,Helios Galeria Rzeszów,16:50,,,regular,2026-07-27T11:25:41.020713
2026-07-27,poniedzialek,rzeszów,Ekipa zwierzaków,Kino Zorza w Rzeszowie,10:30,,,regular,2026-07-27T11:25:41.020713
2026-07-27,poniedzialek,rzeszów,Ekipa zwierzaków,Kino Zorza w Rzeszowie,14:00,,,regular,2026-07-27T11:25:41.020713
2026-07-27,poniedzialek,rzeszów,Ekipa zwierzaków,Kino Zorza w Rzeszowie,16:20,,,regular,2026-07-27T11:25:41.020713
2026-07-27,poniedzialek,rzeszów,Ekipa zwierzaków (dubbing),Multikino Rzeszów,10:10,,dubbing,regular,2026-07-27T11:25:41.020713
2026-07-27,poniedzialek,rzeszów,Ekipa zwierzaków (dubbing),Multikino Rzeszów,11:10,,dubbing,regular,2026-07-27T11:25:41.020713
2026-07-27,poniedzialek,rzeszów,Ekipa zwierzaków (dubbing),Multikino Rzeszów,13:20,,dubbing,regular,2026-07-27T11:25:41.020713
2026-07-27,poniedzialek,rzeszów,Ekipa zwierzaków (dubbing),Multikino Rzeszów,15:35,,dubbing,regular,2026-07-27T11:25:41.020713
2026-07-27,poniedzialek,rzeszów,Ekipa zwierzaków (dubbing),Multikino Rzeszów,17:50,,dubbing,regular,2026-07-27T11:25:41.020713
2026-07-27,poniedzialek,rzeszów,Jej piekło,Kino Zorza w Rzeszowie,12:00,,,regular,2026-07-27T11:25:41.020713
2026-07-27,poniedzialek,rzeszów,Jej piekło,Kino Zorza w Rzeszowie,20:15,,,regular,2026-07-27T11:25:41.020713
2026-07-27,poniedzialek,rzeszów,Jej piekło,Multikino Rzeszów,20:10,,,regular,2026-07-27T11:25:41.020713
2026-07-27,poniedzialek,rzeszów,Kobiety na skraju załamania nerwowego,Kino Zorza w Rzeszowie,12:00,,,regular,2026-07-27T11:25:41.020713
2026-07-27,poniedzialek,rzeszów,Martwe zło: Ogień,Helios Galeria Rzeszów,21:45,,,regular,2026-07-27T11:25:41.020713
2026-07-27,poniedzialek,rzeszów,Martwe zło: Ogień,Multikino Rzeszów,20:50,,,regular,2026-07-27T11:25:41.020713
2026-07-27,poniedzialek,rzeszów,Minionki i straszydła (dubbing),Helios Galeria Rzeszów,10:45,,dubbing,regular,2026-07-27T11:25:41.020713
2026-07-27,poniedzialek,rzeszów,Minionki i straszydła (dubbing),Helios Galeria Rzeszów,13:00,,dubbing,regular,2026-07-27T11:25:41.020713
2026-07-27,poniedzialek,rzeszów,Minionki i straszydła (dubbing),Helios Galeria Rzeszów,14:00,,dubbing,regular,2026-07-27T11:25:41.020713
2026-07-27,poniedzialek,rzeszów,Minionki i straszydła (dubbing),Helios Galeria Rzeszów,16:30,,dubbing,regular,2026-07-27T11:25:41.020713
2026-07-27,poniedzialek,rzeszów,Minionki i straszydła (dubbing),Helios Galeria Rzeszów,18:45,,dubbing,regular,2026-07-27T11:25:41.020713
2026-07-27,poniedzialek,rzeszów,Minionki i straszydła (dubbing),Multikino Rzeszów,10:00,,dubbing,regular,2026-07-27T11:25:41.020713
2026-07-27,poniedzialek,rzeszów,Minionki i straszydła (dubbing),Multikino Rzeszów,12:20,,dubbing,regular,2026-07-27T11:25:41.020713
2026-07-27,poniedzialek,rzeszów,Minionki i straszydła (dubbing),Multikino Rzeszów,14:30,,dubbing,regular,2026-07-27T11:25:41.020713
2026-07-27,poniedzialek,rzeszów,Minionki i straszydła (dubbing),Multikino Rzeszów,15:20,,dubbing,regular,2026-07-27T11:25:41.020713
2026-07-27,poniedzialek,rzeszów,Minionki i straszydła (dubbing),Multikino Rzeszów,16:40,,dubbing,regular,2026-07-27T11:25:41.020713
2026-07-27,poniedzialek,rzeszów,O czym sobie nie mówimy,Kino Zorza w Rzeszowie,14:00,,,regular,2026-07-27T11:25:41.020713
2026-07-27,poniedzialek,rzeszów,Obsesja,Helios Galeria Rzeszów,18:15,,,regular,2026-07-27T11:25:41.020713
2026-07-27,poniedzialek,rzeszów,Obsesja,Multikino Rzeszów,12:45,,,regular,2026-07-27T11:25:41.020713
2026-07-27,poniedzialek,rzeszów,Odyseja,Helios Galeria Rzeszów,11:50,,,regular,2026-07-27T11:25:41.020713
2026-07-27,poniedzialek,rzeszów,Odyseja,Helios Galeria Rzeszów,15:20,,,regular,2026-07-27T11:25:41.020713
2026-07-27,poniedzialek,rzeszów,Odyseja,Helios Galeria Rzeszów,19:00,,,regular,2026-07-27T11:25:41.020713
2026-07-27,poniedzialek,rzeszów,Odyseja,Helios Galeria Rzeszów,20:50,,,regular,2026-07-27T11:25:41.020713
2026-07-27,poniedzialek,rzeszów,Odyseja,Kino Zorza w Rzeszowie,16:00,,,regular,2026-07-27T11:25:41.020713
2026-07-27,poniedzialek,rzeszów,Odyseja,Kino Zorza w Rzeszowie,20:15,,,regular,2026-07-27T11:25:41.020713
2026-07-27,poniedzialek,rzeszów,Odyseja,Multikino Rzeszów,10:20,,,regular,2026-07-27T11:25:41.020713
2026-07-27,poniedzialek,rzeszów,Odyseja,Multikino Rzeszów,12:20,,,regular,2026-07-27T11:25:41.020713
2026-07-27,poniedzialek,rzeszów,Odyseja,Multikino Rzeszów,14:10,,,regular,2026-07-27T11:25:41.020713
2026-07-27,poniedzialek,rzeszów,Odyseja,Multikino Rzeszów,16:10,,,regular,2026-07-27T11:25:41.020713
2026-07-27,poniedzialek,rzeszów,Odyseja,Multikino Rzeszów,17:10,,,regular,2026-07-27T11:25:41.020713
2026-07-27,poniedzialek,rzeszów,Odyseja,Multikino Rzeszów,18:00,,,regular,2026-07-27T11:25:41.020713
2026-07-27,poniedzialek,rzeszów,Odyseja,Multikino Rzeszów,20:00,,,regular,2026-07-27T11:25:41.020713
2026-07-27,poniedzialek,rzeszów,Odyseja,Multikino Rzeszów,21:00,,,regular,2026-07-27T11:25:41.020713
2026-07-27,poniedzialek,rzeszów,Ostatni konsjerż,Multikino Rzeszów,20:00,,,regular,2026-07-27T11:25:41.020713
2026-07-27,poniedzialek,rzeszów,Pucio,Multikino Rzeszów,10:15,,,regular,2026-07-27T11:25:41.020713
2026-07-27,poniedzialek,rzeszów,Requiem dla snu,Kino Zorza w Rzeszowie,12:15,,,regular,2026-07-27T11:25:41.020713
2026-07-27,poniedzialek,rzeszów,Requiem dla snu,Kino Zorza w Rzeszowie,18:15,,,regular,2026-07-27T11:25:41.020713
2026-07-27,poniedzialek,rzeszów,Requiem dla snu,Multikino Rzeszów,22:00,,,regular,2026-07-27T11:25:41.020713
2026-07-27,poniedzialek,rzeszów,Spider-Man. Całkiem nowy dzień,Helios Galeria Rzeszów,11:15,,,regular,2026-07-27T11:25:41.020713
2026-07-27,poniedzialek,rzeszów,Spider-Man. Całkiem nowy dzień,Helios Galeria Rzeszów,14:20,,,regular,2026-07-27T11:25:41.020713
2026-07-27,poniedzialek,rzeszów,Spider-Man. Całkiem nowy dzień,Helios Galeria Rzeszów,16:15,,,regular,2026-07-27T11:25:41.020713
2026-07-27,poniedzialek,rzeszów,Spider-Man. Całkiem nowy dzień,Helios Galeria Rzeszów,17:30,,,regular,2026-07-27T11:25:41.020713
2026-07-27,poniedzialek,rzeszów,Spider-Man. Całkiem nowy dzień,Helios Galeria Rzeszów,18:50,,,regular,2026-07-27T11:25:41.020713
2026-07-27,poniedzialek,rzeszów,Spider-Man. Całkiem nowy dzień,Helios Galeria Rzeszów,19:30,,,regular,2026-07-27T11:25:41.020713
2026-07-27,poniedzialek,rzeszów,Spider-Man. Całkiem nowy dzień,Helios Galeria Rzeszów,20:40,,,regular,2026-07-27T11:25:41.020713
2026-07-27,poniedzialek,rzeszów,Spider-Man. Całkiem nowy dzień,Kino Zorza w Rzeszowie,19:40,,,regular,2026-07-27T11:25:41.020713
2026-07-27,poniedzialek,rzeszów,Spider-Man. Całkiem nowy dzień,Multikino Rzeszów,17:40,,,regular,2026-07-27T11:25:41.020713
2026-07-27,poniedzialek,rzeszów,Spider-Man. Całkiem nowy dzień,Multikino Rzeszów,18:50,,,regular,2026-07-27T11:25:41.020713
2026-07-27,poniedzialek,rzeszów,Spider-Man. Całkiem nowy dzień,Multikino Rzeszów,20:30,,,regular,2026-07-27T11:25:41.020713
2026-07-27,poniedzialek,rzeszów,Spider-Man. Całkiem nowy dzień,Multikino Rzeszów,21:30,,,regular,2026-07-27T11:25:41.020713
2026-07-27,poniedzialek,rzeszów,Spider-Man. Całkiem nowy dzień (dubbing),Kino Zorza w Rzeszowie,14:30,,dubbing,regular,2026-07-27T11:25:41.020713
2026-07-27,poniedzialek,rzeszów,Spider-Man. Całkiem nowy dzień (dubbing),Kino Zorza w Rzeszowie,17:30,,dubbing,regular,2026-07-27T11:25:41.020713
2026-07-27,poniedzialek,rzeszów,Spider-Man. Całkiem nowy dzień (dubbing),Multikino Rzeszów,10:30,,dubbing,regular,2026-07-27T11:25:41.020713
2026-07-27,poniedzialek,rzeszów,Spider-Man. Całkiem nowy dzień (dubbing),Multikino Rzeszów,11:30,,dubbing,regular,2026-07-27T11:25:41.020713
2026-07-27,poniedzialek,rzeszów,Spider-Man. Całkiem nowy dzień (dubbing),Multikino Rzeszów,14:50,,dubbing,regular,2026-07-27T11:25:41.020713
2026-07-27,poniedzialek,rzeszów,Spider-Man. Całkiem nowy dzień (dubbing),Multikino Rzeszów,18:10,,dubbing,regular,2026-07-27T11:25:41.020713
2026-07-27,poniedzialek,rzeszów,Spider-Man. Całkiem nowy dzień 3D (dubbing),Multikino Rzeszów,13:50,3D,dubbing,regular,2026-07-27T11:25:41.020713
2026-07-27,poniedzialek,rzeszów,Spider-Man. Całkiem nowy dzień 3D (dubbing),Multikino Rzeszów,17:10,3D,dubbing,regular,2026-07-27T11:25:41.020713
2026-07-27,poniedzialek,rzeszów,Toy Story 5 (dubbing),Helios Galeria Rzeszów,11:30,,dubbing,regular,2026-07-27T11:25:41.020713
2026-07-27,poniedzialek,rzeszów,Toy Story 5 (dubbing),Helios Galeria Rzeszów,14:30,,dubbing,regular,2026-07-27T11:25:41.020713
2026-07-27,poniedzialek,rzeszów,Toy Story 5 (dubbing),Multikino Rzeszów,10:10,,dubbing,regular,2026-07-27T11:25:41.020713
2026-07-27,poniedzialek,rzeszów,Toy Story 5 (dubbing),Multikino Rzeszów,12:35,,dubbing,regular,2026-07-27T11:25:41.020713
2026-07-27,poniedzialek,rzeszów,Toy Story 5 (dubbing),Multikino Rzeszów,15:10,,dubbing,regular,2026-07-27T11:25:41.020713
2026-07-27,poniedzialek,rzeszów,Toy Story 5 (dubbing),Multikino Rzeszów,17:30,,dubbing,regular,2026-07-27T11:25:41.020713
2026-07-27,poniedzialek,rzeszów,Vaiana,Helios Galeria Rzeszów,11:00,,,regular,2026-07-27T11:25:41.020713
2026-07-27,poniedzialek,rzeszów,Vaiana,Helios Galeria Rzeszów,13:45,,,regular,2026-07-27T11:25:41.020713
2026-07-27,poniedzialek,rzeszów,Vaiana,Helios Galeria Rzeszów,15:30,,,regular,2026-07-27T11:25:41.020713
2026-07-27,poniedzialek,rzeszów,Vaiana (dubbing),Multikino Rzeszów,10:00,,dubbing,regular,2026-07-27T11:25:41.020713
2026-07-27,poniedzialek,rzeszów,Vaiana (dubbing),Multikino Rzeszów,11:40,,dubbing,regular,2026-07-27T11:25:41.020713
2026-07-27,poniedzialek,rzeszów,Vaiana (dubbing),Multikino Rzeszów,14:20,,dubbing,regular,2026-07-27T11:25:41.020713
2026-07-27,poniedzialek,rzeszów,Zaproszenie,Helios Galeria Rzeszów,21:00,,,regular,2026-07-27T11:25:41.020713
2026-07-27,poniedzialek,rzeszów,Zaproszenie,Multikino Rzeszów,21:50,,,regular,2026-07-27T11:25:41.020713
2026-07-27,poniedzialek,toruń,Arek.Mama.Panorama,Kino Centrum w Toruniu,18:00,,,regular,2026-07-27T11:25:42.834891
2026-07-27,poniedzialek,toruń,Backrooms. Bez wyjścia,Cinema City Toruń Czerwona Droga,15:30,,,regular,2026-07-27T11:25:42.834891
2026-07-27,poniedzialek,toruń,Backrooms. Bez wyjścia,Cinema City Toruń Czerwona Droga,21:20,,,regular,2026-07-27T11:25:42.834891
2026-07-27,poniedzialek,toruń,Backrooms. Bez wyjścia,Cinema City Toruń Plaza,22:30,,,regular,2026-07-27T11:25:42.834891
2026-07-27,poniedzialek,toruń,Co do… kury?,Kino Centrum w Toruniu,16:00,,,regular,2026-07-27T11:25:42.834891
2026-07-27,poniedzialek,toruń,Dzień Objawienia,Cinema City Toruń Czerwona Droga,16:30,,,regular,2026-07-27T11:25:42.834891
2026-07-27,poniedzialek,toruń,Ekipa zwierzaków (dubbing),Cinema City Toruń Czerwona Droga,10:45,,dubbing,regular,2026-07-27T11:25:42.834891
2026-07-27,poniedzialek,toruń,Ekipa zwierzaków (dubbing),Cinema City Toruń Czerwona Droga,13:00,,dubbing,regular,2026-07-27T11:25:42.834891
2026-07-27,poniedzialek,toruń,Ekipa zwierzaków (dubbing),Cinema City Toruń Czerwona Droga,15:05,,dubbing,regular,2026-07-27T11:25:42.834891
2026-07-27,poniedzialek,toruń,Ekipa zwierzaków (dubbing),Cinema City Toruń Czerwona Droga,17:20,,dubbing,regular,2026-07-27T11:25:42.834891
2026-07-27,poniedzialek,toruń,Ekipa zwierzaków (dubbing),Cinema City Toruń Plaza,10:20,,dubbing,regular,2026-07-27T11:25:42.834891
2026-07-27,poniedzialek,toruń,Ekipa zwierzaków (dubbing),Cinema City Toruń Plaza,12:30,,dubbing,regular,2026-07-27T11:25:42.834891
2026-07-27,poniedzialek,toruń,Ekipa zwierzaków (dubbing),Cinema City Toruń Plaza,14:40,,dubbing,regular,2026-07-27T11:25:42.834891
2026-07-27,poniedzialek,toruń,Ekipa zwierzaków (dubbing),Cinema City Toruń Plaza,16:45,,dubbing,regular,2026-07-27T11:25:42.834891
2026-07-27,poniedzialek,toruń,Ghost In the Shell,Cinema City Toruń Czerwona Droga,18:00,,,regular,2026-07-27T11:25:42.834891
2026-07-27,poniedzialek,toruń,Gwiezdne wojny: The Mandalorian i Grogu (dubbing),Cinema City Toruń Czerwona Droga,11:00,,dubbing,regular,2026-07-27T11:25:42.834891
2026-07-27,poniedzialek,toruń,Jej piekło,Cinema City Toruń Czerwona Droga,20:50,,,regular,2026-07-27T11:25:42.834891
2026-07-27,poniedzialek,toruń,Martwe zło: Ogień,Cinema City Toruń Czerwona Droga,20:00,,,regular,2026-07-27T11:25:42.834891
2026-07-27,poniedzialek,toruń,Martwe zło: Ogień,Cinema City Toruń Czerwona Droga,22:30,,,regular,2026-07-27T11:25:42.834891
2026-07-27,poniedzialek,toruń,Martwe zło: Ogień,Cinema City Toruń Plaza,21:20,,,regular,2026-07-27T11:25:42.834891
2026-07-27,poniedzialek,toruń,Minionki i straszydła (dubbing),Cinema City Toruń Czerwona Droga,10:00,,dubbing,regular,2026-07-27T11:25:42.834891
2026-07-27,poniedzialek,toruń,Minionki i straszydła (dubbing),Cinema City Toruń Czerwona Droga,12:20,,dubbing,regular,2026-07-27T11:25:42.834891
2026-07-27,poniedzialek,toruń,Minionki i straszydła (dubbing),Cinema City Toruń Czerwona Droga,14:40,,dubbing,regular,2026-07-27T11:25:42.834891
2026-07-27,poniedzialek,toruń,Minionki i straszydła (dubbing),Cinema City Toruń Czerwona Droga,16:45,,dubbing,regular,2026-07-27T11:25:42.834891
2026-07-27,poniedzialek,toruń,Minionki i straszydła (dubbing),Cinema City Toruń Czerwona Droga,18:50,,dubbing,regular,2026-07-27T11:25:42.834891
2026-07-27,poniedzialek,toruń,Minionki i straszydła (dubbing),Cinema City Toruń Plaza,12:00,,dubbing,regular,2026-07-27T11:25:42.834891
2026-07-27,poniedzialek,toruń,Minionki i straszydła (dubbing),Cinema City Toruń Plaza,15:10,,dubbing,regular,2026-07-27T11:25:42.834891
2026-07-27,poniedzialek,toruń,Minionki i straszydła (dubbing),Cinema City Toruń Plaza,17:15,,dubbing,regular,2026-07-27T11:25:42.834891
2026-07-27,poniedzialek,toruń,Minionki i straszydła (dubbing),Cinema City Toruń Plaza,19:20,,dubbing,regular,2026-07-27T11:25:42.834891
2026-07-27,poniedzialek,toruń,Mistrzynie,Cinema City Toruń Czerwona Droga,10:10,,,regular,2026-07-27T11:25:42.834891
2026-07-27,poniedzialek,toruń,Niesamowite przygody skarpetek 3. Ale kosmos!,Cinema City Toruń Czerwona Droga,10:20,,,regular,2026-07-27T11:25:42.834891
2026-07-27,poniedzialek,toruń,Niesamowite przygody skarpetek 3. Ale kosmos!,Cinema City Toruń Plaza,10:30,,,regular,2026-07-27T11:25:42.834891
2026-07-27,poniedzialek,toruń,O czym sobie nie mówimy,Cinema City Toruń Czerwona Droga,12:50,,,regular,2026-07-27T11:25:42.834891
2026-07-27,poniedzialek,toruń,Obsesja,Cinema City Toruń Czerwona Droga,19:40,,,regular,2026-07-27T11:25:42.834891
2026-07-27,poniedzialek,toruń,Obsesja,Cinema City Toruń Czerwona Droga,22:15,,,regular,2026-07-27T11:25:42.834891
2026-07-27,poniedzialek,toruń,Obsesja,Cinema City Toruń Plaza,21:40,,,regular,2026-07-27T11:25:42.834891
2026-07-27,poniedzialek,toruń,Odyseja,Cinema City Toruń Czerwona Droga,10:40,,,regular,2026-07-27T11:25:42.834891
2026-07-27,poniedzialek,toruń,Odyseja,Cinema City Toruń Czerwona Droga,12:00,,,regular,2026-07-27T11:25:42.834891
2026-07-27,poniedzialek,toruń,Odyseja,Cinema City Toruń Czerwona Droga,13:00,,,regular,2026-07-27T11:25:42.834891
2026-07-27,poniedzialek,toruń,Odyseja,Cinema City Toruń Czerwona Droga,14:15,,,regular,2026-07-27T11:25:42.834891
2026-07-27,poniedzialek,toruń,Odyseja,Cinema City Toruń Czerwona Droga,15:40,,,regular,2026-07-27T11:25:42.834891
2026-07-27,poniedzialek,toruń,Odyseja,Cinema City Toruń Czerwona Droga,16:40,,,regular,2026-07-27T11:25:42.834891
2026-07-27,poniedzialek,toruń,Odyseja,Cinema City Toruń Czerwona Droga,18:00,,,regular,2026-07-27T11:25:42.834891
2026-07-27,poniedzialek,toruń,Odyseja,Cinema City Toruń Czerwona Droga,19:20,,,regular,2026-07-27T11:25:42.834891
2026-07-27,poniedzialek,toruń,Odyseja,Cinema City Toruń Czerwona Droga,20:15,,,regular,2026-07-27T11:25:42.834891
2026-07-27,poniedzialek,toruń,Odyseja,Cinema City Toruń Czerwona Droga,21:00,,,regular,2026-07-27T11:25:42.834891
2026-07-27,poniedzialek,toruń,Odyseja,Cinema City Toruń Czerwona Droga,21:45,,,regular,2026-07-27T11:25:42.834891
2026-07-27,poniedzialek,toruń,Odyseja,Cinema City Toruń Plaza,10:10,,,regular,2026-07-27T11:25:42.834891
2026-07-27,poniedzialek,toruń,Odyseja,Cinema City Toruń Plaza,11:40,,,regular,2026-07-27T11:25:42.834891
2026-07-27,poniedzialek,toruń,Odyseja,Cinema City Toruń Plaza,13:45,,,regular,2026-07-27T11:25:42.834891
2026-07-27,poniedzialek,toruń,Odyseja,Cinema City Toruń Plaza,15:20,,,regular,2026-07-27T11:25:42.834891
2026-07-27,poniedzialek,toruń,Odyseja,Cinema City Toruń Plaza,17:30,,,regular,2026-07-27T11:25:42.834891
2026-07-27,poniedzialek,toruń,Odyseja,Cinema City Toruń Plaza,19:00,,,regular,2026-07-27T11:25:42.834891
2026-07-27,poniedzialek,toruń,Odyseja,Cinema City Toruń Plaza,21:15,,,regular,2026-07-27T11:25:42.834891
2026-07-27,poniedzialek,toruń,Requiem dla snu,Cinema City Toruń Czerwona Droga,19:30,,,regular,2026-07-27T11:25:42.834891
2026-07-27,poniedzialek,toruń,Requiem dla snu,Cinema City Toruń Plaza,21:10,,,regular,2026-07-27T11:25:42.834891
2026-07-27,poniedzialek,toruń,Spider-Man. Całkiem nowy dzień,Cinema City Toruń Czerwona Droga,11:00,,,regular,2026-07-27T11:25:42.834891
2026-07-27,poniedzialek,toruń,Spider-Man. Całkiem nowy dzień,Cinema City Toruń Czerwona Droga,14:10,,,regular,2026-07-27T11:25:42.834891
2026-07-27,poniedzialek,toruń,Spider-Man. Całkiem nowy dzień,Cinema City Toruń Czerwona Droga,17:20,,,regular,2026-07-27T11:25:42.834891
2026-07-27,poniedzialek,toruń,Spider-Man. Całkiem nowy dzień,Cinema City Toruń Czerwona Droga,20:30,,,regular,2026-07-27T11:25:42.834891
2026-07-27,poniedzialek,toruń,Spider-Man. Całkiem nowy dzień,Cinema City Toruń Czerwona Droga,22:10,,,regular,2026-07-27T11:25:42.834891
2026-07-27,poniedzialek,toruń,Spider-Man. Całkiem nowy dzień,Cinema City Toruń Plaza,10:30,,,regular,2026-07-27T11:25:42.834891
2026-07-27,poniedzialek,toruń,Spider-Man. Całkiem nowy dzień,Cinema City Toruń Plaza,13:40,,,regular,2026-07-27T11:25:42.834891
2026-07-27,poniedzialek,toruń,Spider-Man. Całkiem nowy dzień,Cinema City Toruń Plaza,16:50,,,regular,2026-07-27T11:25:42.834891
2026-07-27,poniedzialek,toruń,Spider-Man. Całkiem nowy dzień,Cinema City Toruń Plaza,20:00,,,regular,2026-07-27T11:25:42.834891
2026-07-27,poniedzialek,toruń,Spider-Man. Całkiem nowy dzień,Cinema City Toruń Plaza,21:00,,,regular,2026-07-27T11:25:42.834891
2026-07-27,poniedzialek,toruń,Spider-Man. Całkiem nowy dzień (dubbing),Cinema City Toruń Czerwona Droga,10:00,,dubbing,regular,2026-07-27T11:25:42.834891
2026-07-27,poniedzialek,toruń,Spider-Man. Całkiem nowy dzień (dubbing),Cinema City Toruń Czerwona Droga,12:40,,dubbing,regular,2026-07-27T11:25:42.834891
2026-07-27,poniedzialek,toruń,Spider-Man. Całkiem nowy dzień (dubbing),Cinema City Toruń Czerwona Droga,15:50,,dubbing,regular,2026-07-27T11:25:42.834891
2026-07-27,poniedzialek,toruń,Spider-Man. Całkiem nowy dzień (dubbing),Cinema City Toruń Czerwona Droga,19:00,,dubbing,regular,2026-07-27T11:25:42.834891
2026-07-27,poniedzialek,toruń,Spider-Man. Całkiem nowy dzień (dubbing),Cinema City Toruń Plaza,12:10,,dubbing,regular,2026-07-27T11:25:42.834891
2026-07-27,poniedzialek,toruń,Spider-Man. Całkiem nowy dzień (dubbing),Cinema City Toruń Plaza,15:20,,dubbing,regular,2026-07-27T11:25:42.834891
2026-07-27,poniedzialek,toruń,Spider-Man. Całkiem nowy dzień (dubbing),Cinema City Toruń Plaza,18:30,,dubbing,regular,2026-07-27T11:25:42.834891
2026-07-27,poniedzialek,toruń,Spider-Man. Całkiem nowy dzień 3D,Cinema City Toruń Czerwona Droga,18:10,3D,,regular,2026-07-27T11:25:42.834891
2026-07-27,poniedzialek,toruń,Spider-Man. Całkiem nowy dzień 3D,Cinema City Toruń Czerwona Droga,21:20,3D,,regular,2026-07-27T11:25:42.834891
2026-07-27,poniedzialek,toruń,Spider-Man. Całkiem nowy dzień 3D,Cinema City Toruń Plaza,17:40,3D,,regular,2026-07-27T11:25:42.834891
2026-07-27,poniedzialek,toruń,Spider-Man. Całkiem nowy dzień 3D (dubbing),Cinema City Toruń Czerwona Droga,11:50,3D,dubbing,regular,2026-07-27T11:25:42.834891
2026-07-27,poniedzialek,toruń,Spider-Man. Całkiem nowy dzień 3D (dubbing),Cinema City Toruń Czerwona Droga,15:00,3D,dubbing,regular,2026-07-27T11:25:42.834891
2026-07-27,poniedzialek,toruń,Spider-Man. Całkiem nowy dzień 3D (dubbing),Cinema City Toruń Plaza,14:30,3D,dubbing,regular,2026-07-27T11:25:42.834891
2026-07-27,poniedzialek,toruń,Toy Story 5 (dubbing),Cinema City Toruń Czerwona Droga,10:20,,dubbing,regular,2026-07-27T11:25:42.834891
2026-07-27,poniedzialek,toruń,Toy Story 5 (dubbing),Cinema City Toruń Czerwona Droga,11:20,,dubbing,regular,2026-07-27T11:25:42.834891
2026-07-27,poniedzialek,toruń,Toy Story 5 (dubbing),Cinema City Toruń Czerwona Droga,13:40,,dubbing,regular,2026-07-27T11:25:42.834891
2026-07-27,poniedzialek,toruń,Toy Story 5 (dubbing),Cinema City Toruń Czerwona Droga,16:00,,dubbing,regular,2026-07-27T11:25:42.834891
2026-07-27,poniedzialek,toruń,Toy Story 5 (dubbing),Cinema City Toruń Czerwona Droga,18:20,,dubbing,regular,2026-07-27T11:25:42.834891
2026-07-27,poniedzialek,toruń,Toy Story 5 (dubbing),Cinema City Toruń Plaza,10:50,,dubbing,regular,2026-07-27T11:25:42.834891
2026-07-27,poniedzialek,toruń,Toy Story 5 (dubbing),Cinema City Toruń Plaza,13:20,,dubbing,regular,2026-07-27T11:25:42.834891
2026-07-27,poniedzialek,toruń,Toy Story 5 (dubbing),Cinema City Toruń Plaza,15:50,,dubbing,regular,2026-07-27T11:25:42.834891
2026-07-27,poniedzialek,toruń,Toy Story 5 (dubbing),Cinema City Toruń Plaza,18:20,,dubbing,regular,2026-07-27T11:25:42.834891
2026-07-27,poniedzialek,toruń,Toy Story 5 (dubbing),Cinema City Toruń Plaza,18:50,,dubbing,regular,2026-07-27T11:25:42.834891
2026-07-27,poniedzialek,toruń,Vaiana (dubbing),Cinema City Toruń Czerwona Droga,10:30,,dubbing,regular,2026-07-27T11:25:42.834891
2026-07-27,poniedzialek,toruń,Vaiana (dubbing),Cinema City Toruń Czerwona Droga,13:10,,dubbing,regular,2026-07-27T11:25:42.834891
2026-07-27,poniedzialek,toruń,Vaiana (dubbing),Cinema City Toruń Czerwona Droga,15:50,,dubbing,regular,2026-07-27T11:25:42.834891
2026-07-27,poniedzialek,toruń,Vaiana (dubbing),Cinema City Toruń Czerwona Droga,18:30,,dubbing,regular,2026-07-27T11:25:42.834891
2026-07-27,poniedzialek,toruń,Vaiana (dubbing),Cinema City Toruń Plaza,10:00,,dubbing,regular,2026-07-27T11:25:42.834891
2026-07-27,poniedzialek,toruń,Vaiana (dubbing),Cinema City Toruń Plaza,12:40,,dubbing,regular,2026-07-27T11:25:42.834891
2026-07-27,poniedzialek,toruń,Zaproszenie,Cinema City Toruń Czerwona Droga,14:00,,,regular,2026-07-27T11:25:42.834891
2026-07-27,poniedzialek,toruń,Zaproszenie,Cinema City Toruń Czerwona Droga,21:50,,,regular,2026-07-27T11:25:42.834891
2026-07-27,poniedzialek,toruń,Zaproszenie,Cinema City Toruń Plaza,21:30,,,regular,2026-07-27T11:25:42.834891
2026-07-27,poniedzialek,toruń,Zaproszenie,Kino Centrum w Toruniu,20:00,,,regular,2026-07-27T11:25:42.834891
2026-07-27,,podlaska,Toy Story 5,Biała Podlaska,13:20,2D,original,regular,2026-07-27T11:25:46.630571
2026-07-27,,podlaska,Ekipa zwierzaków,Biała Podlaska,14:50,2D,,regular,2026-07-27T11:25:46.630599
2026-07-27,,podlaska,Odyseja,Biała Podlaska,15:20,2D,original,regular,2026-07-27T11:25:46.630613
2026-07-27,,podlaska,Toy Story 5,Biała Podlaska,15:40,2D,original,regular,2026-07-27T11:25:46.630627
2026-07-27,,podlaska,Minionki i straszydła,Biała Podlaska,15:50,2D,,regular,2026-07-27T11:25:46.630640
2026-07-27,,podlaska,Zakładnicy w szkole,Biała Podlaska,17:00,2D,original,regular,2026-07-27T11:25:46.630654
2026-07-27,,podlaska,Ghost in the Shell,Biała Podlaska,18:00,2D,original,regular,2026-07-27T11:25:46.630667
2026-07-27,,podlaska,Martwe zło: Ogień,Biała Podlaska,18:10,2D,original,regular,2026-07-27T11:25:46.630686
2026-07-27,,podlaska,Odyseja,Biała Podlaska,19:00,2D,original,regular,2026-07-27T11:25:46.630699
2026-07-27,,podlaska,Requiem dla snu,Biała Podlaska,19:40,2D,original,regular,2026-07-27T11:25:46.630710
2026-07-27,,podlaska,Odyseja,Biała Podlaska,20:00,2D,original,regular,2026-07-27T11:25:46.630720
2026-07-27,,podlaska,Martwe zło: Ogień,Biała Podlaska,20:40,2D,original,regular,2026-07-27T11:25:46.630731
2026-07-27,,podlaska,Backrooms. Bez wyjścia,Biała Podlaska,22:00,2D,original,regular,2026-07-27T11:25:46.630742
2026-07-27,,bielsko-biała,Ekipa zwierzaków,Bielsko-Biała,13:30,2D,,regular,2026-07-27T11:25:48.462372
2026-07-27,,bielsko-biała,Vaiana,Bielsko-Biała,13:30,2D,original,regular,2026-07-27T11:25:48.462400
2026-07-27,,bielsko-biała,Odyseja,Bielsko-Biała,13:45,2D,original,regular,2026-07-27T11:25:48.462417
2026-07-27,,bielsko-biała,Minionki i straszydła,Bielsko-Biała,13:50,2D,,regular,2026-07-27T11:25:48.462432
2026-07-27,,bielsko-biała,Toy Story 5,Bielsko-Biała,14:00,2D,original,regular,2026-07-27T11:25:48.462448
2026-07-27,,bielsko-biała,Minionki i straszydła,Bielsko-Biała,14:40,2D,,regular,2026-07-27T11:25:48.462469
2026-07-27,,bielsko-biała,Odyseja,Bielsko-Biała,15:15,2D,original,regular,2026-07-27T11:25:48.462483
2026-07-27,,bielsko-biała,Vaiana,Bielsko-Biała,15:20,2D,original,regular,2026-07-27T11:25:48.462497
2026-07-27,,bielsko-biała,Zaproszenie,Bielsko-Biała,15:30,2D,original,regular,2026-07-27T11:25:48.462510
2026-07-27,,bielsko-biała,Toy Story 5,Bielsko-Biała,15:40,2D,original,regular,2026-07-27T11:25:48.462524
2026-07-27,,bielsko-biała,Ekipa zwierzaków,Bielsko-Biała,15:40,2D,,regular,2026-07-27T11:25:48.462536
2026-07-27,,bielsko-biała,Minionki i straszydła,Bielsko-Biała,16:10,2D,,regular,2026-07-27T11:25:48.462548
2026-07-27,,bielsko-biała,Vaiana,Bielsko-Biała,16:10,2D,original,regular,2026-07-27T11:25:48.462561
2026-07-27,,bielsko-biała,Martwe zło: Ogień,Bielsko-Biała,16:20,2D,original,regular,2026-07-27T11:25:48.462574
2026-07-27,,bielsko-biała,Zakładnicy w szkole,Bielsko-Biała,17:00,2D,original,regular,2026-07-27T11:25:48.462588
2026-07-27,,bielsko-biała,Odyseja,Bielsko-Biała,17:30,2D,original,regular,2026-07-27T11:25:48.462602
2026-07-27,,bielsko-biała,Ekipa zwierzaków,Bielsko-Biała,17:50,2D,,regular,2026-07-27T11:25:48.462613
2026-07-27,,bielsko-biała,Odyseja,Bielsko-Biała,18:00,2D,original,regular,2026-07-27T11:25:48.462626
2026-07-27,,bielsko-biała,Ghost in the Shell,Bielsko-Biała,18:00,2D,original,regular,2026-07-27T11:25:48.462639
2026-07-27,,bielsko-biała,Vaiana,Bielsko-Biała,18:10,2D,original,regular,2026-07-27T11:25:48.462652
2026-07-27,,bielsko-biała,Backrooms. Bez wyjścia,Bielsko-Biała,18:30,2D,original,regular,2026-07-27T11:25:48.462665
2026-07-27,,bielsko-biała,Martwe zło: Ogień,Bielsko-Biała,18:50,2D,original,regular,2026-07-27T11:25:48.462678
2026-07-27,,bielsko-biała,Dzień objawienia,Bielsko-Biała,18:50,2D,original,regular,2026-07-27T11:25:48.462691
2026-07-27,,bielsko-biała,Odyseja,Bielsko-Biała,19:00,2D,original,regular,2026-07-27T11:25:48.462704
2026-07-27,,bielsko-biała,Obsesja,Bielsko-Biała,19:40,2D,original,regular,2026-07-27T11:25:48.462716
2026-07-27,,bielsko-biała,Jej piekło,Bielsko-Biała,20:00,2D,original,regular,2026-07-27T11:25:48.462730
2026-07-27,,bielsko-biała,Zaproszenie,Bielsko-Biała,20:10,2D,original,regular,2026-07-27T11:25:48.462739
2026-07-27,,bielsko-biała,Requiem dla snu,Bielsko-Biała,20:50,2D,original,regular,2026-07-27T11:25:48.462748
2026-07-27,,bielsko-biała,Backrooms. Bez wyjścia,Bielsko-Biała,21:10,2D,original,regular,2026-07-27T11:25:48.462757
2026-07-27,,bielsko-biała,Odyseja,Bielsko-Biała,21:15,2D,original,regular,2026-07-27T11:25:48.462767
2026-07-27,,bielsko-biała,Martwe zło: Ogień,Bielsko-Biała,21:20,2D,original,regular,2026-07-27T11:25:48.462776
2026-07-27,,bielsko-biała,Odyseja,Bielsko-Biała,21:40,2D,original,regular,2026-07-27T11:25:48.462785
2026-07-27,,bielsko-biała,Dzień objawienia,Bielsko-Biała,22:00,2D,original,regular,2026-07-27T11:25:48.462795
2026-07-27,,bielsko-biała,Obsesja,Bielsko-Biała,22:10,2D,original,regular,2026-07-27T11:25:48.462804
2026-07-27,,bielsko-biała,Jej piekło,Bielsko-Biała,22:30,2D,original,regular,2026-07-27T11:25:48.462814
2026-07-27,,bydgoszcz,Minionki i straszydła,Bydgoszcz,13:20,2D,,regular,2026-07-27T11:25:50.398735
2026-07-27,,bydgoszcz,Ekipa zwierzaków,Bydgoszcz,13:30,2D,,regular,2026-07-27T11:25:50.398759
2026-07-27,,bydgoszcz,Vaiana,Bydgoszcz,13:40,2D,original,regular,2026-07-27T11:25:50.398771
2026-07-27,,bydgoszcz,Odyseja,Bydgoszcz,13:45,2D,original,regular,2026-07-27T11:25:50.398782
2026-07-27,,bydgoszcz,Toy Story 5,Bydgoszcz,13:50,2D,original,regular,2026-07-27T11:25:50.398793
2026-07-27,,bydgoszcz,Odyseja,Bydgoszcz,14:15,4DX,original,regular,2026-07-27T11:25:50.398801
2026-07-27,,bydgoszcz,Vaiana ukraiński dubbing,Bydgoszcz,14:20,2D,dubbing,regular,2026-07-27T11:25:50.398811
2026-07-27,,bydgoszcz,Backrooms. Bez wyjścia,Bydgoszcz,14:20,2D,original,regular,2026-07-27T11:25:50.398821
2026-07-27,,bydgoszcz,Minionki i straszydła,Bydgoszcz,14:30,2D,,regular,2026-07-27T11:25:50.398830
2026-07-27,,bydgoszcz,Zakładnicy w szkole,Bydgoszcz,14:50,2D,original,regular,2026-07-27T11:25:50.398841
2026-07-27,,bydgoszcz,Odyseja,Bydgoszcz,15:15,2D,original,regular,2026-07-27T11:25:50.398850
2026-07-27,,bydgoszcz,Vaiana,Bydgoszcz,15:20,2D,original,regular,2026-07-27T11:25:50.398859
2026-07-27,,bydgoszcz,Minionki i straszydła,Bydgoszcz,15:30,2D,,regular,2026-07-27T11:25:50.398868
2026-07-27,,bydgoszcz,Zaproszenie,Bydgoszcz,15:30,2D,original,regular,2026-07-27T11:25:50.398877
2026-07-27,,bydgoszcz,Ekipa zwierzaków,Bydgoszcz,15:40,2D,,regular,2026-07-27T11:25:50.398886
2026-07-27,,bydgoszcz,Toy Story 5,Bydgoszcz,16:10,2D,original,regular,2026-07-27T11:25:50.398896
2026-07-27,,bydgoszcz,Vaiana,Bydgoszcz,16:20,2D,original,regular,2026-07-27T11:25:50.398905
2026-07-27,,bydgoszcz,Minionki i straszydła,Bydgoszcz,16:40,2D,,regular,2026-07-27T11:25:50.398914
2026-07-27,,bydgoszcz,Backrooms. Bez wyjścia,Bydgoszcz,16:50,2D,original,regular,2026-07-27T11:25:50.398923
2026-07-27,,bydgoszcz,Odyseja ukraiński dubbing,Bydgoszcz,17:00,2D,dubbing,regular,2026-07-27T11:25:50.398933
2026-07-27,,bydgoszcz,Zakładnicy w szkole,Bydgoszcz,17:30,2D,original,regular,2026-07-27T11:25:50.398943
2026-07-27,,bydgoszcz,Odyseja,Bydgoszcz,17:30,2D,original,regular,2026-07-27T11:25:50.398952
2026-07-27,,bydgoszcz,Minionki i straszydła,Bydgoszcz,17:40,2D,,regular,2026-07-27T11:25:50.398960
2026-07-27,,bydgoszcz,Ekipa zwierzaków,Bydgoszcz,17:50,2D,,regular,2026-07-27T11:25:50.398969
2026-07-27,,bydgoszcz,Ghost in the Shell,Bydgoszcz,18:00,2D,original,regular,2026-07-27T11:25:50.398979
2026-07-27,,bydgoszcz,Vaiana,Bydgoszcz,18:00,2D,original,regular,2026-07-27T11:25:50.398988
2026-07-27,,bydgoszcz,Odyseja,Bydgoszcz,18:00,4DX,original,regular,2026-07-27T11:25:50.398995
2026-07-27,,bydgoszcz,Toy Story 5,Bydgoszcz,18:30,2D,original,regular,2026-07-27T11:25:50.399004
2026-07-27,,bydgoszcz,Minionki i straszydła,Bydgoszcz,18:45,2D,,regular,2026-07-27T11:25:50.399013
2026-07-27,,bydgoszcz,Odyseja,Bydgoszcz,19:00,2D,original,regular,2026-07-27T11:25:50.399022
2026-07-27,,bydgoszcz,Obsesja,Bydgoszcz,19:10,2D,original,regular,2026-07-27T11:25:50.399031
2026-07-27,,bydgoszcz,Backrooms. Bez wyjścia,Bydgoszcz,19:30,2D,original,regular,2026-07-27T11:25:50.399040
2026-07-27,,bydgoszcz,Requiem dla snu,Bydgoszcz,19:40,2D,original,regular,2026-07-27T11:25:50.399048
2026-07-27,,bydgoszcz,Jej piekło,Bydgoszcz,20:00,2D,original,regular,2026-07-27T11:25:50.399059
2026-07-27,,bydgoszcz,Zaproszenie,Bydgoszcz,20:10,2D,original,regular,2026-07-27T11:25:50.399068
2026-07-27,,bydgoszcz,Martwe zło: Ogień,Bydgoszcz,20:20,2D,original,regular,2026-07-27T11:25:50.399077
2026-07-27,,bydgoszcz,Odyseja ukraiński dubbing,Bydgoszcz,20:40,2D,dubbing,regular,2026-07-27T11:25:50.399085
2026-07-27,,bydgoszcz,Odyseja,Bydgoszcz,20:40,2D,original,regular,2026-07-27T11:25:50.399094
2026-07-27,,bydgoszcz,Straszny film,Bydgoszcz,20:50,2D,original,regular,2026-07-27T11:25:50.399104
2026-07-27,,bydgoszcz,Backrooms. Bez wyjścia,Bydgoszcz,21:00,2D,original,regular,2026-07-27T11:25:50.399113
2026-07-27,,bydgoszcz,Odyseja,Bydgoszcz,21:15,2D,original,regular,2026-07-27T11:25:50.399122
2026-07-27,,bydgoszcz,Obsesja,Bydgoszcz,21:40,2D,original,regular,2026-07-27T11:25:50.399130
2026-07-27,,bydgoszcz,Odyseja,Bydgoszcz,21:45,4DX,original,regular,2026-07-27T11:25:50.399137
2026-07-27,,bydgoszcz,Zaproszenie,Bydgoszcz,22:00,2D,original,regular,2026-07-27T11:25:50.399145
2026-07-27,,bydgoszcz,Backrooms. Bez wyjścia,Bydgoszcz,22:00,2D,original,regular,2026-07-27T11:25:50.399154
2026-07-27,,bydgoszcz,Jej piekło,Bydgoszcz,22:30,2D,original,regular,2026-07-27T11:25:50.399163
2026-07-27,,bytom,Vaiana,Bytom,13:20,2D,original,regular,2026-07-27T11:25:52.397156
2026-07-27,,bytom,Odyseja,Bytom,13:45,2D,original,regular,2026-07-27T11:25:52.397207
2026-07-27,,bytom,Backrooms. Bez wyjścia,Bytom,14:20,2D,original,regular,2026-07-27T11:25:52.397221
2026-07-27,,bytom,Minionki i straszydła,Bytom,14:30,2D,,regular,2026-07-27T11:25:52.397231
2026-07-27,,bytom,Ekipa zwierzaków,Bytom,14:50,2D,,regular,2026-07-27T11:25:52.397241
2026-07-27,,bytom,Odyseja,Bytom,15:15,2D,original,regular,2026-07-27T11:25:52.397252
2026-07-27,,bytom,Zaproszenie,Bytom,15:30,2D,original,regular,2026-07-27T11:25:52.397261
2026-07-27,,bytom,Toy Story 5,Bytom,15:40,2D,original,regular,2026-07-27T11:25:52.397272
2026-07-27,,bytom,Vaiana,Bytom,16:00,2D,original,regular,2026-07-27T11:25:52.397282
2026-07-27,,bytom,Minionki i straszydła,Bytom,16:40,2D,,regular,2026-07-27T11:25:52.397290
2026-07-27,,bytom,Zakładnicy w szkole,Bytom,17:00,2D,original,regular,2026-07-27T11:25:52.397301
2026-07-27,,bytom,Ekipa zwierzaków,Bytom,17:00,2D,,regular,2026-07-27T11:25:52.397310
2026-07-27,,bytom,Odyseja,Bytom,17:30,2D,original,regular,2026-07-27T11:25:52.397319
2026-07-27,,bytom,Toy Story 5,Bytom,18:10,2D,original,regular,2026-07-27T11:25:52.397329
2026-07-27,,bytom,Vaiana,Bytom,18:40,2D,original,regular,2026-07-27T11:25:52.397338
2026-07-27,,bytom,Minionki i straszydła,Bytom,18:50,2D,,regular,2026-07-27T11:25:52.397348
2026-07-27,,bytom,Odyseja,Bytom,19:00,2D,original,regular,2026-07-27T11:25:52.397357
2026-07-27,,bytom,Requiem dla snu,Bytom,19:10,2D,original,regular,2026-07-27T11:25:52.397366
2026-07-27,,bytom,Martwe zło: Ogień,Bytom,19:40,2D,original,regular,2026-07-27T11:25:52.397376
2026-07-27,,bytom,Odyseja,Bytom,20:00,2D,original,regular,2026-07-27T11:25:52.397385
2026-07-27,,bytom,Jej piekło,Bytom,20:30,2D,original,regular,2026-07-27T11:25:52.397395
2026-07-27,,bytom,Backrooms. Bez wyjścia,Bytom,21:00,2D,original,regular,2026-07-27T11:25:52.397404
2026-07-27,,bytom,Obsesja,Bytom,21:10,2D,original,regular,2026-07-27T11:25:52.397413
2026-07-27,,bytom,Odyseja,Bytom,21:15,2D,original,regular,2026-07-27T11:25:52.397422
2026-07-27,,bytom,Zaproszenie,Bytom,21:40,2D,original,regular,2026-07-27T11:25:52.397431
2026-07-27,,bytom,Martwe zło: Ogień,Bytom,22:10,2D,original,regular,2026-07-27T11:25:52.397439
2026-07-27,,cieszyn,Toy Story 5,Cieszyn,13:20,2D,original,regular,2026-07-27T11:25:53.824066
2026-07-27,,cieszyn,Odyseja,Cieszyn,14:15,2D,original,regular,2026-07-27T11:25:53.824089
2026-07-27,,cieszyn,Minionki i straszydła,Cieszyn,14:40,2D,,regular,2026-07-27T11:25:53.824102
2026-07-27,,cieszyn,Toy Story 5,Cieszyn,15:40,2D,original,regular,2026-07-27T11:25:53.824114
2026-07-27,,cieszyn,Ekipa zwierzaków,Cieszyn,15:50,2D,,regular,2026-07-27T11:25:53.824125
2026-07-27,,cieszyn,Zakładnicy w szkole,Cieszyn,17:00,2D,original,regular,2026-07-27T11:25:53.824138
2026-07-27,,cieszyn,Odyseja,Cieszyn,18:00,2D,original,regular,2026-07-27T11:25:53.824148
2026-07-27,,cieszyn,Ghost in the Shell,Cieszyn,18:00,2D,original,regular,2026-07-27T11:25:53.824161
2026-07-27,,cieszyn,Backrooms. Bez wyjścia,Cieszyn,18:15,2D,original,regular,2026-07-27T11:25:53.824206
2026-07-27,,cieszyn,Martwe zło: Ogień,Cieszyn,19:40,2D,original,regular,2026-07-27T11:25:53.824218
2026-07-27,,cieszyn,Obsesja,Cieszyn,20:10,2D,original,regular,2026-07-27T11:25:53.824228
2026-07-27,,cieszyn,Requiem dla snu,Cieszyn,20:50,2D,original,regular,2026-07-27T11:25:53.824238
2026-07-27,,cieszyn,Odyseja,Cieszyn,21:40,2D,original,regular,2026-07-27T11:25:53.824249
2026-07-27,,cieszyn,Martwe zło: Ogień,Cieszyn,22:15,2D,original,regular,2026-07-27T11:25:53.824259
2026-07-27,,częstochowa,Toy Story 5,Częstochowa - Galeria Jurajska,13:20,2D,original,regular,2026-07-27T11:25:55.196964
2026-07-27,,częstochowa,Toy Story 5,Częstochowa - Galeria Jurajska,14:00,2D,original,regular,2026-07-27T11:25:55.196994
2026-07-27,,częstochowa,Minionki i straszydła,Częstochowa - Galeria Jurajska,14:10,2D,,regular,2026-07-27T11:25:55.197010
2026-07-27,,częstochowa,Odyseja,Częstochowa - Galeria Jurajska,14:20,2D,original,regular,2026-07-27T11:25:55.197025
2026-07-27,,częstochowa,Minionki i straszydła,Częstochowa - Galeria Jurajska,14:45,2D,,regular,2026-07-27T11:25:55.197037
2026-07-27,,częstochowa,Vaiana,Częstochowa - Galeria Jurajska,15:00,2D,original,regular,2026-07-27T11:25:55.197051
2026-07-27,,częstochowa,Ekipa zwierzaków,Częstochowa - Galeria Jurajska,15:10,2D,,regular,2026-07-27T11:25:55.197063
2026-07-27,,częstochowa,Toy Story 5,Częstochowa - Galeria Jurajska,15:40,2D,original,regular,2026-07-27T11:25:55.197077
2026-07-27,,częstochowa,Odyseja,Częstochowa - Galeria Jurajska,15:50,2D,original,regular,2026-07-27T11:25:55.197089
2026-07-27,,częstochowa,Minionki i straszydła,Częstochowa - Galeria Jurajska,16:20,2D,,regular,2026-07-27T11:25:55.197101
2026-07-27,,częstochowa,Toy Story 5,Częstochowa - Galeria Jurajska,16:30,2D,original,regular,2026-07-27T11:25:55.197115
2026-07-27,,częstochowa,Zakładnicy w szkole,Częstochowa - Galeria Jurajska,17:00,2D,original,regular,2026-07-27T11:25:55.197130
2026-07-27,,częstochowa,Ekipa zwierzaków,Częstochowa - Galeria Jurajska,17:20,2D,,regular,2026-07-27T11:25:55.197142
2026-07-27,,częstochowa,Vaiana,Częstochowa - Galeria Jurajska,17:40,2D,original,regular,2026-07-27T11:25:55.197154
2026-07-27,,częstochowa,Odyseja,Częstochowa - Galeria Jurajska,18:00,2D,original,regular,2026-07-27T11:25:55.197166
2026-07-27,,częstochowa,Martwe zło: Ogień,Częstochowa - Galeria Jurajska,18:10,2D,original,regular,2026-07-27T11:25:55.197218
2026-07-27,,częstochowa,Minionki i straszydła,Częstochowa - Galeria Jurajska,18:30,2D,,regular,2026-07-27T11:25:55.197231
2026-07-27,,częstochowa,Toy Story 5,Częstochowa - Galeria Jurajska,19:00,2D,original,regular,2026-07-27T11:25:55.197244
2026-07-27,,częstochowa,Odyseja,Częstochowa - Galeria Jurajska,19:30,2D,original,regular,2026-07-27T11:25:55.197256
2026-07-27,,częstochowa,Jej piekło,Częstochowa - Galeria Jurajska,19:30,2D,original,regular,2026-07-27T11:25:55.197270
2026-07-27,,częstochowa,Requiem dla snu,Częstochowa - Galeria Jurajska,19:40,2D,original,regular,2026-07-27T11:25:55.197282
2026-07-27,,częstochowa,Odyseja,Częstochowa - Galeria Jurajska,20:20,2D,original,regular,2026-07-27T11:25:55.197294
2026-07-27,,częstochowa,Obsesja,Częstochowa - Galeria Jurajska,20:40,2D,original,regular,2026-07-27T11:25:55.197307
2026-07-27,,częstochowa,Martwe zło: Ogień,Częstochowa - Galeria Jurajska,20:50,2D,original,regular,2026-07-27T11:25:55.197318
2026-07-27,,częstochowa,Backrooms. Bez wyjścia,Częstochowa - Galeria Jurajska,21:20,2D,original,regular,2026-07-27T11:25:55.197331
2026-07-27,,częstochowa,Odyseja,Częstochowa - Galeria Jurajska,21:40,2D,original,regular,2026-07-27T11:25:55.197342
2026-07-27,,częstochowa,Zaproszenie,Częstochowa - Galeria Jurajska,22:00,2D,original,regular,2026-07-27T11:25:55.197354
2026-07-27,,częstochowa,Requiem dla snu,Częstochowa - Galeria Jurajska,22:10,2D,original,regular,2026-07-27T11:25:55.197365
2026-07-27,,częstochowa,Odyseja,Częstochowa - Wolność,13:45,2D,original,regular,2026-07-27T11:25:56.555985
2026-07-27,,częstochowa,Minionki i straszydła,Częstochowa - Wolność,14:30,2D,,regular,2026-07-27T11:25:56.556009
2026-07-27,,częstochowa,O czym sobie nie mówimy,Częstochowa - Wolność,14:50,2D,original,regular,2026-07-27T11:25:56.556021
2026-07-27,,częstochowa,Ekipa zwierzaków,Częstochowa - Wolność,14:50,2D,,regular,2026-07-27T11:25:56.556032
2026-07-27,,częstochowa,Odyseja,Częstochowa - Wolność,15:15,2D,original,regular,2026-07-27T11:25:56.556043
2026-07-27,,częstochowa,Vaiana,Częstochowa - Wolność,15:20,2D,original,regular,2026-07-27T11:25:56.556054
2026-07-27,,częstochowa,Toy Story 5,Częstochowa - Wolność,15:40,2D,original,regular,2026-07-27T11:25:56.556065
2026-07-27,,częstochowa,Martwe zło: Ogień,Częstochowa - Wolność,15:50,2D,original,regular,2026-07-27T11:25:56.556076
2026-07-27,,częstochowa,Minionki i straszydła,Częstochowa - Wolność,16:40,2D,,regular,2026-07-27T11:25:56.556086
2026-07-27,,częstochowa,Ekipa zwierzaków,Częstochowa - Wolność,17:00,2D,,regular,2026-07-27T11:25:56.556096
2026-07-27,,częstochowa,Zakładnicy w szkole,Częstochowa - Wolność,17:30,2D,original,regular,2026-07-27T11:25:56.556107
2026-07-27,,częstochowa,Odyseja,Częstochowa - Wolność,17:30,2D,original,regular,2026-07-27T11:25:56.556118
2026-07-27,,częstochowa,Ghost in the Shell,Częstochowa - Wolność,18:00,2D,original,regular,2026-07-27T11:25:56.556130
2026-07-27,,częstochowa,Toy Story 5,Częstochowa - Wolność,18:10,2D,original,regular,2026-07-27T11:25:56.556141
2026-07-27,,częstochowa,Vaiana,Częstochowa - Wolność,18:20,2D,original,regular,2026-07-27T11:25:56.556151
2026-07-27,,częstochowa,Minionki i straszydła,Częstochowa - Wolność,18:50,2D,,regular,2026-07-27T11:25:56.556161
2026-07-27,,częstochowa,Odyseja,Częstochowa - Wolność,19:00,2D,original,regular,2026-07-27T11:25:56.556192
2026-07-27,,częstochowa,Backrooms. Bez wyjścia,Częstochowa - Wolność,19:10,2D,original,regular,2026-07-27T11:25:56.556205
2026-07-27,,częstochowa,Odyseja,Częstochowa - Wolność,20:00,2D,original,regular,2026-07-27T11:25:56.556215
2026-07-27,,częstochowa,Requiem dla snu,Częstochowa - Wolność,20:20,2D,original,regular,2026-07-27T11:25:56.556225
2026-07-27,,częstochowa,Martwe zło: Ogień,Częstochowa - Wolność,20:40,2D,original,regular,2026-07-27T11:25:56.556235
2026-07-27,,częstochowa,Zaproszenie,Częstochowa - Wolność,21:00,2D,original,regular,2026-07-27T11:25:56.556245
2026-07-27,,częstochowa,Obsesja,Częstochowa - Wolność,21:00,2D,original,regular,2026-07-27T11:25:56.556254
2026-07-27,,częstochowa,Odyseja,Częstochowa - Wolność,21:15,2D,original,regular,2026-07-27T11:25:56.556264
2026-07-27,,częstochowa,Backrooms. Bez wyjścia,Częstochowa - Wolność,21:40,2D,original,regular,2026-07-27T11:25:56.556274
2026-07-27,,elbląg,Minionki i straszydła,Elbląg,14:00,2D,,regular,2026-07-27T11:25:58.007097
2026-07-27,,elbląg,Odyseja,Elbląg,14:30,2D,original,regular,2026-07-27T11:25:58.007125
2026-07-27,,elbląg,Minionki i straszydła,Elbląg,14:50,2D,,regular,2026-07-27T11:25:58.007140
2026-07-27,,elbląg,Toy Story 5,Elbląg,14:50,2D,original,regular,2026-07-27T11:25:58.007155
2026-07-27,,elbląg,Ekipa zwierzaków,Elbląg,15:00,2D,,regular,2026-07-27T11:25:58.007207
2026-07-27,,elbląg,Vaiana,Elbląg,15:20,2D,original,regular,2026-07-27T11:25:58.007223
2026-07-27,,elbląg,Odyseja,Elbląg,16:20,2D,original,regular,2026-07-27T11:25:58.007236
2026-07-27,,elbląg,Vaiana,Elbląg,16:50,2D,original,regular,2026-07-27T11:25:58.007248
2026-07-27,,elbląg,Zakładnicy w szkole,Elbląg,17:00,2D,original,regular,2026-07-27T11:25:58.007263
2026-07-27,,elbląg,Toy Story 5,Elbląg,17:10,2D,original,regular,2026-07-27T11:25:58.007277
2026-07-27,,elbląg,Ghost in the Shell,Elbląg,18:00,2D,original,regular,2026-07-27T11:25:58.007291
2026-07-27,,elbląg,Odyseja,Elbląg,18:00,2D,original,regular,2026-07-27T11:25:58.007305
2026-07-27,,elbląg,Minionki i straszydła,Elbląg,19:15,2D,,regular,2026-07-27T11:25:58.007320
2026-07-27,,elbląg,Martwe zło: Ogień,Elbląg,19:30,2D,original,regular,2026-07-27T11:25:58.007334
2026-07-27,,elbląg,Backrooms. Bez wyjścia,Elbląg,19:40,2D,original,regular,2026-07-27T11:25:58.007347
2026-07-27,,elbląg,Odyseja,Elbląg,20:00,2D,original,regular,2026-07-27T11:25:58.007360
2026-07-27,,elbląg,Requiem dla snu,Elbląg,20:00,2D,original,regular,2026-07-27T11:25:58.007371
2026-07-27,,elbląg,Zaproszenie,Elbląg,21:15,2D,original,regular,2026-07-27T11:25:58.007383
2026-07-27,,elbląg,Odyseja,Elbląg,21:30,2D,original,regular,2026-07-27T11:25:58.007395
2026-07-27,,elbląg,Backrooms. Bez wyjścia,Elbląg,22:00,2D,original,regular,2026-07-27T11:25:58.007406
2026-07-27,,elbląg,Martwe zło: Ogień,Elbląg,22:00,2D,original,regular,2026-07-27T11:25:58.007418
2026-07-27,,elbląg,Zaproszenie,Elbląg,22:10,2D,original,regular,2026-07-27T11:25:58.007429
2026-07-27,,gliwice,Toy Story 5,Gliwice,13:20,2D,original,regular,2026-07-27T11:25:59.635073
2026-07-27,,gliwice,Minionki i straszydła,Gliwice,13:30,2D,,regular,2026-07-27T11:25:59.635098
2026-07-27,,gliwice,Odyseja,Gliwice,13:45,2D,original,regular,2026-07-27T11:25:59.635111
2026-07-27,,gliwice,Martwe zło: Ogień,Gliwice,14:00,2D,original,regular,2026-07-27T11:25:59.635122
2026-07-27,,gliwice,Vaiana,Gliwice,14:10,2D,original,regular,2026-07-27T11:25:59.635132
2026-07-27,,gliwice,Minionki i straszydła,Gliwice,14:20,2D,,regular,2026-07-27T11:25:59.635141
2026-07-27,,gliwice,Odyseja,Gliwice,15:00,2D,original,regular,2026-07-27T11:25:59.635151
2026-07-27,,gliwice,Zaproszenie,Gliwice,15:10,2D,original,regular,2026-07-27T11:25:59.635160
2026-07-27,,gliwice,Toy Story 5,Gliwice,15:10,2D,original,regular,2026-07-27T11:25:59.635204
2026-07-27,,gliwice,Ekipa zwierzaków,Gliwice,15:20,2D,,regular,2026-07-27T11:25:59.635219
2026-07-27,,gliwice,Vaiana,Gliwice,15:20,2D,original,regular,2026-07-27T11:25:59.635229
2026-07-27,,gliwice,Backrooms. Bez wyjścia,Gliwice,15:20,2D,original,regular,2026-07-27T11:25:59.635239
2026-07-27,,gliwice,Minionki i straszydła,Gliwice,15:40,2D,,regular,2026-07-27T11:25:59.635248
2026-07-27,,gliwice,Toy Story 5,Gliwice,15:40,2D,original,regular,2026-07-27T11:25:59.635260
2026-07-27,,gliwice,Zakładnicy w szkole,Gliwice,15:50,2D,original,regular,2026-07-27T11:25:59.635271
2026-07-27,,gliwice,Minionki i straszydła,Gliwice,16:30,2D,,regular,2026-07-27T11:25:59.635279
2026-07-27,,gliwice,Martwe zło: Ogień,Gliwice,16:30,2D,original,regular,2026-07-27T11:25:59.635289
2026-07-27,,gliwice,Vaiana,Gliwice,16:50,2D,original,regular,2026-07-27T11:25:59.635298
2026-07-27,,gliwice,Ekipa zwierzaków,Gliwice,17:30,2D,,regular,2026-07-27T11:25:59.635307
2026-07-27,,gliwice,Odyseja,Gliwice,17:30,2D,original,regular,2026-07-27T11:25:59.635317
2026-07-27,,gliwice,Zaproszenie,Gliwice,17:40,2D,original,regular,2026-07-27T11:25:59.635326
2026-07-27,,gliwice,Toy Story 5,Gliwice,17:40,2D,original,regular,2026-07-27T11:25:59.635336
2026-07-27,,gliwice,Minionki i straszydła,Gliwice,17:50,2D,,regular,2026-07-27T11:25:59.635345
2026-07-27,,gliwice,Vaiana,Gliwice,18:00,2D,original,regular,2026-07-27T11:25:59.635354
2026-07-27,,gliwice,Backrooms. Bez wyjścia,Gliwice,18:00,2D,original,regular,2026-07-27T11:25:59.635363
2026-07-27,,gliwice,Ghost in the Shell,Gliwice,18:00,2D,original,regular,2026-07-27T11:25:59.635374
2026-07-27,,gliwice,Zakładnicy w szkole,Gliwice,18:30,2D,original,regular,2026-07-27T11:25:59.635384
2026-07-27,,gliwice,Odyseja,Gliwice,18:30,2D,original,regular,2026-07-27T11:25:59.635393
2026-07-27,,gliwice,Minionki i straszydła,Gliwice,18:40,2D,,regular,2026-07-27T11:25:59.635402
2026-07-27,,gliwice,Martwe zło: Ogień,Gliwice,19:00,2D,original,regular,2026-07-27T11:25:59.635410
2026-07-27,,gliwice,Jej piekło,Gliwice,19:30,2D,original,regular,2026-07-27T11:25:59.635421
2026-07-27,,gliwice,Obsesja,Gliwice,19:40,2D,original,regular,2026-07-27T11:25:59.635430
2026-07-27,,gliwice,Zaproszenie,Gliwice,20:00,2D,original,regular,2026-07-27T11:25:59.635438
2026-07-27,,gliwice,Minionki i straszydła,Gliwice,20:00,2D,,regular,2026-07-27T11:25:59.635446
2026-07-27,,gliwice,Odyseja,Gliwice,20:00,2D,original,regular,2026-07-27T11:25:59.635455
2026-07-27,,gliwice,Requiem dla snu,Gliwice,20:10,2D,original,regular,2026-07-27T11:25:59.635464
2026-07-27,,gliwice,Backrooms. Bez wyjścia,Gliwice,20:40,2D,original,regular,2026-07-27T11:25:59.635473
2026-07-27,,gliwice,Wędrówka na północ,Gliwice,20:40,2D,original,regular,2026-07-27T11:25:59.635482
2026-07-27,,gliwice,Zaproszenie,Gliwice,21:00,2D,original,regular,2026-07-27T11:25:59.635490
2026-07-27,,gliwice,Ghost in the Shell,Gliwice,21:10,2D,original,regular,2026-07-27T11:25:59.635499
2026-07-27,,gliwice,Odyseja,Gliwice,21:15,2D,original,regular,2026-07-27T11:25:59.635509
2026-07-27,,gliwice,Martwe zło: Ogień,Gliwice,21:30,2D,original,regular,2026-07-27T11:25:59.635518
2026-07-27,,gliwice,Odyseja,Gliwice,22:00,2D,original,regular,2026-07-27T11:25:59.635527
2026-07-27,,gliwice,Obsesja,Gliwice,22:10,2D,original,regular,2026-07-27T11:25:59.635536
2026-07-27,,gliwice,Martwe zło: Ogień,Gliwice,22:10,2D,original,regular,2026-07-27T11:25:59.635544
2026-07-27,,gliwice,Backrooms. Bez wyjścia,Gliwice,22:20,2D,original,regular,2026-07-27T11:25:59.635553
2026-07-27,,gliwice,Jej piekło,Gliwice,22:20,2D,original,regular,2026-07-27T11:25:59.635563
2026-07-27,,katowice,Toy Story 5,Katowice - Punkt 44,13:20,2D,original,regular,2026-07-27T11:26:01.095732
2026-07-27,,katowice,Ekipa zwierzaków,Katowice - Punkt 44,13:20,2D,,regular,2026-07-27T11:26:01.095756
2026-07-27,,katowice,Odyseja,Katowice - Punkt 44,13:45,2D,original,regular,2026-07-27T11:26:01.095769
2026-07-27,,katowice,Odyseja,Katowice - Punkt 44,14:15,IMAX,original,regular,2026-07-27T11:26:01.095776
2026-07-27,,katowice,Zakładnicy w szkole,Katowice - Punkt 44,14:20,2D,original,regular,2026-07-27T11:26:01.095788
2026-07-27,,katowice,Odyseja,Katowice - Punkt 44,14:30,2D,original,regular,2026-07-27T11:26:01.095797
2026-07-27,,katowice,Zaproszenie,Katowice - Punkt 44,14:30,2D,original,regular,2026-07-27T11:26:01.095806
2026-07-27,,katowice,Minionki i straszydła,Katowice - Punkt 44,14:40,2D,,regular,2026-07-27T11:26:01.095815
2026-07-27,,katowice,Toy Story 5,Katowice - Punkt 44,14:50,2D,original,regular,2026-07-27T11:26:01.095826
2026-07-27,,katowice,Minionki i straszydła,Katowice - Punkt 44,15:10,2D,,regular,2026-07-27T11:26:01.095834
2026-07-27,,katowice,Vaiana,Katowice - Punkt 44,15:10,2D,original,regular,2026-07-27T11:26:01.095844
2026-07-27,,katowice,Odyseja,Katowice - Punkt 44,15:20,2D,original,regular,2026-07-27T11:26:01.095853
2026-07-27,,katowice,Ekipa zwierzaków,Katowice - Punkt 44,15:30,2D,,regular,2026-07-27T11:26:01.095862
2026-07-27,,katowice,Toy Story 5,Katowice - Punkt 44,15:50,2D,original,regular,2026-07-27T11:26:01.095872
2026-07-27,,katowice,Vaiana,Katowice - Punkt 44,15:50,2D,original,regular,2026-07-27T11:26:01.095881
2026-07-27,,katowice,Backrooms. Bez wyjścia,Katowice - Punkt 44,16:00,2D,original,regular,2026-07-27T11:26:01.095891
2026-07-27,,katowice,Minionki i straszydła,Katowice - Punkt 44,16:45,2D,,regular,2026-07-27T11:26:01.095900
2026-07-27,,katowice,Zakładnicy w szkole,Katowice - Punkt 44,17:00,2D,original,regular,2026-07-27T11:26:01.095910
2026-07-27,,katowice,Dzień objawienia,Katowice - Punkt 44,17:00,2D,original,regular,2026-07-27T11:26:01.095920
2026-07-27,,katowice,Toy Story 5,Katowice - Punkt 44,17:10,2D,original,regular,2026-07-27T11:26:01.095929
2026-07-27,,katowice,Minionki i straszydła,Katowice - Punkt 44,17:20,2D,,regular,2026-07-27T11:26:01.095938
2026-07-27,,katowice,Odyseja,Katowice - Punkt 44,17:30,2D,original,regular,2026-07-27T11:26:01.095947
2026-07-27,,katowice,Ekipa zwierzaków,Katowice - Punkt 44,17:40,2D,,regular,2026-07-27T11:26:01.095955
2026-07-27,,katowice,Diabeł ubiera się u Prady 2,Katowice - Punkt 44,17:50,2D,original,regular,2026-07-27T11:26:01.095966
2026-07-27,,katowice,Odyseja,Katowice - Punkt 44,18:00,IMAX,original,regular,2026-07-27T11:26:01.095972
2026-07-27,,katowice,Odyseja,Katowice - Punkt 44,18:10,2D,original,regular,2026-07-27T11:26:01.095981
2026-07-27,,katowice,Toy Story 5,Katowice - Punkt 44,18:20,2D,original,regular,2026-07-27T11:26:01.095991
2026-07-27,,katowice,Backrooms. Bez wyjścia,Katowice - Punkt 44,18:30,2D,original,regular,2026-07-27T11:26:01.096000
2026-07-27,,katowice,Vaiana,Katowice - Punkt 44,18:30,2D,original,regular,2026-07-27T11:26:01.096009
2026-07-27,,katowice,Obsesja,Katowice - Punkt 44,18:50,2D,original,regular,2026-07-27T11:26:01.096017
2026-07-27,,katowice,Odyseja,Katowice - Punkt 44,19:00,2D,original,regular,2026-07-27T11:26:01.096026
2026-07-27,,katowice,Minionki i straszydła,Katowice - Punkt 44,19:30,2D,,regular,2026-07-27T11:26:01.096034
2026-07-27,,katowice,Martwe zło: Ogień,Katowice - Punkt 44,19:40,2D,original,regular,2026-07-27T11:26:01.096043
2026-07-27,,katowice,Zaproszenie,Katowice - Punkt 44,19:40,2D,original,regular,2026-07-27T11:26:01.096052
2026-07-27,,katowice,Requiem dla snu,Katowice - Punkt 44,19:50,2D,original,regular,2026-07-27T11:26:01.096061
2026-07-27,,katowice,Dzień objawienia,Katowice - Punkt 44,20:10,2D,original,regular,2026-07-27T11:26:01.096070
2026-07-27,,katowice,Diabeł ubiera się u Prady 2,Katowice - Punkt 44,20:30,2D,original,regular,2026-07-27T11:26:01.096079
2026-07-27,,katowice,Michael,Katowice - Punkt 44,20:50,2D,original,regular,2026-07-27T11:26:01.096088
2026-07-27,,katowice,Backrooms. Bez wyjścia,Katowice - Punkt 44,21:00,2D,original,regular,2026-07-27T11:26:01.096097
2026-07-27,,katowice,Odyseja,Katowice - Punkt 44,21:10,2D,original,regular,2026-07-27T11:26:01.096107
2026-07-27,,katowice,Zaproszenie,Katowice - Punkt 44,21:10,2D,original,regular,2026-07-27T11:26:01.096115
2026-07-27,,katowice,Obsesja,Katowice - Punkt 44,21:20,2D,original,regular,2026-07-27T11:26:01.096123
2026-07-27,,katowice,Zawodowcy,Katowice - Punkt 44,21:40,2D,original,regular,2026-07-27T11:26:01.096132
2026-07-27,,katowice,Odyseja,Katowice - Punkt 44,21:45,IMAX,original,regular,2026-07-27T11:26:01.096138
2026-07-27,,katowice,Odyseja,Katowice - Punkt 44,21:50,2D,original,regular,2026-07-27T11:26:01.096146
2026-07-27,,katowice,Requiem dla snu,Katowice - Punkt 44,22:10,2D,original,regular,2026-07-27T11:26:01.096155
2026-07-27,,katowice,Zaproszenie,Katowice - Punkt 44,22:10,2D,original,regular,2026-07-27T11:26:01.096163
2026-07-27,,katowice,Martwe zło: Ogień,Katowice - Punkt 44,22:20,2D,original,regular,2026-07-27T11:26:01.096188
2026-07-27,,katowice,Straszny film,Katowice - Punkt 44,22:30,2D,original,regular,2026-07-27T11:26:01.096200
2026-07-27,,katowice,Martwe zło: Ogień,Katowice - Silesia,13:20,2D,original,regular,2026-07-27T11:26:02.537536
2026-07-27,,katowice,Minionki i straszydła,Katowice - Silesia,13:30,2D,,regular,2026-07-27T11:26:02.537558
2026-07-27,,katowice,Toy Story 5,Katowice - Silesia,13:40,2D,original,regular,2026-07-27T11:26:02.537571
2026-07-27,,katowice,Ekipa zwierzaków,Katowice - Silesia,13:50,2D,,regular,2026-07-27T11:26:02.537581
2026-07-27,,katowice,Backrooms. Bez wyjścia,Katowice - Silesia,13:50,2D,original,regular,2026-07-27T11:26:02.537592
2026-07-27,,katowice,Vaiana,Katowice - Silesia,14:00,2D,original,regular,2026-07-27T11:26:02.537602
2026-07-27,,katowice,Odyseja,Katowice - Silesia,14:20,2D,original,regular,2026-07-27T11:26:02.537613
2026-07-27,,katowice,Zaproszenie,Katowice - Silesia,14:20,2D,original,regular,2026-07-27T11:26:02.537622
2026-07-27,,katowice,Minionki i straszydła,Katowice - Silesia,14:30,2D,,regular,2026-07-27T11:26:02.537631
2026-07-27,,katowice,Toy Story 5,Katowice - Silesia,15:00,2D,original,regular,2026-07-27T11:26:02.537642
2026-07-27,,katowice,Vaiana,Katowice - Silesia,15:15,2D,original,regular,2026-07-27T11:26:02.537651
2026-07-27,,katowice,Odyseja,Katowice - Silesia,15:40,2D,original,regular,2026-07-27T11:26:02.537661
2026-07-27,,katowice,Zakładnicy w szkole,Katowice - Silesia,15:50,2D,original,regular,2026-07-27T11:26:02.537672
2026-07-27,,katowice,Ghost in the Shell,Katowice - Silesia,15:50,2D,original,regular,2026-07-27T11:26:02.537682
2026-07-27,,katowice,Ekipa zwierzaków,Katowice - Silesia,16:00,2D,,regular,2026-07-27T11:26:02.537691
2026-07-27,,katowice,Toy Story 5,Katowice - Silesia,16:10,2D,original,regular,2026-07-27T11:26:02.537702
2026-07-27,,katowice,Backrooms. Bez wyjścia,Katowice - Silesia,16:20,2D,original,regular,2026-07-27T11:26:02.537711
2026-07-27,,katowice,Odyseja,Katowice - Silesia,16:40,2D,original,regular,2026-07-27T11:26:02.537720
2026-07-27,,katowice,Minionki i straszydła,Katowice - Silesia,16:40,2D,,regular,2026-07-27T11:26:02.537729
2026-07-27,,katowice,Vaiana,Katowice - Silesia,16:50,2D,original,regular,2026-07-27T11:26:02.537738
2026-07-27,,katowice,Obsesja,Katowice - Silesia,16:50,2D,original,regular,2026-07-27T11:26:02.537747
2026-07-27,,katowice,Toy Story 5,Katowice - Silesia,17:20,2D,original,regular,2026-07-27T11:26:02.537757
2026-07-27,,katowice,Vaiana,Katowice - Silesia,17:50,2D,original,regular,2026-07-27T11:26:02.537766
2026-07-27,,katowice,Ghost in the Shell,Katowice - Silesia,18:00,2D,original,regular,2026-07-27T11:26:02.537776
2026-07-27,,katowice,Odyseja,Katowice - Silesia,18:00,2D,original,regular,2026-07-27T11:26:02.537785
2026-07-27,,katowice,Ekipa zwierzaków,Katowice - Silesia,18:10,2D,,regular,2026-07-27T11:26:02.537794
2026-07-27,,katowice,Zakładnicy w szkole,Katowice - Silesia,18:30,2D,original,regular,2026-07-27T11:26:02.537803
2026-07-27,,katowice,Toy Story 5,Katowice - Silesia,18:40,2D,original,regular,2026-07-27T11:26:02.537813
2026-07-27,,katowice,Minionki i straszydła,Katowice - Silesia,18:50,2D,,regular,2026-07-27T11:26:02.537822
2026-07-27,,katowice,Jej piekło,Katowice - Silesia,18:50,2D,original,regular,2026-07-27T11:26:02.537831
2026-07-27,,katowice,Odyseja,Katowice - Silesia,19:20,2D,original,regular,2026-07-27T11:26:02.537841
2026-07-27,,katowice,Obsesja,Katowice - Silesia,19:20,2D,original,regular,2026-07-27T11:26:02.537849
2026-07-27,,katowice,Vaiana,Katowice - Silesia,19:30,2D,original,regular,2026-07-27T11:26:02.537858
2026-07-27,,katowice,Zaproszenie,Katowice - Silesia,19:40,2D,original,regular,2026-07-27T11:26:02.537866
2026-07-27,,katowice,Requiem dla snu,Katowice - Silesia,20:10,2D,original,regular,2026-07-27T11:26:02.537875
2026-07-27,,katowice,Martwe zło: Ogień,Katowice - Silesia,20:20,2D,original,regular,2026-07-27T11:26:02.537884
2026-07-27,,katowice,Odyseja,Katowice - Silesia,20:20,2D,original,regular,2026-07-27T11:26:02.537893
2026-07-27,,katowice,Backrooms. Bez wyjścia,Katowice - Silesia,20:30,2D,original,regular,2026-07-27T11:26:02.537901
2026-07-27,,katowice,Gwiezdne Wojny: Mandalorian i Grogu,Katowice - Silesia,21:00,2D,original,regular,2026-07-27T11:26:02.537912
2026-07-27,,katowice,O czym sobie nie mówimy,Katowice - Silesia,21:10,2D,original,regular,2026-07-27T11:26:02.537922
2026-07-27,,katowice,Straszny film,Katowice - Silesia,21:20,2D,original,regular,2026-07-27T11:26:02.537932
2026-07-27,,katowice,Jej piekło,Katowice - Silesia,21:20,2D,original,regular,2026-07-27T11:26:02.537942
2026-07-27,,katowice,Odyseja,Katowice - Silesia,21:40,2D,original,regular,2026-07-27T11:26:02.537951
2026-07-27,,katowice,Obsesja,Katowice - Silesia,21:50,2D,original,regular,2026-07-27T11:26:02.537959
2026-07-27,,katowice,Michael,Katowice - Silesia,22:10,2D,original,regular,2026-07-27T11:26:02.537968
2026-07-27,,kraków,Ekipa zwierzaków,Kraków - Bonarka,13:20,2D,,regular,2026-07-27T11:26:04.490377
2026-07-27,,kraków,Odyseja ukraiński dubbing,Kraków - Bonarka,13:20,2D,dubbing,regular,2026-07-27T11:26:04.490402
2026-07-27,,kraków,Drzewo magii,Kraków - Bonarka,13:30,2D,,regular,2026-07-27T11:26:04.490414
2026-07-27,,kraków,Jej piekło,Kraków - Bonarka,13:40,2D,original,regular,2026-07-27T11:26:04.490427
2026-07-27,,kraków,Odyseja,Kraków - Bonarka,13:50,2D,original,regular,2026-07-27T11:26:04.490438
2026-07-27,,kraków,Vaiana,Kraków - Bonarka,14:00,2D,original,regular,2026-07-27T11:26:04.490449
2026-07-27,,kraków,Toy Story 5,Kraków - Bonarka,14:10,2D,original,regular,2026-07-27T11:26:04.490460
2026-07-27,,kraków,Odyseja,Kraków - Bonarka,14:20,4DX,original,regular,2026-07-27T11:26:04.490468
2026-07-27,,kraków,Minionki i straszydła,Kraków - Bonarka,14:40,2D,,regular,2026-07-27T11:26:04.490482
2026-07-27,,kraków,Odyseja,Kraków - Bonarka,14:50,2D,original,regular,2026-07-27T11:26:04.490494
2026-07-27,,kraków,Minionki i straszydła,Kraków - Bonarka,15:10,2D,,regular,2026-07-27T11:26:04.490503
2026-07-27,,kraków,Vaiana,Kraków - Bonarka,15:15,2D,original,regular,2026-07-27T11:26:04.490513
2026-07-27,,kraków,Odyseja,Kraków - Bonarka,15:20,2D,original,regular,2026-07-27T11:26:04.490522
2026-07-27,,kraków,Wędrówka na północ,Kraków - Bonarka,15:20,2D,original,regular,2026-07-27T11:26:04.490532
2026-07-27,,kraków,Ekipa zwierzaków,Kraków - Bonarka,15:30,2D,,regular,2026-07-27T11:26:04.490542
2026-07-27,,kraków,Dzień objawienia,Kraków - Bonarka,15:30,2D,original,regular,2026-07-27T11:26:04.490552
2026-07-27,,kraków,Minionki i straszydła,Kraków - Bonarka,15:30,2D,,regular,2026-07-27T11:26:04.490562
2026-07-27,,kraków,Toy Story 5,Kraków - Bonarka,15:40,2D,original,regular,2026-07-27T11:26:04.490573
2026-07-27,,kraków,Zakładnicy w szkole,Kraków - Bonarka,15:50,2D,original,regular,2026-07-27T11:26:04.490584
2026-07-27,,kraków,Minionki i straszydła,Kraków - Bonarka,16:00,2D,,regular,2026-07-27T11:26:04.490593
2026-07-27,,kraków,Odyseja,Kraków - Bonarka,16:10,2D,original,regular,2026-07-27T11:26:04.490603
2026-07-27,,kraków,Diabeł ubiera się u Prady 2,Kraków - Bonarka,16:10,2D,original,regular,2026-07-27T11:26:04.490613
2026-07-27,,kraków,Odyseja,Kraków - Bonarka,16:20,2D,original,regular,2026-07-27T11:26:04.490623
2026-07-27,,kraków,Zaproszenie,Kraków - Bonarka,16:40,2D,original,regular,2026-07-27T11:26:04.490633
2026-07-27,,kraków,Vaiana,Kraków - Bonarka,16:40,2D,original,regular,2026-07-27T11:26:04.490642
2026-07-27,,kraków,Minionki i straszydła,Kraków - Bonarka,16:50,2D,,regular,2026-07-27T11:26:04.490651
2026-07-27,,kraków,Odyseja ukraiński dubbing,Kraków - Bonarka,17:00,2D,dubbing,regular,2026-07-27T11:26:04.490660
2026-07-27,,kraków,Backrooms. Bez wyjścia,Kraków - Bonarka,17:20,2D,original,regular,2026-07-27T11:26:04.490670
2026-07-27,,kraków,Odyseja,Kraków - Bonarka,17:30,2D,original,regular,2026-07-27T11:26:04.490680
2026-07-27,,kraków,Ekipa zwierzaków,Kraków - Bonarka,17:45,2D,,regular,2026-07-27T11:26:04.490698
2026-07-27,,kraków,Ghost in the Shell,Kraków - Bonarka,18:00,2D,original,regular,2026-07-27T11:26:04.490709
2026-07-27,,kraków,Odyseja,Kraków - Bonarka,18:00,4DX,original,regular,2026-07-27T11:26:04.490717
2026-07-27,,kraków,O czym sobie nie mówimy,Kraków - Bonarka,18:10,2D,original,regular,2026-07-27T11:26:04.490727
2026-07-27,,kraków,Toy Story 5,Kraków - Bonarka,18:10,2D,original,regular,2026-07-27T11:26:04.490737
2026-07-27,,kraków,Odyseja,Kraków - Bonarka,18:20,2D,original,regular,2026-07-27T11:26:04.490747
2026-07-27,,kraków,Minionki i straszydła,Kraków - Bonarka,18:20,2D,,regular,2026-07-27T11:26:04.490756
2026-07-27,,kraków,Zakładnicy w szkole,Kraków - Bonarka,18:30,2D,original,regular,2026-07-27T11:26:04.490766
2026-07-27,,kraków,Dzień objawienia,Kraków - Bonarka,18:40,2D,original,regular,2026-07-27T11:26:04.490776
2026-07-27,,kraków,Odyseja,Kraków - Bonarka,19:00,2D,original,regular,2026-07-27T11:26:04.490785
2026-07-27,,kraków,Jej piekło,Kraków - Bonarka,19:00,2D,original,regular,2026-07-27T11:26:04.490795
2026-07-27,,kraków,Obsesja,Kraków - Bonarka,19:00,2D,original,regular,2026-07-27T11:26:04.490805
2026-07-27,,kraków,Zaproszenie,Kraków - Bonarka,19:10,2D,original,regular,2026-07-27T11:26:04.490814
2026-07-27,,kraków,Vaiana,Kraków - Bonarka,19:20,2D,original,regular,2026-07-27T11:26:04.490824
2026-07-27,,kraków,Odyseja,Kraków - Bonarka,19:50,2D,original,regular,2026-07-27T11:26:04.490833
2026-07-27,,kraków,Backrooms. Bez wyjścia,Kraków - Bonarka,19:50,2D,original,regular,2026-07-27T11:26:04.490843
2026-07-27,,kraków,Martwe zło: Ogień,Kraków - Bonarka,20:00,2D,original,regular,2026-07-27T11:26:04.490853
2026-07-27,,kraków,Requiem dla snu,Kraków - Bonarka,20:00,2D,original,regular,2026-07-27T11:26:04.490862
2026-07-27,,kraków,Odyseja,Kraków - Bonarka,20:00,2D,original,regular,2026-07-27T11:26:04.490872
2026-07-27,,kraków,Diabeł ubiera się u Prady 2,Kraków - Bonarka,20:30,2D,original,regular,2026-07-27T11:26:04.490882
2026-07-27,,kraków,Odyseja,Kraków - Bonarka,20:30,2D,original,regular,2026-07-27T11:26:04.490891
2026-07-27,,kraków,Odyseja ukraiński dubbing,Kraków - Bonarka,20:40,2D,dubbing,regular,2026-07-27T11:26:04.490901
2026-07-27,,kraków,O czym sobie nie mówimy,Kraków - Bonarka,20:50,2D,original,regular,2026-07-27T11:26:04.490910
2026-07-27,,kraków,Odyseja,Kraków - Bonarka,21:00,2D,original,regular,2026-07-27T11:26:04.490919
2026-07-27,,kraków,Backrooms. Bez wyjścia,Kraków - Bonarka,21:10,2D,original,regular,2026-07-27T11:26:04.490929
2026-07-27,,kraków,Odyseja,Kraków - Bonarka,21:10,2D,original,regular,2026-07-27T11:26:04.490938
2026-07-27,,kraków,Jej piekło,Kraków - Bonarka,21:30,2D,original,regular,2026-07-27T11:26:04.490948
2026-07-27,,kraków,Obsesja,Kraków - Bonarka,21:30,2D,original,regular,2026-07-27T11:26:04.490957
2026-07-27,,kraków,Odyseja,Kraków - Bonarka,21:40,4DX,original,regular,2026-07-27T11:26:04.490965
2026-07-27,,kraków,Zaproszenie,Kraków - Bonarka,21:40,2D,original,regular,2026-07-27T11:26:04.490974
2026-07-27,,kraków,Dzień objawienia,Kraków - Bonarka,21:50,2D,original,regular,2026-07-27T11:26:04.490984
2026-07-27,,kraków,Jej piekło,Kraków - Bonarka,22:00,2D,original,regular,2026-07-27T11:26:04.490995
2026-07-27,,kraków,Ghost in the Shell,Kraków - Bonarka,22:00,2D,original,regular,2026-07-27T11:26:04.491005
2026-07-27,,kraków,Requiem dla snu,Kraków - Bonarka,22:20,2D,original,regular,2026-07-27T11:26:04.491013
2026-07-27,,kraków,Backrooms. Bez wyjścia,Kraków - Bonarka,22:20,2D,original,regular,2026-07-27T11:26:04.491023
2026-07-27,,kraków,Martwe zło: Ogień,Kraków - Bonarka,22:30,2D,original,regular,2026-07-27T11:26:04.491032
2026-07-27,,kraków,Obsesja,Kraków - Bonarka,22:30,2D,original,regular,2026-07-27T11:26:04.491041
2026-07-27,,kraków,Ekipa zwierzaków,Kraków - Galeria Kazimierz,13:20,2D,,regular,2026-07-27T11:26:06.351536
2026-07-27,,kraków,Vaiana,Kraków - Galeria Kazimierz,13:40,2D,original,regular,2026-07-27T11:26:06.351559
2026-07-27,,kraków,Martwe zło: Ogień,Kraków - Galeria Kazimierz,13:40,2D,original,regular,2026-07-27T11:26:06.351572
2026-07-27,,kraków,Minionki i straszydła,Kraków - Galeria Kazimierz,13:50,2D,,regular,2026-07-27T11:26:06.351582
2026-07-27,,kraków,Toy Story 5,Kraków - Galeria Kazimierz,14:00,2D,original,regular,2026-07-27T11:26:06.351594
2026-07-27,,kraków,Odyseja,Kraków - Galeria Kazimierz,14:15,2D,original,regular,2026-07-27T11:26:06.351604
2026-07-27,,kraków,Zakładnicy w szkole,Kraków - Galeria Kazimierz,14:20,2D,original,regular,2026-07-27T11:26:06.351615
2026-07-27,,kraków,Zaproszenie,Kraków - Galeria Kazimierz,15:20,2D,original,regular,2026-07-27T11:26:06.351624
2026-07-27,,kraków,Ekipa zwierzaków,Kraków - Galeria Kazimierz,15:30,2D,,regular,2026-07-27T11:26:06.351634
2026-07-27,,kraków,Odyseja,Kraków - Galeria Kazimierz,15:50,2D,original,regular,2026-07-27T11:26:06.351643
2026-07-27,,kraków,Vaiana,Kraków - Galeria Kazimierz,15:50,2D,original,regular,2026-07-27T11:26:06.351654
2026-07-27,,kraków,Minionki i straszydła,Kraków - Galeria Kazimierz,16:10,2D,,regular,2026-07-27T11:26:06.351663
2026-07-27,,kraków,Backrooms. Bez wyjścia,Kraków - Galeria Kazimierz,16:15,2D,original,regular,2026-07-27T11:26:06.351672
2026-07-27,,kraków,Toy Story 5,Kraków - Galeria Kazimierz,16:20,2D,original,regular,2026-07-27T11:26:06.351682
2026-07-27,,kraków,Odyseja ukraiński dubbing,Kraków - Galeria Kazimierz,16:30,2D,dubbing,regular,2026-07-27T11:26:06.351692
2026-07-27,,kraków,Zakładnicy w szkole,Kraków - Galeria Kazimierz,17:00,2D,original,regular,2026-07-27T11:26:06.351702
2026-07-27,,kraków,Ekipa zwierzaków,Kraków - Galeria Kazimierz,17:40,2D,,regular,2026-07-27T11:26:06.351711
2026-07-27,,kraków,Zaproszenie,Kraków - Galeria Kazimierz,17:50,2D,original,regular,2026-07-27T11:26:06.351719
2026-07-27,,kraków,Odyseja,Kraków - Galeria Kazimierz,18:00,2D,original,regular,2026-07-27T11:26:06.351728
2026-07-27,,kraków,Ghost in the Shell,Kraków - Galeria Kazimierz,18:30,2D,original,regular,2026-07-27T11:26:06.351738
2026-07-27,,kraków,Odyseja,Kraków - Galeria Kazimierz,18:30,2D,original,regular,2026-07-27T11:26:06.351748
2026-07-27,,kraków,Toy Story 5,Kraków - Galeria Kazimierz,18:40,2D,original,regular,2026-07-27T11:26:06.351757
2026-07-27,,kraków,Obsesja,Kraków - Galeria Kazimierz,18:50,2D,original,regular,2026-07-27T11:26:06.351766
2026-07-27,,kraków,Odyseja,Kraków - Galeria Kazimierz,19:30,2D,original,regular,2026-07-27T11:26:06.351776
2026-07-27,,kraków,Requiem dla snu,Kraków - Galeria Kazimierz,19:40,2D,original,regular,2026-07-27T11:26:06.351784
2026-07-27,,kraków,Jej piekło,Kraków - Galeria Kazimierz,19:50,2D,original,regular,2026-07-27T11:26:06.351794
2026-07-27,,kraków,Odyseja ukraiński dubbing,Kraków - Galeria Kazimierz,20:10,2D,dubbing,regular,2026-07-27T11:26:06.351803
2026-07-27,,kraków,Zaproszenie,Kraków - Galeria Kazimierz,20:20,2D,original,regular,2026-07-27T11:26:06.351811
2026-07-27,,kraków,Ghost in the Shell,Kraków - Galeria Kazimierz,20:40,2D,original,regular,2026-07-27T11:26:06.351821
2026-07-27,,kraków,Obsesja,Kraków - Galeria Kazimierz,21:00,2D,original,regular,2026-07-27T11:26:06.351830
2026-07-27,,kraków,Martwe zło: Ogień,Kraków - Galeria Kazimierz,21:20,2D,original,regular,2026-07-27T11:26:06.351839
2026-07-27,,kraków,Odyseja,Kraków - Galeria Kazimierz,21:40,2D,original,regular,2026-07-27T11:26:06.351849
2026-07-27,,kraków,Requiem dla snu,Kraków - Galeria Kazimierz,22:00,2D,original,regular,2026-07-27T11:26:06.351858
2026-07-27,,kraków,Backrooms. Bez wyjścia,Kraków - Galeria Kazimierz,22:00,2D,original,regular,2026-07-27T11:26:06.351868
2026-07-27,,kraków,Jej piekło,Kraków - Galeria Kazimierz,22:20,2D,original,regular,2026-07-27T11:26:06.351877
2026-07-27,,kraków,Toy Story 5,Kraków - Zakopianka,13:20,2D,original,regular,2026-07-27T11:26:07.368268
2026-07-27,,kraków,Odyseja,Kraków - Zakopianka,13:45,2D,original,regular,2026-07-27T11:26:07.368302
2026-07-27,,kraków,Vaiana,Kraków - Zakopianka,13:50,2D,original,regular,2026-07-27T11:26:07.368314
2026-07-27,,kraków,Minionki i straszydła,Kraków - Zakopianka,14:00,2D,,regular,2026-07-27T11:26:07.368326
2026-07-27,,kraków,Odyseja,Kraków - Zakopianka,14:15,IMAX,original,regular,2026-07-27T11:26:07.368333
2026-07-27,,kraków,Minionki i straszydła,Kraków - Zakopianka,14:40,2D,,regular,2026-07-27T11:26:07.368343
2026-07-27,,kraków,Ekipa zwierzaków,Kraków - Zakopianka,14:50,2D,,regular,2026-07-27T11:26:07.368353
2026-07-27,,kraków,Supergirl,Kraków - Zakopianka,15:00,2D,original,regular,2026-07-27T11:26:07.368363
2026-07-27,,kraków,Odyseja,Kraków - Zakopianka,15:15,2D,original,regular,2026-07-27T11:26:07.368372
2026-07-27,,kraków,Vaiana,Kraków - Zakopianka,15:20,2D,original,regular,2026-07-27T11:26:07.368382
2026-07-27,,kraków,Toy Story 5,Kraków - Zakopianka,15:50,2D,original,regular,2026-07-27T11:26:07.368392
2026-07-27,,kraków,Minionki i straszydła,Kraków - Zakopianka,16:15,2D,,regular,2026-07-27T11:26:07.368400
2026-07-27,,kraków,Vaiana,Kraków - Zakopianka,16:30,2D,original,regular,2026-07-27T11:26:07.368409
2026-07-27,,kraków,Martwe zło: Ogień,Kraków - Zakopianka,16:50,2D,original,regular,2026-07-27T11:26:07.368418
2026-07-27,,kraków,Ekipa zwierzaków,Kraków - Zakopianka,17:00,2D,,regular,2026-07-27T11:26:07.368427
2026-07-27,,kraków,Zakładnicy w szkole,Kraków - Zakopianka,17:30,2D,original,regular,2026-07-27T11:26:07.368437
2026-07-27,,kraków,Odyseja,Kraków - Zakopianka,17:30,2D,original,regular,2026-07-27T11:26:07.368447
2026-07-27,,kraków,Odyseja,Kraków - Zakopianka,18:00,IMAX,original,regular,2026-07-27T11:26:07.368453
2026-07-27,,kraków,Vaiana,Kraków - Zakopianka,18:00,2D,original,regular,2026-07-27T11:26:07.368464
2026-07-27,,kraków,Zaproszenie,Kraków - Zakopianka,18:20,2D,original,regular,2026-07-27T11:26:07.368472
2026-07-27,,kraków,Minionki i straszydła,Kraków - Zakopianka,18:30,2D,,regular,2026-07-27T11:26:07.368481
2026-07-27,,kraków,Odyseja,Kraków - Zakopianka,19:00,2D,original,regular,2026-07-27T11:26:07.368490
2026-07-27,,kraków,Obsesja,Kraków - Zakopianka,19:10,2D,original,regular,2026-07-27T11:26:07.368499
2026-07-27,,kraków,Dzień objawienia,Kraków - Zakopianka,19:10,2D,original,regular,2026-07-27T11:26:07.368509
2026-07-27,,kraków,Backrooms. Bez wyjścia,Kraków - Zakopianka,19:20,2D,original,regular,2026-07-27T11:26:07.368518
2026-07-27,,kraków,Requiem dla snu,Kraków - Zakopianka,20:10,2D,original,regular,2026-07-27T11:26:07.368527
2026-07-27,,kraków,Minionki i straszydła,Kraków - Zakopianka,20:40,2D,,regular,2026-07-27T11:26:07.368536
2026-07-27,,kraków,Odyseja,Kraków - Zakopianka,20:40,2D,original,regular,2026-07-27T11:26:07.368545
2026-07-27,,kraków,Zaproszenie,Kraków - Zakopianka,20:50,2D,original,regular,2026-07-27T11:26:07.368554
2026-07-27,,kraków,Odyseja,Kraków - Zakopianka,21:15,2D,original,regular,2026-07-27T11:26:07.368563
2026-07-27,,kraków,Obsesja,Kraków - Zakopianka,21:40,2D,original,regular,2026-07-27T11:26:07.368571
2026-07-27,,kraków,Odyseja,Kraków - Zakopianka,21:45,IMAX,original,regular,2026-07-27T11:26:07.368577
2026-07-27,,kraków,Backrooms. Bez wyjścia,Kraków - Zakopianka,21:50,2D,original,regular,2026-07-27T11:26:07.368586
2026-07-27,,kraków,Straszny film,Kraków - Zakopianka,22:20,2D,original,regular,2026-07-27T11:26:07.368596
2026-07-27,,kraków,Martwe zło: Ogień,Kraków - Zakopianka,22:30,2D,original,regular,2026-07-27T11:26:07.368604
2026-07-27,,lublin,Ekipa zwierzaków,Lublin - Felicity,13:20,2D,,regular,2026-07-27T11:26:08.887588
2026-07-27,,lublin,Toy Story 5,Lublin - Felicity,13:30,2D,original,regular,2026-07-27T11:26:08.887617
2026-07-27,,lublin,Odyseja,Lublin - Felicity,13:50,2D,original,regular,2026-07-27T11:26:08.887631
2026-07-27,,lublin,Minionki i straszydła,Lublin - Felicity,14:00,2D,,regular,2026-07-27T11:26:08.887645
2026-07-27,,lublin,Odyseja,Lublin - Felicity,14:20,4DX,original,regular,2026-07-27T11:26:08.887655
2026-07-27,,lublin,Toy Story 5,Lublin - Felicity,14:40,2D,original,regular,2026-07-27T11:26:08.887668
2026-07-27,,lublin,Minionki i straszydła,Lublin - Felicity,15:00,2D,,regular,2026-07-27T11:26:08.887679
2026-07-27,,lublin,Vaiana,Lublin - Felicity,15:10,2D,original,regular,2026-07-27T11:26:08.887692
2026-07-27,,lublin,Odyseja,Lublin - Felicity,15:20,2D,original,regular,2026-07-27T11:26:08.887704
2026-07-27,,lublin,Ekipa zwierzaków,Lublin - Felicity,15:30,2D,,regular,2026-07-27T11:26:08.887716
2026-07-27,,lublin,Toy Story 5,Lublin - Felicity,16:00,2D,original,regular,2026-07-27T11:26:08.887729
2026-07-27,,lublin,Vaiana,Lublin - Felicity,16:10,2D,original,regular,2026-07-27T11:26:08.887740
2026-07-27,,lublin,Zakładnicy w szkole,Lublin - Felicity,17:00,2D,original,regular,2026-07-27T11:26:08.887754
2026-07-27,,lublin,Minionki i straszydła,Lublin - Felicity,17:10,2D,,regular,2026-07-27T11:26:08.887765
2026-07-27,,lublin,Odyseja,Lublin - Felicity,17:30,2D,original,regular,2026-07-27T11:26:08.887776
2026-07-27,,lublin,Ekipa zwierzaków,Lublin - Felicity,17:40,2D,,regular,2026-07-27T11:26:08.887787
2026-07-27,,lublin,Vaiana,Lublin - Felicity,17:50,2D,original,regular,2026-07-27T11:26:08.887798
2026-07-27,,lublin,Odyseja,Lublin - Felicity,18:00,4DX,original,regular,2026-07-27T11:26:08.887807
2026-07-27,,lublin,Toy Story 5,Lublin - Felicity,18:20,2D,original,regular,2026-07-27T11:26:08.887819
2026-07-27,,lublin,Zaproszenie,Lublin - Felicity,18:50,2D,original,regular,2026-07-27T11:26:08.887830
2026-07-27,,lublin,Odyseja,Lublin - Felicity,19:00,2D,original,regular,2026-07-27T11:26:08.887841
2026-07-27,,lublin,Martwe zło: Ogień,Lublin - Felicity,19:20,2D,original,regular,2026-07-27T11:26:08.887852
2026-07-27,,lublin,Requiem dla snu,Lublin - Felicity,19:40,2D,original,regular,2026-07-27T11:26:08.887864
2026-07-27,,lublin,Backrooms. Bez wyjścia,Lublin - Felicity,19:50,2D,original,regular,2026-07-27T11:26:08.887877
2026-07-27,,lublin,Odyseja,Lublin - Felicity,20:30,2D,original,regular,2026-07-27T11:26:08.887888
2026-07-27,,lublin,Obsesja,Lublin - Felicity,20:40,2D,original,regular,2026-07-27T11:26:08.887899
2026-07-27,,lublin,Odyseja,Lublin - Felicity,21:10,2D,original,regular,2026-07-27T11:26:08.887910
2026-07-27,,lublin,Zaproszenie,Lublin - Felicity,21:20,2D,original,regular,2026-07-27T11:26:08.887920
2026-07-27,,lublin,Odyseja,Lublin - Felicity,21:40,4DX,original,regular,2026-07-27T11:26:08.887929
2026-07-27,,lublin,Martwe zło: Ogień,Lublin - Felicity,21:50,2D,original,regular,2026-07-27T11:26:08.887940
2026-07-27,,lublin,Requiem dla snu,Lublin - Felicity,22:00,2D,original,regular,2026-07-27T11:26:08.887950
2026-07-27,,lublin,Backrooms. Bez wyjścia,Lublin - Felicity,22:20,2D,original,regular,2026-07-27T11:26:08.887961
2026-07-27,,lublin,Toy Story 5,Lublin - Plaza,13:30,2D,original,regular,2026-07-27T11:26:10.370818
2026-07-27,,lublin,Vaiana,Lublin - Plaza,13:45,2D,original,regular,2026-07-27T11:26:10.370845
2026-07-27,,lublin,Odyseja,Lublin - Plaza,14:15,2D,original,regular,2026-07-27T11:26:10.370860
2026-07-27,,lublin,Odyseja ukraiński dubbing,Lublin - Plaza,14:30,2D,dubbing,regular,2026-07-27T11:26:10.370874
2026-07-27,,lublin,Ekipa zwierzaków,Lublin - Plaza,14:30,2D,,regular,2026-07-27T11:26:10.370886
2026-07-27,,lublin,O czym sobie nie mówimy,Lublin - Plaza,14:40,2D,original,regular,2026-07-27T11:26:10.370898
2026-07-27,,lublin,Minionki i straszydła,Lublin - Plaza,15:00,2D,,regular,2026-07-27T11:26:10.370911
2026-07-27,,lublin,Odyseja,Lublin - Plaza,15:45,2D,original,regular,2026-07-27T11:26:10.370923
2026-07-27,,lublin,Toy Story 5,Lublin - Plaza,16:00,2D,original,regular,2026-07-27T11:26:10.370936
2026-07-27,,lublin,Vaiana,Lublin - Plaza,16:20,2D,original,regular,2026-07-27T11:26:10.370948
2026-07-27,,lublin,Ekipa zwierzaków,Lublin - Plaza,16:40,2D,,regular,2026-07-27T11:26:10.370956
2026-07-27,,lublin,Zakładnicy w szkole,Lublin - Plaza,17:30,2D,original,regular,2026-07-27T11:26:10.370967
2026-07-27,,lublin,Ghost in the Shell,Lublin - Plaza,18:00,2D,original,regular,2026-07-27T11:26:10.370977
2026-07-27,,lublin,Odyseja,Lublin - Plaza,18:00,2D,original,regular,2026-07-27T11:26:10.370986
2026-07-27,,lublin,Toy Story 5,Lublin - Plaza,18:30,2D,original,regular,2026-07-27T11:26:10.370996
2026-07-27,,lublin,Requiem dla snu,Lublin - Plaza,18:50,2D,original,regular,2026-07-27T11:26:10.371004
2026-07-27,,lublin,Vaiana,Lublin - Plaza,19:00,2D,original,regular,2026-07-27T11:26:10.371013
2026-07-27,,lublin,Minionki i straszydła,Lublin - Plaza,19:20,2D,,regular,2026-07-27T11:26:10.371022
2026-07-27,,lublin,Odyseja,Lublin - Plaza,19:30,2D,original,regular,2026-07-27T11:26:10.371030
2026-07-27,,lublin,Zaproszenie,Lublin - Plaza,20:10,2D,original,regular,2026-07-27T11:26:10.371039
2026-07-27,,lublin,Jej piekło,Lublin - Plaza,20:20,2D,original,regular,2026-07-27T11:26:10.371049
2026-07-27,,lublin,Odyseja,Lublin - Plaza,20:50,2D,original,regular,2026-07-27T11:26:10.371057
2026-07-27,,lublin,Obsesja,Lublin - Plaza,21:10,2D,original,regular,2026-07-27T11:26:10.371067
2026-07-27,,lublin,Backrooms. Bez wyjścia,Lublin - Plaza,21:30,2D,original,regular,2026-07-27T11:26:10.371076
2026-07-27,,lublin,Martwe zło: Ogień,Lublin - Plaza,21:40,2D,original,regular,2026-07-27T11:26:10.371085
2026-07-27,,lublin,Odyseja,Lublin - Plaza,21:45,2D,original,regular,2026-07-27T11:26:10.371093
2026-07-27,,lublin,Zaproszenie,Lublin - Plaza,22:30,2D,original,regular,2026-07-27T11:26:10.371101
2026-07-27,,łódź,Ekipa zwierzaków,Łódź Manufaktura,13:15,2D,,regular,2026-07-27T11:26:11.957374
2026-07-27,,łódź,Martwe zło: Ogień,Łódź Manufaktura,13:20,2D,original,regular,2026-07-27T11:26:11.957399
2026-07-27,,łódź,Minionki i straszydła,Łódź Manufaktura,13:30,2D,,regular,2026-07-27T11:26:11.957411
2026-07-27,,łódź,Zaproszenie,Łódź Manufaktura,13:40,2D,original,regular,2026-07-27T11:26:11.957422
2026-07-27,,łódź,Odyseja,Łódź Manufaktura,13:45,4DX,original,regular,2026-07-27T11:26:11.957431
2026-07-27,,łódź,Vaiana,Łódź Manufaktura,13:50,2D,original,regular,2026-07-27T11:26:11.957442
2026-07-27,,łódź,Odyseja,Łódź Manufaktura,14:00,2D,original,regular,2026-07-27T11:26:11.957452
2026-07-27,,łódź,Minionki i straszydła,Łódź Manufaktura,14:10,2D,,regular,2026-07-27T11:26:11.957463
2026-07-27,,łódź,Backrooms. Bez wyjścia,Łódź Manufaktura,14:10,2D,original,regular,2026-07-27T11:26:11.957473
2026-07-27,,łódź,Odyseja,Łódź Manufaktura,14:15,IMAX,original,regular,2026-07-27T11:26:11.957481
2026-07-27,,łódź,Vaiana,Łódź Manufaktura,14:15,2D,original,regular,2026-07-27T11:26:11.957491
2026-07-27,,łódź,Zakładnicy w szkole,Łódź Manufaktura,14:20,2D,original,regular,2026-07-27T11:26:11.957502
2026-07-27,,łódź,Toy Story 5,Łódź Manufaktura,14:40,2D,original,regular,2026-07-27T11:26:11.957515
2026-07-27,,łódź,Odyseja,Łódź Manufaktura,15:15,2D,original,regular,2026-07-27T11:26:11.957525
2026-07-27,,łódź,Ekipa zwierzaków,Łódź Manufaktura,15:30,2D,,regular,2026-07-27T11:26:11.957535
2026-07-27,,łódź,Minionki i straszydła,Łódź Manufaktura,15:40,2D,,regular,2026-07-27T11:26:11.957545
2026-07-27,,łódź,Martwe zło: Ogień,Łódź Manufaktura,15:50,2D,original,regular,2026-07-27T11:26:11.957555
2026-07-27,,łódź,Vaiana,Łódź Manufaktura,15:50,2D,original,regular,2026-07-27T11:26:11.957565
2026-07-27,,łódź,Zaproszenie,Łódź Manufaktura,16:15,2D,original,regular,2026-07-27T11:26:11.957574
2026-07-27,,łódź,Minionki i straszydła,Łódź Manufaktura,16:20,2D,,regular,2026-07-27T11:26:11.957584
2026-07-27,,łódź,Vaiana,Łódź Manufaktura,16:30,2D,original,regular,2026-07-27T11:26:11.957593
2026-07-27,,łódź,Backrooms. Bez wyjścia,Łódź Manufaktura,16:40,2D,original,regular,2026-07-27T11:26:11.957603
2026-07-27,,łódź,Toy Story 5,Łódź Manufaktura,16:50,2D,original,regular,2026-07-27T11:26:11.957614
2026-07-27,,łódź,Zakładnicy w szkole,Łódź Manufaktura,17:00,2D,original,regular,2026-07-27T11:26:11.957625
2026-07-27,,łódź,Odyseja ukraiński dubbing,Łódź Manufaktura,17:00,2D,dubbing,regular,2026-07-27T11:26:11.957636
2026-07-27,,łódź,Odyseja,Łódź Manufaktura,17:30,4DX,original,regular,2026-07-27T11:26:11.957644
2026-07-27,,łódź,Odyseja,Łódź Manufaktura,17:45,2D,original,regular,2026-07-27T11:26:11.957654
2026-07-27,,łódź,Ekipa zwierzaków,Łódź Manufaktura,17:45,2D,,regular,2026-07-27T11:26:11.957663
2026-07-27,,łódź,Odyseja,Łódź Manufaktura,18:00,IMAX,original,regular,2026-07-27T11:26:11.957670
2026-07-27,,łódź,Ghost in the Shell,Łódź Manufaktura,18:00,2D,original,regular,2026-07-27T11:26:11.957681
2026-07-27,,łódź,Martwe zło: Ogień,Łódź Manufaktura,18:20,2D,original,regular,2026-07-27T11:26:11.957690
2026-07-27,,łódź,Minionki i straszydła,Łódź Manufaktura,18:30,2D,,regular,2026-07-27T11:26:11.957700
2026-07-27,,łódź,Vaiana,Łódź Manufaktura,18:30,2D,original,regular,2026-07-27T11:26:11.957709
2026-07-27,,łódź,Zaproszenie,Łódź Manufaktura,18:50,2D,original,regular,2026-07-27T11:26:11.957718
2026-07-27,,łódź,Odyseja,Łódź Manufaktura,19:00,2D,original,regular,2026-07-27T11:26:11.957728
2026-07-27,,łódź,Dzień objawienia,Łódź Manufaktura,19:10,2D,original,regular,2026-07-27T11:26:11.957739
2026-07-27,,łódź,Backrooms. Bez wyjścia,Łódź Manufaktura,19:20,2D,original,regular,2026-07-27T11:26:11.957749
2026-07-27,,łódź,Zaproszenie,Łódź Manufaktura,19:20,2D,original,regular,2026-07-27T11:26:11.957758
2026-07-27,,łódź,Jej piekło,Łódź Manufaktura,19:45,2D,original,regular,2026-07-27T11:26:11.957769
2026-07-27,,łódź,Odyseja,Łódź Manufaktura,20:00,2D,original,regular,2026-07-27T11:26:11.957779
2026-07-27,,łódź,Minionki i straszydła,Łódź Manufaktura,20:00,2D,,regular,2026-07-27T11:26:11.957788
2026-07-27,,łódź,Requiem dla snu,Łódź Manufaktura,20:40,2D,original,regular,2026-07-27T11:26:11.957798
2026-07-27,,łódź,Odyseja ukraiński dubbing,Łódź Manufaktura,20:40,2D,dubbing,regular,2026-07-27T11:26:11.957807
2026-07-27,,łódź,Martwe zło: Ogień,Łódź Manufaktura,20:50,2D,original,regular,2026-07-27T11:26:11.957816
2026-07-27,,łódź,Obsesja,Łódź Manufaktura,21:10,2D,original,regular,2026-07-27T11:26:11.957826
2026-07-27,,łódź,Odyseja,Łódź Manufaktura,21:15,4DX,original,regular,2026-07-27T11:26:11.957833
2026-07-27,,łódź,Zaproszenie,Łódź Manufaktura,21:20,2D,original,regular,2026-07-27T11:26:11.957842
2026-07-27,,łódź,Odyseja,Łódź Manufaktura,21:30,2D,original,regular,2026-07-27T11:26:11.957853
2026-07-27,,łódź,Odyseja,Łódź Manufaktura,21:45,IMAX,original,regular,2026-07-27T11:26:11.957859
2026-07-27,,łódź,Backrooms. Bez wyjścia,Łódź Manufaktura,21:50,2D,original,regular,2026-07-27T11:26:11.957869
2026-07-27,,łódź,Robin Hood: Koniec legendy,Łódź Manufaktura,21:50,2D,original,regular,2026-07-27T11:26:11.957879
2026-07-27,,łódź,Backrooms. Bez wyjścia,Łódź Manufaktura,22:10,2D,original,regular,2026-07-27T11:26:11.957889
2026-07-27,,łódź,Dzień objawienia,Łódź Manufaktura,22:15,2D,original,regular,2026-07-27T11:26:11.957899
2026-07-27,,łódź,Jej piekło,Łódź Manufaktura,22:15,2D,original,regular,2026-07-27T11:26:11.957909
2026-07-27,,poznań,Ekipa zwierzaków,Poznań - Kinepolis,13:20,2D,,regular,2026-07-27T11:26:13.887789
2026-07-27,,poznań,Vaiana,Poznań - Kinepolis,13:20,2D,original,regular,2026-07-27T11:26:13.887813
2026-07-27,,poznań,Minionki i straszydła,Poznań - Kinepolis,13:40,2D,,regular,2026-07-27T11:26:13.887826
2026-07-27,,poznań,Odyseja,Poznań - Kinepolis,14:15,2D,original,regular,2026-07-27T11:26:13.887837
2026-07-27,,poznań,Super Mario Galaxy Film,Poznań - Kinepolis,14:20,2D,original,regular,2026-07-27T11:26:13.887849
2026-07-27,,poznań,Toy Story 5,Poznań - Kinepolis,15:00,2D,original,regular,2026-07-27T11:26:13.887861
2026-07-27,,poznań,Zakładnicy w szkole,Poznań - Kinepolis,15:20,2D,original,regular,2026-07-27T11:26:13.887873
2026-07-27,,poznań,Ekipa zwierzaków,Poznań - Kinepolis,15:30,2D,,regular,2026-07-27T11:26:13.887883
2026-07-27,,poznań,Zaproszenie,Poznań - Kinepolis,15:40,2D,original,regular,2026-07-27T11:26:13.887892
2026-07-27,,poznań,Odyseja,Poznań - Kinepolis,15:45,2D,original,regular,2026-07-27T11:26:13.887901
2026-07-27,,poznań,Minionki i straszydła,Poznań - Kinepolis,15:45,2D,,regular,2026-07-27T11:26:13.887911
2026-07-27,,poznań,Gwiezdne Wojny: Mandalorian i Grogu,Poznań - Kinepolis,15:50,2D,original,regular,2026-07-27T11:26:13.887922
2026-07-27,,poznań,Toy Story 5,Poznań - Kinepolis,16:00,2D,original,regular,2026-07-27T11:26:13.887933
2026-07-27,,poznań,Vaiana,Poznań - Kinepolis,16:00,2D,original,regular,2026-07-27T11:26:13.887943
2026-07-27,,poznań,Odyseja,Poznań - Kinepolis,16:15,2D,original,regular,2026-07-27T11:26:13.887954
2026-07-27,,poznań,Vaiana,Poznań - Kinepolis,16:20,2D,original,regular,2026-07-27T11:26:13.887963
2026-07-27,,poznań,Dzień objawienia,Poznań - Kinepolis,16:20,2D,original,regular,2026-07-27T11:26:13.887973
2026-07-27,,poznań,Minionki i straszydła,Poznań - Kinepolis,16:30,2D,,regular,2026-07-27T11:26:13.887982
2026-07-27,,poznań,Obsesja,Poznań - Kinepolis,16:40,2D,original,regular,2026-07-27T11:26:13.887993
2026-07-27,,poznań,Toy Story 5,Poznań - Kinepolis,17:00,2D,original,regular,2026-07-27T11:26:13.888004
2026-07-27,,poznań,Michael,Poznań - Kinepolis,17:20,2D,original,regular,2026-07-27T11:26:13.888014
2026-07-27,,poznań,Odyseja,Poznań - Kinepolis,17:30,2D,original,regular,2026-07-27T11:26:13.888023
2026-07-27,,poznań,Ekipa zwierzaków,Poznań - Kinepolis,17:40,2D,,regular,2026-07-27T11:26:13.888032
2026-07-27,,poznań,Odyseja,Poznań - Kinepolis,17:50,2D,original,regular,2026-07-27T11:26:13.888042
2026-07-27,,poznań,Odyseja,Poznań - Kinepolis,17:55,2D,original,regular,2026-07-27T11:26:13.888051
2026-07-27,,poznań,Zakładnicy w szkole,Poznań - Kinepolis,18:00,2D,original,regular,2026-07-27T11:26:13.888062
2026-07-27,,poznań,Backrooms. Bez wyjścia,Poznań - Kinepolis,18:00,2D,original,regular,2026-07-27T11:26:13.888072
2026-07-27,,poznań,Zaproszenie,Poznań - Kinepolis,18:10,2D,original,regular,2026-07-27T11:26:13.888080
2026-07-27,,poznań,Toy Story 5,Poznań - Kinepolis,18:30,2D,original,regular,2026-07-27T11:26:13.888091
2026-07-27,,poznań,Minionki i straszydła,Poznań - Kinepolis,18:40,2D,,regular,2026-07-27T11:26:13.888100
2026-07-27,,poznań,Martwe zło: Ogień,Poznań - Kinepolis,18:40,2D,original,regular,2026-07-27T11:26:13.888110
2026-07-27,,poznań,Martwe zło: Ogień,Poznań - Kinepolis,18:50,2D,original,regular,2026-07-27T11:26:13.888118
2026-07-27,,poznań,O czym sobie nie mówimy,Poznań - Kinepolis,19:00,2D,original,regular,2026-07-27T11:26:13.888128
2026-07-27,,poznań,Obsesja,Poznań - Kinepolis,19:10,2D,original,regular,2026-07-27T11:26:13.888138
2026-07-27,,poznań,Diabeł ubiera się u Prady 2,Poznań - Kinepolis,19:20,2D,original,regular,2026-07-27T11:26:13.888148
2026-07-27,,poznań,Dzień objawienia,Poznań - Kinepolis,19:30,2D,original,regular,2026-07-27T11:26:13.888158
2026-07-27,,poznań,Odyseja,Poznań - Kinepolis,19:30,2D,original,regular,2026-07-27T11:26:13.888184
2026-07-27,,poznań,Jej piekło,Poznań - Kinepolis,19:50,2D,original,regular,2026-07-27T11:26:13.888197
2026-07-27,,poznań,Odyseja,Poznań - Kinepolis,20:00,2D,original,regular,2026-07-27T11:26:13.888207
2026-07-27,,poznań,Odyseja,Poznań - Kinepolis,20:20,2D,original,regular,2026-07-27T11:26:13.888217
2026-07-27,,poznań,Backrooms. Bez wyjścia,Poznań - Kinepolis,20:30,2D,original,regular,2026-07-27T11:26:13.888226
2026-07-27,,poznań,Zaproszenie,Poznań - Kinepolis,20:40,2D,original,regular,2026-07-27T11:26:13.888235
2026-07-27,,poznań,Requiem dla snu,Poznań - Kinepolis,20:40,2D,original,regular,2026-07-27T11:26:13.888245
2026-07-27,,poznań,Obsesja,Poznań - Kinepolis,20:50,2D,original,regular,2026-07-27T11:26:13.888254
2026-07-27,,poznań,Straszny film,Poznań - Kinepolis,21:00,2D,original,regular,2026-07-27T11:26:13.888264
2026-07-27,,poznań,Odyseja,Poznań - Kinepolis,21:00,2D,original,regular,2026-07-27T11:26:13.888274
2026-07-27,,poznań,Martwe zło: Ogień,Poznań - Kinepolis,21:20,2D,original,regular,2026-07-27T11:26:13.888283
2026-07-27,,poznań,Odyseja,Poznań - Kinepolis,21:20,2D,original,regular,2026-07-27T11:26:13.888303
2026-07-27,,poznań,Odyseja,Poznań - Kinepolis,21:35,2D,original,regular,2026-07-27T11:26:13.888313
2026-07-27,,poznań,O czym sobie nie mówimy,Poznań - Kinepolis,21:40,2D,original,regular,2026-07-27T11:26:13.888322
2026-07-27,,poznań,Obsesja,Poznań - Kinepolis,21:40,2D,original,regular,2026-07-27T11:26:13.888332
2026-07-27,,poznań,Diabeł ubiera się u Prady 2,Poznań - Kinepolis,22:00,2D,original,regular,2026-07-27T11:26:13.888342
2026-07-27,,poznań,Jej piekło,Poznań - Kinepolis,22:20,2D,original,regular,2026-07-27T11:26:13.888352
2026-07-27,,poznań,Minionki i straszydła,Poznań - Plaza,13:20,2D,,regular,2026-07-27T11:26:15.710927
2026-07-27,,poznań,Odyseja,Poznań - Plaza,13:45,2D,original,regular,2026-07-27T11:26:15.710951
2026-07-27,,poznań,Vaiana,Poznań - Plaza,14:00,2D,original,regular,2026-07-27T11:26:15.710963
2026-07-27,,poznań,Odyseja,Poznań - Plaza,14:15,IMAX,original,regular,2026-07-27T11:26:15.710971
2026-07-27,,poznań,Toy Story 5,Poznań - Plaza,14:30,2D,original,regular,2026-07-27T11:26:15.710983
2026-07-27,,poznań,Ekipa zwierzaków,Poznań - Plaza,15:00,2D,,regular,2026-07-27T11:26:15.710993
2026-07-27,,poznań,Odyseja,Poznań - Plaza,15:15,2D,original,regular,2026-07-27T11:26:15.711003
2026-07-27,,poznań,Minionki i straszydła,Poznań - Plaza,15:30,2D,,regular,2026-07-27T11:26:15.711012
2026-07-27,,poznań,Vaiana,Poznań - Plaza,15:30,2D,original,regular,2026-07-27T11:26:15.711022
2026-07-27,,poznań,Toy Story 5,Poznań - Plaza,15:40,2D,original,regular,2026-07-27T11:26:15.711032
2026-07-27,,poznań,Odyseja ukraiński dubbing,Poznań - Plaza,16:20,2D,dubbing,regular,2026-07-27T11:26:15.711042
2026-07-27,,poznań,Zaproszenie,Poznań - Plaza,16:40,2D,original,regular,2026-07-27T11:26:15.711051
2026-07-27,,poznań,Zakładnicy w szkole,Poznań - Plaza,17:00,2D,original,regular,2026-07-27T11:26:15.711062
2026-07-27,,poznań,Ekipa zwierzaków,Poznań - Plaza,17:10,2D,,regular,2026-07-27T11:26:15.711071
2026-07-27,,poznań,Odyseja,Poznań - Plaza,17:30,2D,original,regular,2026-07-27T11:26:15.711080
2026-07-27,,poznań,Minionki i straszydła,Poznań - Plaza,17:40,2D,,regular,2026-07-27T11:26:15.711089
2026-07-27,,poznań,Odyseja,Poznań - Plaza,18:00,IMAX,original,regular,2026-07-27T11:26:15.711096
2026-07-27,,poznań,Ghost in the Shell,Poznań - Plaza,18:00,2D,original,regular,2026-07-27T11:26:15.711106
2026-07-27,,poznań,Vaiana,Poznań - Plaza,18:10,2D,original,regular,2026-07-27T11:26:15.711116
2026-07-27,,poznań,Odyseja,Poznań - Plaza,19:00,2D,original,regular,2026-07-27T11:26:15.711126
2026-07-27,,poznań,Zaproszenie,Poznań - Plaza,19:10,2D,original,regular,2026-07-27T11:26:15.711134
2026-07-27,,poznań,Martwe zło: Ogień,Poznań - Plaza,19:20,2D,original,regular,2026-07-27T11:26:15.711144
2026-07-27,,poznań,Requiem dla snu,Poznań - Plaza,19:40,2D,original,regular,2026-07-27T11:26:15.711153
2026-07-27,,poznań,Obsesja,Poznań - Plaza,19:50,2D,original,regular,2026-07-27T11:26:15.711162
2026-07-27,,poznań,Backrooms. Bez wyjścia,Poznań - Plaza,20:00,2D,original,regular,2026-07-27T11:26:15.711200
2026-07-27,,poznań,Ghost in the Shell,Poznań - Plaza,20:15,2D,original,regular,2026-07-27T11:26:15.711213
2026-07-27,,poznań,Odyseja,Poznań - Plaza,20:50,2D,original,regular,2026-07-27T11:26:15.711222
2026-07-27,,poznań,Odyseja,Poznań - Plaza,21:20,2D,original,regular,2026-07-27T11:26:15.711231
2026-07-27,,poznań,Zaproszenie,Poznań - Plaza,21:40,2D,original,regular,2026-07-27T11:26:15.711240
2026-07-27,,poznań,Odyseja,Poznań - Plaza,21:45,IMAX,original,regular,2026-07-27T11:26:15.711249
2026-07-27,,poznań,Martwe zło: Ogień,Poznań - Plaza,21:50,2D,original,regular,2026-07-27T11:26:15.711259
2026-07-27,,poznań,Requiem dla snu,Poznań - Plaza,22:00,2D,original,regular,2026-07-27T11:26:15.711268
2026-07-27,,poznań,Obsesja,Poznań - Plaza,22:20,2D,original,regular,2026-07-27T11:26:15.711276
2026-07-27,,poznań,Ghost in the Shell,Poznań - Plaza,22:20,2D,original,regular,2026-07-27T11:26:15.711286
2026-07-27,,poznań,Backrooms. Bez wyjścia,Poznań - Plaza,22:30,2D,original,regular,2026-07-27T11:26:15.711296
2026-07-27,,ruda-śląska,Toy Story 5,Ruda Śląska,13:20,2D,original,regular,2026-07-27T11:26:17.122706
2026-07-27,,ruda-śląska,Odyseja,Ruda Śląska,13:45,2D,original,regular,2026-07-27T11:26:17.122728
2026-07-27,,ruda-śląska,Minionki i straszydła,Ruda Śląska,14:10,2D,,regular,2026-07-27T11:26:17.122741
2026-07-27,,ruda-śląska,Ekipa zwierzaków,Ruda Śląska,14:40,2D,,regular,2026-07-27T11:26:17.122752
2026-07-27,,ruda-śląska,Minionki i straszydła,Ruda Śląska,15:00,2D,,regular,2026-07-27T11:26:17.122761
2026-07-27,,ruda-śląska,Odyseja,Ruda Śląska,15:15,2D,original,regular,2026-07-27T11:26:17.122771
2026-07-27,,ruda-śląska,Vaiana,Ruda Śląska,15:20,2D,original,regular,2026-07-27T11:26:17.122780
2026-07-27,,ruda-śląska,Martwe zło: Ogień,Ruda Śląska,15:30,2D,original,regular,2026-07-27T11:26:17.122790
2026-07-27,,ruda-śląska,Toy Story 5,Ruda Śląska,15:50,2D,original,regular,2026-07-27T11:26:17.122800
2026-07-27,,ruda-śląska,Minionki i straszydła,Ruda Śląska,16:30,2D,,regular,2026-07-27T11:26:17.122809
2026-07-27,,ruda-śląska,Ekipa zwierzaków,Ruda Śląska,16:50,2D,,regular,2026-07-27T11:26:17.122818
2026-07-27,,ruda-śląska,Zakładnicy w szkole,Ruda Śląska,17:00,2D,original,regular,2026-07-27T11:26:17.122828
2026-07-27,,ruda-śląska,Odyseja,Ruda Śląska,17:30,2D,original,regular,2026-07-27T11:26:17.122837
2026-07-27,,ruda-śląska,Ghost in the Shell,Ruda Śląska,18:00,2D,original,regular,2026-07-27T11:26:17.122848
2026-07-27,,ruda-śląska,Vaiana,Ruda Śląska,18:00,2D,original,regular,2026-07-27T11:26:17.122857
2026-07-27,,ruda-śląska,Toy Story 5,Ruda Śląska,18:20,2D,original,regular,2026-07-27T11:26:17.122867
2026-07-27,,ruda-śląska,Minionki i straszydła,Ruda Śląska,18:40,2D,,regular,2026-07-27T11:26:17.122875
2026-07-27,,ruda-śląska,Odyseja,Ruda Śląska,19:00,2D,original,regular,2026-07-27T11:26:17.122884
2026-07-27,,ruda-śląska,Martwe zło: Ogień,Ruda Śląska,19:00,2D,original,regular,2026-07-27T11:26:17.122893
2026-07-27,,ruda-śląska,Requiem dla snu,Ruda Śląska,20:00,2D,original,regular,2026-07-27T11:26:17.122902
2026-07-27,,ruda-śląska,Odyseja,Ruda Śląska,20:00,2D,original,regular,2026-07-27T11:26:17.122911
2026-07-27,,ruda-śląska,Odyseja,Ruda Śląska,20:40,2D,original,regular,2026-07-27T11:26:17.122920
2026-07-27,,ruda-śląska,Zaproszenie,Ruda Śląska,20:50,2D,original,regular,2026-07-27T11:26:17.122929
2026-07-27,,ruda-śląska,Backrooms. Bez wyjścia,Ruda Śląska,21:00,2D,original,regular,2026-07-27T11:26:17.122938
2026-07-27,,ruda-śląska,Obsesja,Ruda Śląska,21:15,2D,original,regular,2026-07-27T11:26:17.122947
2026-07-27,,ruda-śląska,Martwe zło: Ogień,Ruda Śląska,21:30,2D,original,regular,2026-07-27T11:26:17.122955
2026-07-27,,rybnik,Toy Story 5,Rybnik,13:30,2D,original,regular,2026-07-27T11:26:18.404048
2026-07-27,,rybnik,Odyseja,Rybnik,13:45,2D,original,regular,2026-07-27T11:26:18.404078
2026-07-27,,rybnik,Zaproszenie,Rybnik,14:30,2D,original,regular,2026-07-27T11:26:18.404090
2026-07-27,,rybnik,Minionki i straszydła,Rybnik,14:30,2D,,regular,2026-07-27T11:26:18.404102
2026-07-27,,rybnik,Ekipa zwierzaków,Rybnik,14:50,2D,,regular,2026-07-27T11:26:18.404112
2026-07-27,,rybnik,Odyseja,Rybnik,15:15,2D,original,regular,2026-07-27T11:26:18.404121
2026-07-27,,rybnik,Backrooms. Bez wyjścia,Rybnik,15:30,2D,original,regular,2026-07-27T11:26:18.404131
2026-07-27,,rybnik,Vaiana,Rybnik,15:30,2D,original,regular,2026-07-27T11:26:18.404141
2026-07-27,,rybnik,Toy Story 5,Rybnik,16:00,2D,original,regular,2026-07-27T11:26:18.404152
2026-07-27,,rybnik,Minionki i straszydła,Rybnik,16:40,2D,,regular,2026-07-27T11:26:18.404162
2026-07-27,,rybnik,Zakładnicy w szkole,Rybnik,17:00,2D,original,regular,2026-07-27T11:26:18.404199
2026-07-27,,rybnik,Ekipa zwierzaków,Rybnik,17:00,2D,,regular,2026-07-27T11:26:18.404211
2026-07-27,,rybnik,Odyseja,Rybnik,17:30,2D,original,regular,2026-07-27T11:26:18.404221
2026-07-27,,rybnik,Ghost in the Shell,Rybnik,18:00,2D,original,regular,2026-07-27T11:26:18.404232
2026-07-27,,rybnik,Vaiana,Rybnik,18:10,2D,original,regular,2026-07-27T11:26:18.404242
2026-07-27,,rybnik,Toy Story 5,Rybnik,18:30,2D,original,regular,2026-07-27T11:26:18.404254
2026-07-27,,rybnik,Minionki i straszydła,Rybnik,18:50,2D,,regular,2026-07-27T11:26:18.404263
2026-07-27,,rybnik,Odyseja,Rybnik,19:00,2D,original,regular,2026-07-27T11:26:18.404273
2026-07-27,,rybnik,Obsesja,Rybnik,19:10,2D,original,regular,2026-07-27T11:26:18.404282
2026-07-27,,rybnik,Martwe zło: Ogień,Rybnik,19:40,2D,original,regular,2026-07-27T11:26:18.404291
2026-07-27,,rybnik,Requiem dla snu,Rybnik,20:00,2D,original,regular,2026-07-27T11:26:18.404300
2026-07-27,,rybnik,Zaproszenie,Rybnik,20:50,2D,original,regular,2026-07-27T11:26:18.404309
2026-07-27,,rybnik,Backrooms. Bez wyjścia,Rybnik,21:00,2D,original,regular,2026-07-27T11:26:18.404318
2026-07-27,,rybnik,O czym sobie nie mówimy,Rybnik,21:00,2D,original,regular,2026-07-27T11:26:18.404328
2026-07-27,,rybnik,Odyseja,Rybnik,21:15,2D,original,regular,2026-07-27T11:26:18.404339
2026-07-27,,rybnik,Obsesja,Rybnik,21:40,2D,original,regular,2026-07-27T11:26:18.404348
2026-07-27,,rybnik,Martwe zło: Ogień,Rybnik,22:10,2D,original,regular,2026-07-27T11:26:18.404357
2026-07-27,,rybnik,Supergirl,Rybnik,22:10,2D,original,regular,2026-07-27T11:26:18.404368
2026-07-27,,sosnowiec,Odyseja,Sosnowiec,14:15,2D,original,regular,2026-07-27T11:26:20.137511
2026-07-27,,sosnowiec,Minionki i straszydła,Sosnowiec,14:20,2D,,regular,2026-07-27T11:26:20.137536
2026-07-27,,sosnowiec,Toy Story 5,Sosnowiec,14:40,2D,original,regular,2026-07-27T11:26:20.137549
2026-07-27,,sosnowiec,Ekipa zwierzaków,Sosnowiec,15:00,2D,,regular,2026-07-27T11:26:20.137559
2026-07-27,,sosnowiec,Zaproszenie,Sosnowiec,15:10,2D,original,regular,2026-07-27T11:26:20.137568
2026-07-27,,sosnowiec,Vaiana,Sosnowiec,15:20,2D,original,regular,2026-07-27T11:26:20.137577
2026-07-27,,sosnowiec,Minionki i straszydła,Sosnowiec,16:30,2D,,regular,2026-07-27T11:26:20.137586
2026-07-27,,sosnowiec,Zakładnicy w szkole,Sosnowiec,17:00,2D,original,regular,2026-07-27T11:26:20.137596
2026-07-27,,sosnowiec,Requiem dla snu,Sosnowiec,17:10,2D,original,regular,2026-07-27T11:26:20.137606
2026-07-27,,sosnowiec,Zaproszenie,Sosnowiec,17:45,2D,original,regular,2026-07-27T11:26:20.137615
2026-07-27,,sosnowiec,Ghost in the Shell,Sosnowiec,18:00,2D,original,regular,2026-07-27T11:26:20.137625
2026-07-27,,sosnowiec,Odyseja,Sosnowiec,18:00,2D,original,regular,2026-07-27T11:26:20.137634
2026-07-27,,sosnowiec,Minionki i straszydła,Sosnowiec,18:40,2D,,regular,2026-07-27T11:26:20.137643
2026-07-27,,sosnowiec,Obsesja,Sosnowiec,19:40,2D,original,regular,2026-07-27T11:26:20.137652
2026-07-27,,sosnowiec,Martwe zło: Ogień,Sosnowiec,19:50,2D,original,regular,2026-07-27T11:26:20.137661
2026-07-27,,sosnowiec,Backrooms. Bez wyjścia,Sosnowiec,20:00,2D,original,regular,2026-07-27T11:26:20.137671
2026-07-27,,sosnowiec,Odyseja,Sosnowiec,20:20,2D,original,regular,2026-07-27T11:26:20.137680
2026-07-27,,sosnowiec,Odyseja,Sosnowiec,21:00,2D,original,regular,2026-07-27T11:26:20.137688
2026-07-27,,sosnowiec,Odyseja,Sosnowiec,21:45,2D,original,regular,2026-07-27T11:26:20.137697
2026-07-27,,sosnowiec,Obsesja,Sosnowiec,22:10,2D,original,regular,2026-07-27T11:26:20.137706
2026-07-27,,sosnowiec,Martwe zło: Ogień,Sosnowiec,22:20,2D,original,regular,2026-07-27T11:26:20.137714
2026-07-27,,sosnowiec,Backrooms. Bez wyjścia,Sosnowiec,22:30,2D,original,regular,2026-07-27T11:26:20.137723
2026-07-27,,gdańsk,Toy Story 5,Starogard Gdański,13:30,2D,original,regular,2026-07-27T11:26:22.035718
2026-07-27,,gdańsk,Odyseja,Starogard Gdański,13:50,2D,original,regular,2026-07-27T11:26:22.035745
2026-07-27,,gdańsk,Ekipa zwierzaków,Starogard Gdański,14:50,2D,,regular,2026-07-27T11:26:22.035761
2026-07-27,,gdańsk,Minionki i straszydła,Starogard Gdański,15:10,2D,,regular,2026-07-27T11:26:22.035774
2026-07-27,,gdańsk,Martwe zło: Ogień,Starogard Gdański,15:30,2D,original,regular,2026-07-27T11:26:22.035787
2026-07-27,,gdańsk,Vaiana,Starogard Gdański,15:45,2D,original,regular,2026-07-27T11:26:22.035799
2026-07-27,,gdańsk,Toy Story 5,Starogard Gdański,16:00,2D,original,regular,2026-07-27T11:26:22.035813
2026-07-27,,gdańsk,Zakładnicy w szkole,Starogard Gdański,17:00,2D,original,regular,2026-07-27T11:26:22.035829
2026-07-27,,gdańsk,Minionki i straszydła,Starogard Gdański,17:20,2D,,regular,2026-07-27T11:26:22.035840
2026-07-27,,gdańsk,Odyseja,Starogard Gdański,17:30,2D,original,regular,2026-07-27T11:26:22.035853
2026-07-27,,gdańsk,Ghost in the Shell,Starogard Gdański,18:00,2D,original,regular,2026-07-27T11:26:22.035864
2026-07-27,,gdańsk,Vaiana,Starogard Gdański,18:20,2D,original,regular,2026-07-27T11:26:22.035873
2026-07-27,,gdańsk,Toy Story 5,Starogard Gdański,18:30,2D,original,regular,2026-07-27T11:26:22.035883
2026-07-27,,gdańsk,Minionki i straszydła,Starogard Gdański,19:30,2D,,regular,2026-07-27T11:26:22.035892
2026-07-27,,gdańsk,Odyseja,Starogard Gdański,19:40,2D,original,regular,2026-07-27T11:26:22.035901
2026-07-27,,gdańsk,Requiem dla snu,Starogard Gdański,20:10,2D,original,regular,2026-07-27T11:26:22.035910
2026-07-27,,gdańsk,Obsesja,Starogard Gdański,20:50,2D,original,regular,2026-07-27T11:26:22.035919
2026-07-27,,gdańsk,Backrooms. Bez wyjścia,Starogard Gdański,21:00,2D,original,regular,2026-07-27T11:26:22.035929
2026-07-27,,gdańsk,Odyseja,Starogard Gdański,21:10,2D,original,regular,2026-07-27T11:26:22.035938
2026-07-27,,gdańsk,Martwe zło: Ogień,Starogard Gdański,21:40,2D,original,regular,2026-07-27T11:26:22.035947
2026-07-27,,toruń,O czym sobie nie mówimy,Toruń - Czerwona Droga,13:20,2D,original,regular,2026-07-27T11:26:23.599062
2026-07-27,,toruń,Minionki i straszydła,Toruń - Czerwona Droga,13:20,2D,,regular,2026-07-27T11:26:23.599084
2026-07-27,,toruń,Toy Story 5,Toruń - Czerwona Droga,13:40,2D,original,regular,2026-07-27T11:26:23.599097
2026-07-27,,toruń,Zaproszenie,Toruń - Czerwona Droga,14:00,2D,original,regular,2026-07-27T11:26:23.599108
2026-07-27,,toruń,Odyseja,Toruń - Czerwona Droga,14:15,2D,original,regular,2026-07-27T11:26:23.599118
2026-07-27,,toruń,Vaiana,Toruń - Czerwona Droga,14:20,2D,original,regular,2026-07-27T11:26:23.599128
2026-07-27,,toruń,Minionki i straszydła,Toruń - Czerwona Droga,14:40,2D,,regular,2026-07-27T11:26:23.599137
2026-07-27,,toruń,Ekipa zwierzaków,Toruń - Czerwona Droga,15:05,2D,,regular,2026-07-27T11:26:23.599147
2026-07-27,,toruń,Backrooms. Bez wyjścia,Toruń - Czerwona Droga,15:30,2D,original,regular,2026-07-27T11:26:23.599157
2026-07-27,,toruń,Odyseja,Toruń - Czerwona Droga,15:40,2D,original,regular,2026-07-27T11:26:23.599167
2026-07-27,,toruń,Zakładnicy w szkole,Toruń - Czerwona Droga,15:50,2D,original,regular,2026-07-27T11:26:23.599203
2026-07-27,,toruń,Vaiana,Toruń - Czerwona Droga,15:50,2D,original,regular,2026-07-27T11:26:23.599214
2026-07-27,,toruń,Minionki i straszydła,Toruń - Czerwona Droga,15:50,2D,,regular,2026-07-27T11:26:23.599223
2026-07-27,,toruń,Toy Story 5,Toruń - Czerwona Droga,16:00,2D,original,regular,2026-07-27T11:26:23.599234
2026-07-27,,toruń,Zaproszenie,Toruń - Czerwona Droga,16:30,2D,original,regular,2026-07-27T11:26:23.599243
2026-07-27,,toruń,Odyseja,Toruń - Czerwona Droga,16:40,2D,original,regular,2026-07-27T11:26:23.599252
2026-07-27,,toruń,Minionki i straszydła,Toruń - Czerwona Droga,16:50,2D,,regular,2026-07-27T11:26:23.599261
2026-07-27,,toruń,Vaiana,Toruń - Czerwona Droga,17:00,2D,original,regular,2026-07-27T11:26:23.599272
2026-07-27,,toruń,Ekipa zwierzaków,Toruń - Czerwona Droga,17:20,2D,,regular,2026-07-27T11:26:23.599281
2026-07-27,,toruń,Minionki i straszydła,Toruń - Czerwona Droga,17:50,2D,,regular,2026-07-27T11:26:23.599289
2026-07-27,,toruń,Ghost in the Shell,Toruń - Czerwona Droga,18:00,2D,original,regular,2026-07-27T11:26:23.599300
2026-07-27,,toruń,Odyseja,Toruń - Czerwona Droga,18:00,2D,original,regular,2026-07-27T11:26:23.599310
2026-07-27,,toruń,Toy Story 5,Toruń - Czerwona Droga,18:20,2D,original,regular,2026-07-27T11:26:23.599320
2026-07-27,,toruń,Zakładnicy w szkole,Toruń - Czerwona Droga,18:30,2D,original,regular,2026-07-27T11:26:23.599330
2026-07-27,,toruń,Vaiana,Toruń - Czerwona Droga,18:40,2D,original,regular,2026-07-27T11:26:23.599340
2026-07-27,,toruń,Jej piekło,Toruń - Czerwona Droga,19:00,2D,original,regular,2026-07-27T11:26:23.599350
2026-07-27,,toruń,Minionki i straszydła,Toruń - Czerwona Droga,19:00,2D,,regular,2026-07-27T11:26:23.599358
2026-07-27,,toruń,Odyseja,Toruń - Czerwona Droga,19:20,2D,original,regular,2026-07-27T11:26:23.599368
2026-07-27,,toruń,Requiem dla snu,Toruń - Czerwona Droga,19:30,2D,original,regular,2026-07-27T11:26:23.599376
2026-07-27,,toruń,Obsesja,Toruń - Czerwona Droga,19:40,2D,original,regular,2026-07-27T11:26:23.599385
2026-07-27,,toruń,Minionki i straszydła,Toruń - Czerwona Droga,19:50,2D,,regular,2026-07-27T11:26:23.599394
2026-07-27,,toruń,Martwe zło: Ogień,Toruń - Czerwona Droga,20:00,2D,original,regular,2026-07-27T11:26:23.599404
2026-07-27,,toruń,Odyseja,Toruń - Czerwona Droga,20:15,2D,original,regular,2026-07-27T11:26:23.599413
2026-07-27,,toruń,Ghost in the Shell,Toruń - Czerwona Droga,20:45,2D,original,regular,2026-07-27T11:26:23.599422
2026-07-27,,toruń,Odyseja,Toruń - Czerwona Droga,21:10,2D,original,regular,2026-07-27T11:26:23.599431
2026-07-27,,toruń,Backrooms. Bez wyjścia,Toruń - Czerwona Droga,21:20,2D,original,regular,2026-07-27T11:26:23.599440
2026-07-27,,toruń,Jej piekło,Toruń - Czerwona Droga,21:30,2D,original,regular,2026-07-27T11:26:23.599449
2026-07-27,,toruń,Odyseja,Toruń - Czerwona Droga,21:45,2D,original,regular,2026-07-27T11:26:23.599459
2026-07-27,,toruń,Dzień objawienia,Toruń - Czerwona Droga,21:50,2D,original,regular,2026-07-27T11:26:23.599469
2026-07-27,,toruń,Zaproszenie,Toruń - Czerwona Droga,21:50,2D,original,regular,2026-07-27T11:26:23.599478
2026-07-27,,toruń,Straszny film,Toruń - Czerwona Droga,22:00,2D,original,regular,2026-07-27T11:26:23.599488
2026-07-27,,toruń,Obsesja,Toruń - Czerwona Droga,22:15,2D,original,regular,2026-07-27T11:26:23.599496
2026-07-27,,toruń,Martwe zło: Ogień,Toruń - Czerwona Droga,22:30,2D,original,regular,2026-07-27T11:26:23.599504
2026-07-27,,toruń,Toy Story 5,Toruń - Plaza,13:30,2D,original,regular,2026-07-27T11:26:25.338329
2026-07-27,,toruń,Odyseja,Toruń - Plaza,13:45,2D,original,regular,2026-07-27T11:26:25.338352
2026-07-27,,toruń,Backrooms. Bez wyjścia,Toruń - Plaza,14:10,2D,original,regular,2026-07-27T11:26:25.338365
2026-07-27,,toruń,Minionki i straszydła,Toruń - Plaza,14:20,2D,,regular,2026-07-27T11:26:25.338375
2026-07-27,,toruń,Ekipa zwierzaków,Toruń - Plaza,14:40,2D,,regular,2026-07-27T11:26:25.338385
2026-07-27,,toruń,Minionki i straszydła,Toruń - Plaza,15:10,2D,,regular,2026-07-27T11:26:25.338394
2026-07-27,,toruń,Odyseja,Toruń - Plaza,15:20,2D,original,regular,2026-07-27T11:26:25.338403
2026-07-27,,toruń,Vaiana,Toruń - Plaza,15:20,2D,original,regular,2026-07-27T11:26:25.338413
2026-07-27,,toruń,Toy Story 5,Toruń - Plaza,16:00,2D,original,regular,2026-07-27T11:26:25.338424
2026-07-27,,toruń,Vaiana,Toruń - Plaza,16:30,2D,original,regular,2026-07-27T11:26:25.338433
2026-07-27,,toruń,Ekipa zwierzaków,Toruń - Plaza,16:45,2D,,regular,2026-07-27T11:26:25.338442
2026-07-27,,toruń,Zakładnicy w szkole,Toruń - Plaza,17:00,2D,original,regular,2026-07-27T11:26:25.338453
2026-07-27,,toruń,Minionki i straszydła,Toruń - Plaza,17:15,2D,,regular,2026-07-27T11:26:25.338462
2026-07-27,,toruń,Odyseja,Toruń - Plaza,17:30,2D,original,regular,2026-07-27T11:26:25.338471
2026-07-27,,toruń,Vaiana,Toruń - Plaza,18:00,2D,original,regular,2026-07-27T11:26:25.338480
2026-07-27,,toruń,Toy Story 5,Toruń - Plaza,18:30,2D,original,regular,2026-07-27T11:26:25.338490
2026-07-27,,toruń,Odyseja,Toruń - Plaza,19:00,2D,original,regular,2026-07-27T11:26:25.338499
2026-07-27,,toruń,Backrooms. Bez wyjścia,Toruń - Plaza,19:00,2D,original,regular,2026-07-27T11:26:25.338508
2026-07-27,,toruń,Zaproszenie,Toruń - Plaza,19:10,2D,original,regular,2026-07-27T11:26:25.338517
2026-07-27,,toruń,Minionki i straszydła,Toruń - Plaza,19:20,2D,,regular,2026-07-27T11:26:25.338526
2026-07-27,,toruń,Martwe zło: Ogień,Toruń - Plaza,19:40,2D,original,regular,2026-07-27T11:26:25.338536
2026-07-27,,toruń,Requiem dla snu,Toruń - Plaza,20:40,2D,original,regular,2026-07-27T11:26:25.338545
2026-07-27,,toruń,Obsesja,Toruń - Plaza,21:00,2D,original,regular,2026-07-27T11:26:25.338554
2026-07-27,,toruń,Odyseja,Toruń - Plaza,21:15,2D,original,regular,2026-07-27T11:26:25.338563
2026-07-27,,toruń,Backrooms. Bez wyjścia,Toruń - Plaza,21:30,2D,original,regular,2026-07-27T11:26:25.338572
2026-07-27,,toruń,Straszny film,Toruń - Plaza,21:30,2D,original,regular,2026-07-27T11:26:25.338582
2026-07-27,,toruń,Zaproszenie,Toruń - Plaza,21:40,2D,original,regular,2026-07-27T11:26:25.338591
2026-07-27,,toruń,Martwe zło: Ogień,Toruń - Plaza,22:10,2D,original,regular,2026-07-27T11:26:25.338599
2026-07-27,,wałbrzych,Backrooms. Bez wyjścia,Wałbrzych,13:20,2D,original,regular,2026-07-27T11:26:27.082550
2026-07-27,,wałbrzych,Minionki i straszydła,Wałbrzych,13:30,2D,,regular,2026-07-27T11:26:27.082573
2026-07-27,,wałbrzych,Odyseja,Wałbrzych,13:45,2D,original,regular,2026-07-27T11:26:27.082585
2026-07-27,,wałbrzych,Ekipa zwierzaków,Wałbrzych,15:00,2D,,regular,2026-07-27T11:26:27.082596
2026-07-27,,wałbrzych,Odyseja,Wałbrzych,15:15,2D,original,regular,2026-07-27T11:26:27.082605
2026-07-27,,wałbrzych,Vaiana,Wałbrzych,15:20,2D,original,regular,2026-07-27T11:26:27.082616
2026-07-27,,wałbrzych,Toy Story 5,Wałbrzych,15:30,2D,original,regular,2026-07-27T11:26:27.082628
2026-07-27,,wałbrzych,Minionki i straszydła,Wałbrzych,15:40,2D,,regular,2026-07-27T11:26:27.082637
2026-07-27,,wałbrzych,Backrooms. Bez wyjścia,Wałbrzych,15:50,2D,original,regular,2026-07-27T11:26:27.082646
2026-07-27,,wałbrzych,Zakładnicy w szkole,Wałbrzych,17:00,2D,original,regular,2026-07-27T11:26:27.082657
2026-07-27,,wałbrzych,Odyseja,Wałbrzych,17:30,2D,original,regular,2026-07-27T11:26:27.082666
2026-07-27,,wałbrzych,Zaproszenie,Wałbrzych,17:45,2D,original,regular,2026-07-27T11:26:27.082675
2026-07-27,,wałbrzych,Ghost in the Shell,Wałbrzych,18:00,2D,original,regular,2026-07-27T11:26:27.082686
2026-07-27,,wałbrzych,Vaiana,Wałbrzych,18:00,2D,original,regular,2026-07-27T11:26:27.082696
2026-07-27,,wałbrzych,Backrooms. Bez wyjścia,Wałbrzych,18:20,2D,original,regular,2026-07-27T11:26:27.082705
2026-07-27,,wałbrzych,Odyseja,Wałbrzych,19:00,2D,original,regular,2026-07-27T11:26:27.082714
2026-07-27,,wałbrzych,Martwe zło: Ogień,Wałbrzych,19:40,2D,original,regular,2026-07-27T11:26:27.082723
2026-07-27,,wałbrzych,Zaproszenie,Wałbrzych,20:15,2D,original,regular,2026-07-27T11:26:27.082732
2026-07-27,,wałbrzych,Obsesja,Wałbrzych,20:20,2D,original,regular,2026-07-27T11:26:27.082741
2026-07-27,,wałbrzych,Odyseja,Wałbrzych,20:40,2D,original,regular,2026-07-27T11:26:27.082750
2026-07-27,,wałbrzych,Requiem dla snu,Wałbrzych,20:50,2D,original,regular,2026-07-27T11:26:27.082759
2026-07-27,,wałbrzych,Odyseja,Wałbrzych,21:15,2D,original,regular,2026-07-27T11:26:27.082767
2026-07-27,,wałbrzych,Martwe zło: Ogień,Wałbrzych,22:10,2D,original,regular,2026-07-27T11:26:27.082776
2026-07-27,,warszawa,Ekipa zwierzaków,Warszawa -  Arkadia,13:20,2D,,regular,2026-07-27T11:26:28.230248
2026-07-27,,warszawa,Supergirl,Warszawa -  Arkadia,13:30,2D,original,regular,2026-07-27T11:26:28.230279
2026-07-27,,warszawa,Vaiana,Warszawa -  Arkadia,13:40,2D,original,regular,2026-07-27T11:26:28.230297
2026-07-27,,warszawa,Minionki i straszydła,Warszawa -  Arkadia,13:40,2D,,regular,2026-07-27T11:26:28.230312
2026-07-27,,warszawa,Odyseja,Warszawa -  Arkadia,13:50,2D,original,regular,2026-07-27T11:26:28.230328
2026-07-27,,warszawa,Toy Story 5,Warszawa -  Arkadia,14:00,2D,original,regular,2026-07-27T11:26:28.230343
2026-07-27,,warszawa,Vaiana,Warszawa -  Arkadia,14:10,2D,original,regular,2026-07-27T11:26:28.230355
2026-07-27,,warszawa,Zakładnicy w szkole,Warszawa -  Arkadia,14:20,2D,original,regular,2026-07-27T11:26:28.230370
2026-07-27,,warszawa,Odyseja,Warszawa -  Arkadia,14:20,4DX,original,regular,2026-07-27T11:26:28.230380
2026-07-27,,warszawa,Vaiana,Warszawa -  Arkadia,15:00,2D,original,regular,2026-07-27T11:26:28.230392
2026-07-27,,warszawa,Toy Story 5,Warszawa -  Arkadia,15:00,2D,original,regular,2026-07-27T11:26:28.230405
2026-07-27,,warszawa,Minionki i straszydła,Warszawa -  Arkadia,15:10,2D,,regular,2026-07-27T11:26:28.230417
2026-07-27,,warszawa,Odyseja,Warszawa -  Arkadia,15:20,2D,original,regular,2026-07-27T11:26:28.230430
2026-07-27,,warszawa,Ekipa zwierzaków,Warszawa -  Arkadia,15:30,2D,,regular,2026-07-27T11:26:28.230443
2026-07-27,,warszawa,Diabeł ubiera się u Prady 2,Warszawa -  Arkadia,15:40,2D,original,regular,2026-07-27T11:26:28.230457
2026-07-27,,warszawa,Minionki i straszydła,Warszawa -  Arkadia,15:50,2D,,regular,2026-07-27T11:26:28.230469
2026-07-27,,warszawa,Vaiana,Warszawa -  Arkadia,16:20,2D,original,regular,2026-07-27T11:26:28.230482
2026-07-27,,warszawa,Odyseja,Warszawa -  Arkadia,16:20,2D,original,regular,2026-07-27T11:26:28.230495
2026-07-27,,warszawa,Toy Story 5,Warszawa -  Arkadia,16:30,2D,original,regular,2026-07-27T11:26:28.230509
2026-07-27,,warszawa,Odyseja ukraiński dubbing,Warszawa -  Arkadia,16:50,2D,dubbing,regular,2026-07-27T11:26:28.230521
2026-07-27,,warszawa,Zakładnicy w szkole,Warszawa -  Arkadia,17:00,2D,original,regular,2026-07-27T11:26:28.230535
2026-07-27,,warszawa,Minionki i straszydła,Warszawa -  Arkadia,17:20,2D,,regular,2026-07-27T11:26:28.230548
2026-07-27,,warszawa,Odyseja,Warszawa -  Arkadia,17:30,2D,original,regular,2026-07-27T11:26:28.230562
2026-07-27,,warszawa,Vaiana,Warszawa -  Arkadia,17:40,2D,original,regular,2026-07-27T11:26:28.230575
2026-07-27,,warszawa,Ekipa zwierzaków,Warszawa -  Arkadia,17:40,2D,,regular,2026-07-27T11:26:28.230584
2026-07-27,,warszawa,Zakładnicy w szkole - spotkanie z twórcami Warszawa,Warszawa -  Arkadia,18:00,2D,original,regular,2026-07-27T11:26:28.230594
2026-07-27,,warszawa,Odyseja,Warszawa -  Arkadia,18:00,4DX,original,regular,2026-07-27T11:26:28.230603
2026-07-27,,warszawa,Ghost in the Shell,Warszawa -  Arkadia,18:00,2D,original,regular,2026-07-27T11:26:28.230614
2026-07-27,,warszawa,Diabeł ubiera się u Prady 2,Warszawa -  Arkadia,18:20,2D,original,regular,2026-07-27T11:26:28.230623
2026-07-27,,warszawa,Backrooms. Bez wyjścia,Warszawa -  Arkadia,18:50,2D,original,regular,2026-07-27T11:26:28.230632
2026-07-27,,warszawa,Dzień objawienia,Warszawa -  Arkadia,18:50,2D,original,regular,2026-07-27T11:26:28.230642
2026-07-27,,warszawa,Minionki i straszydła,Warszawa -  Arkadia,19:00,2D,,regular,2026-07-27T11:26:28.230651
2026-07-27,,warszawa,Odyseja,Warszawa -  Arkadia,19:00,2D,original,regular,2026-07-27T11:26:28.230661
2026-07-27,,warszawa,Obsesja,Warszawa -  Arkadia,19:30,2D,original,regular,2026-07-27T11:26:28.230670
2026-07-27,,warszawa,Requiem dla snu,Warszawa -  Arkadia,19:40,2D,original,regular,2026-07-27T11:26:28.230679
2026-07-27,,warszawa,Jej piekło,Warszawa -  Arkadia,19:50,2D,original,regular,2026-07-27T11:26:28.230689
2026-07-27,,warszawa,Odyseja,Warszawa -  Arkadia,20:00,2D,original,regular,2026-07-27T11:26:28.230698
2026-07-27,,warszawa,Ghost in the Shell,Warszawa -  Arkadia,20:10,2D,original,regular,2026-07-27T11:26:28.230708
2026-07-27,,warszawa,Straszny film,Warszawa -  Arkadia,20:20,2D,original,regular,2026-07-27T11:26:28.230718
2026-07-27,,warszawa,Odyseja ukraiński dubbing,Warszawa -  Arkadia,20:30,2D,dubbing,regular,2026-07-27T11:26:28.230726
2026-07-27,,warszawa,Projekt Hail Mary,Warszawa -  Arkadia,21:00,2D,original,regular,2026-07-27T11:26:28.230736
2026-07-27,,warszawa,O czym sobie nie mówimy,Warszawa -  Arkadia,21:10,2D,original,regular,2026-07-27T11:26:28.230745
2026-07-27,,warszawa,Odyseja,Warszawa -  Arkadia,21:10,2D,original,regular,2026-07-27T11:26:28.230755
2026-07-27,,warszawa,Zaproszenie,Warszawa -  Arkadia,21:20,2D,original,regular,2026-07-27T11:26:28.230763
2026-07-27,,warszawa,Martwe zło: Ogień,Warszawa -  Arkadia,21:30,2D,original,regular,2026-07-27T11:26:28.230773
2026-07-27,,warszawa,Odyseja,Warszawa -  Arkadia,21:40,4DX,original,regular,2026-07-27T11:26:28.230780
2026-07-27,,warszawa,Dzień objawienia,Warszawa -  Arkadia,21:50,2D,original,regular,2026-07-27T11:26:28.230789
2026-07-27,,warszawa,Requiem dla snu,Warszawa -  Arkadia,22:00,2D,original,regular,2026-07-27T11:26:28.230797
2026-07-27,,warszawa,Obsesja,Warszawa -  Arkadia,22:00,2D,original,regular,2026-07-27T11:26:28.230806
2026-07-27,,warszawa,Ghost in the Shell,Warszawa -  Arkadia,22:15,2D,original,regular,2026-07-27T11:26:28.230816
2026-07-27,,warszawa,Jej piekło,Warszawa -  Arkadia,22:20,2D,original,regular,2026-07-27T11:26:28.230825
2026-07-27,,warszawa,Backrooms. Bez wyjścia,Warszawa -  Arkadia,22:30,2D,original,regular,2026-07-27T11:26:28.230834
2026-07-27,,warszawa,Gwiezdne Wojny: Mandalorian i Grogu,Warszawa - Bemowo,13:20,2D,original,regular,2026-07-27T11:26:29.515280
2026-07-27,,warszawa,Odyseja,Warszawa - Bemowo,13:45,2D,original,regular,2026-07-27T11:26:29.515304
2026-07-27,,warszawa,Minionki i straszydła,Warszawa - Bemowo,13:50,2D,,regular,2026-07-27T11:26:29.515318
2026-07-27,,warszawa,Vaiana,Warszawa - Bemowo,14:00,2D,original,regular,2026-07-27T11:26:29.515329
2026-07-27,,warszawa,Michael,Warszawa - Bemowo,14:10,2D,original,regular,2026-07-27T11:26:29.515339
2026-07-27,,warszawa,Toy Story 5,Warszawa - Bemowo,14:20,2D,original,regular,2026-07-27T11:26:29.515350
2026-07-27,,warszawa,Wędrówka na północ,Warszawa - Bemowo,14:45,2D,original,regular,2026-07-27T11:26:29.515359
2026-07-27,,warszawa,Ekipa zwierzaków,Warszawa - Bemowo,14:50,2D,,regular,2026-07-27T11:26:29.515369
2026-07-27,,warszawa,Zaproszenie,Warszawa - Bemowo,14:50,2D,original,regular,2026-07-27T11:26:29.515377
2026-07-27,,warszawa,Minionki i straszydła,Warszawa - Bemowo,15:00,2D,,regular,2026-07-27T11:26:29.515387
2026-07-27,,warszawa,Odyseja,Warszawa - Bemowo,15:15,2D,original,regular,2026-07-27T11:26:29.515397
2026-07-27,,warszawa,Minionki i straszydła,Warszawa - Bemowo,16:00,2D,,regular,2026-07-27T11:26:29.515405
2026-07-27,,warszawa,Backrooms. Bez wyjścia,Warszawa - Bemowo,16:10,2D,original,regular,2026-07-27T11:26:29.515415
2026-07-27,,warszawa,Vaiana,Warszawa - Bemowo,16:40,2D,original,regular,2026-07-27T11:26:29.515424
2026-07-27,,warszawa,Toy Story 5,Warszawa - Bemowo,16:50,2D,original,regular,2026-07-27T11:26:29.515434
2026-07-27,,warszawa,Zakładnicy w szkole,Warszawa - Bemowo,17:00,2D,original,regular,2026-07-27T11:26:29.515444
2026-07-27,,warszawa,Martwe zło: Ogień,Warszawa - Bemowo,17:00,2D,original,regular,2026-07-27T11:26:29.515454
2026-07-27,,warszawa,Minionki i straszydła,Warszawa - Bemowo,17:10,2D,,regular,2026-07-27T11:26:29.515462
2026-07-27,,warszawa,Zaproszenie,Warszawa - Bemowo,17:20,2D,original,regular,2026-07-27T11:26:29.515470
2026-07-27,,warszawa,Odyseja,Warszawa - Bemowo,17:30,2D,original,regular,2026-07-27T11:26:29.515480
2026-07-27,,warszawa,O czym sobie nie mówimy,Warszawa - Bemowo,17:40,2D,original,regular,2026-07-27T11:26:29.515489
2026-07-27,,warszawa,Ekipa zwierzaków,Warszawa - Bemowo,18:10,2D,,regular,2026-07-27T11:26:29.515497
2026-07-27,,warszawa,Backrooms. Bez wyjścia,Warszawa - Bemowo,18:40,2D,original,regular,2026-07-27T11:26:29.515506
2026-07-27,,warszawa,Odyseja,Warszawa - Bemowo,19:00,2D,original,regular,2026-07-27T11:26:29.515515
2026-07-27,,warszawa,Toy Story 5,Warszawa - Bemowo,19:20,2D,original,regular,2026-07-27T11:26:29.515525
2026-07-27,,warszawa,Dzień objawienia,Warszawa - Bemowo,19:20,2D,original,regular,2026-07-27T11:26:29.515535
2026-07-27,,warszawa,Martwe zło: Ogień,Warszawa - Bemowo,19:30,2D,original,regular,2026-07-27T11:26:29.515544
2026-07-27,,warszawa,Minionki i straszydła,Warszawa - Bemowo,19:30,2D,,regular,2026-07-27T11:26:29.515552
2026-07-27,,warszawa,Requiem dla snu,Warszawa - Bemowo,19:50,2D,original,regular,2026-07-27T11:26:29.515561
2026-07-27,,warszawa,Zaproszenie,Warszawa - Bemowo,19:50,2D,original,regular,2026-07-27T11:26:29.515569
2026-07-27,,warszawa,Obsesja,Warszawa - Bemowo,20:15,2D,original,regular,2026-07-27T11:26:29.515577
2026-07-27,,warszawa,Odyseja,Warszawa - Bemowo,20:30,2D,original,regular,2026-07-27T11:26:29.515586
2026-07-27,,warszawa,Backrooms. Bez wyjścia,Warszawa - Bemowo,21:10,2D,original,regular,2026-07-27T11:26:29.515595
2026-07-27,,warszawa,Odyseja,Warszawa - Bemowo,21:15,2D,original,regular,2026-07-27T11:26:29.515604
2026-07-27,,warszawa,Straszny film,Warszawa - Bemowo,21:40,2D,original,regular,2026-07-27T11:26:29.515615
2026-07-27,,warszawa,Odyseja,Warszawa - Bemowo,21:45,2D,original,regular,2026-07-27T11:26:29.515624
2026-07-27,,warszawa,Martwe zło: Ogień,Warszawa - Bemowo,22:00,2D,original,regular,2026-07-27T11:26:29.515632
2026-07-27,,warszawa,Requiem dla snu,Warszawa - Bemowo,22:10,2D,original,regular,2026-07-27T11:26:29.515640
2026-07-27,,warszawa,Ekipa zwierzaków,Warszawa - Białołęka Galeria Północna,13:15,2D,,regular,2026-07-27T11:26:30.990227
2026-07-27,,warszawa,Minionki i straszydła,Warszawa - Białołęka Galeria Północna,13:30,2D,,regular,2026-07-27T11:26:30.990251
2026-07-27,,warszawa,Toy Story 5,Warszawa - Białołęka Galeria Północna,13:40,2D,original,regular,2026-07-27T11:26:30.990264
2026-07-27,,warszawa,Odyseja,Warszawa - Białołęka Galeria Północna,13:50,2D,original,regular,2026-07-27T11:26:30.990275
2026-07-27,,warszawa,Vaiana,Warszawa - Białołęka Galeria Północna,14:20,2D,original,regular,2026-07-27T11:26:30.990286
2026-07-27,,warszawa,Minionki i straszydła,Warszawa - Białołęka Galeria Północna,14:30,2D,,regular,2026-07-27T11:26:30.990296
2026-07-27,,warszawa,Toy Story 5,Warszawa - Białołęka Galeria Północna,14:40,2D,original,regular,2026-07-27T11:26:30.990306
2026-07-27,,warszawa,O czym sobie nie mówimy,Warszawa - Białołęka Galeria Północna,15:20,2D,original,regular,2026-07-27T11:26:30.990317
2026-07-27,,warszawa,Ekipa zwierzaków,Warszawa - Białołęka Galeria Północna,15:30,2D,,regular,2026-07-27T11:26:30.990326
2026-07-27,,warszawa,Vaiana,Warszawa - Białołęka Galeria Północna,15:40,2D,original,regular,2026-07-27T11:26:30.990336
2026-07-27,,warszawa,Zaproszenie,Warszawa - Białołęka Galeria Północna,15:40,2D,original,regular,2026-07-27T11:26:30.990345
2026-07-27,,warszawa,Odyseja,Warszawa - Białołęka Galeria Północna,15:50,2D,original,regular,2026-07-27T11:26:30.990355
2026-07-27,,warszawa,Toy Story 5,Warszawa - Białołęka Galeria Północna,16:00,2D,original,regular,2026-07-27T11:26:30.990366
2026-07-27,,warszawa,Minionki i straszydła,Warszawa - Białołęka Galeria Północna,16:40,2D,,regular,2026-07-27T11:26:30.990374
2026-07-27,,warszawa,Odyseja,Warszawa - Białołęka Galeria Północna,16:50,2D,original,regular,2026-07-27T11:26:30.990384
2026-07-27,,warszawa,Zakładnicy w szkole,Warszawa - Białołęka Galeria Północna,17:00,2D,original,regular,2026-07-27T11:26:30.990395
2026-07-27,,warszawa,Odyseja ukraiński dubbing,Warszawa - Białołęka Galeria Północna,17:10,2D,dubbing,regular,2026-07-27T11:26:30.990405
2026-07-27,,warszawa,Odyseja,Warszawa - Białołęka Galeria Północna,17:30,2D,original,regular,2026-07-27T11:26:30.990415
2026-07-27,,warszawa,Ekipa zwierzaków,Warszawa - Białołęka Galeria Północna,17:40,2D,,regular,2026-07-27T11:26:30.990424
2026-07-27,,warszawa,Obsesja,Warszawa - Białołęka Galeria Północna,18:00,2D,original,regular,2026-07-27T11:26:30.990434
2026-07-27,,warszawa,Zaproszenie,Warszawa - Białołęka Galeria Północna,18:10,2D,original,regular,2026-07-27T11:26:30.990443
2026-07-27,,warszawa,Ghost in the Shell,Warszawa - Białołęka Galeria Północna,18:30,2D,original,regular,2026-07-27T11:26:30.990454
2026-07-27,,warszawa,Odyseja,Warszawa - Białołęka Galeria Północna,18:30,2D,original,regular,2026-07-27T11:26:30.990463
2026-07-27,,warszawa,Martwe zło: Ogień,Warszawa - Białołęka Galeria Północna,19:00,2D,original,regular,2026-07-27T11:26:30.990473
2026-07-27,,warszawa,Odyseja,Warszawa - Białołęka Galeria Północna,19:30,2D,original,regular,2026-07-27T11:26:30.990483
2026-07-27,,warszawa,Requiem dla snu,Warszawa - Białołęka Galeria Północna,19:40,2D,original,regular,2026-07-27T11:26:30.990492
2026-07-27,,warszawa,Backrooms. Bez wyjścia,Warszawa - Białołęka Galeria Północna,19:50,2D,original,regular,2026-07-27T11:26:30.990502
2026-07-27,,warszawa,Odyseja,Warszawa - Białołęka Galeria Północna,20:30,2D,original,regular,2026-07-27T11:26:30.990511
2026-07-27,,warszawa,Obsesja,Warszawa - Białołęka Galeria Północna,20:30,2D,original,regular,2026-07-27T11:26:30.990520
2026-07-27,,warszawa,Ghost in the Shell,Warszawa - Białołęka Galeria Północna,20:40,2D,original,regular,2026-07-27T11:26:30.990530
2026-07-27,,warszawa,Zaproszenie,Warszawa - Białołęka Galeria Północna,20:40,2D,original,regular,2026-07-27T11:26:30.990539
2026-07-27,,warszawa,Odyseja ukraiński dubbing,Warszawa - Białołęka Galeria Północna,20:50,2D,dubbing,regular,2026-07-27T11:26:30.990548
2026-07-27,,warszawa,Odyseja,Warszawa - Białołęka Galeria Północna,21:10,2D,original,regular,2026-07-27T11:26:30.990558
2026-07-27,,warszawa,Martwe zło: Ogień,Warszawa - Białołęka Galeria Północna,21:30,2D,original,regular,2026-07-27T11:26:30.990567
2026-07-27,,warszawa,Requiem dla snu,Warszawa - Białołęka Galeria Północna,22:00,2D,original,regular,2026-07-27T11:26:30.990576
2026-07-27,,warszawa,Michael,Warszawa - Białołęka Galeria Północna,22:00,2D,original,regular,2026-07-27T11:26:30.990586
2026-07-27,,warszawa,Backrooms. Bez wyjścia,Warszawa - Białołęka Galeria Północna,22:20,2D,original,regular,2026-07-27T11:26:30.990595
2026-07-27,,warszawa,Minionki i straszydła,Warszawa - Janki,13:20,2D,,regular,2026-07-27T11:26:32.756138
2026-07-27,,warszawa,Toy Story 5,Warszawa - Janki,13:30,2D,original,regular,2026-07-27T11:26:32.756163
2026-07-27,,warszawa,Odyseja,Warszawa - Janki,13:45,2D,original,regular,2026-07-27T11:26:32.756203
2026-07-27,,warszawa,Vaiana,Warszawa - Janki,14:00,2D,original,regular,2026-07-27T11:26:32.756215
2026-07-27,,warszawa,Tom i Jerry: Przygoda w muzeum,Warszawa - Janki,14:00,2D,,regular,2026-07-27T11:26:32.756225
2026-07-27,,warszawa,Ekipa zwierzaków,Warszawa - Janki,14:50,2D,,regular,2026-07-27T11:26:32.756236
2026-07-27,,warszawa,Odyseja,Warszawa - Janki,15:15,2D,original,regular,2026-07-27T11:26:32.756246
2026-07-27,,warszawa,Vaiana,Warszawa - Janki,15:20,2D,original,regular,2026-07-27T11:26:32.756259
2026-07-27,,warszawa,Minionki i straszydła,Warszawa - Janki,15:30,2D,,regular,2026-07-27T11:26:32.756269
2026-07-27,,warszawa,Toy Story 5,Warszawa - Janki,15:40,2D,original,regular,2026-07-27T11:26:32.756280
2026-07-27,,warszawa,Toy Story 5,Warszawa - Janki,15:45,2D,original,regular,2026-07-27T11:26:32.756291
2026-07-27,,warszawa,Zaproszenie,Warszawa - Janki,15:50,2D,original,regular,2026-07-27T11:26:32.756301
2026-07-27,,warszawa,Vaiana,Warszawa - Janki,16:40,2D,original,regular,2026-07-27T11:26:32.756311
2026-07-27,,warszawa,Zakładnicy w szkole,Warszawa - Janki,17:00,2D,original,regular,2026-07-27T11:26:32.756322
2026-07-27,,warszawa,Minionki i straszydła,Warszawa - Janki,17:00,2D,,regular,2026-07-27T11:26:32.756332
2026-07-27,,warszawa,Odyseja,Warszawa - Janki,17:30,2D,original,regular,2026-07-27T11:26:32.756343
2026-07-27,,warszawa,Minionki i straszydła,Warszawa - Janki,17:40,2D,,regular,2026-07-27T11:26:32.756352
2026-07-27,,warszawa,Ekipa zwierzaków,Warszawa - Janki,18:00,2D,,regular,2026-07-27T11:26:32.756361
2026-07-27,,warszawa,Odyseja ukraiński dubbing,Warszawa - Janki,18:00,2D,dubbing,regular,2026-07-27T11:26:32.756371
2026-07-27,,warszawa,Toy Story 5,Warszawa - Janki,18:10,2D,original,regular,2026-07-27T11:26:32.756382
2026-07-27,,warszawa,Zaproszenie,Warszawa - Janki,18:20,2D,original,regular,2026-07-27T11:26:32.756391
2026-07-27,,warszawa,Odyseja,Warszawa - Janki,19:00,2D,original,regular,2026-07-27T11:26:32.756401
2026-07-27,,warszawa,Minionki i straszydła,Warszawa - Janki,19:10,2D,,regular,2026-07-27T11:26:32.756410
2026-07-27,,warszawa,Backrooms. Bez wyjścia,Warszawa - Janki,19:20,2D,original,regular,2026-07-27T11:26:32.756420
2026-07-27,,warszawa,Obsesja,Warszawa - Janki,19:40,2D,original,regular,2026-07-27T11:26:32.756430
2026-07-27,,warszawa,Martwe zło: Ogień,Warszawa - Janki,19:45,2D,original,regular,2026-07-27T11:26:32.756439
2026-07-27,,warszawa,Requiem dla snu,Warszawa - Janki,19:50,2D,original,regular,2026-07-27T11:26:32.756449
2026-07-27,,warszawa,Odyseja,Warszawa - Janki,20:30,2D,original,regular,2026-07-27T11:26:32.756459
2026-07-27,,warszawa,Zaproszenie,Warszawa - Janki,20:50,2D,original,regular,2026-07-27T11:26:32.756468
2026-07-27,,warszawa,Odyseja,Warszawa - Janki,21:15,2D,original,regular,2026-07-27T11:26:32.756478
2026-07-27,,warszawa,Straszny film,Warszawa - Janki,21:15,2D,original,regular,2026-07-27T11:26:32.756489
2026-07-27,,warszawa,Odyseja ukraiński dubbing,Warszawa - Janki,21:40,2D,dubbing,regular,2026-07-27T11:26:32.756498
2026-07-27,,warszawa,Backrooms. Bez wyjścia,Warszawa - Janki,21:50,2D,original,regular,2026-07-27T11:26:32.756508
2026-07-27,,warszawa,Dzień objawienia,Warszawa - Janki,22:00,2D,original,regular,2026-07-27T11:26:32.756519
2026-07-27,,warszawa,Requiem dla snu,Warszawa - Janki,22:10,2D,original,regular,2026-07-27T11:26:32.756528
2026-07-27,,warszawa,Martwe zło: Ogień,Warszawa - Janki,22:20,2D,original,regular,2026-07-27T11:26:32.756537
2026-07-27,,warszawa,Ekipa zwierzaków,Warszawa - Mokotów,13:20,2D,,regular,2026-07-27T11:26:34.298388
2026-07-27,,warszawa,Minionki i straszydła,Warszawa - Mokotów,13:30,2D,,regular,2026-07-27T11:26:34.298413
2026-07-27,,warszawa,Zaproszenie,Warszawa - Mokotów,14:00,2D,original,regular,2026-07-27T11:26:34.298426
2026-07-27,,warszawa,Backrooms. Bez wyjścia,Warszawa - Mokotów,14:10,2D,original,regular,2026-07-27T11:26:34.298439
2026-07-27,,warszawa,Odyseja,Warszawa - Mokotów,14:15,2D,original,regular,2026-07-27T11:26:34.298450
2026-07-27,,warszawa,Minionki i straszydła,Warszawa - Mokotów,14:20,2D,,regular,2026-07-27T11:26:34.298461
2026-07-27,,warszawa,Toy Story 5,Warszawa - Mokotów,14:20,2D,original,regular,2026-07-27T11:26:34.298474
2026-07-27,,warszawa,Vaiana,Warszawa - Mokotów,14:30,2D,original,regular,2026-07-27T11:26:34.298485
2026-07-27,,warszawa,Minionki i straszydła,Warszawa - Mokotów,14:50,ScreenX,,regular,2026-07-27T11:26:34.298494
2026-07-27,,warszawa,Toy Story 5,Warszawa - Mokotów,15:00,2D,original,regular,2026-07-27T11:26:34.298507
2026-07-27,,warszawa,Zakładnicy w szkole,Warszawa - Mokotów,15:20,2D,original,regular,2026-07-27T11:26:34.298519
2026-07-27,,warszawa,Wędrówka na północ,Warszawa - Mokotów,15:30,2D,original,regular,2026-07-27T11:26:34.298530
2026-07-27,,warszawa,Ekipa zwierzaków,Warszawa - Mokotów,15:30,2D,,regular,2026-07-27T11:26:34.298540
2026-07-27,,warszawa,Minionki i straszydła,Warszawa - Mokotów,15:40,2D,,regular,2026-07-27T11:26:34.298550
2026-07-27,,warszawa,Odyseja,Warszawa - Mokotów,15:45,2D,original,regular,2026-07-27T11:26:34.298561
2026-07-27,,warszawa,Vaiana,Warszawa - Mokotów,15:50,2D,original,regular,2026-07-27T11:26:34.298572
2026-07-27,,warszawa,Zaproszenie,Warszawa - Mokotów,16:30,2D,original,regular,2026-07-27T11:26:34.298583
2026-07-27,,warszawa,Minionki i straszydła,Warszawa - Mokotów,16:30,2D,,regular,2026-07-27T11:26:34.298593
2026-07-27,,warszawa,Backrooms. Bez wyjścia,Warszawa - Mokotów,16:40,2D,original,regular,2026-07-27T11:26:34.298604
2026-07-27,,warszawa,Toy Story 5,Warszawa - Mokotów,16:40,2D,original,regular,2026-07-27T11:26:34.298616
2026-07-27,,warszawa,Vaiana,Warszawa - Mokotów,17:00,ScreenX,original,regular,2026-07-27T11:26:34.298625
2026-07-27,,warszawa,Zaproszenie,Warszawa - Mokotów,17:10,2D,original,regular,2026-07-27T11:26:34.298635
2026-07-27,,warszawa,Martwe zło: Ogień,Warszawa - Mokotów,17:20,2D,original,regular,2026-07-27T11:26:34.298646
2026-07-27,,warszawa,Odyseja ukraiński dubbing,Warszawa - Mokotów,17:40,2D,dubbing,regular,2026-07-27T11:26:34.298657
2026-07-27,,warszawa,Ekipa zwierzaków,Warszawa - Mokotów,17:40,2D,,regular,2026-07-27T11:26:34.298667
2026-07-27,,warszawa,Zakładnicy w szkole,Warszawa - Mokotów,18:00,2D,original,regular,2026-07-27T11:26:34.298679
2026-07-27,,warszawa,Odyseja,Warszawa - Mokotów,18:00,2D,original,regular,2026-07-27T11:26:34.298690
2026-07-27,,warszawa,Vaiana,Warszawa - Mokotów,18:30,2D,original,regular,2026-07-27T11:26:34.298700
2026-07-27,,warszawa,Ghost in the Shell,Warszawa - Mokotów,18:30,2D,original,regular,2026-07-27T11:26:34.298712
2026-07-27,,warszawa,Minionki i straszydła,Warszawa - Mokotów,18:40,2D,,regular,2026-07-27T11:26:34.298722
2026-07-27,,warszawa,Zaproszenie,Warszawa - Mokotów,19:00,2D,original,regular,2026-07-27T11:26:34.298732
2026-07-27,,warszawa,Toy Story 5,Warszawa - Mokotów,19:00,2D,original,regular,2026-07-27T11:26:34.298744
2026-07-27,,warszawa,Backrooms. Bez wyjścia,Warszawa - Mokotów,19:10,2D,original,regular,2026-07-27T11:26:34.298755
2026-07-27,,warszawa,Odyseja,Warszawa - Mokotów,19:30,2D,original,regular,2026-07-27T11:26:34.298765
2026-07-27,,warszawa,Vaiana,Warszawa - Mokotów,19:30,ScreenX,original,regular,2026-07-27T11:26:34.298774
2026-07-27,,warszawa,Obsesja,Warszawa - Mokotów,19:40,2D,original,regular,2026-07-27T11:26:34.298784
2026-07-27,,warszawa,Jej piekło,Warszawa - Mokotów,19:50,2D,original,regular,2026-07-27T11:26:34.298796
2026-07-27,,warszawa,Odyseja,Warszawa - Mokotów,20:00,2D,original,regular,2026-07-27T11:26:34.298806
2026-07-27,,warszawa,Wędrówka na północ,Warszawa - Mokotów,20:30,2D,original,regular,2026-07-27T11:26:34.298817
2026-07-27,,warszawa,Requiem dla snu,Warszawa - Mokotów,20:40,2D,original,regular,2026-07-27T11:26:34.298827
2026-07-27,,warszawa,Zaproszenie,Warszawa - Mokotów,20:50,2D,original,regular,2026-07-27T11:26:34.298836
2026-07-27,,warszawa,Odyseja,Warszawa - Mokotów,21:00,2D,original,regular,2026-07-27T11:26:34.298846
2026-07-27,,warszawa,Odyseja ukraiński dubbing,Warszawa - Mokotów,21:10,2D,dubbing,regular,2026-07-27T11:26:34.298856
2026-07-27,,warszawa,Zaproszenie,Warszawa - Mokotów,21:30,2D,original,regular,2026-07-27T11:26:34.298866
2026-07-27,,warszawa,Martwe zło: Ogień,Warszawa - Mokotów,21:30,2D,original,regular,2026-07-27T11:26:34.298876
2026-07-27,,warszawa,Backrooms. Bez wyjścia,Warszawa - Mokotów,21:40,2D,original,regular,2026-07-27T11:26:34.298886
2026-07-27,,warszawa,Odyseja,Warszawa - Mokotów,21:45,2D,original,regular,2026-07-27T11:26:34.298896
2026-07-27,,warszawa,Supergirl,Warszawa - Mokotów,22:00,ScreenX,original,regular,2026-07-27T11:26:34.298906
2026-07-27,,warszawa,Obsesja,Warszawa - Mokotów,22:10,2D,original,regular,2026-07-27T11:26:34.298917
2026-07-27,,warszawa,Jej piekło,Warszawa - Mokotów,22:20,2D,original,regular,2026-07-27T11:26:34.298927
2026-07-27,,warszawa,Minionki i straszydła,Warszawa - Promenada,13:20,2D,,regular,2026-07-27T11:26:36.136559
2026-07-27,,warszawa,Vaiana,Warszawa - Promenada,13:40,2D,original,regular,2026-07-27T11:26:36.136586
2026-07-27,,warszawa,Odyseja,Warszawa - Promenada,13:45,2D,original,regular,2026-07-27T11:26:36.136599
2026-07-27,,warszawa,Martwe zło: Ogień,Warszawa - Promenada,14:00,2D,original,regular,2026-07-27T11:26:36.136612
2026-07-27,,warszawa,Toy Story 5,Warszawa - Promenada,14:15,2D,original,regular,2026-07-27T11:26:36.136625
2026-07-27,,warszawa,Zaproszenie,Warszawa - Promenada,14:30,2D,original,regular,2026-07-27T11:26:36.136636
2026-07-27,,warszawa,Minionki i straszydła,Warszawa - Promenada,14:30,2D,,regular,2026-07-27T11:26:36.136647
2026-07-27,,warszawa,Zakładnicy w szkole,Warszawa - Promenada,14:50,2D,original,regular,2026-07-27T11:26:36.136660
2026-07-27,,warszawa,Backrooms. Bez wyjścia,Warszawa - Promenada,15:10,2D,original,regular,2026-07-27T11:26:36.136671
2026-07-27,,warszawa,Ekipa zwierzaków,Warszawa - Promenada,15:10,2D,,regular,2026-07-27T11:26:36.136683
2026-07-27,,warszawa,Odyseja,Warszawa - Promenada,15:15,2D,original,regular,2026-07-27T11:26:36.136694
2026-07-27,,warszawa,Vaiana,Warszawa - Promenada,15:20,2D,original,regular,2026-07-27T11:26:36.136705
2026-07-27,,warszawa,Minionki i straszydła,Warszawa - Promenada,15:30,2D,,regular,2026-07-27T11:26:36.136715
2026-07-27,,warszawa,Toy Story 5,Warszawa - Promenada,15:40,2D,original,regular,2026-07-27T11:26:36.136727
2026-07-27,,warszawa,Vaiana,Warszawa - Promenada,16:20,2D,original,regular,2026-07-27T11:26:36.136737
2026-07-27,,warszawa,Martwe zło: Ogień,Warszawa - Promenada,16:30,2D,original,regular,2026-07-27T11:26:36.136748
2026-07-27,,warszawa,Minionki i straszydła,Warszawa - Promenada,16:40,2D,,regular,2026-07-27T11:26:36.136757
2026-07-27,,warszawa,Toy Story 5,Warszawa - Promenada,16:50,2D,original,regular,2026-07-27T11:26:36.136769
2026-07-27,,warszawa,Zaproszenie,Warszawa - Promenada,17:00,2D,original,regular,2026-07-27T11:26:36.136779
2026-07-27,,warszawa,Ekipa zwierzaków,Warszawa - Promenada,17:20,2D,,regular,2026-07-27T11:26:36.136789
2026-07-27,,warszawa,Zakładnicy w szkole,Warszawa - Promenada,17:30,2D,original,regular,2026-07-27T11:26:36.136800
2026-07-27,,warszawa,Odyseja,Warszawa - Promenada,17:30,2D,original,regular,2026-07-27T11:26:36.136811
2026-07-27,,warszawa,Obsesja,Warszawa - Promenada,17:40,2D,original,regular,2026-07-27T11:26:36.136821
2026-07-27,,warszawa,Minionki i straszydła,Warszawa - Promenada,17:40,2D,,regular,2026-07-27T11:26:36.136831
2026-07-27,,warszawa,Ghost in the Shell,Warszawa - Promenada,18:00,2D,original,regular,2026-07-27T11:26:36.136843
2026-07-27,,warszawa,Toy Story 5,Warszawa - Promenada,18:10,2D,original,regular,2026-07-27T11:26:36.136854
2026-07-27,,warszawa,Minionki i straszydła,Warszawa - Promenada,18:50,2D,,regular,2026-07-27T11:26:36.136864
2026-07-27,,warszawa,Jej piekło,Warszawa - Promenada,19:00,2D,original,regular,2026-07-27T11:26:36.136876
2026-07-27,,warszawa,Odyseja,Warszawa - Promenada,19:00,2D,original,regular,2026-07-27T11:26:36.136886
2026-07-27,,warszawa,Martwe zło: Ogień,Warszawa - Promenada,19:00,2D,original,regular,2026-07-27T11:26:36.136896
2026-07-27,,warszawa,Requiem dla snu,Warszawa - Promenada,19:20,2D,original,regular,2026-07-27T11:26:36.136907
2026-07-27,,warszawa,Dzień objawienia,Warszawa - Promenada,19:30,2D,original,regular,2026-07-27T11:26:36.136918
2026-07-27,,warszawa,Zaproszenie,Warszawa - Promenada,19:40,2D,original,regular,2026-07-27T11:26:36.136928
2026-07-27,,warszawa,Backrooms. Bez wyjścia,Warszawa - Promenada,19:45,2D,original,regular,2026-07-27T11:26:36.136939
2026-07-27,,warszawa,Obsesja,Warszawa - Promenada,20:10,2D,original,regular,2026-07-27T11:26:36.136948
2026-07-27,,warszawa,Vaiana,Warszawa - Promenada,20:15,2D,original,regular,2026-07-27T11:26:36.136959
2026-07-27,,warszawa,O czym sobie nie mówimy,Warszawa - Promenada,20:15,2D,original,regular,2026-07-27T11:26:36.136970
2026-07-27,,warszawa,Odyseja,Warszawa - Promenada,20:30,2D,original,regular,2026-07-27T11:26:36.136980
2026-07-27,,warszawa,Zaproszenie,Warszawa - Promenada,21:00,2D,original,regular,2026-07-27T11:26:36.136990
2026-07-27,,warszawa,Odyseja,Warszawa - Promenada,21:15,2D,original,regular,2026-07-27T11:26:36.137000
2026-07-27,,warszawa,Jej piekło,Warszawa - Promenada,21:30,2D,original,regular,2026-07-27T11:26:36.137011
2026-07-27,,warszawa,Martwe zło: Ogień,Warszawa - Promenada,21:30,2D,original,regular,2026-07-27T11:26:36.137021
2026-07-27,,warszawa,Obsesja,Warszawa - Promenada,21:50,2D,original,regular,2026-07-27T11:26:36.137031
2026-07-27,,warszawa,Zaproszenie,Warszawa - Promenada,22:10,2D,original,regular,2026-07-27T11:26:36.137043
2026-07-27,,warszawa,Backrooms. Bez wyjścia,Warszawa - Promenada,22:15,2D,original,regular,2026-07-27T11:26:36.137055
2026-07-27,,warszawa,Zaproszenie,Warszawa - Sadyba,13:20,2D,original,regular,2026-07-27T11:26:37.606780
2026-07-27,,warszawa,Ekipa zwierzaków,Warszawa - Sadyba,13:40,2D,,regular,2026-07-27T11:26:37.606809
2026-07-27,,warszawa,Odyseja,Warszawa - Sadyba,13:45,2D,original,regular,2026-07-27T11:26:37.606825
2026-07-27,,warszawa,Martwe zło: Ogień,Warszawa - Sadyba,14:00,2D,original,regular,2026-07-27T11:26:37.606839
2026-07-27,,warszawa,Toy Story 5,Warszawa - Sadyba,14:10,2D,original,regular,2026-07-27T11:26:37.606853
2026-07-27,,warszawa,Odyseja,Warszawa - Sadyba,14:15,IMAX,original,regular,2026-07-27T11:26:37.606862
2026-07-27,,warszawa,Backrooms. Bez wyjścia,Warszawa - Sadyba,14:20,2D,original,regular,2026-07-27T11:26:37.606874
2026-07-27,,warszawa,Vaiana,Warszawa - Sadyba,14:30,2D,original,regular,2026-07-27T11:26:37.606887
2026-07-27,,warszawa,Minionki i straszydła,Warszawa - Sadyba,14:50,2D,,regular,2026-07-27T11:26:37.606898
2026-07-27,,warszawa,Odyseja,Warszawa - Sadyba,15:15,2D,original,regular,2026-07-27T11:26:37.606911
2026-07-27,,warszawa,Minionki i straszydła,Warszawa - Sadyba,15:20,2D,,regular,2026-07-27T11:26:37.606922
2026-07-27,,warszawa,Vaiana,Warszawa - Sadyba,15:20,2D,original,regular,2026-07-27T11:26:37.606934
2026-07-27,,warszawa,Toy Story 5,Warszawa - Sadyba,15:30,2D,original,regular,2026-07-27T11:26:37.606946
2026-07-27,,warszawa,Ekipa zwierzaków,Warszawa - Sadyba,15:45,2D,,regular,2026-07-27T11:26:37.606958
2026-07-27,,warszawa,Zaproszenie,Warszawa - Sadyba,15:50,2D,original,regular,2026-07-27T11:26:37.606969
2026-07-27,,warszawa,Martwe zło: Ogień,Warszawa - Sadyba,16:30,2D,original,regular,2026-07-27T11:26:37.606981
2026-07-27,,warszawa,Toy Story 5,Warszawa - Sadyba,16:40,2D,original,regular,2026-07-27T11:26:37.606993
2026-07-27,,warszawa,Backrooms. Bez wyjścia,Warszawa - Sadyba,16:50,2D,original,regular,2026-07-27T11:26:37.607004
2026-07-27,,warszawa,Zakładnicy w szkole,Warszawa - Sadyba,17:00,2D,original,regular,2026-07-27T11:26:37.607018
2026-07-27,,warszawa,Vaiana,Warszawa - Sadyba,17:10,2D,original,regular,2026-07-27T11:26:37.607029
2026-07-27,,warszawa,Odyseja,Warszawa - Sadyba,17:30,2D,original,regular,2026-07-27T11:26:37.607041
2026-07-27,,warszawa,Requiem dla snu,Warszawa - Sadyba,17:40,2D,original,regular,2026-07-27T11:26:37.607052
2026-07-27,,warszawa,Ekipa zwierzaków,Warszawa - Sadyba,17:50,2D,,regular,2026-07-27T11:26:37.607063
2026-07-27,,warszawa,Minionki i straszydła,Warszawa - Sadyba,17:50,2D,,regular,2026-07-27T11:26:37.607074
2026-07-27,,warszawa,Odyseja,Warszawa - Sadyba,18:00,IMAX,original,regular,2026-07-27T11:26:37.607082
2026-07-27,,warszawa,Vaiana,Warszawa - Sadyba,18:00,2D,original,regular,2026-07-27T11:26:37.607093
2026-07-27,,warszawa,Zaproszenie,Warszawa - Sadyba,18:20,2D,original,regular,2026-07-27T11:26:37.607104
2026-07-27,,warszawa,Takie jest życie,Warszawa - Sadyba,19:00,2D,original,regular,2026-07-27T11:26:37.607116
2026-07-27,,warszawa,Martwe zło: Ogień,Warszawa - Sadyba,19:00,2D,original,regular,2026-07-27T11:26:37.607128
2026-07-27,,warszawa,Odyseja,Warszawa - Sadyba,19:00,2D,original,regular,2026-07-27T11:26:37.607140
2026-07-27,,warszawa,Backrooms. Bez wyjścia,Warszawa - Sadyba,19:20,2D,original,regular,2026-07-27T11:26:37.607152
2026-07-27,,warszawa,Odyseja,Warszawa - Sadyba,19:40,2D,original,regular,2026-07-27T11:26:37.607163
2026-07-27,,warszawa,Minionki i straszydła,Warszawa - Sadyba,19:40,2D,,regular,2026-07-27T11:26:37.607193
2026-07-27,,warszawa,Dzień objawienia,Warszawa - Sadyba,20:00,2D,original,regular,2026-07-27T11:26:37.607205
2026-07-27,,warszawa,Obsesja,Warszawa - Sadyba,20:00,2D,original,regular,2026-07-27T11:26:37.607215
2026-07-27,,warszawa,Requiem dla snu,Warszawa - Sadyba,20:10,2D,original,regular,2026-07-27T11:26:37.607224
2026-07-27,,warszawa,Odyseja,Warszawa - Sadyba,20:40,2D,original,regular,2026-07-27T11:26:37.607233
2026-07-27,,warszawa,Zaproszenie,Warszawa - Sadyba,20:50,2D,original,regular,2026-07-27T11:26:37.607242
2026-07-27,,warszawa,Odyseja,Warszawa - Sadyba,21:15,2D,original,regular,2026-07-27T11:26:37.607251
2026-07-27,,warszawa,Martwe zło: Ogień,Warszawa - Sadyba,21:30,2D,original,regular,2026-07-27T11:26:37.607260
2026-07-27,,warszawa,Wędrówka na północ,Warszawa - Sadyba,21:35,2D,original,regular,2026-07-27T11:26:37.607270
2026-07-27,,warszawa,Odyseja,Warszawa - Sadyba,21:45,IMAX,original,regular,2026-07-27T11:26:37.607276
2026-07-27,,warszawa,Backrooms. Bez wyjścia,Warszawa - Sadyba,21:45,2D,original,regular,2026-07-27T11:26:37.607285
2026-07-27,,warszawa,Backrooms. Bez wyjścia,Warszawa - Sadyba,21:50,2D,original,regular,2026-07-27T11:26:37.607295
2026-07-27,,warszawa,Obsesja,Warszawa - Sadyba,22:30,2D,original,regular,2026-07-27T11:26:37.607303
2026-07-27,,wrocław,Zaproszenie,Wrocław - Korona,14:10,2D,original,regular,2026-07-27T11:26:39.508227
2026-07-27,,wrocław,Odyseja,Wrocław - Korona,14:15,2D,original,regular,2026-07-27T11:26:39.508254
2026-07-27,,wrocław,Minionki i straszydła,Wrocław - Korona,14:20,2D,,regular,2026-07-27T11:26:39.508275
2026-07-27,,wrocław,Minionki i straszydła,Wrocław - Korona,14:50,ScreenX,,regular,2026-07-27T11:26:39.508287
2026-07-27,,wrocław,Ekipa zwierzaków,Wrocław - Korona,14:50,2D,,regular,2026-07-27T11:26:39.508300
2026-07-27,,wrocław,Toy Story 5,Wrocław - Korona,15:00,2D,original,regular,2026-07-27T11:26:39.508316
2026-07-27,,wrocław,Minionki i straszydła,Wrocław - Korona,15:10,2D,,regular,2026-07-27T11:26:39.508327
2026-07-27,,wrocław,Vaiana,Wrocław - Korona,15:30,2D,original,regular,2026-07-27T11:26:39.508339
2026-07-27,,wrocław,Odyseja,Wrocław - Korona,15:45,2D,original,regular,2026-07-27T11:26:39.508351
2026-07-27,,wrocław,Minionki i straszydła,Wrocław - Korona,16:30,2D,,regular,2026-07-27T11:26:39.508362
2026-07-27,,wrocław,Ekipa zwierzaków,Wrocław - Korona,16:50,2D,,regular,2026-07-27T11:26:39.508373
2026-07-27,,wrocław,Zakładnicy w szkole,Wrocław - Korona,17:00,2D,original,regular,2026-07-27T11:26:39.508386
2026-07-27,,wrocław,Vaiana,Wrocław - Korona,17:00,ScreenX,original,regular,2026-07-27T11:26:39.508396
2026-07-27,,wrocław,Backrooms. Bez wyjścia,Wrocław - Korona,17:20,2D,original,regular,2026-07-27T11:26:39.508408
2026-07-27,,wrocław,Toy Story 5,Wrocław - Korona,17:30,2D,original,regular,2026-07-27T11:26:39.508421
2026-07-27,,wrocław,Odyseja,Wrocław - Korona,18:00,2D,original,regular,2026-07-27T11:26:39.508432
2026-07-27,,wrocław,Vaiana,Wrocław - Korona,18:10,2D,original,regular,2026-07-27T11:26:39.508443
2026-07-27,,wrocław,Minionki i straszydła,Wrocław - Korona,18:40,2D,,regular,2026-07-27T11:26:39.508454
2026-07-27,,wrocław,Odyseja,Wrocław - Korona,19:00,2D,original,regular,2026-07-27T11:26:39.508465
2026-07-27,,wrocław,Odyseja,Wrocław - Korona,19:30,2D,original,regular,2026-07-27T11:26:39.508475
2026-07-27,,wrocław,Vaiana,Wrocław - Korona,19:40,ScreenX,original,regular,2026-07-27T11:26:39.508485
2026-07-27,,wrocław,Requiem dla snu,Wrocław - Korona,19:40,2D,original,regular,2026-07-27T11:26:39.508495
2026-07-27,,wrocław,Obsesja,Wrocław - Korona,19:50,2D,original,regular,2026-07-27T11:26:39.508506
2026-07-27,,wrocław,Martwe zło: Ogień,Wrocław - Korona,20:00,2D,original,regular,2026-07-27T11:26:39.508517
2026-07-27,,wrocław,Zaproszenie,Wrocław - Korona,20:45,2D,original,regular,2026-07-27T11:26:39.508528
2026-07-27,,wrocław,Odyseja,Wrocław - Korona,20:50,2D,original,regular,2026-07-27T11:26:39.508538
2026-07-27,,wrocław,Odyseja,Wrocław - Korona,21:45,2D,original,regular,2026-07-27T11:26:39.508549
2026-07-27,,wrocław,Backrooms. Bez wyjścia,Wrocław - Korona,22:00,2D,original,regular,2026-07-27T11:26:39.508560
2026-07-27,,wrocław,Obsesja,Wrocław - Korona,22:15,2D,original,regular,2026-07-27T11:26:39.508570
2026-07-27,,wrocław,Vaiana,Wrocław - Korona,22:20,ScreenX,original,regular,2026-07-27T11:26:39.508580
2026-07-27,,wrocław,Straszny film,Wrocław - Korona,22:30,2D,original,regular,2026-07-27T11:26:39.508593
2026-07-27,,wrocław,Martwe zło: Ogień,Wrocław - Korona,22:30,2D,original,regular,2026-07-27T11:26:39.508603
2026-07-27,,wrocław,Odyseja ukraiński dubbing,Wrocław - Wroclavia,13:20,2D,dubbing,regular,2026-07-27T11:26:41.649102
2026-07-27,,wrocław,Toy Story 5,Wrocław - Wroclavia,13:40,2D,original,regular,2026-07-27T11:26:41.649128
2026-07-27,,wrocław,Odyseja,Wrocław - Wroclavia,13:45,4DX,original,regular,2026-07-27T11:26:41.649138
2026-07-27,,wrocław,Vaiana,Wrocław - Wroclavia,13:50,2D,original,regular,2026-07-27T11:26:41.649149
2026-07-27,,wrocław,Backrooms. Bez wyjścia,Wrocław - Wroclavia,14:00,2D,original,regular,2026-07-27T11:26:41.649161
2026-07-27,,wrocław,Zaproszenie,Wrocław - Wroclavia,14:00,2D,original,regular,2026-07-27T11:26:41.649191
2026-07-27,,wrocław,Minionki i straszydła,Wrocław - Wroclavia,14:00,2D,,regular,2026-07-27T11:26:41.649202
2026-07-27,,wrocław,Odyseja,Wrocław - Wroclavia,14:00,2D,original,regular,2026-07-27T11:26:41.649212
2026-07-27,,wrocław,Takie jest życie,Wrocław - Wroclavia,14:10,2D,original,regular,2026-07-27T11:26:41.649223
2026-07-27,,wrocław,Odyseja,Wrocław - Wroclavia,14:15,IMAX,original,regular,2026-07-27T11:26:41.649230
2026-07-27,,wrocław,Minionki i straszydła,Wrocław - Wroclavia,14:50,2D,,regular,2026-07-27T11:26:41.649239
2026-07-27,,wrocław,Odyseja,Wrocław - Wroclavia,15:15,2D,original,regular,2026-07-27T11:26:41.649248
2026-07-27,,wrocław,Ekipa zwierzaków,Wrocław - Wroclavia,15:20,2D,,regular,2026-07-27T11:26:41.649259
2026-07-27,,wrocław,Martwe zło: Ogień,Wrocław - Wroclavia,15:30,2D,original,regular,2026-07-27T11:26:41.649269
2026-07-27,,wrocław,Minionki i straszydła,Wrocław - Wroclavia,15:30,2D,,regular,2026-07-27T11:26:41.649279
2026-07-27,,wrocław,Toy Story 5,Wrocław - Wroclavia,15:30,2D,original,regular,2026-07-27T11:26:41.649290
2026-07-27,,wrocław,Zakładnicy w szkole,Wrocław - Wroclavia,15:50,2D,original,regular,2026-07-27T11:26:41.649302
2026-07-27,,wrocław,Odyseja,Wrocław - Wroclavia,16:00,2D,original,regular,2026-07-27T11:26:41.649312
2026-07-27,,wrocław,Toy Story 5,Wrocław - Wroclavia,16:00,2D,original,regular,2026-07-27T11:26:41.649322
2026-07-27,,wrocław,Minionki i straszydła,Wrocław - Wroclavia,16:10,2D,,regular,2026-07-27T11:26:41.649331
2026-07-27,,wrocław,Odyseja,Wrocław - Wroclavia,16:15,2D,original,regular,2026-07-27T11:26:41.649341
2026-07-27,,wrocław,Ghost in the Shell,Wrocław - Wroclavia,16:20,2D,original,regular,2026-07-27T11:26:41.649352
2026-07-27,,wrocław,Backrooms. Bez wyjścia,Wrocław - Wroclavia,16:30,2D,original,regular,2026-07-27T11:26:41.649362
2026-07-27,,wrocław,Vaiana,Wrocław - Wroclavia,16:30,2D,original,regular,2026-07-27T11:26:41.649372
2026-07-27,,wrocław,Zaproszenie,Wrocław - Wroclavia,16:30,2D,original,regular,2026-07-27T11:26:41.649381
2026-07-27,,wrocław,Takie jest życie,Wrocław - Wroclavia,16:50,2D,original,regular,2026-07-27T11:26:41.649392
2026-07-27,,wrocław,Odyseja ukraiński dubbing,Wrocław - Wroclavia,17:00,2D,dubbing,regular,2026-07-27T11:26:41.649401
2026-07-27,,wrocław,Minionki i straszydła,Wrocław - Wroclavia,17:00,2D,,regular,2026-07-27T11:26:41.649411
2026-07-27,,wrocław,Ekipa zwierzaków,Wrocław - Wroclavia,17:30,2D,,regular,2026-07-27T11:26:41.649420
2026-07-27,,wrocław,Odyseja,Wrocław - Wroclavia,17:30,4DX,original,regular,2026-07-27T11:26:41.649428
2026-07-27,,wrocław,Odyseja,Wrocław - Wroclavia,17:40,2D,original,regular,2026-07-27T11:26:41.649438
2026-07-27,,wrocław,Odyseja,Wrocław - Wroclavia,17:45,2D,original,regular,2026-07-27T11:26:41.649447
2026-07-27,,wrocław,Odyseja,Wrocław - Wroclavia,18:00,IMAX,original,regular,2026-07-27T11:26:41.649454
2026-07-27,,wrocław,Ghost in the Shell,Wrocław - Wroclavia,18:00,2D,original,regular,2026-07-27T11:26:41.649464
2026-07-27,,wrocław,Backrooms. Bez wyjścia,Wrocław - Wroclavia,18:00,2D,original,regular,2026-07-27T11:26:41.649473
2026-07-27,,wrocław,Toy Story 5,Wrocław - Wroclavia,18:20,2D,original,regular,2026-07-27T11:26:41.649484
2026-07-27,,wrocław,Zakładnicy w szkole,Wrocław - Wroclavia,18:30,2D,original,regular,2026-07-27T11:26:41.649494
2026-07-27,,wrocław,Obsesja,Wrocław - Wroclavia,18:30,2D,original,regular,2026-07-27T11:26:41.649504
2026-07-27,,wrocław,Dzień objawienia,Wrocław - Wroclavia,18:30,2D,original,regular,2026-07-27T11:26:41.649515
2026-07-27,,wrocław,Backrooms. Bez wyjścia,Wrocław - Wroclavia,19:00,2D,original,regular,2026-07-27T11:26:41.649524
2026-07-27,,wrocław,Odyseja,Wrocław - Wroclavia,19:00,2D,original,regular,2026-07-27T11:26:41.649534
2026-07-27,,wrocław,Zaproszenie,Wrocław - Wroclavia,19:00,2D,original,regular,2026-07-27T11:26:41.649543
2026-07-27,,wrocław,Minionki i straszydła,Wrocław - Wroclavia,19:10,2D,,regular,2026-07-27T11:26:41.649552
2026-07-27,,wrocław,Requiem dla snu,Wrocław - Wroclavia,19:15,2D,original,regular,2026-07-27T11:26:41.649561
2026-07-27,,wrocław,Robin Hood: Koniec legendy,Wrocław - Wroclavia,19:30,2D,original,regular,2026-07-27T11:26:41.649571
2026-07-27,,wrocław,Odyseja,Wrocław - Wroclavia,19:30,2D,original,regular,2026-07-27T11:26:41.649581
2026-07-27,,wrocław,Jej piekło,Wrocław - Wroclavia,19:40,2D,original,regular,2026-07-27T11:26:41.649592
2026-07-27,,wrocław,Ghost in the Shell,Wrocław - Wroclavia,20:00,2D,original,regular,2026-07-27T11:26:41.649602
2026-07-27,,wrocław,Odyseja,Wrocław - Wroclavia,20:00,2D,original,regular,2026-07-27T11:26:41.649612
2026-07-27,,wrocław,Backrooms. Bez wyjścia,Wrocław - Wroclavia,20:30,2D,original,regular,2026-07-27T11:26:41.649621
2026-07-27,,wrocław,Odyseja ukraiński dubbing,Wrocław - Wroclavia,20:40,2D,dubbing,regular,2026-07-27T11:26:41.649630
2026-07-27,,wrocław,Odyseja,Wrocław - Wroclavia,20:45,2D,original,regular,2026-07-27T11:26:41.649640
2026-07-27,,wrocław,Obsesja,Wrocław - Wroclavia,21:00,2D,original,regular,2026-07-27T11:26:41.649649
2026-07-27,,wrocław,Vaiana,Wrocław - Wroclavia,21:10,2D,original,regular,2026-07-27T11:26:41.649659
2026-07-27,,wrocław,Odyseja,Wrocław - Wroclavia,21:15,4DX,original,regular,2026-07-27T11:26:41.649666
2026-07-27,,wrocław,Odyseja,Wrocław - Wroclavia,21:20,2D,original,regular,2026-07-27T11:26:41.649676
2026-07-27,,wrocław,Backrooms. Bez wyjścia,Wrocław - Wroclavia,21:20,2D,original,regular,2026-07-27T11:26:41.649686
2026-07-27,,wrocław,Odyseja,Wrocław - Wroclavia,21:30,2D,original,regular,2026-07-27T11:26:41.649695
2026-07-27,,wrocław,Straszny film,Wrocław - Wroclavia,21:30,2D,original,regular,2026-07-27T11:26:41.649706
2026-07-27,,wrocław,Dzień objawienia,Wrocław - Wroclavia,21:35,2D,original,regular,2026-07-27T11:26:41.649725
2026-07-27,,wrocław,Odyseja,Wrocław - Wroclavia,21:45,IMAX,original,regular,2026-07-27T11:26:41.649731
2026-07-27,,wrocław,Zaproszenie,Wrocław - Wroclavia,21:45,2D,original,regular,2026-07-27T11:26:41.649740
2026-07-27,,wrocław,Martwe zło: Ogień,Wrocław - Wroclavia,22:00,2D,original,regular,2026-07-27T11:26:41.649749
2026-07-27,,wrocław,Robin Hood: Koniec legendy,Wrocław - Wroclavia,22:10,2D,original,regular,2026-07-27T11:26:41.649759
2026-07-27,,wrocław,Jej piekło,Wrocław - Wroclavia,22:10,2D,original,regular,2026-07-27T11:26:41.649769
2026-07-27,,wrocław,Backrooms. Bez wyjścia,Wrocław - Wroclavia,22:30,2D,original,regular,2026-07-27T11:26:41.649779
2026-07-27,,zielona-góra,Zaproszenie,Zielona Góra,13:20,2D,original,regular,2026-07-27T11:26:43.065916
2026-07-27,,zielona-góra,Minionki i straszydła,Zielona Góra,13:30,2D,,regular,2026-07-27T11:26:43.065945
2026-07-27,,zielona-góra,Odyseja,Zielona Góra,13:45,2D,original,regular,2026-07-27T11:26:43.065961
2026-07-27,,zielona-góra,Backrooms. Bez wyjścia,Zielona Góra,13:50,2D,original,regular,2026-07-27T11:26:43.065974
2026-07-27,,zielona-góra,Ekipa zwierzaków,Zielona Góra,14:20,2D,,regular,2026-07-27T11:26:43.065987
2026-07-27,,zielona-góra,Minionki i straszydła,Zielona Góra,14:50,2D,,regular,2026-07-27T11:26:43.065999
2026-07-27,,zielona-góra,Odyseja,Zielona Góra,15:15,2D,original,regular,2026-07-27T11:26:43.066010
2026-07-27,,zielona-góra,Vaiana,Zielona Góra,15:20,2D,original,regular,2026-07-27T11:26:43.066023
2026-07-27,,zielona-góra,Toy Story 5,Zielona Góra,15:30,2D,original,regular,2026-07-27T11:26:43.066037
2026-07-27,,zielona-góra,Minionki i straszydła,Zielona Góra,15:40,2D,,regular,2026-07-27T11:26:43.066048
2026-07-27,,zielona-góra,Backrooms. Bez wyjścia,Zielona Góra,15:50,2D,original,regular,2026-07-27T11:26:43.066060
2026-07-27,,zielona-góra,Martwe zło: Ogień,Zielona Góra,16:20,2D,original,regular,2026-07-27T11:26:43.066072
2026-07-27,,zielona-góra,Ekipa zwierzaków,Zielona Góra,16:30,2D,,regular,2026-07-27T11:26:43.066083
2026-07-27,,zielona-góra,Zakładnicy w szkole,Zielona Góra,17:00,2D,original,regular,2026-07-27T11:26:43.066097
2026-07-27,,zielona-góra,Odyseja,Zielona Góra,17:30,2D,original,regular,2026-07-27T11:26:43.066109
2026-07-27,,zielona-góra,Obsesja,Zielona Góra,17:50,2D,original,regular,2026-07-27T11:26:43.066120
2026-07-27,,zielona-góra,Ghost in the Shell,Zielona Góra,18:00,2D,original,regular,2026-07-27T11:26:43.066133
2026-07-27,,zielona-góra,Vaiana,Zielona Góra,18:00,2D,original,regular,2026-07-27T11:26:43.066145
2026-07-27,,zielona-góra,Backrooms. Bez wyjścia,Zielona Góra,18:20,2D,original,regular,2026-07-27T11:26:43.066157
2026-07-27,,zielona-góra,Zaproszenie,Zielona Góra,18:40,2D,original,regular,2026-07-27T11:26:43.066190
2026-07-27,,zielona-góra,Martwe zło: Ogień,Zielona Góra,18:50,2D,original,regular,2026-07-27T11:26:43.066204
2026-07-27,,zielona-góra,Odyseja,Zielona Góra,19:00,2D,original,regular,2026-07-27T11:26:43.066216
2026-07-27,,zielona-góra,Requiem dla snu,Zielona Góra,19:45,2D,original,regular,2026-07-27T11:26:43.066228
2026-07-27,,zielona-góra,Jej piekło,Zielona Góra,20:10,2D,original,regular,2026-07-27T11:26:43.066241
2026-07-27,,zielona-góra,Obsesja,Zielona Góra,20:20,2D,original,regular,2026-07-27T11:26:43.066252
2026-07-27,,zielona-góra,Vaiana,Zielona Góra,20:40,2D,original,regular,2026-07-27T11:26:43.066264
2026-07-27,,zielona-góra,Odyseja,Zielona Góra,20:50,2D,original,regular,2026-07-27T11:26:43.066275
2026-07-27,,zielona-góra,Zaproszenie,Zielona Góra,21:10,2D,original,regular,2026-07-27T11:26:43.066286
2026-07-27,,zielona-góra,Odyseja,Zielona Góra,21:20,2D,original,regular,2026-07-27T11:26:43.066298
2026-07-27,,zielona-góra,Martwe zło: Ogień,Zielona Góra,21:20,2D,original,regular,2026-07-27T11:26:43.066309
2026-07-27,,zielona-góra,Backrooms. Bez wyjścia,Zielona Góra,22:10,2D,original,regular,2026-07-27T11:26:43.066320
